id,element_id,element_type,country,unit_type,reason,keywords,details,timestamp,url,lat,lon
way/399732661,399732661,way,Fiji,plant,Missing source tag,none,"tags: {'landuse': 'industrial', 'name': 'EFL NCC', 'operator': 'Energy Fiji Limited', 'power': 'plant'}",2026-07-01 00:54:56.689612,https://www.openstreetmap.org/way/399732661,-17.68168686544873,177.4310176569308
way/505952740,505952740,way,Fiji,plant,Capacity placeholder value,yes,Tag 'plant:output:electricity' contains placeholder value 'yes' instead of actual capacity,2026-07-01 00:54:56.689959,https://www.openstreetmap.org/way/505952740,-18.112476396668786,178.47944314100914
way/516293551,516293551,way,Fiji,plant,Missing source tag,none,"tags: {'landuse': 'industrial', 'name': 'Deuba Powerstation', 'power': 'plant'}",2026-07-01 00:54:56.690199,https://www.openstreetmap.org/way/516293551,-18.237957447385572,178.09285814962095
way/772283325,772283325,way,Fiji,plant,Missing source tag,none,"tags: {'landuse': 'industrial', 'name': 'Sigatoka EFL Power Station', 'power': 'plant'}",2026-07-01 00:54:56.690650,https://www.openstreetmap.org/way/772283325,-18.149720734723946,177.4985755047258
way/1013515023,1013515023,way,Fiji,plant,Capacity placeholder value,yes,Tag 'plant:output:electricity' contains placeholder value 'yes' instead of actual capacity,2026-07-01 00:54:56.690838,https://www.openstreetmap.org/way/1013515023,-17.809007838993995,178.72229339197654
way/1049498759,1049498759,way,Fiji,plant,Missing source tag,none,"tags: {'landuse': 'industrial', 'name': 'Korowere Powerstation', 'power': 'plant'}",2026-07-01 00:54:56.693364,https://www.openstreetmap.org/way/1049498759,-17.50714453231649,177.8555884342131
way/1271067289,1271067289,way,Fiji,plant,Capacity placeholder value,yes,Tag 'plant:output:electricity' contains placeholder value 'yes' instead of actual capacity,2026-07-01 00:54:56.693545,https://www.openstreetmap.org/way/1271067289,-16.643890148558246,179.81497145278914
way/1361264077,1361264077,way,Fiji,plant,Capacity placeholder value,yes,Tag 'plant:output:electricity' contains placeholder value 'yes' instead of actual capacity,2026-07-01 00:54:56.693734,https://www.openstreetmap.org/way/1361264077,-17.62232985012622,177.4360249809167
way/1361266109,1361266109,way,Fiji,plant,Missing source tag,none,"tags: {'landuse': 'industrial', 'name': 'Pineapple Corner EFL 33kV Substation', 'operator': 'EFL', 'plant:output:electricity': 'yes', 'power': 'plant'}",2026-07-01 00:54:56.693909,https://www.openstreetmap.org/way/1361266109,-17.62273718051107,177.4357418179452
way/1361278651,1361278651,way,Fiji,plant,Missing source tag,none,"tags: {'landuse': 'industrial', 'name': 'Nasoso EFL 33kV Substation', 'operator': 'Energy Fiji Limited', 'power': 'plant'}",2026-07-01 00:54:56.694296,https://www.openstreetmap.org/way/1361278651,-17.743148631467307,177.45631938280343
way/1387136380,1387136380,way,Fiji,plant,Capacity placeholder value,yes,Tag 'plant:output:electricity' contains placeholder value 'yes' instead of actual capacity,2026-07-01 00:54:56.694477,https://www.openstreetmap.org/way/1387136380,-18.24315110045205,-178.80258378315546
way/1462475680,1462475680,way,Fiji,plant,Capacity placeholder value,yes,Tag 'plant:output:electricity' contains placeholder value 'yes' instead of actual capacity,2026-07-01 00:54:56.694704,https://www.openstreetmap.org/way/1462475680,-16.415861183402708,179.3809139160198
node/4234617732,4234617732,node,Fiji,plant,Missing source tag,none,tags: {'power': 'plant'},2026-07-01 00:54:56.694764,https://www.openstreetmap.org/node/4234617732,-17.7047928,177.2257187
way/777119283,777119283,way,Cook Islands,plant,Capacity placeholder value,yes,Tag 'plant:output:electricity' contains placeholder value 'yes' instead of actual capacity,2026-07-01 00:58:01.156031,https://www.openstreetmap.org/way/777119283,-21.199066335422046,-159.79656991894225
way/777119300,777119300,way,Cook Islands,plant,Capacity placeholder value,yes,Tag 'plant:output:electricity' contains placeholder value 'yes' instead of actual capacity,2026-07-01 00:58:01.156223,https://www.openstreetmap.org/way/777119300,-21.19923373823414,-159.79484020595277
way/879303193,879303193,way,Cook Islands,plant,Capacity placeholder value,yes,Tag 'plant:output:electricity' contains placeholder value 'yes' instead of actual capacity,2026-07-01 00:58:01.156480,https://www.openstreetmap.org/way/879303193,-21.20114763684168,-159.80018189012986
way/931720012,931720012,way,Cook Islands,plant,Capacity placeholder value,yes,Tag 'plant:output:electricity' contains placeholder value 'yes' instead of actual capacity,2026-07-01 00:58:01.156646,https://www.openstreetmap.org/way/931720012,-20.158085366188114,-157.34154939914666
way/931720013,931720013,way,Cook Islands,plant,Capacity placeholder value,yes,Tag 'plant:output:electricity' contains placeholder value 'yes' instead of actual capacity,2026-07-01 00:58:01.156810,https://www.openstreetmap.org/way/931720013,-20.158257399999997,-157.34127469999999
way/931911456,931911456,way,Cook Islands,plant,Capacity placeholder value,yes,Tag 'plant:output:electricity' contains placeholder value 'yes' instead of actual capacity,2026-07-01 00:58:01.156994,https://www.openstreetmap.org/way/931911456,-10.853489100686913,-165.83782168420507
way/931952203,931952203,way,Cook Islands,plant,Capacity placeholder value,yes,Tag 'plant:output:electricity' contains placeholder value 'yes' instead of actual capacity,2026-07-01 00:58:01.157156,https://www.openstreetmap.org/way/931952203,-10.409057090605394,-161.0312255253186
way/931952213,931952213,way,Cook Islands,plant,Capacity placeholder value,yes,Tag 'plant:output:electricity' contains placeholder value 'yes' instead of actual capacity,2026-07-01 00:58:01.157372,https://www.openstreetmap.org/way/931952213,-10.371315690238209,-161.00725761327766
way/1055526929,1055526929,way,Cook Islands,plant,Capacity placeholder value,yes,Tag 'plant:output:electricity' contains placeholder value 'yes' instead of actual capacity,2026-07-01 00:58:01.157556,https://www.openstreetmap.org/way/1055526929,-21.915665642452748,-157.95154954086524
way/1375771475,1375771475,way,Marshall Islands,plant,Capacity placeholder value,yes,Tag 'plant:output:electricity' contains placeholder value 'yes' instead of actual capacity,2026-07-01 01:00:33.410644,https://www.openstreetmap.org/way/1375771475,8.72449476059949,167.73685113060537
node/2295500482,2295500482,node,Australia,generator,Capacity regex no match,225 kW,Tag 'generator:output:electricity' has value '225 kW' which could not be parsed,2026-07-01 01:01:58.817899,https://www.openstreetmap.org/node/2295500482,-33.876165,121.7621385
node/2295500483,2295500483,node,Australia,generator,Capacity regex no match,225 kW,Tag 'generator:output:electricity' has value '225 kW' which could not be parsed,2026-07-01 01:01:58.818042,https://www.openstreetmap.org/node/2295500483,-33.8779846,121.7666575
node/2295500481,2295500481,node,Australia,generator,Capacity regex no match,225 kW,Tag 'generator:output:electricity' has value '225 kW' which could not be parsed,2026-07-01 01:01:58.818068,https://www.openstreetmap.org/node/2295500481,-33.8757122,121.7596166
node/2295500486,2295500486,node,Australia,generator,Capacity regex no match,225 kW,Tag 'generator:output:electricity' has value '225 kW' which could not be parsed,2026-07-01 01:01:58.818091,https://www.openstreetmap.org/node/2295500486,-33.8810049,121.7690857
node/2295500487,2295500487,node,Australia,generator,Capacity regex no match,225 kW,Tag 'generator:output:electricity' has value '225 kW' which could not be parsed,2026-07-01 01:01:58.818112,https://www.openstreetmap.org/node/2295500487,-33.881031,121.7741466
node/2295500484,2295500484,node,Australia,generator,Capacity regex no match,225 kW,Tag 'generator:output:electricity' has value '225 kW' which could not be parsed,2026-07-01 01:01:58.818133,https://www.openstreetmap.org/node/2295500484,-33.8781311,121.7631718
node/2295500485,2295500485,node,Australia,generator,Capacity regex no match,225 kW,Tag 'generator:output:electricity' has value '225 kW' which could not be parsed,2026-07-01 01:01:58.818154,https://www.openstreetmap.org/node/2295500485,-33.8794332,121.768873
node/2295500488,2295500488,node,Australia,generator,Capacity regex no match,225 kW,Tag 'generator:output:electricity' has value '225 kW' which could not be parsed,2026-07-01 01:01:58.818177,https://www.openstreetmap.org/node/2295500488,-33.8832666,121.770985
node/2295500489,2295500489,node,Australia,generator,Capacity regex no match,225 kW,Tag 'generator:output:electricity' has value '225 kW' which could not be parsed,2026-07-01 01:01:58.818199,https://www.openstreetmap.org/node/2295500489,-33.884429,121.7735736
node/1391141350,1391141350,node,Australia,generator,Capacity regex no match,850 kW,Tag 'generator:output:electricity' has value '850 kW' which could not be parsed,2026-07-01 01:01:58.866569,https://www.openstreetmap.org/node/1391141350,-39.9513036,143.8954608
node/1391141316,1391141316,node,Australia,generator,Capacity regex no match,250 kW,Tag 'generator:output:electricity' has value '250 kW' which could not be parsed,2026-07-01 01:01:58.866638,https://www.openstreetmap.org/node/1391141316,-39.9427382,143.893536
node/1391141339,1391141339,node,Australia,generator,Capacity regex no match,850 kW,Tag 'generator:output:electricity' has value '850 kW' which could not be parsed,2026-07-01 01:01:58.866698,https://www.openstreetmap.org/node/1391141339,-39.9468065,143.8889922
node/1391141330,1391141330,node,Australia,generator,Capacity regex no match,250 kW,Tag 'generator:output:electricity' has value '250 kW' which could not be parsed,2026-07-01 01:01:58.866753,https://www.openstreetmap.org/node/1391141330,-39.9453525,143.8922407
node/1391141309,1391141309,node,Australia,generator,Capacity regex no match,250 kW,Tag 'generator:output:electricity' has value '250 kW' which could not be parsed,2026-07-01 01:01:58.866807,https://www.openstreetmap.org/node/1391141309,-39.9413418,143.8910101
node/1784396281,1784396281,node,Australia,generator,Missing output tag,none,"tags: {'generator:method': 'wind_turbine', 'generator:source': 'wind', 'power': 'generator', 'source': 'Esri World Imagery'}",2026-07-01 01:01:58.909028,https://www.openstreetmap.org/node/1784396281,-37.710978,140.3686665
node/1784396282,1784396282,node,Australia,generator,Missing output tag,none,"tags: {'generator:method': 'wind_turbine', 'generator:source': 'wind', 'power': 'generator', 'source': 'Esri World Imagery'}",2026-07-01 01:01:58.909103,https://www.openstreetmap.org/node/1784396282,-37.7128553,140.3686203
node/1784396283,1784396283,node,Australia,generator,Missing output tag,none,"tags: {'generator:method': 'wind_turbine', 'generator:source': 'wind', 'power': 'generator', 'source': 'Esri World Imagery'}",2026-07-01 01:01:58.909171,https://www.openstreetmap.org/node/1784396283,-37.7143668,140.3700687
node/1784396284,1784396284,node,Australia,generator,Missing output tag,none,"tags: {'generator:method': 'wind_turbine', 'generator:source': 'wind', 'power': 'generator', 'source': 'Esri World Imagery'}",2026-07-01 01:01:58.909255,https://www.openstreetmap.org/node/1784396284,-37.7145984,140.3763092
node/1784396285,1784396285,node,Australia,generator,Missing output tag,none,"tags: {'generator:method': 'wind_turbine', 'generator:source': 'wind', 'power': 'generator', 'source': 'Esri World Imagery'}",2026-07-01 01:01:58.909323,https://www.openstreetmap.org/node/1784396285,-37.7171093,140.3725803
node/1784396286,1784396286,node,Australia,generator,Missing output tag,none,"tags: {'generator:method': 'wind_turbine', 'generator:source': 'wind', 'power': 'generator', 'source': 'Esri World Imagery'}",2026-07-01 01:01:58.909391,https://www.openstreetmap.org/node/1784396286,-37.7188157,140.3737514
node/1784396288,1784396288,node,Australia,generator,Missing output tag,none,"tags: {'generator:method': 'wind_turbine', 'generator:source': 'wind', 'power': 'generator', 'source': 'Esri World Imagery'}",2026-07-01 01:01:58.909458,https://www.openstreetmap.org/node/1784396288,-37.7235082,140.3753077
node/1784396287,1784396287,node,Australia,generator,Missing output tag,none,"tags: {'generator:method': 'wind_turbine', 'generator:source': 'wind', 'power': 'generator', 'source': 'Esri World Imagery'}",2026-07-01 01:01:58.909526,https://www.openstreetmap.org/node/1784396287,-37.7217897,140.3747222
node/1784396289,1784396289,node,Australia,generator,Missing output tag,none,"tags: {'generator:method': 'wind_turbine', 'generator:source': 'wind', 'power': 'generator', 'source': 'Esri World Imagery'}",2026-07-01 01:01:58.909593,https://www.openstreetmap.org/node/1784396289,-37.7253364,140.3778039
node/1784396292,1784396292,node,Australia,generator,Missing output tag,none,"tags: {'generator:method': 'wind_turbine', 'generator:source': 'wind', 'power': 'generator', 'source': 'Esri World Imagery'}",2026-07-01 01:01:58.909659,https://www.openstreetmap.org/node/1784396292,-37.7287854,140.3779272
node/1784396291,1784396291,node,Australia,generator,Missing output tag,none,"tags: {'generator:method': 'wind_turbine', 'generator:source': 'wind', 'power': 'generator', 'source': 'Esri World Imagery'}",2026-07-01 01:01:58.909724,https://www.openstreetmap.org/node/1784396291,-37.7267989,140.3793448
node/1784396296,1784396296,node,Australia,generator,Missing output tag,none,"tags: {'generator:method': 'wind_turbine', 'generator:source': 'wind', 'power': 'generator', 'source': 'Esri World Imagery'}",2026-07-01 01:01:58.909791,https://www.openstreetmap.org/node/1784396296,-37.7323928,140.3797707
node/1784396297,1784396297,node,Australia,generator,Missing output tag,none,"tags: {'generator:method': 'wind_turbine', 'generator:source': 'wind', 'power': 'generator', 'source': 'Esri World Imagery'}",2026-07-01 01:01:58.909857,https://www.openstreetmap.org/node/1784396297,-37.7350105,140.3810379
node/1784396295,1784396295,node,Australia,generator,Missing output tag,none,"tags: {'generator:method': 'wind_turbine', 'generator:source': 'wind', 'power': 'generator', 'source': 'Esri World Imagery'}",2026-07-01 01:01:58.909923,https://www.openstreetmap.org/node/1784396295,-37.7319619,140.3853928
node/1784396293,1784396293,node,Australia,generator,Missing output tag,none,"tags: {'generator:method': 'wind_turbine', 'generator:source': 'wind', 'power': 'generator', 'source': 'Esri World Imagery'}",2026-07-01 01:01:58.909989,https://www.openstreetmap.org/node/1784396293,-37.7301437,140.3877899
node/1784396294,1784396294,node,Australia,generator,Missing output tag,none,"tags: {'generator:method': 'wind_turbine', 'generator:source': 'wind', 'power': 'generator', 'source': 'Esri World Imagery'}",2026-07-01 01:01:58.910055,https://www.openstreetmap.org/node/1784396294,-37.7316565,140.3900118
node/1784396290,1784396290,node,Australia,generator,Missing output tag,none,"tags: {'generator:method': 'wind_turbine', 'generator:source': 'wind', 'power': 'generator', 'source': 'Esri World Imagery'}",2026-07-01 01:01:58.910120,https://www.openstreetmap.org/node/1784396290,-37.7256539,140.4016164
node/1880190337,1880190337,node,Australia,generator,Missing output tag,none,"tags: {'generator:method': 'wind_turbine', 'generator:source': 'wind', 'power': 'generator', 'source': 'Esri World Imagery'}",2026-07-01 01:01:58.910186,https://www.openstreetmap.org/node/1880190337,-37.7296616,140.4028217
node/1880190338,1880190338,node,Australia,generator,Missing output tag,none,"tags: {'generator:method': 'wind_turbine', 'generator:source': 'wind', 'power': 'generator', 'source': 'Esri World Imagery'}",2026-07-01 01:01:58.910268,https://www.openstreetmap.org/node/1880190338,-37.7328896,140.4043238
node/1784396280,1784396280,node,Australia,generator,Missing output tag,none,"tags: {'generator:method': 'wind_turbine', 'generator:source': 'wind', 'power': 'generator', 'source': 'Esri World Imagery'}",2026-07-01 01:01:58.910336,https://www.openstreetmap.org/node/1784396280,-37.7104783,140.3654615
node/1784396301,1784396301,node,Australia,generator,Missing output tag,none,"tags: {'generator:method': 'wind_turbine', 'generator:source': 'wind', 'power': 'generator', 'source': 'Esri World Imagery'}",2026-07-01 01:01:58.910403,https://www.openstreetmap.org/node/1784396301,-37.7371511,140.3823806
node/1784396299,1784396299,node,Australia,generator,Missing output tag,none,"tags: {'generator:method': 'wind_turbine', 'generator:source': 'wind', 'power': 'generator', 'source': 'Esri World Imagery'}",2026-07-01 01:01:58.910470,https://www.openstreetmap.org/node/1784396299,-37.7366286,140.3874744
node/1784396302,1784396302,node,Australia,generator,Missing output tag,none,"tags: {'generator:method': 'wind_turbine', 'generator:source': 'wind', 'power': 'generator', 'source': 'Esri World Imagery'}",2026-07-01 01:01:58.910536,https://www.openstreetmap.org/node/1784396302,-37.7387859,140.3853218
node/1784396298,1784396298,node,Australia,generator,Missing output tag,none,"tags: {'generator:method': 'wind_turbine', 'generator:source': 'wind', 'power': 'generator', 'source': 'Esri World Imagery'}",2026-07-01 01:01:58.910603,https://www.openstreetmap.org/node/1784396298,-37.7365611,140.3932288
node/1784396300,1784396300,node,Australia,generator,Missing output tag,none,"tags: {'generator:method': 'wind_turbine', 'generator:source': 'wind', 'power': 'generator', 'source': 'Esri World Imagery'}",2026-07-01 01:01:58.910669,https://www.openstreetmap.org/node/1784396300,-37.7369825,140.3980455
node/1784396335,1784396335,node,Australia,generator,Missing output tag,none,"tags: {'generator:method': 'wind_turbine', 'generator:source': 'wind', 'power': 'generator', 'source': 'Esri World Imagery'}",2026-07-01 01:01:58.910740,https://www.openstreetmap.org/node/1784396335,-37.7382972,140.4016474
node/1784396304,1784396304,node,Australia,generator,Missing output tag,none,"tags: {'generator:method': 'wind_turbine', 'generator:source': 'wind', 'power': 'generator', 'source': 'Esri World Imagery'}",2026-07-01 01:01:58.910807,https://www.openstreetmap.org/node/1784396304,-37.7415332,140.3865153
node/1784396306,1784396306,node,Australia,generator,Missing output tag,none,"tags: {'generator:method': 'wind_turbine', 'generator:source': 'wind', 'power': 'generator', 'source': 'Esri World Imagery'}",2026-07-01 01:01:58.910873,https://www.openstreetmap.org/node/1784396306,-37.7444656,140.3879646
node/1784396308,1784396308,node,Australia,generator,Missing output tag,none,"tags: {'generator:method': 'wind_turbine', 'generator:source': 'wind', 'power': 'generator', 'source': 'Esri World Imagery'}",2026-07-01 01:01:58.910939,https://www.openstreetmap.org/node/1784396308,-37.7465385,140.3887744
node/1784396309,1784396309,node,Australia,generator,Missing output tag,none,"tags: {'generator:method': 'wind_turbine', 'generator:source': 'wind', 'power': 'generator', 'source': 'Esri World Imagery'}",2026-07-01 01:01:58.911008,https://www.openstreetmap.org/node/1784396309,-37.7484092,140.3901598
node/1784396311,1784396311,node,Australia,generator,Missing output tag,none,"tags: {'generator:method': 'wind_turbine', 'generator:source': 'wind', 'power': 'generator', 'source': 'Esri World Imagery'}",2026-07-01 01:01:58.911075,https://www.openstreetmap.org/node/1784396311,-37.7508021,140.3928239
node/1784396307,1784396307,node,Australia,generator,Missing output tag,none,"tags: {'generator:method': 'wind_turbine', 'generator:source': 'wind', 'power': 'generator', 'source': 'Esri World Imagery'}",2026-07-01 01:01:58.911141,https://www.openstreetmap.org/node/1784396307,-37.7455948,140.3931009
node/1880190341,1880190341,node,Australia,generator,Missing output tag,none,"tags: {'generator:method': 'wind_turbine', 'generator:source': 'wind', 'power': 'generator', 'source': 'Esri World Imagery'}",2026-07-01 01:01:58.911208,https://www.openstreetmap.org/node/1880190341,-37.7400785,140.4056162
node/1784396303,1784396303,node,Australia,generator,Missing output tag,none,"tags: {'generator:method': 'wind_turbine', 'generator:source': 'wind', 'power': 'generator', 'source': 'Esri World Imagery'}",2026-07-01 01:01:58.911287,https://www.openstreetmap.org/node/1784396303,-37.7411961,140.3943797
node/1784396305,1784396305,node,Australia,generator,Missing output tag,none,"tags: {'generator:method': 'wind_turbine', 'generator:source': 'wind', 'power': 'generator', 'source': 'Esri World Imagery'}",2026-07-01 01:01:58.911354,https://www.openstreetmap.org/node/1784396305,-37.7439938,140.3965749
node/1880190343,1880190343,node,Australia,generator,Missing output tag,none,"tags: {'generator:method': 'wind_turbine', 'generator:source': 'wind', 'power': 'generator', 'source': 'Esri World Imagery'}",2026-07-01 01:01:58.911421,https://www.openstreetmap.org/node/1880190343,-37.7444277,140.4023087
node/1880216539,1880216539,node,Australia,generator,Missing output tag,none,"tags: {'generator:method': 'wind_turbine', 'generator:source': 'wind', 'power': 'generator', 'source': 'Esri World Imagery'}",2026-07-01 01:01:58.911487,https://www.openstreetmap.org/node/1880216539,-37.744407,140.4057704
node/1880190344,1880190344,node,Australia,generator,Missing output tag,none,"tags: {'generator:method': 'wind_turbine', 'generator:source': 'wind', 'power': 'generator', 'source': 'Esri World Imagery'}",2026-07-01 01:01:58.911553,https://www.openstreetmap.org/node/1880190344,-37.7466766,140.4102794
node/1784396312,1784396312,node,Australia,generator,Missing output tag,none,"tags: {'generator:method': 'wind_turbine', 'generator:source': 'wind', 'power': 'generator', 'source': 'Esri World Imagery'}",2026-07-01 01:01:58.911619,https://www.openstreetmap.org/node/1784396312,-37.7512908,140.3981094
node/1784396310,1784396310,node,Australia,generator,Missing output tag,none,"tags: {'generator:method': 'wind_turbine', 'generator:source': 'wind', 'power': 'generator', 'source': 'Esri World Imagery'}",2026-07-01 01:01:58.911685,https://www.openstreetmap.org/node/1784396310,-37.7498753,140.4023933
node/1880190353,1880190353,node,Australia,generator,Missing output tag,none,"tags: {'generator:method': 'wind_turbine', 'generator:source': 'wind', 'power': 'generator', 'source': 'Esri World Imagery'}",2026-07-01 01:01:58.911752,https://www.openstreetmap.org/node/1880190353,-37.7507147,140.4121033
node/1880190354,1880190354,node,Australia,generator,Missing output tag,none,"tags: {'generator:method': 'wind_turbine', 'generator:source': 'wind', 'power': 'generator', 'source': 'Esri World Imagery'}",2026-07-01 01:01:58.911819,https://www.openstreetmap.org/node/1880190354,-37.7524792,140.4144207
node/1784396316,1784396316,node,Australia,generator,Missing output tag,none,"tags: {'generator:method': 'wind_turbine', 'generator:source': 'wind', 'power': 'generator', 'source': 'Esri World Imagery'}",2026-07-01 01:01:58.911885,https://www.openstreetmap.org/node/1784396316,-37.7573403,140.3906926
node/1784396318,1784396318,node,Australia,generator,Missing output tag,none,"tags: {'generator:method': 'wind_turbine', 'generator:source': 'wind', 'power': 'generator', 'source': 'Esri World Imagery'}",2026-07-01 01:01:58.911952,https://www.openstreetmap.org/node/1784396318,-37.7604406,140.3912467
node/1784396321,1784396321,node,Australia,generator,Missing output tag,none,"tags: {'generator:method': 'wind_turbine', 'generator:source': 'wind', 'power': 'generator', 'source': 'Esri World Imagery'}",2026-07-01 01:01:58.912018,https://www.openstreetmap.org/node/1784396321,-37.7648382,140.3934633
node/1784396315,1784396315,node,Australia,generator,Missing output tag,none,"tags: {'generator:method': 'wind_turbine', 'generator:source': 'wind', 'power': 'generator', 'source': 'Esri World Imagery'}",2026-07-01 01:01:58.912084,https://www.openstreetmap.org/node/1784396315,-37.7567337,140.3958716
node/1784396319,1784396319,node,Australia,generator,Missing output tag,none,"tags: {'generator:method': 'wind_turbine', 'generator:source': 'wind', 'power': 'generator', 'source': 'Esri World Imagery'}",2026-07-01 01:01:58.912151,https://www.openstreetmap.org/node/1784396319,-37.7606765,140.3965962
node/1784396320,1784396320,node,Australia,generator,Missing output tag,none,"tags: {'generator:method': 'wind_turbine', 'generator:source': 'wind', 'power': 'generator', 'source': 'Esri World Imagery'}",2026-07-01 01:01:58.912217,https://www.openstreetmap.org/node/1784396320,-37.7625131,140.3983652
node/1784396314,1784396314,node,Australia,generator,Missing output tag,none,"tags: {'generator:method': 'wind_turbine', 'generator:source': 'wind', 'power': 'generator', 'source': 'Esri World Imagery'}",2026-07-01 01:01:58.912295,https://www.openstreetmap.org/node/1784396314,-37.7565652,140.4021802
node/1880190356,1880190356,node,Australia,generator,Missing output tag,none,"tags: {'generator:method': 'wind_turbine', 'generator:source': 'wind', 'power': 'generator', 'source': 'Esri World Imagery'}",2026-07-01 01:01:58.912363,https://www.openstreetmap.org/node/1880190356,-37.7565508,140.4078976
node/1880190357,1880190357,node,Australia,generator,Missing output tag,none,"tags: {'generator:method': 'wind_turbine', 'generator:source': 'wind', 'power': 'generator', 'source': 'Esri World Imagery'}",2026-07-01 01:01:58.912430,https://www.openstreetmap.org/node/1880190357,-37.7590955,140.4155794
node/1784396317,1784396317,node,Australia,generator,Missing output tag,none,"tags: {'generator:method': 'wind_turbine', 'generator:source': 'wind', 'power': 'generator', 'source': 'Esri World Imagery'}",2026-07-01 01:01:58.912496,https://www.openstreetmap.org/node/1784396317,-37.7593286,140.4005604
node/1880190371,1880190371,node,Australia,generator,Missing output tag,none,"tags: {'generator:method': 'wind_turbine', 'generator:source': 'wind', 'power': 'generator', 'source': 'Esri World Imagery'}",2026-07-01 01:01:58.912563,https://www.openstreetmap.org/node/1880190371,-37.7634891,140.4026619
node/1880190358,1880190358,node,Australia,generator,Missing output tag,none,"tags: {'generator:method': 'wind_turbine', 'generator:source': 'wind', 'power': 'generator', 'source': 'Esri World Imagery'}",2026-07-01 01:01:58.912630,https://www.openstreetmap.org/node/1880190358,-37.7625392,140.4108802
node/1784396322,1784396322,node,Australia,generator,Missing output tag,none,"tags: {'generator:method': 'wind_turbine', 'generator:source': 'wind', 'generator:type': 'horizontal_axis', 'power': 'generator', 'source': 'Esri World Imagery'}",2026-07-01 01:01:58.912697,https://www.openstreetmap.org/node/1784396322,-37.7671801,140.3982586
node/1880190373,1880190373,node,Australia,generator,Missing output tag,none,"tags: {'generator:method': 'wind_turbine', 'generator:source': 'wind', 'power': 'generator', 'source': 'Esri World Imagery'}",2026-07-01 01:01:58.912764,https://www.openstreetmap.org/node/1880190373,-37.766288,140.4041425
node/1880190339,1880190339,node,Australia,generator,Missing output tag,none,"tags: {'generator:method': 'wind_turbine', 'generator:source': 'wind', 'power': 'generator', 'source': 'Esri World Imagery'}",2026-07-01 01:01:58.913191,https://www.openstreetmap.org/node/1880190339,-37.7351095,140.4070549
node/1880190359,1880190359,node,Australia,generator,Missing output tag,none,"tags: {'generator:method': 'wind_turbine', 'generator:source': 'wind', 'power': 'generator', 'source': 'Esri World Imagery'}",2026-07-01 01:01:58.913275,https://www.openstreetmap.org/node/1880190359,-37.7626579,140.4184119
node/1880216540,1880216540,node,Australia,generator,Missing output tag,none,"tags: {'generator:method': 'wind_turbine', 'generator:source': 'wind', 'power': 'generator', 'source': 'Esri World Imagery'}",2026-07-01 01:01:58.913346,https://www.openstreetmap.org/node/1880216540,-37.7657904,140.419776
node/1784396323,1784396323,node,Australia,generator,Missing output tag,none,"tags: {'generator:method': 'wind_turbine', 'generator:source': 'wind', 'power': 'generator', 'source': 'Esri World Imagery'}",2026-07-01 01:01:58.913427,https://www.openstreetmap.org/node/1784396323,-37.7691681,140.3953814
node/1784396313,1784396313,node,Australia,generator,Missing output tag,none,"tags: {'generator:method': 'wind_turbine', 'generator:source': 'wind', 'power': 'generator', 'source': 'Esri World Imagery'}",2026-07-01 01:01:58.913496,https://www.openstreetmap.org/node/1784396313,-37.7537174,140.3929944
node/4167599548,4167599548,node,Australia,generator,Capacity regex no match,600 kW,Tag 'generator:output:electricity' has value '600 kW' which could not be parsed,2026-07-01 01:01:59.050112,https://www.openstreetmap.org/node/4167599548,-17.5999346,145.5280759
node/4166621522,4166621522,node,Australia,generator,Capacity regex no match,600 kW,Tag 'generator:output:electricity' has value '600 kW' which could not be parsed,2026-07-01 01:01:59.050145,https://www.openstreetmap.org/node/4166621522,-17.5987771,145.5288615
node/4166621520,4166621520,node,Australia,generator,Capacity regex no match,600 kW,Tag 'generator:output:electricity' has value '600 kW' which could not be parsed,2026-07-01 01:01:59.050169,https://www.openstreetmap.org/node/4166621520,-17.5975543,145.5283958
node/4166621521,4166621521,node,Australia,generator,Capacity regex no match,600 kW,Tag 'generator:output:electricity' has value '600 kW' which could not be parsed,2026-07-01 01:01:59.050189,https://www.openstreetmap.org/node/4166621521,-17.5976123,145.5313936
node/4166621499,4166621499,node,Australia,generator,Capacity regex no match,600 kW,Tag 'generator:output:electricity' has value '600 kW' which could not be parsed,2026-07-01 01:01:59.050210,https://www.openstreetmap.org/node/4166621499,-17.5963267,145.5310264
node/4166621497,4166621497,node,Australia,generator,Capacity regex no match,600 kW,Tag 'generator:output:electricity' has value '600 kW' which could not be parsed,2026-07-01 01:01:59.050250,https://www.openstreetmap.org/node/4166621497,-17.5951259,145.5297631
node/4166621498,4166621498,node,Australia,generator,Capacity regex no match,600 kW,Tag 'generator:output:electricity' has value '600 kW' which could not be parsed,2026-07-01 01:01:59.050273,https://www.openstreetmap.org/node/4166621498,-17.5951824,145.5326563
node/4166621475,4166621475,node,Australia,generator,Capacity regex no match,600 kW,Tag 'generator:output:electricity' has value '600 kW' which could not be parsed,2026-07-01 01:01:59.050292,https://www.openstreetmap.org/node/4166621475,-17.5938968,145.5296892
node/4166621466,4166621466,node,Australia,generator,Capacity regex no match,600 kW,Tag 'generator:output:electricity' has value '600 kW' which could not be parsed,2026-07-01 01:01:59.050311,https://www.openstreetmap.org/node/4166621466,-17.5927535,145.5303841
node/4166621476,4166621476,node,Australia,generator,Capacity regex no match,600 kW,Tag 'generator:output:electricity' has value '600 kW' which could not be parsed,2026-07-01 01:01:59.050330,https://www.openstreetmap.org/node/4166621476,-17.5939729,145.5327576
node/4166621457,4166621457,node,Australia,generator,Capacity regex no match,600 kW,Tag 'generator:output:electricity' has value '600 kW' which could not be parsed,2026-07-01 01:01:59.050347,https://www.openstreetmap.org/node/4166621457,-17.5917667,145.5344245
node/4166621436,4166621436,node,Australia,generator,Capacity regex no match,600 kW,Tag 'generator:output:electricity' has value '600 kW' which could not be parsed,2026-07-01 01:01:59.050367,https://www.openstreetmap.org/node/4166621436,-17.5899709,145.5303942
node/4166621437,4166621437,node,Australia,generator,Capacity regex no match,600 kW,Tag 'generator:output:electricity' has value '600 kW' which could not be parsed,2026-07-01 01:01:59.050386,https://www.openstreetmap.org/node/4166621437,-17.5901919,145.5332254
node/4166621435,4166621435,node,Australia,generator,Capacity regex no match,600 kW,Tag 'generator:output:electricity' has value '600 kW' which could not be parsed,2026-07-01 01:01:59.050404,https://www.openstreetmap.org/node/4166621435,-17.5889499,145.5311186
node/4166621434,4166621434,node,Australia,generator,Capacity regex no match,600 kW,Tag 'generator:output:electricity' has value '600 kW' which could not be parsed,2026-07-01 01:01:59.050422,https://www.openstreetmap.org/node/4166621434,-17.587915,145.5334052
node/4166621415,4166621415,node,Australia,generator,Capacity regex no match,600 kW,Tag 'generator:output:electricity' has value '600 kW' which could not be parsed,2026-07-01 01:01:59.050439,https://www.openstreetmap.org/node/4166621415,-17.5869502,145.5353641
node/4166621385,4166621385,node,Australia,generator,Capacity regex no match,600 kW,Tag 'generator:output:electricity' has value '600 kW' which could not be parsed,2026-07-01 01:01:59.050456,https://www.openstreetmap.org/node/4166621385,-17.5844628,145.5367571
node/4166621365,4166621365,node,Australia,generator,Capacity regex no match,600 kW,Tag 'generator:output:electricity' has value '600 kW' which could not be parsed,2026-07-01 01:01:59.050473,https://www.openstreetmap.org/node/4166621365,-17.5834385,145.5386865
node/4166621452,4166621452,node,Australia,generator,Capacity regex no match,600 kW,Tag 'generator:output:electricity' has value '600 kW' which could not be parsed,2026-07-01 01:01:59.050490,https://www.openstreetmap.org/node/4166621452,-17.591113,145.5299257
node/4166621411,4166621411,node,Australia,generator,Capacity regex no match,600 kW,Tag 'generator:output:electricity' has value '600 kW' which could not be parsed,2026-07-01 01:01:59.050508,https://www.openstreetmap.org/node/4166621411,-17.5857621,145.5359864
node/8808794185,8808794185,node,Australia,generator,Capacity placeholder value,yes,Tag 'generator:output:electricity' contains placeholder value 'yes' instead of actual capacity,2026-07-01 01:01:59.065424,https://www.openstreetmap.org/node/8808794185,-33.4458783,138.8198545
node/8808794184,8808794184,node,Australia,generator,Capacity placeholder value,yes,Tag 'generator:output:electricity' contains placeholder value 'yes' instead of actual capacity,2026-07-01 01:01:59.065446,https://www.openstreetmap.org/node/8808794184,-33.4424854,138.824543
node/8808794183,8808794183,node,Australia,generator,Capacity placeholder value,yes,Tag 'generator:output:electricity' contains placeholder value 'yes' instead of actual capacity,2026-07-01 01:01:59.065462,https://www.openstreetmap.org/node/8808794183,-33.4401487,138.8254013
node/8808794182,8808794182,node,Australia,generator,Capacity placeholder value,yes,Tag 'generator:output:electricity' contains placeholder value 'yes' instead of actual capacity,2026-07-01 01:01:59.065475,https://www.openstreetmap.org/node/8808794182,-33.4350455,138.8290384
node/8808794181,8808794181,node,Australia,generator,Capacity placeholder value,yes,Tag 'generator:output:electricity' contains placeholder value 'yes' instead of actual capacity,2026-07-01 01:01:59.065487,https://www.openstreetmap.org/node/8808794181,-33.4320908,138.8304439
node/8808794180,8808794180,node,Australia,generator,Capacity placeholder value,yes,Tag 'generator:output:electricity' contains placeholder value 'yes' instead of actual capacity,2026-07-01 01:01:59.065498,https://www.openstreetmap.org/node/8808794180,-33.4304165,138.8353041
node/8808794179,8808794179,node,Australia,generator,Capacity placeholder value,yes,Tag 'generator:output:electricity' contains placeholder value 'yes' instead of actual capacity,2026-07-01 01:01:59.065510,https://www.openstreetmap.org/node/8808794179,-33.4318401,138.837246
node/8808794178,8808794178,node,Australia,generator,Capacity placeholder value,yes,Tag 'generator:output:electricity' contains placeholder value 'yes' instead of actual capacity,2026-07-01 01:01:59.065522,https://www.openstreetmap.org/node/8808794178,-33.4277213,138.8385012
node/8808794176,8808794176,node,Australia,generator,Capacity placeholder value,yes,Tag 'generator:output:electricity' contains placeholder value 'yes' instead of actual capacity,2026-07-01 01:01:59.065533,https://www.openstreetmap.org/node/8808794176,-33.4247217,138.8384476
node/8808794177,8808794177,node,Australia,generator,Capacity placeholder value,yes,Tag 'generator:output:electricity' contains placeholder value 'yes' instead of actual capacity,2026-07-01 01:01:59.065545,https://www.openstreetmap.org/node/8808794177,-33.4224562,138.8337913
node/8808794175,8808794175,node,Australia,generator,Capacity placeholder value,yes,Tag 'generator:output:electricity' contains placeholder value 'yes' instead of actual capacity,2026-07-01 01:01:59.065556,https://www.openstreetmap.org/node/8808794175,-33.4226263,138.841559
node/8808794174,8808794174,node,Australia,generator,Capacity placeholder value,yes,Tag 'generator:output:electricity' contains placeholder value 'yes' instead of actual capacity,2026-07-01 01:01:59.065568,https://www.openstreetmap.org/node/8808794174,-33.4206204,138.8405505
node/8808794170,8808794170,node,Australia,generator,Capacity placeholder value,yes,Tag 'generator:output:electricity' contains placeholder value 'yes' instead of actual capacity,2026-07-01 01:01:59.065579,https://www.openstreetmap.org/node/8808794170,-33.4158843,138.839874
node/8808794171,8808794171,node,Australia,generator,Capacity placeholder value,yes,Tag 'generator:output:electricity' contains placeholder value 'yes' instead of actual capacity,2026-07-01 01:01:59.065590,https://www.openstreetmap.org/node/8808794171,-33.4138481,138.8379824
node/8808794172,8808794172,node,Australia,generator,Capacity placeholder value,yes,Tag 'generator:output:electricity' contains placeholder value 'yes' instead of actual capacity,2026-07-01 01:01:59.065601,https://www.openstreetmap.org/node/8808794172,-33.4109659,138.8361537
node/8808794173,8808794173,node,Australia,generator,Capacity placeholder value,yes,Tag 'generator:output:electricity' contains placeholder value 'yes' instead of actual capacity,2026-07-01 01:01:59.065612,https://www.openstreetmap.org/node/8808794173,-33.4076687,138.8327584
node/8808794169,8808794169,node,Australia,generator,Capacity placeholder value,yes,Tag 'generator:output:electricity' contains placeholder value 'yes' instead of actual capacity,2026-07-01 01:01:59.065623,https://www.openstreetmap.org/node/8808794169,-33.4178645,138.8447401
node/8808794168,8808794168,node,Australia,generator,Capacity placeholder value,yes,Tag 'generator:output:electricity' contains placeholder value 'yes' instead of actual capacity,2026-07-01 01:01:59.065635,https://www.openstreetmap.org/node/8808794168,-33.414785,138.8441143
node/8808794167,8808794167,node,Australia,generator,Capacity placeholder value,yes,Tag 'generator:output:electricity' contains placeholder value 'yes' instead of actual capacity,2026-07-01 01:01:59.065646,https://www.openstreetmap.org/node/8808794167,-33.4118536,138.8456461
node/8808794186,8808794186,node,Australia,generator,Capacity placeholder value,yes,Tag 'generator:output:electricity' contains placeholder value 'yes' instead of actual capacity,2026-07-01 01:01:59.065656,https://www.openstreetmap.org/node/8808794186,-33.4107676,138.8529592
node/8808794187,8808794187,node,Australia,generator,Capacity placeholder value,yes,Tag 'generator:output:electricity' contains placeholder value 'yes' instead of actual capacity,2026-07-01 01:01:59.065667,https://www.openstreetmap.org/node/8808794187,-33.4078922,138.8521581
node/8808794166,8808794166,node,Australia,generator,Capacity placeholder value,yes,Tag 'generator:output:electricity' contains placeholder value 'yes' instead of actual capacity,2026-07-01 01:01:59.065678,https://www.openstreetmap.org/node/8808794166,-33.4093899,138.8484574
node/8808794165,8808794165,node,Australia,generator,Capacity placeholder value,yes,Tag 'generator:output:electricity' contains placeholder value 'yes' instead of actual capacity,2026-07-01 01:01:59.065688,https://www.openstreetmap.org/node/8808794165,-33.4096706,138.8438995
node/8808794164,8808794164,node,Australia,generator,Capacity placeholder value,yes,Tag 'generator:output:electricity' contains placeholder value 'yes' instead of actual capacity,2026-07-01 01:01:59.065698,https://www.openstreetmap.org/node/8808794164,-33.4070899,138.8432551
node/8808794163,8808794163,node,Australia,generator,Capacity placeholder value,yes,Tag 'generator:output:electricity' contains placeholder value 'yes' instead of actual capacity,2026-07-01 01:01:59.065709,https://www.openstreetmap.org/node/8808794163,-33.4045196,138.8418762
node/8808794162,8808794162,node,Australia,generator,Capacity placeholder value,yes,Tag 'generator:output:electricity' contains placeholder value 'yes' instead of actual capacity,2026-07-01 01:01:59.065720,https://www.openstreetmap.org/node/8808794162,-33.4007898,138.8441517
node/8808794161,8808794161,node,Australia,generator,Capacity placeholder value,yes,Tag 'generator:output:electricity' contains placeholder value 'yes' instead of actual capacity,2026-07-01 01:01:59.065732,https://www.openstreetmap.org/node/8808794161,-33.3981309,138.845067
node/8808794160,8808794160,node,Australia,generator,Capacity placeholder value,yes,Tag 'generator:output:electricity' contains placeholder value 'yes' instead of actual capacity,2026-07-01 01:01:59.065743,https://www.openstreetmap.org/node/8808794160,-33.3959007,138.8478597
node/8808794159,8808794159,node,Australia,generator,Capacity placeholder value,yes,Tag 'generator:output:electricity' contains placeholder value 'yes' instead of actual capacity,2026-07-01 01:01:59.065753,https://www.openstreetmap.org/node/8808794159,-33.3929999,138.8482987
node/8808794158,8808794158,node,Australia,generator,Capacity placeholder value,yes,Tag 'generator:output:electricity' contains placeholder value 'yes' instead of actual capacity,2026-07-01 01:01:59.065764,https://www.openstreetmap.org/node/8808794158,-33.3908086,138.849326
node/8808794157,8808794157,node,Australia,generator,Capacity placeholder value,yes,Tag 'generator:output:electricity' contains placeholder value 'yes' instead of actual capacity,2026-07-01 01:01:59.065775,https://www.openstreetmap.org/node/8808794157,-33.3872369,138.8518105
node/8808794156,8808794156,node,Australia,generator,Capacity placeholder value,yes,Tag 'generator:output:electricity' contains placeholder value 'yes' instead of actual capacity,2026-07-01 01:01:59.065785,https://www.openstreetmap.org/node/8808794156,-33.3904415,138.856666
node/4742729851,4742729851,node,Australia,generator,Capacity regex no match,660 kW,Tag 'generator:output:electricity' has value '660 kW' which could not be parsed,2026-07-01 01:01:59.087120,https://www.openstreetmap.org/node/4742729851,-33.6380617,150.0500782
node/4742729850,4742729850,node,Australia,generator,Capacity regex no match,660 kW,Tag 'generator:output:electricity' has value '660 kW' which could not be parsed,2026-07-01 01:01:59.087195,https://www.openstreetmap.org/node/4742729850,-33.6394561,150.0492554
node/2503613150,2503613150,node,Australia,generator,Capacity regex no match,230 kW,Tag 'generator:output:electricity' has value '230 kW' which could not be parsed,2026-07-01 01:01:59.204102,https://www.openstreetmap.org/node/2503613150,-25.9122476,113.5477812
node/4040495901,4040495901,node,Australia,generator,Capacity regex no match,230 kW,Tag 'generator:output:electricity' has value '230 kW' which could not be parsed,2026-07-01 01:01:59.204131,https://www.openstreetmap.org/node/4040495901,-25.9137202,113.5505621
node/2503613146,2503613146,node,Australia,generator,Capacity regex no match,230 kW,Tag 'generator:output:electricity' has value '230 kW' which could not be parsed,2026-07-01 01:01:59.204152,https://www.openstreetmap.org/node/2503613146,-25.9108598,113.550668
node/2503613141,2503613141,node,Australia,generator,Capacity regex no match,230 kW,Tag 'generator:output:electricity' has value '230 kW' which could not be parsed,2026-07-01 01:01:59.204173,https://www.openstreetmap.org/node/2503613141,-25.9094043,113.5479192
node/4697199785,4697199785,node,Australia,generator,Capacity regex no match,225 kW,Tag 'generator:output:electricity' has value '225 kW' which could not be parsed,2026-07-01 01:01:59.206353,https://www.openstreetmap.org/node/4697199785,-23.1546308,113.7722097
node/4697194073,4697194073,node,Australia,generator,Capacity regex no match,225 kW,Tag 'generator:output:electricity' has value '225 kW' which could not be parsed,2026-07-01 01:01:59.206380,https://www.openstreetmap.org/node/4697194073,-23.1530515,113.7718233
node/4697199784,4697199784,node,Australia,generator,Capacity regex no match,225 kW,Tag 'generator:output:electricity' has value '225 kW' which could not be parsed,2026-07-01 01:01:59.206401,https://www.openstreetmap.org/node/4697199784,-23.1563275,113.7727998
node/11363982668,11363982668,node,Australia,generator,Capacity regex no match,500 kW,Tag 'generator:output:electricity' has value '500 kW' which could not be parsed,2026-07-01 01:01:59.207265,https://www.openstreetmap.org/node/11363982668,-30.8740277,115.3927892
node/11364028969,11364028969,node,Australia,generator,Capacity regex no match,500 kW,Tag 'generator:output:electricity' has value '500 kW' which could not be parsed,2026-07-01 01:01:59.207295,https://www.openstreetmap.org/node/11364028969,-30.8728444,115.3903162
node/11363982667,11363982667,node,Australia,generator,Capacity regex no match,500 kW,Tag 'generator:output:electricity' has value '500 kW' which could not be parsed,2026-07-01 01:01:59.207318,https://www.openstreetmap.org/node/11363982667,-30.8751419,115.3904182
node/11364028970,11364028970,node,Australia,generator,Capacity regex no match,500 kW,Tag 'generator:output:electricity' has value '500 kW' which could not be parsed,2026-07-01 01:01:59.207339,https://www.openstreetmap.org/node/11364028970,-30.8710855,115.3918719
node/11364028971,11364028971,node,Australia,generator,Capacity regex no match,500 kW,Tag 'generator:output:electricity' has value '500 kW' which could not be parsed,2026-07-01 01:01:59.207360,https://www.openstreetmap.org/node/11364028971,-30.8677565,115.3909707
node/11364024681,11364024681,node,Australia,generator,Capacity regex no match,500 kW,Tag 'generator:output:electricity' has value '500 kW' which could not be parsed,2026-07-01 01:01:59.207379,https://www.openstreetmap.org/node/11364024681,-30.8687695,115.3934598
node/11364028973,11364028973,node,Australia,generator,Capacity regex no match,500 kW,Tag 'generator:output:electricity' has value '500 kW' which could not be parsed,2026-07-01 01:01:59.207398,https://www.openstreetmap.org/node/11364028973,-30.8625992,115.3903162
node/11364024679,11364024679,node,Australia,generator,Capacity regex no match,500 kW,Tag 'generator:output:electricity' has value '500 kW' which could not be parsed,2026-07-01 01:01:59.207416,https://www.openstreetmap.org/node/11364024679,-30.8626361,115.3951389
node/11364024680,11364024680,node,Australia,generator,Capacity regex no match,500 kW,Tag 'generator:output:electricity' has value '500 kW' which could not be parsed,2026-07-01 01:01:59.207435,https://www.openstreetmap.org/node/11364024680,-30.8642708,115.3935724
node/11364028972,11364028972,node,Australia,generator,Capacity regex no match,500 kW,Tag 'generator:output:electricity' has value '500 kW' which could not be parsed,2026-07-01 01:01:59.207454,https://www.openstreetmap.org/node/11364028972,-30.8664258,115.3925049
relation/17100659,17100659,relation,Australia,plant,Missing source tag,none,"tags: {'landuse': 'industrial', 'name': 'Swanbank Power Plant', 'power': 'plant', 'type': 'site'}",2026-07-01 01:01:59.208389,https://www.openstreetmap.org/relation/17100659,-27.655137825246197,152.8179325374103
relation/19642585,19642585,relation,Australia,plant,Missing output tag,none,"tags: {'fixme': 'Correctly map and verify location', 'name': 'Walpole Mini-Pumped Hydro', 'plant:method': 'water-pumped-storage', 'plant:source': 'hydro', 'power': 'plant', 'type': 'site', 'website': 'https://www.westernpower.com.au/resources-education/network-improvements/network-upgrade-projects/walpole-mini-pumped-hydro/'}",2026-07-01 01:01:59.228009,https://www.openstreetmap.org/relation/19642585,-34.922139083829045,116.81632461869947
relation/19955500,19955500,relation,Australia,plant,Missing output tag,none,"tags: {'fixme': 'should this also be called ""Yuri Renewable Hydrogen Facility""', 'landuse': 'industrial', 'operator': 'ENGIE;Mitsui & co;Yara Pilbara', 'plant:method': 'photovoltaic', 'plant:source': 'solar', 'power': 'plant', 'source:geometry': 'Esri World Imagery 2024-06-27', 'type': 'multipolygon', 'website': 'https://engie.com.au/about-us/our-generation-activities/hydrogen/yuri'}",2026-07-01 01:01:59.231048,https://www.openstreetmap.org/relation/19955500,-20.6235863286634,116.78206653855239
way/94325438,94325438,way,Australia,plant,Capacity placeholder value,yes,Tag 'plant:output:electricity' contains placeholder value 'yes' instead of actual capacity,2026-07-01 01:01:59.239417,https://www.openstreetmap.org/way/94325438,-37.81918446666666,144.83094653333333
way/188687095,188687095,way,Australia,plant,Missing output tag,none,"tags: {'name': 'Lake Glenmaggie', 'plant:source': 'hydro', 'power': 'plant', 'waterway': 'dam'}",2026-07-01 01:01:59.250172,https://www.openstreetmap.org/way/188687095,-37.90441198334271,146.8005041149277
way/192815999,192815999,way,Australia,plant,Capacity regex no match,750 kW,Tag 'plant:output:electricity' has value '750 kW' which could not be parsed,2026-07-01 01:01:59.250406,https://www.openstreetmap.org/way/192815999,-25.4137385,142.66048445
way/193282535,193282535,way,Australia,plant,Capacity placeholder value,yes,Tag 'plant:output:electricity' contains placeholder value 'yes' instead of actual capacity,2026-07-01 01:01:59.250578,https://www.openstreetmap.org/way/193282535,-19.92158788096081,138.1299953142936
way/193289923,193289923,way,Australia,plant,Capacity placeholder value,yes,Tag 'plant:output:electricity' contains placeholder value 'yes' instead of actual capacity,2026-07-01 01:01:59.250739,https://www.openstreetmap.org/way/193289923,-22.787250903665036,136.16649897295926
way/207397140,207397140,way,Australia,plant,Capacity placeholder value,yes,Tag 'plant:output:electricity' contains placeholder value 'yes' instead of actual capacity,2026-07-01 01:01:59.251438,https://www.openstreetmap.org/way/207397140,-30.781358723503516,121.4239042491489
way/210580475,210580475,way,Australia,plant,Capacity placeholder value,yes,Tag 'plant:output:electricity' contains placeholder value 'yes' instead of actual capacity,2026-07-01 01:01:59.252961,https://www.openstreetmap.org/way/210580475,-17.27438757908327,128.05024805143893
way/219398853,219398853,way,Australia,plant,Missing source tag,none,"tags: {'landuse': 'industrial', 'name': 'Broken Hill STS Power Plant', 'power': 'plant', 'source': 'Bing'}",2026-07-01 01:01:59.253785,https://www.openstreetmap.org/way/219398853,-31.986308068525,141.41937415103862
way/220315767,220315767,way,Australia,plant,Missing output tag,none,"tags: {'name': 'Alice Springs Airport Solar Power Station', 'plant:source': 'solar', 'power': 'plant'}",2026-07-01 01:01:59.253952,https://www.openstreetmap.org/way/220315767,-23.796603691813655,133.89715662562352
way/226561270,226561270,way,Australia,plant,Capacity placeholder value,yes,Tag 'plant:output:electricity' contains placeholder value 'yes' instead of actual capacity,2026-07-01 01:01:59.254649,https://www.openstreetmap.org/way/226561270,-22.12396552721225,133.414674031358
way/230296678,230296678,way,Australia,plant,Capacity placeholder value,yes,Tag 'plant:output:electricity' contains placeholder value 'yes' instead of actual capacity,2026-07-01 01:01:59.255284,https://www.openstreetmap.org/way/230296678,-36.613473790466585,143.95347545509395
way/281808122,281808122,way,Australia,plant,Capacity placeholder value,yes,Tag 'plant:output:electricity' contains placeholder value 'yes' instead of actual capacity,2026-07-01 01:01:59.261164,https://www.openstreetmap.org/way/281808122,-16.871380164736074,145.74075439992086
way/309674950,309674950,way,Australia,plant,Missing source tag,none,"tags: {'description': 'This power station combines a single axis tracking solar farm with diesel technology and short-term energy storage system', 'landuse': 'industrial', 'name': 'Nullagine Power Station', 'operator': 'Horizon Power', 'power': 'plant'}",2026-07-01 01:01:59.262151,https://www.openstreetmap.org/way/309674950,-21.879515143992737,120.11235524875998
way/327344840,327344840,way,Australia,plant,Capacity placeholder value,yes,Tag 'plant:output:electricity' contains placeholder value 'yes' instead of actual capacity,2026-07-01 01:01:59.262973,https://www.openstreetmap.org/way/327344840,-15.22275820448614,134.07754237481834
way/333728840,333728840,way,Australia,plant,Capacity placeholder value,yes,Tag 'plant:output:electricity' contains placeholder value 'yes' instead of actual capacity,2026-07-01 01:01:59.263131,https://www.openstreetmap.org/way/333728840,-21.74018949262221,133.72996502953626
way/383029863,383029863,way,Australia,plant,Capacity regex no match,20 kW,Tag 'plant:output:electricity' has value '20 kW' which could not be parsed,2026-07-01 01:01:59.270031,https://www.openstreetmap.org/way/383029863,-33.82129415,150.03097415000002
way/442897136,442897136,way,Australia,plant,Missing output tag,none,"tags: {'barrier': 'fence', 'name': 'Solar Power', 'plant:method': 'photovoltaic', 'plant:source': 'solar', 'power': 'plant'}",2026-07-01 01:01:59.274969,https://www.openstreetmap.org/way/442897136,-13.659141796932186,134.3086801871121
way/446285233,446285233,way,Australia,plant,Capacity placeholder value,yes,Tag 'plant:output:electricity' contains placeholder value 'yes' instead of actual capacity,2026-07-01 01:01:59.275147,https://www.openstreetmap.org/way/446285233,-12.14394845,134.5270097
way/446297235,446297235,way,Australia,plant,Capacity placeholder value,yes,Tag 'plant:output:electricity' contains placeholder value 'yes' instead of actual capacity,2026-07-01 01:01:59.275335,https://www.openstreetmap.org/way/446297235,-12.0554657,134.61493604999998
way/448921551,448921551,way,Australia,plant,Missing output tag,none,"tags: {'name': 'Uterne Solar Power Plant', 'plant:source': 'solar', 'power': 'plant'}",2026-07-01 01:01:59.275652,https://www.openstreetmap.org/way/448921551,-23.7680094752872,133.8693470633682
way/449881658,449881658,way,Australia,plant,Capacity placeholder value,yes,Tag 'plant:output:electricity' contains placeholder value 'yes' instead of actual capacity,2026-07-01 01:01:59.275839,https://www.openstreetmap.org/way/449881658,-12.76378175,133.84467185000003
way/451470910,451470910,way,Australia,plant,Missing output tag,none,"tags: {'plant:source': 'solar', 'power': 'plant'}",2026-07-01 01:01:59.276009,https://www.openstreetmap.org/way/451470910,-16.487761154450265,130.64346092260166
way/456351230,456351230,way,Australia,plant,Capacity placeholder value,yes,Tag 'plant:output:electricity' contains placeholder value 'yes' instead of actual capacity,2026-07-01 01:01:59.276181,https://www.openstreetmap.org/way/456351230,-14.727166399999996,134.73543595000004
way/458789546,458789546,way,Australia,plant,Capacity placeholder value,yes,Tag 'plant:output:electricity' contains placeholder value 'yes' instead of actual capacity,2026-07-01 01:01:59.277133,https://www.openstreetmap.org/way/458789546,-12.202400149999999,136.29566739999999
way/478032009,478032009,way,Australia,plant,Capacity placeholder value,yes,Tag 'plant:output:electricity' contains placeholder value 'yes' instead of actual capacity,2026-07-01 01:01:59.277321,https://www.openstreetmap.org/way/478032009,-31.128237156468003,138.39517072663799
way/489977199,489977199,way,Australia,plant,Missing source tag,none,"tags: {'landuse': 'industrial', 'power': 'plant'}",2026-07-01 01:01:59.278514,https://www.openstreetmap.org/way/489977199,-27.88233016235187,153.3161237090938
way/491608080,491608080,way,Australia,plant,Missing output tag,none,"tags: {'barrier': 'fence', 'landuse': 'industrial', 'plant:method': 'photovoltaic', 'plant:source': 'solar', 'power': 'plant'}",2026-07-01 01:01:59.278689,https://www.openstreetmap.org/way/491608080,-32.31742607487344,125.1129397434784
way/491899082,491899082,way,Australia,plant,Missing source tag,none,"tags: {'landuse': 'industrial', 'power': 'plant'}",2026-07-01 01:01:59.278860,https://www.openstreetmap.org/way/491899082,-32.202292475345274,125.61338770644076
way/491899090,491899090,way,Australia,plant,Missing source tag,none,"tags: {'landuse': 'industrial', 'power': 'plant'}",2026-07-01 01:01:59.279014,https://www.openstreetmap.org/way/491899090,-32.02917545,126.01281814999999
way/495976731,495976731,way,Australia,plant,Capacity placeholder value,yes,Tag 'plant:output:electricity' contains placeholder value 'yes' instead of actual capacity,2026-07-01 01:01:59.279270,https://www.openstreetmap.org/way/495976731,-32.55149107590233,137.84347561471645
way/506827865,506827865,way,Australia,plant,Capacity placeholder value,yes,Tag 'plant:output:electricity' contains placeholder value 'yes' instead of actual capacity,2026-07-01 01:01:59.280659,https://www.openstreetmap.org/way/506827865,-16.44022515,130.89057115
way/517547973,517547973,way,Australia,plant,Missing output tag,none,"tags: {'landuse': 'industrial', 'name': 'Dalby Bio-Refinery', 'plant:method': 'combustion', 'plant:source': 'biofuel', 'power': 'plant'}",2026-07-01 01:01:59.282574,https://www.openstreetmap.org/way/517547973,-27.14606156127645,151.24174348493565
way/550003920,550003920,way,Australia,plant,Capacity regex no match,300 kW,Tag 'plant:output:electricity' has value '300 kW' which could not be parsed,2026-07-01 01:01:59.285849,https://www.openstreetmap.org/way/550003920,-21.164396717115686,119.74131638582817
way/580306992,580306992,way,Australia,plant,Missing source tag,none,"tags: {'addr:housenumber': '156', 'addr:street': 'Seacombe Road', 'landuse': 'industrial', 'power': 'plant'}",2026-07-01 01:01:59.286833,https://www.openstreetmap.org/way/580306992,-35.02978331399059,138.54133339274685
way/617619061,617619061,way,Australia,plant,Capacity regex no match,337 KW,Tag 'plant:output:electricity' has value '337 KW' which could not be parsed,2026-07-01 01:01:59.289718,https://www.openstreetmap.org/way/617619061,-18.79782015,128.6160835
way/631201148,631201148,way,Australia,plant,Capacity placeholder value,yes,Tag 'plant:output:electricity' contains placeholder value 'yes' instead of actual capacity,2026-07-01 01:01:59.290202,https://www.openstreetmap.org/way/631201148,-27.985613349999994,119.29486195000001
way/674422702,674422702,way,Australia,plant,Capacity placeholder value,yes,Tag 'plant:output:electricity' contains placeholder value 'yes' instead of actual capacity,2026-07-01 01:01:59.292828,https://www.openstreetmap.org/way/674422702,-34.78735650481774,138.734988688675
way/677517434,677517434,way,Australia,plant,Capacity placeholder value,yes,Tag 'plant:output:electricity' contains placeholder value 'yes' instead of actual capacity,2026-07-01 01:01:59.293041,https://www.openstreetmap.org/way/677517434,-12.78675886797958,143.34086386387162
way/731995659,731995659,way,Australia,plant,Capacity regex no match,390 KW,Tag 'plant:output:electricity' has value '390 KW' which could not be parsed,2026-07-01 01:01:59.304880,https://www.openstreetmap.org/way/731995659,-35.247765472405554,148.97191953051964
way/759341226,759341226,way,Australia,plant,Capacity placeholder value,yes,Tag 'plant:output:electricity' contains placeholder value 'yes' instead of actual capacity,2026-07-01 01:01:59.306941,https://www.openstreetmap.org/way/759341226,-26.15911598364382,129.173546385217
way/792848702,792848702,way,Australia,plant,Missing output tag,none,"tags: {'building': 'yes', 'name': 'Lower Lake Margaret', 'plant:source': 'hydro', 'power': 'plant'}",2026-07-01 01:01:59.309424,https://www.openstreetmap.org/way/792848702,-42.014871827654034,145.526323905508
way/802897367,802897367,way,Australia,plant,Capacity placeholder value,yes,Tag 'plant:output:electricity' contains placeholder value 'yes' instead of actual capacity,2026-07-01 01:01:59.310575,https://www.openstreetmap.org/way/802897367,-13.858546696154425,136.4207223319559
way/805402710,805402710,way,Australia,plant,Capacity placeholder value,yes,Tag 'plant:output:electricity' contains placeholder value 'yes' instead of actual capacity,2026-07-01 01:01:59.310759,https://www.openstreetmap.org/way/805402710,-25.221721394284106,130.97381338201217
way/808765164,808765164,way,Australia,plant,Missing source tag,none,"tags: {'landuse': 'industrial', 'power': 'plant'}",2026-07-01 01:01:59.310928,https://www.openstreetmap.org/way/808765164,-20.53181682607679,129.93809871666843
way/808765166,808765166,way,Australia,plant,Missing source tag,none,"tags: {'landuse': 'industrial', 'power': 'plant'}",2026-07-01 01:01:59.311083,https://www.openstreetmap.org/way/808765166,-20.540675792746946,130.3189757252036
way/809024770,809024770,way,Australia,plant,Capacity placeholder value,yes,Tag 'plant:output:electricity' contains placeholder value 'yes' instead of actual capacity,2026-07-01 01:01:59.311298,https://www.openstreetmap.org/way/809024770,-17.55044782089217,133.53922534949862
way/809045886,809045886,way,Australia,plant,Capacity placeholder value,yes,Tag 'plant:output:electricity' contains placeholder value 'yes' instead of actual capacity,2026-07-01 01:01:59.311461,https://www.openstreetmap.org/way/809045886,-16.26944590965342,133.37566737429546
way/812876811,812876811,way,Australia,plant,Capacity placeholder value,yes,Tag 'plant:output:electricity' contains placeholder value 'yes' instead of actual capacity,2026-07-01 01:01:59.311686,https://www.openstreetmap.org/way/812876811,-34.35400846979056,142.02994827313915
way/820382925,820382925,way,Australia,plant,Capacity placeholder value,yes,Tag 'plant:output:electricity' contains placeholder value 'yes' instead of actual capacity,2026-07-01 01:01:59.311920,https://www.openstreetmap.org/way/820382925,-38.19985335540286,144.28248990966787
way/827012131,827012131,way,Australia,plant,Capacity placeholder value,yes,Tag 'plant:output:electricity' contains placeholder value 'yes' instead of actual capacity,2026-07-01 01:01:59.312602,https://www.openstreetmap.org/way/827012131,-23.27191444423341,129.38715497606384
way/846106319,846106319,way,Australia,plant,Capacity placeholder value,yes,Tag 'plant:output:electricity' contains placeholder value 'yes' instead of actual capacity,2026-07-01 01:01:59.315292,https://www.openstreetmap.org/way/846106319,-21.046701999999993,134.67541839999998
way/846301015,846301015,way,Australia,plant,Capacity placeholder value,yes,Tag 'plant:output:electricity' contains placeholder value 'yes' instead of actual capacity,2026-07-01 01:01:59.315487,https://www.openstreetmap.org/way/846301015,-37.83019423684258,144.89439285442705
way/848775043,848775043,way,Australia,plant,Capacity placeholder value,yes,Tag 'plant:output:electricity' contains placeholder value 'yes' instead of actual capacity,2026-07-01 01:01:59.316022,https://www.openstreetmap.org/way/848775043,-36.02934227405009,146.89511671443844
way/866255566,866255566,way,Australia,plant,Capacity placeholder value,yes,Tag 'plant:output:electricity' contains placeholder value 'yes' instead of actual capacity,2026-07-01 01:01:59.317084,https://www.openstreetmap.org/way/866255566,-10.89268141919508,142.3948352151809
way/871495125,871495125,way,Australia,plant,Capacity placeholder value,yes,Tag 'plant:output:electricity' contains placeholder value 'yes' instead of actual capacity,2026-07-01 01:01:59.317737,https://www.openstreetmap.org/way/871495125,-35.3152520636175,149.18523754498537
way/874624368,874624368,way,Australia,plant,Capacity regex no match,120,Tag 'plant:output:electricity' has value '120' which could not be parsed,2026-07-01 01:01:59.318107,https://www.openstreetmap.org/way/874624368,-33.23596374166334,116.06975227672572
way/879020826,879020826,way,Australia,plant,Missing source tag,none,"tags: {'landuse': 'industrial', 'name': 'Redbank Power Station', 'note': 'Retired in 2014: https://www.gem.wiki/Redbank_Power_Station', 'power': 'plant'}",2026-07-01 01:01:59.318416,https://www.openstreetmap.org/way/879020826,-32.57967340931122,151.07172798032008
way/887850601,887850601,way,Australia,plant,Capacity placeholder value,yes,Tag 'plant:output:electricity' contains placeholder value 'yes' instead of actual capacity,2026-07-01 01:01:59.319572,https://www.openstreetmap.org/way/887850601,-12.063642214919962,134.234312619192
way/888044295,888044295,way,Australia,plant,Missing source tag,none,"tags: {'landuse': 'industrial', 'power': 'plant'}",2026-07-01 01:01:59.319727,https://www.openstreetmap.org/way/888044295,-22.4093076943108,116.8241641172936
way/889073278,889073278,way,Australia,plant,Missing output tag,none,"tags: {'landuse': 'industrial', 'name': 'Eliwana Power Station', 'operator': 'Fortescue', 'plant:method': 'combustion', 'plant:source': 'diesel', 'power': 'plant'}",2026-07-01 01:01:59.320401,https://www.openstreetmap.org/way/889073278,-22.462597780641662,116.82958097904823
way/890446825,890446825,way,Australia,plant,Missing source tag,none,"tags: {'barrier': 'fence', 'landuse': 'industrial', 'power': 'plant'}",2026-07-01 01:01:59.320676,https://www.openstreetmap.org/way/890446825,-33.812460557375,150.86161950710553
way/904224924,904224924,way,Australia,plant,Capacity placeholder value,yes,Tag 'plant:output:electricity' contains placeholder value 'yes' instead of actual capacity,2026-07-01 01:01:59.320847,https://www.openstreetmap.org/way/904224924,-10.575016630447216,142.2191310005358
way/909227655,909227655,way,Australia,plant,Capacity placeholder value,yes,Tag 'plant:output:electricity' contains placeholder value 'yes' instead of actual capacity,2026-07-01 01:01:59.321424,https://www.openstreetmap.org/way/909227655,-22.65437625,130.55147085
way/909284873,909284873,way,Australia,plant,Capacity placeholder value,yes,Tag 'plant:output:electricity' contains placeholder value 'yes' instead of actual capacity,2026-07-01 01:01:59.321583,https://www.openstreetmap.org/way/909284873,-22.242845192867776,131.79315764224623
way/909284885,909284885,way,Australia,plant,Capacity placeholder value,yes,Tag 'plant:output:electricity' contains placeholder value 'yes' instead of actual capacity,2026-07-01 01:01:59.321766,https://www.openstreetmap.org/way/909284885,-22.252127769538003,131.79908121326878
way/910032620,910032620,way,Australia,plant,Capacity placeholder value,yes,Tag 'plant:output:electricity' contains placeholder value 'yes' instead of actual capacity,2026-07-01 01:01:59.322563,https://www.openstreetmap.org/way/910032620,-22.142401261851987,147.92873606310224
way/910032621,910032621,way,Australia,plant,Capacity placeholder value,yes,Tag 'plant:output:electricity' contains placeholder value 'yes' instead of actual capacity,2026-07-01 01:01:59.322758,https://www.openstreetmap.org/way/910032621,-22.12835693605955,147.9325940097082
way/915630855,915630855,way,Australia,plant,Capacity placeholder value,yes,Tag 'plant:output:electricity' contains placeholder value 'yes' instead of actual capacity,2026-07-01 01:01:59.324055,https://www.openstreetmap.org/way/915630855,-21.076456640552564,116.15910517488047
way/921482919,921482919,way,Australia,plant,Missing source tag,none,"tags: {'landuse': 'industrial', 'name': 'Dampier Hamersley Power Station', 'power': 'plant'}",2026-07-01 01:01:59.324901,https://www.openstreetmap.org/way/921482919,-20.64885028298555,116.72217566604043
way/926903512,926903512,way,Australia,plant,Capacity placeholder value,yes,Tag 'plant:output:electricity' contains placeholder value 'yes' instead of actual capacity,2026-07-01 01:01:59.325256,https://www.openstreetmap.org/way/926903512,-12.188861885596188,136.68653612860598
way/929024969,929024969,way,Australia,plant,Capacity placeholder value,yes,Tag 'plant:output:electricity' contains placeholder value 'yes' instead of actual capacity,2026-07-01 01:01:59.325443,https://www.openstreetmap.org/way/929024969,-27.9395644299785,153.426806422713
way/932291959,932291959,way,Australia,plant,Missing source tag,none,tags: {'power': 'plant'},2026-07-01 01:01:59.325595,https://www.openstreetmap.org/way/932291959,-34.80592898218876,138.50756711155896
way/934993546,934993546,way,Australia,plant,Capacity placeholder value,yes,Tag 'plant:output:electricity' contains placeholder value 'yes' instead of actual capacity,2026-07-01 01:01:59.326205,https://www.openstreetmap.org/way/934993546,-33.40909855159824,147.65500772328917
way/934993547,934993547,way,Australia,plant,Capacity placeholder value,yes,Tag 'plant:output:electricity' contains placeholder value 'yes' instead of actual capacity,2026-07-01 01:01:59.326507,https://www.openstreetmap.org/way/934993547,-33.40850607415154,147.65056895962374
way/934993548,934993548,way,Australia,plant,Capacity placeholder value,yes,Tag 'plant:output:electricity' contains placeholder value 'yes' instead of actual capacity,2026-07-01 01:01:59.326712,https://www.openstreetmap.org/way/934993548,-33.40867888531613,147.6463769081783
way/934993549,934993549,way,Australia,plant,Capacity placeholder value,yes,Tag 'plant:output:electricity' contains placeholder value 'yes' instead of actual capacity,2026-07-01 01:01:59.326962,https://www.openstreetmap.org/way/934993549,-33.40682095721844,147.64661196205233
way/934993550,934993550,way,Australia,plant,Capacity placeholder value,yes,Tag 'plant:output:electricity' contains placeholder value 'yes' instead of actual capacity,2026-07-01 01:01:59.327188,https://www.openstreetmap.org/way/934993550,-33.40526685079755,147.64396214653084
way/934993551,934993551,way,Australia,plant,Capacity placeholder value,yes,Tag 'plant:output:electricity' contains placeholder value 'yes' instead of actual capacity,2026-07-01 01:01:59.327469,https://www.openstreetmap.org/way/934993551,-33.4079350815349,147.64051834605775
way/934993552,934993552,way,Australia,plant,Capacity placeholder value,yes,Tag 'plant:output:electricity' contains placeholder value 'yes' instead of actual capacity,2026-07-01 01:01:59.327717,https://www.openstreetmap.org/way/934993552,-33.40618003149556,147.6397460653269
way/934993553,934993553,way,Australia,plant,Capacity placeholder value,yes,Tag 'plant:output:electricity' contains placeholder value 'yes' instead of actual capacity,2026-07-01 01:01:59.327920,https://www.openstreetmap.org/way/934993553,-33.40720654063271,147.6351009424439
way/934993554,934993554,way,Australia,plant,Capacity placeholder value,yes,Tag 'plant:output:electricity' contains placeholder value 'yes' instead of actual capacity,2026-07-01 01:01:59.328167,https://www.openstreetmap.org/way/934993554,-33.404803782430854,147.63507117962968
way/934993555,934993555,way,Australia,plant,Capacity placeholder value,yes,Tag 'plant:output:electricity' contains placeholder value 'yes' instead of actual capacity,2026-07-01 01:01:59.328421,https://www.openstreetmap.org/way/934993555,-33.40217725887291,147.63546373013136
way/943430789,943430789,way,Australia,plant,Capacity regex no match,653 kW,Tag 'plant:output:electricity' has value '653 kW' which could not be parsed,2026-07-01 01:01:59.328584,https://www.openstreetmap.org/way/943430789,-16.053562548225088,136.3081340908813
way/948395166,948395166,way,Australia,plant,Capacity placeholder value,yes,Tag 'plant:output:electricity' contains placeholder value 'yes' instead of actual capacity,2026-07-01 01:01:59.334903,https://www.openstreetmap.org/way/948395166,-36.07217464105116,145.42023897025484
way/948395167,948395167,way,Australia,plant,Capacity placeholder value,yes,Tag 'plant:output:electricity' contains placeholder value 'yes' instead of actual capacity,2026-07-01 01:01:59.335063,https://www.openstreetmap.org/way/948395167,-36.06558939368428,145.44509019071168
way/948395168,948395168,way,Australia,plant,Capacity placeholder value,yes,Tag 'plant:output:electricity' contains placeholder value 'yes' instead of actual capacity,2026-07-01 01:01:59.335257,https://www.openstreetmap.org/way/948395168,-36.04623407593759,145.45308608307667
way/948395169,948395169,way,Australia,plant,Capacity placeholder value,yes,Tag 'plant:output:electricity' contains placeholder value 'yes' instead of actual capacity,2026-07-01 01:01:59.335430,https://www.openstreetmap.org/way/948395169,-36.16923137727133,145.42667654899014
way/948586724,948586724,way,Australia,plant,Capacity placeholder value,yes,Tag 'plant:output:electricity' contains placeholder value 'yes' instead of actual capacity,2026-07-01 01:01:59.337634,https://www.openstreetmap.org/way/948586724,-37.546862077900045,149.72775176131952
way/949279936,949279936,way,Australia,plant,Capacity placeholder value,yes,Tag 'plant:output:electricity' contains placeholder value 'yes' instead of actual capacity,2026-07-01 01:01:59.340445,https://www.openstreetmap.org/way/949279936,-28.57238321378848,150.75616221031103
way/949348477,949348477,way,Australia,plant,Capacity placeholder value,yes,Tag 'plant:output:electricity' contains placeholder value 'yes' instead of actual capacity,2026-07-01 01:01:59.341015,https://www.openstreetmap.org/way/949348477,-31.540383571962018,118.27350585296654
way/958297120,958297120,way,Australia,plant,Capacity placeholder value,yes,Tag 'plant:output:electricity' contains placeholder value 'yes' instead of actual capacity,2026-07-01 01:01:59.343960,https://www.openstreetmap.org/way/958297120,-20.613864177116856,116.76472736828474
way/961320885,961320885,way,Australia,plant,Capacity regex no match,13.7256 MW DC,Tag 'plant:output:electricity' has value '13.7256 MW DC' which could not be parsed,2026-07-01 01:01:59.344819,https://www.openstreetmap.org/way/961320885,-34.854044089175616,139.18974940040255
way/961616613,961616613,way,Australia,plant,Missing output tag,none,"tags: {'name': 'Mannum PPS.2 solar farm', 'operator': 'SA Water', 'plant:method': 'photovoltaic', 'plant:source': 'solar', 'power': 'plant'}",2026-07-01 01:01:59.345146,https://www.openstreetmap.org/way/961616613,-34.86106741190668,139.16683331588865
way/965923819,965923819,way,Australia,plant,Capacity placeholder value,yes,Tag 'plant:output:electricity' contains placeholder value 'yes' instead of actual capacity,2026-07-01 01:01:59.345387,https://www.openstreetmap.org/way/965923819,-16.81817892787375,131.2115306668791
way/969536502,969536502,way,Australia,plant,Capacity placeholder value,yes,Tag 'plant:output:electricity' contains placeholder value 'yes' instead of actual capacity,2026-07-01 01:01:59.346088,https://www.openstreetmap.org/way/969536502,-40.116694419240275,148.02832565706785
way/972230014,972230014,way,Australia,plant,Capacity placeholder value,yes,Tag 'plant:output:electricity' contains placeholder value 'yes' instead of actual capacity,2026-07-01 01:01:59.346461,https://www.openstreetmap.org/way/972230014,-34.501937398222424,139.27998454440197
way/973002127,973002127,way,Australia,plant,Capacity placeholder value,yes,Tag 'plant:output:electricity' contains placeholder value 'yes' instead of actual capacity,2026-07-01 01:01:59.346721,https://www.openstreetmap.org/way/973002127,-34.49739809608699,139.57009021972127
way/973205797,973205797,way,Australia,plant,Capacity placeholder value,yes,Tag 'plant:output:electricity' contains placeholder value 'yes' instead of actual capacity,2026-07-01 01:01:59.346889,https://www.openstreetmap.org/way/973205797,-34.56843334802746,146.40887557757307
way/976639395,976639395,way,Australia,plant,Missing source tag,none,"tags: {'landuse': 'industrial', 'power': 'plant'}",2026-07-01 01:01:59.347313,https://www.openstreetmap.org/way/976639395,-21.776715049603762,115.08322502635461
way/979925679,979925679,way,Australia,plant,Capacity placeholder value,yes,Tag 'plant:output:electricity' contains placeholder value 'yes' instead of actual capacity,2026-07-01 01:01:59.347913,https://www.openstreetmap.org/way/979925679,-13.782209243303674,136.19387308018455
way/979980300,979980300,way,Australia,plant,Missing source tag,none,"tags: {'landuse': 'industrial', 'power': 'plant'}",2026-07-01 01:01:59.348067,https://www.openstreetmap.org/way/979980300,-21.51218919636379,133.99487782811852
way/980438608,980438608,way,Australia,plant,Capacity placeholder value,yes,Tag 'plant:output:electricity' contains placeholder value 'yes' instead of actual capacity,2026-07-01 01:01:59.348298,https://www.openstreetmap.org/way/980438608,-23.939378157184727,132.77346930518988
way/980438610,980438610,way,Australia,plant,Capacity placeholder value,yes,Tag 'plant:output:electricity' contains placeholder value 'yes' instead of actual capacity,2026-07-01 01:01:59.348472,https://www.openstreetmap.org/way/980438610,-23.93730442883572,132.77219576971234
way/980491861,980491861,way,Australia,plant,Missing source tag,none,"tags: {'landuse': 'industrial', 'power': 'plant'}",2026-07-01 01:01:59.348623,https://www.openstreetmap.org/way/980491861,-23.20144386616579,131.91274181935893
way/980497741,980497741,way,Australia,plant,Capacity placeholder value,yes,Tag 'plant:output:electricity' contains placeholder value 'yes' instead of actual capacity,2026-07-01 01:01:59.348794,https://www.openstreetmap.org/way/980497741,-14.14918571814791,130.08247970347364
way/980517828,980517828,way,Australia,plant,Capacity placeholder value,yes,Tag 'plant:output:electricity' contains placeholder value 'yes' instead of actual capacity,2026-07-01 01:01:59.348951,https://www.openstreetmap.org/way/980517828,-16.75661939392864,136.98190240579902
way/980747604,980747604,way,Australia,plant,Capacity placeholder value,yes,Tag 'plant:output:electricity' contains placeholder value 'yes' instead of actual capacity,2026-07-01 01:01:59.349110,https://www.openstreetmap.org/way/980747604,-22.12384352325142,133.4145113017859
way/980814865,980814865,way,Australia,plant,Missing source tag,none,"tags: {'landuse': 'industrial', 'name': 'Old Power Station', 'power': 'plant'}",2026-07-01 01:01:59.349329,https://www.openstreetmap.org/way/980814865,-24.1239643316969,133.0871787323899
way/980830681,980830681,way,Australia,plant,Capacity placeholder value,yes,Tag 'plant:output:electricity' contains placeholder value 'yes' instead of actual capacity,2026-07-01 01:01:59.349501,https://www.openstreetmap.org/way/980830681,-23.272632221799828,129.3875919931728
way/980844968,980844968,way,Australia,plant,Missing source tag,none,"tags: {'landuse': 'industrial', 'name': 'Mount Liebig Power Station', 'operator': 'Power and Water', 'operator:wikidata': 'Q7236467', 'plant:output:electricity': 'yes', 'power': 'plant'}",2026-07-01 01:01:59.349687,https://www.openstreetmap.org/way/980844968,-23.264516990900606,131.2780483433016
way/980844970,980844970,way,Australia,plant,Capacity placeholder value,yes,Tag 'plant:output:electricity' contains placeholder value 'yes' instead of actual capacity,2026-07-01 01:01:59.349857,https://www.openstreetmap.org/way/980844970,-23.26454255052603,131.2781838852696
way/981065558,981065558,way,Australia,plant,Capacity placeholder value,yes,Tag 'plant:output:electricity' contains placeholder value 'yes' instead of actual capacity,2026-07-01 01:01:59.350080,https://www.openstreetmap.org/way/981065558,-21.244719544721615,132.61169980796288
way/981082656,981082656,way,Australia,plant,Capacity placeholder value,yes,Tag 'plant:output:electricity' contains placeholder value 'yes' instead of actual capacity,2026-07-01 01:01:59.350255,https://www.openstreetmap.org/way/981082656,-13.721734082705256,130.703917524182
way/981082657,981082657,way,Australia,plant,Missing source tag,none,"tags: {'landuse': 'industrial', 'power': 'plant'}",2026-07-01 01:01:59.350552,https://www.openstreetmap.org/way/981082657,-13.721333451165068,130.704380506156
way/981175121,981175121,way,Australia,plant,Missing source tag,none,"tags: {'landuse': 'industrial', 'power': 'plant'}",2026-07-01 01:01:59.350704,https://www.openstreetmap.org/way/981175121,-22.242763993932385,131.79319800818024
way/981909566,981909566,way,Australia,plant,Capacity placeholder value,yes,Tag 'plant:output:electricity' contains placeholder value 'yes' instead of actual capacity,2026-07-01 01:01:59.350868,https://www.openstreetmap.org/way/981909566,-25.591870111292476,134.5795459156801
way/981909567,981909567,way,Australia,plant,Capacity placeholder value,yes,Tag 'plant:output:electricity' contains placeholder value 'yes' instead of actual capacity,2026-07-01 01:01:59.351025,https://www.openstreetmap.org/way/981909567,-25.591897417806866,134.5803818119628
way/987946245,987946245,way,Australia,plant,Capacity placeholder value,yes,Tag 'plant:output:electricity' contains placeholder value 'yes' instead of actual capacity,2026-07-01 01:01:59.351652,https://www.openstreetmap.org/way/987946245,-27.39546851367305,153.12955308559611
way/988232331,988232331,way,Australia,plant,Capacity placeholder value,yes,Tag 'plant:output:electricity' contains placeholder value 'yes' instead of actual capacity,2026-07-01 01:01:59.351810,https://www.openstreetmap.org/way/988232331,-24.877085371940574,129.07129240391225
way/988249280,988249280,way,Australia,plant,Capacity placeholder value,yes,Tag 'plant:output:electricity' contains placeholder value 'yes' instead of actual capacity,2026-07-01 01:01:59.351969,https://www.openstreetmap.org/way/988249280,-25.13204567163373,132.56933262960555
way/988518762,988518762,way,Australia,plant,Capacity placeholder value,yes,Tag 'plant:output:electricity' contains placeholder value 'yes' instead of actual capacity,2026-07-01 01:01:59.352128,https://www.openstreetmap.org/way/988518762,-12.121936929322164,134.6724546736822
way/988525618,988525618,way,Australia,plant,Capacity placeholder value,yes,Tag 'plant:output:electricity' contains placeholder value 'yes' instead of actual capacity,2026-07-01 01:01:59.352312,https://www.openstreetmap.org/way/988525618,-12.106447518755735,134.9087784748146
way/1001028168,1001028168,way,Australia,plant,Capacity placeholder value,yes,Tag 'plant:output:electricity' contains placeholder value 'yes' instead of actual capacity,2026-07-01 01:01:59.354261,https://www.openstreetmap.org/way/1001028168,-34.96001561033682,138.508294523666
way/1006012501,1006012501,way,Australia,plant,Capacity placeholder value,yes,Tag 'plant:output:electricity' contains placeholder value 'yes' instead of actual capacity,2026-07-01 01:01:59.354796,https://www.openstreetmap.org/way/1006012501,-31.998465196275426,115.53998897327736
way/1010640605,1010640605,way,Australia,plant,Capacity regex no match,425,Tag 'plant:output:electricity' has value '425' which could not be parsed,2026-07-01 01:01:59.355113,https://www.openstreetmap.org/way/1010640605,-32.49607113803277,148.95650733583494
way/1011375804,1011375804,way,Australia,plant,Capacity placeholder value,yes,Tag 'plant:output:electricity' contains placeholder value 'yes' instead of actual capacity,2026-07-01 01:01:59.355372,https://www.openstreetmap.org/way/1011375804,-35.056172252100794,138.5639239843863
way/1013720771,1013720771,way,Australia,plant,Missing output tag,none,"tags: {'landuse': 'industrial', 'name': 'Umuwa Central Power House', 'plant:source': 'diesel', 'power': 'plant'}",2026-07-01 01:01:59.355557,https://www.openstreetmap.org/way/1013720771,-26.481298744441773,132.01834347511837
way/1024109803,1024109803,way,Australia,plant,Capacity placeholder value,yes,Tag 'plant:output:electricity' contains placeholder value 'yes' instead of actual capacity,2026-07-01 01:01:59.357559,https://www.openstreetmap.org/way/1024109803,-31.528676948584913,159.07433784064835
way/1028297049,1028297049,way,Australia,plant,Capacity placeholder value,yes,Tag 'plant:output:electricity' contains placeholder value 'yes' instead of actual capacity,2026-07-01 01:01:59.357722,https://www.openstreetmap.org/way/1028297049,-27.57509678054991,153.18646598357267
way/1033165336,1033165336,way,Australia,plant,Capacity regex no match,250 kW,Tag 'plant:output:electricity' has value '250 kW' which could not be parsed,2026-07-01 01:01:59.357927,https://www.openstreetmap.org/way/1033165336,-31.047738750220393,116.19172738908186
way/1034620174,1034620174,way,Australia,plant,Missing output tag,none,"tags: {'building': 'industrial', 'landuse': 'industrial', 'plant:method': 'thermal', 'plant:output:hot_water': 'yes', 'plant:source': 'geothermal', 'power': 'plant'}",2026-07-01 01:01:59.358126,https://www.openstreetmap.org/way/1034620174,-32.048946369690974,115.75287839183783
way/1035314635,1035314635,way,Australia,plant,Capacity placeholder value,yes,Tag 'plant:output:electricity' contains placeholder value 'yes' instead of actual capacity,2026-07-01 01:01:59.358333,https://www.openstreetmap.org/way/1035314635,-19.241758952252116,146.6668211775839
way/1043609471,1043609471,way,Australia,plant,Missing output tag,none,"tags: {'landuse': 'industrial', 'name': 'Murputja Power Station', 'plant:method': 'combustion', 'plant:source': 'diesel', 'power': 'plant'}",2026-07-01 01:01:59.360331,https://www.openstreetmap.org/way/1043609471,-26.16422767162625,130.1812700390598
way/1050581894,1050581894,way,Australia,plant,Capacity placeholder value,yes,Tag 'plant:output:electricity' contains placeholder value 'yes' instead of actual capacity,2026-07-01 01:01:59.363769,https://www.openstreetmap.org/way/1050581894,-34.28404907046575,140.70751392206958
way/1050964708,1050964708,way,Australia,plant,Capacity placeholder value,yes,Tag 'plant:output:electricity' contains placeholder value 'yes' instead of actual capacity,2026-07-01 01:01:59.364428,https://www.openstreetmap.org/way/1050964708,-36.41041496250362,144.9867752483368
way/1050964709,1050964709,way,Australia,plant,Capacity placeholder value,yes,Tag 'plant:output:electricity' contains placeholder value 'yes' instead of actual capacity,2026-07-01 01:01:59.364590,https://www.openstreetmap.org/way/1050964709,-36.497490061118285,145.02023319089975
way/1050964710,1050964710,way,Australia,plant,Capacity placeholder value,yes,Tag 'plant:output:electricity' contains placeholder value 'yes' instead of actual capacity,2026-07-01 01:01:59.364770,https://www.openstreetmap.org/way/1050964710,-36.4248585460556,144.94722750636313
way/1066021977,1066021977,way,Australia,plant,Capacity placeholder value,yes,Tag 'plant:output:electricity' contains placeholder value 'yes' instead of actual capacity,2026-07-01 01:01:59.366523,https://www.openstreetmap.org/way/1066021977,-27.56033114511965,152.3386480864106
way/1066021979,1066021979,way,Australia,plant,Capacity placeholder value,yes,Tag 'plant:output:electricity' contains placeholder value 'yes' instead of actual capacity,2026-07-01 01:01:59.366684,https://www.openstreetmap.org/way/1066021979,-27.559826336365127,152.34256614287887
way/1066021982,1066021982,way,Australia,plant,Capacity placeholder value,yes,Tag 'plant:output:electricity' contains placeholder value 'yes' instead of actual capacity,2026-07-01 01:01:59.366842,https://www.openstreetmap.org/way/1066021982,-27.5616462578038,152.3388545495541
way/1098716808,1098716808,way,Australia,plant,Capacity regex no match,243 KW,Tag 'plant:output:electricity' has value '243 KW' which could not be parsed,2026-07-01 01:01:59.369768,https://www.openstreetmap.org/way/1098716808,-25.0556205507006,115.20826962021728
way/1099935647,1099935647,way,Australia,plant,Missing output tag,none,"tags: {'landuse': 'industrial', 'plant:method': 'water-storage', 'plant:source': 'hydro', 'power': 'plant'}",2026-07-01 01:01:59.370435,https://www.openstreetmap.org/way/1099935647,-38.53177365804838,143.71969030067405
way/1100679078,1100679078,way,Australia,plant,Capacity placeholder value,yes,Tag 'plant:output:electricity' contains placeholder value 'yes' instead of actual capacity,2026-07-01 01:01:59.370663,https://www.openstreetmap.org/way/1100679078,-21.7414690251823,122.18258760550208
way/1100984417,1100984417,way,Australia,plant,Capacity regex no match,702 KW,Tag 'plant:output:electricity' has value '702 KW' which could not be parsed,2026-07-01 01:01:59.370905,https://www.openstreetmap.org/way/1100984417,-35.24523397648466,148.96511828045365
way/1100984418,1100984418,way,Australia,plant,Capacity placeholder value,yes,Tag 'plant:output:electricity' contains placeholder value 'yes' instead of actual capacity,2026-07-01 01:01:59.371121,https://www.openstreetmap.org/way/1100984418,-35.32649626283926,149.000825045151
way/1101027352,1101027352,way,Australia,plant,Capacity placeholder value,yes,Tag 'plant:output:electricity' contains placeholder value 'yes' instead of actual capacity,2026-07-01 01:01:59.371338,https://www.openstreetmap.org/way/1101027352,-27.42163330084729,117.88862700376774
way/1101066144,1101066144,way,Australia,plant,Capacity placeholder value,yes,Tag 'plant:output:electricity' contains placeholder value 'yes' instead of actual capacity,2026-07-01 01:01:59.371508,https://www.openstreetmap.org/way/1101066144,-34.59523419321876,138.7355646497508
way/1103511170,1103511170,way,Australia,plant,Capacity placeholder value,yes,Tag 'plant:output:electricity' contains placeholder value 'yes' instead of actual capacity,2026-07-01 01:01:59.371666,https://www.openstreetmap.org/way/1103511170,-31.194525231607578,136.81343133377183
way/1103728225,1103728225,way,Australia,plant,Capacity placeholder value,yes,Tag 'plant:output:electricity' contains placeholder value 'yes' instead of actual capacity,2026-07-01 01:01:59.371852,https://www.openstreetmap.org/way/1103728225,-33.72341108113532,151.0868371649589
way/1107922572,1107922572,way,Australia,plant,Capacity placeholder value,yes,Tag 'plant:output:electricity' contains placeholder value 'yes' instead of actual capacity,2026-07-01 01:01:59.372018,https://www.openstreetmap.org/way/1107922572,-27.55447422732486,152.78612715140613
way/1113456284,1113456284,way,Australia,plant,Capacity placeholder value,yes,Tag 'plant:output:electricity' contains placeholder value 'yes' instead of actual capacity,2026-07-01 01:01:59.372303,https://www.openstreetmap.org/way/1113456284,-22.1475729933822,117.9569368404612
way/1135903013,1135903013,way,Australia,plant,Capacity placeholder value,yes,Tag 'plant:output:electricity' contains placeholder value 'yes' instead of actual capacity,2026-07-01 01:01:59.373038,https://www.openstreetmap.org/way/1135903013,-33.10118247158535,118.45692617668065
way/1149568095,1149568095,way,Australia,plant,Capacity placeholder value,yes,Tag 'plant:output:electricity' contains placeholder value 'yes' instead of actual capacity,2026-07-01 01:01:59.374160,https://www.openstreetmap.org/way/1149568095,-36.09943432813576,146.82352746743592
way/1150613271,1150613271,way,Australia,plant,Missing output tag,none,"tags: {'plant:source': 'solar', 'power': 'plant'}",2026-07-01 01:01:59.374380,https://www.openstreetmap.org/way/1150613271,-17.439525115515725,130.8268034177245
way/1153101879,1153101879,way,Australia,plant,Capacity placeholder value,yes,Tag 'plant:output:electricity' contains placeholder value 'yes' instead of actual capacity,2026-07-01 01:01:59.374564,https://www.openstreetmap.org/way/1153101879,-36.38105112095273,145.70558645620733
way/1156465538,1156465538,way,Australia,plant,Capacity placeholder value,yes,Tag 'plant:output:electricity' contains placeholder value 'yes' instead of actual capacity,2026-07-01 01:01:59.375655,https://www.openstreetmap.org/way/1156465538,-20.791515740808702,115.44649637974038
way/1158470212,1158470212,way,Australia,plant,Capacity placeholder value,yes,Tag 'plant:output:electricity' contains placeholder value 'yes' instead of actual capacity,2026-07-01 01:01:59.376317,https://www.openstreetmap.org/way/1158470212,-13.857541002867249,136.43077621204498
way/1159891295,1159891295,way,Australia,plant,Capacity placeholder value,yes,Tag 'plant:output:electricity' contains placeholder value 'yes' instead of actual capacity,2026-07-01 01:01:59.376507,https://www.openstreetmap.org/way/1159891295,-24.682629797754064,134.07886970507238
way/1162630342,1162630342,way,Australia,plant,Capacity regex no match,704 kW,Tag 'plant:output:electricity' has value '704 kW' which could not be parsed,2026-07-01 01:01:59.376674,https://www.openstreetmap.org/way/1162630342,-25.91563299896954,113.54893199926106
way/1164296675,1164296675,way,Australia,plant,Capacity placeholder value,yes,Tag 'plant:output:electricity' contains placeholder value 'yes' instead of actual capacity,2026-07-01 01:01:59.376844,https://www.openstreetmap.org/way/1164296675,-21.6942317,139.51312345
way/1185419283,1185419283,way,Australia,plant,Missing output tag,none,"tags: {'plant:method': 'photovoltaic', 'plant:source': 'solar', 'power': 'plant'}",2026-07-01 01:01:59.378452,https://www.openstreetmap.org/way/1185419283,-38.11106629160867,145.49582060006142
way/1187233450,1187233450,way,Australia,plant,Capacity placeholder value,yes,Tag 'plant:output:electricity' contains placeholder value 'yes' instead of actual capacity,2026-07-01 01:01:59.378683,https://www.openstreetmap.org/way/1187233450,-33.857236004939445,151.06738432599624
way/1189421469,1189421469,way,Australia,plant,Capacity regex no match,small_installation,Tag 'plant:output:electricity' has value 'small_installation' which could not be parsed,2026-07-01 01:01:59.378848,https://www.openstreetmap.org/way/1189421469,-34.414246341710005,140.66501722306853
way/1190914434,1190914434,way,Australia,plant,Missing source tag,none,"tags: {'landuse': 'industrial', 'name': 'Karratha Gas Plant', 'power': 'plant'}",2026-07-01 01:01:59.379256,https://www.openstreetmap.org/way/1190914434,-20.593449536437493,116.77901364181463
way/1194054256,1194054256,way,Australia,plant,Capacity placeholder value,yes,Tag 'plant:output:electricity' contains placeholder value 'yes' instead of actual capacity,2026-07-01 01:01:59.379475,https://www.openstreetmap.org/way/1194054256,-35.040869811257586,143.28799606178717
way/1201010260,1201010260,way,Australia,plant,Capacity placeholder value,yes,Tag 'plant:output:electricity' contains placeholder value 'yes' instead of actual capacity,2026-07-01 01:01:59.379813,https://www.openstreetmap.org/way/1201010260,-15.779382365813921,128.73915683333334
way/1201703259,1201703259,way,Australia,plant,Capacity placeholder value,yes,Tag 'plant:output:electricity' contains placeholder value 'yes' instead of actual capacity,2026-07-01 01:01:59.379994,https://www.openstreetmap.org/way/1201703259,-34.37929352382331,142.1885103431023
way/1206779480,1206779480,way,Australia,plant,Capacity placeholder value,yes,Tag 'plant:output:electricity' contains placeholder value 'yes' instead of actual capacity,2026-07-01 01:01:59.381646,https://www.openstreetmap.org/way/1206779480,-14.925206805196915,144.20058588663028
way/1206868219,1206868219,way,Australia,plant,Capacity placeholder value,yes,Tag 'plant:output:electricity' contains placeholder value 'yes' instead of actual capacity,2026-07-01 01:01:59.381948,https://www.openstreetmap.org/way/1206868219,-18.19551530590832,133.39496375305825
way/1211226620,1211226620,way,Australia,plant,Capacity placeholder value,yes,Tag 'plant:output:electricity' contains placeholder value 'yes' instead of actual capacity,2026-07-01 01:01:59.382387,https://www.openstreetmap.org/way/1211226620,-24.112953441745617,152.71638026442437
way/1212412192,1212412192,way,Australia,plant,Missing output tag,none,"tags: {'barrier': 'fence', 'plant:method': 'photovoltaic', 'plant:source': 'solar', 'power': 'plant'}",2026-07-01 01:01:59.382796,https://www.openstreetmap.org/way/1212412192,-38.06216923654222,144.35276312134982
way/1213170811,1213170811,way,Australia,plant,Missing output tag,none,"tags: {'landuse': 'industrial', 'name': 'Invicta Sugar Mill Power Station', 'plant:source': 'biomass', 'power': 'plant', 'source': 'https://www.gem.wiki/Invicta_Sugar_Mill_power_station'}",2026-07-01 01:01:59.383038,https://www.openstreetmap.org/way/1213170811,-19.51687751193741,147.10685499868677
way/1214099184,1214099184,way,Australia,plant,Capacity placeholder value,yes,Tag 'plant:output:electricity' contains placeholder value 'yes' instead of actual capacity,2026-07-01 01:01:59.383222,https://www.openstreetmap.org/way/1214099184,-35.2784966,142.4262898
way/1220381143,1220381143,way,Australia,plant,Capacity placeholder value,yes,Tag 'plant:output:electricity' contains placeholder value 'yes' instead of actual capacity,2026-07-01 01:01:59.383821,https://www.openstreetmap.org/way/1220381143,-11.649092759569044,133.38345743203746
way/1220381144,1220381144,way,Australia,plant,Capacity placeholder value,yes,Tag 'plant:output:electricity' contains placeholder value 'yes' instead of actual capacity,2026-07-01 01:01:59.383979,https://www.openstreetmap.org/way/1220381144,-11.14415395,132.57268365000002
way/1221393146,1221393146,way,Australia,plant,Capacity placeholder value,yes,Tag 'plant:output:electricity' contains placeholder value 'yes' instead of actual capacity,2026-07-01 01:01:59.384362,https://www.openstreetmap.org/way/1221393146,-23.538772713467594,145.2731831654168
way/1221944212,1221944212,way,Australia,plant,Capacity placeholder value,yes,Tag 'plant:output:electricity' contains placeholder value 'yes' instead of actual capacity,2026-07-01 01:01:59.384579,https://www.openstreetmap.org/way/1221944212,-37.51660230982442,143.81326660134513
way/1222311235,1222311235,way,Australia,plant,Capacity placeholder value,yes,Tag 'plant:output:electricity' contains placeholder value 'yes' instead of actual capacity,2026-07-01 01:01:59.384804,https://www.openstreetmap.org/way/1222311235,-27.215514864636244,120.54900758558723
way/1223346499,1223346499,way,Australia,plant,Capacity placeholder value,yes,Tag 'plant:output:electricity' contains placeholder value 'yes' instead of actual capacity,2026-07-01 01:01:59.384963,https://www.openstreetmap.org/way/1223346499,-32.64629952476595,115.94651024812313
way/1223481955,1223481955,way,Australia,plant,Capacity placeholder value,yes,Tag 'plant:output:electricity' contains placeholder value 'yes' instead of actual capacity,2026-07-01 01:01:59.385134,https://www.openstreetmap.org/way/1223481955,-36.27009464607718,142.39630829892087
way/1229557500,1229557500,way,Australia,plant,Missing output tag,none,"tags: {'landuse': 'industrial', 'name': 'South Johnstone Mill Power Station', 'plant:source': 'biomass', 'power': 'plant'}",2026-07-01 01:01:59.400415,https://www.openstreetmap.org/way/1229557500,-17.606456291355475,145.99113280796587
way/1232861624,1232861624,way,Australia,plant,Capacity placeholder value,yes,Tag 'plant:output:electricity' contains placeholder value 'yes' instead of actual capacity,2026-07-01 01:01:59.401219,https://www.openstreetmap.org/way/1232861624,-35.98565234272681,146.39720988157052
way/1234148892,1234148892,way,Australia,plant,Capacity placeholder value,yes,Tag 'plant:output:electricity' contains placeholder value 'yes' instead of actual capacity,2026-07-01 01:01:59.401413,https://www.openstreetmap.org/way/1234148892,-30.802384075074844,121.37567226719722
way/1236130525,1236130525,way,Australia,plant,Capacity placeholder value,yes,Tag 'plant:output:electricity' contains placeholder value 'yes' instead of actual capacity,2026-07-01 01:01:59.401575,https://www.openstreetmap.org/way/1236130525,-30.71307122302332,134.568384547131
way/1241548554,1241548554,way,Australia,plant,Capacity placeholder value,yes,Tag 'plant:output:electricity' contains placeholder value 'yes' instead of actual capacity,2026-07-01 01:01:59.402124,https://www.openstreetmap.org/way/1241548554,-33.828110972007885,151.0273869271661
way/1241913562,1241913562,way,Australia,plant,Capacity placeholder value,yes,Tag 'plant:output:electricity' contains placeholder value 'yes' instead of actual capacity,2026-07-01 01:01:59.402417,https://www.openstreetmap.org/way/1241913562,-33.922673948008914,151.16544295070048
way/1251183643,1251183643,way,Australia,plant,Capacity placeholder value,yes,Tag 'plant:output:electricity' contains placeholder value 'yes' instead of actual capacity,2026-07-01 01:01:59.402602,https://www.openstreetmap.org/way/1251183643,-35.997497848952186,142.01329081342035
way/1276091024,1276091024,way,Australia,plant,Capacity placeholder value,yes,Tag 'plant:output:electricity' contains placeholder value 'yes' instead of actual capacity,2026-07-01 01:01:59.403145,https://www.openstreetmap.org/way/1276091024,-10.724238597441035,142.46461898616607
way/1290568162,1290568162,way,Australia,plant,Capacity placeholder value,yes,Tag 'plant:output:electricity' contains placeholder value 'yes' instead of actual capacity,2026-07-01 01:01:59.404486,https://www.openstreetmap.org/way/1290568162,-24.89718251866881,113.67364770140252
way/1292775014,1292775014,way,Australia,plant,Capacity placeholder value,yes,Tag 'plant:output:electricity' contains placeholder value 'yes' instead of actual capacity,2026-07-01 01:01:59.404872,https://www.openstreetmap.org/way/1292775014,-12.786821925651301,143.34091122514866
way/1292823938,1292823938,way,Australia,plant,Capacity placeholder value,yes,Tag 'plant:output:electricity' contains placeholder value 'yes' instead of actual capacity,2026-07-01 01:01:59.405034,https://www.openstreetmap.org/way/1292823938,-27.42480708636855,151.906180175864
way/1293365724,1293365724,way,Australia,plant,Capacity regex no match,825 KW,Tag 'plant:output:electricity' has value '825 KW' which could not be parsed,2026-07-01 01:01:59.405460,https://www.openstreetmap.org/way/1293365724,-23.154711069992775,113.77221570822545
way/1293776357,1293776357,way,Australia,plant,Capacity regex no match,600 kW,Tag 'plant:output:electricity' has value '600 kW' which could not be parsed,2026-07-01 01:01:59.405893,https://www.openstreetmap.org/way/1293776357,-31.993752399411452,115.52891792098401
way/1302838532,1302838532,way,Australia,plant,Capacity placeholder value,yes,Tag 'plant:output:electricity' contains placeholder value 'yes' instead of actual capacity,2026-07-01 01:01:59.407145,https://www.openstreetmap.org/way/1302838532,-30.85570590227492,143.08887531819298
way/1302843440,1302843440,way,Australia,plant,Capacity placeholder value,yes,Tag 'plant:output:electricity' contains placeholder value 'yes' instead of actual capacity,2026-07-01 01:01:59.407367,https://www.openstreetmap.org/way/1302843440,-18.19591430165819,125.55954823965537
way/1303489889,1303489889,way,Australia,plant,Capacity placeholder value,yes,Tag 'plant:output:electricity' contains placeholder value 'yes' instead of actual capacity,2026-07-01 01:01:59.408406,https://www.openstreetmap.org/way/1303489889,-34.806482747652026,138.61829801565625
way/1304018289,1304018289,way,Australia,plant,Capacity placeholder value,yes,Tag 'plant:output:electricity' contains placeholder value 'yes' instead of actual capacity,2026-07-01 01:01:59.408728,https://www.openstreetmap.org/way/1304018289,-33.20472684909387,138.06960698360572
way/1304018335,1304018335,way,Australia,plant,Capacity placeholder value,yes,Tag 'plant:output:electricity' contains placeholder value 'yes' instead of actual capacity,2026-07-01 01:01:59.408914,https://www.openstreetmap.org/way/1304018335,-33.2216384177845,138.1085118634591
way/1305800076,1305800076,way,Australia,plant,Capacity placeholder value,yes,Tag 'plant:output:electricity' contains placeholder value 'yes' instead of actual capacity,2026-07-01 01:01:59.410220,https://www.openstreetmap.org/way/1305800076,-24.81669099972075,152.39166489087947
way/1306363921,1306363921,way,Australia,plant,Capacity placeholder value,yes,Tag 'plant:output:electricity' contains placeholder value 'yes' instead of actual capacity,2026-07-01 01:01:59.410501,https://www.openstreetmap.org/way/1306363921,-34.528460954701494,138.68396874358885
way/1312172268,1312172268,way,Australia,plant,Missing source tag,none,"tags: {'landuse': 'industrial', 'power': 'plant'}",2026-07-01 01:01:59.410689,https://www.openstreetmap.org/way/1312172268,-22.091396365834104,134.7736835362003
way/1312172270,1312172270,way,Australia,plant,Capacity placeholder value,yes,Tag 'plant:output:electricity' contains placeholder value 'yes' instead of actual capacity,2026-07-01 01:01:59.410858,https://www.openstreetmap.org/way/1312172270,-22.091481934472146,134.7735648444136
way/1312716446,1312716446,way,Australia,plant,Capacity placeholder value,yes,Tag 'plant:output:electricity' contains placeholder value 'yes' instead of actual capacity,2026-07-01 01:01:59.411019,https://www.openstreetmap.org/way/1312716446,-13.050323420248867,131.0483693041484
way/1312741127,1312741127,way,Australia,plant,Capacity placeholder value,yes,Tag 'plant:output:electricity' contains placeholder value 'yes' instead of actual capacity,2026-07-01 01:01:59.411187,https://www.openstreetmap.org/way/1312741127,-12.328588614504623,133.04441663938408
way/1319395718,1319395718,way,Australia,plant,Missing output tag,none,"tags: {'landuse': 'industrial', 'plant:source': 'battery', 'power': 'plant'}",2026-07-01 01:01:59.412084,https://www.openstreetmap.org/way/1319395718,-19.299010518773887,146.69278133527632
way/1330071054,1330071054,way,Australia,plant,Capacity placeholder value,yes,Tag 'plant:output:electricity' contains placeholder value 'yes' instead of actual capacity,2026-07-01 01:01:59.412737,https://www.openstreetmap.org/way/1330071054,-26.594387062784968,118.48346292789958
way/1330729798,1330729798,way,Australia,plant,Capacity placeholder value,yes,Tag 'plant:output:electricity' contains placeholder value 'yes' instead of actual capacity,2026-07-01 01:01:59.412911,https://www.openstreetmap.org/way/1330729798,-30.78539416291714,121.45937588308387
way/1333763457,1333763457,way,Australia,plant,Capacity placeholder value,yes,Tag 'plant:output:electricity' contains placeholder value 'yes' instead of actual capacity,2026-07-01 01:01:59.419695,https://www.openstreetmap.org/way/1333763457,-24.339520268404584,133.46988969244117
way/1333767776,1333767776,way,Australia,plant,Capacity placeholder value,yes,Tag 'plant:output:electricity' contains placeholder value 'yes' instead of actual capacity,2026-07-01 01:01:59.419858,https://www.openstreetmap.org/way/1333767776,-23.863721444056363,133.82419216732342
way/1334676701,1334676701,way,Australia,plant,Capacity placeholder value,yes,Tag 'plant:output:electricity' contains placeholder value 'yes' instead of actual capacity,2026-07-01 01:01:59.420016,https://www.openstreetmap.org/way/1334676701,-22.974265824980638,134.93727455624844
way/1335590756,1335590756,way,Australia,plant,Capacity placeholder value,yes,Tag 'plant:output:electricity' contains placeholder value 'yes' instead of actual capacity,2026-07-01 01:01:59.420175,https://www.openstreetmap.org/way/1335590756,-12.209231494500102,136.2298118231415
way/1335590980,1335590980,way,Australia,plant,Capacity placeholder value,yes,Tag 'plant:output:electricity' contains placeholder value 'yes' instead of actual capacity,2026-07-01 01:01:59.420365,https://www.openstreetmap.org/way/1335590980,-12.41091055,136.38783019999997
way/1335597175,1335597175,way,Australia,plant,Capacity placeholder value,yes,Tag 'plant:output:electricity' contains placeholder value 'yes' instead of actual capacity,2026-07-01 01:01:59.420523,https://www.openstreetmap.org/way/1335597175,-12.504687164934543,135.81484755019412
way/1336634581,1336634581,way,Australia,plant,Capacity placeholder value,yes,Tag 'plant:output:electricity' contains placeholder value 'yes' instead of actual capacity,2026-07-01 01:01:59.420679,https://www.openstreetmap.org/way/1336634581,-17.80380527316583,122.31036453634911
way/1337201959,1337201959,way,Australia,plant,Capacity placeholder value,yes,Tag 'plant:output:electricity' contains placeholder value 'yes' instead of actual capacity,2026-07-01 01:01:59.420844,https://www.openstreetmap.org/way/1337201959,-20.705961071196732,116.77700173372152
way/1341450256,1341450256,way,Australia,plant,Capacity placeholder value,yes,Tag 'plant:output:electricity' contains placeholder value 'yes' instead of actual capacity,2026-07-01 01:01:59.421561,https://www.openstreetmap.org/way/1341450256,-30.90036313916501,132.2070095698906
way/1344918155,1344918155,way,Australia,plant,Capacity placeholder value,yes,Tag 'plant:output:electricity' contains placeholder value 'yes' instead of actual capacity,2026-07-01 01:01:59.422190,https://www.openstreetmap.org/way/1344918155,-33.004657720569426,137.566151498023
way/1347172053,1347172053,way,Australia,plant,Capacity placeholder value,yes,Tag 'plant:output:electricity' contains placeholder value 'yes' instead of actual capacity,2026-07-01 01:01:59.422589,https://www.openstreetmap.org/way/1347172053,-34.680638168064846,142.77340643848717
way/1347172054,1347172054,way,Australia,plant,Capacity placeholder value,yes,Tag 'plant:output:electricity' contains placeholder value 'yes' instead of actual capacity,2026-07-01 01:01:59.423087,https://www.openstreetmap.org/way/1347172054,-34.68939002802489,142.76545794855667
way/1347172055,1347172055,way,Australia,plant,Capacity placeholder value,yes,Tag 'plant:output:electricity' contains placeholder value 'yes' instead of actual capacity,2026-07-01 01:01:59.423586,https://www.openstreetmap.org/way/1347172055,-34.68621729611113,142.74881622925457
way/1347172056,1347172056,way,Australia,plant,Capacity placeholder value,yes,Tag 'plant:output:electricity' contains placeholder value 'yes' instead of actual capacity,2026-07-01 01:01:59.423822,https://www.openstreetmap.org/way/1347172056,-34.68674124188328,142.7371715272041
way/1352887094,1352887094,way,Australia,plant,Capacity regex no match,60 kW,Tag 'plant:output:electricity' has value '60 kW' which could not be parsed,2026-07-01 01:01:59.424396,https://www.openstreetmap.org/way/1352887094,-38.279216997539955,144.42110430281892
way/1354130166,1354130166,way,Australia,plant,Capacity placeholder value,yes,Tag 'plant:output:electricity' contains placeholder value 'yes' instead of actual capacity,2026-07-01 01:01:59.424581,https://www.openstreetmap.org/way/1354130166,-18.243673620346424,127.64861462166435
way/1356063113,1356063113,way,Australia,plant,Capacity placeholder value,yes,Tag 'plant:output:electricity' contains placeholder value 'yes' instead of actual capacity,2026-07-01 01:01:59.424749,https://www.openstreetmap.org/way/1356063113,-13.945080444257815,143.20148372593493
way/1360858893,1360858893,way,Australia,plant,Capacity placeholder value,yes,Tag 'plant:output:electricity' contains placeholder value 'yes' instead of actual capacity,2026-07-01 01:01:59.425321,https://www.openstreetmap.org/way/1360858893,-36.164639369674866,145.39424451447854
way/1360860740,1360860740,way,Australia,plant,Capacity placeholder value,yes,Tag 'plant:output:electricity' contains placeholder value 'yes' instead of actual capacity,2026-07-01 01:01:59.425540,https://www.openstreetmap.org/way/1360860740,-35.77811738155202,143.94027313791116
way/1369022927,1369022927,way,Australia,plant,Missing output tag,none,"tags: {'plant:method': 'photovoltaic', 'plant:source': 'solar', 'power': 'plant'}",2026-07-01 01:01:59.427476,https://www.openstreetmap.org/way/1369022927,-37.9843233,144.35752185
way/1369595827,1369595827,way,Australia,plant,Capacity placeholder value,yes,Tag 'plant:output:electricity' contains placeholder value 'yes' instead of actual capacity,2026-07-01 01:01:59.427733,https://www.openstreetmap.org/way/1369595827,-25.24269005772934,130.98222995616075
way/1370740314,1370740314,way,Australia,plant,Capacity placeholder value,yes,Tag 'plant:output:electricity' contains placeholder value 'yes' instead of actual capacity,2026-07-01 01:01:59.428583,https://www.openstreetmap.org/way/1370740314,-33.41312796376282,138.84566256865122
way/1370829162,1370829162,way,Australia,plant,Capacity placeholder value,yes,Tag 'plant:output:electricity' contains placeholder value 'yes' instead of actual capacity,2026-07-01 01:01:59.428749,https://www.openstreetmap.org/way/1370829162,-16.86420473027558,144.87952845972183
way/1371661299,1371661299,way,Australia,plant,Capacity placeholder value,yes,Tag 'plant:output:electricity' contains placeholder value 'yes' instead of actual capacity,2026-07-01 01:01:59.428998,https://www.openstreetmap.org/way/1371661299,-34.64859489903111,148.0264062678514
way/1374087541,1374087541,way,Australia,plant,Capacity placeholder value,yes,Tag 'plant:output:electricity' contains placeholder value 'yes' instead of actual capacity,2026-07-01 01:01:59.430656,https://www.openstreetmap.org/way/1374087541,-38.07474628995334,141.78660795004112
way/1374437392,1374437392,way,Australia,plant,Capacity placeholder value,yes,Tag 'plant:output:electricity' contains placeholder value 'yes' instead of actual capacity,2026-07-01 01:01:59.430822,https://www.openstreetmap.org/way/1374437392,-29.122720477905066,150.30935292065502
way/1374437393,1374437393,way,Australia,plant,Capacity placeholder value,yes,Tag 'plant:output:electricity' contains placeholder value 'yes' instead of actual capacity,2026-07-01 01:01:59.430982,https://www.openstreetmap.org/way/1374437393,-29.122810601429922,150.3093157735359
way/1378855127,1378855127,way,Australia,plant,Capacity regex no match,380,Tag 'plant:output:electricity' has value '380' which could not be parsed,2026-07-01 01:01:59.431203,https://www.openstreetmap.org/way/1378855127,-23.815176699710324,151.05811004947788
way/1378872767,1378872767,way,Australia,plant,Capacity regex no match,97,Tag 'plant:output:electricity' has value '97' which could not be parsed,2026-07-01 01:01:59.431492,https://www.openstreetmap.org/way/1378872767,-33.07971330926723,148.09190881894745
way/1384729011,1384729011,way,Australia,plant,Capacity placeholder value,yes,Tag 'plant:output:electricity' contains placeholder value 'yes' instead of actual capacity,2026-07-01 01:01:59.432144,https://www.openstreetmap.org/way/1384729011,-26.53863938325386,151.88127072586295
way/1385081408,1385081408,way,Australia,plant,Capacity placeholder value,yes,Tag 'plant:output:electricity' contains placeholder value 'yes' instead of actual capacity,2026-07-01 01:01:59.432375,https://www.openstreetmap.org/way/1385081408,-28.54581495,150.27901319999998
way/1386094603,1386094603,way,Australia,plant,Capacity placeholder value,yes,Tag 'plant:output:electricity' contains placeholder value 'yes' instead of actual capacity,2026-07-01 01:01:59.433045,https://www.openstreetmap.org/way/1386094603,-35.180432565588895,149.54615297138594
way/1391357699,1391357699,way,Australia,plant,Capacity placeholder value,yes,Tag 'plant:output:electricity' contains placeholder value 'yes' instead of actual capacity,2026-07-01 01:01:59.433593,https://www.openstreetmap.org/way/1391357699,-34.50316087379114,139.56718891915546
way/1392664423,1392664423,way,Australia,plant,Capacity placeholder value,yes,Tag 'plant:output:electricity' contains placeholder value 'yes' instead of actual capacity,2026-07-01 01:01:59.433796,https://www.openstreetmap.org/way/1392664423,-35.12315063104683,138.47322278929437
way/1392996015,1392996015,way,Australia,plant,Capacity placeholder value,yes,Tag 'plant:output:electricity' contains placeholder value 'yes' instead of actual capacity,2026-07-01 01:01:59.434289,https://www.openstreetmap.org/way/1392996015,-34.91414479948204,139.27315348413316
way/1415296821,1415296821,way,Australia,plant,Missing output tag,none,"tags: {'plant:source': 'solar', 'power': 'plant'}",2026-07-01 01:01:59.434526,https://www.openstreetmap.org/way/1415296821,-27.206676199175003,120.56213910792067
way/1424646947,1424646947,way,Australia,plant,Capacity placeholder value,yes,Tag 'plant:output:electricity' contains placeholder value 'yes' instead of actual capacity,2026-07-01 01:01:59.434937,https://www.openstreetmap.org/way/1424646947,-24.857288735611043,152.37301084746937
way/1431694705,1431694705,way,Australia,plant,Missing output tag,none,"tags: {'plant:source': 'solar', 'power': 'plant'}",2026-07-01 01:01:59.435116,https://www.openstreetmap.org/way/1431694705,-21.078727288883503,118.8852034749619
way/1431807538,1431807538,way,Australia,plant,Capacity placeholder value,yes,Tag 'plant:output:electricity' contains placeholder value 'yes' instead of actual capacity,2026-07-01 01:01:59.435357,https://www.openstreetmap.org/way/1431807538,-33.560466972643034,120.01867511461404
way/1441528831,1441528831,way,Australia,plant,Capacity placeholder value,yes,Tag 'plant:output:electricity' contains placeholder value 'yes' instead of actual capacity,2026-07-01 01:01:59.435528,https://www.openstreetmap.org/way/1441528831,-36.43430433225742,145.9231131864889
way/1441735537,1441735537,way,Australia,plant,Capacity placeholder value,yes,Tag 'plant:output:electricity' contains placeholder value 'yes' instead of actual capacity,2026-07-01 01:01:59.435776,https://www.openstreetmap.org/way/1441735537,-34.345773325038664,142.0782220638886
way/1442551619,1442551619,way,Australia,plant,Capacity placeholder value,yes,Tag 'plant:output:electricity' contains placeholder value 'yes' instead of actual capacity,2026-07-01 01:01:59.435987,https://www.openstreetmap.org/way/1442551619,-34.344030677948034,142.08830511906936
way/1444129589,1444129589,way,Australia,plant,Capacity placeholder value,yes,Tag 'plant:output:electricity' contains placeholder value 'yes' instead of actual capacity,2026-07-01 01:01:59.436145,https://www.openstreetmap.org/way/1444129589,-35.60837798053141,142.5804665522948
way/1444717483,1444717483,way,Australia,plant,Capacity placeholder value,yes,Tag 'plant:output:electricity' contains placeholder value 'yes' instead of actual capacity,2026-07-01 01:01:59.436384,https://www.openstreetmap.org/way/1444717483,-23.31737458724914,150.48612081208947
way/1444820675,1444820675,way,Australia,plant,Capacity placeholder value,yes,Tag 'plant:output:electricity' contains placeholder value 'yes' instead of actual capacity,2026-07-01 01:01:59.436553,https://www.openstreetmap.org/way/1444820675,-34.330715044826285,142.07693917458008
way/1451028355,1451028355,way,Australia,plant,Missing output tag,none,"tags: {'landuse': 'industrial', 'name': 'Swanbank BESS', 'operator': 'CleanCo', 'plant:source': 'battery', 'power': 'plant'}",2026-07-01 01:01:59.436950,https://www.openstreetmap.org/way/1451028355,-27.659909314780684,152.8147826853725
way/1458187408,1458187408,way,Australia,plant,Capacity placeholder value,yes,Tag 'plant:output:electricity' contains placeholder value 'yes' instead of actual capacity,2026-07-01 01:01:59.437139,https://www.openstreetmap.org/way/1458187408,-34.27931351539935,141.59833337493015
way/1458388790,1458388790,way,Australia,plant,Capacity placeholder value,yes,Tag 'plant:output:electricity' contains placeholder value 'yes' instead of actual capacity,2026-07-01 01:01:59.437346,https://www.openstreetmap.org/way/1458388790,-12.259556020717788,136.82850952615073
way/1459813818,1459813818,way,Australia,plant,Capacity placeholder value,yes,Tag 'plant:output:electricity' contains placeholder value 'yes' instead of actual capacity,2026-07-01 01:01:59.437715,https://www.openstreetmap.org/way/1459813818,-42.94137389951867,147.78279380506322
way/1462503270,1462503270,way,Australia,plant,Capacity regex no match,569kW,Tag 'plant:output:electricity' has value '569kW' which could not be parsed,2026-07-01 01:01:59.437906,https://www.openstreetmap.org/way/1462503270,-27.55594647860296,135.43970990830965
way/1469427100,1469427100,way,Australia,plant,Capacity placeholder value,yes,Tag 'plant:output:electricity' contains placeholder value 'yes' instead of actual capacity,2026-07-01 01:01:59.438259,https://www.openstreetmap.org/way/1469427100,-27.726862550000003,153.10976440000002
way/1471629733,1471629733,way,Australia,plant,Capacity placeholder value,yes,Tag 'plant:output:electricity' contains placeholder value 'yes' instead of actual capacity,2026-07-01 01:01:59.438422,https://www.openstreetmap.org/way/1471629733,-25.264495448852728,122.04482503787118
way/1472071376,1472071376,way,Australia,plant,Missing output tag,none,"tags: {'landuse': 'industrial', 'name:en': 'Tesla Kemerton power station', 'operator': 'Tesla Kemerton Pty Ltd', 'plant:source': 'diesel', 'power': 'plant', 'website': 'https://www.teslacorp.com.au/'}",2026-07-01 01:01:59.438599,https://www.openstreetmap.org/way/1472071376,-33.21177066442779,115.76052190540987
way/1472071696,1472071696,way,Australia,plant,Missing source tag,none,"tags: {'landuse': 'industrial', 'name:en': 'Tesla Northam power station', 'operator': 'Tesla Northam Pty Ltd', 'power': 'plant', 'website': 'https://www.teslacorp.com.au/'}",2026-07-01 01:01:59.438815,https://www.openstreetmap.org/way/1472071696,-31.643044002520977,116.84744193818699
way/1472637667,1472637667,way,Australia,plant,Capacity placeholder value,yes,Tag 'plant:output:electricity' contains placeholder value 'yes' instead of actual capacity,2026-07-01 01:01:59.439168,https://www.openstreetmap.org/way/1472637667,-34.776444822780434,143.24988726680536
way/1473562654,1473562654,way,Australia,plant,Missing output tag,none,"tags: {'plant:source': 'solar', 'power': 'plant'}",2026-07-01 01:01:59.439374,https://www.openstreetmap.org/way/1473562654,-34.71712211376015,143.14629742375334
way/1474465790,1474465790,way,Australia,plant,Missing output tag,none,"tags: {'plant:source': 'solar', 'power': 'plant'}",2026-07-01 01:01:59.439578,https://www.openstreetmap.org/way/1474465790,-34.70229560505495,143.09463630837462
way/1474744322,1474744322,way,Australia,plant,Missing output tag,none,"tags: {'plant:source': 'solar', 'power': 'plant'}",2026-07-01 01:01:59.439787,https://www.openstreetmap.org/way/1474744322,-34.72004861854726,143.16782574602988
way/1476497707,1476497707,way,Australia,plant,Capacity placeholder value,yes,Tag 'plant:output:electricity' contains placeholder value 'yes' instead of actual capacity,2026-07-01 01:01:59.440043,https://www.openstreetmap.org/way/1476497707,-32.88148033823989,151.7677870733796
way/1479476933,1479476933,way,Australia,plant,Capacity placeholder value,yes,Tag 'plant:output:electricity' contains placeholder value 'yes' instead of actual capacity,2026-07-01 01:01:59.440199,https://www.openstreetmap.org/way/1479476933,-24.301095607318768,131.60081254317342
way/1480016178,1480016178,way,Australia,plant,Missing output tag,none,"tags: {'plant:source': 'solar', 'power': 'plant'}",2026-07-01 01:01:59.440480,https://www.openstreetmap.org/way/1480016178,-34.69721684550401,142.85602848363573
way/1481618586,1481618586,way,Australia,plant,Capacity placeholder value,yes,Tag 'plant:output:electricity' contains placeholder value 'yes' instead of actual capacity,2026-07-01 01:01:59.440681,https://www.openstreetmap.org/way/1481618586,-33.18585509106381,138.0806563888667
way/1483426135,1483426135,way,Australia,plant,Capacity placeholder value,yes,Tag 'plant:output:electricity' contains placeholder value 'yes' instead of actual capacity,2026-07-01 01:01:59.440856,https://www.openstreetmap.org/way/1483426135,-17.74015105,139.54621315
way/1483426136,1483426136,way,Australia,plant,Capacity placeholder value,yes,Tag 'plant:output:electricity' contains placeholder value 'yes' instead of actual capacity,2026-07-01 01:01:59.441018,https://www.openstreetmap.org/way/1483426136,-16.6647901,139.1777823
way/1483426143,1483426143,way,Australia,plant,Capacity placeholder value,yes,Tag 'plant:output:electricity' contains placeholder value 'yes' instead of actual capacity,2026-07-01 01:01:59.441177,https://www.openstreetmap.org/way/1483426143,-20.0343271,140.03475304999998
way/1483426150,1483426150,way,Australia,plant,Capacity placeholder value,yes,Tag 'plant:output:electricity' contains placeholder value 'yes' instead of actual capacity,2026-07-01 01:01:59.441371,https://www.openstreetmap.org/way/1483426150,-22.896477708551185,139.90786557075046
way/1483426152,1483426152,way,Australia,plant,Capacity placeholder value,yes,Tag 'plant:output:electricity' contains placeholder value 'yes' instead of actual capacity,2026-07-01 01:01:59.441531,https://www.openstreetmap.org/way/1483426152,-23.636050517120974,146.5668746336314
way/1483426156,1483426156,way,Australia,plant,Capacity placeholder value,yes,Tag 'plant:output:electricity' contains placeholder value 'yes' instead of actual capacity,2026-07-01 01:01:59.441688,https://www.openstreetmap.org/way/1483426156,-25.897455512467218,139.35168753266365
way/1483426157,1483426157,way,Australia,plant,Capacity placeholder value,yes,Tag 'plant:output:electricity' contains placeholder value 'yes' instead of actual capacity,2026-07-01 01:01:59.441845,https://www.openstreetmap.org/way/1483426157,-25.888131741383283,139.34976853385896
way/1483426158,1483426158,way,Australia,plant,Capacity placeholder value,yes,Tag 'plant:output:electricity' contains placeholder value 'yes' instead of actual capacity,2026-07-01 01:01:59.442001,https://www.openstreetmap.org/way/1483426158,-25.412674854666285,142.6607409636121
way/1483969561,1483969561,way,Australia,plant,Capacity placeholder value,yes,Tag 'plant:output:electricity' contains placeholder value 'yes' instead of actual capacity,2026-07-01 01:01:59.442163,https://www.openstreetmap.org/way/1483969561,-27.6488030155097,152.74045463169554
way/1484502539,1484502539,way,Australia,plant,Capacity placeholder value,yes,Tag 'plant:output:electricity' contains placeholder value 'yes' instead of actual capacity,2026-07-01 01:01:59.442366,https://www.openstreetmap.org/way/1484502539,-34.69425986602135,142.72302640512666
way/1494562723,1494562723,way,Australia,plant,Capacity regex no match,100 kW,Tag 'plant:output:electricity' has value '100 kW' which could not be parsed,2026-07-01 01:01:59.442531,https://www.openstreetmap.org/way/1494562723,-28.844166446336793,153.28835363161386
way/1494785369,1494785369,way,Australia,plant,Capacity placeholder value,yes,Tag 'plant:output:electricity' contains placeholder value 'yes' instead of actual capacity,2026-07-01 01:01:59.442699,https://www.openstreetmap.org/way/1494785369,-36.053364650000006,145.46836465
way/1496150403,1496150403,way,Australia,plant,Capacity placeholder value,yes,Tag 'plant:output:electricity' contains placeholder value 'yes' instead of actual capacity,2026-07-01 01:01:59.442856,https://www.openstreetmap.org/way/1496150403,-31.676511992537968,128.8865432243869
way/1496828692,1496828692,way,Australia,plant,Missing output tag,none,"tags: {'barrier': 'fence', 'plant:source': 'solar', 'power': 'plant'}",2026-07-01 01:01:59.443343,https://www.openstreetmap.org/way/1496828692,-32.76999203248868,151.34179442124253
way/1497658911,1497658911,way,Australia,plant,Capacity placeholder value,yes,Tag 'plant:output:electricity' contains placeholder value 'yes' instead of actual capacity,2026-07-01 01:01:59.443535,https://www.openstreetmap.org/way/1497658911,-38.20012150529514,145.86878697143015
way/1497659200,1497659200,way,Australia,plant,Capacity regex no match,350 kW,Tag 'plant:output:electricity' has value '350 kW' which could not be parsed,2026-07-01 01:01:59.443699,https://www.openstreetmap.org/way/1497659200,-38.13793193433349,145.83574237649412
way/1497801797,1497801797,way,Australia,plant,Capacity placeholder value,yes,Tag 'plant:output:electricity' contains placeholder value 'yes' instead of actual capacity,2026-07-01 01:01:59.443876,https://www.openstreetmap.org/way/1497801797,-37.85339599574233,145.318850984453
way/1497801798,1497801798,way,Australia,plant,Capacity placeholder value,yes,Tag 'plant:output:electricity' contains placeholder value 'yes' instead of actual capacity,2026-07-01 01:01:59.444099,https://www.openstreetmap.org/way/1497801798,-37.854701733314215,145.31985867194766
way/1499011428,1499011428,way,Australia,plant,Capacity placeholder value,yes,Tag 'plant:output:electricity' contains placeholder value 'yes' instead of actual capacity,2026-07-01 01:01:59.444276,https://www.openstreetmap.org/way/1499011428,-26.59205391861621,120.21864856045174
way/1499011429,1499011429,way,Australia,plant,Capacity placeholder value,yes,Tag 'plant:output:electricity' contains placeholder value 'yes' instead of actual capacity,2026-07-01 01:01:59.444436,https://www.openstreetmap.org/way/1499011429,-26.59206052060699,120.2183710501425
way/1503504617,1503504617,way,Australia,plant,Missing output tag,none,"tags: {'operator': 'Energex', 'plant:source': 'battery', 'power': 'plant'}",2026-07-01 01:01:59.444614,https://www.openstreetmap.org/way/1503504617,-27.077579713467316,152.95549141381548
way/1504435735,1504435735,way,Australia,plant,Capacity placeholder value,yes,Tag 'plant:output:electricity' contains placeholder value 'yes' instead of actual capacity,2026-07-01 01:01:59.444801,https://www.openstreetmap.org/way/1504435735,-14.722032725095975,134.73478816277262
way/1516994456,1516994456,way,Australia,plant,Capacity placeholder value,yes,Tag 'plant:output:electricity' contains placeholder value 'yes' instead of actual capacity,2026-07-01 01:01:59.446104,https://www.openstreetmap.org/way/1516994456,-36.47815032411991,146.18527642687093
way/1520222987,1520222987,way,Australia,plant,Capacity placeholder value,yes,Tag 'plant:output:electricity' contains placeholder value 'yes' instead of actual capacity,2026-07-01 01:01:59.446292,https://www.openstreetmap.org/way/1520222987,-18.23205286355998,133.36681255362814
way/1520222988,1520222988,way,Australia,plant,Capacity placeholder value,yes,Tag 'plant:output:electricity' contains placeholder value 'yes' instead of actual capacity,2026-07-01 01:01:59.446455,https://www.openstreetmap.org/way/1520222988,-18.23231248847665,133.36686132538904
way/1520222989,1520222989,way,Australia,plant,Capacity placeholder value,yes,Tag 'plant:output:electricity' contains placeholder value 'yes' instead of actual capacity,2026-07-01 01:01:59.446612,https://www.openstreetmap.org/way/1520222989,-18.232517404774555,133.3666539253523
way/1520222990,1520222990,way,Australia,plant,Capacity placeholder value,yes,Tag 'plant:output:electricity' contains placeholder value 'yes' instead of actual capacity,2026-07-01 01:01:59.446768,https://www.openstreetmap.org/way/1520222990,-18.23267028136961,133.3670171997748
way/1520222991,1520222991,way,Australia,plant,Capacity placeholder value,yes,Tag 'plant:output:electricity' contains placeholder value 'yes' instead of actual capacity,2026-07-01 01:01:59.446921,https://www.openstreetmap.org/way/1520222991,-18.232931575140338,133.36662081769208
way/1525471546,1525471546,way,Australia,plant,Capacity placeholder value,yes,Tag 'plant:output:electricity' contains placeholder value 'yes' instead of actual capacity,2026-07-01 01:01:59.447098,https://www.openstreetmap.org/way/1525471546,-35.054447949427086,139.36502612398337
node/5261661192,5261661192,node,Australia,plant,Missing source tag,none,tags: {'power': 'plant'},2026-07-01 01:01:59.447150,https://www.openstreetmap.org/node/5261661192,-23.4419135,151.9127989
node/8597066292,8597066292,node,Australia,plant,Missing output tag,none,"tags: {'description': 'Tesla powerpacks', 'manufacturer': 'Tesla', 'plant:source': 'battery', 'plant:storage': '500 kWh', 'power': 'plant'}",2026-07-01 01:01:59.447246,https://www.openstreetmap.org/node/8597066292,-33.9188609,151.2304762
way/498147326,498147326,way,Kiribati,plant,Missing source tag,none,"tags: {'addr:city': 'Temakin', 'landuse': 'industrial', 'name': 'Public Utilities Board', 'power': 'plant'}",2026-07-01 01:11:28.725639,https://www.openstreetmap.org/way/498147326,1.3576545240628433,172.93068373326597
way/706723403,706723403,way,Kiribati,plant,Capacity placeholder value,yes,Tag 'plant:output:electricity' contains placeholder value 'yes' instead of actual capacity,2026-07-01 01:11:28.725833,https://www.openstreetmap.org/way/706723403,1.9936774048736245,-157.47970263316094
way/1176849117,1176849117,way,Kiribati,plant,Capacity placeholder value,yes,Tag 'plant:output:electricity' contains placeholder value 'yes' instead of actual capacity,2026-07-01 01:11:28.726012,https://www.openstreetmap.org/way/1176849117,1.3845010905622654,173.14482867677668
way/133391325,133391325,way,Nauru,plant,Capacity placeholder value,yes,Tag 'plant:output:electricity' contains placeholder value 'yes' instead of actual capacity,2026-07-01 01:21:39.341892,https://www.openstreetmap.org/way/133391325,-0.5288724438060853,166.9121777414723
way/903157847,903157847,way,Nauru,plant,Capacity placeholder value,yes,Tag 'plant:output:electricity' contains placeholder value 'yes' instead of actual capacity,2026-07-01 01:21:39.342092,https://www.openstreetmap.org/way/903157847,-0.5419401166711719,166.91755659181104
node/1787090150,1787090150,node,New Zealand,generator,Capacity regex no match,600 kW,Tag 'generator:output:electricity' has value '600 kW' which could not be parsed,2026-07-01 01:31:37.083486,https://www.openstreetmap.org/node/1787090150,-41.3857221,175.4659356
node/1787090165,1787090165,node,New Zealand,generator,Capacity regex no match,600 kW,Tag 'generator:output:electricity' has value '600 kW' which could not be parsed,2026-07-01 01:31:37.083520,https://www.openstreetmap.org/node/1787090165,-41.3854079,175.4670505
node/1787090147,1787090147,node,New Zealand,generator,Capacity regex no match,600 kW,Tag 'generator:output:electricity' has value '600 kW' which could not be parsed,2026-07-01 01:31:37.083542,https://www.openstreetmap.org/node/1787090147,-41.3844769,175.4674207
node/1787090141,1787090141,node,New Zealand,generator,Capacity regex no match,600 kW,Tag 'generator:output:electricity' has value '600 kW' which could not be parsed,2026-07-01 01:31:37.083563,https://www.openstreetmap.org/node/1787090141,-41.3797106,175.469166
node/1787090175,1787090175,node,New Zealand,generator,Capacity regex no match,600 kW,Tag 'generator:output:electricity' has value '600 kW' which could not be parsed,2026-07-01 01:31:37.083584,https://www.openstreetmap.org/node/1787090175,-41.3791945,175.4700721
node/1787090162,1787090162,node,New Zealand,generator,Capacity regex no match,600 kW,Tag 'generator:output:electricity' has value '600 kW' which could not be parsed,2026-07-01 01:31:37.083607,https://www.openstreetmap.org/node/1787090162,-41.3787507,175.4709449
node/1787090176,1787090176,node,New Zealand,generator,Capacity regex no match,600 kW,Tag 'generator:output:electricity' has value '600 kW' which could not be parsed,2026-07-01 01:31:37.083628,https://www.openstreetmap.org/node/1787090176,-41.3750674,175.4721769
node/1787090173,1787090173,node,New Zealand,generator,Capacity regex no match,600 kW,Tag 'generator:output:electricity' has value '600 kW' which could not be parsed,2026-07-01 01:31:37.083647,https://www.openstreetmap.org/node/1787090173,-41.3747349,175.4728781
node/1787090139,1787090139,node,New Zealand,generator,Capacity regex no match,550 kW,Tag 'generator:output:electricity' has value '550 kW' which could not be parsed,2026-07-01 01:31:37.083665,https://www.openstreetmap.org/node/1787090139,-41.3631584,175.4813761
node/1787090142,1787090142,node,New Zealand,generator,Capacity regex no match,550 kW,Tag 'generator:output:electricity' has value '550 kW' which could not be parsed,2026-07-01 01:31:37.083685,https://www.openstreetmap.org/node/1787090142,-41.3628088,175.4821643
node/1787090143,1787090143,node,New Zealand,generator,Capacity regex no match,550 kW,Tag 'generator:output:electricity' has value '550 kW' which could not be parsed,2026-07-01 01:31:37.083704,https://www.openstreetmap.org/node/1787090143,-41.3622308,175.4829549
node/1787090167,1787090167,node,New Zealand,generator,Capacity regex no match,550 kW,Tag 'generator:output:electricity' has value '550 kW' which could not be parsed,2026-07-01 01:31:37.083725,https://www.openstreetmap.org/node/1787090167,-41.3619784,175.4839764
node/1787090145,1787090145,node,New Zealand,generator,Capacity regex no match,550 kW,Tag 'generator:output:electricity' has value '550 kW' which could not be parsed,2026-07-01 01:31:37.083745,https://www.openstreetmap.org/node/1787090145,-41.3616174,175.4849949
node/1787090140,1787090140,node,New Zealand,generator,Capacity regex no match,550 kW,Tag 'generator:output:electricity' has value '550 kW' which could not be parsed,2026-07-01 01:31:37.083764,https://www.openstreetmap.org/node/1787090140,-41.3615882,175.4861413
node/1787090152,1787090152,node,New Zealand,generator,Capacity regex no match,550 kW,Tag 'generator:output:electricity' has value '550 kW' which could not be parsed,2026-07-01 01:31:37.083782,https://www.openstreetmap.org/node/1787090152,-41.3607783,175.486546
node/1913903494,1913903494,node,New Zealand,generator,Capacity regex no match,500 kW,Tag 'generator:output:electricity' has value '500 kW' which could not be parsed,2026-07-01 01:31:37.088735,https://www.openstreetmap.org/node/1913903494,-40.384711,175.7521756
node/4109297984,4109297984,node,New Zealand,generator,Capacity regex no match,500 kW,Tag 'generator:output:electricity' has value '500 kW' which could not be parsed,2026-07-01 01:31:37.088767,https://www.openstreetmap.org/node/4109297984,-40.3836398,175.7503737
node/1913903462,1913903462,node,New Zealand,generator,Capacity regex no match,500 kW,Tag 'generator:output:electricity' has value '500 kW' which could not be parsed,2026-07-01 01:31:37.088789,https://www.openstreetmap.org/node/1913903462,-40.3854951,175.7517465
node/1913903486,1913903486,node,New Zealand,generator,Capacity regex no match,500 kW,Tag 'generator:output:electricity' has value '500 kW' which could not be parsed,2026-07-01 01:31:37.088809,https://www.openstreetmap.org/node/1913903486,-40.3844818,175.7501479
node/1913903519,1913903519,node,New Zealand,generator,Capacity regex no match,500 kW,Tag 'generator:output:electricity' has value '500 kW' which could not be parsed,2026-07-01 01:31:37.088830,https://www.openstreetmap.org/node/1913903519,-40.3903329,175.7515105
node/1789674090,1789674090,node,New Zealand,generator,Capacity regex no match,500 kW,Tag 'generator:output:electricity' has value '500 kW' which could not be parsed,2026-07-01 01:31:37.088849,https://www.openstreetmap.org/node/1789674090,-40.3889523,175.7510166
node/1789674123,1789674123,node,New Zealand,generator,Capacity regex no match,500 kW,Tag 'generator:output:electricity' has value '500 kW' which could not be parsed,2026-07-01 01:31:37.088868,https://www.openstreetmap.org/node/1789674123,-40.3879841,175.75114
node/1789674073,1789674073,node,New Zealand,generator,Capacity regex no match,500 kW,Tag 'generator:output:electricity' has value '500 kW' which could not be parsed,2026-07-01 01:31:37.088887,https://www.openstreetmap.org/node/1789674073,-40.3868891,175.7504963
node/1913903488,1913903488,node,New Zealand,generator,Capacity regex no match,500 kW,Tag 'generator:output:electricity' has value '500 kW' which could not be parsed,2026-07-01 01:31:37.088907,https://www.openstreetmap.org/node/1913903488,-40.386296,175.751253
node/1913903526,1913903526,node,New Zealand,generator,Capacity regex no match,500 kW,Tag 'generator:output:electricity' has value '500 kW' which could not be parsed,2026-07-01 01:31:37.088926,https://www.openstreetmap.org/node/1913903526,-40.385348,175.7492681
node/1913903492,1913903492,node,New Zealand,generator,Capacity regex no match,500 kW,Tag 'generator:output:electricity' has value '500 kW' which could not be parsed,2026-07-01 01:31:37.088946,https://www.openstreetmap.org/node/1913903492,-40.3858629,175.7481631
node/1789674058,1789674058,node,New Zealand,generator,Capacity regex no match,500 kW,Tag 'generator:output:electricity' has value '500 kW' which could not be parsed,2026-07-01 01:31:37.088965,https://www.openstreetmap.org/node/1789674058,-40.388119,175.7425998
node/1789674071,1789674071,node,New Zealand,generator,Capacity regex no match,500 kW,Tag 'generator:output:electricity' has value '500 kW' which could not be parsed,2026-07-01 01:31:37.088983,https://www.openstreetmap.org/node/1789674071,-40.3882659,175.7451372
node/1789674028,1789674028,node,New Zealand,generator,Capacity regex no match,500 kW,Tag 'generator:output:electricity' has value '500 kW' which could not be parsed,2026-07-01 01:31:37.089001,https://www.openstreetmap.org/node/1789674028,-40.3880209,175.7467519
node/1789674080,1789674080,node,New Zealand,generator,Capacity regex no match,500 kW,Tag 'generator:output:electricity' has value '500 kW' which could not be parsed,2026-07-01 01:31:37.089019,https://www.openstreetmap.org/node/1789674080,-40.3872893,175.747283
node/1789674074,1789674074,node,New Zealand,generator,Capacity regex no match,500 kW,Tag 'generator:output:electricity' has value '500 kW' which could not be parsed,2026-07-01 01:31:37.089037,https://www.openstreetmap.org/node/1789674074,-40.386656,175.7477604
node/1789674062,1789674062,node,New Zealand,generator,Capacity regex no match,500 kW,Tag 'generator:output:electricity' has value '500 kW' which could not be parsed,2026-07-01 01:31:37.089055,https://www.openstreetmap.org/node/1789674062,-40.3878325,175.7397624
node/1789674079,1789674079,node,New Zealand,generator,Capacity regex no match,500 kW,Tag 'generator:output:electricity' has value '500 kW' which could not be parsed,2026-07-01 01:31:37.089072,https://www.openstreetmap.org/node/1789674079,-40.3872037,175.7400091
node/1789674051,1789674051,node,New Zealand,generator,Capacity regex no match,500 kW,Tag 'generator:output:electricity' has value '500 kW' which could not be parsed,2026-07-01 01:31:37.089090,https://www.openstreetmap.org/node/1789674051,-40.38655,175.7400091
node/1789674116,1789674116,node,New Zealand,generator,Capacity regex no match,500 kW,Tag 'generator:output:electricity' has value '500 kW' which could not be parsed,2026-07-01 01:31:37.089108,https://www.openstreetmap.org/node/1789674116,-40.3911503,175.7368012
node/1789674114,1789674114,node,New Zealand,generator,Capacity regex no match,500 kW,Tag 'generator:output:electricity' has value '500 kW' which could not be parsed,2026-07-01 01:31:37.089125,https://www.openstreetmap.org/node/1789674114,-40.3905864,175.7370802
node/1789674054,1789674054,node,New Zealand,generator,Capacity regex no match,500 kW,Tag 'generator:output:electricity' has value '500 kW' which could not be parsed,2026-07-01 01:31:37.089142,https://www.openstreetmap.org/node/1789674054,-40.3900471,175.7373377
node/1789674025,1789674025,node,New Zealand,generator,Capacity regex no match,500 kW,Tag 'generator:output:electricity' has value '500 kW' which could not be parsed,2026-07-01 01:31:37.089159,https://www.openstreetmap.org/node/1789674025,-40.3894996,175.7376702
node/1789674092,1789674092,node,New Zealand,generator,Capacity regex no match,500 kW,Tag 'generator:output:electricity' has value '500 kW' which could not be parsed,2026-07-01 01:31:37.089176,https://www.openstreetmap.org/node/1789674092,-40.3889848,175.7381316
node/1789674064,1789674064,node,New Zealand,generator,Capacity regex no match,500 kW,Tag 'generator:output:electricity' has value '500 kW' which could not be parsed,2026-07-01 01:31:37.089194,https://www.openstreetmap.org/node/1789674064,-40.3884291,175.7387324
node/1789674033,1789674033,node,New Zealand,generator,Capacity regex no match,500 kW,Tag 'generator:output:electricity' has value '500 kW' which could not be parsed,2026-07-01 01:31:37.089211,https://www.openstreetmap.org/node/1789674033,-40.3922861,175.7329925
node/2436325284,2436325284,node,New Zealand,generator,Capacity regex no match,500 kW,Tag 'generator:output:electricity' has value '500 kW' which could not be parsed,2026-07-01 01:31:37.089248,https://www.openstreetmap.org/node/2436325284,-40.3928678,175.7326256
node/2436325290,2436325290,node,New Zealand,generator,Capacity regex no match,500 kW,Tag 'generator:output:electricity' has value '500 kW' which could not be parsed,2026-07-01 01:31:37.089269,https://www.openstreetmap.org/node/2436325290,-40.3934214,175.7323211
node/1789674107,1789674107,node,New Zealand,generator,Capacity regex no match,500 kW,Tag 'generator:output:electricity' has value '500 kW' which could not be parsed,2026-07-01 01:31:37.089289,https://www.openstreetmap.org/node/1789674107,-40.3940351,175.7320913
node/1789674066,1789674066,node,New Zealand,generator,Capacity regex no match,500 kW,Tag 'generator:output:electricity' has value '500 kW' which could not be parsed,2026-07-01 01:31:37.089307,https://www.openstreetmap.org/node/1789674066,-40.3946071,175.7318016
node/1789674115,1789674115,node,New Zealand,generator,Capacity regex no match,500 kW,Tag 'generator:output:electricity' has value '500 kW' which could not be parsed,2026-07-01 01:31:37.089326,https://www.openstreetmap.org/node/1789674115,-40.3949503,175.7311042
node/2436325301,2436325301,node,New Zealand,generator,Capacity regex no match,500 kW,Tag 'generator:output:electricity' has value '500 kW' which could not be parsed,2026-07-01 01:31:37.089344,https://www.openstreetmap.org/node/2436325301,-40.3950921,175.7300214
node/1789674121,1789674121,node,New Zealand,generator,Capacity regex no match,500 kW,Tag 'generator:output:electricity' has value '500 kW' which could not be parsed,2026-07-01 01:31:37.089361,https://www.openstreetmap.org/node/1789674121,-40.3930133,175.7276173
node/1789674122,1789674122,node,New Zealand,generator,Capacity regex no match,500 kW,Tag 'generator:output:electricity' has value '500 kW' which could not be parsed,2026-07-01 01:31:37.089380,https://www.openstreetmap.org/node/1789674122,-40.3926293,175.7280894
node/1789674125,1789674125,node,New Zealand,generator,Capacity regex no match,500 kW,Tag 'generator:output:electricity' has value '500 kW' which could not be parsed,2026-07-01 01:31:37.089397,https://www.openstreetmap.org/node/1789674125,-40.3921717,175.7288082
node/1789674106,1789674106,node,New Zealand,generator,Capacity regex no match,500 kW,Tag 'generator:output:electricity' has value '500 kW' which could not be parsed,2026-07-01 01:31:37.089415,https://www.openstreetmap.org/node/1789674106,-40.3917631,175.7295271
node/1789674084,1789674084,node,New Zealand,generator,Capacity regex no match,500 kW,Tag 'generator:output:electricity' has value '500 kW' which could not be parsed,2026-07-01 01:31:37.089432,https://www.openstreetmap.org/node/1789674084,-40.3909215,175.7294198
node/1789674018,1789674018,node,New Zealand,generator,Capacity regex no match,500 kW,Tag 'generator:output:electricity' has value '500 kW' which could not be parsed,2026-07-01 01:31:37.089450,https://www.openstreetmap.org/node/1789674018,-40.3902514,175.7292159
node/1789674024,1789674024,node,New Zealand,generator,Capacity regex no match,500 kW,Tag 'generator:output:electricity' has value '500 kW' which could not be parsed,2026-07-01 01:31:37.089468,https://www.openstreetmap.org/node/1789674024,-40.3909012,175.731812
node/1789674085,1789674085,node,New Zealand,generator,Capacity regex no match,500 kW,Tag 'generator:output:electricity' has value '500 kW' which could not be parsed,2026-07-01 01:31:37.089486,https://www.openstreetmap.org/node/1789674085,-40.3902886,175.7320266
node/1789674027,1789674027,node,New Zealand,generator,Capacity regex no match,500 kW,Tag 'generator:output:electricity' has value '500 kW' which could not be parsed,2026-07-01 01:31:37.089504,https://www.openstreetmap.org/node/1789674027,-40.389888,175.7327937
node/1789674076,1789674076,node,New Zealand,generator,Capacity regex no match,500 kW,Tag 'generator:output:electricity' has value '500 kW' which could not be parsed,2026-07-01 01:31:37.089521,https://www.openstreetmap.org/node/1789674076,-40.389557,175.7333731
node/1789674067,1789674067,node,New Zealand,generator,Capacity regex no match,500 kW,Tag 'generator:output:electricity' has value '500 kW' which could not be parsed,2026-07-01 01:31:37.089538,https://www.openstreetmap.org/node/1789674067,-40.3892385,175.7340222
node/1789674070,1789674070,node,New Zealand,generator,Capacity regex no match,500 kW,Tag 'generator:output:electricity' has value '500 kW' which could not be parsed,2026-07-01 01:31:37.089555,https://www.openstreetmap.org/node/1789674070,-40.3886009,175.7342636
node/1789674124,1789674124,node,New Zealand,generator,Capacity regex no match,500 kW,Tag 'generator:output:electricity' has value '500 kW' which could not be parsed,2026-07-01 01:31:37.089573,https://www.openstreetmap.org/node/1789674124,-40.387894,175.7342904
node/1789674031,1789674031,node,New Zealand,generator,Capacity regex no match,500 kW,Tag 'generator:output:electricity' has value '500 kW' which could not be parsed,2026-07-01 01:31:37.089590,https://www.openstreetmap.org/node/1789674031,-40.3873179,175.7343709
node/1789674026,1789674026,node,New Zealand,generator,Capacity regex no match,500 kW,Tag 'generator:output:electricity' has value '500 kW' which could not be parsed,2026-07-01 01:31:37.089607,https://www.openstreetmap.org/node/1789674026,-40.3866153,175.7344513
node/1789674061,1789674061,node,New Zealand,generator,Capacity regex no match,500 kW,Tag 'generator:output:electricity' has value '500 kW' which could not be parsed,2026-07-01 01:31:37.089624,https://www.openstreetmap.org/node/1789674061,-40.3857611,175.734446
node/1789674021,1789674021,node,New Zealand,generator,Capacity regex no match,500 kW,Tag 'generator:output:electricity' has value '500 kW' which could not be parsed,2026-07-01 01:31:37.089642,https://www.openstreetmap.org/node/1789674021,-40.3921962,175.7246669
node/1789674082,1789674082,node,New Zealand,generator,Capacity regex no match,500 kW,Tag 'generator:output:electricity' has value '500 kW' which could not be parsed,2026-07-01 01:31:37.089659,https://www.openstreetmap.org/node/1789674082,-40.3915261,175.7247956
node/1789674096,1789674096,node,New Zealand,generator,Capacity regex no match,500 kW,Tag 'generator:output:electricity' has value '500 kW' which could not be parsed,2026-07-01 01:31:37.089677,https://www.openstreetmap.org/node/1789674096,-40.3910113,175.7251712
node/1789674060,1789674060,node,New Zealand,generator,Capacity regex no match,500 kW,Tag 'generator:output:electricity' has value '500 kW' which could not be parsed,2026-07-01 01:31:37.089694,https://www.openstreetmap.org/node/1789674060,-40.3904638,175.7255681
node/1789674044,1789674044,node,New Zealand,generator,Capacity regex no match,500 kW,Tag 'generator:output:electricity' has value '500 kW' which could not be parsed,2026-07-01 01:31:37.089712,https://www.openstreetmap.org/node/1789674044,-40.3902109,175.7262706
node/1789674030,1789674030,node,New Zealand,generator,Capacity regex no match,500 kW,Tag 'generator:output:electricity' has value '500 kW' which could not be parsed,2026-07-01 01:31:37.089729,https://www.openstreetmap.org/node/1789674030,-40.3897447,175.7268449
node/1789674099,1789674099,node,New Zealand,generator,Capacity regex no match,500 kW,Tag 'generator:output:electricity' has value '500 kW' which could not be parsed,2026-07-01 01:31:37.089745,https://www.openstreetmap.org/node/1789674099,-40.3892385,175.7273491
node/1789674077,1789674077,node,New Zealand,generator,Capacity regex no match,500 kW,Tag 'generator:output:electricity' has value '500 kW' which could not be parsed,2026-07-01 01:31:37.089762,https://www.openstreetmap.org/node/1789674077,-40.3886742,175.7275851
node/1789674112,1789674112,node,New Zealand,generator,Capacity regex no match,500 kW,Tag 'generator:output:electricity' has value '500 kW' which could not be parsed,2026-07-01 01:31:37.089778,https://www.openstreetmap.org/node/1789674112,-40.3880781,175.7278534
node/1789674052,1789674052,node,New Zealand,generator,Capacity regex no match,500 kW,Tag 'generator:output:electricity' has value '500 kW' which could not be parsed,2026-07-01 01:31:37.089795,https://www.openstreetmap.org/node/1789674052,-40.3874566,175.7280465
node/1789674047,1789674047,node,New Zealand,generator,Capacity regex no match,500 kW,Tag 'generator:output:electricity' has value '500 kW' which could not be parsed,2026-07-01 01:31:37.089812,https://www.openstreetmap.org/node/1789674047,-40.3869009,175.7282503
node/1789674056,1789674056,node,New Zealand,generator,Capacity regex no match,500 kW,Tag 'generator:output:electricity' has value '500 kW' which could not be parsed,2026-07-01 01:31:37.089830,https://www.openstreetmap.org/node/1789674056,-40.3862231,175.7283898
node/1789674105,1789674105,node,New Zealand,generator,Capacity regex no match,500 kW,Tag 'generator:output:electricity' has value '500 kW' which could not be parsed,2026-07-01 01:31:37.089848,https://www.openstreetmap.org/node/1789674105,-40.3856506,175.7286795
node/1789674118,1789674118,node,New Zealand,generator,Capacity regex no match,500 kW,Tag 'generator:output:electricity' has value '500 kW' which could not be parsed,2026-07-01 01:31:37.089867,https://www.openstreetmap.org/node/1789674118,-40.3850949,175.7289906
node/1789674045,1789674045,node,New Zealand,generator,Missing output tag,none,"tags: {'generator:method': 'wind_turbine', 'generator:source': 'wind', 'power': 'generator'}",2026-07-01 01:31:37.090027,https://www.openstreetmap.org/node/1789674045,-40.3886334,175.7179292
node/1789674078,1789674078,node,New Zealand,generator,Missing output tag,none,"tags: {'generator:method': 'wind_turbine', 'generator:source': 'wind', 'power': 'generator'}",2026-07-01 01:31:37.090179,https://www.openstreetmap.org/node/1789674078,-40.3882738,175.7185729
node/1789674063,1789674063,node,New Zealand,generator,Missing output tag,none,"tags: {'generator:method': 'wind_turbine', 'generator:source': 'wind', 'power': 'generator'}",2026-07-01 01:31:37.090346,https://www.openstreetmap.org/node/1789674063,-40.3879061,175.7192917
node/1789674108,1789674108,node,New Zealand,generator,Missing output tag,none,"tags: {'generator:method': 'wind_turbine', 'generator:source': 'wind', 'power': 'generator'}",2026-07-01 01:31:37.090499,https://www.openstreetmap.org/node/1789674108,-40.3875138,175.7198818
node/1789674094,1789674094,node,New Zealand,generator,Missing output tag,none,"tags: {'generator:method': 'wind_turbine', 'generator:source': 'wind', 'power': 'generator'}",2026-07-01 01:31:37.090649,https://www.openstreetmap.org/node/1789674094,-40.3869831,175.720193
node/1913903474,1913903474,node,New Zealand,generator,Missing output tag,none,"tags: {'generator:method': 'wind_turbine', 'generator:source': 'wind', 'power': 'generator'}",2026-07-01 01:31:37.090800,https://www.openstreetmap.org/node/1913903474,-40.3873747,175.7156976
node/1789674098,1789674098,node,New Zealand,generator,Missing output tag,none,"tags: {'generator:method': 'wind_turbine', 'generator:source': 'wind', 'power': 'generator'}",2026-07-01 01:31:37.093305,https://www.openstreetmap.org/node/1789674098,-40.3868846,175.7160034
node/1789674086,1789674086,node,New Zealand,generator,Capacity regex no match,500 kW,Tag 'generator:output:electricity' has value '500 kW' which could not be parsed,2026-07-01 01:31:37.093535,https://www.openstreetmap.org/node/1789674086,-40.383485,175.7233472
node/1789674097,1789674097,node,New Zealand,generator,Capacity regex no match,500 kW,Tag 'generator:output:electricity' has value '500 kW' which could not be parsed,2026-07-01 01:31:37.093577,https://www.openstreetmap.org/node/1789674097,-40.3829701,175.7236584
node/1789674040,1789674040,node,New Zealand,generator,Capacity regex no match,500 kW,Tag 'generator:output:electricity' has value '500 kW' which could not be parsed,2026-07-01 01:31:37.093603,https://www.openstreetmap.org/node/1789674040,-40.3824797,175.724109
node/1789674034,1789674034,node,New Zealand,generator,Capacity regex no match,500 kW,Tag 'generator:output:electricity' has value '500 kW' which could not be parsed,2026-07-01 01:31:37.093624,https://www.openstreetmap.org/node/1789674034,-40.3820057,175.7245274
node/1789674075,1789674075,node,New Zealand,generator,Capacity regex no match,500 kW,Tag 'generator:output:electricity' has value '500 kW' which could not be parsed,2026-07-01 01:31:37.093644,https://www.openstreetmap.org/node/1789674075,-40.3815399,175.7249566
node/1789674095,1789674095,node,New Zealand,generator,Capacity regex no match,500 kW,Tag 'generator:output:electricity' has value '500 kW' which could not be parsed,2026-07-01 01:31:37.093664,https://www.openstreetmap.org/node/1789674095,-40.3810822,175.7254286
node/1789674117,1789674117,node,New Zealand,generator,Capacity regex no match,500 kW,Tag 'generator:output:electricity' has value '500 kW' which could not be parsed,2026-07-01 01:31:37.093683,https://www.openstreetmap.org/node/1789674117,-40.3805755,175.7258793
node/1789674109,1789674109,node,New Zealand,generator,Capacity regex no match,500 kW,Tag 'generator:output:electricity' has value '500 kW' which could not be parsed,2026-07-01 01:31:37.093701,https://www.openstreetmap.org/node/1789674109,-40.380126,175.726287
node/1789674032,1789674032,node,New Zealand,generator,Capacity regex no match,500 kW,Tag 'generator:output:electricity' has value '500 kW' which could not be parsed,2026-07-01 01:31:37.093720,https://www.openstreetmap.org/node/1789674032,-40.3796275,175.7267805
node/1789674091,1789674091,node,New Zealand,generator,Capacity regex no match,500 kW,Tag 'generator:output:electricity' has value '500 kW' which could not be parsed,2026-07-01 01:31:37.093738,https://www.openstreetmap.org/node/1789674091,-40.381687,175.7211693
node/1789674022,1789674022,node,New Zealand,generator,Capacity regex no match,500 kW,Tag 'generator:output:electricity' has value '500 kW' which could not be parsed,2026-07-01 01:31:37.093755,https://www.openstreetmap.org/node/1789674022,-40.3824879,175.7206436
node/1913903532,1913903532,node,New Zealand,generator,Missing output tag,none,"tags: {'generator:method': 'wind_turbine', 'generator:source': 'wind', 'power': 'generator'}",2026-07-01 01:31:37.093898,https://www.openstreetmap.org/node/1913903532,-40.4050892,175.7427557
node/1913903512,1913903512,node,New Zealand,generator,Missing output tag,none,"tags: {'generator:method': 'wind_turbine', 'generator:source': 'wind', 'power': 'generator'}",2026-07-01 01:31:37.094037,https://www.openstreetmap.org/node/1913903512,-40.4037987,175.742112
node/1913903482,1913903482,node,New Zealand,generator,Missing output tag,none,"tags: {'generator:method': 'wind_turbine', 'generator:source': 'wind', 'power': 'generator'}",2026-07-01 01:31:37.094175,https://www.openstreetmap.org/node/1913903482,-40.4026627,175.7419511
node/1913903497,1913903497,node,New Zealand,generator,Missing output tag,none,"tags: {'generator:method': 'wind_turbine', 'generator:source': 'wind', 'power': 'generator'}",2026-07-01 01:31:37.094328,https://www.openstreetmap.org/node/1913903497,-40.401552,175.7412966
node/1913903531,1913903531,node,New Zealand,generator,Missing output tag,none,"tags: {'generator:method': 'wind_turbine', 'generator:source': 'wind', 'power': 'generator'}",2026-07-01 01:31:37.094468,https://www.openstreetmap.org/node/1913903531,-40.400612,175.7415112
node/1913903484,1913903484,node,New Zealand,generator,Missing output tag,none,"tags: {'generator:method': 'wind_turbine', 'generator:source': 'wind', 'power': 'generator'}",2026-07-01 01:31:37.094606,https://www.openstreetmap.org/node/1913903484,-40.399942,175.7418652
node/1913903527,1913903527,node,New Zealand,generator,Missing output tag,none,"tags: {'generator:method': 'wind_turbine', 'generator:source': 'wind', 'power': 'generator'}",2026-07-01 01:31:37.094744,https://www.openstreetmap.org/node/1913903527,-40.4005552,175.7441612
node/1913903476,1913903476,node,New Zealand,generator,Missing output tag,none,"tags: {'generator:method': 'wind_turbine', 'generator:source': 'wind', 'power': 'generator'}",2026-07-01 01:31:37.094881,https://www.openstreetmap.org/node/1913903476,-40.399844,175.7446547
node/1913903478,1913903478,node,New Zealand,generator,Missing output tag,none,"tags: {'generator:method': 'wind_turbine', 'generator:source': 'wind', 'power': 'generator'}",2026-07-01 01:31:37.095019,https://www.openstreetmap.org/node/1913903478,-40.3991826,175.7481309
node/1913903514,1913903514,node,New Zealand,generator,Missing output tag,none,"tags: {'generator:method': 'wind_turbine', 'generator:source': 'wind', 'power': 'generator'}",2026-07-01 01:31:37.095156,https://www.openstreetmap.org/node/1913903514,-40.3990682,175.7448264
node/1913903529,1913903529,node,New Zealand,generator,Missing output tag,none,"tags: {'generator:method': 'wind_turbine', 'generator:source': 'wind', 'power': 'generator'}",2026-07-01 01:31:37.095305,https://www.openstreetmap.org/node/1913903529,-40.3983569,175.7457062
node/1913903472,1913903472,node,New Zealand,generator,Missing output tag,none,"tags: {'generator:method': 'wind_turbine', 'generator:source': 'wind', 'power': 'generator'}",2026-07-01 01:31:37.095444,https://www.openstreetmap.org/node/1913903472,-40.3974177,175.7461031
node/1913903517,1913903517,node,New Zealand,generator,Missing output tag,none,"tags: {'generator:method': 'wind_turbine', 'generator:source': 'wind', 'power': 'generator'}",2026-07-01 01:31:37.095593,https://www.openstreetmap.org/node/1913903517,-40.399223,175.7425519
node/1913903470,1913903470,node,New Zealand,generator,Missing output tag,none,"tags: {'generator:method': 'wind_turbine', 'generator:source': 'wind', 'power': 'generator'}",2026-07-01 01:31:37.095731,https://www.openstreetmap.org/node/1913903470,-40.3978099,175.7418545
node/1913903499,1913903499,node,New Zealand,generator,Missing output tag,none,"tags: {'generator:method': 'wind_turbine', 'generator:source': 'wind', 'power': 'generator'}",2026-07-01 01:31:37.095868,https://www.openstreetmap.org/node/1913903499,-40.395873,175.737563
node/1913903515,1913903515,node,New Zealand,generator,Missing output tag,none,"tags: {'generator:method': 'wind_turbine', 'generator:source': 'wind', 'power': 'generator'}",2026-07-01 01:31:37.096005,https://www.openstreetmap.org/node/1913903515,-40.3958812,175.7351275
node/2436325304,2436325304,node,New Zealand,generator,Missing output tag,none,"tags: {'LINZ:dataset': 'mainland', 'LINZ:layer': 'windmill_pnt', 'LINZ:source_version': '2012-06-06', 'attribution': 'http://wiki.osm.org/wiki/Attribution#LINZ', 'generator:method': 'wind_turbine', 'generator:source': 'wind', 'power': 'generator', 'source_ref': 'http://www.linz.govt.nz/topography/topo-maps/'}",2026-07-01 01:31:37.096154,https://www.openstreetmap.org/node/2436325304,-40.3964709,175.7326833
node/2436325174,2436325174,node,New Zealand,generator,Capacity regex no match,660 kW,Tag 'generator:output:electricity' has value '660 kW' which could not be parsed,2026-07-01 01:31:37.106802,https://www.openstreetmap.org/node/2436325174,-40.3422568,175.7814896
node/1785949102,1785949102,node,New Zealand,generator,Capacity regex no match,660 kW,Tag 'generator:output:electricity' has value '660 kW' which could not be parsed,2026-07-01 01:31:37.106833,https://www.openstreetmap.org/node/1785949102,-40.3432398,175.778835
node/1785948859,1785948859,node,New Zealand,generator,Capacity regex no match,660 kW,Tag 'generator:output:electricity' has value '660 kW' which could not be parsed,2026-07-01 01:31:37.106856,https://www.openstreetmap.org/node/1785948859,-40.3412445,175.7780298
node/2436325192,2436325192,node,New Zealand,generator,Capacity regex no match,660 kW,Tag 'generator:output:electricity' has value '660 kW' which could not be parsed,2026-07-01 01:31:37.106876,https://www.openstreetmap.org/node/2436325192,-40.34472,175.7770422
node/2436325186,2436325186,node,New Zealand,generator,Missing output tag,none,"tags: {'generator:method': 'wind_turbine', 'generator:source': 'wind', 'power': 'generator', 'source': 'LINZ'}",2026-07-01 01:31:37.107024,https://www.openstreetmap.org/node/2436325186,-40.3441746,175.7746608
node/1785948940,1785948940,node,New Zealand,generator,Capacity regex no match,660 kW,Tag 'generator:output:electricity' has value '660 kW' which could not be parsed,2026-07-01 01:31:37.107041,https://www.openstreetmap.org/node/1785948940,-40.3458883,175.7765921
node/2436325201,2436325201,node,New Zealand,generator,Capacity regex no match,660 kW,Tag 'generator:output:electricity' has value '660 kW' which could not be parsed,2026-07-01 01:31:37.107061,https://www.openstreetmap.org/node/2436325201,-40.3460995,175.7798764
node/2436325198,2436325198,node,New Zealand,generator,Capacity regex no match,660 kW,Tag 'generator:output:electricity' has value '660 kW' which could not be parsed,2026-07-01 01:31:37.107079,https://www.openstreetmap.org/node/2436325198,-40.345294,175.7807946
node/2436325188,2436325188,node,New Zealand,generator,Capacity regex no match,660 kW,Tag 'generator:output:electricity' has value '660 kW' which could not be parsed,2026-07-01 01:31:37.107098,https://www.openstreetmap.org/node/2436325188,-40.3444256,175.7815362
node/2436325195,2436325195,node,New Zealand,generator,Capacity regex no match,660 kW,Tag 'generator:output:electricity' has value '660 kW' which could not be parsed,2026-07-01 01:31:37.107116,https://www.openstreetmap.org/node/2436325195,-40.3451197,175.7841882
node/2436325183,2436325183,node,New Zealand,generator,Capacity regex no match,660 kW,Tag 'generator:output:electricity' has value '660 kW' which could not be parsed,2026-07-01 01:31:37.107134,https://www.openstreetmap.org/node/2436325183,-40.3441729,175.7853749
node/2436325179,2436325179,node,New Zealand,generator,Capacity regex no match,660 kW,Tag 'generator:output:electricity' has value '660 kW' which could not be parsed,2026-07-01 01:31:37.107151,https://www.openstreetmap.org/node/2436325179,-40.343385,175.786532
node/2436325176,2436325176,node,New Zealand,generator,Capacity regex no match,660 kW,Tag 'generator:output:electricity' has value '660 kW' which could not be parsed,2026-07-01 01:31:37.107170,https://www.openstreetmap.org/node/2436325176,-40.3425998,175.7880097
node/2436325169,2436325169,node,New Zealand,generator,Capacity regex no match,660 kW,Tag 'generator:output:electricity' has value '660 kW' which could not be parsed,2026-07-01 01:31:37.107188,https://www.openstreetmap.org/node/2436325169,-40.3415782,175.7889373
node/1785949212,1785949212,node,New Zealand,generator,Capacity regex no match,660 kW,Tag 'generator:output:electricity' has value '660 kW' which could not be parsed,2026-07-01 01:31:37.107206,https://www.openstreetmap.org/node/1785949212,-40.3405567,175.7897028
node/2436325167,2436325167,node,New Zealand,generator,Capacity regex no match,660 kW,Tag 'generator:output:electricity' has value '660 kW' which could not be parsed,2026-07-01 01:31:37.107240,https://www.openstreetmap.org/node/2436325167,-40.3361669,175.7919218
node/1785949117,1785949117,node,New Zealand,generator,Capacity regex no match,660 kW,Tag 'generator:output:electricity' has value '660 kW' which could not be parsed,2026-07-01 01:31:37.107263,https://www.openstreetmap.org/node/1785949117,-40.3380637,175.787815
node/1785948722,1785948722,node,New Zealand,generator,Capacity regex no match,660 kW,Tag 'generator:output:electricity' has value '660 kW' which could not be parsed,2026-07-01 01:31:37.107281,https://www.openstreetmap.org/node/1785948722,-40.3388729,175.7867851
node/1785949168,1785949168,node,New Zealand,generator,Capacity regex no match,660 kW,Tag 'generator:output:electricity' has value '660 kW' which could not be parsed,2026-07-01 01:31:37.107299,https://www.openstreetmap.org/node/1785949168,-40.3396989,175.7856049
node/1785949328,1785949328,node,New Zealand,generator,Missing output tag,none,"tags: {'generator:method': 'wind_turbine', 'generator:source': 'wind', 'generator:type': 'horizontal_axis', 'power': 'generator'}",2026-07-01 01:31:37.107444,https://www.openstreetmap.org/node/1785949328,-40.3376957,175.7812275
node/2436325125,2436325125,node,New Zealand,generator,Capacity regex no match,660 kW,Tag 'generator:output:electricity' has value '660 kW' which could not be parsed,2026-07-01 01:31:37.107459,https://www.openstreetmap.org/node/2436325125,-40.3339284,175.7942053
node/2436325123,2436325123,node,New Zealand,generator,Capacity regex no match,660 kW,Tag 'generator:output:electricity' has value '660 kW' which could not be parsed,2026-07-01 01:31:37.107476,https://www.openstreetmap.org/node/2436325123,-40.3324582,175.7953323
node/2436325121,2436325121,node,New Zealand,generator,Capacity regex no match,660 kW,Tag 'generator:output:electricity' has value '660 kW' which could not be parsed,2026-07-01 01:31:37.107494,https://www.openstreetmap.org/node/2436325121,-40.3313007,175.7962952
node/2436325120,2436325120,node,New Zealand,generator,Capacity regex no match,660 kW,Tag 'generator:output:electricity' has value '660 kW' which could not be parsed,2026-07-01 01:31:37.107511,https://www.openstreetmap.org/node/2436325120,-40.3304366,175.7972707
node/1785948789,1785948789,node,New Zealand,generator,Capacity regex no match,660 kW,Tag 'generator:output:electricity' has value '660 kW' which could not be parsed,2026-07-01 01:31:37.107528,https://www.openstreetmap.org/node/1785948789,-40.3289693,175.7973852
node/1785949368,1785949368,node,New Zealand,generator,Capacity regex no match,660 kW,Tag 'generator:output:electricity' has value '660 kW' which could not be parsed,2026-07-01 01:31:37.107547,https://www.openstreetmap.org/node/1785949368,-40.3283881,175.7985546
node/1785949313,1785949313,node,New Zealand,generator,Capacity regex no match,660 kW,Tag 'generator:output:electricity' has value '660 kW' which could not be parsed,2026-07-01 01:31:37.107564,https://www.openstreetmap.org/node/1785949313,-40.3271204,175.7994987
node/1785949409,1785949409,node,New Zealand,generator,Capacity regex no match,660 kW,Tag 'generator:output:electricity' has value '660 kW' which could not be parsed,2026-07-01 01:31:37.107582,https://www.openstreetmap.org/node/1785949409,-40.3263597,175.8004751
node/1785949434,1785949434,node,New Zealand,generator,Capacity regex no match,660 kW,Tag 'generator:output:electricity' has value '660 kW' which could not be parsed,2026-07-01 01:31:37.107599,https://www.openstreetmap.org/node/1785949434,-40.3353564,175.7958188
node/2436325127,2436325127,node,New Zealand,generator,Capacity regex no match,660 kW,Tag 'generator:output:electricity' has value '660 kW' which could not be parsed,2026-07-01 01:31:37.107616,https://www.openstreetmap.org/node/2436325127,-40.3342327,175.7977722
node/1785949369,1785949369,node,New Zealand,generator,Capacity regex no match,660 kW,Tag 'generator:output:electricity' has value '660 kW' which could not be parsed,2026-07-01 01:31:37.107632,https://www.openstreetmap.org/node/1785949369,-40.33314,175.7983722
node/1785949266,1785949266,node,New Zealand,generator,Capacity regex no match,660 kW,Tag 'generator:output:electricity' has value '660 kW' which could not be parsed,2026-07-01 01:31:37.107649,https://www.openstreetmap.org/node/1785949266,-40.3265315,175.7971384
node/1785949173,1785949173,node,New Zealand,generator,Capacity regex no match,660 kW,Tag 'generator:output:electricity' has value '660 kW' which could not be parsed,2026-07-01 01:31:37.107667,https://www.openstreetmap.org/node/1785949173,-40.3301057,175.7942845
node/1785949129,1785949129,node,New Zealand,generator,Capacity regex no match,660 kW,Tag 'generator:output:electricity' has value '660 kW' which could not be parsed,2026-07-01 01:31:37.107684,https://www.openstreetmap.org/node/1785949129,-40.32838,175.7932975
node/1785949316,1785949316,node,New Zealand,generator,Capacity regex no match,660 kW,Tag 'generator:output:electricity' has value '660 kW' which could not be parsed,2026-07-01 01:31:37.107701,https://www.openstreetmap.org/node/1785949316,-40.3274561,175.7946708
node/1785949147,1785949147,node,New Zealand,generator,Capacity regex no match,660 kW,Tag 'generator:output:electricity' has value '660 kW' which could not be parsed,2026-07-01 01:31:37.107717,https://www.openstreetmap.org/node/1785949147,-40.3291733,175.7920637
node/1785949237,1785949237,node,New Zealand,generator,Capacity regex no match,660 kW,Tag 'generator:output:electricity' has value '660 kW' which could not be parsed,2026-07-01 01:31:37.107734,https://www.openstreetmap.org/node/1785949237,-40.3294514,175.7902719
node/1785949162,1785949162,node,New Zealand,generator,Capacity regex no match,660 kW,Tag 'generator:output:electricity' has value '660 kW' which could not be parsed,2026-07-01 01:31:37.107751,https://www.openstreetmap.org/node/1785949162,-40.3300485,175.789081
node/1785949366,1785949366,node,New Zealand,generator,Capacity regex no match,660 kW,Tag 'generator:output:electricity' has value '660 kW' which could not be parsed,2026-07-01 01:31:37.107768,https://www.openstreetmap.org/node/1785949366,-40.3312998,175.7885017
node/1785949274,1785949274,node,New Zealand,generator,Capacity regex no match,660 kW,Tag 'generator:output:electricity' has value '660 kW' which could not be parsed,2026-07-01 01:31:37.107785,https://www.openstreetmap.org/node/1785949274,-40.3299671,175.7859268
node/1785934043,1785934043,node,New Zealand,generator,Capacity regex no match,660 kW,Tag 'generator:output:electricity' has value '660 kW' which could not be parsed,2026-07-01 01:31:37.107802,https://www.openstreetmap.org/node/1785934043,-40.3286174,175.7861324
node/1785949165,1785949165,node,New Zealand,generator,Capacity regex no match,660 kW,Tag 'generator:output:electricity' has value '660 kW' which could not be parsed,2026-07-01 01:31:37.107819,https://www.openstreetmap.org/node/1785949165,-40.3277829,175.7869889
node/1785949276,1785949276,node,New Zealand,generator,Capacity regex no match,660 kW,Tag 'generator:output:electricity' has value '660 kW' which could not be parsed,2026-07-01 01:31:37.107836,https://www.openstreetmap.org/node/1785949276,-40.3275457,175.7899072
node/1785949171,1785949171,node,New Zealand,generator,Capacity regex no match,660 kW,Tag 'generator:output:electricity' has value '660 kW' which could not be parsed,2026-07-01 01:31:37.107853,https://www.openstreetmap.org/node/1785949171,-40.325763,175.7879438
node/1785949189,1785949189,node,New Zealand,generator,Capacity regex no match,660 kW,Tag 'generator:output:electricity' has value '660 kW' which could not be parsed,2026-07-01 01:31:37.107870,https://www.openstreetmap.org/node/1785949189,-40.3250755,175.7892634
node/1785949058,1785949058,node,New Zealand,generator,Capacity regex no match,660 kW,Tag 'generator:output:electricity' has value '660 kW' which could not be parsed,2026-07-01 01:31:37.107887,https://www.openstreetmap.org/node/1785949058,-40.3262779,175.7921602
node/1785949043,1785949043,node,New Zealand,generator,Capacity regex no match,660 kW,Tag 'generator:output:electricity' has value '660 kW' which could not be parsed,2026-07-01 01:31:37.107904,https://www.openstreetmap.org/node/1785949043,-40.3253454,175.7929005
node/1785949153,1785949153,node,New Zealand,generator,Capacity regex no match,660 kW,Tag 'generator:output:electricity' has value '660 kW' which could not be parsed,2026-07-01 01:31:37.107921,https://www.openstreetmap.org/node/1785949153,-40.3245357,175.7938232
node/2436325149,2436325149,node,New Zealand,generator,Capacity regex no match,660 kW,Tag 'generator:output:electricity' has value '660 kW' which could not be parsed,2026-07-01 01:31:37.107938,https://www.openstreetmap.org/node/2436325149,-40.3365258,175.7948445
node/2436325142,2436325142,node,New Zealand,generator,Capacity regex no match,660 kW,Tag 'generator:output:electricity' has value '660 kW' which could not be parsed,2026-07-01 01:31:37.107955,https://www.openstreetmap.org/node/2436325142,-40.3352516,175.7925727
node/2436325153,2436325153,node,New Zealand,generator,Capacity regex no match,660 kW,Tag 'generator:output:electricity' has value '660 kW' which could not be parsed,2026-07-01 01:31:37.107971,https://www.openstreetmap.org/node/2436325153,-40.3373424,175.7938794
node/2436325162,2436325162,node,New Zealand,generator,Capacity regex no match,660 kW,Tag 'generator:output:electricity' has value '660 kW' which could not be parsed,2026-07-01 01:31:37.107988,https://www.openstreetmap.org/node/2436325162,-40.3382963,175.7929988
node/2436325164,2436325164,node,New Zealand,generator,Capacity regex no match,660 kW,Tag 'generator:output:electricity' has value '660 kW' which could not be parsed,2026-07-01 01:31:37.108005,https://www.openstreetmap.org/node/2436325164,-40.3390841,175.79204
node/1785949224,1785949224,node,New Zealand,generator,Capacity regex no match,660 kW,Tag 'generator:output:electricity' has value '660 kW' which could not be parsed,2026-07-01 01:31:37.108022,https://www.openstreetmap.org/node/1785949224,-40.339936,175.7911624
node/2436325159,2436325159,node,New Zealand,generator,Capacity regex no match,660 kW,Tag 'generator:output:electricity' has value '660 kW' which could not be parsed,2026-07-01 01:31:37.108039,https://www.openstreetmap.org/node/2436325159,-40.3375777,175.7892038
node/2436325151,2436325151,node,New Zealand,generator,Capacity regex no match,660 kW,Tag 'generator:output:electricity' has value '660 kW' which could not be parsed,2026-07-01 01:31:37.108061,https://www.openstreetmap.org/node/2436325151,-40.3366102,175.7899836
node/1481622677,1481622677,node,New Zealand,generator,Missing output tag,none,"tags: {'generator:method': 'wind_turbine', 'generator:source': 'wind', 'generator:type': 'horizontal_axis', 'power': 'generator'}",2026-07-01 01:31:37.108208,https://www.openstreetmap.org/node/1481622677,-40.3372791,175.785241
node/2436325156,2436325156,node,New Zealand,generator,Missing output tag,none,"tags: {'generator:method': 'wind_turbine', 'generator:source': 'wind', 'generator:type': 'horizontal_axis', 'power': 'generator', 'source': 'LINZ'}",2026-07-01 01:31:37.108366,https://www.openstreetmap.org/node/2436325156,-40.3375669,175.7834484
node/2436325145,2436325145,node,New Zealand,generator,Missing output tag,none,"tags: {'generator:method': 'wind_turbine', 'generator:source': 'wind', 'power': 'generator', 'source': 'LINZ'}",2026-07-01 01:31:37.108510,https://www.openstreetmap.org/node/2436325145,-40.3362052,175.7819391
node/1785949232,1785949232,node,New Zealand,generator,Missing output tag,none,"tags: {'generator:source': 'wind', 'power': 'generator'}",2026-07-01 01:31:37.108653,https://www.openstreetmap.org/node/1785949232,-40.3355281,175.7837166
node/2436325140,2436325140,node,New Zealand,generator,Missing output tag,none,"tags: {'generator:method': 'wind_turbine', 'generator:source': 'wind', 'power': 'generator', 'source': 'LINZ'}",2026-07-01 01:31:37.108795,https://www.openstreetmap.org/node/2436325140,-40.3346606,175.7845572
node/1789674020,1789674020,node,New Zealand,generator,Capacity regex no match,660 kW,Tag 'generator:output:electricity' has value '660 kW' which could not be parsed,2026-07-01 01:31:37.108810,https://www.openstreetmap.org/node/1789674020,-40.3470187,175.766755
node/1789674113,1789674113,node,New Zealand,generator,Capacity regex no match,660 kW,Tag 'generator:output:electricity' has value '660 kW' which could not be parsed,2026-07-01 01:31:37.108830,https://www.openstreetmap.org/node/1789674113,-40.3484905,175.7666585
node/1785949073,1785949073,node,New Zealand,generator,Capacity regex no match,660 kW,Tag 'generator:output:electricity' has value '660 kW' which could not be parsed,2026-07-01 01:31:37.108848,https://www.openstreetmap.org/node/1785949073,-40.3528311,175.7722368
node/1785949048,1785949048,node,New Zealand,generator,Capacity regex no match,660 kW,Tag 'generator:output:electricity' has value '660 kW' which could not be parsed,2026-07-01 01:31:37.108866,https://www.openstreetmap.org/node/1785949048,-40.3528065,175.7746078
node/1789674126,1789674126,node,New Zealand,generator,Capacity regex no match,660 kW,Tag 'generator:output:electricity' has value '660 kW' which could not be parsed,2026-07-01 01:31:37.108883,https://www.openstreetmap.org/node/1789674126,-40.3505752,175.772709
node/1789674049,1789674049,node,New Zealand,generator,Capacity regex no match,660 kW,Tag 'generator:output:electricity' has value '660 kW' which could not be parsed,2026-07-01 01:31:37.108900,https://www.openstreetmap.org/node/1789674049,-40.3497906,175.7736746
node/1789674101,1789674101,node,New Zealand,generator,Capacity regex no match,660 kW,Tag 'generator:output:electricity' has value '660 kW' which could not be parsed,2026-07-01 01:31:37.108917,https://www.openstreetmap.org/node/1789674101,-40.3488834,175.7744256
node/1789674110,1789674110,node,New Zealand,generator,Capacity regex no match,660 kW,Tag 'generator:output:electricity' has value '660 kW' which could not be parsed,2026-07-01 01:31:37.108934,https://www.openstreetmap.org/node/1789674110,-40.347199,175.77346
node/1789674081,1789674081,node,New Zealand,generator,Capacity regex no match,660 kW,Tag 'generator:output:electricity' has value '660 kW' which could not be parsed,2026-07-01 01:31:37.108952,https://www.openstreetmap.org/node/1789674081,-40.3485318,175.776035
node/1789674111,1789674111,node,New Zealand,generator,Capacity regex no match,660 kW,Tag 'generator:output:electricity' has value '660 kW' which could not be parsed,2026-07-01 01:31:37.108969,https://www.openstreetmap.org/node/1789674111,-40.3478695,175.7779018
node/1789674037,1789674037,node,New Zealand,generator,Capacity regex no match,660 kW,Tag 'generator:output:electricity' has value '660 kW' which could not be parsed,2026-07-01 01:31:37.108986,https://www.openstreetmap.org/node/1789674037,-40.3470269,175.7788781
node/2436325216,2436325216,node,New Zealand,generator,Capacity regex no match,660 kW,Tag 'generator:output:electricity' has value '660 kW' which could not be parsed,2026-07-01 01:31:37.109003,https://www.openstreetmap.org/node/2436325216,-40.3534958,175.7778221
node/2436325213,2436325213,node,New Zealand,generator,Capacity regex no match,660 kW,Tag 'generator:output:electricity' has value '660 kW' which could not be parsed,2026-07-01 01:31:37.109020,https://www.openstreetmap.org/node/2436325213,-40.3517533,175.7783061
node/2436325210,2436325210,node,New Zealand,generator,Capacity regex no match,660 kW,Tag 'generator:output:electricity' has value '660 kW' which could not be parsed,2026-07-01 01:31:37.109036,https://www.openstreetmap.org/node/2436325210,-40.3507605,175.7789966
node/2436325207,2436325207,node,New Zealand,generator,Capacity regex no match,660 kW,Tag 'generator:output:electricity' has value '660 kW' which could not be parsed,2026-07-01 01:31:37.109053,https://www.openstreetmap.org/node/2436325207,-40.3500227,175.7800235
node/2436325203,2436325203,node,New Zealand,generator,Capacity regex no match,660 kW,Tag 'generator:output:electricity' has value '660 kW' which could not be parsed,2026-07-01 01:31:37.109070,https://www.openstreetmap.org/node/2436325203,-40.3495134,175.7813718
node/1789674029,1789674029,node,New Zealand,generator,Capacity regex no match,660 kW,Tag 'generator:output:electricity' has value '660 kW' which could not be parsed,2026-07-01 01:31:37.109088,https://www.openstreetmap.org/node/1789674029,-40.350706,175.7680527
node/1789674055,1789674055,node,New Zealand,generator,Capacity regex no match,660 kW,Tag 'generator:output:electricity' has value '660 kW' which could not be parsed,2026-07-01 01:31:37.109105,https://www.openstreetmap.org/node/1789674055,-40.3493487,175.7695333
node/1789674019,1789674019,node,New Zealand,generator,Capacity regex no match,660 kW,Tag 'generator:output:electricity' has value '660 kW' which could not be parsed,2026-07-01 01:31:37.109122,https://www.openstreetmap.org/node/1789674019,-40.3484174,175.7704774
node/1789674017,1789674017,node,New Zealand,generator,Capacity regex no match,660 kW,Tag 'generator:output:electricity' has value '660 kW' which could not be parsed,2026-07-01 01:31:37.109139,https://www.openstreetmap.org/node/1789674017,-40.3471414,175.7707456
node/1785948958,1785948958,node,New Zealand,generator,Capacity regex no match,660 kW,Tag 'generator:output:electricity' has value '660 kW' which could not be parsed,2026-07-01 01:31:37.109156,https://www.openstreetmap.org/node/1785948958,-40.3638843,175.7599737
node/1785949279,1785949279,node,New Zealand,generator,Capacity regex no match,660 kW,Tag 'generator:output:electricity' has value '660 kW' which could not be parsed,2026-07-01 01:31:37.109173,https://www.openstreetmap.org/node/1785949279,-40.3628547,175.7605423
node/2436325272,2436325272,node,New Zealand,generator,Capacity regex no match,660 kW,Tag 'generator:output:electricity' has value '660 kW' which could not be parsed,2026-07-01 01:31:37.109190,https://www.openstreetmap.org/node/2436325272,-40.361989,175.761387
node/2436325261,2436325261,node,New Zealand,generator,Capacity regex no match,660 kW,Tag 'generator:output:electricity' has value '660 kW' which could not be parsed,2026-07-01 01:31:37.109208,https://www.openstreetmap.org/node/2436325261,-40.3614019,175.7626822
node/1785949087,1785949087,node,New Zealand,generator,Capacity regex no match,660 kW,Tag 'generator:output:electricity' has value '660 kW' which could not be parsed,2026-07-01 01:31:37.109239,https://www.openstreetmap.org/node/1785949087,-40.3608109,175.7645764
node/1785949193,1785949193,node,New Zealand,generator,Capacity regex no match,660 kW,Tag 'generator:output:electricity' has value '660 kW' which could not be parsed,2026-07-01 01:31:37.109258,https://www.openstreetmap.org/node/1785949193,-40.3606306,175.7662823
node/1785949096,1785949096,node,New Zealand,generator,Capacity regex no match,660 kW,Tag 'generator:output:electricity' has value '660 kW' which could not be parsed,2026-07-01 01:31:37.109276,https://www.openstreetmap.org/node/1785949096,-40.3622493,175.7670655
node/1785949417,1785949417,node,New Zealand,generator,Capacity regex no match,660 kW,Tag 'generator:output:electricity' has value '660 kW' which could not be parsed,2026-07-01 01:31:37.109294,https://www.openstreetmap.org/node/1785949417,-40.363664,175.767044
node/2436325266,2436325266,node,New Zealand,generator,Capacity regex no match,660 kW,Tag 'generator:output:electricity' has value '660 kW' which could not be parsed,2026-07-01 01:31:37.109311,https://www.openstreetmap.org/node/2436325266,-40.3615105,175.7686553
node/2436325250,2436325250,node,New Zealand,generator,Capacity regex no match,660 kW,Tag 'generator:output:electricity' has value '660 kW' which could not be parsed,2026-07-01 01:31:37.109328,https://www.openstreetmap.org/node/2436325250,-40.3595503,175.7676033
node/2436325244,2436325244,node,New Zealand,generator,Capacity regex no match,660 kW,Tag 'generator:output:electricity' has value '660 kW' which could not be parsed,2026-07-01 01:31:37.109345,https://www.openstreetmap.org/node/2436325244,-40.3591133,175.7690161
node/2436325259,2436325259,node,New Zealand,generator,Capacity regex no match,660 kW,Tag 'generator:output:electricity' has value '660 kW' which could not be parsed,2026-07-01 01:31:37.109362,https://www.openstreetmap.org/node/2436325259,-40.3599916,175.7719491
node/2436325247,2436325247,node,New Zealand,generator,Capacity regex no match,660 kW,Tag 'generator:output:electricity' has value '660 kW' which could not be parsed,2026-07-01 01:31:37.109379,https://www.openstreetmap.org/node/2436325247,-40.3593487,175.7736571
node/2436325241,2436325241,node,New Zealand,generator,Capacity regex no match,660 kW,Tag 'generator:output:electricity' has value '660 kW' which could not be parsed,2026-07-01 01:31:37.109395,https://www.openstreetmap.org/node/2436325241,-40.3585841,175.7748398
node/2436325235,2436325235,node,New Zealand,generator,Capacity regex no match,660 kW,Tag 'generator:output:electricity' has value '660 kW' which could not be parsed,2026-07-01 01:31:37.109412,https://www.openstreetmap.org/node/2436325235,-40.3574922,175.7759753
node/2436325238,2436325238,node,New Zealand,generator,Capacity regex no match,660 kW,Tag 'generator:output:electricity' has value '660 kW' which could not be parsed,2026-07-01 01:31:37.109429,https://www.openstreetmap.org/node/2436325238,-40.3581424,175.7698668
node/2436325232,2436325232,node,New Zealand,generator,Capacity regex no match,660 kW,Tag 'generator:output:electricity' has value '660 kW' which could not be parsed,2026-07-01 01:31:37.109445,https://www.openstreetmap.org/node/2436325232,-40.35729,175.7707149
node/2436325229,2436325229,node,New Zealand,generator,Capacity regex no match,660 kW,Tag 'generator:output:electricity' has value '660 kW' which could not be parsed,2026-07-01 01:31:37.109462,https://www.openstreetmap.org/node/2436325229,-40.3570902,175.7724232
node/1785949002,1785949002,node,New Zealand,generator,Capacity regex no match,660 kW,Tag 'generator:output:electricity' has value '660 kW' which could not be parsed,2026-07-01 01:31:37.109478,https://www.openstreetmap.org/node/1785949002,-40.3561182,175.7731058
node/2436325226,2436325226,node,New Zealand,generator,Capacity regex no match,660 kW,Tag 'generator:output:electricity' has value '660 kW' which could not be parsed,2026-07-01 01:31:37.109495,https://www.openstreetmap.org/node/2436325226,-40.3552586,175.773959
node/2436325220,2436325220,node,New Zealand,generator,Capacity regex no match,660 kW,Tag 'generator:output:electricity' has value '660 kW' which could not be parsed,2026-07-01 01:31:37.109511,https://www.openstreetmap.org/node/2436325220,-40.3540446,175.774271
node/2436325222,2436325222,node,New Zealand,generator,Capacity regex no match,660 kW,Tag 'generator:output:electricity' has value '660 kW' which could not be parsed,2026-07-01 01:31:37.109527,https://www.openstreetmap.org/node/2436325222,-40.3552282,175.7769162
node/2436269893,2436269893,node,New Zealand,generator,Missing output tag,none,"tags: {'generator:method': 'wind_turbine', 'generator:source': 'wind', 'power': 'generator', 'source': 'LINZ'}",2026-07-01 01:31:37.115844,https://www.openstreetmap.org/node/2436269893,-41.2928655,174.669979
node/2436269895,2436269895,node,New Zealand,generator,Missing output tag,none,"tags: {'generator:method': 'wind_turbine', 'generator:source': 'wind', 'power': 'generator', 'source': 'LINZ'}",2026-07-01 01:31:37.116001,https://www.openstreetmap.org/node/2436269895,-41.2982572,174.6745594
node/2436269901,2436269901,node,New Zealand,generator,Missing output tag,none,"tags: {'generator:method': 'wind_turbine', 'generator:source': 'wind', 'power': 'generator', 'source': 'LINZ'}",2026-07-01 01:31:37.116154,https://www.openstreetmap.org/node/2436269901,-41.3013315,174.6748756
node/2436269903,2436269903,node,New Zealand,generator,Missing output tag,none,"tags: {'generator:method': 'wind_turbine', 'generator:source': 'wind', 'power': 'generator', 'source': 'LINZ'}",2026-07-01 01:31:37.116324,https://www.openstreetmap.org/node/2436269903,-41.3035561,174.6728093
node/2436269906,2436269906,node,New Zealand,generator,Missing output tag,none,"tags: {'LINZ:dataset': 'mainland', 'LINZ:layer': 'windmill_pnt', 'LINZ:source_version': '2012-06-06', 'attribution': 'http://wiki.osm.org/wiki/Attribution#LINZ', 'generator:source': 'wind', 'power': 'generator', 'source_ref': 'http://www.linz.govt.nz/topography/topo-maps/'}",2026-07-01 01:31:37.116489,https://www.openstreetmap.org/node/2436269906,-41.3067842,174.671021
node/2436269909,2436269909,node,New Zealand,generator,Missing output tag,none,"tags: {'generator:method': 'wind_turbine', 'generator:source': 'wind', 'power': 'generator', 'source': 'LINZ'}",2026-07-01 01:31:37.116642,https://www.openstreetmap.org/node/2436269909,-41.3097468,174.6712153
node/2436269915,2436269915,node,New Zealand,generator,Missing output tag,none,"tags: {'LINZ:dataset': 'mainland', 'LINZ:layer': 'windmill_pnt', 'LINZ:source_version': '2012-06-06', 'attribution': 'http://wiki.osm.org/wiki/Attribution#LINZ', 'generator:source': 'wind', 'power': 'generator', 'source_ref': 'http://www.linz.govt.nz/topography/topo-maps/'}",2026-07-01 01:31:37.116805,https://www.openstreetmap.org/node/2436269915,-41.3134207,174.6719924
node/2436269918,2436269918,node,New Zealand,generator,Missing output tag,none,"tags: {'LINZ:dataset': 'mainland', 'LINZ:layer': 'windmill_pnt', 'LINZ:source_version': '2012-06-06', 'attribution': 'http://wiki.osm.org/wiki/Attribution#LINZ', 'generator:source': 'wind', 'power': 'generator', 'source_ref': 'http://www.linz.govt.nz/topography/topo-maps/'}",2026-07-01 01:31:37.116967,https://www.openstreetmap.org/node/2436269918,-41.3164968,174.6706454
node/2436269921,2436269921,node,New Zealand,generator,Missing output tag,none,"tags: {'LINZ:dataset': 'mainland', 'LINZ:layer': 'windmill_pnt', 'LINZ:source_version': '2012-06-06', 'attribution': 'http://wiki.osm.org/wiki/Attribution#LINZ', 'generator:source': 'wind', 'power': 'generator', 'source_ref': 'http://www.linz.govt.nz/topography/topo-maps/'}",2026-07-01 01:31:37.117126,https://www.openstreetmap.org/node/2436269921,-41.3191214,174.6687817
node/2436269923,2436269923,node,New Zealand,generator,Missing output tag,none,"tags: {'LINZ:dataset': 'mainland', 'LINZ:layer': 'windmill_pnt', 'LINZ:source_version': '2012-06-06', 'attribution': 'http://wiki.osm.org/wiki/Attribution#LINZ', 'generator:source': 'wind', 'power': 'generator', 'source_ref': 'http://www.linz.govt.nz/topography/topo-maps/'}",2026-07-01 01:31:37.117298,https://www.openstreetmap.org/node/2436269923,-41.3230225,174.6676783
node/2436269926,2436269926,node,New Zealand,generator,Missing output tag,none,"tags: {'generator:method': 'wind_turbine', 'generator:source': 'wind', 'power': 'generator', 'source': 'LINZ'}",2026-07-01 01:31:37.117447,https://www.openstreetmap.org/node/2436269926,-41.3242358,174.6712589
node/2436269930,2436269930,node,New Zealand,generator,Missing output tag,none,"tags: {'LINZ:dataset': 'mainland', 'LINZ:layer': 'windmill_pnt', 'LINZ:source_version': '2012-06-06', 'attribution': 'http://wiki.osm.org/wiki/Attribution#LINZ', 'generator:source': 'wind', 'power': 'generator', 'source_ref': 'http://www.linz.govt.nz/topography/topo-maps/'}",2026-07-01 01:31:37.117605,https://www.openstreetmap.org/node/2436269930,-41.3247403,174.6658061
node/2436269932,2436269932,node,New Zealand,generator,Missing output tag,none,"tags: {'LINZ:dataset': 'mainland', 'LINZ:layer': 'windmill_pnt', 'LINZ:source_version': '2012-06-06', 'attribution': 'http://wiki.osm.org/wiki/Attribution#LINZ', 'generator:source': 'wind', 'power': 'generator', 'source_ref': 'http://www.linz.govt.nz/topography/topo-maps/'}",2026-07-01 01:31:37.117763,https://www.openstreetmap.org/node/2436269932,-41.3276586,174.6653012
node/2436269933,2436269933,node,New Zealand,generator,Missing output tag,none,"tags: {'LINZ:dataset': 'mainland', 'LINZ:layer': 'windmill_pnt', 'LINZ:source_version': '2012-06-06', 'attribution': 'http://wiki.osm.org/wiki/Attribution#LINZ', 'generator:source': 'wind', 'power': 'generator', 'source_ref': 'http://www.linz.govt.nz/topography/topo-maps/'}",2026-07-01 01:31:37.117921,https://www.openstreetmap.org/node/2436269933,-41.3292543,174.6633515
node/2436269934,2436269934,node,New Zealand,generator,Missing output tag,none,"tags: {'LINZ:dataset': 'mainland', 'LINZ:layer': 'windmill_pnt', 'LINZ:source_version': '2012-06-06', 'attribution': 'http://wiki.osm.org/wiki/Attribution#LINZ', 'generator:source': 'wind', 'power': 'generator', 'source_ref': 'http://www.linz.govt.nz/topography/topo-maps/'}",2026-07-01 01:31:37.118077,https://www.openstreetmap.org/node/2436269934,-41.3302038,174.6673713
node/2436269766,2436269766,node,New Zealand,generator,Capacity placeholder value,yes,Tag 'generator:output:electricity' contains placeholder value 'yes' instead of actual capacity,2026-07-01 01:31:37.118320,https://www.openstreetmap.org/node/2436269766,-41.2262798,174.699975
node/4512701024,4512701024,node,New Zealand,generator,Missing output tag,none,"tags: {'generator:method': 'wind_turbine', 'generator:source': 'wind', 'generator:type': 'horizontal_axis', 'power': 'generator'}",2026-07-01 01:31:37.122571,https://www.openstreetmap.org/node/4512701024,-41.2160988,174.7263946
node/5006520839,5006520839,node,New Zealand,generator,Capacity regex no match,250 kW,Tag 'generator:output:electricity' has value '250 kW' which could not be parsed,2026-07-01 01:31:37.131578,https://www.openstreetmap.org/node/5006520839,-41.8887003,174.1253296
node/5006518375,5006518375,node,New Zealand,generator,Capacity regex no match,250 kW,Tag 'generator:output:electricity' has value '250 kW' which could not be parsed,2026-07-01 01:31:37.131605,https://www.openstreetmap.org/node/5006518375,-41.8900501,174.1242024
node/5006518371,5006518371,node,New Zealand,generator,Capacity regex no match,250 kW,Tag 'generator:output:electricity' has value '250 kW' which could not be parsed,2026-07-01 01:31:37.131628,https://www.openstreetmap.org/node/5006518371,-41.8918833,174.1251787
node/5006518369,5006518369,node,New Zealand,generator,Capacity regex no match,250 kW,Tag 'generator:output:electricity' has value '250 kW' which could not be parsed,2026-07-01 01:31:37.131649,https://www.openstreetmap.org/node/5006518369,-41.8890456,174.12196
node/5645482519,5645482519,node,New Zealand,generator,Capacity placeholder value,yes,Tag 'generator:output:electricity' contains placeholder value 'yes' instead of actual capacity,2026-07-01 01:31:37.147907,https://www.openstreetmap.org/node/5645482519,-41.8453922,174.1620808
node/5645482518,5645482518,node,New Zealand,generator,Capacity placeholder value,yes,Tag 'generator:output:electricity' contains placeholder value 'yes' instead of actual capacity,2026-07-01 01:31:37.147926,https://www.openstreetmap.org/node/5645482518,-41.8463593,174.1620754
node/5645482520,5645482520,node,New Zealand,generator,Capacity placeholder value,yes,Tag 'generator:output:electricity' contains placeholder value 'yes' instead of actual capacity,2026-07-01 01:31:37.147940,https://www.openstreetmap.org/node/5645482520,-41.8447927,174.1626065
node/4170914169,4170914169,node,New Zealand,generator,Capacity regex no match,850 kW,Tag 'generator:output:electricity' has value '850 kW' which could not be parsed,2026-07-01 01:31:37.154445,https://www.openstreetmap.org/node/4170914169,-46.057442,169.7751214
node/4170914167,4170914167,node,New Zealand,generator,Capacity regex no match,850 kW,Tag 'generator:output:electricity' has value '850 kW' which could not be parsed,2026-07-01 01:31:37.154475,https://www.openstreetmap.org/node/4170914167,-46.056099,169.7751774
node/4170914389,4170914389,node,New Zealand,generator,Capacity regex no match,850 kW,Tag 'generator:output:electricity' has value '850 kW' which could not be parsed,2026-07-01 01:31:37.154498,https://www.openstreetmap.org/node/4170914389,-46.0551981,169.7752515
node/4170914394,4170914394,node,New Zealand,generator,Capacity regex no match,850 kW,Tag 'generator:output:electricity' has value '850 kW' which could not be parsed,2026-07-01 01:31:37.154519,https://www.openstreetmap.org/node/4170914394,-46.0543012,169.7749043
node/4170914171,4170914171,node,New Zealand,generator,Capacity regex no match,850 kW,Tag 'generator:output:electricity' has value '850 kW' which could not be parsed,2026-07-01 01:31:37.154538,https://www.openstreetmap.org/node/4170914171,-46.0533919,169.775347
node/4170914168,4170914168,node,New Zealand,generator,Capacity regex no match,850 kW,Tag 'generator:output:electricity' has value '850 kW' which could not be parsed,2026-07-01 01:31:37.154557,https://www.openstreetmap.org/node/4170914168,-46.0525183,169.7760503
node/4170914185,4170914185,node,New Zealand,generator,Capacity regex no match,850 kW,Tag 'generator:output:electricity' has value '850 kW' which could not be parsed,2026-07-01 01:31:37.154575,https://www.openstreetmap.org/node/4170914185,-46.0516347,169.7760776
node/4170914395,4170914395,node,New Zealand,generator,Capacity regex no match,850 kW,Tag 'generator:output:electricity' has value '850 kW' which could not be parsed,2026-07-01 01:31:37.154592,https://www.openstreetmap.org/node/4170914395,-46.0507404,169.7767857
node/4170914391,4170914391,node,New Zealand,generator,Capacity regex no match,850 kW,Tag 'generator:output:electricity' has value '850 kW' which could not be parsed,2026-07-01 01:31:37.154610,https://www.openstreetmap.org/node/4170914391,-46.0498375,169.7768247
node/5951172512,5951172512,node,New Zealand,generator,Capacity regex no match,850 kW,Tag 'generator:output:electricity' has value '850 kW' which could not be parsed,2026-07-01 01:31:37.159763,https://www.openstreetmap.org/node/5951172512,-46.5810965,168.2871893
node/5951172509,5951172509,node,New Zealand,generator,Capacity regex no match,850 kW,Tag 'generator:output:electricity' has value '850 kW' which could not be parsed,2026-07-01 01:31:37.159793,https://www.openstreetmap.org/node/5951172509,-46.5843574,168.2873908
node/5951172506,5951172506,node,New Zealand,generator,Capacity regex no match,850 kW,Tag 'generator:output:electricity' has value '850 kW' which could not be parsed,2026-07-01 01:31:37.159816,https://www.openstreetmap.org/node/5951172506,-46.5843596,168.2842663
node/5951172505,5951172505,node,New Zealand,generator,Capacity regex no match,850 kW,Tag 'generator:output:electricity' has value '850 kW' which could not be parsed,2026-07-01 01:31:37.159837,https://www.openstreetmap.org/node/5951172505,-46.5815618,168.2828704
node/5951172511,5951172511,node,New Zealand,generator,Capacity regex no match,850 kW,Tag 'generator:output:electricity' has value '850 kW' which could not be parsed,2026-07-01 01:31:37.159857,https://www.openstreetmap.org/node/5951172511,-46.5801805,168.2834668
node/5951172507,5951172507,node,New Zealand,generator,Capacity regex no match,850 kW,Tag 'generator:output:electricity' has value '850 kW' which could not be parsed,2026-07-01 01:31:37.159876,https://www.openstreetmap.org/node/5951172507,-46.5790296,168.2819924
node/5951172508,5951172508,node,New Zealand,generator,Capacity regex no match,850 kW,Tag 'generator:output:electricity' has value '850 kW' which could not be parsed,2026-07-01 01:31:37.159896,https://www.openstreetmap.org/node/5951172508,-46.5775687,168.2828768
node/5951172510,5951172510,node,New Zealand,generator,Capacity regex no match,850 kW,Tag 'generator:output:electricity' has value '850 kW' which could not be parsed,2026-07-01 01:31:37.159914,https://www.openstreetmap.org/node/5951172510,-46.5762514,168.2843537
relation/12568801,12568801,relation,New Zealand,plant,Capacity regex no match,600 kW,Tag 'plant:output:electricity' has value '600 kW' which could not be parsed,2026-07-01 01:31:37.165591,https://www.openstreetmap.org/relation/12568801,-42.72987120041471,171.20561855116063
node/9695998305,9695998305,node,New Zealand,generator,Capacity regex no match,225 kW,Tag 'generator:output:electricity' has value '225 kW' which could not be parsed,2026-07-01 01:31:37.185539,https://www.openstreetmap.org/node/9695998305,-44.0364208,-176.3840438
node/9695998304,9695998304,node,New Zealand,generator,Capacity regex no match,225 kW,Tag 'generator:output:electricity' has value '225 kW' which could not be parsed,2026-07-01 01:31:37.185564,https://www.openstreetmap.org/node/9695998304,-44.0372715,-176.3833372
relation/18133312,18133312,relation,New Zealand,plant,Capacity placeholder value,yes,Tag 'plant:output:electricity' contains placeholder value 'yes' instead of actual capacity,2026-07-01 01:31:37.189867,https://www.openstreetmap.org/relation/18133312,-41.05492408401305,174.92512307032493
way/854065629,854065629,way,New Zealand,plant,Capacity regex no match,120kW,Tag 'plant:output:electricity' has value '120kW' which could not be parsed,2026-07-01 01:31:37.207843,https://www.openstreetmap.org/way/854065629,-37.26437687929602,174.91120208532567
way/929005360,929005360,way,New Zealand,plant,Capacity regex no match,1039 kW,Tag 'plant:output:electricity' has value '1039 kW' which could not be parsed,2026-07-01 01:31:37.208026,https://www.openstreetmap.org/way/929005360,-36.745905727800235,174.71629337655054
way/972284346,972284346,way,New Zealand,plant,Missing output tag,none,"tags: {'landuse': 'industrial', 'plant:source': 'biogas', 'power': 'plant'}",2026-07-01 01:31:37.212746,https://www.openstreetmap.org/way/972284346,-41.328332478003134,174.744576682024
way/991405103,991405103,way,New Zealand,plant,Capacity regex no match,916 kW,Tag 'plant:output:electricity' has value '916 kW' which could not be parsed,2026-07-01 01:31:37.215019,https://www.openstreetmap.org/way/991405103,-46.89046615875878,168.1273702520473
way/1083946469,1083946469,way,New Zealand,plant,Capacity placeholder value,yes,Tag 'plant:output:electricity' contains placeholder value 'yes' instead of actual capacity,2026-07-01 01:31:37.216544,https://www.openstreetmap.org/way/1083946469,-43.62363589449352,171.64738369223656
way/1091972898,1091972898,way,New Zealand,plant,Missing source tag,none,"tags: {'building': 'yes', 'content': 'water', 'man_made': 'storage_tank', 'plant:output:hot_water': 'yes', 'plant:type': 'boiler', 'power': 'plant'}",2026-07-01 01:31:37.216872,https://www.openstreetmap.org/way/1091972898,-36.85099126161054,174.76197983546336
way/1135396115,1135396115,way,New Zealand,plant,Capacity placeholder value,yes,Tag 'plant:output:electricity' contains placeholder value 'yes' instead of actual capacity,2026-07-01 01:31:37.217859,https://www.openstreetmap.org/way/1135396115,-36.82187255523604,174.78445809673488
way/1166009853,1166009853,way,New Zealand,plant,Capacity regex no match,285 kW,Tag 'plant:output:electricity' has value '285 kW' which could not be parsed,2026-07-01 01:31:37.218042,https://www.openstreetmap.org/way/1166009853,-43.544205872894686,172.49636798596762
way/1178250807,1178250807,way,New Zealand,plant,Missing output tag,none,"tags: {'landuse': 'industrial', 'plant:method': 'gasification', 'plant:source': 'biogas', 'power': 'plant'}",2026-07-01 01:31:37.218273,https://www.openstreetmap.org/way/1178250807,-43.46398157129379,172.707738552737
way/1196861316,1196861316,way,New Zealand,plant,Capacity placeholder value,yes,Tag 'plant:output:electricity' contains placeholder value 'yes' instead of actual capacity,2026-07-01 01:31:37.218528,https://www.openstreetmap.org/way/1196861316,-37.20647918553441,174.7244405043951
way/1257309180,1257309180,way,New Zealand,plant,Capacity regex no match,852 kW,Tag 'plant:output:electricity' has value '852 kW' which could not be parsed,2026-07-01 01:31:37.218731,https://www.openstreetmap.org/way/1257309180,-41.538641796463004,173.93789873208874
way/1289096086,1289096086,way,New Zealand,plant,Capacity placeholder value,yes,Tag 'plant:output:electricity' contains placeholder value 'yes' instead of actual capacity,2026-07-01 01:31:37.218961,https://www.openstreetmap.org/way/1289096086,-44.852684109761995,168.3901483893133
way/1317531463,1317531463,way,New Zealand,plant,Capacity placeholder value,yes,Tag 'plant:output:electricity' contains placeholder value 'yes' instead of actual capacity,2026-07-01 01:31:37.219529,https://www.openstreetmap.org/way/1317531463,-41.056019299999996,174.9235502
way/1321738577,1321738577,way,New Zealand,plant,Capacity placeholder value,yes,Tag 'plant:output:electricity' contains placeholder value 'yes' instead of actual capacity,2026-07-01 01:31:37.219747,https://www.openstreetmap.org/way/1321738577,-41.05594783346349,174.9241897841899
way/1339362415,1339362415,way,New Zealand,plant,Capacity placeholder value,yes,Tag 'plant:output:electricity' contains placeholder value 'yes' instead of actual capacity,2026-07-01 01:31:37.219988,https://www.openstreetmap.org/way/1339362415,-36.93574926655627,174.99249801943543
way/1339362692,1339362692,way,New Zealand,plant,Capacity placeholder value,yes,Tag 'plant:output:electricity' contains placeholder value 'yes' instead of actual capacity,2026-07-01 01:31:37.220182,https://www.openstreetmap.org/way/1339362692,-36.66422844579145,174.6288202254338
way/1382348473,1382348473,way,New Zealand,plant,Capacity placeholder value,yes,Tag 'plant:output:electricity' contains placeholder value 'yes' instead of actual capacity,2026-07-01 01:31:37.221732,https://www.openstreetmap.org/way/1382348473,-36.6054102,174.89650079999998
way/1427657424,1427657424,way,New Zealand,plant,Missing output tag,none,"tags: {'barrier': 'fence', 'plant:source': 'solar', 'power': 'plant'}",2026-07-01 01:31:37.226420,https://www.openstreetmap.org/way/1427657424,-46.14801358939286,167.4733736699516
way/1441871200,1441871200,way,New Zealand,plant,Capacity placeholder value,yes,Tag 'plant:output:electricity' contains placeholder value 'yes' instead of actual capacity,2026-07-01 01:31:37.227656,https://www.openstreetmap.org/way/1441871200,-37.716431363031134,175.21671863375755
way/1449986455,1449986455,way,New Zealand,plant,Capacity placeholder value,yes,Tag 'plant:output:electricity' contains placeholder value 'yes' instead of actual capacity,2026-07-01 01:31:37.227875,https://www.openstreetmap.org/way/1449986455,-44.66608806842809,169.24648491195686
way/1450022364,1450022364,way,New Zealand,plant,Capacity placeholder value,yes,Tag 'plant:output:electricity' contains placeholder value 'yes' instead of actual capacity,2026-07-01 01:31:37.228035,https://www.openstreetmap.org/way/1450022364,-43.11335665000001,171.68850150000003
way/1467583897,1467583897,way,New Zealand,plant,Capacity placeholder value,yes,Tag 'plant:output:electricity' contains placeholder value 'yes' instead of actual capacity,2026-07-01 01:31:37.229024,https://www.openstreetmap.org/way/1467583897,-44.87873774869893,168.40847296842102
way/1482732522,1482732522,way,New Zealand,plant,Capacity placeholder value,yes,Tag 'plant:output:electricity' contains placeholder value 'yes' instead of actual capacity,2026-07-01 01:31:37.229216,https://www.openstreetmap.org/way/1482732522,-43.99896541531171,171.64373737406436
way/1495414302,1495414302,way,New Zealand,plant,Capacity placeholder value,yes,Tag 'plant:output:electricity' contains placeholder value 'yes' instead of actual capacity,2026-07-01 01:31:37.229492,https://www.openstreetmap.org/way/1495414302,-44.75582922807311,169.5196836614289
node/10571698079,10571698079,node,New Zealand,plant,Missing source tag,none,"tags: {'name': 'Amethyst Hydro Electric Power Scheme', 'power': 'plant'}",2026-07-01 01:31:37.230897,https://www.openstreetmap.org/node/10571698079,-43.1589072,170.6285018
node/10650286655,10650286655,node,"Micronesia, Federated States of",generator,Capacity regex no match,275 kW,Tag 'generator:output:electricity' has value '275 kW' which could not be parsed,2026-07-01 01:32:34.494261,https://www.openstreetmap.org/node/10650286655,9.5282511,138.1129532
node/10650286656,10650286656,node,"Micronesia, Federated States of",generator,Capacity regex no match,275 kW,Tag 'generator:output:electricity' has value '275 kW' which could not be parsed,2026-07-01 01:32:34.494290,https://www.openstreetmap.org/node/10650286656,9.5285673,138.1120467
node/10650286657,10650286657,node,"Micronesia, Federated States of",generator,Capacity regex no match,275 kW,Tag 'generator:output:electricity' has value '275 kW' which could not be parsed,2026-07-01 01:32:34.494311,https://www.openstreetmap.org/node/10650286657,9.5290182,138.1113667
way/339252974,339252974,way,"Micronesia, Federated States of",plant,Missing output tag,none,"tags: {'building': 'yes', 'name': 'YSPSC', 'operator': 'YSPSC', 'plant:source': 'solar', 'power': 'plant'}",2026-07-01 01:32:34.494776,https://www.openstreetmap.org/way/339252974,10.031916349999998,139.76357159999998
way/1292782033,1292782033,way,"Micronesia, Federated States of",plant,Capacity placeholder value,yes,Tag 'plant:output:electricity' contains placeholder value 'yes' instead of actual capacity,2026-07-01 01:32:34.495023,https://www.openstreetmap.org/way/1292782033,6.836671090420038,158.2915061969035
way/110072473,110072473,way,Niue,plant,Missing source tag,none,"tags: {'landuse': 'industrial', 'power': 'plant'}",2026-07-01 01:35:24.235009,https://www.openstreetmap.org/way/110072473,-19.059350687231138,-169.91138856190332
way/1388086766,1388086766,way,Niue,plant,Capacity placeholder value,yes,Tag 'plant:output:electricity' contains placeholder value 'yes' instead of actual capacity,2026-07-01 01:35:24.235327,https://www.openstreetmap.org/way/1388086766,-19.075705636809058,-169.92691653043804
way/1458613561,1458613561,way,Niue,plant,Capacity placeholder value,yes,Tag 'plant:output:electricity' contains placeholder value 'yes' instead of actual capacity,2026-07-01 01:35:24.235497,https://www.openstreetmap.org/way/1458613561,-19.072171047308206,-169.91615487648934
way/285711060,285711060,way,Papua New Guinea,plant,Missing source tag,none,"tags: {'building': 'yes', 'frequency': '50', 'power': 'plant'}",2026-07-01 01:37:50.050535,https://www.openstreetmap.org/way/285711060,-5.243610829459466,151.11248272828456
way/286845905,286845905,way,Papua New Guinea,plant,Capacity placeholder value,yes,Tag 'plant:output:electricity' contains placeholder value 'yes' instead of actual capacity,2026-07-01 01:37:50.050732,https://www.openstreetmap.org/way/286845905,-7.961065136574278,145.770774975104
way/564427865,564427865,way,Papua New Guinea,plant,Missing output tag,none,"tags: {'landuse': 'industrial', 'name': 'Hides GTE', 'plant:source': 'gas', 'power': 'plant'}",2026-07-01 01:37:50.050952,https://www.openstreetmap.org/way/564427865,-5.911862212233289,142.77129456912292
way/759156578,759156578,way,Papua New Guinea,plant,Capacity placeholder value,yes,Tag 'plant:output:electricity' contains placeholder value 'yes' instead of actual capacity,2026-07-01 01:37:50.051548,https://www.openstreetmap.org/way/759156578,-6.2400381061698065,145.96674814924893
way/776764834,776764834,way,Papua New Guinea,plant,Missing output tag,none,"tags: {'building': 'industrial', 'landuse': 'industrial', 'name': 'Madang Power Plant', 'operator': 'PNG Power', 'plant:source': 'diesel', 'power': 'plant'}",2026-07-01 01:37:50.052055,https://www.openstreetmap.org/way/776764834,-5.2175086684033705,145.80468432284326
way/808015640,808015640,way,Papua New Guinea,plant,Capacity placeholder value,yes,Tag 'plant:output:electricity' contains placeholder value 'yes' instead of actual capacity,2026-07-01 01:37:50.052534,https://www.openstreetmap.org/way/808015640,-3.065128860541481,152.6294116746801
way/864209612,864209612,way,Papua New Guinea,plant,Missing output tag,none,"tags: {'area': 'yes', 'plant:source': 'hydro', 'power': 'plant', 'waterway': 'dam'}",2026-07-01 01:37:50.052715,https://www.openstreetmap.org/way/864209612,-6.092547153754289,144.1267020484366
way/894255194,894255194,way,Papua New Guinea,plant,Missing output tag,none,"tags: {'landuse': 'industrial', 'name': 'Alotau Power Station', 'plant:source': 'diesel', 'power': 'plant'}",2026-07-01 01:37:50.052968,https://www.openstreetmap.org/way/894255194,-10.31484072929824,150.45925855908254
way/896082925,896082925,way,Papua New Guinea,plant,Missing output tag,none,"tags: {'landuse': 'industrial', 'name': 'Kokopo Power Plant', 'plant:source': 'diesel', 'power': 'plant'}",2026-07-01 01:37:50.053177,https://www.openstreetmap.org/way/896082925,-4.331453084840493,152.24732753537089
way/1023123441,1023123441,way,Papua New Guinea,plant,Capacity placeholder value,yes,Tag 'plant:output:electricity' contains placeholder value 'yes' instead of actual capacity,2026-07-01 01:37:50.053392,https://www.openstreetmap.org/way/1023123441,-6.134089090704495,143.65718669742884
way/1265739698,1265739698,way,Papua New Guinea,plant,Capacity placeholder value,yes,Tag 'plant:output:electricity' contains placeholder value 'yes' instead of actual capacity,2026-07-01 01:37:50.054383,https://www.openstreetmap.org/way/1265739698,-2.638923555128341,152.0215657873888
way/1266092170,1266092170,way,Papua New Guinea,plant,Capacity placeholder value,yes,Tag 'plant:output:electricity' contains placeholder value 'yes' instead of actual capacity,2026-07-01 01:37:50.054561,https://www.openstreetmap.org/way/1266092170,-2.638862974247245,152.02143063249676
way/1271101238,1271101238,way,Papua New Guinea,plant,Capacity placeholder value,yes,Tag 'plant:output:electricity' contains placeholder value 'yes' instead of actual capacity,2026-07-01 01:37:50.054716,https://www.openstreetmap.org/way/1271101238,-3.5733690974639996,143.6589872763451
way/1280580042,1280580042,way,Papua New Guinea,plant,Capacity placeholder value,yes,Tag 'plant:output:electricity' contains placeholder value 'yes' instead of actual capacity,2026-07-01 01:37:50.054872,https://www.openstreetmap.org/way/1280580042,-4.071334780682335,143.58311948148932
way/1372092021,1372092021,way,Papua New Guinea,plant,Capacity placeholder value,yes,Tag 'plant:output:electricity' contains placeholder value 'yes' instead of actual capacity,2026-07-01 01:37:50.055050,https://www.openstreetmap.org/way/1372092021,-6.123218710786888,141.29696398487965
way/1372107618,1372107618,way,Papua New Guinea,plant,Capacity placeholder value,yes,Tag 'plant:output:electricity' contains placeholder value 'yes' instead of actual capacity,2026-07-01 01:37:50.055244,https://www.openstreetmap.org/way/1372107618,-5.269625864475638,141.22932933564817
way/1373697812,1373697812,way,Papua New Guinea,plant,Capacity placeholder value,yes,Tag 'plant:output:electricity' contains placeholder value 'yes' instead of actual capacity,2026-07-01 01:37:50.055416,https://www.openstreetmap.org/way/1373697812,-6.725502052157856,146.99615966504032
way/1381078567,1381078567,way,Papua New Guinea,plant,Capacity placeholder value,yes,Tag 'plant:output:electricity' contains placeholder value 'yes' instead of actual capacity,2026-07-01 01:37:50.055571,https://www.openstreetmap.org/way/1381078567,-8.746906910881894,148.2536245333118
way/1382976108,1382976108,way,Papua New Guinea,plant,Capacity placeholder value,yes,Tag 'plant:output:electricity' contains placeholder value 'yes' instead of actual capacity,2026-07-01 01:37:50.055726,https://www.openstreetmap.org/way/1382976108,-2.587021829255366,150.7973135636956
way/1478773945,1478773945,way,Papua New Guinea,plant,Capacity placeholder value,yes,Tag 'plant:output:electricity' contains placeholder value 'yes' instead of actual capacity,2026-07-01 01:37:50.055880,https://www.openstreetmap.org/way/1478773945,-9.385452277135066,147.26829354794975
way/1483334852,1483334852,way,Papua New Guinea,plant,Capacity placeholder value,yes,Tag 'plant:output:electricity' contains placeholder value 'yes' instead of actual capacity,2026-07-01 01:37:50.056066,https://www.openstreetmap.org/way/1483334852,-9.087935367754445,143.2116816096897
node/9241033673,9241033673,node,Samoa,generator,Capacity regex no match,275 kW,Tag 'generator:output:electricity' has value '275 kW' which could not be parsed,2026-07-01 01:42:51.290462,https://www.openstreetmap.org/node/9241033673,-14.0376532,-171.4522599
node/9241033674,9241033674,node,Samoa,generator,Capacity regex no match,275 kW,Tag 'generator:output:electricity' has value '275 kW' which could not be parsed,2026-07-01 01:42:51.290490,https://www.openstreetmap.org/node/9241033674,-14.0369415,-171.4524174
relation/19860831,19860831,relation,Samoa,plant,Capacity placeholder value,yes,Tag 'plant:output:electricity' contains placeholder value 'yes' instead of actual capacity,2026-07-01 01:42:51.291123,https://www.openstreetmap.org/relation/19860831,-13.839914805225314,-171.80928726438913
way/139731024,139731024,way,Samoa,plant,Capacity placeholder value,yes,Tag 'plant:output:electricity' contains placeholder value 'yes' instead of actual capacity,2026-07-01 01:42:51.291657,https://www.openstreetmap.org/way/139731024,-13.94416592779776,-171.5703970478602
way/1054501356,1054501356,way,Samoa,plant,Capacity placeholder value,yes,Tag 'plant:output:electricity' contains placeholder value 'yes' instead of actual capacity,2026-07-01 01:42:51.291887,https://www.openstreetmap.org/way/1054501356,-13.731622846040294,-172.22924856885265
way/1379558895,1379558895,way,Samoa,plant,Missing source tag,none,"tags: {'landuse': 'industrial', 'name': 'Afolau Gasification Plant', 'operator': 'Ministry of Natural Resources and Environment', 'power': 'plant'}",2026-07-01 01:42:51.292212,https://www.openstreetmap.org/way/1379558895,-13.851292540898154,-172.02522020508175
way/1382653995,1382653995,way,Samoa,plant,Capacity placeholder value,yes,Tag 'plant:output:electricity' contains placeholder value 'yes' instead of actual capacity,2026-07-01 01:42:51.292847,https://www.openstreetmap.org/way/1382653995,-14.0373603865165,-171.4525642038722
way/1383856509,1383856509,way,Samoa,plant,Capacity placeholder value,yes,Tag 'plant:output:electricity' contains placeholder value 'yes' instead of actual capacity,2026-07-01 01:42:51.293035,https://www.openstreetmap.org/way/1383856509,-13.944180763726429,-171.57043460267377
way/1384196600,1384196600,way,Samoa,plant,Capacity placeholder value,yes,Tag 'plant:output:electricity' contains placeholder value 'yes' instead of actual capacity,2026-07-01 01:42:51.293264,https://www.openstreetmap.org/way/1384196600,-13.99872175723215,-171.80966919691545
way/1384905581,1384905581,way,Samoa,plant,Capacity placeholder value,yes,Tag 'plant:output:electricity' contains placeholder value 'yes' instead of actual capacity,2026-07-01 01:42:51.293456,https://www.openstreetmap.org/way/1384905581,-13.839098451827372,-171.75846475831008
way/1384905710,1384905710,way,Samoa,plant,Missing source tag,none,"tags: {'landuse': 'industrial', 'power': 'plant'}",2026-07-01 01:42:51.293631,https://www.openstreetmap.org/way/1384905710,-13.83909694916302,-171.75849829952477
way/1386015012,1386015012,way,Samoa,plant,Capacity placeholder value,yes,Tag 'plant:output:electricity' contains placeholder value 'yes' instead of actual capacity,2026-07-01 01:42:51.293864,https://www.openstreetmap.org/way/1386015012,-13.832507581414879,-171.99179965920354
way/1386015013,1386015013,way,Samoa,plant,Capacity placeholder value,yes,Tag 'plant:output:electricity' contains placeholder value 'yes' instead of actual capacity,2026-07-01 01:42:51.294034,https://www.openstreetmap.org/way/1386015013,-13.831753664508051,-171.98945568563278
way/1386015014,1386015014,way,Samoa,plant,Capacity placeholder value,yes,Tag 'plant:output:electricity' contains placeholder value 'yes' instead of actual capacity,2026-07-01 01:42:51.294189,https://www.openstreetmap.org/way/1386015014,-13.831389474242362,-171.98734043320576
way/1388907479,1388907479,way,Samoa,plant,Capacity placeholder value,yes,Tag 'plant:output:electricity' contains placeholder value 'yes' instead of actual capacity,2026-07-01 01:42:51.294465,https://www.openstreetmap.org/way/1388907479,-13.82391643520836,-171.7994521109954
way/1389952604,1389952604,way,Samoa,plant,Missing output tag,none,"tags: {'name': 'Tanugamanono Solar Farm', 'plant:source': 'solar', 'power': 'plant'}",2026-07-01 01:42:51.294678,https://www.openstreetmap.org/way/1389952604,-13.852561249339772,-171.75796463401463
way/1389954297,1389954297,way,Samoa,plant,Missing source tag,none,"tags: {'landuse': 'industrial', 'name': 'Tanugamanono Power Station', 'power': 'plant'}",2026-07-01 01:42:51.294953,https://www.openstreetmap.org/way/1389954297,-13.852335763446472,-171.7575667891844
way/1391918884,1391918884,way,Samoa,plant,Missing source tag,none,"tags: {'landuse': 'industrial', 'name': ""Fale ole Fe'e Hydro Station"", 'power': 'plant'}",2026-07-01 01:42:51.295136,https://www.openstreetmap.org/way/1391918884,-13.872452015172417,-171.7525926151814
way/1391920280,1391920280,way,Samoa,plant,Missing source tag,none,"tags: {'landuse': 'industrial', 'name': 'Alaoa Hydro Station Compound', 'power': 'plant'}",2026-07-01 01:42:51.295365,https://www.openstreetmap.org/way/1391920280,-13.879409653947603,-171.7540340094158
way/1422208195,1422208195,way,Samoa,plant,Capacity placeholder value,yes,Tag 'plant:output:electricity' contains placeholder value 'yes' instead of actual capacity,2026-07-01 01:42:51.295701,https://www.openstreetmap.org/way/1422208195,-13.927324114445222,-171.60846095785516
way/1422208197,1422208197,way,Samoa,plant,Missing source tag,none,"tags: {'landuse': 'industrial', 'name': 'Lalomauga Hydro Powerstation', 'power': 'plant'}",2026-07-01 01:42:51.295926,https://www.openstreetmap.org/way/1422208197,-13.92729182388515,-171.60813767722937
way/1422208201,1422208201,way,Samoa,plant,Missing source tag,none,"tags: {'landuse': 'industrial', 'name': 'Lalomauga Headpond Grounds', 'power': 'plant'}",2026-07-01 01:42:51.296092,https://www.openstreetmap.org/way/1422208201,-13.928850520347897,-171.61897934171526
way/1444078398,1444078398,way,Samoa,plant,Missing source tag,none,"tags: {'name': 'Tesla Battery Storage Station Faleolo', 'operator': 'Tesla', 'operator:wikidata': 'Q478214', 'power': 'plant'}",2026-07-01 01:42:51.296266,https://www.openstreetmap.org/way/1444078398,-13.833162249635777,-171.9905287645284
way/1452470221,1452470221,way,Samoa,plant,Capacity placeholder value,yes,Tag 'plant:output:electricity' contains placeholder value 'yes' instead of actual capacity,2026-07-01 01:42:51.296461,https://www.openstreetmap.org/way/1452470221,-13.840498675265657,-171.80812615371642
way/1452472899,1452472899,way,Samoa,plant,Capacity placeholder value,yes,Tag 'plant:output:electricity' contains placeholder value 'yes' instead of actual capacity,2026-07-01 01:42:51.296726,https://www.openstreetmap.org/way/1452472899,-13.84068089819596,-171.80688871134632
way/1453211336,1453211336,way,Samoa,plant,Missing source tag,none,"tags: {'landuse': 'industrial', 'name': 'Medcen Transformer', 'power': 'plant'}",2026-07-01 01:42:51.296874,https://www.openstreetmap.org/way/1453211336,-13.868342533655648,-171.762683933109
way/1455845172,1455845172,way,Samoa,plant,Capacity placeholder value,yes,Tag 'plant:output:electricity' contains placeholder value 'yes' instead of actual capacity,2026-07-01 01:42:51.297029,https://www.openstreetmap.org/way/1455845172,-13.820893510179877,-172.15000359151335
way/1459710029,1459710029,way,Samoa,plant,Missing source tag,none,"tags: {'operator': 'Tesla', 'operator:wikidata': 'Q478214', 'power': 'plant'}",2026-07-01 01:42:51.297179,https://www.openstreetmap.org/way/1459710029,-13.884765549999997,-171.88449375
way/1459710030,1459710030,way,Samoa,plant,Missing source tag,none,"tags: {'operator': 'Tesla', 'operator:wikidata': 'Q478214', 'power': 'plant'}",2026-07-01 01:42:51.297361,https://www.openstreetmap.org/way/1459710030,-13.884766225010562,-171.8847675041825
way/1474037051,1474037051,way,Samoa,plant,Missing source tag,none,"tags: {'landuse': 'industrial', 'name': 'Fuluaso Hydro Station', 'power': 'plant'}",2026-07-01 01:42:51.297530,https://www.openstreetmap.org/way/1474037051,-13.848194850670685,-171.79712700790552
way/1492942704,1492942704,way,Samoa,plant,Capacity placeholder value,yes,Tag 'plant:output:electricity' contains placeholder value 'yes' instead of actual capacity,2026-07-01 01:42:51.297733,https://www.openstreetmap.org/way/1492942704,-13.883095478138909,-171.88332358633303
way/1496309291,1496309291,way,Samoa,plant,Missing source tag,none,"tags: {'landuse': 'industrial', 'name': 'Temporary Power Station Grounds', 'power': 'plant'}",2026-07-01 01:42:51.297886,https://www.openstreetmap.org/way/1496309291,-13.884347350532096,-171.8841478272971
way/281392889,281392889,way,Palau,plant,Missing output tag,none,"tags: {'building': 'yes', 'name': 'Solar Diesel Hybrid Power Plant', 'plant:method': 'combustion', 'plant:source': 'diesel', 'power': 'plant'}",2026-07-01 01:44:15.909854,https://www.openstreetmap.org/way/281392889,7.012660350000002,134.2320247
way/493764891,493764891,way,Palau,plant,Missing source tag,none,"tags: {'landuse': 'industrial', 'name': 'Kayangel Power System', 'power': 'plant'}",2026-07-01 01:44:15.910068,https://www.openstreetmap.org/way/493764891,8.086853619998255,134.71652409584132
way/1493810457,1493810457,way,Palau,plant,Missing output tag,none,"tags: {'plant:source': 'solar', 'power': 'plant'}",2026-07-01 01:44:15.910620,https://www.openstreetmap.org/way/1493810457,7.447829858010791,134.53579182210385
way/549285061,549285061,way,Tokelau,plant,Capacity placeholder value,yes,Tag 'plant:output:electricity' contains placeholder value 'yes' instead of actual capacity,2026-07-01 01:49:36.061820,https://www.openstreetmap.org/way/549285061,-9.196764616702993,-171.85250118322546
way/843572026,843572026,way,Tokelau,plant,Capacity placeholder value,yes,Tag 'plant:output:electricity' contains placeholder value 'yes' instead of actual capacity,2026-07-01 01:49:36.062002,https://www.openstreetmap.org/way/843572026,-8.534607616262985,-172.51895257192206
way/1227454305,1227454305,way,Tokelau,plant,Capacity placeholder value,yes,Tag 'plant:output:electricity' contains placeholder value 'yes' instead of actual capacity,2026-07-01 01:49:36.062168,https://www.openstreetmap.org/way/1227454305,-8.534738500000001,-172.51861410000004
node/10650320545,10650320545,node,Tonga,generator,Capacity regex no match,275 kW,Tag 'generator:output:electricity' has value '275 kW' which could not be parsed,2026-07-01 01:53:46.860039,https://www.openstreetmap.org/node/10650320545,-21.1518233,-175.0339962
node/10650320546,10650320546,node,Tonga,generator,Capacity regex no match,275 kW,Tag 'generator:output:electricity' has value '275 kW' which could not be parsed,2026-07-01 01:53:46.860071,https://www.openstreetmap.org/node/10650320546,-21.1526495,-175.0344045
node/10650320547,10650320547,node,Tonga,generator,Capacity regex no match,275 kW,Tag 'generator:output:electricity' has value '275 kW' which could not be parsed,2026-07-01 01:53:46.860094,https://www.openstreetmap.org/node/10650320547,-21.1534506,-175.0348706
node/10650320548,10650320548,node,Tonga,generator,Capacity regex no match,275 kW,Tag 'generator:output:electricity' has value '275 kW' which could not be parsed,2026-07-01 01:53:46.860115,https://www.openstreetmap.org/node/10650320548,-21.1542085,-175.0353829
node/10650320549,10650320549,node,Tonga,generator,Capacity regex no match,275 kW,Tag 'generator:output:electricity' has value '275 kW' which could not be parsed,2026-07-01 01:53:46.860133,https://www.openstreetmap.org/node/10650320549,-21.154918,-175.0360069
way/864506946,864506946,way,Tonga,plant,Capacity placeholder value,yes,Tag 'plant:output:electricity' contains placeholder value 'yes' instead of actual capacity,2026-07-01 01:53:46.860647,https://www.openstreetmap.org/way/864506946,-21.142428450976304,-175.21041487984692
way/864506948,864506948,way,Tonga,plant,Capacity placeholder value,yes,Tag 'plant:output:electricity' contains placeholder value 'yes' instead of actual capacity,2026-07-01 01:53:46.860830,https://www.openstreetmap.org/way/864506948,-21.142113401871754,-175.21093837682866
way/1054269013,1054269013,way,Tonga,plant,Capacity placeholder value,yes,Tag 'plant:output:electricity' contains placeholder value 'yes' instead of actual capacity,2026-07-01 01:53:46.861017,https://www.openstreetmap.org/way/1054269013,-19.814586888924865,-174.35038882413951
way/1226003170,1226003170,way,Tonga,plant,Capacity placeholder value,yes,Tag 'plant:output:electricity' contains placeholder value 'yes' instead of actual capacity,2026-07-01 01:53:46.861203,https://www.openstreetmap.org/way/1226003170,-19.674264630400277,-174.28330812317262
way/1241997935,1241997935,way,Tonga,plant,Capacity placeholder value,yes,Tag 'plant:output:electricity' contains placeholder value 'yes' instead of actual capacity,2026-07-01 01:53:46.861395,https://www.openstreetmap.org/way/1241997935,-19.89626962367805,-174.40490183392578
way/745490625,745490625,way,Solomon Islands,plant,Missing source tag,none,"tags: {'landuse': 'industrial', 'name': 'Solomon Power', 'power': 'plant'}",2026-07-01 01:56:35.653871,https://www.openstreetmap.org/way/745490625,-9.432264471025713,160.0018735700124
way/747751675,747751675,way,Solomon Islands,plant,Missing source tag,none,"tags: {'landuse': 'industrial', 'power': 'plant'}",2026-07-01 01:56:35.654170,https://www.openstreetmap.org/way/747751675,-9.437972814107676,160.06253548459094
way/748628112,748628112,way,Solomon Islands,plant,Capacity placeholder value,yes,Tag 'plant:output:electricity' contains placeholder value 'yes' instead of actual capacity,2026-07-01 01:56:35.654392,https://www.openstreetmap.org/way/748628112,-9.437973031738137,160.0625286100106
way/1034251912,1034251912,way,Solomon Islands,plant,Capacity placeholder value,yes,Tag 'plant:output:electricity' contains placeholder value 'yes' instead of actual capacity,2026-07-01 01:56:35.654557,https://www.openstreetmap.org/way/1034251912,-8.57671443496792,157.87270492775988
way/1103419094,1103419094,way,Solomon Islands,plant,Capacity placeholder value,yes,Tag 'plant:output:electricity' contains placeholder value 'yes' instead of actual capacity,2026-07-01 01:56:35.654751,https://www.openstreetmap.org/way/1103419094,-8.330376725985492,157.25544517478536
way/1500867281,1500867281,way,Solomon Islands,plant,Missing output tag,none,"tags: {'plant:method': 'photovoltaic', 'plant:source': 'solar', 'power': 'plant'}",2026-07-01 01:56:35.655044,https://www.openstreetmap.org/way/1500867281,-9.102633142681878,160.14983132057645
node/7662645535,7662645535,node,Vanuatu,generator,Capacity regex no match,275 kW,Tag 'generator:output:electricity' has value '275 kW' which could not be parsed,2026-07-01 02:03:06.330603,https://www.openstreetmap.org/node/7662645535,-17.7119322,168.2112036
node/7662645534,7662645534,node,Vanuatu,generator,Capacity regex no match,275 kW,Tag 'generator:output:electricity' has value '275 kW' which could not be parsed,2026-07-01 02:03:06.330630,https://www.openstreetmap.org/node/7662645534,-17.7110566,168.2111132
node/2094124957,2094124957,node,Vanuatu,generator,Capacity regex no match,275 kW,Tag 'generator:output:electricity' has value '275 kW' which could not be parsed,2026-07-01 02:03:06.330652,https://www.openstreetmap.org/node/2094124957,-17.7129824,168.2102473
node/2094124956,2094124956,node,Vanuatu,generator,Capacity regex no match,275 kW,Tag 'generator:output:electricity' has value '275 kW' which could not be parsed,2026-07-01 02:03:06.330672,https://www.openstreetmap.org/node/2094124956,-17.7124241,168.2107736
node/2094124959,2094124959,node,Vanuatu,generator,Capacity regex no match,275 kW,Tag 'generator:output:electricity' has value '275 kW' which could not be parsed,2026-07-01 02:03:06.330692,https://www.openstreetmap.org/node/2094124959,-17.7140478,168.2089436
node/2094124958,2094124958,node,Vanuatu,generator,Capacity regex no match,275 kW,Tag 'generator:output:electricity' has value '275 kW' which could not be parsed,2026-07-01 02:03:06.330711,https://www.openstreetmap.org/node/2094124958,-17.7135123,168.2095655
node/2094124961,2094124961,node,Vanuatu,generator,Capacity regex no match,275 kW,Tag 'generator:output:electricity' has value '275 kW' which could not be parsed,2026-07-01 02:03:06.330729,https://www.openstreetmap.org/node/2094124961,-17.7150732,168.2076518
node/2094124960,2094124960,node,Vanuatu,generator,Capacity regex no match,275 kW,Tag 'generator:output:electricity' has value '275 kW' which could not be parsed,2026-07-01 02:03:06.330747,https://www.openstreetmap.org/node/2094124960,-17.7145833,168.2083396
node/2094124963,2094124963,node,Vanuatu,generator,Capacity regex no match,275 kW,Tag 'generator:output:electricity' has value '275 kW' which could not be parsed,2026-07-01 02:03:06.330766,https://www.openstreetmap.org/node/2094124963,-17.7161157,168.2064378
node/2094124962,2094124962,node,Vanuatu,generator,Capacity regex no match,275 kW,Tag 'generator:output:electricity' has value '275 kW' which could not be parsed,2026-07-01 02:03:06.330784,https://www.openstreetmap.org/node/2094124962,-17.7156885,168.2072571
node/2094124965,2094124965,node,Vanuatu,generator,Capacity regex no match,275 kW,Tag 'generator:output:electricity' has value '275 kW' which could not be parsed,2026-07-01 02:03:06.330801,https://www.openstreetmap.org/node/2094124965,-17.7170158,168.2050623
node/2094124964,2094124964,node,Vanuatu,generator,Capacity regex no match,275 kW,Tag 'generator:output:electricity' has value '275 kW' which could not be parsed,2026-07-01 02:03:06.330819,https://www.openstreetmap.org/node/2094124964,-17.7165487,168.205756
node/2094124966,2094124966,node,Vanuatu,generator,Capacity regex no match,275 kW,Tag 'generator:output:electricity' has value '275 kW' which could not be parsed,2026-07-01 02:03:06.330836,https://www.openstreetmap.org/node/2094124966,-17.717435,168.2043993
way/332900587,332900587,way,Vanuatu,plant,Capacity placeholder value,yes,Tag 'plant:output:electricity' contains placeholder value 'yes' instead of actual capacity,2026-07-01 02:03:06.331410,https://www.openstreetmap.org/way/332900587,-17.704451126706868,168.3157927505554
way/332900979,332900979,way,Vanuatu,plant,Capacity placeholder value,yes,Tag 'plant:output:electricity' contains placeholder value 'yes' instead of actual capacity,2026-07-01 02:03:06.331587,https://www.openstreetmap.org/way/332900979,-17.705116896838543,168.3156756810435
way/553287665,553287665,way,Vanuatu,plant,Missing output tag,none,"tags: {'plant:method': 'photovoltaic', 'plant:source': 'solar', 'power': 'plant'}",2026-07-01 02:03:06.332220,https://www.openstreetmap.org/way/553287665,-17.546661837301013,168.33477077736399
way/572194001,572194001,way,Vanuatu,plant,Missing source tag,none,"tags: {'landuse': 'industrial', 'name': 'UNELCO', 'power': 'plant'}",2026-07-01 02:03:06.332468,https://www.openstreetmap.org/way/572194001,-19.52577308106202,169.25927371978307
way/1126128720,1126128720,way,Vanuatu,plant,Capacity placeholder value,yes,Tag 'plant:output:electricity' contains placeholder value 'yes' instead of actual capacity,2026-07-01 02:03:06.332632,https://www.openstreetmap.org/way/1126128720,-17.719080053357445,168.20390690225008
way/136840113,136840113,way,Tuvalu,plant,Missing source tag,none,"tags: {'landuse': 'industrial', 'power': 'plant', 'source': 'Bing'}",2026-07-01 02:22:24.569695,https://www.openstreetmap.org/way/136840113,-8.52611285,179.19642149999999
way/751105246,751105246,way,Tuvalu,plant,Missing source tag,none,"tags: {'landuse': 'industrial', 'power': 'plant'}",2026-07-01 02:22:24.569938,https://www.openstreetmap.org/way/751105246,-8.525889371538131,179.19630510374068
way/1451424176,1451424176,way,Tuvalu,plant,Capacity placeholder value,yes,Tag 'plant:output:electricity' contains placeholder value 'yes' instead of actual capacity,2026-07-01 02:22:24.570116,https://www.openstreetmap.org/way/1451424176,-8.519721950000003,179.20203320000002
way/1500345419,1500345419,way,Tuvalu,plant,Missing output tag,none,"tags: {'plant:source': 'solar', 'power': 'plant'}",2026-07-01 02:22:24.570342,https://www.openstreetmap.org/way/1500345419,-5.677975679607293,176.11895705440597
