id,element_id,element_type,country,unit_type,reason,keywords,details,timestamp,url,lat,lon
relation/16012353,16012353,relation,Brunei Darussalam,plant,Missing source tag,none,"tags: {'landuse': 'industrial', 'name': 'Gadong Power Stations', 'power': 'plant', 'type': 'multipolygon'}",2026-04-24 03:24:17.627647,https://www.openstreetmap.org/relation/16012353,4.910890311203033,114.91076527849731
way/87026775,87026775,way,Brunei Darussalam,plant,Capacity placeholder value,yes,Tag 'plant:output:electricity' contains placeholder value 'yes' instead of actual capacity,2026-04-24 03:24:17.628979,https://www.openstreetmap.org/way/87026775,4.908353712632376,114.9111440411442
way/871897088,871897088,way,Brunei Darussalam,plant,Capacity placeholder value,yes,Tag 'plant:output:electricity' contains placeholder value 'yes' instead of actual capacity,2026-04-24 03:24:17.630184,https://www.openstreetmap.org/way/871897088,4.9134174794307865,114.9105743395967
way/872792153,872792153,way,Brunei Darussalam,plant,Missing source tag,none,"tags: {'landuse': 'industrial', 'power': 'plant'}",2026-04-24 03:24:17.630354,https://www.openstreetmap.org/way/872792153,4.58081375,114.1996702
way/1199220439,1199220439,way,Brunei Darussalam,plant,Missing output tag,none,"tags: {'name': 'Belingus Power Station', 'operator': 'Department of Electrical Services', 'plant:method': 'combustion', 'plant:source': 'diesel', 'power': 'plant'}",2026-04-24 03:24:17.631527,https://www.openstreetmap.org/way/1199220439,4.675564507560653,115.07668620214902
way/1199220442,1199220442,way,Brunei Darussalam,plant,Missing output tag,none,"tags: {'name': 'Jerudong Power Station', 'operator': 'Berakas Power Company', 'plant:method': 'combustion', 'plant:source': 'gas', 'power': 'plant'}",2026-04-24 03:24:17.631754,https://www.openstreetmap.org/way/1199220442,4.950659558737428,114.84028521238963
way/1342095271,1342095271,way,Brunei Darussalam,plant,Capacity placeholder value,yes,Tag 'plant:output:electricity' contains placeholder value 'yes' instead of actual capacity,2026-04-24 03:24:17.632244,https://www.openstreetmap.org/way/1342095271,4.409002805193077,114.8058881104196
way/188560750,188560750,way,Cambodia,plant,Missing output tag,none,"tags: {'name': 'រោងចក្រ\u200bអគ្គិសនី ទី ៥-៦', 'name:en': 'Toul Sangke Power Station', 'plant:source': 'oil', 'power': 'plant'}",2026-04-24 03:24:40.290060,https://www.openstreetmap.org/way/188560750,11.589745440107261,104.91416712204186
way/229624417,229624417,way,Cambodia,plant,Capacity placeholder value,yes,Tag 'plant:output:electricity' contains placeholder value 'yes' instead of actual capacity,2026-04-24 03:24:40.290254,https://www.openstreetmap.org/way/229624417,10.64237460061096,103.50589360585269
way/323320001,323320001,way,Cambodia,plant,Missing output tag,none,"tags: {'name': 'Siem Reap Power plant', 'plant:source': 'oil', 'power': 'plant'}",2026-04-24 03:24:40.291259,https://www.openstreetmap.org/way/323320001,13.353394652938533,103.88774111947853
way/1122107750,1122107750,way,Cambodia,plant,Missing output tag,none,"tags: {'building': 'construction', 'landuse': 'industrial', 'name': 'Botum Sakor power station', 'plant:source': 'coal', 'power': 'plant'}",2026-04-24 03:24:40.298072,https://www.openstreetmap.org/way/1122107750,10.89190635846617,103.38950546204792
way/1463742716,1463742716,way,Cambodia,plant,Missing output tag,none,"tags: {'plant:source': 'solar', 'power': 'plant'}",2026-04-24 03:24:40.300580,https://www.openstreetmap.org/way/1463742716,13.08651126319035,104.55027946536644
way/1492498712,1492498712,way,Cambodia,plant,Capacity placeholder value,yes,Tag 'plant:output:electricity' contains placeholder value 'yes' instead of actual capacity,2026-04-24 03:24:40.301350,https://www.openstreetmap.org/way/1492498712,12.475723976017864,104.15116927112267
way/1494976261,1494976261,way,Cambodia,plant,Capacity regex no match,2835 kW,Tag 'plant:output:electricity' has value '2835 kW' which could not be parsed,2026-04-24 03:24:40.301842,https://www.openstreetmap.org/way/1494976261,10.634749161140556,104.52406129918637
relation/7625982,7625982,relation,Indonesia,plant,Missing source tag,none,"tags: {'addr:full': 'Jl Jendral Sudirman RW 2', 'landuse': 'industrial', 'name': 'PLTD Kota Sorong', 'power': 'plant', 'type': 'multipolygon'}",2026-04-24 03:24:51.562364,https://www.openstreetmap.org/relation/7625982,-0.8790946434876328,131.26035335354504
relation/12405779,12405779,relation,Indonesia,plant,Capacity placeholder value,yes,Tag 'plant:output:electricity' contains placeholder value 'yes' instead of actual capacity,2026-04-24 03:24:51.575704,https://www.openstreetmap.org/relation/12405779,0.6894527488514554,101.61894288142214
relation/14439475,14439475,relation,Indonesia,plant,Missing source tag,none,"tags: {'name': 'PLN Area Pasuruan', 'operator': 'Perusahaan Listrik Negara', 'operator:short': 'PLN', 'operator:wikidata': 'Q4201636', 'power': 'plant', 'type': 'multipolygon'}",2026-04-24 03:24:51.581517,https://www.openstreetmap.org/relation/14439475,-7.6522981590996535,112.90027598653255
relation/16305203,16305203,relation,Indonesia,plant,Capacity placeholder value,yes,Tag 'plant:output:electricity' contains placeholder value 'yes' instead of actual capacity,2026-04-24 03:24:51.583465,https://www.openstreetmap.org/relation/16305203,-6.773769681635852,108.62578974597578
relation/17194068,17194068,relation,Indonesia,plant,Missing source tag,none,"tags: {'addr:street': 'Jalan Bancar - Pugoh', 'landuse': 'industrial', 'plant:output:electricity': 'yes', 'power': 'plant', 'type': 'multipolygon'}",2026-04-24 03:24:51.584476,https://www.openstreetmap.org/relation/17194068,-6.783443433333333,111.77762876666668
relation/17285692,17285692,relation,Indonesia,plant,Missing source tag,none,"tags: {'landuse': 'industrial', 'power': 'plant', 'type': 'multipolygon'}",2026-04-24 03:24:51.584972,https://www.openstreetmap.org/relation/17285692,-6.783624679733742,111.78375530748283
relation/17315973,17315973,relation,Indonesia,plant,Missing source tag,none,"tags: {'addr:street': 'Jalan Raya Semarang - Tuban', 'landuse': 'industrial', 'name': 'PT. Cassava Buana Wira Jatim', 'power': 'plant', 'type': 'multipolygon'}",2026-04-24 03:24:51.586545,https://www.openstreetmap.org/relation/17315973,-6.789837436728577,111.79485990362076
relation/17367092,17367092,relation,Indonesia,plant,Missing source tag,none,"tags: {'landuse': 'industrial', 'power': 'plant', 'type': 'multipolygon'}",2026-04-24 03:24:51.588273,https://www.openstreetmap.org/relation/17367092,-7.084457399999999,112.10886875
relation/17414003,17414003,relation,Indonesia,plant,Missing source tag,none,"tags: {'landuse': 'industrial', 'power': 'plant', 'type': 'multipolygon'}",2026-04-24 03:24:51.589230,https://www.openstreetmap.org/relation/17414003,-6.9607413134657286,111.7157075013161
relation/17940643,17940643,relation,Indonesia,plant,Missing source tag,none,"tags: {'landuse': 'industrial', 'power': 'plant', 'source': 'https://www.gem.wiki/Nagan_Raya_power_station', 'type': 'multipolygon'}",2026-04-24 03:24:51.593285,https://www.openstreetmap.org/relation/17940643,4.1101015123793045,96.19927620593057
relation/18778100,18778100,relation,Indonesia,plant,Missing source tag,none,"tags: {'operator': 'Indonesia Power', 'operator:wikidata': 'Q12486500', 'plant:output:electricity': 'yes', 'power': 'plant', 'type': 'multipolygon'}",2026-04-24 03:24:51.597597,https://www.openstreetmap.org/relation/18778100,-6.878870750824179,112.02437629136085
way/1193553137,1193553137,way,Indonesia,generator,Missing output tag,none,"tags: {'building': 'yes', 'generator:source': 'hydro', 'power': 'generator'}",2026-04-24 03:24:51.601207,https://www.openstreetmap.org/way/1193553137,,
way/594726794,594726794,way,Indonesia,generator,Missing output tag,none,"tags: {'building': 'yes', 'generator:source': 'hydro', 'power': 'generator'}",2026-04-24 03:24:51.601228,https://www.openstreetmap.org/way/594726794,,
way/119783797,119783797,way,Indonesia,plant,Missing source tag,none,"tags: {'building': 'yes', 'power': 'plant'}",2026-04-24 03:24:51.606594,https://www.openstreetmap.org/way/119783797,-8.544294857815915,118.44390223001275
way/138097183,138097183,way,Indonesia,plant,Missing source tag,none,"tags: {'landuse': 'industrial', 'name': 'Pembangkit Listrik Tenaga Uap Perak', 'power': 'plant'}",2026-04-24 03:24:51.606796,https://www.openstreetmap.org/way/138097183,-7.208154942713865,112.72286257804629
way/165616503,165616503,way,Indonesia,plant,Missing output tag,none,"tags: {'generator:source': 'nuclear', 'landuse': 'industrial', 'name': 'PLTD Bau-bau', 'operator': 'PLN', 'operator:wikidata': 'Q4201636', 'operator:wikipedia': 'id:Perusahaan Listrik Negara', 'power': 'plant'}",2026-04-24 03:24:51.607255,https://www.openstreetmap.org/way/165616503,-5.457814829521093,122.59847307067615
way/167369571,167369571,way,Indonesia,plant,Missing output tag,none,"tags: {'plant:source': 'geothermal', 'power': 'plant'}",2026-04-24 03:24:51.608069,https://www.openstreetmap.org/way/167369571,-6.736189569318196,106.66973805283973
way/167369572,167369572,way,Indonesia,plant,Missing output tag,none,"tags: {'plant:source': 'geothermal', 'power': 'plant'}",2026-04-24 03:24:51.608283,https://www.openstreetmap.org/way/167369572,-6.745846846913754,106.64136955945608
way/188467200,188467200,way,Indonesia,plant,Capacity regex no match,600 kWp,Tag 'plant:output:electricity' has value '600 kWp' which could not be parsed,2026-04-24 03:24:51.609483,https://www.openstreetmap.org/way/188467200,2.004956225431609,128.28280278524062
way/221102796,221102796,way,Indonesia,plant,Missing source tag,none,"tags: {'access:roof': 'yes', 'addr:full': 'Jl. Veteran', 'building': 'yes', 'building:levels': '3', 'building:roof': 'tile', 'building:structure': 'confined_masonry', 'building:walls': 'brick', 'landuse': 'industrial', 'name': 'PLN Parepare', 'operator': 'Perusahaan Listrik Negara', 'operator:short': 'PLN', 'operator:wikidata': 'Q4201636', 'power': 'plant'}",2026-04-24 03:24:51.613038,https://www.openstreetmap.org/way/221102796,-4.010371787516105,119.6234647258946
way/230478896,230478896,way,Indonesia,plant,Capacity regex no match,600 kW,Tag 'plant:output:electricity' has value '600 kW' which could not be parsed,2026-04-24 03:24:51.613266,https://www.openstreetmap.org/way/230478896,-8.354105360742343,116.038227490924
way/230689630,230689630,way,Indonesia,plant,Capacity regex no match,160 kW,Tag 'plant:output:electricity' has value '160 kW' which could not be parsed,2026-04-24 03:24:51.613455,https://www.openstreetmap.org/way/230689630,-8.357252548815445,116.0800046924442
way/231666840,231666840,way,Indonesia,plant,Capacity regex no match,60 kW,Tag 'plant:output:electricity' has value '60 kW' which could not be parsed,2026-04-24 03:24:51.613919,https://www.openstreetmap.org/way/231666840,-8.348615818649963,116.05736862851937
way/244815714,244815714,way,Indonesia,plant,Capacity placeholder value,yes,Tag 'plant:output:electricity' contains placeholder value 'yes' instead of actual capacity,2026-04-24 03:24:51.615895,https://www.openstreetmap.org/way/244815714,-4.816166211223253,119.50115676537116
way/257725639,257725639,way,Indonesia,plant,Missing source tag,none,"tags: {'plant:output:electricity': 'yes', 'power': 'plant'}",2026-04-24 03:24:51.616421,https://www.openstreetmap.org/way/257725639,-3.9706445696041106,119.62463855307388
way/257725642,257725642,way,Indonesia,plant,Missing source tag,none,"tags: {'plant:output:electricity': 'yes', 'power': 'plant'}",2026-04-24 03:24:51.616576,https://www.openstreetmap.org/way/257725642,-3.9703676500000005,119.62455890000001
way/257725648,257725648,way,Indonesia,plant,Missing source tag,none,"tags: {'plant:output:electricity': 'yes', 'power': 'plant'}",2026-04-24 03:24:51.616770,https://www.openstreetmap.org/way/257725648,-3.9703428491980857,119.62497567459262
way/284166407,284166407,way,Indonesia,plant,Missing source tag,none,"tags: {'building': 'yes', 'name': 'KANTOR', 'operator': 'PLN', 'power': 'plant'}",2026-04-24 03:24:51.622329,https://www.openstreetmap.org/way/284166407,3.8244057000000002,96.75962750000001
way/286552971,286552971,way,Indonesia,plant,Missing source tag,none,"tags: {'name': 'PLN Desa Waci', 'power': 'plant'}",2026-04-24 03:24:51.623188,https://www.openstreetmap.org/way/286552971,0.5959648926323318,128.47624617993742
way/291881492,291881492,way,Indonesia,plant,Missing source tag,none,"tags: {'name': 'PLTU Majene', 'power': 'plant'}",2026-04-24 03:24:51.623386,https://www.openstreetmap.org/way/291881492,-3.5402137436826178,118.96986740949298
way/305656358,305656358,way,Indonesia,plant,Missing source tag,none,tags: {'power': 'plant'},2026-04-24 03:24:51.623999,https://www.openstreetmap.org/way/305656358,-2.7116548360448203,121.30845777920248
way/306631715,306631715,way,Indonesia,plant,Missing source tag,none,"tags: {'landuse': 'industrial', 'power': 'plant'}",2026-04-24 03:24:51.624248,https://www.openstreetmap.org/way/306631715,-5.395244543076959,122.6264477184175
way/306631716,306631716,way,Indonesia,plant,Missing source tag,none,tags: {'power': 'plant'},2026-04-24 03:24:51.624443,https://www.openstreetmap.org/way/306631716,-5.324615412404455,122.64244358103076
way/399022979,399022979,way,Indonesia,plant,Missing source tag,none,"tags: {'addr:city': 'DKI Jakarta', 'landuse': 'industrial', 'name': 'PT PLN', 'operator': 'PT Perusahaan Listrik Negara', 'power': 'plant', 'source': 'HOT_InAWARESurvey_2017'}",2026-04-24 03:24:51.632028,https://www.openstreetmap.org/way/399022979,-6.260351257440261,106.86885103019208
way/399421491,399421491,way,Indonesia,plant,Missing source tag,none,tags: {'power': 'plant'},2026-04-24 03:24:51.632893,https://www.openstreetmap.org/way/399421491,0.6568233873250622,122.8862826421994
way/410503813,410503813,way,Indonesia,plant,Missing source tag,none,"tags: {'name': 'PLN Cabang Magepanda', 'power': 'plant'}",2026-04-24 03:24:51.633542,https://www.openstreetmap.org/way/410503813,-8.53604566329979,122.04638513441878
way/468197327,468197327,way,Indonesia,plant,Missing source tag,none,"tags: {'landuse': 'industrial', 'name': 'Lueng Bata Power Plant', 'power': 'plant', 'source': 'https://vymaps.com/ID/PLTD-Lueng-Bata-PT-PLN-Persero--2721963/'}",2026-04-24 03:24:51.636412,https://www.openstreetmap.org/way/468197327,5.538882911659414,95.3414184795783
way/475470080,475470080,way,Indonesia,plant,Missing source tag,none,"tags: {'name': 'KAWASAN', 'power': 'plant'}",2026-04-24 03:24:51.636824,https://www.openstreetmap.org/way/475470080,-3.681570984236903,120.43080455006803
way/477973326,477973326,way,Indonesia,plant,Missing source tag,none,"tags: {'addr:full': 'KAMPUNG BUNGIN RT01 RW01', 'building': 'yes', 'name': 'PEMBANGKIT LISTRIK TENAGA ANGIN', 'power': 'plant'}",2026-04-24 03:24:51.637011,https://www.openstreetmap.org/way/477973326,-5.939509280294396,107.09827086000625
way/489477958,489477958,way,Indonesia,plant,Missing source tag,none,"tags: {'access:roof': 'no', 'addr:city': 'DKI Jakarta', 'addr:full': 'Jalan Kuningan Barat I', 'landuse': 'industrial', 'name': 'PT PLN Penyaluran dan Pusat Pengatur Beban Jawa - Bali', 'operator': 'PT Perusahaan Listrik Negara', 'power': 'plant', 'source': 'HOT_InAWARESurvey_2017'}",2026-04-24 03:24:51.637275,https://www.openstreetmap.org/way/489477958,-6.235556780741992,106.82155141731043
way/500456306,500456306,way,Indonesia,plant,Missing source tag,none,"tags: {'addr:full': 'Kampung Tapak Serang RT 06/03', 'building': 'yes', 'building:roof': 'tile', 'building:structure': 'plastered', 'building:walls': 'brick', 'name': 'PLN Cabangbungin', 'power': 'plant'}",2026-04-24 03:24:51.637950,https://www.openstreetmap.org/way/500456306,-6.076270350000001,107.14406754999999
way/502428291,502428291,way,Indonesia,plant,Missing source tag,none,tags: {'power': 'plant'},2026-04-24 03:24:51.638295,https://www.openstreetmap.org/way/502428291,-6.383770355929826,107.1349728960455
way/510104811,510104811,way,Indonesia,plant,Missing source tag,none,"tags: {'landuse': 'industrial', 'name': 'The National Electricity Company Property', 'power': 'plant'}",2026-04-24 03:24:51.638952,https://www.openstreetmap.org/way/510104811,-6.165385299345193,106.68895016690176
way/511391884,511391884,way,Indonesia,plant,Missing source tag,none,"tags: {'name': 'PLTA Renun', 'power': 'plant'}",2026-04-24 03:24:51.639309,https://www.openstreetmap.org/way/511391884,2.794364176848694,98.49757520066797
way/519229505,519229505,way,Indonesia,plant,Missing source tag,none,"tags: {'building': 'yes', 'name': 'GARDU PLN', 'power': 'plant'}",2026-04-24 03:24:51.639977,https://www.openstreetmap.org/way/519229505,-6.620264366756956,106.81438929961719
way/519748910,519748910,way,Indonesia,plant,Capacity regex no match,330 kWp,Tag 'plant:output:electricity' has value '330 kWp' which could not be parsed,2026-04-24 03:24:51.640210,https://www.openstreetmap.org/way/519748910,1.5988435872657658,124.77756552986999
way/522713233,522713233,way,Indonesia,plant,Capacity regex no match,75 kW,Tag 'plant:output:electricity' has value '75 kW' which could not be parsed,2026-04-24 03:24:51.640394,https://www.openstreetmap.org/way/522713233,-3.6530298500000002,127.90643995
way/523434345,523434345,way,Indonesia,plant,Capacity placeholder value,yes,Tag 'plant:output:electricity' contains placeholder value 'yes' instead of actual capacity,2026-04-24 03:24:51.640568,https://www.openstreetmap.org/way/523434345,1.6193772856324673,124.70282122773632
way/524803973,524803973,way,Indonesia,plant,Missing source tag,none,"tags: {'addr:city': 'DKI Jakarta', 'building': 'power_plant', 'name': 'Gedung PLTD Pulau Panggang', 'power': 'plant', 'source': 'HOT_InAWARESurvey_2017'}",2026-04-24 03:24:51.641594,https://www.openstreetmap.org/way/524803973,-5.740868299999999,106.60261154999999
way/527176121,527176121,way,Indonesia,plant,Missing source tag,none,"tags: {'landuse': 'industrial', 'operator': 'PT Perusahaan Listrik Negara', 'power': 'plant'}",2026-04-24 03:24:51.641802,https://www.openstreetmap.org/way/527176121,-9.674294978939631,120.22753210460732
way/531599678,531599678,way,Indonesia,plant,Missing source tag,none,"tags: {'addr:full': 'Treko 1', 'name': 'Genset', 'power': 'plant'}",2026-04-24 03:24:51.647201,https://www.openstreetmap.org/way/531599678,-7.536394370225609,110.26276059582618
way/533599433,533599433,way,Indonesia,plant,Capacity placeholder value,yes,Tag 'plant:output:electricity' contains placeholder value 'yes' instead of actual capacity,2026-04-24 03:24:51.647376,https://www.openstreetmap.org/way/533599433,-3.5209069405069506,119.93514490411
way/548479670,548479670,way,Indonesia,plant,Missing source tag,none,"tags: {'addr:full': 'PENGARENGAN BLOK MANIS RT02 RW05', 'name': 'PLTU TIGA', 'power': 'plant'}",2026-04-24 03:24:51.648181,https://www.openstreetmap.org/way/548479670,-6.786068294246545,108.65482898278026
way/548692967,548692967,way,Indonesia,plant,Missing source tag,none,"tags: {'addr:city': 'Lampung Barat', 'addr:full': 'Tirto Luhur', 'building': 'power_plant', 'name': 'Bendungan Pembangkit Listrik Mikro', 'operator': 'goverment', 'power': 'plant', 'source': 'survey'}",2026-04-24 03:24:51.648337,https://www.openstreetmap.org/way/548692967,-5.336733009791189,104.32479132448297
way/593568043,593568043,way,Indonesia,plant,Missing source tag,none,"tags: {'name': 'Listrik', 'power': 'plant'}",2026-04-24 03:24:51.652138,https://www.openstreetmap.org/way/593568043,1.4132533638294944,125.09007757681313
way/597434946,597434946,way,Indonesia,plant,Missing source tag,none,"tags: {'building': 'yes', 'name': 'PLTA-MH', 'power': 'plant'}",2026-04-24 03:24:51.652300,https://www.openstreetmap.org/way/597434946,-8.71628925,121.9746966
way/599504349,599504349,way,Indonesia,plant,Missing source tag,none,"tags: {'landuse': 'industrial', 'power': 'plant'}",2026-04-24 03:24:51.652486,https://www.openstreetmap.org/way/599504349,1.075192828024537,104.02282928108964
way/602391607,602391607,way,Indonesia,plant,Capacity placeholder value,yes,Tag 'plant:output:electricity' contains placeholder value 'yes' instead of actual capacity,2026-04-24 03:24:51.652836,https://www.openstreetmap.org/way/602391607,0.536947809145325,120.54015511256833
way/605159168,605159168,way,Indonesia,plant,Missing source tag,none,"tags: {'addr:full': 'Lorong Satria', 'building': 'yes', 'building:levels': '1', 'building:roof': 'tile', 'building:structure': 'reinforced_masonry', 'building:walls': 'brick', 'name': 'Booster PAM', 'power': 'plant'}",2026-04-24 03:24:51.654493,https://www.openstreetmap.org/way/605159168,-2.991736330187093,104.79652265520586
way/607542063,607542063,way,Indonesia,plant,Missing source tag,none,"tags: {'landuse': 'industrial', 'power': 'plant'}",2026-04-24 03:24:51.654786,https://www.openstreetmap.org/way/607542063,-4.111136618019562,138.9268597452246
way/614569627,614569627,way,Indonesia,plant,Missing source tag,none,"tags: {'landuse': 'industrial', 'name': 'PLTU Atapupu', 'power': 'plant', 'voltage': '70000'}",2026-04-24 03:24:51.660903,https://www.openstreetmap.org/way/614569627,-9.0050277104239,124.81815007727094
way/623185709,623185709,way,Indonesia,plant,Capacity placeholder value,yes,Tag 'plant:output:electricity' contains placeholder value 'yes' instead of actual capacity,2026-04-24 03:24:51.661760,https://www.openstreetmap.org/way/623185709,-1.6748174174520558,103.67780567717334
way/629897974,629897974,way,Indonesia,plant,Missing source tag,none,tags: {'power': 'plant'},2026-04-24 03:24:51.662727,https://www.openstreetmap.org/way/629897974,-2.92417075,132.29989410000002
way/629897975,629897975,way,Indonesia,plant,Missing source tag,none,tags: {'power': 'plant'},2026-04-24 03:24:51.662928,https://www.openstreetmap.org/way/629897975,-2.9242266840519098,132.2998317390625
way/629897976,629897976,way,Indonesia,plant,Missing source tag,none,"tags: {'building': 'yes', 'power': 'plant'}",2026-04-24 03:24:51.663086,https://www.openstreetmap.org/way/629897976,-2.9242344499999993,132.30005889999998
way/629897977,629897977,way,Indonesia,plant,Missing source tag,none,"tags: {'building': 'yes', 'name': 'PLTD Fakfak', 'power': 'plant'}",2026-04-24 03:24:51.663238,https://www.openstreetmap.org/way/629897977,-2.92387112058636,132.29983602463543
way/629897978,629897978,way,Indonesia,plant,Missing source tag,none,"tags: {'building': 'yes', 'power': 'plant'}",2026-04-24 03:24:51.663390,https://www.openstreetmap.org/way/629897978,-2.9240543500000005,132.29971225000003
way/659971480,659971480,way,Indonesia,plant,Missing source tag,none,"tags: {'landuse': 'commercial', 'name': 'PLTD Fakfak', 'power': 'plant'}",2026-04-24 03:24:51.663853,https://www.openstreetmap.org/way/659971480,-2.924031229569177,132.2998808883998
way/674867131,674867131,way,Indonesia,plant,Missing source tag,none,"tags: {'addr:city': 'Bengkalis', 'addr:postcode': '28752', 'addr:street': 'Jl. Hang Tuah', 'landuse': 'industrial', 'name': 'PLN', 'operator': 'PLN', 'power': 'plant'}",2026-04-24 03:24:51.665188,https://www.openstreetmap.org/way/674867131,1.4726582646394966,102.11133375903273
way/695724354,695724354,way,Indonesia,plant,Missing source tag,none,"tags: {'landuse': 'industrial', 'power': 'plant'}",2026-04-24 03:24:51.668272,https://www.openstreetmap.org/way/695724354,0.17536857979471296,117.4979991665115
way/700049077,700049077,way,Indonesia,plant,Missing source tag,none,"tags: {'addr:city': 'Tomia', 'addr:full': 'Kelurahan Waha', 'building': 'no', 'name': 'PLTS Tomia', 'power': 'plant'}",2026-04-24 03:24:51.668427,https://www.openstreetmap.org/way/700049077,-5.727053319188796,123.8980016868521
way/700049329,700049329,way,Indonesia,plant,Missing source tag,none,"tags: {'addr:city': 'Tomia', 'addr:full': 'Kelurahan Waha', 'building': 'yes', 'name': 'PLN Tomia', 'power': 'plant'}",2026-04-24 03:24:51.668580,https://www.openstreetmap.org/way/700049329,-5.72399297037866,123.90429631924998
way/713843113,713843113,way,Indonesia,plant,Missing source tag,none,"tags: {'name': 'Kantor TPSA Desa Babakan', 'power': 'plant', 'roof:colour': 'blue'}",2026-04-24 03:24:51.671689,https://www.openstreetmap.org/way/713843113,-7.082080482313183,107.68634622676271
way/740518065,740518065,way,Indonesia,plant,Capacity placeholder value,yes,Tag 'plant:output:electricity' contains placeholder value 'yes' instead of actual capacity,2026-04-24 03:24:51.673851,https://www.openstreetmap.org/way/740518065,-7.04935761033306,110.39445405976646
way/797018876,797018876,way,Indonesia,plant,Capacity regex no match,200 kW,Tag 'plant:output:electricity' has value '200 kW' which could not be parsed,2026-04-24 03:24:51.674483,https://www.openstreetmap.org/way/797018876,-5.306266117996718,122.04248481795615
way/797095277,797095277,way,Indonesia,plant,Missing source tag,none,"tags: {'landuse': 'industrial', 'power': 'plant'}",2026-04-24 03:24:51.675138,https://www.openstreetmap.org/way/797095277,-3.6223212247781182,102.4525951702783
way/797095278,797095278,way,Indonesia,plant,Missing source tag,none,"tags: {'landuse': 'industrial', 'power': 'plant'}",2026-04-24 03:24:51.675314,https://www.openstreetmap.org/way/797095278,-3.6147820143224396,102.46173843376165
way/797136333,797136333,way,Indonesia,plant,Capacity placeholder value,yes,Tag 'plant:output:electricity' contains placeholder value 'yes' instead of actual capacity,2026-04-24 03:24:51.679602,https://www.openstreetmap.org/way/797136333,-5.636880673940974,119.764875688108
way/799249943,799249943,way,Indonesia,plant,Capacity regex no match,100 kW,Tag 'plant:output:electricity' has value '100 kW' which could not be parsed,2026-04-24 03:24:51.681009,https://www.openstreetmap.org/way/799249943,-3.2310489770528354,127.65523387959391
way/814022610,814022610,way,Indonesia,plant,Capacity placeholder value,yes,Tag 'plant:output:electricity' contains placeholder value 'yes' instead of actual capacity,2026-04-24 03:24:51.682536,https://www.openstreetmap.org/way/814022610,-3.7280745221514393,103.80722129565615
way/826344630,826344630,way,Indonesia,plant,Missing source tag,none,"tags: {'name': 'pln corporate university', 'operator': 'PLN', 'operator:wikidata': 'Q4201636', 'operator:wikipedia': 'id:Perusahaan Listrik Negara', 'power': 'plant'}",2026-04-24 03:24:51.682692,https://www.openstreetmap.org/way/826344630,-6.656358191541034,106.87708120822822
way/834536854,834536854,way,Indonesia,plant,Capacity placeholder value,yes,Tag 'plant:output:electricity' contains placeholder value 'yes' instead of actual capacity,2026-04-24 03:24:51.682855,https://www.openstreetmap.org/way/834536854,-5.862964395249371,120.51103670458744
way/845393015,845393015,way,Indonesia,plant,Missing output tag,none,"tags: {'landuse': 'industrial', 'plant:method': 'run-of-the-river', 'plant:source': 'hydro', 'power': 'plant'}",2026-04-24 03:24:51.683046,https://www.openstreetmap.org/way/845393015,-8.760112850000002,120.5704061
way/847485082,847485082,way,Indonesia,plant,Missing source tag,none,"tags: {'landuse': 'industrial', 'name': 'PLTD Tallo Lama', 'power': 'plant'}",2026-04-24 03:24:51.683298,https://www.openstreetmap.org/way/847485082,-5.1105146833778425,119.43962494445583
way/856953020,856953020,way,Indonesia,plant,Missing source tag,none,"tags: {'landuse': 'industrial', 'power': 'plant'}",2026-04-24 03:24:51.683669,https://www.openstreetmap.org/way/856953020,-6.93521980597758,107.7302852104774
way/894351131,894351131,way,Indonesia,plant,Capacity placeholder value,yes,Tag 'plant:output:electricity' contains placeholder value 'yes' instead of actual capacity,2026-04-24 03:24:51.686459,https://www.openstreetmap.org/way/894351131,-7.234318538861825,106.81606125107143
way/902235362,902235362,way,Indonesia,plant,Capacity placeholder value,yes,Tag 'plant:output:electricity' contains placeholder value 'yes' instead of actual capacity,2026-04-24 03:24:51.688950,https://www.openstreetmap.org/way/902235362,4.715719142367869,96.83748281384345
way/902235363,902235363,way,Indonesia,plant,Capacity placeholder value,yes,Tag 'plant:output:electricity' contains placeholder value 'yes' instead of actual capacity,2026-04-24 03:24:51.689115,https://www.openstreetmap.org/way/902235363,4.716341842253413,96.83877632700667
way/914010995,914010995,way,Indonesia,plant,Capacity placeholder value,yes,Tag 'plant:output:electricity' contains placeholder value 'yes' instead of actual capacity,2026-04-24 03:24:51.693852,https://www.openstreetmap.org/way/914010995,0.6936819728172646,101.62002695828704
way/914011000,914011000,way,Indonesia,plant,Capacity placeholder value,yes,Tag 'plant:output:electricity' contains placeholder value 'yes' instead of actual capacity,2026-04-24 03:24:51.694064,https://www.openstreetmap.org/way/914011000,0.6846858744749492,101.61772098864198
way/929881495,929881495,way,Indonesia,plant,Capacity placeholder value,yes,Tag 'plant:output:electricity' contains placeholder value 'yes' instead of actual capacity,2026-04-24 03:24:51.695633,https://www.openstreetmap.org/way/929881495,-6.108268007766315,106.87017030790636
way/937059862,937059862,way,Indonesia,plant,Missing source type,diesel and gas,Source value 'diesel and gas' from tag 'generator:source' is not recognized,2026-04-24 03:24:51.699659,https://www.openstreetmap.org/way/937059862,-8.448395873235064,117.33640153638075
way/939125630,939125630,way,Indonesia,plant,Capacity regex no match,6,Tag 'plant:output:electricity' has value '6' which could not be parsed,2026-04-24 03:24:51.701864,https://www.openstreetmap.org/way/939125630,0.8266723873197865,102.06533118158957
way/940047517,940047517,way,Indonesia,plant,Capacity placeholder value,yes,Tag 'plant:output:electricity' contains placeholder value 'yes' instead of actual capacity,2026-04-24 03:24:51.702332,https://www.openstreetmap.org/way/940047517,-2.9227714641833376,104.87228602799156
way/943189957,943189957,way,Indonesia,plant,Missing output tag,none,"tags: {'landuse': 'industrial', 'name': 'PLTU Nii Tanasa (20 MW) & PLTMG Kendari (58 MW)', 'plant:method': 'combustion', 'plant:source': 'coal;oil', 'power': 'plant'}",2026-04-24 03:24:51.706095,https://www.openstreetmap.org/way/943189957,-3.8948454147007014,122.53764235355806
way/943366985,943366985,way,Indonesia,plant,Capacity placeholder value,yes,Tag 'plant:output:electricity' contains placeholder value 'yes' instead of actual capacity,2026-04-24 03:24:51.708222,https://www.openstreetmap.org/way/943366985,5.224927642039043,97.07804875646916
way/946699119,946699119,way,Indonesia,plant,Missing source tag,none,"tags: {'landuse': 'industrial', 'name': 'Sinar Mas Jambi Lontar Power Plant', 'power': 'plant', 'source': 'https://www.gem.wiki/Sinar_Mas_Jambi_Lontar_power_station'}",2026-04-24 03:24:51.711495,https://www.openstreetmap.org/way/946699119,-1.0076023895222164,103.08220780147137
way/955122312,955122312,way,Indonesia,plant,Missing source tag,none,"tags: {'landuse': 'industrial', 'name': 'Kalselteng-1 Power Plant', 'power': 'plant', 'source': 'https://www.gem.wiki/Kalselteng-1_power_station'}",2026-04-24 03:24:51.712958,https://www.openstreetmap.org/way/955122312,-1.3735122452845745,113.56682632996424
way/963054356,963054356,way,Indonesia,plant,Missing output tag,none,"tags: {'landuse': 'industrial', 'name': 'PLTG Indocement', 'plant:source': 'gas', 'power': 'plant', 'source': 'https://www.industryabout.com/country-territories-3/372-indonesia/cement-industry/1854-indocement-citeureup-cement-plant'}",2026-04-24 03:24:51.716937,https://www.openstreetmap.org/way/963054356,-6.482992493406483,106.89167599906627
way/981847861,981847861,way,Indonesia,plant,Capacity placeholder value,yes,Tag 'plant:output:electricity' contains placeholder value 'yes' instead of actual capacity,2026-04-24 03:24:51.717757,https://www.openstreetmap.org/way/981847861,-6.898347601366245,112.04785326762153
way/1034545850,1034545850,way,Indonesia,plant,Capacity placeholder value,yes,Tag 'plant:output:electricity' contains placeholder value 'yes' instead of actual capacity,2026-04-24 03:24:51.720762,https://www.openstreetmap.org/way/1034545850,3.7755655483933794,98.66973314096448
way/1038827131,1038827131,way,Indonesia,plant,Missing source tag,none,"tags: {'landuse': 'industrial', 'power': 'plant'}",2026-04-24 03:24:51.720955,https://www.openstreetmap.org/way/1038827131,-6.901096349999999,112.04171990000002
way/1042007577,1042007577,way,Indonesia,plant,Missing output tag,none,"tags: {'plant:source': 'solar', 'power': 'plant'}",2026-04-24 03:24:51.721183,https://www.openstreetmap.org/way/1042007577,0.7744371011215676,114.27875613751046
way/1042007733,1042007733,way,Indonesia,plant,Missing output tag,none,"tags: {'plant:source': 'solar', 'power': 'plant'}",2026-04-24 03:24:51.721358,https://www.openstreetmap.org/way/1042007733,0.7701449817906569,114.27373243449135
way/1043457651,1043457651,way,Indonesia,plant,Capacity placeholder value,yes,Tag 'plant:output:electricity' contains placeholder value 'yes' instead of actual capacity,2026-04-24 03:24:51.721527,https://www.openstreetmap.org/way/1043457651,3.6130337999999997,115.6975726
way/1052212667,1052212667,way,Indonesia,plant,Missing output tag,none,"tags: {'name': 'PLTU Semaran', 'plant:source': 'biomass', 'power': 'plant'}",2026-04-24 03:24:51.721688,https://www.openstreetmap.org/way/1052212667,-2.12440083865799,102.85273618528032
way/1054024013,1054024013,way,Indonesia,plant,Missing source tag,none,"tags: {'operator': 'PLN', 'operator:wikidata': 'Q4201636', 'power': 'plant'}",2026-04-24 03:24:51.721852,https://www.openstreetmap.org/way/1054024013,-2.5911937147983313,121.2822374812787
way/1068853130,1068853130,way,Indonesia,plant,Missing source tag,none,"tags: {'operator': 'Indonesia Power', 'operator:wikidata': 'Q12486500', 'plant:output:electricity': 'yes', 'power': 'plant'}",2026-04-24 03:24:51.722037,https://www.openstreetmap.org/way/1068853130,-6.8880592499999995,112.03438270000001
way/1068853131,1068853131,way,Indonesia,plant,Missing source tag,none,"tags: {'operator': 'Indonesia Power', 'operator:wikidata': 'Q12486500', 'plant:output:electricity': 'yes', 'power': 'plant'}",2026-04-24 03:24:51.722188,https://www.openstreetmap.org/way/1068853131,-6.8869492,112.03321084999999
way/1068853132,1068853132,way,Indonesia,plant,Missing source tag,none,"tags: {'operator': 'Indonesia Power', 'operator:wikidata': 'Q12486500', 'plant:output:electricity': 'yes', 'power': 'plant'}",2026-04-24 03:24:51.722341,https://www.openstreetmap.org/way/1068853132,-6.88593205,112.03299144999998
way/1068853133,1068853133,way,Indonesia,plant,Missing source tag,none,"tags: {'operator': 'Indonesia Power', 'operator:wikidata': 'Q12486500', 'plant:output:electricity': 'yes', 'power': 'plant'}",2026-04-24 03:24:51.722496,https://www.openstreetmap.org/way/1068853133,-6.885854899999999,112.03234279999998
way/1082004496,1082004496,way,Indonesia,plant,Capacity placeholder value,yes,Tag 'plant:output:electricity' contains placeholder value 'yes' instead of actual capacity,2026-04-24 03:24:51.723308,https://www.openstreetmap.org/way/1082004496,0.4628201046414062,124.44466406432402
way/1082802633,1082802633,way,Indonesia,plant,Capacity placeholder value,yes,Tag 'plant:output:electricity' contains placeholder value 'yes' instead of actual capacity,2026-04-24 03:24:51.723471,https://www.openstreetmap.org/way/1082802633,0.46282284910510874,124.44465896744475
way/1082807974,1082807974,way,Indonesia,plant,Missing output tag,none,"tags: {'name': 'PLTMG Dullah', 'plant:method': 'combustion', 'plant:source': 'gas', 'power': 'plant'}",2026-04-24 03:24:51.723639,https://www.openstreetmap.org/way/1082807974,-5.555084649589891,132.77219883180507
way/1097929002,1097929002,way,Indonesia,plant,Capacity placeholder value,yes,Tag 'plant:output:electricity' contains placeholder value 'yes' instead of actual capacity,2026-04-24 03:24:51.723954,https://www.openstreetmap.org/way/1097929002,-7.358053484791102,109.3550526367363
way/1103596061,1103596061,way,Indonesia,plant,Capacity placeholder value,yes,Tag 'plant:output:electricity' contains placeholder value 'yes' instead of actual capacity,2026-04-24 03:24:51.724665,https://www.openstreetmap.org/way/1103596061,1.1876797259157361,124.47859026873215
way/1107800132,1107800132,way,Indonesia,plant,Missing source tag,none,"tags: {'landuse': 'industrial', 'name': 'Riau (MRPR) Power Plant', 'power': 'plant', 'source': 'https://www.gem.wiki/Riau_(MRPR)_power_station;https://www.medcoenergi.com/id/subpagelist/view/11/3426'}",2026-04-24 03:24:51.724954,https://www.openstreetmap.org/way/1107800132,0.5397546424519127,101.52055950934374
way/1118436421,1118436421,way,Indonesia,plant,Missing source tag,none,"tags: {'landuse': 'industrial', 'name': 'Morowali Industrial Park Sulawesi Mining Power Station', 'note': 'OSM satellite imagery does not yet reflect 2x 350 MW units and 1x 250 MW unit located in the southern end of this way boundary.', 'power': 'plant', 'source': 'https://www.gem.wiki/Sulawesi_Mining_power_station'}",2026-04-24 03:24:51.725151,https://www.openstreetmap.org/way/1118436421,-2.828682040671406,122.15574161928023
way/1127696139,1127696139,way,Indonesia,plant,Missing output tag,none,"tags: {'building': 'industrial', 'name': 'Waterkracht Centrale Koerandji', 'plant:method': 'run-of-the-river', 'plant:source': 'hydro', 'power': 'plant'}",2026-04-24 03:24:51.726020,https://www.openstreetmap.org/way/1127696139,-0.9067348639484314,100.45645070964308
way/1149620760,1149620760,way,Indonesia,plant,Missing source tag,none,"tags: {'access:roof': 'no', 'addr:city': 'Maluku Tengah', 'addr:full': 'Desa Tehoru', 'amenity': 'school', 'backup_generator': 'yes', 'building': 'power_plant', 'building:condition': 'good', 'building:floor': 'tekhel', 'building:levels': '1', 'building:material': 'concrete', 'building:roof': 'tin', 'building:structure': 'confined_masonry', 'capacity:persons': '100-250', 'name': 'MIN 4 Maluku Tengah', 'operator': 'PLN', 'operator:type': 'government', 'power': 'plant', 'school:type_idn': 'sd', 'source': 'Boostergrants2022'}",2026-04-24 03:24:51.726610,https://www.openstreetmap.org/way/1149620760,-3.383073495469829,129.54966738004782
way/1149623514,1149623514,way,Indonesia,plant,Missing source tag,none,"tags: {'addr:city': 'MALUKU TENGAH', 'addr:full': 'Desa Tehoru', 'building': 'power_plant', 'name': 'PLN Tehoru', 'operator': 'PLN', 'power': 'plant', 'source': 'Boostergrants2022'}",2026-04-24 03:24:51.726786,https://www.openstreetmap.org/way/1149623514,-3.381885253380193,129.5488587730041
way/1150889689,1150889689,way,Indonesia,plant,Missing output tag,none,"tags: {'name': 'PLTS Long Nawang', 'plant:source': 'solar', 'power': 'plant'}",2026-04-24 03:24:51.726974,https://www.openstreetmap.org/way/1150889689,1.7825733747268797,114.90514360021719
way/1151107028,1151107028,way,Indonesia,plant,Capacity placeholder value,yes,Tag 'plant:output:electricity' contains placeholder value 'yes' instead of actual capacity,2026-04-24 03:24:51.727160,https://www.openstreetmap.org/way/1151107028,1.7949103939877575,114.89480684434453
way/1152758557,1152758557,way,Indonesia,plant,Capacity placeholder value,yes,Tag 'plant:output:electricity' contains placeholder value 'yes' instead of actual capacity,2026-04-24 03:24:51.727455,https://www.openstreetmap.org/way/1152758557,0.4765363592926661,128.00110704340278
way/1164608628,1164608628,way,Indonesia,plant,Missing output tag,none,"tags: {'building': 'yes', 'name': 'PLTS Werua', 'plant:source': 'solar', 'power': 'plant', 'ref': 'Gps Tracking'}",2026-04-24 03:24:51.727616,https://www.openstreetmap.org/way/1164608628,-3.4746023919969855,134.0059452164185
way/1164613430,1164613430,way,Indonesia,plant,Missing output tag,none,"tags: {'building': 'yes', 'name': 'PLTS Sara', 'plant:source': 'solar', 'power': 'plant', 'ref': 'Gps Tracking'}",2026-04-24 03:24:51.727785,https://www.openstreetmap.org/way/1164613430,-3.4938103954278223,133.97985092845255
way/1168320730,1168320730,way,Indonesia,plant,Capacity placeholder value,yes,Tag 'plant:output:electricity' contains placeholder value 'yes' instead of actual capacity,2026-04-24 03:24:51.728101,https://www.openstreetmap.org/way/1168320730,-3.828099185645132,122.46566416848049
way/1186657321,1186657321,way,Indonesia,plant,Missing source tag,none,"tags: {'operator': 'PLN', 'operator:wikidata': 'Q4201636', 'power': 'plant'}",2026-04-24 03:24:51.729195,https://www.openstreetmap.org/way/1186657321,-4.281858698812738,105.22496556186464
way/1188270208,1188270208,way,Indonesia,plant,Capacity placeholder value,yes,Tag 'plant:output:electricity' contains placeholder value 'yes' instead of actual capacity,2026-04-24 03:24:51.729354,https://www.openstreetmap.org/way/1188270208,0.8856069225146682,114.68979114908926
way/1189446338,1189446338,way,Indonesia,plant,Missing output tag,none,"tags: {'landuse': 'industrial', 'name': 'Riau Andalan Pulp & Paper Power Station', 'plant:source': 'biomass', 'power': 'plant'}",2026-04-24 03:24:51.729578,https://www.openstreetmap.org/way/1189446338,0.4390139898676094,101.89241503406808
way/1190705190,1190705190,way,Indonesia,plant,Missing source tag,none,"tags: {'landuse': 'industrial', 'name': 'Kaltim power station', 'power': 'plant'}",2026-04-24 03:24:51.730263,https://www.openstreetmap.org/way/1190705190,-0.3842441928794779,117.05101055690626
way/1191293726,1191293726,way,Indonesia,plant,Missing output tag,none,"tags: {'name': 'Bekas PLTA Sigelap', 'plant:source': 'hydro', 'power': 'plant'}",2026-04-24 03:24:51.730497,https://www.openstreetmap.org/way/1191293726,-7.268613642950349,109.94368250895782
way/1191600975,1191600975,way,Indonesia,plant,Capacity regex no match,561 kW,Tag 'plant:output:electricity' has value '561 kW' which could not be parsed,2026-04-24 03:24:51.730670,https://www.openstreetmap.org/way/1191600975,-6.952953689842074,110.4323415102464
way/1203048323,1203048323,way,Indonesia,plant,Missing source tag,none,"tags: {'landuse': 'industrial', 'name': 'DSS Serang power station', 'power': 'plant'}",2026-04-24 03:24:51.732915,https://www.openstreetmap.org/way/1203048323,-6.125262762531594,106.28861513471337
way/1204724030,1204724030,way,Indonesia,plant,Missing output tag,none,"tags: {'plant:source': 'solar', 'power': 'plant'}",2026-04-24 03:24:51.733250,https://www.openstreetmap.org/way/1204724030,2.0377257376194713,128.29991832956094
way/1205552684,1205552684,way,Indonesia,plant,Missing output tag,none,"tags: {'plant:source': 'solar', 'power': 'plant'}",2026-04-24 03:24:51.733422,https://www.openstreetmap.org/way/1205552684,2.295705362091294,128.1798122722807
way/1211621343,1211621343,way,Indonesia,plant,Capacity placeholder value,yes,Tag 'plant:output:electricity' contains placeholder value 'yes' instead of actual capacity,2026-04-24 03:24:51.733592,https://www.openstreetmap.org/way/1211621343,-1.9183304589289096,115.09084415801642
way/1214851463,1214851463,way,Indonesia,plant,Missing source tag,none,"tags: {'landuse': 'industrial', 'name': 'Purwakarta Indorama power station', 'plant:output:electricity': '60 mw', 'power': 'plant'}",2026-04-24 03:24:51.734145,https://www.openstreetmap.org/way/1214851463,-6.553694493551242,107.41379162898554
way/1216609678,1216609678,way,Indonesia,plant,Missing output tag,none,"tags: {'landuse': 'industrial', 'name': 'PTLD Ampenan Power Station', 'plant:source': 'diesel', 'power': 'plant'}",2026-04-24 03:24:51.734371,https://www.openstreetmap.org/way/1216609678,-8.599212959135693,116.07457902620463
way/1218099429,1218099429,way,Indonesia,plant,Missing output tag,none,"tags: {'name': 'Medco Energi Geothermal', 'plant:source': 'geothermal', 'power': 'plant'}",2026-04-24 03:24:51.734707,https://www.openstreetmap.org/way/1218099429,-8.062414529521373,114.15640248044588
way/1218099430,1218099430,way,Indonesia,plant,Missing output tag,none,"tags: {'name': 'Medco Energi Geothermal', 'plant:source': 'geothermal', 'power': 'plant'}",2026-04-24 03:24:51.735061,https://www.openstreetmap.org/way/1218099430,-8.067737995600256,114.17558597553102
way/1218099431,1218099431,way,Indonesia,plant,Missing output tag,none,"tags: {'name': 'Medco Energi Geothermal', 'plant:source': 'geothermal', 'power': 'plant'}",2026-04-24 03:24:51.735497,https://www.openstreetmap.org/way/1218099431,-8.066573288932815,114.17257901854455
way/1218099432,1218099432,way,Indonesia,plant,Missing output tag,none,"tags: {'name': 'Medco Energi Geothermal', 'plant:source': 'geothermal', 'power': 'plant'}",2026-04-24 03:24:51.735979,https://www.openstreetmap.org/way/1218099432,-8.061131032947216,114.1705395208242
way/1218099434,1218099434,way,Indonesia,plant,Missing output tag,none,"tags: {'name': 'Medco Energi Geothermal', 'plant:source': 'geothermal', 'power': 'plant'}",2026-04-24 03:24:51.737031,https://www.openstreetmap.org/way/1218099434,-8.050539743731422,114.16731740889928
way/1221951849,1221951849,way,Indonesia,plant,Capacity placeholder value,yes,Tag 'plant:output:electricity' contains placeholder value 'yes' instead of actual capacity,2026-04-24 03:24:51.737692,https://www.openstreetmap.org/way/1221951849,-7.917461624517812,112.63555489104051
way/1226006242,1226006242,way,Indonesia,plant,Capacity placeholder value,yes,Tag 'plant:output:electricity' contains placeholder value 'yes' instead of actual capacity,2026-04-24 03:24:51.738516,https://www.openstreetmap.org/way/1226006242,-2.3666339807984165,110.1572198468163
way/1227244933,1227244933,way,Indonesia,plant,Capacity placeholder value,yes,Tag 'plant:output:electricity' contains placeholder value 'yes' instead of actual capacity,2026-04-24 03:24:51.738800,https://www.openstreetmap.org/way/1227244933,3.7710811294744278,98.6668919542313
way/1231910573,1231910573,way,Indonesia,plant,Capacity placeholder value,yes,Tag 'plant:output:electricity' contains placeholder value 'yes' instead of actual capacity,2026-04-24 03:24:51.739012,https://www.openstreetmap.org/way/1231910573,0.10671789613190666,117.47681787364245
way/1231910574,1231910574,way,Indonesia,plant,Capacity placeholder value,yes,Tag 'plant:output:electricity' contains placeholder value 'yes' instead of actual capacity,2026-04-24 03:24:51.739180,https://www.openstreetmap.org/way/1231910574,0.10783364706806899,117.47745677910375
way/1231910575,1231910575,way,Indonesia,plant,Capacity placeholder value,yes,Tag 'plant:output:electricity' contains placeholder value 'yes' instead of actual capacity,2026-04-24 03:24:51.739336,https://www.openstreetmap.org/way/1231910575,0.10881044999999999,117.47657135000001
way/1231910576,1231910576,way,Indonesia,plant,Capacity placeholder value,yes,Tag 'plant:output:electricity' contains placeholder value 'yes' instead of actual capacity,2026-04-24 03:24:51.739500,https://www.openstreetmap.org/way/1231910576,0.10943872393778648,117.47519258344052
way/1245573861,1245573861,way,Indonesia,plant,Missing source tag,none,"tags: {'landuse': 'industrial', 'name': '电厂(9-11)', 'power': 'plant'}",2026-04-24 03:24:51.739822,https://www.openstreetmap.org/way/1245573861,0.47605232151408805,128.00806584899763
way/1245573862,1245573862,way,Indonesia,plant,Capacity placeholder value,yes,Tag 'plant:output:electricity' contains placeholder value 'yes' instead of actual capacity,2026-04-24 03:24:51.740015,https://www.openstreetmap.org/way/1245573862,0.4760792499832478,127.99860321689076
way/1245573863,1245573863,way,Indonesia,plant,Capacity placeholder value,yes,Tag 'plant:output:electricity' contains placeholder value 'yes' instead of actual capacity,2026-04-24 03:24:51.740174,https://www.openstreetmap.org/way/1245573863,0.4761382049821448,127.99469200909914
way/1245573872,1245573872,way,Indonesia,plant,Missing source tag,none,"tags: {'landuse': 'industrial', 'name': '3号变电站', 'power': 'plant'}",2026-04-24 03:24:51.740327,https://www.openstreetmap.org/way/1245573872,0.4822038090159511,127.98878149251678
way/1250980902,1250980902,way,Indonesia,plant,Missing source tag,none,"tags: {'building': 'yes', 'name': 'PLTD Telaga', 'plant:output:electricity': 'yes', 'power': 'plant'}",2026-04-24 03:24:51.740597,https://www.openstreetmap.org/way/1250980902,0.5747927724688631,123.04817434335887
way/1270763074,1270763074,way,Indonesia,plant,Capacity regex no match,100 kW,Tag 'plant:output:electricity' has value '100 kW' which could not be parsed,2026-04-24 03:24:51.741312,https://www.openstreetmap.org/way/1270763074,-8.727457021307059,115.18922833192015
way/1280400266,1280400266,way,Indonesia,plant,Capacity placeholder value,yes,Tag 'plant:output:electricity' contains placeholder value 'yes' instead of actual capacity,2026-04-24 03:24:51.742345,https://www.openstreetmap.org/way/1280400266,2.2143987153995535,117.61886102889856
way/1291862453,1291862453,way,Indonesia,plant,Capacity placeholder value,yes,Tag 'plant:output:electricity' contains placeholder value 'yes' instead of actual capacity,2026-04-24 03:24:51.742708,https://www.openstreetmap.org/way/1291862453,-2.873658298636368,122.16925335246766
way/1304735535,1304735535,way,Indonesia,plant,Capacity placeholder value,yes,Tag 'plant:output:electricity' contains placeholder value 'yes' instead of actual capacity,2026-04-24 03:24:51.745298,https://www.openstreetmap.org/way/1304735535,-6.950603921151236,106.25021159248391
way/1309109284,1309109284,way,Indonesia,plant,Missing source tag,none,"tags: {'operator': 'Indonesia Power', 'operator:wikidata': 'Q12486500', 'plant:output:electricity': 'yes', 'power': 'plant'}",2026-04-24 03:24:51.745869,https://www.openstreetmap.org/way/1309109284,-6.882986432634449,112.02896780319915
way/1312946738,1312946738,way,Indonesia,plant,Missing output tag,none,"tags: {'name': 'PLTD Sei Baya', 'operator': 'PLN', 'operator:wikidata': 'Q4201636', 'plant:method': 'combustion', 'plant:source': 'coal', 'power': 'plant'}",2026-04-24 03:24:51.746534,https://www.openstreetmap.org/way/1312946738,2.8316481819472505,117.38537962364805
way/1321567186,1321567186,way,Indonesia,plant,Capacity placeholder value,yes,Tag 'plant:output:electricity' contains placeholder value 'yes' instead of actual capacity,2026-04-24 03:24:51.750799,https://www.openstreetmap.org/way/1321567186,0.8751654928508608,102.35391226716132
way/1322035311,1322035311,way,Indonesia,plant,Capacity regex no match,100 kW,Tag 'plant:output:electricity' has value '100 kW' which could not be parsed,2026-04-24 03:24:51.751033,https://www.openstreetmap.org/way/1322035311,-10.883998542461088,122.8307650728381
way/1322035315,1322035315,way,Indonesia,plant,Capacity regex no match,7000 kW,Tag 'plant:output:electricity' has value '7000 kW' which could not be parsed,2026-04-24 03:24:51.751212,https://www.openstreetmap.org/way/1322035315,-9.440156832004359,119.0796643683827
way/1322035319,1322035319,way,Indonesia,plant,Capacity regex no match,130 kW,Tag 'plant:output:electricity' has value '130 kW' which could not be parsed,2026-04-24 03:24:51.751427,https://www.openstreetmap.org/way/1322035319,-10.008992524015905,120.48010319733004
way/1322035334,1322035334,way,Indonesia,plant,Capacity regex no match,760 kW,Tag 'plant:output:electricity' has value '760 kW' which could not be parsed,2026-04-24 03:24:51.752206,https://www.openstreetmap.org/way/1322035334,-8.306922403456687,121.70605408820326
way/1322035336,1322035336,way,Indonesia,plant,Capacity regex no match,190 kW,Tag 'plant:output:electricity' has value '190 kW' which could not be parsed,2026-04-24 03:24:51.752384,https://www.openstreetmap.org/way/1322035336,-8.39381917093842,119.85744993416476
way/1322035338,1322035338,way,Indonesia,plant,Capacity regex no match,260 kW,Tag 'plant:output:electricity' has value '260 kW' which could not be parsed,2026-04-24 03:24:51.752557,https://www.openstreetmap.org/way/1322035338,-8.34960688370084,120.25290048695541
way/1322035340,1322035340,way,Indonesia,plant,Capacity regex no match,270 kW,Tag 'plant:output:electricity' has value '270 kW' which could not be parsed,2026-04-24 03:24:51.752730,https://www.openstreetmap.org/way/1322035340,-8.818822809194895,119.96206104189005
way/1322035341,1322035341,way,Indonesia,plant,Capacity regex no match,200 kW,Tag 'plant:output:electricity' has value '200 kW' which could not be parsed,2026-04-24 03:24:51.752936,https://www.openstreetmap.org/way/1322035341,-8.519497508310184,120.80436730822575
way/1322035344,1322035344,way,Indonesia,plant,Capacity regex no match,380 kW,Tag 'plant:output:electricity' has value '380 kW' which could not be parsed,2026-04-24 03:24:51.753113,https://www.openstreetmap.org/way/1322035344,-8.878443146463692,120.30155566771909
way/1322035352,1322035352,way,Indonesia,plant,Capacity regex no match,320 kW,Tag 'plant:output:electricity' has value '320 kW' which could not be parsed,2026-04-24 03:24:51.753320,https://www.openstreetmap.org/way/1322035352,-8.45026887650889,120.27548249300412
way/1322035355,1322035355,way,Indonesia,plant,Capacity regex no match,530 kW,Tag 'plant:output:electricity' has value '530 kW' which could not be parsed,2026-04-24 03:24:51.753622,https://www.openstreetmap.org/way/1322035355,-8.525763048140677,119.7452485233958
way/1322035356,1322035356,way,Indonesia,plant,Capacity regex no match,380 kW,Tag 'plant:output:electricity' has value '380 kW' which could not be parsed,2026-04-24 03:24:51.753924,https://www.openstreetmap.org/way/1322035356,-8.572035518739808,119.71262823659436
way/1322035357,1322035357,way,Indonesia,plant,Capacity regex no match,150 kW,Tag 'plant:output:electricity' has value '150 kW' which could not be parsed,2026-04-24 03:24:51.754126,https://www.openstreetmap.org/way/1322035357,-8.347666501758107,120.14897497033255
way/1322681373,1322681373,way,Indonesia,plant,Capacity regex no match,201.6 kW,Tag 'plant:output:electricity' has value '201.6 kW' which could not be parsed,2026-04-24 03:24:51.754351,https://www.openstreetmap.org/way/1322681373,-2.6357316387322633,118.88185949856275
way/1322681375,1322681375,way,Indonesia,plant,Capacity regex no match,115.2 kW,Tag 'plant:output:electricity' has value '115.2 kW' which could not be parsed,2026-04-24 03:24:51.754599,https://www.openstreetmap.org/way/1322681375,-2.6275032186864293,118.88049344062792
way/1322681377,1322681377,way,Indonesia,plant,Capacity regex no match,147.2 kW,Tag 'plant:output:electricity' has value '147.2 kW' which could not be parsed,2026-04-24 03:24:51.754772,https://www.openstreetmap.org/way/1322681377,-2.624178152899797,118.89080665499249
way/1322681379,1322681379,way,Indonesia,plant,Capacity regex no match,134.4 kW,Tag 'plant:output:electricity' has value '134.4 kW' which could not be parsed,2026-04-24 03:24:51.754969,https://www.openstreetmap.org/way/1322681379,-2.6455634063895,118.88695262462322
way/1322685346,1322685346,way,Indonesia,plant,Capacity regex no match,308.6 kW,Tag 'plant:output:electricity' has value '308.6 kW' which could not be parsed,2026-04-24 03:24:51.755144,https://www.openstreetmap.org/way/1322685346,-5.75767564697817,123.94878228040056
way/1322685350,1322685350,way,Indonesia,plant,Capacity regex no match,224.4 kW,Tag 'plant:output:electricity' has value '224.4 kW' which could not be parsed,2026-04-24 03:24:51.755317,https://www.openstreetmap.org/way/1322685350,-5.76430178719661,123.9032575094276
way/1322685353,1322685353,way,Indonesia,plant,Capacity regex no match,112.2 kW,Tag 'plant:output:electricity' has value '112.2 kW' which could not be parsed,2026-04-24 03:24:51.755501,https://www.openstreetmap.org/way/1322685353,-5.774716146806116,123.97400045065783
way/1322685356,1322685356,way,Indonesia,plant,Capacity regex no match,140.3 kW,Tag 'plant:output:electricity' has value '140.3 kW' which could not be parsed,2026-04-24 03:24:51.755679,https://www.openstreetmap.org/way/1322685356,-5.760373537790105,123.99768058134886
way/1323856435,1323856435,way,Indonesia,plant,Capacity regex no match,100 kW,Tag 'plant:output:electricity' has value '100 kW' which could not be parsed,2026-04-24 03:24:51.757511,https://www.openstreetmap.org/way/1323856435,-5.117945099999999,120.39130635
way/1325505504,1325505504,way,Indonesia,plant,Capacity placeholder value,yes,Tag 'plant:output:electricity' contains placeholder value 'yes' instead of actual capacity,2026-04-24 03:24:51.757722,https://www.openstreetmap.org/way/1325505504,-2.731306447841312,122.03094438286526
way/1326070098,1326070098,way,Indonesia,plant,Capacity regex no match,75 kW,Tag 'plant:output:electricity' has value '75 kW' which could not be parsed,2026-04-24 03:24:51.757910,https://www.openstreetmap.org/way/1326070098,-5.8175950499999995,105.27215155000002
way/1327067558,1327067558,way,Indonesia,plant,Capacity placeholder value,yes,Tag 'plant:output:electricity' contains placeholder value 'yes' instead of actual capacity,2026-04-24 03:24:51.758174,https://www.openstreetmap.org/way/1327067558,-6.561910355194997,107.68559596806249
way/1328732316,1328732316,way,Indonesia,plant,Capacity regex no match,408 kW,Tag 'plant:output:electricity' has value '408 kW' which could not be parsed,2026-04-24 03:24:51.759915,https://www.openstreetmap.org/way/1328732316,-5.84774404310224,112.64565432443997
way/1329301174,1329301174,way,Indonesia,plant,Capacity regex no match,250kW,Tag 'plant:output:electricity' has value '250kW' which could not be parsed,2026-04-24 03:24:51.760318,https://www.openstreetmap.org/way/1329301174,1.6447370483849555,124.70932776835649
way/1331175823,1331175823,way,Indonesia,plant,Capacity placeholder value,yes,Tag 'plant:output:electricity' contains placeholder value 'yes' instead of actual capacity,2026-04-24 03:24:51.761813,https://www.openstreetmap.org/way/1331175823,-6.8547829,119.09772014999999
way/1331175824,1331175824,way,Indonesia,plant,Missing output tag,none,"tags: {'name': 'PLTS Pulau Sabalona', 'plant:source': 'solar', 'power': 'plant'}",2026-04-24 03:24:51.762025,https://www.openstreetmap.org/way/1331175824,-6.854832978406557,119.09765120132884
way/1333370066,1333370066,way,Indonesia,plant,Capacity placeholder value,yes,Tag 'plant:output:electricity' contains placeholder value 'yes' instead of actual capacity,2026-04-24 03:24:51.762208,https://www.openstreetmap.org/way/1333370066,-7.360350169540507,121.76129053194698
way/1334459348,1334459348,way,Indonesia,plant,Capacity placeholder value,yes,Tag 'plant:output:electricity' contains placeholder value 'yes' instead of actual capacity,2026-04-24 03:24:51.762452,https://www.openstreetmap.org/way/1334459348,-7.364270717113925,121.08368876105071
way/1334459373,1334459373,way,Indonesia,plant,Capacity placeholder value,yes,Tag 'plant:output:electricity' contains placeholder value 'yes' instead of actual capacity,2026-04-24 03:24:51.762608,https://www.openstreetmap.org/way/1334459373,-7.376952386658213,121.13529320123078
way/1334459400,1334459400,way,Indonesia,plant,Capacity placeholder value,yes,Tag 'plant:output:electricity' contains placeholder value 'yes' instead of actual capacity,2026-04-24 03:24:51.762763,https://www.openstreetmap.org/way/1334459400,-7.367976393609305,121.12465762308688
way/1334459403,1334459403,way,Indonesia,plant,Capacity placeholder value,yes,Tag 'plant:output:electricity' contains placeholder value 'yes' instead of actual capacity,2026-04-24 03:24:51.762946,https://www.openstreetmap.org/way/1334459403,-7.360710759296559,121.15202718073674
way/1334639659,1334639659,way,Indonesia,plant,Capacity placeholder value,yes,Tag 'plant:output:electricity' contains placeholder value 'yes' instead of actual capacity,2026-04-24 03:24:51.763109,https://www.openstreetmap.org/way/1334639659,-5.754079057875283,120.4864791599601
way/1335862924,1335862924,way,Indonesia,plant,Missing output tag,none,"tags: {'plant:source': 'solar', 'power': 'plant'}",2026-04-24 03:24:51.763281,https://www.openstreetmap.org/way/1335862924,-6.958214325814205,120.78703766258919
way/1336362230,1336362230,way,Indonesia,plant,Missing output tag,none,"tags: {'name': 'PLTS Pasitallu Tangnga', 'plant:source': 'solar', 'power': 'plant'}",2026-04-24 03:24:51.763455,https://www.openstreetmap.org/way/1336362230,-7.06333707745609,121.0979693167387
way/1336362251,1336362251,way,Indonesia,plant,Missing output tag,none,"tags: {'name': 'PLTS Latondu', 'plant:source': 'solar', 'power': 'plant'}",2026-04-24 03:24:51.763631,https://www.openstreetmap.org/way/1336362251,-6.502225146564558,120.99026689480769
way/1349227479,1349227479,way,Indonesia,plant,Missing output tag,none,"tags: {'plant:source': 'geothermal', 'power': 'plant'}",2026-04-24 03:24:51.763962,https://www.openstreetmap.org/way/1349227479,-7.155256773130148,107.770386617521
way/1349227480,1349227480,way,Indonesia,plant,Missing output tag,none,"tags: {'plant:source': 'geothermal', 'power': 'plant'}",2026-04-24 03:24:51.764351,https://www.openstreetmap.org/way/1349227480,-7.148999191255405,107.77301757665407
way/1349709972,1349709972,way,Indonesia,plant,Missing output tag,none,"tags: {'plant:source': 'geothermal', 'power': 'plant'}",2026-04-24 03:24:51.764610,https://www.openstreetmap.org/way/1349709972,-7.138940033689023,107.79537471995964
way/1349709973,1349709973,way,Indonesia,plant,Missing output tag,none,"tags: {'plant:source': 'geothermal', 'power': 'plant'}",2026-04-24 03:24:51.764837,https://www.openstreetmap.org/way/1349709973,-7.139576099115902,107.7924128456625
way/1349718127,1349718127,way,Indonesia,plant,Missing output tag,none,"tags: {'plant:source': 'geothermal', 'power': 'plant'}",2026-04-24 03:24:51.765130,https://www.openstreetmap.org/way/1349718127,-7.15145573082515,107.79632662134989
way/1349718128,1349718128,way,Indonesia,plant,Missing output tag,none,"tags: {'plant:source': 'geothermal', 'power': 'plant'}",2026-04-24 03:24:51.765409,https://www.openstreetmap.org/way/1349718128,-7.149448302583152,107.80123066408912
way/1349718129,1349718129,way,Indonesia,plant,Missing output tag,none,"tags: {'plant:source': 'geothermal', 'power': 'plant'}",2026-04-24 03:24:51.765911,https://www.openstreetmap.org/way/1349718129,-7.145214826235768,107.80186916826207
way/1349718130,1349718130,way,Indonesia,plant,Missing output tag,none,"tags: {'plant:source': 'geothermal', 'power': 'plant'}",2026-04-24 03:24:51.766240,https://www.openstreetmap.org/way/1349718130,-7.124305611753709,107.8006609017933
way/1349718131,1349718131,way,Indonesia,plant,Missing output tag,none,"tags: {'plant:source': 'geothermal', 'power': 'plant'}",2026-04-24 03:24:51.766519,https://www.openstreetmap.org/way/1349718131,-7.1313423822080395,107.7998628066482
way/1352261425,1352261425,way,Indonesia,plant,Capacity placeholder value,yes,Tag 'plant:output:electricity' contains placeholder value 'yes' instead of actual capacity,2026-04-24 03:24:51.766688,https://www.openstreetmap.org/way/1352261425,-7.049239569528025,110.39406880035135
way/1352369452,1352369452,way,Indonesia,plant,Missing output tag,none,"tags: {'plant:source': 'geothermal', 'power': 'plant'}",2026-04-24 03:24:51.767027,https://www.openstreetmap.org/way/1352369452,-7.231015926759172,107.7326027558318
way/1352369453,1352369453,way,Indonesia,plant,Missing output tag,none,"tags: {'plant:source': 'geothermal', 'power': 'plant'}",2026-04-24 03:24:51.767372,https://www.openstreetmap.org/way/1352369453,-7.227963665981982,107.72744565702388
way/1352369454,1352369454,way,Indonesia,plant,Missing output tag,none,"tags: {'plant:source': 'geothermal', 'power': 'plant'}",2026-04-24 03:24:51.767673,https://www.openstreetmap.org/way/1352369454,-7.224891658587704,107.71835151887409
way/1352369455,1352369455,way,Indonesia,plant,Missing output tag,none,"tags: {'plant:source': 'geothermal', 'power': 'plant'}",2026-04-24 03:24:51.768024,https://www.openstreetmap.org/way/1352369455,-7.225365267750086,107.70993851151331
way/1352369456,1352369456,way,Indonesia,plant,Missing output tag,none,"tags: {'plant:source': 'geothermal', 'power': 'plant'}",2026-04-24 03:24:51.768314,https://www.openstreetmap.org/way/1352369456,-7.231510794885014,107.71638097345884
way/1360656288,1360656288,way,Indonesia,plant,Missing output tag,none,"tags: {'plant:source': 'hydro', 'power': 'plant'}",2026-04-24 03:24:51.768488,https://www.openstreetmap.org/way/1360656288,-5.171920777514102,120.03824915589539
way/1361600216,1361600216,way,Indonesia,plant,Missing output tag,none,"tags: {'plant:source': 'solar', 'power': 'plant'}",2026-04-24 03:24:51.768658,https://www.openstreetmap.org/way/1361600216,3.055828507833755,116.14341728515866
way/1362008818,1362008818,way,Indonesia,plant,Missing output tag,none,"tags: {'plant:source': 'solar', 'power': 'plant'}",2026-04-24 03:24:51.768830,https://www.openstreetmap.org/way/1362008818,3.9888448327160027,116.53322712158082
way/1362142681,1362142681,way,Indonesia,plant,Missing output tag,none,"tags: {'plant:source': 'solar', 'power': 'plant'}",2026-04-24 03:24:51.769034,https://www.openstreetmap.org/way/1362142681,4.223284308491536,116.49900226083834
way/1364748276,1364748276,way,Indonesia,plant,Missing source tag,none,"tags: {'operator': 'Indonesia Power', 'operator:wikidata': 'Q12486500', 'power': 'plant'}",2026-04-24 03:24:51.769202,https://www.openstreetmap.org/way/1364748276,-6.876360699999999,112.0216481
way/1365649482,1365649482,way,Indonesia,plant,Missing output tag,none,"tags: {'plant:source': 'solar', 'power': 'plant'}",2026-04-24 03:24:51.769366,https://www.openstreetmap.org/way/1365649482,-6.2057332,122.72475575
way/1366024639,1366024639,way,Indonesia,plant,Capacity placeholder value,yes,Tag 'plant:output:electricity' contains placeholder value 'yes' instead of actual capacity,2026-04-24 03:24:51.769902,https://www.openstreetmap.org/way/1366024639,-7.279712590356099,106.50374862854319
way/1366076702,1366076702,way,Indonesia,plant,Capacity placeholder value,yes,Tag 'plant:output:electricity' contains placeholder value 'yes' instead of actual capacity,2026-04-24 03:24:51.770186,https://www.openstreetmap.org/way/1366076702,-6.868279608922896,107.61402350000171
way/1366700497,1366700497,way,Indonesia,plant,Capacity placeholder value,yes,Tag 'plant:output:electricity' contains placeholder value 'yes' instead of actual capacity,2026-04-24 03:24:51.770343,https://www.openstreetmap.org/way/1366700497,-6.834041871260107,108.10246828168066
way/1367420534,1367420534,way,Indonesia,plant,Capacity placeholder value,yes,Tag 'plant:output:electricity' contains placeholder value 'yes' instead of actual capacity,2026-04-24 03:24:51.770736,https://www.openstreetmap.org/way/1367420534,-7.567970716342559,109.48745194206087
way/1371205002,1371205002,way,Indonesia,plant,Capacity regex no match,260 kWp,Tag 'plant:output:electricity' has value '260 kWp' which could not be parsed,2026-04-24 03:24:51.773931,https://www.openstreetmap.org/way/1371205002,2.739929459374015,125.16968389482571
way/1371398238,1371398238,way,Indonesia,plant,Capacity regex no match,371 kWp,Tag 'plant:output:electricity' has value '371 kWp' which could not be parsed,2026-04-24 03:24:51.774116,https://www.openstreetmap.org/way/1371398238,2.0067548624923686,109.59820702672617
way/1373003292,1373003292,way,Indonesia,plant,Capacity placeholder value,yes,Tag 'plant:output:electricity' contains placeholder value 'yes' instead of actual capacity,2026-04-24 03:24:51.774765,https://www.openstreetmap.org/way/1373003292,-9.08478135456615,124.86742709891713
way/1376673992,1376673992,way,Indonesia,plant,Missing output tag,none,"tags: {'plant:source': 'geothermal', 'power': 'plant'}",2026-04-24 03:24:51.775222,https://www.openstreetmap.org/way/1376673992,-7.185072173998892,107.44485981403002
way/1376687177,1376687177,way,Indonesia,plant,Missing output tag,none,"tags: {'plant:source': 'geothermal', 'power': 'plant'}",2026-04-24 03:24:51.775562,https://www.openstreetmap.org/way/1376687177,-7.171630410971949,107.41912804480204
way/1377712181,1377712181,way,Indonesia,plant,Missing output tag,none,"tags: {'plant:source': 'hydro', 'power': 'plant'}",2026-04-24 03:24:51.776096,https://www.openstreetmap.org/way/1377712181,-7.199756464694188,107.23230049732553
way/1377712190,1377712190,way,Indonesia,plant,Missing output tag,none,"tags: {'plant:source': 'hydro', 'power': 'plant'}",2026-04-24 03:24:51.776381,https://www.openstreetmap.org/way/1377712190,-7.20167526209375,107.25212365664775
way/1381155744,1381155744,way,Indonesia,plant,Capacity placeholder value,yes,Tag 'plant:output:electricity' contains placeholder value 'yes' instead of actual capacity,2026-04-24 03:24:51.776564,https://www.openstreetmap.org/way/1381155744,-8.488050523445013,122.39325060921398
way/1381160881,1381160881,way,Indonesia,plant,Capacity placeholder value,yes,Tag 'plant:output:electricity' contains placeholder value 'yes' instead of actual capacity,2026-04-24 03:24:51.776722,https://www.openstreetmap.org/way/1381160881,-8.453140784582462,122.44359837369339
way/1383897662,1383897662,way,Indonesia,plant,Capacity placeholder value,yes,Tag 'plant:output:electricity' contains placeholder value 'yes' instead of actual capacity,2026-04-24 03:24:51.777063,https://www.openstreetmap.org/way/1383897662,-5.148606890310852,119.26500976601083
way/1390617059,1390617059,way,Indonesia,plant,Capacity placeholder value,yes,Tag 'plant:output:electricity' contains placeholder value 'yes' instead of actual capacity,2026-04-24 03:24:51.777223,https://www.openstreetmap.org/way/1390617059,0.8035579762404126,102.0218276716787
way/1444676313,1444676313,way,Indonesia,plant,Capacity placeholder value,yes,Tag 'plant:output:electricity' contains placeholder value 'yes' instead of actual capacity,2026-04-24 03:24:51.781064,https://www.openstreetmap.org/way/1444676313,-6.7875936809780475,120.79620599758562
way/1448296632,1448296632,way,Indonesia,plant,Capacity regex no match,720 kW,Tag 'plant:output:electricity' has value '720 kW' which could not be parsed,2026-04-24 03:24:51.781495,https://www.openstreetmap.org/way/1448296632,-8.730869761459608,115.5313867011867
way/1448296633,1448296633,way,Indonesia,plant,Capacity regex no match,720 kW,Tag 'plant:output:electricity' has value '720 kW' which could not be parsed,2026-04-24 03:24:51.781749,https://www.openstreetmap.org/way/1448296633,-8.730519261541822,115.52989709826716
way/1448296634,1448296634,way,Indonesia,plant,Capacity regex no match,720 kW,Tag 'plant:output:electricity' has value '720 kW' which could not be parsed,2026-04-24 03:24:51.781953,https://www.openstreetmap.org/way/1448296634,-8.7292583,115.5360553
way/1448296635,1448296635,way,Indonesia,plant,Capacity regex no match,720 kW,Tag 'plant:output:electricity' has value '720 kW' which could not be parsed,2026-04-24 03:24:51.782131,https://www.openstreetmap.org/way/1448296635,-8.731379015844828,115.5364971759174
way/1448296636,1448296636,way,Indonesia,plant,Capacity regex no match,720 kW,Tag 'plant:output:electricity' has value '720 kW' which could not be parsed,2026-04-24 03:24:51.782307,https://www.openstreetmap.org/way/1448296636,-8.729241667468159,115.52993015705839
way/1448296637,1448296637,way,Indonesia,plant,Capacity regex no match,720 kW,Tag 'plant:output:electricity' has value '720 kW' which could not be parsed,2026-04-24 03:24:51.782481,https://www.openstreetmap.org/way/1448296637,-8.72935015,115.53147665000002
way/1448296638,1448296638,way,Indonesia,plant,Capacity regex no match,720 kW,Tag 'plant:output:electricity' has value '720 kW' which could not be parsed,2026-04-24 03:24:51.782654,https://www.openstreetmap.org/way/1448296638,-8.736090254681335,115.52563608006946
way/1448296639,1448296639,way,Indonesia,plant,Capacity regex no match,720 kW,Tag 'plant:output:electricity' has value '720 kW' which could not be parsed,2026-04-24 03:24:51.782824,https://www.openstreetmap.org/way/1448296639,-8.734783143111585,115.52745582832121
way/1453797217,1453797217,way,Indonesia,plant,Capacity placeholder value,yes,Tag 'plant:output:electricity' contains placeholder value 'yes' instead of actual capacity,2026-04-24 03:24:51.783238,https://www.openstreetmap.org/way/1453797217,2.6907254993052856,115.7283020486424
way/1454217130,1454217130,way,Indonesia,plant,Missing source tag,none,"tags: {'operator': 'Perusahaan Listrik Negara', 'operator:short': 'PLN', 'operator:wikidata': 'Q4201636', 'power': 'plant'}",2026-04-24 03:24:51.783449,https://www.openstreetmap.org/way/1454217130,-5.164534820605093,119.44518576719858
way/1454217132,1454217132,way,Indonesia,plant,Missing source tag,none,"tags: {'operator': 'Perusahaan Listrik Negara', 'operator:short': 'PLN', 'operator:wikidata': 'Q4201636', 'power': 'plant'}",2026-04-24 03:24:51.783627,https://www.openstreetmap.org/way/1454217132,-5.165542864561606,119.44766442614394
way/1455366530,1455366530,way,Indonesia,plant,Capacity placeholder value,yes,Tag 'plant:output:electricity' contains placeholder value 'yes' instead of actual capacity,2026-04-24 03:24:51.783788,https://www.openstreetmap.org/way/1455366530,4.30111706257485,117.30187901228774
way/1456210720,1456210720,way,Indonesia,plant,Capacity placeholder value,yes,Tag 'plant:output:electricity' contains placeholder value 'yes' instead of actual capacity,2026-04-24 03:24:51.783976,https://www.openstreetmap.org/way/1456210720,3.9725752731759707,117.02052721253428
way/1456916345,1456916345,way,Indonesia,plant,Missing source tag,none,"tags: {'landuse': 'industrial', 'power': 'plant'}",2026-04-24 03:24:51.784147,https://www.openstreetmap.org/way/1456916345,5.450096592307851,95.24502303217743
way/1460559922,1460559922,way,Indonesia,plant,Missing source tag,none,"tags: {'landuse': 'industrial', 'power': 'plant'}",2026-04-24 03:24:51.784334,https://www.openstreetmap.org/way/1460559922,4.016890052010731,97.29962853752173
way/1460653376,1460653376,way,Indonesia,plant,Missing output tag,none,"tags: {'plant:source': 'solar', 'power': 'plant'}",2026-04-24 03:24:51.784505,https://www.openstreetmap.org/way/1460653376,2.8339237499999994,116.15156215
way/1462469867,1462469867,way,Indonesia,plant,Capacity placeholder value,yes,Tag 'plant:output:electricity' contains placeholder value 'yes' instead of actual capacity,2026-04-24 03:24:51.784676,https://www.openstreetmap.org/way/1462469867,0.3292670124926925,100.90573532722665
way/1465274116,1465274116,way,Indonesia,plant,Missing output tag,none,"tags: {'landuse': 'industrial', 'plant:method': 'combustion', 'plant:output:hot_air': 'yes', 'plant:source': 'waste', 'power': 'plant'}",2026-04-24 03:24:51.784844,https://www.openstreetmap.org/way/1465274116,-6.517223725084732,106.88970698923751
way/1469884017,1469884017,way,Indonesia,plant,Capacity placeholder value,yes,Tag 'plant:output:electricity' contains placeholder value 'yes' instead of actual capacity,2026-04-24 03:24:51.785045,https://www.openstreetmap.org/way/1469884017,-8.182110608199793,124.37405684146422
way/1497548536,1497548536,way,Indonesia,plant,Capacity placeholder value,yes,Tag 'plant:output:electricity' contains placeholder value 'yes' instead of actual capacity,2026-04-24 03:24:51.785396,https://www.openstreetmap.org/way/1497548536,1.982934690821161,116.529521439325
node/7658115634,7658115634,node,Indonesia,plant,Missing source tag,none,"tags: {'name': 'PLN ranting Pagar Alam', 'power': 'plant'}",2026-04-24 03:24:51.785454,https://www.openstreetmap.org/node/7658115634,-4.035826,103.2608495
way/657127048,657127048,way,Lao People's Democratic Republic,plant,Capacity placeholder value,yes,Tag 'plant:output:electricity' contains placeholder value 'yes' instead of actual capacity,2026-04-24 03:26:34.730106,https://www.openstreetmap.org/way/657127048,20.069711,103.34763319999998
way/917234356,917234356,way,Lao People's Democratic Republic,plant,Missing output tag,none,"tags: {'name:en': 'Houai Makchan', 'operator': 'Xe Pian-Xe Namnoy Power Company', 'plant:source': 'hydro', 'power': 'plant', 'waterway': 'dam'}",2026-04-24 03:26:34.736394,https://www.openstreetmap.org/way/917234356,15.091549951899346,106.52480149461863
way/1270784180,1270784180,way,Lao People's Democratic Republic,plant,Capacity placeholder value,yes,Tag 'plant:output:electricity' contains placeholder value 'yes' instead of actual capacity,2026-04-24 03:26:34.742283,https://www.openstreetmap.org/way/1270784180,20.081846668955073,104.56232752478996
way/1318301804,1318301804,way,Lao People's Democratic Republic,plant,Capacity placeholder value,yes,Tag 'plant:output:electricity' contains placeholder value 'yes' instead of actual capacity,2026-04-24 03:26:34.743357,https://www.openstreetmap.org/way/1318301804,20.824329969191247,101.46960154098886
way/1321731619,1321731619,way,Lao People's Democratic Republic,plant,Capacity placeholder value,yes,Tag 'plant:output:electricity' contains placeholder value 'yes' instead of actual capacity,2026-04-24 03:26:34.744387,https://www.openstreetmap.org/way/1321731619,15.367352200904675,106.14643088401512
way/1321731626,1321731626,way,Lao People's Democratic Republic,plant,Capacity placeholder value,yes,Tag 'plant:output:electricity' contains placeholder value 'yes' instead of actual capacity,2026-04-24 03:26:34.744909,https://www.openstreetmap.org/way/1321731626,15.57307595,106.96979594999998
way/1321731630,1321731630,way,Lao People's Democratic Republic,plant,Capacity placeholder value,yes,Tag 'plant:output:electricity' contains placeholder value 'yes' instead of actual capacity,2026-04-24 03:26:34.745750,https://www.openstreetmap.org/way/1321731630,18.024614999999997,104.42413149999999
way/1321731631,1321731631,way,Lao People's Democratic Republic,plant,Capacity placeholder value,yes,Tag 'plant:output:electricity' contains placeholder value 'yes' instead of actual capacity,2026-04-24 03:26:34.745934,https://www.openstreetmap.org/way/1321731631,19.189812496534586,101.8054465714447
way/1321731648,1321731648,way,Lao People's Democratic Republic,plant,Capacity placeholder value,yes,Tag 'plant:output:electricity' contains placeholder value 'yes' instead of actual capacity,2026-04-24 03:26:34.747536,https://www.openstreetmap.org/way/1321731648,20.358706526717416,104.38671537929463
way/1322410870,1322410870,way,Lao People's Democratic Republic,plant,Capacity placeholder value,yes,Tag 'plant:output:electricity' contains placeholder value 'yes' instead of actual capacity,2026-04-24 03:26:34.750795,https://www.openstreetmap.org/way/1322410870,19.423157924635582,102.84996178538326
way/1322410874,1322410874,way,Lao People's Democratic Republic,plant,Missing output tag,none,"tags: {'name:en': 'Nam Tha 2 Had Muak Hydro Power Station', 'plant:source': 'hydro', 'power': 'plant'}",2026-04-24 03:26:34.750991,https://www.openstreetmap.org/way/1322410874,20.242400708573133,100.71240617663634
way/1322410889,1322410889,way,Lao People's Democratic Republic,plant,Missing output tag,none,"tags: {'name:en': 'Houay LaNgae hydro power station', 'plant:source': 'hydro', 'power': 'plant'}",2026-04-24 03:26:34.752954,https://www.openstreetmap.org/way/1322410889,15.843112916242223,107.09414184469485
way/1463989890,1463989890,way,Lao People's Democratic Republic,plant,Missing output tag,none,"tags: {'plant:source': 'solar', 'power': 'plant'}",2026-04-24 03:26:34.754761,https://www.openstreetmap.org/way/1463989890,18.16341514742623,102.43381503655739
relation/15863710,15863710,relation,Myanmar,plant,Missing source tag,none,"tags: {'landuse': 'industrial', 'name': 'Ahlone Power Plants', 'power': 'plant', 'type': 'multipolygon'}",2026-04-24 03:29:40.315707,https://www.openstreetmap.org/relation/15863710,16.776802702982312,96.13002731260009
way/386880463,386880463,way,Myanmar,plant,Missing output tag,none,"tags: {'landuse': 'industrial', 'name': 'Kawthaung coal-fired power plant', 'plant:source': 'coal', 'power': 'plant'}",2026-04-24 03:29:40.317771,https://www.openstreetmap.org/way/386880463,10.008669630715021,98.56565677515461
way/404714118,404714118,way,Myanmar,plant,Missing output tag,none,"tags: {'plant:source': 'coal', 'power': 'plant'}",2026-04-24 03:29:40.318702,https://www.openstreetmap.org/way/404714118,16.913336915581702,94.76234389582994
way/484236477,484236477,way,Myanmar,plant,Missing source tag,none,"tags: {'landuse': 'industrial', 'name': 'ရုၚ်စက်ပၟတ်', 'power': 'plant'}",2026-04-24 03:29:40.321904,https://www.openstreetmap.org/way/484236477,16.61914165,97.8953907
way/489803545,489803545,way,Myanmar,plant,Capacity placeholder value,yes,Tag 'plant:output:electricity' contains placeholder value 'yes' instead of actual capacity,2026-04-24 03:29:40.322116,https://www.openstreetmap.org/way/489803545,23.698163187905905,97.50638699709363
way/526828453,526828453,way,Myanmar,plant,Capacity placeholder value,yes,Tag 'plant:output:electricity' contains placeholder value 'yes' instead of actual capacity,2026-04-24 03:29:40.323216,https://www.openstreetmap.org/way/526828453,22.386508860314045,96.38991803867458
way/567739102,567739102,way,Myanmar,plant,Missing source tag,none,"tags: {'addr:street': 'ငံတေးလမ်း', 'city': 'Mawlamyine', 'landuse': 'industrial', 'name': 'မော်လမြိုင်လျှပ်စစ်ဓာတ်\u200bအားပေးစက်ရုံ', 'name:en': 'Mawlamyine Power Plant', 'name:my': 'မော်လမြိုင်လျှပ်စစ်ဓာတ်\u200bအားပေးစက်ရုံ', 'operator': 'Myanmar Lighting(IPP) Co.Ltd', 'plant:output:electricity': '230 MW', 'power': 'plant', 'source': 'Red Cross Field Survey', 'start_date': '2014-05-27'}",2026-04-24 03:29:40.324170,https://www.openstreetmap.org/way/567739102,16.46554835163505,97.65404255942147
way/626882139,626882139,way,Myanmar,plant,Missing source tag,none,"tags: {'name': 'လျှပ်စစ်ဓာတ်အားပေးဂျင်နရေတာ', 'name:en': 'Mawtaung Generator', 'name:my': 'လျှပ်စစ်ဓာတ်အားပေးဂျင်နရေတာ', 'power': 'plant'}",2026-04-24 03:29:40.325429,https://www.openstreetmap.org/way/626882139,11.79028538297773,99.63908691536935
way/816393034,816393034,way,Myanmar,plant,Missing output tag,none,"tags: {'plant:method': 'photovoltaic', 'plant:source': 'solar', 'power': 'plant'}",2026-04-24 03:29:40.325655,https://www.openstreetmap.org/way/816393034,14.14582653458933,93.37071519068635
way/853808852,853808852,way,Myanmar,plant,Missing source tag,none,"tags: {'landuse': 'industrial', 'name': 'EPC', 'power': 'plant'}",2026-04-24 03:29:40.325843,https://www.openstreetmap.org/way/853808852,20.180533023118496,93.06937083340618
way/1057683343,1057683343,way,Myanmar,plant,Missing source tag,none,"tags: {'addr:city': 'တာမွေ', 'landuse': 'industrial', 'power': 'plant'}",2026-04-24 03:29:40.335964,https://www.openstreetmap.org/way/1057683343,16.807119141799774,96.18226783458738
way/1201945543,1201945543,way,Myanmar,plant,Capacity placeholder value,yes,Tag 'plant:output:electricity' contains placeholder value 'yes' instead of actual capacity,2026-04-24 03:29:40.336130,https://www.openstreetmap.org/way/1201945543,18.726152956448644,95.22761600233609
way/1221349933,1221349933,way,Myanmar,plant,Missing output tag,none,"tags: {'building': 'yes', 'name': '西帕河电站', 'plant:method': 'run-of-the-river', 'plant:source': 'hydro', 'power': 'plant'}",2026-04-24 03:29:40.336779,https://www.openstreetmap.org/way/1221349933,23.766475050000007,98.56638885000001
way/1226736456,1226736456,way,Myanmar,plant,Capacity placeholder value,yes,Tag 'plant:output:electricity' contains placeholder value 'yes' instead of actual capacity,2026-04-24 03:29:40.337175,https://www.openstreetmap.org/way/1226736456,23.269545053012216,98.83831441349717
way/1226736460,1226736460,way,Myanmar,plant,Capacity placeholder value,yes,Tag 'plant:output:electricity' contains placeholder value 'yes' instead of actual capacity,2026-04-24 03:29:40.337393,https://www.openstreetmap.org/way/1226736460,23.242648261628595,98.84298058406024
way/1233817681,1233817681,way,Myanmar,plant,Capacity placeholder value,yes,Tag 'plant:output:electricity' contains placeholder value 'yes' instead of actual capacity,2026-04-24 03:29:40.337791,https://www.openstreetmap.org/way/1233817681,21.67537597476441,100.00465729791227
way/1264544989,1264544989,way,Myanmar,plant,Capacity placeholder value,yes,Tag 'plant:output:electricity' contains placeholder value 'yes' instead of actual capacity,2026-04-24 03:29:40.338010,https://www.openstreetmap.org/way/1264544989,21.43868534686274,100.43372220300282
way/1286502963,1286502963,way,Myanmar,plant,Missing source tag,none,"tags: {'landuse': 'industrial', 'name': 'လျှပ်စစ်ရုံးဝင်း', 'power': 'plant'}",2026-04-24 03:29:40.338856,https://www.openstreetmap.org/way/1286502963,20.599645575383178,96.04451145784873
way/1301562177,1301562177,way,Myanmar,plant,Capacity placeholder value,yes,Tag 'plant:output:electricity' contains placeholder value 'yes' instead of actual capacity,2026-04-24 03:29:40.339109,https://www.openstreetmap.org/way/1301562177,22.802834432901,97.55297846103979
way/1303715731,1303715731,way,Myanmar,plant,Missing output tag,none,"tags: {'description': 'ဗိုလ်ချုပ်မှူးကြီး မင်းအောင်လှိုင်၏ သား ဦးအောင်ပြည့်စုံပိုင် Golden Future Linkage ကုမ္ပဏီ နှင့် တရုတ်ကုမ္ပဏီ China Energy Engineering Corporation Limited (CEEC) တို့ပူးပေါင်းဆောင်ရွက်သည်။ ၂၃၀ ဧက', 'landuse': 'industrial', 'operator': 'Golden Future Linkage Co. Ltd.', 'plant:source': 'solar', 'power': 'plant'}",2026-04-24 03:29:40.339682,https://www.openstreetmap.org/way/1303715731,20.979076367432874,96.0167510132263
way/1318672555,1318672555,way,Myanmar,plant,Missing output tag,none,"tags: {'plant:source': 'solar', 'power': 'plant'}",2026-04-24 03:29:40.339922,https://www.openstreetmap.org/way/1318672555,19.7073455584906,96.05758056743178
way/1321824741,1321824741,way,Myanmar,plant,Capacity placeholder value,yes,Tag 'plant:output:electricity' contains placeholder value 'yes' instead of actual capacity,2026-04-24 03:29:40.340098,https://www.openstreetmap.org/way/1321824741,23.6211263,98.16214500000001
way/1349901491,1349901491,way,Myanmar,plant,Missing output tag,none,"tags: {'plant:source': 'hydro', 'power': 'plant', 'waterway': 'dam'}",2026-04-24 03:29:40.340274,https://www.openstreetmap.org/way/1349901491,22.427622540813168,98.38614703615208
way/1363532260,1363532260,way,Myanmar,plant,Capacity placeholder value,yes,Tag 'plant:output:electricity' contains placeholder value 'yes' instead of actual capacity,2026-04-24 03:29:40.340840,https://www.openstreetmap.org/way/1363532260,21.17889829143591,96.32667318642545
way/1367280655,1367280655,way,Myanmar,plant,Missing source tag,none,"tags: {'landuse': 'industrial', 'name': 'ဥသျှစ်ကုန်းဓာတ်အားခွဲရုံ', 'name:en': 'Okshitkon Substation', 'power': 'plant'}",2026-04-24 03:29:40.341102,https://www.openstreetmap.org/way/1367280655,20.19965423487651,96.18240531656882
way/1367623642,1367623642,way,Myanmar,plant,Missing source tag,none,"tags: {'description': 'Area = 113 acres\nInstalled = 100MVA\nDistribution areas = Tatkon, Pobbathiri\n230 KV Lines = Beluchaung(2)-Shwemyo, Tharzi - Shwemyo, Shwemyo-Pyinmana, Shwemyo-Naypyitaw(2)', 'landuse': 'industrial', 'name': 'ရွှေမြို့ပင်မဓာတ်အားခွဲရုံ', 'name:en': 'ShweMyo Station', 'operator': 'MOEP', 'power': 'plant', 'start_date': '2009-04-20'}",2026-04-24 03:29:40.341280,https://www.openstreetmap.org/way/1367623642,20.01338251138532,96.2504846169706
way/1379648654,1379648654,way,Myanmar,plant,Capacity placeholder value,yes,Tag 'plant:output:electricity' contains placeholder value 'yes' instead of actual capacity,2026-04-24 03:29:40.341510,https://www.openstreetmap.org/way/1379648654,20.338348729306066,94.4687140384547
way/1409754510,1409754510,way,Myanmar,plant,Missing output tag,none,"tags: {'name': '20MW Solar Power Plant Project (Taungtawgwin', 'operator': 'green power energy', 'plant:method': 'photovoltaic', 'plant:source': 'solar', 'power': 'plant'}",2026-04-24 03:29:40.341721,https://www.openstreetmap.org/way/1409754510,21.448688400014674,96.2858849356687
way/1409754511,1409754511,way,Myanmar,plant,Missing output tag,none,"tags: {'plant:method': 'photovoltaic', 'plant:source': 'solar', 'power': 'plant'}",2026-04-24 03:29:40.342007,https://www.openstreetmap.org/way/1409754511,21.446801288325574,96.28260946406041
way/1409754512,1409754512,way,Myanmar,plant,Missing output tag,none,"tags: {'plant:method': 'photovoltaic', 'plant:source': 'solar', 'power': 'plant'}",2026-04-24 03:29:40.342274,https://www.openstreetmap.org/way/1409754512,21.446189543993487,96.28514961425708
way/1409757482,1409757482,way,Myanmar,plant,Missing output tag,none,"tags: {'plant:method': 'photovoltaic', 'plant:source': 'solar', 'power': 'plant'}",2026-04-24 03:29:40.342453,https://www.openstreetmap.org/way/1409757482,21.447521615706634,96.28802202557404
way/1409757483,1409757483,way,Myanmar,plant,Missing output tag,none,"tags: {'plant:method': 'photovoltaic', 'plant:source': 'solar', 'power': 'plant'}",2026-04-24 03:29:40.342760,https://www.openstreetmap.org/way/1409757483,21.444103247700642,96.28635926672871
way/1409757484,1409757484,way,Myanmar,plant,Missing output tag,none,"tags: {'plant:method': 'photovoltaic', 'plant:source': 'solar', 'power': 'plant'}",2026-04-24 03:29:40.343012,https://www.openstreetmap.org/way/1409757484,21.446386534038197,96.28812825157014
way/1409757485,1409757485,way,Myanmar,plant,Missing output tag,none,"tags: {'plant:method': 'photovoltaic', 'plant:source': 'solar', 'power': 'plant'}",2026-04-24 03:29:40.343235,https://www.openstreetmap.org/way/1409757485,21.449333857720845,96.28754926213732
way/1409757486,1409757486,way,Myanmar,plant,Missing output tag,none,"tags: {'plant:method': 'photovoltaic', 'plant:source': 'solar', 'power': 'plant'}",2026-04-24 03:29:40.343413,https://www.openstreetmap.org/way/1409757486,21.44824028480428,96.28784932988252
way/1419595003,1419595003,way,Myanmar,plant,Missing output tag,none,"tags: {'name': 'Sadoketaya Solar Power Plant', 'name:en': 'Sadoketaya Solar Power Plant', 'name:my': 'စေတုတ္တရာ ဆိုလာစွမ်းအင်စီမံကိန်း', 'plant:source': 'solar', 'power': 'plant'}",2026-04-24 03:29:40.344363,https://www.openstreetmap.org/way/1419595003,20.414485175677722,94.25445108660071
way/1421813633,1421813633,way,Myanmar,plant,Capacity placeholder value,yes,Tag 'plant:output:electricity' contains placeholder value 'yes' instead of actual capacity,2026-04-24 03:29:40.344544,https://www.openstreetmap.org/way/1421813633,22.780315448532985,97.53529601690087
way/1425224670,1425224670,way,Myanmar,plant,Missing output tag,none,"tags: {'plant:source': 'solar', 'power': 'plant'}",2026-04-24 03:29:40.344732,https://www.openstreetmap.org/way/1425224670,16.764431958338438,96.22098035569839
way/1425225046,1425225046,way,Myanmar,plant,Missing output tag,none,"tags: {'plant:source': 'solar', 'power': 'plant'}",2026-04-24 03:29:40.345618,https://www.openstreetmap.org/way/1425225046,16.82943065331368,96.10668177528444
way/1425225503,1425225503,way,Myanmar,plant,Missing output tag,none,"tags: {'plant:source': 'solar', 'power': 'plant'}",2026-04-24 03:29:40.345857,https://www.openstreetmap.org/way/1425225503,17.053331989778194,96.13219308595795
way/1425225981,1425225981,way,Myanmar,plant,Missing output tag,none,"tags: {'plant:source': 'solar', 'power': 'plant'}",2026-04-24 03:29:40.346098,https://www.openstreetmap.org/way/1425225981,17.019182919485704,96.15576763855583
way/1425227143,1425227143,way,Myanmar,plant,Missing output tag,none,"tags: {'plant:source': 'solar', 'power': 'plant'}",2026-04-24 03:29:40.346398,https://www.openstreetmap.org/way/1425227143,20.845179564567584,96.39491547017901
way/1425232938,1425232938,way,Myanmar,plant,Missing output tag,none,"tags: {'plant:source': 'hydro', 'power': 'plant'}",2026-04-24 03:29:40.346579,https://www.openstreetmap.org/way/1425232938,21.63581563611109,95.42748324175791
way/1425232939,1425232939,way,Myanmar,plant,Missing output tag,none,"tags: {'plant:source': 'solar', 'power': 'plant'}",2026-04-24 03:29:40.346761,https://www.openstreetmap.org/way/1425232939,21.277733536876365,95.09391099291916
way/1425233087,1425233087,way,Myanmar,plant,Missing output tag,none,"tags: {'name': 'Upper Yeywa Hydropower Plant', 'plant:source': 'hydro', 'power': 'plant'}",2026-04-24 03:29:40.346989,https://www.openstreetmap.org/way/1425233087,22.242137458579087,97.1020069185655
way/1425233597,1425233597,way,Myanmar,plant,Missing output tag,none,"tags: {'construction:power': 'plant', 'name': 'Uppper Baluchaung Power Station-1', 'plant:source': 'hydro', 'power': 'plant'}",2026-04-24 03:29:40.347170,https://www.openstreetmap.org/way/1425233597,20.472603932222906,96.7989976401317
way/1425234812,1425234812,way,Myanmar,plant,Missing output tag,none,"tags: {'name': 'Paunglaung (Middle) Hydroelectric Power Plant', 'plant:source': 'hydro', 'power': 'plant'}",2026-04-24 03:29:40.347348,https://www.openstreetmap.org/way/1425234812,19.857561897457675,96.49866403308903
way/1425234813,1425234813,way,Myanmar,plant,Capacity placeholder value,yes,Tag 'plant:output:electricity' contains placeholder value 'yes' instead of actual capacity,2026-04-24 03:29:40.347524,https://www.openstreetmap.org/way/1425234813,20.748840646263847,98.18924518821066
way/1425234950,1425234950,way,Myanmar,plant,Missing output tag,none,"tags: {'name': '30MW Great Success Energy Co.,Ltd', 'plant:source': 'hydro', 'power': 'plant'}",2026-04-24 03:29:40.347816,https://www.openstreetmap.org/way/1425234950,20.885366694900004,96.03400169533418
way/1425236870,1425236870,way,Myanmar,plant,Missing output tag,none,"tags: {'plant:source': 'solar', 'power': 'plant'}",2026-04-24 03:29:40.348023,https://www.openstreetmap.org/way/1425236870,16.81772743306304,96.1317699070774
way/1426453102,1426453102,way,Myanmar,plant,Missing output tag,none,"tags: {'barrier': 'fence', 'plant:source': 'solar', 'power': 'plant'}",2026-04-24 03:29:40.348216,https://www.openstreetmap.org/way/1426453102,19.832767393631833,96.28731701360947
way/1430289512,1430289512,way,Myanmar,plant,Missing output tag,none,"tags: {'plant:source': 'solar', 'power': 'plant'}",2026-04-24 03:29:40.348395,https://www.openstreetmap.org/way/1430289512,22.52394464979005,95.9828263283589
way/1430289513,1430289513,way,Myanmar,plant,Missing output tag,none,"tags: {'plant:source': 'solar', 'power': 'plant'}",2026-04-24 03:29:40.348574,https://www.openstreetmap.org/way/1430289513,24.089852406478904,95.85410302249315
way/1430294091,1430294091,way,Myanmar,plant,Missing output tag,none,"tags: {'plant:source': 'solar', 'power': 'plant'}",2026-04-24 03:29:40.348751,https://www.openstreetmap.org/way/1430294091,16.05411599456511,95.37326661291482
way/1430294094,1430294094,way,Myanmar,plant,Missing output tag,none,"tags: {'plant:source': 'solar', 'power': 'plant'}",2026-04-24 03:29:40.348953,https://www.openstreetmap.org/way/1430294094,17.72160296859047,95.39195116501793
way/1430294096,1430294096,way,Myanmar,plant,Missing output tag,none,"tags: {'plant:source': 'solar', 'power': 'plant'}",2026-04-24 03:29:40.349181,https://www.openstreetmap.org/way/1430294096,18.656380775058427,94.84986913121763
way/1430294097,1430294097,way,Myanmar,plant,Missing output tag,none,"tags: {'plant:source': 'solar', 'power': 'plant'}",2026-04-24 03:29:40.349361,https://www.openstreetmap.org/way/1430294097,17.780697548802408,95.35118470032579
way/1430294098,1430294098,way,Myanmar,plant,Missing output tag,none,"tags: {'plant:source': 'solar', 'power': 'plant'}",2026-04-24 03:29:40.349541,https://www.openstreetmap.org/way/1430294098,18.740960794686437,95.19545889076042
way/1430294099,1430294099,way,Myanmar,plant,Missing output tag,none,"tags: {'plant:method': 'photovoltaic', 'plant:source': 'solar', 'power': 'plant'}",2026-04-24 03:29:40.349742,https://www.openstreetmap.org/way/1430294099,18.882677051730674,93.74071859216802
way/1444432133,1444432133,way,Myanmar,plant,Missing output tag,none,"tags: {'plant:source': 'solar', 'power': 'plant'}",2026-04-24 03:29:40.350105,https://www.openstreetmap.org/way/1444432133,11.971614735122827,98.61806446181481
way/1444432134,1444432134,way,Myanmar,plant,Missing output tag,none,"tags: {'plant:source': 'solar', 'power': 'plant'}",2026-04-24 03:29:40.350284,https://www.openstreetmap.org/way/1444432134,11.970472196370093,98.6826653348392
way/1444432135,1444432135,way,Myanmar,plant,Missing output tag,none,"tags: {'plant:source': 'solar', 'power': 'plant'}",2026-04-24 03:29:40.350462,https://www.openstreetmap.org/way/1444432135,11.79960627869751,98.76876314008437
way/1444452436,1444452436,way,Myanmar,plant,Missing output tag,none,"tags: {'floating': 'yes', 'plant:source': 'solar', 'power': 'plant'}",2026-04-24 03:29:40.350641,https://www.openstreetmap.org/way/1444452436,12.447424631109236,98.57966936765418
way/1444452437,1444452437,way,Myanmar,plant,Missing output tag,none,"tags: {'plant:source': 'solar', 'power': 'plant'}",2026-04-24 03:29:40.350819,https://www.openstreetmap.org/way/1444452437,12.437590975619807,98.58444634786336
way/1452367381,1452367381,way,Myanmar,plant,Missing output tag,none,"tags: {'plant:source': 'solar', 'power': 'plant', 'start_date': 'February,2025'}",2026-04-24 03:29:40.351486,https://www.openstreetmap.org/way/1452367381,21.511715918363674,96.37215188739677
way/1452996615,1452996615,way,Myanmar,plant,Capacity placeholder value,yes,Tag 'plant:output:electricity' contains placeholder value 'yes' instead of actual capacity,2026-04-24 03:29:40.351672,https://www.openstreetmap.org/way/1452996615,25.1273199,97.77731835000002
way/1456019866,1456019866,way,Myanmar,plant,Capacity placeholder value,yes,Tag 'plant:output:electricity' contains placeholder value 'yes' instead of actual capacity,2026-04-24 03:29:40.351830,https://www.openstreetmap.org/way/1456019866,16.84899678403406,96.19476441836878
way/1463435686,1463435686,way,Myanmar,plant,Missing output tag,none,"tags: {'plant:source': 'hydro', 'power': 'plant'}",2026-04-24 03:29:40.352026,https://www.openstreetmap.org/way/1463435686,25.413681725515545,94.91926459661427
way/1463435687,1463435687,way,Myanmar,plant,Missing output tag,none,"tags: {'plant:source': 'hydro', 'power': 'plant'}",2026-04-24 03:29:40.352205,https://www.openstreetmap.org/way/1463435687,23.413688932902183,98.79302950785085
way/1466008748,1466008748,way,Myanmar,plant,Capacity placeholder value,yes,Tag 'plant:output:electricity' contains placeholder value 'yes' instead of actual capacity,2026-04-24 03:29:40.352757,https://www.openstreetmap.org/way/1466008748,27.268290497194556,97.38848567899444
relation/15443449,15443449,relation,Malaysia,plant,Capacity placeholder value,yes,Tag 'plant:output:electricity' contains placeholder value 'yes' instead of actual capacity,2026-04-24 03:31:24.473563,https://www.openstreetmap.org/relation/15443449,5.611540055072969,100.44809038603586
relation/15587156,15587156,relation,Malaysia,plant,Capacity placeholder value,yes,Tag 'plant:output:electricity' contains placeholder value 'yes' instead of actual capacity,2026-04-24 03:31:24.476626,https://www.openstreetmap.org/relation/15587156,2.347146218939404,102.05152122027788
relation/16204619,16204619,relation,Malaysia,plant,Capacity placeholder value,yes,Tag 'plant:output:electricity' contains placeholder value 'yes' instead of actual capacity,2026-04-24 03:31:24.477745,https://www.openstreetmap.org/relation/16204619,6.092610635814764,116.16423459454259
relation/16356444,16356444,relation,Malaysia,plant,Capacity placeholder value,yes,Tag 'plant:output:electricity' contains placeholder value 'yes' instead of actual capacity,2026-04-24 03:31:24.478794,https://www.openstreetmap.org/relation/16356444,4.476390350384209,101.15280686402116
relation/17990745,17990745,relation,Malaysia,plant,Capacity placeholder value,yes,Tag 'plant:output:electricity' contains placeholder value 'yes' instead of actual capacity,2026-04-24 03:31:24.479826,https://www.openstreetmap.org/relation/17990745,2.915965892779338,101.53003553496325
relation/18183964,18183964,relation,Malaysia,plant,Missing source tag,none,"tags: {'landuse': 'industrial', 'name': 'Stesen Solar Hibrid Pulau Menampilik', 'name:ms': 'Stesen Solar Hibrid Pulau Menampilik', 'note': 'This hybrid power plant uses solar and fossil fuel genset so please do not classified it as pure solar generating plant.', 'operator': 'Sabah Electricity Sdn. Bhd.', 'power': 'plant', 'type': 'multipolygon'}",2026-04-24 03:31:24.480649,https://www.openstreetmap.org/relation/18183964,4.34421758081126,118.57054128252487
relation/18748993,18748993,relation,Malaysia,plant,Capacity placeholder value,yes,Tag 'plant:output:electricity' contains placeholder value 'yes' instead of actual capacity,2026-04-24 03:31:24.481581,https://www.openstreetmap.org/relation/18748993,5.300203857814794,100.54131833301093
relation/20221728,20221728,relation,Malaysia,plant,Missing output tag,none,"tags: {'plant:source': 'solar', 'power': 'plant', 'type': 'multipolygon'}",2026-04-24 03:31:24.485613,https://www.openstreetmap.org/relation/20221728,3.886976434410753,100.95052127709779
way/204089883,204089883,way,Malaysia,plant,Capacity placeholder value,yes,Tag 'plant:output:electricity' contains placeholder value 'yes' instead of actual capacity,2026-04-24 03:31:24.512627,https://www.openstreetmap.org/way/204089883,2.836571312833456,101.8488405959858
way/231830468,231830468,way,Malaysia,plant,Capacity placeholder value,yes,Tag 'plant:output:electricity' contains placeholder value 'yes' instead of actual capacity,2026-04-24 03:31:24.512854,https://www.openstreetmap.org/way/231830468,5.2174588411978045,103.26197100805054
way/357291682,357291682,way,Malaysia,plant,Capacity placeholder value,yes,Tag 'plant:output:electricity' contains placeholder value 'yes' instead of actual capacity,2026-04-24 03:31:24.514534,https://www.openstreetmap.org/way/357291682,2.77726995,104.2046584
way/365028015,365028015,way,Malaysia,plant,Capacity placeholder value,yes,Tag 'plant:output:electricity' contains placeholder value 'yes' instead of actual capacity,2026-04-24 03:31:24.514955,https://www.openstreetmap.org/way/365028015,4.421120084878656,114.01876428046171
way/367201621,367201621,way,Malaysia,plant,Missing source tag,none,"tags: {'addr:city': 'Johor Bahru', 'addr:postcode': '80300', 'addr:street': 'Jalan Stulang Darat', 'landuse': 'industrial', 'name': 'TNB', 'operator': 'Tenaga Nasional', 'operator:wikidata': 'Q1584297', 'power': 'plant'}",2026-04-24 03:31:24.515128,https://www.openstreetmap.org/way/367201621,1.4709300139900292,103.77398213884085
way/495865402,495865402,way,Malaysia,plant,Capacity placeholder value,yes,Tag 'plant:output:electricity' contains placeholder value 'yes' instead of actual capacity,2026-04-24 03:31:24.517799,https://www.openstreetmap.org/way/495865402,1.5268017766429867,103.86612889767272
way/525887987,525887987,way,Malaysia,plant,Capacity regex no match,102.5 kW,Tag 'plant:output:electricity' has value '102.5 kW' which could not be parsed,2026-04-24 03:31:24.518526,https://www.openstreetmap.org/way/525887987,2.5962095518237507,102.62156217882928
way/536111915,536111915,way,Malaysia,plant,Missing source tag,none,"tags: {'addr:city': 'Kampung Pirasan', 'addr:postcode': '89150', 'addr:street': 'Jalan Kota Belud-Ranau', 'landuse': 'industrial', 'name': 'Sabah Electricity Sdn. Bhd.', 'operator': 'Sabah Electricity Sdn. Bhd.', 'power': 'plant'}",2026-04-24 03:31:24.518756,https://www.openstreetmap.org/way/536111915,6.337760488855579,116.43122383028506
way/554660920,554660920,way,Malaysia,plant,Capacity placeholder value,yes,Tag 'plant:output:electricity' contains placeholder value 'yes' instead of actual capacity,2026-04-24 03:31:24.520072,https://www.openstreetmap.org/way/554660920,2.8343120775049115,101.84843068957072
way/564383261,564383261,way,Malaysia,plant,Capacity placeholder value,yes,Tag 'plant:output:electricity' contains placeholder value 'yes' instead of actual capacity,2026-04-24 03:31:24.521514,https://www.openstreetmap.org/way/564383261,1.4721996495491843,103.39284854309186
way/605090083,605090083,way,Malaysia,plant,Missing source tag,none,"tags: {'landuse': 'industrial', 'power': 'plant'}",2026-04-24 03:31:24.521674,https://www.openstreetmap.org/way/605090083,5.229206963880803,100.45788098861647
way/666898237,666898237,way,Malaysia,plant,Missing output tag,none,"tags: {'plant:source': 'solar', 'power': 'plant'}",2026-04-24 03:31:24.522844,https://www.openstreetmap.org/way/666898237,6.410931295244281,100.1387160992712
way/680684980,680684980,way,Malaysia,plant,Missing source tag,none,"tags: {'landuse': 'industrial', 'power': 'plant'}",2026-04-24 03:31:24.523049,https://www.openstreetmap.org/way/680684980,2.0345360499999994,103.31850279999999
way/689488460,689488460,way,Malaysia,plant,Missing source tag,none,"tags: {'landuse': 'industrial', 'power': 'plant'}",2026-04-24 03:31:24.524948,https://www.openstreetmap.org/way/689488460,2.035186023747698,103.3203699102928
way/700097872,700097872,way,Malaysia,plant,Missing source tag,none,"tags: {'landuse': 'industrial', 'power': 'plant'}",2026-04-24 03:31:24.525403,https://www.openstreetmap.org/way/700097872,2.0367202258192916,103.32273166647457
way/778754815,778754815,way,Malaysia,plant,Missing source tag,none,"tags: {'addr:city': 'Taman Universiti', 'addr:postcode': '81300', 'landuse': 'industrial', 'name': 'PPU Taman Universiti ZON2', 'power': 'plant'}",2026-04-24 03:31:24.526584,https://www.openstreetmap.org/way/778754815,1.5437055314641923,103.62684959605588
way/809900614,809900614,way,Malaysia,plant,Capacity placeholder value,yes,Tag 'plant:output:electricity' contains placeholder value 'yes' instead of actual capacity,2026-04-24 03:31:24.526823,https://www.openstreetmap.org/way/809900614,1.6752174858096534,103.73740936535259
way/810846321,810846321,way,Malaysia,plant,Missing output tag,none,"tags: {'plant:source': 'solar', 'power': 'plant'}",2026-04-24 03:31:24.527358,https://www.openstreetmap.org/way/810846321,5.634135382404602,100.5294868832401
way/842051834,842051834,way,Malaysia,plant,Missing source tag,none,"tags: {'barrier': 'fence', 'landuse': 'industrial', 'name': 'Stesen Solar Hibrid Pulau Bait 2', 'name:en': 'Pulau Bait 2 Hybrid Solar Station', 'name:ms': 'Stesen Solar Hibrid Pulau Bait 2', 'operator': 'Sabah Electricity', 'operator:short': 'SESB', 'operator:wikidata': 'Q7420551', 'power': 'plant'}",2026-04-24 03:31:24.527866,https://www.openstreetmap.org/way/842051834,4.561190186833969,118.57840035342295
way/887389673,887389673,way,Malaysia,plant,Capacity placeholder value,yes,Tag 'plant:output:electricity' contains placeholder value 'yes' instead of actual capacity,2026-04-24 03:31:24.529366,https://www.openstreetmap.org/way/887389673,3.992789765826607,103.36821604233252
way/902583089,902583089,way,Malaysia,plant,Capacity placeholder value,yes,Tag 'plant:output:electricity' contains placeholder value 'yes' instead of actual capacity,2026-04-24 03:31:24.529551,https://www.openstreetmap.org/way/902583089,2.3765919317768547,103.85113744688746
way/929726033,929726033,way,Malaysia,plant,Missing source tag,none,tags: {'power': 'plant'},2026-04-24 03:31:24.530389,https://www.openstreetmap.org/way/929726033,1.5598980492525774,103.83242311714034
way/943471308,943471308,way,Malaysia,plant,Capacity placeholder value,yes,Tag 'plant:output:electricity' contains placeholder value 'yes' instead of actual capacity,2026-04-24 03:31:24.531935,https://www.openstreetmap.org/way/943471308,2.345189970673024,102.04945368688192
way/946034035,946034035,way,Malaysia,plant,Capacity placeholder value,yes,Tag 'plant:output:electricity' contains placeholder value 'yes' instead of actual capacity,2026-04-24 03:31:24.532272,https://www.openstreetmap.org/way/946034035,2.599942978908885,102.0617393330682
way/950261066,950261066,way,Malaysia,plant,Capacity placeholder value,yes,Tag 'plant:output:electricity' contains placeholder value 'yes' instead of actual capacity,2026-04-24 03:31:24.533584,https://www.openstreetmap.org/way/950261066,4.496631581631809,101.10598493559607
way/951932222,951932222,way,Malaysia,plant,Capacity placeholder value,yes,Tag 'plant:output:electricity' contains placeholder value 'yes' instead of actual capacity,2026-04-24 03:31:24.534334,https://www.openstreetmap.org/way/951932222,5.648373802876618,100.61770191285645
way/972799494,972799494,way,Malaysia,plant,Capacity placeholder value,yes,Tag 'plant:output:electricity' contains placeholder value 'yes' instead of actual capacity,2026-04-24 03:31:24.535386,https://www.openstreetmap.org/way/972799494,5.051265022689921,100.64641882051146
way/975169650,975169650,way,Malaysia,plant,Missing source tag,none,"tags: {'landuse': 'industrial', 'name': 'Pencawang Elektrik SESB', 'power': 'plant'}",2026-04-24 03:31:24.535818,https://www.openstreetmap.org/way/975169650,6.358578971825651,116.4301738655035
way/1073250737,1073250737,way,Malaysia,plant,Capacity placeholder value,yes,Tag 'plant:output:electricity' contains placeholder value 'yes' instead of actual capacity,2026-04-24 03:31:24.538054,https://www.openstreetmap.org/way/1073250737,6.477555659369894,100.42827280792261
way/1095222899,1095222899,way,Malaysia,plant,Capacity placeholder value,yes,Tag 'plant:output:electricity' contains placeholder value 'yes' instead of actual capacity,2026-04-24 03:31:24.538432,https://www.openstreetmap.org/way/1095222899,5.163321598308878,100.52492438196637
way/1138195100,1138195100,way,Malaysia,plant,Capacity placeholder value,yes,Tag 'plant:output:electricity' contains placeholder value 'yes' instead of actual capacity,2026-04-24 03:31:24.539356,https://www.openstreetmap.org/way/1138195100,3.3255182669927468,103.42226721243559
way/1138569694,1138569694,way,Malaysia,plant,Capacity placeholder value,yes,Tag 'plant:output:electricity' contains placeholder value 'yes' instead of actual capacity,2026-04-24 03:31:24.541323,https://www.openstreetmap.org/way/1138569694,2.6651898916427674,101.81822384309802
way/1139085568,1139085568,way,Malaysia,plant,Missing output tag,none,"tags: {'landuse': 'industrial', 'name': 'Serudong Power Sdn. Bhd.', 'operator': 'Serudong Power Sdn. Bhd.', 'plant:source': 'diesel', 'power': 'plant'}",2026-04-24 03:31:24.541530,https://www.openstreetmap.org/way/1139085568,4.282655390633269,117.88931216841713
way/1144977512,1144977512,way,Malaysia,plant,Missing source tag,none,"tags: {'landuse': 'industrial', 'name': 'Tun Abdul Rahman Power Station', 'operator': 'Sarawak Energy', 'power': 'plant', 'source': 'http://www.smart-grid.org.tw/userfiles/vip1/2_The_Story_of_Sarawak_Energy.pdf'}",2026-04-24 03:31:24.542114,https://www.openstreetmap.org/way/1144977512,1.5606063606803444,110.3922247099817
way/1145536338,1145536338,way,Malaysia,plant,Capacity placeholder value,yes,Tag 'plant:output:electricity' contains placeholder value 'yes' instead of actual capacity,2026-04-24 03:31:24.542315,https://www.openstreetmap.org/way/1145536338,3.1824336880980506,101.67559925036456
way/1145536339,1145536339,way,Malaysia,plant,Capacity placeholder value,yes,Tag 'plant:output:electricity' contains placeholder value 'yes' instead of actual capacity,2026-04-24 03:31:24.542474,https://www.openstreetmap.org/way/1145536339,3.1827126499999996,101.67563174999998
way/1148810640,1148810640,way,Malaysia,plant,Capacity placeholder value,yes,Tag 'plant:output:electricity' contains placeholder value 'yes' instead of actual capacity,2026-04-24 03:31:24.542682,https://www.openstreetmap.org/way/1148810640,4.885658292188617,100.6899636596931
way/1149575996,1149575996,way,Malaysia,plant,Capacity placeholder value,yes,Tag 'plant:output:electricity' contains placeholder value 'yes' instead of actual capacity,2026-04-24 03:31:24.542867,https://www.openstreetmap.org/way/1149575996,5.0560145129894805,100.64601986039095
way/1150462835,1150462835,way,Malaysia,plant,Capacity placeholder value,yes,Tag 'plant:output:electricity' contains placeholder value 'yes' instead of actual capacity,2026-04-24 03:31:24.543125,https://www.openstreetmap.org/way/1150462835,3.1206718793523396,101.66867416425275
way/1150462836,1150462836,way,Malaysia,plant,Capacity placeholder value,yes,Tag 'plant:output:electricity' contains placeholder value 'yes' instead of actual capacity,2026-04-24 03:31:24.543306,https://www.openstreetmap.org/way/1150462836,3.1204273457062643,101.66883100049472
way/1150462837,1150462837,way,Malaysia,plant,Capacity placeholder value,yes,Tag 'plant:output:electricity' contains placeholder value 'yes' instead of actual capacity,2026-04-24 03:31:24.543461,https://www.openstreetmap.org/way/1150462837,3.120771925215208,101.66965159929391
way/1150462838,1150462838,way,Malaysia,plant,Capacity placeholder value,yes,Tag 'plant:output:electricity' contains placeholder value 'yes' instead of actual capacity,2026-04-24 03:31:24.543627,https://www.openstreetmap.org/way/1150462838,3.1204555468917468,101.67002926851647
way/1151657643,1151657643,way,Malaysia,plant,Capacity placeholder value,yes,Tag 'plant:output:electricity' contains placeholder value 'yes' instead of actual capacity,2026-04-24 03:31:24.543907,https://www.openstreetmap.org/way/1151657643,5.355835557439782,100.30818195778394
way/1156515146,1156515146,way,Malaysia,plant,Missing source tag,none,"tags: {'landuse': 'industrial', 'power': 'plant'}",2026-04-24 03:31:24.544067,https://www.openstreetmap.org/way/1156515146,2.508676579082065,102.82323317901783
way/1174948564,1174948564,way,Malaysia,plant,Capacity placeholder value,yes,Tag 'plant:output:electricity' contains placeholder value 'yes' instead of actual capacity,2026-04-24 03:31:24.544227,https://www.openstreetmap.org/way/1174948564,3.160494174656198,101.75825144404872
way/1185460148,1185460148,way,Malaysia,plant,Missing source tag,none,"tags: {'landuse': 'industrial', 'power': 'plant'}",2026-04-24 03:31:24.544384,https://www.openstreetmap.org/way/1185460148,1.5495379119304435,103.62733983148333
way/1185504021,1185504021,way,Malaysia,plant,Missing source tag,none,"tags: {'landuse': 'industrial', 'name': 'Power Stations', 'power': 'plant'}",2026-04-24 03:31:24.544550,https://www.openstreetmap.org/way/1185504021,1.5641963057246782,103.61131791568552
way/1187697955,1187697955,way,Malaysia,plant,Capacity placeholder value,yes,Tag 'plant:output:electricity' contains placeholder value 'yes' instead of actual capacity,2026-04-24 03:31:24.544753,https://www.openstreetmap.org/way/1187697955,2.779368667606894,101.71433990982102
way/1207420950,1207420950,way,Malaysia,plant,Missing output tag,none,"tags: {'name': 'UPM agri Solar Power Plant', 'plant:source': 'solar', 'power': 'plant', 'website': 'https://integratedagropv.wixsite.com/website/about'}",2026-04-24 03:31:24.544982,https://www.openstreetmap.org/way/1207420950,2.9831380417883873,101.65114040479017
way/1209503974,1209503974,way,Malaysia,plant,Capacity placeholder value,yes,Tag 'plant:output:electricity' contains placeholder value 'yes' instead of actual capacity,2026-04-24 03:31:24.545226,https://www.openstreetmap.org/way/1209503974,2.3406709073651344,102.21692273428808
way/1212812491,1212812491,way,Malaysia,plant,Capacity placeholder value,yes,Tag 'plant:output:electricity' contains placeholder value 'yes' instead of actual capacity,2026-04-24 03:31:24.545417,https://www.openstreetmap.org/way/1212812491,2.2706037760640165,102.13019947179606
way/1229677840,1229677840,way,Malaysia,plant,Missing source tag,none,"tags: {'operator': 'Tenaga Nasional', 'operator:wikidata': 'Q1584297', 'power': 'plant'}",2026-04-24 03:31:24.545629,https://www.openstreetmap.org/way/1229677840,3.1444200770596997,101.71700981008468
way/1231281578,1231281578,way,Malaysia,plant,Missing source tag,none,"tags: {'landuse': 'industrial', 'name': 'pargon substation(electrical)', 'operator': 'sesco', 'power': 'plant'}",2026-04-24 03:31:24.545799,https://www.openstreetmap.org/way/1231281578,3.172384312619201,113.04785469633485
way/1247084074,1247084074,way,Malaysia,plant,Missing source tag,none,"tags: {'operator': 'Tenaga Nasional', 'operator:wikidata': 'Q1584297', 'power': 'plant', 'voltage': '132000'}",2026-04-24 03:31:24.546475,https://www.openstreetmap.org/way/1247084074,3.196209202440524,101.63667007425492
way/1248294539,1248294539,way,Malaysia,plant,Capacity placeholder value,yes,Tag 'plant:output:electricity' contains placeholder value 'yes' instead of actual capacity,2026-04-24 03:31:24.546647,https://www.openstreetmap.org/way/1248294539,3.165440943998876,101.3542721244494
way/1261862704,1261862704,way,Malaysia,plant,Capacity placeholder value,yes,Tag 'plant:output:electricity' contains placeholder value 'yes' instead of actual capacity,2026-04-24 03:31:24.546868,https://www.openstreetmap.org/way/1261862704,5.201025217012693,101.39554080246586
way/1294750906,1294750906,way,Malaysia,plant,Capacity placeholder value,yes,Tag 'plant:output:electricity' contains placeholder value 'yes' instead of actual capacity,2026-04-24 03:31:24.547559,https://www.openstreetmap.org/way/1294750906,4.463256040667324,101.08012639309928
way/1305077867,1305077867,way,Malaysia,plant,Missing output tag,none,"tags: {'plant:method': 'photovoltaic', 'plant:source': 'solar', 'power': 'plant'}",2026-04-24 03:31:24.547733,https://www.openstreetmap.org/way/1305077867,5.053618229642222,103.03431005668547
way/1311957445,1311957445,way,Malaysia,plant,Capacity placeholder value,yes,Tag 'plant:output:electricity' contains placeholder value 'yes' instead of actual capacity,2026-04-24 03:31:24.547939,https://www.openstreetmap.org/way/1311957445,4.164993948063115,100.64337734763484
way/1311957446,1311957446,way,Malaysia,plant,Capacity placeholder value,yes,Tag 'plant:output:electricity' contains placeholder value 'yes' instead of actual capacity,2026-04-24 03:31:24.548103,https://www.openstreetmap.org/way/1311957446,4.1650102480631155,100.64553954763483
way/1311957447,1311957447,way,Malaysia,plant,Capacity placeholder value,yes,Tag 'plant:output:electricity' contains placeholder value 'yes' instead of actual capacity,2026-04-24 03:31:24.548257,https://www.openstreetmap.org/way/1311957447,4.165645150125446,100.64538508242941
way/1311957448,1311957448,way,Malaysia,plant,Capacity placeholder value,yes,Tag 'plant:output:electricity' contains placeholder value 'yes' instead of actual capacity,2026-04-24 03:31:24.548412,https://www.openstreetmap.org/way/1311957448,4.165705700127736,100.64324858227813
way/1311957449,1311957449,way,Malaysia,plant,Capacity placeholder value,yes,Tag 'plant:output:electricity' contains placeholder value 'yes' instead of actual capacity,2026-04-24 03:31:24.548567,https://www.openstreetmap.org/way/1311957449,4.166426484486906,100.64332015042713
way/1311957450,1311957450,way,Malaysia,plant,Capacity placeholder value,yes,Tag 'plant:output:electricity' contains placeholder value 'yes' instead of actual capacity,2026-04-24 03:31:24.548722,https://www.openstreetmap.org/way/1311957450,4.166344997080144,100.6454917000877
way/1313456147,1313456147,way,Malaysia,plant,Missing source tag,none,"tags: {'operator': 'Tenaga Nasional', 'operator:wikidata': 'Q1584297', 'power': 'plant'}",2026-04-24 03:31:24.548901,https://www.openstreetmap.org/way/1313456147,2.6028464262892097,102.08861905730589
way/1325568498,1325568498,way,Malaysia,plant,Capacity placeholder value,yes,Tag 'plant:output:electricity' contains placeholder value 'yes' instead of actual capacity,2026-04-24 03:31:24.549247,https://www.openstreetmap.org/way/1325568498,5.2875853033121905,100.22542744773497
way/1326260557,1326260557,way,Malaysia,plant,Missing source tag,none,"tags: {'barrier': 'fence', 'landuse': 'industrial', 'name': 'Stesen Solar Hibrid Pulau Pababag', 'name:en': 'Pulau Pababag Hybrid Solar Station', 'name:ms': 'Stesen Solar Hibrid Pulau Pababag', 'note': 'This hybrid power plant uses solar and fossil fuel genset so please do not classified it as pure solar generating plant.', 'operator': 'Sabah Electricity Sdn. Bhd.', 'plant:output:electricity': 'yes', 'power': 'plant'}",2026-04-24 03:31:24.549413,https://www.openstreetmap.org/way/1326260557,4.535511117841294,118.50233955454546
way/1326268616,1326268616,way,Malaysia,plant,Missing source tag,none,"tags: {'barrier': 'fence', 'landuse': 'industrial', 'name': 'Stesen Solar Hibrid Pulau Larapan', 'name:en': 'Pulau Larapan Hybrid Solar Station', 'name:ms': 'Stesen Solar Hibrid Pulau Larapan', 'operator': 'Sabah Electricity Sdn. Bhd.', 'plant:method': 'photovoltaic;combustion', 'plant:output:electricity': 'yes', 'power': 'plant'}",2026-04-24 03:31:24.549593,https://www.openstreetmap.org/way/1326268616,4.55790916680124,118.60041512451339
way/1326271432,1326271432,way,Malaysia,plant,Missing source tag,none,"tags: {'barrier': 'fence', 'landuse': 'industrial', 'name': 'Stesen Solar Hibrid Pulau Omadal', 'name:en': 'Pulau Omadal Hybrid Solar Station', 'name:ms': 'Stesen Solar Hibrid Pulau Omadal', 'operator': 'Sabah Electricity Sdn. Bhd.', 'plant:output:electricity': 'yes', 'power': 'plant'}",2026-04-24 03:31:24.549770,https://www.openstreetmap.org/way/1326271432,4.426906307706206,118.75595314639637
way/1326272940,1326272940,way,Malaysia,plant,Missing source tag,none,"tags: {'barrier': 'fence', 'landuse': 'industrial', 'name': 'Stesen Solar Hibrid Pulau Selakan', 'name:en': 'Pulau Selakan Hybrid Solar Station', 'name:ms': 'Stesen Solar Hibrid Pulau Selakan', 'operator': 'Sabah Electricity Sdn. Bhd.', 'plant:output:electricity': 'yes', 'power': 'plant'}",2026-04-24 03:31:24.549958,https://www.openstreetmap.org/way/1326272940,4.573842125732342,118.69574442214528
way/1326462019,1326462019,way,Malaysia,plant,Missing source tag,none,"tags: {'barrier': 'fence', 'landuse': 'industrial', 'name': 'Stesen Solar Hibrid Kampung Mumiang', 'name:en': 'Kampung Mumiang Hybrid Solar Station', 'name:ms': 'Stesen Solar Hibrid Kampung Mumiang', 'operator': 'Sabah Electricity', 'operator:short': 'SESB', 'operator:wikidata': 'Q7420551', 'power': 'plant'}",2026-04-24 03:31:24.550223,https://www.openstreetmap.org/way/1326462019,5.804659570691505,118.31589913653728
way/1326466231,1326466231,way,Malaysia,plant,Missing source tag,none,"tags: {'barrier': 'fence', 'landuse': 'industrial', 'name': 'Stesen Solar Hibrid Pulau Denawan', 'name:en': 'Pulau Denawan Hybrid Solar Station', 'name:ms': 'Stesen Solar Hibrid Pulau Denawan', 'operator': 'Sabah Electricity', 'operator:short': 'SESB', 'operator:wikidata': 'Q7420551', 'power': 'plant'}",2026-04-24 03:31:24.550434,https://www.openstreetmap.org/way/1326466231,4.303549382179176,118.85655817331262
way/1326469323,1326469323,way,Malaysia,plant,Missing source tag,none,"tags: {'barrier': 'fence', 'landuse': 'industrial', 'name': 'Stesen Solar Hibrid Pulau Silawa', 'name:en': 'Pulau Silawa Hybrid Solar Station', 'name:ms': 'Stesen Solar Hibrid Pulau Silawa', 'operator': 'Sabah Electricity', 'operator:short': 'SESB', 'operator:wikidata': 'Q7420551', 'power': 'plant'}",2026-04-24 03:31:24.550620,https://www.openstreetmap.org/way/1326469323,4.572807802718045,118.58002847310628
way/1329773687,1329773687,way,Malaysia,plant,Missing output tag,none,"tags: {'plant:method': 'photovoltaic', 'plant:source': 'solar', 'power': 'plant'}",2026-04-24 03:31:24.552375,https://www.openstreetmap.org/way/1329773687,6.918727100000001,116.82957485
way/1329773688,1329773688,way,Malaysia,plant,Missing output tag,none,"tags: {'plant:method': 'photovoltaic', 'plant:source': 'solar', 'power': 'plant'}",2026-04-24 03:31:24.552648,https://www.openstreetmap.org/way/1329773688,6.909021044652573,116.81893669492386
way/1329773689,1329773689,way,Malaysia,plant,Missing output tag,none,"tags: {'plant:method': 'photovoltaic', 'plant:source': 'solar', 'power': 'plant'}",2026-04-24 03:31:24.553080,https://www.openstreetmap.org/way/1329773689,6.945065870471208,116.82923348667926
way/1330686723,1330686723,way,Malaysia,plant,Capacity placeholder value,yes,Tag 'plant:output:electricity' contains placeholder value 'yes' instead of actual capacity,2026-04-24 03:31:24.553303,https://www.openstreetmap.org/way/1330686723,4.46530570052693,114.00591359028464
way/1366011109,1366011109,way,Malaysia,plant,Capacity placeholder value,yes,Tag 'plant:output:electricity' contains placeholder value 'yes' instead of actual capacity,2026-04-24 03:31:24.553699,https://www.openstreetmap.org/way/1366011109,5.48951116707634,100.59520884666057
way/1368909738,1368909738,way,Malaysia,plant,Missing output tag,none,"tags: {'landuse': 'industrial', 'plant:source': 'solar', 'power': 'plant'}",2026-04-24 03:31:24.553982,https://www.openstreetmap.org/way/1368909738,3.022767144178906,102.09344135942831
way/1394477307,1394477307,way,Malaysia,plant,Missing output tag,none,"tags: {'name': 'Cypark Suria Merchang Solar Plant', 'plant:method': 'photovoltaic', 'plant:source': 'solar', 'power': 'plant'}",2026-04-24 03:31:24.554675,https://www.openstreetmap.org/way/1394477307,4.919293256096516,103.34080119522338
way/1395016576,1395016576,way,Malaysia,plant,Missing output tag,none,"tags: {'name': 'Coara Marang Solar Plant', 'plant:method': 'photovoltaic', 'plant:source': 'solar', 'power': 'plant'}",2026-04-24 03:31:24.555043,https://www.openstreetmap.org/way/1395016576,4.971186794179752,103.32142512793617
way/1395685148,1395685148,way,Malaysia,plant,Missing source tag,none,"tags: {'name': 'TNB NO.2', 'operator': 'Tenaga Nasional', 'operator:wikidata': 'Q1584297', 'power': 'plant'}",2026-04-24 03:31:24.555216,https://www.openstreetmap.org/way/1395685148,3.0331085231880763,101.53005041155112
way/1395685149,1395685149,way,Malaysia,plant,Missing source tag,none,"tags: {'name': 'TNB NO.3', 'operator': 'Tenaga Nasional', 'operator:wikidata': 'Q1584297', 'power': 'plant'}",2026-04-24 03:31:24.555367,https://www.openstreetmap.org/way/1395685149,3.0327743414878308,101.5323270567847
way/1395685150,1395685150,way,Malaysia,plant,Missing source tag,none,"tags: {'name': 'TNB NO.1', 'operator': 'Tenaga Nasional', 'operator:wikidata': 'Q1584297', 'power': 'plant'}",2026-04-24 03:31:24.555516,https://www.openstreetmap.org/way/1395685150,3.030015170737046,101.52901675508761
way/1413213619,1413213619,way,Malaysia,plant,Capacity placeholder value,yes,Tag 'plant:output:electricity' contains placeholder value 'yes' instead of actual capacity,2026-04-24 03:31:24.555770,https://www.openstreetmap.org/way/1413213619,4.413236011472499,101.0967616368581
way/1414653943,1414653943,way,Malaysia,plant,Capacity placeholder value,yes,Tag 'plant:output:electricity' contains placeholder value 'yes' instead of actual capacity,2026-04-24 03:31:24.555960,https://www.openstreetmap.org/way/1414653943,3.3182690292212214,101.50355894559415
way/1414653944,1414653944,way,Malaysia,plant,Capacity placeholder value,yes,Tag 'plant:output:electricity' contains placeholder value 'yes' instead of actual capacity,2026-04-24 03:31:24.556126,https://www.openstreetmap.org/way/1414653944,3.3183500999999995,101.50357915
way/1414653945,1414653945,way,Malaysia,plant,Capacity placeholder value,yes,Tag 'plant:output:electricity' contains placeholder value 'yes' instead of actual capacity,2026-04-24 03:31:24.556294,https://www.openstreetmap.org/way/1414653945,3.31861615,101.50457854999998
way/1419931978,1419931978,way,Malaysia,plant,Missing output tag,none,"tags: {'name': 'Kenyir Gunkul Solar', 'plant:method': 'photovoltaic', 'plant:source': 'solar', 'power': 'plant'}",2026-04-24 03:31:24.556543,https://www.openstreetmap.org/way/1419931978,4.647790907897094,103.38929825731401
way/1423791874,1423791874,way,Malaysia,plant,Capacity placeholder value,yes,Tag 'plant:output:electricity' contains placeholder value 'yes' instead of actual capacity,2026-04-24 03:31:24.556791,https://www.openstreetmap.org/way/1423791874,5.998893156850105,100.61118068997038
way/1452241055,1452241055,way,Malaysia,plant,Missing output tag,none,"tags: {'landuse': 'industrial', 'name': 'Fuel storage', 'plant:method': 'combustion', 'plant:source': 'gas', 'power': 'plant'}",2026-04-24 03:31:24.557192,https://www.openstreetmap.org/way/1452241055,5.356166174408262,100.29688267036079
way/1452242319,1452242319,way,Malaysia,plant,Missing output tag,none,"tags: {'plant:source': 'solar', 'power': 'plant'}",2026-04-24 03:31:24.557381,https://www.openstreetmap.org/way/1452242319,5.356349890986609,100.29671919351829
way/1453141118,1453141118,way,Malaysia,plant,Missing output tag,none,"tags: {'plant:source': 'solar', 'power': 'plant'}",2026-04-24 03:31:24.557587,https://www.openstreetmap.org/way/1453141118,5.216917956773487,100.43563839637704
way/1453141119,1453141119,way,Malaysia,plant,Missing output tag,none,"tags: {'plant:source': 'solar', 'power': 'plant'}",2026-04-24 03:31:24.557774,https://www.openstreetmap.org/way/1453141119,5.219309347412777,100.43419053442207
way/1453141120,1453141120,way,Malaysia,plant,Missing output tag,none,"tags: {'plant:source': 'solar', 'power': 'plant'}",2026-04-24 03:31:24.557984,https://www.openstreetmap.org/way/1453141120,5.220374154189909,100.43249515508663
way/1453141121,1453141121,way,Malaysia,plant,Missing output tag,none,"tags: {'plant:source': 'solar', 'power': 'plant'}",2026-04-24 03:31:24.558218,https://www.openstreetmap.org/way/1453141121,5.219073190075298,100.42820841216671
way/1453141122,1453141122,way,Malaysia,plant,Missing output tag,none,"tags: {'plant:source': 'solar', 'power': 'plant'}",2026-04-24 03:31:24.558524,https://www.openstreetmap.org/way/1453141122,5.230287211302131,100.45463899956161
way/1453141123,1453141123,way,Malaysia,plant,Missing output tag,none,"tags: {'plant:source': 'solar', 'power': 'plant'}",2026-04-24 03:31:24.558736,https://www.openstreetmap.org/way/1453141123,5.229528713435972,100.45112965283498
way/1453141124,1453141124,way,Malaysia,plant,Missing output tag,none,"tags: {'plant:source': 'solar', 'power': 'plant'}",2026-04-24 03:31:24.558974,https://www.openstreetmap.org/way/1453141124,5.223492885076368,100.45150317454198
way/1453141125,1453141125,way,Malaysia,plant,Missing output tag,none,"tags: {'plant:source': 'solar', 'power': 'plant'}",2026-04-24 03:31:24.559164,https://www.openstreetmap.org/way/1453141125,5.226486041155276,100.4505634342055
way/1453141126,1453141126,way,Malaysia,plant,Missing output tag,none,"tags: {'plant:source': 'solar', 'power': 'plant'}",2026-04-24 03:31:24.559480,https://www.openstreetmap.org/way/1453141126,5.2274469945887025,100.45401666875237
way/1453141133,1453141133,way,Malaysia,plant,Missing output tag,none,"tags: {'plant:source': 'solar', 'power': 'plant'}",2026-04-24 03:31:24.559698,https://www.openstreetmap.org/way/1453141133,3.979900054448399,103.38997831645445
way/1453167637,1453167637,way,Malaysia,plant,Missing output tag,none,"tags: {'plant:source': 'hydro', 'power': 'plant'}",2026-04-24 03:31:24.559929,https://www.openstreetmap.org/way/1453167637,5.443526344372098,101.80097897035257
way/1453167640,1453167640,way,Malaysia,plant,Missing output tag,none,"tags: {'plant:source': 'solar', 'power': 'plant'}",2026-04-24 03:31:24.560149,https://www.openstreetmap.org/way/1453167640,6.011169529633146,100.61435412197996
way/1454080805,1454080805,way,Malaysia,plant,Capacity placeholder value,yes,Tag 'plant:output:electricity' contains placeholder value 'yes' instead of actual capacity,2026-04-24 03:31:24.560323,https://www.openstreetmap.org/way/1454080805,2.8593593632056606,114.93135387617781
way/1454080806,1454080806,way,Malaysia,plant,Capacity placeholder value,yes,Tag 'plant:output:electricity' contains placeholder value 'yes' instead of actual capacity,2026-04-24 03:31:24.560747,https://www.openstreetmap.org/way/1454080806,2.9098922651926773,114.94098501868147
way/1458905261,1458905261,way,Malaysia,plant,Missing output tag,none,"tags: {'plant:source': 'solar', 'power': 'plant'}",2026-04-24 03:31:24.561639,https://www.openstreetmap.org/way/1458905261,3.5649875830101125,103.42003354108071
way/1461478845,1461478845,way,Malaysia,plant,Capacity placeholder value,yes,Tag 'plant:output:electricity' contains placeholder value 'yes' instead of actual capacity,2026-04-24 03:31:24.562068,https://www.openstreetmap.org/way/1461478845,3.3467534548622226,101.5587719127086
way/1461478846,1461478846,way,Malaysia,plant,Capacity placeholder value,yes,Tag 'plant:output:electricity' contains placeholder value 'yes' instead of actual capacity,2026-04-24 03:31:24.562324,https://www.openstreetmap.org/way/1461478846,3.345077090984539,101.55676177860812
way/1461478847,1461478847,way,Malaysia,plant,Capacity placeholder value,yes,Tag 'plant:output:electricity' contains placeholder value 'yes' instead of actual capacity,2026-04-24 03:31:24.562655,https://www.openstreetmap.org/way/1461478847,3.347048937896351,101.55548424824553
way/1463437399,1463437399,way,Malaysia,plant,Missing output tag,none,"tags: {'plant:source': 'hydro', 'power': 'plant'}",2026-04-24 03:31:24.562828,https://www.openstreetmap.org/way/1463437399,3.9632841484442807,101.50697556145744
way/1463437400,1463437400,way,Malaysia,plant,Missing output tag,none,"tags: {'name': 'Stesen Mini Hidro TNB Sungai Renyok', 'plant:source': 'hydro', 'power': 'plant'}",2026-04-24 03:31:24.563050,https://www.openstreetmap.org/way/1463437400,5.579560980221053,101.87395397711659
way/1486545365,1486545365,way,Malaysia,plant,Missing output tag,none,"tags: {'landuse': 'industrial', 'plant:method': 'photovoltaic', 'plant:source': 'solar', 'power': 'plant'}",2026-04-24 03:31:24.563748,https://www.openstreetmap.org/way/1486545365,5.9922053115372105,102.11181642058902
way/1493687906,1493687906,way,Malaysia,plant,Capacity placeholder value,yes,Tag 'plant:output:electricity' contains placeholder value 'yes' instead of actual capacity,2026-04-24 03:31:24.563954,https://www.openstreetmap.org/way/1493687906,2.819079299999998,101.67273955
way/1499665142,1499665142,way,Malaysia,plant,Capacity regex no match,108 kW,Tag 'plant:output:electricity' has value '108 kW' which could not be parsed,2026-04-24 03:31:24.564120,https://www.openstreetmap.org/way/1499665142,2.7752939282961666,101.74028516490799
way/1501045980,1501045980,way,Malaysia,plant,Missing output tag,none,"tags: {'plant:source': 'solar', 'power': 'plant'}",2026-04-24 03:31:24.564745,https://www.openstreetmap.org/way/1501045980,5.729535858586143,102.16489776255573
node/10575592485,10575592485,node,Malaysia,plant,Missing source tag,none,"tags: {'name': 'YTL Cement Langkawi', 'name:en': 'YTL Cement Langkawi', 'power': 'plant'}",2026-04-24 03:31:24.565096,https://www.openstreetmap.org/node/10575592485,6.4207893,99.7657138
way/1147260570,1147260570,way,Singapore,generator,Capacity placeholder value,yes,Tag 'generator:output:electricity' contains placeholder value 'yes' instead of actual capacity,2026-04-24 03:33:03.637204,https://www.openstreetmap.org/way/1147260570,,
way/1147260569,1147260569,way,Singapore,generator,Capacity placeholder value,yes,Tag 'generator:output:electricity' contains placeholder value 'yes' instead of actual capacity,2026-04-24 03:33:03.637232,https://www.openstreetmap.org/way/1147260569,,
way/1147260568,1147260568,way,Singapore,generator,Capacity placeholder value,yes,Tag 'generator:output:electricity' contains placeholder value 'yes' instead of actual capacity,2026-04-24 03:33:03.637248,https://www.openstreetmap.org/way/1147260568,,
way/1147260567,1147260567,way,Singapore,generator,Capacity placeholder value,yes,Tag 'generator:output:electricity' contains placeholder value 'yes' instead of actual capacity,2026-04-24 03:33:03.637262,https://www.openstreetmap.org/way/1147260567,,
way/1151111715,1151111715,way,Singapore,generator,Capacity placeholder value,yes,Tag 'generator:output:electricity' contains placeholder value 'yes' instead of actual capacity,2026-04-24 03:33:03.637943,https://www.openstreetmap.org/way/1151111715,,
way/1151111716,1151111716,way,Singapore,generator,Capacity placeholder value,yes,Tag 'generator:output:electricity' contains placeholder value 'yes' instead of actual capacity,2026-04-24 03:33:03.637963,https://www.openstreetmap.org/way/1151111716,,
way/1366163037,1366163037,way,Singapore,plant,Capacity placeholder value,yes,Tag 'plant:output:electricity' contains placeholder value 'yes' instead of actual capacity,2026-04-24 03:33:03.650240,https://www.openstreetmap.org/way/1366163037,1.3400221430937973,103.64455048488435
way/1384560210,1384560210,way,Singapore,plant,Capacity placeholder value,yes,Tag 'plant:output:electricity' contains placeholder value 'yes' instead of actual capacity,2026-04-24 03:33:03.650604,https://www.openstreetmap.org/way/1384560210,1.2554246949018892,103.69781017960757
way/1418012805,1418012805,way,Singapore,plant,Capacity placeholder value,yes,Tag 'plant:output:electricity' contains placeholder value 'yes' instead of actual capacity,2026-04-24 03:33:03.650786,https://www.openstreetmap.org/way/1418012805,1.4166543633440156,103.85836766362576
way/1429700664,1429700664,way,Singapore,plant,Capacity placeholder value,yes,Tag 'plant:output:electricity' contains placeholder value 'yes' instead of actual capacity,2026-04-24 03:33:03.651054,https://www.openstreetmap.org/way/1429700664,1.321347419319204,103.72430917184947
way/1429700665,1429700665,way,Singapore,plant,Capacity placeholder value,yes,Tag 'plant:output:electricity' contains placeholder value 'yes' instead of actual capacity,2026-04-24 03:33:03.651245,https://www.openstreetmap.org/way/1429700665,1.3226375019568923,103.72473614699027
way/1429700671,1429700671,way,Singapore,plant,Capacity placeholder value,yes,Tag 'plant:output:electricity' contains placeholder value 'yes' instead of actual capacity,2026-04-24 03:33:03.651410,https://www.openstreetmap.org/way/1429700671,1.3217480427860389,103.72317743440087
way/1429700672,1429700672,way,Singapore,plant,Capacity placeholder value,yes,Tag 'plant:output:electricity' contains placeholder value 'yes' instead of actual capacity,2026-04-24 03:33:03.651607,https://www.openstreetmap.org/way/1429700672,1.3211439642153062,103.72288388155333
way/1468354605,1468354605,way,Singapore,plant,Capacity placeholder value,yes,Tag 'plant:output:electricity' contains placeholder value 'yes' instead of actual capacity,2026-04-24 03:33:03.651831,https://www.openstreetmap.org/way/1468354605,1.3206678282885997,103.72423962839423
way/1489414333,1489414333,way,Singapore,plant,Capacity placeholder value,yes,Tag 'plant:output:electricity' contains placeholder value 'yes' instead of actual capacity,2026-04-24 03:33:03.652060,https://www.openstreetmap.org/way/1489414333,1.3278710672058378,103.63273018969898
way/1494581461,1494581461,way,Singapore,plant,Capacity placeholder value,yes,Tag 'plant:output:electricity' contains placeholder value 'yes' instead of actual capacity,2026-04-24 03:33:03.652216,https://www.openstreetmap.org/way/1494581461,1.4607744722152214,103.78771231997473
relation/2913262,2913262,relation,Philippines,plant,Could not determine coordinates,none,Could not determine coordinates for element,2026-04-24 03:34:05.798239,https://www.openstreetmap.org/relation/2913262,,
node/6159333193,6159333193,node,Philippines,generator,Capacity regex no match,2000 kW,Tag 'generator:output:electricity' has value '2000 kW' which could not be parsed,2026-04-24 03:34:05.810069,https://www.openstreetmap.org/node/6159333193,11.870936,121.9705091
node/6236682335,6236682335,node,Philippines,generator,Capacity regex no match,2000 kW,Tag 'generator:output:electricity' has value '2000 kW' which could not be parsed,2026-04-24 03:34:05.810103,https://www.openstreetmap.org/node/6236682335,11.8682048,121.9692328
node/6159333194,6159333194,node,Philippines,generator,Capacity regex no match,2000 kW,Tag 'generator:output:electricity' has value '2000 kW' which could not be parsed,2026-04-24 03:34:05.810126,https://www.openstreetmap.org/node/6159333194,11.8667794,121.96599
node/6159333195,6159333195,node,Philippines,generator,Capacity regex no match,2000 kW,Tag 'generator:output:electricity' has value '2000 kW' which could not be parsed,2026-04-24 03:34:05.810148,https://www.openstreetmap.org/node/6159333195,11.8681477,121.9640136
node/6159333196,6159333196,node,Philippines,generator,Capacity regex no match,2000 kW,Tag 'generator:output:electricity' has value '2000 kW' which could not be parsed,2026-04-24 03:34:05.810169,https://www.openstreetmap.org/node/6159333196,11.8688179,121.9612202
node/6159333197,6159333197,node,Philippines,generator,Capacity regex no match,2000 kW,Tag 'generator:output:electricity' has value '2000 kW' which could not be parsed,2026-04-24 03:34:05.810189,https://www.openstreetmap.org/node/6159333197,11.8712854,121.9616395
node/6159333198,6159333198,node,Philippines,generator,Capacity regex no match,2000 kW,Tag 'generator:output:electricity' has value '2000 kW' which could not be parsed,2026-04-24 03:34:05.810209,https://www.openstreetmap.org/node/6159333198,11.8738864,121.9606204
node/6159333199,6159333199,node,Philippines,generator,Capacity regex no match,2000 kW,Tag 'generator:output:electricity' has value '2000 kW' which could not be parsed,2026-04-24 03:34:05.810232,https://www.openstreetmap.org/node/6159333199,11.8764119,121.9597043
node/6159333192,6159333192,node,Philippines,generator,Capacity regex no match,2000 kW,Tag 'generator:output:electricity' has value '2000 kW' which could not be parsed,2026-04-24 03:34:05.810251,https://www.openstreetmap.org/node/6159333192,11.8696255,121.9799493
node/6159333200,6159333200,node,Philippines,generator,Capacity regex no match,2000 kW,Tag 'generator:output:electricity' has value '2000 kW' which could not be parsed,2026-04-24 03:34:05.810269,https://www.openstreetmap.org/node/6159333200,11.8788729,121.9596499
node/6159333189,6159333189,node,Philippines,generator,Capacity regex no match,2000 kW,Tag 'generator:output:electricity' has value '2000 kW' which could not be parsed,2026-04-24 03:34:05.810288,https://www.openstreetmap.org/node/6159333189,11.8766813,121.9909494
node/6159333190,6159333190,node,Philippines,generator,Capacity regex no match,2000 kW,Tag 'generator:output:electricity' has value '2000 kW' which could not be parsed,2026-04-24 03:34:05.810306,https://www.openstreetmap.org/node/6159333190,11.879052,121.995076
node/6159333191,6159333191,node,Philippines,generator,Capacity regex no match,2000 kW,Tag 'generator:output:electricity' has value '2000 kW' which could not be parsed,2026-04-24 03:34:05.810325,https://www.openstreetmap.org/node/6159333191,11.8810957,121.9981335
node/6159333188,6159333188,node,Philippines,generator,Capacity regex no match,2000 kW,Tag 'generator:output:electricity' has value '2000 kW' which could not be parsed,2026-04-24 03:34:05.810345,https://www.openstreetmap.org/node/6159333188,11.8796968,121.9857577
node/6159333187,6159333187,node,Philippines,generator,Capacity regex no match,2000 kW,Tag 'generator:output:electricity' has value '2000 kW' which could not be parsed,2026-04-24 03:34:05.810364,https://www.openstreetmap.org/node/6159333187,11.8824251,121.9840956
node/6159333186,6159333186,node,Philippines,generator,Capacity regex no match,2000 kW,Tag 'generator:output:electricity' has value '2000 kW' which could not be parsed,2026-04-24 03:34:05.810382,https://www.openstreetmap.org/node/6159333186,11.8841362,121.9825581
node/6159333185,6159333185,node,Philippines,generator,Capacity regex no match,2000 kW,Tag 'generator:output:electricity' has value '2000 kW' which could not be parsed,2026-04-24 03:34:05.810401,https://www.openstreetmap.org/node/6159333185,11.885872,121.9810718
node/6159333215,6159333215,node,Philippines,generator,Capacity regex no match,2000 kW,Tag 'generator:output:electricity' has value '2000 kW' which could not be parsed,2026-04-24 03:34:05.810419,https://www.openstreetmap.org/node/6159333215,11.8890707,121.9806731
relation/13009207,13009207,relation,Philippines,plant,Missing output tag,none,"tags: {'addr:barangay': 'Barangay 19-B', 'addr:city': 'Davao City', 'addr:district': 'Poblacion District', 'addr:postcode': '8000', 'addr:province': 'Davao del Sur', 'addr:street': 'J. P. Laurel Avenue', 'landuse': 'industrial', 'name': 'Bajada Power Plant', 'operator': 'Davao Light and Power Company', 'operator:short': 'DLPC', 'operator:type': 'private', 'operator:wikidata': 'Q5228152', 'plant:method': 'combustion', 'plant:source': 'diesel', 'power': 'plant', 'type': 'multipolygon'}",2026-04-24 03:34:05.814800,https://www.openstreetmap.org/relation/13009207,7.094030700239445,125.61240693057638
way/116428225,116428225,way,Philippines,generator,Missing output tag,none,"tags: {'generator:method': 'thermal', 'generator:source': 'geothermal', 'generator:type': 'vertical_axis', 'name': 'Makban Geothermal (Geo-Steam) Plant', 'operator': 'Aboitiz Power Renewables Inc.', 'operator:type': 'private', 'power': 'generator', 'source': 'Bing', 'website': 'https://aboitizpower.com/'}",2026-04-24 03:34:05.816046,https://www.openstreetmap.org/way/116428225,,
way/98564118,98564118,way,Philippines,generator,Missing output tag,none,"tags: {'generator:method': 'thermal', 'generator:source': 'geothermal', 'name': 'Makban Geothermal Plant B', 'operator': 'Aboitiz Power Renewables Inc.', 'power': 'generator', 'source': 'Bing'}",2026-04-24 03:34:05.816069,https://www.openstreetmap.org/way/98564118,,
way/972983002,972983002,way,Philippines,generator,Missing output tag,none,"tags: {'generator:method': 'thermal', 'generator:source': 'geothermal', 'name': 'Makban Geothermal Plant A', 'operator': 'Aboitiz Power Renewables Inc.', 'operator:type': 'private', 'power': 'generator', 'source': 'Bing'}",2026-04-24 03:34:05.816087,https://www.openstreetmap.org/way/972983002,,
way/513046938,513046938,way,Philippines,generator,Capacity placeholder value,yes,Tag 'generator:output:electricity' contains placeholder value 'yes' instead of actual capacity,2026-04-24 03:34:05.828071,https://www.openstreetmap.org/way/513046938,,
way/511298760,511298760,way,Philippines,generator,Capacity placeholder value,yes,Tag 'generator:output:electricity' contains placeholder value 'yes' instead of actual capacity,2026-04-24 03:34:05.828092,https://www.openstreetmap.org/way/511298760,,
way/511298763,511298763,way,Philippines,generator,Capacity placeholder value,yes,Tag 'generator:output:electricity' contains placeholder value 'yes' instead of actual capacity,2026-04-24 03:34:05.828109,https://www.openstreetmap.org/way/511298763,,
way/281973178,281973178,way,Philippines,generator,Capacity placeholder value,yes,Tag 'generator:output:electricity' contains placeholder value 'yes' instead of actual capacity,2026-04-24 03:34:05.828123,https://www.openstreetmap.org/way/281973178,,
relation/13687759,13687759,relation,Philippines,plant,Missing output tag,none,"tags: {'landuse': 'industrial', 'name': 'Tarlac Solar Power Project-2', 'operator': 'PetroSolar Corporation', 'plant:method': 'photovoltaic', 'plant:source': 'solar', 'power': 'plant', 'type': 'multipolygon'}",2026-04-24 03:34:05.828911,https://www.openstreetmap.org/relation/13687759,15.441907496649113,120.64618132444598
node/6036139369,6036139369,node,Philippines,generator,Capacity regex no match,2000 kW,Tag 'generator:output:electricity' has value '2000 kW' which could not be parsed,2026-04-24 03:34:05.830830,https://www.openstreetmap.org/node/6036139369,10.5893217,122.6942117
node/5140889902,5140889902,node,Philippines,generator,Capacity regex no match,2000 kW,Tag 'generator:output:electricity' has value '2000 kW' which could not be parsed,2026-04-24 03:34:05.830861,https://www.openstreetmap.org/node/5140889902,10.6169384,122.7241584
node/5140889903,5140889903,node,Philippines,generator,Capacity regex no match,2000 kW,Tag 'generator:output:electricity' has value '2000 kW' which could not be parsed,2026-04-24 03:34:05.830906,https://www.openstreetmap.org/node/5140889903,10.6197539,122.7194069
node/6159377545,6159377545,node,Philippines,generator,Capacity regex no match,2000 kW,Tag 'generator:output:electricity' has value '2000 kW' which could not be parsed,2026-04-24 03:34:05.830930,https://www.openstreetmap.org/node/6159377545,10.6239171,122.7137792
node/5140889914,5140889914,node,Philippines,generator,Capacity regex no match,2000 kW,Tag 'generator:output:electricity' has value '2000 kW' which could not be parsed,2026-04-24 03:34:05.830952,https://www.openstreetmap.org/node/5140889914,10.6135564,122.7056476
node/5140889912,5140889912,node,Philippines,generator,Capacity regex no match,2000 kW,Tag 'generator:output:electricity' has value '2000 kW' which could not be parsed,2026-04-24 03:34:05.830972,https://www.openstreetmap.org/node/5140889912,10.5924088,122.7051454
node/7679081222,7679081222,node,Philippines,generator,Capacity regex no match,2000 kW,Tag 'generator:output:electricity' has value '2000 kW' which could not be parsed,2026-04-24 03:34:05.830991,https://www.openstreetmap.org/node/7679081222,10.5797177,122.702186
node/5140889913,5140889913,node,Philippines,generator,Capacity regex no match,2000 kW,Tag 'generator:output:electricity' has value '2000 kW' which could not be parsed,2026-04-24 03:34:05.831012,https://www.openstreetmap.org/node/5140889913,10.5991207,122.6964337
node/7679081223,7679081223,node,Philippines,generator,Capacity regex no match,2000 kW,Tag 'generator:output:electricity' has value '2000 kW' which could not be parsed,2026-04-24 03:34:05.831031,https://www.openstreetmap.org/node/7679081223,10.5752323,122.7023954
node/7605142427,7605142427,node,Philippines,generator,Capacity regex no match,2000 kW,Tag 'generator:output:electricity' has value '2000 kW' which could not be parsed,2026-04-24 03:34:05.831051,https://www.openstreetmap.org/node/7605142427,10.6175658,122.7039934
node/5140889906,5140889906,node,Philippines,generator,Capacity regex no match,2000 kW,Tag 'generator:output:electricity' has value '2000 kW' which could not be parsed,2026-04-24 03:34:05.831070,https://www.openstreetmap.org/node/5140889906,10.6146526,122.7104791
node/6036139376,6036139376,node,Philippines,generator,Capacity regex no match,2000 kW,Tag 'generator:output:electricity' has value '2000 kW' which could not be parsed,2026-04-24 03:34:05.831089,https://www.openstreetmap.org/node/6036139376,10.5906358,122.6922992
node/5140889907,5140889907,node,Philippines,generator,Capacity regex no match,2000 kW,Tag 'generator:output:electricity' has value '2000 kW' which could not be parsed,2026-04-24 03:34:05.831108,https://www.openstreetmap.org/node/5140889907,10.6026903,122.7110398
node/5140889904,5140889904,node,Philippines,generator,Capacity regex no match,2000 kW,Tag 'generator:output:electricity' has value '2000 kW' which could not be parsed,2026-04-24 03:34:05.831127,https://www.openstreetmap.org/node/5140889904,10.6140153,122.7195517
node/5140889905,5140889905,node,Philippines,generator,Capacity regex no match,2000 kW,Tag 'generator:output:electricity' has value '2000 kW' which could not be parsed,2026-04-24 03:34:05.831146,https://www.openstreetmap.org/node/5140889905,10.607269,122.7166665
node/5140889910,5140889910,node,Philippines,generator,Capacity regex no match,2000 kW,Tag 'generator:output:electricity' has value '2000 kW' which could not be parsed,2026-04-24 03:34:05.831165,https://www.openstreetmap.org/node/5140889910,10.5931964,122.7106595
node/7679081224,7679081224,node,Philippines,generator,Capacity regex no match,2000 kW,Tag 'generator:output:electricity' has value '2000 kW' which could not be parsed,2026-04-24 03:34:05.831183,https://www.openstreetmap.org/node/7679081224,10.5680984,122.6995838
node/5140889911,5140889911,node,Philippines,generator,Capacity regex no match,2000 kW,Tag 'generator:output:electricity' has value '2000 kW' which could not be parsed,2026-04-24 03:34:05.831201,https://www.openstreetmap.org/node/5140889911,10.5916458,122.7078022
node/7679081225,7679081225,node,Philippines,generator,Capacity regex no match,2000 kW,Tag 'generator:output:electricity' has value '2000 kW' which could not be parsed,2026-04-24 03:34:05.831220,https://www.openstreetmap.org/node/7679081225,10.5687708,122.6949674
node/5140889908,5140889908,node,Philippines,generator,Capacity regex no match,2000 kW,Tag 'generator:output:electricity' has value '2000 kW' which could not be parsed,2026-04-24 03:34:05.831239,https://www.openstreetmap.org/node/5140889908,10.598944,122.7038787
node/5140889909,5140889909,node,Philippines,generator,Capacity regex no match,2000 kW,Tag 'generator:output:electricity' has value '2000 kW' which could not be parsed,2026-04-24 03:34:05.831256,https://www.openstreetmap.org/node/5140889909,10.6002681,122.7016371
node/10650373995,10650373995,node,Philippines,generator,Capacity regex no match,2000 kW,Tag 'generator:output:electricity' has value '2000 kW' which could not be parsed,2026-04-24 03:34:05.831274,https://www.openstreetmap.org/node/10650373995,10.6005759,122.6943709
node/10650373994,10650373994,node,Philippines,generator,Capacity regex no match,2000 kW,Tag 'generator:output:electricity' has value '2000 kW' which could not be parsed,2026-04-24 03:34:05.831293,https://www.openstreetmap.org/node/10650373994,10.6037045,122.6934465
node/10650373993,10650373993,node,Philippines,generator,Capacity regex no match,2000 kW,Tag 'generator:output:electricity' has value '2000 kW' which could not be parsed,2026-04-24 03:34:05.831311,https://www.openstreetmap.org/node/10650373993,10.6250352,122.7064013
node/10650373992,10650373992,node,Philippines,generator,Capacity regex no match,2000 kW,Tag 'generator:output:electricity' has value '2000 kW' which could not be parsed,2026-04-24 03:34:05.831329,https://www.openstreetmap.org/node/10650373992,10.6167913,122.7009849
node/10650373991,10650373991,node,Philippines,generator,Capacity regex no match,2000 kW,Tag 'generator:output:electricity' has value '2000 kW' which could not be parsed,2026-04-24 03:34:05.831347,https://www.openstreetmap.org/node/10650373991,10.6134973,122.6963038
node/7675720743,7675720743,node,Philippines,generator,Capacity regex no match,2000 kW,Tag 'generator:output:electricity' has value '2000 kW' which could not be parsed,2026-04-24 03:34:05.832358,https://www.openstreetmap.org/node/7675720743,13.4706269,120.9264451
node/7675720763,7675720763,node,Philippines,generator,Capacity regex no match,2000 kW,Tag 'generator:output:electricity' has value '2000 kW' which could not be parsed,2026-04-24 03:34:05.832385,https://www.openstreetmap.org/node/7675720763,13.4643302,120.9175608
node/7675720762,7675720762,node,Philippines,generator,Capacity regex no match,2000 kW,Tag 'generator:output:electricity' has value '2000 kW' which could not be parsed,2026-04-24 03:34:05.832408,https://www.openstreetmap.org/node/7675720762,13.46391,120.9156604
node/7675720744,7675720744,node,Philippines,generator,Capacity regex no match,2000 kW,Tag 'generator:output:electricity' has value '2000 kW' which could not be parsed,2026-04-24 03:34:05.832428,https://www.openstreetmap.org/node/7675720744,13.468881,120.9250969
node/7675720767,7675720767,node,Philippines,generator,Capacity regex no match,2000 kW,Tag 'generator:output:electricity' has value '2000 kW' which could not be parsed,2026-04-24 03:34:05.832447,https://www.openstreetmap.org/node/7675720767,13.4667658,120.9239322
node/7675720766,7675720766,node,Philippines,generator,Capacity regex no match,2000 kW,Tag 'generator:output:electricity' has value '2000 kW' which could not be parsed,2026-04-24 03:34:05.832466,https://www.openstreetmap.org/node/7675720766,13.4655609,120.9228519
node/7675720765,7675720765,node,Philippines,generator,Capacity regex no match,2000 kW,Tag 'generator:output:electricity' has value '2000 kW' which could not be parsed,2026-04-24 03:34:05.832484,https://www.openstreetmap.org/node/7675720765,13.4655866,120.9207796
node/7675720764,7675720764,node,Philippines,generator,Capacity regex no match,2000 kW,Tag 'generator:output:electricity' has value '2000 kW' which could not be parsed,2026-04-24 03:34:05.832502,https://www.openstreetmap.org/node/7675720764,13.4651535,120.9190247
relation/14722224,14722224,relation,Philippines,plant,Capacity placeholder value,yes,Tag 'plant:output:electricity' contains placeholder value 'yes' instead of actual capacity,2026-04-24 03:34:05.837043,https://www.openstreetmap.org/relation/14722224,15.418024694203282,120.5338031458427
relation/16227790,16227790,relation,Philippines,plant,Capacity placeholder value,yes,Tag 'plant:output:electricity' contains placeholder value 'yes' instead of actual capacity,2026-04-24 03:34:05.847046,https://www.openstreetmap.org/relation/16227790,10.218034839471802,123.75840256403526
relation/16266383,16266383,relation,Philippines,plant,Capacity placeholder value,yes,Tag 'plant:output:electricity' contains placeholder value 'yes' instead of actual capacity,2026-04-24 03:34:05.851088,https://www.openstreetmap.org/relation/16266383,15.167799438538971,120.67222576891751
relation/16505329,16505329,relation,Philippines,plant,Capacity placeholder value,yes,Tag 'plant:output:electricity' contains placeholder value 'yes' instead of actual capacity,2026-04-24 03:34:05.855495,https://www.openstreetmap.org/relation/16505329,15.445242639302203,119.95541615031748
relation/16533845,16533845,relation,Philippines,plant,Capacity placeholder value,yes,Tag 'plant:output:electricity' contains placeholder value 'yes' instead of actual capacity,2026-04-24 03:34:05.856696,https://www.openstreetmap.org/relation/16533845,18.12039670842944,121.71390212001587
relation/16534987,16534987,relation,Philippines,plant,Capacity placeholder value,yes,Tag 'plant:output:electricity' contains placeholder value 'yes' instead of actual capacity,2026-04-24 03:34:05.857758,https://www.openstreetmap.org/relation/16534987,18.052284106605565,120.48393286759635
relation/16535003,16535003,relation,Philippines,plant,Capacity placeholder value,yes,Tag 'plant:output:electricity' contains placeholder value 'yes' instead of actual capacity,2026-04-24 03:34:05.858717,https://www.openstreetmap.org/relation/16535003,15.1940481072614,120.62597261832168
relation/16684483,16684483,relation,Philippines,plant,Capacity placeholder value,yes,Tag 'plant:output:electricity' contains placeholder value 'yes' instead of actual capacity,2026-04-24 03:34:05.859770,https://www.openstreetmap.org/relation/16684483,9.635946855747616,123.09597907827118
way/106052675,106052675,way,Philippines,plant,Missing source tag,none,"tags: {'addr:city': 'Puerto Princesa', 'landuse': 'industrial', 'name': 'NAPOCOR Puerto Princesa Power Plant', 'power': 'plant'}",2026-04-24 03:34:05.870096,https://www.openstreetmap.org/way/106052675,9.76917967697747,118.74631682668948
way/173017165,173017165,way,Philippines,plant,Missing output tag,none,"tags: {'landuse': 'industrial', 'name': 'Panay Diesel Power Plant 3 (PDPP3)', 'plant:method': 'combustion', 'plant:source': 'diesel', 'power': 'plant'}",2026-04-24 03:34:05.873066,https://www.openstreetmap.org/way/173017165,11.025036968913271,122.63193555877214
way/185930322,185930322,way,Philippines,plant,Missing source tag,none,"tags: {'landuse': 'industrial', 'name': 'Meralco Santa Rosa', 'power': 'plant', 'source': 'Bing'}",2026-04-24 03:34:05.873569,https://www.openstreetmap.org/way/185930322,14.278469721116878,121.11677780937688
way/245016474,245016474,way,Philippines,plant,Missing source tag,none,"tags: {'landuse': 'industrial', 'name': 'First Catanduanes Electric Cooperative, Inc. (FICELCO)', 'power': 'plant'}",2026-04-24 03:34:05.873869,https://www.openstreetmap.org/way/245016474,13.596283318323861,124.26636145612528
way/246667669,246667669,way,Philippines,plant,Missing output tag,none,"tags: {'name': 'PRYCE GAS Plant', 'plant:source': 'gas', 'power': 'plant', 'source': 'bing'}",2026-04-24 03:34:05.874212,https://www.openstreetmap.org/way/246667669,11.091739945800608,123.00557329636325
way/316944399,316944399,way,Philippines,plant,Missing source tag,none,"tags: {'addr:city': 'Rosario', 'addr:postcode': '4106', 'addr:province': 'Cavite', 'landuse': 'industrial', 'name': 'Magellan Cogeneration', 'power': 'plant'}",2026-04-24 03:34:05.876473,https://www.openstreetmap.org/way/316944399,14.414321616476265,120.86031263574478
way/345896398,345896398,way,Philippines,plant,Missing output tag,none,"tags: {'landuse': 'industrial', 'name': 'CIP II Power Corporation', 'plant:source': 'diesel', 'power': 'plant'}",2026-04-24 03:34:05.878223,https://www.openstreetmap.org/way/345896398,16.77337723146606,120.33254957215185
way/401884718,401884718,way,Philippines,plant,Missing output tag,none,"tags: {'addr:barangay': 'Mabila', 'addr:city': 'Sarangani', 'addr:postcode': '8015', 'addr:province': 'Davao Occidental', 'landuse': 'industrial', 'name': 'Balut Diesel Power Plant', 'plant:source': 'diesel', 'power': 'plant'}",2026-04-24 03:34:05.883898,https://www.openstreetmap.org/way/401884718,5.417053187675771,125.42835089474511
way/431408943,431408943,way,Philippines,plant,Capacity placeholder value,yes,Tag 'plant:output:electricity' contains placeholder value 'yes' instead of actual capacity,2026-04-24 03:34:05.885928,https://www.openstreetmap.org/way/431408943,15.496842176956859,120.99173849581082
way/457588162,457588162,way,Philippines,plant,Missing output tag,none,"tags: {'building': 'yes', 'generator:source': 'hydro', 'power': 'plant'}",2026-04-24 03:34:05.886110,https://www.openstreetmap.org/way/457588162,10.35291025,125.60707144999999
way/483027469,483027469,way,Philippines,plant,Missing source tag,none,"tags: {'name': 'Power Plant', 'power': 'plant'}",2026-04-24 03:34:05.886534,https://www.openstreetmap.org/way/483027469,16.3742496251555,120.61337535640088
way/485734072,485734072,way,Philippines,plant,Missing source tag,none,tags: {'power': 'plant'},2026-04-24 03:34:05.886696,https://www.openstreetmap.org/way/485734072,14.907012226101841,121.16021866826006
way/502798652,502798652,way,Philippines,plant,Capacity placeholder value,yes,Tag 'plant:output:electricity' contains placeholder value 'yes' instead of actual capacity,2026-04-24 03:34:05.887296,https://www.openstreetmap.org/way/502798652,8.555802003750147,124.78717982504118
way/513262610,513262610,way,Philippines,plant,Capacity placeholder value,yes,Tag 'plant:output:electricity' contains placeholder value 'yes' instead of actual capacity,2026-04-24 03:34:05.888484,https://www.openstreetmap.org/way/513262610,9.63621596947648,123.09604136773872
way/513473977,513473977,way,Philippines,plant,Capacity placeholder value,yes,Tag 'plant:output:electricity' contains placeholder value 'yes' instead of actual capacity,2026-04-24 03:34:05.888992,https://www.openstreetmap.org/way/513473977,10.9454480110923,123.16622857507214
way/528716075,528716075,way,Philippines,plant,Capacity placeholder value,yes,Tag 'plant:output:electricity' contains placeholder value 'yes' instead of actual capacity,2026-04-24 03:34:05.891151,https://www.openstreetmap.org/way/528716075,7.554946390934969,124.96976381702699
way/528732939,528732939,way,Philippines,plant,Capacity placeholder value,yes,Tag 'plant:output:electricity' contains placeholder value 'yes' instead of actual capacity,2026-04-24 03:34:05.892320,https://www.openstreetmap.org/way/528732939,13.923736524075387,120.66834727196655
way/539156478,539156478,way,Philippines,plant,Missing source tag,none,"tags: {'landuse': 'industrial', 'name': 'Panay Power Bunker Fuel Power Station', 'power': 'plant'}",2026-04-24 03:34:05.894394,https://www.openstreetmap.org/way/539156478,10.726152808839425,122.59004877307817
way/540368298,540368298,way,Philippines,plant,Capacity placeholder value,yes,Tag 'plant:output:electricity' contains placeholder value 'yes' instead of actual capacity,2026-04-24 03:34:05.894902,https://www.openstreetmap.org/way/540368298,15.236101732453589,120.61017542381484
way/540589756,540589756,way,Philippines,plant,Missing source tag,none,"tags: {'landuse': 'industrial', 'name': 'National Power Corporation', 'operator': 'NAPOCOR', 'power': 'plant'}",2026-04-24 03:34:05.895086,https://www.openstreetmap.org/way/540589756,12.417272698509686,121.9916829654473
way/555264236,555264236,way,Philippines,plant,Missing output tag,none,"tags: {'landuse': 'industrial', 'name': 'San Jose Diesel Power Plant', 'plant:source': 'diesel', 'power': 'plant'}",2026-04-24 03:34:05.896058,https://www.openstreetmap.org/way/555264236,12.0641278,121.96092029999998
way/555264282,555264282,way,Philippines,plant,Missing output tag,none,"tags: {'landuse': 'industrial', 'name': 'NPC Diesel Power Plant', 'plant:source': 'diesel', 'power': 'plant'}",2026-04-24 03:34:05.896258,https://www.openstreetmap.org/way/555264282,12.91227121615546,121.72227735147762
way/571889596,571889596,way,Philippines,plant,Missing source tag,none,"tags: {'addr:city': 'Malabon', 'addr:street': 'M. H. del Pilar Street', 'landuse': 'industrial', 'power': 'plant', 'wall:material': 'concrete'}",2026-04-24 03:34:05.896435,https://www.openstreetmap.org/way/571889596,14.684917245535468,120.9582926282064
way/601146151,601146151,way,Philippines,plant,Capacity placeholder value,yes,Tag 'plant:output:electricity' contains placeholder value 'yes' instead of actual capacity,2026-04-24 03:34:05.899350,https://www.openstreetmap.org/way/601146151,15.007370282412907,120.97321939377692
way/606044631,606044631,way,Philippines,plant,Missing output tag,none,"tags: {'name': 'Century Peak Hydro Powerplant', 'plant:source': 'hydro', 'power': 'plant'}",2026-04-24 03:34:05.900259,https://www.openstreetmap.org/way/606044631,10.773471242663476,122.2291583435187
way/644450031,644450031,way,Philippines,plant,Capacity placeholder value,yes,Tag 'plant:output:electricity' contains placeholder value 'yes' instead of actual capacity,2026-04-24 03:34:05.902107,https://www.openstreetmap.org/way/644450031,6.3338560428572865,124.74439490492557
way/646201909,646201909,way,Philippines,plant,Missing source tag,none,"tags: {'landuse': 'industrial', 'name': 'Romblon ELectric Cooperative', 'power': 'plant'}",2026-04-24 03:34:05.902261,https://www.openstreetmap.org/way/646201909,12.30434607220266,122.59708695868024
way/649104784,649104784,way,Philippines,plant,Capacity placeholder value,yes,Tag 'plant:output:electricity' contains placeholder value 'yes' instead of actual capacity,2026-04-24 03:34:05.902445,https://www.openstreetmap.org/way/649104784,12.938654876686035,122.0963645406798
way/649202627,649202627,way,Philippines,plant,Missing source tag,none,"tags: {'landuse': 'industrial', 'name': 'NPC Power Plant', 'power': 'plant'}",2026-04-24 03:34:05.902596,https://www.openstreetmap.org/way/649202627,12.78590697322571,122.03928573805567
way/650546826,650546826,way,Philippines,plant,Missing output tag,none,"tags: {'landuse': 'industrial', 'name': 'Doong NPC Diesel Plant', 'plant:source': 'diesel', 'power': 'plant'}",2026-04-24 03:34:05.902769,https://www.openstreetmap.org/way/650546826,11.077663375386537,123.64317736381462
way/659480029,659480029,way,Philippines,plant,Missing output tag,none,"tags: {'generator:method': 'combustion', 'generator:source': 'biomass', 'generator:type': 'steam_generator', 'landuse': 'industrial', 'name': 'South Negros Biopower Inc.', 'plant:source': 'biomass', 'power': 'plant', 'ref': 'https://www.thomas-lloyd.com/en/portfolio-item/south-negros-biopower/', 'source': 'https://www.gem.wiki/La_Carlota_City_Biomass_power_station'}",2026-04-24 03:34:05.903240,https://www.openstreetmap.org/way/659480029,10.424463188282383,122.93360769925619
way/659502740,659502740,way,Philippines,plant,Missing output tag,none,"tags: {'generator:method': 'combustion', 'generator:source': 'biomass', 'generator:type': 'steam_generator', 'landuse': 'industrial', 'name': 'San Carlos BioPower, Inc.', 'power': 'plant', 'ref': 'https://www.thomas-lloyd.com/en/portfolio-item/san-carlos-biopower/', 'source': 'https://www.gem.wiki/San_Carlos_Biomass_power_station'}",2026-04-24 03:34:05.903754,https://www.openstreetmap.org/way/659502740,10.510201131343234,123.41914686848858
way/661056273,661056273,way,Philippines,plant,Capacity placeholder value,yes,Tag 'plant:output:electricity' contains placeholder value 'yes' instead of actual capacity,2026-04-24 03:34:05.904295,https://www.openstreetmap.org/way/661056273,10.616195951566185,122.16785950592737
way/680879194,680879194,way,Philippines,plant,Missing source tag,none,"tags: {'landuse': 'industrial', 'power': 'plant'}",2026-04-24 03:34:05.904446,https://www.openstreetmap.org/way/680879194,10.704806811969911,122.61724864863096
way/686227359,686227359,way,Philippines,plant,Missing output tag,none,"tags: {'landuse': 'industrial', 'name:en': 'Peakpower Soccsargen, Inc power station', 'plant:source': 'diesel', 'power': 'plant'}",2026-04-24 03:34:05.904621,https://www.openstreetmap.org/way/686227359,6.132311096613936,125.14343970373348
way/692881644,692881644,way,Philippines,plant,Missing source tag,none,"tags: {'landuse': 'industrial', 'name': '69 KV Power Station', 'power': 'plant'}",2026-04-24 03:34:05.905125,https://www.openstreetmap.org/way/692881644,6.0570832229409,125.09286758535508
way/702960231,702960231,way,Philippines,plant,Missing output tag,none,"tags: {'plant:source': 'hydro', 'power': 'plant'}",2026-04-24 03:34:05.905704,https://www.openstreetmap.org/way/702960231,8.331788482660718,124.24872557748085
way/710674036,710674036,way,Philippines,plant,Missing source tag,none,"tags: {'landuse': 'industrial', 'name': 'S.I. Power Corporation', 'other_name': 'SIPCOR', 'power': 'plant'}",2026-04-24 03:34:05.905981,https://www.openstreetmap.org/way/710674036,9.224543329902788,123.52767956525022
way/805500373,805500373,way,Philippines,plant,Capacity placeholder value,yes,Tag 'plant:output:electricity' contains placeholder value 'yes' instead of actual capacity,2026-04-24 03:34:05.906858,https://www.openstreetmap.org/way/805500373,11.804673901638948,122.16511445174162
way/821487687,821487687,way,Philippines,plant,Capacity placeholder value,yes,Tag 'plant:output:electricity' contains placeholder value 'yes' instead of actual capacity,2026-04-24 03:34:05.907411,https://www.openstreetmap.org/way/821487687,7.989337142696441,125.01614926040023
way/879516719,879516719,way,Philippines,plant,Capacity placeholder value,yes,Tag 'plant:output:electricity' contains placeholder value 'yes' instead of actual capacity,2026-04-24 03:34:05.910551,https://www.openstreetmap.org/way/879516719,14.297539892026908,120.81642511025441
way/892121755,892121755,way,Philippines,plant,Missing source tag,none,"tags: {'landuse': 'industrial', 'name': 'SURSECO II', 'power': 'plant'}",2026-04-24 03:34:05.911345,https://www.openstreetmap.org/way/892121755,9.268982236379683,125.95943624339242
way/942024012,942024012,way,Philippines,plant,Missing source tag,none,"tags: {'building': 'industrial', 'landuse': 'industrial', 'name': 'Polillo Power Plant', 'power': 'plant', 'source': 'node 5479258922'}",2026-04-24 03:34:05.917108,https://www.openstreetmap.org/way/942024012,14.76419886863747,121.92250699798814
way/985412190,985412190,way,Philippines,plant,Missing output tag,none,"tags: {'landuse': 'industrial', 'operator': 'DMCI Power', 'plant:source': 'biomass', 'power': 'plant'}",2026-04-24 03:34:05.921723,https://www.openstreetmap.org/way/985412190,13.36656077083362,121.16033166245747
way/989904283,989904283,way,Philippines,plant,Missing source tag,none,"tags: {'landuse': 'industrial', 'name': 'Delta P Power Plant', 'power': 'plant'}",2026-04-24 03:34:05.921940,https://www.openstreetmap.org/way/989904283,9.850581409224645,118.73671025520471
way/990835912,990835912,way,Philippines,plant,Capacity placeholder value,yes,Tag 'plant:output:electricity' contains placeholder value 'yes' instead of actual capacity,2026-04-24 03:34:05.922142,https://www.openstreetmap.org/way/990835912,10.149893633840126,118.87346500973108
way/1082255030,1082255030,way,Philippines,plant,Capacity regex no match,200 kW,Tag 'plant:output:electricity' has value '200 kW' which could not be parsed,2026-04-24 03:34:05.922605,https://www.openstreetmap.org/way/1082255030,16.791691368084944,121.1068533088944
way/1082256331,1082256331,way,Philippines,plant,Capacity placeholder value,yes,Tag 'plant:output:electricity' contains placeholder value 'yes' instead of actual capacity,2026-04-24 03:34:05.922774,https://www.openstreetmap.org/way/1082256331,16.732252275155016,121.10236416102312
way/1086683249,1086683249,way,Philippines,plant,Capacity placeholder value,yes,Tag 'plant:output:electricity' contains placeholder value 'yes' instead of actual capacity,2026-04-24 03:34:05.923100,https://www.openstreetmap.org/way/1086683249,11.823612072501057,125.30430163153115
way/1118870543,1118870543,way,Philippines,plant,Missing output tag,none,"tags: {'addr:barangay': 'Santa Cruz', 'addr:city': 'Samal', 'addr:district': 'Kaputian District', 'addr:postcode': '8119', 'addr:province': 'Davao del Norte', 'landuse': 'industrial', 'name': 'Talikud Diesel Power Plant', 'plant:method': 'combustion', 'plant:source': 'diesel', 'power': 'plant', 'short_name': 'Talikud DPP'}",2026-04-24 03:34:05.938442,https://www.openstreetmap.org/way/1118870543,6.938182233453535,125.71721925177825
way/1127372997,1127372997,way,Philippines,plant,Capacity placeholder value,yes,Tag 'plant:output:electricity' contains placeholder value 'yes' instead of actual capacity,2026-04-24 03:34:05.938659,https://www.openstreetmap.org/way/1127372997,7.9000865336090325,125.3498274614695
way/1135514550,1135514550,way,Philippines,plant,Missing output tag,none,"tags: {'landuse': 'industrial', 'name': '15 MW MEGC Dalipuga Iligan Diesel Power Plant', 'operator': 'Mapalad Energy Generating Corporation', 'plant:source': 'diesel', 'power': 'plant', 'source': 'https://eneken.ieej.or.jp/data/5228.pdf'}",2026-04-24 03:34:05.938911,https://www.openstreetmap.org/way/1135514550,8.326612310865139,124.24710984399185
way/1135517694,1135517694,way,Philippines,plant,Missing output tag,none,"tags: {'landuse': 'industrial', 'name': 'MPC Iligan DPP', 'operator': 'Mapalad Power Corporation', 'plant:source': 'diesel', 'power': 'plant', 'source': 'https://www.doe.gov.ph/sites/default/files/pdf/announcements/electric_power_plants_03_mindanao_connected_december_2021.pdf'}",2026-04-24 03:34:05.939142,https://www.openstreetmap.org/way/1135517694,8.327196701084018,124.25472389600291
way/1156212931,1156212931,way,Philippines,plant,Capacity placeholder value,yes,Tag 'plant:output:electricity' contains placeholder value 'yes' instead of actual capacity,2026-04-24 03:34:05.939345,https://www.openstreetmap.org/way/1156212931,11.085192345874248,124.63142889409858
way/1156212932,1156212932,way,Philippines,plant,Capacity placeholder value,yes,Tag 'plant:output:electricity' contains placeholder value 'yes' instead of actual capacity,2026-04-24 03:34:05.939503,https://www.openstreetmap.org/way/1156212932,11.08521508002661,124.63218478898062
way/1156212933,1156212933,way,Philippines,plant,Capacity placeholder value,yes,Tag 'plant:output:electricity' contains placeholder value 'yes' instead of actual capacity,2026-04-24 03:34:05.939659,https://www.openstreetmap.org/way/1156212933,11.08571727721004,124.63218423644827
way/1156212934,1156212934,way,Philippines,plant,Capacity placeholder value,yes,Tag 'plant:output:electricity' contains placeholder value 'yes' instead of actual capacity,2026-04-24 03:34:05.939836,https://www.openstreetmap.org/way/1156212934,11.086600481511892,124.63214684361346
way/1156212935,1156212935,way,Philippines,plant,Capacity placeholder value,yes,Tag 'plant:output:electricity' contains placeholder value 'yes' instead of actual capacity,2026-04-24 03:34:05.940065,https://www.openstreetmap.org/way/1156212935,11.086583252490463,124.63289702344366
way/1156212936,1156212936,way,Philippines,plant,Capacity placeholder value,yes,Tag 'plant:output:electricity' contains placeholder value 'yes' instead of actual capacity,2026-04-24 03:34:05.940244,https://www.openstreetmap.org/way/1156212936,11.085716471663783,124.63141135645097
way/1156212937,1156212937,way,Philippines,plant,Capacity placeholder value,yes,Tag 'plant:output:electricity' contains placeholder value 'yes' instead of actual capacity,2026-04-24 03:34:05.940400,https://www.openstreetmap.org/way/1156212937,11.08665797246403,124.63350462975268
way/1156212938,1156212938,way,Philippines,plant,Capacity placeholder value,yes,Tag 'plant:output:electricity' contains placeholder value 'yes' instead of actual capacity,2026-04-24 03:34:05.940621,https://www.openstreetmap.org/way/1156212938,11.086022762481976,124.63352016973326
way/1156212939,1156212939,way,Philippines,plant,Capacity placeholder value,yes,Tag 'plant:output:electricity' contains placeholder value 'yes' instead of actual capacity,2026-04-24 03:34:05.940798,https://www.openstreetmap.org/way/1156212939,11.085963168149169,124.63287835833555
way/1156212940,1156212940,way,Philippines,plant,Capacity placeholder value,yes,Tag 'plant:output:electricity' contains placeholder value 'yes' instead of actual capacity,2026-04-24 03:34:05.940980,https://www.openstreetmap.org/way/1156212940,11.08613250015808,124.63217966178819
way/1156212941,1156212941,way,Philippines,plant,Capacity placeholder value,yes,Tag 'plant:output:electricity' contains placeholder value 'yes' instead of actual capacity,2026-04-24 03:34:05.941168,https://www.openstreetmap.org/way/1156212941,11.086116130734908,124.63144020488917
way/1156212942,1156212942,way,Philippines,plant,Capacity placeholder value,yes,Tag 'plant:output:electricity' contains placeholder value 'yes' instead of actual capacity,2026-04-24 03:34:05.941413,https://www.openstreetmap.org/way/1156212942,11.08663207308966,124.63142133448007
way/1163763467,1163763467,way,Philippines,plant,Capacity placeholder value,yes,Tag 'plant:output:electricity' contains placeholder value 'yes' instead of actual capacity,2026-04-24 03:34:05.941788,https://www.openstreetmap.org/way/1163763467,8.4767800609492,124.72601494141753
way/1180700842,1180700842,way,Philippines,plant,Missing source tag,none,"tags: {'landuse': 'industrial', 'power': 'plant'}",2026-04-24 03:34:05.943298,https://www.openstreetmap.org/way/1180700842,17.416103584593223,121.81312069103919
way/1194287177,1194287177,way,Philippines,plant,Missing output tag,none,"tags: {'addr:barangay': 'Wilson', 'addr:city': 'San Jose', 'addr:province': 'Dinagat', 'name': 'Dinagat Diesel Power Plant', 'plant:method': 'combustion', 'plant:source': 'diesel', 'power': 'plant'}",2026-04-24 03:34:05.943531,https://www.openstreetmap.org/way/1194287177,10.024466685867731,125.58326045031295
way/1200031767,1200031767,way,Philippines,plant,Capacity placeholder value,yes,Tag 'plant:output:electricity' contains placeholder value 'yes' instead of actual capacity,2026-04-24 03:34:05.943746,https://www.openstreetmap.org/way/1200031767,10.62931509915174,124.40205807861524
way/1202855214,1202855214,way,Philippines,plant,Capacity placeholder value,yes,Tag 'plant:output:electricity' contains placeholder value 'yes' instead of actual capacity,2026-04-24 03:34:05.943927,https://www.openstreetmap.org/way/1202855214,8.48525480375192,125.97264371591197
way/1217253342,1217253342,way,Philippines,plant,Capacity placeholder value,yes,Tag 'plant:output:electricity' contains placeholder value 'yes' instead of actual capacity,2026-04-24 03:34:05.944133,https://www.openstreetmap.org/way/1217253342,14.717544544976507,121.06958159923192
way/1217262942,1217262942,way,Philippines,plant,Capacity placeholder value,yes,Tag 'plant:output:electricity' contains placeholder value 'yes' instead of actual capacity,2026-04-24 03:34:05.944324,https://www.openstreetmap.org/way/1217262942,13.915809639576764,120.65019046079256
way/1217310176,1217310176,way,Philippines,plant,Capacity placeholder value,yes,Tag 'plant:output:electricity' contains placeholder value 'yes' instead of actual capacity,2026-04-24 03:34:05.944501,https://www.openstreetmap.org/way/1217310176,6.107888686398585,125.2549166047634
way/1220602348,1220602348,way,Philippines,plant,Capacity placeholder value,yes,Tag 'plant:output:electricity' contains placeholder value 'yes' instead of actual capacity,2026-04-24 03:34:05.944701,https://www.openstreetmap.org/way/1220602348,14.970857188049436,120.75818533347031
way/1222876388,1222876388,way,Philippines,plant,Capacity placeholder value,yes,Tag 'plant:output:electricity' contains placeholder value 'yes' instead of actual capacity,2026-04-24 03:34:05.944923,https://www.openstreetmap.org/way/1222876388,9.634064614732777,123.09554341194143
way/1225188837,1225188837,way,Philippines,plant,Missing output tag,none,"tags: {'landuse': 'industrial', 'name': 'Concepcion BESS', 'operator': 'Universal Power Solutions', 'plant:source': 'battery', 'power': 'plant', 'substation': 'yes'}",2026-04-24 03:34:05.945238,https://www.openstreetmap.org/way/1225188837,15.37664798034955,120.61457999725862
way/1232964061,1232964061,way,Philippines,plant,Capacity placeholder value,yes,Tag 'plant:output:electricity' contains placeholder value 'yes' instead of actual capacity,2026-04-24 03:34:05.945433,https://www.openstreetmap.org/way/1232964061,12.015156544330235,124.80957927739712
way/1243108530,1243108530,way,Philippines,plant,Missing source tag,none,"tags: {'landuse': 'industrial', 'operator': 'National Power Corporation', 'power': 'plant'}",2026-04-24 03:34:05.945629,https://www.openstreetmap.org/way/1243108530,12.578366160602089,122.27257760076935
way/1265454211,1265454211,way,Philippines,plant,Capacity placeholder value,yes,Tag 'plant:output:electricity' contains placeholder value 'yes' instead of actual capacity,2026-04-24 03:34:05.945820,https://www.openstreetmap.org/way/1265454211,12.050339861803366,124.63988008305402
way/1268841585,1268841585,way,Philippines,plant,Missing output tag,none,"tags: {'plant:method': 'photovoltaic', 'plant:source': 'solar', 'power': 'plant'}",2026-04-24 03:34:05.946195,https://www.openstreetmap.org/way/1268841585,11.083651553758827,124.62579559872549
way/1293624884,1293624884,way,Philippines,plant,Capacity placeholder value,yes,Tag 'plant:output:electricity' contains placeholder value 'yes' instead of actual capacity,2026-04-24 03:34:05.947311,https://www.openstreetmap.org/way/1293624884,15.021041994916008,120.25119337552863
way/1295600924,1295600924,way,Philippines,plant,Missing output tag,none,"tags: {'landuse': 'industrial', 'name': 'Calabanga Solar Power Project', 'plant:source': 'solar', 'power': 'plant'}",2026-04-24 03:34:05.947783,https://www.openstreetmap.org/way/1295600924,13.73026483043572,123.25272569334358
way/1304922824,1304922824,way,Philippines,plant,Missing output tag,none,"tags: {'landuse': 'industrial', 'name:en': 'Norzagaray Bulacan Bunker C-fired diesel power station', 'plant:source': 'diesel', 'power': 'plant', 'source': 'https://www.gem.wiki/Bulacan_Bunker_C-fired_diesel_power_station'}",2026-04-24 03:34:05.948013,https://www.openstreetmap.org/way/1304922824,14.89318301449599,121.0741384804481
way/1314439328,1314439328,way,Philippines,plant,Capacity placeholder value,yes,Tag 'plant:output:electricity' contains placeholder value 'yes' instead of actual capacity,2026-04-24 03:34:05.948198,https://www.openstreetmap.org/way/1314439328,6.39260573430676,125.61761067974675
way/1321600979,1321600979,way,Philippines,plant,Capacity placeholder value,yes,Tag 'plant:output:electricity' contains placeholder value 'yes' instead of actual capacity,2026-04-24 03:34:05.949088,https://www.openstreetmap.org/way/1321600979,15.055443955040973,120.71859863190512
way/1331993759,1331993759,way,Philippines,plant,Capacity placeholder value,yes,Tag 'plant:output:electricity' contains placeholder value 'yes' instead of actual capacity,2026-04-24 03:34:05.950619,https://www.openstreetmap.org/way/1331993759,11.32385195459454,124.95404497565669
way/1336361650,1336361650,way,Philippines,plant,Capacity placeholder value,yes,Tag 'plant:output:electricity' contains placeholder value 'yes' instead of actual capacity,2026-04-24 03:34:05.951039,https://www.openstreetmap.org/way/1336361650,15.210694609195368,120.67277215225377
way/1353806140,1353806140,way,Philippines,plant,Missing source tag,none,"tags: {'landuse': 'industrial', 'power': 'plant'}",2026-04-24 03:34:05.951815,https://www.openstreetmap.org/way/1353806140,13.468887706153767,120.9272946739978
way/1359378253,1359378253,way,Philippines,plant,Missing output tag,none,"tags: {'addr:barangay': 'Santa Cruz', 'addr:city': 'Island Garden City of Samal', 'addr:district': 'Kaputian District', 'addr:place': 'Purok Solid', 'addr:postcode': '8119', 'addr:province': 'Davao del Norte', 'landuse': 'industrial', 'name': 'Talicud Solar Power Plant', 'plant:method': 'photovoltaic', 'plant:source': 'solar', 'power': 'plant'}",2026-04-24 03:34:05.952028,https://www.openstreetmap.org/way/1359378253,6.933836225332562,125.71772023189418
way/1369713659,1369713659,way,Philippines,plant,Missing output tag,none,"tags: {'generator:method': 'photovoltaic', 'generator:output:electricity': '48.1 MW', 'generator:source': 'solar', 'generator:type': 'solar_photovoltaic_panel', 'landuse': 'industrial', 'name': 'Samal Solar Power', 'operator': 'Samal Solar Renewables Energy Corporation', 'operator:type': 'private', 'power': 'plant'}",2026-04-24 03:34:05.952781,https://www.openstreetmap.org/way/1369713659,14.762896859125586,120.48818786247833
way/1372401043,1372401043,way,Philippines,plant,Missing output tag,none,"tags: {'generator:method': 'photovoltaic', 'generator:output:electricity': '48.1 MW', 'generator:source': 'solar', 'generator:type': 'solar_photovoltaic_panel', 'landuse': 'industrial', 'name': 'Balsik Solar Power', 'operator': 'Alternergy Holdings Corporation', 'operator:type': 'private', 'power': 'plant'}",2026-04-24 03:34:05.953075,https://www.openstreetmap.org/way/1372401043,14.864528149234122,120.50195817714801
way/1382221838,1382221838,way,Philippines,plant,Capacity placeholder value,yes,Tag 'plant:output:electricity' contains placeholder value 'yes' instead of actual capacity,2026-04-24 03:34:05.954033,https://www.openstreetmap.org/way/1382221838,16.073880654570225,120.64104885418597
way/1390481707,1390481707,way,Philippines,plant,Missing output tag,none,"tags: {'addr:barangay': 'Port Barton', 'addr:city': 'San Vicente', 'addr:place': 'Purok Maunlad', 'addr:postcode': '5309', 'addr:province': 'Palawan', 'contact:facebook': 'https://www.facebook.com/profile.php?id=100083279747503', 'landuse': 'industrial', 'name': 'Port Barton Diesel Power Plant', 'operator': 'PowerSource Philippines Incorporated', 'operator:short': 'PSPI', 'operator:type': 'private', 'plant:method': 'combustion', 'plant:source': 'diesel', 'power': 'plant'}",2026-04-24 03:34:05.954216,https://www.openstreetmap.org/way/1390481707,10.408313758259803,119.18280492670934
way/1408950805,1408950805,way,Philippines,plant,Missing output tag,none,"tags: {'barrier': 'wall', 'landuse': 'industrial', 'name:en': 'Nickel Asia Corporation (NAC) Diesel power plant', 'operator': 'Nickel Asia Philippines', 'plant:method': 'combustion', 'plant:source': 'diesel', 'power': 'plant'}",2026-04-24 03:34:05.954486,https://www.openstreetmap.org/way/1408950805,9.71895503052082,125.50813138045969
way/1416231751,1416231751,way,Philippines,plant,Capacity placeholder value,yes,Tag 'plant:output:electricity' contains placeholder value 'yes' instead of actual capacity,2026-04-24 03:34:05.954712,https://www.openstreetmap.org/way/1416231751,10.589755429389156,122.9642283383466
way/1431078647,1431078647,way,Philippines,plant,Capacity placeholder value,yes,Tag 'plant:output:electricity' contains placeholder value 'yes' instead of actual capacity,2026-04-24 03:34:05.954890,https://www.openstreetmap.org/way/1431078647,7.3729518999999994,125.58102729999999
way/1451503151,1451503151,way,Philippines,plant,Missing source tag,none,"tags: {'landuse': 'industrial', 'power': 'plant'}",2026-04-24 03:34:05.955571,https://www.openstreetmap.org/way/1451503151,6.9167355225481675,126.15503848125351
way/1453051851,1453051851,way,Philippines,plant,Missing output tag,none,"tags: {'name': 'Timba-an Run-of-river Hydroelectric Power Plant', 'operator': 'Oriental Energy & Power Generation Corporation', 'plant:source': 'hydro', 'power': 'plant'}",2026-04-24 03:34:05.955770,https://www.openstreetmap.org/way/1453051851,11.5373576306404,122.21773777067898
way/1458835194,1458835194,way,Philippines,plant,Missing output tag,none,"tags: {'landuse': 'industrial', 'name:en': 'Cleangreen Bagac Biomass power station', 'plant:source': 'biomass', 'power': 'plant', 'source': 'https://www.gem.wiki/Bagac_Biomass_power_station'}",2026-04-24 03:34:05.955998,https://www.openstreetmap.org/way/1458835194,14.783571584309545,120.46601048348515
way/1458906269,1458906269,way,Philippines,plant,Missing source tag,none,"tags: {'landuse': 'industrial', 'name:en': 'Isabela La Suerte Rice Mill Biomass power station', 'power': 'plant', 'source': 'https://www.uttamenergy.com/la-suerte-rice-mills-corp-isabela-philippines/'}",2026-04-24 03:34:05.956178,https://www.openstreetmap.org/way/1458906269,17.0008582427015,121.63292523096823
way/1459900895,1459900895,way,Philippines,plant,Missing output tag,none,"tags: {'landuse': 'industrial', 'name:en': 'URC-SONEDO Biomass power station', 'plant:source': 'biomass', 'power': 'plant', 'source': 'https://www.gem.wiki/URC-SONEDCO_power_station'}",2026-04-24 03:34:05.956348,https://www.openstreetmap.org/way/1459900895,9.956467223158597,122.80451492474798
way/1465207516,1465207516,way,Philippines,plant,Missing output tag,none,"tags: {'landuse': 'industrial', 'name:en': 'Hawaiian Philippine Company (HPCo) Biomass power station', 'plant:source': 'biomass', 'power': 'plant', 'source': 'https://www.gem.wiki/Hawaiian-Philippine_Company_Biomass_power_station'}",2026-04-24 03:34:05.956612,https://www.openstreetmap.org/way/1465207516,10.830682091899291,123.0055590547563
way/1465392020,1465392020,way,Philippines,plant,Missing output tag,none,"tags: {'landuse': 'industrial', 'name:en': 'East Asia Utilities (MEPZA) power station', 'operator': 'East Asia Utilities Corp', 'plant:source': 'diesel', 'power': 'plant'}",2026-04-24 03:34:05.956845,https://www.openstreetmap.org/way/1465392020,10.333437486992489,123.98581099425083
way/1465394041,1465394041,way,Philippines,plant,Missing output tag,none,"tags: {'landuse': 'industrial', 'name:en': 'Central Azucarera de Bais (CAB) power station', 'plant:source': 'biomass', 'power': 'plant', 'source': 'https://www.gem.wiki/Bais_Sugar_power_station'}",2026-04-24 03:34:05.957092,https://www.openstreetmap.org/way/1465394041,9.539820685599825,123.09874942976693
way/1465429451,1465429451,way,Philippines,plant,Missing output tag,none,"tags: {'landuse': 'industrial', 'name:en': 'Supreme Power Corporation Koronadal power station', 'plant:source': 'diesel', 'power': 'plant'}",2026-04-24 03:34:05.957290,https://www.openstreetmap.org/way/1465429451,6.471415029439409,124.80512775353414
way/1465430138,1465430138,way,Philippines,plant,Missing output tag,none,"tags: {'landuse': 'industrial', 'name:en': 'Tarlac Power Corporation power station', 'plant:source': 'diesel', 'power': 'plant'}",2026-04-24 03:34:05.957489,https://www.openstreetmap.org/way/1465430138,15.529404194334877,120.56061188519982
way/1465431988,1465431988,way,Philippines,plant,Missing output tag,none,"tags: {'landuse': 'industrial', 'name:en': 'Surallah Power Generation Inc power station', 'plant:source': 'biomass', 'power': 'plant'}",2026-04-24 03:34:05.957686,https://www.openstreetmap.org/way/1465431988,6.337554638254953,124.75920608897152
way/1465439918,1465439918,way,Philippines,plant,Missing output tag,none,"tags: {'landuse': 'industrial', 'name:en': 'Lamsan Biomass power station', 'plant:source': 'biomass', 'power': 'plant', 'source': 'https://www.gem.wiki/Lamsan_Biomass_power_station'}",2026-04-24 03:34:05.957904,https://www.openstreetmap.org/way/1465439918,7.2716695957341475,124.30303318752394
way/1465707559,1465707559,way,Philippines,plant,Missing output tag,none,"tags: {'landuse': 'industrial', 'name:en': 'King Energy Generation, Inc Maramag power station', 'plant:source': 'diesel', 'power': 'plant'}",2026-04-24 03:34:05.958107,https://www.openstreetmap.org/way/1465707559,7.830487877355774,125.05771013589815
way/1465709348,1465709348,way,Philippines,plant,Missing output tag,none,"tags: {'landuse': 'industrial', 'name:en': 'King Energy Generation, Inc Panaon power station', 'plant:source': 'diesel', 'power': 'plant'}",2026-04-24 03:34:05.958304,https://www.openstreetmap.org/way/1465709348,8.371828751887334,123.8321604002696
way/1465724500,1465724500,way,Philippines,plant,Missing output tag,none,"tags: {'landuse': 'industrial', 'name:en': 'PeakPower Bukidnon, Inc (PBI) power station', 'plant:source': 'diesel', 'power': 'plant'}",2026-04-24 03:34:05.958502,https://www.openstreetmap.org/way/1465724500,8.415275852062463,124.82093913269007
way/1465730531,1465730531,way,Philippines,plant,Missing output tag,none,"tags: {'landuse': 'industrial', 'name:en': 'North Bukidnon Power Corporation power station', 'plant:source': 'diesel', 'power': 'plant'}",2026-04-24 03:34:05.958705,https://www.openstreetmap.org/way/1465730531,8.04699904395647,125.12131007841448
way/1465734267,1465734267,way,Philippines,plant,Missing output tag,none,"tags: {'landuse': 'industrial', 'name:en': 'Libertad Power and Energy Corporation', 'plant:source': 'diesel', 'power': 'plant'}",2026-04-24 03:34:05.958935,https://www.openstreetmap.org/way/1465734267,7.975157552419975,123.53882302338242
way/1465735098,1465735098,way,Philippines,plant,Missing output tag,none,"tags: {'landuse': 'industrial', 'name:en': 'King Energy Generation, Inc Gingoog power station', 'plant:source': 'diesel', 'power': 'plant'}",2026-04-24 03:34:05.959137,https://www.openstreetmap.org/way/1465735098,8.870783255076956,125.04584681398501
way/1465736841,1465736841,way,Philippines,plant,Missing output tag,none,"tags: {'landuse': 'industrial', 'name:en': 'King Energy Generation, Inc Tandag power station', 'plant:source': 'diesel', 'power': 'plant'}",2026-04-24 03:34:05.959333,https://www.openstreetmap.org/way/1465736841,9.05776111943391,126.18790748871434
way/1469331445,1469331445,way,Philippines,plant,Missing source tag,none,"tags: {'landuse': 'industrial', 'name:en': 'San Mariano Biomass power station', 'operator': 'Green Future Innovations', 'power': 'plant'}",2026-04-24 03:34:05.959517,https://www.openstreetmap.org/way/1469331445,16.98907240065928,121.99392448566104
way/1485721976,1485721976,way,Philippines,plant,Missing source tag,none,"tags: {'landuse': 'industrial', 'power': 'plant'}",2026-04-24 03:34:05.959668,https://www.openstreetmap.org/way/1485721976,9.291238821313646,123.14311779070601
way/1499256356,1499256356,way,Philippines,plant,Capacity placeholder value,yes,Tag 'plant:output:electricity' contains placeholder value 'yes' instead of actual capacity,2026-04-24 03:34:05.960014,https://www.openstreetmap.org/way/1499256356,16.824119332303177,121.45280652613633
way/1499637253,1499637253,way,Philippines,plant,Capacity placeholder value,yes,Tag 'plant:output:electricity' contains placeholder value 'yes' instead of actual capacity,2026-04-24 03:34:05.960752,https://www.openstreetmap.org/way/1499637253,14.241353334497248,120.78835261885028
way/1501613524,1501613524,way,Philippines,plant,Capacity placeholder value,yes,Tag 'plant:output:electricity' contains placeholder value 'yes' instead of actual capacity,2026-04-24 03:34:05.961021,https://www.openstreetmap.org/way/1501613524,15.050238138776262,120.71582054003392
node/5479285193,5479285193,node,Philippines,plant,Missing output tag,none,"tags: {'generator:method': 'water-storage', 'generator:source': 'hydro', 'power': 'plant'}",2026-04-24 03:34:05.961101,https://www.openstreetmap.org/node/5479285193,7.1738077,125.4209948
node/11890129693,11890129693,node,Philippines,plant,Missing output tag,none,"tags: {'generator:output:electricity': '2.475', 'generator:source': 'diesel', 'operator': 'NATIONAL POWER CORPORATION', 'power': 'plant'}",2026-04-24 03:34:05.961197,https://www.openstreetmap.org/node/11890129693,12.5701625,123.7261782
relation/13483600,13483600,relation,Thailand,plant,Capacity placeholder value,yes,Tag 'plant:output:electricity' contains placeholder value 'yes' instead of actual capacity,2026-04-24 03:39:09.282818,https://www.openstreetmap.org/relation/13483600,15.000527612963667,100.71381668098029
relation/13555390,13555390,relation,Thailand,plant,Capacity placeholder value,yes,Tag 'plant:output:electricity' contains placeholder value 'yes' instead of actual capacity,2026-04-24 03:39:09.284478,https://www.openstreetmap.org/relation/13555390,12.675211022952594,101.13552197927102
relation/16076923,16076923,relation,Thailand,plant,Missing source tag,none,"tags: {'landuse': 'industrial', 'name': 'Glow SPP 11 (Pluak Daeng 1 & 2) Power Plants', 'power': 'plant', 'source': 'https://www.gem.wiki/Glow_SPP_11_power_station', 'type': 'multipolygon'}",2026-04-24 03:39:09.291758,https://www.openstreetmap.org/relation/16076923,13.002401111048211,101.13675646161107
relation/16079832,16079832,relation,Thailand,plant,Missing source tag,none,"tags: {'landuse': 'industrial', 'name': 'PTT Olefins Power Stations', 'power': 'plant', 'type': 'multipolygon'}",2026-04-24 03:39:09.292646,https://www.openstreetmap.org/relation/16079832,12.703792189788464,101.13890695969425
relation/16431102,16431102,relation,Thailand,plant,Capacity placeholder value,yes,Tag 'plant:output:electricity' contains placeholder value 'yes' instead of actual capacity,2026-04-24 03:39:09.298244,https://www.openstreetmap.org/relation/16431102,16.67956523390869,99.56777102710781
relation/16467058,16467058,relation,Thailand,plant,Capacity placeholder value,yes,Tag 'plant:output:electricity' contains placeholder value 'yes' instead of actual capacity,2026-04-24 03:39:09.299441,https://www.openstreetmap.org/relation/16467058,13.623019685082376,102.4677723685946
relation/16467150,16467150,relation,Thailand,plant,Capacity placeholder value,yes,Tag 'plant:output:electricity' contains placeholder value 'yes' instead of actual capacity,2026-04-24 03:39:09.300471,https://www.openstreetmap.org/relation/16467150,14.540474497243475,101.0778387859111
relation/17989159,17989159,relation,Thailand,plant,Missing source tag,none,"tags: {'landuse': 'industrial', 'name': 'การไฟฟ้านครหลวงเขตสามเสน', 'name:th': 'การไฟฟ้านครหลวงเขตสามเสน', 'power': 'plant', 'type': 'multipolygon'}",2026-04-24 03:39:09.301696,https://www.openstreetmap.org/relation/17989159,13.786795460309602,100.51011731781668
way/107789748,107789748,way,Thailand,plant,Missing source tag,none,"tags: {'addr:city': 'ตำบลห้วยโป่ง', 'addr:housenumber': '35', 'addr:postcode': '21150', 'landuse': 'industrial', 'name': 'โรงไฟฟ้าระยอง', 'operator': 'Egco', 'plant:output:electricity': '600', 'power': 'plant'}",2026-04-24 03:39:09.302614,https://www.openstreetmap.org/way/107789748,12.760762934032513,101.15397809742339
way/331769203,331769203,way,Thailand,plant,Capacity placeholder value,yes,Tag 'plant:output:electricity' contains placeholder value 'yes' instead of actual capacity,2026-04-24 03:39:09.308513,https://www.openstreetmap.org/way/331769203,17.94467503894629,104.00603030309155
way/404572911,404572911,way,Thailand,plant,Capacity regex no match,1 GW,Tag 'plant:output:electricity' has value '1 GW' which could not be parsed,2026-04-24 03:39:09.310161,https://www.openstreetmap.org/way/404572911,14.80755523341007,101.54506682877191
way/408425000,408425000,way,Thailand,plant,Capacity regex no match,700,Tag 'plant:output:electricity' has value '700' which could not be parsed,2026-04-24 03:39:09.310515,https://www.openstreetmap.org/way/408425000,13.535760658730336,99.74095072422695
way/421448791,421448791,way,Thailand,plant,Capacity placeholder value,yes,Tag 'plant:output:electricity' contains placeholder value 'yes' instead of actual capacity,2026-04-24 03:39:09.311607,https://www.openstreetmap.org/way/421448791,12.879714818217204,100.97295978681245
way/444863782,444863782,way,Thailand,plant,Capacity placeholder value,yes,Tag 'plant:output:electricity' contains placeholder value 'yes' instead of actual capacity,2026-04-24 03:39:09.311844,https://www.openstreetmap.org/way/444863782,17.5077931075765,99.79554234764623
way/449151890,449151890,way,Thailand,plant,Capacity placeholder value,yes,Tag 'plant:output:electricity' contains placeholder value 'yes' instead of actual capacity,2026-04-24 03:39:09.312215,https://www.openstreetmap.org/way/449151890,15.069724125441281,104.92934260228598
way/521833325,521833325,way,Thailand,plant,Missing source tag,none,tags: {'power': 'plant'},2026-04-24 03:39:09.313534,https://www.openstreetmap.org/way/521833325,14.254935340494313,100.6144517747997
way/531371465,531371465,way,Thailand,plant,Missing source tag,none,"tags: {'alt_name': 'Saha Patana CCGT Power Plant', 'name': 'Sahacogen (Chonburi) Power Plant', 'power': 'plant', 'source': 'http://globalenergyobservatory.org/geoid/45295'}",2026-04-24 03:39:09.313854,https://www.openstreetmap.org/way/531371465,13.098923493439365,100.95971169121798
way/543860000,543860000,way,Thailand,plant,Capacity placeholder value,yes,Tag 'plant:output:electricity' contains placeholder value 'yes' instead of actual capacity,2026-04-24 03:39:09.314096,https://www.openstreetmap.org/way/543860000,20.171970870802866,100.015359439514
way/550862968,550862968,way,Thailand,plant,Capacity placeholder value,yes,Tag 'plant:output:electricity' contains placeholder value 'yes' instead of actual capacity,2026-04-24 03:39:09.314445,https://www.openstreetmap.org/way/550862968,9.072091950107408,99.22397089874845
way/563864986,563864986,way,Thailand,plant,Capacity placeholder value,yes,Tag 'plant:output:electricity' contains placeholder value 'yes' instead of actual capacity,2026-04-24 03:39:09.315645,https://www.openstreetmap.org/way/563864986,14.571545767332472,100.97190113008901
way/564815257,564815257,way,Thailand,plant,Capacity placeholder value,yes,Tag 'plant:output:electricity' contains placeholder value 'yes' instead of actual capacity,2026-04-24 03:39:09.315851,https://www.openstreetmap.org/way/564815257,14.717585141077391,103.06622783081058
way/572888974,572888974,way,Thailand,plant,Missing output tag,none,"tags: {'name': 'โรงไฟฟ้า GNNK', 'operator': 'Gulf', 'plant:source': 'gas', 'power': 'plant'}",2026-04-24 03:39:09.317080,https://www.openstreetmap.org/way/572888974,13.735524159710856,101.01459697912459
way/604523379,604523379,way,Thailand,plant,Capacity placeholder value,yes,Tag 'plant:output:electricity' contains placeholder value 'yes' instead of actual capacity,2026-04-24 03:39:09.317348,https://www.openstreetmap.org/way/604523379,20.168737173302873,100.0152274575671
way/604523382,604523382,way,Thailand,plant,Capacity placeholder value,yes,Tag 'plant:output:electricity' contains placeholder value 'yes' instead of actual capacity,2026-04-24 03:39:09.317633,https://www.openstreetmap.org/way/604523382,20.16840927438883,100.025115783148
way/637904232,637904232,way,Thailand,plant,Capacity placeholder value,yes,Tag 'plant:output:electricity' contains placeholder value 'yes' instead of actual capacity,2026-04-24 03:39:09.318177,https://www.openstreetmap.org/way/637904232,14.9289823256976,100.1424439845791
way/647496985,647496985,way,Thailand,plant,Missing source tag,none,tags: {'power': 'plant'},2026-04-24 03:39:09.319337,https://www.openstreetmap.org/way/647496985,14.34481645983928,100.6909594378307
way/649750276,649750276,way,Thailand,plant,Missing source tag,none,tags: {'power': 'plant'},2026-04-24 03:39:09.319512,https://www.openstreetmap.org/way/649750276,12.702995921277102,101.12634422053881
way/650345368,650345368,way,Thailand,plant,Capacity placeholder value,yes,Tag 'plant:output:electricity' contains placeholder value 'yes' instead of actual capacity,2026-04-24 03:39:09.320583,https://www.openstreetmap.org/way/650345368,12.753775548647091,101.16383419464591
way/650374659,650374659,way,Thailand,plant,Missing source tag,none,"tags: {'addr:city': 'ตำบเมืองระยอง', 'addr:postcode': '21150', 'landuse': 'industrial', 'name:en': 'Glow SPP Power Plant Phase 3-5', 'operator': 'Glow SPP', 'power': 'plant', 'source': 'https://www.gpscgroup.com/en/business/project/13/glow-spp-2glow-spp-3-plant-phase-3;https://www.gpscgroup.com/en/business/project/687/glow-energy-phase-4;https://www.gpscgroup.com/en/business/project/12/glow-energy-phase-5-plant', 'start_date': 'Ausgust 2012'}",2026-04-24 03:39:09.321002,https://www.openstreetmap.org/way/650374659,12.676817329640915,101.13553782904096
way/650392736,650392736,way,Thailand,plant,Missing source tag,none,tags: {'power': 'plant'},2026-04-24 03:39:09.321298,https://www.openstreetmap.org/way/650392736,14.556948985354579,100.96807504991143
way/650395898,650395898,way,Thailand,plant,Missing source tag,none,"tags: {'industrial': 'gas_separation', 'landuse': 'industrial', 'name': 'Map Ta Phut BKK power station', 'power': 'plant'}",2026-04-24 03:39:09.321551,https://www.openstreetmap.org/way/650395898,12.705957675830328,101.15151811876879
way/658924228,658924228,way,Thailand,plant,Capacity placeholder value,yes,Tag 'plant:output:electricity' contains placeholder value 'yes' instead of actual capacity,2026-04-24 03:39:09.322400,https://www.openstreetmap.org/way/658924228,16.8941236192324,104.68293032262414
way/660320089,660320089,way,Thailand,plant,Missing source tag,none,"tags: {'landuse': 'industrial', 'name': 'SIPCO I Rayong Power Plant', 'power': 'plant', 'source': 'https://www.sojitz.com/en/news/2008/05/20080516.php'}",2026-04-24 03:39:09.324923,https://www.openstreetmap.org/way/660320089,12.790662336072879,101.2453341774699
way/660649787,660649787,way,Thailand,plant,Missing source tag,none,"tags: {'plant:output:electricity': 'yes', 'power': 'plant'}",2026-04-24 03:39:09.325418,https://www.openstreetmap.org/way/660649787,9.43304376452016,97.86193040092053
way/691251443,691251443,way,Thailand,plant,Capacity placeholder value,yes,Tag 'plant:output:electricity' contains placeholder value 'yes' instead of actual capacity,2026-04-24 03:39:09.325753,https://www.openstreetmap.org/way/691251443,14.316248460546944,100.66025004910439
way/691251444,691251444,way,Thailand,plant,Capacity placeholder value,yes,Tag 'plant:output:electricity' contains placeholder value 'yes' instead of actual capacity,2026-04-24 03:39:09.326112,https://www.openstreetmap.org/way/691251444,14.310434036738688,100.66182865708363
way/698053497,698053497,way,Thailand,plant,Capacity regex no match,90,Tag 'plant:output:electricity' has value '90' which could not be parsed,2026-04-24 03:39:09.327372,https://www.openstreetmap.org/way/698053497,15.36906086790559,100.30005098315317
way/698053924,698053924,way,Thailand,plant,Missing output tag,none,"tags: {'name': 'Phitsanulok Solar Power Plant', 'plant:source': 'solar', 'power': 'plant'}",2026-04-24 03:39:09.327930,https://www.openstreetmap.org/way/698053924,17.07067191888805,100.11621695985258
way/759871297,759871297,way,Thailand,plant,Capacity placeholder value,yes,Tag 'plant:output:electricity' contains placeholder value 'yes' instead of actual capacity,2026-04-24 03:39:09.330742,https://www.openstreetmap.org/way/759871297,14.761810881574966,103.06319064586015
way/765900879,765900879,way,Thailand,plant,Capacity placeholder value,yes,Tag 'plant:output:electricity' contains placeholder value 'yes' instead of actual capacity,2026-04-24 03:39:09.331036,https://www.openstreetmap.org/way/765900879,17.18266421436737,99.12820546190996
way/765900884,765900884,way,Thailand,plant,Capacity placeholder value,yes,Tag 'plant:output:electricity' contains placeholder value 'yes' instead of actual capacity,2026-04-24 03:39:09.331248,https://www.openstreetmap.org/way/765900884,17.180307754648933,99.12138247874945
way/767732160,767732160,way,Thailand,plant,Missing source tag,none,"tags: {'landuse': 'industrial', 'name': 'บริษัท ผลิตไฟฟ้าและน้ำเย็น จำกัด', 'name:en': 'District Cooling and Power Co., Ltd.', 'name:th': 'บริษัท ผลิตไฟฟ้าและน้ำเย็น จำกัด', 'power': 'plant'}",2026-04-24 03:39:09.331447,https://www.openstreetmap.org/way/767732160,13.713758478636233,100.75939579105132
way/785279193,785279193,way,Thailand,plant,Capacity placeholder value,yes,Tag 'plant:output:electricity' contains placeholder value 'yes' instead of actual capacity,2026-04-24 03:39:09.331771,https://www.openstreetmap.org/way/785279193,14.576965094242341,100.75748812763051
way/796349015,796349015,way,Thailand,plant,Capacity placeholder value,yes,Tag 'plant:output:electricity' contains placeholder value 'yes' instead of actual capacity,2026-04-24 03:39:09.332327,https://www.openstreetmap.org/way/796349015,15.82725036345245,100.99167044371391
way/799390358,799390358,way,Thailand,plant,Capacity placeholder value,yes,Tag 'plant:output:electricity' contains placeholder value 'yes' instead of actual capacity,2026-04-24 03:39:09.333405,https://www.openstreetmap.org/way/799390358,16.115048977027826,102.74988193659186
way/803200542,803200542,way,Thailand,plant,Capacity placeholder value,yes,Tag 'plant:output:electricity' contains placeholder value 'yes' instead of actual capacity,2026-04-24 03:39:09.333685,https://www.openstreetmap.org/way/803200542,15.001209144816741,100.69571499655228
way/813281237,813281237,way,Thailand,plant,Capacity placeholder value,yes,Tag 'plant:output:electricity' contains placeholder value 'yes' instead of actual capacity,2026-04-24 03:39:09.334120,https://www.openstreetmap.org/way/813281237,15.680278299706373,101.04776278605816
way/814650097,814650097,way,Thailand,plant,Capacity placeholder value,yes,Tag 'plant:output:electricity' contains placeholder value 'yes' instead of actual capacity,2026-04-24 03:39:09.334684,https://www.openstreetmap.org/way/814650097,16.026644156386816,99.88817407971811
way/817142127,817142127,way,Thailand,plant,Capacity placeholder value,yes,Tag 'plant:output:electricity' contains placeholder value 'yes' instead of actual capacity,2026-04-24 03:39:09.334972,https://www.openstreetmap.org/way/817142127,14.48260021935929,101.02166659973123
way/817190936,817190936,way,Thailand,plant,Capacity placeholder value,yes,Tag 'plant:output:electricity' contains placeholder value 'yes' instead of actual capacity,2026-04-24 03:39:09.335363,https://www.openstreetmap.org/way/817190936,14.492696041162779,101.03931809099102
way/820900408,820900408,way,Thailand,plant,Missing output tag,none,"tags: {'plant:method': 'photovoltaic', 'plant:source': 'solar', 'power': 'plant'}",2026-04-24 03:39:09.335605,https://www.openstreetmap.org/way/820900408,13.362769359807118,99.9234652922174
way/820900411,820900411,way,Thailand,plant,Missing output tag,none,"tags: {'plant:method': 'photovoltaic', 'plant:source': 'solar', 'power': 'plant'}",2026-04-24 03:39:09.335832,https://www.openstreetmap.org/way/820900411,13.360790274046758,99.92545626780834
way/820954314,820954314,way,Thailand,plant,Capacity placeholder value,yes,Tag 'plant:output:electricity' contains placeholder value 'yes' instead of actual capacity,2026-04-24 03:39:09.336299,https://www.openstreetmap.org/way/820954314,13.47503231092779,100.13621240675927
way/853928178,853928178,way,Thailand,plant,Missing source tag,none,"tags: {'landuse': 'industrial', 'name': 'Gulf GNC Power Plant', 'power': 'plant', 'source': 'https://www.set.or.th/set/pdfnews.do?newsId=15123427171860&sequence=2017098545'}",2026-04-24 03:39:09.336493,https://www.openstreetmap.org/way/853928178,14.032786359167762,101.71196251872668
way/857494774,857494774,way,Thailand,plant,Capacity placeholder value,yes,Tag 'plant:output:electricity' contains placeholder value 'yes' instead of actual capacity,2026-04-24 03:39:09.336695,https://www.openstreetmap.org/way/857494774,16.48029251843268,102.50698629846076
way/857496701,857496701,way,Thailand,plant,Capacity placeholder value,yes,Tag 'plant:output:electricity' contains placeholder value 'yes' instead of actual capacity,2026-04-24 03:39:09.336983,https://www.openstreetmap.org/way/857496701,16.499873215024245,102.32428059190455
way/866322020,866322020,way,Thailand,plant,Missing output tag,none,"tags: {'landuse': 'industrial', 'note': 'I used the tags according to: https://wiki.openstreetmap.org/wiki/Tag:power%3Dplant', 'plant:method': 'photovoltaic', 'plant:source': 'solar', 'power': 'plant'}",2026-04-24 03:39:09.337527,https://www.openstreetmap.org/way/866322020,19.18423480960601,97.98455118652329
way/883859345,883859345,way,Thailand,plant,Capacity placeholder value,yes,Tag 'plant:output:electricity' contains placeholder value 'yes' instead of actual capacity,2026-04-24 03:39:09.338045,https://www.openstreetmap.org/way/883859345,15.460531545175325,101.72761846048861
way/886277904,886277904,way,Thailand,plant,Capacity placeholder value,yes,Tag 'plant:output:electricity' contains placeholder value 'yes' instead of actual capacity,2026-04-24 03:39:09.339264,https://www.openstreetmap.org/way/886277904,13.000541524606685,101.13663355156407
way/886277911,886277911,way,Thailand,plant,Capacity placeholder value,yes,Tag 'plant:output:electricity' contains placeholder value 'yes' instead of actual capacity,2026-04-24 03:39:09.339460,https://www.openstreetmap.org/way/886277911,13.007500738721834,101.13709352337008
way/886286712,886286712,way,Thailand,plant,Missing source tag,none,"tags: {'landuse': 'industrial', 'name': 'Lat Krabang power station', 'power': 'plant'}",2026-04-24 03:39:09.339614,https://www.openstreetmap.org/way/886286712,13.759773608769363,100.78892962479387
way/886293521,886293521,way,Thailand,plant,Missing source tag,none,"tags: {'landuse': 'industrial', 'name': 'Sriracha Refinery Thail Oil Public Co Power Station', 'power': 'plant', 'source': 'https://www.emerson.com/documents/automation/thai-oil%E2%80%99s-refinery-cogeneration-site-saves-1m-using-ams-suite-real-time-optimizer-en-41422.pdf'}",2026-04-24 03:39:09.339817,https://www.openstreetmap.org/way/886293521,13.105031854156586,100.89913790179158
way/888428209,888428209,way,Thailand,plant,Capacity placeholder value,yes,Tag 'plant:output:electricity' contains placeholder value 'yes' instead of actual capacity,2026-04-24 03:39:09.340392,https://www.openstreetmap.org/way/888428209,17.052801020332147,100.17198994382332
way/889262372,889262372,way,Thailand,plant,Missing source tag,none,"tags: {'landuse': 'industrial', 'name': 'Bangpoo Samutprakarn Cogen Power Plant', 'operator': 'SSUT Company Limited', 'power': 'plant', 'source': 'https://www.ttcl.com/business/project_experiences/power/58;https://www.chuden.co.jp/english/corporate/releases/pressreleases/__icsFiles/afieldfile/2020/03/31/0414.pdf'}",2026-04-24 03:39:09.340588,https://www.openstreetmap.org/way/889262372,13.538844850638558,100.63712331526993
way/889446415,889446415,way,Thailand,plant,Capacity placeholder value,yes,Tag 'plant:output:electricity' contains placeholder value 'yes' instead of actual capacity,2026-04-24 03:39:09.341204,https://www.openstreetmap.org/way/889446415,15.454282511755872,104.7648431155266
way/890910392,890910392,way,Thailand,plant,Capacity placeholder value,yes,Tag 'plant:output:electricity' contains placeholder value 'yes' instead of actual capacity,2026-04-24 03:39:09.341515,https://www.openstreetmap.org/way/890910392,15.603961997467279,102.55924838065295
way/914166335,914166335,way,Thailand,plant,Capacity placeholder value,yes,Tag 'plant:output:electricity' contains placeholder value 'yes' instead of actual capacity,2026-04-24 03:39:09.342037,https://www.openstreetmap.org/way/914166335,15.42174978178058,101.69822619964037
way/923980048,923980048,way,Thailand,plant,Capacity placeholder value,yes,Tag 'plant:output:electricity' contains placeholder value 'yes' instead of actual capacity,2026-04-24 03:39:09.342388,https://www.openstreetmap.org/way/923980048,12.694338361633832,101.14532181890708
way/924962601,924962601,way,Thailand,plant,Capacity placeholder value,yes,Tag 'plant:output:electricity' contains placeholder value 'yes' instead of actual capacity,2026-04-24 03:39:09.342556,https://www.openstreetmap.org/way/924962601,14.1972860295161,100.58730917715245
way/926167463,926167463,way,Thailand,plant,Missing source tag,none,tags: {'power': 'plant'},2026-04-24 03:39:09.342738,https://www.openstreetmap.org/way/926167463,13.455226834305153,101.05647714399745
way/927991228,927991228,way,Thailand,plant,Capacity placeholder value,yes,Tag 'plant:output:electricity' contains placeholder value 'yes' instead of actual capacity,2026-04-24 03:39:09.343004,https://www.openstreetmap.org/way/927991228,13.839354620970207,99.85622480067806
way/931157112,931157112,way,Thailand,plant,Capacity placeholder value,yes,Tag 'plant:output:electricity' contains placeholder value 'yes' instead of actual capacity,2026-04-24 03:39:09.343163,https://www.openstreetmap.org/way/931157112,16.464317234782143,102.8083631880361
way/931896201,931896201,way,Thailand,plant,Missing source tag,none,"tags: {'landuse': 'industrial', 'name': 'สถานีไฟฟ้ากบินทร์บุรี 1', 'power': 'plant'}",2026-04-24 03:39:09.343316,https://www.openstreetmap.org/way/931896201,14.073572344997604,101.82741914287972
way/941920315,941920315,way,Thailand,plant,Missing source tag,none,tags: {'power': 'plant'},2026-04-24 03:39:09.343711,https://www.openstreetmap.org/way/941920315,12.71257032557694,101.11689308344054
way/941920320,941920320,way,Thailand,plant,Missing source tag,none,"tags: {'landuse': 'industrial', 'power': 'plant'}",2026-04-24 03:39:09.343908,https://www.openstreetmap.org/way/941920320,12.701389593075056,101.13850106377315
way/941962667,941962667,way,Thailand,plant,Missing source tag,none,tags: {'power': 'plant'},2026-04-24 03:39:09.344077,https://www.openstreetmap.org/way/941962667,12.702682147549751,101.12688971305434
way/941962668,941962668,way,Thailand,plant,Missing output tag,none,"tags: {'name': 'Rayong CUP-1 Power Plant', 'plant:method': 'combustion', 'plant:source': 'gas', 'power': 'plant', 'source': 'http://globalenergyobservatory.org/geoid/45308'}",2026-04-24 03:39:09.344279,https://www.openstreetmap.org/way/941962668,12.701514765146626,101.125786887824
way/957617175,957617175,way,Thailand,plant,Capacity placeholder value,yes,Tag 'plant:output:electricity' contains placeholder value 'yes' instead of actual capacity,2026-04-24 03:39:09.344699,https://www.openstreetmap.org/way/957617175,13.650762792472364,99.84670605410666
way/967685969,967685969,way,Thailand,plant,Missing source tag,none,"tags: {'landuse': 'industrial', 'name': 'BPU Cogeneration Power Project (TP/SK Cogen)', 'power': 'plant', 'source': 'https://www.jerapt.co.th/website.nsf/projectsOE.xsp?page=oe'}",2026-04-24 03:39:09.345121,https://www.openstreetmap.org/way/967685969,13.858788867582694,99.85561575931635
way/968290545,968290545,way,Thailand,plant,Missing source tag,none,"tags: {'alt_name': 'Gulf BP Ban Pho Power Plant', 'landuse': 'industrial', 'name': 'Gulf GBP Power Plant', 'power': 'plant', 'source': 'https://eia.onep.go.th/projectdetail.php?id=10375'}",2026-04-24 03:39:09.345519,https://www.openstreetmap.org/way/968290545,14.253193523315888,100.60327305578832
way/968874939,968874939,way,Thailand,plant,Missing source tag,none,"tags: {'landuse': 'industrial', 'name': 'Klongluang Cogen Power Plant', 'power': 'plant', 'source': 'https://www.ttcl.com/business/project_experiences/power/56'}",2026-04-24 03:39:09.345681,https://www.openstreetmap.org/way/968874939,14.022256617913122,100.61446158215789
way/968959195,968959195,way,Thailand,plant,Missing output tag,none,"tags: {'landuse': 'industrial', 'name': 'Mitro Biopower Chaiyaphum Power Plant', 'plant:source': 'biomass', 'power': 'plant', 'source': 'https://www.mitrphol.com/zadmin/ckimage/file/SDReport2017eng.pdf'}",2026-04-24 03:39:09.345916,https://www.openstreetmap.org/way/968959195,16.48273808109384,102.11938677863276
way/983276069,983276069,way,Thailand,plant,Missing source tag,none,"tags: {'landuse': 'industrial', 'name': 'Gulf GBL Power Plant', 'power': 'plant', 'source': 'https://www.set.or.th/set/pdfnews.do?newsId=15123427171860&sequence=2017098545'}",2026-04-24 03:39:09.346302,https://www.openstreetmap.org/way/983276069,14.25234056181491,100.58814852703686
way/983318910,983318910,way,Thailand,plant,Missing source tag,none,"tags: {'landuse': 'industrial', 'name': 'Gulf GNVR 1 & 2 Power Plant', 'power': 'plant', 'source': 'https://www.set.or.th/set/pdfnews.do?newsId=15123427171860&sequence=2017098545'}",2026-04-24 03:39:09.346493,https://www.openstreetmap.org/way/983318910,14.928890989080426,102.17693752121612
way/991129427,991129427,way,Thailand,plant,Capacity placeholder value,yes,Tag 'plant:output:electricity' contains placeholder value 'yes' instead of actual capacity,2026-04-24 03:39:09.346691,https://www.openstreetmap.org/way/991129427,16.05731292963126,102.10158788518456
way/991599748,991599748,way,Thailand,plant,Missing output tag,none,"tags: {'generator:output:electricity': '31200W', 'note': '120 x 260Wp', 'plant:method': 'photovoltaic', 'plant:source': 'solar', 'power': 'plant'}",2026-04-24 03:39:09.346894,https://www.openstreetmap.org/way/991599748,18.75727504148922,98.93989220134854
way/991600948,991600948,way,Thailand,plant,Missing output tag,none,"tags: {'plant:method': 'photovoltaic', 'plant:source': 'solar', 'power': 'plant'}",2026-04-24 03:39:09.347126,https://www.openstreetmap.org/way/991600948,18.757016864437567,98.93973597646786
way/991600996,991600996,way,Thailand,plant,Missing output tag,none,"tags: {'plant:method': 'photovoltaic', 'plant:source': 'solar', 'power': 'plant'}",2026-04-24 03:39:09.347337,https://www.openstreetmap.org/way/991600996,18.756673,98.94032424999999
way/991601455,991601455,way,Thailand,plant,Capacity placeholder value,yes,Tag 'plant:output:electricity' contains placeholder value 'yes' instead of actual capacity,2026-04-24 03:39:09.347528,https://www.openstreetmap.org/way/991601455,18.759203550000002,98.94110965000002
way/991601456,991601456,way,Thailand,plant,Capacity placeholder value,yes,Tag 'plant:output:electricity' contains placeholder value 'yes' instead of actual capacity,2026-04-24 03:39:09.347686,https://www.openstreetmap.org/way/991601456,18.75920375,98.94069024999999
way/991601457,991601457,way,Thailand,plant,Missing output tag,none,"tags: {'plant:method': 'photovoltaic', 'plant:source': 'solar', 'power': 'plant'}",2026-04-24 03:39:09.347863,https://www.openstreetmap.org/way/991601457,18.759263199587203,98.94025983379774
way/991601513,991601513,way,Thailand,plant,Missing output tag,none,"tags: {'plant:method': 'photovoltaic', 'plant:source': 'solar', 'power': 'plant'}",2026-04-24 03:39:09.348098,https://www.openstreetmap.org/way/991601513,18.75841875,98.94181564999998
way/1007157749,1007157749,way,Thailand,plant,Capacity placeholder value,yes,Tag 'plant:output:electricity' contains placeholder value 'yes' instead of actual capacity,2026-04-24 03:39:09.349848,https://www.openstreetmap.org/way/1007157749,14.148931776005115,100.09294151894164
way/1007157755,1007157755,way,Thailand,plant,Capacity placeholder value,yes,Tag 'plant:output:electricity' contains placeholder value 'yes' instead of actual capacity,2026-04-24 03:39:09.350654,https://www.openstreetmap.org/way/1007157755,14.15464604327347,100.13747031335058
way/1007157756,1007157756,way,Thailand,plant,Capacity placeholder value,yes,Tag 'plant:output:electricity' contains placeholder value 'yes' instead of actual capacity,2026-04-24 03:39:09.351331,https://www.openstreetmap.org/way/1007157756,14.137091453919865,100.14506543778924
way/1007157758,1007157758,way,Thailand,plant,Missing output tag,none,"tags: {'plant:method': 'photovoltaic', 'plant:source': 'solar', 'power': 'plant'}",2026-04-24 03:39:09.352043,https://www.openstreetmap.org/way/1007157758,14.109083604551897,100.17427591188034
way/1028295027,1028295027,way,Thailand,plant,Capacity regex no match,no,Tag 'plant:output:electricity' has value 'no' which could not be parsed,2026-04-24 03:39:09.352586,https://www.openstreetmap.org/way/1028295027,9.726837089363267,99.99147302750377
way/1028295049,1028295049,way,Thailand,plant,Missing output tag,none,"tags: {'plant:method': 'photovoltaic', 'plant:source': 'solar', 'power': 'plant'}",2026-04-24 03:39:09.352800,https://www.openstreetmap.org/way/1028295049,14.509662948773915,99.71091948628516
way/1028830965,1028830965,way,Thailand,plant,Missing output tag,none,"tags: {'landuse': 'industrial', 'plant:source': 'solar', 'power': 'plant'}",2026-04-24 03:39:09.353267,https://www.openstreetmap.org/way/1028830965,18.219004916204533,100.1266878859513
way/1029296506,1029296506,way,Thailand,plant,Capacity placeholder value,yes,Tag 'plant:output:electricity' contains placeholder value 'yes' instead of actual capacity,2026-04-24 03:39:09.353669,https://www.openstreetmap.org/way/1029296506,11.472873310807323,99.59729865474154
way/1033702188,1033702188,way,Thailand,plant,Missing output tag,none,"tags: {'plant:method': 'photovoltaic', 'plant:source': 'solar', 'power': 'plant'}",2026-04-24 03:39:09.353904,https://www.openstreetmap.org/way/1033702188,13.574014785629748,99.46255029304899
way/1044171411,1044171411,way,Thailand,plant,Capacity placeholder value,yes,Tag 'plant:output:electricity' contains placeholder value 'yes' instead of actual capacity,2026-04-24 03:39:09.354142,https://www.openstreetmap.org/way/1044171411,13.930886012619357,101.59415122242913
way/1044658957,1044658957,way,Thailand,plant,Capacity placeholder value,yes,Tag 'plant:output:electricity' contains placeholder value 'yes' instead of actual capacity,2026-04-24 03:39:09.354457,https://www.openstreetmap.org/way/1044658957,15.298621696888855,105.34750150785166
way/1074709041,1074709041,way,Thailand,plant,Missing output tag,none,"tags: {'generator:source': 'solar', 'name': 'บริษัท\u200b บางกอกโซลาร์\u200b พาวเวอร์\u200b จำกัด', 'plant:source': 'solar', 'power': 'plant', 'source': 'Bing'}",2026-04-24 03:39:09.355525,https://www.openstreetmap.org/way/1074709041,14.589617317091104,100.4759345144471
way/1090833201,1090833201,way,Thailand,plant,Missing source tag,none,"tags: {'landuse': 'industrial', 'name': 'Gulf TLC power station', 'power': 'plant'}",2026-04-24 03:39:09.355735,https://www.openstreetmap.org/way/1090833201,14.558472104237277,100.96461941408732
way/1090834953,1090834953,way,Thailand,plant,Capacity placeholder value,yes,Tag 'plant:output:electricity' contains placeholder value 'yes' instead of actual capacity,2026-04-24 03:39:09.355919,https://www.openstreetmap.org/way/1090834953,14.097736150100168,100.5726634348682
way/1109769038,1109769038,way,Thailand,plant,Capacity placeholder value,yes,Tag 'plant:output:electricity' contains placeholder value 'yes' instead of actual capacity,2026-04-24 03:39:09.356139,https://www.openstreetmap.org/way/1109769038,16.04856868100938,102.71955516983482
way/1120615456,1120615456,way,Thailand,plant,Missing output tag,none,"tags: {'landuse': 'industrial', 'name': 'กิ่วคอหมา', 'operator': 'EGAT', 'operator:wikidata': 'Q3050569', 'plant:method': 'water-storage', 'plant:source': 'hydro', 'power': 'plant'}",2026-04-24 03:39:09.356890,https://www.openstreetmap.org/way/1120615456,18.807345642842275,99.64373241040536
way/1126986048,1126986048,way,Thailand,plant,Capacity placeholder value,yes,Tag 'plant:output:electricity' contains placeholder value 'yes' instead of actual capacity,2026-04-24 03:39:09.357239,https://www.openstreetmap.org/way/1126986048,19.97144402972363,99.10397704380901
way/1174507933,1174507933,way,Thailand,plant,Capacity placeholder value,yes,Tag 'plant:output:electricity' contains placeholder value 'yes' instead of actual capacity,2026-04-24 03:39:09.357583,https://www.openstreetmap.org/way/1174507933,16.637930536688494,99.596767205213
way/1174508566,1174508566,way,Thailand,plant,Capacity placeholder value,yes,Tag 'plant:output:electricity' contains placeholder value 'yes' instead of actual capacity,2026-04-24 03:39:09.358006,https://www.openstreetmap.org/way/1174508566,16.636231894672395,99.60210996706857
way/1183728571,1183728571,way,Thailand,plant,Capacity placeholder value,yes,Tag 'plant:output:electricity' contains placeholder value 'yes' instead of actual capacity,2026-04-24 03:39:09.358215,https://www.openstreetmap.org/way/1183728571,12.705736133892064,101.10017521596146
way/1188999737,1188999737,way,Thailand,plant,Missing source tag,none,"tags: {'landuse': 'industrial', 'power': 'plant'}",2026-04-24 03:39:09.359542,https://www.openstreetmap.org/way/1188999737,12.706307603917756,101.1393319150475
way/1194412110,1194412110,way,Thailand,plant,Missing output tag,none,"tags: {'landuse': 'industrial', 'name': 'National Power PP9 Plant', 'plant:source': 'biomass', 'power': 'plant', 'source': 'https://www.npsplc.com/th/our-business/our-power-plants/biomass-power-plant'}",2026-04-24 03:39:09.359757,https://www.openstreetmap.org/way/1194412110,13.932129256908885,101.58523303198602
way/1194417633,1194417633,way,Thailand,plant,Missing output tag,none,"tags: {'landuse': 'industrial', 'name': 'National Power PP11 Plant', 'plant:source': 'biomass', 'power': 'plant', 'source': 'https://www.npsplc.com/th/our-business/our-power-plants/biomass-power-plant'}",2026-04-24 03:39:09.360029,https://www.openstreetmap.org/way/1194417633,13.929683442795397,101.58159324979397
way/1194464251,1194464251,way,Thailand,plant,Missing output tag,none,"tags: {'landuse': 'industrial', 'name': 'National Power PP6 Plant', 'plant:source': 'biomass', 'power': 'plant', 'source': 'https://www.npsplc.com/th/our-business/our-power-plants/biomass-power-plant'}",2026-04-24 03:39:09.360262,https://www.openstreetmap.org/way/1194464251,13.923841654986754,101.58460922860564
way/1199528447,1199528447,way,Thailand,plant,Capacity placeholder value,yes,Tag 'plant:output:electricity' contains placeholder value 'yes' instead of actual capacity,2026-04-24 03:39:09.362115,https://www.openstreetmap.org/way/1199528447,13.9206427199148,102.00897404416409
way/1199528786,1199528786,way,Thailand,plant,Capacity placeholder value,yes,Tag 'plant:output:electricity' contains placeholder value 'yes' instead of actual capacity,2026-04-24 03:39:09.362285,https://www.openstreetmap.org/way/1199528786,13.89362750914079,101.99870401171552
way/1199529096,1199529096,way,Thailand,plant,Capacity placeholder value,yes,Tag 'plant:output:electricity' contains placeholder value 'yes' instead of actual capacity,2026-04-24 03:39:09.362549,https://www.openstreetmap.org/way/1199529096,13.900508716403094,102.01152535870386
way/1206382255,1206382255,way,Thailand,plant,Capacity placeholder value,yes,Tag 'plant:output:electricity' contains placeholder value 'yes' instead of actual capacity,2026-04-24 03:39:09.363161,https://www.openstreetmap.org/way/1206382255,16.076808309521784,99.40855062840069
way/1211026681,1211026681,way,Thailand,plant,Capacity placeholder value,yes,Tag 'plant:output:electricity' contains placeholder value 'yes' instead of actual capacity,2026-04-24 03:39:09.363399,https://www.openstreetmap.org/way/1211026681,14.4418948010113,100.4806969262215
way/1211031480,1211031480,way,Thailand,plant,Capacity placeholder value,yes,Tag 'plant:output:electricity' contains placeholder value 'yes' instead of actual capacity,2026-04-24 03:39:09.363647,https://www.openstreetmap.org/way/1211031480,14.263088230054983,100.43146299028862
way/1211031481,1211031481,way,Thailand,plant,Capacity placeholder value,yes,Tag 'plant:output:electricity' contains placeholder value 'yes' instead of actual capacity,2026-04-24 03:39:09.363991,https://www.openstreetmap.org/way/1211031481,14.268788431063744,100.42602178178873
way/1211032059,1211032059,way,Thailand,plant,Capacity placeholder value,yes,Tag 'plant:output:electricity' contains placeholder value 'yes' instead of actual capacity,2026-04-24 03:39:09.364276,https://www.openstreetmap.org/way/1211032059,14.174984642534481,100.44158057806928
way/1211646994,1211646994,way,Thailand,plant,Capacity placeholder value,yes,Tag 'plant:output:electricity' contains placeholder value 'yes' instead of actual capacity,2026-04-24 03:39:09.364662,https://www.openstreetmap.org/way/1211646994,14.300897021491686,100.4018170558312
way/1211930594,1211930594,way,Thailand,plant,Capacity placeholder value,yes,Tag 'plant:output:electricity' contains placeholder value 'yes' instead of actual capacity,2026-04-24 03:39:09.365118,https://www.openstreetmap.org/way/1211930594,14.659696253699984,102.61478521890996
way/1211930695,1211930695,way,Thailand,plant,Capacity placeholder value,yes,Tag 'plant:output:electricity' contains placeholder value 'yes' instead of actual capacity,2026-04-24 03:39:09.365421,https://www.openstreetmap.org/way/1211930695,14.699994855072491,102.47893189173652
way/1211931006,1211931006,way,Thailand,plant,Capacity placeholder value,yes,Tag 'plant:output:electricity' contains placeholder value 'yes' instead of actual capacity,2026-04-24 03:39:09.365783,https://www.openstreetmap.org/way/1211931006,14.923135993669222,103.01161505798473
way/1213093608,1213093608,way,Thailand,plant,Capacity placeholder value,yes,Tag 'plant:output:electricity' contains placeholder value 'yes' instead of actual capacity,2026-04-24 03:39:09.366053,https://www.openstreetmap.org/way/1213093608,16.682376518070928,99.55887367977034
way/1213102164,1213102164,way,Thailand,plant,Capacity placeholder value,yes,Tag 'plant:output:electricity' contains placeholder value 'yes' instead of actual capacity,2026-04-24 03:39:09.366340,https://www.openstreetmap.org/way/1213102164,14.355424376516774,99.46962137890708
way/1213104271,1213104271,way,Thailand,plant,Capacity placeholder value,yes,Tag 'plant:output:electricity' contains placeholder value 'yes' instead of actual capacity,2026-04-24 03:39:09.366657,https://www.openstreetmap.org/way/1213104271,14.250616917104514,99.73196736444292
way/1213122840,1213122840,way,Thailand,plant,Capacity placeholder value,yes,Tag 'plant:output:electricity' contains placeholder value 'yes' instead of actual capacity,2026-04-24 03:39:09.366990,https://www.openstreetmap.org/way/1213122840,14.220123656763514,99.73431196065586
way/1213123264,1213123264,way,Thailand,plant,Capacity placeholder value,yes,Tag 'plant:output:electricity' contains placeholder value 'yes' instead of actual capacity,2026-04-24 03:39:09.367311,https://www.openstreetmap.org/way/1213123264,13.872953871579174,99.50213655234415
way/1213123727,1213123727,way,Thailand,plant,Capacity placeholder value,yes,Tag 'plant:output:electricity' contains placeholder value 'yes' instead of actual capacity,2026-04-24 03:39:09.367641,https://www.openstreetmap.org/way/1213123727,17.303854481041736,101.84919604162351
way/1213124803,1213124803,way,Thailand,plant,Capacity placeholder value,yes,Tag 'plant:output:electricity' contains placeholder value 'yes' instead of actual capacity,2026-04-24 03:39:09.367969,https://www.openstreetmap.org/way/1213124803,17.19886167895545,101.81855906681018
way/1213130943,1213130943,way,Thailand,plant,Capacity placeholder value,yes,Tag 'plant:output:electricity' contains placeholder value 'yes' instead of actual capacity,2026-04-24 03:39:09.368253,https://www.openstreetmap.org/way/1213130943,14.027968754505,101.18598745974958
way/1213131166,1213131166,way,Thailand,plant,Capacity placeholder value,yes,Tag 'plant:output:electricity' contains placeholder value 'yes' instead of actual capacity,2026-04-24 03:39:09.368639,https://www.openstreetmap.org/way/1213131166,14.00029608854942,100.20008551483974
way/1213131751,1213131751,way,Thailand,plant,Capacity placeholder value,yes,Tag 'plant:output:electricity' contains placeholder value 'yes' instead of actual capacity,2026-04-24 03:39:09.368943,https://www.openstreetmap.org/way/1213131751,13.984309503021665,100.19580625296112
way/1213138135,1213138135,way,Thailand,plant,Capacity placeholder value,yes,Tag 'plant:output:electricity' contains placeholder value 'yes' instead of actual capacity,2026-04-24 03:39:09.369247,https://www.openstreetmap.org/way/1213138135,16.018657606223186,99.98739214049918
way/1213138834,1213138834,way,Thailand,plant,Capacity placeholder value,yes,Tag 'plant:output:electricity' contains placeholder value 'yes' instead of actual capacity,2026-04-24 03:39:09.369418,https://www.openstreetmap.org/way/1213138834,14.09252640401074,100.28765264868046
way/1213139598,1213139598,way,Thailand,plant,Capacity placeholder value,yes,Tag 'plant:output:electricity' contains placeholder value 'yes' instead of actual capacity,2026-04-24 03:39:09.369599,https://www.openstreetmap.org/way/1213139598,16.048915891541238,100.74266542835272
way/1213139803,1213139803,way,Thailand,plant,Capacity placeholder value,yes,Tag 'plant:output:electricity' contains placeholder value 'yes' instead of actual capacity,2026-04-24 03:39:09.369807,https://www.openstreetmap.org/way/1213139803,13.275019535543805,99.77888862593494
way/1213140089,1213140089,way,Thailand,plant,Capacity placeholder value,yes,Tag 'plant:output:electricity' contains placeholder value 'yes' instead of actual capacity,2026-04-24 03:39:09.370085,https://www.openstreetmap.org/way/1213140089,16.434686313973778,100.14221941429847
way/1213143985,1213143985,way,Thailand,plant,Capacity placeholder value,yes,Tag 'plant:output:electricity' contains placeholder value 'yes' instead of actual capacity,2026-04-24 03:39:09.370433,https://www.openstreetmap.org/way/1213143985,13.964759409464303,101.83275678497861
way/1213144398,1213144398,way,Thailand,plant,Capacity placeholder value,yes,Tag 'plant:output:electricity' contains placeholder value 'yes' instead of actual capacity,2026-04-24 03:39:09.370648,https://www.openstreetmap.org/way/1213144398,13.921683975412785,101.71177029098804
way/1213144735,1213144735,way,Thailand,plant,Capacity placeholder value,yes,Tag 'plant:output:electricity' contains placeholder value 'yes' instead of actual capacity,2026-04-24 03:39:09.371086,https://www.openstreetmap.org/way/1213144735,13.88189336773804,101.52582096430925
way/1213144946,1213144946,way,Thailand,plant,Capacity placeholder value,yes,Tag 'plant:output:electricity' contains placeholder value 'yes' instead of actual capacity,2026-04-24 03:39:09.371330,https://www.openstreetmap.org/way/1213144946,13.88828568886975,101.45210859408701
way/1213145853,1213145853,way,Thailand,plant,Capacity placeholder value,yes,Tag 'plant:output:electricity' contains placeholder value 'yes' instead of actual capacity,2026-04-24 03:39:09.371636,https://www.openstreetmap.org/way/1213145853,12.047346727047943,99.82777892978469
way/1213147095,1213147095,way,Thailand,plant,Capacity placeholder value,yes,Tag 'plant:output:electricity' contains placeholder value 'yes' instead of actual capacity,2026-04-24 03:39:09.371866,https://www.openstreetmap.org/way/1213147095,13.798343416111424,99.63683027927979
way/1213147584,1213147584,way,Thailand,plant,Capacity placeholder value,yes,Tag 'plant:output:electricity' contains placeholder value 'yes' instead of actual capacity,2026-04-24 03:39:09.372320,https://www.openstreetmap.org/way/1213147584,15.76525853082276,103.73978060659178
way/1213148842,1213148842,way,Thailand,plant,Capacity placeholder value,yes,Tag 'plant:output:electricity' contains placeholder value 'yes' instead of actual capacity,2026-04-24 03:39:09.372665,https://www.openstreetmap.org/way/1213148842,14.789206148186583,104.81363206451516
way/1213148843,1213148843,way,Thailand,plant,Capacity placeholder value,yes,Tag 'plant:output:electricity' contains placeholder value 'yes' instead of actual capacity,2026-04-24 03:39:09.372897,https://www.openstreetmap.org/way/1213148843,14.79301039666647,104.81585131484267
way/1214616357,1214616357,way,Thailand,plant,Capacity placeholder value,yes,Tag 'plant:output:electricity' contains placeholder value 'yes' instead of actual capacity,2026-04-24 03:39:09.373279,https://www.openstreetmap.org/way/1214616357,16.51207470600486,102.7939699372608
way/1214617449,1214617449,way,Thailand,plant,Capacity placeholder value,yes,Tag 'plant:output:electricity' contains placeholder value 'yes' instead of actual capacity,2026-04-24 03:39:09.373590,https://www.openstreetmap.org/way/1214617449,16.529283382173297,102.2758752678544
way/1214617655,1214617655,way,Thailand,plant,Capacity placeholder value,yes,Tag 'plant:output:electricity' contains placeholder value 'yes' instead of actual capacity,2026-04-24 03:39:09.373834,https://www.openstreetmap.org/way/1214617655,16.828375918686785,102.83530766575913
way/1214618443,1214618443,way,Thailand,plant,Capacity placeholder value,yes,Tag 'plant:output:electricity' contains placeholder value 'yes' instead of actual capacity,2026-04-24 03:39:09.374152,https://www.openstreetmap.org/way/1214618443,16.76000871755176,102.80636638957121
way/1214618961,1214618961,way,Thailand,plant,Capacity placeholder value,yes,Tag 'plant:output:electricity' contains placeholder value 'yes' instead of actual capacity,2026-04-24 03:39:09.374474,https://www.openstreetmap.org/way/1214618961,16.60627670721014,102.11171884983985
way/1214619331,1214619331,way,Thailand,plant,Capacity placeholder value,yes,Tag 'plant:output:electricity' contains placeholder value 'yes' instead of actual capacity,2026-04-24 03:39:09.374784,https://www.openstreetmap.org/way/1214619331,16.28755747496772,102.7908315768937
way/1214620265,1214620265,way,Thailand,plant,Capacity placeholder value,yes,Tag 'plant:output:electricity' contains placeholder value 'yes' instead of actual capacity,2026-04-24 03:39:09.375232,https://www.openstreetmap.org/way/1214620265,16.57878093077216,102.00294785754403
way/1214620698,1214620698,way,Thailand,plant,Capacity placeholder value,yes,Tag 'plant:output:electricity' contains placeholder value 'yes' instead of actual capacity,2026-04-24 03:39:09.375458,https://www.openstreetmap.org/way/1214620698,15.058337239709509,100.64265980890603
way/1214623424,1214623424,way,Thailand,plant,Capacity placeholder value,yes,Tag 'plant:output:electricity' contains placeholder value 'yes' instead of actual capacity,2026-04-24 03:39:09.375664,https://www.openstreetmap.org/way/1214623424,17.298216826800168,104.44978657478008
way/1214623425,1214623425,way,Thailand,plant,Capacity placeholder value,yes,Tag 'plant:output:electricity' contains placeholder value 'yes' instead of actual capacity,2026-04-24 03:39:09.375909,https://www.openstreetmap.org/way/1214623425,17.299199147106552,104.4474939387344
way/1214623903,1214623903,way,Thailand,plant,Capacity placeholder value,yes,Tag 'plant:output:electricity' contains placeholder value 'yes' instead of actual capacity,2026-04-24 03:39:09.376228,https://www.openstreetmap.org/way/1214623903,14.763504137138023,102.06993367074908
way/1214624131,1214624131,way,Thailand,plant,Capacity placeholder value,yes,Tag 'plant:output:electricity' contains placeholder value 'yes' instead of actual capacity,2026-04-24 03:39:09.376456,https://www.openstreetmap.org/way/1214624131,15.118247251125235,101.73437962991879
way/1214627141,1214627141,way,Thailand,plant,Capacity placeholder value,yes,Tag 'plant:output:electricity' contains placeholder value 'yes' instead of actual capacity,2026-04-24 03:39:09.376914,https://www.openstreetmap.org/way/1214627141,15.132710884696328,101.738005522289
way/1214627649,1214627649,way,Thailand,plant,Capacity placeholder value,yes,Tag 'plant:output:electricity' contains placeholder value 'yes' instead of actual capacity,2026-04-24 03:39:09.377337,https://www.openstreetmap.org/way/1214627649,15.191535112583203,102.34452136302453
way/1214628581,1214628581,way,Thailand,plant,Capacity placeholder value,yes,Tag 'plant:output:electricity' contains placeholder value 'yes' instead of actual capacity,2026-04-24 03:39:09.377736,https://www.openstreetmap.org/way/1214628581,15.19402321862973,102.34327693323398
way/1214629114,1214629114,way,Thailand,plant,Capacity placeholder value,yes,Tag 'plant:output:electricity' contains placeholder value 'yes' instead of actual capacity,2026-04-24 03:39:09.378022,https://www.openstreetmap.org/way/1214629114,14.818156012558656,102.16196799436891
way/1214633978,1214633978,way,Thailand,plant,Capacity placeholder value,yes,Tag 'plant:output:electricity' contains placeholder value 'yes' instead of actual capacity,2026-04-24 03:39:09.378255,https://www.openstreetmap.org/way/1214633978,15.554313293509136,102.51977754652947
way/1214633979,1214633979,way,Thailand,plant,Capacity placeholder value,yes,Tag 'plant:output:electricity' contains placeholder value 'yes' instead of actual capacity,2026-04-24 03:39:09.378511,https://www.openstreetmap.org/way/1214633979,15.554254193622208,102.51648306185946
way/1214634500,1214634500,way,Thailand,plant,Capacity placeholder value,yes,Tag 'plant:output:electricity' contains placeholder value 'yes' instead of actual capacity,2026-04-24 03:39:09.378768,https://www.openstreetmap.org/way/1214634500,14.999296668537347,102.49534310329008
way/1214634868,1214634868,way,Thailand,plant,Capacity placeholder value,yes,Tag 'plant:output:electricity' contains placeholder value 'yes' instead of actual capacity,2026-04-24 03:39:09.379051,https://www.openstreetmap.org/way/1214634868,15.108557895083457,101.88725128241899
way/1214635106,1214635106,way,Thailand,plant,Capacity placeholder value,yes,Tag 'plant:output:electricity' contains placeholder value 'yes' instead of actual capacity,2026-04-24 03:39:09.379331,https://www.openstreetmap.org/way/1214635106,14.873841771545946,101.80941620932934
way/1214635689,1214635689,way,Thailand,plant,Capacity placeholder value,yes,Tag 'plant:output:electricity' contains placeholder value 'yes' instead of actual capacity,2026-04-24 03:39:09.379667,https://www.openstreetmap.org/way/1214635689,13.818928961988215,102.0168329830223
way/1214635742,1214635742,way,Thailand,plant,Capacity placeholder value,yes,Tag 'plant:output:electricity' contains placeholder value 'yes' instead of actual capacity,2026-04-24 03:39:09.380064,https://www.openstreetmap.org/way/1214635742,13.934090337122111,101.91674745521901
way/1214635977,1214635977,way,Thailand,plant,Capacity placeholder value,yes,Tag 'plant:output:electricity' contains placeholder value 'yes' instead of actual capacity,2026-04-24 03:39:09.380235,https://www.openstreetmap.org/way/1214635977,13.649301361592867,102.31126196012845
way/1214636128,1214636128,way,Thailand,plant,Capacity placeholder value,yes,Tag 'plant:output:electricity' contains placeholder value 'yes' instead of actual capacity,2026-04-24 03:39:09.380478,https://www.openstreetmap.org/way/1214636128,17.533329607609375,103.49279777709322
way/1214636517,1214636517,way,Thailand,plant,Capacity placeholder value,yes,Tag 'plant:output:electricity' contains placeholder value 'yes' instead of actual capacity,2026-04-24 03:39:09.381427,https://www.openstreetmap.org/way/1214636517,13.549438095079884,100.17802042976793
way/1214637688,1214637688,way,Thailand,plant,Capacity placeholder value,yes,Tag 'plant:output:electricity' contains placeholder value 'yes' instead of actual capacity,2026-04-24 03:39:09.381762,https://www.openstreetmap.org/way/1214637688,14.66274037593892,100.85094784615163
way/1214637947,1214637947,way,Thailand,plant,Capacity placeholder value,yes,Tag 'plant:output:electricity' contains placeholder value 'yes' instead of actual capacity,2026-04-24 03:39:09.382274,https://www.openstreetmap.org/way/1214637947,14.778968212550046,101.09794212880969
way/1214639195,1214639195,way,Thailand,plant,Capacity placeholder value,yes,Tag 'plant:output:electricity' contains placeholder value 'yes' instead of actual capacity,2026-04-24 03:39:09.382603,https://www.openstreetmap.org/way/1214639195,14.848985095277454,99.8089559970834
way/1214642386,1214642386,way,Thailand,plant,Capacity placeholder value,yes,Tag 'plant:output:electricity' contains placeholder value 'yes' instead of actual capacity,2026-04-24 03:39:09.382968,https://www.openstreetmap.org/way/1214642386,14.632045381246947,99.89018250355551
way/1214642664,1214642664,way,Thailand,plant,Capacity placeholder value,yes,Tag 'plant:output:electricity' contains placeholder value 'yes' instead of actual capacity,2026-04-24 03:39:09.383442,https://www.openstreetmap.org/way/1214642664,14.873135030645262,99.83182714542193
way/1214643426,1214643426,way,Thailand,plant,Capacity placeholder value,yes,Tag 'plant:output:electricity' contains placeholder value 'yes' instead of actual capacity,2026-04-24 03:39:09.383785,https://www.openstreetmap.org/way/1214643426,14.39891784977067,99.83144909764255
way/1214643985,1214643985,way,Thailand,plant,Capacity placeholder value,yes,Tag 'plant:output:electricity' contains placeholder value 'yes' instead of actual capacity,2026-04-24 03:39:09.384283,https://www.openstreetmap.org/way/1214643985,14.769577102832,99.95069646066364
way/1214644471,1214644471,way,Thailand,plant,Capacity placeholder value,yes,Tag 'plant:output:electricity' contains placeholder value 'yes' instead of actual capacity,2026-04-24 03:39:09.384619,https://www.openstreetmap.org/way/1214644471,14.222486131797162,100.11280825037414
way/1214644480,1214644480,way,Thailand,plant,Capacity placeholder value,yes,Tag 'plant:output:electricity' contains placeholder value 'yes' instead of actual capacity,2026-04-24 03:39:09.384819,https://www.openstreetmap.org/way/1214644480,14.739038239207702,100.13296251243857
way/1214820215,1214820215,way,Thailand,plant,Capacity placeholder value,yes,Tag 'plant:output:electricity' contains placeholder value 'yes' instead of actual capacity,2026-04-24 03:39:09.385097,https://www.openstreetmap.org/way/1214820215,15.078294273018777,103.88639316933308
way/1214822428,1214822428,way,Thailand,plant,Capacity placeholder value,yes,Tag 'plant:output:electricity' contains placeholder value 'yes' instead of actual capacity,2026-04-24 03:39:09.385255,https://www.openstreetmap.org/way/1214822428,14.628393449999999,103.8104893
way/1214822847,1214822847,way,Thailand,plant,Capacity placeholder value,yes,Tag 'plant:output:electricity' contains placeholder value 'yes' instead of actual capacity,2026-04-24 03:39:09.385479,https://www.openstreetmap.org/way/1214822847,15.372517119520603,103.68989220327113
way/1214826862,1214826862,way,Thailand,plant,Capacity placeholder value,yes,Tag 'plant:output:electricity' contains placeholder value 'yes' instead of actual capacity,2026-04-24 03:39:09.385814,https://www.openstreetmap.org/way/1214826862,15.00396438827632,104.91480321786851
way/1214826863,1214826863,way,Thailand,plant,Capacity placeholder value,yes,Tag 'plant:output:electricity' contains placeholder value 'yes' instead of actual capacity,2026-04-24 03:39:09.386157,https://www.openstreetmap.org/way/1214826863,15.00706989460127,104.91510588254448
way/1214827454,1214827454,way,Thailand,plant,Capacity placeholder value,yes,Tag 'plant:output:electricity' contains placeholder value 'yes' instead of actual capacity,2026-04-24 03:39:09.386368,https://www.openstreetmap.org/way/1214827454,17.57717519766907,102.80172666479892
way/1214827562,1214827562,way,Thailand,plant,Capacity placeholder value,yes,Tag 'plant:output:electricity' contains placeholder value 'yes' instead of actual capacity,2026-04-24 03:39:09.386623,https://www.openstreetmap.org/way/1214827562,17.695608852751715,102.49761907043741
way/1215473531,1215473531,way,Thailand,plant,Capacity placeholder value,yes,Tag 'plant:output:electricity' contains placeholder value 'yes' instead of actual capacity,2026-04-24 03:39:09.387057,https://www.openstreetmap.org/way/1215473531,13.940429045633646,99.7070168334603
way/1243390184,1243390184,way,Thailand,plant,Capacity placeholder value,yes,Tag 'plant:output:electricity' contains placeholder value 'yes' instead of actual capacity,2026-04-24 03:39:09.387284,https://www.openstreetmap.org/way/1243390184,17.295988633302414,102.79420303029224
way/1243398783,1243398783,way,Thailand,plant,Capacity placeholder value,yes,Tag 'plant:output:electricity' contains placeholder value 'yes' instead of actual capacity,2026-04-24 03:39:09.387444,https://www.openstreetmap.org/way/1243398783,17.299206358055063,102.78296434678089
way/1246241892,1246241892,way,Thailand,plant,Capacity placeholder value,yes,Tag 'plant:output:electricity' contains placeholder value 'yes' instead of actual capacity,2026-04-24 03:39:09.387776,https://www.openstreetmap.org/way/1246241892,12.478447283322561,99.89117031808865
way/1247201030,1247201030,way,Thailand,plant,Capacity placeholder value,yes,Tag 'plant:output:electricity' contains placeholder value 'yes' instead of actual capacity,2026-04-24 03:39:09.387961,https://www.openstreetmap.org/way/1247201030,13.821520161290119,100.84262570277221
way/1251069551,1251069551,way,Thailand,plant,Capacity placeholder value,yes,Tag 'plant:output:electricity' contains placeholder value 'yes' instead of actual capacity,2026-04-24 03:39:09.388259,https://www.openstreetmap.org/way/1251069551,13.489133462482766,100.85515506698947
way/1252219324,1252219324,way,Thailand,plant,Capacity placeholder value,yes,Tag 'plant:output:electricity' contains placeholder value 'yes' instead of actual capacity,2026-04-24 03:39:09.388597,https://www.openstreetmap.org/way/1252219324,13.748394587089072,100.8240742706622
way/1254320868,1254320868,way,Thailand,plant,Missing output tag,none,"tags: {'name': 'โรงไฟฟ้าพลังงานแสงอาทิตย์ชัยเกษม', 'plant:source': 'solar', 'power': 'plant'}",2026-04-24 03:39:09.389023,https://www.openstreetmap.org/way/1254320868,11.393579293597693,99.51795551979116
way/1259741518,1259741518,way,Thailand,plant,Capacity placeholder value,yes,Tag 'plant:output:electricity' contains placeholder value 'yes' instead of actual capacity,2026-04-24 03:39:09.389234,https://www.openstreetmap.org/way/1259741518,13.752315578947789,100.88464308717487
way/1261318480,1261318480,way,Thailand,plant,Missing source tag,none,"tags: {'landuse': 'industrial', 'name:en': 'Sriracha Refinery TOC Power Station', 'power': 'plant'}",2026-04-24 03:39:09.389387,https://www.openstreetmap.org/way/1261318480,13.108296940336425,100.89879471009392
way/1263665368,1263665368,way,Thailand,plant,Capacity placeholder value,yes,Tag 'plant:output:electricity' contains placeholder value 'yes' instead of actual capacity,2026-04-24 03:39:09.389869,https://www.openstreetmap.org/way/1263665368,18.356762685366512,103.5979126917762
way/1265806976,1265806976,way,Thailand,plant,Capacity placeholder value,yes,Tag 'plant:output:electricity' contains placeholder value 'yes' instead of actual capacity,2026-04-24 03:39:09.390218,https://www.openstreetmap.org/way/1265806976,14.59971017003101,101.11273980042762
way/1267485864,1267485864,way,Thailand,plant,Capacity placeholder value,yes,Tag 'plant:output:electricity' contains placeholder value 'yes' instead of actual capacity,2026-04-24 03:39:09.390550,https://www.openstreetmap.org/way/1267485864,12.97018145507757,99.83195779407787
way/1287285187,1287285187,way,Thailand,plant,Capacity placeholder value,yes,Tag 'plant:output:electricity' contains placeholder value 'yes' instead of actual capacity,2026-04-24 03:39:09.391067,https://www.openstreetmap.org/way/1287285187,13.911273396840999,100.85556067969748
way/1298160753,1298160753,way,Thailand,plant,Capacity placeholder value,yes,Tag 'plant:output:electricity' contains placeholder value 'yes' instead of actual capacity,2026-04-24 03:39:09.391379,https://www.openstreetmap.org/way/1298160753,14.604949123590877,101.62050736948751
way/1314144540,1314144540,way,Thailand,plant,Capacity placeholder value,yes,Tag 'plant:output:electricity' contains placeholder value 'yes' instead of actual capacity,2026-04-24 03:39:09.391537,https://www.openstreetmap.org/way/1314144540,13.986478880431196,101.28641851512734
way/1314835531,1314835531,way,Thailand,plant,Capacity placeholder value,yes,Tag 'plant:output:electricity' contains placeholder value 'yes' instead of actual capacity,2026-04-24 03:39:09.391826,https://www.openstreetmap.org/way/1314835531,13.718518251048614,100.35653157731495
way/1318098262,1318098262,way,Thailand,plant,Missing source tag,none,"tags: {'landuse': 'industrial', 'power': 'plant'}",2026-04-24 03:39:09.392007,https://www.openstreetmap.org/way/1318098262,13.78164727573242,100.50763619236
way/1322309151,1322309151,way,Thailand,plant,Capacity placeholder value,yes,Tag 'plant:output:electricity' contains placeholder value 'yes' instead of actual capacity,2026-04-24 03:39:09.392189,https://www.openstreetmap.org/way/1322309151,14.697720634567789,100.46643061896125
way/1344777856,1344777856,way,Thailand,plant,Capacity regex no match,no,Tag 'plant:output:electricity' has value 'no' which could not be parsed,2026-04-24 03:39:09.392352,https://www.openstreetmap.org/way/1344777856,19.31917439699505,98.87522671761266
way/1348975112,1348975112,way,Thailand,plant,Capacity placeholder value,yes,Tag 'plant:output:electricity' contains placeholder value 'yes' instead of actual capacity,2026-04-24 03:39:09.392521,https://www.openstreetmap.org/way/1348975112,6.4408045735609,101.78569735732214
way/1359351054,1359351054,way,Thailand,plant,Capacity placeholder value,yes,Tag 'plant:output:electricity' contains placeholder value 'yes' instead of actual capacity,2026-04-24 03:39:09.392691,https://www.openstreetmap.org/way/1359351054,16.454195816297354,102.76119663928063
way/1367354829,1367354829,way,Thailand,plant,Capacity placeholder value,yes,Tag 'plant:output:electricity' contains placeholder value 'yes' instead of actual capacity,2026-04-24 03:39:09.393008,https://www.openstreetmap.org/way/1367354829,13.63391473580748,100.89697112399179
way/1378248304,1378248304,way,Thailand,plant,Capacity placeholder value,yes,Tag 'plant:output:electricity' contains placeholder value 'yes' instead of actual capacity,2026-04-24 03:39:09.393170,https://www.openstreetmap.org/way/1378248304,8.285827948406494,98.59460068368051
way/1388057232,1388057232,way,Thailand,plant,Capacity placeholder value,yes,Tag 'plant:output:electricity' contains placeholder value 'yes' instead of actual capacity,2026-04-24 03:39:09.393466,https://www.openstreetmap.org/way/1388057232,17.778919609617237,103.61534220158515
way/1388436675,1388436675,way,Thailand,plant,Missing source tag,none,"tags: {'landuse': 'industrial', 'name:en': 'SIPCO II Rayong Power Plant', 'power': 'plant'}",2026-04-24 03:39:09.393627,https://www.openstreetmap.org/way/1388436675,12.78897727059687,101.24567579611032
way/1392503081,1392503081,way,Thailand,plant,Capacity placeholder value,yes,Tag 'plant:output:electricity' contains placeholder value 'yes' instead of actual capacity,2026-04-24 03:39:09.395493,https://www.openstreetmap.org/way/1392503081,13.57746678911603,100.67410421020276
way/1424728165,1424728165,way,Thailand,plant,Capacity placeholder value,yes,Tag 'plant:output:electricity' contains placeholder value 'yes' instead of actual capacity,2026-04-24 03:39:09.395826,https://www.openstreetmap.org/way/1424728165,13.753065128836006,102.46460288325507
way/1426449746,1426449746,way,Thailand,plant,Missing output tag,none,"tags: {'plant:source': 'solar', 'power': 'plant'}",2026-04-24 03:39:09.396042,https://www.openstreetmap.org/way/1426449746,18.511071762463043,99.00270043637286
way/1431983326,1431983326,way,Thailand,plant,Capacity placeholder value,yes,Tag 'plant:output:electricity' contains placeholder value 'yes' instead of actual capacity,2026-04-24 03:39:09.396302,https://www.openstreetmap.org/way/1431983326,13.70979429381993,100.68504834153087
way/1462640689,1462640689,way,Thailand,plant,Missing output tag,none,"tags: {'landuse': 'industrial', 'plant:source': 'solar', 'power': 'plant'}",2026-04-24 03:39:09.396489,https://www.openstreetmap.org/way/1462640689,15.255430075747991,104.8652281704518
way/1463171514,1463171514,way,Thailand,plant,Capacity placeholder value,yes,Tag 'plant:output:electricity' contains placeholder value 'yes' instead of actual capacity,2026-04-24 03:39:09.396682,https://www.openstreetmap.org/way/1463171514,14.027728090854103,100.6926333882609
way/1463441937,1463441937,way,Thailand,plant,Missing output tag,none,"tags: {'plant:source': 'hydro', 'power': 'plant'}",2026-04-24 03:39:09.396864,https://www.openstreetmap.org/way/1463441937,19.483844478659357,97.96458054705158
way/1463441938,1463441938,way,Thailand,plant,Missing output tag,none,"tags: {'plant:source': 'hydro', 'power': 'plant'}",2026-04-24 03:39:09.397110,https://www.openstreetmap.org/way/1463441938,17.03013281338424,100.94452852131533
way/1464230233,1464230233,way,Thailand,plant,Missing output tag,none,"tags: {'plant:source': 'solar', 'power': 'plant'}",2026-04-24 03:39:09.397602,https://www.openstreetmap.org/way/1464230233,13.326539945536116,99.88120535642263
way/1464230234,1464230234,way,Thailand,plant,Missing output tag,none,"tags: {'plant:source': 'solar', 'power': 'plant'}",2026-04-24 03:39:09.398218,https://www.openstreetmap.org/way/1464230234,15.861974870293691,99.89718250734546
way/1464230235,1464230235,way,Thailand,plant,Missing output tag,none,"tags: {'plant:source': 'solar', 'power': 'plant'}",2026-04-24 03:39:09.398685,https://www.openstreetmap.org/way/1464230235,16.73019913004016,103.10589826813265
way/1464230236,1464230236,way,Thailand,plant,Missing output tag,none,"tags: {'plant:source': 'solar', 'power': 'plant'}",2026-04-24 03:39:09.399172,https://www.openstreetmap.org/way/1464230236,15.52624775844328,101.03908510483237
way/1464422503,1464422503,way,Thailand,plant,Missing output tag,none,"tags: {'plant:source': 'solar', 'power': 'plant'}",2026-04-24 03:39:09.399736,https://www.openstreetmap.org/way/1464422503,15.123774356365956,100.69444387694236
way/1464422504,1464422504,way,Thailand,plant,Missing output tag,none,"tags: {'plant:source': 'solar', 'power': 'plant'}",2026-04-24 03:39:09.400102,https://www.openstreetmap.org/way/1464422504,16.461866319070854,100.42084744378023
way/1464424714,1464424714,way,Thailand,plant,Missing output tag,none,"tags: {'plant:source': 'solar', 'power': 'plant'}",2026-04-24 03:39:09.400352,https://www.openstreetmap.org/way/1464424714,14.091507279226633,99.92717173792953
way/1464424715,1464424715,way,Thailand,plant,Missing output tag,none,"tags: {'plant:source': 'solar', 'power': 'plant'}",2026-04-24 03:39:09.402119,https://www.openstreetmap.org/way/1464424715,13.164140300165272,99.81022544897817
way/1464871364,1464871364,way,Thailand,plant,Missing output tag,none,"tags: {'plant:source': 'solar', 'power': 'plant'}",2026-04-24 03:39:09.402597,https://www.openstreetmap.org/way/1464871364,19.02230246126761,98.93740089995106
way/1464871365,1464871365,way,Thailand,plant,Missing output tag,none,"tags: {'plant:source': 'solar', 'power': 'plant'}",2026-04-24 03:39:09.403095,https://www.openstreetmap.org/way/1464871365,15.447641005084426,101.78939339988082
way/1464871366,1464871366,way,Thailand,plant,Missing output tag,none,"tags: {'plant:source': 'solar', 'power': 'plant'}",2026-04-24 03:39:09.403503,https://www.openstreetmap.org/way/1464871366,15.449759623396838,101.78692193146472
way/1464871367,1464871367,way,Thailand,plant,Missing output tag,none,"tags: {'plant:source': 'solar', 'power': 'plant'}",2026-04-24 03:39:09.404005,https://www.openstreetmap.org/way/1464871367,15.44575163277741,101.79146287333822
way/1464871368,1464871368,way,Thailand,plant,Missing output tag,none,"tags: {'plant:source': 'solar', 'power': 'plant'}",2026-04-24 03:39:09.404517,https://www.openstreetmap.org/way/1464871368,15.441310226932224,101.78917666408314
way/1464871369,1464871369,way,Thailand,plant,Missing output tag,none,"tags: {'plant:source': 'solar', 'power': 'plant'}",2026-04-24 03:39:09.405245,https://www.openstreetmap.org/way/1464871369,15.443791031872635,101.78615784587781
way/1464871370,1464871370,way,Thailand,plant,Missing output tag,none,"tags: {'plant:source': 'solar', 'power': 'plant'}",2026-04-24 03:39:09.405735,https://www.openstreetmap.org/way/1464871370,15.44771039385349,101.78174062026761
way/1464871374,1464871374,way,Thailand,plant,Missing output tag,none,"tags: {'plant:source': 'solar', 'power': 'plant'}",2026-04-24 03:39:09.406111,https://www.openstreetmap.org/way/1464871374,14.903189522535081,100.46738560974627
way/1464871375,1464871375,way,Thailand,plant,Missing output tag,none,"tags: {'plant:source': 'solar', 'power': 'plant'}",2026-04-24 03:39:09.406739,https://www.openstreetmap.org/way/1464871375,18.1641169,99.3543984
way/1464871376,1464871376,way,Thailand,plant,Missing output tag,none,"tags: {'plant:source': 'solar', 'power': 'plant'}",2026-04-24 03:39:09.407021,https://www.openstreetmap.org/way/1464871376,13.553078429129574,99.66178872102829
way/1464871378,1464871378,way,Thailand,plant,Missing output tag,none,"tags: {'plant:source': 'solar', 'power': 'plant'}",2026-04-24 03:39:09.407555,https://www.openstreetmap.org/way/1464871378,8.113860578594592,99.67685232267296
way/1464871379,1464871379,way,Thailand,plant,Missing output tag,none,"tags: {'plant:source': 'solar', 'power': 'plant'}",2026-04-24 03:39:09.408385,https://www.openstreetmap.org/way/1464871379,8.110077785967517,99.67490210257597
way/1464874129,1464874129,way,Thailand,plant,Missing output tag,none,"tags: {'plant:source': 'solar', 'power': 'plant'}",2026-04-24 03:39:09.408769,https://www.openstreetmap.org/way/1464874129,13.532529339672076,102.17921655325597
way/1464874130,1464874130,way,Thailand,plant,Missing output tag,none,"tags: {'plant:source': 'solar', 'power': 'plant'}",2026-04-24 03:39:09.409229,https://www.openstreetmap.org/way/1464874130,15.524337182158023,103.24639333082762
way/1464874131,1464874131,way,Thailand,plant,Missing output tag,none,"tags: {'plant:source': 'solar', 'power': 'plant'}",2026-04-24 03:39:09.409525,https://www.openstreetmap.org/way/1464874131,17.81030168662905,102.75136215504413
way/1464874135,1464874135,way,Thailand,plant,Missing output tag,none,"tags: {'plant:source': 'solar', 'power': 'plant'}",2026-04-24 03:39:09.410310,https://www.openstreetmap.org/way/1464874135,14.358571514190187,100.95472613237571
way/1464874139,1464874139,way,Thailand,plant,Missing output tag,none,"tags: {'plant:source': 'solar', 'power': 'plant'}",2026-04-24 03:39:09.411009,https://www.openstreetmap.org/way/1464874139,14.489427127949021,100.58121968618744
way/1465117356,1465117356,way,Thailand,plant,Missing output tag,none,"tags: {'plant:source': 'solar', 'power': 'plant'}",2026-04-24 03:39:09.411657,https://www.openstreetmap.org/way/1465117356,13.909019348768874,101.9263810953411
way/1465117362,1465117362,way,Thailand,plant,Missing output tag,none,"tags: {'plant:source': 'solar', 'power': 'plant'}",2026-04-24 03:39:09.412000,https://www.openstreetmap.org/way/1465117362,14.321593626524312,100.30247227703741
way/1465117364,1465117364,way,Thailand,plant,Missing output tag,none,"tags: {'plant:source': 'solar', 'power': 'plant'}",2026-04-24 03:39:09.412723,https://www.openstreetmap.org/way/1465117364,15.100420104250857,100.62611028328615
way/1465117365,1465117365,way,Thailand,plant,Missing output tag,none,"tags: {'plant:source': 'solar', 'power': 'plant'}",2026-04-24 03:39:09.413327,https://www.openstreetmap.org/way/1465117365,8.855528006742437,99.33297688965365
way/1465117367,1465117367,way,Thailand,plant,Missing output tag,none,"tags: {'plant:source': 'solar', 'power': 'plant'}",2026-04-24 03:39:09.413695,https://www.openstreetmap.org/way/1465117367,13.866538917293246,101.46457564425216
way/1465117368,1465117368,way,Thailand,plant,Missing output tag,none,"tags: {'plant:source': 'solar', 'power': 'plant'}",2026-04-24 03:39:09.413977,https://www.openstreetmap.org/way/1465117368,16.42725526811095,99.43643211201494
way/1465341132,1465341132,way,Thailand,plant,Missing output tag,none,"tags: {'plant:source': 'solar', 'power': 'plant'}",2026-04-24 03:39:09.415323,https://www.openstreetmap.org/way/1465341132,14.185166125566933,101.40626573341014
way/1465341133,1465341133,way,Thailand,plant,Missing output tag,none,"tags: {'plant:source': 'solar', 'power': 'plant'}",2026-04-24 03:39:09.415666,https://www.openstreetmap.org/way/1465341133,14.004951852452537,101.97907859184032
way/1465341134,1465341134,way,Thailand,plant,Missing output tag,none,"tags: {'plant:source': 'solar', 'power': 'plant'}",2026-04-24 03:39:09.416723,https://www.openstreetmap.org/way/1465341134,13.904545982108823,101.92966286260159
way/1465342938,1465342938,way,Thailand,plant,Missing output tag,none,"tags: {'plant:source': 'solar', 'power': 'plant'}",2026-04-24 03:39:09.417765,https://www.openstreetmap.org/way/1465342938,14.580178977061783,100.75151957493355
way/1465342939,1465342939,way,Thailand,plant,Missing output tag,none,"tags: {'plant:source': 'solar', 'power': 'plant'}",2026-04-24 03:39:09.418070,https://www.openstreetmap.org/way/1465342939,14.28886614406564,100.59649835692059
way/1465342941,1465342941,way,Thailand,plant,Missing output tag,none,"tags: {'plant:source': 'solar', 'power': 'plant'}",2026-04-24 03:39:09.418605,https://www.openstreetmap.org/way/1465342941,13.86670549470758,102.64336633104392
way/1465342942,1465342942,way,Thailand,plant,Missing output tag,none,"tags: {'plant:source': 'solar', 'power': 'plant'}",2026-04-24 03:39:09.418858,https://www.openstreetmap.org/way/1465342942,17.84618953259527,103.53932175302823
way/1465342943,1465342943,way,Thailand,plant,Missing output tag,none,"tags: {'plant:source': 'solar', 'power': 'plant'}",2026-04-24 03:39:09.419109,https://www.openstreetmap.org/way/1465342943,14.30019494503186,101.16177513757178
way/1465347365,1465347365,way,Thailand,plant,Missing output tag,none,"tags: {'plant:source': 'solar', 'power': 'plant'}",2026-04-24 03:39:09.419519,https://www.openstreetmap.org/way/1465347365,15.080352312705818,100.99222437932356
way/1465347366,1465347366,way,Thailand,plant,Missing output tag,none,"tags: {'plant:source': 'solar', 'power': 'plant'}",2026-04-24 03:39:09.419867,https://www.openstreetmap.org/way/1465347366,15.080827011965845,100.99031635294774
way/1465347367,1465347367,way,Thailand,plant,Missing output tag,none,"tags: {'plant:source': 'solar', 'power': 'plant'}",2026-04-24 03:39:09.420398,https://www.openstreetmap.org/way/1465347367,13.82523368683501,99.42714635816661
way/1465347368,1465347368,way,Thailand,plant,Missing output tag,none,"tags: {'plant:source': 'solar', 'power': 'plant'}",2026-04-24 03:39:09.420745,https://www.openstreetmap.org/way/1465347368,14.418332303821293,100.2333875121175
way/1465347369,1465347369,way,Thailand,plant,Missing output tag,none,"tags: {'plant:source': 'solar', 'power': 'plant'}",2026-04-24 03:39:09.421188,https://www.openstreetmap.org/way/1465347369,12.00185317560055,99.79557516989624
way/1465372202,1465372202,way,Thailand,plant,Missing output tag,none,"tags: {'plant:source': 'solar', 'power': 'plant'}",2026-04-24 03:39:09.421620,https://www.openstreetmap.org/way/1465372202,13.547076486448947,102.14926446475747
way/1465372203,1465372203,way,Thailand,plant,Missing output tag,none,"tags: {'plant:source': 'solar', 'power': 'plant'}",2026-04-24 03:39:09.422227,https://www.openstreetmap.org/way/1465372203,16.610951516016897,99.89107427690058
way/1465372204,1465372204,way,Thailand,plant,Missing output tag,none,"tags: {'plant:source': 'solar', 'power': 'plant'}",2026-04-24 03:39:09.422584,https://www.openstreetmap.org/way/1465372204,14.07912619658279,100.35373735891677
way/1465372218,1465372218,way,Thailand,plant,Missing output tag,none,"tags: {'plant:source': 'solar', 'power': 'plant'}",2026-04-24 03:39:09.423192,https://www.openstreetmap.org/way/1465372218,18.51674727712983,100.1681080664818
way/1465372219,1465372219,way,Thailand,plant,Missing output tag,none,"tags: {'plant:source': 'solar', 'power': 'plant'}",2026-04-24 03:39:09.423425,https://www.openstreetmap.org/way/1465372219,13.771885944839697,99.64965950973505
way/1465372692,1465372692,way,Thailand,plant,Missing output tag,none,"tags: {'plant:source': 'solar', 'power': 'plant'}",2026-04-24 03:39:09.423976,https://www.openstreetmap.org/way/1465372692,16.68822340020513,103.02283975226565
way/1465372693,1465372693,way,Thailand,plant,Missing output tag,none,"tags: {'plant:source': 'solar', 'power': 'plant'}",2026-04-24 03:39:09.424721,https://www.openstreetmap.org/way/1465372693,14.841829976262447,101.20707840372147
way/1465374000,1465374000,way,Thailand,plant,Missing output tag,none,"tags: {'plant:source': 'solar', 'power': 'plant'}",2026-04-24 03:39:09.425016,https://www.openstreetmap.org/way/1465374000,13.24950596145482,101.17190809802248
way/1465686500,1465686500,way,Thailand,plant,Missing output tag,none,"tags: {'plant:source': 'solar', 'power': 'plant'}",2026-04-24 03:39:09.425343,https://www.openstreetmap.org/way/1465686500,14.2441101,100.1265182
way/1465686501,1465686501,way,Thailand,plant,Missing output tag,none,"tags: {'plant:source': 'solar', 'power': 'plant'}",2026-04-24 03:39:09.425562,https://www.openstreetmap.org/way/1465686501,13.822930749030569,99.63278216004001
way/1466024079,1466024079,way,Thailand,plant,Missing output tag,none,"tags: {'plant:source': 'solar', 'power': 'plant'}",2026-04-24 03:39:09.425948,https://www.openstreetmap.org/way/1466024079,13.7188540327157,101.45306519861155
way/1466024080,1466024080,way,Thailand,plant,Missing output tag,none,"tags: {'plant:source': 'solar', 'power': 'plant'}",2026-04-24 03:39:09.426251,https://www.openstreetmap.org/way/1466024080,13.717641389763001,101.45191863748889
way/1466024081,1466024081,way,Thailand,plant,Missing output tag,none,"tags: {'plant:source': 'solar', 'power': 'plant'}",2026-04-24 03:39:09.426633,https://www.openstreetmap.org/way/1466024081,12.808724785738722,99.7357262983316
way/1466024082,1466024082,way,Thailand,plant,Missing output tag,none,"tags: {'plant:source': 'solar', 'power': 'plant'}",2026-04-24 03:39:09.427054,https://www.openstreetmap.org/way/1466024082,12.80730663949053,99.73942611471358
way/1466024929,1466024929,way,Thailand,plant,Missing output tag,none,"tags: {'plant:source': 'solar', 'power': 'plant'}",2026-04-24 03:39:09.427475,https://www.openstreetmap.org/way/1466024929,14.217335514990852,100.27762320385727
way/1466024930,1466024930,way,Thailand,plant,Missing output tag,none,"tags: {'plant:source': 'solar', 'power': 'plant'}",2026-04-24 03:39:09.428097,https://www.openstreetmap.org/way/1466024930,14.216312432465617,100.27439141823555
way/1466024931,1466024931,way,Thailand,plant,Missing output tag,none,"tags: {'plant:source': 'solar', 'power': 'plant'}",2026-04-24 03:39:09.428500,https://www.openstreetmap.org/way/1466024931,16.372411246291282,103.18737295518052
way/1466024936,1466024936,way,Thailand,plant,Missing output tag,none,"tags: {'plant:source': 'solar', 'power': 'plant'}",2026-04-24 03:39:09.429040,https://www.openstreetmap.org/way/1466024936,11.08959846157929,99.44046421797877
way/1466268421,1466268421,way,Thailand,plant,Missing output tag,none,"tags: {'plant:source': 'solar', 'power': 'plant'}",2026-04-24 03:39:09.429410,https://www.openstreetmap.org/way/1466268421,14.632751774202527,101.0388313207391
way/1466268422,1466268422,way,Thailand,plant,Missing output tag,none,"tags: {'plant:source': 'solar', 'power': 'plant'}",2026-04-24 03:39:09.429735,https://www.openstreetmap.org/way/1466268422,14.626955688729659,101.03527704355974
way/1466268423,1466268423,way,Thailand,plant,Missing output tag,none,"tags: {'plant:source': 'solar', 'power': 'plant'}",2026-04-24 03:39:09.430355,https://www.openstreetmap.org/way/1466268423,13.864037939530707,100.13351195411303
way/1466268425,1466268425,way,Thailand,plant,Missing output tag,none,"tags: {'plant:source': 'solar', 'power': 'plant'}",2026-04-24 03:39:09.431139,https://www.openstreetmap.org/way/1466268425,13.928833265255408,100.1539915759838
way/1466269530,1466269530,way,Thailand,plant,Missing output tag,none,"tags: {'plant:source': 'solar', 'power': 'plant'}",2026-04-24 03:39:09.433551,https://www.openstreetmap.org/way/1466269530,14.629827449187768,101.03090588064
way/1466549277,1466549277,way,Thailand,plant,Missing output tag,none,"tags: {'plant:source': 'solar', 'power': 'plant'}",2026-04-24 03:39:09.433983,https://www.openstreetmap.org/way/1466549277,13.101821569108735,99.70461117872092
way/1466549278,1466549278,way,Thailand,plant,Missing output tag,none,"tags: {'plant:source': 'solar', 'power': 'plant'}",2026-04-24 03:39:09.434338,https://www.openstreetmap.org/way/1466549278,13.106261050553554,99.70000764757901
way/1466549279,1466549279,way,Thailand,plant,Missing output tag,none,"tags: {'plant:source': 'solar', 'power': 'plant'}",2026-04-24 03:39:09.434647,https://www.openstreetmap.org/way/1466549279,13.108794021683591,99.69840022985281
way/1466549280,1466549280,way,Thailand,plant,Missing output tag,none,"tags: {'plant:source': 'solar', 'power': 'plant'}",2026-04-24 03:39:09.435915,https://www.openstreetmap.org/way/1466549280,14.284203736795588,100.45075574854829
way/1466553314,1466553314,way,Thailand,plant,Missing output tag,none,"tags: {'plant:source': 'solar', 'power': 'plant'}",2026-04-24 03:39:09.436146,https://www.openstreetmap.org/way/1466553314,14.905771053374085,102.10323224462505
way/1466553316,1466553316,way,Thailand,plant,Missing output tag,none,"tags: {'plant:source': 'solar', 'power': 'plant'}",2026-04-24 03:39:09.436527,https://www.openstreetmap.org/way/1466553316,7.722165646076864,99.26114873081671
way/1466821207,1466821207,way,Thailand,plant,Missing output tag,none,"tags: {'plant:source': 'solar', 'power': 'plant'}",2026-04-24 03:39:09.436802,https://www.openstreetmap.org/way/1466821207,16.185605236377526,99.72017592935202
way/1466821208,1466821208,way,Thailand,plant,Missing output tag,none,"tags: {'plant:source': 'solar', 'power': 'plant'}",2026-04-24 03:39:09.437052,https://www.openstreetmap.org/way/1466821208,14.675931678563487,100.96959225623704
way/1469121070,1469121070,way,Thailand,plant,Missing output tag,none,"tags: {'plant:source': 'solar', 'power': 'plant'}",2026-04-24 03:39:09.437413,https://www.openstreetmap.org/way/1469121070,16.181300605662784,100.5244477400546
way/1469121071,1469121071,way,Thailand,plant,Missing output tag,none,"tags: {'plant:source': 'solar', 'power': 'plant'}",2026-04-24 03:39:09.437708,https://www.openstreetmap.org/way/1469121071,13.647654970895749,102.46243063994538
way/1469121072,1469121072,way,Thailand,plant,Missing output tag,none,"tags: {'plant:source': 'solar', 'power': 'plant'}",2026-04-24 03:39:09.437954,https://www.openstreetmap.org/way/1469121072,11.771057370551118,99.79065779381719
way/1469121073,1469121073,way,Thailand,plant,Missing output tag,none,"tags: {'plant:source': 'solar', 'power': 'plant'}",2026-04-24 03:39:09.438336,https://www.openstreetmap.org/way/1469121073,14.63180553462633,100.75498252486257
way/1469139724,1469139724,way,Thailand,plant,Missing output tag,none,"tags: {'plant:source': 'solar', 'power': 'plant'}",2026-04-24 03:39:09.438663,https://www.openstreetmap.org/way/1469139724,16.709943981999672,103.00940442155276
way/1469139725,1469139725,way,Thailand,plant,Missing output tag,none,"tags: {'plant:source': 'solar', 'power': 'plant'}",2026-04-24 03:39:09.439175,https://www.openstreetmap.org/way/1469139725,13.861101579933482,101.44490618452028
way/1469139729,1469139729,way,Thailand,plant,Missing output tag,none,"tags: {'plant:source': 'solar', 'power': 'plant'}",2026-04-24 03:39:09.439491,https://www.openstreetmap.org/way/1469139729,15.074472525612727,100.83369258330049
way/1469139730,1469139730,way,Thailand,plant,Missing output tag,none,"tags: {'plant:source': 'solar', 'power': 'plant'}",2026-04-24 03:39:09.439868,https://www.openstreetmap.org/way/1469139730,14.138266999234515,101.48670179005826
way/1469139731,1469139731,way,Thailand,plant,Missing output tag,none,"tags: {'plant:source': 'solar', 'power': 'plant'}",2026-04-24 03:39:09.440366,https://www.openstreetmap.org/way/1469139731,13.296729660162466,99.74229794850335
way/1469139732,1469139732,way,Thailand,plant,Missing output tag,none,"tags: {'plant:source': 'solar', 'power': 'plant'}",2026-04-24 03:39:09.440681,https://www.openstreetmap.org/way/1469139732,13.581084586339882,102.13064260437041
way/1469741547,1469741547,way,Thailand,plant,Missing output tag,none,"tags: {'plant:source': 'solar', 'power': 'plant'}",2026-04-24 03:39:09.441108,https://www.openstreetmap.org/way/1469741547,14.571141752121601,100.27639177708747
way/1484939927,1484939927,way,Thailand,plant,Missing output tag,none,"tags: {'plant:source': 'solar', 'power': 'plant'}",2026-04-24 03:39:09.441444,https://www.openstreetmap.org/way/1484939927,11.163389961130607,99.46647583078342
way/1484940591,1484940591,way,Thailand,plant,Missing output tag,none,"tags: {'plant:source': 'solar', 'power': 'plant'}",2026-04-24 03:39:09.441697,https://www.openstreetmap.org/way/1484940591,13.559325704217109,100.66718961724227
way/1492712008,1492712008,way,Thailand,plant,Capacity placeholder value,yes,Tag 'plant:output:electricity' contains placeholder value 'yes' instead of actual capacity,2026-04-24 03:39:09.441935,https://www.openstreetmap.org/way/1492712008,8.064672178958435,98.75095706234282
way/1494977186,1494977186,way,Thailand,plant,Capacity placeholder value,yes,Tag 'plant:output:electricity' contains placeholder value 'yes' instead of actual capacity,2026-04-24 03:39:09.442321,https://www.openstreetmap.org/way/1494977186,12.726165055658688,101.47133615033354
way/1494977187,1494977187,way,Thailand,plant,Capacity placeholder value,yes,Tag 'plant:output:electricity' contains placeholder value 'yes' instead of actual capacity,2026-04-24 03:39:09.442569,https://www.openstreetmap.org/way/1494977187,12.724721609995948,101.46738534811462
way/1494977188,1494977188,way,Thailand,plant,Capacity placeholder value,yes,Tag 'plant:output:electricity' contains placeholder value 'yes' instead of actual capacity,2026-04-24 03:39:09.442950,https://www.openstreetmap.org/way/1494977188,12.65913089438476,101.34682688666865
way/1494977796,1494977796,way,Thailand,plant,Capacity placeholder value,yes,Tag 'plant:output:electricity' contains placeholder value 'yes' instead of actual capacity,2026-04-24 03:39:09.443115,https://www.openstreetmap.org/way/1494977796,12.717206238588027,101.15396187159965
way/1494977797,1494977797,way,Thailand,plant,Capacity placeholder value,yes,Tag 'plant:output:electricity' contains placeholder value 'yes' instead of actual capacity,2026-04-24 03:39:09.443272,https://www.openstreetmap.org/way/1494977797,13.097807207915006,100.96307766200161
way/1498185057,1498185057,way,Thailand,plant,Capacity placeholder value,yes,Tag 'plant:output:electricity' contains placeholder value 'yes' instead of actual capacity,2026-04-24 03:39:09.443450,https://www.openstreetmap.org/way/1498185057,14.764639942573327,102.20296196188568
way/1498185739,1498185739,way,Thailand,plant,Capacity placeholder value,yes,Tag 'plant:output:electricity' contains placeholder value 'yes' instead of actual capacity,2026-04-24 03:39:09.443649,https://www.openstreetmap.org/way/1498185739,15.140413899887408,101.52570169657729
way/1498187275,1498187275,way,Thailand,plant,Capacity placeholder value,yes,Tag 'plant:output:electricity' contains placeholder value 'yes' instead of actual capacity,2026-04-24 03:39:09.443914,https://www.openstreetmap.org/way/1498187275,14.665740812053896,100.85353674885557
way/1498187276,1498187276,way,Thailand,plant,Capacity regex no match,498 kW,Tag 'plant:output:electricity' has value '498 kW' which could not be parsed,2026-04-24 03:39:09.444109,https://www.openstreetmap.org/way/1498187276,14.62668973791933,101.08405313956438
way/1498187277,1498187277,way,Thailand,plant,Capacity placeholder value,yes,Tag 'plant:output:electricity' contains placeholder value 'yes' instead of actual capacity,2026-04-24 03:39:09.444283,https://www.openstreetmap.org/way/1498187277,14.408066311924843,100.90653128746202
way/1498188697,1498188697,way,Thailand,plant,Capacity placeholder value,yes,Tag 'plant:output:electricity' contains placeholder value 'yes' instead of actual capacity,2026-04-24 03:39:09.444439,https://www.openstreetmap.org/way/1498188697,13.94343814902565,101.80810134565095
way/1498191476,1498191476,way,Thailand,plant,Capacity placeholder value,yes,Tag 'plant:output:electricity' contains placeholder value 'yes' instead of actual capacity,2026-04-24 03:39:09.444594,https://www.openstreetmap.org/way/1498191476,13.888862685237255,101.19656400860777
way/1499620968,1499620968,way,Thailand,plant,Capacity regex no match,702 kW,Tag 'plant:output:electricity' has value '702 kW' which could not be parsed,2026-04-24 03:39:09.445022,https://www.openstreetmap.org/way/1499620968,13.587702163501033,99.80681636257252
way/1083641424,1083641424,way,Timor-Leste,plant,Capacity placeholder value,yes,Tag 'plant:output:electricity' contains placeholder value 'yes' instead of actual capacity,2026-04-24 03:40:46.187176,https://www.openstreetmap.org/way/1083641424,-8.482765250413271,126.2754203182048
relation/11380488,11380488,relation,Viet Nam,plant,Capacity placeholder value,yes,Tag 'plant:output:electricity' contains placeholder value 'yes' instead of actual capacity,2026-04-24 03:42:50.080450,https://www.openstreetmap.org/relation/11380488,10.578406842237847,107.18485184238004
relation/11987125,11987125,relation,Viet Nam,plant,Missing output tag,none,"tags: {'name': 'Nhà máy điện mặt trời Hồng Phong 1A', 'plant:source': 'solar', 'power': 'plant', 'type': 'multipolygon'}",2026-04-24 03:42:50.085546,https://www.openstreetmap.org/relation/11987125,11.064954821454286,108.28674097971353
relation/13714489,13714489,relation,Viet Nam,plant,Capacity placeholder value,yes,Tag 'plant:output:electricity' contains placeholder value 'yes' instead of actual capacity,2026-04-24 03:42:50.089977,https://www.openstreetmap.org/relation/13714489,11.441209479046142,108.77636639611146
node/9655809881,9655809881,node,Viet Nam,generator,Missing output tag,none,"tags: {'generator:method': 'wind_turbine', 'generator:source': 'wind', 'power': 'generator'}",2026-04-24 03:42:50.092851,https://www.openstreetmap.org/node/9655809881,16.7150213,106.7800954
node/8082900042,8082900042,node,Viet Nam,generator,Missing output tag,none,"tags: {'generator:method': 'wind_turbine', 'generator:source': 'wind', 'power': 'generator'}",2026-04-24 03:42:50.092903,https://www.openstreetmap.org/node/8082900042,16.7206681,106.7929516
node/9655809884,9655809884,node,Viet Nam,generator,Missing output tag,none,"tags: {'generator:method': 'wind_turbine', 'generator:source': 'wind', 'power': 'generator'}",2026-04-24 03:42:50.092926,https://www.openstreetmap.org/node/9655809884,16.7224452,106.7773515
node/9655809875,9655809875,node,Viet Nam,generator,Missing output tag,none,"tags: {'generator:method': 'wind_turbine', 'generator:source': 'wind', 'power': 'generator'}",2026-04-24 03:42:50.092947,https://www.openstreetmap.org/node/9655809875,16.7183223,106.7641711
node/9655809878,9655809878,node,Viet Nam,generator,Missing output tag,none,"tags: {'generator:method': 'wind_turbine', 'generator:source': 'wind', 'power': 'generator'}",2026-04-24 03:42:50.092966,https://www.openstreetmap.org/node/9655809878,16.7158279,106.7650107
node/9655809866,9655809866,node,Viet Nam,generator,Missing output tag,none,"tags: {'generator:method': 'wind_turbine', 'generator:source': 'wind', 'power': 'generator'}",2026-04-24 03:42:50.092985,https://www.openstreetmap.org/node/9655809866,16.7178342,106.7973621
node/9655809883,9655809883,node,Viet Nam,generator,Missing output tag,none,"tags: {'generator:method': 'wind_turbine', 'generator:source': 'wind', 'power': 'generator'}",2026-04-24 03:42:50.093004,https://www.openstreetmap.org/node/9655809883,16.7196118,106.7770202
node/9655809886,9655809886,node,Viet Nam,generator,Missing output tag,none,"tags: {'generator:method': 'wind_turbine', 'generator:source': 'wind', 'power': 'generator'}",2026-04-24 03:42:50.093022,https://www.openstreetmap.org/node/9655809886,16.7242074,106.7859346
node/9655809877,9655809877,node,Viet Nam,generator,Missing output tag,none,"tags: {'generator:method': 'wind_turbine', 'generator:source': 'wind', 'power': 'generator'}",2026-04-24 03:42:50.093039,https://www.openstreetmap.org/node/9655809877,16.7134312,106.7645198
node/9655809865,9655809865,node,Viet Nam,generator,Missing output tag,none,"tags: {'generator:method': 'wind_turbine', 'generator:source': 'wind', 'power': 'generator'}",2026-04-24 03:42:50.093056,https://www.openstreetmap.org/node/9655809865,16.7285896,106.7814848
node/9655809868,9655809868,node,Viet Nam,generator,Missing output tag,none,"tags: {'generator:method': 'wind_turbine', 'generator:source': 'wind', 'power': 'generator'}",2026-04-24 03:42:50.093074,https://www.openstreetmap.org/node/9655809868,16.7201462,106.7944747
node/9655809885,9655809885,node,Viet Nam,generator,Missing output tag,none,"tags: {'generator:method': 'wind_turbine', 'generator:source': 'wind', 'power': 'generator'}",2026-04-24 03:42:50.093092,https://www.openstreetmap.org/node/9655809885,16.7248059,106.7837352
node/9655809872,9655809872,node,Viet Nam,generator,Missing output tag,none,"tags: {'generator:method': 'wind_turbine', 'generator:source': 'wind', 'power': 'generator'}",2026-04-24 03:42:50.093111,https://www.openstreetmap.org/node/9655809872,16.7256125,106.7762357
node/9655809879,9655809879,node,Viet Nam,generator,Missing output tag,none,"tags: {'generator:method': 'wind_turbine', 'generator:source': 'wind', 'power': 'generator'}",2026-04-24 03:42:50.093129,https://www.openstreetmap.org/node/9655809879,16.7150521,106.7681676
node/9655809867,9655809867,node,Viet Nam,generator,Missing output tag,none,"tags: {'generator:method': 'wind_turbine', 'generator:source': 'wind', 'power': 'generator'}",2026-04-24 03:42:50.093147,https://www.openstreetmap.org/node/9655809867,16.7192175,106.7961068
node/9655809870,9655809870,node,Viet Nam,generator,Missing output tag,none,"tags: {'generator:method': 'wind_turbine', 'generator:source': 'wind', 'power': 'generator'}",2026-04-24 03:42:50.093165,https://www.openstreetmap.org/node/9655809870,16.711534,106.7687537
node/9655809880,9655809880,node,Viet Nam,generator,Missing output tag,none,"tags: {'generator:method': 'wind_turbine', 'generator:source': 'wind', 'power': 'generator'}",2026-04-24 03:42:50.093183,https://www.openstreetmap.org/node/9655809880,16.7182452,106.773819
node/9655809874,9655809874,node,Viet Nam,generator,Missing output tag,none,"tags: {'generator:method': 'wind_turbine', 'generator:source': 'wind', 'power': 'generator'}",2026-04-24 03:42:50.093200,https://www.openstreetmap.org/node/9655809874,16.7213227,106.7678913
node/8082900039,8082900039,node,Viet Nam,generator,Missing output tag,none,"tags: {'generator:method': 'wind_turbine', 'generator:source': 'wind', 'power': 'generator'}",2026-04-24 03:42:50.093218,https://www.openstreetmap.org/node/8082900039,16.7226911,106.7895781
node/9655809869,9655809869,node,Viet Nam,generator,Missing output tag,none,"tags: {'generator:method': 'wind_turbine', 'generator:source': 'wind', 'power': 'generator'}",2026-04-24 03:42:50.093235,https://www.openstreetmap.org/node/9655809869,16.7161234,106.7888662
node/8082900040,8082900040,node,Viet Nam,generator,Missing output tag,none,"tags: {'generator:method': 'wind_turbine', 'generator:source': 'wind', 'power': 'generator'}",2026-04-24 03:42:50.093253,https://www.openstreetmap.org/node/8082900040,16.7237457,106.7879599
node/9655809882,9655809882,node,Viet Nam,generator,Missing output tag,none,"tags: {'generator:method': 'wind_turbine', 'generator:source': 'wind', 'power': 'generator'}",2026-04-24 03:42:50.093270,https://www.openstreetmap.org/node/9655809882,16.7173744,106.7791486
node/9655809873,9655809873,node,Viet Nam,generator,Missing output tag,none,"tags: {'generator:method': 'wind_turbine', 'generator:source': 'wind', 'power': 'generator'}",2026-04-24 03:42:50.093288,https://www.openstreetmap.org/node/9655809873,16.7208192,106.7710027
node/9655809876,9655809876,node,Viet Nam,generator,Missing output tag,none,"tags: {'generator:method': 'wind_turbine', 'generator:source': 'wind', 'power': 'generator'}",2026-04-24 03:42:50.093306,https://www.openstreetmap.org/node/9655809876,16.7145974,106.7617343
node/9655809864,9655809864,node,Viet Nam,generator,Missing output tag,none,"tags: {'generator:method': 'wind_turbine', 'generator:source': 'wind', 'power': 'generator'}",2026-04-24 03:42:50.093325,https://www.openstreetmap.org/node/9655809864,16.728754,106.7838773
node/9655809871,9655809871,node,Viet Nam,generator,Missing output tag,none,"tags: {'generator:method': 'wind_turbine', 'generator:source': 'wind', 'power': 'generator'}",2026-04-24 03:42:50.093344,https://www.openstreetmap.org/node/9655809871,16.7119142,106.7740859
node/7740386459,7740386459,node,Viet Nam,generator,Capacity regex no match,1600 kW,Tag 'generator:output:electricity' has value '1600 kW' which could not be parsed,2026-04-24 03:42:50.096922,https://www.openstreetmap.org/node/7740386459,9.2198869,105.7921159
node/7740386454,7740386454,node,Viet Nam,generator,Capacity regex no match,1600 kW,Tag 'generator:output:electricity' has value '1600 kW' which could not be parsed,2026-04-24 03:42:50.096953,https://www.openstreetmap.org/node/7740386454,9.2228286,105.799185
node/7740386425,7740386425,node,Viet Nam,generator,Capacity regex no match,1600 kW,Tag 'generator:output:electricity' has value '1600 kW' which could not be parsed,2026-04-24 03:42:50.096981,https://www.openstreetmap.org/node/7740386425,9.2319365,105.8217977
node/7740386420,7740386420,node,Viet Nam,generator,Capacity regex no match,1600 kW,Tag 'generator:output:electricity' has value '1600 kW' which could not be parsed,2026-04-24 03:42:50.097002,https://www.openstreetmap.org/node/7740386420,9.2371503,105.824444
node/7740386477,7740386477,node,Viet Nam,generator,Capacity regex no match,1600 kW,Tag 'generator:output:electricity' has value '1600 kW' which could not be parsed,2026-04-24 03:42:50.097022,https://www.openstreetmap.org/node/7740386477,9.2056604,105.7820665
node/7740386434,7740386434,node,Viet Nam,generator,Capacity regex no match,1600 kW,Tag 'generator:output:electricity' has value '1600 kW' which could not be parsed,2026-04-24 03:42:50.097041,https://www.openstreetmap.org/node/7740386434,9.222994,105.8204589
node/7740386449,7740386449,node,Viet Nam,generator,Capacity regex no match,1600 kW,Tag 'generator:output:electricity' has value '1600 kW' which could not be parsed,2026-04-24 03:42:50.097060,https://www.openstreetmap.org/node/7740386449,9.21458,105.8023798
node/7740386431,7740386431,node,Viet Nam,generator,Capacity regex no match,1600 kW,Tag 'generator:output:electricity' has value '1600 kW' which could not be parsed,2026-04-24 03:42:50.097078,https://www.openstreetmap.org/node/7740386431,9.2290274,105.8182277
node/7740386467,7740386467,node,Viet Nam,generator,Capacity regex no match,1600 kW,Tag 'generator:output:electricity' has value '1600 kW' which could not be parsed,2026-04-24 03:42:50.097097,https://www.openstreetmap.org/node/7740386467,9.2106968,105.7876455
node/7740386445,7740386445,node,Viet Nam,generator,Capacity regex no match,1600 kW,Tag 'generator:output:electricity' has value '1600 kW' which could not be parsed,2026-04-24 03:42:50.097115,https://www.openstreetmap.org/node/7740386445,9.2218167,105.8070051
node/7740386456,7740386456,node,Viet Nam,generator,Capacity regex no match,1600 kW,Tag 'generator:output:electricity' has value '1600 kW' which could not be parsed,2026-04-24 03:42:50.097133,https://www.openstreetmap.org/node/7740386456,9.2268411,105.7976233
node/7740386455,7740386455,node,Viet Nam,generator,Capacity regex no match,1600 kW,Tag 'generator:output:electricity' has value '1600 kW' which could not be parsed,2026-04-24 03:42:50.097152,https://www.openstreetmap.org/node/7740386455,9.2247819,105.7984101
node/7740386421,7740386421,node,Viet Nam,generator,Capacity regex no match,1600 kW,Tag 'generator:output:electricity' has value '1600 kW' which could not be parsed,2026-04-24 03:42:50.097171,https://www.openstreetmap.org/node/7740386421,9.2395268,105.8235411
node/7740386435,7740386435,node,Viet Nam,generator,Capacity regex no match,1600 kW,Tag 'generator:output:electricity' has value '1600 kW' which could not be parsed,2026-04-24 03:42:50.097191,https://www.openstreetmap.org/node/7740386435,9.2191936,105.8150418
node/7740386462,7740386462,node,Viet Nam,generator,Capacity regex no match,1600 kW,Tag 'generator:output:electricity' has value '1600 kW' which could not be parsed,2026-04-24 03:42:50.097210,https://www.openstreetmap.org/node/7740386462,9.2134503,105.7946312
node/7740386428,7740386428,node,Viet Nam,generator,Capacity regex no match,1600 kW,Tag 'generator:output:electricity' has value '1600 kW' which could not be parsed,2026-04-24 03:42:50.097228,https://www.openstreetmap.org/node/7740386428,9.236208,105.8154672
node/7740386464,7740386464,node,Viet Nam,generator,Capacity regex no match,1600 kW,Tag 'generator:output:electricity' has value '1600 kW' which could not be parsed,2026-04-24 03:42:50.097246,https://www.openstreetmap.org/node/7740386464,9.2092495,105.7962524
node/7740386442,7740386442,node,Viet Nam,generator,Capacity regex no match,1600 kW,Tag 'generator:output:electricity' has value '1600 kW' which could not be parsed,2026-04-24 03:42:50.097265,https://www.openstreetmap.org/node/7740386442,9.2305593,105.8035957
node/7740386457,7740386457,node,Viet Nam,generator,Capacity regex no match,1600 kW,Tag 'generator:output:electricity' has value '1600 kW' which could not be parsed,2026-04-24 03:42:50.097284,https://www.openstreetmap.org/node/7740386457,9.2241347,105.7904827
node/7740386452,7740386452,node,Viet Nam,generator,Capacity regex no match,1600 kW,Tag 'generator:output:electricity' has value '1600 kW' which could not be parsed,2026-04-24 03:42:50.097303,https://www.openstreetmap.org/node/7740386452,9.2188279,105.8007109
node/7740386470,7740386470,node,Viet Nam,generator,Capacity regex no match,1600 kW,Tag 'generator:output:electricity' has value '1600 kW' which could not be parsed,2026-04-24 03:42:50.097322,https://www.openstreetmap.org/node/7740386470,9.2166392,105.7852852
node/7740386432,7740386432,node,Viet Nam,generator,Capacity regex no match,1600 kW,Tag 'generator:output:electricity' has value '1600 kW' which could not be parsed,2026-04-24 03:42:50.097342,https://www.openstreetmap.org/node/7740386432,9.2269582,105.8189853
node/7740386463,7740386463,node,Viet Nam,generator,Capacity regex no match,1600 kW,Tag 'generator:output:electricity' has value '1600 kW' which could not be parsed,2026-04-24 03:42:50.097361,https://www.openstreetmap.org/node/7740386463,9.2113676,105.795406
node/7740386429,7740386429,node,Viet Nam,generator,Capacity regex no match,1600 kW,Tag 'generator:output:electricity' has value '1600 kW' which could not be parsed,2026-04-24 03:42:50.097380,https://www.openstreetmap.org/node/7740386429,9.2341901,105.8162248
node/7740386465,7740386465,node,Viet Nam,generator,Capacity regex no match,1600 kW,Tag 'generator:output:electricity' has value '1600 kW' which could not be parsed,2026-04-24 03:42:50.097400,https://www.openstreetmap.org/node/7740386465,9.2066842,105.7892072
node/7740386443,7740386443,node,Viet Nam,generator,Capacity regex no match,1600 kW,Tag 'generator:output:electricity' has value '1600 kW' which could not be parsed,2026-04-24 03:42:50.097419,https://www.openstreetmap.org/node/7740386443,9.2287826,105.8042275
node/7740386438,7740386438,node,Viet Nam,generator,Capacity regex no match,1600 kW,Tag 'generator:output:electricity' has value '1600 kW' which could not be parsed,2026-04-24 03:42:50.097438,https://www.openstreetmap.org/node/7740386438,9.2252271,105.8126549
node/7740386453,7740386453,node,Viet Nam,generator,Capacity regex no match,1600 kW,Tag 'generator:output:electricity' has value '1600 kW' which could not be parsed,2026-04-24 03:42:50.097457,https://www.openstreetmap.org/node/7740386453,9.2208518,105.7999598
node/7740386419,7740386419,node,Viet Nam,generator,Capacity regex no match,1600 kW,Tag 'generator:output:electricity' has value '1600 kW' which could not be parsed,2026-04-24 03:42:50.097475,https://www.openstreetmap.org/node/7740386419,9.2347022,105.8254922
node/7740386472,7740386472,node,Viet Nam,generator,Capacity regex no match,1600 kW,Tag 'generator:output:electricity' has value '1600 kW' which could not be parsed,2026-04-24 03:42:50.097493,https://www.openstreetmap.org/node/7740386472,9.2206518,105.7837116
node/7740386471,7740386471,node,Viet Nam,generator,Capacity regex no match,1600 kW,Tag 'generator:output:electricity' has value '1600 kW' which could not be parsed,2026-04-24 03:42:50.097511,https://www.openstreetmap.org/node/7740386471,9.218569,105.7845103
node/7740386482,7740386482,node,Viet Nam,generator,Capacity regex no match,1600 kW,Tag 'generator:output:electricity' has value '1600 kW' which could not be parsed,2026-04-24 03:42:50.097529,https://www.openstreetmap.org/node/7740386482,9.2157332,105.7781565
node/7740386433,7740386433,node,Viet Nam,generator,Capacity regex no match,1600 kW,Tag 'generator:output:electricity' has value '1600 kW' which could not be parsed,2026-04-24 03:42:50.097548,https://www.openstreetmap.org/node/7740386433,9.2249915,105.8197429
node/7740386460,7740386460,node,Viet Nam,generator,Capacity regex no match,1600 kW,Tag 'generator:output:electricity' has value '1600 kW' which could not be parsed,2026-04-24 03:42:50.097567,https://www.openstreetmap.org/node/7740386460,9.2176512,105.7929742
node/7740386426,7740386426,node,Viet Nam,generator,Capacity regex no match,1600 kW,Tag 'generator:output:electricity' has value '1600 kW' which could not be parsed,2026-04-24 03:42:50.097585,https://www.openstreetmap.org/node/7740386426,9.2342925,105.8208844
node/7740386478,7740386478,node,Viet Nam,generator,Capacity regex no match,1600 kW,Tag 'generator:output:electricity' has value '1600 kW' which could not be parsed,2026-04-24 03:42:50.097603,https://www.openstreetmap.org/node/7740386478,9.2077315,105.7812559
node/7740386440,7740386440,node,Viet Nam,generator,Capacity regex no match,1600 kW,Tag 'generator:output:electricity' has value '1600 kW' which could not be parsed,2026-04-24 03:42:50.097621,https://www.openstreetmap.org/node/7740386440,9.2294474,105.8110256
node/7740386439,7740386439,node,Viet Nam,generator,Capacity regex no match,1600 kW,Tag 'generator:output:electricity' has value '1600 kW' which could not be parsed,2026-04-24 03:42:50.097640,https://www.openstreetmap.org/node/7740386439,9.227368,105.8118143
node/7740386450,7740386450,node,Viet Nam,generator,Capacity regex no match,1600 kW,Tag 'generator:output:electricity' has value '1600 kW' which could not be parsed,2026-04-24 03:42:50.097659,https://www.openstreetmap.org/node/7740386450,9.212556,105.8031904
node/7740386468,7740386468,node,Viet Nam,generator,Capacity regex no match,1600 kW,Tag 'generator:output:electricity' has value '1600 kW' which could not be parsed,2026-04-24 03:42:50.097678,https://www.openstreetmap.org/node/7740386468,9.2127208,105.7868349
node/7740386483,7740386483,node,Viet Nam,generator,Capacity regex no match,1600 kW,Tag 'generator:output:electricity' has value '1600 kW' which could not be parsed,2026-04-24 03:42:50.097696,https://www.openstreetmap.org/node/7740386483,9.2178748,105.7772743
node/7740386446,7740386446,node,Viet Nam,generator,Capacity regex no match,1600 kW,Tag 'generator:output:electricity' has value '1600 kW' which could not be parsed,2026-04-24 03:42:50.097714,https://www.openstreetmap.org/node/7740386446,9.219581,105.8077919
node/7740386461,7740386461,node,Viet Nam,generator,Capacity regex no match,1600 kW,Tag 'generator:output:electricity' has value '1600 kW' which could not be parsed,2026-04-24 03:42:50.097733,https://www.openstreetmap.org/node/7740386461,9.2154978,105.7938325
node/7740386427,7740386427,node,Viet Nam,generator,Capacity regex no match,1600 kW,Tag 'generator:output:electricity' has value '1600 kW' which could not be parsed,2026-04-24 03:42:50.097750,https://www.openstreetmap.org/node/7740386427,9.2367713,105.8198882
node/7740386422,7740386422,node,Viet Nam,generator,Capacity regex no match,1600 kW,Tag 'generator:output:electricity' has value '1600 kW' which could not be parsed,2026-04-24 03:42:50.097768,https://www.openstreetmap.org/node/7740386422,9.2397214,105.8282423
node/7740386479,7740386479,node,Viet Nam,generator,Capacity regex no match,1600 kW,Tag 'generator:output:electricity' has value '1600 kW' which could not be parsed,2026-04-24 03:42:50.097787,https://www.openstreetmap.org/node/7740386479,9.2097084,105.7804572
node/7740386441,7740386441,node,Viet Nam,generator,Capacity regex no match,1600 kW,Tag 'generator:output:electricity' has value '1600 kW' which could not be parsed,2026-04-24 03:42:50.097806,https://www.openstreetmap.org/node/7740386441,9.2329096,105.8096764
node/7740386436,7740386436,node,Viet Nam,generator,Capacity regex no match,1600 kW,Tag 'generator:output:electricity' has value '1600 kW' which could not be parsed,2026-04-24 03:42:50.097828,https://www.openstreetmap.org/node/7740386436,9.2211296,105.8142738
node/7740386451,7740386451,node,Viet Nam,generator,Capacity regex no match,1600 kW,Tag 'generator:output:electricity' has value '1600 kW' which could not be parsed,2026-04-24 03:42:50.097846,https://www.openstreetmap.org/node/7740386451,9.2167334,105.8015811
node/7740386469,7740386469,node,Viet Nam,generator,Capacity regex no match,1600 kW,Tag 'generator:output:electricity' has value '1600 kW' which could not be parsed,2026-04-24 03:42:50.097864,https://www.openstreetmap.org/node/7740386469,9.2146388,105.78606
node/7740386480,7740386480,node,Viet Nam,generator,Capacity regex no match,1600 kW,Tag 'generator:output:electricity' has value '1600 kW' which could not be parsed,2026-04-24 03:42:50.097901,https://www.openstreetmap.org/node/7740386480,9.2117559,105.7796823
node/7740386447,7740386447,node,Viet Nam,generator,Capacity regex no match,1600 kW,Tag 'generator:output:electricity' has value '1600 kW' which could not be parsed,2026-04-24 03:42:50.097922,https://www.openstreetmap.org/node/7740386447,9.2175923,105.8086144
node/7740386458,7740386458,node,Viet Nam,generator,Capacity regex no match,1600 kW,Tag 'generator:output:electricity' has value '1600 kW' which could not be parsed,2026-04-24 03:42:50.097941,https://www.openstreetmap.org/node/7740386458,9.2220402,105.7912814
node/7740386424,7740386424,node,Viet Nam,generator,Capacity regex no match,1600 kW,Tag 'generator:output:electricity' has value '1600 kW' which could not be parsed,2026-04-24 03:42:50.097959,https://www.openstreetmap.org/node/7740386424,9.2423846,105.8272045
node/7740386423,7740386423,node,Viet Nam,generator,Capacity regex no match,1600 kW,Tag 'generator:output:electricity' has value '1600 kW' which could not be parsed,2026-04-24 03:42:50.097978,https://www.openstreetmap.org/node/7740386423,9.2366996,105.8292801
node/7740386476,7740386476,node,Viet Nam,generator,Capacity regex no match,1600 kW,Tag 'generator:output:electricity' has value '1600 kW' which could not be parsed,2026-04-24 03:42:50.097995,https://www.openstreetmap.org/node/7740386476,9.2038953,105.7826983
node/7740386437,7740386437,node,Viet Nam,generator,Capacity regex no match,1600 kW,Tag 'generator:output:electricity' has value '1600 kW' which could not be parsed,2026-04-24 03:42:50.098016,https://www.openstreetmap.org/node/7740386437,9.2231681,105.8134747
node/7740386448,7740386448,node,Viet Nam,generator,Capacity regex no match,1600 kW,Tag 'generator:output:electricity' has value '1600 kW' which could not be parsed,2026-04-24 03:42:50.098034,https://www.openstreetmap.org/node/7740386448,9.2157332,105.8093297
node/7740386430,7740386430,node,Viet Nam,generator,Capacity regex no match,1600 kW,Tag 'generator:output:electricity' has value '1600 kW' which could not be parsed,2026-04-24 03:42:50.098052,https://www.openstreetmap.org/node/7740386430,9.2316702,105.8171899
node/7740386466,7740386466,node,Viet Nam,generator,Capacity regex no match,1600 kW,Tag 'generator:output:electricity' has value '1600 kW' which could not be parsed,2026-04-24 03:42:50.098070,https://www.openstreetmap.org/node/7740386466,9.2085787,105.7883965
node/7740386481,7740386481,node,Viet Nam,generator,Capacity regex no match,1600 kW,Tag 'generator:output:electricity' has value '1600 kW' which could not be parsed,2026-04-24 03:42:50.098089,https://www.openstreetmap.org/node/7740386481,9.2136975,105.7789194
node/7740386444,7740386444,node,Viet Nam,generator,Capacity regex no match,1600 kW,Tag 'generator:output:electricity' has value '1600 kW' which could not be parsed,2026-04-24 03:42:50.098108,https://www.openstreetmap.org/node/7740386444,9.2238288,105.8062064
node/4195284430,4195284430,node,Viet Nam,generator,Capacity regex no match,1500 kW,Tag 'generator:output:electricity' has value '1500 kW' which could not be parsed,2026-04-24 03:42:50.100374,https://www.openstreetmap.org/node/4195284430,11.2063198,108.6874401
node/4195284460,4195284460,node,Viet Nam,generator,Capacity regex no match,1500 kW,Tag 'generator:output:electricity' has value '1500 kW' which could not be parsed,2026-04-24 03:42:50.100404,https://www.openstreetmap.org/node/4195284460,11.2142313,108.6656632
node/4195284428,4195284428,node,Viet Nam,generator,Capacity regex no match,1500 kW,Tag 'generator:output:electricity' has value '1500 kW' which could not be parsed,2026-04-24 03:42:50.100427,https://www.openstreetmap.org/node/4195284428,11.2044464,108.688352
node/4195284429,4195284429,node,Viet Nam,generator,Capacity regex no match,1500 kW,Tag 'generator:output:electricity' has value '1500 kW' which could not be parsed,2026-04-24 03:42:50.100448,https://www.openstreetmap.org/node/4195284429,11.2058514,108.6785942
node/4195284458,4195284458,node,Viet Nam,generator,Capacity regex no match,1500 kW,Tag 'generator:output:electricity' has value '1500 kW' which could not be parsed,2026-04-24 03:42:50.100468,https://www.openstreetmap.org/node/4195284458,11.2133025,108.6751287
node/4195284426,4195284426,node,Viet Nam,generator,Capacity regex no match,1500 kW,Tag 'generator:output:electricity' has value '1500 kW' which could not be parsed,2026-04-24 03:42:50.100488,https://www.openstreetmap.org/node/4195284426,11.202089,108.6803912
node/4195284459,4195284459,node,Viet Nam,generator,Capacity regex no match,1500 kW,Tag 'generator:output:electricity' has value '1500 kW' which could not be parsed,2026-04-24 03:42:50.100508,https://www.openstreetmap.org/node/4195284459,11.2138498,108.6838432
node/4195284427,4195284427,node,Viet Nam,generator,Capacity regex no match,1500 kW,Tag 'generator:output:electricity' has value '1500 kW' which could not be parsed,2026-04-24 03:42:50.100527,https://www.openstreetmap.org/node/4195284427,11.2039729,108.6795061
node/4195284452,4195284452,node,Viet Nam,generator,Capacity regex no match,1500 kW,Tag 'generator:output:electricity' has value '1500 kW' which could not be parsed,2026-04-24 03:42:50.100546,https://www.openstreetmap.org/node/4195284452,11.2124107,108.6666234
node/4195284448,4195284448,node,Viet Nam,generator,Capacity regex no match,1500 kW,Tag 'generator:output:electricity' has value '1500 kW' which could not be parsed,2026-04-24 03:42:50.100570,https://www.openstreetmap.org/node/4195284448,11.211966,108.684731
node/4195284444,4195284444,node,Viet Nam,generator,Capacity regex no match,1500 kW,Tag 'generator:output:electricity' has value '1500 kW' which could not be parsed,2026-04-24 03:42:50.100588,https://www.openstreetmap.org/node/4195284444,11.2115029,108.6760621
node/4195284473,4195284473,node,Viet Nam,generator,Capacity regex no match,1500 kW,Tag 'generator:output:electricity' has value '1500 kW' which could not be parsed,2026-04-24 03:42:50.100606,https://www.openstreetmap.org/node/4195284473,11.2180383,108.6639466
node/4195284441,4195284441,node,Viet Nam,generator,Capacity regex no match,1500 kW,Tag 'generator:output:electricity' has value '1500 kW' which could not be parsed,2026-04-24 03:42:50.100624,https://www.openstreetmap.org/node/4195284441,11.2105216,108.66753
node/4195284470,4195284470,node,Viet Nam,generator,Capacity regex no match,1500 kW,Tag 'generator:output:electricity' has value '1500 kW' which could not be parsed,2026-04-24 03:42:50.100642,https://www.openstreetmap.org/node/4195284470,11.2161401,108.6648545
node/4195284471,4195284471,node,Viet Nam,generator,Capacity regex no match,1500 kW,Tag 'generator:output:electricity' has value '1500 kW' which could not be parsed,2026-04-24 03:42:50.100661,https://www.openstreetmap.org/node/4195284471,11.2173858,108.6735301
node/4195284439,4195284439,node,Viet Nam,generator,Capacity regex no match,1500 kW,Tag 'generator:output:electricity' has value '1500 kW' which could not be parsed,2026-04-24 03:42:50.100679,https://www.openstreetmap.org/node/4195284439,11.2100664,108.6855786
node/4195284437,4195284437,node,Viet Nam,generator,Capacity regex no match,1500 kW,Tag 'generator:output:electricity' has value '1500 kW' which could not be parsed,2026-04-24 03:42:50.100697,https://www.openstreetmap.org/node/4195284437,11.209556,108.6767703
node/4195284466,4195284466,node,Viet Nam,generator,Capacity regex no match,1500 kW,Tag 'generator:output:electricity' has value '1500 kW' which could not be parsed,2026-04-24 03:42:50.100715,https://www.openstreetmap.org/node/4195284466,11.2152811,108.6743348
node/4195284432,4195284432,node,Viet Nam,generator,Capacity regex no match,1500 kW,Tag 'generator:output:electricity' has value '1500 kW' which could not be parsed,2026-04-24 03:42:50.100733,https://www.openstreetmap.org/node/4195284432,11.2077248,108.6777037
node/4195284433,4195284433,node,Viet Nam,generator,Capacity regex no match,1500 kW,Tag 'generator:output:electricity' has value '1500 kW' which could not be parsed,2026-04-24 03:42:50.100751,https://www.openstreetmap.org/node/4195284433,11.2081773,108.6865388
relation/15886127,15886127,relation,Viet Nam,plant,Capacity placeholder value,yes,Tag 'plant:output:electricity' contains placeholder value 'yes' instead of actual capacity,2026-04-24 03:42:50.103038,https://www.openstreetmap.org/relation/15886127,16.67897672043394,106.67641083887094
node/10918119963,10918119963,node,Viet Nam,generator,Missing output tag,none,"tags: {'generator:method': 'wind_turbine', 'generator:source': 'wind', 'generator:type': 'wind_turbine', 'manufacturer': 'Vestas', 'model': 'V150', 'note': 'TL06', 'power': 'generator'}",2026-04-24 03:42:50.103228,https://www.openstreetmap.org/node/10918119963,16.6831927,106.6702613
node/10918119965,10918119965,node,Viet Nam,generator,Missing output tag,none,"tags: {'generator:method': 'wind_turbine', 'generator:source': 'wind', 'generator:type': 'wind_turbine', 'manufacturer': 'Vestas', 'model': 'V150', 'note': 'TL04', 'power': 'generator'}",2026-04-24 03:42:50.103257,https://www.openstreetmap.org/node/10918119965,16.680928,106.6754111
node/10918119966,10918119966,node,Viet Nam,generator,Missing output tag,none,"tags: {'generator:method': 'wind_turbine', 'generator:source': 'wind', 'generator:type': 'wind_turbine', 'manufacturer': 'Vestas', 'model': 'V150', 'note': 'TL03', 'power': 'generator'}",2026-04-24 03:42:50.103283,https://www.openstreetmap.org/node/10918119966,16.679947,106.6784028
node/10918119960,10918119960,node,Viet Nam,generator,Missing output tag,none,"tags: {'generator:method': 'wind_turbine', 'generator:source': 'wind', 'generator:type': 'wind_turbine', 'manufacturer': 'Vestas', 'model': 'V150', 'note': 'TL09', 'power': 'generator'}",2026-04-24 03:42:50.103307,https://www.openstreetmap.org/node/10918119960,16.6781,106.672775
node/10918119962,10918119962,node,Viet Nam,generator,Missing output tag,none,"tags: {'generator:method': 'wind_turbine', 'generator:source': 'wind', 'generator:type': 'wind_turbine', 'manufacturer': 'Vestas', 'model': 'V150', 'note': 'TL07', 'power': 'generator'}",2026-04-24 03:42:50.103331,https://www.openstreetmap.org/node/10918119962,16.6785556,106.6667222
node/10918119964,10918119964,node,Viet Nam,generator,Missing output tag,none,"tags: {'generator:method': 'wind_turbine', 'generator:source': 'wind', 'generator:type': 'wind_turbine', 'manufacturer': 'Vestas', 'model': 'V150', 'note': 'TL05', 'power': 'generator'}",2026-04-24 03:42:50.103356,https://www.openstreetmap.org/node/10918119964,16.6825092,106.6729735
node/10918119961,10918119961,node,Viet Nam,generator,Missing output tag,none,"tags: {'generator:method': 'wind_turbine', 'generator:source': 'wind', 'generator:type': 'wind_turbine', 'manufacturer': 'Vestas', 'model': 'V150', 'note': 'TL08', 'power': 'generator'}",2026-04-24 03:42:50.103379,https://www.openstreetmap.org/node/10918119961,16.675961,106.676275
node/10918119958,10918119958,node,Viet Nam,generator,Missing output tag,none,"tags: {'generator:method': 'wind_turbine', 'generator:source': 'wind', 'generator:type': 'wind_turbine', 'manufacturer': 'Vestas', 'model': 'V150', 'note': 'TL11', 'power': 'generator'}",2026-04-24 03:42:50.103402,https://www.openstreetmap.org/node/10918119958,16.675064,106.6789056
node/10918119959,10918119959,node,Viet Nam,generator,Missing output tag,none,"tags: {'generator:method': 'wind_turbine', 'generator:source': 'wind', 'generator:type': 'wind_turbine', 'manufacturer': 'Vestas', 'model': 'V150', 'note': 'TL10', 'power': 'generator'}",2026-04-24 03:42:50.103425,https://www.openstreetmap.org/node/10918119959,16.677608,106.6828944
node/10918119968,10918119968,node,Viet Nam,generator,Missing output tag,none,"tags: {'generator:method': 'wind_turbine', 'generator:source': 'wind', 'generator:type': 'wind_turbine', 'manufacturer': 'Vestas', 'model': 'V150', 'note': 'TL01', 'power': 'generator'}",2026-04-24 03:42:50.103448,https://www.openstreetmap.org/node/10918119968,16.677258,106.6868444
node/10918119967,10918119967,node,Viet Nam,generator,Missing output tag,none,"tags: {'generator:method': 'wind_turbine', 'generator:source': 'wind', 'generator:type': 'wind_turbine', 'manufacturer': 'Vestas', 'model': 'V150', 'note': 'TL02', 'power': 'generator'}",2026-04-24 03:42:50.103470,https://www.openstreetmap.org/node/10918119967,16.6804601,106.6832433
relation/15886128,15886128,relation,Viet Nam,plant,Capacity placeholder value,yes,Tag 'plant:output:electricity' contains placeholder value 'yes' instead of actual capacity,2026-04-24 03:42:50.104731,https://www.openstreetmap.org/relation/15886128,16.66813213029767,106.69205275499284
node/10898917095,10898917095,node,Viet Nam,generator,Missing output tag,none,"tags: {'generator:method': 'wind_turbine', 'generator:source': 'wind', 'generator:type': 'wind_turbine', 'manufacturer': 'Vestas', 'model': 'V150', 'note': 'HT09', 'power': 'generator'}",2026-04-24 03:42:50.104968,https://www.openstreetmap.org/node/10898917095,16.6736359,106.6871889
node/10898917098,10898917098,node,Viet Nam,generator,Missing output tag,none,"tags: {'generator:method': 'wind_turbine', 'generator:source': 'wind', 'generator:type': 'wind_turbine', 'manufacturer': 'Vestas', 'model': 'V150', 'note': 'HT06', 'power': 'generator'}",2026-04-24 03:42:50.105000,https://www.openstreetmap.org/node/10898917098,16.6724027,106.689697
node/10898917097,10898917097,node,Viet Nam,generator,Missing output tag,none,"tags: {'generator:method': 'wind_turbine', 'generator:source': 'wind', 'generator:type': 'wind_turbine', 'manufacturer': 'Vestas', 'model': 'V150', 'note': 'HT07', 'power': 'generator'}",2026-04-24 03:42:50.105027,https://www.openstreetmap.org/node/10898917097,16.6732249,106.6842554
node/10898917094,10898917094,node,Viet Nam,generator,Missing output tag,none,"tags: {'generator:method': 'wind_turbine', 'generator:source': 'wind', 'generator:type': 'wind_turbine', 'manufacturer': 'Vestas', 'model': 'V150', 'note': 'HT10', 'power': 'generator'}",2026-04-24 03:42:50.105053,https://www.openstreetmap.org/node/10898917094,16.6691473,106.6848111
node/10898917096,10898917096,node,Viet Nam,generator,Missing output tag,none,"tags: {'generator:method': 'wind_turbine', 'generator:source': 'wind', 'generator:type': 'wind_turbine', 'manufacturer': 'Vestas', 'model': 'V150', 'note': 'HT08', 'power': 'generator'}",2026-04-24 03:42:50.105078,https://www.openstreetmap.org/node/10898917096,16.6602055,106.7056639
node/10898917093,10898917093,node,Viet Nam,generator,Missing output tag,none,"tags: {'generator:method': 'wind_turbine', 'generator:source': 'wind', 'generator:type': 'wind_turbine', 'manufacturer': 'Vestas', 'model': 'V150', 'note': 'HT11', 'power': 'generator'}",2026-04-24 03:42:50.105102,https://www.openstreetmap.org/node/10898917093,16.661786,106.7026083
node/10898729814,10898729814,node,Viet Nam,generator,Missing output tag,none,"tags: {'generator:method': 'wind_turbine', 'generator:source': 'wind', 'generator:type': 'wind_turbine', 'manufacturer': 'Vestas', 'model': 'V150', 'note': 'HT01', 'power': 'generator'}",2026-04-24 03:42:50.105126,https://www.openstreetmap.org/node/10898729814,16.6637342,106.700203
node/10898917102,10898917102,node,Viet Nam,generator,Missing output tag,none,"tags: {'generator:method': 'wind_turbine', 'generator:source': 'wind', 'generator:type': 'wind_turbine', 'manufacturer': 'Vestas', 'model': 'V150', 'note': 'HT02', 'power': 'generator'}",2026-04-24 03:42:50.105150,https://www.openstreetmap.org/node/10898917102,16.665078,106.6977222
node/10898917101,10898917101,node,Viet Nam,generator,Missing output tag,none,"tags: {'generator:method': 'wind_turbine', 'generator:source': 'wind', 'generator:type': 'wind_turbine', 'manufacturer': 'Vestas', 'model': 'V150', 'note': 'HT03', 'power': 'generator'}",2026-04-24 03:42:50.105174,https://www.openstreetmap.org/node/10898917101,16.6668803,106.6955279
node/10898917100,10898917100,node,Viet Nam,generator,Missing output tag,none,"tags: {'generator:method': 'wind_turbine', 'generator:source': 'wind', 'generator:type': 'wind_turbine', 'manufacturer': 'Vestas', 'model': 'V150', 'note': 'HT04', 'power': 'generator'}",2026-04-24 03:42:50.105197,https://www.openstreetmap.org/node/10898917100,16.6682408,106.6931109
node/10898917099,10898917099,node,Viet Nam,generator,Missing output tag,none,"tags: {'generator:method': 'wind_turbine', 'generator:source': 'wind', 'generator:type': 'wind_turbine', 'manufacturer': 'Vestas', 'model': 'V150', 'note': 'HT05', 'power': 'generator'}",2026-04-24 03:42:50.105221,https://www.openstreetmap.org/node/10898917099,16.669692,106.689775
relation/15887208,15887208,relation,Viet Nam,plant,Capacity placeholder value,yes,Tag 'plant:output:electricity' contains placeholder value 'yes' instead of actual capacity,2026-04-24 03:42:50.106541,https://www.openstreetmap.org/relation/15887208,13.541721501838255,108.07737360956064
node/10918313196,10918313196,node,Viet Nam,generator,Missing output tag,none,"tags: {'generator:method': 'wind_turbine', 'generator:source': 'wind', 'generator:type': 'wind_turbine', 'manufacturer': 'Vestas', 'model': 'V150', 'note': 'NH2-T01', 'power': 'generator'}",2026-04-24 03:42:50.106739,https://www.openstreetmap.org/node/10918313196,13.555676,108.07631
node/10918313195,10918313195,node,Viet Nam,generator,Missing output tag,none,"tags: {'generator:method': 'wind_turbine', 'generator:source': 'wind', 'generator:type': 'wind_turbine', 'manufacturer': 'Vestas', 'model': 'V150', 'note': 'NH2-T02', 'power': 'generator'}",2026-04-24 03:42:50.106768,https://www.openstreetmap.org/node/10918313195,13.552868,108.076562
node/10918313186,10918313186,node,Viet Nam,generator,Missing output tag,none,"tags: {'generator:method': 'wind_turbine', 'generator:source': 'wind', 'generator:type': 'wind_turbine', 'manufacturer': 'Vestas', 'model': 'V150', 'note': 'NH2-T11', 'power': 'generator'}",2026-04-24 03:42:50.106794,https://www.openstreetmap.org/node/10918313186,13.550828,108.074403
node/10918313185,10918313185,node,Viet Nam,generator,Missing output tag,none,"tags: {'generator:method': 'wind_turbine', 'generator:source': 'wind', 'generator:type': 'wind_turbine', 'manufacturer': 'Vestas', 'model': 'V150', 'note': 'NH2-T12', 'power': 'generator'}",2026-04-24 03:42:50.106819,https://www.openstreetmap.org/node/10918313185,13.54878,108.072247
node/10918313194,10918313194,node,Viet Nam,generator,Missing output tag,none,"tags: {'generator:method': 'wind_turbine', 'generator:source': 'wind', 'generator:type': 'wind_turbine', 'manufacturer': 'Vestas', 'model': 'V150', 'note': 'NH2-T03', 'power': 'generator'}",2026-04-24 03:42:50.106844,https://www.openstreetmap.org/node/10918313194,13.551016,108.08232
node/10918313193,10918313193,node,Viet Nam,generator,Missing output tag,none,"tags: {'generator:method': 'wind_turbine', 'generator:source': 'wind', 'generator:type': 'wind_turbine', 'manufacturer': 'Vestas', 'model': 'V150', 'note': 'NH2-T04', 'power': 'generator'}",2026-04-24 03:42:50.106867,https://www.openstreetmap.org/node/10918313193,13.548041,108.081428
node/10918313192,10918313192,node,Viet Nam,generator,Missing output tag,none,"tags: {'generator:method': 'wind_turbine', 'generator:source': 'wind', 'generator:type': 'wind_turbine', 'manufacturer': 'Vestas', 'model': 'V150', 'note': 'NH2-T05', 'power': 'generator'}",2026-04-24 03:42:50.106913,https://www.openstreetmap.org/node/10918313192,13.542786,108.071759
node/10918313190,10918313190,node,Viet Nam,generator,Missing output tag,none,"tags: {'generator:method': 'wind_turbine', 'generator:source': 'wind', 'generator:type': 'wind_turbine', 'manufacturer': 'Vestas', 'model': 'V150', 'note': 'NH2-T07', 'power': 'generator'}",2026-04-24 03:42:50.106938,https://www.openstreetmap.org/node/10918313190,13.541356,108.076045
node/10918313191,10918313191,node,Viet Nam,generator,Missing output tag,none,"tags: {'generator:method': 'wind_turbine', 'generator:source': 'wind', 'generator:type': 'wind_turbine', 'manufacturer': 'Vestas', 'model': 'V150', 'note': 'NH2-T06', 'power': 'generator'}",2026-04-24 03:42:50.106961,https://www.openstreetmap.org/node/10918313191,13.531396,108.0749
node/10918313189,10918313189,node,Viet Nam,generator,Missing output tag,none,"tags: {'generator:method': 'wind_turbine', 'generator:source': 'wind', 'generator:type': 'wind_turbine', 'manufacturer': 'Vestas', 'model': 'V150', 'note': 'NH2-T08', 'power': 'generator'}",2026-04-24 03:42:50.106989,https://www.openstreetmap.org/node/10918313189,13.530233,108.078266
node/10918313188,10918313188,node,Viet Nam,generator,Missing output tag,none,"tags: {'generator:method': 'wind_turbine', 'generator:source': 'wind', 'generator:type': 'wind_turbine', 'manufacturer': 'Vestas', 'model': 'V150', 'note': 'NH2-T09', 'power': 'generator'}",2026-04-24 03:42:50.107013,https://www.openstreetmap.org/node/10918313188,13.527992,108.080288
node/10918313187,10918313187,node,Viet Nam,generator,Missing output tag,none,"tags: {'generator:method': 'wind_turbine', 'generator:source': 'wind', 'generator:type': 'wind_turbine', 'manufacturer': 'Vestas', 'model': 'V150', 'note': 'NH2-T10', 'power': 'generator'}",2026-04-24 03:42:50.107037,https://www.openstreetmap.org/node/10918313187,13.524668,108.080437
relation/15887241,15887241,relation,Viet Nam,plant,Capacity placeholder value,yes,Tag 'plant:output:electricity' contains placeholder value 'yes' instead of actual capacity,2026-04-24 03:42:50.108369,https://www.openstreetmap.org/relation/15887241,13.522103135934262,108.07225557406662
node/10918359263,10918359263,node,Viet Nam,generator,Missing output tag,none,"tags: {'generator:method': 'wind_turbine', 'generator:source': 'wind', 'generator:type': 'wind_turbine', 'manufacturer': 'Vestas', 'model': 'V150', 'note': 'NH1-T01', 'power': 'generator'}",2026-04-24 03:42:50.108572,https://www.openstreetmap.org/node/10918359263,13.538611,108.064481
node/10918359257,10918359257,node,Viet Nam,generator,Missing output tag,none,"tags: {'generator:method': 'wind_turbine', 'generator:source': 'wind', 'generator:type': 'wind_turbine', 'manufacturer': 'Vestas', 'model': 'V150', 'note': 'NH1-T07', 'power': 'generator'}",2026-04-24 03:42:50.108601,https://www.openstreetmap.org/node/10918359257,13.535764,108.064902
node/10918359254,10918359254,node,Viet Nam,generator,Missing output tag,none,"tags: {'generator:method': 'wind_turbine', 'generator:source': 'wind', 'generator:type': 'wind_turbine', 'manufacturer': 'Vestas', 'model': 'V150', 'note': 'NH1-T10', 'power': 'generator'}",2026-04-24 03:42:50.108628,https://www.openstreetmap.org/node/10918359254,13.533563,108.066646
node/10918359262,10918359262,node,Viet Nam,generator,Missing output tag,none,"tags: {'generator:method': 'wind_turbine', 'generator:source': 'wind', 'generator:type': 'wind_turbine', 'manufacturer': 'Vestas', 'model': 'V150', 'note': 'NH1-T02', 'power': 'generator'}",2026-04-24 03:42:50.108653,https://www.openstreetmap.org/node/10918359262,13.528638,108.06568
node/10918359261,10918359261,node,Viet Nam,generator,Missing output tag,none,"tags: {'generator:method': 'wind_turbine', 'generator:source': 'wind', 'generator:type': 'wind_turbine', 'manufacturer': 'Vestas', 'model': 'V150', 'note': 'NH1-T03', 'power': 'generator'}",2026-04-24 03:42:50.108679,https://www.openstreetmap.org/node/10918359261,13.525949,108.065178
node/10918359260,10918359260,node,Viet Nam,generator,Missing output tag,none,"tags: {'generator:method': 'wind_turbine', 'generator:source': 'wind', 'generator:type': 'wind_turbine', 'manufacturer': 'Vestas', 'model': 'V150', 'note': 'NH1-T04', 'power': 'generator'}",2026-04-24 03:42:50.108705,https://www.openstreetmap.org/node/10918359260,13.523495,108.066516
node/10918359259,10918359259,node,Viet Nam,generator,Missing output tag,none,"tags: {'generator:method': 'wind_turbine', 'generator:source': 'wind', 'generator:type': 'wind_turbine', 'manufacturer': 'Vestas', 'model': 'V150', 'note': 'NH1-T05', 'power': 'generator'}",2026-04-24 03:42:50.108730,https://www.openstreetmap.org/node/10918359259,13.520774,108.066868
node/10918359258,10918359258,node,Viet Nam,generator,Missing output tag,none,"tags: {'generator:method': 'wind_turbine', 'generator:source': 'wind', 'generator:type': 'wind_turbine', 'manufacturer': 'Vestas', 'model': 'V150', 'note': 'NH1-T06', 'power': 'generator'}",2026-04-24 03:42:50.108754,https://www.openstreetmap.org/node/10918359258,13.518027,108.066675
node/10918359256,10918359256,node,Viet Nam,generator,Missing output tag,none,"tags: {'generator:method': 'wind_turbine', 'generator:source': 'wind', 'generator:type': 'wind_turbine', 'manufacturer': 'Vestas', 'model': 'V150', 'note': 'NH1-T08', 'power': 'generator'}",2026-04-24 03:42:50.108778,https://www.openstreetmap.org/node/10918359256,13.515407,108.067511
node/10918359255,10918359255,node,Viet Nam,generator,Missing output tag,none,"tags: {'generator:method': 'wind_turbine', 'generator:source': 'wind', 'generator:type': 'wind_turbine', 'manufacturer': 'Vestas', 'model': 'V150', 'note': 'NH1-T09', 'power': 'generator'}",2026-04-24 03:42:50.108803,https://www.openstreetmap.org/node/10918359255,13.512576,108.069762
node/10918359252,10918359252,node,Viet Nam,generator,Missing output tag,none,"tags: {'generator:method': 'wind_turbine', 'generator:source': 'wind', 'generator:type': 'wind_turbine', 'manufacturer': 'Vestas', 'model': 'V150', 'note': 'NH1-T12', 'power': 'generator'}",2026-04-24 03:42:50.108827,https://www.openstreetmap.org/node/10918359252,13.513705,108.082956
node/10918359253,10918359253,node,Viet Nam,generator,Missing output tag,none,"tags: {'generator:method': 'wind_turbine', 'generator:source': 'wind', 'generator:type': 'wind_turbine', 'manufacturer': 'Vestas', 'model': 'V150', 'note': 'NH1-T11', 'power': 'generator'}",2026-04-24 03:42:50.108851,https://www.openstreetmap.org/node/10918359253,13.516834,108.083441
relation/15981473,15981473,relation,Viet Nam,plant,Capacity placeholder value,yes,Tag 'plant:output:electricity' contains placeholder value 'yes' instead of actual capacity,2026-04-24 03:42:50.129390,https://www.openstreetmap.org/relation/15981473,10.153404729312129,106.85420301743655
node/10927950407,10927950407,node,Viet Nam,generator,Missing output tag,none,"tags: {'generator:method': 'wind_turbine', 'generator:source': 'wind', 'generator:type': 'horizontal_axis', 'offshore': 'yes', 'power': 'generator', 'seamark:landmark:category': 'windmotor', 'seamark:type': 'landmark'}",2026-04-24 03:42:50.129602,https://www.openstreetmap.org/node/10927950407,10.1431356,106.8646221
node/10927950427,10927950427,node,Viet Nam,generator,Missing output tag,none,"tags: {'generator:method': 'wind_turbine', 'generator:source': 'wind', 'generator:type': 'horizontal_axis', 'offshore': 'yes', 'power': 'generator', 'seamark:landmark:category': 'windmotor', 'seamark:type': 'landmark'}",2026-04-24 03:42:50.129636,https://www.openstreetmap.org/node/10927950427,10.1451009,106.8626243
node/10927950428,10927950428,node,Viet Nam,generator,Missing output tag,none,"tags: {'generator:method': 'wind_turbine', 'generator:source': 'wind', 'generator:type': 'horizontal_axis', 'offshore': 'yes', 'power': 'generator', 'seamark:landmark:category': 'windmotor', 'seamark:type': 'landmark'}",2026-04-24 03:42:50.129665,https://www.openstreetmap.org/node/10927950428,10.1470926,106.8606276
node/10927950405,10927950405,node,Viet Nam,generator,Missing output tag,none,"tags: {'generator:method': 'wind_turbine', 'generator:source': 'wind', 'generator:type': 'horizontal_axis', 'offshore': 'yes', 'power': 'generator', 'seamark:landmark:category': 'windmotor', 'seamark:type': 'landmark'}",2026-04-24 03:42:50.129691,https://www.openstreetmap.org/node/10927950405,10.1490604,106.8586104
node/10927950410,10927950410,node,Viet Nam,generator,Missing output tag,none,"tags: {'generator:method': 'wind_turbine', 'generator:source': 'wind', 'generator:type': 'horizontal_axis', 'offshore': 'yes', 'power': 'generator', 'seamark:landmark:category': 'windmotor', 'seamark:type': 'landmark'}",2026-04-24 03:42:50.129717,https://www.openstreetmap.org/node/10927950410,10.1510386,106.8565967
node/10927950433,10927950433,node,Viet Nam,generator,Missing output tag,none,"tags: {'generator:method': 'wind_turbine', 'generator:source': 'wind', 'generator:type': 'horizontal_axis', 'offshore': 'yes', 'power': 'generator', 'seamark:landmark:category': 'windmotor', 'seamark:type': 'landmark'}",2026-04-24 03:42:50.129744,https://www.openstreetmap.org/node/10927950433,10.1530207,106.8545906
node/10927950414,10927950414,node,Viet Nam,generator,Missing output tag,none,"tags: {'generator:method': 'wind_turbine', 'generator:source': 'wind', 'generator:type': 'horizontal_axis', 'offshore': 'yes', 'power': 'generator', 'seamark:landmark:category': 'windmotor', 'seamark:type': 'landmark'}",2026-04-24 03:42:50.129770,https://www.openstreetmap.org/node/10927950414,10.1549982,106.8525833
node/10927905297,10927905297,node,Viet Nam,generator,Missing output tag,none,"tags: {'generator:method': 'wind_turbine', 'generator:source': 'wind', 'generator:type': 'horizontal_axis', 'offshore': 'yes', 'power': 'generator', 'seamark:landmark:category': 'windmotor', 'seamark:type': 'landmark'}",2026-04-24 03:42:50.129795,https://www.openstreetmap.org/node/10927905297,10.1569734,106.8505909
node/10927950419,10927950419,node,Viet Nam,generator,Missing output tag,none,"tags: {'generator:method': 'wind_turbine', 'generator:source': 'wind', 'generator:type': 'horizontal_axis', 'offshore': 'yes', 'power': 'generator', 'seamark:landmark:category': 'windmotor', 'seamark:type': 'landmark'}",2026-04-24 03:42:50.129824,https://www.openstreetmap.org/node/10927950419,10.1589445,106.8485636
node/10927905288,10927905288,node,Viet Nam,generator,Missing output tag,none,"tags: {'generator:method': 'wind_turbine', 'generator:source': 'wind', 'generator:type': 'horizontal_axis', 'offshore': 'yes', 'power': 'generator', 'seamark:landmark:category': 'windmotor', 'seamark:type': 'landmark'}",2026-04-24 03:42:50.129850,https://www.openstreetmap.org/node/10927905288,10.1609281,106.8465682
node/10927905300,10927905300,node,Viet Nam,generator,Missing output tag,none,"tags: {'generator:method': 'wind_turbine', 'generator:source': 'wind', 'generator:type': 'horizontal_axis', 'offshore': 'yes', 'power': 'generator', 'seamark:landmark:category': 'windmotor', 'seamark:type': 'landmark'}",2026-04-24 03:42:50.129908,https://www.openstreetmap.org/node/10927905300,10.1629021,106.844559
node/10927905291,10927905291,node,Viet Nam,generator,Missing output tag,none,"tags: {'generator:method': 'wind_turbine', 'generator:source': 'wind', 'generator:type': 'horizontal_axis', 'offshore': 'yes', 'power': 'generator', 'seamark:landmark:category': 'windmotor', 'seamark:type': 'landmark'}",2026-04-24 03:42:50.129938,https://www.openstreetmap.org/node/10927905291,10.1648768,106.84256
relation/15981504,15981504,relation,Viet Nam,plant,Capacity placeholder value,yes,Tag 'plant:output:electricity' contains placeholder value 'yes' instead of actual capacity,2026-04-24 03:42:50.131382,https://www.openstreetmap.org/relation/15981504,10.108812879234518,106.81947708053131
node/10927950426,10927950426,node,Viet Nam,generator,Missing output tag,none,"tags: {'generator:method': 'wind_turbine', 'generator:source': 'wind', 'generator:type': 'horizontal_axis', 'offshore': 'yes', 'power': 'generator', 'seamark:landmark:category': 'windmotor', 'seamark:type': 'landmark'}",2026-04-24 03:42:50.131581,https://www.openstreetmap.org/node/10927950426,10.1246404,106.8256546
node/10927950412,10927950412,node,Viet Nam,generator,Missing output tag,none,"tags: {'generator:method': 'wind_turbine', 'generator:source': 'wind', 'generator:type': 'horizontal_axis', 'offshore': 'yes', 'power': 'generator', 'seamark:landmark:category': 'windmotor', 'seamark:type': 'landmark'}",2026-04-24 03:42:50.131612,https://www.openstreetmap.org/node/10927950412,10.1216928,106.8244895
node/10927905301,10927905301,node,Viet Nam,generator,Missing output tag,none,"tags: {'generator:method': 'wind_turbine', 'generator:source': 'wind', 'generator:type': 'horizontal_axis', 'offshore': 'yes', 'power': 'generator', 'seamark:landmark:category': 'windmotor', 'seamark:type': 'landmark'}",2026-04-24 03:42:50.131641,https://www.openstreetmap.org/node/10927905301,10.1187447,106.8233426
node/10927905295,10927905295,node,Viet Nam,generator,Missing output tag,none,"tags: {'generator:method': 'wind_turbine', 'generator:source': 'wind', 'generator:type': 'horizontal_axis', 'offshore': 'yes', 'power': 'generator', 'seamark:landmark:category': 'windmotor', 'seamark:type': 'landmark'}",2026-04-24 03:42:50.131668,https://www.openstreetmap.org/node/10927905295,10.1157909,106.8221982
node/10927950420,10927950420,node,Viet Nam,generator,Missing output tag,none,"tags: {'generator:method': 'wind_turbine', 'generator:source': 'wind', 'generator:type': 'horizontal_axis', 'offshore': 'yes', 'power': 'generator', 'seamark:landmark:category': 'windmotor', 'seamark:type': 'landmark'}",2026-04-24 03:42:50.131693,https://www.openstreetmap.org/node/10927950420,10.1128382,106.8210384
node/10927950423,10927950423,node,Viet Nam,generator,Missing output tag,none,"tags: {'generator:method': 'wind_turbine', 'generator:source': 'wind', 'generator:type': 'horizontal_axis', 'offshore': 'yes', 'power': 'generator', 'seamark:landmark:category': 'windmotor', 'seamark:type': 'landmark'}",2026-04-24 03:42:50.131719,https://www.openstreetmap.org/node/10927950423,10.1098912,106.8199022
node/10927950416,10927950416,node,Viet Nam,generator,Missing output tag,none,"tags: {'generator:method': 'wind_turbine', 'generator:source': 'wind', 'generator:type': 'horizontal_axis', 'offshore': 'yes', 'power': 'generator', 'seamark:landmark:category': 'windmotor', 'seamark:type': 'landmark'}",2026-04-24 03:42:50.131745,https://www.openstreetmap.org/node/10927950416,10.1073625,106.8189214
node/10927905286,10927905286,node,Viet Nam,generator,Missing output tag,none,"tags: {'generator:method': 'wind_turbine', 'generator:source': 'wind', 'generator:type': 'horizontal_axis', 'offshore': 'yes', 'power': 'generator', 'seamark:landmark:category': 'windmotor', 'seamark:type': 'landmark'}",2026-04-24 03:42:50.131771,https://www.openstreetmap.org/node/10927905286,10.1048288,106.8179324
node/10927905298,10927905298,node,Viet Nam,generator,Missing output tag,none,"tags: {'generator:method': 'wind_turbine', 'generator:source': 'wind', 'generator:type': 'horizontal_axis', 'offshore': 'yes', 'power': 'generator', 'seamark:landmark:category': 'windmotor', 'seamark:type': 'landmark'}",2026-04-24 03:42:50.131798,https://www.openstreetmap.org/node/10927905298,10.1023031,106.8169446
node/10927905289,10927905289,node,Viet Nam,generator,Missing output tag,none,"tags: {'generator:method': 'wind_turbine', 'generator:source': 'wind', 'generator:type': 'horizontal_axis', 'offshore': 'yes', 'power': 'generator', 'seamark:landmark:category': 'windmotor', 'seamark:type': 'landmark'}",2026-04-24 03:42:50.131824,https://www.openstreetmap.org/node/10927905289,10.0997714,106.8159534
node/10927950435,10927950435,node,Viet Nam,generator,Missing output tag,none,"tags: {'generator:method': 'wind_turbine', 'generator:source': 'wind', 'generator:type': 'horizontal_axis', 'offshore': 'yes', 'power': 'generator', 'seamark:landmark:category': 'windmotor', 'seamark:type': 'landmark'}",2026-04-24 03:42:50.131849,https://www.openstreetmap.org/node/10927950435,10.0972334,106.8149747
node/10927950408,10927950408,node,Viet Nam,generator,Missing output tag,none,"tags: {'generator:method': 'wind_turbine', 'generator:source': 'wind', 'generator:type': 'horizontal_axis', 'offshore': 'yes', 'power': 'generator', 'seamark:landmark:category': 'windmotor', 'seamark:type': 'landmark'}",2026-04-24 03:42:50.131894,https://www.openstreetmap.org/node/10927950408,10.0947111,106.8139688
relation/15981506,15981506,relation,Viet Nam,plant,Capacity placeholder value,yes,Tag 'plant:output:electricity' contains placeholder value 'yes' instead of actual capacity,2026-04-24 03:42:50.133169,https://www.openstreetmap.org/relation/15981506,10.09229974664725,106.84464543306517
node/10927905287,10927905287,node,Viet Nam,generator,Missing output tag,none,"tags: {'generator:method': 'wind_turbine', 'generator:source': 'wind', 'generator:type': 'horizontal_axis', 'offshore': 'yes', 'power': 'generator', 'seamark:landmark:category': 'windmotor', 'seamark:type': 'landmark'}",2026-04-24 03:42:50.133308,https://www.openstreetmap.org/node/10927905287,10.1014018,106.8504516
node/10927950430,10927950430,node,Viet Nam,generator,Missing output tag,none,"tags: {'generator:method': 'wind_turbine', 'generator:source': 'wind', 'generator:type': 'horizontal_axis', 'offshore': 'yes', 'power': 'generator', 'seamark:landmark:category': 'windmotor', 'seamark:type': 'landmark'}",2026-04-24 03:42:50.133340,https://www.openstreetmap.org/node/10927950430,10.0987682,106.8487709
node/10927905292,10927905292,node,Viet Nam,generator,Missing output tag,none,"tags: {'generator:method': 'wind_turbine', 'generator:source': 'wind', 'generator:type': 'horizontal_axis', 'offshore': 'yes', 'power': 'generator', 'seamark:landmark:category': 'windmotor', 'seamark:type': 'landmark'}",2026-04-24 03:42:50.133368,https://www.openstreetmap.org/node/10927905292,10.0961542,106.8471104
node/10927905304,10927905304,node,Viet Nam,generator,Missing output tag,none,"tags: {'generator:method': 'wind_turbine', 'generator:source': 'wind', 'generator:type': 'horizontal_axis', 'offshore': 'yes', 'power': 'generator', 'seamark:landmark:category': 'windmotor', 'seamark:type': 'landmark'}",2026-04-24 03:42:50.133396,https://www.openstreetmap.org/node/10927905304,10.0935218,106.8454265
node/10927950421,10927950421,node,Viet Nam,generator,Missing output tag,none,"tags: {'generator:method': 'wind_turbine', 'generator:source': 'wind', 'generator:type': 'horizontal_axis', 'offshore': 'yes', 'power': 'generator', 'seamark:landmark:category': 'windmotor', 'seamark:type': 'landmark'}",2026-04-24 03:42:50.133423,https://www.openstreetmap.org/node/10927950421,10.090892,106.8437403
node/10927950406,10927950406,node,Viet Nam,generator,Missing output tag,none,"tags: {'generator:method': 'wind_turbine', 'generator:source': 'wind', 'generator:type': 'horizontal_axis', 'offshore': 'yes', 'power': 'generator', 'seamark:landmark:category': 'windmotor', 'seamark:type': 'landmark'}",2026-04-24 03:42:50.133449,https://www.openstreetmap.org/node/10927950406,10.0882644,106.8420791
node/10927950434,10927950434,node,Viet Nam,generator,Missing output tag,none,"tags: {'generator:method': 'wind_turbine', 'generator:source': 'wind', 'generator:type': 'horizontal_axis', 'offshore': 'yes', 'power': 'generator', 'seamark:landmark:category': 'windmotor', 'seamark:type': 'landmark'}",2026-04-24 03:42:50.133475,https://www.openstreetmap.org/node/10927950434,10.0856385,106.8403873
node/12189258186,12189258186,node,Viet Nam,generator,Capacity placeholder value,yes,Tag 'generator:output:electricity' contains placeholder value 'yes' instead of actual capacity,2026-04-24 03:42:50.138566,https://www.openstreetmap.org/node/12189258186,11.0681601,108.3625102
node/12189258185,12189258185,node,Viet Nam,generator,Capacity placeholder value,yes,Tag 'generator:output:electricity' contains placeholder value 'yes' instead of actual capacity,2026-04-24 03:42:50.138583,https://www.openstreetmap.org/node/12189258185,11.0656436,108.3630413
node/12189258184,12189258184,node,Viet Nam,generator,Capacity placeholder value,yes,Tag 'generator:output:electricity' contains placeholder value 'yes' instead of actual capacity,2026-04-24 03:42:50.138597,https://www.openstreetmap.org/node/12189258184,11.0690288,108.3583528
node/12189258179,12189258179,node,Viet Nam,generator,Capacity placeholder value,yes,Tag 'generator:output:electricity' contains placeholder value 'yes' instead of actual capacity,2026-04-24 03:42:50.138610,https://www.openstreetmap.org/node/12189258179,11.0823162,108.3619413
node/12189258178,12189258178,node,Viet Nam,generator,Capacity placeholder value,yes,Tag 'generator:output:electricity' contains placeholder value 'yes' instead of actual capacity,2026-04-24 03:42:50.138622,https://www.openstreetmap.org/node/12189258178,11.0861946,108.3597839
node/12189258183,12189258183,node,Viet Nam,generator,Capacity placeholder value,yes,Tag 'generator:output:electricity' contains placeholder value 'yes' instead of actual capacity,2026-04-24 03:42:50.138633,https://www.openstreetmap.org/node/12189258183,11.0713873,108.3554238
node/12189258182,12189258182,node,Viet Nam,generator,Capacity placeholder value,yes,Tag 'generator:output:electricity' contains placeholder value 'yes' instead of actual capacity,2026-04-24 03:42:50.138645,https://www.openstreetmap.org/node/12189258182,11.0733931,108.3533692
node/12189258181,12189258181,node,Viet Nam,generator,Capacity placeholder value,yes,Tag 'generator:output:electricity' contains placeholder value 'yes' instead of actual capacity,2026-04-24 03:42:50.138656,https://www.openstreetmap.org/node/12189258181,11.0751199,108.3519852
node/12189258180,12189258180,node,Viet Nam,generator,Capacity placeholder value,yes,Tag 'generator:output:electricity' contains placeholder value 'yes' instead of actual capacity,2026-04-24 03:42:50.138667,https://www.openstreetmap.org/node/12189258180,11.0791758,108.36239
relation/16031967,16031967,relation,Viet Nam,plant,Capacity placeholder value,yes,Tag 'plant:output:electricity' contains placeholder value 'yes' instead of actual capacity,2026-04-24 03:42:50.142914,https://www.openstreetmap.org/relation/16031967,17.25796018321605,106.83129361015608
node/11015177838,11015177838,node,Viet Nam,generator,Missing output tag,none,"tags: {'generator:method': 'wind_turbine', 'generator:source': 'wind', 'power': 'generator'}",2026-04-24 03:42:50.143286,https://www.openstreetmap.org/node/11015177838,17.2740765,106.7909744
node/11015177839,11015177839,node,Viet Nam,generator,Missing output tag,none,"tags: {'generator:method': 'wind_turbine', 'generator:source': 'wind', 'power': 'generator'}",2026-04-24 03:42:50.143321,https://www.openstreetmap.org/node/11015177839,17.2787944,106.7849277
node/11015177836,11015177836,node,Viet Nam,generator,Missing output tag,none,"tags: {'generator:method': 'wind_turbine', 'generator:source': 'wind', 'power': 'generator'}",2026-04-24 03:42:50.143352,https://www.openstreetmap.org/node/11015177836,17.2756642,106.8070868
node/11015177835,11015177835,node,Viet Nam,generator,Missing output tag,none,"tags: {'generator:method': 'wind_turbine', 'generator:source': 'wind', 'power': 'generator'}",2026-04-24 03:42:50.143381,https://www.openstreetmap.org/node/11015177835,17.2806393,106.8113687
node/11015177834,11015177834,node,Viet Nam,generator,Missing output tag,none,"tags: {'generator:method': 'wind_turbine', 'generator:source': 'wind', 'power': 'generator'}",2026-04-24 03:42:50.143410,https://www.openstreetmap.org/node/11015177834,17.2851595,106.8071148
node/11015177833,11015177833,node,Viet Nam,generator,Missing output tag,none,"tags: {'generator:method': 'wind_turbine', 'generator:source': 'wind', 'power': 'generator'}",2026-04-24 03:42:50.143439,https://www.openstreetmap.org/node/11015177833,17.2870362,106.7992913
node/11015177832,11015177832,node,Viet Nam,generator,Missing output tag,none,"tags: {'generator:method': 'wind_turbine', 'generator:source': 'wind', 'power': 'generator'}",2026-04-24 03:42:50.143466,https://www.openstreetmap.org/node/11015177832,17.288172,106.792873
node/11015177831,11015177831,node,Viet Nam,generator,Missing output tag,none,"tags: {'generator:method': 'wind_turbine', 'generator:source': 'wind', 'power': 'generator'}",2026-04-24 03:42:50.143494,https://www.openstreetmap.org/node/11015177831,17.2907706,106.7857904
node/11015177840,11015177840,node,Viet Nam,generator,Missing output tag,none,"tags: {'generator:method': 'wind_turbine', 'generator:source': 'wind', 'power': 'generator'}",2026-04-24 03:42:50.143521,https://www.openstreetmap.org/node/11015177840,17.285803,106.7806353
node/11015177841,11015177841,node,Viet Nam,generator,Missing output tag,none,"tags: {'generator:method': 'wind_turbine', 'generator:source': 'wind', 'power': 'generator'}",2026-04-24 03:42:50.143548,https://www.openstreetmap.org/node/11015177841,17.2878781,106.7740594
node/11015177845,11015177845,node,Viet Nam,generator,Missing output tag,none,"tags: {'generator:method': 'wind_turbine', 'generator:source': 'wind', 'power': 'generator'}",2026-04-24 03:42:50.143576,https://www.openstreetmap.org/node/11015177845,17.2536697,106.833621
node/11015177844,11015177844,node,Viet Nam,generator,Missing output tag,none,"tags: {'generator:method': 'wind_turbine', 'generator:source': 'wind', 'power': 'generator'}",2026-04-24 03:42:50.143604,https://www.openstreetmap.org/node/11015177844,17.2587965,106.8381157
node/11015177843,11015177843,node,Viet Nam,generator,Missing output tag,none,"tags: {'generator:method': 'wind_turbine', 'generator:source': 'wind', 'power': 'generator'}",2026-04-24 03:42:50.143631,https://www.openstreetmap.org/node/11015177843,17.2570969,106.8447597
node/11015177842,11015177842,node,Viet Nam,generator,Missing output tag,none,"tags: {'generator:method': 'wind_turbine', 'generator:source': 'wind', 'power': 'generator'}",2026-04-24 03:42:50.143658,https://www.openstreetmap.org/node/11015177842,17.2564044,106.851503
node/11015177846,11015177846,node,Viet Nam,generator,Missing output tag,none,"tags: {'generator:method': 'wind_turbine', 'generator:source': 'wind', 'power': 'generator'}",2026-04-24 03:42:50.143685,https://www.openstreetmap.org/node/11015177846,17.2507047,106.8399462
node/11015177847,11015177847,node,Viet Nam,generator,Missing output tag,none,"tags: {'generator:method': 'wind_turbine', 'generator:source': 'wind', 'power': 'generator'}",2026-04-24 03:42:50.143714,https://www.openstreetmap.org/node/11015177847,17.2481532,106.8459797
node/11015177848,11015177848,node,Viet Nam,generator,Missing output tag,none,"tags: {'generator:method': 'wind_turbine', 'generator:source': 'wind', 'power': 'generator'}",2026-04-24 03:42:50.143741,https://www.openstreetmap.org/node/11015177848,17.2477104,106.8522667
node/11015177849,11015177849,node,Viet Nam,generator,Missing output tag,none,"tags: {'generator:method': 'wind_turbine', 'generator:source': 'wind', 'power': 'generator', 'ref': 'WTG-51'}",2026-04-24 03:42:50.143769,https://www.openstreetmap.org/node/11015177849,17.2474516,106.861505
node/11015177850,11015177850,node,Viet Nam,generator,Missing output tag,none,"tags: {'generator:method': 'wind_turbine', 'generator:source': 'wind', 'power': 'generator', 'ref': 'WTG-52'}",2026-04-24 03:42:50.143797,https://www.openstreetmap.org/node/11015177850,17.2434198,106.8672541
node/11015177851,11015177851,node,Viet Nam,generator,Missing output tag,none,"tags: {'generator:method': 'wind_turbine', 'generator:source': 'wind', 'power': 'generator', 'ref': 'WTG-53'}",2026-04-24 03:42:50.143828,https://www.openstreetmap.org/node/11015177851,17.2391165,106.8732068
node/11015177852,11015177852,node,Viet Nam,generator,Missing output tag,none,"tags: {'generator:method': 'wind_turbine', 'generator:source': 'wind', 'power': 'generator', 'ref': 'WTG-54'}",2026-04-24 03:42:50.143857,https://www.openstreetmap.org/node/11015177852,17.2371929,106.879738
node/11015177853,11015177853,node,Viet Nam,generator,Missing output tag,none,"tags: {'generator:method': 'wind_turbine', 'generator:source': 'wind', 'power': 'generator', 'ref': 'WTG-55'}",2026-04-24 03:42:50.143903,https://www.openstreetmap.org/node/11015177853,17.2405376,106.8470563
node/11015177854,11015177854,node,Viet Nam,generator,Missing output tag,none,"tags: {'generator:method': 'wind_turbine', 'generator:source': 'wind', 'power': 'generator', 'ref': 'WTG-56'}",2026-04-24 03:42:50.143933,https://www.openstreetmap.org/node/11015177854,17.2352984,106.852622
node/11015177855,11015177855,node,Viet Nam,generator,Missing output tag,none,"tags: {'generator:method': 'wind_turbine', 'generator:source': 'wind', 'power': 'generator', 'ref': 'WTG-57'}",2026-04-24 03:42:50.143961,https://www.openstreetmap.org/node/11015177855,17.2292178,106.8577345
node/11015177856,11015177856,node,Viet Nam,generator,Missing output tag,none,"tags: {'generator:method': 'wind_turbine', 'generator:source': 'wind', 'power': 'generator', 'ref': 'WTG-58'}",2026-04-24 03:42:50.143990,https://www.openstreetmap.org/node/11015177856,17.2283298,106.8641314
node/11015177857,11015177857,node,Viet Nam,generator,Missing output tag,none,"tags: {'generator:method': 'wind_turbine', 'generator:source': 'wind', 'power': 'generator', 'ref': 'WTG-59'}",2026-04-24 03:42:50.144018,https://www.openstreetmap.org/node/11015177857,17.2245685,106.8702031
node/11015177858,11015177858,node,Viet Nam,generator,Missing output tag,none,"tags: {'generator:method': 'wind_turbine', 'generator:source': 'wind', 'power': 'generator', 'ref': 'WTG-60'}",2026-04-24 03:42:50.144046,https://www.openstreetmap.org/node/11015177858,17.2218395,106.8766477
node/12213558918,12213558918,node,Viet Nam,generator,Missing output tag,none,"tags: {'generator:method': 'wind_turbine', 'generator:source': 'wind', 'generator:type': 'horizontal_axis', 'offshore': 'yes', 'power': 'generator', 'seamark:landmark:category': 'windmotor', 'seamark:type': 'landmark'}",2026-04-24 03:42:50.161206,https://www.openstreetmap.org/node/12213558918,9.1211665,105.7025638
node/12213558933,12213558933,node,Viet Nam,generator,Missing output tag,none,"tags: {'generator:method': 'wind_turbine', 'generator:source': 'wind', 'generator:type': 'horizontal_axis', 'offshore': 'yes', 'power': 'generator', 'seamark:landmark:category': 'windmotor', 'seamark:type': 'landmark'}",2026-04-24 03:42:50.161251,https://www.openstreetmap.org/node/12213558933,9.118702,105.7036206
relation/16291443,16291443,relation,Viet Nam,plant,Capacity placeholder value,yes,Tag 'plant:output:electricity' contains placeholder value 'yes' instead of actual capacity,2026-04-24 03:42:50.163517,https://www.openstreetmap.org/relation/16291443,11.298133161622662,108.72163542539312
relation/16291454,16291454,relation,Viet Nam,plant,Capacity placeholder value,yes,Tag 'plant:output:electricity' contains placeholder value 'yes' instead of actual capacity,2026-04-24 03:42:50.164780,https://www.openstreetmap.org/relation/16291454,11.991985693551626,109.08470308721009
relation/16850381,16850381,relation,Viet Nam,plant,Capacity placeholder value,yes,Tag 'plant:output:electricity' contains placeholder value 'yes' instead of actual capacity,2026-04-24 03:42:50.169085,https://www.openstreetmap.org/relation/16850381,16.59113301644888,106.7685244391288
node/11436663308,11436663308,node,Viet Nam,generator,Capacity regex no match,3.x MW,Tag 'generator:output:electricity' has value '3.x MW' which could not be parsed,2026-04-24 03:42:50.169345,https://www.openstreetmap.org/node/11436663308,16.6037359,106.7557819
node/11436677944,11436677944,node,Viet Nam,generator,Capacity regex no match,3.x MW,Tag 'generator:output:electricity' has value '3.x MW' which could not be parsed,2026-04-24 03:42:50.169380,https://www.openstreetmap.org/node/11436677944,16.6033408,106.7586972
node/11436663307,11436663307,node,Viet Nam,generator,Capacity regex no match,3.x MW,Tag 'generator:output:electricity' has value '3.x MW' which could not be parsed,2026-04-24 03:42:50.169406,https://www.openstreetmap.org/node/11436663307,16.6032256,106.762394
node/11436663306,11436663306,node,Viet Nam,generator,Capacity regex no match,3.x MW,Tag 'generator:output:electricity' has value '3.x MW' which could not be parsed,2026-04-24 03:42:50.169430,https://www.openstreetmap.org/node/11436663306,16.57999,106.7736737
node/11436663305,11436663305,node,Viet Nam,generator,Capacity regex no match,3.x MW,Tag 'generator:output:electricity' has value '3.x MW' which could not be parsed,2026-04-24 03:42:50.169453,https://www.openstreetmap.org/node/11436663305,16.6017015,106.7693903
node/11436663304,11436663304,node,Viet Nam,generator,Capacity regex no match,3.x MW,Tag 'generator:output:electricity' has value '3.x MW' which could not be parsed,2026-04-24 03:42:50.169476,https://www.openstreetmap.org/node/11436663304,16.6008763,106.7716439
node/11436663303,11436663303,node,Viet Nam,generator,Capacity regex no match,3.x MW,Tag 'generator:output:electricity' has value '3.x MW' which could not be parsed,2026-04-24 03:42:50.169499,https://www.openstreetmap.org/node/11436663303,16.6008196,106.7750052
node/11436663302,11436663302,node,Viet Nam,generator,Capacity regex no match,3.x MW,Tag 'generator:output:electricity' has value '3.x MW' which could not be parsed,2026-04-24 03:42:50.169521,https://www.openstreetmap.org/node/11436663302,16.5918328,106.7728797
node/11436663301,11436663301,node,Viet Nam,generator,Capacity regex no match,3.x MW,Tag 'generator:output:electricity' has value '3.x MW' which could not be parsed,2026-04-24 03:42:50.169545,https://www.openstreetmap.org/node/11436663301,16.5898919,106.774519
node/11436663300,11436663300,node,Viet Nam,generator,Capacity regex no match,3.x MW,Tag 'generator:output:electricity' has value '3.x MW' which could not be parsed,2026-04-24 03:42:50.169568,https://www.openstreetmap.org/node/11436663300,16.5871094,106.7761662
node/11436663299,11436663299,node,Viet Nam,generator,Capacity regex no match,3.x MW,Tag 'generator:output:electricity' has value '3.x MW' which could not be parsed,2026-04-24 03:42:50.169591,https://www.openstreetmap.org/node/11436663299,16.6032634,106.7662584
node/11436663298,11436663298,node,Viet Nam,generator,Capacity regex no match,3.x MW,Tag 'generator:output:electricity' has value '3.x MW' which could not be parsed,2026-04-24 03:42:50.169613,https://www.openstreetmap.org/node/11436663298,16.5957191,106.778496
node/11436663297,11436663297,node,Viet Nam,generator,Capacity regex no match,3.x MW,Tag 'generator:output:electricity' has value '3.x MW' which could not be parsed,2026-04-24 03:42:50.169636,https://www.openstreetmap.org/node/11436663297,16.5983086,106.7768061
node/11436663296,11436663296,node,Viet Nam,generator,Capacity regex no match,3.x MW,Tag 'generator:output:electricity' has value '3.x MW' which could not be parsed,2026-04-24 03:42:50.169657,https://www.openstreetmap.org/node/11436663296,16.5795015,106.7762546
node/11436663295,11436663295,node,Viet Nam,generator,Capacity regex no match,3.x MW,Tag 'generator:output:electricity' has value '3.x MW' which could not be parsed,2026-04-24 03:42:50.169679,https://www.openstreetmap.org/node/11436663295,16.5815016,106.7717258
node/11436663294,11436663294,node,Viet Nam,generator,Capacity regex no match,3.x MW,Tag 'generator:output:electricity' has value '3.x MW' which could not be parsed,2026-04-24 03:42:50.169701,https://www.openstreetmap.org/node/11436663294,16.5741475,106.767233
relation/16850450,16850450,relation,Viet Nam,plant,Capacity placeholder value,yes,Tag 'plant:output:electricity' contains placeholder value 'yes' instead of actual capacity,2026-04-24 03:42:50.171463,https://www.openstreetmap.org/relation/16850450,16.577775187040814,106.75425524106821
node/11436727218,11436727218,node,Viet Nam,generator,Capacity regex no match,3.x MW,Tag 'generator:output:electricity' has value '3.x MW' which could not be parsed,2026-04-24 03:42:50.171693,https://www.openstreetmap.org/node/11436727218,16.5760622,106.766317
node/11436727217,11436727217,node,Viet Nam,generator,Capacity regex no match,3.x MW,Tag 'generator:output:electricity' has value '3.x MW' which could not be parsed,2026-04-24 03:42:50.171725,https://www.openstreetmap.org/node/11436727217,16.577504,106.7644514
node/11436727216,11436727216,node,Viet Nam,generator,Capacity regex no match,3.x MW,Tag 'generator:output:electricity' has value '3.x MW' which could not be parsed,2026-04-24 03:42:50.171751,https://www.openstreetmap.org/node/11436727216,16.5796782,106.7618313
node/11436727215,11436727215,node,Viet Nam,generator,Capacity regex no match,3.x MW,Tag 'generator:output:electricity' has value '3.x MW' which could not be parsed,2026-04-24 03:42:50.171774,https://www.openstreetmap.org/node/11436727215,16.5805781,106.7600187
node/11436727214,11436727214,node,Viet Nam,generator,Capacity regex no match,3.x MW,Tag 'generator:output:electricity' has value '3.x MW' which could not be parsed,2026-04-24 03:42:50.171797,https://www.openstreetmap.org/node/11436727214,16.5724938,106.7613196
node/11436727213,11436727213,node,Viet Nam,generator,Capacity regex no match,3.x MW,Tag 'generator:output:electricity' has value '3.x MW' which could not be parsed,2026-04-24 03:42:50.171821,https://www.openstreetmap.org/node/11436727213,16.5746768,106.7566968
node/11436727212,11436727212,node,Viet Nam,generator,Capacity regex no match,3.x MW,Tag 'generator:output:electricity' has value '3.x MW' which could not be parsed,2026-04-24 03:42:50.171845,https://www.openstreetmap.org/node/11436727212,16.5769304,106.7549806
node/11436727211,11436727211,node,Viet Nam,generator,Capacity regex no match,3.x MW,Tag 'generator:output:electricity' has value '3.x MW' which could not be parsed,2026-04-24 03:42:50.171869,https://www.openstreetmap.org/node/11436727211,16.5791985,106.753767
node/11436727210,11436727210,node,Viet Nam,generator,Capacity regex no match,3.x MW,Tag 'generator:output:electricity' has value '3.x MW' which could not be parsed,2026-04-24 03:42:50.171918,https://www.openstreetmap.org/node/11436727210,16.5813285,106.7521335
node/11436727209,11436727209,node,Viet Nam,generator,Capacity regex no match,3.x MW,Tag 'generator:output:electricity' has value '3.x MW' which could not be parsed,2026-04-24 03:42:50.171942,https://www.openstreetmap.org/node/11436727209,16.5828263,106.7497092
node/11436727208,11436727208,node,Viet Nam,generator,Capacity regex no match,3.x MW,Tag 'generator:output:electricity' has value '3.x MW' which could not be parsed,2026-04-24 03:42:50.171965,https://www.openstreetmap.org/node/11436727208,16.5805533,106.7408878
node/11436727207,11436727207,node,Viet Nam,generator,Capacity regex no match,3.x MW,Tag 'generator:output:electricity' has value '3.x MW' which could not be parsed,2026-04-24 03:42:50.171987,https://www.openstreetmap.org/node/11436727207,16.5797126,106.7441832
node/11436727206,11436727206,node,Viet Nam,generator,Capacity regex no match,3.x MW,Tag 'generator:output:electricity' has value '3.x MW' which could not be parsed,2026-04-24 03:42:50.172009,https://www.openstreetmap.org/node/11436727206,16.5780324,106.7464788
node/11436727205,11436727205,node,Viet Nam,generator,Capacity regex no match,3.x MW,Tag 'generator:output:electricity' has value '3.x MW' which could not be parsed,2026-04-24 03:42:50.172031,https://www.openstreetmap.org/node/11436727205,16.5763951,106.7483541
node/11436727204,11436727204,node,Viet Nam,generator,Capacity regex no match,3.x MW,Tag 'generator:output:electricity' has value '3.x MW' which could not be parsed,2026-04-24 03:42:50.172053,https://www.openstreetmap.org/node/11436727204,16.5743047,106.7499763
relation/18085407,18085407,relation,Viet Nam,plant,Capacity placeholder value,yes,Tag 'plant:output:electricity' contains placeholder value 'yes' instead of actual capacity,2026-04-24 03:42:50.175159,https://www.openstreetmap.org/relation/18085407,11.239490189726892,108.67814828850655
relation/18089018,18089018,relation,Viet Nam,plant,Capacity placeholder value,yes,Tag 'plant:output:electricity' contains placeholder value 'yes' instead of actual capacity,2026-04-24 03:42:50.176544,https://www.openstreetmap.org/relation/18089018,12.778617502756441,108.36639684645094
relation/18089020,18089020,relation,Viet Nam,plant,Capacity placeholder value,yes,Tag 'plant:output:electricity' contains placeholder value 'yes' instead of actual capacity,2026-04-24 03:42:50.181991,https://www.openstreetmap.org/relation/18089020,11.469315914900298,108.96543401883841
node/12199323774,12199323774,node,Viet Nam,generator,Capacity placeholder value,yes,Tag 'generator:output:electricity' contains placeholder value 'yes' instead of actual capacity,2026-04-24 03:42:50.187827,https://www.openstreetmap.org/node/12199323774,13.894296,108.1024378
node/12199323768,12199323768,node,Viet Nam,generator,Capacity placeholder value,yes,Tag 'generator:output:electricity' contains placeholder value 'yes' instead of actual capacity,2026-04-24 03:42:50.187848,https://www.openstreetmap.org/node/12199323768,13.8953532,108.0968749
node/12199323767,12199323767,node,Viet Nam,generator,Capacity placeholder value,yes,Tag 'generator:output:electricity' contains placeholder value 'yes' instead of actual capacity,2026-04-24 03:42:50.187862,https://www.openstreetmap.org/node/12199323767,13.8957437,108.0926478
node/12199323764,12199323764,node,Viet Nam,generator,Capacity placeholder value,yes,Tag 'generator:output:electricity' contains placeholder value 'yes' instead of actual capacity,2026-04-24 03:42:50.187899,https://www.openstreetmap.org/node/12199323764,13.9004304,108.0838072
node/12199323763,12199323763,node,Viet Nam,generator,Capacity placeholder value,yes,Tag 'generator:output:electricity' contains placeholder value 'yes' instead of actual capacity,2026-04-24 03:42:50.187915,https://www.openstreetmap.org/node/12199323763,13.9027736,108.081699
node/12199323766,12199323766,node,Viet Nam,generator,Capacity placeholder value,yes,Tag 'generator:output:electricity' contains placeholder value 'yes' instead of actual capacity,2026-04-24 03:42:50.187928,https://www.openstreetmap.org/node/12199323766,13.8968269,108.0891877
node/12199323765,12199323765,node,Viet Nam,generator,Capacity placeholder value,yes,Tag 'generator:output:electricity' contains placeholder value 'yes' instead of actual capacity,2026-04-24 03:42:50.187940,https://www.openstreetmap.org/node/12199323765,13.8987223,108.086468
node/12199323760,12199323760,node,Viet Nam,generator,Capacity placeholder value,yes,Tag 'generator:output:electricity' contains placeholder value 'yes' instead of actual capacity,2026-04-24 03:42:50.187953,https://www.openstreetmap.org/node/12199323760,13.9188844,108.089472
node/12199323759,12199323759,node,Viet Nam,generator,Capacity placeholder value,yes,Tag 'generator:output:electricity' contains placeholder value 'yes' instead of actual capacity,2026-04-24 03:42:50.187966,https://www.openstreetmap.org/node/12199323759,13.9186761,108.1024861
node/12199323762,12199323762,node,Viet Nam,generator,Capacity placeholder value,yes,Tag 'generator:output:electricity' contains placeholder value 'yes' instead of actual capacity,2026-04-24 03:42:50.187978,https://www.openstreetmap.org/node/12199323762,13.9053981,108.079859
node/12199323761,12199323761,node,Viet Nam,generator,Capacity placeholder value,yes,Tag 'generator:output:electricity' contains placeholder value 'yes' instead of actual capacity,2026-04-24 03:42:50.187991,https://www.openstreetmap.org/node/12199323761,13.9096159,108.079977
node/12199323758,12199323758,node,Viet Nam,generator,Capacity placeholder value,yes,Tag 'generator:output:electricity' contains placeholder value 'yes' instead of actual capacity,2026-04-24 03:42:50.188003,https://www.openstreetmap.org/node/12199323758,13.9143127,108.1078398
node/12199323757,12199323757,node,Viet Nam,generator,Capacity placeholder value,yes,Tag 'generator:output:electricity' contains placeholder value 'yes' instead of actual capacity,2026-04-24 03:42:50.188016,https://www.openstreetmap.org/node/12199323757,13.9179055,108.1141376
relation/18092595,18092595,relation,Viet Nam,plant,Capacity placeholder value,yes,Tag 'plant:output:electricity' contains placeholder value 'yes' instead of actual capacity,2026-04-24 03:42:50.189322,https://www.openstreetmap.org/relation/18092595,11.435177194155155,108.99671141778202
relation/18092597,18092597,relation,Viet Nam,plant,Capacity placeholder value,yes,Tag 'plant:output:electricity' contains placeholder value 'yes' instead of actual capacity,2026-04-24 03:42:50.192006,https://www.openstreetmap.org/relation/18092597,11.624370964980008,108.82791893306643
relation/18092598,18092598,relation,Viet Nam,plant,Capacity placeholder value,yes,Tag 'plant:output:electricity' contains placeholder value 'yes' instead of actual capacity,2026-04-24 03:42:50.193156,https://www.openstreetmap.org/relation/18092598,15.331253281217325,108.70872328562493
relation/18092599,18092599,relation,Viet Nam,plant,Capacity placeholder value,yes,Tag 'plant:output:electricity' contains placeholder value 'yes' instead of actual capacity,2026-04-24 03:42:50.196169,https://www.openstreetmap.org/relation/18092599,11.531203709799835,108.87317384902501
relation/18092600,18092600,relation,Viet Nam,plant,Capacity placeholder value,yes,Tag 'plant:output:electricity' contains placeholder value 'yes' instead of actual capacity,2026-04-24 03:42:50.199517,https://www.openstreetmap.org/relation/18092600,11.571131878412077,108.86273277436455
relation/18092601,18092601,relation,Viet Nam,plant,Missing output tag,none,"tags: {'plant:method': 'photovoltaic', 'plant:source': 'solar', 'plant:type': 'solar_photovoltaic_panel', 'power': 'plant', 'type': 'multipolygon'}",2026-04-24 03:42:50.200784,https://www.openstreetmap.org/relation/18092601,11.461336557326401,108.79775967490775
relation/18122774,18122774,relation,Viet Nam,plant,Missing output tag,none,"tags: {'plant:method': 'photovoltaic', 'plant:source': 'solar', 'power': 'plant', 'type': 'multipolygon'}",2026-04-24 03:42:50.203602,https://www.openstreetmap.org/relation/18122774,11.822640668809292,109.05923116660672
node/12222782085,12222782085,node,Viet Nam,generator,Capacity placeholder value,yes,Tag 'generator:output:electricity' contains placeholder value 'yes' instead of actual capacity,2026-04-24 03:42:50.205982,https://www.openstreetmap.org/node/12222782085,13.7816627,108.4587479
node/12222782084,12222782084,node,Viet Nam,generator,Capacity placeholder value,yes,Tag 'generator:output:electricity' contains placeholder value 'yes' instead of actual capacity,2026-04-24 03:42:50.206005,https://www.openstreetmap.org/node/12222782084,13.7911499,108.4747392
node/12222782083,12222782083,node,Viet Nam,generator,Capacity placeholder value,yes,Tag 'generator:output:electricity' contains placeholder value 'yes' instead of actual capacity,2026-04-24 03:42:50.206021,https://www.openstreetmap.org/node/12222782083,13.7911968,108.478108
node/12222782082,12222782082,node,Viet Nam,generator,Capacity placeholder value,yes,Tag 'generator:output:electricity' contains placeholder value 'yes' instead of actual capacity,2026-04-24 03:42:50.206035,https://www.openstreetmap.org/node/12222782082,13.790134,108.4810209
node/12222782081,12222782081,node,Viet Nam,generator,Capacity placeholder value,yes,Tag 'generator:output:electricity' contains placeholder value 'yes' instead of actual capacity,2026-04-24 03:42:50.206049,https://www.openstreetmap.org/node/12222782081,13.7930045,108.468951
node/12222782080,12222782080,node,Viet Nam,generator,Capacity placeholder value,yes,Tag 'generator:output:electricity' contains placeholder value 'yes' instead of actual capacity,2026-04-24 03:42:50.206062,https://www.openstreetmap.org/node/12222782080,13.7888315,108.4913635
node/12222782079,12222782079,node,Viet Nam,generator,Capacity placeholder value,yes,Tag 'generator:output:electricity' contains placeholder value 'yes' instead of actual capacity,2026-04-24 03:42:50.206074,https://www.openstreetmap.org/node/12222782079,13.7836477,108.4943032
node/12222782078,12222782078,node,Viet Nam,generator,Capacity placeholder value,yes,Tag 'generator:output:electricity' contains placeholder value 'yes' instead of actual capacity,2026-04-24 03:42:50.206086,https://www.openstreetmap.org/node/12222782078,13.7878,108.505547
node/12222789902,12222789902,node,Viet Nam,generator,Capacity placeholder value,yes,Tag 'generator:output:electricity' contains placeholder value 'yes' instead of actual capacity,2026-04-24 03:42:50.206098,https://www.openstreetmap.org/node/12222789902,13.7827672,108.4410506
node/12222789901,12222789901,node,Viet Nam,generator,Capacity placeholder value,yes,Tag 'generator:output:electricity' contains placeholder value 'yes' instead of actual capacity,2026-04-24 03:42:50.206110,https://www.openstreetmap.org/node/12222789901,13.7833924,108.4372204
node/12222782100,12222782100,node,Viet Nam,generator,Capacity placeholder value,yes,Tag 'generator:output:electricity' contains placeholder value 'yes' instead of actual capacity,2026-04-24 03:42:50.206128,https://www.openstreetmap.org/node/12222782100,13.7829912,108.4442371
node/12222782099,12222782099,node,Viet Nam,generator,Capacity placeholder value,yes,Tag 'generator:output:electricity' contains placeholder value 'yes' instead of actual capacity,2026-04-24 03:42:50.206140,https://www.openstreetmap.org/node/12222782099,13.7845698,108.4313571
node/12222782098,12222782098,node,Viet Nam,generator,Capacity placeholder value,yes,Tag 'generator:output:electricity' contains placeholder value 'yes' instead of actual capacity,2026-04-24 03:42:50.206153,https://www.openstreetmap.org/node/12222782098,13.7853617,108.4269583
node/12222782097,12222782097,node,Viet Nam,generator,Capacity placeholder value,yes,Tag 'generator:output:electricity' contains placeholder value 'yes' instead of actual capacity,2026-04-24 03:42:50.206165,https://www.openstreetmap.org/node/12222782097,13.7854659,108.4209287
node/12222782096,12222782096,node,Viet Nam,generator,Capacity placeholder value,yes,Tag 'generator:output:electricity' contains placeholder value 'yes' instead of actual capacity,2026-04-24 03:42:50.206178,https://www.openstreetmap.org/node/12222782096,13.7865392,108.4141374
node/12222782095,12222782095,node,Viet Nam,generator,Capacity placeholder value,yes,Tag 'generator:output:electricity' contains placeholder value 'yes' instead of actual capacity,2026-04-24 03:42:50.206191,https://www.openstreetmap.org/node/12222782095,13.7816835,108.4038913
node/12222782094,12222782094,node,Viet Nam,generator,Capacity placeholder value,yes,Tag 'generator:output:electricity' contains placeholder value 'yes' instead of actual capacity,2026-04-24 03:42:50.206203,https://www.openstreetmap.org/node/12222782094,13.7840072,108.4009838
node/12222782093,12222782093,node,Viet Nam,generator,Capacity placeholder value,yes,Tag 'generator:output:electricity' contains placeholder value 'yes' instead of actual capacity,2026-04-24 03:42:50.206215,https://www.openstreetmap.org/node/12222782093,13.7750459,108.4267974
node/12222782092,12222782092,node,Viet Nam,generator,Capacity placeholder value,yes,Tag 'generator:output:electricity' contains placeholder value 'yes' instead of actual capacity,2026-04-24 03:42:50.206227,https://www.openstreetmap.org/node/12222782092,13.7718573,108.4292006
node/12222782091,12222782091,node,Viet Nam,generator,Capacity placeholder value,yes,Tag 'generator:output:electricity' contains placeholder value 'yes' instead of actual capacity,2026-04-24 03:42:50.206239,https://www.openstreetmap.org/node/12222782091,13.7687416,108.4309387
node/12222782090,12222782090,node,Viet Nam,generator,Capacity placeholder value,yes,Tag 'generator:output:electricity' contains placeholder value 'yes' instead of actual capacity,2026-04-24 03:42:50.206251,https://www.openstreetmap.org/node/12222782090,13.7669284,108.4336424
node/12222782089,12222782089,node,Viet Nam,generator,Capacity placeholder value,yes,Tag 'generator:output:electricity' contains placeholder value 'yes' instead of actual capacity,2026-04-24 03:42:50.206262,https://www.openstreetmap.org/node/12222782089,13.7644379,108.4351444
node/12222782088,12222782088,node,Viet Nam,generator,Capacity placeholder value,yes,Tag 'generator:output:electricity' contains placeholder value 'yes' instead of actual capacity,2026-04-24 03:42:50.206275,https://www.openstreetmap.org/node/12222782088,13.7624996,108.4375369
node/12222782087,12222782087,node,Viet Nam,generator,Capacity placeholder value,yes,Tag 'generator:output:electricity' contains placeholder value 'yes' instead of actual capacity,2026-04-24 03:42:50.206287,https://www.openstreetmap.org/node/12222782087,13.7826838,108.447783
node/12222782086,12222782086,node,Viet Nam,generator,Capacity placeholder value,yes,Tag 'generator:output:electricity' contains placeholder value 'yes' instead of actual capacity,2026-04-24 03:42:50.206299,https://www.openstreetmap.org/node/12222782086,13.781397,108.4517366
node/12222790178,12222790178,node,Viet Nam,generator,Capacity placeholder value,yes,Tag 'generator:output:electricity' contains placeholder value 'yes' instead of actual capacity,2026-04-24 03:42:50.208459,https://www.openstreetmap.org/node/12222790178,13.8143686,107.9811108
node/12222790177,12222790177,node,Viet Nam,generator,Capacity placeholder value,yes,Tag 'generator:output:electricity' contains placeholder value 'yes' instead of actual capacity,2026-04-24 03:42:50.208481,https://www.openstreetmap.org/node/12222790177,13.812337,107.9825431
node/12222790176,12222790176,node,Viet Nam,generator,Capacity placeholder value,yes,Tag 'generator:output:electricity' contains placeholder value 'yes' instead of actual capacity,2026-04-24 03:42:50.208496,https://www.openstreetmap.org/node/12222790176,13.8087947,107.9830152
node/12222790175,12222790175,node,Viet Nam,generator,Capacity placeholder value,yes,Tag 'generator:output:electricity' contains placeholder value 'yes' instead of actual capacity,2026-04-24 03:42:50.208513,https://www.openstreetmap.org/node/12222790175,13.8040593,107.9824787
node/12222790174,12222790174,node,Viet Nam,generator,Capacity placeholder value,yes,Tag 'generator:output:electricity' contains placeholder value 'yes' instead of actual capacity,2026-04-24 03:42:50.208527,https://www.openstreetmap.org/node/12222790174,13.7995531,107.9776347
node/12222790173,12222790173,node,Viet Nam,generator,Capacity placeholder value,yes,Tag 'generator:output:electricity' contains placeholder value 'yes' instead of actual capacity,2026-04-24 03:42:50.208540,https://www.openstreetmap.org/node/12222790173,13.802658,107.9715299
node/12222790129,12222790129,node,Viet Nam,generator,Capacity placeholder value,yes,Tag 'generator:output:electricity' contains placeholder value 'yes' instead of actual capacity,2026-04-24 03:42:50.208554,https://www.openstreetmap.org/node/12222790129,13.7828193,107.9663801
node/12222790128,12222790128,node,Viet Nam,generator,Capacity placeholder value,yes,Tag 'generator:output:electricity' contains placeholder value 'yes' instead of actual capacity,2026-04-24 03:42:50.208567,https://www.openstreetmap.org/node/12222790128,13.7801101,107.9661441
node/12222790131,12222790131,node,Viet Nam,generator,Capacity placeholder value,yes,Tag 'generator:output:electricity' contains placeholder value 'yes' instead of actual capacity,2026-04-24 03:42:50.208579,https://www.openstreetmap.org/node/12222790131,13.7930098,107.9824734
node/12222790130,12222790130,node,Viet Nam,generator,Capacity placeholder value,yes,Tag 'generator:output:electricity' contains placeholder value 'yes' instead of actual capacity,2026-04-24 03:42:50.208592,https://www.openstreetmap.org/node/12222790130,13.7859661,107.9652643
node/12222790133,12222790133,node,Viet Nam,generator,Capacity placeholder value,yes,Tag 'generator:output:electricity' contains placeholder value 'yes' instead of actual capacity,2026-04-24 03:42:50.208604,https://www.openstreetmap.org/node/12222790133,13.7968962,107.9784393
node/12222790132,12222790132,node,Viet Nam,generator,Capacity placeholder value,yes,Tag 'generator:output:electricity' contains placeholder value 'yes' instead of actual capacity,2026-04-24 03:42:50.208615,https://www.openstreetmap.org/node/12222790132,13.7956771,107.9825592
node/12222790449,12222790449,node,Viet Nam,generator,Capacity placeholder value,yes,Tag 'generator:output:electricity' contains placeholder value 'yes' instead of actual capacity,2026-04-24 03:42:50.228389,https://www.openstreetmap.org/node/12222790449,9.241949,105.8526063
node/12222790448,12222790448,node,Viet Nam,generator,Capacity placeholder value,yes,Tag 'generator:output:electricity' contains placeholder value 'yes' instead of actual capacity,2026-04-24 03:42:50.228417,https://www.openstreetmap.org/node/12222790448,9.2450835,105.8514476
node/12222790455,12222790455,node,Viet Nam,generator,Capacity placeholder value,yes,Tag 'generator:output:electricity' contains placeholder value 'yes' instead of actual capacity,2026-04-24 03:42:50.228433,https://www.openstreetmap.org/node/12222790455,9.230851,105.8425641
node/12222790453,12222790453,node,Viet Nam,generator,Capacity placeholder value,yes,Tag 'generator:output:electricity' contains placeholder value 'yes' instead of actual capacity,2026-04-24 03:42:50.228447,https://www.openstreetmap.org/node/12222790453,9.2296861,105.8571124
node/12222790452,12222790452,node,Viet Nam,generator,Capacity placeholder value,yes,Tag 'generator:output:electricity' contains placeholder value 'yes' instead of actual capacity,2026-04-24 03:42:50.228461,https://www.openstreetmap.org/node/12222790452,9.2327783,105.8559108
node/12222790451,12222790451,node,Viet Nam,generator,Capacity placeholder value,yes,Tag 'generator:output:electricity' contains placeholder value 'yes' instead of actual capacity,2026-04-24 03:42:50.228475,https://www.openstreetmap.org/node/12222790451,9.2359553,105.8548164
node/12222790450,12222790450,node,Viet Nam,generator,Capacity placeholder value,yes,Tag 'generator:output:electricity' contains placeholder value 'yes' instead of actual capacity,2026-04-24 03:42:50.228488,https://www.openstreetmap.org/node/12222790450,9.2389839,105.8536792
node/12222790457,12222790457,node,Viet Nam,generator,Capacity placeholder value,yes,Tag 'generator:output:electricity' contains placeholder value 'yes' instead of actual capacity,2026-04-24 03:42:50.228501,https://www.openstreetmap.org/node/12222790457,9.2379461,105.8401394
node/12222790456,12222790456,node,Viet Nam,generator,Capacity placeholder value,yes,Tag 'generator:output:electricity' contains placeholder value 'yes' instead of actual capacity,2026-04-24 03:42:50.228522,https://www.openstreetmap.org/node/12222790456,9.2344515,105.8412766
node/12222790454,12222790454,node,Viet Nam,generator,Capacity placeholder value,yes,Tag 'generator:output:electricity' contains placeholder value 'yes' instead of actual capacity,2026-04-24 03:42:50.228534,https://www.openstreetmap.org/node/12222790454,9.2273351,105.8439588
relation/18122782,18122782,relation,Viet Nam,plant,Capacity placeholder value,yes,Tag 'plant:output:electricity' contains placeholder value 'yes' instead of actual capacity,2026-04-24 03:42:50.232556,https://www.openstreetmap.org/relation/18122782,11.675215542418751,109.0258394558505
node/9999071525,9999071525,node,Viet Nam,generator,Missing output tag,none,"tags: {'generator:method': 'wind_turbine', 'generator:source': 'wind', 'generator:type': 'horizontal_axis', 'power': 'generator'}",2026-04-24 03:42:50.232828,https://www.openstreetmap.org/node/9999071525,11.6926561,109.0310781
node/9999071524,9999071524,node,Viet Nam,generator,Missing output tag,none,"tags: {'generator:method': 'wind_turbine', 'generator:source': 'wind', 'generator:type': 'horizontal_axis', 'power': 'generator'}",2026-04-24 03:42:50.232911,https://www.openstreetmap.org/node/9999071524,11.6907175,109.0330015
node/9999071523,9999071523,node,Viet Nam,generator,Missing output tag,none,"tags: {'generator:method': 'wind_turbine', 'generator:source': 'wind', 'generator:type': 'horizontal_axis', 'power': 'generator'}",2026-04-24 03:42:50.232958,https://www.openstreetmap.org/node/9999071523,11.6886321,109.035479
node/9999071522,9999071522,node,Viet Nam,generator,Missing output tag,none,"tags: {'generator:method': 'wind_turbine', 'generator:source': 'wind', 'generator:type': 'horizontal_axis', 'power': 'generator'}",2026-04-24 03:42:50.233000,https://www.openstreetmap.org/node/9999071522,11.6872005,109.0371025
node/9999071539,9999071539,node,Viet Nam,generator,Missing output tag,none,"tags: {'generator:method': 'wind_turbine', 'generator:source': 'wind', 'generator:type': 'horizontal_axis', 'power': 'generator'}",2026-04-24 03:42:50.233040,https://www.openstreetmap.org/node/9999071539,11.6831948,109.0232204
node/9999071538,9999071538,node,Viet Nam,generator,Missing output tag,none,"tags: {'generator:method': 'wind_turbine', 'generator:source': 'wind', 'generator:type': 'horizontal_axis', 'power': 'generator'}",2026-04-24 03:42:50.233079,https://www.openstreetmap.org/node/9999071538,11.6816301,109.0270719
node/9999071537,9999071537,node,Viet Nam,generator,Missing output tag,none,"tags: {'generator:method': 'wind_turbine', 'generator:source': 'wind', 'generator:type': 'horizontal_axis', 'power': 'generator'}",2026-04-24 03:42:50.233117,https://www.openstreetmap.org/node/9999071537,11.6785604,109.0289789
node/9999071535,9999071535,node,Viet Nam,generator,Missing output tag,none,"tags: {'generator:method': 'wind_turbine', 'generator:source': 'wind', 'generator:type': 'horizontal_axis', 'power': 'generator'}",2026-04-24 03:42:50.233156,https://www.openstreetmap.org/node/9999071535,11.6665565,109.0212946
node/9999071534,9999071534,node,Viet Nam,generator,Missing output tag,none,"tags: {'generator:method': 'wind_turbine', 'generator:source': 'wind', 'generator:type': 'horizontal_axis', 'power': 'generator'}",2026-04-24 03:42:50.233194,https://www.openstreetmap.org/node/9999071534,11.6671347,109.0240919
node/9999071533,9999071533,node,Viet Nam,generator,Missing output tag,none,"tags: {'generator:method': 'wind_turbine', 'generator:source': 'wind', 'generator:type': 'horizontal_axis', 'power': 'generator'}",2026-04-24 03:42:50.233233,https://www.openstreetmap.org/node/9999071533,11.6654781,109.0180429
node/9999071532,9999071532,node,Viet Nam,generator,Missing output tag,none,"tags: {'generator:method': 'wind_turbine', 'generator:source': 'wind', 'generator:type': 'horizontal_axis', 'power': 'generator'}",2026-04-24 03:42:50.233271,https://www.openstreetmap.org/node/9999071532,11.664487,109.0154143
node/9999071531,9999071531,node,Viet Nam,generator,Missing output tag,none,"tags: {'generator:method': 'wind_turbine', 'generator:source': 'wind', 'generator:type': 'horizontal_axis', 'power': 'generator'}",2026-04-24 03:42:50.233309,https://www.openstreetmap.org/node/9999071531,11.6597903,109.0165201
node/9999071530,9999071530,node,Viet Nam,generator,Missing output tag,none,"tags: {'generator:method': 'wind_turbine', 'generator:source': 'wind', 'generator:type': 'horizontal_axis', 'power': 'generator'}",2026-04-24 03:42:50.233347,https://www.openstreetmap.org/node/9999071530,11.658705,109.0186005
node/9999071529,9999071529,node,Viet Nam,generator,Missing output tag,none,"tags: {'generator:method': 'wind_turbine', 'generator:source': 'wind', 'generator:type': 'horizontal_axis', 'power': 'generator'}",2026-04-24 03:42:50.233389,https://www.openstreetmap.org/node/9999071529,11.659593,109.0213181
node/9999071528,9999071528,node,Viet Nam,generator,Missing output tag,none,"tags: {'generator:method': 'wind_turbine', 'generator:source': 'wind', 'generator:type': 'horizontal_axis', 'power': 'generator'}",2026-04-24 03:42:50.233428,https://www.openstreetmap.org/node/9999071528,11.6608457,109.0239584
node/9999071527,9999071527,node,Viet Nam,generator,Missing output tag,none,"tags: {'generator:method': 'wind_turbine', 'generator:source': 'wind', 'generator:type': 'horizontal_axis', 'power': 'generator'}",2026-04-24 03:42:50.233467,https://www.openstreetmap.org/node/9999071527,11.6667125,109.0278497
node/9999071526,9999071526,node,Viet Nam,generator,Missing output tag,none,"tags: {'generator:method': 'wind_turbine', 'generator:source': 'wind', 'generator:type': 'horizontal_axis', 'power': 'generator'}",2026-04-24 03:42:50.233506,https://www.openstreetmap.org/node/9999071526,11.6682039,109.026341
relation/18122783,18122783,relation,Viet Nam,plant,Capacity placeholder value,yes,Tag 'plant:output:electricity' contains placeholder value 'yes' instead of actual capacity,2026-04-24 03:42:50.235567,https://www.openstreetmap.org/relation/18122783,11.737674055463916,109.06695500121265
node/11826267492,11826267492,node,Viet Nam,generator,Missing output tag,none,"tags: {'generator:method': 'wind_turbine', 'generator:source': 'wind', 'power': 'generator'}",2026-04-24 03:42:50.235829,https://www.openstreetmap.org/node/11826267492,11.7360833,109.07325
node/11826267493,11826267493,node,Viet Nam,generator,Missing output tag,none,"tags: {'generator:method': 'wind_turbine', 'generator:source': 'wind', 'power': 'generator'}",2026-04-24 03:42:50.235895,https://www.openstreetmap.org/node/11826267493,11.7448413,109.075208
node/11826267494,11826267494,node,Viet Nam,generator,Missing output tag,none,"tags: {'generator:method': 'wind_turbine', 'generator:source': 'wind', 'power': 'generator'}",2026-04-24 03:42:50.235937,https://www.openstreetmap.org/node/11826267494,11.743762,109.0732259
node/11826267495,11826267495,node,Viet Nam,generator,Missing output tag,none,"tags: {'generator:method': 'wind_turbine', 'generator:source': 'wind', 'power': 'generator'}",2026-04-24 03:42:50.235981,https://www.openstreetmap.org/node/11826267495,11.7398702,109.0534258
node/11826267490,11826267490,node,Viet Nam,generator,Missing output tag,none,"tags: {'generator:method': 'wind_turbine', 'generator:source': 'wind', 'power': 'generator'}",2026-04-24 03:42:50.236023,https://www.openstreetmap.org/node/11826267490,11.726503,109.0749478
node/11826267491,11826267491,node,Viet Nam,generator,Missing output tag,none,"tags: {'generator:method': 'wind_turbine', 'generator:source': 'wind', 'power': 'generator'}",2026-04-24 03:42:50.236062,https://www.openstreetmap.org/node/11826267491,11.7356237,109.075774
node/11826267500,11826267500,node,Viet Nam,generator,Missing output tag,none,"tags: {'generator:method': 'wind_turbine', 'generator:source': 'wind', 'power': 'generator'}",2026-04-24 03:42:50.236100,https://www.openstreetmap.org/node/11826267500,11.7256757,109.0649901
node/9445033853,9445033853,node,Viet Nam,generator,Capacity placeholder value,yes,Tag 'generator:output:electricity' contains placeholder value 'yes' instead of actual capacity,2026-04-24 03:42:50.236113,https://www.openstreetmap.org/node/9445033853,11.7431134,109.0788317
node/9445033852,9445033852,node,Viet Nam,generator,Capacity placeholder value,yes,Tag 'generator:output:electricity' contains placeholder value 'yes' instead of actual capacity,2026-04-24 03:42:50.236126,https://www.openstreetmap.org/node/9445033852,11.7441008,109.0769219
node/9445033854,9445033854,node,Viet Nam,generator,Capacity placeholder value,yes,Tag 'generator:output:electricity' contains placeholder value 'yes' instead of actual capacity,2026-04-24 03:42:50.236137,https://www.openstreetmap.org/node/9445033854,11.7382814,109.0783596
node/11826267496,11826267496,node,Viet Nam,generator,Missing output tag,none,"tags: {'generator:method': 'wind_turbine', 'generator:source': 'wind', 'power': 'generator'}",2026-04-24 03:42:50.236175,https://www.openstreetmap.org/node/11826267496,11.73919,109.057197
node/11826267497,11826267497,node,Viet Nam,generator,Missing output tag,none,"tags: {'generator:method': 'wind_turbine', 'generator:source': 'wind', 'power': 'generator'}",2026-04-24 03:42:50.236213,https://www.openstreetmap.org/node/11826267497,11.7364089,109.0592569
node/11826267498,11826267498,node,Viet Nam,generator,Missing output tag,none,"tags: {'generator:method': 'wind_turbine', 'generator:source': 'wind', 'power': 'generator'}",2026-04-24 03:42:50.236250,https://www.openstreetmap.org/node/11826267498,11.7346218,109.0650934
node/9445033851,9445033851,node,Viet Nam,generator,Capacity placeholder value,yes,Tag 'generator:output:electricity' contains placeholder value 'yes' instead of actual capacity,2026-04-24 03:42:50.236261,https://www.openstreetmap.org/node/9445033851,11.7322938,109.0769863
node/11826267499,11826267499,node,Viet Nam,generator,Missing output tag,none,"tags: {'generator:method': 'wind_turbine', 'generator:source': 'wind', 'power': 'generator'}",2026-04-24 03:42:50.236299,https://www.openstreetmap.org/node/11826267499,11.7288062,109.0647621
node/11826267476,11826267476,node,Viet Nam,generator,Missing output tag,none,"tags: {'generator:method': 'wind_turbine', 'generator:source': 'wind', 'power': 'generator'}",2026-04-24 03:42:50.236337,https://www.openstreetmap.org/node/11826267476,11.7496785,109.059619
node/11826267477,11826267477,node,Viet Nam,generator,Missing output tag,none,"tags: {'generator:method': 'wind_turbine', 'generator:source': 'wind', 'power': 'generator'}",2026-04-24 03:42:50.236374,https://www.openstreetmap.org/node/11826267477,11.7471811,109.0639561
relation/18122785,18122785,relation,Viet Nam,plant,Capacity placeholder value,yes,Tag 'plant:output:electricity' contains placeholder value 'yes' instead of actual capacity,2026-04-24 03:42:50.243856,https://www.openstreetmap.org/relation/18122785,13.162129705159256,108.27962299603077
node/12222790651,12222790651,node,Viet Nam,generator,Capacity placeholder value,yes,Tag 'generator:output:electricity' contains placeholder value 'yes' instead of actual capacity,2026-04-24 03:42:50.244063,https://www.openstreetmap.org/node/12222790651,13.1547208,108.2719481
node/12222790652,12222790652,node,Viet Nam,generator,Capacity placeholder value,yes,Tag 'generator:output:electricity' contains placeholder value 'yes' instead of actual capacity,2026-04-24 03:42:50.244082,https://www.openstreetmap.org/node/12222790652,13.1447435,108.3004117
node/12222790653,12222790653,node,Viet Nam,generator,Capacity placeholder value,yes,Tag 'generator:output:electricity' contains placeholder value 'yes' instead of actual capacity,2026-04-24 03:42:50.244097,https://www.openstreetmap.org/node/12222790653,13.1417136,108.3006799
node/12222790654,12222790654,node,Viet Nam,generator,Capacity placeholder value,yes,Tag 'generator:output:electricity' contains placeholder value 'yes' instead of actual capacity,2026-04-24 03:42:50.244111,https://www.openstreetmap.org/node/12222790654,13.1378896,108.3054757
node/12222790655,12222790655,node,Viet Nam,generator,Capacity placeholder value,yes,Tag 'generator:output:electricity' contains placeholder value 'yes' instead of actual capacity,2026-04-24 03:42:50.244124,https://www.openstreetmap.org/node/12222790655,13.1382553,108.3027935
node/12222790656,12222790656,node,Viet Nam,generator,Capacity placeholder value,yes,Tag 'generator:output:electricity' contains placeholder value 'yes' instead of actual capacity,2026-04-24 03:42:50.244137,https://www.openstreetmap.org/node/12222790656,13.1917903,108.2700169
node/12222790657,12222790657,node,Viet Nam,generator,Capacity placeholder value,yes,Tag 'generator:output:electricity' contains placeholder value 'yes' instead of actual capacity,2026-04-24 03:42:50.244148,https://www.openstreetmap.org/node/12222790657,13.1883014,108.2694054
node/12222790658,12222790658,node,Viet Nam,generator,Capacity placeholder value,yes,Tag 'generator:output:electricity' contains placeholder value 'yes' instead of actual capacity,2026-04-24 03:42:50.244160,https://www.openstreetmap.org/node/12222790658,13.1845565,108.2685256
node/12222790675,12222790675,node,Viet Nam,generator,Capacity placeholder value,yes,Tag 'generator:output:electricity' contains placeholder value 'yes' instead of actual capacity,2026-04-24 03:42:50.244171,https://www.openstreetmap.org/node/12222790675,13.1642695,108.2623726
node/12222790676,12222790676,node,Viet Nam,generator,Capacity placeholder value,yes,Tag 'generator:output:electricity' contains placeholder value 'yes' instead of actual capacity,2026-04-24 03:42:50.244183,https://www.openstreetmap.org/node/12222790676,13.1612451,108.269282
node/12222790677,12222790677,node,Viet Nam,generator,Capacity placeholder value,yes,Tag 'generator:output:electricity' contains placeholder value 'yes' instead of actual capacity,2026-04-24 03:42:50.244195,https://www.openstreetmap.org/node/12222790677,13.158393,108.2700759
node/12222790678,12222790678,node,Viet Nam,generator,Capacity placeholder value,yes,Tag 'generator:output:electricity' contains placeholder value 'yes' instead of actual capacity,2026-04-24 03:42:50.244207,https://www.openstreetmap.org/node/12222790678,13.151759,108.2722753
relation/18122786,18122786,relation,Viet Nam,plant,Capacity placeholder value,yes,Tag 'plant:output:electricity' contains placeholder value 'yes' instead of actual capacity,2026-04-24 03:42:50.247276,https://www.openstreetmap.org/relation/18122786,13.062208844918244,108.22297835741863
node/12222790494,12222790494,node,Viet Nam,generator,Capacity placeholder value,yes,Tag 'generator:output:electricity' contains placeholder value 'yes' instead of actual capacity,2026-04-24 03:42:50.248159,https://www.openstreetmap.org/node/12222790494,13.0393765,108.2004726
node/12222790709,12222790709,node,Viet Nam,generator,Capacity placeholder value,yes,Tag 'generator:output:electricity' contains placeholder value 'yes' instead of actual capacity,2026-04-24 03:42:50.248178,https://www.openstreetmap.org/node/12222790709,13.1034976,108.2608545
node/12222790708,12222790708,node,Viet Nam,generator,Capacity placeholder value,yes,Tag 'generator:output:electricity' contains placeholder value 'yes' instead of actual capacity,2026-04-24 03:42:50.248193,https://www.openstreetmap.org/node/12222790708,13.108064,108.2549
node/12222790707,12222790707,node,Viet Nam,generator,Capacity placeholder value,yes,Tag 'generator:output:electricity' contains placeholder value 'yes' instead of actual capacity,2026-04-24 03:42:50.248207,https://www.openstreetmap.org/node/12222790707,13.1120765,108.2515955
node/12222790706,12222790706,node,Viet Nam,generator,Capacity placeholder value,yes,Tag 'generator:output:electricity' contains placeholder value 'yes' instead of actual capacity,2026-04-24 03:42:50.248220,https://www.openstreetmap.org/node/12222790706,13.0991035,108.2555115
node/12222790713,12222790713,node,Viet Nam,generator,Capacity placeholder value,yes,Tag 'generator:output:electricity' contains placeholder value 'yes' instead of actual capacity,2026-04-24 03:42:50.248233,https://www.openstreetmap.org/node/12222790713,13.1039156,108.2781225
node/12222790712,12222790712,node,Viet Nam,generator,Capacity placeholder value,yes,Tag 'generator:output:electricity' contains placeholder value 'yes' instead of actual capacity,2026-04-24 03:42:50.248246,https://www.openstreetmap.org/node/12222790712,13.11181,108.278954
node/12222790711,12222790711,node,Viet Nam,generator,Capacity placeholder value,yes,Tag 'generator:output:electricity' contains placeholder value 'yes' instead of actual capacity,2026-04-24 03:42:50.248258,https://www.openstreetmap.org/node/12222790711,13.1155769,108.277452
node/12222790710,12222790710,node,Viet Nam,generator,Capacity placeholder value,yes,Tag 'generator:output:electricity' contains placeholder value 'yes' instead of actual capacity,2026-04-24 03:42:50.248270,https://www.openstreetmap.org/node/12222790710,13.1068571,108.2617235
node/12222790716,12222790716,node,Viet Nam,generator,Capacity placeholder value,yes,Tag 'generator:output:electricity' contains placeholder value 'yes' instead of actual capacity,2026-04-24 03:42:50.248281,https://www.openstreetmap.org/node/12222790716,13.1149343,108.2665461
node/12222790715,12222790715,node,Viet Nam,generator,Capacity placeholder value,yes,Tag 'generator:output:electricity' contains placeholder value 'yes' instead of actual capacity,2026-04-24 03:42:50.248293,https://www.openstreetmap.org/node/12222790715,13.1108487,108.2719266
node/12222790714,12222790714,node,Viet Nam,generator,Capacity placeholder value,yes,Tag 'generator:output:electricity' contains placeholder value 'yes' instead of actual capacity,2026-04-24 03:42:50.248305,https://www.openstreetmap.org/node/12222790714,13.108576,108.2786107
node/12222790720,12222790720,node,Viet Nam,generator,Capacity placeholder value,yes,Tag 'generator:output:electricity' contains placeholder value 'yes' instead of actual capacity,2026-04-24 03:42:50.248316,https://www.openstreetmap.org/node/12222790720,13.1217783,108.2743996
node/12222790719,12222790719,node,Viet Nam,generator,Capacity placeholder value,yes,Tag 'generator:output:electricity' contains placeholder value 'yes' instead of actual capacity,2026-04-24 03:42:50.248327,https://www.openstreetmap.org/node/12222790719,13.1189571,108.2758105
node/12222790718,12222790718,node,Viet Nam,generator,Capacity placeholder value,yes,Tag 'generator:output:electricity' contains placeholder value 'yes' instead of actual capacity,2026-04-24 03:42:50.248340,https://www.openstreetmap.org/node/12222790718,13.1198557,108.2678389
node/12222790717,12222790717,node,Viet Nam,generator,Capacity placeholder value,yes,Tag 'generator:output:electricity' contains placeholder value 'yes' instead of actual capacity,2026-04-24 03:42:50.248351,https://www.openstreetmap.org/node/12222790717,13.1196833,108.2623136
node/12222790693,12222790693,node,Viet Nam,generator,Capacity placeholder value,yes,Tag 'generator:output:electricity' contains placeholder value 'yes' instead of actual capacity,2026-04-24 03:42:50.248363,https://www.openstreetmap.org/node/12222790693,13.0621089,108.2563913
node/12222790692,12222790692,node,Viet Nam,generator,Capacity placeholder value,yes,Tag 'generator:output:electricity' contains placeholder value 'yes' instead of actual capacity,2026-04-24 03:42:50.248375,https://www.openstreetmap.org/node/12222790692,13.0597731,108.2614446
node/12222790691,12222790691,node,Viet Nam,generator,Capacity placeholder value,yes,Tag 'generator:output:electricity' contains placeholder value 'yes' instead of actual capacity,2026-04-24 03:42:50.248387,https://www.openstreetmap.org/node/12222790691,13.056298,108.2569492
node/12222790690,12222790690,node,Viet Nam,generator,Capacity placeholder value,yes,Tag 'generator:output:electricity' contains placeholder value 'yes' instead of actual capacity,2026-04-24 03:42:50.248399,https://www.openstreetmap.org/node/12222790690,13.050999,108.2573086
node/12222790697,12222790697,node,Viet Nam,generator,Capacity placeholder value,yes,Tag 'generator:output:electricity' contains placeholder value 'yes' instead of actual capacity,2026-04-24 03:42:50.248411,https://www.openstreetmap.org/node/12222790697,13.0979332,108.2666802
node/12222790696,12222790696,node,Viet Nam,generator,Capacity placeholder value,yes,Tag 'generator:output:electricity' contains placeholder value 'yes' instead of actual capacity,2026-04-24 03:42:50.248423,https://www.openstreetmap.org/node/12222790696,13.1009009,108.2637244
node/12222790695,12222790695,node,Viet Nam,generator,Capacity placeholder value,yes,Tag 'generator:output:electricity' contains placeholder value 'yes' instead of actual capacity,2026-04-24 03:42:50.248435,https://www.openstreetmap.org/node/12222790695,13.0677996,108.2662082
node/12222790694,12222790694,node,Viet Nam,generator,Capacity placeholder value,yes,Tag 'generator:output:electricity' contains placeholder value 'yes' instead of actual capacity,2026-04-24 03:42:50.248447,https://www.openstreetmap.org/node/12222790694,13.066906,108.2583868
node/12222790701,12222790701,node,Viet Nam,generator,Capacity placeholder value,yes,Tag 'generator:output:electricity' contains placeholder value 'yes' instead of actual capacity,2026-04-24 03:42:50.248458,https://www.openstreetmap.org/node/12222790701,13.0746292,108.2592398
node/12222790700,12222790700,node,Viet Nam,generator,Capacity placeholder value,yes,Tag 'generator:output:electricity' contains placeholder value 'yes' instead of actual capacity,2026-04-24 03:42:50.248470,https://www.openstreetmap.org/node/12222790700,13.0745325,108.2665917
node/12222790699,12222790699,node,Viet Nam,generator,Capacity placeholder value,yes,Tag 'generator:output:electricity' contains placeholder value 'yes' instead of actual capacity,2026-04-24 03:42:50.248482,https://www.openstreetmap.org/node/12222790699,13.0752667,108.2709664
node/12222790698,12222790698,node,Viet Nam,generator,Capacity placeholder value,yes,Tag 'generator:output:electricity' contains placeholder value 'yes' instead of actual capacity,2026-04-24 03:42:50.248492,https://www.openstreetmap.org/node/12222790698,13.091726,108.2713902
node/12222790705,12222790705,node,Viet Nam,generator,Capacity placeholder value,yes,Tag 'generator:output:electricity' contains placeholder value 'yes' instead of actual capacity,2026-04-24 03:42:50.248503,https://www.openstreetmap.org/node/12222790705,13.0936801,108.2621312
node/12222790704,12222790704,node,Viet Nam,generator,Capacity placeholder value,yes,Tag 'generator:output:electricity' contains placeholder value 'yes' instead of actual capacity,2026-04-24 03:42:50.248515,https://www.openstreetmap.org/node/12222790704,13.0903675,108.2630056
node/12222790703,12222790703,node,Viet Nam,generator,Capacity placeholder value,yes,Tag 'generator:output:electricity' contains placeholder value 'yes' instead of actual capacity,2026-04-24 03:42:50.248527,https://www.openstreetmap.org/node/12222790703,13.0853253,108.2622921
node/12222790702,12222790702,node,Viet Nam,generator,Capacity placeholder value,yes,Tag 'generator:output:electricity' contains placeholder value 'yes' instead of actual capacity,2026-04-24 03:42:50.248539,https://www.openstreetmap.org/node/12222790702,13.0813646,108.2606828
node/12222790689,12222790689,node,Viet Nam,generator,Capacity placeholder value,yes,Tag 'generator:output:electricity' contains placeholder value 'yes' instead of actual capacity,2026-04-24 03:42:50.248550,https://www.openstreetmap.org/node/12222790689,13.0540457,108.2470733
node/12222790688,12222790688,node,Viet Nam,generator,Capacity placeholder value,yes,Tag 'generator:output:electricity' contains placeholder value 'yes' instead of actual capacity,2026-04-24 03:42:50.248562,https://www.openstreetmap.org/node/12222790688,13.0595222,108.2477599
node/12222790687,12222790687,node,Viet Nam,generator,Capacity placeholder value,yes,Tag 'generator:output:electricity' contains placeholder value 'yes' instead of actual capacity,2026-04-24 03:42:50.248574,https://www.openstreetmap.org/node/12222790687,13.063802,108.244139
node/12222790519,12222790519,node,Viet Nam,generator,Capacity placeholder value,yes,Tag 'generator:output:electricity' contains placeholder value 'yes' instead of actual capacity,2026-04-24 03:42:50.248585,https://www.openstreetmap.org/node/12222790519,13.0488773,108.1799805
node/12222790518,12222790518,node,Viet Nam,generator,Capacity placeholder value,yes,Tag 'generator:output:electricity' contains placeholder value 'yes' instead of actual capacity,2026-04-24 03:42:50.248597,https://www.openstreetmap.org/node/12222790518,13.0441635,108.1788432
node/12222790517,12222790517,node,Viet Nam,generator,Capacity placeholder value,yes,Tag 'generator:output:electricity' contains placeholder value 'yes' instead of actual capacity,2026-04-24 03:42:50.248608,https://www.openstreetmap.org/node/12222790517,13.0369881,108.1903017
node/12222790516,12222790516,node,Viet Nam,generator,Capacity placeholder value,yes,Tag 'generator:output:electricity' contains placeholder value 'yes' instead of actual capacity,2026-04-24 03:42:50.248620,https://www.openstreetmap.org/node/12222790516,13.0287202,108.1871259
node/12222790523,12222790523,node,Viet Nam,generator,Capacity placeholder value,yes,Tag 'generator:output:electricity' contains placeholder value 'yes' instead of actual capacity,2026-04-24 03:42:50.248632,https://www.openstreetmap.org/node/12222790523,13.0488094,108.1922597
node/12222790522,12222790522,node,Viet Nam,generator,Capacity placeholder value,yes,Tag 'generator:output:electricity' contains placeholder value 'yes' instead of actual capacity,2026-04-24 03:42:50.248643,https://www.openstreetmap.org/node/12222790522,13.0529247,108.1875551
node/12222790521,12222790521,node,Viet Nam,generator,Capacity placeholder value,yes,Tag 'generator:output:electricity' contains placeholder value 'yes' instead of actual capacity,2026-04-24 03:42:50.248655,https://www.openstreetmap.org/node/12222790521,13.0446652,108.186568
node/12222790520,12222790520,node,Viet Nam,generator,Capacity placeholder value,yes,Tag 'generator:output:electricity' contains placeholder value 'yes' instead of actual capacity,2026-04-24 03:42:50.248667,https://www.openstreetmap.org/node/12222790520,13.0462121,108.1837034
node/12222790527,12222790527,node,Viet Nam,generator,Capacity placeholder value,yes,Tag 'generator:output:electricity' contains placeholder value 'yes' instead of actual capacity,2026-04-24 03:42:50.248679,https://www.openstreetmap.org/node/12222790527,13.0616961,108.2036966
node/12222790526,12222790526,node,Viet Nam,generator,Capacity placeholder value,yes,Tag 'generator:output:electricity' contains placeholder value 'yes' instead of actual capacity,2026-04-24 03:42:50.248691,https://www.openstreetmap.org/node/12222790526,13.0555141,108.2074678
node/12222790525,12222790525,node,Viet Nam,generator,Capacity placeholder value,yes,Tag 'generator:output:electricity' contains placeholder value 'yes' instead of actual capacity,2026-04-24 03:42:50.248701,https://www.openstreetmap.org/node/12222790525,13.0555455,108.2041311
node/12222790524,12222790524,node,Viet Nam,generator,Capacity placeholder value,yes,Tag 'generator:output:electricity' contains placeholder value 'yes' instead of actual capacity,2026-04-24 03:42:50.248712,https://www.openstreetmap.org/node/12222790524,13.05079,108.2007086
node/12222790529,12222790529,node,Viet Nam,generator,Capacity placeholder value,yes,Tag 'generator:output:electricity' contains placeholder value 'yes' instead of actual capacity,2026-04-24 03:42:50.248723,https://www.openstreetmap.org/node/12222790529,13.0705273,108.207795
node/12222790528,12222790528,node,Viet Nam,generator,Capacity placeholder value,yes,Tag 'generator:output:electricity' contains placeholder value 'yes' instead of actual capacity,2026-04-24 03:42:50.248733,https://www.openstreetmap.org/node/12222790528,13.0692,108.2035357
node/12222790503,12222790503,node,Viet Nam,generator,Capacity placeholder value,yes,Tag 'generator:output:electricity' contains placeholder value 'yes' instead of actual capacity,2026-04-24 03:42:50.248744,https://www.openstreetmap.org/node/12222790503,13.0290181,108.1735486
node/12222790502,12222790502,node,Viet Nam,generator,Capacity placeholder value,yes,Tag 'generator:output:electricity' contains placeholder value 'yes' instead of actual capacity,2026-04-24 03:42:50.248755,https://www.openstreetmap.org/node/12222790502,13.0549628,108.1791195
node/12222790501,12222790501,node,Viet Nam,generator,Capacity placeholder value,yes,Tag 'generator:output:electricity' contains placeholder value 'yes' instead of actual capacity,2026-04-24 03:42:50.248766,https://www.openstreetmap.org/node/12222790501,13.0601023,108.1832609
node/12222790500,12222790500,node,Viet Nam,generator,Capacity placeholder value,yes,Tag 'generator:output:electricity' contains placeholder value 'yes' instead of actual capacity,2026-04-24 03:42:50.248778,https://www.openstreetmap.org/node/12222790500,13.0622291,108.1944483
node/12222790507,12222790507,node,Viet Nam,generator,Capacity placeholder value,yes,Tag 'generator:output:electricity' contains placeholder value 'yes' instead of actual capacity,2026-04-24 03:42:50.248789,https://www.openstreetmap.org/node/12222790507,13.0184973,108.1715262
node/12222790506,12222790506,node,Viet Nam,generator,Capacity placeholder value,yes,Tag 'generator:output:electricity' contains placeholder value 'yes' instead of actual capacity,2026-04-24 03:42:50.248801,https://www.openstreetmap.org/node/12222790506,13.0213353,108.1622431
node/12222790505,12222790505,node,Viet Nam,generator,Capacity placeholder value,yes,Tag 'generator:output:electricity' contains placeholder value 'yes' instead of actual capacity,2026-04-24 03:42:50.248812,https://www.openstreetmap.org/node/12222790505,13.023891,108.166371
node/12222790504,12222790504,node,Viet Nam,generator,Capacity placeholder value,yes,Tag 'generator:output:electricity' contains placeholder value 'yes' instead of actual capacity,2026-04-24 03:42:50.248824,https://www.openstreetmap.org/node/12222790504,13.0262952,108.1619346
node/12222790511,12222790511,node,Viet Nam,generator,Capacity placeholder value,yes,Tag 'generator:output:electricity' contains placeholder value 'yes' instead of actual capacity,2026-04-24 03:42:50.248835,https://www.openstreetmap.org/node/12222790511,13.0109187,108.1970769
node/12222790510,12222790510,node,Viet Nam,generator,Capacity placeholder value,yes,Tag 'generator:output:electricity' contains placeholder value 'yes' instead of actual capacity,2026-04-24 03:42:50.248847,https://www.openstreetmap.org/node/12222790510,13.0148074,108.1804097
node/12222790509,12222790509,node,Viet Nam,generator,Capacity placeholder value,yes,Tag 'generator:output:electricity' contains placeholder value 'yes' instead of actual capacity,2026-04-24 03:42:50.248858,https://www.openstreetmap.org/node/12222790509,13.0188736,108.1795621
node/12222790508,12222790508,node,Viet Nam,generator,Capacity placeholder value,yes,Tag 'generator:output:electricity' contains placeholder value 'yes' instead of actual capacity,2026-04-24 03:42:50.248870,https://www.openstreetmap.org/node/12222790508,13.0141749,108.1733072
node/12222790515,12222790515,node,Viet Nam,generator,Capacity placeholder value,yes,Tag 'generator:output:electricity' contains placeholder value 'yes' instead of actual capacity,2026-04-24 03:42:50.248900,https://www.openstreetmap.org/node/12222790515,13.0212099,108.1865787
node/12222790514,12222790514,node,Viet Nam,generator,Capacity placeholder value,yes,Tag 'generator:output:electricity' contains placeholder value 'yes' instead of actual capacity,2026-04-24 03:42:50.248914,https://www.openstreetmap.org/node/12222790514,13.0234573,108.1916428
node/12222790513,12222790513,node,Viet Nam,generator,Capacity placeholder value,yes,Tag 'generator:output:electricity' contains placeholder value 'yes' instead of actual capacity,2026-04-24 03:42:50.248927,https://www.openstreetmap.org/node/12222790513,13.0170862,108.197211
node/12222790512,12222790512,node,Viet Nam,generator,Capacity placeholder value,yes,Tag 'generator:output:electricity' contains placeholder value 'yes' instead of actual capacity,2026-04-24 03:42:50.248939,https://www.openstreetmap.org/node/12222790512,13.0133334,108.1897974
node/12222790495,12222790495,node,Viet Nam,generator,Capacity placeholder value,yes,Tag 'generator:output:electricity' contains placeholder value 'yes' instead of actual capacity,2026-04-24 03:42:50.248953,https://www.openstreetmap.org/node/12222790495,13.06416,108.1802005
node/12222790499,12222790499,node,Viet Nam,generator,Capacity placeholder value,yes,Tag 'generator:output:electricity' contains placeholder value 'yes' instead of actual capacity,2026-04-24 03:42:50.248966,https://www.openstreetmap.org/node/12222790499,13.0704541,108.2003626
node/12222790498,12222790498,node,Viet Nam,generator,Capacity placeholder value,yes,Tag 'generator:output:electricity' contains placeholder value 'yes' instead of actual capacity,2026-04-24 03:42:50.248977,https://www.openstreetmap.org/node/12222790498,13.065793,108.2128376
node/12222790497,12222790497,node,Viet Nam,generator,Capacity placeholder value,yes,Tag 'generator:output:electricity' contains placeholder value 'yes' instead of actual capacity,2026-04-24 03:42:50.248989,https://www.openstreetmap.org/node/12222790497,13.0285373,108.1970876
node/12222790496,12222790496,node,Viet Nam,generator,Capacity placeholder value,yes,Tag 'generator:output:electricity' contains placeholder value 'yes' instead of actual capacity,2026-04-24 03:42:50.249000,https://www.openstreetmap.org/node/12222790496,13.0318194,108.2000971
relation/18122788,18122788,relation,Viet Nam,plant,Capacity placeholder value,yes,Tag 'plant:output:electricity' contains placeholder value 'yes' instead of actual capacity,2026-04-24 03:42:50.254257,https://www.openstreetmap.org/relation/18122788,9.626358332904887,106.57918540248082
node/12222780893,12222780893,node,Viet Nam,generator,Capacity placeholder value,yes,Tag 'generator:output:electricity' contains placeholder value 'yes' instead of actual capacity,2026-04-24 03:42:50.254716,https://www.openstreetmap.org/node/12222780893,9.6724333,106.5875101
node/12222780883,12222780883,node,Viet Nam,generator,Capacity placeholder value,yes,Tag 'generator:output:electricity' contains placeholder value 'yes' instead of actual capacity,2026-04-24 03:42:50.254734,https://www.openstreetmap.org/node/12222780883,9.6479323,106.5993333
node/12222780882,12222780882,node,Viet Nam,generator,Capacity placeholder value,yes,Tag 'generator:output:electricity' contains placeholder value 'yes' instead of actual capacity,2026-04-24 03:42:50.254750,https://www.openstreetmap.org/node/12222780882,9.6748341,106.5862602
node/12222780881,12222780881,node,Viet Nam,generator,Capacity placeholder value,yes,Tag 'generator:output:electricity' contains placeholder value 'yes' instead of actual capacity,2026-04-24 03:42:50.254764,https://www.openstreetmap.org/node/12222780881,9.6100061,106.5874028
node/12222780880,12222780880,node,Viet Nam,generator,Capacity placeholder value,yes,Tag 'generator:output:electricity' contains placeholder value 'yes' instead of actual capacity,2026-04-24 03:42:50.254777,https://www.openstreetmap.org/node/12222780880,9.6126771,106.5863353
node/12222780887,12222780887,node,Viet Nam,generator,Capacity placeholder value,yes,Tag 'generator:output:electricity' contains placeholder value 'yes' instead of actual capacity,2026-04-24 03:42:50.254790,https://www.openstreetmap.org/node/12222780887,9.6577424,106.5945911
node/12222780886,12222780886,node,Viet Nam,generator,Capacity placeholder value,yes,Tag 'generator:output:electricity' contains placeholder value 'yes' instead of actual capacity,2026-04-24 03:42:50.254802,https://www.openstreetmap.org/node/12222780886,9.6552886,106.5957606
node/12222780885,12222780885,node,Viet Nam,generator,Capacity placeholder value,yes,Tag 'generator:output:electricity' contains placeholder value 'yes' instead of actual capacity,2026-04-24 03:42:50.254814,https://www.openstreetmap.org/node/12222780885,9.6528295,106.5969408
node/12222780884,12222780884,node,Viet Nam,generator,Capacity placeholder value,yes,Tag 'generator:output:electricity' contains placeholder value 'yes' instead of actual capacity,2026-04-24 03:42:50.254826,https://www.openstreetmap.org/node/12222780884,9.6503968,106.5981209
node/12222780891,12222780891,node,Viet Nam,generator,Capacity placeholder value,yes,Tag 'generator:output:electricity' contains placeholder value 'yes' instead of actual capacity,2026-04-24 03:42:50.254838,https://www.openstreetmap.org/node/12222780891,9.6673725,106.58957
node/12222780890,12222780890,node,Viet Nam,generator,Capacity placeholder value,yes,Tag 'generator:output:electricity' contains placeholder value 'yes' instead of actual capacity,2026-04-24 03:42:50.254850,https://www.openstreetmap.org/node/12222780890,9.6650879,106.591056
node/12222780889,12222780889,node,Viet Nam,generator,Capacity placeholder value,yes,Tag 'generator:output:electricity' contains placeholder value 'yes' instead of actual capacity,2026-04-24 03:42:50.254862,https://www.openstreetmap.org/node/12222780889,9.6626183,106.5922308
node/12222780888,12222780888,node,Viet Nam,generator,Capacity placeholder value,yes,Tag 'generator:output:electricity' contains placeholder value 'yes' instead of actual capacity,2026-04-24 03:42:50.254893,https://www.openstreetmap.org/node/12222780888,9.6601857,106.5934056
node/12222780892,12222780892,node,Viet Nam,generator,Capacity placeholder value,yes,Tag 'generator:output:electricity' contains placeholder value 'yes' instead of actual capacity,2026-04-24 03:42:50.254908,https://www.openstreetmap.org/node/12222780892,9.669969,106.5886795
node/12222780867,12222780867,node,Viet Nam,generator,Capacity placeholder value,yes,Tag 'generator:output:electricity' contains placeholder value 'yes' instead of actual capacity,2026-04-24 03:42:50.254921,https://www.openstreetmap.org/node/12222780867,9.5838979,106.5644538
node/12222780866,12222780866,node,Viet Nam,generator,Capacity placeholder value,yes,Tag 'generator:output:electricity' contains placeholder value 'yes' instead of actual capacity,2026-04-24 03:42:50.254934,https://www.openstreetmap.org/node/12222780866,9.5865638,106.5638852
node/12222780865,12222780865,node,Viet Nam,generator,Capacity placeholder value,yes,Tag 'generator:output:electricity' contains placeholder value 'yes' instead of actual capacity,2026-04-24 03:42:50.254946,https://www.openstreetmap.org/node/12222780865,9.5891874,106.5633595
node/12222780864,12222780864,node,Viet Nam,generator,Capacity placeholder value,yes,Tag 'generator:output:electricity' contains placeholder value 'yes' instead of actual capacity,2026-04-24 03:42:50.254958,https://www.openstreetmap.org/node/12222780864,9.5918533,106.5628016
node/12222780871,12222780871,node,Viet Nam,generator,Capacity placeholder value,yes,Tag 'generator:output:electricity' contains placeholder value 'yes' instead of actual capacity,2026-04-24 03:42:50.254970,https://www.openstreetmap.org/node/12222780871,9.6390845,106.5754723
node/12222780870,12222780870,node,Viet Nam,generator,Capacity placeholder value,yes,Tag 'generator:output:electricity' contains placeholder value 'yes' instead of actual capacity,2026-04-24 03:42:50.254982,https://www.openstreetmap.org/node/12222780870,9.6153123,106.585304
node/12222780869,12222780869,node,Viet Nam,generator,Capacity placeholder value,yes,Tag 'generator:output:electricity' contains placeholder value 'yes' instead of actual capacity,2026-04-24 03:42:50.254994,https://www.openstreetmap.org/node/12222780869,9.578566,106.5655696
node/12222780868,12222780868,node,Viet Nam,generator,Capacity placeholder value,yes,Tag 'generator:output:electricity' contains placeholder value 'yes' instead of actual capacity,2026-04-24 03:42:50.255005,https://www.openstreetmap.org/node/12222780868,9.5812319,106.5650117
node/12222780875,12222780875,node,Viet Nam,generator,Capacity placeholder value,yes,Tag 'generator:output:electricity' contains placeholder value 'yes' instead of actual capacity,2026-04-24 03:42:50.255016,https://www.openstreetmap.org/node/12222780875,9.6285175,106.5797639
node/12222780874,12222780874,node,Viet Nam,generator,Capacity placeholder value,yes,Tag 'generator:output:electricity' contains placeholder value 'yes' instead of actual capacity,2026-04-24 03:42:50.255027,https://www.openstreetmap.org/node/12222780874,9.6311937,106.5787017
node/12222780873,12222780873,node,Viet Nam,generator,Capacity placeholder value,yes,Tag 'generator:output:electricity' contains placeholder value 'yes' instead of actual capacity,2026-04-24 03:42:50.255038,https://www.openstreetmap.org/node/12222780873,9.6338063,106.5776396
node/12222780872,12222780872,node,Viet Nam,generator,Capacity placeholder value,yes,Tag 'generator:output:electricity' contains placeholder value 'yes' instead of actual capacity,2026-04-24 03:42:50.255049,https://www.openstreetmap.org/node/12222780872,9.6364613,106.576556
node/12222780879,12222780879,node,Viet Nam,generator,Capacity placeholder value,yes,Tag 'generator:output:electricity' contains placeholder value 'yes' instead of actual capacity,2026-04-24 03:42:50.255061,https://www.openstreetmap.org/node/12222780879,9.617945,106.5841895
node/12222780878,12222780878,node,Viet Nam,generator,Capacity placeholder value,yes,Tag 'generator:output:electricity' contains placeholder value 'yes' instead of actual capacity,2026-04-24 03:42:50.255072,https://www.openstreetmap.org/node/12222780878,9.6205895,106.5831059
node/12222780877,12222780877,node,Viet Nam,generator,Capacity placeholder value,yes,Tag 'generator:output:electricity' contains placeholder value 'yes' instead of actual capacity,2026-04-24 03:42:50.255083,https://www.openstreetmap.org/node/12222780877,9.6232339,106.5820438
node/12222780876,12222780876,node,Viet Nam,generator,Capacity placeholder value,yes,Tag 'generator:output:electricity' contains placeholder value 'yes' instead of actual capacity,2026-04-24 03:42:50.255094,https://www.openstreetmap.org/node/12222780876,9.6258731,106.5809226
node/12222780859,12222780859,node,Viet Nam,generator,Capacity placeholder value,yes,Tag 'generator:output:electricity' contains placeholder value 'yes' instead of actual capacity,2026-04-24 03:42:50.255104,https://www.openstreetmap.org/node/12222780859,9.6051294,106.5600014
node/12222780858,12222780858,node,Viet Nam,generator,Capacity placeholder value,yes,Tag 'generator:output:electricity' contains placeholder value 'yes' instead of actual capacity,2026-04-24 03:42:50.255115,https://www.openstreetmap.org/node/12222780858,9.6078481,106.5594435
node/12222780863,12222780863,node,Viet Nam,generator,Capacity placeholder value,yes,Tag 'generator:output:electricity' contains placeholder value 'yes' instead of actual capacity,2026-04-24 03:42:50.255126,https://www.openstreetmap.org/node/12222780863,9.5945191,106.5622115
node/12222780862,12222780862,node,Viet Nam,generator,Capacity placeholder value,yes,Tag 'generator:output:electricity' contains placeholder value 'yes' instead of actual capacity,2026-04-24 03:42:50.255137,https://www.openstreetmap.org/node/12222780862,9.5971849,106.5617072
node/12222780861,12222780861,node,Viet Nam,generator,Capacity placeholder value,yes,Tag 'generator:output:electricity' contains placeholder value 'yes' instead of actual capacity,2026-04-24 03:42:50.255148,https://www.openstreetmap.org/node/12222780861,9.5998508,106.5611386
node/12222780860,12222780860,node,Viet Nam,generator,Capacity placeholder value,yes,Tag 'generator:output:electricity' contains placeholder value 'yes' instead of actual capacity,2026-04-24 03:42:50.255159,https://www.openstreetmap.org/node/12222780860,9.6024954,106.5605593
relation/18122790,18122790,relation,Viet Nam,plant,Capacity placeholder value,yes,Tag 'plant:output:electricity' contains placeholder value 'yes' instead of actual capacity,2026-04-24 03:42:50.260025,https://www.openstreetmap.org/relation/18122790,11.437788683866051,108.87087378741053
relation/19293321,19293321,relation,Viet Nam,plant,Capacity placeholder value,yes,Tag 'plant:output:electricity' contains placeholder value 'yes' instead of actual capacity,2026-04-24 03:42:50.266054,https://www.openstreetmap.org/relation/19293321,22.65466708956556,106.26757561768888
relation/19914933,19914933,relation,Viet Nam,plant,Capacity placeholder value,yes,Tag 'plant:output:electricity' contains placeholder value 'yes' instead of actual capacity,2026-04-24 03:42:50.267361,https://www.openstreetmap.org/relation/19914933,13.862427174305283,109.27213346129231
way/181482774,181482774,way,Viet Nam,plant,Missing output tag,none,"tags: {'name': 'Đập thủy điện Đăk Đrinh', 'plant:source': 'hydro', 'power': 'plant', 'waterway': 'dam'}",2026-04-24 03:42:50.268571,https://www.openstreetmap.org/way/181482774,14.979197912853582,108.30139811711423
way/290884578,290884578,way,Viet Nam,plant,Missing output tag,none,"tags: {'name': 'Đập Bình Điền', 'plant:source': 'hydro', 'power': 'plant', 'waterway': 'dam'}",2026-04-24 03:42:50.270230,https://www.openstreetmap.org/way/290884578,16.31736535679258,107.50251974371086
way/406463333,406463333,way,Viet Nam,plant,Missing output tag,none,"tags: {'name': 'La Hieng 2', 'plant:source': 'hydro', 'power': 'plant', 'waterway': 'dam'}",2026-04-24 03:42:50.271857,https://www.openstreetmap.org/way/406463333,13.501554674274377,108.84833168325
way/423390870,423390870,way,Viet Nam,plant,Missing output tag,none,"tags: {'building': 'yes', 'plant:source': 'hydro', 'power': 'plant', 'source': 'bing'}",2026-04-24 03:42:50.272278,https://www.openstreetmap.org/way/423390870,23.157632514715175,105.0181400459529
way/434614341,434614341,way,Viet Nam,plant,Capacity placeholder value,yes,Tag 'plant:output:electricity' contains placeholder value 'yes' instead of actual capacity,2026-04-24 03:42:50.272502,https://www.openstreetmap.org/way/434614341,15.903784452017412,107.89002881087193
way/469058177,469058177,way,Viet Nam,plant,Capacity placeholder value,yes,Tag 'plant:output:electricity' contains placeholder value 'yes' instead of actual capacity,2026-04-24 03:42:50.273239,https://www.openstreetmap.org/way/469058177,21.36488536631818,107.3818275834141
way/470401936,470401936,way,Viet Nam,plant,Missing output tag,none,"tags: {'building': 'yes', 'name': 'Nhà máy Nhiệt điện Đăk Psi 3', 'plant:source': 'hydro', 'power': 'plant', 'source': 'Bing 2017'}",2026-04-24 03:42:50.273434,https://www.openstreetmap.org/way/470401936,14.75280385,107.9811691
way/479648364,479648364,way,Viet Nam,plant,Missing output tag,none,"tags: {'name': 'Đập Thuỷ điện A Vương', 'plant:source': 'hydro', 'power': 'plant', 'source': 'landsat', 'waterway': 'dam'}",2026-04-24 03:42:50.274003,https://www.openstreetmap.org/way/479648364,15.799709449561663,107.61731866452351
way/480696576,480696576,way,Viet Nam,plant,Missing output tag,none,"tags: {'name': ""Đập thủy điện Krông H'Năng"", 'plant:source': 'hydro', 'power': 'plant', 'source': 'bing', 'waterway': 'dam'}",2026-04-24 03:42:50.274566,https://www.openstreetmap.org/way/480696576,12.940504388759631,108.71379345403345
way/482445733,482445733,way,Viet Nam,plant,Missing output tag,none,"tags: {'building': 'yes', 'plant:method': 'run-of-the-river', 'plant:source': 'hydro', 'power': 'plant', 'source': 'bing'}",2026-04-24 03:42:50.275339,https://www.openstreetmap.org/way/482445733,22.664242449999996,106.59004734999998
way/482583432,482583432,way,Viet Nam,plant,Capacity placeholder value,yes,Tag 'plant:output:electricity' contains placeholder value 'yes' instead of actual capacity,2026-04-24 03:42:50.275587,https://www.openstreetmap.org/way/482583432,21.543385485341556,106.50901482307674
way/534693095,534693095,way,Viet Nam,plant,Capacity placeholder value,yes,Tag 'plant:output:electricity' contains placeholder value 'yes' instead of actual capacity,2026-04-24 03:42:50.277491,https://www.openstreetmap.org/way/534693095,12.210250212117938,108.43354832506097
way/578320670,578320670,way,Viet Nam,plant,Capacity placeholder value,yes,Tag 'plant:output:electricity' contains placeholder value 'yes' instead of actual capacity,2026-04-24 03:42:50.281153,https://www.openstreetmap.org/way/578320670,19.40561496158661,104.10707064020677
way/624211586,624211586,way,Viet Nam,plant,Missing output tag,none,"tags: {'area': 'yes', 'name': 'Đập Thuỷ điện Za Hung', 'plant:source': 'hydro', 'power': 'plant', 'waterway': 'dam'}",2026-04-24 03:42:50.281784,https://www.openstreetmap.org/way/624211586,15.85993876628446,107.65375581556701
way/636380202,636380202,way,Viet Nam,plant,Missing output tag,none,"tags: {'name': 'Đập thủy điện Đak Đoa', 'plant:source': 'hydro', 'power': 'plant', 'waterway': 'dam', 'wikidata': 'Q57556665'}",2026-04-24 03:42:50.282307,https://www.openstreetmap.org/way/636380202,14.184978881133905,108.10638910695728
way/636380253,636380253,way,Viet Nam,plant,Missing output tag,none,"tags: {'building': 'yes', 'plant:source': 'hydro', 'power': 'plant'}",2026-04-24 03:42:50.282701,https://www.openstreetmap.org/way/636380253,14.2392664894664,108.10486023017005
way/636491779,636491779,way,Viet Nam,plant,Missing output tag,none,"tags: {'building': 'yes', 'plant:source': 'hydro', 'power': 'plant'}",2026-04-24 03:42:50.282991,https://www.openstreetmap.org/way/636491779,14.566316714114391,108.30618743896073
way/638295011,638295011,way,Viet Nam,plant,Missing source tag,none,tags: {'power': 'plant'},2026-04-24 03:42:50.283260,https://www.openstreetmap.org/way/638295011,10.664007646202405,107.01780999621795
way/639769250,639769250,way,Viet Nam,plant,Missing output tag,none,"tags: {'building': 'yes', 'plant:source': 'hydro', 'power': 'plant', 'source': 'bing'}",2026-04-24 03:42:50.283455,https://www.openstreetmap.org/way/639769250,13.250183989333747,108.04293572045579
way/805174036,805174036,way,Viet Nam,plant,Missing output tag,none,"tags: {'name': 'Đập thủy điện Krông Kmar', 'plant:source': 'hydro', 'power': 'plant', 'waterway': 'dam'}",2026-04-24 03:42:50.284921,https://www.openstreetmap.org/way/805174036,12.452038967829951,108.33728788261467
way/823246914,823246914,way,Viet Nam,plant,Capacity placeholder value,yes,Tag 'plant:output:electricity' contains placeholder value 'yes' instead of actual capacity,2026-04-24 03:42:50.285347,https://www.openstreetmap.org/way/823246914,11.706055168952224,108.82734821462522
way/823246919,823246919,way,Viet Nam,plant,Capacity placeholder value,yes,Tag 'plant:output:electricity' contains placeholder value 'yes' instead of actual capacity,2026-04-24 03:42:50.285542,https://www.openstreetmap.org/way/823246919,11.669081302751605,108.80991770030853
way/824596808,824596808,way,Viet Nam,plant,Capacity placeholder value,yes,Tag 'plant:output:electricity' contains placeholder value 'yes' instead of actual capacity,2026-04-24 03:42:50.285701,https://www.openstreetmap.org/way/824596808,22.85891736832271,106.69973775123988
way/827889616,827889616,way,Viet Nam,plant,Missing output tag,none,"tags: {'building': 'yes', 'plant:source': 'hydro', 'power': 'plant'}",2026-04-24 03:42:50.286599,https://www.openstreetmap.org/way/827889616,11.760356265256728,108.8084730721333
way/827889618,827889618,way,Viet Nam,plant,Missing output tag,none,"tags: {'building': 'yes', 'name': 'Nhà máy Thủy điện Hạ Sông Pha 2', 'plant:source': 'hydro', 'power': 'plant'}",2026-04-24 03:42:50.286827,https://www.openstreetmap.org/way/827889618,11.832039700000001,108.70817485
way/827889624,827889624,way,Viet Nam,plant,Missing output tag,none,"tags: {'building': 'yes', 'name': 'Nhà máy Thủy điện Hạ Sông Pha 1', 'plant:source': 'hydro', 'power': 'plant'}",2026-04-24 03:42:50.287092,https://www.openstreetmap.org/way/827889624,11.828389015541124,108.69062348179105
way/827889643,827889643,way,Viet Nam,plant,Missing output tag,none,"tags: {'building': 'yes', 'name': 'Hoa Phu', 'plant:source': 'hydro', 'power': 'plant'}",2026-04-24 03:42:50.287811,https://www.openstreetmap.org/way/827889643,12.649505326763926,107.90930279281633
way/827889671,827889671,way,Viet Nam,plant,Missing output tag,none,"tags: {'building': 'yes', 'name': 'Ia Grai 1', 'plant:source': 'hydro', 'power': 'plant'}",2026-04-24 03:42:50.288533,https://www.openstreetmap.org/way/827889671,13.96860998027475,107.78481681422645
way/827889672,827889672,way,Viet Nam,plant,Capacity placeholder value,yes,Tag 'plant:output:electricity' contains placeholder value 'yes' instead of actual capacity,2026-04-24 03:42:50.288729,https://www.openstreetmap.org/way/827889672,14.20512195314185,107.81672072567159
way/827889674,827889674,way,Viet Nam,plant,Capacity placeholder value,yes,Tag 'plant:output:electricity' contains placeholder value 'yes' instead of actual capacity,2026-04-24 03:42:50.289069,https://www.openstreetmap.org/way/827889674,14.212986015073502,107.81376344496671
way/827889676,827889676,way,Viet Nam,plant,Missing output tag,none,"tags: {'plant:method': 'run-of-the-river', 'plant:source': 'hydro', 'power': 'plant'}",2026-04-24 03:42:50.289414,https://www.openstreetmap.org/way/827889676,21.018977532195546,103.6657315539208
way/846480787,846480787,way,Viet Nam,plant,Capacity placeholder value,yes,Tag 'plant:output:electricity' contains placeholder value 'yes' instead of actual capacity,2026-04-24 03:42:50.293026,https://www.openstreetmap.org/way/846480787,22.394521012321444,102.95017557971548
way/859265181,859265181,way,Viet Nam,plant,Capacity placeholder value,yes,Tag 'plant:output:electricity' contains placeholder value 'yes' instead of actual capacity,2026-04-24 03:42:50.293190,https://www.openstreetmap.org/way/859265181,16.397175203560128,107.29804711841346
way/859289418,859289418,way,Viet Nam,plant,Capacity placeholder value,yes,Tag 'plant:output:electricity' contains placeholder value 'yes' instead of actual capacity,2026-04-24 03:42:50.293351,https://www.openstreetmap.org/way/859289418,16.402205911138772,107.20010318014174
way/859289423,859289423,way,Viet Nam,plant,Missing output tag,none,"tags: {'building': 'yes', 'name': 'Nhà máy Thuỷ điện A Lin B2', 'plant:source': 'hydro', 'power': 'plant'}",2026-04-24 03:42:50.293543,https://www.openstreetmap.org/way/859289423,16.409703899999997,107.22399395
way/862428826,862428826,way,Viet Nam,plant,Missing output tag,none,"tags: {'name': 'Nhà máy điện (ngưng hoạt động)', 'plant:source': 'oil', 'power': 'plant'}",2026-04-24 03:42:50.293803,https://www.openstreetmap.org/way/862428826,15.379060711560417,109.12313328417261
way/866996309,866996309,way,Viet Nam,plant,Missing output tag,none,"tags: {'building': 'industrial', 'plant:method': 'water-storage', 'plant:source': 'hydro', 'power': 'plant'}",2026-04-24 03:42:50.294752,https://www.openstreetmap.org/way/866996309,16.658810244677998,106.79252165452058
way/868661251,868661251,way,Viet Nam,plant,Capacity placeholder value,yes,Tag 'plant:output:electricity' contains placeholder value 'yes' instead of actual capacity,2026-04-24 03:42:50.295054,https://www.openstreetmap.org/way/868661251,16.597510053976954,106.67506652752836
way/870314776,870314776,way,Viet Nam,plant,Capacity placeholder value,yes,Tag 'plant:output:electricity' contains placeholder value 'yes' instead of actual capacity,2026-04-24 03:42:50.295374,https://www.openstreetmap.org/way/870314776,16.655246180139873,106.81287673696609
way/871582334,871582334,way,Viet Nam,plant,Missing output tag,none,"tags: {'building': 'industrial', 'plant:method': 'water-storage', 'plant:source': 'hydro', 'power': 'plant'}",2026-04-24 03:42:50.295569,https://www.openstreetmap.org/way/871582334,19.12878531508124,104.72494250786558
way/872866016,872866016,way,Viet Nam,plant,Missing output tag,none,"tags: {'plant:source': 'hydro', 'power': 'plant', 'waterway': 'dam'}",2026-04-24 03:42:50.295870,https://www.openstreetmap.org/way/872866016,16.312097204351762,107.14990979262157
way/874036782,874036782,way,Viet Nam,plant,Missing output tag,none,"tags: {'building': 'industrial', 'plant:method': 'run-of-the-river', 'plant:source': 'hydro', 'power': 'plant'}",2026-04-24 03:42:50.296133,https://www.openstreetmap.org/way/874036782,16.248041380171458,107.37138464287256
way/875395288,875395288,way,Viet Nam,plant,Missing output tag,none,"tags: {'building': 'industrial', 'name': 'Nhà máy thủy điện Hạ Rào Quán', 'plant:method': 'water-storage', 'plant:source': 'hydro', 'power': 'plant'}",2026-04-24 03:42:50.296371,https://www.openstreetmap.org/way/875395288,16.645977528421092,106.77568857688192
way/875433145,875433145,way,Viet Nam,plant,Capacity placeholder value,yes,Tag 'plant:output:electricity' contains placeholder value 'yes' instead of actual capacity,2026-04-24 03:42:50.296752,https://www.openstreetmap.org/way/875433145,18.046486665638948,105.83356705078647
way/875450498,875450498,way,Viet Nam,plant,Capacity placeholder value,yes,Tag 'plant:output:electricity' contains placeholder value 'yes' instead of actual capacity,2026-04-24 03:42:50.297027,https://www.openstreetmap.org/way/875450498,10.507857759206525,108.9561660037634
way/876547179,876547179,way,Viet Nam,plant,Missing output tag,none,"tags: {'landuse': 'industrial', 'name': 'Can Tho Thermal Power Plant', 'plant:source': 'oil', 'power': 'plant', 'source': 'http://globalenergyobservatory.org/geoid/41210'}",2026-04-24 03:42:50.297667,https://www.openstreetmap.org/way/876547179,10.099486313566155,105.71808057408296
way/881704479,881704479,way,Viet Nam,plant,Capacity placeholder value,yes,Tag 'plant:output:electricity' contains placeholder value 'yes' instead of actual capacity,2026-04-24 03:42:50.298307,https://www.openstreetmap.org/way/881704479,11.44275686928575,108.89913957934556
way/881706496,881706496,way,Viet Nam,plant,Capacity placeholder value,yes,Tag 'plant:output:electricity' contains placeholder value 'yes' instead of actual capacity,2026-04-24 03:42:50.299989,https://www.openstreetmap.org/way/881706496,11.499508226721723,108.84344855526977
way/891278909,891278909,way,Viet Nam,plant,Missing output tag,none,"tags: {'building': 'yes', 'plant:source': 'hydro', 'power': 'plant'}",2026-04-24 03:42:50.300188,https://www.openstreetmap.org/way/891278909,16.2266146,107.27278559999999
way/924406402,924406402,way,Viet Nam,plant,Capacity placeholder value,yes,Tag 'plant:output:electricity' contains placeholder value 'yes' instead of actual capacity,2026-04-24 03:42:50.301407,https://www.openstreetmap.org/way/924406402,11.226552355606263,108.63608690584506
way/924406415,924406415,way,Viet Nam,plant,Capacity placeholder value,yes,Tag 'plant:output:electricity' contains placeholder value 'yes' instead of actual capacity,2026-04-24 03:42:50.301953,https://www.openstreetmap.org/way/924406415,11.282508188104114,108.73355230059262
way/924409544,924409544,way,Viet Nam,plant,Capacity placeholder value,yes,Tag 'plant:output:electricity' contains placeholder value 'yes' instead of actual capacity,2026-04-24 03:42:50.302519,https://www.openstreetmap.org/way/924409544,11.155881898866854,108.07095430986084
way/924409545,924409545,way,Viet Nam,plant,Capacity placeholder value,yes,Tag 'plant:output:electricity' contains placeholder value 'yes' instead of actual capacity,2026-04-24 03:42:50.303059,https://www.openstreetmap.org/way/924409545,11.11568303348962,108.04994728246551
way/931979271,931979271,way,Viet Nam,plant,Capacity placeholder value,yes,Tag 'plant:output:electricity' contains placeholder value 'yes' instead of actual capacity,2026-04-24 03:42:50.303514,https://www.openstreetmap.org/way/931979271,11.682652118087928,109.0187197130683
way/963999211,963999211,way,Viet Nam,plant,Capacity placeholder value,yes,Tag 'plant:output:electricity' contains placeholder value 'yes' instead of actual capacity,2026-04-24 03:42:50.306060,https://www.openstreetmap.org/way/963999211,11.979434834263001,109.08413045611411
way/963999212,963999212,way,Viet Nam,plant,Capacity placeholder value,yes,Tag 'plant:output:electricity' contains placeholder value 'yes' instead of actual capacity,2026-04-24 03:42:50.306226,https://www.openstreetmap.org/way/963999212,11.981249624794842,109.08481667719902
way/963999215,963999215,way,Viet Nam,plant,Capacity placeholder value,yes,Tag 'plant:output:electricity' contains placeholder value 'yes' instead of actual capacity,2026-04-24 03:42:50.306456,https://www.openstreetmap.org/way/963999215,12.004210860824054,109.08754662886632
way/963999216,963999216,way,Viet Nam,plant,Capacity placeholder value,yes,Tag 'plant:output:electricity' contains placeholder value 'yes' instead of actual capacity,2026-04-24 03:42:50.306644,https://www.openstreetmap.org/way/963999216,12.009501426916415,109.09116618900711
way/963999284,963999284,way,Viet Nam,plant,Capacity placeholder value,yes,Tag 'plant:output:electricity' contains placeholder value 'yes' instead of actual capacity,2026-04-24 03:42:50.306848,https://www.openstreetmap.org/way/963999284,11.978868331845023,109.15442700850745
way/963999285,963999285,way,Viet Nam,plant,Capacity placeholder value,yes,Tag 'plant:output:electricity' contains placeholder value 'yes' instead of actual capacity,2026-04-24 03:42:50.307076,https://www.openstreetmap.org/way/963999285,11.97792290470645,109.14071565336212
way/963999287,963999287,way,Viet Nam,plant,Capacity placeholder value,yes,Tag 'plant:output:electricity' contains placeholder value 'yes' instead of actual capacity,2026-04-24 03:42:50.307291,https://www.openstreetmap.org/way/963999287,11.981340359350828,109.12925092684983
way/963999295,963999295,way,Viet Nam,plant,Capacity placeholder value,yes,Tag 'plant:output:electricity' contains placeholder value 'yes' instead of actual capacity,2026-04-24 03:42:50.307549,https://www.openstreetmap.org/way/963999295,12.01121698674793,109.09480828028782
way/963999301,963999301,way,Viet Nam,plant,Capacity placeholder value,yes,Tag 'plant:output:electricity' contains placeholder value 'yes' instead of actual capacity,2026-04-24 03:42:50.307762,https://www.openstreetmap.org/way/963999301,11.880037380019022,109.08627721716137
way/963999302,963999302,way,Viet Nam,plant,Missing output tag,none,"tags: {'plant:source': 'solar', 'power': 'plant'}",2026-04-24 03:42:50.308103,https://www.openstreetmap.org/way/963999302,11.890037916199537,109.09134524265981
way/963999666,963999666,way,Viet Nam,plant,Capacity placeholder value,yes,Tag 'plant:output:electricity' contains placeholder value 'yes' instead of actual capacity,2026-04-24 03:42:50.308349,https://www.openstreetmap.org/way/963999666,12.58523229572998,109.17045152599836
way/963999670,963999670,way,Viet Nam,plant,Capacity placeholder value,yes,Tag 'plant:output:electricity' contains placeholder value 'yes' instead of actual capacity,2026-04-24 03:42:50.308682,https://www.openstreetmap.org/way/963999670,12.591774799411512,109.16797935640979
way/969563154,969563154,way,Viet Nam,plant,Capacity placeholder value,yes,Tag 'plant:output:electricity' contains placeholder value 'yes' instead of actual capacity,2026-04-24 03:42:50.309820,https://www.openstreetmap.org/way/969563154,17.276388493541685,106.62660787511929
way/1001983758,1001983758,way,Viet Nam,plant,Capacity placeholder value,yes,Tag 'plant:output:electricity' contains placeholder value 'yes' instead of actual capacity,2026-04-24 03:42:50.311209,https://www.openstreetmap.org/way/1001983758,12.775992567549864,108.89851310224003
way/1009757713,1009757713,way,Viet Nam,plant,Missing output tag,none,"tags: {'landuse': 'industrial', 'name': 'Đập thủy điện Huội Quảng', 'plant:method': 'run-of-the-river', 'plant:source': 'hydro', 'power': 'plant', 'waterway': 'dam'}",2026-04-24 03:42:50.311758,https://www.openstreetmap.org/way/1009757713,21.696635806218566,103.87790763939245
way/1024265187,1024265187,way,Viet Nam,plant,Capacity placeholder value,yes,Tag 'plant:output:electricity' contains placeholder value 'yes' instead of actual capacity,2026-04-24 03:42:50.312022,https://www.openstreetmap.org/way/1024265187,11.578388402422314,108.87036516664692
way/1024265196,1024265196,way,Viet Nam,plant,Capacity placeholder value,yes,Tag 'plant:output:electricity' contains placeholder value 'yes' instead of actual capacity,2026-04-24 03:42:50.312302,https://www.openstreetmap.org/way/1024265196,11.501365664033617,108.8711039804002
way/1024265197,1024265197,way,Viet Nam,plant,Capacity placeholder value,yes,Tag 'plant:output:electricity' contains placeholder value 'yes' instead of actual capacity,2026-04-24 03:42:50.312484,https://www.openstreetmap.org/way/1024265197,11.50596017100934,108.86645757134083
way/1050769344,1050769344,way,Viet Nam,plant,Missing output tag,none,"tags: {'name': 'Nhà máy thủy điện Đakrông 3', 'plant:method': 'run-of-the-river', 'plant:source': 'hydro', 'power': 'plant'}",2026-04-24 03:42:50.313472,https://www.openstreetmap.org/way/1050769344,16.560960057235032,106.95451990185677
way/1085803920,1085803920,way,Viet Nam,plant,Missing output tag,none,"tags: {'building': 'yes', 'name': 'Da Mi 1', 'plant:source': 'hydro', 'power': 'plant'}",2026-04-24 03:42:50.315925,https://www.openstreetmap.org/way/1085803920,11.241683090861565,107.8462809379147
way/1091686581,1091686581,way,Viet Nam,plant,Missing output tag,none,"tags: {'plant:method': 'photovoltaic', 'plant:source': 'solar', 'power': 'plant'}",2026-04-24 03:42:50.316973,https://www.openstreetmap.org/way/1091686581,11.465344155906836,108.8846290547783
way/1091686585,1091686585,way,Viet Nam,plant,Missing output tag,none,"tags: {'plant:method': 'photovoltaic', 'plant:source': 'solar', 'power': 'plant'}",2026-04-24 03:42:50.317229,https://www.openstreetmap.org/way/1091686585,11.402413321561228,108.86965613091533
way/1091686586,1091686586,way,Viet Nam,plant,Missing output tag,none,"tags: {'plant:source': 'solar', 'power': 'plant'}",2026-04-24 03:42:50.317469,https://www.openstreetmap.org/way/1091686586,11.396193460785227,108.88495817621919
way/1091686587,1091686587,way,Viet Nam,plant,Missing output tag,none,"tags: {'plant:source': 'solar', 'power': 'plant'}",2026-04-24 03:42:50.318077,https://www.openstreetmap.org/way/1091686587,11.397275240796667,108.88038853341354
way/1092301669,1092301669,way,Viet Nam,plant,Capacity placeholder value,yes,Tag 'plant:output:electricity' contains placeholder value 'yes' instead of actual capacity,2026-04-24 03:42:50.318380,https://www.openstreetmap.org/way/1092301669,18.209120019375543,105.99797875624309
way/1095937808,1095937808,way,Viet Nam,plant,Capacity placeholder value,yes,Tag 'plant:output:electricity' contains placeholder value 'yes' instead of actual capacity,2026-04-24 03:42:50.318585,https://www.openstreetmap.org/way/1095937808,18.195620071031588,105.92818323157036
way/1123787518,1123787518,way,Viet Nam,plant,Capacity placeholder value,yes,Tag 'plant:output:electricity' contains placeholder value 'yes' instead of actual capacity,2026-04-24 03:42:50.319033,https://www.openstreetmap.org/way/1123787518,15.784261698143291,108.22220118579385
way/1134826433,1134826433,way,Viet Nam,plant,Capacity placeholder value,yes,Tag 'plant:output:electricity' contains placeholder value 'yes' instead of actual capacity,2026-04-24 03:42:50.319243,https://www.openstreetmap.org/way/1134826433,10.260772061430869,106.39855627758477
way/1137266307,1137266307,way,Viet Nam,plant,Missing output tag,none,"tags: {'plant:source': 'solar', 'power': 'plant'}",2026-04-24 03:42:50.319647,https://www.openstreetmap.org/way/1137266307,18.33414424730203,106.01969789079746
way/1148143997,1148143997,way,Viet Nam,plant,Capacity placeholder value,yes,Tag 'plant:output:electricity' contains placeholder value 'yes' instead of actual capacity,2026-04-24 03:42:50.320040,https://www.openstreetmap.org/way/1148143997,11.098452829920461,106.16292571758216
way/1148143998,1148143998,way,Viet Nam,plant,Missing output tag,none,"tags: {'name': 'Nhà máy điện mặt trời TTC 01', 'plant:source': 'solar', 'power': 'plant'}",2026-04-24 03:42:50.320549,https://www.openstreetmap.org/way/1148143998,11.027301972935463,106.28176791621497
way/1152389673,1152389673,way,Viet Nam,plant,Missing output tag,none,"tags: {'plant:source': 'solar', 'power': 'plant'}",2026-04-24 03:42:50.321127,https://www.openstreetmap.org/way/1152389673,10.906018092191301,108.0103563478089
way/1152389674,1152389674,way,Viet Nam,plant,Missing output tag,none,"tags: {'plant:source': 'solar', 'power': 'plant'}",2026-04-24 03:42:50.321369,https://www.openstreetmap.org/way/1152389674,10.905081126582399,108.01040874849794
way/1152389675,1152389675,way,Viet Nam,plant,Missing output tag,none,"tags: {'plant:source': 'solar', 'power': 'plant'}",2026-04-24 03:42:50.321605,https://www.openstreetmap.org/way/1152389675,10.90408851366964,108.01044220741522
way/1152389676,1152389676,way,Viet Nam,plant,Missing output tag,none,"tags: {'plant:source': 'solar', 'power': 'plant'}",2026-04-24 03:42:50.321841,https://www.openstreetmap.org/way/1152389676,10.903124375600596,108.01048567020831
way/1152389677,1152389677,way,Viet Nam,plant,Missing output tag,none,"tags: {'plant:source': 'solar', 'power': 'plant'}",2026-04-24 03:42:50.322313,https://www.openstreetmap.org/way/1152389677,10.904447608538065,108.00309120793018
way/1160458963,1160458963,way,Viet Nam,plant,Capacity placeholder value,yes,Tag 'plant:output:electricity' contains placeholder value 'yes' instead of actual capacity,2026-04-24 03:42:50.322537,https://www.openstreetmap.org/way/1160458963,9.973757543890324,109.08398690226898
way/1205472554,1205472554,way,Viet Nam,plant,Capacity regex no match,558 kW,Tag 'plant:output:electricity' has value '558 kW' which could not be parsed,2026-04-24 03:42:50.325098,https://www.openstreetmap.org/way/1205472554,11.543486135174355,107.84007861016836
way/1205504389,1205504389,way,Viet Nam,plant,Capacity placeholder value,yes,Tag 'plant:output:electricity' contains placeholder value 'yes' instead of actual capacity,2026-04-24 03:42:50.326023,https://www.openstreetmap.org/way/1205504389,11.884461013049442,107.67327274789176
way/1205505956,1205505956,way,Viet Nam,plant,Missing output tag,none,"tags: {'name': 'Đập Thuỷ điện Đồng Nai 4', 'plant:source': 'hydro', 'power': 'plant', 'waterway': 'dam'}",2026-04-24 03:42:50.327978,https://www.openstreetmap.org/way/1205505956,11.885232824901607,107.72860109939998
way/1205530512,1205530512,way,Viet Nam,plant,Capacity placeholder value,yes,Tag 'plant:output:electricity' contains placeholder value 'yes' instead of actual capacity,2026-04-24 03:42:50.328388,https://www.openstreetmap.org/way/1205530512,16.6092091452576,107.4034981325884
way/1209427665,1209427665,way,Viet Nam,plant,Capacity placeholder value,yes,Tag 'plant:output:electricity' contains placeholder value 'yes' instead of actual capacity,2026-04-24 03:42:50.329616,https://www.openstreetmap.org/way/1209427665,10.452491565219844,105.33494788768742
way/1209431403,1209431403,way,Viet Nam,plant,Capacity regex no match,50 MWp,Tag 'plant:output:electricity' has value '50 MWp' which could not be parsed,2026-04-24 03:42:50.329823,https://www.openstreetmap.org/way/1209431403,13.307540723122553,107.67058761846522
way/1209432631,1209432631,way,Viet Nam,plant,Capacity placeholder value,yes,Tag 'plant:output:electricity' contains placeholder value 'yes' instead of actual capacity,2026-04-24 03:42:50.330078,https://www.openstreetmap.org/way/1209432631,14.959969602173345,108.93225685111699
way/1223745028,1223745028,way,Viet Nam,plant,Capacity placeholder value,yes,Tag 'plant:output:electricity' contains placeholder value 'yes' instead of actual capacity,2026-04-24 03:42:50.331076,https://www.openstreetmap.org/way/1223745028,11.871024563165536,108.77386244426289
way/1227602233,1227602233,way,Viet Nam,plant,Capacity placeholder value,yes,Tag 'plant:output:electricity' contains placeholder value 'yes' instead of actual capacity,2026-04-24 03:42:50.331615,https://www.openstreetmap.org/way/1227602233,21.906366112856794,105.17336760164726
way/1229075435,1229075435,way,Viet Nam,plant,Missing output tag,none,"tags: {'name': 'Nhà máy Thuỷ điện Đại Bình', 'plant:source': 'hydro', 'power': 'plant'}",2026-04-24 03:42:50.332571,https://www.openstreetmap.org/way/1229075435,11.497996396170626,107.84965487503955
way/1238214272,1238214272,way,Viet Nam,plant,Missing output tag,none,"tags: {'name': 'NMĐMT Xuân Thọ 1', 'plant:source': 'solar', 'power': 'plant'}",2026-04-24 03:42:50.334248,https://www.openstreetmap.org/way/1238214272,13.416929696263242,109.16037224792976
way/1238214274,1238214274,way,Viet Nam,plant,Missing output tag,none,"tags: {'name': 'NMĐMT Xuân Thọ 2', 'plant:source': 'solar', 'power': 'plant'}",2026-04-24 03:42:50.334775,https://www.openstreetmap.org/way/1238214274,13.377467231854379,109.17459670609527
way/1263020544,1263020544,way,Viet Nam,plant,Missing output tag,none,"tags: {'plant:source': 'hydro', 'power': 'plant'}",2026-04-24 03:42:50.335196,https://www.openstreetmap.org/way/1263020544,15.635980449999998,107.5565804
way/1263494366,1263494366,way,Viet Nam,plant,Missing output tag,none,"tags: {'plant:method': 'water-storage', 'plant:source': 'hydro', 'power': 'plant'}",2026-04-24 03:42:50.335431,https://www.openstreetmap.org/way/1263494366,21.455634902937682,103.0842272652078
way/1263494367,1263494367,way,Viet Nam,plant,Missing output tag,none,"tags: {'plant:method': 'water-storage', 'plant:source': 'hydro', 'power': 'plant'}",2026-04-24 03:42:50.335662,https://www.openstreetmap.org/way/1263494367,21.463096767020772,103.07120143931779
way/1263497520,1263497520,way,Viet Nam,plant,Missing output tag,none,"tags: {'building': 'industrial', 'plant:source': 'hydro', 'power': 'plant'}",2026-04-24 03:42:50.335960,https://www.openstreetmap.org/way/1263497520,21.64427869102938,103.98621332110427
way/1263497526,1263497526,way,Viet Nam,plant,Missing output tag,none,"tags: {'building': 'industrial', 'plant:source': 'hydro', 'power': 'plant'}",2026-04-24 03:42:50.336537,https://www.openstreetmap.org/way/1263497526,21.506587267263136,104.09725631770935
way/1263573951,1263573951,way,Viet Nam,plant,Missing output tag,none,"tags: {'building': 'industrial', 'plant:source': 'hydro', 'power': 'plant'}",2026-04-24 03:42:50.337199,https://www.openstreetmap.org/way/1263573951,21.88306773214386,103.87712447222003
way/1263573952,1263573952,way,Viet Nam,plant,Missing output tag,none,"tags: {'building': 'industrial', 'plant:source': 'hydro', 'power': 'plant'}",2026-04-24 03:42:50.337436,https://www.openstreetmap.org/way/1263573952,21.876230399999997,103.89195310000001
way/1263573954,1263573954,way,Viet Nam,plant,Missing output tag,none,"tags: {'building': 'industrial', 'plant:source': 'hydro', 'power': 'plant'}",2026-04-24 03:42:50.338078,https://www.openstreetmap.org/way/1263573954,21.875439134971288,103.92451949381447
way/1263573965,1263573965,way,Viet Nam,plant,Missing output tag,none,"tags: {'building': 'industrial', 'plant:method': 'water-storage', 'plant:source': 'hydro', 'power': 'plant'}",2026-04-24 03:42:50.338322,https://www.openstreetmap.org/way/1263573965,22.057148300000005,104.11640940000001
way/1263573966,1263573966,way,Viet Nam,plant,Missing output tag,none,"tags: {'building': 'industrial', 'plant:method': 'water-storage', 'plant:source': 'hydro', 'power': 'plant'}",2026-04-24 03:42:50.338573,https://www.openstreetmap.org/way/1263573966,22.060452055569215,104.11045313574587
way/1263573967,1263573967,way,Viet Nam,plant,Missing output tag,none,"tags: {'building': 'industrial', 'plant:method': 'water-storage', 'plant:source': 'hydro', 'power': 'plant'}",2026-04-24 03:42:50.338816,https://www.openstreetmap.org/way/1263573967,22.035741999266747,104.08436856642567
way/1263573968,1263573968,way,Viet Nam,plant,Missing output tag,none,"tags: {'building': 'industrial', 'plant:method': 'water-storage', 'plant:source': 'hydro', 'power': 'plant'}",2026-04-24 03:42:50.339086,https://www.openstreetmap.org/way/1263573968,22.0094888,104.07525095000001
way/1263573969,1263573969,way,Viet Nam,plant,Missing output tag,none,"tags: {'building': 'industrial', 'plant:method': 'water-storage', 'plant:source': 'hydro', 'power': 'plant'}",2026-04-24 03:42:50.339328,https://www.openstreetmap.org/way/1263573969,22.0368136,104.0273936
way/1263573970,1263573970,way,Viet Nam,plant,Missing output tag,none,"tags: {'building': 'industrial', 'plant:method': 'water-storage', 'plant:source': 'hydro', 'power': 'plant'}",2026-04-24 03:42:50.339564,https://www.openstreetmap.org/way/1263573970,22.039322444585615,103.99880466669605
way/1263573974,1263573974,way,Viet Nam,plant,Missing output tag,none,"tags: {'building': 'industrial', 'plant:method': 'water-storage', 'plant:source': 'hydro', 'power': 'plant'}",2026-04-24 03:42:50.339824,https://www.openstreetmap.org/way/1263573974,22.040787793702226,103.9928506180257
way/1263573987,1263573987,way,Viet Nam,plant,Missing output tag,none,"tags: {'building': 'industrial', 'plant:method': 'water-storage', 'plant:source': 'hydro', 'power': 'plant'}",2026-04-24 03:42:50.340090,https://www.openstreetmap.org/way/1263573987,22.180586,103.79164719999999
way/1263839758,1263839758,way,Viet Nam,plant,Missing output tag,none,"tags: {'plant:method': 'run-of-the-river', 'plant:source': 'hydro', 'power': 'plant'}",2026-04-24 03:42:50.340709,https://www.openstreetmap.org/way/1263839758,22.200235226774172,104.54273101571106
way/1267717393,1267717393,way,Viet Nam,plant,Missing output tag,none,"tags: {'building': 'industrial', 'plant:method': 'run-of-the-river', 'plant:source': 'hydro', 'power': 'plant'}",2026-04-24 03:42:50.341139,https://www.openstreetmap.org/way/1267717393,19.296337399999995,104.42245059999999
way/1271285979,1271285979,way,Viet Nam,plant,Missing output tag,none,"tags: {'building': 'industrial', 'plant:method': 'water-storage', 'plant:source': 'hydro', 'power': 'plant'}",2026-04-24 03:42:50.342030,https://www.openstreetmap.org/way/1271285979,14.05886505,108.0023142
way/1271492900,1271492900,way,Viet Nam,plant,Missing output tag,none,"tags: {'building': 'industrial', 'plant:method': 'run-of-the-river', 'plant:source': 'hydro', 'power': 'plant'}",2026-04-24 03:42:50.342271,https://www.openstreetmap.org/way/1271492900,14.709986999999996,107.71153294999996
way/1271492904,1271492904,way,Viet Nam,plant,Missing output tag,none,"tags: {'building': 'industrial', 'plant:method': 'run-of-the-river', 'plant:source': 'hydro', 'power': 'plant'}",2026-04-24 03:42:50.342506,https://www.openstreetmap.org/way/1271492904,14.75794366825446,107.96048924061172
way/1271492909,1271492909,way,Viet Nam,plant,Missing output tag,none,"tags: {'building': 'industrial', 'plant:method': 'water-storage', 'plant:source': 'hydro', 'power': 'plant'}",2026-04-24 03:42:50.342765,https://www.openstreetmap.org/way/1271492909,14.788623695282407,108.00105429632097
way/1271492911,1271492911,way,Viet Nam,plant,Missing output tag,none,"tags: {'building': 'industrial', 'plant:method': 'run-of-the-river', 'plant:source': 'hydro', 'power': 'plant'}",2026-04-24 03:42:50.343041,https://www.openstreetmap.org/way/1271492911,14.702745684901533,107.96615759409448
way/1271492913,1271492913,way,Viet Nam,plant,Missing output tag,none,"tags: {'plant:method': 'run-of-the-river', 'plant:source': 'hydro', 'power': 'plant'}",2026-04-24 03:42:50.343325,https://www.openstreetmap.org/way/1271492913,14.71508437871,107.9858557919506
way/1271492914,1271492914,way,Viet Nam,plant,Missing output tag,none,"tags: {'building': 'industrial', 'name': 'Dak Psi 3', 'plant:method': 'run-of-the-river', 'plant:source': 'hydro', 'power': 'plant'}",2026-04-24 03:42:50.343563,https://www.openstreetmap.org/way/1271492914,14.656727427522744,107.93521862279523
way/1271779983,1271779983,way,Viet Nam,plant,Missing output tag,none,"tags: {'building': 'industrial', 'name': 'Nuoc Trong', 'plant:method': 'water-storage', 'plant:source': 'hydro', 'power': 'plant'}",2026-04-24 03:42:50.343981,https://www.openstreetmap.org/way/1271779983,15.079845554796394,108.41165231539935
way/1271779984,1271779984,way,Viet Nam,plant,Missing output tag,none,"tags: {'building': 'industrial', 'plant:method': 'water-storage', 'plant:source': 'hydro', 'power': 'plant'}",2026-04-24 03:42:50.344227,https://www.openstreetmap.org/way/1271779984,15.018069100000002,108.39018645000002
way/1271779986,1271779986,way,Viet Nam,plant,Missing output tag,none,"tags: {'building': 'industrial', 'plant:method': 'water-storage', 'plant:source': 'hydro', 'power': 'plant'}",2026-04-24 03:42:50.344464,https://www.openstreetmap.org/way/1271779986,15.009408818175752,108.342501195437
way/1272389001,1272389001,way,Viet Nam,plant,Missing output tag,none,"tags: {'building': 'industrial', 'name': 'Thủy Điện Định Bình', 'name:en': 'Dinh Binh hydro power station', 'operator': 'CTCP Thủy điện Định Bình', 'plant:method': 'water-storage', 'plant:source': 'hydro', 'power': 'plant'}",2026-04-24 03:42:50.345623,https://www.openstreetmap.org/way/1272389001,14.1561926,108.77422575
way/1272389018,1272389018,way,Viet Nam,plant,Missing output tag,none,"tags: {'plant:method': 'water-storage', 'plant:source': 'hydro', 'power': 'plant'}",2026-04-24 03:42:50.345890,https://www.openstreetmap.org/way/1272389018,14.214351801762994,108.75630711639278
way/1272547761,1272547761,way,Viet Nam,plant,Missing output tag,none,"tags: {'plant:method': 'photovoltaic', 'plant:source': 'solar', 'power': 'plant'}",2026-04-24 03:42:50.347252,https://www.openstreetmap.org/way/1272547761,14.01407816408913,109.0208389830045
way/1272547762,1272547762,way,Viet Nam,plant,Missing output tag,none,"tags: {'plant:method': 'photovoltaic', 'plant:source': 'solar', 'power': 'plant'}",2026-04-24 03:42:50.347515,https://www.openstreetmap.org/way/1272547762,14.017753730756597,109.01779953171453
way/1272547763,1272547763,way,Viet Nam,plant,Missing output tag,none,"tags: {'plant:method': 'photovoltaic', 'plant:source': 'solar', 'power': 'plant'}",2026-04-24 03:42:50.347920,https://www.openstreetmap.org/way/1272547763,14.009473614877939,109.01502929935626
way/1272567219,1272567219,way,Viet Nam,plant,Missing output tag,none,"tags: {'plant:method': 'photovoltaic', 'plant:source': 'solar', 'power': 'plant'}",2026-04-24 03:42:50.348292,https://www.openstreetmap.org/way/1272567219,14.115220264427611,109.0115076192567
way/1273255943,1273255943,way,Viet Nam,plant,Missing output tag,none,"tags: {'plant:method': 'photovoltaic', 'plant:source': 'solar', 'power': 'plant'}",2026-04-24 03:42:50.351181,https://www.openstreetmap.org/way/1273255943,12.615125218971327,109.0982566162522
way/1273328704,1273328704,way,Viet Nam,plant,Capacity placeholder value,yes,Tag 'plant:output:electricity' contains placeholder value 'yes' instead of actual capacity,2026-04-24 03:42:50.351662,https://www.openstreetmap.org/way/1273328704,12.58989323488639,107.92603847338239
way/1276487669,1276487669,way,Viet Nam,plant,Missing output tag,none,"tags: {'plant:method': 'run-of-the-river', 'plant:source': 'hydro', 'power': 'plant'}",2026-04-24 03:42:50.354132,https://www.openstreetmap.org/way/1276487669,13.917836999999997,108.23220679999999
way/1276487671,1276487671,way,Viet Nam,plant,Missing output tag,none,"tags: {'plant:method': 'run-of-the-river', 'plant:source': 'hydro', 'power': 'plant'}",2026-04-24 03:42:50.354394,https://www.openstreetmap.org/way/1276487671,13.845853769797237,108.18996326915084
way/1276487673,1276487673,way,Viet Nam,plant,Missing output tag,none,"tags: {'plant:method': 'run-of-the-river', 'plant:source': 'hydro', 'power': 'plant'}",2026-04-24 03:42:50.354629,https://www.openstreetmap.org/way/1276487673,13.832939900000001,108.1750385
way/1276487677,1276487677,way,Viet Nam,plant,Missing output tag,none,"tags: {'plant:method': 'water-storage', 'plant:source': 'hydro', 'power': 'plant'}",2026-04-24 03:42:50.354907,https://www.openstreetmap.org/way/1276487677,13.775565559424841,108.16614978195817
way/1276487678,1276487678,way,Viet Nam,plant,Missing output tag,none,"tags: {'name': 'Ayun Ha', 'plant:method': 'water-storage', 'plant:source': 'hydro', 'power': 'plant'}",2026-04-24 03:42:50.355150,https://www.openstreetmap.org/way/1276487678,13.582412017138092,108.25538699730077
way/1285141809,1285141809,way,Viet Nam,plant,Capacity placeholder value,yes,Tag 'plant:output:electricity' contains placeholder value 'yes' instead of actual capacity,2026-04-24 03:42:50.355518,https://www.openstreetmap.org/way/1285141809,22.54071759147571,103.73974043090156
way/1285220934,1285220934,way,Viet Nam,plant,Capacity placeholder value,yes,Tag 'plant:output:electricity' contains placeholder value 'yes' instead of actual capacity,2026-04-24 03:42:50.355675,https://www.openstreetmap.org/way/1285220934,22.525596936786226,103.69876268863024
way/1285394705,1285394705,way,Viet Nam,plant,Capacity placeholder value,yes,Tag 'plant:output:electricity' contains placeholder value 'yes' instead of actual capacity,2026-04-24 03:42:50.355833,https://www.openstreetmap.org/way/1285394705,22.50257123300092,103.68647517167086
way/1296795443,1296795443,way,Viet Nam,plant,Capacity placeholder value,yes,Tag 'plant:output:electricity' contains placeholder value 'yes' instead of actual capacity,2026-04-24 03:42:50.356554,https://www.openstreetmap.org/way/1296795443,20.98532487325319,105.94552784669146
way/1316619213,1316619213,way,Viet Nam,plant,Capacity placeholder value,yes,Tag 'plant:output:electricity' contains placeholder value 'yes' instead of actual capacity,2026-04-24 03:42:50.361559,https://www.openstreetmap.org/way/1316619213,11.105041108097453,106.61646557527962
way/1317044007,1317044007,way,Viet Nam,plant,Capacity placeholder value,yes,Tag 'plant:output:electricity' contains placeholder value 'yes' instead of actual capacity,2026-04-24 03:42:50.363407,https://www.openstreetmap.org/way/1317044007,10.579133758773443,107.28609181541766
way/1318145068,1318145068,way,Viet Nam,plant,Capacity placeholder value,yes,Tag 'plant:output:electricity' contains placeholder value 'yes' instead of actual capacity,2026-04-24 03:42:50.368209,https://www.openstreetmap.org/way/1318145068,14.774265899999998,108.39487774999999
way/1318145070,1318145070,way,Viet Nam,plant,Capacity placeholder value,yes,Tag 'plant:output:electricity' contains placeholder value 'yes' instead of actual capacity,2026-04-24 03:42:50.368703,https://www.openstreetmap.org/way/1318145070,13.974394570062646,107.48982120248498
way/1318145072,1318145072,way,Viet Nam,plant,Capacity placeholder value,yes,Tag 'plant:output:electricity' contains placeholder value 'yes' instead of actual capacity,2026-04-24 03:42:50.368897,https://www.openstreetmap.org/way/1318145072,16.692715523814368,107.43228505618124
way/1318145075,1318145075,way,Viet Nam,plant,Capacity placeholder value,yes,Tag 'plant:output:electricity' contains placeholder value 'yes' instead of actual capacity,2026-04-24 03:42:50.369247,https://www.openstreetmap.org/way/1318145075,21.549141897559288,104.57868107080327
way/1318145093,1318145093,way,Viet Nam,plant,Capacity placeholder value,yes,Tag 'plant:output:electricity' contains placeholder value 'yes' instead of actual capacity,2026-04-24 03:42:50.369868,https://www.openstreetmap.org/way/1318145093,21.938699704158367,103.25597048984037
way/1318145096,1318145096,way,Viet Nam,plant,Capacity placeholder value,yes,Tag 'plant:output:electricity' contains placeholder value 'yes' instead of actual capacity,2026-04-24 03:42:50.370056,https://www.openstreetmap.org/way/1318145096,21.96843787170796,103.1337603432042
way/1318145118,1318145118,way,Viet Nam,plant,Capacity placeholder value,yes,Tag 'plant:output:electricity' contains placeholder value 'yes' instead of actual capacity,2026-04-24 03:42:50.371182,https://www.openstreetmap.org/way/1318145118,11.19872496025946,108.32826664599665
way/1318145126,1318145126,way,Viet Nam,plant,Capacity placeholder value,yes,Tag 'plant:output:electricity' contains placeholder value 'yes' instead of actual capacity,2026-04-24 03:42:50.372000,https://www.openstreetmap.org/way/1318145126,11.422404576531207,108.95951551287835
way/1318145138,1318145138,way,Viet Nam,plant,Capacity placeholder value,yes,Tag 'plant:output:electricity' contains placeholder value 'yes' instead of actual capacity,2026-04-24 03:42:50.372558,https://www.openstreetmap.org/way/1318145138,10.917356937769336,106.25814075896288
way/1318145139,1318145139,way,Viet Nam,plant,Capacity placeholder value,yes,Tag 'plant:output:electricity' contains placeholder value 'yes' instead of actual capacity,2026-04-24 03:42:50.372733,https://www.openstreetmap.org/way/1318145139,10.918637723954289,106.26598854295074
way/1318145165,1318145165,way,Viet Nam,plant,Capacity placeholder value,yes,Tag 'plant:output:electricity' contains placeholder value 'yes' instead of actual capacity,2026-04-24 03:42:50.373448,https://www.openstreetmap.org/way/1318145165,17.228658321219964,106.87183034189063
way/1318145189,1318145189,way,Viet Nam,plant,Capacity placeholder value,yes,Tag 'plant:output:electricity' contains placeholder value 'yes' instead of actual capacity,2026-04-24 03:42:50.373609,https://www.openstreetmap.org/way/1318145189,14.634220262667146,107.90676267212359
way/1318145193,1318145193,way,Viet Nam,plant,Capacity placeholder value,yes,Tag 'plant:output:electricity' contains placeholder value 'yes' instead of actual capacity,2026-04-24 03:42:50.373768,https://www.openstreetmap.org/way/1318145193,14.85903960864915,108.01989153688075
way/1318145195,1318145195,way,Viet Nam,plant,Capacity placeholder value,yes,Tag 'plant:output:electricity' contains placeholder value 'yes' instead of actual capacity,2026-04-24 03:42:50.373954,https://www.openstreetmap.org/way/1318145195,14.823012299999997,108.0280374
way/1318441711,1318441711,way,Viet Nam,plant,Capacity placeholder value,yes,Tag 'plant:output:electricity' contains placeholder value 'yes' instead of actual capacity,2026-04-24 03:42:50.374290,https://www.openstreetmap.org/way/1318441711,12.675673950000004,107.90403754999998
way/1320783720,1320783720,way,Viet Nam,plant,Capacity placeholder value,yes,Tag 'plant:output:electricity' contains placeholder value 'yes' instead of actual capacity,2026-04-24 03:42:50.374452,https://www.openstreetmap.org/way/1320783720,14.706305450956519,107.98763798259597
way/1320783721,1320783721,way,Viet Nam,plant,Capacity placeholder value,yes,Tag 'plant:output:electricity' contains placeholder value 'yes' instead of actual capacity,2026-04-24 03:42:50.374611,https://www.openstreetmap.org/way/1320783721,14.7132867,108.00549475000001
way/1320783757,1320783757,way,Viet Nam,plant,Capacity placeholder value,yes,Tag 'plant:output:electricity' contains placeholder value 'yes' instead of actual capacity,2026-04-24 03:42:50.375725,https://www.openstreetmap.org/way/1320783757,12.96903250133366,109.09891334851342
way/1320783790,1320783790,way,Viet Nam,plant,Capacity placeholder value,yes,Tag 'plant:output:electricity' contains placeholder value 'yes' instead of actual capacity,2026-04-24 03:42:50.376983,https://www.openstreetmap.org/way/1320783790,22.55521165,104.84663369999998
way/1320783794,1320783794,way,Viet Nam,plant,Capacity placeholder value,yes,Tag 'plant:output:electricity' contains placeholder value 'yes' instead of actual capacity,2026-04-24 03:42:50.377167,https://www.openstreetmap.org/way/1320783794,22.55011485,104.87364830000001
way/1320783815,1320783815,way,Viet Nam,plant,Capacity placeholder value,yes,Tag 'plant:output:electricity' contains placeholder value 'yes' instead of actual capacity,2026-04-24 03:42:50.377350,https://www.openstreetmap.org/way/1320783815,11.683060214679331,109.0154054727766
way/1320783830,1320783830,way,Viet Nam,plant,Capacity placeholder value,yes,Tag 'plant:output:electricity' contains placeholder value 'yes' instead of actual capacity,2026-04-24 03:42:50.377666,https://www.openstreetmap.org/way/1320783830,21.197601204630082,104.50120612406725
way/1320783832,1320783832,way,Viet Nam,plant,Capacity placeholder value,yes,Tag 'plant:output:electricity' contains placeholder value 'yes' instead of actual capacity,2026-04-24 03:42:50.377823,https://www.openstreetmap.org/way/1320783832,21.173836099999995,104.5077091
way/1320783848,1320783848,way,Viet Nam,plant,Capacity placeholder value,yes,Tag 'plant:output:electricity' contains placeholder value 'yes' instead of actual capacity,2026-04-24 03:42:50.379113,https://www.openstreetmap.org/way/1320783848,21.475981112524188,104.04022692200878
way/1320783849,1320783849,way,Viet Nam,plant,Capacity placeholder value,yes,Tag 'plant:output:electricity' contains placeholder value 'yes' instead of actual capacity,2026-04-24 03:42:50.379275,https://www.openstreetmap.org/way/1320783849,22.2610387,103.97639035
way/1320783852,1320783852,way,Viet Nam,plant,Capacity placeholder value,yes,Tag 'plant:output:electricity' contains placeholder value 'yes' instead of actual capacity,2026-04-24 03:42:50.379434,https://www.openstreetmap.org/way/1320783852,22.6025673,103.28826565000001
way/1320783854,1320783854,way,Viet Nam,plant,Capacity placeholder value,yes,Tag 'plant:output:electricity' contains placeholder value 'yes' instead of actual capacity,2026-04-24 03:42:50.379591,https://www.openstreetmap.org/way/1320783854,22.3827523,102.89594295
way/1320783900,1320783900,way,Viet Nam,plant,Capacity placeholder value,yes,Tag 'plant:output:electricity' contains placeholder value 'yes' instead of actual capacity,2026-04-24 03:42:50.380836,https://www.openstreetmap.org/way/1320783900,22.293253381679417,104.01193634315202
way/1320783902,1320783902,way,Viet Nam,plant,Capacity placeholder value,yes,Tag 'plant:output:electricity' contains placeholder value 'yes' instead of actual capacity,2026-04-24 03:42:50.381044,https://www.openstreetmap.org/way/1320783902,22.290006,104.00600330000002
way/1320783961,1320783961,way,Viet Nam,plant,Capacity placeholder value,yes,Tag 'plant:output:electricity' contains placeholder value 'yes' instead of actual capacity,2026-04-24 03:42:50.382678,https://www.openstreetmap.org/way/1320783961,16.134506299999998,107.39672854999999
way/1320783985,1320783985,way,Viet Nam,plant,Capacity placeholder value,yes,Tag 'plant:output:electricity' contains placeholder value 'yes' instead of actual capacity,2026-04-24 03:42:50.382836,https://www.openstreetmap.org/way/1320783985,14.727851683410412,108.36956638858749
way/1320783988,1320783988,way,Viet Nam,plant,Capacity placeholder value,yes,Tag 'plant:output:electricity' contains placeholder value 'yes' instead of actual capacity,2026-04-24 03:42:50.383181,https://www.openstreetmap.org/way/1320783988,11.515674724288056,107.88498850523331
way/1320783991,1320783991,way,Viet Nam,plant,Capacity placeholder value,yes,Tag 'plant:output:electricity' contains placeholder value 'yes' instead of actual capacity,2026-04-24 03:42:50.383336,https://www.openstreetmap.org/way/1320783991,11.886255285202733,108.23843592483182
way/1320783993,1320783993,way,Viet Nam,plant,Capacity placeholder value,yes,Tag 'plant:output:electricity' contains placeholder value 'yes' instead of actual capacity,2026-04-24 03:42:50.383529,https://www.openstreetmap.org/way/1320783993,11.957891482211092,108.30810540731822
way/1320784010,1320784010,way,Viet Nam,plant,Capacity placeholder value,yes,Tag 'plant:output:electricity' contains placeholder value 'yes' instead of actual capacity,2026-04-24 03:42:50.384967,https://www.openstreetmap.org/way/1320784010,22.8634341029876,105.50426514506108
way/1320784059,1320784059,way,Viet Nam,plant,Capacity placeholder value,yes,Tag 'plant:output:electricity' contains placeholder value 'yes' instead of actual capacity,2026-04-24 03:42:50.387044,https://www.openstreetmap.org/way/1320784059,14.000321600000001,108.82680530000002
way/1320784061,1320784061,way,Viet Nam,plant,Capacity placeholder value,yes,Tag 'plant:output:electricity' contains placeholder value 'yes' instead of actual capacity,2026-04-24 03:42:50.387370,https://www.openstreetmap.org/way/1320784061,11.761801832490812,108.8106342598565
way/1320784062,1320784062,way,Viet Nam,plant,Capacity placeholder value,yes,Tag 'plant:output:electricity' contains placeholder value 'yes' instead of actual capacity,2026-04-24 03:42:50.387525,https://www.openstreetmap.org/way/1320784062,11.81987518064325,108.74438771348049
way/1320784092,1320784092,way,Viet Nam,plant,Capacity placeholder value,yes,Tag 'plant:output:electricity' contains placeholder value 'yes' instead of actual capacity,2026-04-24 03:42:50.388292,https://www.openstreetmap.org/way/1320784092,22.572709487193254,102.50802307737482
way/1320784102,1320784102,way,Viet Nam,plant,Capacity placeholder value,yes,Tag 'plant:output:electricity' contains placeholder value 'yes' instead of actual capacity,2026-04-24 03:42:50.388605,https://www.openstreetmap.org/way/1320784102,22.605951899563205,102.6464559164275
way/1320784104,1320784104,way,Viet Nam,plant,Capacity placeholder value,yes,Tag 'plant:output:electricity' contains placeholder value 'yes' instead of actual capacity,2026-04-24 03:42:50.388762,https://www.openstreetmap.org/way/1320784104,22.56281025,102.62320785
way/1320784107,1320784107,way,Viet Nam,plant,Capacity placeholder value,yes,Tag 'plant:output:electricity' contains placeholder value 'yes' instead of actual capacity,2026-04-24 03:42:50.388946,https://www.openstreetmap.org/way/1320784107,22.3910512,102.83317455000001
way/1320784112,1320784112,way,Viet Nam,plant,Capacity placeholder value,yes,Tag 'plant:output:electricity' contains placeholder value 'yes' instead of actual capacity,2026-04-24 03:42:50.389107,https://www.openstreetmap.org/way/1320784112,22.39466265,102.95274405
way/1320784115,1320784115,way,Viet Nam,plant,Capacity placeholder value,yes,Tag 'plant:output:electricity' contains placeholder value 'yes' instead of actual capacity,2026-04-24 03:42:50.389266,https://www.openstreetmap.org/way/1320784115,22.417399150000005,102.95449354999998
way/1332739370,1332739370,way,Viet Nam,plant,Capacity placeholder value,yes,Tag 'plant:output:electricity' contains placeholder value 'yes' instead of actual capacity,2026-04-24 03:42:50.389616,https://www.openstreetmap.org/way/1332739370,16.605857762062946,106.79088467714433
way/1332743011,1332743011,way,Viet Nam,plant,Capacity placeholder value,yes,Tag 'plant:output:electricity' contains placeholder value 'yes' instead of actual capacity,2026-04-24 03:42:50.389798,https://www.openstreetmap.org/way/1332743011,16.614762554590666,106.86079588615743
way/1332746280,1332746280,way,Viet Nam,plant,Capacity placeholder value,yes,Tag 'plant:output:electricity' contains placeholder value 'yes' instead of actual capacity,2026-04-24 03:42:50.389981,https://www.openstreetmap.org/way/1332746280,16.504951316242046,106.96987854313247
way/1333617520,1333617520,way,Viet Nam,plant,Missing source tag,none,"tags: {'landuse': 'industrial', 'name': 'Thai Hoa Wind Farm', 'operator': 'Pacific Corporation', 'power': 'plant', 'source:power': 'wind'}",2026-04-24 03:42:50.390216,https://www.openstreetmap.org/way/1333617520,11.072006325190765,108.37110346997171
way/1346139116,1346139116,way,Viet Nam,plant,Capacity placeholder value,yes,Tag 'plant:output:electricity' contains placeholder value 'yes' instead of actual capacity,2026-04-24 03:42:50.390386,https://www.openstreetmap.org/way/1346139116,22.391968037689395,102.80829610877454
way/1346139120,1346139120,way,Viet Nam,plant,Capacity placeholder value,yes,Tag 'plant:output:electricity' contains placeholder value 'yes' instead of actual capacity,2026-04-24 03:42:50.390710,https://www.openstreetmap.org/way/1346139120,22.420038911914755,102.80916015908409
way/1346335967,1346335967,way,Viet Nam,plant,Capacity placeholder value,yes,Tag 'plant:output:electricity' contains placeholder value 'yes' instead of actual capacity,2026-04-24 03:42:50.390898,https://www.openstreetmap.org/way/1346335967,22.35283018368436,103.6922846613612
way/1362621800,1362621800,way,Viet Nam,plant,Capacity decimal format,"16,5 MW","Tag 'plant:output:electricity' uses comma as decimal separator in value '16,5 MW'",2026-04-24 03:42:50.391070,https://www.openstreetmap.org/way/1362621800,14.64458385784322,107.80962241804077
way/1377172020,1377172020,way,Viet Nam,plant,Capacity placeholder value,yes,Tag 'plant:output:electricity' contains placeholder value 'yes' instead of actual capacity,2026-04-24 03:42:50.391322,https://www.openstreetmap.org/way/1377172020,22.61874451636655,106.10095954264229
way/1377410715,1377410715,way,Viet Nam,plant,Missing output tag,none,"tags: {'building': 'yes', 'name': 'Thoong Cot 2', 'plant:source': 'hydro', 'power': 'plant'}",2026-04-24 03:42:50.391528,https://www.openstreetmap.org/way/1377410715,22.829359827708,106.61884390368301
way/1392345109,1392345109,way,Viet Nam,plant,Capacity placeholder value,yes,Tag 'plant:output:electricity' contains placeholder value 'yes' instead of actual capacity,2026-04-24 03:42:50.392619,https://www.openstreetmap.org/way/1392345109,13.937094791367496,108.87340151262502
way/1395472730,1395472730,way,Viet Nam,plant,Capacity placeholder value,yes,Tag 'plant:output:electricity' contains placeholder value 'yes' instead of actual capacity,2026-04-24 03:42:50.393032,https://www.openstreetmap.org/way/1395472730,12.951122781967687,109.02335491926712
way/1395472737,1395472737,way,Viet Nam,plant,Capacity placeholder value,yes,Tag 'plant:output:electricity' contains placeholder value 'yes' instead of actual capacity,2026-04-24 03:42:50.393310,https://www.openstreetmap.org/way/1395472737,12.95252407970853,109.02356518159233
way/1395472738,1395472738,way,Viet Nam,plant,Capacity placeholder value,yes,Tag 'plant:output:electricity' contains placeholder value 'yes' instead of actual capacity,2026-04-24 03:42:50.393706,https://www.openstreetmap.org/way/1395472738,12.950242073229113,109.02381710422289
way/1396189549,1396189549,way,Viet Nam,plant,Capacity placeholder value,yes,Tag 'plant:output:electricity' contains placeholder value 'yes' instead of actual capacity,2026-04-24 03:42:50.394083,https://www.openstreetmap.org/way/1396189549,13.804455428989272,108.16503372983067
way/1419308758,1419308758,way,Viet Nam,plant,Capacity placeholder value,yes,Tag 'plant:output:electricity' contains placeholder value 'yes' instead of actual capacity,2026-04-24 03:42:50.394616,https://www.openstreetmap.org/way/1419308758,22.60081588250304,106.16837006386211
way/1419308765,1419308765,way,Viet Nam,plant,Capacity placeholder value,yes,Tag 'plant:output:electricity' contains placeholder value 'yes' instead of actual capacity,2026-04-24 03:42:50.394798,https://www.openstreetmap.org/way/1419308765,22.60045009001533,106.1674727533816
way/1419308766,1419308766,way,Viet Nam,plant,Capacity placeholder value,yes,Tag 'plant:output:electricity' contains placeholder value 'yes' instead of actual capacity,2026-04-24 03:42:50.395012,https://www.openstreetmap.org/way/1419308766,22.600029882754928,106.1684901053183
way/1424086467,1424086467,way,Viet Nam,plant,Missing output tag,none,"tags: {'plant:source': 'solar', 'power': 'plant'}",2026-04-24 03:42:50.395491,https://www.openstreetmap.org/way/1424086467,11.52385328050034,107.52718025462866
way/1425733794,1425733794,way,Viet Nam,plant,Capacity placeholder value,yes,Tag 'plant:output:electricity' contains placeholder value 'yes' instead of actual capacity,2026-04-24 03:42:50.395697,https://www.openstreetmap.org/way/1425733794,15.507014428849509,108.46433360683342
way/1429434926,1429434926,way,Viet Nam,plant,Capacity placeholder value,yes,Tag 'plant:output:electricity' contains placeholder value 'yes' instead of actual capacity,2026-04-24 03:42:50.395856,https://www.openstreetmap.org/way/1429434926,23.142933165255887,105.51513907571331
way/1435568322,1435568322,way,Viet Nam,plant,Capacity placeholder value,yes,Tag 'plant:output:electricity' contains placeholder value 'yes' instead of actual capacity,2026-04-24 03:42:50.396067,https://www.openstreetmap.org/way/1435568322,22.59145406406687,106.5717420078592
way/1449556163,1449556163,way,Viet Nam,plant,Capacity placeholder value,yes,Tag 'plant:output:electricity' contains placeholder value 'yes' instead of actual capacity,2026-04-24 03:42:50.396263,https://www.openstreetmap.org/way/1449556163,11.768507588770895,108.4109802299376
way/1449556180,1449556180,way,Viet Nam,plant,Capacity placeholder value,yes,Tag 'plant:output:electricity' contains placeholder value 'yes' instead of actual capacity,2026-04-24 03:42:50.396423,https://www.openstreetmap.org/way/1449556180,11.76828957126438,108.41082416349808
way/1449556199,1449556199,way,Viet Nam,plant,Capacity placeholder value,yes,Tag 'plant:output:electricity' contains placeholder value 'yes' instead of actual capacity,2026-04-24 03:42:50.396633,https://www.openstreetmap.org/way/1449556199,11.754630200028737,108.39938954827427
way/1449556200,1449556200,way,Viet Nam,plant,Capacity placeholder value,yes,Tag 'plant:output:electricity' contains placeholder value 'yes' instead of actual capacity,2026-04-24 03:42:50.396792,https://www.openstreetmap.org/way/1449556200,11.759215649716232,108.40528552089113
way/1449556201,1449556201,way,Viet Nam,plant,Capacity placeholder value,yes,Tag 'plant:output:electricity' contains placeholder value 'yes' instead of actual capacity,2026-04-24 03:42:50.396990,https://www.openstreetmap.org/way/1449556201,11.769600913800838,108.40217013003178
way/1449556202,1449556202,way,Viet Nam,plant,Capacity placeholder value,yes,Tag 'plant:output:electricity' contains placeholder value 'yes' instead of actual capacity,2026-04-24 03:42:50.397159,https://www.openstreetmap.org/way/1449556202,11.769098193346613,108.40202284425165
way/1449556203,1449556203,way,Viet Nam,plant,Capacity placeholder value,yes,Tag 'plant:output:electricity' contains placeholder value 'yes' instead of actual capacity,2026-04-24 03:42:50.397319,https://www.openstreetmap.org/way/1449556203,11.76900073472545,108.40255856313894
way/1449556204,1449556204,way,Viet Nam,plant,Capacity placeholder value,yes,Tag 'plant:output:electricity' contains placeholder value 'yes' instead of actual capacity,2026-04-24 03:42:50.397476,https://www.openstreetmap.org/way/1449556204,11.768371647016716,108.4025459923466
way/1449557822,1449557822,way,Viet Nam,plant,Capacity placeholder value,yes,Tag 'plant:output:electricity' contains placeholder value 'yes' instead of actual capacity,2026-04-24 03:42:50.397750,https://www.openstreetmap.org/way/1449557822,11.730317637228975,108.41483613500803
way/1449991534,1449991534,way,Viet Nam,plant,Capacity placeholder value,yes,Tag 'plant:output:electricity' contains placeholder value 'yes' instead of actual capacity,2026-04-24 03:42:50.398116,https://www.openstreetmap.org/way/1449991534,11.794075247846413,108.1861263536047
way/1449991535,1449991535,way,Viet Nam,plant,Capacity placeholder value,yes,Tag 'plant:output:electricity' contains placeholder value 'yes' instead of actual capacity,2026-04-24 03:42:50.398407,https://www.openstreetmap.org/way/1449991535,11.793844488758626,108.1859265308078
way/1449996714,1449996714,way,Viet Nam,plant,Capacity placeholder value,yes,Tag 'plant:output:electricity' contains placeholder value 'yes' instead of actual capacity,2026-04-24 03:42:50.398730,https://www.openstreetmap.org/way/1449996714,11.792766499712164,108.56376954432464
way/1450001825,1450001825,way,Viet Nam,plant,Capacity placeholder value,yes,Tag 'plant:output:electricity' contains placeholder value 'yes' instead of actual capacity,2026-04-24 03:42:50.398911,https://www.openstreetmap.org/way/1450001825,11.801133284216242,108.57636210643298
way/1450001841,1450001841,way,Viet Nam,plant,Capacity placeholder value,yes,Tag 'plant:output:electricity' contains placeholder value 'yes' instead of actual capacity,2026-04-24 03:42:50.399076,https://www.openstreetmap.org/way/1450001841,11.725427824143985,108.53864200189393
way/1450001842,1450001842,way,Viet Nam,plant,Capacity placeholder value,yes,Tag 'plant:output:electricity' contains placeholder value 'yes' instead of actual capacity,2026-04-24 03:42:50.399278,https://www.openstreetmap.org/way/1450001842,11.726197285127425,108.5392746235413
way/1455299930,1455299930,way,Viet Nam,plant,Missing output tag,none,"tags: {'plant:source': 'solar', 'power': 'plant'}",2026-04-24 03:42:50.400414,https://www.openstreetmap.org/way/1455299930,11.46033424700588,108.95602987751359
way/1455299931,1455299931,way,Viet Nam,plant,Missing output tag,none,"tags: {'plant:source': 'solar', 'power': 'plant'}",2026-04-24 03:42:50.400845,https://www.openstreetmap.org/way/1455299931,11.428051813344556,109.00055385111746
way/1458074422,1458074422,way,Viet Nam,plant,Missing output tag,none,"tags: {'plant:source': 'solar', 'power': 'plant'}",2026-04-24 03:42:50.401203,https://www.openstreetmap.org/way/1458074422,20.930414329519717,106.06266063366107
way/1458074423,1458074423,way,Viet Nam,plant,Missing output tag,none,"tags: {'plant:source': 'solar', 'power': 'plant'}",2026-04-24 03:42:50.401467,https://www.openstreetmap.org/way/1458074423,20.914324058768997,106.08393325144388
way/1458074425,1458074425,way,Viet Nam,plant,Missing output tag,none,"tags: {'plant:source': 'solar', 'power': 'plant'}",2026-04-24 03:42:50.401753,https://www.openstreetmap.org/way/1458074425,20.908810548930706,106.08937402239607
way/1458074426,1458074426,way,Viet Nam,plant,Missing output tag,none,"tags: {'plant:source': 'solar', 'power': 'plant'}",2026-04-24 03:42:50.402051,https://www.openstreetmap.org/way/1458074426,20.90690745729749,106.08019663210221
way/1458074427,1458074427,way,Viet Nam,plant,Missing output tag,none,"tags: {'plant:source': 'solar', 'power': 'plant'}",2026-04-24 03:42:50.402386,https://www.openstreetmap.org/way/1458074427,20.90589828258407,106.08630130226959
way/1458074428,1458074428,way,Viet Nam,plant,Missing output tag,none,"tags: {'plant:source': 'solar', 'power': 'plant'}",2026-04-24 03:42:50.402697,https://www.openstreetmap.org/way/1458074428,20.910283055280832,106.07945386487009
way/1458074429,1458074429,way,Viet Nam,plant,Missing output tag,none,"tags: {'plant:source': 'solar', 'power': 'plant'}",2026-04-24 03:42:50.403043,https://www.openstreetmap.org/way/1458074429,20.9111706457943,106.06781957856799
way/1458074430,1458074430,way,Viet Nam,plant,Missing output tag,none,"tags: {'plant:source': 'solar', 'power': 'plant'}",2026-04-24 03:42:50.403380,https://www.openstreetmap.org/way/1458074430,20.911203376295727,106.06623636936617
way/1458074431,1458074431,way,Viet Nam,plant,Missing output tag,none,"tags: {'plant:source': 'solar', 'power': 'plant'}",2026-04-24 03:42:50.403617,https://www.openstreetmap.org/way/1458074431,20.912605803117533,106.062812315929
way/1458074432,1458074432,way,Viet Nam,plant,Missing output tag,none,"tags: {'plant:source': 'solar', 'power': 'plant'}",2026-04-24 03:42:50.403853,https://www.openstreetmap.org/way/1458074432,20.91697720935612,106.0641831901137
way/1458074433,1458074433,way,Viet Nam,plant,Missing output tag,none,"tags: {'plant:source': 'solar', 'power': 'plant'}",2026-04-24 03:42:50.404119,https://www.openstreetmap.org/way/1458074433,20.917137182753844,106.06362504868837
way/1458074434,1458074434,way,Viet Nam,plant,Missing output tag,none,"tags: {'plant:source': 'solar', 'power': 'plant'}",2026-04-24 03:42:50.404356,https://www.openstreetmap.org/way/1458074434,20.9197742300151,106.06353397877642
way/1458074435,1458074435,way,Viet Nam,plant,Missing output tag,none,"tags: {'plant:source': 'solar', 'power': 'plant'}",2026-04-24 03:42:50.404591,https://www.openstreetmap.org/way/1458074435,20.91831487992481,106.06464032723815
way/1458074436,1458074436,way,Viet Nam,plant,Missing output tag,none,"tags: {'plant:source': 'solar', 'power': 'plant'}",2026-04-24 03:42:50.404829,https://www.openstreetmap.org/way/1458074436,20.91869195975012,106.0635936583869
way/1458074437,1458074437,way,Viet Nam,plant,Missing output tag,none,"tags: {'plant:source': 'solar', 'power': 'plant'}",2026-04-24 03:42:50.405110,https://www.openstreetmap.org/way/1458074437,20.9188636,106.06302829999998
way/1458074438,1458074438,way,Viet Nam,plant,Missing output tag,none,"tags: {'plant:source': 'solar', 'power': 'plant'}",2026-04-24 03:42:50.405354,https://www.openstreetmap.org/way/1458074438,20.918599659602087,106.06411047546663
way/1458074439,1458074439,way,Viet Nam,plant,Missing output tag,none,"tags: {'plant:source': 'solar', 'power': 'plant'}",2026-04-24 03:42:50.405596,https://www.openstreetmap.org/way/1458074439,20.91798471685523,106.0688551087706
way/1458074440,1458074440,way,Viet Nam,plant,Missing output tag,none,"tags: {'plant:source': 'solar', 'power': 'plant'}",2026-04-24 03:42:50.405860,https://www.openstreetmap.org/way/1458074440,20.912008735408403,106.07252865363182
way/1458074441,1458074441,way,Viet Nam,plant,Missing output tag,none,"tags: {'plant:source': 'solar', 'power': 'plant'}",2026-04-24 03:42:50.406126,https://www.openstreetmap.org/way/1458074441,20.91307027395443,106.07262417399811
way/1458074462,1458074462,way,Viet Nam,plant,Missing output tag,none,"tags: {'plant:source': 'hydro', 'power': 'plant'}",2026-04-24 03:42:50.406366,https://www.openstreetmap.org/way/1458074462,21.994993297218333,105.21675006068999
way/1458074463,1458074463,way,Viet Nam,plant,Missing output tag,none,"tags: {'plant:source': 'hydro', 'power': 'plant'}",2026-04-24 03:42:50.406606,https://www.openstreetmap.org/way/1458074463,21.972926944782703,104.06093683348779
way/1458074466,1458074466,way,Viet Nam,plant,Missing output tag,none,"tags: {'plant:source': 'hydro', 'power': 'plant'}",2026-04-24 03:42:50.406843,https://www.openstreetmap.org/way/1458074466,21.513420877992502,104.50056229830675
way/1458074478,1458074478,way,Viet Nam,plant,Missing output tag,none,"tags: {'name': 'Thủy điện Hòa Thuận', 'plant:source': 'hydro', 'power': 'plant', 'wikidata': 'Q61129423'}",2026-04-24 03:42:50.407122,https://www.openstreetmap.org/way/1458074478,22.54120147517887,106.49637481263062
way/1458074480,1458074480,way,Viet Nam,plant,Missing output tag,none,"tags: {'plant:source': 'hydro', 'power': 'plant'}",2026-04-24 03:42:50.407365,https://www.openstreetmap.org/way/1458074480,22.439331566460996,103.94585939913696
way/1458087619,1458087619,way,Viet Nam,plant,Missing output tag,none,"tags: {'plant:source': 'solar', 'power': 'plant'}",2026-04-24 03:42:50.407648,https://www.openstreetmap.org/way/1458087619,11.021658751996068,106.3840005121906
way/1458087620,1458087620,way,Viet Nam,plant,Missing output tag,none,"tags: {'plant:source': 'solar', 'power': 'plant'}",2026-04-24 03:42:50.407998,https://www.openstreetmap.org/way/1458087620,11.022548837268685,106.38137353907145
way/1458087621,1458087621,way,Viet Nam,plant,Missing output tag,none,"tags: {'plant:source': 'solar', 'power': 'plant'}",2026-04-24 03:42:50.408322,https://www.openstreetmap.org/way/1458087621,11.019414258510198,106.38805677232864
way/1458087622,1458087622,way,Viet Nam,plant,Missing output tag,none,"tags: {'plant:source': 'solar', 'power': 'plant'}",2026-04-24 03:42:50.408586,https://www.openstreetmap.org/way/1458087622,11.0172890855594,106.3808768006276
way/1458087623,1458087623,way,Viet Nam,plant,Missing output tag,none,"tags: {'plant:source': 'solar', 'power': 'plant'}",2026-04-24 03:42:50.408827,https://www.openstreetmap.org/way/1458087623,11.01826655522493,106.38206540233676
way/1458087624,1458087624,way,Viet Nam,plant,Missing output tag,none,"tags: {'plant:source': 'solar', 'power': 'plant'}",2026-04-24 03:42:50.409095,https://www.openstreetmap.org/way/1458087624,11.014704119909055,106.38960605751623
way/1458087625,1458087625,way,Viet Nam,plant,Missing output tag,none,"tags: {'plant:source': 'solar', 'power': 'plant'}",2026-04-24 03:42:50.409383,https://www.openstreetmap.org/way/1458087625,11.016233689844103,106.39333179116723
way/1458087626,1458087626,way,Viet Nam,plant,Missing output tag,none,"tags: {'plant:source': 'solar', 'power': 'plant'}",2026-04-24 03:42:50.409648,https://www.openstreetmap.org/way/1458087626,11.016553238026088,106.39459351277245
way/1458087627,1458087627,way,Viet Nam,plant,Missing output tag,none,"tags: {'plant:source': 'solar', 'power': 'plant'}",2026-04-24 03:42:50.409987,https://www.openstreetmap.org/way/1458087627,11.013537716707596,106.39721602335416
way/1458087628,1458087628,way,Viet Nam,plant,Missing output tag,none,"tags: {'plant:source': 'solar', 'power': 'plant'}",2026-04-24 03:42:50.410235,https://www.openstreetmap.org/way/1458087628,11.01492523772702,106.39911322683999
way/1458087633,1458087633,way,Viet Nam,plant,Missing output tag,none,"tags: {'plant:source': 'solar', 'power': 'plant'}",2026-04-24 03:42:50.410476,https://www.openstreetmap.org/way/1458087633,11.601588378551204,108.94173151559065
way/1458087634,1458087634,way,Viet Nam,plant,Missing output tag,none,"tags: {'plant:source': 'solar', 'power': 'plant'}",2026-04-24 03:42:50.410717,https://www.openstreetmap.org/way/1458087634,14.021789705412097,108.03567674281884
way/1458087635,1458087635,way,Viet Nam,plant,Missing output tag,none,"tags: {'plant:source': 'solar', 'power': 'plant'}",2026-04-24 03:42:50.410985,https://www.openstreetmap.org/way/1458087635,14.021982834570169,108.03473743369814
way/1458087636,1458087636,way,Viet Nam,plant,Missing output tag,none,"tags: {'plant:source': 'solar', 'power': 'plant'}",2026-04-24 03:42:50.411252,https://www.openstreetmap.org/way/1458087636,14.022357351297085,108.03658738688357
way/1458087637,1458087637,way,Viet Nam,plant,Missing output tag,none,"tags: {'plant:source': 'solar', 'power': 'plant'}",2026-04-24 03:42:50.411493,https://www.openstreetmap.org/way/1458087637,14.0232791523186,108.035310408032
way/1458087638,1458087638,way,Viet Nam,plant,Missing output tag,none,"tags: {'plant:source': 'solar', 'power': 'plant'}",2026-04-24 03:42:50.411748,https://www.openstreetmap.org/way/1458087638,14.020019878551153,108.03331200946589
way/1458087639,1458087639,way,Viet Nam,plant,Missing output tag,none,"tags: {'plant:source': 'solar', 'power': 'plant'}",2026-04-24 03:42:50.412130,https://www.openstreetmap.org/way/1458087639,14.02100851064286,108.03068586122666
way/1458087640,1458087640,way,Viet Nam,plant,Missing output tag,none,"tags: {'plant:source': 'solar', 'power': 'plant'}",2026-04-24 03:42:50.412396,https://www.openstreetmap.org/way/1458087640,14.020088020676729,108.02849706611981
way/1458087641,1458087641,way,Viet Nam,plant,Missing output tag,none,"tags: {'plant:source': 'solar', 'power': 'plant'}",2026-04-24 03:42:50.412637,https://www.openstreetmap.org/way/1458087641,14.019595505063545,108.02768561039817
way/1458087642,1458087642,way,Viet Nam,plant,Missing output tag,none,"tags: {'plant:source': 'solar', 'power': 'plant'}",2026-04-24 03:42:50.412946,https://www.openstreetmap.org/way/1458087642,14.020964712414502,108.02868934709716
way/1458087647,1458087647,way,Viet Nam,plant,Missing output tag,none,"tags: {'plant:source': 'solar', 'power': 'plant'}",2026-04-24 03:42:50.413692,https://www.openstreetmap.org/way/1458087647,15.784692608811145,108.11137673820194
way/1458087648,1458087648,way,Viet Nam,plant,Missing output tag,none,"tags: {'plant:source': 'solar', 'power': 'plant'}",2026-04-24 03:42:50.414067,https://www.openstreetmap.org/way/1458087648,15.78581335164638,108.11150400103712
way/1458087655,1458087655,way,Viet Nam,plant,Missing output tag,none,"tags: {'plant:source': 'solar', 'power': 'plant'}",2026-04-24 03:42:50.414343,https://www.openstreetmap.org/way/1458087655,15.625959274797362,108.4656382043209
way/1458087656,1458087656,way,Viet Nam,plant,Missing output tag,none,"tags: {'plant:source': 'solar', 'power': 'plant'}",2026-04-24 03:42:50.414584,https://www.openstreetmap.org/way/1458087656,15.626663333878874,108.46509455098749
way/1458087657,1458087657,way,Viet Nam,plant,Missing output tag,none,"tags: {'plant:source': 'solar', 'power': 'plant'}",2026-04-24 03:42:50.414866,https://www.openstreetmap.org/way/1458087657,15.619819926366423,108.46673254411206
way/1458087658,1458087658,way,Viet Nam,plant,Missing output tag,none,"tags: {'plant:source': 'solar', 'power': 'plant'}",2026-04-24 03:42:50.415207,https://www.openstreetmap.org/way/1458087658,15.619307157121334,108.46591924745813
way/1458087691,1458087691,way,Viet Nam,plant,Missing output tag,none,"tags: {'plant:source': 'solar', 'power': 'plant'}",2026-04-24 03:42:50.415495,https://www.openstreetmap.org/way/1458087691,20.52074676551765,105.89099027096304
way/1458087692,1458087692,way,Viet Nam,plant,Missing output tag,none,"tags: {'plant:source': 'solar', 'power': 'plant'}",2026-04-24 03:42:50.415816,https://www.openstreetmap.org/way/1458087692,20.52267293315676,105.89843789255026
way/1458087693,1458087693,way,Viet Nam,plant,Missing output tag,none,"tags: {'plant:source': 'solar', 'power': 'plant'}",2026-04-24 03:42:50.416092,https://www.openstreetmap.org/way/1458087693,20.519594226281168,105.89900513564761
way/1458087694,1458087694,way,Viet Nam,plant,Missing output tag,none,"tags: {'plant:source': 'solar', 'power': 'plant'}",2026-04-24 03:42:50.416336,https://www.openstreetmap.org/way/1458087694,20.52035916045285,105.900522450283
way/1458087695,1458087695,way,Viet Nam,plant,Missing output tag,none,"tags: {'plant:source': 'solar', 'power': 'plant'}",2026-04-24 03:42:50.416604,https://www.openstreetmap.org/way/1458087695,20.525995172974095,105.89888874949162
way/1458087696,1458087696,way,Viet Nam,plant,Missing output tag,none,"tags: {'plant:source': 'solar', 'power': 'plant'}",2026-04-24 03:42:50.417078,https://www.openstreetmap.org/way/1458087696,20.526376306870922,105.89792495980825
way/1458145357,1458145357,way,Viet Nam,plant,Missing output tag,none,"tags: {'plant:source': 'solar', 'power': 'plant'}",2026-04-24 03:42:50.417323,https://www.openstreetmap.org/way/1458145357,11.156472070969716,108.36493564817813
way/1458145362,1458145362,way,Viet Nam,plant,Missing output tag,none,"tags: {'plant:source': 'solar', 'power': 'plant'}",2026-04-24 03:42:50.417567,https://www.openstreetmap.org/way/1458145362,10.955974043622579,108.1021519425988
way/1458145365,1458145365,way,Viet Nam,plant,Missing output tag,none,"tags: {'plant:source': 'solar', 'power': 'plant'}",2026-04-24 03:42:50.417924,https://www.openstreetmap.org/way/1458145365,10.87178277610149,106.94477024273984
way/1458145366,1458145366,way,Viet Nam,plant,Missing output tag,none,"tags: {'plant:source': 'solar', 'power': 'plant'}",2026-04-24 03:42:50.418201,https://www.openstreetmap.org/way/1458145366,10.871883576662023,106.93392386751773
way/1458145367,1458145367,way,Viet Nam,plant,Missing output tag,none,"tags: {'plant:source': 'solar', 'power': 'plant'}",2026-04-24 03:42:50.418506,https://www.openstreetmap.org/way/1458145367,10.873098789626114,106.94351950008733
way/1458145368,1458145368,way,Viet Nam,plant,Missing output tag,none,"tags: {'plant:source': 'solar', 'power': 'plant'}",2026-04-24 03:42:50.418745,https://www.openstreetmap.org/way/1458145368,10.872474394780443,106.94175773359686
way/1458145369,1458145369,way,Viet Nam,plant,Missing output tag,none,"tags: {'plant:source': 'solar', 'power': 'plant'}",2026-04-24 03:42:50.419009,https://www.openstreetmap.org/way/1458145369,10.871618920989569,106.93949794472799
way/1458145370,1458145370,way,Viet Nam,plant,Missing output tag,none,"tags: {'plant:source': 'solar', 'power': 'plant'}",2026-04-24 03:42:50.419252,https://www.openstreetmap.org/way/1458145370,10.87001931213642,106.93984440001222
way/1458145371,1458145371,way,Viet Nam,plant,Missing output tag,none,"tags: {'plant:source': 'solar', 'power': 'plant'}",2026-04-24 03:42:50.419537,https://www.openstreetmap.org/way/1458145371,10.869710464808525,106.94238700722757
way/1458145372,1458145372,way,Viet Nam,plant,Missing output tag,none,"tags: {'plant:source': 'solar', 'power': 'plant'}",2026-04-24 03:42:50.419813,https://www.openstreetmap.org/way/1458145372,10.862584058858813,106.94222188998084
way/1458145373,1458145373,way,Viet Nam,plant,Missing output tag,none,"tags: {'plant:source': 'solar', 'power': 'plant'}",2026-04-24 03:42:50.420125,https://www.openstreetmap.org/way/1458145373,10.863520511084266,106.94397269240022
way/1458145374,1458145374,way,Viet Nam,plant,Missing output tag,none,"tags: {'plant:source': 'solar', 'power': 'plant'}",2026-04-24 03:42:50.420391,https://www.openstreetmap.org/way/1458145374,10.86444471908861,106.94417072902175
way/1458145375,1458145375,way,Viet Nam,plant,Missing output tag,none,"tags: {'plant:source': 'solar', 'power': 'plant'}",2026-04-24 03:42:50.420632,https://www.openstreetmap.org/way/1458145375,10.863873511256045,106.9416144088352
way/1458145376,1458145376,way,Viet Nam,plant,Missing output tag,none,"tags: {'plant:source': 'solar', 'power': 'plant'}",2026-04-24 03:42:50.420896,https://www.openstreetmap.org/way/1458145376,10.862877435471045,106.93749166037976
way/1458145377,1458145377,way,Viet Nam,plant,Missing output tag,none,"tags: {'plant:source': 'solar', 'power': 'plant'}",2026-04-24 03:42:50.421167,https://www.openstreetmap.org/way/1458145377,10.861798180682483,106.93616448620455
way/1458145378,1458145378,way,Viet Nam,plant,Missing output tag,none,"tags: {'plant:source': 'solar', 'power': 'plant'}",2026-04-24 03:42:50.421429,https://www.openstreetmap.org/way/1458145378,10.866444951765246,106.92910242280091
way/1458145379,1458145379,way,Viet Nam,plant,Missing output tag,none,"tags: {'plant:source': 'solar', 'power': 'plant'}",2026-04-24 03:42:50.421669,https://www.openstreetmap.org/way/1458145379,10.861812468013314,106.9308665738819
way/1458145397,1458145397,way,Viet Nam,plant,Missing output tag,none,"tags: {'plant:source': 'solar', 'power': 'plant'}",2026-04-24 03:42:50.421927,https://www.openstreetmap.org/way/1458145397,9.195499596213264,105.69432730065391
way/1458145398,1458145398,way,Viet Nam,plant,Missing output tag,none,"tags: {'plant:source': 'solar', 'power': 'plant'}",2026-04-24 03:42:50.422203,https://www.openstreetmap.org/way/1458145398,9.204793206683403,105.66279465197147
way/1458145399,1458145399,way,Viet Nam,plant,Missing output tag,none,"tags: {'plant:source': 'solar', 'power': 'plant'}",2026-04-24 03:42:50.422448,https://www.openstreetmap.org/way/1458145399,9.207837163793295,105.6628617706703
way/1458145400,1458145400,way,Viet Nam,plant,Missing output tag,none,"tags: {'plant:source': 'solar', 'power': 'plant'}",2026-04-24 03:42:50.422692,https://www.openstreetmap.org/way/1458145400,9.20812144587251,105.6638808864979
way/1458145408,1458145408,way,Viet Nam,plant,Missing output tag,none,"tags: {'plant:source': 'solar', 'power': 'plant'}",2026-04-24 03:42:50.423028,https://www.openstreetmap.org/way/1458145408,10.270265874772134,106.28043413863173
way/1458145409,1458145409,way,Viet Nam,plant,Missing output tag,none,"tags: {'plant:source': 'solar', 'power': 'plant'}",2026-04-24 03:42:50.423378,https://www.openstreetmap.org/way/1458145409,10.269374869313358,106.2805662216989
way/1458145410,1458145410,way,Viet Nam,plant,Missing output tag,none,"tags: {'plant:source': 'solar', 'power': 'plant'}",2026-04-24 03:42:50.423719,https://www.openstreetmap.org/way/1458145410,10.267849887011815,106.27971240506373
way/1458145411,1458145411,way,Viet Nam,plant,Missing output tag,none,"tags: {'plant:source': 'solar', 'power': 'plant'}",2026-04-24 03:42:50.424060,https://www.openstreetmap.org/way/1458145411,10.268817441517852,106.28188596249257
way/1458145412,1458145412,way,Viet Nam,plant,Missing output tag,none,"tags: {'plant:source': 'solar', 'power': 'plant'}",2026-04-24 03:42:50.424424,https://www.openstreetmap.org/way/1458145412,10.268594914000879,106.2864165457769
way/1458145413,1458145413,way,Viet Nam,plant,Missing output tag,none,"tags: {'plant:source': 'solar', 'power': 'plant'}",2026-04-24 03:42:50.424669,https://www.openstreetmap.org/way/1458145413,10.27101888302981,106.28499882001037
way/1458331107,1458331107,way,Viet Nam,plant,Missing output tag,none,"tags: {'plant:source': 'solar', 'power': 'plant'}",2026-04-24 03:42:50.424972,https://www.openstreetmap.org/way/1458331107,20.765634875774495,106.32866569826173
way/1458331108,1458331108,way,Viet Nam,plant,Missing output tag,none,"tags: {'plant:source': 'solar', 'power': 'plant'}",2026-04-24 03:42:50.425323,https://www.openstreetmap.org/way/1458331108,20.765280057970426,106.32948777230186
way/1458331109,1458331109,way,Viet Nam,plant,Missing output tag,none,"tags: {'plant:source': 'solar', 'power': 'plant'}",2026-04-24 03:42:50.425568,https://www.openstreetmap.org/way/1458331109,20.96717352829859,106.43976107704171
way/1458331110,1458331110,way,Viet Nam,plant,Missing output tag,none,"tags: {'plant:source': 'solar', 'power': 'plant'}",2026-04-24 03:42:50.425809,https://www.openstreetmap.org/way/1458331110,20.95961666745613,106.35769605985234
way/1458331111,1458331111,way,Viet Nam,plant,Missing output tag,none,"tags: {'plant:source': 'solar', 'power': 'plant'}",2026-04-24 03:42:50.426077,https://www.openstreetmap.org/way/1458331111,20.977756719027873,106.39263283368845
way/1458331112,1458331112,way,Viet Nam,plant,Missing output tag,none,"tags: {'plant:source': 'solar', 'power': 'plant'}",2026-04-24 03:42:50.426320,https://www.openstreetmap.org/way/1458331112,20.969068125694672,106.37281
way/1458331113,1458331113,way,Viet Nam,plant,Missing output tag,none,"tags: {'plant:source': 'solar', 'power': 'plant'}",2026-04-24 03:42:50.426588,https://www.openstreetmap.org/way/1458331113,20.96513795735557,106.37355242829523
way/1458331114,1458331114,way,Viet Nam,plant,Missing output tag,none,"tags: {'plant:source': 'solar', 'power': 'plant'}",2026-04-24 03:42:50.426833,https://www.openstreetmap.org/way/1458331114,20.961657384744306,106.36877100834599
way/1458331115,1458331115,way,Viet Nam,plant,Missing output tag,none,"tags: {'plant:source': 'solar', 'power': 'plant'}",2026-04-24 03:42:50.427112,https://www.openstreetmap.org/way/1458331115,20.988422960891427,106.35011804540326
way/1458331116,1458331116,way,Viet Nam,plant,Missing output tag,none,"tags: {'plant:source': 'solar', 'power': 'plant'}",2026-04-24 03:42:50.427405,https://www.openstreetmap.org/way/1458331116,20.9883350864325,106.35349674956413
way/1458331117,1458331117,way,Viet Nam,plant,Missing output tag,none,"tags: {'plant:source': 'solar', 'power': 'plant'}",2026-04-24 03:42:50.427693,https://www.openstreetmap.org/way/1458331117,20.99088451177179,106.35219777983225
way/1458331118,1458331118,way,Viet Nam,plant,Missing output tag,none,"tags: {'plant:source': 'solar', 'power': 'plant'}",2026-04-24 03:42:50.427982,https://www.openstreetmap.org/way/1458331118,21.05745393655833,105.9785502885061
way/1458331119,1458331119,way,Viet Nam,plant,Missing output tag,none,"tags: {'plant:source': 'solar', 'power': 'plant'}",2026-04-24 03:42:50.428255,https://www.openstreetmap.org/way/1458331119,21.057016128293814,105.97785290027991
way/1458331120,1458331120,way,Viet Nam,plant,Missing output tag,none,"tags: {'plant:source': 'solar', 'power': 'plant'}",2026-04-24 03:42:50.428521,https://www.openstreetmap.org/way/1458331120,21.058463786602076,105.97729542710431
way/1458331121,1458331121,way,Viet Nam,plant,Missing output tag,none,"tags: {'plant:source': 'solar', 'power': 'plant'}",2026-04-24 03:42:50.428807,https://www.openstreetmap.org/way/1458331121,20.957423599822068,106.02094792037167
way/1458331122,1458331122,way,Viet Nam,plant,Missing output tag,none,"tags: {'plant:source': 'solar', 'power': 'plant'}",2026-04-24 03:42:50.429082,https://www.openstreetmap.org/way/1458331122,20.953386128137616,106.02305868401801
way/1458331123,1458331123,way,Viet Nam,plant,Missing output tag,none,"tags: {'plant:source': 'solar', 'power': 'plant'}",2026-04-24 03:42:50.429554,https://www.openstreetmap.org/way/1458331123,20.953490193204242,106.02983612407955
way/1458331124,1458331124,way,Viet Nam,plant,Missing output tag,none,"tags: {'plant:source': 'solar', 'power': 'plant'}",2026-04-24 03:42:50.429868,https://www.openstreetmap.org/way/1458331124,21.08504201052288,105.97979871857424
way/1458331125,1458331125,way,Viet Nam,plant,Missing output tag,none,"tags: {'plant:source': 'solar', 'power': 'plant'}",2026-04-24 03:42:50.430281,https://www.openstreetmap.org/way/1458331125,21.084360087252648,105.97837861609653
way/1458331126,1458331126,way,Viet Nam,plant,Missing output tag,none,"tags: {'plant:source': 'solar', 'power': 'plant'}",2026-04-24 03:42:50.430584,https://www.openstreetmap.org/way/1458331126,21.08504547167587,105.97878795345315
way/1458331127,1458331127,way,Viet Nam,plant,Missing output tag,none,"tags: {'plant:source': 'solar', 'power': 'plant'}",2026-04-24 03:42:50.430866,https://www.openstreetmap.org/way/1458331127,21.078922949998358,105.99155804312882
way/1458331128,1458331128,way,Viet Nam,plant,Missing output tag,none,"tags: {'plant:source': 'solar', 'power': 'plant'}",2026-04-24 03:42:50.431144,https://www.openstreetmap.org/way/1458331128,21.076705898304915,105.98950263017758
way/1458331129,1458331129,way,Viet Nam,plant,Missing output tag,none,"tags: {'plant:source': 'solar', 'power': 'plant'}",2026-04-24 03:42:50.431436,https://www.openstreetmap.org/way/1458331129,21.07873683706045,105.98845670684288
way/1458331130,1458331130,way,Viet Nam,plant,Missing output tag,none,"tags: {'plant:source': 'solar', 'power': 'plant'}",2026-04-24 03:42:50.431727,https://www.openstreetmap.org/way/1458331130,21.079086272286137,105.98606342552473
way/1458331131,1458331131,way,Viet Nam,plant,Missing output tag,none,"tags: {'plant:source': 'solar', 'power': 'plant'}",2026-04-24 03:42:50.432022,https://www.openstreetmap.org/way/1458331131,21.07617822939578,105.97770551725222
way/1458331132,1458331132,way,Viet Nam,plant,Missing output tag,none,"tags: {'plant:source': 'solar', 'power': 'plant'}",2026-04-24 03:42:50.432298,https://www.openstreetmap.org/way/1458331132,21.075248422781016,105.98002392158135
way/1458331133,1458331133,way,Viet Nam,plant,Missing output tag,none,"tags: {'plant:source': 'solar', 'power': 'plant'}",2026-04-24 03:42:50.432604,https://www.openstreetmap.org/way/1458331133,20.763912506840025,105.52828966330158
way/1458331134,1458331134,way,Viet Nam,plant,Missing output tag,none,"tags: {'plant:source': 'solar', 'power': 'plant'}",2026-04-24 03:42:50.432854,https://www.openstreetmap.org/way/1458331134,20.999218374890717,105.54427267972756
way/1458331135,1458331135,way,Viet Nam,plant,Missing output tag,none,"tags: {'plant:source': 'solar', 'power': 'plant'}",2026-04-24 03:42:50.433133,https://www.openstreetmap.org/way/1458331135,21.00189016653984,105.54581819810709
way/1458331136,1458331136,way,Viet Nam,plant,Missing output tag,none,"tags: {'plant:source': 'solar', 'power': 'plant'}",2026-04-24 03:42:50.433460,https://www.openstreetmap.org/way/1458331136,20.823470984684825,105.51433288081599
way/1458331137,1458331137,way,Viet Nam,plant,Missing output tag,none,"tags: {'plant:source': 'solar', 'power': 'plant'}",2026-04-24 03:42:50.433776,https://www.openstreetmap.org/way/1458331137,20.811145773301885,105.37989056783304
way/1458331138,1458331138,way,Viet Nam,plant,Missing output tag,none,"tags: {'plant:source': 'solar', 'power': 'plant'}",2026-04-24 03:42:50.434079,https://www.openstreetmap.org/way/1458331138,21.038785106819244,104.34956152721821
way/1458331139,1458331139,way,Viet Nam,plant,Missing output tag,none,"tags: {'plant:source': 'solar', 'power': 'plant'}",2026-04-24 03:42:50.434459,https://www.openstreetmap.org/way/1458331139,20.77089372384948,105.3503949260457
way/1458331140,1458331140,way,Viet Nam,plant,Missing output tag,none,"tags: {'plant:source': 'solar', 'power': 'plant'}",2026-04-24 03:42:50.434712,https://www.openstreetmap.org/way/1458331140,21.180649509389333,105.7788413457343
way/1458331141,1458331141,way,Viet Nam,plant,Missing output tag,none,"tags: {'plant:source': 'solar', 'power': 'plant'}",2026-04-24 03:42:50.435033,https://www.openstreetmap.org/way/1458331141,21.18251904735921,105.77674255216581
way/1458331142,1458331142,way,Viet Nam,plant,Missing output tag,none,"tags: {'plant:source': 'solar', 'power': 'plant'}",2026-04-24 03:42:50.435286,https://www.openstreetmap.org/way/1458331142,21.191255945693108,105.76427718130498
way/1458331143,1458331143,way,Viet Nam,plant,Missing output tag,none,"tags: {'plant:source': 'solar', 'power': 'plant'}",2026-04-24 03:42:50.435538,https://www.openstreetmap.org/way/1458331143,21.191500177975687,105.76291414521847
way/1458331144,1458331144,way,Viet Nam,plant,Missing output tag,none,"tags: {'plant:source': 'solar', 'power': 'plant'}",2026-04-24 03:42:50.435864,https://www.openstreetmap.org/way/1458331144,21.191931161777287,105.76882459683651
way/1458331145,1458331145,way,Viet Nam,plant,Missing output tag,none,"tags: {'plant:source': 'solar', 'power': 'plant'}",2026-04-24 03:42:50.436169,https://www.openstreetmap.org/way/1458331145,21.200396803162164,105.752579792147
way/1458331146,1458331146,way,Viet Nam,plant,Missing output tag,none,"tags: {'plant:source': 'solar', 'power': 'plant'}",2026-04-24 03:42:50.436466,https://www.openstreetmap.org/way/1458331146,21.20472674806282,105.74732047215768
way/1458331147,1458331147,way,Viet Nam,plant,Missing output tag,none,"tags: {'plant:source': 'solar', 'power': 'plant'}",2026-04-24 03:42:50.436856,https://www.openstreetmap.org/way/1458331147,21.204568528222584,105.74974111240762
way/1458331148,1458331148,way,Viet Nam,plant,Missing output tag,none,"tags: {'plant:source': 'solar', 'power': 'plant'}",2026-04-24 03:42:50.437217,https://www.openstreetmap.org/way/1458331148,21.204558576341554,105.75315044377389
way/1458331149,1458331149,way,Viet Nam,plant,Missing output tag,none,"tags: {'plant:source': 'solar', 'power': 'plant'}",2026-04-24 03:42:50.437473,https://www.openstreetmap.org/way/1458331149,21.206140986132453,105.75474772967989
way/1458331150,1458331150,way,Viet Nam,plant,Missing output tag,none,"tags: {'plant:source': 'solar', 'power': 'plant'}",2026-04-24 03:42:50.437799,https://www.openstreetmap.org/way/1458331150,21.20047224909169,105.75791153580982
way/1458331151,1458331151,way,Viet Nam,plant,Missing output tag,none,"tags: {'plant:source': 'solar', 'power': 'plant'}",2026-04-24 03:42:50.438075,https://www.openstreetmap.org/way/1458331151,21.84997696955465,105.1503778194934
way/1458331152,1458331152,way,Viet Nam,plant,Missing output tag,none,"tags: {'plant:source': 'solar', 'power': 'plant'}",2026-04-24 03:42:50.438418,https://www.openstreetmap.org/way/1458331152,21.854733262409997,105.15282246318645
way/1458331153,1458331153,way,Viet Nam,plant,Missing output tag,none,"tags: {'plant:source': 'solar', 'power': 'plant'}",2026-04-24 03:42:50.438730,https://www.openstreetmap.org/way/1458331153,21.232814036028646,104.06409048403977
way/1458331154,1458331154,way,Viet Nam,plant,Missing output tag,none,"tags: {'plant:source': 'solar', 'power': 'plant'}",2026-04-24 03:42:50.439006,https://www.openstreetmap.org/way/1458331154,21.115078101684666,105.76921393593226
way/1458331155,1458331155,way,Viet Nam,plant,Missing output tag,none,"tags: {'plant:source': 'solar', 'power': 'plant'}",2026-04-24 03:42:50.439255,https://www.openstreetmap.org/way/1458331155,21.115620193237458,105.76908505644155
way/1458331156,1458331156,way,Viet Nam,plant,Missing output tag,none,"tags: {'plant:source': 'solar', 'power': 'plant'}",2026-04-24 03:42:50.439500,https://www.openstreetmap.org/way/1458331156,21.116708859504886,105.76365860385981
way/1458331157,1458331157,way,Viet Nam,plant,Missing output tag,none,"tags: {'plant:source': 'solar', 'power': 'plant'}",2026-04-24 03:42:50.439768,https://www.openstreetmap.org/way/1458331157,21.112508620139348,105.7679047658445
way/1458331158,1458331158,way,Viet Nam,plant,Missing output tag,none,"tags: {'plant:source': 'solar', 'power': 'plant'}",2026-04-24 03:42:50.440120,https://www.openstreetmap.org/way/1458331158,21.111375637010635,105.76663404840164
way/1458331159,1458331159,way,Viet Nam,plant,Missing output tag,none,"tags: {'plant:source': 'solar', 'power': 'plant'}",2026-04-24 03:42:50.440466,https://www.openstreetmap.org/way/1458331159,21.110892161815727,105.76866074765523
way/1458331160,1458331160,way,Viet Nam,plant,Missing output tag,none,"tags: {'plant:source': 'solar', 'power': 'plant'}",2026-04-24 03:42:50.440709,https://www.openstreetmap.org/way/1458331160,21.108766735662506,105.77608776841447
way/1458331161,1458331161,way,Viet Nam,plant,Missing output tag,none,"tags: {'plant:source': 'solar', 'power': 'plant'}",2026-04-24 03:42:50.440999,https://www.openstreetmap.org/way/1458331161,21.109024545783218,105.77534483513612
way/1458331162,1458331162,way,Viet Nam,plant,Missing output tag,none,"tags: {'plant:source': 'solar', 'power': 'plant'}",2026-04-24 03:42:50.441315,https://www.openstreetmap.org/way/1458331162,21.11043268917434,105.78386595180903
way/1458331163,1458331163,way,Viet Nam,plant,Missing output tag,none,"tags: {'plant:source': 'solar', 'power': 'plant'}",2026-04-24 03:42:50.441680,https://www.openstreetmap.org/way/1458331163,21.111345133318594,105.77797760744548
way/1458331164,1458331164,way,Viet Nam,plant,Missing output tag,none,"tags: {'plant:source': 'solar', 'power': 'plant'}",2026-04-24 03:42:50.441999,https://www.openstreetmap.org/way/1458331164,21.114212181755136,105.77890007312865
way/1458331165,1458331165,way,Viet Nam,plant,Missing output tag,none,"tags: {'plant:source': 'solar', 'power': 'plant'}",2026-04-24 03:42:50.442248,https://www.openstreetmap.org/way/1458331165,21.1141084929665,105.77829710704651
way/1458331166,1458331166,way,Viet Nam,plant,Missing output tag,none,"tags: {'plant:source': 'solar', 'power': 'plant'}",2026-04-24 03:42:50.442497,https://www.openstreetmap.org/way/1458331166,21.11403915698036,105.77695265724195
way/1458331167,1458331167,way,Viet Nam,plant,Missing output tag,none,"tags: {'plant:source': 'solar', 'power': 'plant'}",2026-04-24 03:42:50.442745,https://www.openstreetmap.org/way/1458331167,21.115600876931534,105.7761002762916
way/1458331168,1458331168,way,Viet Nam,plant,Missing output tag,none,"tags: {'plant:source': 'solar', 'power': 'plant'}",2026-04-24 03:42:50.443078,https://www.openstreetmap.org/way/1458331168,21.116211892012558,105.77884698439564
way/1458331169,1458331169,way,Viet Nam,plant,Missing output tag,none,"tags: {'plant:source': 'solar', 'power': 'plant'}",2026-04-24 03:42:50.443331,https://www.openstreetmap.org/way/1458331169,21.115787038917457,105.77823497203448
way/1458331170,1458331170,way,Viet Nam,plant,Missing output tag,none,"tags: {'plant:source': 'solar', 'power': 'plant'}",2026-04-24 03:42:50.443591,https://www.openstreetmap.org/way/1458331170,21.11590867005067,105.77755664065111
way/1458331171,1458331171,way,Viet Nam,plant,Missing output tag,none,"tags: {'plant:source': 'solar', 'power': 'plant'}",2026-04-24 03:42:50.443894,https://www.openstreetmap.org/way/1458331171,21.114098077720797,105.7829472844647
way/1458331172,1458331172,way,Viet Nam,plant,Missing output tag,none,"tags: {'plant:source': 'solar', 'power': 'plant'}",2026-04-24 03:42:50.444219,https://www.openstreetmap.org/way/1458331172,21.117201265754165,105.78195991740492
way/1458331173,1458331173,way,Viet Nam,plant,Missing output tag,none,"tags: {'plant:source': 'solar', 'power': 'plant'}",2026-04-24 03:42:50.444492,https://www.openstreetmap.org/way/1458331173,21.1204706259075,105.78076201264444
way/1458331174,1458331174,way,Viet Nam,plant,Missing output tag,none,"tags: {'plant:source': 'solar', 'power': 'plant'}",2026-04-24 03:42:50.444781,https://www.openstreetmap.org/way/1458331174,21.121116056188054,105.77777229981501
way/1458331175,1458331175,way,Viet Nam,plant,Missing output tag,none,"tags: {'plant:source': 'solar', 'power': 'plant'}",2026-04-24 03:42:50.445057,https://www.openstreetmap.org/way/1458331175,21.12279198469876,105.77650604619377
way/1458331176,1458331176,way,Viet Nam,plant,Missing output tag,none,"tags: {'plant:source': 'solar', 'power': 'plant'}",2026-04-24 03:42:50.445303,https://www.openstreetmap.org/way/1458331176,21.12102049290261,105.77596391390627
way/1458331177,1458331177,way,Viet Nam,plant,Missing output tag,none,"tags: {'plant:source': 'solar', 'power': 'plant'}",2026-04-24 03:42:50.445569,https://www.openstreetmap.org/way/1458331177,21.119895965977662,105.77519444194766
way/1458331178,1458331178,way,Viet Nam,plant,Missing output tag,none,"tags: {'plant:source': 'solar', 'power': 'plant'}",2026-04-24 03:42:50.445815,https://www.openstreetmap.org/way/1458331178,21.117321313560275,105.77700167966775
way/1458331179,1458331179,way,Viet Nam,plant,Missing output tag,none,"tags: {'plant:source': 'solar', 'power': 'plant'}",2026-04-24 03:42:50.446089,https://www.openstreetmap.org/way/1458331179,21.117091417614333,105.77654504036016
way/1458331180,1458331180,way,Viet Nam,plant,Missing output tag,none,"tags: {'plant:source': 'solar', 'power': 'plant'}",2026-04-24 03:42:50.446337,https://www.openstreetmap.org/way/1458331180,21.118022885584853,105.77596040409506
way/1458331181,1458331181,way,Viet Nam,plant,Missing output tag,none,"tags: {'plant:source': 'solar', 'power': 'plant'}",2026-04-24 03:42:50.446588,https://www.openstreetmap.org/way/1458331181,21.117365952726885,105.77515633716082
way/1458331182,1458331182,way,Viet Nam,plant,Missing output tag,none,"tags: {'plant:source': 'solar', 'power': 'plant'}",2026-04-24 03:42:50.446903,https://www.openstreetmap.org/way/1458331182,21.118610656208737,105.77089511568172
way/1458331183,1458331183,way,Viet Nam,plant,Missing output tag,none,"tags: {'plant:source': 'solar', 'power': 'plant'}",2026-04-24 03:42:50.447167,https://www.openstreetmap.org/way/1458331183,21.62841223052392,105.79839717578258
way/1458331184,1458331184,way,Viet Nam,plant,Missing output tag,none,"tags: {'plant:source': 'solar', 'power': 'plant'}",2026-04-24 03:42:50.447418,https://www.openstreetmap.org/way/1458331184,21.243652294130154,106.14470982585397
way/1458331185,1458331185,way,Viet Nam,plant,Missing output tag,none,"tags: {'plant:source': 'solar', 'power': 'plant'}",2026-04-24 03:42:50.447665,https://www.openstreetmap.org/way/1458331185,21.243627250857312,106.14417059504541
way/1458331186,1458331186,way,Viet Nam,plant,Missing output tag,none,"tags: {'plant:source': 'solar', 'power': 'plant'}",2026-04-24 03:42:50.447952,https://www.openstreetmap.org/way/1458331186,21.438121611890008,105.89294350857118
way/1458331187,1458331187,way,Viet Nam,plant,Missing output tag,none,"tags: {'plant:source': 'solar', 'power': 'plant'}",2026-04-24 03:42:50.448214,https://www.openstreetmap.org/way/1458331187,21.439470983125087,105.89293246758366
way/1458331188,1458331188,way,Viet Nam,plant,Missing output tag,none,"tags: {'plant:source': 'solar', 'power': 'plant'}",2026-04-24 03:42:50.448461,https://www.openstreetmap.org/way/1458331188,21.440757664820513,105.89274032560634
way/1458331189,1458331189,way,Viet Nam,plant,Missing output tag,none,"tags: {'plant:source': 'solar', 'power': 'plant'}",2026-04-24 03:42:50.448708,https://www.openstreetmap.org/way/1458331189,21.235890582416403,105.8117932827124
way/1458331190,1458331190,way,Viet Nam,plant,Missing output tag,none,"tags: {'plant:source': 'solar', 'power': 'plant'}",2026-04-24 03:42:50.449054,https://www.openstreetmap.org/way/1458331190,21.229176529490033,105.81646204135974
way/1458331191,1458331191,way,Viet Nam,plant,Missing output tag,none,"tags: {'plant:source': 'solar', 'power': 'plant'}",2026-04-24 03:42:50.449302,https://www.openstreetmap.org/way/1458331191,21.228716476119025,105.81859929467925
way/1458331192,1458331192,way,Viet Nam,plant,Missing output tag,none,"tags: {'plant:source': 'solar', 'power': 'plant'}",2026-04-24 03:42:50.449597,https://www.openstreetmap.org/way/1458331192,21.23051966470964,105.81778002655122
way/1458331193,1458331193,way,Viet Nam,plant,Missing output tag,none,"tags: {'plant:source': 'solar', 'power': 'plant'}",2026-04-24 03:42:50.449936,https://www.openstreetmap.org/way/1458331193,21.12724807580546,106.0106843014525
way/1458331194,1458331194,way,Viet Nam,plant,Missing output tag,none,"tags: {'plant:source': 'solar', 'power': 'plant'}",2026-04-24 03:42:50.450271,https://www.openstreetmap.org/way/1458331194,21.2800794338356,102.97452929563366
way/1458331195,1458331195,way,Viet Nam,plant,Missing output tag,none,"tags: {'plant:source': 'solar', 'power': 'plant'}",2026-04-24 03:42:50.450802,https://www.openstreetmap.org/way/1458331195,21.38228940212691,103.0704587093831
way/1458331196,1458331196,way,Viet Nam,plant,Missing output tag,none,"tags: {'plant:source': 'solar', 'power': 'plant'}",2026-04-24 03:42:50.451085,https://www.openstreetmap.org/way/1458331196,21.19921683387904,104.04452863036659
way/1458331197,1458331197,way,Viet Nam,plant,Missing output tag,none,"tags: {'plant:source': 'solar', 'power': 'plant'}",2026-04-24 03:42:50.451341,https://www.openstreetmap.org/way/1458331197,21.199498094309288,104.04503070493101
way/1458331198,1458331198,way,Viet Nam,plant,Missing output tag,none,"tags: {'plant:source': 'solar', 'power': 'plant'}",2026-04-24 03:42:50.451593,https://www.openstreetmap.org/way/1458331198,21.200534226995952,104.04493164714806
way/1458331199,1458331199,way,Viet Nam,plant,Missing output tag,none,"tags: {'plant:source': 'solar', 'power': 'plant'}",2026-04-24 03:42:50.451864,https://www.openstreetmap.org/way/1458331199,21.197662756722135,104.04896168706642
way/1458331200,1458331200,way,Viet Nam,plant,Missing output tag,none,"tags: {'plant:source': 'solar', 'power': 'plant'}",2026-04-24 03:42:50.452163,https://www.openstreetmap.org/way/1458331200,21.19819319325316,104.0486784230721
way/1458331201,1458331201,way,Viet Nam,plant,Missing output tag,none,"tags: {'plant:source': 'solar', 'power': 'plant'}",2026-04-24 03:42:50.452595,https://www.openstreetmap.org/way/1458331201,21.351254749279196,103.98688039178192
way/1458331202,1458331202,way,Viet Nam,plant,Missing output tag,none,"tags: {'plant:source': 'solar', 'power': 'plant'}",2026-04-24 03:42:50.452854,https://www.openstreetmap.org/way/1458331202,21.322756667610843,103.97759179923796
way/1458331203,1458331203,way,Viet Nam,plant,Missing output tag,none,"tags: {'plant:source': 'solar', 'power': 'plant'}",2026-04-24 03:42:50.453162,https://www.openstreetmap.org/way/1458331203,21.492816926654914,104.02999051929284
way/1458331204,1458331204,way,Viet Nam,plant,Missing output tag,none,"tags: {'plant:source': 'solar', 'power': 'plant'}",2026-04-24 03:42:50.453485,https://www.openstreetmap.org/way/1458331204,21.48797366746049,104.03044576712682
way/1458331205,1458331205,way,Viet Nam,plant,Missing output tag,none,"tags: {'plant:source': 'solar', 'power': 'plant'}",2026-04-24 03:42:50.453911,https://www.openstreetmap.org/way/1458331205,21.458453522216587,103.01943531013043
way/1458331310,1458331310,way,Viet Nam,plant,Missing output tag,none,"tags: {'plant:source': 'solar', 'power': 'plant'}",2026-04-24 03:42:50.454425,https://www.openstreetmap.org/way/1458331310,20.863626106588953,106.55608276690722
way/1458331311,1458331311,way,Viet Nam,plant,Missing output tag,none,"tags: {'plant:source': 'solar', 'power': 'plant'}",2026-04-24 03:42:50.454675,https://www.openstreetmap.org/way/1458331311,21.091153642229525,106.74594053052117
way/1458336925,1458336925,way,Viet Nam,plant,Missing output tag,none,"tags: {'plant:source': 'solar', 'power': 'plant'}",2026-04-24 03:42:50.455023,https://www.openstreetmap.org/way/1458336925,18.866071284717062,105.51494157977403
way/1458336926,1458336926,way,Viet Nam,plant,Missing output tag,none,"tags: {'plant:source': 'solar', 'power': 'plant'}",2026-04-24 03:42:50.455379,https://www.openstreetmap.org/way/1458336926,18.85734470437694,105.61936201741533
way/1458336927,1458336927,way,Viet Nam,plant,Missing output tag,none,"tags: {'plant:source': 'solar', 'power': 'plant'}",2026-04-24 03:42:50.455640,https://www.openstreetmap.org/way/1458336927,18.68425375699726,105.58355601440378
way/1458336928,1458336928,way,Viet Nam,plant,Missing output tag,none,"tags: {'plant:source': 'solar', 'power': 'plant'}",2026-04-24 03:42:50.455912,https://www.openstreetmap.org/way/1458336928,18.684581564757963,105.58259135479798
way/1458336929,1458336929,way,Viet Nam,plant,Missing output tag,none,"tags: {'plant:source': 'solar', 'power': 'plant'}",2026-04-24 03:42:50.456215,https://www.openstreetmap.org/way/1458336929,18.684607675679302,105.58012500563362
way/1458336930,1458336930,way,Viet Nam,plant,Missing output tag,none,"tags: {'plant:source': 'solar', 'power': 'plant'}",2026-04-24 03:42:50.456470,https://www.openstreetmap.org/way/1458336930,18.63084283364787,105.72971109687853
way/1458336931,1458336931,way,Viet Nam,plant,Missing output tag,none,"tags: {'plant:source': 'solar', 'power': 'plant'}",2026-04-24 03:42:50.456724,https://www.openstreetmap.org/way/1458336931,18.630872105797557,105.73076230576493
way/1458336932,1458336932,way,Viet Nam,plant,Missing output tag,none,"tags: {'plant:source': 'solar', 'power': 'plant'}",2026-04-24 03:42:50.457000,https://www.openstreetmap.org/way/1458336932,18.631075655144805,105.73033703335318
way/1458336933,1458336933,way,Viet Nam,plant,Missing output tag,none,"tags: {'plant:source': 'solar', 'power': 'plant'}",2026-04-24 03:42:50.457356,https://www.openstreetmap.org/way/1458336933,18.64072341238709,105.74413398000306
way/1458336934,1458336934,way,Viet Nam,plant,Missing output tag,none,"tags: {'plant:source': 'solar', 'power': 'plant'}",2026-04-24 03:42:50.457609,https://www.openstreetmap.org/way/1458336934,18.81687472473974,105.69705692939624
way/1458336935,1458336935,way,Viet Nam,plant,Missing output tag,none,"tags: {'plant:source': 'solar', 'power': 'plant'}",2026-04-24 03:42:50.457900,https://www.openstreetmap.org/way/1458336935,18.818119556851542,105.64123855145277
way/1458336936,1458336936,way,Viet Nam,plant,Missing output tag,none,"tags: {'plant:source': 'solar', 'power': 'plant'}",2026-04-24 03:42:50.458224,https://www.openstreetmap.org/way/1458336936,19.072335213289694,105.61085034994016
way/1458336937,1458336937,way,Viet Nam,plant,Missing output tag,none,"tags: {'plant:source': 'solar', 'power': 'plant'}",2026-04-24 03:42:50.458497,https://www.openstreetmap.org/way/1458336937,16.893776933763274,107.01575322270781
way/1458336938,1458336938,way,Viet Nam,plant,Missing output tag,none,"tags: {'plant:source': 'solar', 'power': 'plant'}",2026-04-24 03:42:50.458769,https://www.openstreetmap.org/way/1458336938,17.035096637613037,107.10097203255043
way/1458336939,1458336939,way,Viet Nam,plant,Missing output tag,none,"tags: {'plant:source': 'solar', 'power': 'plant'}",2026-04-24 03:42:50.459051,https://www.openstreetmap.org/way/1458336939,17.037794720462138,107.10182600955415
way/1458336940,1458336940,way,Viet Nam,plant,Missing output tag,none,"tags: {'plant:source': 'solar', 'power': 'plant'}",2026-04-24 03:42:50.459324,https://www.openstreetmap.org/way/1458336940,17.03983231883057,107.10025992166646
way/1458336941,1458336941,way,Viet Nam,plant,Missing output tag,none,"tags: {'plant:source': 'solar', 'power': 'plant'}",2026-04-24 03:42:50.459680,https://www.openstreetmap.org/way/1458336941,17.048693392139484,107.07859793707185
way/1458336942,1458336942,way,Viet Nam,plant,Missing output tag,none,"tags: {'plant:source': 'solar', 'power': 'plant'}",2026-04-24 03:42:50.459951,https://www.openstreetmap.org/way/1458336942,17.04844541113297,107.09392494485198
way/1458336943,1458336943,way,Viet Nam,plant,Missing output tag,none,"tags: {'plant:source': 'solar', 'power': 'plant'}",2026-04-24 03:42:50.460242,https://www.openstreetmap.org/way/1458336943,17.0495711520734,107.09342779577959
way/1458336944,1458336944,way,Viet Nam,plant,Missing output tag,none,"tags: {'plant:source': 'solar', 'power': 'plant'}",2026-04-24 03:42:50.460491,https://www.openstreetmap.org/way/1458336944,16.886038193038505,107.08865603681406
way/1458336945,1458336945,way,Viet Nam,plant,Missing output tag,none,"tags: {'plant:source': 'solar', 'power': 'plant'}",2026-04-24 03:42:50.460740,https://www.openstreetmap.org/way/1458336945,16.885419891570997,107.08820875684579
way/1458336946,1458336946,way,Viet Nam,plant,Missing output tag,none,"tags: {'plant:source': 'solar', 'power': 'plant'}",2026-04-24 03:42:50.461016,https://www.openstreetmap.org/way/1458336946,16.890697703401592,107.08957623858745
way/1458336947,1458336947,way,Viet Nam,plant,Missing output tag,none,"tags: {'plant:source': 'solar', 'power': 'plant'}",2026-04-24 03:42:50.461360,https://www.openstreetmap.org/way/1458336947,16.889518862802085,107.08861982875504
way/1458336948,1458336948,way,Viet Nam,plant,Missing output tag,none,"tags: {'plant:source': 'solar', 'power': 'plant'}",2026-04-24 03:42:50.461636,https://www.openstreetmap.org/way/1458336948,16.889922336382536,107.0842214136199
way/1458336949,1458336949,way,Viet Nam,plant,Missing output tag,none,"tags: {'plant:source': 'solar', 'power': 'plant'}",2026-04-24 03:42:50.461935,https://www.openstreetmap.org/way/1458336949,16.89266603087015,107.09248660695147
way/1458336950,1458336950,way,Viet Nam,plant,Missing output tag,none,"tags: {'plant:source': 'solar', 'power': 'plant'}",2026-04-24 03:42:50.462235,https://www.openstreetmap.org/way/1458336950,16.893443427564957,107.09219241223228
way/1458336951,1458336951,way,Viet Nam,plant,Missing output tag,none,"tags: {'plant:source': 'solar', 'power': 'plant'}",2026-04-24 03:42:50.462513,https://www.openstreetmap.org/way/1458336951,16.893291955510847,107.09143473833912
way/1458336952,1458336952,way,Viet Nam,plant,Missing output tag,none,"tags: {'plant:source': 'solar', 'power': 'plant'}",2026-04-24 03:42:50.462825,https://www.openstreetmap.org/way/1458336952,16.893836501156617,107.09138924171637
way/1458336953,1458336953,way,Viet Nam,plant,Missing output tag,none,"tags: {'plant:source': 'solar', 'power': 'plant'}",2026-04-24 03:42:50.463195,https://www.openstreetmap.org/way/1458336953,16.894958248949038,107.09192234620406
way/1458336954,1458336954,way,Viet Nam,plant,Missing output tag,none,"tags: {'plant:source': 'solar', 'power': 'plant'}",2026-04-24 03:42:50.463464,https://www.openstreetmap.org/way/1458336954,16.890354939557895,107.09290582820127
way/1458336955,1458336955,way,Viet Nam,plant,Missing output tag,none,"tags: {'plant:source': 'solar', 'power': 'plant'}",2026-04-24 03:42:50.463764,https://www.openstreetmap.org/way/1458336955,16.89093222573615,107.09243637448803
way/1458336956,1458336956,way,Viet Nam,plant,Missing output tag,none,"tags: {'plant:source': 'solar', 'power': 'plant'}",2026-04-24 03:42:50.464045,https://www.openstreetmap.org/way/1458336956,16.889910996464902,107.09445004745858
way/1458336957,1458336957,way,Viet Nam,plant,Missing output tag,none,"tags: {'plant:source': 'solar', 'power': 'plant'}",2026-04-24 03:42:50.464381,https://www.openstreetmap.org/way/1458336957,16.99603576867506,106.97811640843526
way/1458336958,1458336958,way,Viet Nam,plant,Missing output tag,none,"tags: {'plant:source': 'solar', 'power': 'plant'}",2026-04-24 03:42:50.464674,https://www.openstreetmap.org/way/1458336958,17.031306348274203,107.08302226688285
way/1458336959,1458336959,way,Viet Nam,plant,Missing output tag,none,"tags: {'plant:source': 'solar', 'power': 'plant'}",2026-04-24 03:42:50.464996,https://www.openstreetmap.org/way/1458336959,17.015922613396555,107.10640972489807
way/1458336960,1458336960,way,Viet Nam,plant,Missing output tag,none,"tags: {'plant:source': 'solar', 'power': 'plant'}",2026-04-24 03:42:50.465253,https://www.openstreetmap.org/way/1458336960,17.01522535013169,107.10665455029088
way/1458336961,1458336961,way,Viet Nam,plant,Missing output tag,none,"tags: {'plant:source': 'solar', 'power': 'plant'}",2026-04-24 03:42:50.465670,https://www.openstreetmap.org/way/1458336961,17.049789304103605,106.93723305678127
way/1458336962,1458336962,way,Viet Nam,plant,Missing output tag,none,"tags: {'plant:source': 'solar', 'power': 'plant'}",2026-04-24 03:42:50.466076,https://www.openstreetmap.org/way/1458336962,17.051257283122467,106.94019228372437
way/1458336963,1458336963,way,Viet Nam,plant,Missing output tag,none,"tags: {'plant:source': 'solar', 'power': 'plant'}",2026-04-24 03:42:50.466374,https://www.openstreetmap.org/way/1458336963,17.210455200690344,106.87887472472956
way/1458336964,1458336964,way,Viet Nam,plant,Missing output tag,none,"tags: {'plant:source': 'solar', 'power': 'plant'}",2026-04-24 03:42:50.466923,https://www.openstreetmap.org/way/1458336964,17.058130280158565,106.93595020316367
way/1458336997,1458336997,way,Viet Nam,plant,Missing output tag,none,"tags: {'plant:source': 'solar', 'power': 'plant'}",2026-04-24 03:42:50.467197,https://www.openstreetmap.org/way/1458336997,19.77727571364154,105.81620428918505
way/1458336998,1458336998,way,Viet Nam,plant,Missing output tag,none,"tags: {'plant:source': 'solar', 'power': 'plant'}",2026-04-24 03:42:50.467553,https://www.openstreetmap.org/way/1458336998,20.191251480441142,106.32291360697762
way/1458336999,1458336999,way,Viet Nam,plant,Missing output tag,none,"tags: {'plant:source': 'solar', 'power': 'plant'}",2026-04-24 03:42:50.467810,https://www.openstreetmap.org/way/1458336999,20.2270095109881,105.96955946095132
way/1458337000,1458337000,way,Viet Nam,plant,Missing output tag,none,"tags: {'plant:source': 'solar', 'power': 'plant'}",2026-04-24 03:42:50.468403,https://www.openstreetmap.org/way/1458337000,20.052544547480384,105.5491407048763
way/1458337001,1458337001,way,Viet Nam,plant,Missing output tag,none,"tags: {'plant:source': 'solar', 'power': 'plant'}",2026-04-24 03:42:50.468716,https://www.openstreetmap.org/way/1458337001,20.252161364497884,106.11968199026047
way/1458337002,1458337002,way,Viet Nam,plant,Missing output tag,none,"tags: {'plant:source': 'solar', 'power': 'plant'}",2026-04-24 03:42:50.469009,https://www.openstreetmap.org/way/1458337002,20.25119434808315,106.1209062344198
way/1458337003,1458337003,way,Viet Nam,plant,Missing output tag,none,"tags: {'plant:source': 'solar', 'power': 'plant'}",2026-04-24 03:42:50.469454,https://www.openstreetmap.org/way/1458337003,19.998111836434756,105.61869868877959
way/1458337004,1458337004,way,Viet Nam,plant,Missing output tag,none,"tags: {'plant:source': 'solar', 'power': 'plant'}",2026-04-24 03:42:50.469752,https://www.openstreetmap.org/way/1458337004,19.70735220936092,105.69297039543831
way/1458337005,1458337005,way,Viet Nam,plant,Missing output tag,none,"tags: {'plant:source': 'solar', 'power': 'plant'}",2026-04-24 03:42:50.470042,https://www.openstreetmap.org/way/1458337005,20.40200501160397,106.14434108311843
way/1458337006,1458337006,way,Viet Nam,plant,Missing output tag,none,"tags: {'plant:source': 'solar', 'power': 'plant'}",2026-04-24 03:42:50.470297,https://www.openstreetmap.org/way/1458337006,20.401327153109023,106.14115370741253
way/1458337007,1458337007,way,Viet Nam,plant,Missing output tag,none,"tags: {'plant:source': 'solar', 'power': 'plant'}",2026-04-24 03:42:50.470574,https://www.openstreetmap.org/way/1458337007,20.669628334863535,105.93500796247528
way/1458337008,1458337008,way,Viet Nam,plant,Missing output tag,none,"tags: {'plant:source': 'solar', 'power': 'plant'}",2026-04-24 03:42:50.470870,https://www.openstreetmap.org/way/1458337008,20.669565400413394,105.93363894856749
way/1458337009,1458337009,way,Viet Nam,plant,Missing output tag,none,"tags: {'plant:source': 'solar', 'power': 'plant'}",2026-04-24 03:42:50.471152,https://www.openstreetmap.org/way/1458337009,20.670879807233295,105.9343725335811
way/1458337010,1458337010,way,Viet Nam,plant,Missing output tag,none,"tags: {'plant:source': 'solar', 'power': 'plant'}",2026-04-24 03:42:50.471452,https://www.openstreetmap.org/way/1458337010,20.66544962849638,105.93073065494005
way/1458337011,1458337011,way,Viet Nam,plant,Missing output tag,none,"tags: {'plant:source': 'solar', 'power': 'plant'}",2026-04-24 03:42:50.471826,https://www.openstreetmap.org/way/1458337011,20.669333865778402,105.92261912407746
way/1458337012,1458337012,way,Viet Nam,plant,Missing output tag,none,"tags: {'plant:source': 'solar', 'power': 'plant'}",2026-04-24 03:42:50.472192,https://www.openstreetmap.org/way/1458337012,20.66994042161226,105.92168490616554
way/1458337013,1458337013,way,Viet Nam,plant,Missing output tag,none,"tags: {'plant:source': 'solar', 'power': 'plant'}",2026-04-24 03:42:50.472444,https://www.openstreetmap.org/way/1458337013,20.669041339132544,105.9248426824805
way/1458337014,1458337014,way,Viet Nam,plant,Missing output tag,none,"tags: {'plant:source': 'solar', 'power': 'plant'}",2026-04-24 03:42:50.472716,https://www.openstreetmap.org/way/1458337014,20.665313225994637,105.92566309800524
way/1458337015,1458337015,way,Viet Nam,plant,Missing output tag,none,"tags: {'plant:source': 'solar', 'power': 'plant'}",2026-04-24 03:42:50.473042,https://www.openstreetmap.org/way/1458337015,20.664272239277572,105.92567274239781
way/1458337016,1458337016,way,Viet Nam,plant,Missing output tag,none,"tags: {'plant:source': 'solar', 'power': 'plant'}",2026-04-24 03:42:50.473293,https://www.openstreetmap.org/way/1458337016,20.661028724483135,105.93075984239414
way/1458337017,1458337017,way,Viet Nam,plant,Missing output tag,none,"tags: {'plant:source': 'solar', 'power': 'plant'}",2026-04-24 03:42:50.473675,https://www.openstreetmap.org/way/1458337017,20.66078454273095,105.92712765920591
way/1458337018,1458337018,way,Viet Nam,plant,Missing output tag,none,"tags: {'plant:source': 'solar', 'power': 'plant'}",2026-04-24 03:42:50.473972,https://www.openstreetmap.org/way/1458337018,20.658122471068882,105.92788888135605
way/1458337019,1458337019,way,Viet Nam,plant,Missing output tag,none,"tags: {'plant:source': 'solar', 'power': 'plant'}",2026-04-24 03:42:50.474251,https://www.openstreetmap.org/way/1458337019,20.65826239096771,105.92685016753522
way/1458337020,1458337020,way,Viet Nam,plant,Missing output tag,none,"tags: {'plant:source': 'solar', 'power': 'plant'}",2026-04-24 03:42:50.474532,https://www.openstreetmap.org/way/1458337020,20.657744865190615,105.9307854501263
way/1458337021,1458337021,way,Viet Nam,plant,Missing output tag,none,"tags: {'plant:source': 'solar', 'power': 'plant'}",2026-04-24 03:42:50.474784,https://www.openstreetmap.org/way/1458337021,20.628762230057696,105.93958468138841
way/1458337022,1458337022,way,Viet Nam,plant,Missing output tag,none,"tags: {'plant:source': 'solar', 'power': 'plant'}",2026-04-24 03:42:50.475087,https://www.openstreetmap.org/way/1458337022,20.634570816116547,105.93791805623212
way/1458337023,1458337023,way,Viet Nam,plant,Missing output tag,none,"tags: {'plant:source': 'solar', 'power': 'plant'}",2026-04-24 03:42:50.475358,https://www.openstreetmap.org/way/1458337023,20.632851619389477,105.93552535885723
way/1458337024,1458337024,way,Viet Nam,plant,Missing output tag,none,"tags: {'plant:source': 'solar', 'power': 'plant'}",2026-04-24 03:42:50.475609,https://www.openstreetmap.org/way/1458337024,20.631460191881033,105.924151144481
way/1458337025,1458337025,way,Viet Nam,plant,Missing output tag,none,"tags: {'plant:source': 'solar', 'power': 'plant'}",2026-04-24 03:42:50.475925,https://www.openstreetmap.org/way/1458337025,20.62973772683494,105.92316009807988
way/1458337026,1458337026,way,Viet Nam,plant,Missing output tag,none,"tags: {'plant:source': 'solar', 'power': 'plant'}",2026-04-24 03:42:50.476187,https://www.openstreetmap.org/way/1458337026,20.631171887113105,105.92265932195781
way/1458337027,1458337027,way,Viet Nam,plant,Missing output tag,none,"tags: {'plant:source': 'solar', 'power': 'plant'}",2026-04-24 03:42:50.476509,https://www.openstreetmap.org/way/1458337027,20.626827839088584,105.92409923534814
way/1458337028,1458337028,way,Viet Nam,plant,Missing output tag,none,"tags: {'plant:source': 'solar', 'power': 'plant'}",2026-04-24 03:42:50.476905,https://www.openstreetmap.org/way/1458337028,20.62093396111797,105.93193305420664
way/1458337029,1458337029,way,Viet Nam,plant,Missing output tag,none,"tags: {'plant:source': 'solar', 'power': 'plant'}",2026-04-24 03:42:50.477204,https://www.openstreetmap.org/way/1458337029,20.620502603241892,105.93060689555499
way/1458337030,1458337030,way,Viet Nam,plant,Missing output tag,none,"tags: {'plant:source': 'solar', 'power': 'plant'}",2026-04-24 03:42:50.477563,https://www.openstreetmap.org/way/1458337030,20.606471610346578,105.6868662661892
way/1458337031,1458337031,way,Viet Nam,plant,Missing output tag,none,"tags: {'plant:source': 'solar', 'power': 'plant'}",2026-04-24 03:42:50.477850,https://www.openstreetmap.org/way/1458337031,20.482671752066892,106.04917680721573
way/1458337032,1458337032,way,Viet Nam,plant,Missing output tag,none,"tags: {'plant:source': 'solar', 'power': 'plant'}",2026-04-24 03:42:50.478154,https://www.openstreetmap.org/way/1458337032,20.48844325420878,106.41762214532392
way/1458337033,1458337033,way,Viet Nam,plant,Missing output tag,none,"tags: {'plant:source': 'solar', 'power': 'plant'}",2026-04-24 03:42:50.478451,https://www.openstreetmap.org/way/1458337033,20.94651234602457,106.34593349892755
way/1458337034,1458337034,way,Viet Nam,plant,Missing output tag,none,"tags: {'plant:source': 'solar', 'power': 'plant'}",2026-04-24 03:42:50.478805,https://www.openstreetmap.org/way/1458337034,20.81412285936214,106.60112946331043
way/1458337035,1458337035,way,Viet Nam,plant,Missing output tag,none,"tags: {'plant:source': 'solar', 'power': 'plant'}",2026-04-24 03:42:50.479151,https://www.openstreetmap.org/way/1458337035,20.815120130401404,106.6014611021511
way/1458337036,1458337036,way,Viet Nam,plant,Missing output tag,none,"tags: {'plant:source': 'solar', 'power': 'plant'}",2026-04-24 03:42:50.479428,https://www.openstreetmap.org/way/1458337036,20.852033356659682,106.56553404781664
way/1458350587,1458350587,way,Viet Nam,plant,Missing source tag,none,"tags: {'landuse': 'industrial', 'name': 'Nhà máy Điện gió V1-3 REE Trà Vinh', 'power': 'plant'}",2026-04-24 03:42:50.479633,https://www.openstreetmap.org/way/1458350587,9.662387227412465,106.57624953755759
way/1458358709,1458358709,way,Viet Nam,plant,Missing output tag,none,"tags: {'plant:source': 'solar', 'power': 'plant'}",2026-04-24 03:42:50.479837,https://www.openstreetmap.org/way/1458358709,12.059676773529551,107.57998504992652
way/1458358710,1458358710,way,Viet Nam,plant,Missing output tag,none,"tags: {'plant:source': 'hydro', 'power': 'plant'}",2026-04-24 03:42:50.480122,https://www.openstreetmap.org/way/1458358710,13.489595471046606,108.88128882069275
way/1458370869,1458370869,way,Viet Nam,plant,Capacity placeholder value,yes,Tag 'plant:output:electricity' contains placeholder value 'yes' instead of actual capacity,2026-04-24 03:42:50.480336,https://www.openstreetmap.org/way/1458370869,21.10981102094337,105.8382924095735
way/1458370870,1458370870,way,Viet Nam,plant,Missing source tag,none,"tags: {'landuse': 'industrial', 'power': 'plant'}",2026-04-24 03:42:50.480534,https://www.openstreetmap.org/way/1458370870,21.11004517742761,105.83882287737981
way/1458698943,1458698943,way,Viet Nam,plant,Missing output tag,none,"tags: {'plant:source': 'solar', 'power': 'plant'}",2026-04-24 03:42:50.480818,https://www.openstreetmap.org/way/1458698943,11.86017852143943,109.10350728599
way/1458698944,1458698944,way,Viet Nam,plant,Missing output tag,none,"tags: {'plant:source': 'solar', 'power': 'plant'}",2026-04-24 03:42:50.481198,https://www.openstreetmap.org/way/1458698944,11.861383191314898,109.10227305080979
way/1458698945,1458698945,way,Viet Nam,plant,Missing output tag,none,"tags: {'plant:source': 'solar', 'power': 'plant'}",2026-04-24 03:42:50.481562,https://www.openstreetmap.org/way/1458698945,11.86775645420823,109.10139610257883
way/1458698946,1458698946,way,Viet Nam,plant,Missing output tag,none,"tags: {'plant:source': 'solar', 'power': 'plant'}",2026-04-24 03:42:50.481867,https://www.openstreetmap.org/way/1458698946,11.86796851238216,109.10009718777397
way/1458698947,1458698947,way,Viet Nam,plant,Missing output tag,none,"tags: {'plant:source': 'solar', 'power': 'plant'}",2026-04-24 03:42:50.482266,https://www.openstreetmap.org/way/1458698947,11.867842637954118,109.09930833885863
way/1458698948,1458698948,way,Viet Nam,plant,Missing output tag,none,"tags: {'plant:source': 'solar', 'power': 'plant'}",2026-04-24 03:42:50.482611,https://www.openstreetmap.org/way/1458698948,11.867034791053205,109.10050101484678
way/1458698949,1458698949,way,Viet Nam,plant,Missing output tag,none,"tags: {'plant:source': 'solar', 'power': 'plant'}",2026-04-24 03:42:50.482991,https://www.openstreetmap.org/way/1458698949,11.863258399014393,109.10074961307039
way/1458698950,1458698950,way,Viet Nam,plant,Missing output tag,none,"tags: {'plant:source': 'solar', 'power': 'plant'}",2026-04-24 03:42:50.483457,https://www.openstreetmap.org/way/1458698950,11.864779701925912,109.10184413663052
way/1458698951,1458698951,way,Viet Nam,plant,Missing output tag,none,"tags: {'plant:source': 'solar', 'power': 'plant'}",2026-04-24 03:42:50.483740,https://www.openstreetmap.org/way/1458698951,14.765914938774442,108.97131231039685
way/1458698952,1458698952,way,Viet Nam,plant,Missing output tag,none,"tags: {'plant:source': 'solar', 'power': 'plant'}",2026-04-24 03:42:50.484025,https://www.openstreetmap.org/way/1458698952,14.766580870838235,108.97037472250952
way/1458698953,1458698953,way,Viet Nam,plant,Missing output tag,none,"tags: {'plant:source': 'solar', 'power': 'plant'}",2026-04-24 03:42:50.484374,https://www.openstreetmap.org/way/1458698953,14.766487770007979,108.96975054994873
way/1458698954,1458698954,way,Viet Nam,plant,Missing output tag,none,"tags: {'plant:source': 'solar', 'power': 'plant'}",2026-04-24 03:42:50.484634,https://www.openstreetmap.org/way/1458698954,14.766106768199556,108.96973790435163
way/1458698955,1458698955,way,Viet Nam,plant,Missing output tag,none,"tags: {'plant:source': 'solar', 'power': 'plant'}",2026-04-24 03:42:50.484916,https://www.openstreetmap.org/way/1458698955,14.766109524578303,108.97038768676134
way/1458698956,1458698956,way,Viet Nam,plant,Missing output tag,none,"tags: {'plant:source': 'solar', 'power': 'plant'}",2026-04-24 03:42:50.485182,https://www.openstreetmap.org/way/1458698956,14.765286658910318,108.9698716141506
way/1458698957,1458698957,way,Viet Nam,plant,Missing output tag,none,"tags: {'plant:source': 'solar', 'power': 'plant'}",2026-04-24 03:42:50.485505,https://www.openstreetmap.org/way/1458698957,14.765710197454995,108.97013775759089
way/1458698958,1458698958,way,Viet Nam,plant,Missing output tag,none,"tags: {'plant:source': 'solar', 'power': 'plant'}",2026-04-24 03:42:50.485803,https://www.openstreetmap.org/way/1458698958,14.76535068404713,108.97046504382253
way/1458698959,1458698959,way,Viet Nam,plant,Missing output tag,none,"tags: {'plant:source': 'solar', 'power': 'plant'}",2026-04-24 03:42:50.486214,https://www.openstreetmap.org/way/1458698959,14.764513308432402,108.97121274735659
way/1458698960,1458698960,way,Viet Nam,plant,Missing output tag,none,"tags: {'plant:source': 'solar', 'power': 'plant'}",2026-04-24 03:42:50.486562,https://www.openstreetmap.org/way/1458698960,14.765162621717488,108.971438331884
way/1458698961,1458698961,way,Viet Nam,plant,Missing output tag,none,"tags: {'plant:source': 'solar', 'power': 'plant'}",2026-04-24 03:42:50.486958,https://www.openstreetmap.org/way/1458698961,14.764627930982174,108.97231153426019
way/1458698962,1458698962,way,Viet Nam,plant,Missing output tag,none,"tags: {'plant:source': 'solar', 'power': 'plant'}",2026-04-24 03:42:50.487298,https://www.openstreetmap.org/way/1458698962,14.76420648633847,108.9735675114695
way/1458698963,1458698963,way,Viet Nam,plant,Missing output tag,none,"tags: {'plant:source': 'solar', 'power': 'plant'}",2026-04-24 03:42:50.487662,https://www.openstreetmap.org/way/1458698963,14.763025105507372,108.97340044774917
way/1458698964,1458698964,way,Viet Nam,plant,Missing output tag,none,"tags: {'plant:source': 'solar', 'power': 'plant'}",2026-04-24 03:42:50.488384,https://www.openstreetmap.org/way/1458698964,10.673273880268784,107.51773897626657
way/1458698965,1458698965,way,Viet Nam,plant,Missing output tag,none,"tags: {'plant:source': 'solar', 'power': 'plant'}",2026-04-24 03:42:50.488768,https://www.openstreetmap.org/way/1458698965,10.829963669459374,106.96645238956852
way/1458698966,1458698966,way,Viet Nam,plant,Missing output tag,none,"tags: {'plant:source': 'solar', 'power': 'plant'}",2026-04-24 03:42:50.489175,https://www.openstreetmap.org/way/1458698966,11.512995910907579,108.93158557592214
way/1458698967,1458698967,way,Viet Nam,plant,Missing output tag,none,"tags: {'plant:source': 'solar', 'power': 'plant'}",2026-04-24 03:42:50.489460,https://www.openstreetmap.org/way/1458698967,12.819532994399978,108.05610404836435
way/1458698968,1458698968,way,Viet Nam,plant,Missing output tag,none,"tags: {'plant:source': 'solar', 'power': 'plant'}",2026-04-24 03:42:50.489777,https://www.openstreetmap.org/way/1458698968,12.045142872620321,107.70665676142028
way/1458698969,1458698969,way,Viet Nam,plant,Missing output tag,none,"tags: {'plant:source': 'solar', 'power': 'plant'}",2026-04-24 03:42:50.490140,https://www.openstreetmap.org/way/1458698969,11.657913233265985,108.96949948989536
way/1458698970,1458698970,way,Viet Nam,plant,Missing output tag,none,"tags: {'plant:source': 'solar', 'power': 'plant'}",2026-04-24 03:42:50.490553,https://www.openstreetmap.org/way/1458698970,11.657062437435824,108.96993771641186
way/1458698971,1458698971,way,Viet Nam,plant,Missing output tag,none,"tags: {'plant:source': 'solar', 'power': 'plant'}",2026-04-24 03:42:50.490925,https://www.openstreetmap.org/way/1458698971,11.65682515267659,108.96809330314116
way/1458698972,1458698972,way,Viet Nam,plant,Missing output tag,none,"tags: {'plant:source': 'solar', 'power': 'plant'}",2026-04-24 03:42:50.491411,https://www.openstreetmap.org/way/1458698972,11.656957798242269,108.96670045742269
way/1458698973,1458698973,way,Viet Nam,plant,Missing output tag,none,"tags: {'plant:source': 'solar', 'power': 'plant'}",2026-04-24 03:42:50.491830,https://www.openstreetmap.org/way/1458698973,11.657338299760102,108.96619440040352
way/1458698974,1458698974,way,Viet Nam,plant,Missing output tag,none,"tags: {'plant:source': 'solar', 'power': 'plant'}",2026-04-24 03:42:50.492300,https://www.openstreetmap.org/way/1458698974,11.658459262858687,108.96413876208113
way/1458698975,1458698975,way,Viet Nam,plant,Missing output tag,none,"tags: {'plant:source': 'solar', 'power': 'plant'}",2026-04-24 03:42:50.492774,https://www.openstreetmap.org/way/1458698975,11.662780484434437,108.96180013546804
way/1458698976,1458698976,way,Viet Nam,plant,Missing output tag,none,"tags: {'plant:source': 'solar', 'power': 'plant'}",2026-04-24 03:42:50.493180,https://www.openstreetmap.org/way/1458698976,11.66239777046207,108.96255659312993
way/1458698977,1458698977,way,Viet Nam,plant,Missing output tag,none,"tags: {'plant:source': 'solar', 'power': 'plant'}",2026-04-24 03:42:50.493622,https://www.openstreetmap.org/way/1458698977,11.661787493350646,108.96304307860967
way/1458698978,1458698978,way,Viet Nam,plant,Missing output tag,none,"tags: {'plant:source': 'solar', 'power': 'plant'}",2026-04-24 03:42:50.494043,https://www.openstreetmap.org/way/1458698978,11.661224592247857,108.96198616846422
way/1458698979,1458698979,way,Viet Nam,plant,Missing output tag,none,"tags: {'plant:source': 'solar', 'power': 'plant'}",2026-04-24 03:42:50.494405,https://www.openstreetmap.org/way/1458698979,11.659982911343285,108.96239431635998
way/1458698980,1458698980,way,Viet Nam,plant,Missing output tag,none,"tags: {'plant:source': 'solar', 'power': 'plant'}",2026-04-24 03:42:50.495169,https://www.openstreetmap.org/way/1458698980,13.220219616008027,108.60421054986426
way/1458698981,1458698981,way,Viet Nam,plant,Missing output tag,none,"tags: {'plant:source': 'solar', 'power': 'plant'}",2026-04-24 03:42:50.495462,https://www.openstreetmap.org/way/1458698981,11.174935039781323,108.29385600208047
way/1458698982,1458698982,way,Viet Nam,plant,Missing output tag,none,"tags: {'plant:source': 'solar', 'power': 'plant'}",2026-04-24 03:42:50.495750,https://www.openstreetmap.org/way/1458698982,11.173626187448352,108.29345341796657
way/1458704036,1458704036,way,Viet Nam,plant,Missing output tag,none,"tags: {'plant:source': 'solar', 'power': 'plant'}",2026-04-24 03:42:50.496099,https://www.openstreetmap.org/way/1458704036,10.281271230405645,104.81935035441317
way/1458704037,1458704037,way,Viet Nam,plant,Missing output tag,none,"tags: {'plant:source': 'solar', 'power': 'plant'}",2026-04-24 03:42:50.496555,https://www.openstreetmap.org/way/1458704037,13.890416706288605,108.58760702800339
way/1458704038,1458704038,way,Viet Nam,plant,Missing output tag,none,"tags: {'plant:source': 'solar', 'power': 'plant'}",2026-04-24 03:42:50.497044,https://www.openstreetmap.org/way/1458704038,11.879938936441627,106.51421074778015
way/1458704039,1458704039,way,Viet Nam,plant,Missing output tag,none,"tags: {'plant:source': 'solar', 'power': 'plant'}",2026-04-24 03:42:50.497401,https://www.openstreetmap.org/way/1458704039,11.48063327510492,106.81110267831389
way/1458704040,1458704040,way,Viet Nam,plant,Missing output tag,none,"tags: {'plant:source': 'solar', 'power': 'plant'}",2026-04-24 03:42:50.497661,https://www.openstreetmap.org/way/1458704040,16.593494071647136,107.46679131591972
way/1458704041,1458704041,way,Viet Nam,plant,Missing output tag,none,"tags: {'plant:source': 'solar', 'power': 'plant'}",2026-04-24 03:42:50.497944,https://www.openstreetmap.org/way/1458704041,16.593311070420572,107.46675370903051
way/1458704042,1458704042,way,Viet Nam,plant,Missing output tag,none,"tags: {'plant:source': 'solar', 'power': 'plant'}",2026-04-24 03:42:50.498215,https://www.openstreetmap.org/way/1458704042,16.593381014072296,107.46644478078328
way/1458704043,1458704043,way,Viet Nam,plant,Missing output tag,none,"tags: {'plant:source': 'solar', 'power': 'plant'}",2026-04-24 03:42:50.498476,https://www.openstreetmap.org/way/1458704043,16.593521372132695,107.46628145256496
way/1458704044,1458704044,way,Viet Nam,plant,Missing output tag,none,"tags: {'plant:source': 'solar', 'power': 'plant'}",2026-04-24 03:42:50.498739,https://www.openstreetmap.org/way/1458704044,16.59372456813522,107.46641093603529
way/1458704045,1458704045,way,Viet Nam,plant,Missing output tag,none,"tags: {'plant:source': 'solar', 'power': 'plant'}",2026-04-24 03:42:50.499155,https://www.openstreetmap.org/way/1458704045,16.595070958949815,107.46242403688503
way/1458704046,1458704046,way,Viet Nam,plant,Missing output tag,none,"tags: {'plant:source': 'solar', 'power': 'plant'}",2026-04-24 03:42:50.499531,https://www.openstreetmap.org/way/1458704046,16.59352783903445,107.46180984367334
way/1458704047,1458704047,way,Viet Nam,plant,Missing output tag,none,"tags: {'plant:source': 'solar', 'power': 'plant'}",2026-04-24 03:42:50.499800,https://www.openstreetmap.org/way/1458704047,16.591933597969884,107.46602750491525
way/1458704048,1458704048,way,Viet Nam,plant,Missing output tag,none,"tags: {'plant:source': 'solar', 'power': 'plant'}",2026-04-24 03:42:50.500113,https://www.openstreetmap.org/way/1458704048,13.577843031327395,108.09384912126716
way/1458704049,1458704049,way,Viet Nam,plant,Missing output tag,none,"tags: {'plant:source': 'solar', 'power': 'plant'}",2026-04-24 03:42:50.500406,https://www.openstreetmap.org/way/1458704049,13.5760236446286,108.0979352447353
way/1458704050,1458704050,way,Viet Nam,plant,Missing output tag,none,"tags: {'plant:source': 'solar', 'power': 'plant'}",2026-04-24 03:42:50.500759,https://www.openstreetmap.org/way/1458704050,13.57594997957712,108.09618309360138
way/1458704051,1458704051,way,Viet Nam,plant,Missing output tag,none,"tags: {'plant:source': 'solar', 'power': 'plant'}",2026-04-24 03:42:50.501119,https://www.openstreetmap.org/way/1458704051,11.691315168067453,108.89771240746413
way/1458709575,1458709575,way,Viet Nam,plant,Missing output tag,none,"tags: {'plant:source': 'solar', 'power': 'plant'}",2026-04-24 03:42:50.501466,https://www.openstreetmap.org/way/1458709575,11.208509647628949,107.30975640621062
way/1458709579,1458709579,way,Viet Nam,plant,Missing output tag,none,"tags: {'plant:source': 'solar', 'power': 'plant'}",2026-04-24 03:42:50.501856,https://www.openstreetmap.org/way/1458709579,12.133209176049556,109.09144445857096
way/1458709580,1458709580,way,Viet Nam,plant,Missing output tag,none,"tags: {'plant:source': 'solar', 'power': 'plant'}",2026-04-24 03:42:50.502476,https://www.openstreetmap.org/way/1458709580,12.134025929440305,109.09220410719911
way/1458709581,1458709581,way,Viet Nam,plant,Missing output tag,none,"tags: {'plant:source': 'solar', 'power': 'plant'}",2026-04-24 03:42:50.502924,https://www.openstreetmap.org/way/1458709581,11.497753110415719,106.96684542514915
way/1458709582,1458709582,way,Viet Nam,plant,Missing output tag,none,"tags: {'plant:source': 'solar', 'power': 'plant'}",2026-04-24 03:42:50.503291,https://www.openstreetmap.org/way/1458709582,11.494646411833418,106.96267190417038
way/1458709583,1458709583,way,Viet Nam,plant,Missing output tag,none,"tags: {'plant:source': 'solar', 'power': 'plant'}",2026-04-24 03:42:50.503577,https://www.openstreetmap.org/way/1458709583,11.494243219905554,106.95881338398246
way/1458709584,1458709584,way,Viet Nam,plant,Missing output tag,none,"tags: {'plant:source': 'solar', 'power': 'plant'}",2026-04-24 03:42:50.503842,https://www.openstreetmap.org/way/1458709584,11.342367175963801,108.74248877223793
way/1458709585,1458709585,way,Viet Nam,plant,Missing output tag,none,"tags: {'plant:source': 'solar', 'power': 'plant'}",2026-04-24 03:42:50.504136,https://www.openstreetmap.org/way/1458709585,11.342722504963689,108.74186029095785
way/1458709586,1458709586,way,Viet Nam,plant,Missing output tag,none,"tags: {'plant:source': 'solar', 'power': 'plant'}",2026-04-24 03:42:50.504399,https://www.openstreetmap.org/way/1458709586,14.041862245259013,109.06149970649263
way/1458709587,1458709587,way,Viet Nam,plant,Missing output tag,none,"tags: {'plant:source': 'solar', 'power': 'plant'}",2026-04-24 03:42:50.504805,https://www.openstreetmap.org/way/1458709587,11.658264768138272,108.1478404961276
way/1458709588,1458709588,way,Viet Nam,plant,Missing output tag,none,"tags: {'plant:source': 'solar', 'power': 'plant'}",2026-04-24 03:42:50.505351,https://www.openstreetmap.org/way/1458709588,11.657404807532444,108.14661910182242
way/1458709589,1458709589,way,Viet Nam,plant,Missing output tag,none,"tags: {'plant:source': 'solar', 'power': 'plant'}",2026-04-24 03:42:50.505932,https://www.openstreetmap.org/way/1458709589,11.660092561067145,108.14517187105791
way/1458709590,1458709590,way,Viet Nam,plant,Missing output tag,none,"tags: {'plant:source': 'solar', 'power': 'plant'}",2026-04-24 03:42:50.506244,https://www.openstreetmap.org/way/1458709590,12.19724436422254,107.60401777321988
way/1458709591,1458709591,way,Viet Nam,plant,Missing output tag,none,"tags: {'plant:source': 'solar', 'power': 'plant'}",2026-04-24 03:42:50.506664,https://www.openstreetmap.org/way/1458709591,12.200654812171067,107.6034963095604
way/1458709592,1458709592,way,Viet Nam,plant,Missing output tag,none,"tags: {'plant:source': 'solar', 'power': 'plant'}",2026-04-24 03:42:50.507152,https://www.openstreetmap.org/way/1458709592,12.084594453524264,107.5266684449467
way/1458709593,1458709593,way,Viet Nam,plant,Missing output tag,none,"tags: {'plant:source': 'solar', 'power': 'plant'}",2026-04-24 03:42:50.507569,https://www.openstreetmap.org/way/1458709593,10.670921981263835,107.12913055075678
way/1458709594,1458709594,way,Viet Nam,plant,Missing output tag,none,"tags: {'plant:source': 'solar', 'power': 'plant'}",2026-04-24 03:42:50.508134,https://www.openstreetmap.org/way/1458709594,11.473507710976044,108.85579741305494
way/1458709595,1458709595,way,Viet Nam,plant,Missing output tag,none,"tags: {'plant:source': 'solar', 'power': 'plant'}",2026-04-24 03:42:50.508776,https://www.openstreetmap.org/way/1458709595,11.927262612442835,106.64002992814652
way/1458712810,1458712810,way,Viet Nam,plant,Missing output tag,none,"tags: {'plant:source': 'solar', 'power': 'plant'}",2026-04-24 03:42:50.509451,https://www.openstreetmap.org/way/1458712810,12.507775660424427,109.02046713311827
way/1458712811,1458712811,way,Viet Nam,plant,Missing output tag,none,"tags: {'plant:source': 'solar', 'power': 'plant'}",2026-04-24 03:42:50.509742,https://www.openstreetmap.org/way/1458712811,11.197674000460786,108.47302100420374
way/1458712812,1458712812,way,Viet Nam,plant,Missing output tag,none,"tags: {'plant:source': 'solar', 'power': 'plant'}",2026-04-24 03:42:50.510127,https://www.openstreetmap.org/way/1458712812,11.197614499448157,108.47497072214738
way/1458712818,1458712818,way,Viet Nam,plant,Missing output tag,none,"tags: {'plant:source': 'solar', 'power': 'plant'}",2026-04-24 03:42:50.510513,https://www.openstreetmap.org/way/1458712818,13.973129986554062,107.88201479085394
way/1458712819,1458712819,way,Viet Nam,plant,Missing output tag,none,"tags: {'plant:source': 'solar', 'power': 'plant'}",2026-04-24 03:42:50.510830,https://www.openstreetmap.org/way/1458712819,13.972159986940309,107.8810408251449
way/1458712820,1458712820,way,Viet Nam,plant,Missing output tag,none,"tags: {'plant:source': 'solar', 'power': 'plant'}",2026-04-24 03:42:50.511123,https://www.openstreetmap.org/way/1458712820,12.257175637799266,108.94759687885076
way/1458712821,1458712821,way,Viet Nam,plant,Missing output tag,none,"tags: {'plant:source': 'solar', 'power': 'plant'}",2026-04-24 03:42:50.511703,https://www.openstreetmap.org/way/1458712821,12.67031792925752,107.90278227000073
way/1458712822,1458712822,way,Viet Nam,plant,Missing output tag,none,"tags: {'plant:source': 'solar', 'power': 'plant'}",2026-04-24 03:42:50.511999,https://www.openstreetmap.org/way/1458712822,11.345487169973458,106.29937331336076
way/1458712823,1458712823,way,Viet Nam,plant,Missing output tag,none,"tags: {'plant:source': 'solar', 'power': 'plant'}",2026-04-24 03:42:50.512405,https://www.openstreetmap.org/way/1458712823,11.62654125807857,109.07385085964309
way/1458712824,1458712824,way,Viet Nam,plant,Missing output tag,none,"tags: {'plant:source': 'solar', 'power': 'plant'}",2026-04-24 03:42:50.512689,https://www.openstreetmap.org/way/1458712824,11.62548778597546,109.07790716199472
way/1458712825,1458712825,way,Viet Nam,plant,Missing output tag,none,"tags: {'plant:source': 'solar', 'power': 'plant'}",2026-04-24 03:42:50.513006,https://www.openstreetmap.org/way/1458712825,11.625093802872977,109.08088595645826
way/1458712826,1458712826,way,Viet Nam,plant,Missing output tag,none,"tags: {'plant:source': 'solar', 'power': 'plant'}",2026-04-24 03:42:50.513445,https://www.openstreetmap.org/way/1458712826,11.537417215906546,107.42260372352531
way/1458712827,1458712827,way,Viet Nam,plant,Missing output tag,none,"tags: {'plant:source': 'solar', 'power': 'plant'}",2026-04-24 03:42:50.513804,https://www.openstreetmap.org/way/1458712827,11.539818543751599,107.4240135553927
way/1458712828,1458712828,way,Viet Nam,plant,Missing output tag,none,"tags: {'plant:source': 'solar', 'power': 'plant'}",2026-04-24 03:42:50.514212,https://www.openstreetmap.org/way/1458712828,13.92681776571298,108.26298085161343
way/1458717654,1458717654,way,Viet Nam,plant,Missing output tag,none,"tags: {'plant:source': 'solar', 'power': 'plant'}",2026-04-24 03:42:50.514520,https://www.openstreetmap.org/way/1458717654,12.551141783358378,107.9996299351985
way/1458717655,1458717655,way,Viet Nam,plant,Missing output tag,none,"tags: {'plant:source': 'solar', 'power': 'plant'}",2026-04-24 03:42:50.514792,https://www.openstreetmap.org/way/1458717655,12.550768679968828,107.99854162147288
way/1458717657,1458717657,way,Viet Nam,plant,Missing output tag,none,"tags: {'plant:source': 'solar', 'power': 'plant'}",2026-04-24 03:42:50.515159,https://www.openstreetmap.org/way/1458717657,15.817891123938676,108.04351106601662
way/1458717660,1458717660,way,Viet Nam,plant,Missing output tag,none,"tags: {'plant:source': 'solar', 'power': 'plant'}",2026-04-24 03:42:50.515686,https://www.openstreetmap.org/way/1458717660,14.014992252010305,108.25454923516028
way/1458717661,1458717661,way,Viet Nam,plant,Missing output tag,none,"tags: {'plant:source': 'solar', 'power': 'plant'}",2026-04-24 03:42:50.516192,https://www.openstreetmap.org/way/1458717661,14.060396650185211,108.96816339815526
way/1458717662,1458717662,way,Viet Nam,plant,Missing output tag,none,"tags: {'plant:source': 'solar', 'power': 'plant'}",2026-04-24 03:42:50.516571,https://www.openstreetmap.org/way/1458717662,11.68433677739493,108.05004529638208
way/1458717663,1458717663,way,Viet Nam,plant,Missing output tag,none,"tags: {'plant:source': 'solar', 'power': 'plant'}",2026-04-24 03:42:50.517041,https://www.openstreetmap.org/way/1458717663,14.483724627592805,107.92937010467124
way/1458717664,1458717664,way,Viet Nam,plant,Missing output tag,none,"tags: {'plant:source': 'solar', 'power': 'plant'}",2026-04-24 03:42:50.517388,https://www.openstreetmap.org/way/1458717664,11.847931604159266,106.51032738879044
way/1458717665,1458717665,way,Viet Nam,plant,Missing output tag,none,"tags: {'plant:source': 'solar', 'power': 'plant'}",2026-04-24 03:42:50.517967,https://www.openstreetmap.org/way/1458717665,11.572172002089495,108.36971379014948
way/1458717666,1458717666,way,Viet Nam,plant,Missing output tag,none,"tags: {'plant:source': 'solar', 'power': 'plant'}",2026-04-24 03:42:50.518246,https://www.openstreetmap.org/way/1458717666,13.997914349007072,108.20657262815817
way/1458717667,1458717667,way,Viet Nam,plant,Missing output tag,none,"tags: {'plant:source': 'solar', 'power': 'plant'}",2026-04-24 03:42:50.518585,https://www.openstreetmap.org/way/1458717667,13.997823494016957,108.20604109781239
way/1458717668,1458717668,way,Viet Nam,plant,Missing output tag,none,"tags: {'plant:source': 'solar', 'power': 'plant'}",2026-04-24 03:42:50.519039,https://www.openstreetmap.org/way/1458717668,14.665054760368124,107.9271984556167
way/1458717669,1458717669,way,Viet Nam,plant,Missing output tag,none,"tags: {'plant:source': 'solar', 'power': 'plant'}",2026-04-24 03:42:50.519464,https://www.openstreetmap.org/way/1458717669,11.754532277004905,108.77681710525813
way/1458717670,1458717670,way,Viet Nam,plant,Missing output tag,none,"tags: {'plant:source': 'solar', 'power': 'plant'}",2026-04-24 03:42:50.519827,https://www.openstreetmap.org/way/1458717670,11.754933857858287,108.77568403268428
way/1458717671,1458717671,way,Viet Nam,plant,Missing output tag,none,"tags: {'plant:source': 'solar', 'power': 'plant'}",2026-04-24 03:42:50.520262,https://www.openstreetmap.org/way/1458717671,11.755394546230043,108.77439813004946
way/1458717672,1458717672,way,Viet Nam,plant,Missing output tag,none,"tags: {'plant:source': 'solar', 'power': 'plant'}",2026-04-24 03:42:50.520690,https://www.openstreetmap.org/way/1458717672,11.755174828735996,108.77359216227617
way/1458717673,1458717673,way,Viet Nam,plant,Missing output tag,none,"tags: {'plant:source': 'solar', 'power': 'plant'}",2026-04-24 03:42:50.521200,https://www.openstreetmap.org/way/1458717673,13.956461594600563,108.54786734593223
way/1458717674,1458717674,way,Viet Nam,plant,Missing output tag,none,"tags: {'plant:source': 'solar', 'power': 'plant'}",2026-04-24 03:42:50.521606,https://www.openstreetmap.org/way/1458717674,13.914751087001243,108.06171109093575
way/1458717675,1458717675,way,Viet Nam,plant,Missing output tag,none,"tags: {'plant:source': 'solar', 'power': 'plant'}",2026-04-24 03:42:50.521903,https://www.openstreetmap.org/way/1458717675,13.765261355637309,107.5318205001615
way/1458717676,1458717676,way,Viet Nam,plant,Missing output tag,none,"tags: {'plant:source': 'solar', 'power': 'plant'}",2026-04-24 03:42:50.522242,https://www.openstreetmap.org/way/1458717676,11.576880842507315,108.87121991507178
way/1458717677,1458717677,way,Viet Nam,plant,Missing output tag,none,"tags: {'plant:source': 'solar', 'power': 'plant'}",2026-04-24 03:42:50.522648,https://www.openstreetmap.org/way/1458717677,11.801308555593764,106.54731147001638
way/1458717678,1458717678,way,Viet Nam,plant,Missing output tag,none,"tags: {'plant:source': 'solar', 'power': 'plant'}",2026-04-24 03:42:50.523033,https://www.openstreetmap.org/way/1458717678,12.546397371840287,107.97744332582492
way/1458717679,1458717679,way,Viet Nam,plant,Missing output tag,none,"tags: {'plant:source': 'solar', 'power': 'plant'}",2026-04-24 03:42:50.523310,https://www.openstreetmap.org/way/1458717679,10.667401173765043,107.72541551786583
way/1458717680,1458717680,way,Viet Nam,plant,Missing output tag,none,"tags: {'plant:source': 'solar', 'power': 'plant'}",2026-04-24 03:42:50.523819,https://www.openstreetmap.org/way/1458717680,10.57056826879476,107.35781342135503
way/1458717682,1458717682,way,Viet Nam,plant,Missing output tag,none,"tags: {'plant:source': 'solar', 'power': 'plant'}",2026-04-24 03:42:50.524366,https://www.openstreetmap.org/way/1458717682,11.72213624714736,108.79842353949985
way/1458717683,1458717683,way,Viet Nam,plant,Missing output tag,none,"tags: {'plant:source': 'solar', 'power': 'plant'}",2026-04-24 03:42:50.524726,https://www.openstreetmap.org/way/1458717683,11.720704615446708,108.7978643968323
way/1458717684,1458717684,way,Viet Nam,plant,Missing output tag,none,"tags: {'plant:source': 'solar', 'power': 'plant'}",2026-04-24 03:42:50.525095,https://www.openstreetmap.org/way/1458717684,11.72039332183832,108.79827257367086
way/1458717685,1458717685,way,Viet Nam,plant,Missing output tag,none,"tags: {'plant:source': 'solar', 'power': 'plant'}",2026-04-24 03:42:50.525462,https://www.openstreetmap.org/way/1458717685,11.71989855831913,108.79869112683936
way/1458719525,1458719525,way,Viet Nam,plant,Missing output tag,none,"tags: {'plant:source': 'solar', 'power': 'plant'}",2026-04-24 03:42:50.525754,https://www.openstreetmap.org/way/1458719525,18.50478100041916,105.59176615573021
way/1458719526,1458719526,way,Viet Nam,plant,Missing output tag,none,"tags: {'plant:source': 'solar', 'power': 'plant'}",2026-04-24 03:42:50.526131,https://www.openstreetmap.org/way/1458719526,11.69890306367705,106.11743826126154
way/1458719527,1458719527,way,Viet Nam,plant,Missing output tag,none,"tags: {'plant:source': 'solar', 'power': 'plant'}",2026-04-24 03:42:50.526534,https://www.openstreetmap.org/way/1458719527,11.699015987810258,106.11589191137972
way/1458719528,1458719528,way,Viet Nam,plant,Missing output tag,none,"tags: {'plant:source': 'solar', 'power': 'plant'}",2026-04-24 03:42:50.527094,https://www.openstreetmap.org/way/1458719528,11.835721665797598,106.72538195305206
way/1458719529,1458719529,way,Viet Nam,plant,Missing output tag,none,"tags: {'plant:source': 'solar', 'power': 'plant'}",2026-04-24 03:42:50.527734,https://www.openstreetmap.org/way/1458719529,11.403843550765648,107.5027583227118
way/1458719530,1458719530,way,Viet Nam,plant,Missing output tag,none,"tags: {'plant:source': 'solar', 'power': 'plant'}",2026-04-24 03:42:50.528062,https://www.openstreetmap.org/way/1458719530,11.155828328060238,106.60181234745015
way/1458719531,1458719531,way,Viet Nam,plant,Missing output tag,none,"tags: {'plant:source': 'solar', 'power': 'plant'}",2026-04-24 03:42:50.528442,https://www.openstreetmap.org/way/1458719531,12.731153322193531,108.51762200097592
way/1458719532,1458719532,way,Viet Nam,plant,Missing output tag,none,"tags: {'plant:source': 'solar', 'power': 'plant'}",2026-04-24 03:42:50.528811,https://www.openstreetmap.org/way/1458719532,16.865813346311548,107.00261964348137
way/1458719533,1458719533,way,Viet Nam,plant,Missing output tag,none,"tags: {'plant:source': 'solar', 'power': 'plant'}",2026-04-24 03:42:50.529197,https://www.openstreetmap.org/way/1458719533,11.7196233227983,106.68939802880024
way/1458719534,1458719534,way,Viet Nam,plant,Missing output tag,none,"tags: {'plant:source': 'solar', 'power': 'plant'}",2026-04-24 03:42:50.529482,https://www.openstreetmap.org/way/1458719534,13.786526586141456,108.12119607145313
way/1458720315,1458720315,way,Viet Nam,plant,Missing output tag,none,"tags: {'plant:source': 'solar', 'power': 'plant'}",2026-04-24 03:42:50.529865,https://www.openstreetmap.org/way/1458720315,11.478081931521448,108.9441596534898
way/1458720316,1458720316,way,Viet Nam,plant,Missing output tag,none,"tags: {'plant:source': 'solar', 'power': 'plant'}",2026-04-24 03:42:50.530207,https://www.openstreetmap.org/way/1458720316,11.291673669673544,105.88970384578882
way/1458720317,1458720317,way,Viet Nam,plant,Missing output tag,none,"tags: {'plant:source': 'solar', 'power': 'plant'}",2026-04-24 03:42:50.530492,https://www.openstreetmap.org/way/1458720317,11.35599959338342,106.02145802914185
way/1458720318,1458720318,way,Viet Nam,plant,Missing output tag,none,"tags: {'plant:source': 'solar', 'power': 'plant'}",2026-04-24 03:42:50.530856,https://www.openstreetmap.org/way/1458720318,11.687441134044287,108.87872703827217
way/1458720319,1458720319,way,Viet Nam,plant,Missing output tag,none,"tags: {'plant:source': 'solar', 'power': 'plant'}",2026-04-24 03:42:50.531260,https://www.openstreetmap.org/way/1458720319,11.688707105114132,108.8788774181829
way/1458720320,1458720320,way,Viet Nam,plant,Missing output tag,none,"tags: {'plant:source': 'solar', 'power': 'plant'}",2026-04-24 03:42:50.531672,https://www.openstreetmap.org/way/1458720320,12.032200259423817,109.10483514801419
way/1458720321,1458720321,way,Viet Nam,plant,Missing output tag,none,"tags: {'plant:source': 'solar', 'power': 'plant'}",2026-04-24 03:42:50.532050,https://www.openstreetmap.org/way/1458720321,12.030724945226309,109.1038825385898
way/1458721795,1458721795,way,Viet Nam,plant,Missing output tag,none,"tags: {'plant:source': 'solar', 'power': 'plant'}",2026-04-24 03:42:50.532512,https://www.openstreetmap.org/way/1458721795,12.345527203773052,108.20509623153362
way/1458721796,1458721796,way,Viet Nam,plant,Missing output tag,none,"tags: {'plant:source': 'solar', 'power': 'plant'}",2026-04-24 03:42:50.533149,https://www.openstreetmap.org/way/1458721796,10.962054137141989,107.42594599453476
way/1458721797,1458721797,way,Viet Nam,plant,Missing output tag,none,"tags: {'plant:source': 'solar', 'power': 'plant'}",2026-04-24 03:42:50.533662,https://www.openstreetmap.org/way/1458721797,11.586179386847022,107.49595483578118
way/1458721798,1458721798,way,Viet Nam,plant,Missing output tag,none,"tags: {'plant:source': 'solar', 'power': 'plant'}",2026-04-24 03:42:50.534039,https://www.openstreetmap.org/way/1458721798,9.370819742628381,106.06824346400312
way/1459053123,1459053123,way,Viet Nam,plant,Missing output tag,none,"tags: {'plant:source': 'solar', 'power': 'plant'}",2026-04-24 03:42:50.534544,https://www.openstreetmap.org/way/1459053123,13.770708920015661,108.04810882810952
way/1459054594,1459054594,way,Viet Nam,plant,Missing output tag,none,"tags: {'plant:source': 'solar', 'power': 'plant'}",2026-04-24 03:42:50.535066,https://www.openstreetmap.org/way/1459054594,13.1751651770648,109.2331871656175
way/1459054595,1459054595,way,Viet Nam,plant,Missing output tag,none,"tags: {'plant:source': 'solar', 'power': 'plant'}",2026-04-24 03:42:50.535489,https://www.openstreetmap.org/way/1459054595,15.185807634100238,108.65327269389321
way/1459054596,1459054596,way,Viet Nam,plant,Missing output tag,none,"tags: {'plant:source': 'solar', 'power': 'plant'}",2026-04-24 03:42:50.535839,https://www.openstreetmap.org/way/1459054596,15.207929655404419,108.69083639752567
way/1459054597,1459054597,way,Viet Nam,plant,Missing output tag,none,"tags: {'plant:source': 'solar', 'power': 'plant'}",2026-04-24 03:42:50.536141,https://www.openstreetmap.org/way/1459054597,10.544784212649692,107.27783009474037
way/1459054598,1459054598,way,Viet Nam,plant,Missing output tag,none,"tags: {'plant:source': 'solar', 'power': 'plant'}",2026-04-24 03:42:50.536446,https://www.openstreetmap.org/way/1459054598,13.846265308910926,107.97606483807719
way/1459054599,1459054599,way,Viet Nam,plant,Missing output tag,none,"tags: {'plant:source': 'solar', 'power': 'plant'}",2026-04-24 03:42:50.537036,https://www.openstreetmap.org/way/1459054599,12.330629887443594,108.88992893202517
way/1459054600,1459054600,way,Viet Nam,plant,Missing output tag,none,"tags: {'plant:source': 'solar', 'power': 'plant'}",2026-04-24 03:42:50.537444,https://www.openstreetmap.org/way/1459054600,11.764502204859886,106.60100438103812
way/1459054601,1459054601,way,Viet Nam,plant,Missing output tag,none,"tags: {'plant:source': 'solar', 'power': 'plant'}",2026-04-24 03:42:50.537756,https://www.openstreetmap.org/way/1459054601,11.43028235275289,108.9884985928068
way/1459054602,1459054602,way,Viet Nam,plant,Missing output tag,none,"tags: {'plant:source': 'solar', 'power': 'plant'}",2026-04-24 03:42:50.538115,https://www.openstreetmap.org/way/1459054602,11.004157277779749,108.0306382171209
way/1459054603,1459054603,way,Viet Nam,plant,Missing output tag,none,"tags: {'plant:source': 'solar', 'power': 'plant'}",2026-04-24 03:42:50.538639,https://www.openstreetmap.org/way/1459054603,14.157563026634705,108.5429201547019
way/1459055938,1459055938,way,Viet Nam,plant,Missing output tag,none,"tags: {'plant:source': 'solar', 'power': 'plant'}",2026-04-24 03:42:50.539104,https://www.openstreetmap.org/way/1459055938,10.574541408761903,104.98425247635154
way/1459055939,1459055939,way,Viet Nam,plant,Missing output tag,none,"tags: {'plant:source': 'solar', 'power': 'plant'}",2026-04-24 03:42:50.539612,https://www.openstreetmap.org/way/1459055939,10.599949616652713,107.49531515275696
way/1459055940,1459055940,way,Viet Nam,plant,Missing output tag,none,"tags: {'plant:source': 'solar', 'power': 'plant'}",2026-04-24 03:42:50.540117,https://www.openstreetmap.org/way/1459055940,10.599382847113505,107.49749223324078
way/1459055941,1459055941,way,Viet Nam,plant,Missing output tag,none,"tags: {'plant:source': 'solar', 'power': 'plant'}",2026-04-24 03:42:50.540492,https://www.openstreetmap.org/way/1459055941,10.59861694236211,107.50127779919669
way/1459055942,1459055942,way,Viet Nam,plant,Missing output tag,none,"tags: {'plant:source': 'solar', 'power': 'plant'}",2026-04-24 03:42:50.540850,https://www.openstreetmap.org/way/1459055942,10.597723971929435,107.50326740745423
way/1459055943,1459055943,way,Viet Nam,plant,Missing output tag,none,"tags: {'plant:source': 'solar', 'power': 'plant'}",2026-04-24 03:42:50.541295,https://www.openstreetmap.org/way/1459055943,10.594816636839472,107.50489689355278
way/1459055945,1459055945,way,Viet Nam,plant,Missing output tag,none,"tags: {'plant:source': 'solar', 'power': 'plant'}",2026-04-24 03:42:50.541640,https://www.openstreetmap.org/way/1459055945,11.554782481098812,106.50309344214456
way/1459055946,1459055946,way,Viet Nam,plant,Missing output tag,none,"tags: {'plant:source': 'solar', 'power': 'plant'}",2026-04-24 03:42:50.542149,https://www.openstreetmap.org/way/1459055946,13.610607936077608,108.19847911866238
way/1459055947,1459055947,way,Viet Nam,plant,Missing output tag,none,"tags: {'plant:source': 'solar', 'power': 'plant'}",2026-04-24 03:42:50.542498,https://www.openstreetmap.org/way/1459055947,11.485627034041675,108.93506220941725
way/1459055948,1459055948,way,Viet Nam,plant,Missing output tag,none,"tags: {'plant:source': 'solar', 'power': 'plant'}",2026-04-24 03:42:50.542990,https://www.openstreetmap.org/way/1459055948,11.262087571788506,107.5896622429973
way/1459055949,1459055949,way,Viet Nam,plant,Missing output tag,none,"tags: {'plant:source': 'solar', 'power': 'plant'}",2026-04-24 03:42:50.543489,https://www.openstreetmap.org/way/1459055949,11.866444168437962,107.51454473759499
way/1459055950,1459055950,way,Viet Nam,plant,Missing output tag,none,"tags: {'plant:source': 'solar', 'power': 'plant'}",2026-04-24 03:42:50.544149,https://www.openstreetmap.org/way/1459055950,13.17588458388504,109.23549102593589
way/1459059442,1459059442,way,Viet Nam,plant,Missing output tag,none,"tags: {'plant:source': 'solar', 'power': 'plant'}",2026-04-24 03:42:50.544464,https://www.openstreetmap.org/way/1459059442,18.398855596380695,105.80145814860647
way/1459059443,1459059443,way,Viet Nam,plant,Missing output tag,none,"tags: {'plant:source': 'solar', 'power': 'plant'}",2026-04-24 03:42:50.544809,https://www.openstreetmap.org/way/1459059443,11.008451101361052,107.96551685130143
way/1459059444,1459059444,way,Viet Nam,plant,Missing output tag,none,"tags: {'plant:source': 'solar', 'power': 'plant'}",2026-04-24 03:42:50.545199,https://www.openstreetmap.org/way/1459059444,11.008976530192712,107.9661686265449
way/1459059445,1459059445,way,Viet Nam,plant,Missing output tag,none,"tags: {'plant:source': 'solar', 'power': 'plant'}",2026-04-24 03:42:50.545598,https://www.openstreetmap.org/way/1459059445,11.007409604812397,107.96457884522125
way/1459059446,1459059446,way,Viet Nam,plant,Missing output tag,none,"tags: {'plant:source': 'solar', 'power': 'plant'}",2026-04-24 03:42:50.545951,https://www.openstreetmap.org/way/1459059446,11.00829528310536,107.96483916977436
way/1459059447,1459059447,way,Viet Nam,plant,Missing output tag,none,"tags: {'plant:source': 'solar', 'power': 'plant'}",2026-04-24 03:42:50.546349,https://www.openstreetmap.org/way/1459059447,11.009057771320762,107.9648014969149
way/1459059448,1459059448,way,Viet Nam,plant,Missing output tag,none,"tags: {'plant:source': 'solar', 'power': 'plant'}",2026-04-24 03:42:50.546870,https://www.openstreetmap.org/way/1459059448,11.794383413762892,106.60771538088203
way/1459059449,1459059449,way,Viet Nam,plant,Missing output tag,none,"tags: {'plant:source': 'solar', 'power': 'plant'}",2026-04-24 03:42:50.547281,https://www.openstreetmap.org/way/1459059449,11.550530830472105,107.43891291527633
way/1459059450,1459059450,way,Viet Nam,plant,Missing output tag,none,"tags: {'plant:source': 'solar', 'power': 'plant'}",2026-04-24 03:42:50.547915,https://www.openstreetmap.org/way/1459059450,11.053517744690378,107.32708785249432
way/1459059451,1459059451,way,Viet Nam,plant,Missing output tag,none,"tags: {'plant:source': 'solar', 'power': 'plant'}",2026-04-24 03:42:50.548441,https://www.openstreetmap.org/way/1459059451,11.023002576482796,107.93291738663139
way/1459059452,1459059452,way,Viet Nam,plant,Missing output tag,none,"tags: {'plant:source': 'solar', 'power': 'plant'}",2026-04-24 03:42:50.548925,https://www.openstreetmap.org/way/1459059452,11.967083144319528,109.06652197611075
way/1459059453,1459059453,way,Viet Nam,plant,Missing output tag,none,"tags: {'plant:source': 'solar', 'power': 'plant'}",2026-04-24 03:42:50.549211,https://www.openstreetmap.org/way/1459059453,13.931610100086523,108.19575539738014
way/1459059454,1459059454,way,Viet Nam,plant,Missing output tag,none,"tags: {'plant:source': 'solar', 'power': 'plant'}",2026-04-24 03:42:50.549529,https://www.openstreetmap.org/way/1459059454,13.931847525351465,108.19493623892937
way/1459059455,1459059455,way,Viet Nam,plant,Missing output tag,none,"tags: {'plant:source': 'solar', 'power': 'plant'}",2026-04-24 03:42:50.549894,https://www.openstreetmap.org/way/1459059455,11.016874277783142,107.36167766479238
way/1459059456,1459059456,way,Viet Nam,plant,Missing output tag,none,"tags: {'plant:source': 'solar', 'power': 'plant'}",2026-04-24 03:42:50.550546,https://www.openstreetmap.org/way/1459059456,12.30001534347647,108.97093548025978
way/1459059457,1459059457,way,Viet Nam,plant,Missing output tag,none,"tags: {'plant:source': 'solar', 'power': 'plant'}",2026-04-24 03:42:50.550927,https://www.openstreetmap.org/way/1459059457,11.445831126385716,106.87462606548671
way/1459059458,1459059458,way,Viet Nam,plant,Missing output tag,none,"tags: {'plant:source': 'solar', 'power': 'plant'}",2026-04-24 03:42:50.551419,https://www.openstreetmap.org/way/1459059458,11.14514916464218,107.24767958100121
way/1459059459,1459059459,way,Viet Nam,plant,Missing output tag,none,"tags: {'plant:source': 'solar', 'power': 'plant'}",2026-04-24 03:42:50.551689,https://www.openstreetmap.org/way/1459059459,13.61718285838277,108.38643920358166
way/1459064897,1459064897,way,Viet Nam,plant,Missing output tag,none,"tags: {'plant:source': 'solar', 'power': 'plant'}",2026-04-24 03:42:50.552251,https://www.openstreetmap.org/way/1459064897,11.753190854815127,108.73787425819205
way/1459064898,1459064898,way,Viet Nam,plant,Missing output tag,none,"tags: {'plant:source': 'solar', 'power': 'plant'}",2026-04-24 03:42:50.552779,https://www.openstreetmap.org/way/1459064898,11.75079050088365,108.74111855572033
way/1459064899,1459064899,way,Viet Nam,plant,Missing output tag,none,"tags: {'plant:source': 'solar', 'power': 'plant'}",2026-04-24 03:42:50.553153,https://www.openstreetmap.org/way/1459064899,13.50364081129816,108.10472426319714
way/1459064900,1459064900,way,Viet Nam,plant,Missing output tag,none,"tags: {'plant:source': 'solar', 'power': 'plant'}",2026-04-24 03:42:50.553725,https://www.openstreetmap.org/way/1459064900,11.968212767122882,109.09571022370959
way/1459064901,1459064901,way,Viet Nam,plant,Missing output tag,none,"tags: {'plant:source': 'solar', 'power': 'plant'}",2026-04-24 03:42:50.554319,https://www.openstreetmap.org/way/1459064901,11.971225850907503,109.09400707221705
way/1459064902,1459064902,way,Viet Nam,plant,Missing output tag,none,"tags: {'plant:source': 'solar', 'power': 'plant'}",2026-04-24 03:42:50.554787,https://www.openstreetmap.org/way/1459064902,11.65388782149747,108.96929407674027
way/1459064903,1459064903,way,Viet Nam,plant,Missing output tag,none,"tags: {'plant:source': 'solar', 'power': 'plant'}",2026-04-24 03:42:50.555141,https://www.openstreetmap.org/way/1459064903,15.59812666520324,108.16140309544471
way/1459064905,1459064905,way,Viet Nam,plant,Missing output tag,none,"tags: {'plant:source': 'solar', 'power': 'plant'}",2026-04-24 03:42:50.555585,https://www.openstreetmap.org/way/1459064905,11.000753724928728,105.75642554958294
way/1459064906,1459064906,way,Viet Nam,plant,Missing output tag,none,"tags: {'plant:source': 'solar', 'power': 'plant'}",2026-04-24 03:42:50.556010,https://www.openstreetmap.org/way/1459064906,12.017296800675227,109.15146007325141
way/1459064907,1459064907,way,Viet Nam,plant,Missing output tag,none,"tags: {'plant:source': 'solar', 'power': 'plant'}",2026-04-24 03:42:50.556469,https://www.openstreetmap.org/way/1459064907,11.795808596128358,108.28433016177817
way/1459064908,1459064908,way,Viet Nam,plant,Missing output tag,none,"tags: {'plant:source': 'solar', 'power': 'plant'}",2026-04-24 03:42:50.557027,https://www.openstreetmap.org/way/1459064908,11.797460411733814,108.28459465964754
way/1459064909,1459064909,way,Viet Nam,plant,Missing output tag,none,"tags: {'plant:source': 'solar', 'power': 'plant'}",2026-04-24 03:42:50.557467,https://www.openstreetmap.org/way/1459064909,11.795879843793013,108.28315711226675
way/1459064910,1459064910,way,Viet Nam,plant,Missing output tag,none,"tags: {'plant:source': 'solar', 'power': 'plant'}",2026-04-24 03:42:50.557954,https://www.openstreetmap.org/way/1459064910,11.759457787190351,108.10513772647113
way/1459064911,1459064911,way,Viet Nam,plant,Missing output tag,none,"tags: {'plant:source': 'solar', 'power': 'plant'}",2026-04-24 03:42:50.558443,https://www.openstreetmap.org/way/1459064911,12.531409728535095,108.00531605613575
way/1459064912,1459064912,way,Viet Nam,plant,Missing output tag,none,"tags: {'plant:source': 'solar', 'power': 'plant'}",2026-04-24 03:42:50.558944,https://www.openstreetmap.org/way/1459064912,11.804115082828721,106.54124733506063
way/1459064913,1459064913,way,Viet Nam,plant,Missing output tag,none,"tags: {'plant:source': 'solar', 'power': 'plant'}",2026-04-24 03:42:50.559423,https://www.openstreetmap.org/way/1459064913,14.679097687681775,107.84347150841954
way/1459064914,1459064914,way,Viet Nam,plant,Missing output tag,none,"tags: {'plant:source': 'solar', 'power': 'plant'}",2026-04-24 03:42:50.559823,https://www.openstreetmap.org/way/1459064914,11.249395176223354,107.32627152830403
way/1459064915,1459064915,way,Viet Nam,plant,Missing output tag,none,"tags: {'plant:source': 'solar', 'power': 'plant'}",2026-04-24 03:42:50.560210,https://www.openstreetmap.org/way/1459064915,11.465082698616325,108.88991759822876
way/1459064916,1459064916,way,Viet Nam,plant,Missing output tag,none,"tags: {'plant:source': 'solar', 'power': 'plant'}",2026-04-24 03:42:50.560514,https://www.openstreetmap.org/way/1459064916,11.549838618843502,106.21087086125978
way/1459064917,1459064917,way,Viet Nam,plant,Missing output tag,none,"tags: {'plant:source': 'solar', 'power': 'plant'}",2026-04-24 03:42:50.560816,https://www.openstreetmap.org/way/1459064917,10.995799481735403,107.32064125515704
way/1459064918,1459064918,way,Viet Nam,plant,Missing output tag,none,"tags: {'plant:source': 'solar', 'power': 'plant'}",2026-04-24 03:42:50.561187,https://www.openstreetmap.org/way/1459064918,13.994977149614977,108.44575482984058
way/1459064919,1459064919,way,Viet Nam,plant,Missing output tag,none,"tags: {'plant:source': 'solar', 'power': 'plant'}",2026-04-24 03:42:50.561477,https://www.openstreetmap.org/way/1459064919,13.595009133270164,108.10789021270885
way/1459064920,1459064920,way,Viet Nam,plant,Missing output tag,none,"tags: {'plant:source': 'solar', 'power': 'plant'}",2026-04-24 03:42:50.561802,https://www.openstreetmap.org/way/1459064920,13.594050848205173,108.1099275643186
way/1459064921,1459064921,way,Viet Nam,plant,Missing output tag,none,"tags: {'plant:source': 'solar', 'power': 'plant'}",2026-04-24 03:42:50.562097,https://www.openstreetmap.org/way/1459064921,11.863547258427184,108.76051804185865
way/1459064922,1459064922,way,Viet Nam,plant,Missing output tag,none,"tags: {'plant:source': 'solar', 'power': 'plant'}",2026-04-24 03:42:50.562367,https://www.openstreetmap.org/way/1459064922,11.86409074442243,108.7611099398657
way/1459064923,1459064923,way,Viet Nam,plant,Missing output tag,none,"tags: {'plant:source': 'solar', 'power': 'plant'}",2026-04-24 03:42:50.562958,https://www.openstreetmap.org/way/1459064923,12.550347180539534,107.91724100239526
way/1459064924,1459064924,way,Viet Nam,plant,Missing output tag,none,"tags: {'plant:source': 'solar', 'power': 'plant'}",2026-04-24 03:42:50.563373,https://www.openstreetmap.org/way/1459064924,12.551714524372226,107.91999219390938
way/1459064925,1459064925,way,Viet Nam,plant,Missing output tag,none,"tags: {'plant:source': 'solar', 'power': 'plant'}",2026-04-24 03:42:50.563788,https://www.openstreetmap.org/way/1459064925,13.822562408275333,108.08883138015784
way/1459064926,1459064926,way,Viet Nam,plant,Missing output tag,none,"tags: {'plant:source': 'solar', 'power': 'plant'}",2026-04-24 03:42:50.564192,https://www.openstreetmap.org/way/1459064926,10.731713677141677,107.32642002699437
way/1459064927,1459064927,way,Viet Nam,plant,Missing output tag,none,"tags: {'plant:source': 'solar', 'power': 'plant'}",2026-04-24 03:42:50.564511,https://www.openstreetmap.org/way/1459064927,14.58987237483112,107.89412024329266
way/1459066914,1459066914,way,Viet Nam,plant,Missing output tag,none,"tags: {'plant:source': 'solar', 'power': 'plant'}",2026-04-24 03:42:50.564975,https://www.openstreetmap.org/way/1459066914,14.003060192172528,108.23133998362401
way/1459066915,1459066915,way,Viet Nam,plant,Missing output tag,none,"tags: {'plant:source': 'solar', 'power': 'plant'}",2026-04-24 03:42:50.565410,https://www.openstreetmap.org/way/1459066915,12.538187847205496,108.96581636478166
way/1459066916,1459066916,way,Viet Nam,plant,Missing output tag,none,"tags: {'plant:source': 'solar', 'power': 'plant'}",2026-04-24 03:42:50.565932,https://www.openstreetmap.org/way/1459066916,10.577886930535719,104.99431413962245
way/1459066926,1459066926,way,Viet Nam,plant,Missing output tag,none,"tags: {'plant:source': 'solar', 'power': 'plant'}",2026-04-24 03:42:50.566303,https://www.openstreetmap.org/way/1459066926,15.686834153049679,108.33586104713687
way/1459066927,1459066927,way,Viet Nam,plant,Missing output tag,none,"tags: {'plant:source': 'solar', 'power': 'plant'}",2026-04-24 03:42:50.567056,https://www.openstreetmap.org/way/1459066927,15.239873452982488,108.8063318445644
way/1459067661,1459067661,way,Viet Nam,plant,Missing output tag,none,"tags: {'plant:source': 'solar', 'power': 'plant'}",2026-04-24 03:42:50.567408,https://www.openstreetmap.org/way/1459067661,11.613366004319738,109.05042365038574
way/1459067662,1459067662,way,Viet Nam,plant,Missing output tag,none,"tags: {'plant:source': 'solar', 'power': 'plant'}",2026-04-24 03:42:50.567731,https://www.openstreetmap.org/way/1459067662,11.613785242316213,109.04842016964965
way/1459067663,1459067663,way,Viet Nam,plant,Missing output tag,none,"tags: {'plant:source': 'solar', 'power': 'plant'}",2026-04-24 03:42:50.568329,https://www.openstreetmap.org/way/1459067663,11.564057975942033,106.27248278461302
way/1459067664,1459067664,way,Viet Nam,plant,Missing output tag,none,"tags: {'plant:source': 'solar', 'power': 'plant'}",2026-04-24 03:42:50.568661,https://www.openstreetmap.org/way/1459067664,15.704469893710316,108.248922859282
way/1459067665,1459067665,way,Viet Nam,plant,Missing output tag,none,"tags: {'plant:source': 'solar', 'power': 'plant'}",2026-04-24 03:42:50.569164,https://www.openstreetmap.org/way/1459067665,15.70405836895758,108.24977135518621
way/1459212940,1459212940,way,Viet Nam,plant,Missing output tag,none,"tags: {'plant:source': 'solar', 'power': 'plant'}",2026-04-24 03:42:50.569627,https://www.openstreetmap.org/way/1459212940,13.612174831152679,108.21289022687066
way/1459217679,1459217679,way,Viet Nam,plant,Missing output tag,none,"tags: {'plant:source': 'solar', 'power': 'plant'}",2026-04-24 03:42:50.570182,https://www.openstreetmap.org/way/1459217679,11.091756268630181,106.86839881991872
way/1459217681,1459217681,way,Viet Nam,plant,Missing output tag,none,"tags: {'plant:source': 'solar', 'power': 'plant'}",2026-04-24 03:42:50.570547,https://www.openstreetmap.org/way/1459217681,12.718621142902583,107.9674304296773
way/1459217682,1459217682,way,Viet Nam,plant,Missing output tag,none,"tags: {'plant:source': 'solar', 'power': 'plant'}",2026-04-24 03:42:50.570999,https://www.openstreetmap.org/way/1459217682,10.810450867875913,107.39500659433678
way/1459217683,1459217683,way,Viet Nam,plant,Missing output tag,none,"tags: {'plant:source': 'solar', 'power': 'plant'}",2026-04-24 03:42:50.571387,https://www.openstreetmap.org/way/1459217683,10.808047429099044,107.39378531695279
way/1459217684,1459217684,way,Viet Nam,plant,Missing output tag,none,"tags: {'plant:source': 'solar', 'power': 'plant'}",2026-04-24 03:42:50.571753,https://www.openstreetmap.org/way/1459217684,10.807752102791177,107.39248490535496
way/1459217685,1459217685,way,Viet Nam,plant,Missing output tag,none,"tags: {'plant:source': 'solar', 'power': 'plant'}",2026-04-24 03:42:50.572075,https://www.openstreetmap.org/way/1459217685,13.915964294210879,108.19351751057499
way/1459217686,1459217686,way,Viet Nam,plant,Missing output tag,none,"tags: {'plant:source': 'solar', 'power': 'plant'}",2026-04-24 03:42:50.573410,https://www.openstreetmap.org/way/1459217686,11.155278189181974,108.29294293012666
way/1459217687,1459217687,way,Viet Nam,plant,Missing output tag,none,"tags: {'plant:source': 'solar', 'power': 'plant'}",2026-04-24 03:42:50.573717,https://www.openstreetmap.org/way/1459217687,11.550780286600588,106.55925912958786
way/1459217688,1459217688,way,Viet Nam,plant,Missing output tag,none,"tags: {'plant:source': 'solar', 'power': 'plant'}",2026-04-24 03:42:50.574189,https://www.openstreetmap.org/way/1459217688,9.25411839999442,105.63206607756523
way/1459217689,1459217689,way,Viet Nam,plant,Missing output tag,none,"tags: {'plant:source': 'solar', 'power': 'plant'}",2026-04-24 03:42:50.574629,https://www.openstreetmap.org/way/1459217689,11.621747861110887,106.89734217653033
way/1459217690,1459217690,way,Viet Nam,plant,Missing output tag,none,"tags: {'plant:source': 'solar', 'power': 'plant'}",2026-04-24 03:42:50.575154,https://www.openstreetmap.org/way/1459217690,10.735092293099612,107.32698651479633
way/1459217691,1459217691,way,Viet Nam,plant,Missing output tag,none,"tags: {'plant:source': 'solar', 'power': 'plant'}",2026-04-24 03:42:50.575544,https://www.openstreetmap.org/way/1459217691,15.66151173115361,108.32618835763473
way/1459217692,1459217692,way,Viet Nam,plant,Missing output tag,none,"tags: {'plant:source': 'solar', 'power': 'plant'}",2026-04-24 03:42:50.575914,https://www.openstreetmap.org/way/1459217692,14.03413722514484,108.97636332506876
way/1459217693,1459217693,way,Viet Nam,plant,Missing output tag,none,"tags: {'plant:source': 'solar', 'power': 'plant'}",2026-04-24 03:42:50.576211,https://www.openstreetmap.org/way/1459217693,11.59350625339476,106.52718592903877
way/1459217694,1459217694,way,Viet Nam,plant,Missing output tag,none,"tags: {'plant:source': 'solar', 'power': 'plant'}",2026-04-24 03:42:50.576907,https://www.openstreetmap.org/way/1459217694,11.45826789859984,106.88566738504848
way/1459222587,1459222587,way,Viet Nam,plant,Missing output tag,none,"tags: {'plant:source': 'solar', 'power': 'plant'}",2026-04-24 03:42:50.577192,https://www.openstreetmap.org/way/1459222587,10.879682928239815,106.87130157197949
way/1459222588,1459222588,way,Viet Nam,plant,Missing output tag,none,"tags: {'plant:source': 'solar', 'power': 'plant'}",2026-04-24 03:42:50.577508,https://www.openstreetmap.org/way/1459222588,14.414586385608825,108.01039843469391
way/1459222591,1459222591,way,Viet Nam,plant,Missing output tag,none,"tags: {'plant:source': 'solar', 'power': 'plant'}",2026-04-24 03:42:50.577862,https://www.openstreetmap.org/way/1459222591,11.673920396866913,108.87798803126816
way/1459222592,1459222592,way,Viet Nam,plant,Missing output tag,none,"tags: {'plant:source': 'solar', 'power': 'plant'}",2026-04-24 03:42:50.578197,https://www.openstreetmap.org/way/1459222592,11.674161921908363,108.87690614477528
way/1459222593,1459222593,way,Viet Nam,plant,Missing output tag,none,"tags: {'plant:source': 'solar', 'power': 'plant'}",2026-04-24 03:42:50.578658,https://www.openstreetmap.org/way/1459222593,11.928992854117004,106.57217394937136
way/1459222595,1459222595,way,Viet Nam,plant,Missing output tag,none,"tags: {'plant:source': 'solar', 'power': 'plant'}",2026-04-24 03:42:50.579277,https://www.openstreetmap.org/way/1459222595,17.431652730233587,106.49106033749908
way/1459222596,1459222596,way,Viet Nam,plant,Missing output tag,none,"tags: {'plant:source': 'solar', 'power': 'plant'}",2026-04-24 03:42:50.579681,https://www.openstreetmap.org/way/1459222596,11.904354367067727,106.70424298920412
way/1459222597,1459222597,way,Viet Nam,plant,Missing output tag,none,"tags: {'plant:source': 'solar', 'power': 'plant'}",2026-04-24 03:42:50.580255,https://www.openstreetmap.org/way/1459222597,11.791504825775698,108.2782366998108
way/1459222598,1459222598,way,Viet Nam,plant,Missing output tag,none,"tags: {'plant:source': 'solar', 'power': 'plant'}",2026-04-24 03:42:50.580610,https://www.openstreetmap.org/way/1459222598,17.982509322210323,106.20606020379645
way/1459222599,1459222599,way,Viet Nam,plant,Missing output tag,none,"tags: {'plant:source': 'solar', 'power': 'plant'}",2026-04-24 03:42:50.581013,https://www.openstreetmap.org/way/1459222599,11.249001074610772,105.92291074477751
way/1459222600,1459222600,way,Viet Nam,plant,Missing output tag,none,"tags: {'plant:source': 'solar', 'power': 'plant'}",2026-04-24 03:42:50.581315,https://www.openstreetmap.org/way/1459222600,18.495680268259985,105.81398391362889
way/1459222601,1459222601,way,Viet Nam,plant,Missing output tag,none,"tags: {'plant:source': 'solar', 'power': 'plant'}",2026-04-24 03:42:50.581588,https://www.openstreetmap.org/way/1459222601,18.494731616659692,105.81525539089807
way/1459222602,1459222602,way,Viet Nam,plant,Missing output tag,none,"tags: {'plant:source': 'solar', 'power': 'plant'}",2026-04-24 03:42:50.582116,https://www.openstreetmap.org/way/1459222602,13.105237343511096,108.93459627441116
way/1459222603,1459222603,way,Viet Nam,plant,Missing output tag,none,"tags: {'plant:source': 'solar', 'power': 'plant'}",2026-04-24 03:42:50.582431,https://www.openstreetmap.org/way/1459222603,11.532925460332992,107.41276341004388
way/1459222604,1459222604,way,Viet Nam,plant,Missing output tag,none,"tags: {'plant:source': 'solar', 'power': 'plant'}",2026-04-24 03:42:50.582982,https://www.openstreetmap.org/way/1459222604,11.534297223649343,107.40885232673995
way/1459222605,1459222605,way,Viet Nam,plant,Missing output tag,none,"tags: {'plant:source': 'solar', 'power': 'plant'}",2026-04-24 03:42:50.583295,https://www.openstreetmap.org/way/1459222605,11.53218651279514,107.4065206212048
way/1459222606,1459222606,way,Viet Nam,plant,Missing output tag,none,"tags: {'plant:source': 'solar', 'power': 'plant'}",2026-04-24 03:42:50.583666,https://www.openstreetmap.org/way/1459222606,11.53310594788011,107.41449552655506
way/1459222607,1459222607,way,Viet Nam,plant,Missing output tag,none,"tags: {'plant:source': 'solar', 'power': 'plant'}",2026-04-24 03:42:50.583963,https://www.openstreetmap.org/way/1459222607,18.253678283643094,105.67058854431619
way/1459222609,1459222609,way,Viet Nam,plant,Missing output tag,none,"tags: {'plant:source': 'solar', 'power': 'plant'}",2026-04-24 03:42:50.584431,https://www.openstreetmap.org/way/1459222609,13.561353665060329,108.44834619400473
way/1459222610,1459222610,way,Viet Nam,plant,Missing output tag,none,"tags: {'plant:source': 'solar', 'power': 'plant'}",2026-04-24 03:42:50.584828,https://www.openstreetmap.org/way/1459222610,10.864531573973917,107.83685955094175
way/1459222611,1459222611,way,Viet Nam,plant,Missing output tag,none,"tags: {'plant:source': 'solar', 'power': 'plant'}",2026-04-24 03:42:50.585288,https://www.openstreetmap.org/way/1459222611,14.405392169513144,108.11584090635944
way/1459222612,1459222612,way,Viet Nam,plant,Missing output tag,none,"tags: {'plant:source': 'solar', 'power': 'plant'}",2026-04-24 03:42:50.585563,https://www.openstreetmap.org/way/1459222612,11.041712596391516,107.47980923914332
way/1459222613,1459222613,way,Viet Nam,plant,Missing output tag,none,"tags: {'plant:source': 'solar', 'power': 'plant'}",2026-04-24 03:42:50.585931,https://www.openstreetmap.org/way/1459222613,11.809846769260519,108.80712403161836
way/1459223578,1459223578,way,Viet Nam,plant,Missing output tag,none,"tags: {'plant:source': 'solar', 'power': 'plant'}",2026-04-24 03:42:50.586302,https://www.openstreetmap.org/way/1459223578,12.000322877931781,106.79525091622241
way/1459223579,1459223579,way,Viet Nam,plant,Missing output tag,none,"tags: {'plant:source': 'solar', 'power': 'plant'}",2026-04-24 03:42:50.586845,https://www.openstreetmap.org/way/1459223579,11.636583630094297,108.85177174868711
way/1459223580,1459223580,way,Viet Nam,plant,Missing output tag,none,"tags: {'plant:source': 'solar', 'power': 'plant'}",2026-04-24 03:42:50.587202,https://www.openstreetmap.org/way/1459223580,11.805185751516827,108.71894118404758
way/1459223581,1459223581,way,Viet Nam,plant,Missing output tag,none,"tags: {'plant:source': 'solar', 'power': 'plant'}",2026-04-24 03:42:50.587571,https://www.openstreetmap.org/way/1459223581,12.607700119134892,108.34581836820371
way/1459223582,1459223582,way,Viet Nam,plant,Missing output tag,none,"tags: {'plant:source': 'solar', 'power': 'plant'}",2026-04-24 03:42:50.588063,https://www.openstreetmap.org/way/1459223582,12.606616637932397,108.34596191169787
way/1459223586,1459223586,way,Viet Nam,plant,Missing output tag,none,"tags: {'plant:source': 'solar', 'power': 'plant'}",2026-04-24 03:42:50.588568,https://www.openstreetmap.org/way/1459223586,12.18341793514385,109.04311765272328
way/1459223587,1459223587,way,Viet Nam,plant,Missing output tag,none,"tags: {'plant:source': 'solar', 'power': 'plant'}",2026-04-24 03:42:50.589019,https://www.openstreetmap.org/way/1459223587,12.82068656246237,108.37655422893242
way/1459227639,1459227639,way,Viet Nam,plant,Missing output tag,none,"tags: {'plant:source': 'solar', 'power': 'plant'}",2026-04-24 03:42:50.589385,https://www.openstreetmap.org/way/1459227639,10.67067187987051,105.2828343208446
way/1459227642,1459227642,way,Viet Nam,plant,Missing output tag,none,"tags: {'plant:source': 'solar', 'power': 'plant'}",2026-04-24 03:42:50.590092,https://www.openstreetmap.org/way/1459227642,11.28138795994316,108.35345784393989
way/1459227643,1459227643,way,Viet Nam,plant,Capacity regex no match,solar,Tag 'plant:output:electricity' has value 'solar' which could not be parsed,2026-04-24 03:42:50.590427,https://www.openstreetmap.org/way/1459227643,12.03057678441463,107.63501667439716
way/1459227644,1459227644,way,Viet Nam,plant,Capacity regex no match,solar,Tag 'plant:output:electricity' has value 'solar' which could not be parsed,2026-04-24 03:42:50.591053,https://www.openstreetmap.org/way/1459227644,15.760399327207047,108.2384993947207
way/1459227645,1459227645,way,Viet Nam,plant,Missing output tag,none,"tags: {'plant:source': 'solar', 'power': 'plant'}",2026-04-24 03:42:50.591435,https://www.openstreetmap.org/way/1459227645,12.249815450913614,108.95248364172268
way/1459227646,1459227646,way,Viet Nam,plant,Missing output tag,none,"tags: {'plant:source': 'solar', 'power': 'plant'}",2026-04-24 03:42:50.591909,https://www.openstreetmap.org/way/1459227646,11.476368169581146,106.92581739344591
way/1459227650,1459227650,way,Viet Nam,plant,Missing output tag,none,"tags: {'plant:source': 'solar', 'power': 'plant'}",2026-04-24 03:42:50.592339,https://www.openstreetmap.org/way/1459227650,10.534338112860388,107.35921848351073
way/1459227651,1459227651,way,Viet Nam,plant,Missing output tag,none,"tags: {'plant:source': 'solar', 'power': 'plant'}",2026-04-24 03:42:50.592641,https://www.openstreetmap.org/way/1459227651,10.533067917527793,107.35995494239178
way/1459227652,1459227652,way,Viet Nam,plant,Missing output tag,none,"tags: {'plant:source': 'solar', 'power': 'plant'}",2026-04-24 03:42:50.593225,https://www.openstreetmap.org/way/1459227652,11.421901357657529,106.72829000377132
way/1459229233,1459229233,way,Viet Nam,plant,Missing output tag,none,"tags: {'plant:source': 'solar', 'power': 'plant'}",2026-04-24 03:42:50.593544,https://www.openstreetmap.org/way/1459229233,11.81919655416534,108.80409862610028
way/1459229234,1459229234,way,Viet Nam,plant,Missing output tag,none,"tags: {'plant:source': 'solar', 'power': 'plant'}",2026-04-24 03:42:50.593856,https://www.openstreetmap.org/way/1459229234,11.819632442305407,108.8023925797686
way/1459229241,1459229241,way,Viet Nam,plant,Missing output tag,none,"tags: {'plant:source': 'solar', 'power': 'plant'}",2026-04-24 03:42:50.594272,https://www.openstreetmap.org/way/1459229241,11.256366934439294,106.02028754766208
way/1459229242,1459229242,way,Viet Nam,plant,Missing output tag,none,"tags: {'plant:source': 'solar', 'power': 'plant'}",2026-04-24 03:42:50.595573,https://www.openstreetmap.org/way/1459229242,11.605798787251018,109.10060223945975
way/1459237300,1459237300,way,Viet Nam,plant,Missing output tag,none,"tags: {'plant:source': 'solar', 'power': 'plant'}",2026-04-24 03:42:50.596040,https://www.openstreetmap.org/way/1459237300,14.940663659938714,108.85827985528316
way/1459237301,1459237301,way,Viet Nam,plant,Missing output tag,none,"tags: {'plant:source': 'solar', 'power': 'plant'}",2026-04-24 03:42:50.596390,https://www.openstreetmap.org/way/1459237301,11.030864190201617,107.52073711675018
way/1459237305,1459237305,way,Viet Nam,plant,Missing output tag,none,"tags: {'plant:source': 'solar', 'power': 'plant'}",2026-04-24 03:42:50.596667,https://www.openstreetmap.org/way/1459237305,11.752407362989656,106.53485359082684
way/1459237306,1459237306,way,Viet Nam,plant,Missing output tag,none,"tags: {'plant:source': 'solar', 'power': 'plant'}",2026-04-24 03:42:50.596992,https://www.openstreetmap.org/way/1459237306,12.878124575179738,108.06521111852321
way/1459237307,1459237307,way,Viet Nam,plant,Missing output tag,none,"tags: {'plant:source': 'solar', 'power': 'plant'}",2026-04-24 03:42:50.597331,https://www.openstreetmap.org/way/1459237307,11.398297979864727,106.84783189595272
way/1459237309,1459237309,way,Viet Nam,plant,Missing output tag,none,"tags: {'plant:source': 'solar', 'power': 'plant'}",2026-04-24 03:42:50.597720,https://www.openstreetmap.org/way/1459237309,10.593170545329825,105.01519479277734
way/1459237310,1459237310,way,Viet Nam,plant,Missing output tag,none,"tags: {'plant:source': 'solar', 'power': 'plant'}",2026-04-24 03:42:50.598032,https://www.openstreetmap.org/way/1459237310,12.507674264456023,109.06258647453666
way/1459237311,1459237311,way,Viet Nam,plant,Missing output tag,none,"tags: {'plant:source': 'solar', 'power': 'plant'}",2026-04-24 03:42:50.598482,https://www.openstreetmap.org/way/1459237311,14.001576690129852,107.90176613600309
way/1459237312,1459237312,way,Viet Nam,plant,Missing output tag,none,"tags: {'plant:source': 'solar', 'power': 'plant'}",2026-04-24 03:42:50.598821,https://www.openstreetmap.org/way/1459237312,14.029859173640542,107.83798154818429
way/1459237315,1459237315,way,Viet Nam,plant,Missing output tag,none,"tags: {'plant:source': 'solar', 'power': 'plant'}",2026-04-24 03:42:50.599218,https://www.openstreetmap.org/way/1459237315,15.190699515528815,108.65347804832645
way/1459237317,1459237317,way,Viet Nam,plant,Missing output tag,none,"tags: {'plant:source': 'solar', 'power': 'plant'}",2026-04-24 03:42:50.599928,https://www.openstreetmap.org/way/1459237317,12.508588563325954,109.03494464497939
way/1459237318,1459237318,way,Viet Nam,plant,Missing output tag,none,"tags: {'plant:source': 'solar', 'power': 'plant'}",2026-04-24 03:42:50.600467,https://www.openstreetmap.org/way/1459237318,11.52228652117636,107.55969264052392
way/1459237319,1459237319,way,Viet Nam,plant,Missing output tag,none,"tags: {'plant:source': 'solar', 'power': 'plant'}",2026-04-24 03:42:50.600768,https://www.openstreetmap.org/way/1459237319,10.909680637769608,106.58674644814899
way/1459237320,1459237320,way,Viet Nam,plant,Missing output tag,none,"tags: {'plant:source': 'solar', 'power': 'plant'}",2026-04-24 03:42:50.601152,https://www.openstreetmap.org/way/1459237320,11.670678469208662,108.89837401274475
way/1459237325,1459237325,way,Viet Nam,plant,Missing output tag,none,"tags: {'plant:source': 'solar', 'power': 'plant'}",2026-04-24 03:42:50.601453,https://www.openstreetmap.org/way/1459237325,13.770196416668794,108.06105109568223
way/1459237326,1459237326,way,Viet Nam,plant,Missing output tag,none,"tags: {'plant:source': 'solar', 'power': 'plant'}",2026-04-24 03:42:50.601776,https://www.openstreetmap.org/way/1459237326,12.6745667915035,107.92430977678686
way/1459237327,1459237327,way,Viet Nam,plant,Missing output tag,none,"tags: {'plant:source': 'solar', 'power': 'plant'}",2026-04-24 03:42:50.602399,https://www.openstreetmap.org/way/1459237327,11.654307445601008,109.07623176211962
way/1459237328,1459237328,way,Viet Nam,plant,Missing output tag,none,"tags: {'plant:source': 'solar', 'power': 'plant'}",2026-04-24 03:42:50.602956,https://www.openstreetmap.org/way/1459237328,11.651727112967425,109.07194977781879
way/1459240349,1459240349,way,Viet Nam,plant,Missing output tag,none,"tags: {'plant:source': 'solar', 'power': 'plant'}",2026-04-24 03:42:50.603358,https://www.openstreetmap.org/way/1459240349,12.605908142229508,109.16477981087462
way/1459240350,1459240350,way,Viet Nam,plant,Missing output tag,none,"tags: {'plant:source': 'solar', 'power': 'plant'}",2026-04-24 03:42:50.603850,https://www.openstreetmap.org/way/1459240350,12.606527136819206,109.15856943769064
way/1459240351,1459240351,way,Viet Nam,plant,Missing output tag,none,"tags: {'plant:source': 'solar', 'power': 'plant'}",2026-04-24 03:42:50.604227,https://www.openstreetmap.org/way/1459240351,12.601903400908279,109.15957672959398
way/1459240352,1459240352,way,Viet Nam,plant,Missing output tag,none,"tags: {'plant:source': 'solar', 'power': 'plant'}",2026-04-24 03:42:50.604572,https://www.openstreetmap.org/way/1459240352,12.603722424782804,109.15945116617961
way/1459240356,1459240356,way,Viet Nam,plant,Missing output tag,none,"tags: {'plant:source': 'solar', 'power': 'plant'}",2026-04-24 03:42:50.604855,https://www.openstreetmap.org/way/1459240356,11.043001521178715,106.95999425891614
way/1459240368,1459240368,way,Viet Nam,plant,Missing output tag,none,"tags: {'plant:source': 'solar', 'power': 'plant'}",2026-04-24 03:42:50.605360,https://www.openstreetmap.org/way/1459240368,9.462213911148229,105.45560482966799
way/1459240369,1459240369,way,Viet Nam,plant,Missing output tag,none,"tags: {'plant:source': 'solar', 'power': 'plant'}",2026-04-24 03:42:50.605787,https://www.openstreetmap.org/way/1459240369,11.344253791626656,106.70240847213913
way/1459240370,1459240370,way,Viet Nam,plant,Missing output tag,none,"tags: {'plant:source': 'solar', 'power': 'plant'}",2026-04-24 03:42:50.606118,https://www.openstreetmap.org/way/1459240370,9.283707553294043,105.68974294772464
way/1459245432,1459245432,way,Viet Nam,plant,Missing output tag,none,"tags: {'plant:source': 'solar', 'power': 'plant'}",2026-04-24 03:42:50.606739,https://www.openstreetmap.org/way/1459245432,11.225740899030244,108.27302685158809
way/1459245433,1459245433,way,Viet Nam,plant,Missing output tag,none,"tags: {'plant:source': 'solar', 'power': 'plant'}",2026-04-24 03:42:50.607280,https://www.openstreetmap.org/way/1459245433,11.227105079414944,108.27088753702853
way/1459245436,1459245436,way,Viet Nam,plant,Missing output tag,none,"tags: {'plant:source': 'solar', 'power': 'plant'}",2026-04-24 03:42:50.607649,https://www.openstreetmap.org/way/1459245436,18.10953079398791,106.27543274160227
way/1459245443,1459245443,way,Viet Nam,plant,Missing output tag,none,"tags: {'plant:source': 'solar', 'power': 'plant'}",2026-04-24 03:42:50.608099,https://www.openstreetmap.org/way/1459245443,12.549587736360987,107.93246094412704
way/1459245450,1459245450,way,Viet Nam,plant,Missing output tag,none,"tags: {'plant:source': 'solar', 'power': 'plant'}",2026-04-24 03:42:50.608508,https://www.openstreetmap.org/way/1459245450,11.942452969538035,106.78319620705926
way/1459245451,1459245451,way,Viet Nam,plant,Missing output tag,none,"tags: {'plant:source': 'solar', 'power': 'plant'}",2026-04-24 03:42:50.608821,https://www.openstreetmap.org/way/1459245451,11.944181654865663,106.78163754157333
way/1459245452,1459245452,way,Viet Nam,plant,Missing output tag,none,"tags: {'plant:source': 'solar', 'power': 'plant'}",2026-04-24 03:42:50.609139,https://www.openstreetmap.org/way/1459245452,11.185851180556593,108.30047878686862
way/1459245453,1459245453,way,Viet Nam,plant,Missing output tag,none,"tags: {'plant:source': 'solar', 'power': 'plant'}",2026-04-24 03:42:50.609498,https://www.openstreetmap.org/way/1459245453,11.184825932145898,108.3014514662145
way/1459245454,1459245454,way,Viet Nam,plant,Missing output tag,none,"tags: {'plant:source': 'solar', 'power': 'plant'}",2026-04-24 03:42:50.609814,https://www.openstreetmap.org/way/1459245454,10.710886096384302,107.50732197284047
way/1459245455,1459245455,way,Viet Nam,plant,Missing output tag,none,"tags: {'plant:source': 'solar', 'power': 'plant'}",2026-04-24 03:42:50.610243,https://www.openstreetmap.org/way/1459245455,11.138206161003435,108.37317959655353
way/1459245456,1459245456,way,Viet Nam,plant,Missing output tag,none,"tags: {'plant:source': 'solar', 'power': 'plant'}",2026-04-24 03:42:50.610732,https://www.openstreetmap.org/way/1459245456,10.939634916491732,107.48176932465955
way/1459245457,1459245457,way,Viet Nam,plant,Missing output tag,none,"tags: {'plant:source': 'solar', 'power': 'plant'}",2026-04-24 03:42:50.611079,https://www.openstreetmap.org/way/1459245457,11.706710500181448,106.52175348286883
way/1459245458,1459245458,way,Viet Nam,plant,Missing output tag,none,"tags: {'plant:source': 'solar', 'power': 'plant'}",2026-04-24 03:42:50.611412,https://www.openstreetmap.org/way/1459245458,11.705921275206403,106.52305420227263
way/1459245459,1459245459,way,Viet Nam,plant,Missing output tag,none,"tags: {'plant:source': 'solar', 'power': 'plant'}",2026-04-24 03:42:50.611857,https://www.openstreetmap.org/way/1459245459,14.51128945370453,108.83075280202056
way/1459245460,1459245460,way,Viet Nam,plant,Missing output tag,none,"tags: {'plant:source': 'solar', 'power': 'plant'}",2026-04-24 03:42:50.612263,https://www.openstreetmap.org/way/1459245460,10.453446073792476,107.29529157324404
way/1459245461,1459245461,way,Viet Nam,plant,Missing output tag,none,"tags: {'plant:source': 'solar', 'power': 'plant'}",2026-04-24 03:42:50.612917,https://www.openstreetmap.org/way/1459245461,10.581263831125728,107.40581248280442
way/1459245462,1459245462,way,Viet Nam,plant,Missing output tag,none,"tags: {'plant:source': 'solar', 'power': 'plant'}",2026-04-24 03:42:50.613286,https://www.openstreetmap.org/way/1459245462,10.58350130020422,107.40519823026426
way/1459245463,1459245463,way,Viet Nam,plant,Missing output tag,none,"tags: {'plant:source': 'solar', 'power': 'plant'}",2026-04-24 03:42:50.613735,https://www.openstreetmap.org/way/1459245463,10.5876633722641,107.4064904347318
way/1459250389,1459250389,way,Viet Nam,plant,Missing output tag,none,"tags: {'plant:source': 'solar', 'power': 'plant'}",2026-04-24 03:42:50.614169,https://www.openstreetmap.org/way/1459250389,12.58186863046168,107.92200043824238
way/1459250390,1459250390,way,Viet Nam,plant,Missing output tag,none,"tags: {'plant:source': 'solar', 'power': 'plant'}",2026-04-24 03:42:50.614520,https://www.openstreetmap.org/way/1459250390,11.871682041552537,106.8761517040926
way/1459250391,1459250391,way,Viet Nam,plant,Missing output tag,none,"tags: {'plant:source': 'solar', 'power': 'plant'}",2026-04-24 03:42:50.614944,https://www.openstreetmap.org/way/1459250391,13.912573837277945,108.54785001104068
way/1459250392,1459250392,way,Viet Nam,plant,Missing output tag,none,"tags: {'plant:source': 'solar', 'power': 'plant'}",2026-04-24 03:42:50.615414,https://www.openstreetmap.org/way/1459250392,11.952641602213319,106.83675238316494
way/1459250393,1459250393,way,Viet Nam,plant,Missing output tag,none,"tags: {'plant:source': 'solar', 'power': 'plant'}",2026-04-24 03:42:50.615743,https://www.openstreetmap.org/way/1459250393,11.46205847558962,108.96362230667201
way/1459250394,1459250394,way,Viet Nam,plant,Missing output tag,none,"tags: {'plant:source': 'solar', 'power': 'plant'}",2026-04-24 03:42:50.616118,https://www.openstreetmap.org/way/1459250394,12.271410046843677,107.49971147202712
way/1459250395,1459250395,way,Viet Nam,plant,Missing output tag,none,"tags: {'plant:source': 'solar', 'power': 'plant'}",2026-04-24 03:42:50.616472,https://www.openstreetmap.org/way/1459250395,11.434160455191886,106.86599230537306
way/1459250396,1459250396,way,Viet Nam,plant,Missing output tag,none,"tags: {'plant:source': 'solar', 'power': 'plant'}",2026-04-24 03:42:50.616810,https://www.openstreetmap.org/way/1459250396,18.367203457228452,105.82474402013305
way/1459250397,1459250397,way,Viet Nam,plant,Missing output tag,none,"tags: {'plant:source': 'solar', 'power': 'plant'}",2026-04-24 03:42:50.617243,https://www.openstreetmap.org/way/1459250397,14.418035490403831,107.98386338200672
way/1459250398,1459250398,way,Viet Nam,plant,Missing output tag,none,"tags: {'plant:source': 'solar', 'power': 'plant'}",2026-04-24 03:42:50.617639,https://www.openstreetmap.org/way/1459250398,10.832796583433282,107.86847578435457
way/1459250399,1459250399,way,Viet Nam,plant,Missing output tag,none,"tags: {'plant:source': 'solar', 'power': 'plant'}",2026-04-24 03:42:50.618001,https://www.openstreetmap.org/way/1459250399,13.696119851958137,107.95932747933404
way/1459250400,1459250400,way,Viet Nam,plant,Missing output tag,none,"tags: {'plant:source': 'solar', 'power': 'plant'}",2026-04-24 03:42:50.618366,https://www.openstreetmap.org/way/1459250400,12.205947057256875,107.5326632750152
way/1459250401,1459250401,way,Viet Nam,plant,Missing output tag,none,"tags: {'plant:source': 'solar', 'power': 'plant'}",2026-04-24 03:42:50.618684,https://www.openstreetmap.org/way/1459250401,11.463038657208633,108.90642573453354
way/1459250402,1459250402,way,Viet Nam,plant,Missing output tag,none,"tags: {'plant:source': 'solar', 'power': 'plant'}",2026-04-24 03:42:50.619037,https://www.openstreetmap.org/way/1459250402,11.467308990752281,108.90254782163792
way/1459250403,1459250403,way,Viet Nam,plant,Missing output tag,none,"tags: {'plant:source': 'solar', 'power': 'plant'}",2026-04-24 03:42:50.619325,https://www.openstreetmap.org/way/1459250403,11.465437737608772,108.90283655122134
way/1459250404,1459250404,way,Viet Nam,plant,Missing output tag,none,"tags: {'plant:source': 'solar', 'power': 'plant'}",2026-04-24 03:42:50.619629,https://www.openstreetmap.org/way/1459250404,11.034257945624226,107.62931428190988
way/1459250406,1459250406,way,Viet Nam,plant,Missing output tag,none,"tags: {'plant:source': 'solar', 'power': 'plant'}",2026-04-24 03:42:50.619946,https://www.openstreetmap.org/way/1459250406,11.49951617176327,108.84778595978322
way/1459250407,1459250407,way,Viet Nam,plant,Missing output tag,none,"tags: {'plant:source': 'solar', 'power': 'plant'}",2026-04-24 03:42:50.620271,https://www.openstreetmap.org/way/1459250407,11.47831498154821,106.77934759562304
way/1459250409,1459250409,way,Viet Nam,plant,Missing output tag,none,"tags: {'plant:source': 'solar', 'power': 'plant'}",2026-04-24 03:42:50.620657,https://www.openstreetmap.org/way/1459250409,13.265121543640236,108.59142464486598
way/1459250410,1459250410,way,Viet Nam,plant,Missing output tag,none,"tags: {'plant:source': 'solar', 'power': 'plant'}",2026-04-24 03:42:50.621091,https://www.openstreetmap.org/way/1459250410,12.609509342293132,109.12435366329682
way/1459250411,1459250411,way,Viet Nam,plant,Missing output tag,none,"tags: {'plant:source': 'solar', 'power': 'plant'}",2026-04-24 03:42:50.621377,https://www.openstreetmap.org/way/1459250411,16.603455149454838,107.43072867724774
way/1459250412,1459250412,way,Viet Nam,plant,Missing output tag,none,"tags: {'plant:source': 'solar', 'power': 'plant'}",2026-04-24 03:42:50.621666,https://www.openstreetmap.org/way/1459250412,16.60384463591267,107.4294021662157
way/1459250413,1459250413,way,Viet Nam,plant,Missing output tag,none,"tags: {'plant:source': 'solar', 'power': 'plant'}",2026-04-24 03:42:50.622104,https://www.openstreetmap.org/way/1459250413,11.079770763896711,106.4848147078887
way/1459250414,1459250414,way,Viet Nam,plant,Missing output tag,none,"tags: {'plant:source': 'solar', 'power': 'plant'}",2026-04-24 03:42:50.622390,https://www.openstreetmap.org/way/1459250414,9.197945204971433,105.69931236518276
way/1459250415,1459250415,way,Viet Nam,plant,Missing output tag,none,"tags: {'plant:source': 'solar', 'power': 'plant'}",2026-04-24 03:42:50.622678,https://www.openstreetmap.org/way/1459250415,9.199456946952754,105.69876636904472
way/1459250416,1459250416,way,Viet Nam,plant,Missing output tag,none,"tags: {'plant:source': 'solar', 'power': 'plant'}",2026-04-24 03:42:50.622988,https://www.openstreetmap.org/way/1459250416,9.20096907605662,105.69821100589715
way/1459250417,1459250417,way,Viet Nam,plant,Missing output tag,none,"tags: {'plant:source': 'solar', 'power': 'plant'}",2026-04-24 03:42:50.623398,https://www.openstreetmap.org/way/1459250417,11.663882778317358,106.97876467015904
way/1459250418,1459250418,way,Viet Nam,plant,Missing output tag,none,"tags: {'plant:source': 'solar', 'power': 'plant'}",2026-04-24 03:42:50.623824,https://www.openstreetmap.org/way/1459250418,14.430197296419959,107.85079935508284
way/1459250419,1459250419,way,Viet Nam,plant,Missing output tag,none,"tags: {'plant:source': 'solar', 'power': 'plant'}",2026-04-24 03:42:50.624168,https://www.openstreetmap.org/way/1459250419,14.429025176068826,107.85087270635502
way/1459250420,1459250420,way,Viet Nam,plant,Missing output tag,none,"tags: {'plant:source': 'solar', 'power': 'plant'}",2026-04-24 03:42:50.624501,https://www.openstreetmap.org/way/1459250420,10.83258661392488,107.97437779600882
way/1459250421,1459250421,way,Viet Nam,plant,Missing output tag,none,"tags: {'plant:source': 'solar', 'power': 'plant'}",2026-04-24 03:42:50.624786,https://www.openstreetmap.org/way/1459250421,11.780510118700061,106.79797020862297
way/1459250422,1459250422,way,Viet Nam,plant,Missing output tag,none,"tags: {'plant:source': 'solar', 'power': 'plant'}",2026-04-24 03:42:50.625205,https://www.openstreetmap.org/way/1459250422,11.516362788435,106.98046902962595
way/1459250423,1459250423,way,Viet Nam,plant,Missing output tag,none,"tags: {'plant:source': 'solar', 'power': 'plant'}",2026-04-24 03:42:50.625705,https://www.openstreetmap.org/way/1459250423,11.515931553388931,106.98223625296019
way/1459250424,1459250424,way,Viet Nam,plant,Missing output tag,none,"tags: {'plant:source': 'solar', 'power': 'plant'}",2026-04-24 03:42:50.626274,https://www.openstreetmap.org/way/1459250424,18.25299423323406,105.87408692543825
way/1459250425,1459250425,way,Viet Nam,plant,Missing output tag,none,"tags: {'plant:source': 'solar', 'power': 'plant'}",2026-04-24 03:42:50.626626,https://www.openstreetmap.org/way/1459250425,11.64378598136491,106.11559278672148
way/1459250426,1459250426,way,Viet Nam,plant,Missing output tag,none,"tags: {'plant:source': 'solar', 'power': 'plant'}",2026-04-24 03:42:50.626979,https://www.openstreetmap.org/way/1459250426,11.021009441800983,107.36157730671279
way/1459250427,1459250427,way,Viet Nam,plant,Missing output tag,none,"tags: {'plant:source': 'solar', 'power': 'plant'}",2026-04-24 03:42:50.627325,https://www.openstreetmap.org/way/1459250427,13.88646230291826,107.64836308983487
way/1459250428,1459250428,way,Viet Nam,plant,Missing output tag,none,"tags: {'plant:source': 'solar', 'power': 'plant'}",2026-04-24 03:42:50.627790,https://www.openstreetmap.org/way/1459250428,11.723553638356648,108.81633118060296
way/1459250429,1459250429,way,Viet Nam,plant,Missing output tag,none,"tags: {'plant:source': 'solar', 'power': 'plant'}",2026-04-24 03:42:50.628262,https://www.openstreetmap.org/way/1459250429,14.82605747604852,108.86322930817062
way/1459472384,1459472384,way,Viet Nam,plant,Missing output tag,none,"tags: {'plant:source': 'solar', 'power': 'plant'}",2026-04-24 03:42:50.628895,https://www.openstreetmap.org/way/1459472384,11.115437843819148,107.26319018159457
way/1459472387,1459472387,way,Viet Nam,plant,Missing output tag,none,"tags: {'plant:source': 'solar', 'power': 'plant'}",2026-04-24 03:42:50.629308,https://www.openstreetmap.org/way/1459472387,13.895562477058863,108.2764256359393
way/1459472394,1459472394,way,Viet Nam,plant,Missing output tag,none,"tags: {'plant:source': 'solar', 'power': 'plant'}",2026-04-24 03:42:50.629676,https://www.openstreetmap.org/way/1459472394,14.550646382119567,107.82707386433208
way/1459472395,1459472395,way,Viet Nam,plant,Missing output tag,none,"tags: {'plant:source': 'solar', 'power': 'plant'}",2026-04-24 03:42:50.630168,https://www.openstreetmap.org/way/1459472395,11.577400019140269,106.75906286565264
way/1459472396,1459472396,way,Viet Nam,plant,Missing output tag,none,"tags: {'plant:source': 'solar', 'power': 'plant'}",2026-04-24 03:42:50.630537,https://www.openstreetmap.org/way/1459472396,12.659106294450776,108.16364057509372
way/1459472397,1459472397,way,Viet Nam,plant,Missing output tag,none,"tags: {'plant:source': 'solar', 'power': 'plant'}",2026-04-24 03:42:50.630865,https://www.openstreetmap.org/way/1459472397,11.22130067576532,106.58600342071979
way/1459472401,1459472401,way,Viet Nam,plant,Missing output tag,none,"tags: {'plant:source': 'solar', 'power': 'plant'}",2026-04-24 03:42:50.631259,https://www.openstreetmap.org/way/1459472401,13.597039942680212,108.20867921355106
way/1459472402,1459472402,way,Viet Nam,plant,Missing output tag,none,"tags: {'plant:source': 'solar', 'power': 'plant'}",2026-04-24 03:42:50.631558,https://www.openstreetmap.org/way/1459472402,13.831475328799762,107.6562767165537
way/1459472403,1459472403,way,Viet Nam,plant,Missing output tag,none,"tags: {'plant:source': 'solar', 'power': 'plant'}",2026-04-24 03:42:50.632125,https://www.openstreetmap.org/way/1459472403,11.941310347167077,106.76133550361213
way/1459472404,1459472404,way,Viet Nam,plant,Missing output tag,none,"tags: {'plant:source': 'solar', 'power': 'plant'}",2026-04-24 03:42:50.632526,https://www.openstreetmap.org/way/1459472404,11.481743320075234,108.93273264573986
way/1459472405,1459472405,way,Viet Nam,plant,Missing output tag,none,"tags: {'plant:source': 'solar', 'power': 'plant'}",2026-04-24 03:42:50.632946,https://www.openstreetmap.org/way/1459472405,11.426361396944477,108.97206171746922
way/1459472407,1459472407,way,Viet Nam,plant,Missing output tag,none,"tags: {'plant:source': 'solar', 'power': 'plant'}",2026-04-24 03:42:50.633255,https://www.openstreetmap.org/way/1459472407,11.29311304360105,106.90795621663885
way/1459472408,1459472408,way,Viet Nam,plant,Missing output tag,none,"tags: {'plant:source': 'solar', 'power': 'plant'}",2026-04-24 03:42:50.633841,https://www.openstreetmap.org/way/1459472408,10.815053071377038,105.95915841603123
way/1459472409,1459472409,way,Viet Nam,plant,Missing output tag,none,"tags: {'plant:source': 'solar', 'power': 'plant'}",2026-04-24 03:42:50.634173,https://www.openstreetmap.org/way/1459472409,15.563352312368936,108.2184376522384
way/1459472410,1459472410,way,Viet Nam,plant,Missing output tag,none,"tags: {'plant:source': 'solar', 'power': 'plant'}",2026-04-24 03:42:50.634507,https://www.openstreetmap.org/way/1459472410,11.604414851826554,106.29610463267352
way/1459472411,1459472411,way,Viet Nam,plant,Missing output tag,none,"tags: {'plant:source': 'solar', 'power': 'plant'}",2026-04-24 03:42:50.635427,https://www.openstreetmap.org/way/1459472411,10.740850868294219,107.33089882689316
way/1459472412,1459472412,way,Viet Nam,plant,Missing output tag,none,"tags: {'plant:source': 'solar', 'power': 'plant'}",2026-04-24 03:42:50.635916,https://www.openstreetmap.org/way/1459472412,11.429073209283095,107.01090880458521
way/1459472413,1459472413,way,Viet Nam,plant,Missing output tag,none,"tags: {'plant:source': 'solar', 'power': 'plant'}",2026-04-24 03:42:50.636548,https://www.openstreetmap.org/way/1459472413,11.559450183577193,108.8861853948606
way/1459475912,1459475912,way,Viet Nam,plant,Missing output tag,none,"tags: {'plant:source': 'solar', 'power': 'plant'}",2026-04-24 03:42:50.636915,https://www.openstreetmap.org/way/1459475912,11.76538851137801,106.58284909955762
way/1459475913,1459475913,way,Viet Nam,plant,Missing output tag,none,"tags: {'plant:source': 'solar', 'power': 'plant'}",2026-04-24 03:42:50.637339,https://www.openstreetmap.org/way/1459475913,10.683569569919229,107.46319530745052
way/1459475914,1459475914,way,Viet Nam,plant,Missing output tag,none,"tags: {'plant:source': 'solar', 'power': 'plant'}",2026-04-24 03:42:50.637781,https://www.openstreetmap.org/way/1459475914,11.313119921409578,106.52132356091693
way/1459475915,1459475915,way,Viet Nam,plant,Missing output tag,none,"tags: {'plant:source': 'solar', 'power': 'plant'}",2026-04-24 03:42:50.638317,https://www.openstreetmap.org/way/1459475915,11.31458086063441,106.52089024834291
way/1459475917,1459475917,way,Viet Nam,plant,Missing output tag,none,"tags: {'plant:source': 'solar', 'power': 'plant'}",2026-04-24 03:42:50.638851,https://www.openstreetmap.org/way/1459475917,11.672038685418018,108.90363035051074
way/1459475918,1459475918,way,Viet Nam,plant,Missing output tag,none,"tags: {'plant:source': 'solar', 'power': 'plant'}",2026-04-24 03:42:50.639366,https://www.openstreetmap.org/way/1459475918,11.214233586540473,108.67283026434914
way/1459475919,1459475919,way,Viet Nam,plant,Missing output tag,none,"tags: {'plant:source': 'solar', 'power': 'plant'}",2026-04-24 03:42:50.639765,https://www.openstreetmap.org/way/1459475919,11.140809522237648,108.36453359925402
way/1459475920,1459475920,way,Viet Nam,plant,Missing output tag,none,"tags: {'plant:source': 'solar', 'power': 'plant'}",2026-04-24 03:42:50.640441,https://www.openstreetmap.org/way/1459475920,18.211569862721188,106.03587589094353
way/1459475922,1459475922,way,Viet Nam,plant,Missing output tag,none,"tags: {'plant:source': 'solar', 'power': 'plant'}",2026-04-24 03:42:50.640754,https://www.openstreetmap.org/way/1459475922,16.615548623406184,107.4144144080489
way/1459475925,1459475925,way,Viet Nam,plant,Missing output tag,none,"tags: {'plant:source': 'solar', 'power': 'plant'}",2026-04-24 03:42:50.641227,https://www.openstreetmap.org/way/1459475925,14.464983933540646,107.98850381124826
way/1459475926,1459475926,way,Viet Nam,plant,Missing output tag,none,"tags: {'plant:source': 'solar', 'power': 'plant'}",2026-04-24 03:42:50.641948,https://www.openstreetmap.org/way/1459475926,10.924308082324703,107.48771608309426
way/1459475927,1459475927,way,Viet Nam,plant,Missing output tag,none,"tags: {'plant:source': 'solar', 'power': 'plant'}",2026-04-24 03:42:50.642536,https://www.openstreetmap.org/way/1459475927,14.723341791304792,107.58887829901741
way/1459475928,1459475928,way,Viet Nam,plant,Missing output tag,none,"tags: {'plant:source': 'solar', 'power': 'plant'}",2026-04-24 03:42:50.642935,https://www.openstreetmap.org/way/1459475928,10.69220044628043,105.58508684348982
way/1459475935,1459475935,way,Viet Nam,plant,Missing output tag,none,"tags: {'plant:source': 'solar', 'power': 'plant'}",2026-04-24 03:42:50.643283,https://www.openstreetmap.org/way/1459475935,13.906571537604956,108.53022491988747
way/1459475938,1459475938,way,Viet Nam,plant,Missing output tag,none,"tags: {'plant:source': 'solar', 'power': 'plant'}",2026-04-24 03:42:50.643734,https://www.openstreetmap.org/way/1459475938,11.906768273451029,106.69805563898957
way/1459481006,1459481006,way,Viet Nam,plant,Missing output tag,none,"tags: {'plant:source': 'solar', 'power': 'plant'}",2026-04-24 03:42:50.644129,https://www.openstreetmap.org/way/1459481006,12.266285561189957,109.07446619618365
way/1459481007,1459481007,way,Viet Nam,plant,Missing output tag,none,"tags: {'plant:source': 'solar', 'power': 'plant'}",2026-04-24 03:42:50.644511,https://www.openstreetmap.org/way/1459481007,12.381763525047248,108.9260323550185
way/1459481008,1459481008,way,Viet Nam,plant,Missing output tag,none,"tags: {'plant:source': 'solar', 'power': 'plant'}",2026-04-24 03:42:50.644934,https://www.openstreetmap.org/way/1459481008,11.815633497076263,108.80324584180632
way/1459481009,1459481009,way,Viet Nam,plant,Missing output tag,none,"tags: {'plant:source': 'solar', 'power': 'plant'}",2026-04-24 03:42:50.645269,https://www.openstreetmap.org/way/1459481009,16.24868554447917,107.37178140087809
way/1459481010,1459481010,way,Viet Nam,plant,Missing output tag,none,"tags: {'plant:source': 'solar', 'power': 'plant'}",2026-04-24 03:42:50.645590,https://www.openstreetmap.org/way/1459481010,16.24835698120174,107.37255346676011
way/1459481011,1459481011,way,Viet Nam,plant,Missing output tag,none,"tags: {'plant:source': 'solar', 'power': 'plant'}",2026-04-24 03:42:50.645956,https://www.openstreetmap.org/way/1459481011,16.252028563875218,107.36986595159216
way/1459481012,1459481012,way,Viet Nam,plant,Missing output tag,none,"tags: {'plant:source': 'solar', 'power': 'plant'}",2026-04-24 03:42:50.646390,https://www.openstreetmap.org/way/1459481012,16.248966206610238,107.37032886785178
way/1459481013,1459481013,way,Viet Nam,plant,Missing output tag,none,"tags: {'plant:source': 'solar', 'power': 'plant'}",2026-04-24 03:42:50.646761,https://www.openstreetmap.org/way/1459481013,11.27965387637942,107.35242957728266
way/1459481014,1459481014,way,Viet Nam,plant,Missing output tag,none,"tags: {'plant:source': 'solar', 'power': 'plant'}",2026-04-24 03:42:50.647358,https://www.openstreetmap.org/way/1459481014,10.93359544032013,107.32954107244113
way/1459481015,1459481015,way,Viet Nam,plant,Missing output tag,none,"tags: {'plant:source': 'solar', 'power': 'plant'}",2026-04-24 03:42:50.648030,https://www.openstreetmap.org/way/1459481015,10.927729901027577,107.32929549978505
way/1459481016,1459481016,way,Viet Nam,plant,Missing output tag,none,"tags: {'plant:source': 'solar', 'power': 'plant'}",2026-04-24 03:42:50.648379,https://www.openstreetmap.org/way/1459481016,11.923599639156302,106.53968559869274
way/1459481018,1459481018,way,Viet Nam,plant,Missing output tag,none,"tags: {'plant:source': 'solar', 'power': 'plant'}",2026-04-24 03:42:50.648682,https://www.openstreetmap.org/way/1459481018,11.503930740595598,106.11758482865424
way/1459481019,1459481019,way,Viet Nam,plant,Missing output tag,none,"tags: {'plant:source': 'solar', 'power': 'plant'}",2026-04-24 03:42:50.649008,https://www.openstreetmap.org/way/1459481019,11.504836784131639,106.11613662132201
way/1459481020,1459481020,way,Viet Nam,plant,Missing output tag,none,"tags: {'plant:method': 'photovoltaic', 'plant:source': 'solar', 'power': 'plant'}",2026-04-24 03:42:50.649445,https://www.openstreetmap.org/way/1459481020,11.827357206524889,109.0799654244756
way/1459481022,1459481022,way,Viet Nam,plant,Capacity regex no match,solar,Tag 'plant:output:electricity' has value 'solar' which could not be parsed,2026-04-24 03:42:50.649978,https://www.openstreetmap.org/way/1459481022,12.010010171537429,109.10152300947361
way/1459481023,1459481023,way,Viet Nam,plant,Missing output tag,none,"tags: {'plant:source': 'solar', 'power': 'plant'}",2026-04-24 03:42:50.650295,https://www.openstreetmap.org/way/1459481023,11.69605735722253,107.98138219193586
way/1459481024,1459481024,way,Viet Nam,plant,Missing output tag,none,"tags: {'plant:source': 'solar', 'power': 'plant'}",2026-04-24 03:42:50.651026,https://www.openstreetmap.org/way/1459481024,11.69628523784779,107.98544015741507
way/1459481025,1459481025,way,Viet Nam,plant,Missing output tag,none,"tags: {'plant:source': 'solar', 'power': 'plant'}",2026-04-24 03:42:50.651391,https://www.openstreetmap.org/way/1459481025,11.768545131832527,106.81135133804119
way/1459481026,1459481026,way,Viet Nam,plant,Missing output tag,none,"tags: {'plant:source': 'solar', 'power': 'plant'}",2026-04-24 03:42:50.651746,https://www.openstreetmap.org/way/1459481026,13.601652844300027,108.18645738328603
way/1459481027,1459481027,way,Viet Nam,plant,Missing output tag,none,"tags: {'plant:source': 'solar', 'power': 'plant'}",2026-04-24 03:42:50.652143,https://www.openstreetmap.org/way/1459481027,13.603002206265444,108.18657973531958
way/1459481028,1459481028,way,Viet Nam,plant,Missing output tag,none,"tags: {'plant:source': 'solar', 'power': 'plant'}",2026-04-24 03:42:50.652488,https://www.openstreetmap.org/way/1459481028,11.059855436729338,107.49856501630417
way/1459481029,1459481029,way,Viet Nam,plant,Missing output tag,none,"tags: {'plant:source': 'solar', 'power': 'plant'}",2026-04-24 03:42:50.652892,https://www.openstreetmap.org/way/1459481029,9.96303807786046,105.35767639080953
way/1459481035,1459481035,way,Viet Nam,plant,Missing output tag,none,"tags: {'plant:source': 'solar', 'power': 'plant'}",2026-04-24 03:42:50.653204,https://www.openstreetmap.org/way/1459481035,10.604515352998494,107.03290906554616
way/1459481036,1459481036,way,Viet Nam,plant,Missing output tag,none,"tags: {'plant:source': 'solar', 'power': 'plant'}",2026-04-24 03:42:50.653513,https://www.openstreetmap.org/way/1459481036,10.557138275086334,107.46198502952774
way/1459481037,1459481037,way,Viet Nam,plant,Missing output tag,none,"tags: {'plant:source': 'solar', 'power': 'plant'}",2026-04-24 03:42:50.653818,https://www.openstreetmap.org/way/1459481037,10.5679945848613,105.66446460546732
way/1459481038,1459481038,way,Viet Nam,plant,Missing output tag,none,"tags: {'plant:source': 'solar', 'power': 'plant'}",2026-04-24 03:42:50.654193,https://www.openstreetmap.org/way/1459481038,11.331325149757905,108.37917198409853
way/1459485281,1459485281,way,Viet Nam,plant,Missing output tag,none,"tags: {'plant:source': 'solar', 'power': 'plant'}",2026-04-24 03:42:50.654572,https://www.openstreetmap.org/way/1459485281,12.52614469552633,109.19433467194368
way/1459485282,1459485282,way,Viet Nam,plant,Missing output tag,none,"tags: {'plant:source': 'solar', 'power': 'plant'}",2026-04-24 03:42:50.654890,https://www.openstreetmap.org/way/1459485282,11.58048858934659,106.32106123609792
way/1459485283,1459485283,way,Viet Nam,plant,Missing output tag,none,"tags: {'plant:source': 'solar', 'power': 'plant'}",2026-04-24 03:42:50.655301,https://www.openstreetmap.org/way/1459485283,10.876103008319486,107.50416800513608
way/1459485284,1459485284,way,Viet Nam,plant,Missing output tag,none,"tags: {'plant:source': 'solar', 'power': 'plant'}",2026-04-24 03:42:50.655709,https://www.openstreetmap.org/way/1459485284,11.510844207110024,106.1602175181622
way/1459485285,1459485285,way,Viet Nam,plant,Missing output tag,none,"tags: {'plant:source': 'solar', 'power': 'plant'}",2026-04-24 03:42:50.656091,https://www.openstreetmap.org/way/1459485285,11.51240083355803,106.1588695089869
way/1459485286,1459485286,way,Viet Nam,plant,Missing output tag,none,"tags: {'plant:source': 'solar', 'power': 'plant'}",2026-04-24 03:42:50.656400,https://www.openstreetmap.org/way/1459485286,11.709398135838004,108.9458645126846
way/1459485288,1459485288,way,Viet Nam,plant,Missing output tag,none,"tags: {'plant:source': 'solar', 'power': 'plant'}",2026-04-24 03:42:50.656893,https://www.openstreetmap.org/way/1459485288,12.664409352804608,107.89501338415768
way/1459485289,1459485289,way,Viet Nam,plant,Missing output tag,none,"tags: {'plant:source': 'solar', 'power': 'plant'}",2026-04-24 03:42:50.657342,https://www.openstreetmap.org/way/1459485289,12.997789375383835,108.23606008399132
way/1459485290,1459485290,way,Viet Nam,plant,Missing output tag,none,"tags: {'plant:source': 'solar', 'power': 'plant'}",2026-04-24 03:42:50.657788,https://www.openstreetmap.org/way/1459485290,11.671999100178176,108.8864629662304
way/1459485291,1459485291,way,Viet Nam,plant,Missing output tag,none,"tags: {'plant:source': 'solar', 'power': 'plant'}",2026-04-24 03:42:50.658182,https://www.openstreetmap.org/way/1459485291,10.717519255858374,107.7594792549335
way/1459485292,1459485292,way,Viet Nam,plant,Missing output tag,none,"tags: {'plant:source': 'solar', 'power': 'plant'}",2026-04-24 03:42:50.658499,https://www.openstreetmap.org/way/1459485292,13.56394408703521,108.10777148660182
way/1459485293,1459485293,way,Viet Nam,plant,Missing output tag,none,"tags: {'plant:source': 'solar', 'power': 'plant'}",2026-04-24 03:42:50.658923,https://www.openstreetmap.org/way/1459485293,12.062772863417543,107.58917046569802
way/1459485295,1459485295,way,Viet Nam,plant,Missing output tag,none,"tags: {'plant:source': 'solar', 'power': 'plant'}",2026-04-24 03:42:50.659352,https://www.openstreetmap.org/way/1459485295,12.715749764669512,107.97286498635242
way/1459485303,1459485303,way,Viet Nam,plant,Missing output tag,none,"tags: {'plant:source': 'solar', 'power': 'plant'}",2026-04-24 03:42:50.659777,https://www.openstreetmap.org/way/1459485303,11.046978003937012,108.20218425422406
way/1459485304,1459485304,way,Viet Nam,plant,Missing output tag,none,"tags: {'plant:source': 'solar', 'power': 'plant'}",2026-04-24 03:42:50.660119,https://www.openstreetmap.org/way/1459485304,20.517006575568047,106.22616085830784
way/1459485305,1459485305,way,Viet Nam,plant,Missing output tag,none,"tags: {'plant:source': 'solar', 'power': 'plant'}",2026-04-24 03:42:50.660422,https://www.openstreetmap.org/way/1459485305,12.88838982590648,108.17904071408918
way/1459485306,1459485306,way,Viet Nam,plant,Missing output tag,none,"tags: {'plant:source': 'solar', 'power': 'plant'}",2026-04-24 03:42:50.660983,https://www.openstreetmap.org/way/1459485306,10.550072381937655,107.36269177475666
way/1459485324,1459485324,way,Viet Nam,plant,Missing output tag,none,"tags: {'plant:source': 'solar', 'power': 'plant'}",2026-04-24 03:42:50.661401,https://www.openstreetmap.org/way/1459485324,11.44457182844987,107.90236038188074
way/1459485326,1459485326,way,Viet Nam,plant,Missing output tag,none,"tags: {'plant:source': 'solar', 'power': 'plant'}",2026-04-24 03:42:50.661741,https://www.openstreetmap.org/way/1459485326,13.514840088346777,107.87293732036159
way/1459485327,1459485327,way,Viet Nam,plant,Missing output tag,none,"tags: {'plant:source': 'solar', 'power': 'plant'}",2026-04-24 03:42:50.662112,https://www.openstreetmap.org/way/1459485327,11.551804925526488,106.23767740980905
way/1459725674,1459725674,way,Viet Nam,plant,Missing output tag,none,"tags: {'plant:source': 'solar', 'power': 'plant'}",2026-04-24 03:42:50.662459,https://www.openstreetmap.org/way/1459725674,11.777251169750013,106.62040123992257
way/1459725675,1459725675,way,Viet Nam,plant,Missing output tag,none,"tags: {'plant:source': 'solar', 'power': 'plant'}",2026-04-24 03:42:50.662933,https://www.openstreetmap.org/way/1459725675,11.369313216132655,107.88551625231543
way/1459725682,1459725682,way,Viet Nam,plant,Missing output tag,none,"tags: {'plant:source': 'solar', 'power': 'plant'}",2026-04-24 03:42:50.663471,https://www.openstreetmap.org/way/1459725682,12.22392442246743,108.92670669227815
way/1459730851,1459730851,way,Viet Nam,plant,Missing output tag,none,"tags: {'plant:source': 'solar', 'power': 'plant'}",2026-04-24 03:42:50.663926,https://www.openstreetmap.org/way/1459730851,11.430336314230143,106.85089735588303
way/1459730852,1459730852,way,Viet Nam,plant,Missing output tag,none,"tags: {'plant:source': 'solar', 'power': 'plant'}",2026-04-24 03:42:50.664368,https://www.openstreetmap.org/way/1459730852,15.084740553100913,108.54811905993292
way/1459730853,1459730853,way,Viet Nam,plant,Missing output tag,none,"tags: {'plant:source': 'solar', 'power': 'plant'}",2026-04-24 03:42:50.664682,https://www.openstreetmap.org/way/1459730853,11.576399155203989,106.32143848594971
way/1459730854,1459730854,way,Viet Nam,plant,Missing output tag,none,"tags: {'plant:source': 'solar', 'power': 'plant'}",2026-04-24 03:42:50.665236,https://www.openstreetmap.org/way/1459730854,11.534904805195934,106.94135148652482
way/1459730855,1459730855,way,Viet Nam,plant,Missing output tag,none,"tags: {'plant:source': 'solar', 'power': 'plant'}",2026-04-24 03:42:50.665750,https://www.openstreetmap.org/way/1459730855,10.542326880804772,107.37481474069526
way/1459730856,1459730856,way,Viet Nam,plant,Missing output tag,none,"tags: {'plant:source': 'solar', 'power': 'plant'}",2026-04-24 03:42:50.666101,https://www.openstreetmap.org/way/1459730856,9.268388208800701,105.69387386863801
way/1459730857,1459730857,way,Viet Nam,plant,Missing output tag,none,"tags: {'plant:source': 'solar', 'power': 'plant'}",2026-04-24 03:42:50.666933,https://www.openstreetmap.org/way/1459730857,11.145645573368604,107.30587154446363
way/1459730866,1459730866,way,Viet Nam,plant,Missing output tag,none,"tags: {'plant:source': 'solar', 'power': 'plant'}",2026-04-24 03:42:50.667390,https://www.openstreetmap.org/way/1459730866,13.587290981617302,108.20149552571823
way/1459730867,1459730867,way,Viet Nam,plant,Missing output tag,none,"tags: {'plant:source': 'solar', 'power': 'plant'}",2026-04-24 03:42:50.667801,https://www.openstreetmap.org/way/1459730867,10.522981244182667,107.38568668125372
way/1459730871,1459730871,way,Viet Nam,plant,Missing output tag,none,"tags: {'plant:source': 'solar', 'power': 'plant'}",2026-04-24 03:42:50.668151,https://www.openstreetmap.org/way/1459730871,13.607218925779252,108.40534618699346
way/1459730872,1459730872,way,Viet Nam,plant,Missing output tag,none,"tags: {'plant:source': 'solar', 'power': 'plant'}",2026-04-24 03:42:50.668618,https://www.openstreetmap.org/way/1459730872,9.416649029022,105.41430823511938
way/1459730884,1459730884,way,Viet Nam,plant,Missing output tag,none,"tags: {'plant:source': 'solar', 'power': 'plant'}",2026-04-24 03:42:50.669049,https://www.openstreetmap.org/way/1459730884,11.69572513316417,108.4334151551304
way/1459730885,1459730885,way,Viet Nam,plant,Missing output tag,none,"tags: {'plant:source': 'solar', 'power': 'plant'}",2026-04-24 03:42:50.669769,https://www.openstreetmap.org/way/1459730885,11.694623030764054,108.43285730588076
way/1459730886,1459730886,way,Viet Nam,plant,Missing output tag,none,"tags: {'plant:source': 'solar', 'power': 'plant'}",2026-04-24 03:42:50.670095,https://www.openstreetmap.org/way/1459730886,10.825803064516226,107.50388578979188
way/1459730887,1459730887,way,Viet Nam,plant,Missing output tag,none,"tags: {'plant:source': 'solar', 'power': 'plant'}",2026-04-24 03:42:50.670484,https://www.openstreetmap.org/way/1459730887,13.669893301038014,107.84196454280718
way/1459730888,1459730888,way,Viet Nam,plant,Missing output tag,none,"tags: {'plant:source': 'solar', 'power': 'plant'}",2026-04-24 03:42:50.670823,https://www.openstreetmap.org/way/1459730888,11.724436524834,106.56518297566181
way/1459730889,1459730889,way,Viet Nam,plant,Missing output tag,none,"tags: {'plant:source': 'solar', 'power': 'plant'}",2026-04-24 03:42:50.671275,https://www.openstreetmap.org/way/1459730889,11.722968834082668,106.56419782023669
way/1459730890,1459730890,way,Viet Nam,plant,Missing output tag,none,"tags: {'plant:source': 'solar', 'power': 'plant'}",2026-04-24 03:42:50.671690,https://www.openstreetmap.org/way/1459730890,11.71973984875598,108.80754639306718
way/1459730891,1459730891,way,Viet Nam,plant,Missing output tag,none,"tags: {'plant:source': 'solar', 'power': 'plant'}",2026-04-24 03:42:50.672091,https://www.openstreetmap.org/way/1459730891,11.70687190415833,108.77197441094575
way/1459730904,1459730904,way,Viet Nam,plant,Missing output tag,none,"tags: {'plant:source': 'solar', 'power': 'plant'}",2026-04-24 03:42:50.672649,https://www.openstreetmap.org/way/1459730904,11.7587590963576,106.56512102550904
way/1459730905,1459730905,way,Viet Nam,plant,Missing output tag,none,"tags: {'plant:source': 'solar', 'power': 'plant'}",2026-04-24 03:42:50.672986,https://www.openstreetmap.org/way/1459730905,11.889176939917652,107.49173410350856
way/1459730906,1459730906,way,Viet Nam,plant,Missing output tag,none,"tags: {'plant:source': 'solar', 'power': 'plant'}",2026-04-24 03:42:50.673389,https://www.openstreetmap.org/way/1459730906,12.548427436384225,109.02604361970067
way/1459730907,1459730907,way,Viet Nam,plant,Missing output tag,none,"tags: {'plant:source': 'solar', 'power': 'plant'}",2026-04-24 03:42:50.673782,https://www.openstreetmap.org/way/1459730907,11.570110027097787,107.5266836177148
way/1459732789,1459732789,way,Viet Nam,plant,Missing output tag,none,"tags: {'plant:source': 'solar', 'power': 'plant'}",2026-04-24 03:42:50.674179,https://www.openstreetmap.org/way/1459732789,12.934360727360504,108.44509790193197
way/1459732790,1459732790,way,Viet Nam,plant,Missing output tag,none,"tags: {'plant:source': 'solar', 'power': 'plant'}",2026-04-24 03:42:50.674559,https://www.openstreetmap.org/way/1459732790,10.760136447335865,107.98774098353236
way/1459732791,1459732791,way,Viet Nam,plant,Missing output tag,none,"tags: {'plant:source': 'solar', 'power': 'plant'}",2026-04-24 03:42:50.674894,https://www.openstreetmap.org/way/1459732791,14.011511125566049,108.22228199418213
way/1459732792,1459732792,way,Viet Nam,plant,Missing output tag,none,"tags: {'plant:source': 'solar', 'power': 'plant'}",2026-04-24 03:42:50.675198,https://www.openstreetmap.org/way/1459732792,13.777290152379145,108.10027850695076
way/1459732793,1459732793,way,Viet Nam,plant,Missing output tag,none,"tags: {'plant:source': 'solar', 'power': 'plant'}",2026-04-24 03:42:50.675572,https://www.openstreetmap.org/way/1459732793,13.968969349394573,108.57740701192594
way/1459732794,1459732794,way,Viet Nam,plant,Missing output tag,none,"tags: {'plant:source': 'solar', 'power': 'plant'}",2026-04-24 03:42:50.675909,https://www.openstreetmap.org/way/1459732794,10.981489710217632,107.30379551080222
way/1459732795,1459732795,way,Viet Nam,plant,Missing output tag,none,"tags: {'plant:source': 'solar', 'power': 'plant'}",2026-04-24 03:42:50.676339,https://www.openstreetmap.org/way/1459732795,11.459225566533693,107.96786345711048
way/1459732796,1459732796,way,Viet Nam,plant,Missing output tag,none,"tags: {'plant:source': 'solar', 'power': 'plant'}",2026-04-24 03:42:50.676706,https://www.openstreetmap.org/way/1459732796,10.955794111573637,107.92511762691069
way/1459732797,1459732797,way,Viet Nam,plant,Missing output tag,none,"tags: {'plant:source': 'solar', 'power': 'plant'}",2026-04-24 03:42:50.677184,https://www.openstreetmap.org/way/1459732797,10.739335604302273,107.41611282542017
way/1459732798,1459732798,way,Viet Nam,plant,Missing output tag,none,"tags: {'plant:source': 'solar', 'power': 'plant'}",2026-04-24 03:42:50.677500,https://www.openstreetmap.org/way/1459732798,11.655353324193271,109.08426068105466
way/1459732799,1459732799,way,Viet Nam,plant,Missing output tag,none,"tags: {'plant:source': 'solar', 'power': 'plant'}",2026-04-24 03:42:50.677799,https://www.openstreetmap.org/way/1459732799,11.655657962658362,109.08451349082037
way/1459732800,1459732800,way,Viet Nam,plant,Missing output tag,none,"tags: {'plant:source': 'solar', 'power': 'plant'}",2026-04-24 03:42:50.678302,https://www.openstreetmap.org/way/1459732800,11.655768271723604,109.08532965423241
way/1459732801,1459732801,way,Viet Nam,plant,Missing output tag,none,"tags: {'plant:source': 'solar', 'power': 'plant'}",2026-04-24 03:42:50.678624,https://www.openstreetmap.org/way/1459732801,11.654773704977977,109.0863505319531
way/1459732802,1459732802,way,Viet Nam,plant,Missing output tag,none,"tags: {'plant:source': 'solar', 'power': 'plant'}",2026-04-24 03:42:50.679276,https://www.openstreetmap.org/way/1459732802,11.719540228613212,108.43669948779346
way/1459732803,1459732803,way,Viet Nam,plant,Missing output tag,none,"tags: {'plant:source': 'solar', 'power': 'plant'}",2026-04-24 03:42:50.679612,https://www.openstreetmap.org/way/1459732803,12.340870625115459,108.9059734915782
way/1459732804,1459732804,way,Viet Nam,plant,Missing output tag,none,"tags: {'plant:source': 'solar', 'power': 'plant'}",2026-04-24 03:42:50.680004,https://www.openstreetmap.org/way/1459732804,11.519030016317169,106.77228294156971
way/1459732805,1459732805,way,Viet Nam,plant,Missing output tag,none,"tags: {'plant:source': 'solar', 'power': 'plant'}",2026-04-24 03:42:50.680695,https://www.openstreetmap.org/way/1459732805,13.107792654970462,108.95119650253136
way/1459732806,1459732806,way,Viet Nam,plant,Missing output tag,none,"tags: {'plant:source': 'solar', 'power': 'plant'}",2026-04-24 03:42:50.681133,https://www.openstreetmap.org/way/1459732806,11.220221408329994,106.59344025812986
way/1459732807,1459732807,way,Viet Nam,plant,Missing output tag,none,"tags: {'plant:source': 'solar', 'power': 'plant'}",2026-04-24 03:42:50.681558,https://www.openstreetmap.org/way/1459732807,10.809198540463766,107.564241014855
way/1459735750,1459735750,way,Viet Nam,plant,Missing output tag,none,"tags: {'plant:source': 'solar', 'power': 'plant'}",2026-04-24 03:42:50.681978,https://www.openstreetmap.org/way/1459735750,18.51200521271115,105.61922589064072
way/1459741531,1459741531,way,Viet Nam,plant,Missing output tag,none,"tags: {'plant:source': 'solar', 'power': 'plant'}",2026-04-24 03:42:50.682356,https://www.openstreetmap.org/way/1459741531,12.49639849883686,108.03966616685285
way/1459741532,1459741532,way,Viet Nam,plant,Missing output tag,none,"tags: {'plant:source': 'solar', 'power': 'plant'}",2026-04-24 03:42:50.682870,https://www.openstreetmap.org/way/1459741532,15.819016047453001,108.20462962899794
way/1459741533,1459741533,way,Viet Nam,plant,Missing output tag,none,"tags: {'plant:source': 'solar', 'power': 'plant'}",2026-04-24 03:42:50.683225,https://www.openstreetmap.org/way/1459741533,12.288200970708097,108.95249144360878
way/1459741534,1459741534,way,Viet Nam,plant,Missing output tag,none,"tags: {'plant:source': 'solar', 'power': 'plant'}",2026-04-24 03:42:50.683567,https://www.openstreetmap.org/way/1459741534,11.773568777623746,106.79097158609665
way/1459741535,1459741535,way,Viet Nam,plant,Missing output tag,none,"tags: {'plant:source': 'solar', 'power': 'plant'}",2026-04-24 03:42:50.683999,https://www.openstreetmap.org/way/1459741535,11.761357682059092,106.55666203625672
way/1459741540,1459741540,way,Viet Nam,plant,Missing output tag,none,"tags: {'plant:source': 'solar', 'power': 'plant'}",2026-04-24 03:42:50.684419,https://www.openstreetmap.org/way/1459741540,12.333196260700124,108.96279893598054
way/1459741541,1459741541,way,Viet Nam,plant,Missing output tag,none,"tags: {'plant:source': 'solar', 'power': 'plant'}",2026-04-24 03:42:50.685285,https://www.openstreetmap.org/way/1459741541,11.518950517706282,108.98734574976008
way/1459741547,1459741547,way,Viet Nam,plant,Missing output tag,none,"tags: {'plant:source': 'solar', 'power': 'plant'}",2026-04-24 03:42:50.685678,https://www.openstreetmap.org/way/1459741547,12.092972977892462,107.56172721823611
way/1459741548,1459741548,way,Viet Nam,plant,Missing output tag,none,"tags: {'plant:source': 'solar', 'power': 'plant'}",2026-04-24 03:42:50.686065,https://www.openstreetmap.org/way/1459741548,11.443094175006939,108.89558293318461
way/1459741551,1459741551,way,Viet Nam,plant,Missing output tag,none,"tags: {'plant:source': 'solar', 'power': 'plant'}",2026-04-24 03:42:50.686368,https://www.openstreetmap.org/way/1459741551,11.869589703418487,107.51594151103741
way/1459741552,1459741552,way,Viet Nam,plant,Missing output tag,none,"tags: {'plant:source': 'solar', 'power': 'plant'}",2026-04-24 03:42:50.686675,https://www.openstreetmap.org/way/1459741552,12.033028257504021,109.12249220843059
way/1459741553,1459741553,way,Viet Nam,plant,Missing output tag,none,"tags: {'plant:source': 'solar', 'power': 'plant'}",2026-04-24 03:42:50.687003,https://www.openstreetmap.org/way/1459741553,12.034495424075333,109.1235686480131
way/1459741554,1459741554,way,Viet Nam,plant,Missing output tag,none,"tags: {'plant:source': 'solar', 'power': 'plant'}",2026-04-24 03:42:50.687340,https://www.openstreetmap.org/way/1459741554,12.034589967576128,109.12298414297479
way/1459741555,1459741555,way,Viet Nam,plant,Missing output tag,none,"tags: {'plant:source': 'solar', 'power': 'plant'}",2026-04-24 03:42:50.687697,https://www.openstreetmap.org/way/1459741555,11.937210280738835,106.5826809935227
way/1459741556,1459741556,way,Viet Nam,plant,Missing output tag,none,"tags: {'plant:source': 'solar', 'power': 'plant'}",2026-04-24 03:42:50.688170,https://www.openstreetmap.org/way/1459741556,12.867968576608325,108.47290723639091
way/1459741557,1459741557,way,Viet Nam,plant,Missing output tag,none,"tags: {'plant:source': 'solar', 'power': 'plant'}",2026-04-24 03:42:50.688506,https://www.openstreetmap.org/way/1459741557,13.034592723290663,108.11494211594602
way/1459741558,1459741558,way,Viet Nam,plant,Missing output tag,none,"tags: {'plant:source': 'solar', 'power': 'plant'}",2026-04-24 03:42:50.688832,https://www.openstreetmap.org/way/1459741558,13.03403311645133,108.11383452769951
way/1459741559,1459741559,way,Viet Nam,plant,Missing output tag,none,"tags: {'plant:source': 'solar', 'power': 'plant'}",2026-04-24 03:42:50.689378,https://www.openstreetmap.org/way/1459741559,11.66648935672273,108.03988321484918
way/1459741560,1459741560,way,Viet Nam,plant,Missing output tag,none,"tags: {'plant:source': 'solar', 'power': 'plant'}",2026-04-24 03:42:50.689757,https://www.openstreetmap.org/way/1459741560,10.895266552962129,107.09609593742016
way/1459741561,1459741561,way,Viet Nam,plant,Missing output tag,none,"tags: {'plant:source': 'solar', 'power': 'plant'}",2026-04-24 03:42:50.690199,https://www.openstreetmap.org/way/1459741561,11.96125573413084,107.66083811828771
way/1459741562,1459741562,way,Viet Nam,plant,Missing output tag,none,"tags: {'plant:source': 'solar', 'power': 'plant'}",2026-04-24 03:42:50.690530,https://www.openstreetmap.org/way/1459741562,11.518485667669003,106.62907507938192
way/1459741563,1459741563,way,Viet Nam,plant,Missing output tag,none,"tags: {'plant:source': 'solar', 'power': 'plant'}",2026-04-24 03:42:50.690931,https://www.openstreetmap.org/way/1459741563,14.039106427844958,108.9958835997039
way/1459743988,1459743988,way,Viet Nam,plant,Missing output tag,none,"tags: {'plant:source': 'solar', 'power': 'plant'}",2026-04-24 03:42:50.691491,https://www.openstreetmap.org/way/1459743988,11.707661493394435,106.69050723943214
way/1459743989,1459743989,way,Viet Nam,plant,Missing output tag,none,"tags: {'plant:source': 'solar', 'power': 'plant'}",2026-04-24 03:42:50.691941,https://www.openstreetmap.org/way/1459743989,11.848220174922405,106.49531024878944
way/1459743991,1459743991,way,Viet Nam,plant,Missing output tag,none,"tags: {'plant:source': 'solar', 'power': 'plant'}",2026-04-24 03:42:50.692292,https://www.openstreetmap.org/way/1459743991,12.550760909239752,109.0876527561492
way/1459743992,1459743992,way,Viet Nam,plant,Missing output tag,none,"tags: {'plant:source': 'solar', 'power': 'plant'}",2026-04-24 03:42:50.692659,https://www.openstreetmap.org/way/1459743992,11.763425606754994,106.69680471094117
way/1459743993,1459743993,way,Viet Nam,plant,Missing output tag,none,"tags: {'plant:source': 'solar', 'power': 'plant'}",2026-04-24 03:42:50.693026,https://www.openstreetmap.org/way/1459743993,12.817270400293427,108.3778697780775
way/1459743994,1459743994,way,Viet Nam,plant,Missing output tag,none,"tags: {'plant:source': 'solar', 'power': 'plant'}",2026-04-24 03:42:50.693332,https://www.openstreetmap.org/way/1459743994,13.807216288732448,107.88728851582421
way/1459743995,1459743995,way,Viet Nam,plant,Missing output tag,none,"tags: {'plant:source': 'solar', 'power': 'plant'}",2026-04-24 03:42:50.693719,https://www.openstreetmap.org/way/1459743995,12.038492166158223,107.54675411557524
way/1459743996,1459743996,way,Viet Nam,plant,Missing output tag,none,"tags: {'plant:source': 'solar', 'power': 'plant'}",2026-04-24 03:42:50.694246,https://www.openstreetmap.org/way/1459743996,11.874571101201287,106.89931104844499
way/1459743997,1459743997,way,Viet Nam,plant,Missing output tag,none,"tags: {'plant:source': 'solar', 'power': 'plant'}",2026-04-24 03:42:50.694624,https://www.openstreetmap.org/way/1459743997,9.223572570875088,105.07717059549428
way/1459743998,1459743998,way,Viet Nam,plant,Missing output tag,none,"tags: {'plant:source': 'solar', 'power': 'plant'}",2026-04-24 03:42:50.695005,https://www.openstreetmap.org/way/1459743998,11.07411769070282,107.00429362275004
way/1459744003,1459744003,way,Viet Nam,plant,Missing output tag,none,"tags: {'plant:source': 'solar', 'power': 'plant'}",2026-04-24 03:42:50.695518,https://www.openstreetmap.org/way/1459744003,14.433662716050875,107.95830535433473
way/1459744004,1459744004,way,Viet Nam,plant,Missing output tag,none,"tags: {'plant:source': 'solar', 'power': 'plant'}",2026-04-24 03:42:50.695908,https://www.openstreetmap.org/way/1459744004,12.7233617375705,107.9661854418937
way/1459744005,1459744005,way,Viet Nam,plant,Missing output tag,none,"tags: {'plant:source': 'solar', 'power': 'plant'}",2026-04-24 03:42:50.696260,https://www.openstreetmap.org/way/1459744005,13.675591496616985,107.85612684185361
way/1459744519,1459744519,way,Viet Nam,plant,Missing output tag,none,"tags: {'plant:source': 'solar', 'power': 'plant'}",2026-04-24 03:42:50.696622,https://www.openstreetmap.org/way/1459744519,10.875270420228274,107.52369301366419
way/1460000804,1460000804,way,Viet Nam,plant,Missing output tag,none,"tags: {'plant:source': 'solar', 'power': 'plant'}",2026-04-24 03:42:50.697023,https://www.openstreetmap.org/way/1460000804,13.50684630926579,108.10538578309908
way/1460000809,1460000809,way,Viet Nam,plant,Missing output tag,none,"tags: {'plant:source': 'solar', 'power': 'plant'}",2026-04-24 03:42:50.697346,https://www.openstreetmap.org/way/1460000809,11.492092569139729,106.89409073338787
way/1460000810,1460000810,way,Viet Nam,plant,Missing output tag,none,"tags: {'plant:source': 'solar', 'power': 'plant'}",2026-04-24 03:42:50.697690,https://www.openstreetmap.org/way/1460000810,11.481251385314629,106.93999147278544
way/1460000811,1460000811,way,Viet Nam,plant,Missing output tag,none,"tags: {'plant:source': 'solar', 'power': 'plant'}",2026-04-24 03:42:50.698162,https://www.openstreetmap.org/way/1460000811,11.670361084328167,109.06077946267199
way/1460000831,1460000831,way,Viet Nam,plant,Missing output tag,none,"tags: {'plant:source': 'solar', 'power': 'plant'}",2026-04-24 03:42:50.698484,https://www.openstreetmap.org/way/1460000831,11.435774054859062,108.88527562983553
way/1460003226,1460003226,way,Viet Nam,plant,Missing output tag,none,"tags: {'plant:source': 'solar', 'power': 'plant'}",2026-04-24 03:42:50.698898,https://www.openstreetmap.org/way/1460003226,13.397561145974073,108.40234633085868
way/1460003227,1460003227,way,Viet Nam,plant,Missing output tag,none,"tags: {'plant:source': 'solar', 'power': 'plant'}",2026-04-24 03:42:50.699220,https://www.openstreetmap.org/way/1460003227,13.398077305549531,108.40019197046955
way/1460003228,1460003228,way,Viet Nam,plant,Missing output tag,none,"tags: {'plant:source': 'solar', 'power': 'plant'}",2026-04-24 03:42:50.699569,https://www.openstreetmap.org/way/1460003228,11.619769019777534,109.07756002766202
way/1460003229,1460003229,way,Viet Nam,plant,Missing output tag,none,"tags: {'plant:source': 'solar', 'power': 'plant'}",2026-04-24 03:42:50.699903,https://www.openstreetmap.org/way/1460003229,11.621955051278215,109.0765536530727
way/1460003230,1460003230,way,Viet Nam,plant,Missing output tag,none,"tags: {'plant:source': 'solar', 'power': 'plant'}",2026-04-24 03:42:50.700300,https://www.openstreetmap.org/way/1460003230,11.622470977502054,109.07877601121449
way/1460003231,1460003231,way,Viet Nam,plant,Missing output tag,none,"tags: {'plant:source': 'solar', 'power': 'plant'}",2026-04-24 03:42:50.700624,https://www.openstreetmap.org/way/1460003231,11.6232560087695,109.0769705889047
way/1460003232,1460003232,way,Viet Nam,plant,Missing output tag,none,"tags: {'plant:source': 'solar', 'power': 'plant'}",2026-04-24 03:42:50.701163,https://www.openstreetmap.org/way/1460003232,11.761801315186752,109.0765484557232
way/1460003247,1460003247,way,Viet Nam,plant,Missing output tag,none,"tags: {'plant:source': 'solar', 'power': 'plant'}",2026-04-24 03:42:50.701572,https://www.openstreetmap.org/way/1460003247,11.754811612577274,106.50202598477254
way/1460003250,1460003250,way,Viet Nam,plant,Missing output tag,none,"tags: {'plant:source': 'solar', 'power': 'plant'}",2026-04-24 03:42:50.702049,https://www.openstreetmap.org/way/1460003250,11.50592093175963,107.5173155908692
way/1460003267,1460003267,way,Viet Nam,plant,Missing output tag,none,"tags: {'plant:source': 'solar', 'power': 'plant'}",2026-04-24 03:42:50.702358,https://www.openstreetmap.org/way/1460003267,12.597302911803975,109.17072756322442
way/1460003276,1460003276,way,Viet Nam,plant,Missing output tag,none,"tags: {'plant:source': 'solar', 'power': 'plant'}",2026-04-24 03:42:50.702797,https://www.openstreetmap.org/way/1460003276,11.871234994035154,109.10484317486811
way/1460003277,1460003277,way,Viet Nam,plant,Missing output tag,none,"tags: {'plant:source': 'solar', 'power': 'plant'}",2026-04-24 03:42:50.703240,https://www.openstreetmap.org/way/1460003277,18.55068441176564,105.32404082267709
way/1460003278,1460003278,way,Viet Nam,plant,Missing output tag,none,"tags: {'plant:source': 'solar', 'power': 'plant'}",2026-04-24 03:42:50.703633,https://www.openstreetmap.org/way/1460003278,14.284419377204419,107.98854992960355
way/1460032844,1460032844,way,Viet Nam,plant,Missing output tag,none,"tags: {'plant:source': 'solar', 'power': 'plant'}",2026-04-24 03:42:50.704061,https://www.openstreetmap.org/way/1460032844,12.552076849296027,107.98692632241703
way/1460032845,1460032845,way,Viet Nam,plant,Missing output tag,none,"tags: {'plant:source': 'solar', 'power': 'plant'}",2026-04-24 03:42:50.704421,https://www.openstreetmap.org/way/1460032845,12.87313038568747,108.06303175220744
way/1460032846,1460032846,way,Viet Nam,plant,Missing output tag,none,"tags: {'plant:source': 'solar', 'power': 'plant'}",2026-04-24 03:42:50.704822,https://www.openstreetmap.org/way/1460032846,13.519265758254555,108.46592390716621
way/1460032855,1460032855,way,Viet Nam,plant,Missing output tag,none,"tags: {'plant:source': 'solar', 'power': 'plant'}",2026-04-24 03:42:50.705342,https://www.openstreetmap.org/way/1460032855,11.938510264145464,106.76906608911526
way/1460032860,1460032860,way,Viet Nam,plant,Missing output tag,none,"tags: {'plant:source': 'solar', 'power': 'plant'}",2026-04-24 03:42:50.705754,https://www.openstreetmap.org/way/1460032860,18.38175510682933,105.56368237272913
way/1460032861,1460032861,way,Viet Nam,plant,Missing output tag,none,"tags: {'plant:source': 'solar', 'power': 'plant'}",2026-04-24 03:42:50.706241,https://www.openstreetmap.org/way/1460032861,11.923530252273068,106.74273770295132
way/1460032862,1460032862,way,Viet Nam,plant,Missing output tag,none,"tags: {'plant:source': 'solar', 'power': 'plant'}",2026-04-24 03:42:50.706758,https://www.openstreetmap.org/way/1460032862,9.798947567627664,105.25067426342875
way/1460032863,1460032863,way,Viet Nam,plant,Missing output tag,none,"tags: {'plant:source': 'solar', 'power': 'plant'}",2026-04-24 03:42:50.707176,https://www.openstreetmap.org/way/1460032863,11.901815223039911,106.70522050117741
way/1460032864,1460032864,way,Viet Nam,plant,Missing output tag,none,"tags: {'plant:source': 'solar', 'power': 'plant'}",2026-04-24 03:42:50.707539,https://www.openstreetmap.org/way/1460032864,11.902658030014893,106.70508763989368
way/1460032865,1460032865,way,Viet Nam,plant,Missing output tag,none,"tags: {'plant:source': 'solar', 'power': 'plant'}",2026-04-24 03:42:50.707966,https://www.openstreetmap.org/way/1460032865,10.872103732217154,107.3992250285841
way/1460032866,1460032866,way,Viet Nam,plant,Missing output tag,none,"tags: {'plant:source': 'solar', 'power': 'plant'}",2026-04-24 03:42:50.708442,https://www.openstreetmap.org/way/1460032866,11.649621232182378,106.82585540748316
way/1460032867,1460032867,way,Viet Nam,plant,Missing output tag,none,"tags: {'plant:source': 'solar', 'power': 'plant'}",2026-04-24 03:42:50.708943,https://www.openstreetmap.org/way/1460032867,11.61183743564081,106.546238666487
way/1460032868,1460032868,way,Viet Nam,plant,Missing output tag,none,"tags: {'plant:source': 'solar', 'power': 'plant'}",2026-04-24 03:42:50.709352,https://www.openstreetmap.org/way/1460032868,11.808423040487765,108.72288684641224
way/1460032869,1460032869,way,Viet Nam,plant,Missing output tag,none,"tags: {'plant:source': 'solar', 'power': 'plant'}",2026-04-24 03:42:50.709714,https://www.openstreetmap.org/way/1460032869,12.862337803386742,108.36411772237027
way/1460032870,1460032870,way,Viet Nam,plant,Missing output tag,none,"tags: {'plant:source': 'solar', 'power': 'plant'}",2026-04-24 03:42:50.710079,https://www.openstreetmap.org/way/1460032870,12.69604928250708,108.43695948120451
way/1460032871,1460032871,way,Viet Nam,plant,Missing output tag,none,"tags: {'plant:source': 'solar', 'power': 'plant'}",2026-04-24 03:42:50.710437,https://www.openstreetmap.org/way/1460032871,12.694799374846243,108.43637211935615
way/1460032872,1460032872,way,Viet Nam,plant,Missing output tag,none,"tags: {'plant:source': 'solar', 'power': 'plant'}",2026-04-24 03:42:50.710788,https://www.openstreetmap.org/way/1460032872,13.63876221920623,107.99110086516416
way/1460037434,1460037434,way,Viet Nam,plant,Missing output tag,none,"tags: {'plant:source': 'solar', 'power': 'plant'}",2026-04-24 03:42:50.711229,https://www.openstreetmap.org/way/1460037434,12.59089139458939,107.91733970654344
way/1460037435,1460037435,way,Viet Nam,plant,Missing output tag,none,"tags: {'plant:source': 'solar', 'power': 'plant'}",2026-04-24 03:42:50.711578,https://www.openstreetmap.org/way/1460037435,12.695316776633106,107.97606308426566
way/1460037436,1460037436,way,Viet Nam,plant,Missing output tag,none,"tags: {'plant:source': 'solar', 'power': 'plant'}",2026-04-24 03:42:50.712210,https://www.openstreetmap.org/way/1460037436,12.693217413676233,107.9784607490582
way/1460037437,1460037437,way,Viet Nam,plant,Missing output tag,none,"tags: {'plant:source': 'solar', 'power': 'plant'}",2026-04-24 03:42:50.712559,https://www.openstreetmap.org/way/1460037437,17.513078396655988,106.50095898655425
way/1460037438,1460037438,way,Viet Nam,plant,Missing output tag,none,"tags: {'plant:source': 'solar', 'power': 'plant'}",2026-04-24 03:42:50.713004,https://www.openstreetmap.org/way/1460037438,17.513658304320447,106.49989639551976
way/1460037439,1460037439,way,Viet Nam,plant,Missing output tag,none,"tags: {'plant:source': 'solar', 'power': 'plant'}",2026-04-24 03:42:50.713418,https://www.openstreetmap.org/way/1460037439,12.841794765617617,108.07410235226605
way/1460037442,1460037442,way,Viet Nam,plant,Missing output tag,none,"tags: {'plant:source': 'solar', 'power': 'plant'}",2026-04-24 03:42:50.713906,https://www.openstreetmap.org/way/1460037442,12.558329576528324,107.95589234077062
way/1460037443,1460037443,way,Viet Nam,plant,Missing output tag,none,"tags: {'plant:source': 'solar', 'power': 'plant'}",2026-04-24 03:42:50.714326,https://www.openstreetmap.org/way/1460037443,10.824821885163857,107.98445399777316
way/1460037444,1460037444,way,Viet Nam,plant,Missing output tag,none,"tags: {'plant:source': 'solar', 'power': 'plant'}",2026-04-24 03:42:50.714662,https://www.openstreetmap.org/way/1460037444,13.023365401533646,108.10713646065287
way/1460037445,1460037445,way,Viet Nam,plant,Missing output tag,none,"tags: {'plant:source': 'solar', 'power': 'plant'}",2026-04-24 03:42:50.715063,https://www.openstreetmap.org/way/1460037445,13.023688013645637,108.10613215087481
way/1460037449,1460037449,way,Viet Nam,plant,Missing output tag,none,"tags: {'plant:source': 'solar', 'power': 'plant'}",2026-04-24 03:42:50.715490,https://www.openstreetmap.org/way/1460037449,14.434657813987,107.96325550488328
way/1460037450,1460037450,way,Viet Nam,plant,Missing output tag,none,"tags: {'plant:source': 'solar', 'power': 'plant'}",2026-04-24 03:42:50.715822,https://www.openstreetmap.org/way/1460037450,11.227079439357336,106.49464887523625
way/1460037451,1460037451,way,Viet Nam,plant,Missing output tag,none,"tags: {'plant:source': 'solar', 'power': 'plant'}",2026-04-24 03:42:50.716187,https://www.openstreetmap.org/way/1460037451,11.228375397393776,106.49658449594631
way/1460037452,1460037452,way,Viet Nam,plant,Missing output tag,none,"tags: {'plant:source': 'solar', 'power': 'plant'}",2026-04-24 03:42:50.716518,https://www.openstreetmap.org/way/1460037452,11.22858588404607,106.49462179882764
way/1460037454,1460037454,way,Viet Nam,plant,Missing output tag,none,"tags: {'plant:source': 'solar', 'power': 'plant'}",2026-04-24 03:42:50.716897,https://www.openstreetmap.org/way/1460037454,12.754376617316563,108.5522359490437
way/1460037456,1460037456,way,Viet Nam,plant,Missing output tag,none,"tags: {'plant:source': 'solar', 'power': 'plant'}",2026-04-24 03:42:50.717548,https://www.openstreetmap.org/way/1460037456,11.222590287263243,108.29315972502184
way/1460037457,1460037457,way,Viet Nam,plant,Missing output tag,none,"tags: {'plant:source': 'solar', 'power': 'plant'}",2026-04-24 03:42:50.718059,https://www.openstreetmap.org/way/1460037457,12.125999666233506,107.66011319077197
way/1460037460,1460037460,way,Viet Nam,plant,Missing output tag,none,"tags: {'plant:source': 'solar', 'power': 'plant'}",2026-04-24 03:42:50.718398,https://www.openstreetmap.org/way/1460037460,12.055492646351542,106.91767699479756
way/1460037461,1460037461,way,Viet Nam,plant,Missing output tag,none,"tags: {'plant:source': 'solar', 'power': 'plant'}",2026-04-24 03:42:50.718900,https://www.openstreetmap.org/way/1460037461,9.762445395006239,105.42614329188517
way/1460037469,1460037469,way,Viet Nam,plant,Missing output tag,none,"tags: {'plant:source': 'solar', 'power': 'plant'}",2026-04-24 03:42:50.719303,https://www.openstreetmap.org/way/1460037469,11.73229834240379,106.63614145694561
way/1460037479,1460037479,way,Viet Nam,plant,Missing output tag,none,"tags: {'plant:source': 'solar', 'power': 'plant'}",2026-04-24 03:42:50.719636,https://www.openstreetmap.org/way/1460037479,12.71414353539753,107.91897226929453
way/1460037480,1460037480,way,Viet Nam,plant,Missing output tag,none,"tags: {'plant:source': 'solar', 'power': 'plant'}",2026-04-24 03:42:50.719993,https://www.openstreetmap.org/way/1460037480,12.714061963274746,107.91737102497987
way/1460037481,1460037481,way,Viet Nam,plant,Missing output tag,none,"tags: {'plant:source': 'solar', 'power': 'plant'}",2026-04-24 03:42:50.720509,https://www.openstreetmap.org/way/1460037481,10.812437530561139,107.56214344605772
way/1460192396,1460192396,way,Viet Nam,plant,Missing output tag,none,"tags: {'plant:source': 'solar', 'power': 'plant'}",2026-04-24 03:42:50.720846,https://www.openstreetmap.org/way/1460192396,11.92968556203238,106.8593201673707
way/1460192397,1460192397,way,Viet Nam,plant,Missing output tag,none,"tags: {'plant:source': 'solar', 'power': 'plant'}",2026-04-24 03:42:50.721186,https://www.openstreetmap.org/way/1460192397,16.606757289959255,107.44153850200378
way/1460192399,1460192399,way,Viet Nam,plant,Missing output tag,none,"tags: {'plant:source': 'solar', 'power': 'plant'}",2026-04-24 03:42:50.721615,https://www.openstreetmap.org/way/1460192399,14.59574408422453,107.83428490063704
way/1460192402,1460192402,way,Viet Nam,plant,Missing output tag,none,"tags: {'plant:source': 'solar', 'power': 'plant'}",2026-04-24 03:42:50.722114,https://www.openstreetmap.org/way/1460192402,11.492894086820549,106.73239021126584
way/1460194800,1460194800,way,Viet Nam,plant,Missing output tag,none,"tags: {'plant:source': 'solar', 'power': 'plant'}",2026-04-24 03:42:50.722465,https://www.openstreetmap.org/way/1460194800,11.216909826418245,108.63876022589811
way/1460194801,1460194801,way,Viet Nam,plant,Missing output tag,none,"tags: {'plant:source': 'solar', 'power': 'plant'}",2026-04-24 03:42:50.722933,https://www.openstreetmap.org/way/1460194801,14.499957440877468,107.94570744965291
way/1460194802,1460194802,way,Viet Nam,plant,Missing output tag,none,"tags: {'plant:source': 'solar', 'power': 'plant'}",2026-04-24 03:42:50.723307,https://www.openstreetmap.org/way/1460194802,11.608258071939366,106.40287678856615
way/1460194807,1460194807,way,Viet Nam,plant,Missing output tag,none,"tags: {'plant:source': 'solar', 'power': 'plant'}",2026-04-24 03:42:50.723726,https://www.openstreetmap.org/way/1460194807,11.751533492451149,106.93584923312936
way/1460194809,1460194809,way,Viet Nam,plant,Missing output tag,none,"tags: {'plant:source': 'solar', 'power': 'plant'}",2026-04-24 03:42:50.724078,https://www.openstreetmap.org/way/1460194809,10.753657450180038,106.23703161712207
way/1460194810,1460194810,way,Viet Nam,plant,Missing output tag,none,"tags: {'plant:source': 'solar', 'power': 'plant'}",2026-04-24 03:42:50.724547,https://www.openstreetmap.org/way/1460194810,11.427955521840039,106.81753092822235
way/1460194811,1460194811,way,Viet Nam,plant,Missing output tag,none,"tags: {'plant:source': 'solar', 'power': 'plant'}",2026-04-24 03:42:50.724917,https://www.openstreetmap.org/way/1460194811,11.656347881892195,108.82156509079117
way/1460194812,1460194812,way,Viet Nam,plant,Missing output tag,none,"tags: {'plant:source': 'solar', 'power': 'plant'}",2026-04-24 03:42:50.725353,https://www.openstreetmap.org/way/1460194812,9.757480488967474,105.31212535974664
way/1460194813,1460194813,way,Viet Nam,plant,Missing output tag,none,"tags: {'plant:source': 'solar', 'power': 'plant'}",2026-04-24 03:42:50.725727,https://www.openstreetmap.org/way/1460194813,18.55625275077989,105.84725702163809
way/1460194814,1460194814,way,Viet Nam,plant,Missing output tag,none,"tags: {'plant:source': 'solar', 'power': 'plant'}",2026-04-24 03:42:50.726096,https://www.openstreetmap.org/way/1460194814,9.983818999886081,105.13052289336123
way/1460194815,1460194815,way,Viet Nam,plant,Missing output tag,none,"tags: {'plant:source': 'solar', 'power': 'plant'}",2026-04-24 03:42:50.726422,https://www.openstreetmap.org/way/1460194815,9.985039597103876,105.12914904102678
way/1460194816,1460194816,way,Viet Nam,plant,Missing output tag,none,"tags: {'plant:source': 'solar', 'power': 'plant'}",2026-04-24 03:42:50.726824,https://www.openstreetmap.org/way/1460194816,11.271986743350272,105.92513276948712
way/1460194817,1460194817,way,Viet Nam,plant,Missing output tag,none,"tags: {'plant:source': 'solar', 'power': 'plant'}",2026-04-24 03:42:50.727193,https://www.openstreetmap.org/way/1460194817,13.039462823876718,108.25706716643309
way/1460194818,1460194818,way,Viet Nam,plant,Missing output tag,none,"tags: {'plant:source': 'solar', 'power': 'plant'}",2026-04-24 03:42:50.727546,https://www.openstreetmap.org/way/1460194818,11.174717895563633,108.15412510373064
way/1460194820,1460194820,way,Viet Nam,plant,Missing output tag,none,"tags: {'plant:source': 'solar', 'power': 'plant'}",2026-04-24 03:42:50.727862,https://www.openstreetmap.org/way/1460194820,13.90488837076055,107.99187373702412
way/1460194822,1460194822,way,Viet Nam,plant,Missing output tag,none,"tags: {'plant:source': 'solar', 'power': 'plant'}",2026-04-24 03:42:50.728337,https://www.openstreetmap.org/way/1460194822,13.754409333556884,108.0111899024647
way/1460194823,1460194823,way,Viet Nam,plant,Missing output tag,none,"tags: {'plant:source': 'solar', 'power': 'plant'}",2026-04-24 03:42:50.728687,https://www.openstreetmap.org/way/1460194823,17.777761472235703,106.44804273625174
way/1460194827,1460194827,way,Viet Nam,plant,Missing output tag,none,"tags: {'plant:source': 'solar', 'power': 'plant'}",2026-04-24 03:42:50.729039,https://www.openstreetmap.org/way/1460194827,12.677362508241892,107.92440769637592
way/1460194830,1460194830,way,Viet Nam,plant,Missing output tag,none,"tags: {'plant:source': 'solar', 'power': 'plant'}",2026-04-24 03:42:50.729510,https://www.openstreetmap.org/way/1460194830,12.87993341700858,108.47741955313931
way/1460194833,1460194833,way,Viet Nam,plant,Missing output tag,none,"tags: {'plant:source': 'solar', 'power': 'plant'}",2026-04-24 03:42:50.730069,https://www.openstreetmap.org/way/1460194833,12.645063670279878,107.8979755645681
way/1460194834,1460194834,way,Viet Nam,plant,Missing output tag,none,"tags: {'plant:source': 'solar', 'power': 'plant'}",2026-04-24 03:42:50.730768,https://www.openstreetmap.org/way/1460194834,11.527102419966504,107.44941671209308
way/1460194835,1460194835,way,Viet Nam,plant,Missing output tag,none,"tags: {'plant:source': 'solar', 'power': 'plant'}",2026-04-24 03:42:50.731122,https://www.openstreetmap.org/way/1460194835,14.935282866062776,108.86216421521404
way/1460194836,1460194836,way,Viet Nam,plant,Missing output tag,none,"tags: {'plant:source': 'solar', 'power': 'plant'}",2026-04-24 03:42:50.731460,https://www.openstreetmap.org/way/1460194836,14.936232159550327,108.86177510541681
way/1460194837,1460194837,way,Viet Nam,plant,Missing output tag,none,"tags: {'plant:source': 'solar', 'power': 'plant'}",2026-04-24 03:42:50.731805,https://www.openstreetmap.org/way/1460194837,18.257641399771053,105.87166228541145
way/1460194838,1460194838,way,Viet Nam,plant,Missing output tag,none,"tags: {'plant:source': 'solar', 'power': 'plant'}",2026-04-24 03:42:50.732158,https://www.openstreetmap.org/way/1460194838,18.259347884624134,105.87132943237918
way/1460194839,1460194839,way,Viet Nam,plant,Missing output tag,none,"tags: {'plant:source': 'solar', 'power': 'plant'}",2026-04-24 03:42:50.732605,https://www.openstreetmap.org/way/1460194839,11.580605425850857,108.51573186533493
way/1460198608,1460198608,way,Viet Nam,plant,Missing output tag,none,"tags: {'plant:source': 'solar', 'power': 'plant'}",2026-04-24 03:42:50.732998,https://www.openstreetmap.org/way/1460198608,11.200722589705482,107.41288793721506
way/1460198613,1460198613,way,Viet Nam,plant,Missing output tag,none,"tags: {'plant:source': 'solar', 'power': 'plant'}",2026-04-24 03:42:50.733343,https://www.openstreetmap.org/way/1460198613,11.629851733371734,106.84988042584091
way/1460198626,1460198626,way,Viet Nam,plant,Missing output tag,none,"tags: {'plant:source': 'solar', 'power': 'plant'}",2026-04-24 03:42:50.733662,https://www.openstreetmap.org/way/1460198626,14.010092901948054,108.24713264569809
way/1460198627,1460198627,way,Viet Nam,plant,Missing output tag,none,"tags: {'plant:source': 'solar', 'power': 'plant'}",2026-04-24 03:42:50.734310,https://www.openstreetmap.org/way/1460198627,11.486686151045415,106.90522819526608
way/1460198628,1460198628,way,Viet Nam,plant,Missing output tag,none,"tags: {'plant:source': 'solar', 'power': 'plant'}",2026-04-24 03:42:50.734703,https://www.openstreetmap.org/way/1460198628,13.579853149930882,108.10558068567452
way/1460198629,1460198629,way,Viet Nam,plant,Missing output tag,none,"tags: {'plant:source': 'solar', 'power': 'plant'}",2026-04-24 03:42:50.735044,https://www.openstreetmap.org/way/1460198629,13.096513102366705,109.1918038570975
way/1460198631,1460198631,way,Viet Nam,plant,Missing output tag,none,"tags: {'plant:source': 'solar', 'power': 'plant'}",2026-04-24 03:42:50.735399,https://www.openstreetmap.org/way/1460198631,13.910190607770579,108.55566596248765
way/1460198632,1460198632,way,Viet Nam,plant,Missing output tag,none,"tags: {'plant:source': 'solar', 'power': 'plant'}",2026-04-24 03:42:50.735713,https://www.openstreetmap.org/way/1460198632,11.48372585155265,106.94717218242572
way/1460198633,1460198633,way,Viet Nam,plant,Missing output tag,none,"tags: {'plant:source': 'solar', 'power': 'plant'}",2026-04-24 03:42:50.736107,https://www.openstreetmap.org/way/1460198633,12.774438109472719,107.89447522664501
way/1460198635,1460198635,way,Viet Nam,plant,Missing output tag,none,"tags: {'plant:source': 'solar', 'power': 'plant'}",2026-04-24 03:42:50.736435,https://www.openstreetmap.org/way/1460198635,11.049680114745305,107.04938185020997
way/1460198636,1460198636,way,Viet Nam,plant,Missing output tag,none,"tags: {'plant:source': 'solar', 'power': 'plant'}",2026-04-24 03:42:50.736822,https://www.openstreetmap.org/way/1460198636,13.773158799090448,107.57805985773149
way/1460198638,1460198638,way,Viet Nam,plant,Missing output tag,none,"tags: {'plant:source': 'solar', 'power': 'plant'}",2026-04-24 03:42:50.737244,https://www.openstreetmap.org/way/1460198638,11.170785216372202,106.0840635278199
way/1460198639,1460198639,way,Viet Nam,plant,Missing output tag,none,"tags: {'plant:source': 'solar', 'power': 'plant'}",2026-04-24 03:42:50.737646,https://www.openstreetmap.org/way/1460198639,13.74761800186973,109.09412512959405
way/1460198664,1460198664,way,Viet Nam,plant,Missing output tag,none,"tags: {'plant:source': 'solar', 'power': 'plant'}",2026-04-24 03:42:50.738000,https://www.openstreetmap.org/way/1460198664,11.037083430943678,107.41182022294544
way/1460198665,1460198665,way,Viet Nam,plant,Missing output tag,none,"tags: {'plant:source': 'solar', 'power': 'plant'}",2026-04-24 03:42:50.738379,https://www.openstreetmap.org/way/1460198665,11.773370541332449,106.8158767769332
way/1460198666,1460198666,way,Viet Nam,plant,Missing output tag,none,"tags: {'plant:source': 'solar', 'power': 'plant'}",2026-04-24 03:42:50.738774,https://www.openstreetmap.org/way/1460198666,13.503586122461066,108.09986271122449
way/1460225488,1460225488,way,Viet Nam,plant,Missing output tag,none,"tags: {'plant:source': 'solar', 'power': 'plant'}",2026-04-24 03:42:50.739206,https://www.openstreetmap.org/way/1460225488,11.176910958700548,107.28997208141156
way/1460225490,1460225490,way,Viet Nam,plant,Missing output tag,none,"tags: {'plant:source': 'solar', 'power': 'plant'}",2026-04-24 03:42:50.739635,https://www.openstreetmap.org/way/1460225490,12.6067332061501,109.10644895079349
way/1460225491,1460225491,way,Viet Nam,plant,Missing output tag,none,"tags: {'plant:source': 'solar', 'power': 'plant'}",2026-04-24 03:42:50.740421,https://www.openstreetmap.org/way/1460225491,11.95965424289499,106.85497297320435
way/1460225497,1460225497,way,Viet Nam,plant,Missing output tag,none,"tags: {'plant:source': 'solar', 'power': 'plant'}",2026-04-24 03:42:50.740817,https://www.openstreetmap.org/way/1460225497,13.921655729948311,107.94083640171588
way/1460225503,1460225503,way,Viet Nam,plant,Missing output tag,none,"tags: {'plant:source': 'solar', 'power': 'plant'}",2026-04-24 03:42:50.741269,https://www.openstreetmap.org/way/1460225503,11.655064397940231,106.64322883217132
way/1460225504,1460225504,way,Viet Nam,plant,Missing output tag,none,"tags: {'plant:source': 'solar', 'power': 'plant'}",2026-04-24 03:42:50.741782,https://www.openstreetmap.org/way/1460225504,13.82231988545275,108.50958440029707
way/1460225505,1460225505,way,Viet Nam,plant,Missing output tag,none,"tags: {'plant:source': 'solar', 'power': 'plant'}",2026-04-24 03:42:50.742212,https://www.openstreetmap.org/way/1460225505,11.281108388387429,106.38134016753564
way/1460225533,1460225533,way,Viet Nam,plant,Missing output tag,none,"tags: {'plant:source': 'solar', 'power': 'plant'}",2026-04-24 03:42:50.742558,https://www.openstreetmap.org/way/1460225533,11.331821192209683,108.41128495500212
way/1460225534,1460225534,way,Viet Nam,plant,Missing output tag,none,"tags: {'plant:source': 'solar', 'power': 'plant'}",2026-04-24 03:42:50.743199,https://www.openstreetmap.org/way/1460225534,12.693652941489377,107.98615718015745
way/1460225535,1460225535,way,Viet Nam,plant,Missing output tag,none,"tags: {'plant:source': 'solar', 'power': 'plant'}",2026-04-24 03:42:50.743632,https://www.openstreetmap.org/way/1460225535,12.694742719324516,107.98752257150372
way/1460225536,1460225536,way,Viet Nam,plant,Missing output tag,none,"tags: {'plant:source': 'solar', 'power': 'plant'}",2026-04-24 03:42:50.744082,https://www.openstreetmap.org/way/1460225536,12.695308397928947,107.98550030016177
way/1460225537,1460225537,way,Viet Nam,plant,Missing output tag,none,"tags: {'plant:source': 'solar', 'power': 'plant'}",2026-04-24 03:42:50.744476,https://www.openstreetmap.org/way/1460225537,12.695882819263126,107.98482318081706
way/1460225539,1460225539,way,Viet Nam,plant,Missing output tag,none,"tags: {'plant:source': 'solar', 'power': 'plant'}",2026-04-24 03:42:50.744911,https://www.openstreetmap.org/way/1460225539,11.430623730649863,106.823602088595
way/1460250769,1460250769,way,Viet Nam,plant,Missing output tag,none,"tags: {'plant:source': 'solar', 'power': 'plant'}",2026-04-24 03:42:50.745289,https://www.openstreetmap.org/way/1460250769,12.021041227448393,107.49493624982203
way/1460250774,1460250774,way,Viet Nam,plant,Missing output tag,none,"tags: {'plant:source': 'solar', 'power': 'plant'}",2026-04-24 03:42:50.745650,https://www.openstreetmap.org/way/1460250774,11.597087817665807,106.26556293401268
way/1460250775,1460250775,way,Viet Nam,plant,Missing output tag,none,"tags: {'plant:source': 'solar', 'power': 'plant'}",2026-04-24 03:42:50.746104,https://www.openstreetmap.org/way/1460250775,14.13132880687575,108.58953549027937
way/1460250776,1460250776,way,Viet Nam,plant,Missing output tag,none,"tags: {'plant:source': 'solar', 'power': 'plant'}",2026-04-24 03:42:50.746545,https://www.openstreetmap.org/way/1460250776,14.132692077936634,108.58911494257242
way/1460252505,1460252505,way,Viet Nam,plant,Missing output tag,none,"tags: {'plant:source': 'solar', 'power': 'plant'}",2026-04-24 03:42:50.746944,https://www.openstreetmap.org/way/1460252505,10.905390740869377,105.46488155401016
way/1460252506,1460252506,way,Viet Nam,plant,Missing output tag,none,"tags: {'plant:source': 'solar', 'power': 'plant'}",2026-04-24 03:42:50.747323,https://www.openstreetmap.org/way/1460252506,11.564574469541094,107.93451208695585
way/1460256167,1460256167,way,Viet Nam,plant,Missing output tag,none,"tags: {'plant:source': 'solar', 'power': 'plant'}",2026-04-24 03:42:50.747677,https://www.openstreetmap.org/way/1460256167,10.16983719232935,105.9245303011642
way/1460256172,1460256172,way,Viet Nam,plant,Missing output tag,none,"tags: {'plant:source': 'solar', 'power': 'plant'}",2026-04-24 03:42:50.748093,https://www.openstreetmap.org/way/1460256172,14.10778215711751,108.56339729943608
way/1460256173,1460256173,way,Viet Nam,plant,Missing output tag,none,"tags: {'plant:source': 'solar', 'power': 'plant'}",2026-04-24 03:42:50.748443,https://www.openstreetmap.org/way/1460256173,13.466063272442804,108.35550825410184
way/1460256174,1460256174,way,Viet Nam,plant,Missing output tag,none,"tags: {'plant:source': 'solar', 'power': 'plant'}",2026-04-24 03:42:50.748802,https://www.openstreetmap.org/way/1460256174,13.466456053194001,108.35256214815088
way/1460256175,1460256175,way,Viet Nam,plant,Missing output tag,none,"tags: {'plant:source': 'solar', 'power': 'plant'}",2026-04-24 03:42:50.749365,https://www.openstreetmap.org/way/1460256175,11.441882255326268,107.00958560445183
way/1460256177,1460256177,way,Viet Nam,plant,Missing output tag,none,"tags: {'plant:source': 'solar', 'power': 'plant'}",2026-04-24 03:42:50.749803,https://www.openstreetmap.org/way/1460256177,11.671334070467934,108.03740518804756
way/1460409251,1460409251,way,Viet Nam,plant,Missing output tag,none,"tags: {'plant:source': 'solar', 'power': 'plant'}",2026-04-24 03:42:50.750302,https://www.openstreetmap.org/way/1460409251,9.231009112470833,105.07296778930093
way/1460409252,1460409252,way,Viet Nam,plant,Missing output tag,none,"tags: {'plant:source': 'solar', 'power': 'plant'}",2026-04-24 03:42:50.750706,https://www.openstreetmap.org/way/1460409252,12.47012896527847,108.04255802536431
way/1460409253,1460409253,way,Viet Nam,plant,Missing output tag,none,"tags: {'plant:source': 'solar', 'power': 'plant'}",2026-04-24 03:42:50.751129,https://www.openstreetmap.org/way/1460409253,11.506307834943565,108.94728881592651
way/1460409254,1460409254,way,Viet Nam,plant,Missing output tag,none,"tags: {'plant:source': 'solar', 'power': 'plant'}",2026-04-24 03:42:50.751471,https://www.openstreetmap.org/way/1460409254,11.585099091996577,106.32909117629382
way/1460409255,1460409255,way,Viet Nam,plant,Missing output tag,none,"tags: {'plant:source': 'solar', 'power': 'plant'}",2026-04-24 03:42:50.751935,https://www.openstreetmap.org/way/1460409255,14.505577544818923,107.75525295196174
way/1460409256,1460409256,way,Viet Nam,plant,Missing output tag,none,"tags: {'plant:source': 'solar', 'power': 'plant'}",2026-04-24 03:42:50.752398,https://www.openstreetmap.org/way/1460409256,12.005816503280139,106.78872639724065
way/1460409257,1460409257,way,Viet Nam,plant,Missing output tag,none,"tags: {'plant:source': 'solar', 'power': 'plant'}",2026-04-24 03:42:50.752787,https://www.openstreetmap.org/way/1460409257,12.334849899800835,108.95532014869443
way/1460409260,1460409260,way,Viet Nam,plant,Missing output tag,none,"tags: {'plant:source': 'solar', 'power': 'plant'}",2026-04-24 03:42:50.753224,https://www.openstreetmap.org/way/1460409260,12.073321901345516,107.4757563808732
way/1460409263,1460409263,way,Viet Nam,plant,Missing output tag,none,"tags: {'plant:source': 'solar', 'power': 'plant'}",2026-04-24 03:42:50.753667,https://www.openstreetmap.org/way/1460409263,12.52382267156283,109.04795075893051
way/1460409264,1460409264,way,Viet Nam,plant,Missing output tag,none,"tags: {'plant:source': 'solar', 'power': 'plant'}",2026-04-24 03:42:50.754752,https://www.openstreetmap.org/way/1460409264,15.009812450161714,108.88315907876485
way/1460409269,1460409269,way,Viet Nam,plant,Missing output tag,none,"tags: {'plant:source': 'solar', 'power': 'plant'}",2026-04-24 03:42:50.755142,https://www.openstreetmap.org/way/1460409269,13.483482237418308,107.89142000601322
way/1460409270,1460409270,way,Viet Nam,plant,Missing output tag,none,"tags: {'plant:source': 'solar', 'power': 'plant'}",2026-04-24 03:42:50.755471,https://www.openstreetmap.org/way/1460409270,11.168665540686463,108.2750954962103
way/1460409271,1460409271,way,Viet Nam,plant,Missing output tag,none,"tags: {'plant:source': 'solar', 'power': 'plant'}",2026-04-24 03:42:50.755870,https://www.openstreetmap.org/way/1460409271,11.170786124244314,108.27581791425271
way/1460412500,1460412500,way,Viet Nam,plant,Missing output tag,none,"tags: {'plant:source': 'solar', 'power': 'plant'}",2026-04-24 03:42:50.756274,https://www.openstreetmap.org/way/1460412500,10.768877002091136,105.50180095394529
way/1460412501,1460412501,way,Viet Nam,plant,Missing output tag,none,"tags: {'plant:source': 'solar', 'power': 'plant'}",2026-04-24 03:42:50.756658,https://www.openstreetmap.org/way/1460412501,12.674927717965923,108.495197008774
way/1460412511,1460412511,way,Viet Nam,plant,Missing output tag,none,"tags: {'plant:source': 'solar', 'power': 'plant'}",2026-04-24 03:42:50.757493,https://www.openstreetmap.org/way/1460412511,13.380592984495868,109.18184475236642
way/1460412512,1460412512,way,Viet Nam,plant,Missing output tag,none,"tags: {'plant:source': 'solar', 'power': 'plant'}",2026-04-24 03:42:50.757825,https://www.openstreetmap.org/way/1460412512,11.15010619203105,107.32715901859004
way/1460412515,1460412515,way,Viet Nam,plant,Missing output tag,none,"tags: {'plant:source': 'solar', 'power': 'plant'}",2026-04-24 03:42:50.758247,https://www.openstreetmap.org/way/1460412515,10.571739612305024,107.49613261537596
way/1460412516,1460412516,way,Viet Nam,plant,Missing output tag,none,"tags: {'plant:source': 'solar', 'power': 'plant'}",2026-04-24 03:42:50.758573,https://www.openstreetmap.org/way/1460412516,12.764406950607542,108.04868565783059
way/1460412517,1460412517,way,Viet Nam,plant,Missing output tag,none,"tags: {'plant:source': 'solar', 'power': 'plant'}",2026-04-24 03:42:50.758968,https://www.openstreetmap.org/way/1460412517,12.763278696444637,108.04817385385603
way/1460412518,1460412518,way,Viet Nam,plant,Missing output tag,none,"tags: {'plant:source': 'solar', 'power': 'plant'}",2026-04-24 03:42:50.759321,https://www.openstreetmap.org/way/1460412518,12.763453768849024,108.04655331138548
way/1460412520,1460412520,way,Viet Nam,plant,Missing output tag,none,"tags: {'plant:source': 'solar', 'power': 'plant'}",2026-04-24 03:42:50.759690,https://www.openstreetmap.org/way/1460412520,12.910981553299282,108.17636602617148
way/1460412525,1460412525,way,Viet Nam,plant,Missing output tag,none,"tags: {'plant:source': 'solar', 'power': 'plant'}",2026-04-24 03:42:50.760152,https://www.openstreetmap.org/way/1460412525,12.68945952403492,107.97788642703475
way/1460412526,1460412526,way,Viet Nam,plant,Missing output tag,none,"tags: {'plant:source': 'solar', 'power': 'plant'}",2026-04-24 03:42:50.760534,https://www.openstreetmap.org/way/1460412526,9.29068320048647,105.67593312416716
way/1460412527,1460412527,way,Viet Nam,plant,Missing output tag,none,"tags: {'plant:source': 'solar', 'power': 'plant'}",2026-04-24 03:42:50.761025,https://www.openstreetmap.org/way/1460412527,11.022396787378918,107.40955802295615
way/1460412528,1460412528,way,Viet Nam,plant,Missing output tag,none,"tags: {'plant:source': 'solar', 'power': 'plant'}",2026-04-24 03:42:50.761454,https://www.openstreetmap.org/way/1460412528,12.713607320255154,107.98595346037268
way/1460412533,1460412533,way,Viet Nam,plant,Missing output tag,none,"tags: {'plant:source': 'solar', 'power': 'plant'}",2026-04-24 03:42:50.761851,https://www.openstreetmap.org/way/1460412533,11.563486214747662,106.32778191577187
way/1460413483,1460413483,way,Viet Nam,plant,Missing output tag,none,"tags: {'plant:source': 'solar', 'power': 'plant'}",2026-04-24 03:42:50.762199,https://www.openstreetmap.org/way/1460413483,12.603753018886797,108.11085754848781
way/1460413491,1460413491,way,Viet Nam,plant,Missing output tag,none,"tags: {'plant:source': 'solar', 'power': 'plant'}",2026-04-24 03:42:50.762590,https://www.openstreetmap.org/way/1460413491,10.561654633654278,107.49169393717334
way/1460419967,1460419967,way,Viet Nam,plant,Missing output tag,none,"tags: {'plant:source': 'solar', 'power': 'plant'}",2026-04-24 03:42:50.763018,https://www.openstreetmap.org/way/1460419967,14.055422195782457,109.05075903567307
way/1460419968,1460419968,way,Viet Nam,plant,Missing output tag,none,"tags: {'plant:source': 'solar', 'power': 'plant'}",2026-04-24 03:42:50.763519,https://www.openstreetmap.org/way/1460419968,11.30095279746364,107.35858707701206
way/1460419969,1460419969,way,Viet Nam,plant,Missing output tag,none,"tags: {'plant:source': 'solar', 'power': 'plant'}",2026-04-24 03:42:50.763971,https://www.openstreetmap.org/way/1460419969,10.720104033869363,107.49758195168806
way/1460419970,1460419970,way,Viet Nam,plant,Missing output tag,none,"tags: {'plant:source': 'solar', 'power': 'plant'}",2026-04-24 03:42:50.764536,https://www.openstreetmap.org/way/1460419970,11.529515372048616,108.8689070881624
way/1460419977,1460419977,way,Viet Nam,plant,Missing output tag,none,"tags: {'plant:source': 'solar', 'power': 'plant'}",2026-04-24 03:42:50.764953,https://www.openstreetmap.org/way/1460419977,10.27312229187834,105.71086406908256
way/1460419980,1460419980,way,Viet Nam,plant,Missing output tag,none,"tags: {'plant:source': 'solar', 'power': 'plant'}",2026-04-24 03:42:50.765301,https://www.openstreetmap.org/way/1460419980,12.808225506961335,108.09828565291252
way/1460419981,1460419981,way,Viet Nam,plant,Missing output tag,none,"tags: {'plant:source': 'solar', 'power': 'plant'}",2026-04-24 03:42:50.765742,https://www.openstreetmap.org/way/1460419981,16.41502227211411,107.504084040277
way/1460419982,1460419982,way,Viet Nam,plant,Missing output tag,none,"tags: {'plant:source': 'solar', 'power': 'plant'}",2026-04-24 03:42:50.766151,https://www.openstreetmap.org/way/1460419982,11.534169874268775,108.87094815697937
way/1460419986,1460419986,way,Viet Nam,plant,Missing output tag,none,"tags: {'plant:source': 'solar', 'power': 'plant'}",2026-04-24 03:42:50.766505,https://www.openstreetmap.org/way/1460419986,10.675322282335683,107.51230687951488
way/1460419987,1460419987,way,Viet Nam,plant,Missing output tag,none,"tags: {'plant:source': 'solar', 'power': 'plant'}",2026-04-24 03:42:50.766833,https://www.openstreetmap.org/way/1460419987,10.673860596567243,107.51328413182827
way/1460419989,1460419989,way,Viet Nam,plant,Missing output tag,none,"tags: {'plant:source': 'solar', 'power': 'plant'}",2026-04-24 03:42:50.767388,https://www.openstreetmap.org/way/1460419989,11.618134493102959,108.83062148759306
way/1460419990,1460419990,way,Viet Nam,plant,Missing output tag,none,"tags: {'plant:source': 'solar', 'power': 'plant'}",2026-04-24 03:42:50.767758,https://www.openstreetmap.org/way/1460419990,10.849969776475643,107.5342588460253
way/1460419994,1460419994,way,Viet Nam,plant,Missing output tag,none,"tags: {'plant:source': 'solar', 'power': 'plant'}",2026-04-24 03:42:50.768383,https://www.openstreetmap.org/way/1460419994,11.801199046971787,107.01150320253632
way/1460420001,1460420001,way,Viet Nam,plant,Missing output tag,none,"tags: {'plant:source': 'solar', 'power': 'plant'}",2026-04-24 03:42:50.768919,https://www.openstreetmap.org/way/1460420001,11.753201260848664,108.74193445620114
way/1460424302,1460424302,way,Viet Nam,plant,Missing output tag,none,"tags: {'plant:source': 'solar', 'power': 'plant'}",2026-04-24 03:42:50.769272,https://www.openstreetmap.org/way/1460424302,13.361677481709723,108.49825814839507
way/1460424303,1460424303,way,Viet Nam,plant,Missing output tag,none,"tags: {'plant:source': 'solar', 'power': 'plant'}",2026-04-24 03:42:50.769703,https://www.openstreetmap.org/way/1460424303,10.632313974578489,107.39321919916891
way/1460424304,1460424304,way,Viet Nam,plant,Missing output tag,none,"tags: {'plant:source': 'solar', 'power': 'plant'}",2026-04-24 03:42:50.770077,https://www.openstreetmap.org/way/1460424304,13.64605896197149,108.0809937843678
way/1460424306,1460424306,way,Viet Nam,plant,Missing output tag,none,"tags: {'plant:source': 'solar', 'power': 'plant'}",2026-04-24 03:42:50.770399,https://www.openstreetmap.org/way/1460424306,11.403560117233985,106.83806647355014
way/1460424307,1460424307,way,Viet Nam,plant,Missing output tag,none,"tags: {'plant:source': 'solar', 'power': 'plant'}",2026-04-24 03:42:50.770761,https://www.openstreetmap.org/way/1460424307,10.800647422681175,107.97855209443921
way/1460424313,1460424313,way,Viet Nam,plant,Missing output tag,none,"tags: {'plant:source': 'solar', 'power': 'plant'}",2026-04-24 03:42:50.771107,https://www.openstreetmap.org/way/1460424313,9.69551106694837,105.43072859880665
way/1460424314,1460424314,way,Viet Nam,plant,Missing output tag,none,"tags: {'plant:source': 'solar', 'power': 'plant'}",2026-04-24 03:42:50.771484,https://www.openstreetmap.org/way/1460424314,12.583147457238331,107.93847212423259
way/1460424317,1460424317,way,Viet Nam,plant,Missing output tag,none,"tags: {'plant:source': 'solar', 'power': 'plant'}",2026-04-24 03:42:50.771863,https://www.openstreetmap.org/way/1460424317,13.402902467306314,108.10046565473255
way/1460425271,1460425271,way,Viet Nam,plant,Missing output tag,none,"tags: {'plant:source': 'solar', 'power': 'plant'}",2026-04-24 03:42:50.772215,https://www.openstreetmap.org/way/1460425271,12.790467404649949,108.0774255571956
way/1460425273,1460425273,way,Viet Nam,plant,Missing output tag,none,"tags: {'plant:source': 'solar', 'power': 'plant'}",2026-04-24 03:42:50.772668,https://www.openstreetmap.org/way/1460425273,11.247597697852049,108.34064813891247
way/1460684783,1460684783,way,Viet Nam,plant,Missing output tag,none,"tags: {'plant:source': 'solar', 'power': 'plant'}",2026-04-24 03:42:50.773072,https://www.openstreetmap.org/way/1460684783,10.995166430585442,107.42242341338616
way/1460684784,1460684784,way,Viet Nam,plant,Missing output tag,none,"tags: {'plant:source': 'solar', 'power': 'plant'}",2026-04-24 03:42:50.773421,https://www.openstreetmap.org/way/1460684784,11.580420102726693,106.98094345245799
way/1460684785,1460684785,way,Viet Nam,plant,Missing output tag,none,"tags: {'plant:source': 'solar', 'power': 'plant'}",2026-04-24 03:42:50.773772,https://www.openstreetmap.org/way/1460684785,12.942462523419621,108.05878769281549
way/1460684786,1460684786,way,Viet Nam,plant,Missing output tag,none,"tags: {'plant:source': 'solar', 'power': 'plant'}",2026-04-24 03:42:50.774156,https://www.openstreetmap.org/way/1460684786,11.291712215459935,107.42284398340466
way/1460684787,1460684787,way,Viet Nam,plant,Missing output tag,none,"tags: {'plant:source': 'solar', 'power': 'plant'}",2026-04-24 03:42:50.774586,https://www.openstreetmap.org/way/1460684787,9.871588727108144,105.20406270850862
way/1460684796,1460684796,way,Viet Nam,plant,Missing output tag,none,"tags: {'plant:source': 'solar', 'power': 'plant'}",2026-04-24 03:42:50.775097,https://www.openstreetmap.org/way/1460684796,13.063699805294517,109.0057087163412
way/1460688502,1460688502,way,Viet Nam,plant,Missing output tag,none,"tags: {'plant:source': 'solar', 'power': 'plant'}",2026-04-24 03:42:50.775486,https://www.openstreetmap.org/way/1460688502,12.677961656316175,107.89708799448411
way/1460688503,1460688503,way,Viet Nam,plant,Missing output tag,none,"tags: {'plant:source': 'solar', 'power': 'plant'}",2026-04-24 03:42:50.775859,https://www.openstreetmap.org/way/1460688503,12.67809467282209,107.8950364398288
way/1460688507,1460688507,way,Viet Nam,plant,Missing output tag,none,"tags: {'plant:source': 'solar', 'power': 'plant'}",2026-04-24 03:42:50.776247,https://www.openstreetmap.org/way/1460688507,11.465000164612983,108.81472762573827
way/1460688508,1460688508,way,Viet Nam,plant,Missing output tag,none,"tags: {'plant:source': 'solar', 'power': 'plant'}",2026-04-24 03:42:50.776699,https://www.openstreetmap.org/way/1460688508,12.184789380219799,109.11354461317065
way/1460688509,1460688509,way,Viet Nam,plant,Missing output tag,none,"tags: {'plant:source': 'solar', 'power': 'plant'}",2026-04-24 03:42:50.777057,https://www.openstreetmap.org/way/1460688509,12.186192029700054,109.11343632867775
way/1460688510,1460688510,way,Viet Nam,plant,Missing output tag,none,"tags: {'plant:source': 'solar', 'power': 'plant'}",2026-04-24 03:42:50.777495,https://www.openstreetmap.org/way/1460688510,10.609940124947,107.33991371065032
way/1460688512,1460688512,way,Viet Nam,plant,Missing output tag,none,"tags: {'plant:source': 'solar', 'power': 'plant'}",2026-04-24 03:42:50.777825,https://www.openstreetmap.org/way/1460688512,14.92134696810384,108.94727657946103
way/1460689148,1460689148,way,Viet Nam,plant,Missing output tag,none,"tags: {'plant:source': 'solar', 'power': 'plant'}",2026-04-24 03:42:50.778338,https://www.openstreetmap.org/way/1460689148,11.034674335586102,107.3883588997366
way/1460689149,1460689149,way,Viet Nam,plant,Missing output tag,none,"tags: {'plant:source': 'solar', 'power': 'plant'}",2026-04-24 03:42:50.778676,https://www.openstreetmap.org/way/1460689149,14.12419405849769,107.95362720741724
way/1460689150,1460689150,way,Viet Nam,plant,Missing output tag,none,"tags: {'plant:source': 'solar', 'power': 'plant'}",2026-04-24 03:42:50.779177,https://www.openstreetmap.org/way/1460689150,12.1827148354324,109.1081380255669
way/1460689151,1460689151,way,Viet Nam,plant,Missing output tag,none,"tags: {'plant:source': 'solar', 'power': 'plant'}",2026-04-24 03:42:50.779640,https://www.openstreetmap.org/way/1460689151,14.995909032611264,108.48812016018266
way/1460689152,1460689152,way,Viet Nam,plant,Missing output tag,none,"tags: {'plant:source': 'solar', 'power': 'plant'}",2026-04-24 03:42:50.779990,https://www.openstreetmap.org/way/1460689152,10.957437863853922,107.9344298424367
way/1460689160,1460689160,way,Viet Nam,plant,Missing output tag,none,"tags: {'plant:source': 'solar', 'power': 'plant'}",2026-04-24 03:42:50.780330,https://www.openstreetmap.org/way/1460689160,12.509757292611553,108.08197380519881
way/1460689161,1460689161,way,Viet Nam,plant,Missing output tag,none,"tags: {'plant:source': 'solar', 'power': 'plant'}",2026-04-24 03:42:50.780680,https://www.openstreetmap.org/way/1460689161,12.508651875600494,108.08354653660781
way/1460804838,1460804838,way,Viet Nam,plant,Missing output tag,none,"tags: {'plant:source': 'solar', 'power': 'plant'}",2026-04-24 03:42:50.781054,https://www.openstreetmap.org/way/1460804838,12.872494296515795,108.15751195248008
way/1460956620,1460956620,way,Viet Nam,plant,Missing output tag,none,"tags: {'plant:source': 'solar', 'power': 'plant'}",2026-04-24 03:42:50.781394,https://www.openstreetmap.org/way/1460956620,12.58045453395675,107.91717318580291
way/1460956621,1460956621,way,Viet Nam,plant,Missing output tag,none,"tags: {'plant:source': 'solar', 'power': 'plant'}",2026-04-24 03:42:50.781798,https://www.openstreetmap.org/way/1460956621,12.780028057071393,108.34004217182927
way/1460962787,1460962787,way,Viet Nam,plant,Missing output tag,none,"tags: {'plant:source': 'solar', 'power': 'plant'}",2026-04-24 03:42:50.782285,https://www.openstreetmap.org/way/1460962787,11.242057718431338,107.46126659972224
way/1460962788,1460962788,way,Viet Nam,plant,Missing output tag,none,"tags: {'plant:source': 'solar', 'power': 'plant'}",2026-04-24 03:42:50.782703,https://www.openstreetmap.org/way/1460962788,10.860563970033338,105.40978912762739
way/1460962791,1460962791,way,Viet Nam,plant,Missing output tag,none,"tags: {'plant:source': 'solar', 'power': 'plant'}",2026-04-24 03:42:50.783489,https://www.openstreetmap.org/way/1460962791,11.319787051920954,107.13494596410571
way/1460962793,1460962793,way,Viet Nam,plant,Missing output tag,none,"tags: {'plant:source': 'solar', 'power': 'plant'}",2026-04-24 03:42:50.783866,https://www.openstreetmap.org/way/1460962793,10.907680397990504,107.67467634072756
way/1460962796,1460962796,way,Viet Nam,plant,Missing output tag,none,"tags: {'plant:source': 'solar', 'power': 'plant'}",2026-04-24 03:42:50.784314,https://www.openstreetmap.org/way/1460962796,11.570185940159226,107.01194296901157
way/1460962802,1460962802,way,Viet Nam,plant,Missing output tag,none,"tags: {'plant:source': 'solar', 'power': 'plant'}",2026-04-24 03:42:50.784692,https://www.openstreetmap.org/way/1460962802,11.482343615495392,108.93888315870747
way/1460967921,1460967921,way,Viet Nam,plant,Missing output tag,none,"tags: {'plant:source': 'solar', 'power': 'plant'}",2026-04-24 03:42:50.785058,https://www.openstreetmap.org/way/1460967921,11.824846566768441,108.83053502248738
way/1460967922,1460967922,way,Viet Nam,plant,Missing output tag,none,"tags: {'plant:source': 'solar', 'power': 'plant'}",2026-04-24 03:42:50.785495,https://www.openstreetmap.org/way/1460967922,11.536816336183307,108.88018988057162
way/1460967940,1460967940,way,Viet Nam,plant,Missing output tag,none,"tags: {'plant:source': 'solar', 'power': 'plant'}",2026-04-24 03:42:50.785865,https://www.openstreetmap.org/way/1460967940,10.998041132217185,107.92350161174923
way/1460967942,1460967942,way,Viet Nam,plant,Missing output tag,none,"tags: {'plant:source': 'solar', 'power': 'plant'}",2026-04-24 03:42:50.786220,https://www.openstreetmap.org/way/1460967942,12.36516431978218,108.17430724687269
way/1460972376,1460972376,way,Viet Nam,plant,Missing output tag,none,"tags: {'plant:source': 'solar', 'power': 'plant'}",2026-04-24 03:42:50.786748,https://www.openstreetmap.org/way/1460972376,11.562681341407579,107.51905420907917
way/1460972378,1460972378,way,Viet Nam,plant,Missing output tag,none,"tags: {'plant:source': 'solar', 'power': 'plant'}",2026-04-24 03:42:50.787208,https://www.openstreetmap.org/way/1460972378,13.649442608330409,108.07965308183707
way/1460972379,1460972379,way,Viet Nam,plant,Missing output tag,none,"tags: {'plant:source': 'solar', 'power': 'plant'}",2026-04-24 03:42:50.787612,https://www.openstreetmap.org/way/1460972379,11.611781507959073,107.02190853432876
way/1460972380,1460972380,way,Viet Nam,plant,Missing output tag,none,"tags: {'plant:source': 'solar', 'power': 'plant'}",2026-04-24 03:42:50.787978,https://www.openstreetmap.org/way/1460972380,12.440435610168358,108.84450978172768
way/1461285522,1461285522,way,Viet Nam,plant,Missing output tag,none,"tags: {'plant:source': 'solar', 'power': 'plant'}",2026-04-24 03:42:50.788363,https://www.openstreetmap.org/way/1461285522,13.612238513285915,108.2169910255554
way/1461285523,1461285523,way,Viet Nam,plant,Missing output tag,none,"tags: {'plant:source': 'solar', 'power': 'plant'}",2026-04-24 03:42:50.788698,https://www.openstreetmap.org/way/1461285523,11.57871011398434,108.8694754345207
way/1461463708,1461463708,way,Viet Nam,plant,Missing output tag,none,"tags: {'plant:source': 'solar', 'power': 'plant'}",2026-04-24 03:42:50.789327,https://www.openstreetmap.org/way/1461463708,11.177906828591789,108.15507048487991
way/1461463712,1461463712,way,Viet Nam,plant,Missing output tag,none,"tags: {'plant:source': 'solar', 'power': 'plant'}",2026-04-24 03:42:50.790041,https://www.openstreetmap.org/way/1461463712,11.229432969054017,107.32267664570925
way/1461471137,1461471137,way,Viet Nam,plant,Missing output tag,none,"tags: {'plant:source': 'solar', 'power': 'plant'}",2026-04-24 03:42:50.790400,https://www.openstreetmap.org/way/1461471137,13.966591308682167,108.17505388674829
way/1461471138,1461471138,way,Viet Nam,plant,Missing output tag,none,"tags: {'plant:source': 'solar', 'power': 'plant'}",2026-04-24 03:42:50.790766,https://www.openstreetmap.org/way/1461471138,13.967739530162778,108.17458543229249
way/1461471162,1461471162,way,Viet Nam,plant,Missing output tag,none,"tags: {'plant:source': 'solar', 'power': 'plant'}",2026-04-24 03:42:50.791173,https://www.openstreetmap.org/way/1461471162,11.044708354686113,108.20383821586715
way/1461471163,1461471163,way,Viet Nam,plant,Missing output tag,none,"tags: {'plant:source': 'solar', 'power': 'plant'}",2026-04-24 03:42:50.791508,https://www.openstreetmap.org/way/1461471163,11.539983955099967,106.65971493334956
way/1461475747,1461475747,way,Viet Nam,plant,Missing output tag,none,"tags: {'plant:source': 'solar', 'power': 'plant'}",2026-04-24 03:42:50.792050,https://www.openstreetmap.org/way/1461475747,13.071997120475148,108.14107457052668
way/1461475748,1461475748,way,Viet Nam,plant,Missing output tag,none,"tags: {'plant:source': 'solar', 'power': 'plant'}",2026-04-24 03:42:50.792455,https://www.openstreetmap.org/way/1461475748,10.877337746226452,107.22719747403701
way/1461475749,1461475749,way,Viet Nam,plant,Missing output tag,none,"tags: {'plant:source': 'solar', 'power': 'plant'}",2026-04-24 03:42:50.792848,https://www.openstreetmap.org/way/1461475749,12.256380435305433,109.17039360275749
way/1461475758,1461475758,way,Viet Nam,plant,Missing output tag,none,"tags: {'plant:source': 'solar', 'power': 'plant'}",2026-04-24 03:42:50.793372,https://www.openstreetmap.org/way/1461475758,12.156211944092075,109.06670152282159
way/1461475770,1461475770,way,Viet Nam,plant,Missing output tag,none,"tags: {'plant:source': 'solar', 'power': 'plant'}",2026-04-24 03:42:50.793805,https://www.openstreetmap.org/way/1461475770,13.99309852359788,109.03576459182413
way/1461475950,1461475950,way,Viet Nam,plant,Missing output tag,none,"tags: {'plant:source': 'solar', 'power': 'plant'}",2026-04-24 03:42:50.794222,https://www.openstreetmap.org/way/1461475950,20.860631809431094,106.57249095190105
way/1461476185,1461476185,way,Viet Nam,plant,Missing output tag,none,"tags: {'plant:source': 'solar', 'power': 'plant'}",2026-04-24 03:42:50.794789,https://www.openstreetmap.org/way/1461476185,15.242142792504028,108.65844106962177
way/1461830080,1461830080,way,Viet Nam,plant,Missing output tag,none,"tags: {'plant:source': 'solar', 'power': 'plant'}",2026-04-24 03:42:50.795288,https://www.openstreetmap.org/way/1461830080,14.051878602271866,108.98320632559883
way/1461830108,1461830108,way,Viet Nam,plant,Missing output tag,none,"tags: {'plant:source': 'solar', 'power': 'plant'}",2026-04-24 03:42:50.795779,https://www.openstreetmap.org/way/1461830108,11.474879843843278,106.9271471116265
way/1461830109,1461830109,way,Viet Nam,plant,Missing output tag,none,"tags: {'plant:source': 'solar', 'power': 'plant'}",2026-04-24 03:42:50.796200,https://www.openstreetmap.org/way/1461830109,11.507501786361352,106.76007659185896
way/1461830114,1461830114,way,Viet Nam,plant,Missing output tag,none,"tags: {'plant:source': 'solar', 'power': 'plant'}",2026-04-24 03:42:50.796646,https://www.openstreetmap.org/way/1461830114,13.358139195397074,108.49703807011848
way/1461832654,1461832654,way,Viet Nam,plant,Missing output tag,none,"tags: {'plant:source': 'solar', 'power': 'plant'}",2026-04-24 03:42:50.797097,https://www.openstreetmap.org/way/1461832654,11.651637655921524,108.89757707583084
way/1461832655,1461832655,way,Viet Nam,plant,Missing output tag,none,"tags: {'plant:source': 'solar', 'power': 'plant'}",2026-04-24 03:42:50.797481,https://www.openstreetmap.org/way/1461832655,12.282183619247444,108.96730617370986
way/1462032766,1462032766,way,Viet Nam,plant,Missing output tag,none,"tags: {'plant:source': 'solar', 'power': 'plant'}",2026-04-24 03:42:50.797952,https://www.openstreetmap.org/way/1462032766,13.9622770120707,108.54409297282947
way/1462032782,1462032782,way,Viet Nam,plant,Missing output tag,none,"tags: {'plant:source': 'solar', 'power': 'plant'}",2026-04-24 03:42:50.798356,https://www.openstreetmap.org/way/1462032782,9.248238485735198,105.79858350910611
way/1462032793,1462032793,way,Viet Nam,plant,Missing output tag,none,"tags: {'plant:source': 'solar', 'power': 'plant'}",2026-04-24 03:42:50.798718,https://www.openstreetmap.org/way/1462032793,16.59911180520058,107.43194438277469
way/1462503436,1462503436,way,Viet Nam,plant,Missing output tag,none,"tags: {'plant:source': 'solar', 'power': 'plant'}",2026-04-24 03:42:50.799175,https://www.openstreetmap.org/way/1462503436,9.460453113876437,105.46450487442259
way/1462548609,1462548609,way,Viet Nam,plant,Missing output tag,none,"tags: {'plant:source': 'hydro', 'power': 'plant'}",2026-04-24 03:42:50.799497,https://www.openstreetmap.org/way/1462548609,18.38921309347857,105.48905785455412
way/1462548610,1462548610,way,Viet Nam,plant,Missing output tag,none,"tags: {'plant:source': 'hydro', 'power': 'plant'}",2026-04-24 03:42:50.799814,https://www.openstreetmap.org/way/1462548610,19.5898448772151,104.79938845281264
way/1462548611,1462548611,way,Viet Nam,plant,Missing output tag,none,"tags: {'plant:source': 'hydro', 'power': 'plant'}",2026-04-24 03:42:50.800157,https://www.openstreetmap.org/way/1462548611,20.11858988302711,105.20365743991347
way/1462548613,1462548613,way,Viet Nam,plant,Missing output tag,none,"tags: {'plant:source': 'hydro', 'power': 'plant'}",2026-04-24 03:42:50.800472,https://www.openstreetmap.org/way/1462548613,19.88224832954278,105.33505196804043
way/1462548615,1462548615,way,Viet Nam,plant,Missing output tag,none,"tags: {'plant:source': 'hydro', 'power': 'plant'}",2026-04-24 03:42:50.800793,https://www.openstreetmap.org/way/1462548615,19.89607923333333,105.37678755804382
way/1462548617,1462548617,way,Viet Nam,plant,Missing output tag,none,"tags: {'plant:source': 'hydro', 'power': 'plant'}",2026-04-24 03:42:50.801142,https://www.openstreetmap.org/way/1462548617,19.573332130784824,104.78989805583187
way/1462548618,1462548618,way,Viet Nam,plant,Missing output tag,none,"tags: {'plant:source': 'hydro', 'power': 'plant'}",2026-04-24 03:42:50.801457,https://www.openstreetmap.org/way/1462548618,20.593564370555743,105.0267372926595
way/1462548619,1462548619,way,Viet Nam,plant,Missing output tag,none,"tags: {'plant:source': 'hydro', 'power': 'plant'}",2026-04-24 03:42:50.801771,https://www.openstreetmap.org/way/1462548619,20.741440297350675,105.04023639589077
way/1462548620,1462548620,way,Viet Nam,plant,Missing output tag,none,"tags: {'plant:source': 'hydro', 'power': 'plant'}",2026-04-24 03:42:50.802120,https://www.openstreetmap.org/way/1462548620,20.943928707585545,104.97499445613252
way/1462548621,1462548621,way,Viet Nam,plant,Missing output tag,none,"tags: {'plant:source': 'hydro', 'power': 'plant'}",2026-04-24 03:42:50.802441,https://www.openstreetmap.org/way/1462548621,20.927486625150717,104.97750556125908
way/1462548623,1462548623,way,Viet Nam,plant,Missing output tag,none,"tags: {'plant:source': 'hydro', 'power': 'plant'}",2026-04-24 03:42:50.802761,https://www.openstreetmap.org/way/1462548623,21.079578365383064,104.84959139159794
way/1462548624,1462548624,way,Viet Nam,plant,Missing output tag,none,"tags: {'plant:source': 'hydro', 'power': 'plant'}",2026-04-24 03:42:50.803105,https://www.openstreetmap.org/way/1462548624,20.850858505889327,104.57056335034576
way/1462548626,1462548626,way,Viet Nam,plant,Missing output tag,none,"tags: {'plant:source': 'hydro', 'power': 'plant'}",2026-04-24 03:42:50.803420,https://www.openstreetmap.org/way/1462548626,21.08930738252991,104.37518445817012
way/1462548627,1462548627,way,Viet Nam,plant,Missing output tag,none,"tags: {'plant:source': 'hydro', 'power': 'plant'}",2026-04-24 03:42:50.803743,https://www.openstreetmap.org/way/1462548627,20.39632667081105,105.371099590567
way/1462548628,1462548628,way,Viet Nam,plant,Missing output tag,none,"tags: {'plant:source': 'hydro', 'power': 'plant'}",2026-04-24 03:42:50.804100,https://www.openstreetmap.org/way/1462548628,21.788861417760785,104.42664261797778
way/1462548629,1462548629,way,Viet Nam,plant,Missing output tag,none,"tags: {'plant:source': 'hydro', 'power': 'plant'}",2026-04-24 03:42:50.804444,https://www.openstreetmap.org/way/1462548629,21.786081772491073,104.42644081335574
way/1462548630,1462548630,way,Viet Nam,plant,Missing output tag,none,"tags: {'plant:source': 'hydro', 'power': 'plant'}",2026-04-24 03:42:50.804796,https://www.openstreetmap.org/way/1462548630,21.499936299847143,104.09103692389778
way/1462548631,1462548631,way,Viet Nam,plant,Missing output tag,none,"tags: {'plant:source': 'hydro', 'power': 'plant'}",2026-04-24 03:42:50.805157,https://www.openstreetmap.org/way/1462548631,21.620272612412336,104.17260901322585
way/1462548632,1462548632,way,Viet Nam,plant,Missing output tag,none,"tags: {'plant:source': 'hydro', 'power': 'plant'}",2026-04-24 03:42:50.805478,https://www.openstreetmap.org/way/1462548632,21.79430834067354,104.33258830891374
way/1462548634,1462548634,way,Viet Nam,plant,Missing output tag,none,"tags: {'plant:source': 'hydro', 'power': 'plant'}",2026-04-24 03:42:50.805797,https://www.openstreetmap.org/way/1462548634,21.353309025391624,104.17876965452436
way/1462548637,1462548637,way,Viet Nam,plant,Missing output tag,none,"tags: {'plant:source': 'hydro', 'power': 'plant'}",2026-04-24 03:42:50.806222,https://www.openstreetmap.org/way/1462548637,21.44824118822002,104.17292076246832
way/1462548641,1462548641,way,Viet Nam,plant,Missing output tag,none,"tags: {'plant:source': 'hydro', 'power': 'plant'}",2026-04-24 03:42:50.806546,https://www.openstreetmap.org/way/1462548641,21.45671645150766,104.19390887922647
way/1462548642,1462548642,way,Viet Nam,plant,Missing output tag,none,"tags: {'plant:source': 'hydro', 'power': 'plant'}",2026-04-24 03:42:50.806910,https://www.openstreetmap.org/way/1462548642,21.795777843788052,104.14240134790411
way/1462548643,1462548643,way,Viet Nam,plant,Missing output tag,none,"tags: {'plant:source': 'hydro', 'power': 'plant'}",2026-04-24 03:42:50.807243,https://www.openstreetmap.org/way/1462548643,21.333566343385947,104.68084494054436
way/1462548645,1462548645,way,Viet Nam,plant,Missing output tag,none,"tags: {'plant:source': 'hydro', 'power': 'plant'}",2026-04-24 03:42:50.807567,https://www.openstreetmap.org/way/1462548645,21.578396262781386,104.45762963641674
way/1462548646,1462548646,way,Viet Nam,plant,Missing output tag,none,"tags: {'plant:source': 'hydro', 'power': 'plant'}",2026-04-24 03:42:50.807911,https://www.openstreetmap.org/way/1462548646,21.30959974674149,104.34852733385935
way/1462548647,1462548647,way,Viet Nam,plant,Missing output tag,none,"tags: {'plant:source': 'hydro', 'power': 'plant'}",2026-04-24 03:42:50.808270,https://www.openstreetmap.org/way/1462548647,21.877024770387884,106.6577609362141
way/1462548648,1462548648,way,Viet Nam,plant,Missing output tag,none,"tags: {'plant:source': 'hydro', 'power': 'plant'}",2026-04-24 03:42:50.808596,https://www.openstreetmap.org/way/1462548648,22.303843996334916,105.72382216894124
way/1462548649,1462548649,way,Viet Nam,plant,Missing output tag,none,"tags: {'plant:source': 'hydro', 'power': 'plant'}",2026-04-24 03:42:50.808979,https://www.openstreetmap.org/way/1462548649,22.00275689633194,106.5898698168751
way/1462548650,1462548650,way,Viet Nam,plant,Missing output tag,none,"tags: {'plant:source': 'hydro', 'power': 'plant'}",2026-04-24 03:42:50.809320,https://www.openstreetmap.org/way/1462548650,22.170988451965535,106.50005579096117
way/1462548652,1462548652,way,Viet Nam,plant,Missing output tag,none,"tags: {'plant:source': 'hydro', 'power': 'plant'}",2026-04-24 03:42:50.809645,https://www.openstreetmap.org/way/1462548652,22.309456736934305,104.44208119624085
way/1462548654,1462548654,way,Viet Nam,plant,Missing output tag,none,"tags: {'plant:source': 'hydro', 'power': 'plant'}",2026-04-24 03:42:50.809993,https://www.openstreetmap.org/way/1462548654,22.12535821363366,104.21685014869651
way/1462548655,1462548655,way,Viet Nam,plant,Missing output tag,none,"tags: {'plant:source': 'hydro', 'power': 'plant'}",2026-04-24 03:42:50.810319,https://www.openstreetmap.org/way/1462548655,21.231821481567064,103.31103645742384
way/1462548657,1462548657,way,Viet Nam,plant,Missing output tag,none,"tags: {'plant:source': 'hydro', 'power': 'plant'}",2026-04-24 03:42:50.810639,https://www.openstreetmap.org/way/1462548657,21.788786723202833,103.32334899832506
way/1462548658,1462548658,way,Viet Nam,plant,Missing output tag,none,"tags: {'plant:source': 'hydro', 'power': 'plant'}",2026-04-24 03:42:50.810977,https://www.openstreetmap.org/way/1462548658,21.64893446007717,103.75830739436462
way/1462548660,1462548660,way,Viet Nam,plant,Missing output tag,none,"tags: {'plant:source': 'hydro', 'power': 'plant'}",2026-04-24 03:42:50.811300,https://www.openstreetmap.org/way/1462548660,21.41313072851195,103.4073550907766
way/1462548674,1462548674,way,Viet Nam,plant,Missing output tag,none,"tags: {'plant:source': 'hydro', 'power': 'plant'}",2026-04-24 03:42:50.811625,https://www.openstreetmap.org/way/1462548674,22.512567393427037,102.84683130641679
way/1462548677,1462548677,way,Viet Nam,plant,Missing output tag,none,"tags: {'plant:source': 'hydro', 'power': 'plant'}",2026-04-24 03:42:50.811988,https://www.openstreetmap.org/way/1462548677,22.439339198763584,102.83409666979709
way/1462548679,1462548679,way,Viet Nam,plant,Missing output tag,none,"tags: {'plant:source': 'hydro', 'power': 'plant'}",2026-04-24 03:42:50.812339,https://www.openstreetmap.org/way/1462548679,22.392715090041523,103.07071393706791
way/1462548682,1462548682,way,Viet Nam,plant,Missing output tag,none,"tags: {'plant:source': 'hydro', 'power': 'plant'}",2026-04-24 03:42:50.812689,https://www.openstreetmap.org/way/1462548682,22.448819700656372,103.94559834742307
way/1462548683,1462548683,way,Viet Nam,plant,Missing output tag,none,"tags: {'plant:source': 'hydro', 'power': 'plant'}",2026-04-24 03:42:50.813041,https://www.openstreetmap.org/way/1462548683,22.448405307122346,103.94568686993934
way/1462548684,1462548684,way,Viet Nam,plant,Missing output tag,none,"tags: {'plant:source': 'hydro', 'power': 'plant'}",2026-04-24 03:42:50.813369,https://www.openstreetmap.org/way/1462548684,22.398647600614556,103.09924315878213
way/1462548685,1462548685,way,Viet Nam,plant,Missing output tag,none,"tags: {'plant:source': 'hydro', 'power': 'plant'}",2026-04-24 03:42:50.813693,https://www.openstreetmap.org/way/1462548685,22.226582053621662,103.75865100325261
way/1462548686,1462548686,way,Viet Nam,plant,Missing output tag,none,"tags: {'plant:source': 'hydro', 'power': 'plant'}",2026-04-24 03:42:50.814042,https://www.openstreetmap.org/way/1462548686,22.474531745718,103.85851921569754
way/1462548687,1462548687,way,Viet Nam,plant,Missing output tag,none,"tags: {'plant:source': 'hydro', 'power': 'plant'}",2026-04-24 03:42:50.814381,https://www.openstreetmap.org/way/1462548687,22.672179774592184,106.5048558935989
way/1462548689,1462548689,way,Viet Nam,plant,Missing output tag,none,"tags: {'plant:source': 'hydro', 'power': 'plant'}",2026-04-24 03:42:50.814710,https://www.openstreetmap.org/way/1462548689,22.898408171751008,104.84367496940425
way/1462548690,1462548690,way,Viet Nam,plant,Missing output tag,none,"tags: {'plant:source': 'hydro', 'power': 'plant'}",2026-04-24 03:42:50.815066,https://www.openstreetmap.org/way/1462548690,22.64377603088134,103.4000370313619
way/1462548691,1462548691,way,Viet Nam,plant,Missing output tag,none,"tags: {'plant:source': 'hydro', 'power': 'plant'}",2026-04-24 03:42:50.815404,https://www.openstreetmap.org/way/1462548691,22.691094137386607,104.46532335623591
way/1462548692,1462548692,way,Viet Nam,plant,Missing output tag,none,"tags: {'plant:source': 'hydro', 'power': 'plant'}",2026-04-24 03:42:50.815739,https://www.openstreetmap.org/way/1462548692,22.666824624375963,104.46741626526003
way/1462548695,1462548695,way,Viet Nam,plant,Missing output tag,none,"tags: {'plant:source': 'hydro', 'power': 'plant'}",2026-04-24 03:42:50.816103,https://www.openstreetmap.org/way/1462548695,22.737482500000006,104.19336140000001
way/1462548696,1462548696,way,Viet Nam,plant,Missing output tag,none,"tags: {'plant:source': 'hydro', 'power': 'plant'}",2026-04-24 03:42:50.816440,https://www.openstreetmap.org/way/1462548696,22.553585104806338,103.36589271097915
way/1462564248,1462564248,way,Viet Nam,plant,Missing output tag,none,"tags: {'plant:source': 'hydro', 'power': 'plant'}",2026-04-24 03:42:50.816827,https://www.openstreetmap.org/way/1462564248,22.923355816461324,105.11525431731151
way/1462564249,1462564249,way,Viet Nam,plant,Missing output tag,none,"tags: {'plant:source': 'solar', 'power': 'plant'}",2026-04-24 03:42:50.817249,https://www.openstreetmap.org/way/1462564249,10.684715493507921,107.02048177312987
way/1462564250,1462564250,way,Viet Nam,plant,Missing output tag,none,"tags: {'plant:source': 'hydro', 'power': 'plant'}",2026-04-24 03:42:50.817587,https://www.openstreetmap.org/way/1462564250,11.232427390917541,108.0156197870118
way/1462564251,1462564251,way,Viet Nam,plant,Missing output tag,none,"tags: {'plant:source': 'solar', 'power': 'plant'}",2026-04-24 03:42:50.817939,https://www.openstreetmap.org/way/1462564251,10.929412547803667,106.73271709061437
way/1462564252,1462564252,way,Viet Nam,plant,Missing output tag,none,"tags: {'plant:source': 'solar', 'power': 'plant'}",2026-04-24 03:42:50.818279,https://www.openstreetmap.org/way/1462564252,10.928526152408677,106.72874473181817
way/1462564253,1462564253,way,Viet Nam,plant,Missing output tag,none,"tags: {'plant:source': 'solar', 'power': 'plant'}",2026-04-24 03:42:50.818616,https://www.openstreetmap.org/way/1462564253,10.930755128209405,106.72513836138592
way/1462564254,1462564254,way,Viet Nam,plant,Missing output tag,none,"tags: {'plant:source': 'solar', 'power': 'plant'}",2026-04-24 03:42:50.819019,https://www.openstreetmap.org/way/1462564254,10.933814275218602,106.71610813652438
way/1462564256,1462564256,way,Viet Nam,plant,Missing output tag,none,"tags: {'plant:source': 'hydro', 'power': 'plant'}",2026-04-24 03:42:50.819358,https://www.openstreetmap.org/way/1462564256,11.553208517191685,108.01527207653182
way/1462564257,1462564257,way,Viet Nam,plant,Missing output tag,none,"tags: {'plant:source': 'hydro', 'power': 'plant'}",2026-04-24 03:42:50.819692,https://www.openstreetmap.org/way/1462564257,11.623002105803069,107.7262109309481
way/1462564258,1462564258,way,Viet Nam,plant,Missing output tag,none,"tags: {'plant:source': 'hydro', 'power': 'plant'}",2026-04-24 03:42:50.820060,https://www.openstreetmap.org/way/1462564258,11.904941607855664,107.73415575066966
way/1462564259,1462564259,way,Viet Nam,plant,Missing output tag,none,"tags: {'plant:source': 'hydro', 'power': 'plant'}",2026-04-24 03:42:50.820422,https://www.openstreetmap.org/way/1462564259,11.828656798853709,108.16616538768224
way/1462564260,1462564260,way,Viet Nam,plant,Missing output tag,none,"tags: {'plant:source': 'hydro', 'power': 'plant'}",2026-04-24 03:42:50.820758,https://www.openstreetmap.org/way/1462564260,11.807544529211249,107.40755742007597
way/1462564261,1462564261,way,Viet Nam,plant,Missing output tag,none,"tags: {'plant:source': 'hydro', 'power': 'plant'}",2026-04-24 03:42:50.821122,https://www.openstreetmap.org/way/1462564261,11.967937629019273,108.57382542548127
way/1462564262,1462564262,way,Viet Nam,plant,Missing output tag,none,"tags: {'plant:source': 'hydro', 'power': 'plant'}",2026-04-24 03:42:50.821448,https://www.openstreetmap.org/way/1462564262,12.482320737669664,108.34088356666666
way/1462564263,1462564263,way,Viet Nam,plant,Missing output tag,none,"tags: {'plant:source': 'hydro', 'power': 'plant'}",2026-04-24 03:42:50.821820,https://www.openstreetmap.org/way/1462564263,12.57647838523528,108.96213910490182
way/1462564264,1462564264,way,Viet Nam,plant,Missing output tag,none,"tags: {'name': 'Dak Rung 1', 'plant:source': 'hydro', 'power': 'plant'}",2026-04-24 03:42:50.822211,https://www.openstreetmap.org/way/1462564264,12.114193964434111,107.63361666201787
way/1462564265,1462564265,way,Viet Nam,plant,Missing output tag,none,"tags: {'plant:source': 'hydro', 'power': 'plant'}",2026-04-24 03:42:50.822540,https://www.openstreetmap.org/way/1462564265,12.219115489031322,107.96045056385378
way/1462564266,1462564266,way,Viet Nam,plant,Missing output tag,none,"tags: {'plant:source': 'hydro', 'power': 'plant'}",2026-04-24 03:42:50.822918,https://www.openstreetmap.org/way/1462564266,13.91101500601945,108.94151790107189
way/1462564268,1462564268,way,Viet Nam,plant,Missing output tag,none,"tags: {'plant:source': 'solar', 'power': 'plant'}",2026-04-24 03:42:50.823441,https://www.openstreetmap.org/way/1462564268,13.53198428512981,108.08871553141604
way/1462564269,1462564269,way,Viet Nam,plant,Missing output tag,none,"tags: {'name': 'Ea MDoal 3', 'plant:source': 'hydro', 'power': 'plant'}",2026-04-24 03:42:50.823772,https://www.openstreetmap.org/way/1462564269,12.799575396352427,108.93090885502731
way/1462564271,1462564271,way,Viet Nam,plant,Missing output tag,none,"tags: {'plant:source': 'hydro', 'power': 'plant'}",2026-04-24 03:42:50.824153,https://www.openstreetmap.org/way/1462564271,12.671084500375457,107.90754165332645
way/1462564272,1462564272,way,Viet Nam,plant,Missing output tag,none,"tags: {'plant:source': 'hydro', 'power': 'plant'}",2026-04-24 03:42:50.824486,https://www.openstreetmap.org/way/1462564272,12.761495731578487,108.89915921558254
way/1462564273,1462564273,way,Viet Nam,plant,Missing output tag,none,"tags: {'plant:source': 'hydro', 'power': 'plant'}",2026-04-24 03:42:50.824816,https://www.openstreetmap.org/way/1462564273,12.91714087092141,109.14836386309729
way/1462564274,1462564274,way,Viet Nam,plant,Missing output tag,none,"tags: {'plant:source': 'solar', 'power': 'plant'}",2026-04-24 03:42:50.825219,https://www.openstreetmap.org/way/1462564274,12.921504953757827,109.14983856903626
way/1462564275,1462564275,way,Viet Nam,plant,Missing output tag,none,"tags: {'plant:source': 'hydro', 'power': 'plant'}",2026-04-24 03:42:50.825547,https://www.openstreetmap.org/way/1462564275,13.925796073298772,108.22510953901643
way/1462564276,1462564276,way,Viet Nam,plant,Missing output tag,none,"tags: {'plant:source': 'hydro', 'power': 'plant'}",2026-04-24 03:42:50.825891,https://www.openstreetmap.org/way/1462564276,14.731740745484379,107.82676422834585
way/1462564278,1462564278,way,Viet Nam,plant,Missing output tag,none,"tags: {'name': 'Dak Po ne 2', 'plant:source': 'hydro', 'power': 'plant'}",2026-04-24 03:42:50.826271,https://www.openstreetmap.org/way/1462564278,14.51878343632545,108.29327186001261
way/1462564280,1462564280,way,Viet Nam,plant,Missing output tag,none,"tags: {'plant:source': 'hydro', 'power': 'plant'}",2026-04-24 03:42:50.826597,https://www.openstreetmap.org/way/1462564280,14.885672757327141,108.46440079986284
way/1462564281,1462564281,way,Viet Nam,plant,Missing output tag,none,"tags: {'plant:source': 'hydro', 'power': 'plant'}",2026-04-24 03:42:50.826944,https://www.openstreetmap.org/way/1462564281,14.827655374852197,108.77040093554756
way/1462564282,1462564282,way,Viet Nam,plant,Missing output tag,none,"tags: {'plant:source': 'hydro', 'power': 'plant'}",2026-04-24 03:42:50.827286,https://www.openstreetmap.org/way/1462564282,15.16500286100397,108.37462905355305
way/1462564283,1462564283,way,Viet Nam,plant,Missing output tag,none,"tags: {'plant:source': 'hydro', 'power': 'plant'}",2026-04-24 03:42:50.827679,https://www.openstreetmap.org/way/1462564283,15.12029683904492,108.62100606074418
way/1462564284,1462564284,way,Viet Nam,plant,Missing output tag,none,"tags: {'plant:source': 'hydro', 'power': 'plant'}",2026-04-24 03:42:50.828033,https://www.openstreetmap.org/way/1462564284,15.26844842097702,108.49793939867276
way/1462564285,1462564285,way,Viet Nam,plant,Missing output tag,none,"tags: {'plant:source': 'hydro', 'power': 'plant'}",2026-04-24 03:42:50.828385,https://www.openstreetmap.org/way/1462564285,15.079406385501228,108.06433086533404
way/1462564286,1462564286,way,Viet Nam,plant,Missing output tag,none,"tags: {'plant:source': 'hydro', 'power': 'plant'}",2026-04-24 03:42:50.828711,https://www.openstreetmap.org/way/1462564286,15.152581252999111,107.89134896447011
way/1462564287,1462564287,way,Viet Nam,plant,Missing output tag,none,"tags: {'plant:source': 'hydro', 'power': 'plant'}",2026-04-24 03:42:50.829066,https://www.openstreetmap.org/way/1462564287,15.048073306025577,107.69151950678796
way/1462564288,1462564288,way,Viet Nam,plant,Missing output tag,none,"tags: {'plant:source': 'hydro', 'power': 'plant'}",2026-04-24 03:42:50.829408,https://www.openstreetmap.org/way/1462564288,15.05865038402246,108.27583445766906
way/1462564289,1462564289,way,Viet Nam,plant,Missing output tag,none,"tags: {'plant:source': 'hydro', 'power': 'plant'}",2026-04-24 03:42:50.829735,https://www.openstreetmap.org/way/1462564289,14.92576086888734,107.9632299804617
way/1462564290,1462564290,way,Viet Nam,plant,Missing output tag,none,"tags: {'plant:source': 'hydro', 'power': 'plant'}",2026-04-24 03:42:50.830094,https://www.openstreetmap.org/way/1462564290,15.056402627160944,108.08627741771663
way/1462564291,1462564291,way,Viet Nam,plant,Missing output tag,none,"tags: {'plant:source': 'hydro', 'power': 'plant'}",2026-04-24 03:42:50.830458,https://www.openstreetmap.org/way/1462564291,15.638706482131324,107.5540023038131
way/1462564292,1462564292,way,Viet Nam,plant,Missing output tag,none,"tags: {'plant:source': 'hydro', 'power': 'plant'}",2026-04-24 03:42:50.830802,https://www.openstreetmap.org/way/1462564292,15.782765376824502,107.36926874495585
way/1462564293,1462564293,way,Viet Nam,plant,Missing output tag,none,"tags: {'plant:source': 'hydro', 'power': 'plant'}",2026-04-24 03:42:50.831161,https://www.openstreetmap.org/way/1462564293,16.115176229507107,107.69326205395535
way/1462564294,1462564294,way,Viet Nam,plant,Missing output tag,none,"tags: {'plant:source': 'hydro', 'power': 'plant'}",2026-04-24 03:42:50.831501,https://www.openstreetmap.org/way/1462564294,15.800762768677654,107.35529966861819
way/1462564295,1462564295,way,Viet Nam,plant,Missing output tag,none,"tags: {'plant:source': 'hydro', 'power': 'plant'}",2026-04-24 03:42:50.831827,https://www.openstreetmap.org/way/1462564295,15.92127111137774,107.57020222496465
way/1462564297,1462564297,way,Viet Nam,plant,Missing output tag,none,"tags: {'plant:source': 'hydro', 'power': 'plant'}",2026-04-24 03:42:50.832179,https://www.openstreetmap.org/way/1462564297,16.141033326261994,107.74997695304971
way/1462564298,1462564298,way,Viet Nam,plant,Missing output tag,none,"tags: {'plant:source': 'hydro', 'power': 'plant'}",2026-04-24 03:42:50.832552,https://www.openstreetmap.org/way/1462564298,19.589316510205297,104.87469878812475
way/1462819255,1462819255,way,Viet Nam,plant,Missing output tag,none,"tags: {'plant:source': 'solar', 'power': 'plant'}",2026-04-24 03:42:50.833149,https://www.openstreetmap.org/way/1462819255,13.774867411388543,107.58174339506262
way/1463078863,1463078863,way,Viet Nam,plant,Missing output tag,none,"tags: {'plant:source': 'solar', 'power': 'plant'}",2026-04-24 03:42:50.833474,https://www.openstreetmap.org/way/1463078863,12.240445525186512,108.97012044984072
way/1463486821,1463486821,way,Viet Nam,plant,Missing output tag,none,"tags: {'plant:source': 'hydro', 'power': 'plant'}",2026-04-24 03:42:50.833796,https://www.openstreetmap.org/way/1463486821,21.35536270620341,103.40719589188919
way/1463499623,1463499623,way,Viet Nam,plant,Missing output tag,none,"tags: {'plant:source': 'solar', 'power': 'plant'}",2026-04-24 03:42:50.834252,https://www.openstreetmap.org/way/1463499623,15.263380797917812,108.47706244027103
way/1463499624,1463499624,way,Viet Nam,plant,Missing output tag,none,"tags: {'plant:source': 'solar', 'power': 'plant'}",2026-04-24 03:42:50.834651,https://www.openstreetmap.org/way/1463499624,12.464959380223242,108.12802199310308
way/1463499625,1463499625,way,Viet Nam,plant,Missing output tag,none,"tags: {'plant:source': 'solar', 'power': 'plant'}",2026-04-24 03:42:50.835066,https://www.openstreetmap.org/way/1463499625,16.788112558127764,106.9655773288827
way/1463499626,1463499626,way,Viet Nam,plant,Missing output tag,none,"tags: {'plant:source': 'solar', 'power': 'plant'}",2026-04-24 03:42:50.835416,https://www.openstreetmap.org/way/1463499626,16.78595391581792,106.96174369015294
way/1463499627,1463499627,way,Viet Nam,plant,Missing output tag,none,"tags: {'plant:source': 'solar', 'power': 'plant'}",2026-04-24 03:42:50.835830,https://www.openstreetmap.org/way/1463499627,16.786792687918602,106.95777855494505
way/1463499628,1463499628,way,Viet Nam,plant,Missing output tag,none,"tags: {'plant:source': 'solar', 'power': 'plant'}",2026-04-24 03:42:50.836209,https://www.openstreetmap.org/way/1463499628,15.589461607261365,108.44146132996782
way/1463499629,1463499629,way,Viet Nam,plant,Missing output tag,none,"tags: {'plant:source': 'solar', 'power': 'plant'}",2026-04-24 03:42:50.836602,https://www.openstreetmap.org/way/1463499629,15.573035559664053,108.36579706858942
way/1463499630,1463499630,way,Viet Nam,plant,Missing output tag,none,"tags: {'plant:source': 'solar', 'power': 'plant'}",2026-04-24 03:42:50.836946,https://www.openstreetmap.org/way/1463499630,16.82878246568037,106.92749851980263
way/1463499631,1463499631,way,Viet Nam,plant,Missing output tag,none,"tags: {'plant:source': 'solar', 'power': 'plant'}",2026-04-24 03:42:50.837298,https://www.openstreetmap.org/way/1463499631,9.200868716995936,105.66592832425988
way/1463499632,1463499632,way,Viet Nam,plant,Missing output tag,none,"tags: {'plant:source': 'solar', 'power': 'plant'}",2026-04-24 03:42:50.837659,https://www.openstreetmap.org/way/1463499632,21.24136934138128,106.13340442549621
way/1463499633,1463499633,way,Viet Nam,plant,Missing output tag,none,"tags: {'plant:source': 'solar', 'power': 'plant'}",2026-04-24 03:42:50.838060,https://www.openstreetmap.org/way/1463499633,21.24504328539105,106.1362404005837
way/1463499634,1463499634,way,Viet Nam,plant,Missing output tag,none,"tags: {'plant:source': 'solar', 'power': 'plant'}",2026-04-24 03:42:50.838441,https://www.openstreetmap.org/way/1463499634,21.240321748340843,106.1513332251828
way/1463793759,1463793759,way,Viet Nam,plant,Missing output tag,none,"tags: {'name': 'Dak Pia', 'plant:source': 'hydro', 'power': 'plant'}",2026-04-24 03:42:50.838802,https://www.openstreetmap.org/way/1463793759,14.665063583331012,108.15938656252524
way/1466065796,1466065796,way,Viet Nam,plant,Missing output tag,none,"tags: {'name': 'Dak Nong 2', 'plant:source': 'hydro', 'power': 'plant'}",2026-04-24 03:42:50.839163,https://www.openstreetmap.org/way/1466065796,11.96335285342368,107.66692059082366
way/1466065797,1466065797,way,Viet Nam,plant,Missing output tag,none,"tags: {'name': 'Bu Ca Mau', 'plant:source': 'hydro', 'power': 'plant'}",2026-04-24 03:42:50.839500,https://www.openstreetmap.org/way/1466065797,11.871236426544684,106.97672964747356
way/1466065798,1466065798,way,Viet Nam,plant,Missing output tag,none,"tags: {'name': 'Ia Grai 3', 'plant:source': 'hydro', 'power': 'plant'}",2026-04-24 03:42:50.839898,https://www.openstreetmap.org/way/1466065798,14.023281744444779,107.65149882217821
way/1466065799,1466065799,way,Viet Nam,plant,Missing output tag,none,"tags: {'name': 'Ia Grai 1', 'plant:source': 'hydro', 'power': 'plant'}",2026-04-24 03:42:50.840286,https://www.openstreetmap.org/way/1466065799,13.971963921369374,107.72379400001695
way/1466065800,1466065800,way,Viet Nam,plant,Missing output tag,none,"tags: {'name': 'Dak Ro Sa', 'plant:source': 'hydro', 'power': 'plant', 'waterway': 'dam'}",2026-04-24 03:42:50.840631,https://www.openstreetmap.org/way/1466065800,14.747080950908497,107.83580070860769
way/1467971788,1467971788,way,Viet Nam,plant,Missing source tag,none,"tags: {'landuse': 'industrial', 'name': 'Nhà máy điện nhiệt dư Hoà Phát Dung Quất 2', 'operator': 'Công ty cổ phần Thép Hoà Phát Dung Quất', 'plant:output:electricity': '300 MW', 'power': 'plant'}",2026-04-24 03:42:50.840971,https://www.openstreetmap.org/way/1467971788,15.383732288063051,108.78990985782674
way/1470265326,1470265326,way,Viet Nam,plant,Missing output tag,none,"tags: {'name': 'Nam Ho', 'plant:source': 'hydro', 'power': 'plant', 'waterway': 'dam'}",2026-04-24 03:42:50.841224,https://www.openstreetmap.org/way/1470265326,22.564198464018283,103.68053353693232
way/1470265327,1470265327,way,Viet Nam,plant,Missing output tag,none,"tags: {'name': 'Song Chay 5', 'plant:source': 'hydro', 'power': 'plant'}",2026-04-24 03:42:50.841561,https://www.openstreetmap.org/way/1470265327,22.714177656557123,104.5353352100599
way/1470277667,1470277667,way,Viet Nam,plant,Missing output tag,none,"tags: {'name': 'Nam La', 'plant:source': 'hydro', 'power': 'plant'}",2026-04-24 03:42:50.841933,https://www.openstreetmap.org/way/1470277667,21.40526237948235,103.98336939912281
way/1470277668,1470277668,way,Viet Nam,plant,Missing output tag,none,"tags: {'name': 'Nam Mo 3', 'plant:source': 'hydro', 'power': 'plant'}",2026-04-24 03:42:50.842317,https://www.openstreetmap.org/way/1470277668,21.31960214043675,104.3022492847881
way/1470277669,1470277669,way,Viet Nam,plant,Missing output tag,none,"tags: {'name': 'Nam Cat', 'plant:source': 'hydro', 'power': 'plant', 'waterway': 'dam'}",2026-04-24 03:42:50.842657,https://www.openstreetmap.org/way/1470277669,22.201619832478638,105.77762663590504
way/1473637150,1473637150,way,Viet Nam,plant,Capacity placeholder value,yes,Tag 'plant:output:electricity' contains placeholder value 'yes' instead of actual capacity,2026-04-24 03:42:50.842948,https://www.openstreetmap.org/way/1473637150,22.734512920716718,106.5465251084375
way/1488629206,1488629206,way,Viet Nam,plant,Missing output tag,none,"tags: {'plant:source': 'solar', 'power': 'plant'}",2026-04-24 03:42:50.843191,https://www.openstreetmap.org/way/1488629206,10.75978220278952,106.43995295958528
way/1488629207,1488629207,way,Viet Nam,plant,Missing output tag,none,"tags: {'plant:source': 'solar', 'power': 'plant'}",2026-04-24 03:42:50.843523,https://www.openstreetmap.org/way/1488629207,10.759948917824035,106.44069776538541
way/1488629208,1488629208,way,Viet Nam,plant,Missing output tag,none,"tags: {'plant:source': 'solar', 'power': 'plant'}",2026-04-24 03:42:50.843856,https://www.openstreetmap.org/way/1488629208,10.758789764427295,106.4393105501448
way/1488629209,1488629209,way,Viet Nam,plant,Missing output tag,none,"tags: {'plant:source': 'solar', 'power': 'plant'}",2026-04-24 03:42:50.844213,https://www.openstreetmap.org/way/1488629209,10.758945386748842,106.44043692863973
way/1488629210,1488629210,way,Viet Nam,plant,Missing output tag,none,"tags: {'plant:source': 'solar', 'power': 'plant'}",2026-04-24 03:42:50.844539,https://www.openstreetmap.org/way/1488629210,10.758920971970852,106.44157303965642
way/1488629211,1488629211,way,Viet Nam,plant,Missing output tag,none,"tags: {'plant:source': 'solar', 'power': 'plant'}",2026-04-24 03:42:50.844869,https://www.openstreetmap.org/way/1488629211,10.758932247206278,106.44094535523318
way/1488629212,1488629212,way,Viet Nam,plant,Missing output tag,none,"tags: {'plant:source': 'solar', 'power': 'plant'}",2026-04-24 03:42:50.845228,https://www.openstreetmap.org/way/1488629212,10.757854854530388,106.4402660331073
way/1488629213,1488629213,way,Viet Nam,plant,Missing output tag,none,"tags: {'plant:source': 'solar', 'power': 'plant'}",2026-04-24 03:42:50.845558,https://www.openstreetmap.org/way/1488629213,10.758013507949007,106.44091074409093
way/1488629214,1488629214,way,Viet Nam,plant,Missing output tag,none,"tags: {'plant:source': 'solar', 'power': 'plant'}",2026-04-24 03:42:50.845907,https://www.openstreetmap.org/way/1488629214,10.757994212425839,106.4415517109002
way/1488629525,1488629525,way,Viet Nam,plant,Missing output tag,none,"tags: {'plant:source': 'solar', 'power': 'plant'}",2026-04-24 03:42:50.846247,https://www.openstreetmap.org/way/1488629525,10.767439941050206,106.44746688567713
way/1488629669,1488629669,way,Viet Nam,plant,Missing output tag,none,"tags: {'plant:source': 'hydro', 'power': 'plant'}",2026-04-24 03:42:50.846582,https://www.openstreetmap.org/way/1488629669,11.414844235998753,106.72094232160556
way/1488632936,1488632936,way,Viet Nam,plant,Missing output tag,none,"tags: {'generator:source': 'solar', 'plant:source': 'solar', 'power': 'plant'}",2026-04-24 03:42:50.846991,https://www.openstreetmap.org/way/1488632936,13.582994736796126,108.09908005749473
way/1488632937,1488632937,way,Viet Nam,plant,Missing output tag,none,"tags: {'plant:source': 'solar', 'power': 'plant'}",2026-04-24 03:42:50.847339,https://www.openstreetmap.org/way/1488632937,13.583531905025051,108.10552744740359
way/1492247948,1492247948,way,Viet Nam,plant,Missing output tag,none,"tags: {'plant:source': 'hydro', 'power': 'plant'}",2026-04-24 03:42:50.847669,https://www.openstreetmap.org/way/1492247948,21.2346501981161,104.51089294829727
way/1492247949,1492247949,way,Viet Nam,plant,Missing output tag,none,"tags: {'plant:source': 'hydro', 'power': 'plant'}",2026-04-24 03:42:50.848022,https://www.openstreetmap.org/way/1492247949,22.482095979519283,103.66517133758255
way/1492533572,1492533572,way,Viet Nam,plant,Missing output tag,none,"tags: {'plant:source': 'solar', 'power': 'plant'}",2026-04-24 03:42:50.848502,https://www.openstreetmap.org/way/1492533572,13.367747898318854,108.45119702503202
way/1492533573,1492533573,way,Viet Nam,plant,Missing output tag,none,"tags: {'plant:source': 'solar', 'power': 'plant'}",2026-04-24 03:42:50.849017,https://www.openstreetmap.org/way/1492533573,13.367680542716617,108.44985448072015
way/1492535579,1492535579,way,Viet Nam,plant,Missing output tag,none,"tags: {'plant:source': 'solar', 'power': 'plant'}",2026-04-24 03:42:50.849363,https://www.openstreetmap.org/way/1492535579,11.350067040943367,106.23182094340292
