{
  "type": "FeatureCollection",
  "features": [
    {
      "type": "Feature",
      "geometry": {
        "type": "Point",
        "coordinates": [
          -6.652165644980216,
          4.972117607095431
        ]
      },
      "properties": {
        "label": "Rejected way 203177226",
        "type": "Capacity placeholder value",
        "osm_element": "https://www.openstreetmap.org/way/203177226",
        "rejection_reason": "Capacity placeholder value",
        "rejection_details": "Tag 'plant:output:electricity' contains placeholder value 'yes' instead of actual capacity",
        "rejection_keywords": "yes",
        "timestamp": "2026-04-24T03:20:05.739108",
        "element_type": "way",
        "element_id": 203177226,
        "country": "Côte d'Ivoire",
        "unit_type": "plant"
      }
    },
    {
      "type": "Feature",
      "geometry": {
        "type": "Point",
        "coordinates": [
          -6.655865326843767,
          5.802662380870721
        ]
      },
      "properties": {
        "label": "Rejected way 761604397",
        "type": "Missing output tag",
        "osm_element": "https://www.openstreetmap.org/way/761604397",
        "rejection_reason": "Missing output tag",
        "rejection_details": "tags: {'plant:source': 'hydro', 'power': 'plant', 'waterway': 'dam'}",
        "rejection_keywords": "none",
        "timestamp": "2026-04-24T03:20:05.741186",
        "element_type": "way",
        "element_id": 761604397,
        "country": "Côte d'Ivoire",
        "unit_type": "plant"
      }
    },
    {
      "type": "Feature",
      "geometry": {
        "type": "Point",
        "coordinates": [
          -3.7556273022962383,
          5.228472289825456
        ]
      },
      "properties": {
        "label": "Rejected way 1229027527",
        "type": "Missing source tag",
        "osm_element": "https://www.openstreetmap.org/way/1229027527",
        "rejection_reason": "Missing source tag",
        "rejection_details": "tags: {'landuse': 'industrial', 'power': 'plant'}",
        "rejection_keywords": "none",
        "timestamp": "2026-04-24T03:20:05.744317",
        "element_type": "way",
        "element_id": 1229027527,
        "country": "Côte d'Ivoire",
        "unit_type": "plant"
      }
    },
    {
      "type": "Feature",
      "geometry": {
        "type": "Point",
        "coordinates": [
          -5.237658613792828,
          6.8630944429386815
        ]
      },
      "properties": {
        "label": "Rejected way 1449974503",
        "type": "Missing output tag",
        "osm_element": "https://www.openstreetmap.org/way/1449974503",
        "rejection_reason": "Missing output tag",
        "rejection_details": "tags: {'name': 'Centrale PV du GEP MCI', 'operator': 'GEPMCI', 'plant:method': 'photovoltaic', 'plant:source': 'solar', 'power': 'plant'}",
        "rejection_keywords": "none",
        "timestamp": "2026-04-24T03:20:05.744929",
        "element_type": "way",
        "element_id": 1449974503,
        "country": "Côte d'Ivoire",
        "unit_type": "plant"
      }
    },
    {
      "type": "Feature",
      "geometry": {
        "type": "Point",
        "coordinates": [
          -3.0050241,
          9.2509245
        ]
      },
      "properties": {
        "label": "Rejected node 12842632326",
        "type": "Missing source tag",
        "osm_element": "https://www.openstreetmap.org/node/12842632326",
        "rejection_reason": "Missing source tag",
        "rejection_details": "tags: {'name': 'Poste 90kV Bouna', 'power': 'plant'}",
        "rejection_keywords": "none",
        "timestamp": "2026-04-24T03:20:05.745004",
        "element_type": "node",
        "element_id": 12842632326,
        "country": "Côte d'Ivoire",
        "unit_type": "plant"
      }
    },
    {
      "type": "Feature",
      "geometry": {
        "type": "Point",
        "coordinates": [
          -0.4224100665297816,
          12.257449859010055
        ]
      },
      "properties": {
        "label": "Rejected way 441265449",
        "type": "Missing source tag",
        "osm_element": "https://www.openstreetmap.org/way/441265449",
        "rejection_reason": "Missing source tag",
        "rejection_details": "tags: {'barrier': 'wall', 'name': 'SONABEL', 'power': 'plant'}",
        "rejection_keywords": "none",
        "timestamp": "2026-04-24T03:20:09.204507",
        "element_type": "way",
        "element_id": 441265449,
        "country": "Burkina Faso",
        "unit_type": "plant"
      }
    },
    {
      "type": "Feature",
      "geometry": {
        "type": "Point",
        "coordinates": [
          -1.11923685,
          12.491345800000001
        ]
      },
      "properties": {
        "label": "Rejected way 1081487840",
        "type": "Capacity regex no match",
        "osm_element": "https://www.openstreetmap.org/way/1081487840",
        "rejection_reason": "Capacity regex no match",
        "rejection_details": "Tag 'plant:output:electricity' has value '1.1 Mw' which could not be parsed",
        "rejection_keywords": "1.1 Mw",
        "timestamp": "2026-04-24T03:20:09.206357",
        "element_type": "way",
        "element_id": 1081487840,
        "country": "Burkina Faso",
        "unit_type": "plant"
      }
    },
    {
      "type": "Feature",
      "geometry": {
        "type": "Point",
        "coordinates": [
          -1.5374137063541928,
          12.35178883822343
        ]
      },
      "properties": {
        "label": "Rejected way 1085068657",
        "type": "Capacity placeholder value",
        "osm_element": "https://www.openstreetmap.org/way/1085068657",
        "rejection_reason": "Capacity placeholder value",
        "rejection_details": "Tag 'plant:output:electricity' contains placeholder value 'yes' instead of actual capacity",
        "rejection_keywords": "yes",
        "timestamp": "2026-04-24T03:20:09.206941",
        "element_type": "way",
        "element_id": 1085068657,
        "country": "Burkina Faso",
        "unit_type": "plant"
      }
    },
    {
      "type": "Feature",
      "geometry": {
        "type": "Point",
        "coordinates": [
          -4.357781403842708,
          11.112153625967919
        ]
      },
      "properties": {
        "label": "Rejected way 1284484587",
        "type": "Capacity regex no match",
        "osm_element": "https://www.openstreetmap.org/way/1284484587",
        "rejection_reason": "Capacity regex no match",
        "rejection_details": "Tag 'plant:output:electricity' has value '38 Mw' which could not be parsed",
        "rejection_keywords": "38 Mw",
        "timestamp": "2026-04-24T03:20:09.207567",
        "element_type": "way",
        "element_id": 1284484587,
        "country": "Burkina Faso",
        "unit_type": "plant"
      }
    },
    {
      "type": "Feature",
      "geometry": {
        "type": "Point",
        "coordinates": [
          1.4114629661067943,
          11.9888845932739
        ]
      },
      "properties": {
        "label": "Rejected way 1292854531",
        "type": "Capacity placeholder value",
        "osm_element": "https://www.openstreetmap.org/way/1292854531",
        "rejection_reason": "Capacity placeholder value",
        "rejection_details": "Tag 'plant:output:electricity' contains placeholder value 'yes' instead of actual capacity",
        "rejection_keywords": "yes",
        "timestamp": "2026-04-24T03:20:09.207905",
        "element_type": "way",
        "element_id": 1292854531,
        "country": "Burkina Faso",
        "unit_type": "plant"
      }
    },
    {
      "type": "Feature",
      "geometry": {
        "type": "Point",
        "coordinates": [
          -5.384978784613332,
          10.375282814599155
        ]
      },
      "properties": {
        "label": "Rejected way 1292854973",
        "type": "Capacity placeholder value",
        "osm_element": "https://www.openstreetmap.org/way/1292854973",
        "rejection_reason": "Capacity placeholder value",
        "rejection_details": "Tag 'plant:output:electricity' contains placeholder value 'yes' instead of actual capacity",
        "rejection_keywords": "yes",
        "timestamp": "2026-04-24T03:20:09.208064",
        "element_type": "way",
        "element_id": 1292854973,
        "country": "Burkina Faso",
        "unit_type": "plant"
      }
    },
    {
      "type": "Feature",
      "geometry": {
        "type": "Point",
        "coordinates": [
          0.004708720415709191,
          14.015937368068899
        ]
      },
      "properties": {
        "label": "Rejected way 1424092743",
        "type": "Missing output tag",
        "osm_element": "https://www.openstreetmap.org/way/1424092743",
        "rejection_reason": "Missing output tag",
        "rejection_details": "tags: {'plant:source': 'solar', 'power': 'plant'}",
        "rejection_keywords": "none",
        "timestamp": "2026-04-24T03:20:09.209284",
        "element_type": "way",
        "element_id": 1424092743,
        "country": "Burkina Faso",
        "unit_type": "plant"
      }
    },
    {
      "type": "Feature",
      "geometry": {
        "type": "Point",
        "coordinates": [
          -2.3114799872672727,
          13.41551975682596
        ]
      },
      "properties": {
        "label": "Rejected way 1463744235",
        "type": "Missing source tag",
        "osm_element": "https://www.openstreetmap.org/way/1463744235",
        "rejection_reason": "Missing source tag",
        "rejection_details": "tags: {'barrier': 'fence', 'name': 'Centrale solaire', 'power': 'plant'}",
        "rejection_keywords": "none",
        "timestamp": "2026-04-24T03:20:09.210462",
        "element_type": "way",
        "element_id": 1463744235,
        "country": "Burkina Faso",
        "unit_type": "plant"
      }
    },
    {
      "type": "Feature",
      "geometry": {
        "type": "Point",
        "coordinates": [
          2.3065028705870767,
          6.426092597428193
        ]
      },
      "properties": {
        "label": "Rejected way 838371849",
        "type": "Capacity placeholder value",
        "osm_element": "https://www.openstreetmap.org/way/838371849",
        "rejection_reason": "Capacity placeholder value",
        "rejection_details": "Tag 'plant:output:electricity' contains placeholder value 'yes' instead of actual capacity",
        "rejection_keywords": "yes",
        "timestamp": "2026-04-24T03:20:11.339461",
        "element_type": "way",
        "element_id": 838371849,
        "country": "Benin",
        "unit_type": "plant"
      }
    },
    {
      "type": "Feature",
      "geometry": {
        "type": "Point",
        "coordinates": [
          2.597486394084389,
          8.991699946032833
        ]
      },
      "properties": {
        "label": "Rejected way 1424431203",
        "type": "Missing output tag",
        "osm_element": "https://www.openstreetmap.org/way/1424431203",
        "rejection_reason": "Missing output tag",
        "rejection_details": "tags: {'plant:source': 'solar', 'power': 'plant'}",
        "rejection_keywords": "none",
        "timestamp": "2026-04-24T03:20:11.340707",
        "element_type": "way",
        "element_id": 1424431203,
        "country": "Benin",
        "unit_type": "plant"
      }
    },
    {
      "type": "Feature",
      "geometry": {
        "type": "Point",
        "coordinates": [
          2.6284133,
          9.3781122
        ]
      },
      "properties": {
        "label": "Rejected node 10968667852",
        "type": "Missing source tag",
        "osm_element": "https://www.openstreetmap.org/node/10968667852",
        "rejection_reason": "Missing source tag",
        "rejection_details": "tags: {'description': 'chantier en construction', 'name': 'Groupement K2R ENERRGY KELON INTERNATIONAL', 'power': 'plant'}",
        "rejection_keywords": "none",
        "timestamp": "2026-04-24T03:20:11.340840",
        "element_type": "node",
        "element_id": 10968667852,
        "country": "Benin",
        "unit_type": "plant"
      }
    },
    {
      "type": "Feature",
      "geometry": {
        "type": "Point",
        "coordinates": [
          2.6647088,
          6.4893324
        ]
      },
      "properties": {
        "label": "Rejected node 10992681676",
        "type": "Missing source tag",
        "osm_element": "https://www.openstreetmap.org/node/10992681676",
        "rejection_reason": "Missing source tag",
        "rejection_details": "tags: {'name': 'Centrale thermique', 'power': 'plant'}",
        "rejection_keywords": "none",
        "timestamp": "2026-04-24T03:20:11.340934",
        "element_type": "node",
        "element_id": 10992681676,
        "country": "Benin",
        "unit_type": "plant"
      }
    },
    {
      "type": "Feature",
      "geometry": {
        "type": "Point",
        "coordinates": [
          0.009934382217233459,
          5.675080578084816
        ]
      },
      "properties": {
        "label": "Rejected way 282578856",
        "type": "Missing source tag",
        "osm_element": "https://www.openstreetmap.org/way/282578856",
        "rejection_reason": "Missing source tag",
        "rejection_details": "tags: {'landuse': 'industrial', 'power': 'plant'}",
        "rejection_keywords": "none",
        "timestamp": "2026-04-24T03:20:42.432540",
        "element_type": "way",
        "element_id": 282578856,
        "country": "Ghana",
        "unit_type": "plant"
      }
    },
    {
      "type": "Feature",
      "geometry": {
        "type": "Point",
        "coordinates": [
          -0.04897564827328429,
          5.684031341069569
        ]
      },
      "properties": {
        "label": "Rejected way 479861255",
        "type": "Capacity regex no match",
        "osm_element": "https://www.openstreetmap.org/way/479861255",
        "rejection_reason": "Capacity regex no match",
        "rejection_details": "Tag 'plant:output:electricity' has value '100 kW' which could not be parsed",
        "rejection_keywords": "100 kW",
        "timestamp": "2026-04-24T03:20:42.433321",
        "element_type": "way",
        "element_id": 479861255,
        "country": "Ghana",
        "unit_type": "plant"
      }
    },
    {
      "type": "Feature",
      "geometry": {
        "type": "Point",
        "coordinates": [
          -0.35985466631743657,
          5.826626172651095
        ]
      },
      "properties": {
        "label": "Rejected way 1021746811",
        "type": "Missing output tag",
        "osm_element": "https://www.openstreetmap.org/way/1021746811",
        "rejection_reason": "Missing output tag",
        "rejection_details": "tags: {'landuse': 'industrial', 'plant:method': 'combustion', 'plant:source': 'biogas', 'power': 'plant'}",
        "rejection_keywords": "none",
        "timestamp": "2026-04-24T03:20:42.435489",
        "element_type": "way",
        "element_id": 1021746811,
        "country": "Ghana",
        "unit_type": "plant"
      }
    },
    {
      "type": "Feature",
      "geometry": {
        "type": "Point",
        "coordinates": [
          -0.06501325597279992,
          5.608655079656192
        ]
      },
      "properties": {
        "label": "Rejected way 1079543440",
        "type": "Missing output tag",
        "osm_element": "https://www.openstreetmap.org/way/1079543440",
        "rejection_reason": "Missing output tag",
        "rejection_details": "tags: {'name': 'RMU Solar Farm', 'plant:source': 'solar', 'power': 'plant'}",
        "rejection_keywords": "none",
        "timestamp": "2026-04-24T03:20:42.435694",
        "element_type": "way",
        "element_id": 1079543440,
        "country": "Ghana",
        "unit_type": "plant"
      }
    },
    {
      "type": "Feature",
      "geometry": {
        "type": "Point",
        "coordinates": [
          0.019129275579855286,
          5.677508161324266
        ]
      },
      "properties": {
        "label": "Rejected way 1090281209",
        "type": "Missing source tag",
        "osm_element": "https://www.openstreetmap.org/way/1090281209",
        "rejection_reason": "Missing source tag",
        "rejection_details": "tags: {'name': 'Bridge Power Station', 'power': 'plant'}",
        "rejection_keywords": "none",
        "timestamp": "2026-04-24T03:20:42.435878",
        "element_type": "way",
        "element_id": 1090281209,
        "country": "Ghana",
        "unit_type": "plant"
      }
    },
    {
      "type": "Feature",
      "geometry": {
        "type": "Point",
        "coordinates": [
          -1.6603527961246396,
          4.97420229031245
        ]
      },
      "properties": {
        "label": "Rejected way 1246063588",
        "type": "Missing source tag",
        "osm_element": "https://www.openstreetmap.org/way/1246063588",
        "rejection_reason": "Missing source tag",
        "rejection_details": "tags: {'landuse': 'industrial', 'name': 'Ameri Power Plant', 'note': 'Reportedly relocated to Anwomaso from this location in 2023', 'power': 'plant', 'source': 'https://www.vra.com/media/2022/Relocation-of-Ameri-Power-Plant.php', 'utility': 'power'}",
        "rejection_keywords": "none",
        "timestamp": "2026-04-24T03:20:42.437262",
        "element_type": "way",
        "element_id": 1246063588,
        "country": "Ghana",
        "unit_type": "plant"
      }
    },
    {
      "type": "Feature",
      "geometry": {
        "type": "Point",
        "coordinates": [
          0.023033897856671474,
          5.698227569871945
        ]
      },
      "properties": {
        "label": "Rejected way 1246170595",
        "type": "Missing source tag",
        "osm_element": "https://www.openstreetmap.org/way/1246170595",
        "rejection_reason": "Missing source tag",
        "rejection_details": "tags: {'name': 'GPGC Power Plant', 'power': 'plant'}",
        "rejection_keywords": "none",
        "timestamp": "2026-04-24T03:20:42.437446",
        "element_type": "way",
        "element_id": 1246170595,
        "country": "Ghana",
        "unit_type": "plant"
      }
    },
    {
      "type": "Feature",
      "geometry": {
        "type": "Point",
        "coordinates": [
          0.013852337052163337,
          5.677603068241104
        ]
      },
      "properties": {
        "label": "Rejected way 1246170609",
        "type": "Missing source tag",
        "osm_element": "https://www.openstreetmap.org/way/1246170609",
        "rejection_reason": "Missing source tag",
        "rejection_details": "tags: {'power': 'plant'}",
        "rejection_keywords": "none",
        "timestamp": "2026-04-24T03:20:42.437822",
        "element_type": "way",
        "element_id": 1246170609,
        "country": "Ghana",
        "unit_type": "plant"
      }
    },
    {
      "type": "Feature",
      "geometry": {
        "type": "Point",
        "coordinates": [
          -1.4921549715877491,
          6.727917482867345
        ]
      },
      "properties": {
        "label": "Rejected way 1408189396",
        "type": "Missing source tag",
        "osm_element": "https://www.openstreetmap.org/way/1408189396",
        "rejection_reason": "Missing source tag",
        "rejection_details": "tags: {'landuse': 'industrial', 'power': 'plant'}",
        "rejection_keywords": "none",
        "timestamp": "2026-04-24T03:20:42.438883",
        "element_type": "way",
        "element_id": 1408189396,
        "country": "Ghana",
        "unit_type": "plant"
      }
    },
    {
      "type": "Feature",
      "geometry": {
        "type": "Point",
        "coordinates": [
          -0.08775334679395433,
          5.67541335249601
        ]
      },
      "properties": {
        "label": "Rejected way 1420859791",
        "type": "Capacity placeholder value",
        "osm_element": "https://www.openstreetmap.org/way/1420859791",
        "rejection_reason": "Capacity placeholder value",
        "rejection_details": "Tag 'plant:output:electricity' contains placeholder value 'yes' instead of actual capacity",
        "rejection_keywords": "yes",
        "timestamp": "2026-04-24T03:20:42.439045",
        "element_type": "way",
        "element_id": 1420859791,
        "country": "Ghana",
        "unit_type": "plant"
      }
    },
    {
      "type": "Feature",
      "geometry": {
        "type": "Point",
        "coordinates": [
          -0.45043689765099565,
          6.865080806879883
        ]
      },
      "properties": {
        "label": "Rejected way 1424431903",
        "type": "Missing output tag",
        "osm_element": "https://www.openstreetmap.org/way/1424431903",
        "rejection_reason": "Missing output tag",
        "rejection_details": "tags: {'plant:source': 'solar', 'power': 'plant'}",
        "rejection_keywords": "none",
        "timestamp": "2026-04-24T03:20:42.439698",
        "element_type": "way",
        "element_id": 1424431903,
        "country": "Ghana",
        "unit_type": "plant"
      }
    },
    {
      "type": "Feature",
      "geometry": {
        "type": "Point",
        "coordinates": [
          -1.7285943666632562,
          5.482659898842167
        ]
      },
      "properties": {
        "label": "Rejected way 1458099924",
        "type": "Capacity regex no match",
        "osm_element": "https://www.openstreetmap.org/way/1458099924",
        "rejection_reason": "Capacity regex no match",
        "rejection_details": "Tag 'plant:output:electricity' has value '33Mw' which could not be parsed",
        "rejection_keywords": "33Mw",
        "timestamp": "2026-04-24T03:20:42.441277",
        "element_type": "way",
        "element_id": 1458099924,
        "country": "Ghana",
        "unit_type": "plant"
      }
    },
    {
      "type": "Feature",
      "geometry": {
        "type": "Point",
        "coordinates": [
          -2.8210518,
          5.8289855
        ]
      },
      "properties": {
        "label": "Rejected node 8172245125",
        "type": "Missing source tag",
        "osm_element": "https://www.openstreetmap.org/node/8172245125",
        "rejection_reason": "Missing source tag",
        "rejection_details": "tags: {'power': 'plant'}",
        "rejection_keywords": "none",
        "timestamp": "2026-04-24T03:20:42.441570",
        "element_type": "node",
        "element_id": 8172245125,
        "country": "Ghana",
        "unit_type": "plant"
      }
    },
    {
      "type": "Feature",
      "geometry": {
        "type": "Point",
        "coordinates": [
          -2.1493382,
          5.6315137
        ]
      },
      "properties": {
        "label": "Rejected node 9118264974",
        "type": "Missing source tag",
        "osm_element": "https://www.openstreetmap.org/node/9118264974",
        "rejection_reason": "Missing source tag",
        "rejection_details": "tags: {'power': 'plant'}",
        "rejection_keywords": "none",
        "timestamp": "2026-04-24T03:20:42.441617",
        "element_type": "node",
        "element_id": 9118264974,
        "country": "Ghana",
        "unit_type": "plant"
      }
    },
    {
      "type": "Feature",
      "geometry": {
        "type": "Point",
        "coordinates": [
          -1.9792717,
          5.3326563
        ]
      },
      "properties": {
        "label": "Rejected node 9150489296",
        "type": "Missing source tag",
        "osm_element": "https://www.openstreetmap.org/node/9150489296",
        "rejection_reason": "Missing source tag",
        "rejection_details": "tags: {'power': 'plant'}",
        "rejection_keywords": "none",
        "timestamp": "2026-04-24T03:20:42.441660",
        "element_type": "node",
        "element_id": 9150489296,
        "country": "Ghana",
        "unit_type": "plant"
      }
    },
    {
      "type": "Feature",
      "geometry": {
        "type": "Point",
        "coordinates": [
          -2.1091903,
          5.6289859
        ]
      },
      "properties": {
        "label": "Rejected node 9156555156",
        "type": "Missing source tag",
        "osm_element": "https://www.openstreetmap.org/node/9156555156",
        "rejection_reason": "Missing source tag",
        "rejection_details": "tags: {'power': 'plant'}",
        "rejection_keywords": "none",
        "timestamp": "2026-04-24T03:20:42.441700",
        "element_type": "node",
        "element_id": 9156555156,
        "country": "Ghana",
        "unit_type": "plant"
      }
    },
    {
      "type": "Feature",
      "geometry": {
        "type": "Point",
        "coordinates": [
          -2.8231983,
          5.8241467
        ]
      },
      "properties": {
        "label": "Rejected node 9586955195",
        "type": "Missing source tag",
        "osm_element": "https://www.openstreetmap.org/node/9586955195",
        "rejection_reason": "Missing source tag",
        "rejection_details": "tags: {'power': 'plant'}",
        "rejection_keywords": "none",
        "timestamp": "2026-04-24T03:20:42.441746",
        "element_type": "node",
        "element_id": 9586955195,
        "country": "Ghana",
        "unit_type": "plant"
      }
    },
    {
      "type": "Feature",
      "geometry": {
        "type": "Point",
        "coordinates": [
          -1.562015,
          7.0863155
        ]
      },
      "properties": {
        "label": "Rejected node 9998695245",
        "type": "Missing source tag",
        "osm_element": "https://www.openstreetmap.org/node/9998695245",
        "rejection_reason": "Missing source tag",
        "rejection_details": "tags: {'power': 'plant'}",
        "rejection_keywords": "none",
        "timestamp": "2026-04-24T03:20:42.441785",
        "element_type": "node",
        "element_id": 9998695245,
        "country": "Ghana",
        "unit_type": "plant"
      }
    },
    {
      "type": "Feature",
      "geometry": {
        "type": "Point",
        "coordinates": [
          -2.8250176,
          5.8146419
        ]
      },
      "properties": {
        "label": "Rejected node 10125157660",
        "type": "Missing source tag",
        "osm_element": "https://www.openstreetmap.org/node/10125157660",
        "rejection_reason": "Missing source tag",
        "rejection_details": "tags: {'power': 'plant'}",
        "rejection_keywords": "none",
        "timestamp": "2026-04-24T03:20:42.441823",
        "element_type": "node",
        "element_id": 10125157660,
        "country": "Ghana",
        "unit_type": "plant"
      }
    },
    {
      "type": "Feature",
      "geometry": {
        "type": "Point",
        "coordinates": [
          -2.7225713,
          5.7843369
        ]
      },
      "properties": {
        "label": "Rejected node 10647801606",
        "type": "Missing source tag",
        "osm_element": "https://www.openstreetmap.org/node/10647801606",
        "rejection_reason": "Missing source tag",
        "rejection_details": "tags: {'power': 'plant'}",
        "rejection_keywords": "none",
        "timestamp": "2026-04-24T03:20:42.441862",
        "element_type": "node",
        "element_id": 10647801606,
        "country": "Ghana",
        "unit_type": "plant"
      }
    },
    {
      "type": "Feature",
      "geometry": {
        "type": "Point",
        "coordinates": [
          -2.8042655,
          5.782543
        ]
      },
      "properties": {
        "label": "Rejected node 10679534380",
        "type": "Missing source tag",
        "osm_element": "https://www.openstreetmap.org/node/10679534380",
        "rejection_reason": "Missing source tag",
        "rejection_details": "tags: {'power': 'plant'}",
        "rejection_keywords": "none",
        "timestamp": "2026-04-24T03:20:42.441901",
        "element_type": "node",
        "element_id": 10679534380,
        "country": "Ghana",
        "unit_type": "plant"
      }
    },
    {
      "type": "Feature",
      "geometry": {
        "type": "Point",
        "coordinates": [
          -23.5144196,
          14.972916
        ]
      },
      "properties": {
        "label": "Rejected node 1960667500",
        "type": "Capacity placeholder value",
        "osm_element": "https://www.openstreetmap.org/node/1960667500",
        "rejection_reason": "Capacity placeholder value",
        "rejection_details": "Tag 'generator:output:electricity' contains placeholder value 'yes' instead of actual capacity",
        "rejection_keywords": "yes",
        "timestamp": "2026-04-24T03:22:34.292052",
        "element_type": "node",
        "element_id": 1960667500,
        "country": "Cabo Verde",
        "unit_type": "generator"
      }
    },
    {
      "type": "Feature",
      "geometry": {
        "type": "Point",
        "coordinates": [
          -23.5172777,
          14.9750158
        ]
      },
      "properties": {
        "label": "Rejected node 1960667535",
        "type": "Capacity placeholder value",
        "osm_element": "https://www.openstreetmap.org/node/1960667535",
        "rejection_reason": "Capacity placeholder value",
        "rejection_details": "Tag 'generator:output:electricity' contains placeholder value 'yes' instead of actual capacity",
        "rejection_keywords": "yes",
        "timestamp": "2026-04-24T03:22:34.292078",
        "element_type": "node",
        "element_id": 1960667535,
        "country": "Cabo Verde",
        "unit_type": "generator"
      }
    },
    {
      "type": "Feature",
      "geometry": {
        "type": "Point",
        "coordinates": [
          -23.5187989,
          14.9761495
        ]
      },
      "properties": {
        "label": "Rejected node 1960667631",
        "type": "Capacity placeholder value",
        "osm_element": "https://www.openstreetmap.org/node/1960667631",
        "rejection_reason": "Capacity placeholder value",
        "rejection_details": "Tag 'generator:output:electricity' contains placeholder value 'yes' instead of actual capacity",
        "rejection_keywords": "yes",
        "timestamp": "2026-04-24T03:22:34.292095",
        "element_type": "node",
        "element_id": 1960667631,
        "country": "Cabo Verde",
        "unit_type": "generator"
      }
    },
    {
      "type": "Feature",
      "geometry": {
        "type": "Point",
        "coordinates": [
          -23.5120117,
          14.9702628
        ]
      },
      "properties": {
        "label": "Rejected node 1960667150",
        "type": "Capacity placeholder value",
        "osm_element": "https://www.openstreetmap.org/node/1960667150",
        "rejection_reason": "Capacity placeholder value",
        "rejection_details": "Tag 'generator:output:electricity' contains placeholder value 'yes' instead of actual capacity",
        "rejection_keywords": "yes",
        "timestamp": "2026-04-24T03:22:34.292109",
        "element_type": "node",
        "element_id": 1960667150,
        "country": "Cabo Verde",
        "unit_type": "generator"
      }
    },
    {
      "type": "Feature",
      "geometry": {
        "type": "Point",
        "coordinates": [
          -23.5050149,
          14.9667248
        ]
      },
      "properties": {
        "label": "Rejected node 3298687817",
        "type": "Capacity placeholder value",
        "osm_element": "https://www.openstreetmap.org/node/3298687817",
        "rejection_reason": "Capacity placeholder value",
        "rejection_details": "Tag 'generator:output:electricity' contains placeholder value 'yes' instead of actual capacity",
        "rejection_keywords": "yes",
        "timestamp": "2026-04-24T03:22:34.292122",
        "element_type": "node",
        "element_id": 3298687817,
        "country": "Cabo Verde",
        "unit_type": "generator"
      }
    },
    {
      "type": "Feature",
      "geometry": {
        "type": "Point",
        "coordinates": [
          -23.507375,
          14.9668528
        ]
      },
      "properties": {
        "label": "Rejected node 3298687816",
        "type": "Capacity placeholder value",
        "osm_element": "https://www.openstreetmap.org/node/3298687816",
        "rejection_reason": "Capacity placeholder value",
        "rejection_details": "Tag 'generator:output:electricity' contains placeholder value 'yes' instead of actual capacity",
        "rejection_keywords": "yes",
        "timestamp": "2026-04-24T03:22:34.292136",
        "element_type": "node",
        "element_id": 3298687816,
        "country": "Cabo Verde",
        "unit_type": "generator"
      }
    },
    {
      "type": "Feature",
      "geometry": {
        "type": "Point",
        "coordinates": [
          -23.5204734,
          14.9770305
        ]
      },
      "properties": {
        "label": "Rejected node 1960667755",
        "type": "Capacity placeholder value",
        "osm_element": "https://www.openstreetmap.org/node/1960667755",
        "rejection_reason": "Capacity placeholder value",
        "rejection_details": "Tag 'generator:output:electricity' contains placeholder value 'yes' instead of actual capacity",
        "rejection_keywords": "yes",
        "timestamp": "2026-04-24T03:22:34.292149",
        "element_type": "node",
        "element_id": 1960667755,
        "country": "Cabo Verde",
        "unit_type": "generator"
      }
    },
    {
      "type": "Feature",
      "geometry": {
        "type": "Point",
        "coordinates": [
          -23.5101234,
          14.9695338
        ]
      },
      "properties": {
        "label": "Rejected node 1960667722",
        "type": "Capacity placeholder value",
        "osm_element": "https://www.openstreetmap.org/node/1960667722",
        "rejection_reason": "Capacity placeholder value",
        "rejection_details": "Tag 'generator:output:electricity' contains placeholder value 'yes' instead of actual capacity",
        "rejection_keywords": "yes",
        "timestamp": "2026-04-24T03:22:34.292164",
        "element_type": "node",
        "element_id": 1960667722,
        "country": "Cabo Verde",
        "unit_type": "generator"
      }
    },
    {
      "type": "Feature",
      "geometry": {
        "type": "Point",
        "coordinates": [
          -23.5088446,
          14.9678235
        ]
      },
      "properties": {
        "label": "Rejected node 3298687815",
        "type": "Capacity placeholder value",
        "osm_element": "https://www.openstreetmap.org/node/3298687815",
        "rejection_reason": "Capacity placeholder value",
        "rejection_details": "Tag 'generator:output:electricity' contains placeholder value 'yes' instead of actual capacity",
        "rejection_keywords": "yes",
        "timestamp": "2026-04-24T03:22:34.292177",
        "element_type": "node",
        "element_id": 3298687815,
        "country": "Cabo Verde",
        "unit_type": "generator"
      }
    },
    {
      "type": "Feature",
      "geometry": {
        "type": "Point",
        "coordinates": [
          -23.5157882,
          14.9738901
        ]
      },
      "properties": {
        "label": "Rejected node 1960667207",
        "type": "Capacity placeholder value",
        "osm_element": "https://www.openstreetmap.org/node/1960667207",
        "rejection_reason": "Capacity placeholder value",
        "rejection_details": "Tag 'generator:output:electricity' contains placeholder value 'yes' instead of actual capacity",
        "rejection_keywords": "yes",
        "timestamp": "2026-04-24T03:22:34.292190",
        "element_type": "node",
        "element_id": 1960667207,
        "country": "Cabo Verde",
        "unit_type": "generator"
      }
    },
    {
      "type": "Feature",
      "geometry": {
        "type": "Point",
        "coordinates": [
          -23.5132833,
          14.9712746
        ]
      },
      "properties": {
        "label": "Rejected node 1960667239",
        "type": "Capacity placeholder value",
        "osm_element": "https://www.openstreetmap.org/node/1960667239",
        "rejection_reason": "Capacity placeholder value",
        "rejection_details": "Tag 'generator:output:electricity' contains placeholder value 'yes' instead of actual capacity",
        "rejection_keywords": "yes",
        "timestamp": "2026-04-24T03:22:34.292202",
        "element_type": "node",
        "element_id": 1960667239,
        "country": "Cabo Verde",
        "unit_type": "generator"
      }
    },
    {
      "type": "Feature",
      "geometry": {
        "type": "Point",
        "coordinates": [
          -25.0170819,
          16.8295647
        ]
      },
      "properties": {
        "label": "Rejected node 6296139543",
        "type": "Capacity regex no match",
        "osm_element": "https://www.openstreetmap.org/node/6296139543",
        "rejection_reason": "Capacity regex no match",
        "rejection_details": "Tag 'generator:output:electricity' has value '850 kW' which could not be parsed",
        "rejection_keywords": "850 kW",
        "timestamp": "2026-04-24T03:22:34.292998",
        "element_type": "node",
        "element_id": 6296139543,
        "country": "Cabo Verde",
        "unit_type": "generator"
      }
    },
    {
      "type": "Feature",
      "geometry": {
        "type": "Point",
        "coordinates": [
          -25.0213704,
          16.8355446
        ]
      },
      "properties": {
        "label": "Rejected node 4026779169",
        "type": "Capacity regex no match",
        "osm_element": "https://www.openstreetmap.org/node/4026779169",
        "rejection_reason": "Capacity regex no match",
        "rejection_details": "Tag 'generator:output:electricity' has value '850 kW' which could not be parsed",
        "rejection_keywords": "850 kW",
        "timestamp": "2026-04-24T03:22:34.293027",
        "element_type": "node",
        "element_id": 4026779169,
        "country": "Cabo Verde",
        "unit_type": "generator"
      }
    },
    {
      "type": "Feature",
      "geometry": {
        "type": "Point",
        "coordinates": [
          -25.0191327,
          16.8314038
        ]
      },
      "properties": {
        "label": "Rejected node 6296139540",
        "type": "Capacity regex no match",
        "osm_element": "https://www.openstreetmap.org/node/6296139540",
        "rejection_reason": "Capacity regex no match",
        "rejection_details": "Tag 'generator:output:electricity' has value '850 kW' which could not be parsed",
        "rejection_keywords": "850 kW",
        "timestamp": "2026-04-24T03:22:34.293050",
        "element_type": "node",
        "element_id": 6296139540,
        "country": "Cabo Verde",
        "unit_type": "generator"
      }
    },
    {
      "type": "Feature",
      "geometry": {
        "type": "Point",
        "coordinates": [
          -25.0179503,
          16.8306363
        ]
      },
      "properties": {
        "label": "Rejected node 6296139541",
        "type": "Capacity regex no match",
        "osm_element": "https://www.openstreetmap.org/node/6296139541",
        "rejection_reason": "Capacity regex no match",
        "rejection_details": "Tag 'generator:output:electricity' has value '850 kW' which could not be parsed",
        "rejection_keywords": "850 kW",
        "timestamp": "2026-04-24T03:22:34.293074",
        "element_type": "node",
        "element_id": 6296139541,
        "country": "Cabo Verde",
        "unit_type": "generator"
      }
    },
    {
      "type": "Feature",
      "geometry": {
        "type": "Point",
        "coordinates": [
          -25.0226826,
          16.8364251
        ]
      },
      "properties": {
        "label": "Rejected node 4026779888",
        "type": "Capacity regex no match",
        "osm_element": "https://www.openstreetmap.org/node/4026779888",
        "rejection_reason": "Capacity regex no match",
        "rejection_details": "Tag 'generator:output:electricity' has value '850 kW' which could not be parsed",
        "rejection_keywords": "850 kW",
        "timestamp": "2026-04-24T03:22:34.293094",
        "element_type": "node",
        "element_id": 4026779888,
        "country": "Cabo Verde",
        "unit_type": "generator"
      }
    },
    {
      "type": "Feature",
      "geometry": {
        "type": "Point",
        "coordinates": [
          -25.0205111,
          16.8341813
        ]
      },
      "properties": {
        "label": "Rejected node 4026777792",
        "type": "Capacity regex no match",
        "osm_element": "https://www.openstreetmap.org/node/4026777792",
        "rejection_reason": "Capacity regex no match",
        "rejection_details": "Tag 'generator:output:electricity' has value '850 kW' which could not be parsed",
        "rejection_keywords": "850 kW",
        "timestamp": "2026-04-24T03:22:34.293112",
        "element_type": "node",
        "element_id": 4026777792,
        "country": "Cabo Verde",
        "unit_type": "generator"
      }
    },
    {
      "type": "Feature",
      "geometry": {
        "type": "Point",
        "coordinates": [
          -25.0201608,
          16.8326392
        ]
      },
      "properties": {
        "label": "Rejected node 4026777791",
        "type": "Capacity regex no match",
        "osm_element": "https://www.openstreetmap.org/node/4026777791",
        "rejection_reason": "Capacity regex no match",
        "rejection_details": "Tag 'generator:output:electricity' has value '850 kW' which could not be parsed",
        "rejection_keywords": "850 kW",
        "timestamp": "2026-04-24T03:22:34.293130",
        "element_type": "node",
        "element_id": 4026777791,
        "country": "Cabo Verde",
        "unit_type": "generator"
      }
    },
    {
      "type": "Feature",
      "geometry": {
        "type": "Point",
        "coordinates": [
          -22.9065533,
          16.2127251
        ]
      },
      "properties": {
        "label": "Rejected node 3990812094",
        "type": "Capacity regex no match",
        "osm_element": "https://www.openstreetmap.org/node/3990812094",
        "rejection_reason": "Capacity regex no match",
        "rejection_details": "Tag 'generator:output:electricity' has value '850 kW' which could not be parsed",
        "rejection_keywords": "850 kW",
        "timestamp": "2026-04-24T03:22:34.293715",
        "element_type": "node",
        "element_id": 3990812094,
        "country": "Cabo Verde",
        "unit_type": "generator"
      }
    },
    {
      "type": "Feature",
      "geometry": {
        "type": "Point",
        "coordinates": [
          -22.9085033,
          16.2133251
        ]
      },
      "properties": {
        "label": "Rejected node 3990812088",
        "type": "Capacity regex no match",
        "osm_element": "https://www.openstreetmap.org/node/3990812088",
        "rejection_reason": "Capacity regex no match",
        "rejection_details": "Tag 'generator:output:electricity' has value '850 kW' which could not be parsed",
        "rejection_keywords": "850 kW",
        "timestamp": "2026-04-24T03:22:34.293741",
        "element_type": "node",
        "element_id": 3990812088,
        "country": "Cabo Verde",
        "unit_type": "generator"
      }
    },
    {
      "type": "Feature",
      "geometry": {
        "type": "Point",
        "coordinates": [
          -22.9047643,
          16.2121043
        ]
      },
      "properties": {
        "label": "Rejected node 3990812084",
        "type": "Capacity regex no match",
        "osm_element": "https://www.openstreetmap.org/node/3990812084",
        "rejection_reason": "Capacity regex no match",
        "rejection_details": "Tag 'generator:output:electricity' has value '850 kW' which could not be parsed",
        "rejection_keywords": "850 kW",
        "timestamp": "2026-04-24T03:22:34.293761",
        "element_type": "node",
        "element_id": 3990812084,
        "country": "Cabo Verde",
        "unit_type": "generator"
      }
    },
    {
      "type": "Feature",
      "geometry": {
        "type": "Point",
        "coordinates": [
          -25.0280598,
          16.8444231
        ]
      },
      "properties": {
        "label": "Rejected node 1972672651",
        "type": "Missing output tag",
        "osm_element": "https://www.openstreetmap.org/node/1972672651",
        "rejection_reason": "Missing output tag",
        "rejection_details": "tags: {'generator:method': 'wind_turbine', 'generator:source': 'wind', 'power': 'generator', 'source': 'local_knowledge'}",
        "rejection_keywords": "none",
        "timestamp": "2026-04-24T03:22:34.294256",
        "element_type": "node",
        "element_id": 1972672651,
        "country": "Cabo Verde",
        "unit_type": "generator"
      }
    },
    {
      "type": "Feature",
      "geometry": {
        "type": "Point",
        "coordinates": [
          -25.0285557,
          16.8449653
        ]
      },
      "properties": {
        "label": "Rejected node 1972672675",
        "type": "Missing output tag",
        "osm_element": "https://www.openstreetmap.org/node/1972672675",
        "rejection_reason": "Missing output tag",
        "rejection_details": "tags: {'generator:method': 'wind_turbine', 'generator:source': 'wind', 'power': 'generator', 'source': 'local_knowledge'}",
        "rejection_keywords": "none",
        "timestamp": "2026-04-24T03:22:34.294279",
        "element_type": "node",
        "element_id": 1972672675,
        "country": "Cabo Verde",
        "unit_type": "generator"
      }
    },
    {
      "type": "Feature",
      "geometry": {
        "type": "Point",
        "coordinates": [
          -25.0275368,
          16.8438609
        ]
      },
      "properties": {
        "label": "Rejected node 1972672625",
        "type": "Missing output tag",
        "osm_element": "https://www.openstreetmap.org/node/1972672625",
        "rejection_reason": "Missing output tag",
        "rejection_details": "tags: {'generator:method': 'wind_turbine', 'generator:source': 'wind', 'power': 'generator', 'source': 'local_knowledge'}",
        "rejection_keywords": "none",
        "timestamp": "2026-04-24T03:22:34.294295",
        "element_type": "node",
        "element_id": 1972672625,
        "country": "Cabo Verde",
        "unit_type": "generator"
      }
    },
    {
      "type": "Feature",
      "geometry": {
        "type": "Point",
        "coordinates": [
          -23.5096296,
          14.9670626
        ]
      },
      "properties": {
        "label": "Rejected node 1960667834",
        "type": "Capacity placeholder value",
        "osm_element": "https://www.openstreetmap.org/node/1960667834",
        "rejection_reason": "Capacity placeholder value",
        "rejection_details": "Tag 'generator:output:electricity' contains placeholder value 'yes' instead of actual capacity",
        "rejection_keywords": "yes",
        "timestamp": "2026-04-24T03:22:34.294732",
        "element_type": "node",
        "element_id": 1960667834,
        "country": "Cabo Verde",
        "unit_type": "generator"
      }
    },
    {
      "type": "Feature",
      "geometry": {
        "type": "Point",
        "coordinates": [
          -23.5106363,
          14.9679993
        ]
      },
      "properties": {
        "label": "Rejected node 1960667781",
        "type": "Capacity placeholder value",
        "osm_element": "https://www.openstreetmap.org/node/1960667781",
        "rejection_reason": "Capacity placeholder value",
        "rejection_details": "Tag 'generator:output:electricity' contains placeholder value 'yes' instead of actual capacity",
        "rejection_keywords": "yes",
        "timestamp": "2026-04-24T03:22:34.294751",
        "element_type": "node",
        "element_id": 1960667781,
        "country": "Cabo Verde",
        "unit_type": "generator"
      }
    },
    {
      "type": "Feature",
      "geometry": {
        "type": "Point",
        "coordinates": [
          -23.5116271,
          14.9689488
        ]
      },
      "properties": {
        "label": "Rejected node 1960667676",
        "type": "Capacity placeholder value",
        "osm_element": "https://www.openstreetmap.org/node/1960667676",
        "rejection_reason": "Capacity placeholder value",
        "rejection_details": "Tag 'generator:output:electricity' contains placeholder value 'yes' instead of actual capacity",
        "rejection_keywords": "yes",
        "timestamp": "2026-04-24T03:22:34.294766",
        "element_type": "node",
        "element_id": 1960667676,
        "country": "Cabo Verde",
        "unit_type": "generator"
      }
    },
    {
      "type": "Feature",
      "geometry": {
        "type": "Point",
        "coordinates": [
          -23.546182379624895,
          14.90846082575256
        ]
      },
      "properties": {
        "label": "Rejected way 470279481",
        "type": "Capacity placeholder value",
        "osm_element": "https://www.openstreetmap.org/way/470279481",
        "rejection_reason": "Capacity placeholder value",
        "rejection_details": "Tag 'plant:output:electricity' contains placeholder value 'yes' instead of actual capacity",
        "rejection_keywords": "yes",
        "timestamp": "2026-04-24T03:22:34.295370",
        "element_type": "way",
        "element_id": 470279481,
        "country": "Cabo Verde",
        "unit_type": "plant"
      }
    },
    {
      "type": "Feature",
      "geometry": {
        "type": "Point",
        "coordinates": [
          -25.014145431897916,
          16.871024541135426
        ]
      },
      "properties": {
        "label": "Rejected way 481942270",
        "type": "Capacity placeholder value",
        "osm_element": "https://www.openstreetmap.org/way/481942270",
        "rejection_reason": "Capacity placeholder value",
        "rejection_details": "Tag 'plant:output:electricity' contains placeholder value 'yes' instead of actual capacity",
        "rejection_keywords": "yes",
        "timestamp": "2026-04-24T03:22:34.295965",
        "element_type": "way",
        "element_id": 481942270,
        "country": "Cabo Verde",
        "unit_type": "plant"
      }
    },
    {
      "type": "Feature",
      "geometry": {
        "type": "Point",
        "coordinates": [
          -24.347956604760004,
          16.546918012425206
        ]
      },
      "properties": {
        "label": "Rejected way 538327841",
        "type": "Missing source tag",
        "osm_element": "https://www.openstreetmap.org/way/538327841",
        "rejection_reason": "Missing source tag",
        "rejection_details": "tags: {'landuse': 'industrial', 'power': 'plant'}",
        "rejection_keywords": "none",
        "timestamp": "2026-04-24T03:22:34.296136",
        "element_type": "way",
        "element_id": 538327841,
        "country": "Cabo Verde",
        "unit_type": "plant"
      }
    },
    {
      "type": "Feature",
      "geometry": {
        "type": "Point",
        "coordinates": [
          -25.233912873257335,
          17.12421674124222
        ]
      },
      "properties": {
        "label": "Rejected way 655442392",
        "type": "Missing output tag",
        "osm_element": "https://www.openstreetmap.org/way/655442392",
        "rejection_reason": "Missing output tag",
        "rejection_details": "tags: {'plant:source': 'solar', 'power': 'plant'}",
        "rejection_keywords": "none",
        "timestamp": "2026-04-24T03:22:34.296327",
        "element_type": "way",
        "element_id": 655442392,
        "country": "Cabo Verde",
        "unit_type": "plant"
      }
    },
    {
      "type": "Feature",
      "geometry": {
        "type": "Point",
        "coordinates": [
          -22.911709241206754,
          16.628961793174042
        ]
      },
      "properties": {
        "label": "Rejected way 687013844",
        "type": "Capacity placeholder value",
        "osm_element": "https://www.openstreetmap.org/way/687013844",
        "rejection_reason": "Capacity placeholder value",
        "rejection_details": "Tag 'plant:output:electricity' contains placeholder value 'yes' instead of actual capacity",
        "rejection_keywords": "yes",
        "timestamp": "2026-04-24T03:22:34.296502",
        "element_type": "way",
        "element_id": 687013844,
        "country": "Cabo Verde",
        "unit_type": "plant"
      }
    },
    {
      "type": "Feature",
      "geometry": {
        "type": "Point",
        "coordinates": [
          -23.604536493246503,
          15.203632326781646
        ]
      },
      "properties": {
        "label": "Rejected way 747381297",
        "type": "Missing source tag",
        "osm_element": "https://www.openstreetmap.org/way/747381297",
        "rejection_reason": "Missing source tag",
        "rejection_details": "tags: {'landuse': 'industrial', 'power': 'plant'}",
        "rejection_keywords": "none",
        "timestamp": "2026-04-24T03:22:34.296667",
        "element_type": "way",
        "element_id": 747381297,
        "country": "Cabo Verde",
        "unit_type": "plant"
      }
    },
    {
      "type": "Feature",
      "geometry": {
        "type": "Point",
        "coordinates": [
          -25.165435001172902,
          17.137053122435404
        ]
      },
      "properties": {
        "label": "Rejected way 848754763",
        "type": "Capacity placeholder value",
        "osm_element": "https://www.openstreetmap.org/way/848754763",
        "rejection_reason": "Capacity placeholder value",
        "rejection_details": "Tag 'plant:output:electricity' contains placeholder value 'yes' instead of actual capacity",
        "rejection_keywords": "yes",
        "timestamp": "2026-04-24T03:22:34.296901",
        "element_type": "way",
        "element_id": 848754763,
        "country": "Cabo Verde",
        "unit_type": "plant"
      }
    },
    {
      "type": "Feature",
      "geometry": {
        "type": "Point",
        "coordinates": [
          -23.582578186628783,
          14.965271654001265
        ]
      },
      "properties": {
        "label": "Rejected way 888947737",
        "type": "Capacity placeholder value",
        "osm_element": "https://www.openstreetmap.org/way/888947737",
        "rejection_reason": "Capacity placeholder value",
        "rejection_details": "Tag 'plant:output:electricity' contains placeholder value 'yes' instead of actual capacity",
        "rejection_keywords": "yes",
        "timestamp": "2026-04-24T03:22:34.297135",
        "element_type": "way",
        "element_id": 888947737,
        "country": "Cabo Verde",
        "unit_type": "plant"
      }
    },
    {
      "type": "Feature",
      "geometry": {
        "type": "Point",
        "coordinates": [
          -23.579940999152754,
          15.049463303917763
        ]
      },
      "properties": {
        "label": "Rejected way 891219272",
        "type": "Capacity placeholder value",
        "osm_element": "https://www.openstreetmap.org/way/891219272",
        "rejection_reason": "Capacity placeholder value",
        "rejection_details": "Tag 'plant:output:electricity' contains placeholder value 'yes' instead of actual capacity",
        "rejection_keywords": "yes",
        "timestamp": "2026-04-24T03:22:34.297318",
        "element_type": "way",
        "element_id": 891219272,
        "country": "Cabo Verde",
        "unit_type": "plant"
      }
    },
    {
      "type": "Feature",
      "geometry": {
        "type": "Point",
        "coordinates": [
          -24.493446300000006,
          14.950527500000002
        ]
      },
      "properties": {
        "label": "Rejected way 1053690845",
        "type": "Capacity placeholder value",
        "osm_element": "https://www.openstreetmap.org/way/1053690845",
        "rejection_reason": "Capacity placeholder value",
        "rejection_details": "Tag 'plant:output:electricity' contains placeholder value 'yes' instead of actual capacity",
        "rejection_keywords": "yes",
        "timestamp": "2026-04-24T03:22:34.297480",
        "element_type": "way",
        "element_id": 1053690845,
        "country": "Cabo Verde",
        "unit_type": "plant"
      }
    },
    {
      "type": "Feature",
      "geometry": {
        "type": "Point",
        "coordinates": [
          -24.494768650000005,
          14.944723400000003
        ]
      },
      "properties": {
        "label": "Rejected way 1054642976",
        "type": "Capacity placeholder value",
        "osm_element": "https://www.openstreetmap.org/way/1054642976",
        "rejection_reason": "Capacity placeholder value",
        "rejection_details": "Tag 'plant:output:electricity' contains placeholder value 'yes' instead of actual capacity",
        "rejection_keywords": "yes",
        "timestamp": "2026-04-24T03:22:34.297638",
        "element_type": "way",
        "element_id": 1054642976,
        "country": "Cabo Verde",
        "unit_type": "plant"
      }
    },
    {
      "type": "Feature",
      "geometry": {
        "type": "Point",
        "coordinates": [
          -24.49479081744415,
          14.944669599679226
        ]
      },
      "properties": {
        "label": "Rejected way 1054642977",
        "type": "Capacity placeholder value",
        "osm_element": "https://www.openstreetmap.org/way/1054642977",
        "rejection_reason": "Capacity placeholder value",
        "rejection_details": "Tag 'plant:output:electricity' contains placeholder value 'yes' instead of actual capacity",
        "rejection_keywords": "yes",
        "timestamp": "2026-04-24T03:22:34.297795",
        "element_type": "way",
        "element_id": 1054642977,
        "country": "Cabo Verde",
        "unit_type": "plant"
      }
    },
    {
      "type": "Feature",
      "geometry": {
        "type": "Point",
        "coordinates": [
          -24.49479458063017,
          14.944618751331861
        ]
      },
      "properties": {
        "label": "Rejected way 1054642978",
        "type": "Capacity placeholder value",
        "osm_element": "https://www.openstreetmap.org/way/1054642978",
        "rejection_reason": "Capacity placeholder value",
        "rejection_details": "Tag 'plant:output:electricity' contains placeholder value 'yes' instead of actual capacity",
        "rejection_keywords": "yes",
        "timestamp": "2026-04-24T03:22:34.297953",
        "element_type": "way",
        "element_id": 1054642978,
        "country": "Cabo Verde",
        "unit_type": "plant"
      }
    },
    {
      "type": "Feature",
      "geometry": {
        "type": "Point",
        "coordinates": [
          -23.537231283838825,
          15.123732975514315
        ]
      },
      "properties": {
        "label": "Rejected way 1236780555",
        "type": "Capacity placeholder value",
        "osm_element": "https://www.openstreetmap.org/way/1236780555",
        "rejection_reason": "Capacity placeholder value",
        "rejection_details": "Tag 'plant:output:electricity' contains placeholder value 'yes' instead of actual capacity",
        "rejection_keywords": "yes",
        "timestamp": "2026-04-24T03:22:34.298109",
        "element_type": "way",
        "element_id": 1236780555,
        "country": "Cabo Verde",
        "unit_type": "plant"
      }
    },
    {
      "type": "Feature",
      "geometry": {
        "type": "Point",
        "coordinates": [
          -23.143782356197487,
          15.157490960073355
        ]
      },
      "properties": {
        "label": "Rejected way 1244166394",
        "type": "Missing output tag",
        "osm_element": "https://www.openstreetmap.org/way/1244166394",
        "rejection_reason": "Missing output tag",
        "rejection_details": "tags: {'plant:source': 'solar', 'power': 'plant'}",
        "rejection_keywords": "none",
        "timestamp": "2026-04-24T03:22:34.298294",
        "element_type": "way",
        "element_id": 1244166394,
        "country": "Cabo Verde",
        "unit_type": "plant"
      }
    },
    {
      "type": "Feature",
      "geometry": {
        "type": "Point",
        "coordinates": [
          -23.143804799999998,
          15.15742955
        ]
      },
      "properties": {
        "label": "Rejected way 1244166395",
        "type": "Missing output tag",
        "osm_element": "https://www.openstreetmap.org/way/1244166395",
        "rejection_reason": "Missing output tag",
        "rejection_details": "tags: {'plant:source': 'solar', 'power': 'plant'}",
        "rejection_keywords": "none",
        "timestamp": "2026-04-24T03:22:34.298466",
        "element_type": "way",
        "element_id": 1244166395,
        "country": "Cabo Verde",
        "unit_type": "plant"
      }
    },
    {
      "type": "Feature",
      "geometry": {
        "type": "Point",
        "coordinates": [
          -23.128974546632538,
          15.180935830078676
        ]
      },
      "properties": {
        "label": "Rejected way 1245366674",
        "type": "Missing output tag",
        "osm_element": "https://www.openstreetmap.org/way/1245366674",
        "rejection_reason": "Missing output tag",
        "rejection_details": "tags: {'plant:source': 'solar', 'power': 'plant'}",
        "rejection_keywords": "none",
        "timestamp": "2026-04-24T03:22:34.298634",
        "element_type": "way",
        "element_id": 1245366674,
        "country": "Cabo Verde",
        "unit_type": "plant"
      }
    },
    {
      "type": "Feature",
      "geometry": {
        "type": "Point",
        "coordinates": [
          -23.128978599999996,
          15.180884449999999
        ]
      },
      "properties": {
        "label": "Rejected way 1245366675",
        "type": "Missing output tag",
        "osm_element": "https://www.openstreetmap.org/way/1245366675",
        "rejection_reason": "Missing output tag",
        "rejection_details": "tags: {'plant:source': 'solar', 'power': 'plant'}",
        "rejection_keywords": "none",
        "timestamp": "2026-04-24T03:22:34.298808",
        "element_type": "way",
        "element_id": 1245366675,
        "country": "Cabo Verde",
        "unit_type": "plant"
      }
    },
    {
      "type": "Feature",
      "geometry": {
        "type": "Point",
        "coordinates": [
          -23.12425425,
          15.1389317
        ]
      },
      "properties": {
        "label": "Rejected way 1245917649",
        "type": "Missing output tag",
        "osm_element": "https://www.openstreetmap.org/way/1245917649",
        "rejection_reason": "Missing output tag",
        "rejection_details": "tags: {'plant:source': 'solar', 'power': 'plant'}",
        "rejection_keywords": "none",
        "timestamp": "2026-04-24T03:22:34.298985",
        "element_type": "way",
        "element_id": 1245917649,
        "country": "Cabo Verde",
        "unit_type": "plant"
      }
    },
    {
      "type": "Feature",
      "geometry": {
        "type": "Point",
        "coordinates": [
          -23.124209650000005,
          15.138982600000006
        ]
      },
      "properties": {
        "label": "Rejected way 1245917650",
        "type": "Missing output tag",
        "osm_element": "https://www.openstreetmap.org/way/1245917650",
        "rejection_reason": "Missing output tag",
        "rejection_details": "tags: {'plant:source': 'solar', 'power': 'plant'}",
        "rejection_keywords": "none",
        "timestamp": "2026-04-24T03:22:34.299152",
        "element_type": "way",
        "element_id": 1245917650,
        "country": "Cabo Verde",
        "unit_type": "plant"
      }
    },
    {
      "type": "Feature",
      "geometry": {
        "type": "Point",
        "coordinates": [
          -23.65173373761483,
          15.230465611226675
        ]
      },
      "properties": {
        "label": "Rejected way 1248919173",
        "type": "Missing output tag",
        "osm_element": "https://www.openstreetmap.org/way/1248919173",
        "rejection_reason": "Missing output tag",
        "rejection_details": "tags: {'plant:source': 'solar', 'power': 'plant'}",
        "rejection_keywords": "none",
        "timestamp": "2026-04-24T03:22:34.299354",
        "element_type": "way",
        "element_id": 1248919173,
        "country": "Cabo Verde",
        "unit_type": "plant"
      }
    },
    {
      "type": "Feature",
      "geometry": {
        "type": "Point",
        "coordinates": [
          -23.44839868209306,
          15.016995151340671
        ]
      },
      "properties": {
        "label": "Rejected way 1249405529",
        "type": "Missing output tag",
        "osm_element": "https://www.openstreetmap.org/way/1249405529",
        "rejection_reason": "Missing output tag",
        "rejection_details": "tags: {'plant:source': 'solar', 'power': 'plant'}",
        "rejection_keywords": "none",
        "timestamp": "2026-04-24T03:22:34.299521",
        "element_type": "way",
        "element_id": 1249405529,
        "country": "Cabo Verde",
        "unit_type": "plant"
      }
    },
    {
      "type": "Feature",
      "geometry": {
        "type": "Point",
        "coordinates": [
          -23.448302329569778,
          15.017029384033684
        ]
      },
      "properties": {
        "label": "Rejected way 1249405530",
        "type": "Missing output tag",
        "osm_element": "https://www.openstreetmap.org/way/1249405530",
        "rejection_reason": "Missing output tag",
        "rejection_details": "tags: {'plant:source': 'solar', 'power': 'plant'}",
        "rejection_keywords": "none",
        "timestamp": "2026-04-24T03:22:34.299689",
        "element_type": "way",
        "element_id": 1249405530,
        "country": "Cabo Verde",
        "unit_type": "plant"
      }
    },
    {
      "type": "Feature",
      "geometry": {
        "type": "Point",
        "coordinates": [
          -23.44838235,
          15.01694775
        ]
      },
      "properties": {
        "label": "Rejected way 1249405531",
        "type": "Missing output tag",
        "osm_element": "https://www.openstreetmap.org/way/1249405531",
        "rejection_reason": "Missing output tag",
        "rejection_details": "tags: {'plant:source': 'solar', 'power': 'plant'}",
        "rejection_keywords": "none",
        "timestamp": "2026-04-24T03:22:34.299856",
        "element_type": "way",
        "element_id": 1249405531,
        "country": "Cabo Verde",
        "unit_type": "plant"
      }
    },
    {
      "type": "Feature",
      "geometry": {
        "type": "Point",
        "coordinates": [
          -23.448287950000005,
          15.016982599999999
        ]
      },
      "properties": {
        "label": "Rejected way 1249405532",
        "type": "Missing output tag",
        "osm_element": "https://www.openstreetmap.org/way/1249405532",
        "rejection_reason": "Missing output tag",
        "rejection_details": "tags: {'plant:source': 'solar', 'power': 'plant'}",
        "rejection_keywords": "none",
        "timestamp": "2026-04-24T03:22:34.300025",
        "element_type": "way",
        "element_id": 1249405532,
        "country": "Cabo Verde",
        "unit_type": "plant"
      }
    },
    {
      "type": "Feature",
      "geometry": {
        "type": "Point",
        "coordinates": [
          -25.167738710132504,
          17.164874102653535
        ]
      },
      "properties": {
        "label": "Rejected way 1249521315",
        "type": "Missing output tag",
        "osm_element": "https://www.openstreetmap.org/way/1249521315",
        "rejection_reason": "Missing output tag",
        "rejection_details": "tags: {'plant:source': 'solar', 'power': 'plant'}",
        "rejection_keywords": "none",
        "timestamp": "2026-04-24T03:22:34.300194",
        "element_type": "way",
        "element_id": 1249521315,
        "country": "Cabo Verde",
        "unit_type": "plant"
      }
    },
    {
      "type": "Feature",
      "geometry": {
        "type": "Point",
        "coordinates": [
          -23.1197287,
          15.248797249999999
        ]
      },
      "properties": {
        "label": "Rejected way 1252038914",
        "type": "Missing output tag",
        "osm_element": "https://www.openstreetmap.org/way/1252038914",
        "rejection_reason": "Missing output tag",
        "rejection_details": "tags: {'plant:source': 'solar', 'power': 'plant'}",
        "rejection_keywords": "none",
        "timestamp": "2026-04-24T03:22:34.300392",
        "element_type": "way",
        "element_id": 1252038914,
        "country": "Cabo Verde",
        "unit_type": "plant"
      }
    },
    {
      "type": "Feature",
      "geometry": {
        "type": "Point",
        "coordinates": [
          -22.911958100000003,
          16.629008600000002
        ]
      },
      "properties": {
        "label": "Rejected way 1252043789",
        "type": "Capacity placeholder value",
        "osm_element": "https://www.openstreetmap.org/way/1252043789",
        "rejection_reason": "Capacity placeholder value",
        "rejection_details": "Tag 'plant:output:electricity' contains placeholder value 'yes' instead of actual capacity",
        "rejection_keywords": "yes",
        "timestamp": "2026-04-24T03:22:34.300561",
        "element_type": "way",
        "element_id": 1252043789,
        "country": "Cabo Verde",
        "unit_type": "plant"
      }
    },
    {
      "type": "Feature",
      "geometry": {
        "type": "Point",
        "coordinates": [
          -22.911096773767312,
          16.628742507154644
        ]
      },
      "properties": {
        "label": "Rejected way 1252043790",
        "type": "Capacity placeholder value",
        "osm_element": "https://www.openstreetmap.org/way/1252043790",
        "rejection_reason": "Capacity placeholder value",
        "rejection_details": "Tag 'plant:output:electricity' contains placeholder value 'yes' instead of actual capacity",
        "rejection_keywords": "yes",
        "timestamp": "2026-04-24T03:22:34.300730",
        "element_type": "way",
        "element_id": 1252043790,
        "country": "Cabo Verde",
        "unit_type": "plant"
      }
    },
    {
      "type": "Feature",
      "geometry": {
        "type": "Point",
        "coordinates": [
          -23.136541,
          15.160954049999999
        ]
      },
      "properties": {
        "label": "Rejected way 1257783069",
        "type": "Missing output tag",
        "osm_element": "https://www.openstreetmap.org/way/1257783069",
        "rejection_reason": "Missing output tag",
        "rejection_details": "tags: {'plant:source': 'solar', 'power': 'plant'}",
        "rejection_keywords": "none",
        "timestamp": "2026-04-24T03:22:34.300892",
        "element_type": "way",
        "element_id": 1257783069,
        "country": "Cabo Verde",
        "unit_type": "plant"
      }
    },
    {
      "type": "Feature",
      "geometry": {
        "type": "Point",
        "coordinates": [
          -23.486648485890427,
          14.926201957049168
        ]
      },
      "properties": {
        "label": "Rejected way 1267090379",
        "type": "Missing output tag",
        "osm_element": "https://www.openstreetmap.org/way/1267090379",
        "rejection_reason": "Missing output tag",
        "rejection_details": "tags: {'plant:source': 'solar', 'power': 'plant'}",
        "rejection_keywords": "none",
        "timestamp": "2026-04-24T03:22:34.301075",
        "element_type": "way",
        "element_id": 1267090379,
        "country": "Cabo Verde",
        "unit_type": "plant"
      }
    },
    {
      "type": "Feature",
      "geometry": {
        "type": "Point",
        "coordinates": [
          -23.486862005638912,
          14.925740308505308
        ]
      },
      "properties": {
        "label": "Rejected way 1267090380",
        "type": "Missing output tag",
        "osm_element": "https://www.openstreetmap.org/way/1267090380",
        "rejection_reason": "Missing output tag",
        "rejection_details": "tags: {'plant:source': 'solar', 'power': 'plant'}",
        "rejection_keywords": "none",
        "timestamp": "2026-04-24T03:22:34.301306",
        "element_type": "way",
        "element_id": 1267090380,
        "country": "Cabo Verde",
        "unit_type": "plant"
      }
    },
    {
      "type": "Feature",
      "geometry": {
        "type": "Point",
        "coordinates": [
          -23.486985801322543,
          14.925335810999176
        ]
      },
      "properties": {
        "label": "Rejected way 1267090381",
        "type": "Missing output tag",
        "osm_element": "https://www.openstreetmap.org/way/1267090381",
        "rejection_reason": "Missing output tag",
        "rejection_details": "tags: {'plant:source': 'solar', 'power': 'plant'}",
        "rejection_keywords": "none",
        "timestamp": "2026-04-24T03:22:34.301483",
        "element_type": "way",
        "element_id": 1267090381,
        "country": "Cabo Verde",
        "unit_type": "plant"
      }
    },
    {
      "type": "Feature",
      "geometry": {
        "type": "Point",
        "coordinates": [
          -23.48703060431967,
          14.925809135107972
        ]
      },
      "properties": {
        "label": "Rejected way 1267091568",
        "type": "Missing output tag",
        "osm_element": "https://www.openstreetmap.org/way/1267091568",
        "rejection_reason": "Missing output tag",
        "rejection_details": "tags: {'plant:source': 'solar', 'power': 'plant'}",
        "rejection_keywords": "none",
        "timestamp": "2026-04-24T03:22:34.301652",
        "element_type": "way",
        "element_id": 1267091568,
        "country": "Cabo Verde",
        "unit_type": "plant"
      }
    },
    {
      "type": "Feature",
      "geometry": {
        "type": "Point",
        "coordinates": [
          -24.447800149999996,
          15.005033249999999
        ]
      },
      "properties": {
        "label": "Rejected way 1285501795",
        "type": "Missing output tag",
        "osm_element": "https://www.openstreetmap.org/way/1285501795",
        "rejection_reason": "Missing output tag",
        "rejection_details": "tags: {'plant:source': 'solar', 'power': 'plant'}",
        "rejection_keywords": "none",
        "timestamp": "2026-04-24T03:22:34.301821",
        "element_type": "way",
        "element_id": 1285501795,
        "country": "Cabo Verde",
        "unit_type": "plant"
      }
    },
    {
      "type": "Feature",
      "geometry": {
        "type": "Point",
        "coordinates": [
          -24.717967047634342,
          14.884044496489414
        ]
      },
      "properties": {
        "label": "Rejected way 1287960733",
        "type": "Missing output tag",
        "osm_element": "https://www.openstreetmap.org/way/1287960733",
        "rejection_reason": "Missing output tag",
        "rejection_details": "tags: {'plant:source': 'solar', 'power': 'plant'}",
        "rejection_keywords": "none",
        "timestamp": "2026-04-24T03:22:34.301990",
        "element_type": "way",
        "element_id": 1287960733,
        "country": "Cabo Verde",
        "unit_type": "plant"
      }
    },
    {
      "type": "Feature",
      "geometry": {
        "type": "Point",
        "coordinates": [
          -24.454663582496764,
          14.852363478193862
        ]
      },
      "properties": {
        "label": "Rejected way 1290466419",
        "type": "Missing output tag",
        "osm_element": "https://www.openstreetmap.org/way/1290466419",
        "rejection_reason": "Missing output tag",
        "rejection_details": "tags: {'plant:source': 'solar', 'power': 'plant'}",
        "rejection_keywords": "none",
        "timestamp": "2026-04-24T03:22:34.302159",
        "element_type": "way",
        "element_id": 1290466419,
        "country": "Cabo Verde",
        "unit_type": "plant"
      }
    },
    {
      "type": "Feature",
      "geometry": {
        "type": "Point",
        "coordinates": [
          -24.45462970808081,
          14.852303280080807
        ]
      },
      "properties": {
        "label": "Rejected way 1290466420",
        "type": "Missing output tag",
        "osm_element": "https://www.openstreetmap.org/way/1290466420",
        "rejection_reason": "Missing output tag",
        "rejection_details": "tags: {'plant:source': 'solar', 'power': 'plant'}",
        "rejection_keywords": "none",
        "timestamp": "2026-04-24T03:22:34.302373",
        "element_type": "way",
        "element_id": 1290466420,
        "country": "Cabo Verde",
        "unit_type": "plant"
      }
    },
    {
      "type": "Feature",
      "geometry": {
        "type": "Point",
        "coordinates": [
          -24.449425231895024,
          14.849886988257232
        ]
      },
      "properties": {
        "label": "Rejected way 1290466421",
        "type": "Missing output tag",
        "osm_element": "https://www.openstreetmap.org/way/1290466421",
        "rejection_reason": "Missing output tag",
        "rejection_details": "tags: {'plant:source': 'solar', 'power': 'plant'}",
        "rejection_keywords": "none",
        "timestamp": "2026-04-24T03:22:34.302547",
        "element_type": "way",
        "element_id": 1290466421,
        "country": "Cabo Verde",
        "unit_type": "plant"
      }
    },
    {
      "type": "Feature",
      "geometry": {
        "type": "Point",
        "coordinates": [
          -24.449383747668055,
          14.849848659928867
        ]
      },
      "properties": {
        "label": "Rejected way 1290466422",
        "type": "Missing output tag",
        "osm_element": "https://www.openstreetmap.org/way/1290466422",
        "rejection_reason": "Missing output tag",
        "rejection_details": "tags: {'plant:source': 'solar', 'power': 'plant'}",
        "rejection_keywords": "none",
        "timestamp": "2026-04-24T03:22:34.302717",
        "element_type": "way",
        "element_id": 1290466422,
        "country": "Cabo Verde",
        "unit_type": "plant"
      }
    },
    {
      "type": "Feature",
      "geometry": {
        "type": "Point",
        "coordinates": [
          -24.449325931656297,
          14.84981041314137
        ]
      },
      "properties": {
        "label": "Rejected way 1290466423",
        "type": "Missing output tag",
        "osm_element": "https://www.openstreetmap.org/way/1290466423",
        "rejection_reason": "Missing output tag",
        "rejection_details": "tags: {'plant:source': 'solar', 'power': 'plant'}",
        "rejection_keywords": "none",
        "timestamp": "2026-04-24T03:22:34.302889",
        "element_type": "way",
        "element_id": 1290466423,
        "country": "Cabo Verde",
        "unit_type": "plant"
      }
    },
    {
      "type": "Feature",
      "geometry": {
        "type": "Point",
        "coordinates": [
          -24.449270450000004,
          14.849777849999999
        ]
      },
      "properties": {
        "label": "Rejected way 1290466424",
        "type": "Missing output tag",
        "osm_element": "https://www.openstreetmap.org/way/1290466424",
        "rejection_reason": "Missing output tag",
        "rejection_details": "tags: {'plant:source': 'solar', 'power': 'plant'}",
        "rejection_keywords": "none",
        "timestamp": "2026-04-24T03:22:34.303063",
        "element_type": "way",
        "element_id": 1290466424,
        "country": "Cabo Verde",
        "unit_type": "plant"
      }
    },
    {
      "type": "Feature",
      "geometry": {
        "type": "Point",
        "coordinates": [
          -24.44919934204813,
          14.84974503492881
        ]
      },
      "properties": {
        "label": "Rejected way 1290466425",
        "type": "Missing output tag",
        "osm_element": "https://www.openstreetmap.org/way/1290466425",
        "rejection_reason": "Missing output tag",
        "rejection_details": "tags: {'plant:source': 'solar', 'power': 'plant'}",
        "rejection_keywords": "none",
        "timestamp": "2026-04-24T03:22:34.303278",
        "element_type": "way",
        "element_id": 1290466425,
        "country": "Cabo Verde",
        "unit_type": "plant"
      }
    },
    {
      "type": "Feature",
      "geometry": {
        "type": "Point",
        "coordinates": [
          -24.418166525860492,
          14.874158746630837
        ]
      },
      "properties": {
        "label": "Rejected way 1292048801",
        "type": "Missing output tag",
        "osm_element": "https://www.openstreetmap.org/way/1292048801",
        "rejection_reason": "Missing output tag",
        "rejection_details": "tags: {'plant:source': 'solar', 'power': 'plant'}",
        "rejection_keywords": "none",
        "timestamp": "2026-04-24T03:22:34.303465",
        "element_type": "way",
        "element_id": 1292048801,
        "country": "Cabo Verde",
        "unit_type": "plant"
      }
    },
    {
      "type": "Feature",
      "geometry": {
        "type": "Point",
        "coordinates": [
          -24.418178849999997,
          14.874128800000001
        ]
      },
      "properties": {
        "label": "Rejected way 1292048802",
        "type": "Missing output tag",
        "osm_element": "https://www.openstreetmap.org/way/1292048802",
        "rejection_reason": "Missing output tag",
        "rejection_details": "tags: {'plant:source': 'solar', 'power': 'plant'}",
        "rejection_keywords": "none",
        "timestamp": "2026-04-24T03:22:34.303650",
        "element_type": "way",
        "element_id": 1292048802,
        "country": "Cabo Verde",
        "unit_type": "plant"
      }
    },
    {
      "type": "Feature",
      "geometry": {
        "type": "Point",
        "coordinates": [
          -24.418147363741625,
          14.874092774694457
        ]
      },
      "properties": {
        "label": "Rejected way 1292048803",
        "type": "Missing output tag",
        "osm_element": "https://www.openstreetmap.org/way/1292048803",
        "rejection_reason": "Missing output tag",
        "rejection_details": "tags: {'plant:source': 'solar', 'power': 'plant'}",
        "rejection_keywords": "none",
        "timestamp": "2026-04-24T03:22:34.303832",
        "element_type": "way",
        "element_id": 1292048803,
        "country": "Cabo Verde",
        "unit_type": "plant"
      }
    },
    {
      "type": "Feature",
      "geometry": {
        "type": "Point",
        "coordinates": [
          -24.41812075,
          14.87405415
        ]
      },
      "properties": {
        "label": "Rejected way 1292048804",
        "type": "Missing output tag",
        "osm_element": "https://www.openstreetmap.org/way/1292048804",
        "rejection_reason": "Missing output tag",
        "rejection_details": "tags: {'plant:source': 'solar', 'power': 'plant'}",
        "rejection_keywords": "none",
        "timestamp": "2026-04-24T03:22:34.304006",
        "element_type": "way",
        "element_id": 1292048804,
        "country": "Cabo Verde",
        "unit_type": "plant"
      }
    },
    {
      "type": "Feature",
      "geometry": {
        "type": "Point",
        "coordinates": [
          -24.4181232,
          14.874016300000001
        ]
      },
      "properties": {
        "label": "Rejected way 1292048805",
        "type": "Missing output tag",
        "osm_element": "https://www.openstreetmap.org/way/1292048805",
        "rejection_reason": "Missing output tag",
        "rejection_details": "tags: {'plant:source': 'solar', 'power': 'plant'}",
        "rejection_keywords": "none",
        "timestamp": "2026-04-24T03:22:34.304178",
        "element_type": "way",
        "element_id": 1292048805,
        "country": "Cabo Verde",
        "unit_type": "plant"
      }
    },
    {
      "type": "Feature",
      "geometry": {
        "type": "Point",
        "coordinates": [
          -24.48342771701845,
          14.884068790659642
        ]
      },
      "properties": {
        "label": "Rejected way 1292301283",
        "type": "Missing output tag",
        "osm_element": "https://www.openstreetmap.org/way/1292301283",
        "rejection_reason": "Missing output tag",
        "rejection_details": "tags: {'plant:source': 'solar', 'power': 'plant'}",
        "rejection_keywords": "none",
        "timestamp": "2026-04-24T03:22:34.304379",
        "element_type": "way",
        "element_id": 1292301283,
        "country": "Cabo Verde",
        "unit_type": "plant"
      }
    },
    {
      "type": "Feature",
      "geometry": {
        "type": "Point",
        "coordinates": [
          -24.4834431930234,
          14.884035244494438
        ]
      },
      "properties": {
        "label": "Rejected way 1292301284",
        "type": "Missing output tag",
        "osm_element": "https://www.openstreetmap.org/way/1292301284",
        "rejection_reason": "Missing output tag",
        "rejection_details": "tags: {'plant:source': 'solar', 'power': 'plant'}",
        "rejection_keywords": "none",
        "timestamp": "2026-04-24T03:22:34.304548",
        "element_type": "way",
        "element_id": 1292301284,
        "country": "Cabo Verde",
        "unit_type": "plant"
      }
    },
    {
      "type": "Feature",
      "geometry": {
        "type": "Point",
        "coordinates": [
          -24.483456147360567,
          14.884006658888644
        ]
      },
      "properties": {
        "label": "Rejected way 1292301285",
        "type": "Missing output tag",
        "osm_element": "https://www.openstreetmap.org/way/1292301285",
        "rejection_reason": "Missing output tag",
        "rejection_details": "tags: {'plant:source': 'solar', 'power': 'plant'}",
        "rejection_keywords": "none",
        "timestamp": "2026-04-24T03:22:34.304718",
        "element_type": "way",
        "element_id": 1292301285,
        "country": "Cabo Verde",
        "unit_type": "plant"
      }
    },
    {
      "type": "Feature",
      "geometry": {
        "type": "Point",
        "coordinates": [
          -24.483470908240776,
          14.883974296008015
        ]
      },
      "properties": {
        "label": "Rejected way 1292301286",
        "type": "Missing output tag",
        "osm_element": "https://www.openstreetmap.org/way/1292301286",
        "rejection_reason": "Missing output tag",
        "rejection_details": "tags: {'plant:source': 'solar', 'power': 'plant'}",
        "rejection_keywords": "none",
        "timestamp": "2026-04-24T03:22:34.304888",
        "element_type": "way",
        "element_id": 1292301286,
        "country": "Cabo Verde",
        "unit_type": "plant"
      }
    },
    {
      "type": "Feature",
      "geometry": {
        "type": "Point",
        "coordinates": [
          -22.922354927121756,
          16.61470534703977
        ]
      },
      "properties": {
        "label": "Rejected way 1446785734",
        "type": "Capacity placeholder value",
        "osm_element": "https://www.openstreetmap.org/way/1446785734",
        "rejection_reason": "Capacity placeholder value",
        "rejection_details": "Tag 'plant:output:electricity' contains placeholder value 'yes' instead of actual capacity",
        "rejection_keywords": "yes",
        "timestamp": "2026-04-24T03:22:34.305076",
        "element_type": "way",
        "element_id": 1446785734,
        "country": "Cabo Verde",
        "unit_type": "plant"
      }
    },
    {
      "type": "Feature",
      "geometry": {
        "type": "Point",
        "coordinates": [
          -22.913295429125892,
          16.624439226088487
        ]
      },
      "properties": {
        "label": "Rejected way 1446785752",
        "type": "Capacity placeholder value",
        "osm_element": "https://www.openstreetmap.org/way/1446785752",
        "rejection_reason": "Capacity placeholder value",
        "rejection_details": "Tag 'plant:output:electricity' contains placeholder value 'yes' instead of actual capacity",
        "rejection_keywords": "yes",
        "timestamp": "2026-04-24T03:22:34.305264",
        "element_type": "way",
        "element_id": 1446785752,
        "country": "Cabo Verde",
        "unit_type": "plant"
      }
    },
    {
      "type": "Feature",
      "geometry": {
        "type": "Point",
        "coordinates": [
          -22.89048984574276,
          16.14086800600409
        ]
      },
      "properties": {
        "label": "Rejected way 1446785765",
        "type": "Capacity placeholder value",
        "osm_element": "https://www.openstreetmap.org/way/1446785765",
        "rejection_reason": "Capacity placeholder value",
        "rejection_details": "Tag 'plant:output:electricity' contains placeholder value 'yes' instead of actual capacity",
        "rejection_keywords": "yes",
        "timestamp": "2026-04-24T03:22:34.305446",
        "element_type": "way",
        "element_id": 1446785765,
        "country": "Cabo Verde",
        "unit_type": "plant"
      }
    },
    {
      "type": "Feature",
      "geometry": {
        "type": "Point",
        "coordinates": [
          -15.447023578317847,
          12.236606086876868
        ]
      },
      "properties": {
        "label": "Rejected way 1442128805",
        "type": "Missing output tag",
        "osm_element": "https://www.openstreetmap.org/way/1442128805",
        "rejection_reason": "Missing output tag",
        "rejection_details": "tags: {'plant:source': 'solar', 'power': 'plant'}",
        "rejection_keywords": "none",
        "timestamp": "2026-04-24T03:25:04.246046",
        "element_type": "way",
        "element_id": 1442128805,
        "country": "Guinea-Bissau",
        "unit_type": "plant"
      }
    },
    {
      "type": "Feature",
      "geometry": {
        "type": "Point",
        "coordinates": [
          -14.196380042328453,
          13.295760652805466
        ]
      },
      "properties": {
        "label": "Rejected way 984507626",
        "type": "Missing source tag",
        "osm_element": "https://www.openstreetmap.org/way/984507626",
        "rejection_reason": "Missing source tag",
        "rejection_details": "tags: {'landuse': 'industrial', 'name': 'Nawec power sation URR', 'power': 'plant'}",
        "rejection_keywords": "none",
        "timestamp": "2026-04-24T03:28:56.920936",
        "element_type": "way",
        "element_id": 984507626,
        "country": "Gambia",
        "unit_type": "plant"
      }
    },
    {
      "type": "Feature",
      "geometry": {
        "type": "Point",
        "coordinates": [
          -9.7201008822702,
          6.096475106341469
        ]
      },
      "properties": {
        "label": "Rejected way 303293260",
        "type": "Missing output tag",
        "osm_element": "https://www.openstreetmap.org/way/303293260",
        "rejection_reason": "Missing output tag",
        "rejection_details": "tags: {'landuse': 'industrial', 'name': 'Hydro Power Plant LAC', 'operator': 'LAC / Socfin', 'plant:method': 'run-of-the-river', 'plant:source': 'hydro', 'power': 'plant'}",
        "rejection_keywords": "none",
        "timestamp": "2026-04-24T03:31:56.842014",
        "element_type": "way",
        "element_id": 303293260,
        "country": "Liberia",
        "unit_type": "plant"
      }
    },
    {
      "type": "Feature",
      "geometry": {
        "type": "Point",
        "coordinates": [
          -10.817841157443285,
          6.428339974508174
        ]
      },
      "properties": {
        "label": "Rejected way 306254298",
        "type": "Capacity placeholder value",
        "osm_element": "https://www.openstreetmap.org/way/306254298",
        "rejection_reason": "Capacity placeholder value",
        "rejection_details": "Tag 'plant:output:electricity' contains placeholder value 'yes' instead of actual capacity",
        "rejection_keywords": "yes",
        "timestamp": "2026-04-24T03:31:56.842208",
        "element_type": "way",
        "element_id": 306254298,
        "country": "Liberia",
        "unit_type": "plant"
      }
    },
    {
      "type": "Feature",
      "geometry": {
        "type": "Point",
        "coordinates": [
          -11.139914169836588,
          6.9974669341180675
        ]
      },
      "properties": {
        "label": "Rejected way 1292708732",
        "type": "Capacity regex no match",
        "osm_element": "https://www.openstreetmap.org/way/1292708732",
        "rejection_reason": "Capacity regex no match",
        "rejection_details": "Tag 'plant:output:electricity' has value '20 Mw' which could not be parsed",
        "rejection_keywords": "20 Mw",
        "timestamp": "2026-04-24T03:31:56.843405",
        "element_type": "way",
        "element_id": 1292708732,
        "country": "Liberia",
        "unit_type": "plant"
      }
    },
    {
      "type": "Feature",
      "geometry": {
        "type": "Point",
        "coordinates": [
          -5.672998629347797,
          11.31897029875906
        ]
      },
      "properties": {
        "label": "Rejected relation 15748734",
        "type": "Missing source tag",
        "osm_element": "https://www.openstreetmap.org/relation/15748734",
        "rejection_reason": "Missing source tag",
        "rejection_details": "tags: {'landuse': 'industrial', 'name': 'Centrale électrique', 'power': 'plant', 'type': 'multipolygon'}",
        "rejection_keywords": "none",
        "timestamp": "2026-04-24T03:32:15.280322",
        "element_type": "relation",
        "element_id": 15748734,
        "country": "Mali",
        "unit_type": "plant"
      }
    },
    {
      "type": "Feature",
      "geometry": {
        "type": "Point",
        "coordinates": [
          1.4013231973654106,
          18.44098872302887
        ]
      },
      "properties": {
        "label": "Rejected way 202359782",
        "type": "Missing source tag",
        "osm_element": "https://www.openstreetmap.org/way/202359782",
        "rejection_reason": "Missing source tag",
        "rejection_details": "tags: {'building': 'yes', 'power': 'plant'}",
        "rejection_keywords": "none",
        "timestamp": "2026-04-24T03:32:15.284393",
        "element_type": "way",
        "element_id": 202359782,
        "country": "Mali",
        "unit_type": "plant"
      }
    },
    {
      "type": "Feature",
      "geometry": {
        "type": "Point",
        "coordinates": [
          0.5050180093062728,
          15.649798848383554
        ]
      },
      "properties": {
        "label": "Rejected way 874830038",
        "type": "Missing output tag",
        "osm_element": "https://www.openstreetmap.org/way/874830038",
        "rejection_reason": "Missing output tag",
        "rejection_details": "tags: {'barrier': 'wall', 'plant:source': 'solar', 'power': 'plant'}",
        "rejection_keywords": "none",
        "timestamp": "2026-04-24T03:32:15.287451",
        "element_type": "way",
        "element_id": 874830038,
        "country": "Mali",
        "unit_type": "plant"
      }
    },
    {
      "type": "Feature",
      "geometry": {
        "type": "Point",
        "coordinates": [
          -9.193058388133986,
          14.571307341701623
        ]
      },
      "properties": {
        "label": "Rejected way 1050565381",
        "type": "Capacity placeholder value",
        "osm_element": "https://www.openstreetmap.org/way/1050565381",
        "rejection_reason": "Capacity placeholder value",
        "rejection_details": "Tag 'plant:output:electricity' contains placeholder value 'yes' instead of actual capacity",
        "rejection_keywords": "yes",
        "timestamp": "2026-04-24T03:32:15.287810",
        "element_type": "way",
        "element_id": 1050565381,
        "country": "Mali",
        "unit_type": "plant"
      }
    },
    {
      "type": "Feature",
      "geometry": {
        "type": "Point",
        "coordinates": [
          -11.230266333258962,
          12.871343716251326
        ]
      },
      "properties": {
        "label": "Rejected way 1051570212",
        "type": "Missing output tag",
        "osm_element": "https://www.openstreetmap.org/way/1051570212",
        "rejection_reason": "Missing output tag",
        "rejection_details": "tags: {'plant:source': 'solar', 'power': 'plant'}",
        "rejection_keywords": "none",
        "timestamp": "2026-04-24T03:32:15.287984",
        "element_type": "way",
        "element_id": 1051570212,
        "country": "Mali",
        "unit_type": "plant"
      }
    },
    {
      "type": "Feature",
      "geometry": {
        "type": "Point",
        "coordinates": [
          -4.606501873022042,
          13.28959748009202
        ]
      },
      "properties": {
        "label": "Rejected way 1053804712",
        "type": "Missing output tag",
        "osm_element": "https://www.openstreetmap.org/way/1053804712",
        "rejection_reason": "Missing output tag",
        "rejection_details": "tags: {'plant:source': 'solar', 'power': 'plant'}",
        "rejection_keywords": "none",
        "timestamp": "2026-04-24T03:32:15.288170",
        "element_type": "way",
        "element_id": 1053804712,
        "country": "Mali",
        "unit_type": "plant"
      }
    },
    {
      "type": "Feature",
      "geometry": {
        "type": "Point",
        "coordinates": [
          -11.357479212996806,
          12.533073237275227
        ]
      },
      "properties": {
        "label": "Rejected way 1303591053",
        "type": "Capacity placeholder value",
        "osm_element": "https://www.openstreetmap.org/way/1303591053",
        "rejection_reason": "Capacity placeholder value",
        "rejection_details": "Tag 'plant:output:electricity' contains placeholder value 'yes' instead of actual capacity",
        "rejection_keywords": "yes",
        "timestamp": "2026-04-24T03:32:15.289536",
        "element_type": "way",
        "element_id": 1303591053,
        "country": "Mali",
        "unit_type": "plant"
      }
    },
    {
      "type": "Feature",
      "geometry": {
        "type": "Point",
        "coordinates": [
          -5.0138682835024575,
          14.145593556884082
        ]
      },
      "properties": {
        "label": "Rejected way 1388758597",
        "type": "Capacity placeholder value",
        "osm_element": "https://www.openstreetmap.org/way/1388758597",
        "rejection_reason": "Capacity placeholder value",
        "rejection_details": "Tag 'plant:output:electricity' contains placeholder value 'yes' instead of actual capacity",
        "rejection_keywords": "yes",
        "timestamp": "2026-04-24T03:32:15.289697",
        "element_type": "way",
        "element_id": 1388758597,
        "country": "Mali",
        "unit_type": "plant"
      }
    },
    {
      "type": "Feature",
      "geometry": {
        "type": "Point",
        "coordinates": [
          -9.420873712937567,
          15.253679878982418
        ]
      },
      "properties": {
        "label": "Rejected way 1411355967",
        "type": "Capacity placeholder value",
        "osm_element": "https://www.openstreetmap.org/way/1411355967",
        "rejection_reason": "Capacity placeholder value",
        "rejection_details": "Tag 'plant:output:electricity' contains placeholder value 'yes' instead of actual capacity",
        "rejection_keywords": "yes",
        "timestamp": "2026-04-24T03:32:15.289853",
        "element_type": "way",
        "element_id": 1411355967,
        "country": "Mali",
        "unit_type": "plant"
      }
    },
    {
      "type": "Feature",
      "geometry": {
        "type": "Point",
        "coordinates": [
          -6.204382522572,
          11.15782194950715
        ]
      },
      "properties": {
        "label": "Rejected way 1424391063",
        "type": "Missing output tag",
        "osm_element": "https://www.openstreetmap.org/way/1424391063",
        "rejection_reason": "Missing output tag",
        "rejection_details": "tags: {'plant:source': 'solar', 'power': 'plant'}",
        "rejection_keywords": "none",
        "timestamp": "2026-04-24T03:32:15.290039",
        "element_type": "way",
        "element_id": 1424391063,
        "country": "Mali",
        "unit_type": "plant"
      }
    },
    {
      "type": "Feature",
      "geometry": {
        "type": "Point",
        "coordinates": [
          -7.307990802729446,
          15.168078578957603
        ]
      },
      "properties": {
        "label": "Rejected way 1443608208",
        "type": "Capacity placeholder value",
        "osm_element": "https://www.openstreetmap.org/way/1443608208",
        "rejection_reason": "Capacity placeholder value",
        "rejection_details": "Tag 'plant:output:electricity' contains placeholder value 'yes' instead of actual capacity",
        "rejection_keywords": "yes",
        "timestamp": "2026-04-24T03:32:15.290210",
        "element_type": "way",
        "element_id": 1443608208,
        "country": "Mali",
        "unit_type": "plant"
      }
    },
    {
      "type": "Feature",
      "geometry": {
        "type": "Point",
        "coordinates": [
          -15.99536003586685,
          18.070452071950182
        ]
      },
      "properties": {
        "label": "Rejected relation 5498224",
        "type": "Missing source tag",
        "osm_element": "https://www.openstreetmap.org/relation/5498224",
        "rejection_reason": "Missing source tag",
        "rejection_details": "tags: {'name': 'سونيلك السبخة', 'name:ar': 'سونيلك السبخة', 'name:fr': 'sonelec sebkha', 'operator': 'الشركة الموريتانية للكهرباء والشركة الوطنية للماء', 'operator:ar': 'الشركة الموريتانية للكهرباء والشركة الوطنية للماء', 'power': 'plant', 'route': 'power', 'type': 'route'}",
        "rejection_keywords": "none",
        "timestamp": "2026-04-24T03:33:46.324203",
        "element_type": "relation",
        "element_id": 5498224,
        "country": "Mauritania",
        "unit_type": "plant"
      }
    },
    {
      "type": "Feature",
      "geometry": {
        "type": "Point",
        "coordinates": [
          -15.9917611,
          17.9451904
        ]
      },
      "properties": {
        "label": "Rejected node 7578370831",
        "type": "Missing output tag",
        "osm_element": "https://www.openstreetmap.org/node/7578370831",
        "rejection_reason": "Missing output tag",
        "rejection_details": "tags: {'generator:method': 'wind_turbine', 'generator:source': 'wind', 'power': 'generator'}",
        "rejection_keywords": "none",
        "timestamp": "2026-04-24T03:33:46.326119",
        "element_type": "node",
        "element_id": 7578370831,
        "country": "Mauritania",
        "unit_type": "generator"
      }
    },
    {
      "type": "Feature",
      "geometry": {
        "type": "Point",
        "coordinates": [
          -15.9969807,
          17.9344907
        ]
      },
      "properties": {
        "label": "Rejected node 7578370833",
        "type": "Missing output tag",
        "osm_element": "https://www.openstreetmap.org/node/7578370833",
        "rejection_reason": "Missing output tag",
        "rejection_details": "tags: {'generator:method': 'wind_turbine', 'generator:source': 'wind', 'power': 'generator'}",
        "rejection_keywords": "none",
        "timestamp": "2026-04-24T03:33:46.326143",
        "element_type": "node",
        "element_id": 7578370833,
        "country": "Mauritania",
        "unit_type": "generator"
      }
    },
    {
      "type": "Feature",
      "geometry": {
        "type": "Point",
        "coordinates": [
          -15.9798763,
          17.9668915
        ]
      },
      "properties": {
        "label": "Rejected node 7578370808",
        "type": "Missing output tag",
        "osm_element": "https://www.openstreetmap.org/node/7578370808",
        "rejection_reason": "Missing output tag",
        "rejection_details": "tags: {'generator:method': 'wind_turbine', 'generator:source': 'wind', 'power': 'generator'}",
        "rejection_keywords": "none",
        "timestamp": "2026-04-24T03:33:46.326159",
        "element_type": "node",
        "element_id": 7578370808,
        "country": "Mauritania",
        "unit_type": "generator"
      }
    },
    {
      "type": "Feature",
      "geometry": {
        "type": "Point",
        "coordinates": [
          -16.0013125,
          17.9135181
        ]
      },
      "properties": {
        "label": "Rejected node 7578349238",
        "type": "Missing output tag",
        "osm_element": "https://www.openstreetmap.org/node/7578349238",
        "rejection_reason": "Missing output tag",
        "rejection_details": "tags: {'generator:method': 'wind_turbine', 'generator:source': 'wind', 'power': 'generator'}",
        "rejection_keywords": "none",
        "timestamp": "2026-04-24T03:33:46.326174",
        "element_type": "node",
        "element_id": 7578349238,
        "country": "Mauritania",
        "unit_type": "generator"
      }
    },
    {
      "type": "Feature",
      "geometry": {
        "type": "Point",
        "coordinates": [
          -15.9913508,
          17.9156134
        ]
      },
      "properties": {
        "label": "Rejected node 7578349228",
        "type": "Missing output tag",
        "osm_element": "https://www.openstreetmap.org/node/7578349228",
        "rejection_reason": "Missing output tag",
        "rejection_details": "tags: {'generator:method': 'wind_turbine', 'generator:source': 'wind', 'power': 'generator'}",
        "rejection_keywords": "none",
        "timestamp": "2026-04-24T03:33:46.326189",
        "element_type": "node",
        "element_id": 7578349228,
        "country": "Mauritania",
        "unit_type": "generator"
      }
    },
    {
      "type": "Feature",
      "geometry": {
        "type": "Point",
        "coordinates": [
          -15.9890923,
          17.9620284
        ]
      },
      "properties": {
        "label": "Rejected node 7578370810",
        "type": "Missing output tag",
        "osm_element": "https://www.openstreetmap.org/node/7578370810",
        "rejection_reason": "Missing output tag",
        "rejection_details": "tags: {'generator:method': 'wind_turbine', 'generator:source': 'wind', 'power': 'generator'}",
        "rejection_keywords": "none",
        "timestamp": "2026-04-24T03:33:46.326204",
        "element_type": "node",
        "element_id": 7578370810,
        "country": "Mauritania",
        "unit_type": "generator"
      }
    },
    {
      "type": "Feature",
      "geometry": {
        "type": "Point",
        "coordinates": [
          -15.9945024,
          17.9392473
        ]
      },
      "properties": {
        "label": "Rejected node 7578370832",
        "type": "Missing output tag",
        "osm_element": "https://www.openstreetmap.org/node/7578370832",
        "rejection_reason": "Missing output tag",
        "rejection_details": "tags: {'generator:method': 'wind_turbine', 'generator:source': 'wind', 'power': 'generator'}",
        "rejection_keywords": "none",
        "timestamp": "2026-04-24T03:33:46.326238",
        "element_type": "node",
        "element_id": 7578370832,
        "country": "Mauritania",
        "unit_type": "generator"
      }
    },
    {
      "type": "Feature",
      "geometry": {
        "type": "Point",
        "coordinates": [
          -15.9995234,
          17.9273019
        ]
      },
      "properties": {
        "label": "Rejected node 7578370837",
        "type": "Missing output tag",
        "osm_element": "https://www.openstreetmap.org/node/7578370837",
        "rejection_reason": "Missing output tag",
        "rejection_details": "tags: {'generator:method': 'wind_turbine', 'generator:source': 'wind', 'power': 'generator'}",
        "rejection_keywords": "none",
        "timestamp": "2026-04-24T03:33:46.326255",
        "element_type": "node",
        "element_id": 7578370837,
        "country": "Mauritania",
        "unit_type": "generator"
      }
    },
    {
      "type": "Feature",
      "geometry": {
        "type": "Point",
        "coordinates": [
          -15.9923003,
          17.9578745
        ]
      },
      "properties": {
        "label": "Rejected node 7578370812",
        "type": "Missing output tag",
        "osm_element": "https://www.openstreetmap.org/node/7578370812",
        "rejection_reason": "Missing output tag",
        "rejection_details": "tags: {'generator:method': 'wind_turbine', 'generator:source': 'wind', 'power': 'generator'}",
        "rejection_keywords": "none",
        "timestamp": "2026-04-24T03:33:46.326269",
        "element_type": "node",
        "element_id": 7578370812,
        "country": "Mauritania",
        "unit_type": "generator"
      }
    },
    {
      "type": "Feature",
      "geometry": {
        "type": "Point",
        "coordinates": [
          -15.9873623,
          17.9330284
        ]
      },
      "properties": {
        "label": "Rejected node 7578354355",
        "type": "Missing output tag",
        "osm_element": "https://www.openstreetmap.org/node/7578354355",
        "rejection_reason": "Missing output tag",
        "rejection_details": "tags: {'generator:method': 'wind_turbine', 'generator:source': 'wind', 'power': 'generator'}",
        "rejection_keywords": "none",
        "timestamp": "2026-04-24T03:33:46.326283",
        "element_type": "node",
        "element_id": 7578354355,
        "country": "Mauritania",
        "unit_type": "generator"
      }
    },
    {
      "type": "Feature",
      "geometry": {
        "type": "Point",
        "coordinates": [
          -15.9922037,
          17.951812
        ]
      },
      "properties": {
        "label": "Rejected node 7578370824",
        "type": "Missing output tag",
        "osm_element": "https://www.openstreetmap.org/node/7578370824",
        "rejection_reason": "Missing output tag",
        "rejection_details": "tags: {'generator:method': 'wind_turbine', 'generator:source': 'wind', 'power': 'generator'}",
        "rejection_keywords": "none",
        "timestamp": "2026-04-24T03:33:46.326297",
        "element_type": "node",
        "element_id": 7578370824,
        "country": "Mauritania",
        "unit_type": "generator"
      }
    },
    {
      "type": "Feature",
      "geometry": {
        "type": "Point",
        "coordinates": [
          -16.0015592,
          17.9199827
        ]
      },
      "properties": {
        "label": "Rejected node 7578349227",
        "type": "Missing output tag",
        "osm_element": "https://www.openstreetmap.org/node/7578349227",
        "rejection_reason": "Missing output tag",
        "rejection_details": "tags: {'generator:method': 'wind_turbine', 'generator:source': 'wind', 'power': 'generator'}",
        "rejection_keywords": "none",
        "timestamp": "2026-04-24T03:33:46.326311",
        "element_type": "node",
        "element_id": 7578349227,
        "country": "Mauritania",
        "unit_type": "generator"
      }
    },
    {
      "type": "Feature",
      "geometry": {
        "type": "Point",
        "coordinates": [
          -15.985069,
          17.9650851
        ]
      },
      "properties": {
        "label": "Rejected node 7578370809",
        "type": "Missing output tag",
        "osm_element": "https://www.openstreetmap.org/node/7578370809",
        "rejection_reason": "Missing output tag",
        "rejection_details": "tags: {'generator:method': 'wind_turbine', 'generator:source': 'wind', 'power': 'generator'}",
        "rejection_keywords": "none",
        "timestamp": "2026-04-24T03:33:46.326325",
        "element_type": "node",
        "element_id": 7578370809,
        "country": "Mauritania",
        "unit_type": "generator"
      }
    },
    {
      "type": "Feature",
      "geometry": {
        "type": "Point",
        "coordinates": [
          -15.9813952,
          17.94957
        ]
      },
      "properties": {
        "label": "Rejected node 7840169421",
        "type": "Missing output tag",
        "osm_element": "https://www.openstreetmap.org/node/7840169421",
        "rejection_reason": "Missing output tag",
        "rejection_details": "tags: {'generator:method': 'wind_turbine', 'generator:source': 'wind', 'power': 'generator'}",
        "rejection_keywords": "none",
        "timestamp": "2026-04-24T03:33:46.326338",
        "element_type": "node",
        "element_id": 7840169421,
        "country": "Mauritania",
        "unit_type": "generator"
      }
    },
    {
      "type": "Feature",
      "geometry": {
        "type": "Point",
        "coordinates": [
          -17.0531735,
          20.8486348
        ]
      },
      "properties": {
        "label": "Rejected node 3301735169",
        "type": "Capacity regex no match",
        "osm_element": "https://www.openstreetmap.org/node/3301735169",
        "rejection_reason": "Capacity regex no match",
        "rejection_details": "Tag 'generator:output:electricity' has value '275 kW' which could not be parsed",
        "rejection_keywords": "275 kW",
        "timestamp": "2026-04-24T03:33:46.327539",
        "element_type": "node",
        "element_id": 3301735169,
        "country": "Mauritania",
        "unit_type": "generator"
      }
    },
    {
      "type": "Feature",
      "geometry": {
        "type": "Point",
        "coordinates": [
          -17.0550125,
          20.8486211
        ]
      },
      "properties": {
        "label": "Rejected node 3301735167",
        "type": "Capacity regex no match",
        "osm_element": "https://www.openstreetmap.org/node/3301735167",
        "rejection_reason": "Capacity regex no match",
        "rejection_details": "Tag 'generator:output:electricity' has value '275 kW' which could not be parsed",
        "rejection_keywords": "275 kW",
        "timestamp": "2026-04-24T03:33:46.327569",
        "element_type": "node",
        "element_id": 3301735167,
        "country": "Mauritania",
        "unit_type": "generator"
      }
    },
    {
      "type": "Feature",
      "geometry": {
        "type": "Point",
        "coordinates": [
          -17.0513199,
          20.8486714
        ]
      },
      "properties": {
        "label": "Rejected node 3301735171",
        "type": "Capacity regex no match",
        "osm_element": "https://www.openstreetmap.org/node/3301735171",
        "rejection_reason": "Capacity regex no match",
        "rejection_details": "Tag 'generator:output:electricity' has value '275 kW' which could not be parsed",
        "rejection_keywords": "275 kW",
        "timestamp": "2026-04-24T03:33:46.327591",
        "element_type": "node",
        "element_id": 3301735171,
        "country": "Mauritania",
        "unit_type": "generator"
      }
    },
    {
      "type": "Feature",
      "geometry": {
        "type": "Point",
        "coordinates": [
          -17.0494809,
          20.8486897
        ]
      },
      "properties": {
        "label": "Rejected node 3301735173",
        "type": "Capacity regex no match",
        "osm_element": "https://www.openstreetmap.org/node/3301735173",
        "rejection_reason": "Capacity regex no match",
        "rejection_details": "Tag 'generator:output:electricity' has value '275 kW' which could not be parsed",
        "rejection_keywords": "275 kW",
        "timestamp": "2026-04-24T03:33:46.327612",
        "element_type": "node",
        "element_id": 3301735173,
        "country": "Mauritania",
        "unit_type": "generator"
      }
    },
    {
      "type": "Feature",
      "geometry": {
        "type": "Point",
        "coordinates": [
          -17.0541077,
          20.8486394
        ]
      },
      "properties": {
        "label": "Rejected node 3301735168",
        "type": "Capacity regex no match",
        "osm_element": "https://www.openstreetmap.org/node/3301735168",
        "rejection_reason": "Capacity regex no match",
        "rejection_details": "Tag 'generator:output:electricity' has value '275 kW' which could not be parsed",
        "rejection_keywords": "275 kW",
        "timestamp": "2026-04-24T03:33:46.327634",
        "element_type": "node",
        "element_id": 3301735168,
        "country": "Mauritania",
        "unit_type": "generator"
      }
    },
    {
      "type": "Feature",
      "geometry": {
        "type": "Point",
        "coordinates": [
          -17.055932,
          20.8486211
        ]
      },
      "properties": {
        "label": "Rejected node 3301735166",
        "type": "Capacity regex no match",
        "osm_element": "https://www.openstreetmap.org/node/3301735166",
        "rejection_reason": "Capacity regex no match",
        "rejection_details": "Tag 'generator:output:electricity' has value '275 kW' which could not be parsed",
        "rejection_keywords": "275 kW",
        "timestamp": "2026-04-24T03:33:46.327654",
        "element_type": "node",
        "element_id": 3301735166,
        "country": "Mauritania",
        "unit_type": "generator"
      }
    },
    {
      "type": "Feature",
      "geometry": {
        "type": "Point",
        "coordinates": [
          -17.0476371,
          20.8487125
        ]
      },
      "properties": {
        "label": "Rejected node 3301735175",
        "type": "Capacity regex no match",
        "osm_element": "https://www.openstreetmap.org/node/3301735175",
        "rejection_reason": "Capacity regex no match",
        "rejection_details": "Tag 'generator:output:electricity' has value '275 kW' which could not be parsed",
        "rejection_keywords": "275 kW",
        "timestamp": "2026-04-24T03:33:46.327674",
        "element_type": "node",
        "element_id": 3301735175,
        "country": "Mauritania",
        "unit_type": "generator"
      }
    },
    {
      "type": "Feature",
      "geometry": {
        "type": "Point",
        "coordinates": [
          -17.0522443,
          20.8486577
        ]
      },
      "properties": {
        "label": "Rejected node 3301735170",
        "type": "Capacity regex no match",
        "osm_element": "https://www.openstreetmap.org/node/3301735170",
        "rejection_reason": "Capacity regex no match",
        "rejection_details": "Tag 'generator:output:electricity' has value '275 kW' which could not be parsed",
        "rejection_keywords": "275 kW",
        "timestamp": "2026-04-24T03:33:46.327694",
        "element_type": "node",
        "element_id": 3301735170,
        "country": "Mauritania",
        "unit_type": "generator"
      }
    },
    {
      "type": "Feature",
      "geometry": {
        "type": "Point",
        "coordinates": [
          -17.0504053,
          20.8486531
        ]
      },
      "properties": {
        "label": "Rejected node 3301735172",
        "type": "Capacity regex no match",
        "osm_element": "https://www.openstreetmap.org/node/3301735172",
        "rejection_reason": "Capacity regex no match",
        "rejection_details": "Tag 'generator:output:electricity' has value '275 kW' which could not be parsed",
        "rejection_keywords": "275 kW",
        "timestamp": "2026-04-24T03:33:46.327714",
        "element_type": "node",
        "element_id": 3301735172,
        "country": "Mauritania",
        "unit_type": "generator"
      }
    },
    {
      "type": "Feature",
      "geometry": {
        "type": "Point",
        "coordinates": [
          -17.0485761,
          20.8486943
        ]
      },
      "properties": {
        "label": "Rejected node 3301735174",
        "type": "Capacity regex no match",
        "osm_element": "https://www.openstreetmap.org/node/3301735174",
        "rejection_reason": "Capacity regex no match",
        "rejection_details": "Tag 'generator:output:electricity' has value '275 kW' which could not be parsed",
        "rejection_keywords": "275 kW",
        "timestamp": "2026-04-24T03:33:46.327733",
        "element_type": "node",
        "element_id": 3301735174,
        "country": "Mauritania",
        "unit_type": "generator"
      }
    },
    {
      "type": "Feature",
      "geometry": {
        "type": "Point",
        "coordinates": [
          -17.0490612,
          20.8457781
        ]
      },
      "properties": {
        "label": "Rejected node 3301629100",
        "type": "Capacity regex no match",
        "osm_element": "https://www.openstreetmap.org/node/3301629100",
        "rejection_reason": "Capacity regex no match",
        "rejection_details": "Tag 'generator:output:electricity' has value '275 kW' which could not be parsed",
        "rejection_keywords": "275 kW",
        "timestamp": "2026-04-24T03:33:46.327752",
        "element_type": "node",
        "element_id": 3301629100,
        "country": "Mauritania",
        "unit_type": "generator"
      }
    },
    {
      "type": "Feature",
      "geometry": {
        "type": "Point",
        "coordinates": [
          -17.0508876,
          20.845745
        ]
      },
      "properties": {
        "label": "Rejected node 3301629102",
        "type": "Capacity regex no match",
        "osm_element": "https://www.openstreetmap.org/node/3301629102",
        "rejection_reason": "Capacity regex no match",
        "rejection_details": "Tag 'generator:output:electricity' has value '275 kW' which could not be parsed",
        "rejection_keywords": "275 kW",
        "timestamp": "2026-04-24T03:33:46.327771",
        "element_type": "node",
        "element_id": 3301629102,
        "country": "Mauritania",
        "unit_type": "generator"
      }
    },
    {
      "type": "Feature",
      "geometry": {
        "type": "Point",
        "coordinates": [
          -17.0481158,
          20.8457902
        ]
      },
      "properties": {
        "label": "Rejected node 3301629099",
        "type": "Capacity regex no match",
        "osm_element": "https://www.openstreetmap.org/node/3301629099",
        "rejection_reason": "Capacity regex no match",
        "rejection_details": "Tag 'generator:output:electricity' has value '275 kW' which could not be parsed",
        "rejection_keywords": "275 kW",
        "timestamp": "2026-04-24T03:33:46.327791",
        "element_type": "node",
        "element_id": 3301629099,
        "country": "Mauritania",
        "unit_type": "generator"
      }
    },
    {
      "type": "Feature",
      "geometry": {
        "type": "Point",
        "coordinates": [
          -17.0518201,
          20.845751
        ]
      },
      "properties": {
        "label": "Rejected node 3301629104",
        "type": "Capacity regex no match",
        "osm_element": "https://www.openstreetmap.org/node/3301629104",
        "rejection_reason": "Capacity regex no match",
        "rejection_details": "Tag 'generator:output:electricity' has value '275 kW' which could not be parsed",
        "rejection_keywords": "275 kW",
        "timestamp": "2026-04-24T03:33:46.327810",
        "element_type": "node",
        "element_id": 3301629104,
        "country": "Mauritania",
        "unit_type": "generator"
      }
    },
    {
      "type": "Feature",
      "geometry": {
        "type": "Point",
        "coordinates": [
          -17.049997,
          20.8457721
        ]
      },
      "properties": {
        "label": "Rejected node 3301629101",
        "type": "Capacity regex no match",
        "osm_element": "https://www.openstreetmap.org/node/3301629101",
        "rejection_reason": "Capacity regex no match",
        "rejection_details": "Tag 'generator:output:electricity' has value '275 kW' which could not be parsed",
        "rejection_keywords": "275 kW",
        "timestamp": "2026-04-24T03:33:46.327829",
        "element_type": "node",
        "element_id": 3301629101,
        "country": "Mauritania",
        "unit_type": "generator"
      }
    },
    {
      "type": "Feature",
      "geometry": {
        "type": "Point",
        "coordinates": [
          -17.0528849,
          20.8457389
        ]
      },
      "properties": {
        "label": "Rejected node 3301629103",
        "type": "Capacity regex no match",
        "osm_element": "https://www.openstreetmap.org/node/3301629103",
        "rejection_reason": "Capacity regex no match",
        "rejection_details": "Tag 'generator:output:electricity' has value '275 kW' which could not be parsed",
        "rejection_keywords": "275 kW",
        "timestamp": "2026-04-24T03:33:46.327847",
        "element_type": "node",
        "element_id": 3301629103,
        "country": "Mauritania",
        "unit_type": "generator"
      }
    },
    {
      "type": "Feature",
      "geometry": {
        "type": "Point",
        "coordinates": [
          -16.94666643725346,
          21.3333576681662
        ]
      },
      "properties": {
        "label": "Rejected relation 17775539",
        "type": "Missing output tag",
        "osm_element": "https://www.openstreetmap.org/relation/17775539",
        "rejection_reason": "Missing output tag",
        "rejection_details": "tags: {'plant:source': 'solar', 'power': 'plant', 'type': 'multipolygon'}",
        "rejection_keywords": "none",
        "timestamp": "2026-04-24T03:33:46.330113",
        "element_type": "relation",
        "element_id": 17775539,
        "country": "Mauritania",
        "unit_type": "plant"
      }
    },
    {
      "type": "Feature",
      "geometry": {
        "type": "Point",
        "coordinates": [
          -13.055640879090124,
          20.513599714616998
        ]
      },
      "properties": {
        "label": "Rejected way 221471951",
        "type": "Missing output tag",
        "osm_element": "https://www.openstreetmap.org/way/221471951",
        "rejection_reason": "Missing output tag",
        "rejection_details": "tags: {'addr:city': 'Atar أطار', 'addr:city:fr': 'Atar', 'name': \"Société Mauritanienne d'Électricité مركز الشركة الموريتـ ـانية للكهربـاء\", 'name:ar': 'مركز الشركة الموريتانية للكهربـاء', 'name:fr': \"Société Mauritanienne d'Électricité\", 'plant:source': 'oil', 'power': 'plant', 'short_name': 'SOMELEC'}",
        "rejection_keywords": "none",
        "timestamp": "2026-04-24T03:33:46.330738",
        "element_type": "way",
        "element_id": 221471951,
        "country": "Mauritania",
        "unit_type": "plant"
      }
    },
    {
      "type": "Feature",
      "geometry": {
        "type": "Point",
        "coordinates": [
          -16.012426050000002,
          20.38914505
        ]
      },
      "properties": {
        "label": "Rejected way 432087551",
        "type": "Missing output tag",
        "osm_element": "https://www.openstreetmap.org/way/432087551",
        "rejection_reason": "Missing output tag",
        "rejection_details": "tags: {'building': 'yes', 'plant:method': 'combustion', 'plant:source': 'oil', 'power': 'plant'}",
        "rejection_keywords": "none",
        "timestamp": "2026-04-24T03:33:46.332212",
        "element_type": "way",
        "element_id": 432087551,
        "country": "Mauritania",
        "unit_type": "plant"
      }
    },
    {
      "type": "Feature",
      "geometry": {
        "type": "Point",
        "coordinates": [
          -16.533202074891605,
          21.295313504773294
        ]
      },
      "properties": {
        "label": "Rejected way 552928639",
        "type": "Missing output tag",
        "osm_element": "https://www.openstreetmap.org/way/552928639",
        "rejection_reason": "Missing output tag",
        "rejection_details": "tags: {'addr:city': 'بو انوار', 'addr:city:ar': 'بو انوار', 'addr:city:fr': 'Boulenouar', 'barrier': 'wall', 'landuse': 'industrial', 'name': 'la station éolienne de Boulenouar محطة بولنوار لطاقة الرياح', 'name:ar': 'محطة بولنوار لطاقة الرياح', 'name:fr': 'la station éolienne de Boulenouar', 'operator': 'إلكنوار', 'operator:ar': 'إلكنوار', 'operator:fr': 'Elecnor', 'plant:source': 'solar', 'power': 'plant'}",
        "rejection_keywords": "none",
        "timestamp": "2026-04-24T03:33:46.332453",
        "element_type": "way",
        "element_id": 552928639,
        "country": "Mauritania",
        "unit_type": "plant"
      }
    },
    {
      "type": "Feature",
      "geometry": {
        "type": "Point",
        "coordinates": [
          -12.457907231374877,
          22.724033041586885
        ]
      },
      "properties": {
        "label": "Rejected way 652051624",
        "type": "Capacity placeholder value",
        "osm_element": "https://www.openstreetmap.org/way/652051624",
        "rejection_reason": "Capacity placeholder value",
        "rejection_details": "Tag 'plant:output:electricity' contains placeholder value 'yes' instead of actual capacity",
        "rejection_keywords": "yes",
        "timestamp": "2026-04-24T03:33:46.332644",
        "element_type": "way",
        "element_id": 652051624,
        "country": "Mauritania",
        "unit_type": "plant"
      }
    },
    {
      "type": "Feature",
      "geometry": {
        "type": "Point",
        "coordinates": [
          -11.507232901993405,
          16.66652265716683
        ]
      },
      "properties": {
        "label": "Rejected way 951446914",
        "type": "Capacity placeholder value",
        "osm_element": "https://www.openstreetmap.org/way/951446914",
        "rejection_reason": "Capacity placeholder value",
        "rejection_details": "Tag 'plant:output:electricity' contains placeholder value 'yes' instead of actual capacity",
        "rejection_keywords": "yes",
        "timestamp": "2026-04-24T03:33:46.333686",
        "element_type": "way",
        "element_id": 951446914,
        "country": "Mauritania",
        "unit_type": "plant"
      }
    },
    {
      "type": "Feature",
      "geometry": {
        "type": "Point",
        "coordinates": [
          -15.40154473551977,
          19.38786314943139
        ]
      },
      "properties": {
        "label": "Rejected way 965598163",
        "type": "Capacity placeholder value",
        "osm_element": "https://www.openstreetmap.org/way/965598163",
        "rejection_reason": "Capacity placeholder value",
        "rejection_details": "Tag 'plant:output:electricity' contains placeholder value 'yes' instead of actual capacity",
        "rejection_keywords": "yes",
        "timestamp": "2026-04-24T03:33:46.333847",
        "element_type": "way",
        "element_id": 965598163,
        "country": "Mauritania",
        "unit_type": "plant"
      }
    },
    {
      "type": "Feature",
      "geometry": {
        "type": "Point",
        "coordinates": [
          -15.973111000250187,
          18.293987774750235
        ]
      },
      "properties": {
        "label": "Rejected way 972568354",
        "type": "Capacity placeholder value",
        "osm_element": "https://www.openstreetmap.org/way/972568354",
        "rejection_reason": "Capacity placeholder value",
        "rejection_details": "Tag 'plant:output:electricity' contains placeholder value 'yes' instead of actual capacity",
        "rejection_keywords": "yes",
        "timestamp": "2026-04-24T03:33:46.334006",
        "element_type": "way",
        "element_id": 972568354,
        "country": "Mauritania",
        "unit_type": "plant"
      }
    },
    {
      "type": "Feature",
      "geometry": {
        "type": "Point",
        "coordinates": [
          -14.400509610218828,
          19.746442088591852
        ]
      },
      "properties": {
        "label": "Rejected way 973102288",
        "type": "Capacity placeholder value",
        "osm_element": "https://www.openstreetmap.org/way/973102288",
        "rejection_reason": "Capacity placeholder value",
        "rejection_details": "Tag 'plant:output:electricity' contains placeholder value 'yes' instead of actual capacity",
        "rejection_keywords": "yes",
        "timestamp": "2026-04-24T03:33:46.334181",
        "element_type": "way",
        "element_id": 973102288,
        "country": "Mauritania",
        "unit_type": "plant"
      }
    },
    {
      "type": "Feature",
      "geometry": {
        "type": "Point",
        "coordinates": [
          -12.86306383173065,
          15.32600345441998
        ]
      },
      "properties": {
        "label": "Rejected way 988085872",
        "type": "Missing source tag",
        "osm_element": "https://www.openstreetmap.org/way/988085872",
        "rejection_reason": "Missing source tag",
        "rejection_details": "tags: {'landuse': 'industrial', 'name': 'Sonalec', 'power': 'plant'}",
        "rejection_keywords": "none",
        "timestamp": "2026-04-24T03:33:46.334423",
        "element_type": "way",
        "element_id": 988085872,
        "country": "Mauritania",
        "unit_type": "plant"
      }
    },
    {
      "type": "Feature",
      "geometry": {
        "type": "Point",
        "coordinates": [
          -15.99014199484747,
          20.169676689441943
        ]
      },
      "properties": {
        "label": "Rejected way 1132463112",
        "type": "Capacity placeholder value",
        "osm_element": "https://www.openstreetmap.org/way/1132463112",
        "rejection_reason": "Capacity placeholder value",
        "rejection_details": "Tag 'plant:output:electricity' contains placeholder value 'yes' instead of actual capacity",
        "rejection_keywords": "yes",
        "timestamp": "2026-04-24T03:33:46.334651",
        "element_type": "way",
        "element_id": 1132463112,
        "country": "Mauritania",
        "unit_type": "plant"
      }
    },
    {
      "type": "Feature",
      "geometry": {
        "type": "Point",
        "coordinates": [
          -15.990688775198457,
          20.170870809649383
        ]
      },
      "properties": {
        "label": "Rejected way 1132463114",
        "type": "Capacity placeholder value",
        "osm_element": "https://www.openstreetmap.org/way/1132463114",
        "rejection_reason": "Capacity placeholder value",
        "rejection_details": "Tag 'plant:output:electricity' contains placeholder value 'yes' instead of actual capacity",
        "rejection_keywords": "yes",
        "timestamp": "2026-04-24T03:33:46.334820",
        "element_type": "way",
        "element_id": 1132463114,
        "country": "Mauritania",
        "unit_type": "plant"
      }
    },
    {
      "type": "Feature",
      "geometry": {
        "type": "Point",
        "coordinates": [
          -5.940870313969114,
          16.875451874988784
        ]
      },
      "properties": {
        "label": "Rejected way 1166257082",
        "type": "Capacity placeholder value",
        "osm_element": "https://www.openstreetmap.org/way/1166257082",
        "rejection_reason": "Capacity placeholder value",
        "rejection_details": "Tag 'plant:output:electricity' contains placeholder value 'yes' instead of actual capacity",
        "rejection_keywords": "yes",
        "timestamp": "2026-04-24T03:33:46.334980",
        "element_type": "way",
        "element_id": 1166257082,
        "country": "Mauritania",
        "unit_type": "plant"
      }
    },
    {
      "type": "Feature",
      "geometry": {
        "type": "Point",
        "coordinates": [
          -15.530409518382148,
          20.540032922124382
        ]
      },
      "properties": {
        "label": "Rejected way 1189002446",
        "type": "Missing source tag",
        "osm_element": "https://www.openstreetmap.org/way/1189002446",
        "rejection_reason": "Missing source tag",
        "rejection_details": "tags: {'landuse': 'industrial', 'name': 'Tasiat Mine Power Station', 'power': 'plant'}",
        "rejection_keywords": "none",
        "timestamp": "2026-04-24T03:33:46.335248",
        "element_type": "way",
        "element_id": 1189002446,
        "country": "Mauritania",
        "unit_type": "plant"
      }
    },
    {
      "type": "Feature",
      "geometry": {
        "type": "Point",
        "coordinates": [
          -7.287334555298204,
          16.598674281493146
        ]
      },
      "properties": {
        "label": "Rejected way 1215001079",
        "type": "Missing output tag",
        "osm_element": "https://www.openstreetmap.org/way/1215001079",
        "rejection_reason": "Missing output tag",
        "rejection_details": "tags: {'name': 'Centrale hybride de Néma en Mauritanie', 'plant:source': 'solar', 'power': 'plant'}",
        "rejection_keywords": "none",
        "timestamp": "2026-04-24T03:33:46.335421",
        "element_type": "way",
        "element_id": 1215001079,
        "country": "Mauritania",
        "unit_type": "plant"
      }
    },
    {
      "type": "Feature",
      "geometry": {
        "type": "Point",
        "coordinates": [
          -7.742807189584321,
          21.311330015239964
        ]
      },
      "properties": {
        "label": "Rejected way 1315995731",
        "type": "Capacity placeholder value",
        "osm_element": "https://www.openstreetmap.org/way/1315995731",
        "rejection_reason": "Capacity placeholder value",
        "rejection_details": "Tag 'plant:output:electricity' contains placeholder value 'yes' instead of actual capacity",
        "rejection_keywords": "yes",
        "timestamp": "2026-04-24T03:33:46.335595",
        "element_type": "way",
        "element_id": 1315995731,
        "country": "Mauritania",
        "unit_type": "plant"
      }
    },
    {
      "type": "Feature",
      "geometry": {
        "type": "Point",
        "coordinates": [
          -14.190060338528458,
          17.8078860763696
        ]
      },
      "properties": {
        "label": "Rejected way 1316663775",
        "type": "Capacity placeholder value",
        "osm_element": "https://www.openstreetmap.org/way/1316663775",
        "rejection_reason": "Capacity placeholder value",
        "rejection_details": "Tag 'plant:output:electricity' contains placeholder value 'yes' instead of actual capacity",
        "rejection_keywords": "yes",
        "timestamp": "2026-04-24T03:33:46.335749",
        "element_type": "way",
        "element_id": 1316663775,
        "country": "Mauritania",
        "unit_type": "plant"
      }
    },
    {
      "type": "Feature",
      "geometry": {
        "type": "Point",
        "coordinates": [
          -14.706865662720508,
          17.53307927886448
        ]
      },
      "properties": {
        "label": "Rejected way 1317948964",
        "type": "Capacity placeholder value",
        "osm_element": "https://www.openstreetmap.org/way/1317948964",
        "rejection_reason": "Capacity placeholder value",
        "rejection_details": "Tag 'plant:output:electricity' contains placeholder value 'yes' instead of actual capacity",
        "rejection_keywords": "yes",
        "timestamp": "2026-04-24T03:33:46.335937",
        "element_type": "way",
        "element_id": 1317948964,
        "country": "Mauritania",
        "unit_type": "plant"
      }
    },
    {
      "type": "Feature",
      "geometry": {
        "type": "Point",
        "coordinates": [
          -11.577807327099345,
          25.227072202407015
        ]
      },
      "properties": {
        "label": "Rejected way 1362826445",
        "type": "Capacity placeholder value",
        "osm_element": "https://www.openstreetmap.org/way/1362826445",
        "rejection_reason": "Capacity placeholder value",
        "rejection_details": "Tag 'plant:output:electricity' contains placeholder value 'yes' instead of actual capacity",
        "rejection_keywords": "yes",
        "timestamp": "2026-04-24T03:33:46.336092",
        "element_type": "way",
        "element_id": 1362826445,
        "country": "Mauritania",
        "unit_type": "plant"
      }
    },
    {
      "type": "Feature",
      "geometry": {
        "type": "Point",
        "coordinates": [
          -11.577803727099342,
          25.227015702407012
        ]
      },
      "properties": {
        "label": "Rejected way 1362826446",
        "type": "Capacity placeholder value",
        "osm_element": "https://www.openstreetmap.org/way/1362826446",
        "rejection_reason": "Capacity placeholder value",
        "rejection_details": "Tag 'plant:output:electricity' contains placeholder value 'yes' instead of actual capacity",
        "rejection_keywords": "yes",
        "timestamp": "2026-04-24T03:33:46.336271",
        "element_type": "way",
        "element_id": 1362826446,
        "country": "Mauritania",
        "unit_type": "plant"
      }
    },
    {
      "type": "Feature",
      "geometry": {
        "type": "Point",
        "coordinates": [
          -13.901256293154084,
          17.05674531924177
        ]
      },
      "properties": {
        "label": "Rejected way 1424146095",
        "type": "Missing output tag",
        "osm_element": "https://www.openstreetmap.org/way/1424146095",
        "rejection_reason": "Missing output tag",
        "rejection_details": "tags: {'plant:source': 'solar', 'power': 'plant'}",
        "rejection_keywords": "none",
        "timestamp": "2026-04-24T03:33:46.336440",
        "element_type": "way",
        "element_id": 1424146095,
        "country": "Mauritania",
        "unit_type": "plant"
      }
    },
    {
      "type": "Feature",
      "geometry": {
        "type": "Point",
        "coordinates": [
          -13.90079048268915,
          17.054559392028647
        ]
      },
      "properties": {
        "label": "Rejected way 1424146096",
        "type": "Missing output tag",
        "osm_element": "https://www.openstreetmap.org/way/1424146096",
        "rejection_reason": "Missing output tag",
        "rejection_details": "tags: {'plant:source': 'solar', 'power': 'plant'}",
        "rejection_keywords": "none",
        "timestamp": "2026-04-24T03:33:46.336614",
        "element_type": "way",
        "element_id": 1424146096,
        "country": "Mauritania",
        "unit_type": "plant"
      }
    },
    {
      "type": "Feature",
      "geometry": {
        "type": "Point",
        "coordinates": [
          -15.541586140607036,
          20.540790434391496
        ]
      },
      "properties": {
        "label": "Rejected way 1424668861",
        "type": "Missing output tag",
        "osm_element": "https://www.openstreetmap.org/way/1424668861",
        "rejection_reason": "Missing output tag",
        "rejection_details": "tags: {'plant:source': 'solar', 'power': 'plant'}",
        "rejection_keywords": "none",
        "timestamp": "2026-04-24T03:33:46.336809",
        "element_type": "way",
        "element_id": 1424668861,
        "country": "Mauritania",
        "unit_type": "plant"
      }
    },
    {
      "type": "Feature",
      "geometry": {
        "type": "Point",
        "coordinates": [
          -15.53173125897726,
          19.61064340252858
        ]
      },
      "properties": {
        "label": "Rejected way 1436096519",
        "type": "Capacity placeholder value",
        "osm_element": "https://www.openstreetmap.org/way/1436096519",
        "rejection_reason": "Capacity placeholder value",
        "rejection_details": "Tag 'plant:output:electricity' contains placeholder value 'yes' instead of actual capacity",
        "rejection_keywords": "yes",
        "timestamp": "2026-04-24T03:33:46.336976",
        "element_type": "way",
        "element_id": 1436096519,
        "country": "Mauritania",
        "unit_type": "plant"
      }
    },
    {
      "type": "Feature",
      "geometry": {
        "type": "Point",
        "coordinates": [
          -7.014756316785742,
          15.527655497087443
        ]
      },
      "properties": {
        "label": "Rejected way 1442128803",
        "type": "Missing output tag",
        "osm_element": "https://www.openstreetmap.org/way/1442128803",
        "rejection_reason": "Missing output tag",
        "rejection_details": "tags: {'plant:source': 'solar', 'power': 'plant'}",
        "rejection_keywords": "none",
        "timestamp": "2026-04-24T03:33:46.337147",
        "element_type": "way",
        "element_id": 1442128803,
        "country": "Mauritania",
        "unit_type": "plant"
      }
    },
    {
      "type": "Feature",
      "geometry": {
        "type": "Point",
        "coordinates": [
          -9.542768674906478,
          16.65215168974168
        ]
      },
      "properties": {
        "label": "Rejected way 1442128807",
        "type": "Missing output tag",
        "osm_element": "https://www.openstreetmap.org/way/1442128807",
        "rejection_reason": "Missing output tag",
        "rejection_details": "tags: {'plant:source': 'solar', 'power': 'plant'}",
        "rejection_keywords": "none",
        "timestamp": "2026-04-24T03:33:46.337364",
        "element_type": "way",
        "element_id": 1442128807,
        "country": "Mauritania",
        "unit_type": "plant"
      }
    },
    {
      "type": "Feature",
      "geometry": {
        "type": "Point",
        "coordinates": [
          7.090254856304982,
          13.515452316372656
        ]
      },
      "properties": {
        "label": "Rejected way 525145527",
        "type": "Missing source tag",
        "osm_element": "https://www.openstreetmap.org/way/525145527",
        "rejection_reason": "Missing source tag",
        "rejection_details": "tags: {'landuse': 'industrial', 'name': 'Maradi power plant', 'power': 'plant', 'source': 'Mapbox'}",
        "rejection_keywords": "none",
        "timestamp": "2026-04-24T03:36:45.409602",
        "element_type": "way",
        "element_id": 525145527,
        "country": "Niger",
        "unit_type": "plant"
      }
    },
    {
      "type": "Feature",
      "geometry": {
        "type": "Point",
        "coordinates": [
          0.9243780851847015,
          14.725035474788935
        ]
      },
      "properties": {
        "label": "Rejected way 535372029",
        "type": "Missing source tag",
        "osm_element": "https://www.openstreetmap.org/way/535372029",
        "rejection_reason": "Missing source tag",
        "rejection_details": "tags: {'landuse': 'industrial', 'operator': 'Public', 'plant:output:electricity': 'yes', 'power': 'plant'}",
        "rejection_keywords": "none",
        "timestamp": "2026-04-24T03:36:45.409770",
        "element_type": "way",
        "element_id": 535372029,
        "country": "Niger",
        "unit_type": "plant"
      }
    },
    {
      "type": "Feature",
      "geometry": {
        "type": "Point",
        "coordinates": [
          4.096576725271915,
          13.240748632572537
        ]
      },
      "properties": {
        "label": "Rejected way 997677873",
        "type": "Capacity placeholder value",
        "osm_element": "https://www.openstreetmap.org/way/997677873",
        "rejection_reason": "Capacity placeholder value",
        "rejection_details": "Tag 'plant:output:electricity' contains placeholder value 'yes' instead of actual capacity",
        "rejection_keywords": "yes",
        "timestamp": "2026-04-24T03:36:45.411255",
        "element_type": "way",
        "element_id": 997677873,
        "country": "Niger",
        "unit_type": "plant"
      }
    },
    {
      "type": "Feature",
      "geometry": {
        "type": "Point",
        "coordinates": [
          8.41796153770017,
          19.070588487982818
        ]
      },
      "properties": {
        "label": "Rejected way 1169132956",
        "type": "Capacity regex no match",
        "osm_element": "https://www.openstreetmap.org/way/1169132956",
        "rejection_reason": "Capacity regex no match",
        "rejection_details": "Tag 'plant:output:electricity' has value '360kW' which could not be parsed",
        "rejection_keywords": "360kW",
        "timestamp": "2026-04-24T03:36:45.411689",
        "element_type": "way",
        "element_id": 1169132956,
        "country": "Niger",
        "unit_type": "plant"
      }
    },
    {
      "type": "Feature",
      "geometry": {
        "type": "Point",
        "coordinates": [
          2.173432075956043,
          13.471001690041989
        ]
      },
      "properties": {
        "label": "Rejected way 1193945218",
        "type": "Missing output tag",
        "osm_element": "https://www.openstreetmap.org/way/1193945218",
        "rejection_reason": "Missing output tag",
        "rejection_details": "tags: {'plant:source': 'solar', 'power': 'plant'}",
        "rejection_keywords": "none",
        "timestamp": "2026-04-24T03:36:45.412213",
        "element_type": "way",
        "element_id": 1193945218,
        "country": "Niger",
        "unit_type": "plant"
      }
    },
    {
      "type": "Feature",
      "geometry": {
        "type": "Point",
        "coordinates": [
          8.791973360183086,
          18.115641681762728
        ]
      },
      "properties": {
        "label": "Rejected way 1246173329",
        "type": "Missing source tag",
        "osm_element": "https://www.openstreetmap.org/way/1246173329",
        "rejection_reason": "Missing source tag",
        "rejection_details": "tags: {'landuse': 'industrial', 'name': 'Centrale hybride de Timia', 'power': 'plant'}",
        "rejection_keywords": "none",
        "timestamp": "2026-04-24T03:36:45.412569",
        "element_type": "way",
        "element_id": 1246173329,
        "country": "Niger",
        "unit_type": "plant"
      }
    },
    {
      "type": "Feature",
      "geometry": {
        "type": "Point",
        "coordinates": [
          5.512940499960068,
          13.955703123543207
        ]
      },
      "properties": {
        "label": "Rejected way 1284561222",
        "type": "Missing output tag",
        "osm_element": "https://www.openstreetmap.org/way/1284561222",
        "rejection_reason": "Missing output tag",
        "rejection_details": "tags: {'landuse': 'industrial', 'name': 'Malbaza', 'operator': 'NIGELEC', 'plant:source': 'diesel', 'power': 'plant'}",
        "rejection_keywords": "none",
        "timestamp": "2026-04-24T03:36:45.412756",
        "element_type": "way",
        "element_id": 1284561222,
        "country": "Niger",
        "unit_type": "plant"
      }
    },
    {
      "type": "Feature",
      "geometry": {
        "type": "Point",
        "coordinates": [
          4.0517016,
          13.6396424
        ]
      },
      "properties": {
        "label": "Rejected node 4959326419",
        "type": "Missing source tag",
        "osm_element": "https://www.openstreetmap.org/node/4959326419",
        "rejection_reason": "Missing source tag",
        "rejection_details": "tags: {'name': \"Centrale d'électricité Nigelec Doutchi\", 'power': 'plant'}",
        "rejection_keywords": "none",
        "timestamp": "2026-04-24T03:36:45.412824",
        "element_type": "node",
        "element_id": 4959326419,
        "country": "Niger",
        "unit_type": "plant"
      }
    },
    {
      "type": "Feature",
      "geometry": {
        "type": "Point",
        "coordinates": [
          -12.299217664099896,
          12.078455731844413
        ]
      },
      "properties": {
        "label": "Rejected way 521101524",
        "type": "Missing source tag",
        "osm_element": "https://www.openstreetmap.org/way/521101524",
        "rejection_reason": "Missing source tag",
        "rejection_details": "tags: {'landuse': 'industrial', 'power': 'plant'}",
        "rejection_keywords": "none",
        "timestamp": "2026-04-24T03:37:08.893989",
        "element_type": "way",
        "element_id": 521101524,
        "country": "Guinea",
        "unit_type": "plant"
      }
    },
    {
      "type": "Feature",
      "geometry": {
        "type": "Point",
        "coordinates": [
          -12.299740033411682,
          12.078426399311512
        ]
      },
      "properties": {
        "label": "Rejected way 521104954",
        "type": "Missing source tag",
        "osm_element": "https://www.openstreetmap.org/way/521104954",
        "rejection_reason": "Missing source tag",
        "rejection_details": "tags: {'landuse': 'industrial', 'power': 'plant'}",
        "rejection_keywords": "none",
        "timestamp": "2026-04-24T03:37:08.894149",
        "element_type": "way",
        "element_id": 521104954,
        "country": "Guinea",
        "unit_type": "plant"
      }
    },
    {
      "type": "Feature",
      "geometry": {
        "type": "Point",
        "coordinates": [
          -12.300672822726861,
          12.07835735733797
        ]
      },
      "properties": {
        "label": "Rejected way 521104958",
        "type": "Missing source tag",
        "osm_element": "https://www.openstreetmap.org/way/521104958",
        "rejection_reason": "Missing source tag",
        "rejection_details": "tags: {'landuse': 'industrial', 'power': 'plant'}",
        "rejection_keywords": "none",
        "timestamp": "2026-04-24T03:37:08.894337",
        "element_type": "way",
        "element_id": 521104958,
        "country": "Guinea",
        "unit_type": "plant"
      }
    },
    {
      "type": "Feature",
      "geometry": {
        "type": "Point",
        "coordinates": [
          -14.563838499999997,
          10.6510531
        ]
      },
      "properties": {
        "label": "Rejected way 636909284",
        "type": "Capacity placeholder value",
        "osm_element": "https://www.openstreetmap.org/way/636909284",
        "rejection_reason": "Capacity placeholder value",
        "rejection_details": "Tag 'plant:output:electricity' contains placeholder value 'yes' instead of actual capacity",
        "rejection_keywords": "yes",
        "timestamp": "2026-04-24T03:37:08.894913",
        "element_type": "way",
        "element_id": 636909284,
        "country": "Guinea",
        "unit_type": "plant"
      }
    },
    {
      "type": "Feature",
      "geometry": {
        "type": "Point",
        "coordinates": [
          -11.170203828737918,
          10.72896933429139
        ]
      },
      "properties": {
        "label": "Rejected way 1209239658",
        "type": "Capacity placeholder value",
        "osm_element": "https://www.openstreetmap.org/way/1209239658",
        "rejection_reason": "Capacity placeholder value",
        "rejection_details": "Tag 'plant:output:electricity' contains placeholder value 'yes' instead of actual capacity",
        "rejection_keywords": "yes",
        "timestamp": "2026-04-24T03:37:08.896054",
        "element_type": "way",
        "element_id": 1209239658,
        "country": "Guinea",
        "unit_type": "plant"
      }
    },
    {
      "type": "Feature",
      "geometry": {
        "type": "Point",
        "coordinates": [
          -10.051204276754088,
          11.747301354988993
        ]
      },
      "properties": {
        "label": "Rejected way 1292852358",
        "type": "Capacity regex no match",
        "osm_element": "https://www.openstreetmap.org/way/1292852358",
        "rejection_reason": "Capacity regex no match",
        "rejection_details": "Tag 'plant:output:electricity' has value '33 Mw' which could not be parsed",
        "rejection_keywords": "33 Mw",
        "timestamp": "2026-04-24T03:37:08.896458",
        "element_type": "way",
        "element_id": 1292852358,
        "country": "Guinea",
        "unit_type": "plant"
      }
    },
    {
      "type": "Feature",
      "geometry": {
        "type": "Point",
        "coordinates": [
          -10.048131703818866,
          11.749630178418329
        ]
      },
      "properties": {
        "label": "Rejected way 1292852359",
        "type": "Capacity placeholder value",
        "osm_element": "https://www.openstreetmap.org/way/1292852359",
        "rejection_reason": "Capacity placeholder value",
        "rejection_details": "Tag 'plant:output:electricity' contains placeholder value 'yes' instead of actual capacity",
        "rejection_keywords": "yes",
        "timestamp": "2026-04-24T03:37:08.896627",
        "element_type": "way",
        "element_id": 1292852359,
        "country": "Guinea",
        "unit_type": "plant"
      }
    },
    {
      "type": "Feature",
      "geometry": {
        "type": "Point",
        "coordinates": [
          -11.1700087,
          10.7290784
        ]
      },
      "properties": {
        "label": "Rejected node 10673410433",
        "type": "Missing source tag",
        "osm_element": "https://www.openstreetmap.org/node/10673410433",
        "rejection_reason": "Missing source tag",
        "rejection_details": "tags: {'name': 'Barrage Tinkisso', 'power': 'plant'}",
        "rejection_keywords": "none",
        "timestamp": "2026-04-24T03:37:08.896682",
        "element_type": "node",
        "element_id": 10673410433,
        "country": "Guinea",
        "unit_type": "plant"
      }
    },
    {
      "type": "Feature",
      "geometry": {
        "type": "Point",
        "coordinates": [
          8.681138950680056,
          9.389753309398852
        ]
      },
      "properties": {
        "label": "Rejected way 571298390",
        "type": "Capacity placeholder value",
        "osm_element": "https://www.openstreetmap.org/way/571298390",
        "rejection_reason": "Capacity placeholder value",
        "rejection_details": "Tag 'plant:output:electricity' contains placeholder value 'yes' instead of actual capacity",
        "rejection_keywords": "yes",
        "timestamp": "2026-04-24T03:37:16.516138",
        "element_type": "way",
        "element_id": 571298390,
        "country": "Nigeria",
        "unit_type": "plant"
      }
    },
    {
      "type": "Feature",
      "geometry": {
        "type": "Point",
        "coordinates": [
          5.948286740029433,
          4.724481183282476
        ]
      },
      "properties": {
        "label": "Rejected way 754858559",
        "type": "Missing source tag",
        "osm_element": "https://www.openstreetmap.org/way/754858559",
        "rejection_reason": "Missing source tag",
        "rejection_details": "tags: {'name': 'Community Power Plant', 'power': 'plant'}",
        "rejection_keywords": "none",
        "timestamp": "2026-04-24T03:37:16.518199",
        "element_type": "way",
        "element_id": 754858559,
        "country": "Nigeria",
        "unit_type": "plant"
      }
    },
    {
      "type": "Feature",
      "geometry": {
        "type": "Point",
        "coordinates": [
          5.1343946850039845,
          7.302453501637209
        ]
      },
      "properties": {
        "label": "Rejected way 794643818",
        "type": "Missing source tag",
        "osm_element": "https://www.openstreetmap.org/way/794643818",
        "rejection_reason": "Missing source tag",
        "rejection_details": "tags: {'power': 'plant'}",
        "rejection_keywords": "none",
        "timestamp": "2026-04-24T03:37:16.518388",
        "element_type": "way",
        "element_id": 794643818,
        "country": "Nigeria",
        "unit_type": "plant"
      }
    },
    {
      "type": "Feature",
      "geometry": {
        "type": "Point",
        "coordinates": [
          3.0509054221335554,
          7.009221888791408
        ]
      },
      "properties": {
        "label": "Rejected way 945308310",
        "type": "Missing source tag",
        "osm_element": "https://www.openstreetmap.org/way/945308310",
        "rejection_reason": "Missing source tag",
        "rejection_details": "tags: {'landuse': 'industrial', 'name': 'Dangote Ibese Cement Power Station', 'power': 'plant'}",
        "rejection_keywords": "none",
        "timestamp": "2026-04-24T03:37:16.522846",
        "element_type": "way",
        "element_id": 945308310,
        "country": "Nigeria",
        "unit_type": "plant"
      }
    },
    {
      "type": "Feature",
      "geometry": {
        "type": "Point",
        "coordinates": [
          7.103033464754878,
          4.835453560174307
        ]
      },
      "properties": {
        "label": "Rejected way 965463944",
        "type": "Missing source tag",
        "osm_element": "https://www.openstreetmap.org/way/965463944",
        "rejection_reason": "Missing source tag",
        "rejection_details": "tags: {'landuse': 'industrial', 'name': 'Indorama Eleme Petrochemicals Power Station', 'power': 'plant', 'source': 'https://www.indoramaeleme.com/'}",
        "rejection_keywords": "none",
        "timestamp": "2026-04-24T03:37:16.523058",
        "element_type": "way",
        "element_id": 965463944,
        "country": "Nigeria",
        "unit_type": "plant"
      }
    },
    {
      "type": "Feature",
      "geometry": {
        "type": "Point",
        "coordinates": [
          7.36134477838666,
          8.964998107176799
        ]
      },
      "properties": {
        "label": "Rejected way 1035459352",
        "type": "Capacity placeholder value",
        "osm_element": "https://www.openstreetmap.org/way/1035459352",
        "rejection_reason": "Capacity placeholder value",
        "rejection_details": "Tag 'plant:output:electricity' contains placeholder value 'yes' instead of actual capacity",
        "rejection_keywords": "yes",
        "timestamp": "2026-04-24T03:37:16.523251",
        "element_type": "way",
        "element_id": 1035459352,
        "country": "Nigeria",
        "unit_type": "plant"
      }
    },
    {
      "type": "Feature",
      "geometry": {
        "type": "Point",
        "coordinates": [
          6.26815434070022,
          4.90503663688992
        ]
      },
      "properties": {
        "label": "Rejected way 1120416964",
        "type": "Capacity placeholder value",
        "osm_element": "https://www.openstreetmap.org/way/1120416964",
        "rejection_reason": "Capacity placeholder value",
        "rejection_details": "Tag 'plant:output:electricity' contains placeholder value 'yes' instead of actual capacity",
        "rejection_keywords": "yes",
        "timestamp": "2026-04-24T03:37:16.523461",
        "element_type": "way",
        "element_id": 1120416964,
        "country": "Nigeria",
        "unit_type": "plant"
      }
    },
    {
      "type": "Feature",
      "geometry": {
        "type": "Point",
        "coordinates": [
          6.687174515701954,
          7.497856369253123
        ]
      },
      "properties": {
        "label": "Rejected way 1138971165",
        "type": "Missing source tag",
        "osm_element": "https://www.openstreetmap.org/way/1138971165",
        "rejection_reason": "Missing source tag",
        "rejection_details": "tags: {'landuse': 'industrial', 'name': 'Ajaokuta Power Plant', 'operator': 'Ajaokuta Steel Company Ltd (ASCL)', 'power': 'plant', 'source': 'https://www.thecable.ng/110mw-ajaokuta-power-plant-to-come-alive-again'}",
        "rejection_keywords": "none",
        "timestamp": "2026-04-24T03:37:16.524876",
        "element_type": "way",
        "element_id": 1138971165,
        "country": "Nigeria",
        "unit_type": "plant"
      }
    },
    {
      "type": "Feature",
      "geometry": {
        "type": "Point",
        "coordinates": [
          7.4281924463545925,
          9.018408133642604
        ]
      },
      "properties": {
        "label": "Rejected way 1207250001",
        "type": "Capacity placeholder value",
        "osm_element": "https://www.openstreetmap.org/way/1207250001",
        "rejection_reason": "Capacity placeholder value",
        "rejection_details": "Tag 'plant:output:electricity' contains placeholder value 'yes' instead of actual capacity",
        "rejection_keywords": "yes",
        "timestamp": "2026-04-24T03:37:16.525284",
        "element_type": "way",
        "element_id": 1207250001,
        "country": "Nigeria",
        "unit_type": "plant"
      }
    },
    {
      "type": "Feature",
      "geometry": {
        "type": "Point",
        "coordinates": [
          5.208389311176906,
          13.12637098815095
        ]
      },
      "properties": {
        "label": "Rejected way 1288133298",
        "type": "Capacity placeholder value",
        "osm_element": "https://www.openstreetmap.org/way/1288133298",
        "rejection_reason": "Capacity placeholder value",
        "rejection_details": "Tag 'plant:output:electricity' contains placeholder value 'yes' instead of actual capacity",
        "rejection_keywords": "yes",
        "timestamp": "2026-04-24T03:37:16.526170",
        "element_type": "way",
        "element_id": 1288133298,
        "country": "Nigeria",
        "unit_type": "plant"
      }
    },
    {
      "type": "Feature",
      "geometry": {
        "type": "Point",
        "coordinates": [
          5.208390505593356,
          13.126575621353968
        ]
      },
      "properties": {
        "label": "Rejected way 1288133299",
        "type": "Missing source tag",
        "osm_element": "https://www.openstreetmap.org/way/1288133299",
        "rejection_reason": "Missing source tag",
        "rejection_details": "tags: {'landuse': 'industrial', 'name': 'Usmanu Danfodiyo University', 'power': 'plant'}",
        "rejection_keywords": "none",
        "timestamp": "2026-04-24T03:37:16.526363",
        "element_type": "way",
        "element_id": 1288133299,
        "country": "Nigeria",
        "unit_type": "plant"
      }
    },
    {
      "type": "Feature",
      "geometry": {
        "type": "Point",
        "coordinates": [
          8.864545050379684,
          9.784988541714078
        ]
      },
      "properties": {
        "label": "Rejected way 1288148290",
        "type": "Missing source tag",
        "osm_element": "https://www.openstreetmap.org/way/1288148290",
        "rejection_reason": "Missing source tag",
        "rejection_details": "tags: {'landuse': 'industrial', 'name': 'Bukuru Power Station', 'operator': 'NESCO', 'power': 'plant'}",
        "rejection_keywords": "none",
        "timestamp": "2026-04-24T03:37:16.527267",
        "element_type": "way",
        "element_id": 1288148290,
        "country": "Nigeria",
        "unit_type": "plant"
      }
    },
    {
      "type": "Feature",
      "geometry": {
        "type": "Point",
        "coordinates": [
          8.722526989946887,
          9.408242432402849
        ]
      },
      "properties": {
        "label": "Rejected way 1288150633",
        "type": "Capacity placeholder value",
        "osm_element": "https://www.openstreetmap.org/way/1288150633",
        "rejection_reason": "Capacity placeholder value",
        "rejection_details": "Tag 'plant:output:electricity' contains placeholder value 'yes' instead of actual capacity",
        "rejection_keywords": "yes",
        "timestamp": "2026-04-24T03:37:16.527455",
        "element_type": "way",
        "element_id": 1288150633,
        "country": "Nigeria",
        "unit_type": "plant"
      }
    },
    {
      "type": "Feature",
      "geometry": {
        "type": "Point",
        "coordinates": [
          8.67612954535592,
          9.383732215004311
        ]
      },
      "properties": {
        "label": "Rejected way 1288150638",
        "type": "Capacity placeholder value",
        "osm_element": "https://www.openstreetmap.org/way/1288150638",
        "rejection_reason": "Capacity placeholder value",
        "rejection_details": "Tag 'plant:output:electricity' contains placeholder value 'yes' instead of actual capacity",
        "rejection_keywords": "yes",
        "timestamp": "2026-04-24T03:37:16.527624",
        "element_type": "way",
        "element_id": 1288150638,
        "country": "Nigeria",
        "unit_type": "plant"
      }
    },
    {
      "type": "Feature",
      "geometry": {
        "type": "Point",
        "coordinates": [
          8.758777414268337,
          9.360297294554423
        ]
      },
      "properties": {
        "label": "Rejected way 1288152647",
        "type": "Capacity placeholder value",
        "osm_element": "https://www.openstreetmap.org/way/1288152647",
        "rejection_reason": "Capacity placeholder value",
        "rejection_details": "Tag 'plant:output:electricity' contains placeholder value 'yes' instead of actual capacity",
        "rejection_keywords": "yes",
        "timestamp": "2026-04-24T03:37:16.527813",
        "element_type": "way",
        "element_id": 1288152647,
        "country": "Nigeria",
        "unit_type": "plant"
      }
    },
    {
      "type": "Feature",
      "geometry": {
        "type": "Point",
        "coordinates": [
          8.739829622337535,
          9.362169814125828
        ]
      },
      "properties": {
        "label": "Rejected way 1288153391",
        "type": "Capacity placeholder value",
        "osm_element": "https://www.openstreetmap.org/way/1288153391",
        "rejection_reason": "Capacity placeholder value",
        "rejection_details": "Tag 'plant:output:electricity' contains placeholder value 'yes' instead of actual capacity",
        "rejection_keywords": "yes",
        "timestamp": "2026-04-24T03:37:16.528006",
        "element_type": "way",
        "element_id": 1288153391,
        "country": "Nigeria",
        "unit_type": "plant"
      }
    },
    {
      "type": "Feature",
      "geometry": {
        "type": "Point",
        "coordinates": [
          3.3800481380482115,
          6.468599997539643
        ]
      },
      "properties": {
        "label": "Rejected way 1288645211",
        "type": "Missing source tag",
        "osm_element": "https://www.openstreetmap.org/way/1288645211",
        "rejection_reason": "Missing source tag",
        "rejection_details": "tags: {'landuse': 'industrial', 'power': 'plant'}",
        "rejection_keywords": "none",
        "timestamp": "2026-04-24T03:37:16.528192",
        "element_type": "way",
        "element_id": 1288645211,
        "country": "Nigeria",
        "unit_type": "plant"
      }
    },
    {
      "type": "Feature",
      "geometry": {
        "type": "Point",
        "coordinates": [
          3.3795538472110453,
          6.467059018096282
        ]
      },
      "properties": {
        "label": "Rejected way 1288645213",
        "type": "Capacity placeholder value",
        "osm_element": "https://www.openstreetmap.org/way/1288645213",
        "rejection_reason": "Capacity placeholder value",
        "rejection_details": "Tag 'plant:output:electricity' contains placeholder value 'yes' instead of actual capacity",
        "rejection_keywords": "yes",
        "timestamp": "2026-04-24T03:37:16.528526",
        "element_type": "way",
        "element_id": 1288645213,
        "country": "Nigeria",
        "unit_type": "plant"
      }
    },
    {
      "type": "Feature",
      "geometry": {
        "type": "Point",
        "coordinates": [
          3.3840057410654887,
          6.886403767142497
        ]
      },
      "properties": {
        "label": "Rejected way 1289160532",
        "type": "Capacity regex no match",
        "osm_element": "https://www.openstreetmap.org/way/1289160532",
        "rejection_reason": "Capacity regex no match",
        "rejection_details": "Tag 'plant:output:electricity' has value '185kW' which could not be parsed",
        "rejection_keywords": "185kW",
        "timestamp": "2026-04-24T03:37:16.529035",
        "element_type": "way",
        "element_id": 1289160532,
        "country": "Nigeria",
        "unit_type": "plant"
      }
    },
    {
      "type": "Feature",
      "geometry": {
        "type": "Point",
        "coordinates": [
          7.361540530135162,
          8.807927237496243
        ]
      },
      "properties": {
        "label": "Rejected way 1290093314",
        "type": "Capacity placeholder value",
        "osm_element": "https://www.openstreetmap.org/way/1290093314",
        "rejection_reason": "Capacity placeholder value",
        "rejection_details": "Tag 'plant:output:electricity' contains placeholder value 'yes' instead of actual capacity",
        "rejection_keywords": "yes",
        "timestamp": "2026-04-24T03:37:16.529240",
        "element_type": "way",
        "element_id": 1290093314,
        "country": "Nigeria",
        "unit_type": "plant"
      }
    },
    {
      "type": "Feature",
      "geometry": {
        "type": "Point",
        "coordinates": [
          7.358953357475838,
          8.806736062659084
        ]
      },
      "properties": {
        "label": "Rejected way 1290093350",
        "type": "Capacity placeholder value",
        "osm_element": "https://www.openstreetmap.org/way/1290093350",
        "rejection_reason": "Capacity placeholder value",
        "rejection_details": "Tag 'plant:output:electricity' contains placeholder value 'yes' instead of actual capacity",
        "rejection_keywords": "yes",
        "timestamp": "2026-04-24T03:37:16.529409",
        "element_type": "way",
        "element_id": 1290093350,
        "country": "Nigeria",
        "unit_type": "plant"
      }
    },
    {
      "type": "Feature",
      "geometry": {
        "type": "Point",
        "coordinates": [
          13.913392232033694,
          12.042832404092692
        ]
      },
      "properties": {
        "label": "Rejected way 1290345511",
        "type": "Capacity placeholder value",
        "osm_element": "https://www.openstreetmap.org/way/1290345511",
        "rejection_reason": "Capacity placeholder value",
        "rejection_details": "Tag 'plant:output:electricity' contains placeholder value 'yes' instead of actual capacity",
        "rejection_keywords": "yes",
        "timestamp": "2026-04-24T03:37:16.529570",
        "element_type": "way",
        "element_id": 1290345511,
        "country": "Nigeria",
        "unit_type": "plant"
      }
    },
    {
      "type": "Feature",
      "geometry": {
        "type": "Point",
        "coordinates": [
          13.862839492722232,
          12.261911764831487
        ]
      },
      "properties": {
        "label": "Rejected way 1290345520",
        "type": "Missing source tag",
        "osm_element": "https://www.openstreetmap.org/way/1290345520",
        "rejection_reason": "Missing source tag",
        "rejection_details": "tags: {'landuse': 'industrial', 'power': 'plant'}",
        "rejection_keywords": "none",
        "timestamp": "2026-04-24T03:37:16.529723",
        "element_type": "way",
        "element_id": 1290345520,
        "country": "Nigeria",
        "unit_type": "plant"
      }
    },
    {
      "type": "Feature",
      "geometry": {
        "type": "Point",
        "coordinates": [
          13.86269144280043,
          12.261713320055147
        ]
      },
      "properties": {
        "label": "Rejected way 1290345521",
        "type": "Capacity placeholder value",
        "osm_element": "https://www.openstreetmap.org/way/1290345521",
        "rejection_reason": "Capacity placeholder value",
        "rejection_details": "Tag 'plant:output:electricity' contains placeholder value 'yes' instead of actual capacity",
        "rejection_keywords": "yes",
        "timestamp": "2026-04-24T03:37:16.529933",
        "element_type": "way",
        "element_id": 1290345521,
        "country": "Nigeria",
        "unit_type": "plant"
      }
    },
    {
      "type": "Feature",
      "geometry": {
        "type": "Point",
        "coordinates": [
          6.182685433243269,
          12.512063839905418
        ]
      },
      "properties": {
        "label": "Rejected way 1324578576",
        "type": "Capacity placeholder value",
        "osm_element": "https://www.openstreetmap.org/way/1324578576",
        "rejection_reason": "Capacity placeholder value",
        "rejection_details": "Tag 'plant:output:electricity' contains placeholder value 'yes' instead of actual capacity",
        "rejection_keywords": "yes",
        "timestamp": "2026-04-24T03:37:16.531433",
        "element_type": "way",
        "element_id": 1324578576,
        "country": "Nigeria",
        "unit_type": "plant"
      }
    },
    {
      "type": "Feature",
      "geometry": {
        "type": "Point",
        "coordinates": [
          7.223970664684885,
          9.296698260700856
        ]
      },
      "properties": {
        "label": "Rejected way 1373287628",
        "type": "Missing output tag",
        "osm_element": "https://www.openstreetmap.org/way/1373287628",
        "rejection_reason": "Missing output tag",
        "rejection_details": "tags: {'plant:source': 'solar', 'power': 'plant'}",
        "rejection_keywords": "none",
        "timestamp": "2026-04-24T03:37:16.531614",
        "element_type": "way",
        "element_id": 1373287628,
        "country": "Nigeria",
        "unit_type": "plant"
      }
    },
    {
      "type": "Feature",
      "geometry": {
        "type": "Point",
        "coordinates": [
          7.500016950000001,
          9.02558195
        ]
      },
      "properties": {
        "label": "Rejected way 1383544943",
        "type": "Missing source tag",
        "osm_element": "https://www.openstreetmap.org/way/1383544943",
        "rejection_reason": "Missing source tag",
        "rejection_details": "tags: {'landuse': 'industrial', 'power': 'plant'}",
        "rejection_keywords": "none",
        "timestamp": "2026-04-24T03:37:16.531784",
        "element_type": "way",
        "element_id": 1383544943,
        "country": "Nigeria",
        "unit_type": "plant"
      }
    },
    {
      "type": "Feature",
      "geometry": {
        "type": "Point",
        "coordinates": [
          6.919602254975547,
          4.901925339946862
        ]
      },
      "properties": {
        "label": "Rejected way 1394913576",
        "type": "Capacity placeholder value",
        "osm_element": "https://www.openstreetmap.org/way/1394913576",
        "rejection_reason": "Capacity placeholder value",
        "rejection_details": "Tag 'plant:output:electricity' contains placeholder value 'yes' instead of actual capacity",
        "rejection_keywords": "yes",
        "timestamp": "2026-04-24T03:37:16.531942",
        "element_type": "way",
        "element_id": 1394913576,
        "country": "Nigeria",
        "unit_type": "plant"
      }
    },
    {
      "type": "Feature",
      "geometry": {
        "type": "Point",
        "coordinates": [
          9.837178823415028,
          10.47630710102792
        ]
      },
      "properties": {
        "label": "Rejected way 1395052247",
        "type": "Missing output tag",
        "osm_element": "https://www.openstreetmap.org/way/1395052247",
        "rejection_reason": "Missing output tag",
        "rejection_details": "tags: {'plant:source': 'solar', 'power': 'plant'}",
        "rejection_keywords": "none",
        "timestamp": "2026-04-24T03:37:16.532133",
        "element_type": "way",
        "element_id": 1395052247,
        "country": "Nigeria",
        "unit_type": "plant"
      }
    },
    {
      "type": "Feature",
      "geometry": {
        "type": "Point",
        "coordinates": [
          8.407325820170856,
          11.46461188071962
        ]
      },
      "properties": {
        "label": "Rejected way 1424093398",
        "type": "Missing output tag",
        "osm_element": "https://www.openstreetmap.org/way/1424093398",
        "rejection_reason": "Missing output tag",
        "rejection_details": "tags: {'name': 'Kano State Power Plant', 'plant:source': 'hydro', 'power': 'plant'}",
        "rejection_keywords": "none",
        "timestamp": "2026-04-24T03:37:16.532345",
        "element_type": "way",
        "element_id": 1424093398,
        "country": "Nigeria",
        "unit_type": "plant"
      }
    },
    {
      "type": "Feature",
      "geometry": {
        "type": "Point",
        "coordinates": [
          7.407975501921628,
          9.00478043411081
        ]
      },
      "properties": {
        "label": "Rejected way 1424428168",
        "type": "Missing output tag",
        "osm_element": "https://www.openstreetmap.org/way/1424428168",
        "rejection_reason": "Missing output tag",
        "rejection_details": "tags: {'plant:source': 'solar', 'power': 'plant'}",
        "rejection_keywords": "none",
        "timestamp": "2026-04-24T03:37:16.532600",
        "element_type": "way",
        "element_id": 1424428168,
        "country": "Nigeria",
        "unit_type": "plant"
      }
    },
    {
      "type": "Feature",
      "geometry": {
        "type": "Point",
        "coordinates": [
          6.979700316434426,
          9.266082744011454
        ]
      },
      "properties": {
        "label": "Rejected way 1424428467",
        "type": "Missing output tag",
        "osm_element": "https://www.openstreetmap.org/way/1424428467",
        "rejection_reason": "Missing output tag",
        "rejection_details": "tags: {'plant:source': 'solar', 'power': 'plant'}",
        "rejection_keywords": "none",
        "timestamp": "2026-04-24T03:37:16.532781",
        "element_type": "way",
        "element_id": 1424428467,
        "country": "Nigeria",
        "unit_type": "plant"
      }
    },
    {
      "type": "Feature",
      "geometry": {
        "type": "Point",
        "coordinates": [
          5.227788250485732,
          9.099959664230063
        ]
      },
      "properties": {
        "label": "Rejected way 1424428562",
        "type": "Missing output tag",
        "osm_element": "https://www.openstreetmap.org/way/1424428562",
        "rejection_reason": "Missing output tag",
        "rejection_details": "tags: {'plant:source': 'solar', 'power': 'plant'}",
        "rejection_keywords": "none",
        "timestamp": "2026-04-24T03:37:16.532970",
        "element_type": "way",
        "element_id": 1424428562,
        "country": "Nigeria",
        "unit_type": "plant"
      }
    },
    {
      "type": "Feature",
      "geometry": {
        "type": "Point",
        "coordinates": [
          3.050795452788863,
          6.404285688831609
        ]
      },
      "properties": {
        "label": "Rejected way 1424430027",
        "type": "Missing output tag",
        "osm_element": "https://www.openstreetmap.org/way/1424430027",
        "rejection_reason": "Missing output tag",
        "rejection_details": "tags: {'plant:source': 'solar', 'power': 'plant'}",
        "rejection_keywords": "none",
        "timestamp": "2026-04-24T03:37:16.533149",
        "element_type": "way",
        "element_id": 1424430027,
        "country": "Nigeria",
        "unit_type": "plant"
      }
    },
    {
      "type": "Feature",
      "geometry": {
        "type": "Point",
        "coordinates": [
          7.171097324002977,
          8.992593563755047
        ]
      },
      "properties": {
        "label": "Rejected way 1424430151",
        "type": "Missing output tag",
        "osm_element": "https://www.openstreetmap.org/way/1424430151",
        "rejection_reason": "Missing output tag",
        "rejection_details": "tags: {'plant:source': 'solar', 'power': 'plant'}",
        "rejection_keywords": "none",
        "timestamp": "2026-04-24T03:37:16.533360",
        "element_type": "way",
        "element_id": 1424430151,
        "country": "Nigeria",
        "unit_type": "plant"
      }
    },
    {
      "type": "Feature",
      "geometry": {
        "type": "Point",
        "coordinates": [
          3.8482817076220024,
          6.820132669249618
        ]
      },
      "properties": {
        "label": "Rejected way 1424430266",
        "type": "Missing output tag",
        "osm_element": "https://www.openstreetmap.org/way/1424430266",
        "rejection_reason": "Missing output tag",
        "rejection_details": "tags: {'plant:source': 'solar', 'power': 'plant'}",
        "rejection_keywords": "none",
        "timestamp": "2026-04-24T03:37:16.533559",
        "element_type": "way",
        "element_id": 1424430266,
        "country": "Nigeria",
        "unit_type": "plant"
      }
    },
    {
      "type": "Feature",
      "geometry": {
        "type": "Point",
        "coordinates": [
          12.493243601572544,
          9.355063748737653
        ]
      },
      "properties": {
        "label": "Rejected way 1424430432",
        "type": "Missing output tag",
        "osm_element": "https://www.openstreetmap.org/way/1424430432",
        "rejection_reason": "Missing output tag",
        "rejection_details": "tags: {'plant:source': 'solar', 'power': 'plant'}",
        "rejection_keywords": "none",
        "timestamp": "2026-04-24T03:37:16.533745",
        "element_type": "way",
        "element_id": 1424430432,
        "country": "Nigeria",
        "unit_type": "plant"
      }
    },
    {
      "type": "Feature",
      "geometry": {
        "type": "Point",
        "coordinates": [
          7.549911646666661,
          5.486638309410226
        ]
      },
      "properties": {
        "label": "Rejected way 1424430571",
        "type": "Missing output tag",
        "osm_element": "https://www.openstreetmap.org/way/1424430571",
        "rejection_reason": "Missing output tag",
        "rejection_details": "tags: {'plant:source': 'solar', 'power': 'plant'}",
        "rejection_keywords": "none",
        "timestamp": "2026-04-24T03:37:16.533924",
        "element_type": "way",
        "element_id": 1424430571,
        "country": "Nigeria",
        "unit_type": "plant"
      }
    },
    {
      "type": "Feature",
      "geometry": {
        "type": "Point",
        "coordinates": [
          8.948270510658851,
          12.11510960121998
        ]
      },
      "properties": {
        "label": "Rejected way 1424430667",
        "type": "Missing output tag",
        "osm_element": "https://www.openstreetmap.org/way/1424430667",
        "rejection_reason": "Missing output tag",
        "rejection_details": "tags: {'plant:source': 'solar', 'power': 'plant'}",
        "rejection_keywords": "none",
        "timestamp": "2026-04-24T03:37:16.534101",
        "element_type": "way",
        "element_id": 1424430667,
        "country": "Nigeria",
        "unit_type": "plant"
      }
    },
    {
      "type": "Feature",
      "geometry": {
        "type": "Point",
        "coordinates": [
          6.024849384112327,
          5.998532843007808
        ]
      },
      "properties": {
        "label": "Rejected way 1424430771",
        "type": "Missing output tag",
        "osm_element": "https://www.openstreetmap.org/way/1424430771",
        "rejection_reason": "Missing output tag",
        "rejection_details": "tags: {'plant:source': 'solar', 'power': 'plant'}",
        "rejection_keywords": "none",
        "timestamp": "2026-04-24T03:37:16.534338",
        "element_type": "way",
        "element_id": 1424430771,
        "country": "Nigeria",
        "unit_type": "plant"
      }
    },
    {
      "type": "Feature",
      "geometry": {
        "type": "Point",
        "coordinates": [
          8.434020647627257,
          11.966418327727787
        ]
      },
      "properties": {
        "label": "Rejected way 1459237892",
        "type": "Missing output tag",
        "osm_element": "https://www.openstreetmap.org/way/1459237892",
        "rejection_reason": "Missing output tag",
        "rejection_details": "tags: {'plant:source': 'solar', 'power': 'plant'}",
        "rejection_keywords": "none",
        "timestamp": "2026-04-24T03:37:16.535194",
        "element_type": "way",
        "element_id": 1459237892,
        "country": "Nigeria",
        "unit_type": "plant"
      }
    },
    {
      "type": "Feature",
      "geometry": {
        "type": "Point",
        "coordinates": [
          11.165726173949489,
          6.868283285533138
        ]
      },
      "properties": {
        "label": "Rejected way 1462680217",
        "type": "Missing output tag",
        "osm_element": "https://www.openstreetmap.org/way/1462680217",
        "rejection_reason": "Missing output tag",
        "rejection_details": "tags: {'plant:source': 'hydro', 'power': 'plant'}",
        "rejection_keywords": "none",
        "timestamp": "2026-04-24T03:37:16.535408",
        "element_type": "way",
        "element_id": 1462680217,
        "country": "Nigeria",
        "unit_type": "plant"
      }
    },
    {
      "type": "Feature",
      "geometry": {
        "type": "Point",
        "coordinates": [
          4.471374117215751,
          8.717703688044109
        ]
      },
      "properties": {
        "label": "Rejected way 1467994505",
        "type": "Missing output tag",
        "osm_element": "https://www.openstreetmap.org/way/1467994505",
        "rejection_reason": "Missing output tag",
        "rejection_details": "tags: {'plant:source': 'solar', 'power': 'plant'}",
        "rejection_keywords": "none",
        "timestamp": "2026-04-24T03:37:16.535634",
        "element_type": "way",
        "element_id": 1467994505,
        "country": "Nigeria",
        "unit_type": "plant"
      }
    },
    {
      "type": "Feature",
      "geometry": {
        "type": "Point",
        "coordinates": [
          8.348965929466472,
          5.013611717000392
        ]
      },
      "properties": {
        "label": "Rejected way 1468050356",
        "type": "Missing source tag",
        "osm_element": "https://www.openstreetmap.org/way/1468050356",
        "rejection_reason": "Missing source tag",
        "rejection_details": "tags: {'power': 'plant'}",
        "rejection_keywords": "none",
        "timestamp": "2026-04-24T03:37:16.535847",
        "element_type": "way",
        "element_id": 1468050356,
        "country": "Nigeria",
        "unit_type": "plant"
      }
    },
    {
      "type": "Feature",
      "geometry": {
        "type": "Point",
        "coordinates": [
          -12.314440517087506,
          -37.06453990270818
        ]
      },
      "properties": {
        "label": "Rejected way 686113767",
        "type": "Capacity placeholder value",
        "osm_element": "https://www.openstreetmap.org/way/686113767",
        "rejection_reason": "Capacity placeholder value",
        "rejection_details": "Tag 'plant:output:electricity' contains placeholder value 'yes' instead of actual capacity",
        "rejection_keywords": "yes",
        "timestamp": "2026-04-24T03:38:33.551987",
        "element_type": "way",
        "element_id": 686113767,
        "country": "Saint Helena, Ascension and Tristan da Cunha",
        "unit_type": "plant"
      }
    },
    {
      "type": "Feature",
      "geometry": {
        "type": "Point",
        "coordinates": [
          -14.378913014206717,
          -7.891981267344468
        ]
      },
      "properties": {
        "label": "Rejected way 1289352392",
        "type": "Capacity placeholder value",
        "osm_element": "https://www.openstreetmap.org/way/1289352392",
        "rejection_reason": "Capacity placeholder value",
        "rejection_details": "Tag 'plant:output:electricity' contains placeholder value 'yes' instead of actual capacity",
        "rejection_keywords": "yes",
        "timestamp": "2026-04-24T03:38:33.553731",
        "element_type": "way",
        "element_id": 1289352392,
        "country": "Saint Helena, Ascension and Tristan da Cunha",
        "unit_type": "plant"
      }
    },
    {
      "type": "Feature",
      "geometry": {
        "type": "Point",
        "coordinates": [
          0.8753202440233239,
          10.255335187082462
        ]
      },
      "properties": {
        "label": "Rejected way 1221635485",
        "type": "Capacity regex no match",
        "osm_element": "https://www.openstreetmap.org/way/1221635485",
        "rejection_reason": "Capacity regex no match",
        "rejection_details": "Tag 'plant:output:electricity' has value '100kW' which could not be parsed",
        "rejection_keywords": "100kW",
        "timestamp": "2026-04-24T03:46:44.452566",
        "element_type": "way",
        "element_id": 1221635485,
        "country": "Togo",
        "unit_type": "plant"
      }
    },
    {
      "type": "Feature",
      "geometry": {
        "type": "Point",
        "coordinates": [
          1.5712284312352969,
          6.624142843812464
        ]
      },
      "properties": {
        "label": "Rejected way 1424428581",
        "type": "Missing output tag",
        "osm_element": "https://www.openstreetmap.org/way/1424428581",
        "rejection_reason": "Missing output tag",
        "rejection_details": "tags: {'plant:source': 'solar', 'power': 'plant'}",
        "rejection_keywords": "none",
        "timestamp": "2026-04-24T03:46:44.452798",
        "element_type": "way",
        "element_id": 1424428581,
        "country": "Togo",
        "unit_type": "plant"
      }
    },
    {
      "type": "Feature",
      "geometry": {
        "type": "Point",
        "coordinates": [
          1.1066135499999998,
          9.939613600000001
        ]
      },
      "properties": {
        "label": "Rejected way 1467907661",
        "type": "Missing output tag",
        "osm_element": "https://www.openstreetmap.org/way/1467907661",
        "rejection_reason": "Missing output tag",
        "rejection_details": "tags: {'plant:source': 'solar', 'power': 'plant'}",
        "rejection_keywords": "none",
        "timestamp": "2026-04-24T03:46:44.452982",
        "element_type": "way",
        "element_id": 1467907661,
        "country": "Togo",
        "unit_type": "plant"
      }
    },
    {
      "type": "Feature",
      "geometry": {
        "type": "Point",
        "coordinates": [
          -12.521513053552145,
          7.523803763293862
        ]
      },
      "properties": {
        "label": "Rejected way 732635913",
        "type": "Capacity placeholder value",
        "osm_element": "https://www.openstreetmap.org/way/732635913",
        "rejection_reason": "Capacity placeholder value",
        "rejection_details": "Tag 'plant:output:electricity' contains placeholder value 'yes' instead of actual capacity",
        "rejection_keywords": "yes",
        "timestamp": "2026-04-24T03:48:45.907900",
        "element_type": "way",
        "element_id": 732635913,
        "country": "Sierra Leone",
        "unit_type": "plant"
      }
    },
    {
      "type": "Feature",
      "geometry": {
        "type": "Point",
        "coordinates": [
          -11.835860870106554,
          8.75093996458732
        ]
      },
      "properties": {
        "label": "Rejected way 965603216",
        "type": "Capacity placeholder value",
        "osm_element": "https://www.openstreetmap.org/way/965603216",
        "rejection_reason": "Capacity placeholder value",
        "rejection_details": "Tag 'plant:output:electricity' contains placeholder value 'yes' instead of actual capacity",
        "rejection_keywords": "yes",
        "timestamp": "2026-04-24T03:48:45.908095",
        "element_type": "way",
        "element_id": 965603216,
        "country": "Sierra Leone",
        "unit_type": "plant"
      }
    },
    {
      "type": "Feature",
      "geometry": {
        "type": "Point",
        "coordinates": [
          -12.99598526081147,
          8.324482610930083
        ]
      },
      "properties": {
        "label": "Rejected way 1001600212",
        "type": "Missing output tag",
        "osm_element": "https://www.openstreetmap.org/way/1001600212",
        "rejection_reason": "Missing output tag",
        "rejection_details": "tags: {'plant:source': 'solar', 'power': 'plant'}",
        "rejection_keywords": "none",
        "timestamp": "2026-04-24T03:48:45.908293",
        "element_type": "way",
        "element_id": 1001600212,
        "country": "Sierra Leone",
        "unit_type": "plant"
      }
    },
    {
      "type": "Feature",
      "geometry": {
        "type": "Point",
        "coordinates": [
          -11.141617602664857,
          7.948090150438983
        ]
      },
      "properties": {
        "label": "Rejected way 1059802559",
        "type": "Capacity placeholder value",
        "osm_element": "https://www.openstreetmap.org/way/1059802559",
        "rejection_reason": "Capacity placeholder value",
        "rejection_details": "Tag 'plant:output:electricity' contains placeholder value 'yes' instead of actual capacity",
        "rejection_keywords": "yes",
        "timestamp": "2026-04-24T03:48:45.908504",
        "element_type": "way",
        "element_id": 1059802559,
        "country": "Sierra Leone",
        "unit_type": "plant"
      }
    },
    {
      "type": "Feature",
      "geometry": {
        "type": "Point",
        "coordinates": [
          -12.242889480547637,
          8.467947095649
        ]
      },
      "properties": {
        "label": "Rejected way 1177585045",
        "type": "Missing output tag",
        "osm_element": "https://www.openstreetmap.org/way/1177585045",
        "rejection_reason": "Missing output tag",
        "rejection_details": "tags: {'addr:city': 'MILE 91', 'addr:street': 'Masiaka-Yonibama Highway', 'landuse': 'industrial', 'name': 'CUSL Power House', 'plant:source': 'solar', 'power': 'plant'}",
        "rejection_keywords": "none",
        "timestamp": "2026-04-24T03:48:45.908856",
        "element_type": "way",
        "element_id": 1177585045,
        "country": "Sierra Leone",
        "unit_type": "plant"
      }
    },
    {
      "type": "Feature",
      "geometry": {
        "type": "Point",
        "coordinates": [
          -12.243133180126705,
          8.467956267043373
        ]
      },
      "properties": {
        "label": "Rejected way 1254968571",
        "type": "Capacity placeholder value",
        "osm_element": "https://www.openstreetmap.org/way/1254968571",
        "rejection_reason": "Capacity placeholder value",
        "rejection_details": "Tag 'plant:output:electricity' contains placeholder value 'yes' instead of actual capacity",
        "rejection_keywords": "yes",
        "timestamp": "2026-04-24T03:48:45.909037",
        "element_type": "way",
        "element_id": 1254968571,
        "country": "Sierra Leone",
        "unit_type": "plant"
      }
    },
    {
      "type": "Feature",
      "geometry": {
        "type": "Point",
        "coordinates": [
          -10.929554199023842,
          8.645196480438907
        ]
      },
      "properties": {
        "label": "Rejected way 1284377819",
        "type": "Capacity placeholder value",
        "osm_element": "https://www.openstreetmap.org/way/1284377819",
        "rejection_reason": "Capacity placeholder value",
        "rejection_details": "Tag 'plant:output:electricity' contains placeholder value 'yes' instead of actual capacity",
        "rejection_keywords": "yes",
        "timestamp": "2026-04-24T03:48:45.909661",
        "element_type": "way",
        "element_id": 1284377819,
        "country": "Sierra Leone",
        "unit_type": "plant"
      }
    },
    {
      "type": "Feature",
      "geometry": {
        "type": "Point",
        "coordinates": [
          -12.070945796258972,
          8.112724825918463
        ]
      },
      "properties": {
        "label": "Rejected way 1292603644",
        "type": "Capacity placeholder value",
        "osm_element": "https://www.openstreetmap.org/way/1292603644",
        "rejection_reason": "Capacity placeholder value",
        "rejection_details": "Tag 'plant:output:electricity' contains placeholder value 'yes' instead of actual capacity",
        "rejection_keywords": "yes",
        "timestamp": "2026-04-24T03:48:45.910382",
        "element_type": "way",
        "element_id": 1292603644,
        "country": "Sierra Leone",
        "unit_type": "plant"
      }
    },
    {
      "type": "Feature",
      "geometry": {
        "type": "Point",
        "coordinates": [
          -12.912463649556475,
          9.123696156197193
        ]
      },
      "properties": {
        "label": "Rejected way 1292614886",
        "type": "Capacity placeholder value",
        "osm_element": "https://www.openstreetmap.org/way/1292614886",
        "rejection_reason": "Capacity placeholder value",
        "rejection_details": "Tag 'plant:output:electricity' contains placeholder value 'yes' instead of actual capacity",
        "rejection_keywords": "yes",
        "timestamp": "2026-04-24T03:48:45.910554",
        "element_type": "way",
        "element_id": 1292614886,
        "country": "Sierra Leone",
        "unit_type": "plant"
      }
    },
    {
      "type": "Feature",
      "geometry": {
        "type": "Point",
        "coordinates": [
          -10.960951374411795,
          8.628080889237756
        ]
      },
      "properties": {
        "label": "Rejected way 1292697645",
        "type": "Capacity placeholder value",
        "osm_element": "https://www.openstreetmap.org/way/1292697645",
        "rejection_reason": "Capacity placeholder value",
        "rejection_details": "Tag 'plant:output:electricity' contains placeholder value 'yes' instead of actual capacity",
        "rejection_keywords": "yes",
        "timestamp": "2026-04-24T03:48:45.910914",
        "element_type": "way",
        "element_id": 1292697645,
        "country": "Sierra Leone",
        "unit_type": "plant"
      }
    },
    {
      "type": "Feature",
      "geometry": {
        "type": "Point",
        "coordinates": [
          -13.244154922464613,
          8.493786518256783
        ]
      },
      "properties": {
        "label": "Rejected way 1308064002",
        "type": "Missing source tag",
        "osm_element": "https://www.openstreetmap.org/way/1308064002",
        "rejection_reason": "Missing source tag",
        "rejection_details": "tags: {'building': 'ship', 'name:en': 'Powership Doğan Bey power barge station', 'plant:output:electricity': '65 MW', 'power': 'plant', 'website': 'https://karpowership.com/project-sierra-leone', 'wikipedia': 'en:MV Karadeniz Powership Doğan Bey'}",
        "rejection_keywords": "none",
        "timestamp": "2026-04-24T03:48:45.911321",
        "element_type": "way",
        "element_id": 1308064002,
        "country": "Sierra Leone",
        "unit_type": "plant"
      }
    },
    {
      "type": "Feature",
      "geometry": {
        "type": "Point",
        "coordinates": [
          -12.306183511062832,
          8.470490631970863
        ]
      },
      "properties": {
        "label": "Rejected way 1322495616",
        "type": "Capacity placeholder value",
        "osm_element": "https://www.openstreetmap.org/way/1322495616",
        "rejection_reason": "Capacity placeholder value",
        "rejection_details": "Tag 'plant:output:electricity' contains placeholder value 'yes' instead of actual capacity",
        "rejection_keywords": "yes",
        "timestamp": "2026-04-24T03:48:45.911511",
        "element_type": "way",
        "element_id": 1322495616,
        "country": "Sierra Leone",
        "unit_type": "plant"
      }
    },
    {
      "type": "Feature",
      "geometry": {
        "type": "Point",
        "coordinates": [
          -11.480732399421198,
          7.937721169613779
        ]
      },
      "properties": {
        "label": "Rejected way 1424390218",
        "type": "Missing output tag",
        "osm_element": "https://www.openstreetmap.org/way/1424390218",
        "rejection_reason": "Missing output tag",
        "rejection_details": "tags: {'plant:source': 'solar', 'power': 'plant'}",
        "rejection_keywords": "none",
        "timestamp": "2026-04-24T03:48:45.911747",
        "element_type": "way",
        "element_id": 1424390218,
        "country": "Sierra Leone",
        "unit_type": "plant"
      }
    },
    {
      "type": "Feature",
      "geometry": {
        "type": "Point",
        "coordinates": [
          -13.172500277655248,
          8.459950876178448
        ]
      },
      "properties": {
        "label": "Rejected way 1442799148",
        "type": "Missing output tag",
        "osm_element": "https://www.openstreetmap.org/way/1442799148",
        "rejection_reason": "Missing output tag",
        "rejection_details": "tags: {'plant:source': 'solar', 'power': 'plant'}",
        "rejection_keywords": "none",
        "timestamp": "2026-04-24T03:48:45.911972",
        "element_type": "way",
        "element_id": 1442799148,
        "country": "Sierra Leone",
        "unit_type": "plant"
      }
    },
    {
      "type": "Feature",
      "geometry": {
        "type": "Point",
        "coordinates": [
          -13.172455297358063,
          8.460311020745095
        ]
      },
      "properties": {
        "label": "Rejected way 1442799154",
        "type": "Missing output tag",
        "osm_element": "https://www.openstreetmap.org/way/1442799154",
        "rejection_reason": "Missing output tag",
        "rejection_details": "tags: {'addr:city': 'Freetown', 'addr:street': 'Bai Bureh Road', 'plant:source': 'solar', 'power': 'plant'}",
        "rejection_keywords": "none",
        "timestamp": "2026-04-24T03:48:45.912267",
        "element_type": "way",
        "element_id": 1442799154,
        "country": "Sierra Leone",
        "unit_type": "plant"
      }
    },
    {
      "type": "Feature",
      "geometry": {
        "type": "Point",
        "coordinates": [
          -16.957466267087707,
          14.42386209510967
        ]
      },
      "properties": {
        "label": "Rejected way 335842188",
        "type": "Missing source tag",
        "osm_element": "https://www.openstreetmap.org/way/335842188",
        "rejection_reason": "Missing source tag",
        "rejection_details": "tags: {'landuse': 'industrial', 'name': 'poste courant', 'power': 'plant'}",
        "rejection_keywords": "none",
        "timestamp": "2026-04-24T03:49:45.191594",
        "element_type": "way",
        "element_id": 335842188,
        "country": "Senegal",
        "unit_type": "plant"
      }
    },
    {
      "type": "Feature",
      "geometry": {
        "type": "Point",
        "coordinates": [
          -14.46178399625976,
          15.266602539580763
        ]
      },
      "properties": {
        "label": "Rejected way 465471796",
        "type": "Capacity placeholder value",
        "osm_element": "https://www.openstreetmap.org/way/465471796",
        "rejection_reason": "Capacity placeholder value",
        "rejection_details": "Tag 'plant:output:electricity' contains placeholder value 'yes' instead of actual capacity",
        "rejection_keywords": "yes",
        "timestamp": "2026-04-24T03:49:45.191762",
        "element_type": "way",
        "element_id": 465471796,
        "country": "Senegal",
        "unit_type": "plant"
      }
    },
    {
      "type": "Feature",
      "geometry": {
        "type": "Point",
        "coordinates": [
          -15.943400374994228,
          12.866650332541386
        ]
      },
      "properties": {
        "label": "Rejected way 564695577",
        "type": "Missing source tag",
        "osm_element": "https://www.openstreetmap.org/way/564695577",
        "rejection_reason": "Missing source tag",
        "rejection_details": "tags: {'landuse': 'industrial', 'name': 'Centrale Electrique de Marakissa', 'power': 'plant', 'start_date': '2017-2018'}",
        "rejection_keywords": "none",
        "timestamp": "2026-04-24T03:49:45.193279",
        "element_type": "way",
        "element_id": 564695577,
        "country": "Senegal",
        "unit_type": "plant"
      }
    },
    {
      "type": "Feature",
      "geometry": {
        "type": "Point",
        "coordinates": [
          -16.496267960647103,
          16.009827752946187
        ]
      },
      "properties": {
        "label": "Rejected way 699890845",
        "type": "Missing source tag",
        "osm_element": "https://www.openstreetmap.org/way/699890845",
        "rejection_reason": "Missing source tag",
        "rejection_details": "tags: {'addr:city': 'Saint-Louis', 'addr:street': 'Pikine Bas Sénégal', 'landuse': 'industrial', 'name': 'Centrale electrique secondaire', 'operator': 'SENELEC', 'power': 'plant'}",
        "rejection_keywords": "none",
        "timestamp": "2026-04-24T03:49:45.195489",
        "element_type": "way",
        "element_id": 699890845,
        "country": "Senegal",
        "unit_type": "plant"
      }
    },
    {
      "type": "Feature",
      "geometry": {
        "type": "Point",
        "coordinates": [
          -17.432426810385202,
          14.689306756107301
        ]
      },
      "properties": {
        "label": "Rejected way 1083289485",
        "type": "Missing source tag",
        "osm_element": "https://www.openstreetmap.org/way/1083289485",
        "rejection_reason": "Missing source tag",
        "rejection_details": "tags: {'landuse': 'industrial', 'name:en': 'Karadeniz Powership Ayşegül Sultan power station', 'power': 'plant', 'source': 'https://www.gem.wiki/Karpowership_(Senegal)_Aysegul_Sultan_power_station'}",
        "rejection_keywords": "none",
        "timestamp": "2026-04-24T03:49:45.197478",
        "element_type": "way",
        "element_id": 1083289485,
        "country": "Senegal",
        "unit_type": "plant"
      }
    },
    {
      "type": "Feature",
      "geometry": {
        "type": "Point",
        "coordinates": [
          -13.750948386499877,
          13.136763669387834
        ]
      },
      "properties": {
        "label": "Rejected way 1115992338",
        "type": "Missing output tag",
        "osm_element": "https://www.openstreetmap.org/way/1115992338",
        "rejection_reason": "Missing output tag",
        "rejection_details": "tags: {'landuse': 'industrial', 'plant:method': 'photovoltaic', 'plant:source': 'solar', 'power': 'plant'}",
        "rejection_keywords": "none",
        "timestamp": "2026-04-24T03:49:45.197848",
        "element_type": "way",
        "element_id": 1115992338,
        "country": "Senegal",
        "unit_type": "plant"
      }
    },
    {
      "type": "Feature",
      "geometry": {
        "type": "Point",
        "coordinates": [
          -12.4171695034495,
          12.63609861597721
        ]
      },
      "properties": {
        "label": "Rejected way 1117123835",
        "type": "Capacity placeholder value",
        "osm_element": "https://www.openstreetmap.org/way/1117123835",
        "rejection_reason": "Capacity placeholder value",
        "rejection_details": "Tag 'plant:output:electricity' contains placeholder value 'yes' instead of actual capacity",
        "rejection_keywords": "yes",
        "timestamp": "2026-04-24T03:49:45.198028",
        "element_type": "way",
        "element_id": 1117123835,
        "country": "Senegal",
        "unit_type": "plant"
      }
    },
    {
      "type": "Feature",
      "geometry": {
        "type": "Point",
        "coordinates": [
          -14.916120592556853,
          12.879948256447198
        ]
      },
      "properties": {
        "label": "Rejected way 1120337487",
        "type": "Missing source tag",
        "osm_element": "https://www.openstreetmap.org/way/1120337487",
        "rejection_reason": "Missing source tag",
        "rejection_details": "tags: {'landuse': 'industrial', 'name': 'Centrale Électrique de Kolda', 'power': 'plant'}",
        "rejection_keywords": "none",
        "timestamp": "2026-04-24T03:49:45.198181",
        "element_type": "way",
        "element_id": 1120337487,
        "country": "Senegal",
        "unit_type": "plant"
      }
    },
    {
      "type": "Feature",
      "geometry": {
        "type": "Point",
        "coordinates": [
          -16.95060974875705,
          14.47213707685456
        ]
      },
      "properties": {
        "label": "Rejected way 1195036961",
        "type": "Missing source tag",
        "osm_element": "https://www.openstreetmap.org/way/1195036961",
        "rejection_reason": "Missing source tag",
        "rejection_details": "tags: {'landuse': 'industrial', 'name:en': 'Malicounda power station', 'power': 'plant', 'source': 'https://www.gem.wiki/Malicounda_power_station'}",
        "rejection_keywords": "none",
        "timestamp": "2026-04-24T03:49:45.199147",
        "element_type": "way",
        "element_id": 1195036961,
        "country": "Senegal",
        "unit_type": "plant"
      }
    },
    {
      "type": "Feature",
      "geometry": {
        "type": "Point",
        "coordinates": [
          -17.300470152074908,
          14.722999870964044
        ]
      },
      "properties": {
        "label": "Rejected way 1204037131",
        "type": "Capacity placeholder value",
        "osm_element": "https://www.openstreetmap.org/way/1204037131",
        "rejection_reason": "Capacity placeholder value",
        "rejection_details": "Tag 'plant:output:electricity' contains placeholder value 'yes' instead of actual capacity",
        "rejection_keywords": "yes",
        "timestamp": "2026-04-24T03:49:45.199505",
        "element_type": "way",
        "element_id": 1204037131,
        "country": "Senegal",
        "unit_type": "plant"
      }
    },
    {
      "type": "Feature",
      "geometry": {
        "type": "Point",
        "coordinates": [
          -16.649545311684243,
          13.952930821407184
        ]
      },
      "properties": {
        "label": "Rejected way 1218766205",
        "type": "Missing source tag",
        "osm_element": "https://www.openstreetmap.org/way/1218766205",
        "rejection_reason": "Missing source tag",
        "rejection_details": "tags: {'building': 'yes', 'name': 'Central énergétique Moundé', 'power': 'plant'}",
        "rejection_keywords": "none",
        "timestamp": "2026-04-24T03:49:45.199663",
        "element_type": "way",
        "element_id": 1218766205,
        "country": "Senegal",
        "unit_type": "plant"
      }
    },
    {
      "type": "Feature",
      "geometry": {
        "type": "Point",
        "coordinates": [
          -16.606107690548942,
          13.979511378045244
        ]
      },
      "properties": {
        "label": "Rejected way 1219326956",
        "type": "Missing source tag",
        "osm_element": "https://www.openstreetmap.org/way/1219326956",
        "rejection_reason": "Missing source tag",
        "rejection_details": "tags: {'building': 'yes', 'name': 'Central électrique de Djirnda', 'power': 'plant'}",
        "rejection_keywords": "none",
        "timestamp": "2026-04-24T03:49:45.199826",
        "element_type": "way",
        "element_id": 1219326956,
        "country": "Senegal",
        "unit_type": "plant"
      }
    },
    {
      "type": "Feature",
      "geometry": {
        "type": "Point",
        "coordinates": [
          -16.597850812694812,
          13.92331892382467
        ]
      },
      "properties": {
        "label": "Rejected way 1236565213",
        "type": "Missing source tag",
        "osm_element": "https://www.openstreetmap.org/way/1236565213",
        "rejection_reason": "Missing source tag",
        "rejection_details": "tags: {'name': 'Centrale électrique Bassar', 'power': 'plant'}",
        "rejection_keywords": "none",
        "timestamp": "2026-04-24T03:49:45.199983",
        "element_type": "way",
        "element_id": 1236565213,
        "country": "Senegal",
        "unit_type": "plant"
      }
    },
    {
      "type": "Feature",
      "geometry": {
        "type": "Point",
        "coordinates": [
          -13.737204613351853,
          15.936024684069528
        ]
      },
      "properties": {
        "label": "Rejected way 1341628102",
        "type": "Missing output tag",
        "osm_element": "https://www.openstreetmap.org/way/1341628102",
        "rejection_reason": "Missing output tag",
        "rejection_details": "tags: {'name': 'Mini central solaire', 'plant:source': 'solar', 'power': 'plant'}",
        "rejection_keywords": "none",
        "timestamp": "2026-04-24T03:49:45.201055",
        "element_type": "way",
        "element_id": 1341628102,
        "country": "Senegal",
        "unit_type": "plant"
      }
    },
    {
      "type": "Feature",
      "geometry": {
        "type": "Point",
        "coordinates": [
          -13.717989846804098,
          15.918221495830931
        ]
      },
      "properties": {
        "label": "Rejected way 1421933111",
        "type": "Capacity placeholder value",
        "osm_element": "https://www.openstreetmap.org/way/1421933111",
        "rejection_reason": "Capacity placeholder value",
        "rejection_details": "Tag 'plant:output:electricity' contains placeholder value 'yes' instead of actual capacity",
        "rejection_keywords": "yes",
        "timestamp": "2026-04-24T03:49:45.201253",
        "element_type": "way",
        "element_id": 1421933111,
        "country": "Senegal",
        "unit_type": "plant"
      }
    },
    {
      "type": "Feature",
      "geometry": {
        "type": "Point",
        "coordinates": [
          -15.789426670957305,
          16.174312434317674
        ]
      },
      "properties": {
        "label": "Rejected way 1442128804",
        "type": "Missing output tag",
        "osm_element": "https://www.openstreetmap.org/way/1442128804",
        "rejection_reason": "Missing output tag",
        "rejection_details": "tags: {'plant:source': 'solar', 'power': 'plant'}",
        "rejection_keywords": "none",
        "timestamp": "2026-04-24T03:49:45.201440",
        "element_type": "way",
        "element_id": 1442128804,
        "country": "Senegal",
        "unit_type": "plant"
      }
    },
    {
      "type": "Feature",
      "geometry": {
        "type": "Point",
        "coordinates": [
          -17.451455,
          14.6882417
        ]
      },
      "properties": {
        "label": "Rejected node 6973680153",
        "type": "Missing source tag",
        "osm_element": "https://www.openstreetmap.org/node/6973680153",
        "rejection_reason": "Missing source tag",
        "rejection_details": "tags: {'man_made': 'street_cabinet', 'name': \"Borne d'alimentation\", 'power': 'plant', 'utility': 'power'}",
        "rejection_keywords": "none",
        "timestamp": "2026-04-24T03:49:45.201508",
        "element_type": "node",
        "element_id": 6973680153,
        "country": "Senegal",
        "unit_type": "plant"
      }
    },
    {
      "type": "Feature",
      "geometry": {
        "type": "Point",
        "coordinates": [
          -14.9152152,
          12.8798079
        ]
      },
      "properties": {
        "label": "Rejected node 8999746977",
        "type": "Missing source tag",
        "osm_element": "https://www.openstreetmap.org/node/8999746977",
        "rejection_reason": "Missing source tag",
        "rejection_details": "tags: {'name': 'Centrale Électrique de Kolda', 'power': 'plant'}",
        "rejection_keywords": "none",
        "timestamp": "2026-04-24T03:49:45.201554",
        "element_type": "node",
        "element_id": 8999746977,
        "country": "Senegal",
        "unit_type": "plant"
      }
    },
    {
      "type": "Feature",
      "geometry": {
        "type": "Point",
        "coordinates": [
          -16.6788417,
          13.9208966
        ]
      },
      "properties": {
        "label": "Rejected node 11508399679",
        "type": "Missing source tag",
        "osm_element": "https://www.openstreetmap.org/node/11508399679",
        "rejection_reason": "Missing source tag",
        "rejection_details": "tags: {'name': 'Central électrique', 'power': 'plant'}",
        "rejection_keywords": "none",
        "timestamp": "2026-04-24T03:49:45.201598",
        "element_type": "node",
        "element_id": 11508399679,
        "country": "Senegal",
        "unit_type": "plant"
      }
    },
    {
      "type": "Feature",
      "geometry": {
        "type": "Point",
        "coordinates": [
          -13.6922809,
          16.0983953
        ]
      },
      "properties": {
        "label": "Rejected node 12397714621",
        "type": "Missing source tag",
        "osm_element": "https://www.openstreetmap.org/node/12397714621",
        "rejection_reason": "Missing source tag",
        "rejection_details": "tags: {'name': 'Centrale électrique', 'power': 'plant'}",
        "rejection_keywords": "none",
        "timestamp": "2026-04-24T03:49:45.201639",
        "element_type": "node",
        "element_id": 12397714621,
        "country": "Senegal",
        "unit_type": "plant"
      }
    }
  ]
}