{
  "type": "FeatureCollection",
  "features": [
    {
      "type": "Feature",
      "geometry": {
        "type": "Point",
        "coordinates": [
          66.9121620846372,
          50.23694726164396
        ]
      },
      "properties": {
        "label": "Rejected relation 2106123",
        "type": "Capacity placeholder value",
        "osm_element": "https://www.openstreetmap.org/relation/2106123",
        "rejection_reason": "Capacity placeholder value",
        "rejection_details": "Tag 'plant:output:electricity' contains placeholder value 'yes' instead of actual capacity",
        "rejection_keywords": "yes",
        "timestamp": "2026-04-24T03:20:40.043218",
        "element_type": "relation",
        "element_id": 2106123,
        "country": "Kazakhstan",
        "unit_type": "plant"
      }
    },
    {
      "type": "Feature",
      "geometry": {
        "type": "Point",
        "coordinates": [
          69.2354059,
          53.3055386
        ]
      },
      "properties": {
        "label": "Rejected node 9690032618",
        "type": "Capacity regex no match",
        "osm_element": "https://www.openstreetmap.org/node/9690032618",
        "rejection_reason": "Capacity regex no match",
        "rejection_details": "Tag 'generator:output:electricity' has value '750 kW' which could not be parsed",
        "rejection_keywords": "750 kW",
        "timestamp": "2026-04-24T03:20:40.052635",
        "element_type": "node",
        "element_id": 9690032618,
        "country": "Kazakhstan",
        "unit_type": "generator"
      }
    },
    {
      "type": "Feature",
      "geometry": {
        "type": "Point",
        "coordinates": [
          69.2333467,
          53.3046379
        ]
      },
      "properties": {
        "label": "Rejected node 9690032619",
        "type": "Capacity regex no match",
        "osm_element": "https://www.openstreetmap.org/node/9690032619",
        "rejection_reason": "Capacity regex no match",
        "rejection_details": "Tag 'generator:output:electricity' has value '750 kW' which could not be parsed",
        "rejection_keywords": "750 kW",
        "timestamp": "2026-04-24T03:20:40.052669",
        "element_type": "node",
        "element_id": 9690032619,
        "country": "Kazakhstan",
        "unit_type": "generator"
      }
    },
    {
      "type": "Feature",
      "geometry": {
        "type": "Point",
        "coordinates": [
          69.2356763,
          53.3070988
        ]
      },
      "properties": {
        "label": "Rejected node 9689883616",
        "type": "Capacity regex no match",
        "osm_element": "https://www.openstreetmap.org/node/9689883616",
        "rejection_reason": "Capacity regex no match",
        "rejection_details": "Tag 'generator:output:electricity' has value '750 kW' which could not be parsed",
        "rejection_keywords": "750 kW",
        "timestamp": "2026-04-24T03:20:40.052695",
        "element_type": "node",
        "element_id": 9689883616,
        "country": "Kazakhstan",
        "unit_type": "generator"
      }
    },
    {
      "type": "Feature",
      "geometry": {
        "type": "Point",
        "coordinates": [
          69.2336319,
          53.3061339
        ]
      },
      "properties": {
        "label": "Rejected node 9690032617",
        "type": "Capacity regex no match",
        "osm_element": "https://www.openstreetmap.org/node/9690032617",
        "rejection_reason": "Capacity regex no match",
        "rejection_details": "Tag 'generator:output:electricity' has value '750 kW' which could not be parsed",
        "rejection_keywords": "750 kW",
        "timestamp": "2026-04-24T03:20:40.052722",
        "element_type": "node",
        "element_id": 9690032617,
        "country": "Kazakhstan",
        "unit_type": "generator"
      }
    },
    {
      "type": "Feature",
      "geometry": {
        "type": "Point",
        "coordinates": [
          69.2377355,
          53.3079774
        ]
      },
      "properties": {
        "label": "Rejected node 9689883614",
        "type": "Capacity regex no match",
        "osm_element": "https://www.openstreetmap.org/node/9689883614",
        "rejection_reason": "Capacity regex no match",
        "rejection_details": "Tag 'generator:output:electricity' has value '750 kW' which could not be parsed",
        "rejection_keywords": "750 kW",
        "timestamp": "2026-04-24T03:20:40.052746",
        "element_type": "node",
        "element_id": 9689883614,
        "country": "Kazakhstan",
        "unit_type": "generator"
      }
    },
    {
      "type": "Feature",
      "geometry": {
        "type": "Point",
        "coordinates": [
          69.2374799,
          53.3064327
        ]
      },
      "properties": {
        "label": "Rejected node 9689883615",
        "type": "Capacity regex no match",
        "osm_element": "https://www.openstreetmap.org/node/9689883615",
        "rejection_reason": "Capacity regex no match",
        "rejection_details": "Tag 'generator:output:electricity' has value '750 kW' which could not be parsed",
        "rejection_keywords": "750 kW",
        "timestamp": "2026-04-24T03:20:40.052768",
        "element_type": "node",
        "element_id": 9689883615,
        "country": "Kazakhstan",
        "unit_type": "generator"
      }
    },
    {
      "type": "Feature",
      "geometry": {
        "type": "Point",
        "coordinates": [
          69.2378688,
          53.3095707
        ]
      },
      "properties": {
        "label": "Rejected node 9689883612",
        "type": "Capacity regex no match",
        "osm_element": "https://www.openstreetmap.org/node/9689883612",
        "rejection_reason": "Capacity regex no match",
        "rejection_details": "Tag 'generator:output:electricity' has value '750 kW' which could not be parsed",
        "rejection_keywords": "750 kW",
        "timestamp": "2026-04-24T03:20:40.052791",
        "element_type": "node",
        "element_id": 9689883612,
        "country": "Kazakhstan",
        "unit_type": "generator"
      }
    },
    {
      "type": "Feature",
      "geometry": {
        "type": "Point",
        "coordinates": [
          69.2359003,
          53.3085959
        ]
      },
      "properties": {
        "label": "Rejected node 9689883613",
        "type": "Capacity regex no match",
        "osm_element": "https://www.openstreetmap.org/node/9689883613",
        "rejection_reason": "Capacity regex no match",
        "rejection_details": "Tag 'generator:output:electricity' has value '750 kW' which could not be parsed",
        "rejection_keywords": "750 kW",
        "timestamp": "2026-04-24T03:20:40.052814",
        "element_type": "node",
        "element_id": 9689883613,
        "country": "Kazakhstan",
        "unit_type": "generator"
      }
    },
    {
      "type": "Feature",
      "geometry": {
        "type": "Point",
        "coordinates": [
          69.2395577,
          53.30736
        ]
      },
      "properties": {
        "label": "Rejected node 9689883610",
        "type": "Capacity regex no match",
        "osm_element": "https://www.openstreetmap.org/node/9689883610",
        "rejection_reason": "Capacity regex no match",
        "rejection_details": "Tag 'generator:output:electricity' has value '750 kW' which could not be parsed",
        "rejection_keywords": "750 kW",
        "timestamp": "2026-04-24T03:20:40.052834",
        "element_type": "node",
        "element_id": 9689883610,
        "country": "Kazakhstan",
        "unit_type": "generator"
      }
    },
    {
      "type": "Feature",
      "geometry": {
        "type": "Point",
        "coordinates": [
          69.2396855,
          53.3089455
        ]
      },
      "properties": {
        "label": "Rejected node 9689883611",
        "type": "Capacity regex no match",
        "osm_element": "https://www.openstreetmap.org/node/9689883611",
        "rejection_reason": "Capacity regex no match",
        "rejection_details": "Tag 'generator:output:electricity' has value '750 kW' which could not be parsed",
        "rejection_keywords": "750 kW",
        "timestamp": "2026-04-24T03:20:40.052854",
        "element_type": "node",
        "element_id": 9689883611,
        "country": "Kazakhstan",
        "unit_type": "generator"
      }
    },
    {
      "type": "Feature",
      "geometry": {
        "type": "Point",
        "coordinates": [
          69.2372614,
          53.3049123
        ]
      },
      "properties": {
        "label": "Rejected node 9690032621",
        "type": "Capacity regex no match",
        "osm_element": "https://www.openstreetmap.org/node/9690032621",
        "rejection_reason": "Capacity regex no match",
        "rejection_details": "Tag 'generator:output:electricity' has value '750 kW' which could not be parsed",
        "rejection_keywords": "750 kW",
        "timestamp": "2026-04-24T03:20:40.052873",
        "element_type": "node",
        "element_id": 9690032621,
        "country": "Kazakhstan",
        "unit_type": "generator"
      }
    },
    {
      "type": "Feature",
      "geometry": {
        "type": "Point",
        "coordinates": [
          69.2351355,
          53.3039828
        ]
      },
      "properties": {
        "label": "Rejected node 9690032620",
        "type": "Capacity regex no match",
        "osm_element": "https://www.openstreetmap.org/node/9690032620",
        "rejection_reason": "Capacity regex no match",
        "rejection_details": "Tag 'generator:output:electricity' has value '750 kW' which could not be parsed",
        "rejection_keywords": "750 kW",
        "timestamp": "2026-04-24T03:20:40.052892",
        "element_type": "node",
        "element_id": 9690032620,
        "country": "Kazakhstan",
        "unit_type": "generator"
      }
    },
    {
      "type": "Feature",
      "geometry": {
        "type": "Point",
        "coordinates": [
          71.8581165,
          51.2511734
        ]
      },
      "properties": {
        "label": "Rejected node 9690047722",
        "type": "Capacity regex no match",
        "osm_element": "https://www.openstreetmap.org/node/9690047722",
        "rejection_reason": "Capacity regex no match",
        "rejection_details": "Tag 'generator:output:electricity' has value '3000 kW' which could not be parsed",
        "rejection_keywords": "3000 kW",
        "timestamp": "2026-04-24T03:20:40.054915",
        "element_type": "node",
        "element_id": 9690047722,
        "country": "Kazakhstan",
        "unit_type": "generator"
      }
    },
    {
      "type": "Feature",
      "geometry": {
        "type": "Point",
        "coordinates": [
          71.8473894,
          51.2470529
        ]
      },
      "properties": {
        "label": "Rejected node 9690047723",
        "type": "Capacity regex no match",
        "osm_element": "https://www.openstreetmap.org/node/9690047723",
        "rejection_reason": "Capacity regex no match",
        "rejection_details": "Tag 'generator:output:electricity' has value '3000 kW' which could not be parsed",
        "rejection_keywords": "3000 kW",
        "timestamp": "2026-04-24T03:20:40.054942",
        "element_type": "node",
        "element_id": 9690047723,
        "country": "Kazakhstan",
        "unit_type": "generator"
      }
    },
    {
      "type": "Feature",
      "geometry": {
        "type": "Point",
        "coordinates": [
          71.8500065,
          51.2562386
        ]
      },
      "properties": {
        "label": "Rejected node 9690047720",
        "type": "Capacity regex no match",
        "osm_element": "https://www.openstreetmap.org/node/9690047720",
        "rejection_reason": "Capacity regex no match",
        "rejection_details": "Tag 'generator:output:electricity' has value '3000 kW' which could not be parsed",
        "rejection_keywords": "3000 kW",
        "timestamp": "2026-04-24T03:20:40.054987",
        "element_type": "node",
        "element_id": 9690047720,
        "country": "Kazakhstan",
        "unit_type": "generator"
      }
    },
    {
      "type": "Feature",
      "geometry": {
        "type": "Point",
        "coordinates": [
          71.8540445,
          51.2537167
        ]
      },
      "properties": {
        "label": "Rejected node 9690047721",
        "type": "Capacity regex no match",
        "osm_element": "https://www.openstreetmap.org/node/9690047721",
        "rejection_reason": "Capacity regex no match",
        "rejection_details": "Tag 'generator:output:electricity' has value '3000 kW' which could not be parsed",
        "rejection_keywords": "3000 kW",
        "timestamp": "2026-04-24T03:20:40.055010",
        "element_type": "node",
        "element_id": 9690047721,
        "country": "Kazakhstan",
        "unit_type": "generator"
      }
    },
    {
      "type": "Feature",
      "geometry": {
        "type": "Point",
        "coordinates": [
          71.8549989,
          51.2422867
        ]
      },
      "properties": {
        "label": "Rejected node 9690047725",
        "type": "Capacity regex no match",
        "osm_element": "https://www.openstreetmap.org/node/9690047725",
        "rejection_reason": "Capacity regex no match",
        "rejection_details": "Tag 'generator:output:electricity' has value '3000 kW' which could not be parsed",
        "rejection_keywords": "3000 kW",
        "timestamp": "2026-04-24T03:20:40.055031",
        "element_type": "node",
        "element_id": 9690047725,
        "country": "Kazakhstan",
        "unit_type": "generator"
      }
    },
    {
      "type": "Feature",
      "geometry": {
        "type": "Point",
        "coordinates": [
          71.8621503,
          51.2694008
        ]
      },
      "properties": {
        "label": "Rejected node 9690012214",
        "type": "Capacity regex no match",
        "osm_element": "https://www.openstreetmap.org/node/9690012214",
        "rejection_reason": "Capacity regex no match",
        "rejection_details": "Tag 'generator:output:electricity' has value '3000 kW' which could not be parsed",
        "rejection_keywords": "3000 kW",
        "timestamp": "2026-04-24T03:20:40.055051",
        "element_type": "node",
        "element_id": 9690012214,
        "country": "Kazakhstan",
        "unit_type": "generator"
      }
    },
    {
      "type": "Feature",
      "geometry": {
        "type": "Point",
        "coordinates": [
          71.8627695,
          51.2653854
        ]
      },
      "properties": {
        "label": "Rejected node 9690012215",
        "type": "Capacity regex no match",
        "osm_element": "https://www.openstreetmap.org/node/9690012215",
        "rejection_reason": "Capacity regex no match",
        "rejection_details": "Tag 'generator:output:electricity' has value '3000 kW' which could not be parsed",
        "rejection_keywords": "3000 kW",
        "timestamp": "2026-04-24T03:20:40.055071",
        "element_type": "node",
        "element_id": 9690012215,
        "country": "Kazakhstan",
        "unit_type": "generator"
      }
    },
    {
      "type": "Feature",
      "geometry": {
        "type": "Point",
        "coordinates": [
          71.857582,
          51.2722642
        ]
      },
      "properties": {
        "label": "Rejected node 9690012213",
        "type": "Capacity regex no match",
        "osm_element": "https://www.openstreetmap.org/node/9690012213",
        "rejection_reason": "Capacity regex no match",
        "rejection_details": "Tag 'generator:output:electricity' has value '3000 kW' which could not be parsed",
        "rejection_keywords": "3000 kW",
        "timestamp": "2026-04-24T03:20:40.055090",
        "element_type": "node",
        "element_id": 9690012213,
        "country": "Kazakhstan",
        "unit_type": "generator"
      }
    },
    {
      "type": "Feature",
      "geometry": {
        "type": "Point",
        "coordinates": [
          71.859249,
          51.2611892
        ]
      },
      "properties": {
        "label": "Rejected node 9690012212",
        "type": "Capacity regex no match",
        "osm_element": "https://www.openstreetmap.org/node/9690012212",
        "rejection_reason": "Capacity regex no match",
        "rejection_details": "Tag 'generator:output:electricity' has value '3000 kW' which could not be parsed",
        "rejection_keywords": "3000 kW",
        "timestamp": "2026-04-24T03:20:40.055110",
        "element_type": "node",
        "element_id": 9690012212,
        "country": "Kazakhstan",
        "unit_type": "generator"
      }
    },
    {
      "type": "Feature",
      "geometry": {
        "type": "Point",
        "coordinates": [
          71.8743704,
          51.2737024
        ]
      },
      "properties": {
        "label": "Rejected node 9690012211",
        "type": "Capacity regex no match",
        "osm_element": "https://www.openstreetmap.org/node/9690012211",
        "rejection_reason": "Capacity regex no match",
        "rejection_details": "Tag 'generator:output:electricity' has value '3000 kW' which could not be parsed",
        "rejection_keywords": "3000 kW",
        "timestamp": "2026-04-24T03:20:40.055128",
        "element_type": "node",
        "element_id": 9690012211,
        "country": "Kazakhstan",
        "unit_type": "generator"
      }
    },
    {
      "type": "Feature",
      "geometry": {
        "type": "Point",
        "coordinates": [
          71.8782346,
          51.2823549
        ]
      },
      "properties": {
        "label": "Rejected node 9690012209",
        "type": "Capacity regex no match",
        "osm_element": "https://www.openstreetmap.org/node/9690012209",
        "rejection_reason": "Capacity regex no match",
        "rejection_details": "Tag 'generator:output:electricity' has value '3000 kW' which could not be parsed",
        "rejection_keywords": "3000 kW",
        "timestamp": "2026-04-24T03:20:40.055147",
        "element_type": "node",
        "element_id": 9690012209,
        "country": "Kazakhstan",
        "unit_type": "generator"
      }
    },
    {
      "type": "Feature",
      "geometry": {
        "type": "Point",
        "coordinates": [
          71.880139,
          51.279126
        ]
      },
      "properties": {
        "label": "Rejected node 9690012210",
        "type": "Capacity regex no match",
        "osm_element": "https://www.openstreetmap.org/node/9690012210",
        "rejection_reason": "Capacity regex no match",
        "rejection_details": "Tag 'generator:output:electricity' has value '3000 kW' which could not be parsed",
        "rejection_keywords": "3000 kW",
        "timestamp": "2026-04-24T03:20:40.055166",
        "element_type": "node",
        "element_id": 9690012210,
        "country": "Kazakhstan",
        "unit_type": "generator"
      }
    },
    {
      "type": "Feature",
      "geometry": {
        "type": "Point",
        "coordinates": [
          71.8887581,
          51.2848036
        ]
      },
      "properties": {
        "label": "Rejected node 9690012207",
        "type": "Capacity regex no match",
        "osm_element": "https://www.openstreetmap.org/node/9690012207",
        "rejection_reason": "Capacity regex no match",
        "rejection_details": "Tag 'generator:output:electricity' has value '3000 kW' which could not be parsed",
        "rejection_keywords": "3000 kW",
        "timestamp": "2026-04-24T03:20:40.055184",
        "element_type": "node",
        "element_id": 9690012207,
        "country": "Kazakhstan",
        "unit_type": "generator"
      }
    },
    {
      "type": "Feature",
      "geometry": {
        "type": "Point",
        "coordinates": [
          71.8730301,
          51.283562
        ]
      },
      "properties": {
        "label": "Rejected node 9690012208",
        "type": "Capacity regex no match",
        "osm_element": "https://www.openstreetmap.org/node/9690012208",
        "rejection_reason": "Capacity regex no match",
        "rejection_details": "Tag 'generator:output:electricity' has value '3000 kW' which could not be parsed",
        "rejection_keywords": "3000 kW",
        "timestamp": "2026-04-24T03:20:40.055202",
        "element_type": "node",
        "element_id": 9690012208,
        "country": "Kazakhstan",
        "unit_type": "generator"
      }
    },
    {
      "type": "Feature",
      "geometry": {
        "type": "Point",
        "coordinates": [
          71.8471582,
          51.2421287
        ]
      },
      "properties": {
        "label": "Rejected node 9690047724",
        "type": "Capacity regex no match",
        "osm_element": "https://www.openstreetmap.org/node/9690047724",
        "rejection_reason": "Capacity regex no match",
        "rejection_details": "Tag 'generator:output:electricity' has value '3000 kW' which could not be parsed",
        "rejection_keywords": "3000 kW",
        "timestamp": "2026-04-24T03:20:40.055220",
        "element_type": "node",
        "element_id": 9690047724,
        "country": "Kazakhstan",
        "unit_type": "generator"
      }
    },
    {
      "type": "Feature",
      "geometry": {
        "type": "Point",
        "coordinates": [
          78.535541,
          43.6452141
        ]
      },
      "properties": {
        "label": "Rejected node 9690012914",
        "type": "Capacity regex no match",
        "osm_element": "https://www.openstreetmap.org/node/9690012914",
        "rejection_reason": "Capacity regex no match",
        "rejection_details": "Tag 'generator:output:electricity' has value '2500 kW' which could not be parsed",
        "rejection_keywords": "2500 kW",
        "timestamp": "2026-04-24T03:20:40.055884",
        "element_type": "node",
        "element_id": 9690012914,
        "country": "Kazakhstan",
        "unit_type": "generator"
      }
    },
    {
      "type": "Feature",
      "geometry": {
        "type": "Point",
        "coordinates": [
          78.5387743,
          43.6432764
        ]
      },
      "properties": {
        "label": "Rejected node 9690012913",
        "type": "Capacity regex no match",
        "osm_element": "https://www.openstreetmap.org/node/9690012913",
        "rejection_reason": "Capacity regex no match",
        "rejection_details": "Tag 'generator:output:electricity' has value '2500 kW' which could not be parsed",
        "rejection_keywords": "2500 kW",
        "timestamp": "2026-04-24T03:20:40.055914",
        "element_type": "node",
        "element_id": 9690012913,
        "country": "Kazakhstan",
        "unit_type": "generator"
      }
    },
    {
      "type": "Feature",
      "geometry": {
        "type": "Point",
        "coordinates": [
          68.666439,
          54.5267695
        ]
      },
      "properties": {
        "label": "Rejected node 5634118267",
        "type": "Capacity regex no match",
        "osm_element": "https://www.openstreetmap.org/node/5634118267",
        "rejection_reason": "Capacity regex no match",
        "rejection_details": "Tag 'generator:output:electricity' has value '750 kW' which could not be parsed",
        "rejection_keywords": "750 kW",
        "timestamp": "2026-04-24T03:20:40.056333",
        "element_type": "node",
        "element_id": 5634118267,
        "country": "Kazakhstan",
        "unit_type": "generator"
      }
    },
    {
      "type": "Feature",
      "geometry": {
        "type": "Point",
        "coordinates": [
          68.6685687,
          54.5250541
        ]
      },
      "properties": {
        "label": "Rejected node 5634118266",
        "type": "Capacity regex no match",
        "osm_element": "https://www.openstreetmap.org/node/5634118266",
        "rejection_reason": "Capacity regex no match",
        "rejection_details": "Tag 'generator:output:electricity' has value '750 kW' which could not be parsed",
        "rejection_keywords": "750 kW",
        "timestamp": "2026-04-24T03:20:40.056370",
        "element_type": "node",
        "element_id": 5634118266,
        "country": "Kazakhstan",
        "unit_type": "generator"
      }
    },
    {
      "type": "Feature",
      "geometry": {
        "type": "Point",
        "coordinates": [
          76.84937641748758,
          43.239333239521876
        ]
      },
      "properties": {
        "label": "Rejected relation 16166575",
        "type": "Missing source tag",
        "osm_element": "https://www.openstreetmap.org/relation/16166575",
        "rejection_reason": "Missing source tag",
        "rejection_details": "tags: {'contact:fax': '+7 727 2569429', 'contact:phone': '+7 727 2565678', 'description': 'Западный тепловой комплекс', 'landuse': 'industrial', 'name:kk': 'Батыс жылу кешені', 'name:ru': 'ЗТК', 'operator': 'АО «Алматинские электрические станции»', 'plant:output:hot_water': 'yes', 'power': 'plant', 'short_name': 'ЗТК', 'start_date': '1963-11-26', 'type': 'multipolygon'}",
        "rejection_keywords": "none",
        "timestamp": "2026-04-24T03:20:40.057838",
        "element_type": "relation",
        "element_id": 16166575,
        "country": "Kazakhstan",
        "unit_type": "plant"
      }
    },
    {
      "type": "Feature",
      "geometry": {
        "type": "Point",
        "coordinates": [
          79.73782763258815,
          46.88205456209323
        ]
      },
      "properties": {
        "label": "Rejected relation 18987558",
        "type": "Capacity placeholder value",
        "osm_element": "https://www.openstreetmap.org/relation/18987558",
        "rejection_reason": "Capacity placeholder value",
        "rejection_details": "Tag 'plant:output:electricity' contains placeholder value 'yes' instead of actual capacity",
        "rejection_keywords": "yes",
        "timestamp": "2026-04-24T03:20:40.061670",
        "element_type": "relation",
        "element_id": 18987558,
        "country": "Kazakhstan",
        "unit_type": "plant"
      }
    },
    {
      "type": "Feature",
      "geometry": {
        "type": "Point",
        "coordinates": [
          79.7524166,
          46.8135714
        ]
      },
      "properties": {
        "label": "Rejected node 12752996367",
        "type": "Capacity placeholder value",
        "osm_element": "https://www.openstreetmap.org/node/12752996367",
        "rejection_reason": "Capacity placeholder value",
        "rejection_details": "Tag 'generator:output:electricity' contains placeholder value 'yes' instead of actual capacity",
        "rejection_keywords": "yes",
        "timestamp": "2026-04-24T03:20:40.062321",
        "element_type": "node",
        "element_id": 12752996367,
        "country": "Kazakhstan",
        "unit_type": "generator"
      }
    },
    {
      "type": "Feature",
      "geometry": {
        "type": "Point",
        "coordinates": [
          79.7472453,
          46.8161266
        ]
      },
      "properties": {
        "label": "Rejected node 12752996366",
        "type": "Capacity placeholder value",
        "osm_element": "https://www.openstreetmap.org/node/12752996366",
        "rejection_reason": "Capacity placeholder value",
        "rejection_details": "Tag 'generator:output:electricity' contains placeholder value 'yes' instead of actual capacity",
        "rejection_keywords": "yes",
        "timestamp": "2026-04-24T03:20:40.062342",
        "element_type": "node",
        "element_id": 12752996366,
        "country": "Kazakhstan",
        "unit_type": "generator"
      }
    },
    {
      "type": "Feature",
      "geometry": {
        "type": "Point",
        "coordinates": [
          79.741559,
          46.8182998
        ]
      },
      "properties": {
        "label": "Rejected node 12752996365",
        "type": "Capacity placeholder value",
        "osm_element": "https://www.openstreetmap.org/node/12752996365",
        "rejection_reason": "Capacity placeholder value",
        "rejection_details": "Tag 'generator:output:electricity' contains placeholder value 'yes' instead of actual capacity",
        "rejection_keywords": "yes",
        "timestamp": "2026-04-24T03:20:40.062357",
        "element_type": "node",
        "element_id": 12752996365,
        "country": "Kazakhstan",
        "unit_type": "generator"
      }
    },
    {
      "type": "Feature",
      "geometry": {
        "type": "Point",
        "coordinates": [
          79.7361946,
          46.8207226
        ]
      },
      "properties": {
        "label": "Rejected node 12752996364",
        "type": "Capacity placeholder value",
        "osm_element": "https://www.openstreetmap.org/node/12752996364",
        "rejection_reason": "Capacity placeholder value",
        "rejection_details": "Tag 'generator:output:electricity' contains placeholder value 'yes' instead of actual capacity",
        "rejection_keywords": "yes",
        "timestamp": "2026-04-24T03:20:40.062371",
        "element_type": "node",
        "element_id": 12752996364,
        "country": "Kazakhstan",
        "unit_type": "generator"
      }
    },
    {
      "type": "Feature",
      "geometry": {
        "type": "Point",
        "coordinates": [
          79.7305083,
          46.8229691
        ]
      },
      "properties": {
        "label": "Rejected node 12752996363",
        "type": "Capacity placeholder value",
        "osm_element": "https://www.openstreetmap.org/node/12752996363",
        "rejection_reason": "Capacity placeholder value",
        "rejection_details": "Tag 'generator:output:electricity' contains placeholder value 'yes' instead of actual capacity",
        "rejection_keywords": "yes",
        "timestamp": "2026-04-24T03:20:40.062384",
        "element_type": "node",
        "element_id": 12752996363,
        "country": "Kazakhstan",
        "unit_type": "generator"
      }
    },
    {
      "type": "Feature",
      "geometry": {
        "type": "Point",
        "coordinates": [
          79.7248328,
          46.8252888
        ]
      },
      "properties": {
        "label": "Rejected node 12752996362",
        "type": "Capacity placeholder value",
        "osm_element": "https://www.openstreetmap.org/node/12752996362",
        "rejection_reason": "Capacity placeholder value",
        "rejection_details": "Tag 'generator:output:electricity' contains placeholder value 'yes' instead of actual capacity",
        "rejection_keywords": "yes",
        "timestamp": "2026-04-24T03:20:40.062398",
        "element_type": "node",
        "element_id": 12752996362,
        "country": "Kazakhstan",
        "unit_type": "generator"
      }
    },
    {
      "type": "Feature",
      "geometry": {
        "type": "Point",
        "coordinates": [
          79.7191894,
          46.8276012
        ]
      },
      "properties": {
        "label": "Rejected node 12752996361",
        "type": "Capacity placeholder value",
        "osm_element": "https://www.openstreetmap.org/node/12752996361",
        "rejection_reason": "Capacity placeholder value",
        "rejection_details": "Tag 'generator:output:electricity' contains placeholder value 'yes' instead of actual capacity",
        "rejection_keywords": "yes",
        "timestamp": "2026-04-24T03:20:40.062411",
        "element_type": "node",
        "element_id": 12752996361,
        "country": "Kazakhstan",
        "unit_type": "generator"
      }
    },
    {
      "type": "Feature",
      "geometry": {
        "type": "Point",
        "coordinates": [
          79.7135782,
          46.8299208
        ]
      },
      "properties": {
        "label": "Rejected node 12752996360",
        "type": "Capacity placeholder value",
        "osm_element": "https://www.openstreetmap.org/node/12752996360",
        "rejection_reason": "Capacity placeholder value",
        "rejection_details": "Tag 'generator:output:electricity' contains placeholder value 'yes' instead of actual capacity",
        "rejection_keywords": "yes",
        "timestamp": "2026-04-24T03:20:40.062423",
        "element_type": "node",
        "element_id": 12752996360,
        "country": "Kazakhstan",
        "unit_type": "generator"
      }
    },
    {
      "type": "Feature",
      "geometry": {
        "type": "Point",
        "coordinates": [
          79.6751153,
          46.8225286
        ]
      },
      "properties": {
        "label": "Rejected node 12752996375",
        "type": "Capacity placeholder value",
        "osm_element": "https://www.openstreetmap.org/node/12752996375",
        "rejection_reason": "Capacity placeholder value",
        "rejection_details": "Tag 'generator:output:electricity' contains placeholder value 'yes' instead of actual capacity",
        "rejection_keywords": "yes",
        "timestamp": "2026-04-24T03:20:40.062435",
        "element_type": "node",
        "element_id": 12752996375,
        "country": "Kazakhstan",
        "unit_type": "generator"
      }
    },
    {
      "type": "Feature",
      "geometry": {
        "type": "Point",
        "coordinates": [
          79.6807802,
          46.8202674
        ]
      },
      "properties": {
        "label": "Rejected node 12752996374",
        "type": "Capacity placeholder value",
        "osm_element": "https://www.openstreetmap.org/node/12752996374",
        "rejection_reason": "Capacity placeholder value",
        "rejection_details": "Tag 'generator:output:electricity' contains placeholder value 'yes' instead of actual capacity",
        "rejection_keywords": "yes",
        "timestamp": "2026-04-24T03:20:40.062447",
        "element_type": "node",
        "element_id": 12752996374,
        "country": "Kazakhstan",
        "unit_type": "generator"
      }
    },
    {
      "type": "Feature",
      "geometry": {
        "type": "Point",
        "coordinates": [
          79.6864664,
          46.8179988
        ]
      },
      "properties": {
        "label": "Rejected node 12752996373",
        "type": "Capacity placeholder value",
        "osm_element": "https://www.openstreetmap.org/node/12752996373",
        "rejection_reason": "Capacity placeholder value",
        "rejection_details": "Tag 'generator:output:electricity' contains placeholder value 'yes' instead of actual capacity",
        "rejection_keywords": "yes",
        "timestamp": "2026-04-24T03:20:40.062459",
        "element_type": "node",
        "element_id": 12752996373,
        "country": "Kazakhstan",
        "unit_type": "generator"
      }
    },
    {
      "type": "Feature",
      "geometry": {
        "type": "Point",
        "coordinates": [
          79.692142,
          46.8157668
        ]
      },
      "properties": {
        "label": "Rejected node 12752996372",
        "type": "Capacity placeholder value",
        "osm_element": "https://www.openstreetmap.org/node/12752996372",
        "rejection_reason": "Capacity placeholder value",
        "rejection_details": "Tag 'generator:output:electricity' contains placeholder value 'yes' instead of actual capacity",
        "rejection_keywords": "yes",
        "timestamp": "2026-04-24T03:20:40.062470",
        "element_type": "node",
        "element_id": 12752996372,
        "country": "Kazakhstan",
        "unit_type": "generator"
      }
    },
    {
      "type": "Feature",
      "geometry": {
        "type": "Point",
        "coordinates": [
          79.6978819,
          46.8135053
        ]
      },
      "properties": {
        "label": "Rejected node 12752996371",
        "type": "Capacity placeholder value",
        "osm_element": "https://www.openstreetmap.org/node/12752996371",
        "rejection_reason": "Capacity placeholder value",
        "rejection_details": "Tag 'generator:output:electricity' contains placeholder value 'yes' instead of actual capacity",
        "rejection_keywords": "yes",
        "timestamp": "2026-04-24T03:20:40.062482",
        "element_type": "node",
        "element_id": 12752996371,
        "country": "Kazakhstan",
        "unit_type": "generator"
      }
    },
    {
      "type": "Feature",
      "geometry": {
        "type": "Point",
        "coordinates": [
          79.7035897,
          46.8112805
        ]
      },
      "properties": {
        "label": "Rejected node 12752996370",
        "type": "Capacity placeholder value",
        "osm_element": "https://www.openstreetmap.org/node/12752996370",
        "rejection_reason": "Capacity placeholder value",
        "rejection_details": "Tag 'generator:output:electricity' contains placeholder value 'yes' instead of actual capacity",
        "rejection_keywords": "yes",
        "timestamp": "2026-04-24T03:20:40.062493",
        "element_type": "node",
        "element_id": 12752996370,
        "country": "Kazakhstan",
        "unit_type": "generator"
      }
    },
    {
      "type": "Feature",
      "geometry": {
        "type": "Point",
        "coordinates": [
          79.7092867,
          46.8089381
        ]
      },
      "properties": {
        "label": "Rejected node 12752996369",
        "type": "Capacity placeholder value",
        "osm_element": "https://www.openstreetmap.org/node/12752996369",
        "rejection_reason": "Capacity placeholder value",
        "rejection_details": "Tag 'generator:output:electricity' contains placeholder value 'yes' instead of actual capacity",
        "rejection_keywords": "yes",
        "timestamp": "2026-04-24T03:20:40.062506",
        "element_type": "node",
        "element_id": 12752996369,
        "country": "Kazakhstan",
        "unit_type": "generator"
      }
    },
    {
      "type": "Feature",
      "geometry": {
        "type": "Point",
        "coordinates": [
          79.7149086,
          46.8067498
        ]
      },
      "properties": {
        "label": "Rejected node 12752996368",
        "type": "Capacity placeholder value",
        "osm_element": "https://www.openstreetmap.org/node/12752996368",
        "rejection_reason": "Capacity placeholder value",
        "rejection_details": "Tag 'generator:output:electricity' contains placeholder value 'yes' instead of actual capacity",
        "rejection_keywords": "yes",
        "timestamp": "2026-04-24T03:20:40.062519",
        "element_type": "node",
        "element_id": 12752996368,
        "country": "Kazakhstan",
        "unit_type": "generator"
      }
    },
    {
      "type": "Feature",
      "geometry": {
        "type": "Point",
        "coordinates": [
          79.7681183,
          46.9049304
        ]
      },
      "properties": {
        "label": "Rejected node 12752996525",
        "type": "Capacity placeholder value",
        "osm_element": "https://www.openstreetmap.org/node/12752996525",
        "rejection_reason": "Capacity placeholder value",
        "rejection_details": "Tag 'generator:output:electricity' contains placeholder value 'yes' instead of actual capacity",
        "rejection_keywords": "yes",
        "timestamp": "2026-04-24T03:20:40.062533",
        "element_type": "node",
        "element_id": 12752996525,
        "country": "Kazakhstan",
        "unit_type": "generator"
      }
    },
    {
      "type": "Feature",
      "geometry": {
        "type": "Point",
        "coordinates": [
          79.7602379,
          46.907877
        ]
      },
      "properties": {
        "label": "Rejected node 12752996524",
        "type": "Capacity placeholder value",
        "osm_element": "https://www.openstreetmap.org/node/12752996524",
        "rejection_reason": "Capacity placeholder value",
        "rejection_details": "Tag 'generator:output:electricity' contains placeholder value 'yes' instead of actual capacity",
        "rejection_keywords": "yes",
        "timestamp": "2026-04-24T03:20:40.062545",
        "element_type": "node",
        "element_id": 12752996524,
        "country": "Kazakhstan",
        "unit_type": "generator"
      }
    },
    {
      "type": "Feature",
      "geometry": {
        "type": "Point",
        "coordinates": [
          79.7522771,
          46.9108454
        ]
      },
      "properties": {
        "label": "Rejected node 12752996523",
        "type": "Capacity placeholder value",
        "osm_element": "https://www.openstreetmap.org/node/12752996523",
        "rejection_reason": "Capacity placeholder value",
        "rejection_details": "Tag 'generator:output:electricity' contains placeholder value 'yes' instead of actual capacity",
        "rejection_keywords": "yes",
        "timestamp": "2026-04-24T03:20:40.062557",
        "element_type": "node",
        "element_id": 12752996523,
        "country": "Kazakhstan",
        "unit_type": "generator"
      }
    },
    {
      "type": "Feature",
      "geometry": {
        "type": "Point",
        "coordinates": [
          79.7449386,
          46.9136817
        ]
      },
      "properties": {
        "label": "Rejected node 12752996522",
        "type": "Capacity placeholder value",
        "osm_element": "https://www.openstreetmap.org/node/12752996522",
        "rejection_reason": "Capacity placeholder value",
        "rejection_details": "Tag 'generator:output:electricity' contains placeholder value 'yes' instead of actual capacity",
        "rejection_keywords": "yes",
        "timestamp": "2026-04-24T03:20:40.062569",
        "element_type": "node",
        "element_id": 12752996522,
        "country": "Kazakhstan",
        "unit_type": "generator"
      }
    },
    {
      "type": "Feature",
      "geometry": {
        "type": "Point",
        "coordinates": [
          79.7370207,
          46.9166352
        ]
      },
      "properties": {
        "label": "Rejected node 12752996521",
        "type": "Capacity placeholder value",
        "osm_element": "https://www.openstreetmap.org/node/12752996521",
        "rejection_reason": "Capacity placeholder value",
        "rejection_details": "Tag 'generator:output:electricity' contains placeholder value 'yes' instead of actual capacity",
        "rejection_keywords": "yes",
        "timestamp": "2026-04-24T03:20:40.062580",
        "element_type": "node",
        "element_id": 12752996521,
        "country": "Kazakhstan",
        "unit_type": "generator"
      }
    },
    {
      "type": "Feature",
      "geometry": {
        "type": "Point",
        "coordinates": [
          79.7290921,
          46.9196691
        ]
      },
      "properties": {
        "label": "Rejected node 12752996520",
        "type": "Capacity placeholder value",
        "osm_element": "https://www.openstreetmap.org/node/12752996520",
        "rejection_reason": "Capacity placeholder value",
        "rejection_details": "Tag 'generator:output:electricity' contains placeholder value 'yes' instead of actual capacity",
        "rejection_keywords": "yes",
        "timestamp": "2026-04-24T03:20:40.062594",
        "element_type": "node",
        "element_id": 12752996520,
        "country": "Kazakhstan",
        "unit_type": "generator"
      }
    },
    {
      "type": "Feature",
      "geometry": {
        "type": "Point",
        "coordinates": [
          79.721185,
          46.9226149
        ]
      },
      "properties": {
        "label": "Rejected node 12752996519",
        "type": "Capacity placeholder value",
        "osm_element": "https://www.openstreetmap.org/node/12752996519",
        "rejection_reason": "Capacity placeholder value",
        "rejection_details": "Tag 'generator:output:electricity' contains placeholder value 'yes' instead of actual capacity",
        "rejection_keywords": "yes",
        "timestamp": "2026-04-24T03:20:40.062607",
        "element_type": "node",
        "element_id": 12752996519,
        "country": "Kazakhstan",
        "unit_type": "generator"
      }
    },
    {
      "type": "Feature",
      "geometry": {
        "type": "Point",
        "coordinates": [
          79.7132671,
          46.9255752
        ]
      },
      "properties": {
        "label": "Rejected node 12752996518",
        "type": "Capacity placeholder value",
        "osm_element": "https://www.openstreetmap.org/node/12752996518",
        "rejection_reason": "Capacity placeholder value",
        "rejection_details": "Tag 'generator:output:electricity' contains placeholder value 'yes' instead of actual capacity",
        "rejection_keywords": "yes",
        "timestamp": "2026-04-24T03:20:40.062619",
        "element_type": "node",
        "element_id": 12752996518,
        "country": "Kazakhstan",
        "unit_type": "generator"
      }
    },
    {
      "type": "Feature",
      "geometry": {
        "type": "Point",
        "coordinates": [
          79.7974348,
          46.9221166
        ]
      },
      "properties": {
        "label": "Rejected node 12752996517",
        "type": "Capacity placeholder value",
        "osm_element": "https://www.openstreetmap.org/node/12752996517",
        "rejection_reason": "Capacity placeholder value",
        "rejection_details": "Tag 'generator:output:electricity' contains placeholder value 'yes' instead of actual capacity",
        "rejection_keywords": "yes",
        "timestamp": "2026-04-24T03:20:40.062630",
        "element_type": "node",
        "element_id": 12752996517,
        "country": "Kazakhstan",
        "unit_type": "generator"
      }
    },
    {
      "type": "Feature",
      "geometry": {
        "type": "Point",
        "coordinates": [
          79.7890234,
          46.9246739
        ]
      },
      "properties": {
        "label": "Rejected node 12752996516",
        "type": "Capacity placeholder value",
        "osm_element": "https://www.openstreetmap.org/node/12752996516",
        "rejection_reason": "Capacity placeholder value",
        "rejection_details": "Tag 'generator:output:electricity' contains placeholder value 'yes' instead of actual capacity",
        "rejection_keywords": "yes",
        "timestamp": "2026-04-24T03:20:40.062642",
        "element_type": "node",
        "element_id": 12752996516,
        "country": "Kazakhstan",
        "unit_type": "generator"
      }
    },
    {
      "type": "Feature",
      "geometry": {
        "type": "Point",
        "coordinates": [
          79.7807729,
          46.9274436
        ]
      },
      "properties": {
        "label": "Rejected node 12752996515",
        "type": "Capacity placeholder value",
        "osm_element": "https://www.openstreetmap.org/node/12752996515",
        "rejection_reason": "Capacity placeholder value",
        "rejection_details": "Tag 'generator:output:electricity' contains placeholder value 'yes' instead of actual capacity",
        "rejection_keywords": "yes",
        "timestamp": "2026-04-24T03:20:40.062654",
        "element_type": "node",
        "element_id": 12752996515,
        "country": "Kazakhstan",
        "unit_type": "generator"
      }
    },
    {
      "type": "Feature",
      "geometry": {
        "type": "Point",
        "coordinates": [
          79.77234,
          46.929964
        ]
      },
      "properties": {
        "label": "Rejected node 12752996514",
        "type": "Capacity placeholder value",
        "osm_element": "https://www.openstreetmap.org/node/12752996514",
        "rejection_reason": "Capacity placeholder value",
        "rejection_details": "Tag 'generator:output:electricity' contains placeholder value 'yes' instead of actual capacity",
        "rejection_keywords": "yes",
        "timestamp": "2026-04-24T03:20:40.062666",
        "element_type": "node",
        "element_id": 12752996514,
        "country": "Kazakhstan",
        "unit_type": "generator"
      }
    },
    {
      "type": "Feature",
      "geometry": {
        "type": "Point",
        "coordinates": [
          79.7640145,
          46.9325502
        ]
      },
      "properties": {
        "label": "Rejected node 12752996513",
        "type": "Capacity placeholder value",
        "osm_element": "https://www.openstreetmap.org/node/12752996513",
        "rejection_reason": "Capacity placeholder value",
        "rejection_details": "Tag 'generator:output:electricity' contains placeholder value 'yes' instead of actual capacity",
        "rejection_keywords": "yes",
        "timestamp": "2026-04-24T03:20:40.062677",
        "element_type": "node",
        "element_id": 12752996513,
        "country": "Kazakhstan",
        "unit_type": "generator"
      }
    },
    {
      "type": "Feature",
      "geometry": {
        "type": "Point",
        "coordinates": [
          79.7556782,
          46.935129
        ]
      },
      "properties": {
        "label": "Rejected node 12752996512",
        "type": "Capacity placeholder value",
        "osm_element": "https://www.openstreetmap.org/node/12752996512",
        "rejection_reason": "Capacity placeholder value",
        "rejection_details": "Tag 'generator:output:electricity' contains placeholder value 'yes' instead of actual capacity",
        "rejection_keywords": "yes",
        "timestamp": "2026-04-24T03:20:40.062689",
        "element_type": "node",
        "element_id": 12752996512,
        "country": "Kazakhstan",
        "unit_type": "generator"
      }
    },
    {
      "type": "Feature",
      "geometry": {
        "type": "Point",
        "coordinates": [
          79.7472238,
          46.937693
        ]
      },
      "properties": {
        "label": "Rejected node 12752996511",
        "type": "Capacity placeholder value",
        "osm_element": "https://www.openstreetmap.org/node/12752996511",
        "rejection_reason": "Capacity placeholder value",
        "rejection_details": "Tag 'generator:output:electricity' contains placeholder value 'yes' instead of actual capacity",
        "rejection_keywords": "yes",
        "timestamp": "2026-04-24T03:20:40.062701",
        "element_type": "node",
        "element_id": 12752996511,
        "country": "Kazakhstan",
        "unit_type": "generator"
      }
    },
    {
      "type": "Feature",
      "geometry": {
        "type": "Point",
        "coordinates": [
          79.7388554,
          46.9403448
        ]
      },
      "properties": {
        "label": "Rejected node 12752996510",
        "type": "Capacity placeholder value",
        "osm_element": "https://www.openstreetmap.org/node/12752996510",
        "rejection_reason": "Capacity placeholder value",
        "rejection_details": "Tag 'generator:output:electricity' contains placeholder value 'yes' instead of actual capacity",
        "rejection_keywords": "yes",
        "timestamp": "2026-04-24T03:20:40.062712",
        "element_type": "node",
        "element_id": 12752996510,
        "country": "Kazakhstan",
        "unit_type": "generator"
      }
    },
    {
      "type": "Feature",
      "geometry": {
        "type": "Point",
        "coordinates": [
          79.742589,
          46.8914634
        ]
      },
      "properties": {
        "label": "Rejected node 12752996509",
        "type": "Capacity placeholder value",
        "osm_element": "https://www.openstreetmap.org/node/12752996509",
        "rejection_reason": "Capacity placeholder value",
        "rejection_details": "Tag 'generator:output:electricity' contains placeholder value 'yes' instead of actual capacity",
        "rejection_keywords": "yes",
        "timestamp": "2026-04-24T03:20:40.062723",
        "element_type": "node",
        "element_id": 12752996509,
        "country": "Kazakhstan",
        "unit_type": "generator"
      }
    },
    {
      "type": "Feature",
      "geometry": {
        "type": "Point",
        "coordinates": [
          79.7348428,
          46.8943521
        ]
      },
      "properties": {
        "label": "Rejected node 12752996508",
        "type": "Capacity placeholder value",
        "osm_element": "https://www.openstreetmap.org/node/12752996508",
        "rejection_reason": "Capacity placeholder value",
        "rejection_details": "Tag 'generator:output:electricity' contains placeholder value 'yes' instead of actual capacity",
        "rejection_keywords": "yes",
        "timestamp": "2026-04-24T03:20:40.062734",
        "element_type": "node",
        "element_id": 12752996508,
        "country": "Kazakhstan",
        "unit_type": "generator"
      }
    },
    {
      "type": "Feature",
      "geometry": {
        "type": "Point",
        "coordinates": [
          79.7267318,
          46.8973286
        ]
      },
      "properties": {
        "label": "Rejected node 12752996507",
        "type": "Capacity placeholder value",
        "osm_element": "https://www.openstreetmap.org/node/12752996507",
        "rejection_reason": "Capacity placeholder value",
        "rejection_details": "Tag 'generator:output:electricity' contains placeholder value 'yes' instead of actual capacity",
        "rejection_keywords": "yes",
        "timestamp": "2026-04-24T03:20:40.062745",
        "element_type": "node",
        "element_id": 12752996507,
        "country": "Kazakhstan",
        "unit_type": "generator"
      }
    },
    {
      "type": "Feature",
      "geometry": {
        "type": "Point",
        "coordinates": [
          79.7188782,
          46.9002902
        ]
      },
      "properties": {
        "label": "Rejected node 12752996506",
        "type": "Capacity placeholder value",
        "osm_element": "https://www.openstreetmap.org/node/12752996506",
        "rejection_reason": "Capacity placeholder value",
        "rejection_details": "Tag 'generator:output:electricity' contains placeholder value 'yes' instead of actual capacity",
        "rejection_keywords": "yes",
        "timestamp": "2026-04-24T03:20:40.062756",
        "element_type": "node",
        "element_id": 12752996506,
        "country": "Kazakhstan",
        "unit_type": "generator"
      }
    },
    {
      "type": "Feature",
      "geometry": {
        "type": "Point",
        "coordinates": [
          79.7087073,
          46.9040581
        ]
      },
      "properties": {
        "label": "Rejected node 12752996505",
        "type": "Capacity placeholder value",
        "osm_element": "https://www.openstreetmap.org/node/12752996505",
        "rejection_reason": "Capacity placeholder value",
        "rejection_details": "Tag 'generator:output:electricity' contains placeholder value 'yes' instead of actual capacity",
        "rejection_keywords": "yes",
        "timestamp": "2026-04-24T03:20:40.062767",
        "element_type": "node",
        "element_id": 12752996505,
        "country": "Kazakhstan",
        "unit_type": "generator"
      }
    },
    {
      "type": "Feature",
      "geometry": {
        "type": "Point",
        "coordinates": [
          79.7006178,
          46.907122
        ]
      },
      "properties": {
        "label": "Rejected node 12752996504",
        "type": "Capacity placeholder value",
        "osm_element": "https://www.openstreetmap.org/node/12752996504",
        "rejection_reason": "Capacity placeholder value",
        "rejection_details": "Tag 'generator:output:electricity' contains placeholder value 'yes' instead of actual capacity",
        "rejection_keywords": "yes",
        "timestamp": "2026-04-24T03:20:40.062778",
        "element_type": "node",
        "element_id": 12752996504,
        "country": "Kazakhstan",
        "unit_type": "generator"
      }
    },
    {
      "type": "Feature",
      "geometry": {
        "type": "Point",
        "coordinates": [
          79.6927428,
          46.9100685
        ]
      },
      "properties": {
        "label": "Rejected node 12752996503",
        "type": "Capacity placeholder value",
        "osm_element": "https://www.openstreetmap.org/node/12752996503",
        "rejection_reason": "Capacity placeholder value",
        "rejection_details": "Tag 'generator:output:electricity' contains placeholder value 'yes' instead of actual capacity",
        "rejection_keywords": "yes",
        "timestamp": "2026-04-24T03:20:40.062788",
        "element_type": "node",
        "element_id": 12752996503,
        "country": "Kazakhstan",
        "unit_type": "generator"
      }
    },
    {
      "type": "Feature",
      "geometry": {
        "type": "Point",
        "coordinates": [
          79.8097944,
          46.9446226
        ]
      },
      "properties": {
        "label": "Rejected node 12752996502",
        "type": "Capacity placeholder value",
        "osm_element": "https://www.openstreetmap.org/node/12752996502",
        "rejection_reason": "Capacity placeholder value",
        "rejection_details": "Tag 'generator:output:electricity' contains placeholder value 'yes' instead of actual capacity",
        "rejection_keywords": "yes",
        "timestamp": "2026-04-24T03:20:40.062801",
        "element_type": "node",
        "element_id": 12752996502,
        "country": "Kazakhstan",
        "unit_type": "generator"
      }
    },
    {
      "type": "Feature",
      "geometry": {
        "type": "Point",
        "coordinates": [
          79.8020911,
          46.946483
        ]
      },
      "properties": {
        "label": "Rejected node 12752996501",
        "type": "Capacity placeholder value",
        "osm_element": "https://www.openstreetmap.org/node/12752996501",
        "rejection_reason": "Capacity placeholder value",
        "rejection_details": "Tag 'generator:output:electricity' contains placeholder value 'yes' instead of actual capacity",
        "rejection_keywords": "yes",
        "timestamp": "2026-04-24T03:20:40.062812",
        "element_type": "node",
        "element_id": 12752996501,
        "country": "Kazakhstan",
        "unit_type": "generator"
      }
    },
    {
      "type": "Feature",
      "geometry": {
        "type": "Point",
        "coordinates": [
          79.7941518,
          46.9484313
        ]
      },
      "properties": {
        "label": "Rejected node 12752996500",
        "type": "Capacity placeholder value",
        "osm_element": "https://www.openstreetmap.org/node/12752996500",
        "rejection_reason": "Capacity placeholder value",
        "rejection_details": "Tag 'generator:output:electricity' contains placeholder value 'yes' instead of actual capacity",
        "rejection_keywords": "yes",
        "timestamp": "2026-04-24T03:20:40.062824",
        "element_type": "node",
        "element_id": 12752996500,
        "country": "Kazakhstan",
        "unit_type": "generator"
      }
    },
    {
      "type": "Feature",
      "geometry": {
        "type": "Point",
        "coordinates": [
          79.7857833,
          46.9505259
        ]
      },
      "properties": {
        "label": "Rejected node 12752996499",
        "type": "Capacity placeholder value",
        "osm_element": "https://www.openstreetmap.org/node/12752996499",
        "rejection_reason": "Capacity placeholder value",
        "rejection_details": "Tag 'generator:output:electricity' contains placeholder value 'yes' instead of actual capacity",
        "rejection_keywords": "yes",
        "timestamp": "2026-04-24T03:20:40.062835",
        "element_type": "node",
        "element_id": 12752996499,
        "country": "Kazakhstan",
        "unit_type": "generator"
      }
    },
    {
      "type": "Feature",
      "geometry": {
        "type": "Point",
        "coordinates": [
          79.7780156,
          46.9524154
        ]
      },
      "properties": {
        "label": "Rejected node 12752996498",
        "type": "Capacity placeholder value",
        "osm_element": "https://www.openstreetmap.org/node/12752996498",
        "rejection_reason": "Capacity placeholder value",
        "rejection_details": "Tag 'generator:output:electricity' contains placeholder value 'yes' instead of actual capacity",
        "rejection_keywords": "yes",
        "timestamp": "2026-04-24T03:20:40.062845",
        "element_type": "node",
        "element_id": 12752996498,
        "country": "Kazakhstan",
        "unit_type": "generator"
      }
    },
    {
      "type": "Feature",
      "geometry": {
        "type": "Point",
        "coordinates": [
          79.7708058,
          46.9540852
        ]
      },
      "properties": {
        "label": "Rejected node 12752996497",
        "type": "Capacity placeholder value",
        "osm_element": "https://www.openstreetmap.org/node/12752996497",
        "rejection_reason": "Capacity placeholder value",
        "rejection_details": "Tag 'generator:output:electricity' contains placeholder value 'yes' instead of actual capacity",
        "rejection_keywords": "yes",
        "timestamp": "2026-04-24T03:20:40.062856",
        "element_type": "node",
        "element_id": 12752996497,
        "country": "Kazakhstan",
        "unit_type": "generator"
      }
    },
    {
      "type": "Feature",
      "geometry": {
        "type": "Point",
        "coordinates": [
          79.7624802,
          46.9562528
        ]
      },
      "properties": {
        "label": "Rejected node 12752996496",
        "type": "Capacity placeholder value",
        "osm_element": "https://www.openstreetmap.org/node/12752996496",
        "rejection_reason": "Capacity placeholder value",
        "rejection_details": "Tag 'generator:output:electricity' contains placeholder value 'yes' instead of actual capacity",
        "rejection_keywords": "yes",
        "timestamp": "2026-04-24T03:20:40.062867",
        "element_type": "node",
        "element_id": 12752996496,
        "country": "Kazakhstan",
        "unit_type": "generator"
      }
    },
    {
      "type": "Feature",
      "geometry": {
        "type": "Point",
        "coordinates": [
          79.7553348,
          46.9579225
        ]
      },
      "properties": {
        "label": "Rejected node 12752996495",
        "type": "Capacity placeholder value",
        "osm_element": "https://www.openstreetmap.org/node/12752996495",
        "rejection_reason": "Capacity placeholder value",
        "rejection_details": "Tag 'generator:output:electricity' contains placeholder value 'yes' instead of actual capacity",
        "rejection_keywords": "yes",
        "timestamp": "2026-04-24T03:20:40.062878",
        "element_type": "node",
        "element_id": 12752996495,
        "country": "Kazakhstan",
        "unit_type": "generator"
      }
    },
    {
      "type": "Feature",
      "geometry": {
        "type": "Point",
        "coordinates": [
          63.8087725,
          53.2825277
        ]
      },
      "properties": {
        "label": "Rejected node 11944828453",
        "type": "Missing output tag",
        "osm_element": "https://www.openstreetmap.org/node/11944828453",
        "rejection_reason": "Missing output tag",
        "rejection_details": "tags: {'generator:method': 'wind_turbine', 'generator:source': 'wind', 'power': 'generator'}",
        "rejection_keywords": "none",
        "timestamp": "2026-04-24T03:20:40.065861",
        "element_type": "node",
        "element_id": 11944828453,
        "country": "Kazakhstan",
        "unit_type": "generator"
      }
    },
    {
      "type": "Feature",
      "geometry": {
        "type": "Point",
        "coordinates": [
          63.8101673,
          53.2882746
        ]
      },
      "properties": {
        "label": "Rejected node 11944828452",
        "type": "Missing output tag",
        "osm_element": "https://www.openstreetmap.org/node/11944828452",
        "rejection_reason": "Missing output tag",
        "rejection_details": "tags: {'generator:method': 'wind_turbine', 'generator:source': 'wind', 'power': 'generator'}",
        "rejection_keywords": "none",
        "timestamp": "2026-04-24T03:20:40.065888",
        "element_type": "node",
        "element_id": 11944828452,
        "country": "Kazakhstan",
        "unit_type": "generator"
      }
    },
    {
      "type": "Feature",
      "geometry": {
        "type": "Point",
        "coordinates": [
          63.8356375,
          53.2658469
        ]
      },
      "properties": {
        "label": "Rejected node 11944828455",
        "type": "Missing output tag",
        "osm_element": "https://www.openstreetmap.org/node/11944828455",
        "rejection_reason": "Missing output tag",
        "rejection_details": "tags: {'generator:method': 'wind_turbine', 'generator:source': 'wind', 'power': 'generator'}",
        "rejection_keywords": "none",
        "timestamp": "2026-04-24T03:20:40.065908",
        "element_type": "node",
        "element_id": 11944828455,
        "country": "Kazakhstan",
        "unit_type": "generator"
      }
    },
    {
      "type": "Feature",
      "geometry": {
        "type": "Point",
        "coordinates": [
          63.8365816,
          53.2737903
        ]
      },
      "properties": {
        "label": "Rejected node 11944828454",
        "type": "Missing output tag",
        "osm_element": "https://www.openstreetmap.org/node/11944828454",
        "rejection_reason": "Missing output tag",
        "rejection_details": "tags: {'generator:method': 'wind_turbine', 'generator:source': 'wind', 'power': 'generator'}",
        "rejection_keywords": "none",
        "timestamp": "2026-04-24T03:20:40.065926",
        "element_type": "node",
        "element_id": 11944828454,
        "country": "Kazakhstan",
        "unit_type": "generator"
      }
    },
    {
      "type": "Feature",
      "geometry": {
        "type": "Point",
        "coordinates": [
          63.8476967,
          53.2894419
        ]
      },
      "properties": {
        "label": "Rejected node 11944828449",
        "type": "Missing output tag",
        "osm_element": "https://www.openstreetmap.org/node/11944828449",
        "rejection_reason": "Missing output tag",
        "rejection_details": "tags: {'generator:method': 'wind_turbine', 'generator:source': 'wind', 'power': 'generator'}",
        "rejection_keywords": "none",
        "timestamp": "2026-04-24T03:20:40.065943",
        "element_type": "node",
        "element_id": 11944828449,
        "country": "Kazakhstan",
        "unit_type": "generator"
      }
    },
    {
      "type": "Feature",
      "geometry": {
        "type": "Point",
        "coordinates": [
          63.855164,
          53.2859015
        ]
      },
      "properties": {
        "label": "Rejected node 11944828448",
        "type": "Missing output tag",
        "osm_element": "https://www.openstreetmap.org/node/11944828448",
        "rejection_reason": "Missing output tag",
        "rejection_details": "tags: {'generator:method': 'wind_turbine', 'generator:source': 'wind', 'power': 'generator'}",
        "rejection_keywords": "none",
        "timestamp": "2026-04-24T03:20:40.065982",
        "element_type": "node",
        "element_id": 11944828448,
        "country": "Kazakhstan",
        "unit_type": "generator"
      }
    },
    {
      "type": "Feature",
      "geometry": {
        "type": "Point",
        "coordinates": [
          63.8254666,
          53.2939054
        ]
      },
      "properties": {
        "label": "Rejected node 11944828451",
        "type": "Missing output tag",
        "osm_element": "https://www.openstreetmap.org/node/11944828451",
        "rejection_reason": "Missing output tag",
        "rejection_details": "tags: {'generator:method': 'wind_turbine', 'generator:source': 'wind', 'power': 'generator'}",
        "rejection_keywords": "none",
        "timestamp": "2026-04-24T03:20:40.065999",
        "element_type": "node",
        "element_id": 11944828451,
        "country": "Kazakhstan",
        "unit_type": "generator"
      }
    },
    {
      "type": "Feature",
      "geometry": {
        "type": "Point",
        "coordinates": [
          63.8368177,
          53.2971629
        ]
      },
      "properties": {
        "label": "Rejected node 11944828450",
        "type": "Missing output tag",
        "osm_element": "https://www.openstreetmap.org/node/11944828450",
        "rejection_reason": "Missing output tag",
        "rejection_details": "tags: {'generator:method': 'wind_turbine', 'generator:source': 'wind', 'power': 'generator'}",
        "rejection_keywords": "none",
        "timestamp": "2026-04-24T03:20:40.066015",
        "element_type": "node",
        "element_id": 11944828450,
        "country": "Kazakhstan",
        "unit_type": "generator"
      }
    },
    {
      "type": "Feature",
      "geometry": {
        "type": "Point",
        "coordinates": [
          63.7973999,
          53.2664629
        ]
      },
      "properties": {
        "label": "Rejected node 11944828461",
        "type": "Missing output tag",
        "osm_element": "https://www.openstreetmap.org/node/11944828461",
        "rejection_reason": "Missing output tag",
        "rejection_details": "tags: {'generator:method': 'wind_turbine', 'generator:source': 'wind', 'power': 'generator'}",
        "rejection_keywords": "none",
        "timestamp": "2026-04-24T03:20:40.066032",
        "element_type": "node",
        "element_id": 11944828461,
        "country": "Kazakhstan",
        "unit_type": "generator"
      }
    },
    {
      "type": "Feature",
      "geometry": {
        "type": "Point",
        "coordinates": [
          63.7963914,
          53.2731615
        ]
      },
      "properties": {
        "label": "Rejected node 11944828460",
        "type": "Missing output tag",
        "osm_element": "https://www.openstreetmap.org/node/11944828460",
        "rejection_reason": "Missing output tag",
        "rejection_details": "tags: {'generator:method': 'wind_turbine', 'generator:source': 'wind', 'power': 'generator'}",
        "rejection_keywords": "none",
        "timestamp": "2026-04-24T03:20:40.066049",
        "element_type": "node",
        "element_id": 11944828460,
        "country": "Kazakhstan",
        "unit_type": "generator"
      }
    },
    {
      "type": "Feature",
      "geometry": {
        "type": "Point",
        "coordinates": [
          63.8120555,
          53.2603536
        ]
      },
      "properties": {
        "label": "Rejected node 11944828457",
        "type": "Missing output tag",
        "osm_element": "https://www.openstreetmap.org/node/11944828457",
        "rejection_reason": "Missing output tag",
        "rejection_details": "tags: {'generator:method': 'wind_turbine', 'generator:source': 'wind', 'power': 'generator'}",
        "rejection_keywords": "none",
        "timestamp": "2026-04-24T03:20:40.066065",
        "element_type": "node",
        "element_id": 11944828457,
        "country": "Kazakhstan",
        "unit_type": "generator"
      }
    },
    {
      "type": "Feature",
      "geometry": {
        "type": "Point",
        "coordinates": [
          63.8169693,
          53.2689397
        ]
      },
      "properties": {
        "label": "Rejected node 11944828456",
        "type": "Missing output tag",
        "osm_element": "https://www.openstreetmap.org/node/11944828456",
        "rejection_reason": "Missing output tag",
        "rejection_details": "tags: {'generator:method': 'wind_turbine', 'generator:source': 'wind', 'power': 'generator'}",
        "rejection_keywords": "none",
        "timestamp": "2026-04-24T03:20:40.066080",
        "element_type": "node",
        "element_id": 11944828456,
        "country": "Kazakhstan",
        "unit_type": "generator"
      }
    },
    {
      "type": "Feature",
      "geometry": {
        "type": "Point",
        "coordinates": [
          63.8238358,
          53.2591599
        ]
      },
      "properties": {
        "label": "Rejected node 11944828459",
        "type": "Missing output tag",
        "osm_element": "https://www.openstreetmap.org/node/11944828459",
        "rejection_reason": "Missing output tag",
        "rejection_details": "tags: {'generator:method': 'wind_turbine', 'generator:source': 'wind', 'power': 'generator'}",
        "rejection_keywords": "none",
        "timestamp": "2026-04-24T03:20:40.066096",
        "element_type": "node",
        "element_id": 11944828459,
        "country": "Kazakhstan",
        "unit_type": "generator"
      }
    },
    {
      "type": "Feature",
      "geometry": {
        "type": "Point",
        "coordinates": [
          63.8095879,
          53.2516759
        ]
      },
      "properties": {
        "label": "Rejected node 11944828458",
        "type": "Missing output tag",
        "osm_element": "https://www.openstreetmap.org/node/11944828458",
        "rejection_reason": "Missing output tag",
        "rejection_details": "tags: {'generator:method': 'wind_turbine', 'generator:source': 'wind', 'power': 'generator'}",
        "rejection_keywords": "none",
        "timestamp": "2026-04-24T03:20:40.066111",
        "element_type": "node",
        "element_id": 11944828458,
        "country": "Kazakhstan",
        "unit_type": "generator"
      }
    },
    {
      "type": "Feature",
      "geometry": {
        "type": "Point",
        "coordinates": [
          63.8573527,
          53.2762539
        ]
      },
      "properties": {
        "label": "Rejected node 11944828447",
        "type": "Missing output tag",
        "osm_element": "https://www.openstreetmap.org/node/11944828447",
        "rejection_reason": "Missing output tag",
        "rejection_details": "tags: {'generator:method': 'wind_turbine', 'generator:source': 'wind', 'power': 'generator'}",
        "rejection_keywords": "none",
        "timestamp": "2026-04-24T03:20:40.066127",
        "element_type": "node",
        "element_id": 11944828447,
        "country": "Kazakhstan",
        "unit_type": "generator"
      }
    },
    {
      "type": "Feature",
      "geometry": {
        "type": "Point",
        "coordinates": [
          63.865807,
          53.2811421
        ]
      },
      "properties": {
        "label": "Rejected node 11944828446",
        "type": "Missing output tag",
        "osm_element": "https://www.openstreetmap.org/node/11944828446",
        "rejection_reason": "Missing output tag",
        "rejection_details": "tags: {'generator:method': 'wind_turbine', 'generator:source': 'wind', 'power': 'generator'}",
        "rejection_keywords": "none",
        "timestamp": "2026-04-24T03:20:40.066143",
        "element_type": "node",
        "element_id": 11944828446,
        "country": "Kazakhstan",
        "unit_type": "generator"
      }
    },
    {
      "type": "Feature",
      "geometry": {
        "type": "Point",
        "coordinates": [
          53.0758746,
          47.5840701
        ]
      },
      "properties": {
        "label": "Rejected node 9571571660",
        "type": "Missing output tag",
        "osm_element": "https://www.openstreetmap.org/node/9571571660",
        "rejection_reason": "Missing output tag",
        "rejection_details": "tags: {'generator:method': 'wind_turbine', 'generator:source': 'wind', 'power': 'generator'}",
        "rejection_keywords": "none",
        "timestamp": "2026-04-24T03:20:40.067700",
        "element_type": "node",
        "element_id": 9571571660,
        "country": "Kazakhstan",
        "unit_type": "generator"
      }
    },
    {
      "type": "Feature",
      "geometry": {
        "type": "Point",
        "coordinates": [
          53.0805814,
          47.5850145
        ]
      },
      "properties": {
        "label": "Rejected node 9571571661",
        "type": "Missing output tag",
        "osm_element": "https://www.openstreetmap.org/node/9571571661",
        "rejection_reason": "Missing output tag",
        "rejection_details": "tags: {'generator:method': 'wind_turbine', 'generator:source': 'wind', 'power': 'generator'}",
        "rejection_keywords": "none",
        "timestamp": "2026-04-24T03:20:40.067724",
        "element_type": "node",
        "element_id": 9571571661,
        "country": "Kazakhstan",
        "unit_type": "generator"
      }
    },
    {
      "type": "Feature",
      "geometry": {
        "type": "Point",
        "coordinates": [
          53.0849629,
          47.5860649
        ]
      },
      "properties": {
        "label": "Rejected node 9571571662",
        "type": "Missing output tag",
        "osm_element": "https://www.openstreetmap.org/node/9571571662",
        "rejection_reason": "Missing output tag",
        "rejection_details": "tags: {'generator:method': 'wind_turbine', 'generator:source': 'wind', 'power': 'generator'}",
        "rejection_keywords": "none",
        "timestamp": "2026-04-24T03:20:40.067743",
        "element_type": "node",
        "element_id": 9571571662,
        "country": "Kazakhstan",
        "unit_type": "generator"
      }
    },
    {
      "type": "Feature",
      "geometry": {
        "type": "Point",
        "coordinates": [
          53.0865343,
          47.5831048
        ]
      },
      "properties": {
        "label": "Rejected node 9571571663",
        "type": "Missing output tag",
        "osm_element": "https://www.openstreetmap.org/node/9571571663",
        "rejection_reason": "Missing output tag",
        "rejection_details": "tags: {'generator:method': 'wind_turbine', 'generator:source': 'wind', 'power': 'generator'}",
        "rejection_keywords": "none",
        "timestamp": "2026-04-24T03:20:40.067760",
        "element_type": "node",
        "element_id": 9571571663,
        "country": "Kazakhstan",
        "unit_type": "generator"
      }
    },
    {
      "type": "Feature",
      "geometry": {
        "type": "Point",
        "coordinates": [
          53.0821601,
          47.5820303
        ]
      },
      "properties": {
        "label": "Rejected node 9571571664",
        "type": "Missing output tag",
        "osm_element": "https://www.openstreetmap.org/node/9571571664",
        "rejection_reason": "Missing output tag",
        "rejection_details": "tags: {'generator:method': 'wind_turbine', 'generator:source': 'wind', 'power': 'generator'}",
        "rejection_keywords": "none",
        "timestamp": "2026-04-24T03:20:40.067777",
        "element_type": "node",
        "element_id": 9571571664,
        "country": "Kazakhstan",
        "unit_type": "generator"
      }
    },
    {
      "type": "Feature",
      "geometry": {
        "type": "Point",
        "coordinates": [
          53.07775,
          47.5810135
        ]
      },
      "properties": {
        "label": "Rejected node 9571571665",
        "type": "Missing output tag",
        "osm_element": "https://www.openstreetmap.org/node/9571571665",
        "rejection_reason": "Missing output tag",
        "rejection_details": "tags: {'generator:method': 'wind_turbine', 'generator:source': 'wind', 'power': 'generator'}",
        "rejection_keywords": "none",
        "timestamp": "2026-04-24T03:20:40.067794",
        "element_type": "node",
        "element_id": 9571571665,
        "country": "Kazakhstan",
        "unit_type": "generator"
      }
    },
    {
      "type": "Feature",
      "geometry": {
        "type": "Point",
        "coordinates": [
          53.0771271,
          47.5777618
        ]
      },
      "properties": {
        "label": "Rejected node 9571571666",
        "type": "Missing output tag",
        "osm_element": "https://www.openstreetmap.org/node/9571571666",
        "rejection_reason": "Missing output tag",
        "rejection_details": "tags: {'generator:method': 'wind_turbine', 'generator:source': 'wind', 'power': 'generator'}",
        "rejection_keywords": "none",
        "timestamp": "2026-04-24T03:20:40.067811",
        "element_type": "node",
        "element_id": 9571571666,
        "country": "Kazakhstan",
        "unit_type": "generator"
      }
    },
    {
      "type": "Feature",
      "geometry": {
        "type": "Point",
        "coordinates": [
          53.081544,
          47.5788123
        ]
      },
      "properties": {
        "label": "Rejected node 9571571667",
        "type": "Missing output tag",
        "osm_element": "https://www.openstreetmap.org/node/9571571667",
        "rejection_reason": "Missing output tag",
        "rejection_details": "tags: {'generator:method': 'wind_turbine', 'generator:source': 'wind', 'power': 'generator'}",
        "rejection_keywords": "none",
        "timestamp": "2026-04-24T03:20:40.067827",
        "element_type": "node",
        "element_id": 9571571667,
        "country": "Kazakhstan",
        "unit_type": "generator"
      }
    },
    {
      "type": "Feature",
      "geometry": {
        "type": "Point",
        "coordinates": [
          53.0859255,
          47.5798437
        ]
      },
      "properties": {
        "label": "Rejected node 9571571668",
        "type": "Missing output tag",
        "osm_element": "https://www.openstreetmap.org/node/9571571668",
        "rejection_reason": "Missing output tag",
        "rejection_details": "tags: {'generator:method': 'wind_turbine', 'generator:source': 'wind', 'power': 'generator'}",
        "rejection_keywords": "none",
        "timestamp": "2026-04-24T03:20:40.067843",
        "element_type": "node",
        "element_id": 9571571668,
        "country": "Kazakhstan",
        "unit_type": "generator"
      }
    },
    {
      "type": "Feature",
      "geometry": {
        "type": "Point",
        "coordinates": [
          53.0880845,
          47.577036
        ]
      },
      "properties": {
        "label": "Rejected node 9571571669",
        "type": "Missing output tag",
        "osm_element": "https://www.openstreetmap.org/node/9571571669",
        "rejection_reason": "Missing output tag",
        "rejection_details": "tags: {'generator:method': 'wind_turbine', 'generator:source': 'wind', 'power': 'generator'}",
        "rejection_keywords": "none",
        "timestamp": "2026-04-24T03:20:40.067859",
        "element_type": "node",
        "element_id": 9571571669,
        "country": "Kazakhstan",
        "unit_type": "generator"
      }
    },
    {
      "type": "Feature",
      "geometry": {
        "type": "Point",
        "coordinates": [
          53.0837029,
          47.5759998
        ]
      },
      "properties": {
        "label": "Rejected node 9571571670",
        "type": "Missing output tag",
        "osm_element": "https://www.openstreetmap.org/node/9571571670",
        "rejection_reason": "Missing output tag",
        "rejection_details": "tags: {'generator:method': 'wind_turbine', 'generator:source': 'wind', 'power': 'generator'}",
        "rejection_keywords": "none",
        "timestamp": "2026-04-24T03:20:40.067876",
        "element_type": "node",
        "element_id": 9571571670,
        "country": "Kazakhstan",
        "unit_type": "generator"
      }
    },
    {
      "type": "Feature",
      "geometry": {
        "type": "Point",
        "coordinates": [
          53.0793072,
          47.5749492
        ]
      },
      "properties": {
        "label": "Rejected node 9571571671",
        "type": "Missing output tag",
        "osm_element": "https://www.openstreetmap.org/node/9571571671",
        "rejection_reason": "Missing output tag",
        "rejection_details": "tags: {'generator:method': 'wind_turbine', 'generator:source': 'wind', 'power': 'generator'}",
        "rejection_keywords": "none",
        "timestamp": "2026-04-24T03:20:40.067891",
        "element_type": "node",
        "element_id": 9571571671,
        "country": "Kazakhstan",
        "unit_type": "generator"
      }
    },
    {
      "type": "Feature",
      "geometry": {
        "type": "Point",
        "coordinates": [
          53.0798664,
          47.5717593
        ]
      },
      "properties": {
        "label": "Rejected node 9571571672",
        "type": "Missing output tag",
        "osm_element": "https://www.openstreetmap.org/node/9571571672",
        "rejection_reason": "Missing output tag",
        "rejection_details": "tags: {'generator:method': 'wind_turbine', 'generator:source': 'wind', 'power': 'generator'}",
        "rejection_keywords": "none",
        "timestamp": "2026-04-24T03:20:40.067907",
        "element_type": "node",
        "element_id": 9571571672,
        "country": "Kazakhstan",
        "unit_type": "generator"
      }
    },
    {
      "type": "Feature",
      "geometry": {
        "type": "Point",
        "coordinates": [
          53.084248,
          47.5728003
        ]
      },
      "properties": {
        "label": "Rejected node 9571571673",
        "type": "Missing output tag",
        "osm_element": "https://www.openstreetmap.org/node/9571571673",
        "rejection_reason": "Missing output tag",
        "rejection_details": "tags: {'generator:method': 'wind_turbine', 'generator:source': 'wind', 'power': 'generator'}",
        "rejection_keywords": "none",
        "timestamp": "2026-04-24T03:20:40.067923",
        "element_type": "node",
        "element_id": 9571571673,
        "country": "Kazakhstan",
        "unit_type": "generator"
      }
    },
    {
      "type": "Feature",
      "geometry": {
        "type": "Point",
        "coordinates": [
          53.0886224,
          47.5738461
        ]
      },
      "properties": {
        "label": "Rejected node 9571571674",
        "type": "Missing output tag",
        "osm_element": "https://www.openstreetmap.org/node/9571571674",
        "rejection_reason": "Missing output tag",
        "rejection_details": "tags: {'generator:method': 'wind_turbine', 'generator:source': 'wind', 'power': 'generator'}",
        "rejection_keywords": "none",
        "timestamp": "2026-04-24T03:20:40.067939",
        "element_type": "node",
        "element_id": 9571571674,
        "country": "Kazakhstan",
        "unit_type": "generator"
      }
    },
    {
      "type": "Feature",
      "geometry": {
        "type": "Point",
        "coordinates": [
          53.0930252,
          47.5727191
        ]
      },
      "properties": {
        "label": "Rejected node 9571571675",
        "type": "Missing output tag",
        "osm_element": "https://www.openstreetmap.org/node/9571571675",
        "rejection_reason": "Missing output tag",
        "rejection_details": "tags: {'generator:method': 'wind_turbine', 'generator:source': 'wind', 'power': 'generator'}",
        "rejection_keywords": "none",
        "timestamp": "2026-04-24T03:20:40.067976",
        "element_type": "node",
        "element_id": 9571571675,
        "country": "Kazakhstan",
        "unit_type": "generator"
      }
    },
    {
      "type": "Feature",
      "geometry": {
        "type": "Point",
        "coordinates": [
          53.0849627,
          47.5663531
        ]
      },
      "properties": {
        "label": "Rejected node 9571571676",
        "type": "Missing output tag",
        "osm_element": "https://www.openstreetmap.org/node/9571571676",
        "rejection_reason": "Missing output tag",
        "rejection_details": "tags: {'generator:method': 'wind_turbine', 'generator:source': 'wind', 'power': 'generator'}",
        "rejection_keywords": "none",
        "timestamp": "2026-04-24T03:20:40.067994",
        "element_type": "node",
        "element_id": 9571571676,
        "country": "Kazakhstan",
        "unit_type": "generator"
      }
    },
    {
      "type": "Feature",
      "geometry": {
        "type": "Point",
        "coordinates": [
          53.0808241,
          47.5648828
        ]
      },
      "properties": {
        "label": "Rejected node 9571571677",
        "type": "Missing output tag",
        "osm_element": "https://www.openstreetmap.org/node/9571571677",
        "rejection_reason": "Missing output tag",
        "rejection_details": "tags: {'generator:method': 'wind_turbine', 'generator:source': 'wind', 'power': 'generator'}",
        "rejection_keywords": "none",
        "timestamp": "2026-04-24T03:20:40.068012",
        "element_type": "node",
        "element_id": 9571571677,
        "country": "Kazakhstan",
        "unit_type": "generator"
      }
    },
    {
      "type": "Feature",
      "geometry": {
        "type": "Point",
        "coordinates": [
          53.0846375,
          47.5625675
        ]
      },
      "properties": {
        "label": "Rejected node 9571571678",
        "type": "Missing output tag",
        "osm_element": "https://www.openstreetmap.org/node/9571571678",
        "rejection_reason": "Missing output tag",
        "rejection_details": "tags: {'generator:method': 'wind_turbine', 'generator:source': 'wind', 'power': 'generator'}",
        "rejection_keywords": "none",
        "timestamp": "2026-04-24T03:20:40.068029",
        "element_type": "node",
        "element_id": 9571571678,
        "country": "Kazakhstan",
        "unit_type": "generator"
      }
    },
    {
      "type": "Feature",
      "geometry": {
        "type": "Point",
        "coordinates": [
          53.0860442,
          47.559391
        ]
      },
      "properties": {
        "label": "Rejected node 9571571679",
        "type": "Missing output tag",
        "osm_element": "https://www.openstreetmap.org/node/9571571679",
        "rejection_reason": "Missing output tag",
        "rejection_details": "tags: {'generator:method': 'wind_turbine', 'generator:source': 'wind', 'power': 'generator'}",
        "rejection_keywords": "none",
        "timestamp": "2026-04-24T03:20:40.068045",
        "element_type": "node",
        "element_id": 9571571679,
        "country": "Kazakhstan",
        "unit_type": "generator"
      }
    },
    {
      "type": "Feature",
      "geometry": {
        "type": "Point",
        "coordinates": [
          53.0882244,
          47.5565584
        ]
      },
      "properties": {
        "label": "Rejected node 9571571680",
        "type": "Missing output tag",
        "osm_element": "https://www.openstreetmap.org/node/9571571680",
        "rejection_reason": "Missing output tag",
        "rejection_details": "tags: {'generator:method': 'wind_turbine', 'generator:source': 'wind', 'power': 'generator'}",
        "rejection_keywords": "none",
        "timestamp": "2026-04-24T03:20:40.068061",
        "element_type": "node",
        "element_id": 9571571680,
        "country": "Kazakhstan",
        "unit_type": "generator"
      }
    },
    {
      "type": "Feature",
      "geometry": {
        "type": "Point",
        "coordinates": [
          53.0887504,
          47.56405
        ]
      },
      "properties": {
        "label": "Rejected node 9571571681",
        "type": "Missing output tag",
        "osm_element": "https://www.openstreetmap.org/node/9571571681",
        "rejection_reason": "Missing output tag",
        "rejection_details": "tags: {'generator:method': 'wind_turbine', 'generator:source': 'wind', 'power': 'generator'}",
        "rejection_keywords": "none",
        "timestamp": "2026-04-24T03:20:40.068077",
        "element_type": "node",
        "element_id": 9571571681,
        "country": "Kazakhstan",
        "unit_type": "generator"
      }
    },
    {
      "type": "Feature",
      "geometry": {
        "type": "Point",
        "coordinates": [
          53.090467,
          47.5609188
        ]
      },
      "properties": {
        "label": "Rejected node 9571571682",
        "type": "Missing output tag",
        "osm_element": "https://www.openstreetmap.org/node/9571571682",
        "rejection_reason": "Missing output tag",
        "rejection_details": "tags: {'generator:method': 'wind_turbine', 'generator:source': 'wind', 'power': 'generator'}",
        "rejection_keywords": "none",
        "timestamp": "2026-04-24T03:20:40.068092",
        "element_type": "node",
        "element_id": 9571571682,
        "country": "Kazakhstan",
        "unit_type": "generator"
      }
    },
    {
      "type": "Feature",
      "geometry": {
        "type": "Point",
        "coordinates": [
          53.0895662,
          47.5672535
        ]
      },
      "properties": {
        "label": "Rejected node 9571571683",
        "type": "Missing output tag",
        "osm_element": "https://www.openstreetmap.org/node/9571571683",
        "rejection_reason": "Missing output tag",
        "rejection_details": "tags: {'generator:method': 'wind_turbine', 'generator:source': 'wind', 'power': 'generator'}",
        "rejection_keywords": "none",
        "timestamp": "2026-04-24T03:20:40.068108",
        "element_type": "node",
        "element_id": 9571571683,
        "country": "Kazakhstan",
        "unit_type": "generator"
      }
    },
    {
      "type": "Feature",
      "geometry": {
        "type": "Point",
        "coordinates": [
          78.71047723111487,
          43.655558643029714
        ]
      },
      "properties": {
        "label": "Rejected relation 18995531",
        "type": "Capacity placeholder value",
        "osm_element": "https://www.openstreetmap.org/relation/18995531",
        "rejection_reason": "Capacity placeholder value",
        "rejection_details": "Tag 'plant:output:electricity' contains placeholder value 'yes' instead of actual capacity",
        "rejection_keywords": "yes",
        "timestamp": "2026-04-24T03:20:40.069430",
        "element_type": "relation",
        "element_id": 18995531,
        "country": "Kazakhstan",
        "unit_type": "plant"
      }
    },
    {
      "type": "Feature",
      "geometry": {
        "type": "Point",
        "coordinates": [
          78.6728382,
          43.6583251
        ]
      },
      "properties": {
        "label": "Rejected node 12552195049",
        "type": "Missing output tag",
        "osm_element": "https://www.openstreetmap.org/node/12552195049",
        "rejection_reason": "Missing output tag",
        "rejection_details": "tags: {'generator:method': 'wind_turbine', 'generator:source': 'wind', 'generator:type': 'horizontal_axis', 'power': 'generator'}",
        "rejection_keywords": "none",
        "timestamp": "2026-04-24T03:20:40.069751",
        "element_type": "node",
        "element_id": 12552195049,
        "country": "Kazakhstan",
        "unit_type": "generator"
      }
    },
    {
      "type": "Feature",
      "geometry": {
        "type": "Point",
        "coordinates": [
          78.6703276,
          43.6612281
        ]
      },
      "properties": {
        "label": "Rejected node 12552195048",
        "type": "Missing output tag",
        "osm_element": "https://www.openstreetmap.org/node/12552195048",
        "rejection_reason": "Missing output tag",
        "rejection_details": "tags: {'generator:method': 'wind_turbine', 'generator:source': 'wind', 'generator:type': 'horizontal_axis', 'power': 'generator'}",
        "rejection_keywords": "none",
        "timestamp": "2026-04-24T03:20:40.069775",
        "element_type": "node",
        "element_id": 12552195048,
        "country": "Kazakhstan",
        "unit_type": "generator"
      }
    },
    {
      "type": "Feature",
      "geometry": {
        "type": "Point",
        "coordinates": [
          78.6848759,
          43.6445383
        ]
      },
      "properties": {
        "label": "Rejected node 12552195051",
        "type": "Missing output tag",
        "osm_element": "https://www.openstreetmap.org/node/12552195051",
        "rejection_reason": "Missing output tag",
        "rejection_details": "tags: {'generator:method': 'wind_turbine', 'generator:source': 'wind', 'generator:type': 'horizontal_axis', 'power': 'generator'}",
        "rejection_keywords": "none",
        "timestamp": "2026-04-24T03:20:40.069795",
        "element_type": "node",
        "element_id": 12552195051,
        "country": "Kazakhstan",
        "unit_type": "generator"
      }
    },
    {
      "type": "Feature",
      "geometry": {
        "type": "Point",
        "coordinates": [
          78.6756277,
          43.6557481
        ]
      },
      "properties": {
        "label": "Rejected node 12552195050",
        "type": "Missing output tag",
        "osm_element": "https://www.openstreetmap.org/node/12552195050",
        "rejection_reason": "Missing output tag",
        "rejection_details": "tags: {'generator:method': 'wind_turbine', 'generator:source': 'wind', 'generator:type': 'horizontal_axis', 'power': 'generator'}",
        "rejection_keywords": "none",
        "timestamp": "2026-04-24T03:20:40.069813",
        "element_type": "node",
        "element_id": 12552195050,
        "country": "Kazakhstan",
        "unit_type": "generator"
      }
    },
    {
      "type": "Feature",
      "geometry": {
        "type": "Point",
        "coordinates": [
          78.7059796,
          43.6395925
        ]
      },
      "properties": {
        "label": "Rejected node 12552195053",
        "type": "Missing output tag",
        "osm_element": "https://www.openstreetmap.org/node/12552195053",
        "rejection_reason": "Missing output tag",
        "rejection_details": "tags: {'generator:method': 'wind_turbine', 'generator:source': 'wind', 'generator:type': 'horizontal_axis', 'power': 'generator'}",
        "rejection_keywords": "none",
        "timestamp": "2026-04-24T03:20:40.069831",
        "element_type": "node",
        "element_id": 12552195053,
        "country": "Kazakhstan",
        "unit_type": "generator"
      }
    },
    {
      "type": "Feature",
      "geometry": {
        "type": "Point",
        "coordinates": [
          78.6865067,
          43.6414482
        ]
      },
      "properties": {
        "label": "Rejected node 12552195052",
        "type": "Missing output tag",
        "osm_element": "https://www.openstreetmap.org/node/12552195052",
        "rejection_reason": "Missing output tag",
        "rejection_details": "tags: {'generator:method': 'wind_turbine', 'generator:source': 'wind', 'generator:type': 'horizontal_axis', 'power': 'generator'}",
        "rejection_keywords": "none",
        "timestamp": "2026-04-24T03:20:40.069849",
        "element_type": "node",
        "element_id": 12552195052,
        "country": "Kazakhstan",
        "unit_type": "generator"
      }
    },
    {
      "type": "Feature",
      "geometry": {
        "type": "Point",
        "coordinates": [
          78.7063014,
          43.6323945
        ]
      },
      "properties": {
        "label": "Rejected node 12552195055",
        "type": "Missing output tag",
        "osm_element": "https://www.openstreetmap.org/node/12552195055",
        "rejection_reason": "Missing output tag",
        "rejection_details": "tags: {'generator:method': 'wind_turbine', 'generator:source': 'wind', 'generator:type': 'horizontal_axis', 'power': 'generator'}",
        "rejection_keywords": "none",
        "timestamp": "2026-04-24T03:20:40.069867",
        "element_type": "node",
        "element_id": 12552195055,
        "country": "Kazakhstan",
        "unit_type": "generator"
      }
    },
    {
      "type": "Feature",
      "geometry": {
        "type": "Point",
        "coordinates": [
          78.70628,
          43.6359665
        ]
      },
      "properties": {
        "label": "Rejected node 12552195054",
        "type": "Missing output tag",
        "osm_element": "https://www.openstreetmap.org/node/12552195054",
        "rejection_reason": "Missing output tag",
        "rejection_details": "tags: {'generator:method': 'wind_turbine', 'generator:source': 'wind', 'generator:type': 'horizontal_axis', 'power': 'generator'}",
        "rejection_keywords": "none",
        "timestamp": "2026-04-24T03:20:40.069891",
        "element_type": "node",
        "element_id": 12552195054,
        "country": "Kazakhstan",
        "unit_type": "generator"
      }
    },
    {
      "type": "Feature",
      "geometry": {
        "type": "Point",
        "coordinates": [
          78.7250661,
          43.6695097
        ]
      },
      "properties": {
        "label": "Rejected node 11951910251",
        "type": "Missing output tag",
        "osm_element": "https://www.openstreetmap.org/node/11951910251",
        "rejection_reason": "Missing output tag",
        "rejection_details": "tags: {'generator:method': 'wind_turbine', 'generator:source': 'wind', 'power': 'generator'}",
        "rejection_keywords": "none",
        "timestamp": "2026-04-24T03:20:40.069908",
        "element_type": "node",
        "element_id": 11951910251,
        "country": "Kazakhstan",
        "unit_type": "generator"
      }
    },
    {
      "type": "Feature",
      "geometry": {
        "type": "Point",
        "coordinates": [
          78.727932,
          43.6667047
        ]
      },
      "properties": {
        "label": "Rejected node 11951910250",
        "type": "Missing output tag",
        "osm_element": "https://www.openstreetmap.org/node/11951910250",
        "rejection_reason": "Missing output tag",
        "rejection_details": "tags: {'generator:method': 'wind_turbine', 'generator:source': 'wind', 'power': 'generator'}",
        "rejection_keywords": "none",
        "timestamp": "2026-04-24T03:20:40.069926",
        "element_type": "node",
        "element_id": 11951910250,
        "country": "Kazakhstan",
        "unit_type": "generator"
      }
    },
    {
      "type": "Feature",
      "geometry": {
        "type": "Point",
        "coordinates": [
          78.728435,
          43.6770286
        ]
      },
      "properties": {
        "label": "Rejected node 12552195045",
        "type": "Missing output tag",
        "osm_element": "https://www.openstreetmap.org/node/12552195045",
        "rejection_reason": "Missing output tag",
        "rejection_details": "tags: {'generator:method': 'wind_turbine', 'generator:source': 'wind', 'generator:type': 'horizontal_axis', 'power': 'generator'}",
        "rejection_keywords": "none",
        "timestamp": "2026-04-24T03:20:40.069963",
        "element_type": "node",
        "element_id": 12552195045,
        "country": "Kazakhstan",
        "unit_type": "generator"
      }
    },
    {
      "type": "Feature",
      "geometry": {
        "type": "Point",
        "coordinates": [
          78.7306666,
          43.6740799
        ]
      },
      "properties": {
        "label": "Rejected node 12552195044",
        "type": "Missing output tag",
        "osm_element": "https://www.openstreetmap.org/node/12552195044",
        "rejection_reason": "Missing output tag",
        "rejection_details": "tags: {'generator:method': 'wind_turbine', 'generator:source': 'wind', 'generator:type': 'horizontal_axis', 'power': 'generator'}",
        "rejection_keywords": "none",
        "timestamp": "2026-04-24T03:20:40.069987",
        "element_type": "node",
        "element_id": 12552195044,
        "country": "Kazakhstan",
        "unit_type": "generator"
      }
    },
    {
      "type": "Feature",
      "geometry": {
        "type": "Point",
        "coordinates": [
          78.7173414,
          43.6778511
        ]
      },
      "properties": {
        "label": "Rejected node 12552195047",
        "type": "Missing output tag",
        "osm_element": "https://www.openstreetmap.org/node/12552195047",
        "rejection_reason": "Missing output tag",
        "rejection_details": "tags: {'generator:method': 'wind_turbine', 'generator:source': 'wind', 'generator:type': 'horizontal_axis', 'power': 'generator'}",
        "rejection_keywords": "none",
        "timestamp": "2026-04-24T03:20:40.070015",
        "element_type": "node",
        "element_id": 12552195047,
        "country": "Kazakhstan",
        "unit_type": "generator"
      }
    },
    {
      "type": "Feature",
      "geometry": {
        "type": "Point",
        "coordinates": [
          78.7197876,
          43.6751663
        ]
      },
      "properties": {
        "label": "Rejected node 12552195046",
        "type": "Missing output tag",
        "osm_element": "https://www.openstreetmap.org/node/12552195046",
        "rejection_reason": "Missing output tag",
        "rejection_details": "tags: {'generator:method': 'wind_turbine', 'generator:source': 'wind', 'generator:type': 'horizontal_axis', 'power': 'generator'}",
        "rejection_keywords": "none",
        "timestamp": "2026-04-24T03:20:40.070033",
        "element_type": "node",
        "element_id": 12552195046,
        "country": "Kazakhstan",
        "unit_type": "generator"
      }
    },
    {
      "type": "Feature",
      "geometry": {
        "type": "Point",
        "coordinates": [
          78.722502,
          43.6724348
        ]
      },
      "properties": {
        "label": "Rejected node 12552195065",
        "type": "Missing output tag",
        "osm_element": "https://www.openstreetmap.org/node/12552195065",
        "rejection_reason": "Missing output tag",
        "rejection_details": "tags: {'generator:method': 'wind_turbine', 'generator:source': 'wind', 'generator:type': 'horizontal_axis', 'power': 'generator'}",
        "rejection_keywords": "none",
        "timestamp": "2026-04-24T03:20:40.070050",
        "element_type": "node",
        "element_id": 12552195065,
        "country": "Kazakhstan",
        "unit_type": "generator"
      }
    },
    {
      "type": "Feature",
      "geometry": {
        "type": "Point",
        "coordinates": [
          78.729701,
          43.6637117
        ]
      },
      "properties": {
        "label": "Rejected node 12552195064",
        "type": "Missing output tag",
        "osm_element": "https://www.openstreetmap.org/node/12552195064",
        "rejection_reason": "Missing output tag",
        "rejection_details": "tags: {'generator:method': 'wind_turbine', 'generator:source': 'wind', 'generator:type': 'horizontal_axis', 'power': 'generator'}",
        "rejection_keywords": "none",
        "timestamp": "2026-04-24T03:20:40.070067",
        "element_type": "node",
        "element_id": 12552195064,
        "country": "Kazakhstan",
        "unit_type": "generator"
      }
    },
    {
      "type": "Feature",
      "geometry": {
        "type": "Point",
        "coordinates": [
          78.732984,
          43.6514476
        ]
      },
      "properties": {
        "label": "Rejected node 12552195057",
        "type": "Missing output tag",
        "osm_element": "https://www.openstreetmap.org/node/12552195057",
        "rejection_reason": "Missing output tag",
        "rejection_details": "tags: {'generator:method': 'wind_turbine', 'generator:source': 'wind', 'generator:type': 'horizontal_axis', 'power': 'generator'}",
        "rejection_keywords": "none",
        "timestamp": "2026-04-24T03:20:40.070084",
        "element_type": "node",
        "element_id": 12552195057,
        "country": "Kazakhstan",
        "unit_type": "generator"
      }
    },
    {
      "type": "Feature",
      "geometry": {
        "type": "Point",
        "coordinates": [
          78.7301945,
          43.6537143
        ]
      },
      "properties": {
        "label": "Rejected node 12552195056",
        "type": "Missing output tag",
        "osm_element": "https://www.openstreetmap.org/node/12552195056",
        "rejection_reason": "Missing output tag",
        "rejection_details": "tags: {'generator:method': 'wind_turbine', 'generator:source': 'wind', 'generator:type': 'horizontal_axis', 'power': 'generator'}",
        "rejection_keywords": "none",
        "timestamp": "2026-04-24T03:20:40.070102",
        "element_type": "node",
        "element_id": 12552195056,
        "country": "Kazakhstan",
        "unit_type": "generator"
      }
    },
    {
      "type": "Feature",
      "geometry": {
        "type": "Point",
        "coordinates": [
          78.7458479,
          43.6516883
        ]
      },
      "properties": {
        "label": "Rejected node 12552195059",
        "type": "Missing output tag",
        "osm_element": "https://www.openstreetmap.org/node/12552195059",
        "rejection_reason": "Missing output tag",
        "rejection_details": "tags: {'generator:method': 'wind_turbine', 'generator:source': 'wind', 'generator:type': 'horizontal_axis', 'power': 'generator'}",
        "rejection_keywords": "none",
        "timestamp": "2026-04-24T03:20:40.070125",
        "element_type": "node",
        "element_id": 12552195059,
        "country": "Kazakhstan",
        "unit_type": "generator"
      }
    },
    {
      "type": "Feature",
      "geometry": {
        "type": "Point",
        "coordinates": [
          78.7487125,
          43.6491808
        ]
      },
      "properties": {
        "label": "Rejected node 12552195058",
        "type": "Missing output tag",
        "osm_element": "https://www.openstreetmap.org/node/12552195058",
        "rejection_reason": "Missing output tag",
        "rejection_details": "tags: {'generator:method': 'wind_turbine', 'generator:source': 'wind', 'generator:type': 'horizontal_axis', 'power': 'generator'}",
        "rejection_keywords": "none",
        "timestamp": "2026-04-24T03:20:40.070143",
        "element_type": "node",
        "element_id": 12552195058,
        "country": "Kazakhstan",
        "unit_type": "generator"
      }
    },
    {
      "type": "Feature",
      "geometry": {
        "type": "Point",
        "coordinates": [
          78.7401402,
          43.6569435
        ]
      },
      "properties": {
        "label": "Rejected node 12552195061",
        "type": "Missing output tag",
        "osm_element": "https://www.openstreetmap.org/node/12552195061",
        "rejection_reason": "Missing output tag",
        "rejection_details": "tags: {'generator:method': 'wind_turbine', 'generator:source': 'wind', 'generator:type': 'horizontal_axis', 'power': 'generator'}",
        "rejection_keywords": "none",
        "timestamp": "2026-04-24T03:20:40.070160",
        "element_type": "node",
        "element_id": 12552195061,
        "country": "Kazakhstan",
        "unit_type": "generator"
      }
    },
    {
      "type": "Feature",
      "geometry": {
        "type": "Point",
        "coordinates": [
          78.7431013,
          43.6544207
        ]
      },
      "properties": {
        "label": "Rejected node 12552195060",
        "type": "Missing output tag",
        "osm_element": "https://www.openstreetmap.org/node/12552195060",
        "rejection_reason": "Missing output tag",
        "rejection_details": "tags: {'generator:method': 'wind_turbine', 'generator:source': 'wind', 'generator:type': 'horizontal_axis', 'power': 'generator'}",
        "rejection_keywords": "none",
        "timestamp": "2026-04-24T03:20:40.070177",
        "element_type": "node",
        "element_id": 12552195060,
        "country": "Kazakhstan",
        "unit_type": "generator"
      }
    },
    {
      "type": "Feature",
      "geometry": {
        "type": "Point",
        "coordinates": [
          78.733499,
          43.6616472
        ]
      },
      "properties": {
        "label": "Rejected node 12552195063",
        "type": "Missing output tag",
        "osm_element": "https://www.openstreetmap.org/node/12552195063",
        "rejection_reason": "Missing output tag",
        "rejection_details": "tags: {'generator:method': 'wind_turbine', 'generator:source': 'wind', 'generator:type': 'horizontal_axis', 'power': 'generator'}",
        "rejection_keywords": "none",
        "timestamp": "2026-04-24T03:20:40.070194",
        "element_type": "node",
        "element_id": 12552195063,
        "country": "Kazakhstan",
        "unit_type": "generator"
      }
    },
    {
      "type": "Feature",
      "geometry": {
        "type": "Point",
        "coordinates": [
          78.7369752,
          43.6593419
        ]
      },
      "properties": {
        "label": "Rejected node 12552195062",
        "type": "Missing output tag",
        "osm_element": "https://www.openstreetmap.org/node/12552195062",
        "rejection_reason": "Missing output tag",
        "rejection_details": "tags: {'generator:method': 'wind_turbine', 'generator:source': 'wind', 'generator:type': 'horizontal_axis', 'power': 'generator'}",
        "rejection_keywords": "none",
        "timestamp": "2026-04-24T03:20:40.070211",
        "element_type": "node",
        "element_id": 12552195062,
        "country": "Kazakhstan",
        "unit_type": "generator"
      }
    },
    {
      "type": "Feature",
      "geometry": {
        "type": "Point",
        "coordinates": [
          78.74138611203398,
          43.71127579559778
        ]
      },
      "properties": {
        "label": "Rejected relation 18995532",
        "type": "Capacity placeholder value",
        "osm_element": "https://www.openstreetmap.org/relation/18995532",
        "rejection_reason": "Capacity placeholder value",
        "rejection_details": "Tag 'plant:output:electricity' contains placeholder value 'yes' instead of actual capacity",
        "rejection_keywords": "yes",
        "timestamp": "2026-04-24T03:20:40.072413",
        "element_type": "relation",
        "element_id": 18995532,
        "country": "Kazakhstan",
        "unit_type": "plant"
      }
    },
    {
      "type": "Feature",
      "geometry": {
        "type": "Point",
        "coordinates": [
          78.7801051,
          43.7154727
        ]
      },
      "properties": {
        "label": "Rejected node 12552195041",
        "type": "Missing output tag",
        "osm_element": "https://www.openstreetmap.org/node/12552195041",
        "rejection_reason": "Missing output tag",
        "rejection_details": "tags: {'generator:method': 'wind_turbine', 'generator:source': 'wind', 'power': 'generator'}",
        "rejection_keywords": "none",
        "timestamp": "2026-04-24T03:20:40.072747",
        "element_type": "node",
        "element_id": 12552195041,
        "country": "Kazakhstan",
        "unit_type": "generator"
      }
    },
    {
      "type": "Feature",
      "geometry": {
        "type": "Point",
        "coordinates": [
          78.7666565,
          43.7233741
        ]
      },
      "properties": {
        "label": "Rejected node 12552195040",
        "type": "Missing output tag",
        "osm_element": "https://www.openstreetmap.org/node/12552195040",
        "rejection_reason": "Missing output tag",
        "rejection_details": "tags: {'generator:method': 'wind_turbine', 'generator:source': 'wind', 'power': 'generator'}",
        "rejection_keywords": "none",
        "timestamp": "2026-04-24T03:20:40.072770",
        "element_type": "node",
        "element_id": 12552195040,
        "country": "Kazakhstan",
        "unit_type": "generator"
      }
    },
    {
      "type": "Feature",
      "geometry": {
        "type": "Point",
        "coordinates": [
          78.7792146,
          43.7206525
        ]
      },
      "properties": {
        "label": "Rejected node 12552195043",
        "type": "Missing output tag",
        "osm_element": "https://www.openstreetmap.org/node/12552195043",
        "rejection_reason": "Missing output tag",
        "rejection_details": "tags: {'generator:method': 'wind_turbine', 'generator:source': 'wind', 'power': 'generator'}",
        "rejection_keywords": "none",
        "timestamp": "2026-04-24T03:20:40.072792",
        "element_type": "node",
        "element_id": 12552195043,
        "country": "Kazakhstan",
        "unit_type": "generator"
      }
    },
    {
      "type": "Feature",
      "geometry": {
        "type": "Point",
        "coordinates": [
          78.7796652,
          43.7177448
        ]
      },
      "properties": {
        "label": "Rejected node 12552195042",
        "type": "Missing output tag",
        "osm_element": "https://www.openstreetmap.org/node/12552195042",
        "rejection_reason": "Missing output tag",
        "rejection_details": "tags: {'generator:method': 'wind_turbine', 'generator:source': 'wind', 'power': 'generator'}",
        "rejection_keywords": "none",
        "timestamp": "2026-04-24T03:20:40.072812",
        "element_type": "node",
        "element_id": 12552195042,
        "country": "Kazakhstan",
        "unit_type": "generator"
      }
    },
    {
      "type": "Feature",
      "geometry": {
        "type": "Point",
        "coordinates": [
          78.7206244,
          43.7087181
        ]
      },
      "properties": {
        "label": "Rejected node 12552195021",
        "type": "Missing output tag",
        "osm_element": "https://www.openstreetmap.org/node/12552195021",
        "rejection_reason": "Missing output tag",
        "rejection_details": "tags: {'generator:method': 'wind_turbine', 'generator:source': 'wind', 'power': 'generator'}",
        "rejection_keywords": "none",
        "timestamp": "2026-04-24T03:20:40.072831",
        "element_type": "node",
        "element_id": 12552195021,
        "country": "Kazakhstan",
        "unit_type": "generator"
      }
    },
    {
      "type": "Feature",
      "geometry": {
        "type": "Point",
        "coordinates": [
          78.7195194,
          43.7113471
        ]
      },
      "properties": {
        "label": "Rejected node 12552195020",
        "type": "Missing output tag",
        "osm_element": "https://www.openstreetmap.org/node/12552195020",
        "rejection_reason": "Missing output tag",
        "rejection_details": "tags: {'generator:method': 'wind_turbine', 'generator:source': 'wind', 'power': 'generator'}",
        "rejection_keywords": "none",
        "timestamp": "2026-04-24T03:20:40.072850",
        "element_type": "node",
        "element_id": 12552195020,
        "country": "Kazakhstan",
        "unit_type": "generator"
      }
    },
    {
      "type": "Feature",
      "geometry": {
        "type": "Point",
        "coordinates": [
          78.7225878,
          43.7035372
        ]
      },
      "properties": {
        "label": "Rejected node 12552195023",
        "type": "Missing output tag",
        "osm_element": "https://www.openstreetmap.org/node/12552195023",
        "rejection_reason": "Missing output tag",
        "rejection_details": "tags: {'generator:method': 'wind_turbine', 'generator:source': 'wind', 'power': 'generator'}",
        "rejection_keywords": "none",
        "timestamp": "2026-04-24T03:20:40.072868",
        "element_type": "node",
        "element_id": 12552195023,
        "country": "Kazakhstan",
        "unit_type": "generator"
      }
    },
    {
      "type": "Feature",
      "geometry": {
        "type": "Point",
        "coordinates": [
          78.7216115,
          43.706151
        ]
      },
      "properties": {
        "label": "Rejected node 12552195022",
        "type": "Missing output tag",
        "osm_element": "https://www.openstreetmap.org/node/12552195022",
        "rejection_reason": "Missing output tag",
        "rejection_details": "tags: {'generator:method': 'wind_turbine', 'generator:source': 'wind', 'power': 'generator'}",
        "rejection_keywords": "none",
        "timestamp": "2026-04-24T03:20:40.072886",
        "element_type": "node",
        "element_id": 12552195022,
        "country": "Kazakhstan",
        "unit_type": "generator"
      }
    },
    {
      "type": "Feature",
      "geometry": {
        "type": "Point",
        "coordinates": [
          78.7554288,
          43.7123436
        ]
      },
      "properties": {
        "label": "Rejected node 12552195033",
        "type": "Missing output tag",
        "osm_element": "https://www.openstreetmap.org/node/12552195033",
        "rejection_reason": "Missing output tag",
        "rejection_details": "tags: {'generator:method': 'wind_turbine', 'generator:source': 'wind', 'power': 'generator'}",
        "rejection_keywords": "none",
        "timestamp": "2026-04-24T03:20:40.072905",
        "element_type": "node",
        "element_id": 12552195033,
        "country": "Kazakhstan",
        "unit_type": "generator"
      }
    },
    {
      "type": "Feature",
      "geometry": {
        "type": "Point",
        "coordinates": [
          78.735913,
          43.7157208
        ]
      },
      "properties": {
        "label": "Rejected node 12552195032",
        "type": "Missing output tag",
        "osm_element": "https://www.openstreetmap.org/node/12552195032",
        "rejection_reason": "Missing output tag",
        "rejection_details": "tags: {'generator:method': 'wind_turbine', 'generator:source': 'wind', 'power': 'generator'}",
        "rejection_keywords": "none",
        "timestamp": "2026-04-24T03:20:40.072924",
        "element_type": "node",
        "element_id": 12552195032,
        "country": "Kazakhstan",
        "unit_type": "generator"
      }
    },
    {
      "type": "Feature",
      "geometry": {
        "type": "Point",
        "coordinates": [
          78.7534815,
          43.7175237
        ]
      },
      "properties": {
        "label": "Rejected node 12552195035",
        "type": "Missing output tag",
        "osm_element": "https://www.openstreetmap.org/node/12552195035",
        "rejection_reason": "Missing output tag",
        "rejection_details": "tags: {'generator:method': 'wind_turbine', 'generator:source': 'wind', 'power': 'generator'}",
        "rejection_keywords": "none",
        "timestamp": "2026-04-24T03:20:40.072942",
        "element_type": "node",
        "element_id": 12552195035,
        "country": "Kazakhstan",
        "unit_type": "generator"
      }
    },
    {
      "type": "Feature",
      "geometry": {
        "type": "Point",
        "coordinates": [
          78.7544471,
          43.7149648
        ]
      },
      "properties": {
        "label": "Rejected node 12552195034",
        "type": "Missing output tag",
        "osm_element": "https://www.openstreetmap.org/node/12552195034",
        "rejection_reason": "Missing output tag",
        "rejection_details": "tags: {'generator:method': 'wind_turbine', 'generator:source': 'wind', 'power': 'generator'}",
        "rejection_keywords": "none",
        "timestamp": "2026-04-24T03:20:40.072981",
        "element_type": "node",
        "element_id": 12552195034,
        "country": "Kazakhstan",
        "unit_type": "generator"
      }
    },
    {
      "type": "Feature",
      "geometry": {
        "type": "Point",
        "coordinates": [
          78.7702453,
          43.7139062
        ]
      },
      "properties": {
        "label": "Rejected node 12552195037",
        "type": "Missing output tag",
        "osm_element": "https://www.openstreetmap.org/node/12552195037",
        "rejection_reason": "Missing output tag",
        "rejection_details": "tags: {'generator:method': 'wind_turbine', 'generator:source': 'wind', 'power': 'generator'}",
        "rejection_keywords": "none",
        "timestamp": "2026-04-24T03:20:40.073001",
        "element_type": "node",
        "element_id": 12552195037,
        "country": "Kazakhstan",
        "unit_type": "generator"
      }
    },
    {
      "type": "Feature",
      "geometry": {
        "type": "Point",
        "coordinates": [
          78.7524944,
          43.7201563
        ]
      },
      "properties": {
        "label": "Rejected node 12552195036",
        "type": "Missing output tag",
        "osm_element": "https://www.openstreetmap.org/node/12552195036",
        "rejection_reason": "Missing output tag",
        "rejection_details": "tags: {'generator:method': 'wind_turbine', 'generator:source': 'wind', 'power': 'generator'}",
        "rejection_keywords": "none",
        "timestamp": "2026-04-24T03:20:40.073020",
        "element_type": "node",
        "element_id": 12552195036,
        "country": "Kazakhstan",
        "unit_type": "generator"
      }
    },
    {
      "type": "Feature",
      "geometry": {
        "type": "Point",
        "coordinates": [
          78.7678635,
          43.7201796
        ]
      },
      "properties": {
        "label": "Rejected node 12552195039",
        "type": "Missing output tag",
        "osm_element": "https://www.openstreetmap.org/node/12552195039",
        "rejection_reason": "Missing output tag",
        "rejection_details": "tags: {'generator:method': 'wind_turbine', 'generator:source': 'wind', 'power': 'generator'}",
        "rejection_keywords": "none",
        "timestamp": "2026-04-24T03:20:40.073039",
        "element_type": "node",
        "element_id": 12552195039,
        "country": "Kazakhstan",
        "unit_type": "generator"
      }
    },
    {
      "type": "Feature",
      "geometry": {
        "type": "Point",
        "coordinates": [
          78.7690437,
          43.7169848
        ]
      },
      "properties": {
        "label": "Rejected node 12552195038",
        "type": "Missing output tag",
        "osm_element": "https://www.openstreetmap.org/node/12552195038",
        "rejection_reason": "Missing output tag",
        "rejection_details": "tags: {'generator:method': 'wind_turbine', 'generator:source': 'wind', 'power': 'generator'}",
        "rejection_keywords": "none",
        "timestamp": "2026-04-24T03:20:40.073057",
        "element_type": "node",
        "element_id": 12552195038,
        "country": "Kazakhstan",
        "unit_type": "generator"
      }
    },
    {
      "type": "Feature",
      "geometry": {
        "type": "Point",
        "coordinates": [
          78.7094879,
          43.6979137
        ]
      },
      "properties": {
        "label": "Rejected node 12552195025",
        "type": "Missing output tag",
        "osm_element": "https://www.openstreetmap.org/node/12552195025",
        "rejection_reason": "Missing output tag",
        "rejection_details": "tags: {'generator:method': 'wind_turbine', 'generator:source': 'wind', 'power': 'generator'}",
        "rejection_keywords": "none",
        "timestamp": "2026-04-24T03:20:40.073075",
        "element_type": "node",
        "element_id": 12552195025,
        "country": "Kazakhstan",
        "unit_type": "generator"
      }
    },
    {
      "type": "Feature",
      "geometry": {
        "type": "Point",
        "coordinates": [
          78.7010229,
          43.6959279
        ]
      },
      "properties": {
        "label": "Rejected node 12552195024",
        "type": "Missing output tag",
        "osm_element": "https://www.openstreetmap.org/node/12552195024",
        "rejection_reason": "Missing output tag",
        "rejection_details": "tags: {'generator:method': 'wind_turbine', 'generator:source': 'wind', 'power': 'generator'}",
        "rejection_keywords": "none",
        "timestamp": "2026-04-24T03:20:40.073093",
        "element_type": "node",
        "element_id": 12552195024,
        "country": "Kazakhstan",
        "unit_type": "generator"
      }
    },
    {
      "type": "Feature",
      "geometry": {
        "type": "Point",
        "coordinates": [
          78.7070739,
          43.7041538
        ]
      },
      "properties": {
        "label": "Rejected node 12552195027",
        "type": "Missing output tag",
        "osm_element": "https://www.openstreetmap.org/node/12552195027",
        "rejection_reason": "Missing output tag",
        "rejection_details": "tags: {'generator:method': 'wind_turbine', 'generator:source': 'wind', 'power': 'generator'}",
        "rejection_keywords": "none",
        "timestamp": "2026-04-24T03:20:40.073111",
        "element_type": "node",
        "element_id": 12552195027,
        "country": "Kazakhstan",
        "unit_type": "generator"
      }
    },
    {
      "type": "Feature",
      "geometry": {
        "type": "Point",
        "coordinates": [
          78.7783199,
          43.7244653
        ]
      },
      "properties": {
        "label": "Rejected node 11980026920",
        "type": "Missing output tag",
        "osm_element": "https://www.openstreetmap.org/node/11980026920",
        "rejection_reason": "Missing output tag",
        "rejection_details": "tags: {'generator:method': 'wind_turbine', 'generator:source': 'wind', 'power': 'generator'}",
        "rejection_keywords": "none",
        "timestamp": "2026-04-24T03:20:40.073129",
        "element_type": "node",
        "element_id": 11980026920,
        "country": "Kazakhstan",
        "unit_type": "generator"
      }
    },
    {
      "type": "Feature",
      "geometry": {
        "type": "Point",
        "coordinates": [
          78.7082541,
          43.7010241
        ]
      },
      "properties": {
        "label": "Rejected node 12552195026",
        "type": "Missing output tag",
        "osm_element": "https://www.openstreetmap.org/node/12552195026",
        "rejection_reason": "Missing output tag",
        "rejection_details": "tags: {'generator:method': 'wind_turbine', 'generator:source': 'wind', 'power': 'generator'}",
        "rejection_keywords": "none",
        "timestamp": "2026-04-24T03:20:40.073150",
        "element_type": "node",
        "element_id": 12552195026,
        "country": "Kazakhstan",
        "unit_type": "generator"
      }
    },
    {
      "type": "Feature",
      "geometry": {
        "type": "Point",
        "coordinates": [
          78.7395716,
          43.7061975
        ]
      },
      "properties": {
        "label": "Rejected node 12552195029",
        "type": "Missing output tag",
        "osm_element": "https://www.openstreetmap.org/node/12552195029",
        "rejection_reason": "Missing output tag",
        "rejection_details": "tags: {'generator:method': 'wind_turbine', 'generator:source': 'wind', 'power': 'generator'}",
        "rejection_keywords": "none",
        "timestamp": "2026-04-24T03:20:40.073168",
        "element_type": "node",
        "element_id": 12552195029,
        "country": "Kazakhstan",
        "unit_type": "generator"
      }
    },
    {
      "type": "Feature",
      "geometry": {
        "type": "Point",
        "coordinates": [
          78.7058884,
          43.7073104
        ]
      },
      "properties": {
        "label": "Rejected node 12552195028",
        "type": "Missing output tag",
        "osm_element": "https://www.openstreetmap.org/node/12552195028",
        "rejection_reason": "Missing output tag",
        "rejection_details": "tags: {'generator:method': 'wind_turbine', 'generator:source': 'wind', 'power': 'generator'}",
        "rejection_keywords": "none",
        "timestamp": "2026-04-24T03:20:40.073186",
        "element_type": "node",
        "element_id": 12552195028,
        "country": "Kazakhstan",
        "unit_type": "generator"
      }
    },
    {
      "type": "Feature",
      "geometry": {
        "type": "Point",
        "coordinates": [
          78.737179,
          43.7125491
        ]
      },
      "properties": {
        "label": "Rejected node 12552195031",
        "type": "Missing output tag",
        "osm_element": "https://www.openstreetmap.org/node/12552195031",
        "rejection_reason": "Missing output tag",
        "rejection_details": "tags: {'generator:method': 'wind_turbine', 'generator:source': 'wind', 'power': 'generator'}",
        "rejection_keywords": "none",
        "timestamp": "2026-04-24T03:20:40.073205",
        "element_type": "node",
        "element_id": 12552195031,
        "country": "Kazakhstan",
        "unit_type": "generator"
      }
    },
    {
      "type": "Feature",
      "geometry": {
        "type": "Point",
        "coordinates": [
          78.7383807,
          43.709354
        ]
      },
      "properties": {
        "label": "Rejected node 12552195030",
        "type": "Missing output tag",
        "osm_element": "https://www.openstreetmap.org/node/12552195030",
        "rejection_reason": "Missing output tag",
        "rejection_details": "tags: {'generator:method': 'wind_turbine', 'generator:source': 'wind', 'power': 'generator'}",
        "rejection_keywords": "none",
        "timestamp": "2026-04-24T03:20:40.073223",
        "element_type": "node",
        "element_id": 12552195030,
        "country": "Kazakhstan",
        "unit_type": "generator"
      }
    },
    {
      "type": "Feature",
      "geometry": {
        "type": "Point",
        "coordinates": [
          66.8510549761465,
          50.32877453470555
        ]
      },
      "properties": {
        "label": "Rejected relation 18995937",
        "type": "Capacity placeholder value",
        "osm_element": "https://www.openstreetmap.org/relation/18995937",
        "rejection_reason": "Capacity placeholder value",
        "rejection_details": "Tag 'plant:output:electricity' contains placeholder value 'yes' instead of actual capacity",
        "rejection_keywords": "yes",
        "timestamp": "2026-04-24T03:20:40.074997",
        "element_type": "relation",
        "element_id": 18995937,
        "country": "Kazakhstan",
        "unit_type": "plant"
      }
    },
    {
      "type": "Feature",
      "geometry": {
        "type": "Point",
        "coordinates": [
          66.8612512,
          50.3493191
        ]
      },
      "properties": {
        "label": "Rejected node 12662562901",
        "type": "Missing output tag",
        "osm_element": "https://www.openstreetmap.org/node/12662562901",
        "rejection_reason": "Missing output tag",
        "rejection_details": "tags: {'generator:method': 'wind_turbine', 'generator:source': 'wind', 'power': 'generator'}",
        "rejection_keywords": "none",
        "timestamp": "2026-04-24T03:20:40.075164",
        "element_type": "node",
        "element_id": 12662562901,
        "country": "Kazakhstan",
        "unit_type": "generator"
      }
    },
    {
      "type": "Feature",
      "geometry": {
        "type": "Point",
        "coordinates": [
          66.8536509,
          50.3410928
        ]
      },
      "properties": {
        "label": "Rejected node 12662562700",
        "type": "Missing output tag",
        "osm_element": "https://www.openstreetmap.org/node/12662562700",
        "rejection_reason": "Missing output tag",
        "rejection_details": "tags: {'generator:method': 'wind_turbine', 'generator:source': 'wind', 'power': 'generator'}",
        "rejection_keywords": "none",
        "timestamp": "2026-04-24T03:20:40.075189",
        "element_type": "node",
        "element_id": 12662562700,
        "country": "Kazakhstan",
        "unit_type": "generator"
      }
    },
    {
      "type": "Feature",
      "geometry": {
        "type": "Point",
        "coordinates": [
          66.8388699,
          50.3374264
        ]
      },
      "properties": {
        "label": "Rejected node 12662562697",
        "type": "Missing output tag",
        "osm_element": "https://www.openstreetmap.org/node/12662562697",
        "rejection_reason": "Missing output tag",
        "rejection_details": "tags: {'generator:method': 'wind_turbine', 'generator:source': 'wind', 'power': 'generator'}",
        "rejection_keywords": "none",
        "timestamp": "2026-04-24T03:20:40.075211",
        "element_type": "node",
        "element_id": 12662562697,
        "country": "Kazakhstan",
        "unit_type": "generator"
      }
    },
    {
      "type": "Feature",
      "geometry": {
        "type": "Point",
        "coordinates": [
          66.8414938,
          50.3321677
        ]
      },
      "properties": {
        "label": "Rejected node 12662562696",
        "type": "Missing output tag",
        "osm_element": "https://www.openstreetmap.org/node/12662562696",
        "rejection_reason": "Missing output tag",
        "rejection_details": "tags: {'generator:method': 'wind_turbine', 'generator:source': 'wind', 'power': 'generator'}",
        "rejection_keywords": "none",
        "timestamp": "2026-04-24T03:20:40.075231",
        "element_type": "node",
        "element_id": 12662562696,
        "country": "Kazakhstan",
        "unit_type": "generator"
      }
    },
    {
      "type": "Feature",
      "geometry": {
        "type": "Point",
        "coordinates": [
          66.8430887,
          50.3461571
        ]
      },
      "properties": {
        "label": "Rejected node 12662562699",
        "type": "Missing output tag",
        "osm_element": "https://www.openstreetmap.org/node/12662562699",
        "rejection_reason": "Missing output tag",
        "rejection_details": "tags: {'generator:method': 'wind_turbine', 'generator:source': 'wind', 'power': 'generator'}",
        "rejection_keywords": "none",
        "timestamp": "2026-04-24T03:20:40.075251",
        "element_type": "node",
        "element_id": 12662562699,
        "country": "Kazakhstan",
        "unit_type": "generator"
      }
    },
    {
      "type": "Feature",
      "geometry": {
        "type": "Point",
        "coordinates": [
          66.8360658,
          50.3431748
        ]
      },
      "properties": {
        "label": "Rejected node 12662562698",
        "type": "Missing output tag",
        "osm_element": "https://www.openstreetmap.org/node/12662562698",
        "rejection_reason": "Missing output tag",
        "rejection_details": "tags: {'generator:method': 'wind_turbine', 'generator:source': 'wind', 'power': 'generator'}",
        "rejection_keywords": "none",
        "timestamp": "2026-04-24T03:20:40.075270",
        "element_type": "node",
        "element_id": 12662562698,
        "country": "Kazakhstan",
        "unit_type": "generator"
      }
    },
    {
      "type": "Feature",
      "geometry": {
        "type": "Point",
        "coordinates": [
          66.8519633,
          50.3027268
        ]
      },
      "properties": {
        "label": "Rejected node 12662562693",
        "type": "Missing output tag",
        "osm_element": "https://www.openstreetmap.org/node/12662562693",
        "rejection_reason": "Missing output tag",
        "rejection_details": "tags: {'generator:method': 'wind_turbine', 'generator:source': 'wind', 'power': 'generator'}",
        "rejection_keywords": "none",
        "timestamp": "2026-04-24T03:20:40.075290",
        "element_type": "node",
        "element_id": 12662562693,
        "country": "Kazakhstan",
        "unit_type": "generator"
      }
    },
    {
      "type": "Feature",
      "geometry": {
        "type": "Point",
        "coordinates": [
          66.8540165,
          50.2990548
        ]
      },
      "properties": {
        "label": "Rejected node 12662562692",
        "type": "Missing output tag",
        "osm_element": "https://www.openstreetmap.org/node/12662562692",
        "rejection_reason": "Missing output tag",
        "rejection_details": "tags: {'generator:method': 'wind_turbine', 'generator:source': 'wind', 'power': 'generator'}",
        "rejection_keywords": "none",
        "timestamp": "2026-04-24T03:20:40.075309",
        "element_type": "node",
        "element_id": 12662562692,
        "country": "Kazakhstan",
        "unit_type": "generator"
      }
    },
    {
      "type": "Feature",
      "geometry": {
        "type": "Point",
        "coordinates": [
          66.8566659,
          50.2953106
        ]
      },
      "properties": {
        "label": "Rejected node 12662562695",
        "type": "Missing output tag",
        "osm_element": "https://www.openstreetmap.org/node/12662562695",
        "rejection_reason": "Missing output tag",
        "rejection_details": "tags: {'generator:method': 'wind_turbine', 'generator:source': 'wind', 'power': 'generator'}",
        "rejection_keywords": "none",
        "timestamp": "2026-04-24T03:20:40.075329",
        "element_type": "node",
        "element_id": 12662562695,
        "country": "Kazakhstan",
        "unit_type": "generator"
      }
    },
    {
      "type": "Feature",
      "geometry": {
        "type": "Point",
        "coordinates": [
          66.850249,
          50.3067138
        ]
      },
      "properties": {
        "label": "Rejected node 12662562694",
        "type": "Missing output tag",
        "osm_element": "https://www.openstreetmap.org/node/12662562694",
        "rejection_reason": "Missing output tag",
        "rejection_details": "tags: {'generator:method': 'wind_turbine', 'generator:source': 'wind', 'power': 'generator'}",
        "rejection_keywords": "none",
        "timestamp": "2026-04-24T03:20:40.075348",
        "element_type": "node",
        "element_id": 12662562694,
        "country": "Kazakhstan",
        "unit_type": "generator"
      }
    },
    {
      "type": "Feature",
      "geometry": {
        "type": "Point",
        "coordinates": [
          58.2264232,
          50.5505397
        ]
      },
      "properties": {
        "label": "Rejected node 12552195007",
        "type": "Capacity regex no match",
        "osm_element": "https://www.openstreetmap.org/node/12552195007",
        "rejection_reason": "Capacity regex no match",
        "rejection_details": "Tag 'generator:output:electricity' has value '3800 kW' which could not be parsed",
        "rejection_keywords": "3800 kW",
        "timestamp": "2026-04-24T03:20:40.076592",
        "element_type": "node",
        "element_id": 12552195007,
        "country": "Kazakhstan",
        "unit_type": "generator"
      }
    },
    {
      "type": "Feature",
      "geometry": {
        "type": "Point",
        "coordinates": [
          58.2399201,
          50.5549705
        ]
      },
      "properties": {
        "label": "Rejected node 12552195006",
        "type": "Capacity regex no match",
        "osm_element": "https://www.openstreetmap.org/node/12552195006",
        "rejection_reason": "Capacity regex no match",
        "rejection_details": "Tag 'generator:output:electricity' has value '3800 kW' which could not be parsed",
        "rejection_keywords": "3800 kW",
        "timestamp": "2026-04-24T03:20:40.076623",
        "element_type": "node",
        "element_id": 12552195006,
        "country": "Kazakhstan",
        "unit_type": "generator"
      }
    },
    {
      "type": "Feature",
      "geometry": {
        "type": "Point",
        "coordinates": [
          58.2323241,
          50.5459038
        ]
      },
      "properties": {
        "label": "Rejected node 12552195009",
        "type": "Capacity regex no match",
        "osm_element": "https://www.openstreetmap.org/node/12552195009",
        "rejection_reason": "Capacity regex no match",
        "rejection_details": "Tag 'generator:output:electricity' has value '3800 kW' which could not be parsed",
        "rejection_keywords": "3800 kW",
        "timestamp": "2026-04-24T03:20:40.076646",
        "element_type": "node",
        "element_id": 12552195009,
        "country": "Kazakhstan",
        "unit_type": "generator"
      }
    },
    {
      "type": "Feature",
      "geometry": {
        "type": "Point",
        "coordinates": [
          58.2205009,
          50.5429448
        ]
      },
      "properties": {
        "label": "Rejected node 12552195008",
        "type": "Capacity regex no match",
        "osm_element": "https://www.openstreetmap.org/node/12552195008",
        "rejection_reason": "Capacity regex no match",
        "rejection_details": "Tag 'generator:output:electricity' has value '3800 kW' which could not be parsed",
        "rejection_keywords": "3800 kW",
        "timestamp": "2026-04-24T03:20:40.076667",
        "element_type": "node",
        "element_id": 12552195008,
        "country": "Kazakhstan",
        "unit_type": "generator"
      }
    },
    {
      "type": "Feature",
      "geometry": {
        "type": "Point",
        "coordinates": [
          58.2338691,
          50.5343941
        ]
      },
      "properties": {
        "label": "Rejected node 12552195011",
        "type": "Capacity regex no match",
        "osm_element": "https://www.openstreetmap.org/node/12552195011",
        "rejection_reason": "Capacity regex no match",
        "rejection_details": "Tag 'generator:output:electricity' has value '3800 kW' which could not be parsed",
        "rejection_keywords": "3800 kW",
        "timestamp": "2026-04-24T03:20:40.076686",
        "element_type": "node",
        "element_id": 12552195011,
        "country": "Kazakhstan",
        "unit_type": "generator"
      }
    },
    {
      "type": "Feature",
      "geometry": {
        "type": "Point",
        "coordinates": [
          58.2335901,
          50.541213
        ]
      },
      "properties": {
        "label": "Rejected node 12552195010",
        "type": "Capacity regex no match",
        "osm_element": "https://www.openstreetmap.org/node/12552195010",
        "rejection_reason": "Capacity regex no match",
        "rejection_details": "Tag 'generator:output:electricity' has value '3800 kW' which could not be parsed",
        "rejection_keywords": "3800 kW",
        "timestamp": "2026-04-24T03:20:40.076705",
        "element_type": "node",
        "element_id": 12552195010,
        "country": "Kazakhstan",
        "unit_type": "generator"
      }
    },
    {
      "type": "Feature",
      "geometry": {
        "type": "Point",
        "coordinates": [
          58.2206297,
          50.5267148
        ]
      },
      "properties": {
        "label": "Rejected node 12552195013",
        "type": "Capacity regex no match",
        "osm_element": "https://www.openstreetmap.org/node/12552195013",
        "rejection_reason": "Capacity regex no match",
        "rejection_details": "Tag 'generator:output:electricity' has value '3800 kW' which could not be parsed",
        "rejection_keywords": "3800 kW",
        "timestamp": "2026-04-24T03:20:40.076726",
        "element_type": "node",
        "element_id": 12552195013,
        "country": "Kazakhstan",
        "unit_type": "generator"
      }
    },
    {
      "type": "Feature",
      "geometry": {
        "type": "Point",
        "coordinates": [
          58.2271957,
          50.5306978
        ]
      },
      "properties": {
        "label": "Rejected node 12552195012",
        "type": "Capacity regex no match",
        "osm_element": "https://www.openstreetmap.org/node/12552195012",
        "rejection_reason": "Capacity regex no match",
        "rejection_details": "Tag 'generator:output:electricity' has value '3800 kW' which could not be parsed",
        "rejection_keywords": "3800 kW",
        "timestamp": "2026-04-24T03:20:40.076744",
        "element_type": "node",
        "element_id": 12552195012,
        "country": "Kazakhstan",
        "unit_type": "generator"
      }
    },
    {
      "type": "Feature",
      "geometry": {
        "type": "Point",
        "coordinates": [
          58.2387185,
          50.5144499
        ]
      },
      "properties": {
        "label": "Rejected node 12552195015",
        "type": "Capacity regex no match",
        "osm_element": "https://www.openstreetmap.org/node/12552195015",
        "rejection_reason": "Capacity regex no match",
        "rejection_details": "Tag 'generator:output:electricity' has value '3800 kW' which could not be parsed",
        "rejection_keywords": "3800 kW",
        "timestamp": "2026-04-24T03:20:40.076763",
        "element_type": "node",
        "element_id": 12552195015,
        "country": "Kazakhstan",
        "unit_type": "generator"
      }
    },
    {
      "type": "Feature",
      "geometry": {
        "type": "Point",
        "coordinates": [
          58.2337618,
          50.5211489
        ]
      },
      "properties": {
        "label": "Rejected node 12552195014",
        "type": "Capacity regex no match",
        "osm_element": "https://www.openstreetmap.org/node/12552195014",
        "rejection_reason": "Capacity regex no match",
        "rejection_details": "Tag 'generator:output:electricity' has value '3800 kW' which could not be parsed",
        "rejection_keywords": "3800 kW",
        "timestamp": "2026-04-24T03:20:40.076783",
        "element_type": "node",
        "element_id": 12552195014,
        "country": "Kazakhstan",
        "unit_type": "generator"
      }
    },
    {
      "type": "Feature",
      "geometry": {
        "type": "Point",
        "coordinates": [
          72.06493217768136,
          51.28756399363178
        ]
      },
      "properties": {
        "label": "Rejected relation 19431823",
        "type": "Missing output tag",
        "osm_element": "https://www.openstreetmap.org/relation/19431823",
        "rejection_reason": "Missing output tag",
        "rejection_details": "tags: {'name': 'Ақмола жел электр станциясы', 'name:en': 'Akmola Wind Farm', 'name:kk': 'Ақмола жел электр станциясы', 'name:ru': 'Акмолинская ветряная электростанция', 'plant:method': 'wind_turbine', 'plant:source': 'wind', 'power': 'plant', 'site': 'wind_farm', 'type': 'site'}",
        "rejection_keywords": "none",
        "timestamp": "2026-04-24T03:20:40.077554",
        "element_type": "relation",
        "element_id": 19431823,
        "country": "Kazakhstan",
        "unit_type": "plant"
      }
    },
    {
      "type": "Feature",
      "geometry": {
        "type": "Point",
        "coordinates": [
          72.0762048,
          51.2971403
        ]
      },
      "properties": {
        "label": "Rejected node 13052275132",
        "type": "Missing output tag",
        "osm_element": "https://www.openstreetmap.org/node/13052275132",
        "rejection_reason": "Missing output tag",
        "rejection_details": "tags: {'generator:method': 'wind_turbine', 'generator:source': 'wind', 'power': 'generator'}",
        "rejection_keywords": "none",
        "timestamp": "2026-04-24T03:20:40.078127",
        "element_type": "node",
        "element_id": 13052275132,
        "country": "Kazakhstan",
        "unit_type": "generator"
      }
    },
    {
      "type": "Feature",
      "geometry": {
        "type": "Point",
        "coordinates": [
          72.0719116,
          51.2899494
        ]
      },
      "properties": {
        "label": "Rejected node 13052275131",
        "type": "Missing output tag",
        "osm_element": "https://www.openstreetmap.org/node/13052275131",
        "rejection_reason": "Missing output tag",
        "rejection_details": "tags: {'generator:method': 'wind_turbine', 'generator:source': 'wind', 'power': 'generator'}",
        "rejection_keywords": "none",
        "timestamp": "2026-04-24T03:20:40.078155",
        "element_type": "node",
        "element_id": 13052275131,
        "country": "Kazakhstan",
        "unit_type": "generator"
      }
    },
    {
      "type": "Feature",
      "geometry": {
        "type": "Point",
        "coordinates": [
          72.054285,
          51.2913515
        ]
      },
      "properties": {
        "label": "Rejected node 13050293588",
        "type": "Missing output tag",
        "osm_element": "https://www.openstreetmap.org/node/13050293588",
        "rejection_reason": "Missing output tag",
        "rejection_details": "tags: {'generator:method': 'wind_turbine', 'generator:source': 'wind', 'power': 'generator'}",
        "rejection_keywords": "none",
        "timestamp": "2026-04-24T03:20:40.078178",
        "element_type": "node",
        "element_id": 13050293588,
        "country": "Kazakhstan",
        "unit_type": "generator"
      }
    },
    {
      "type": "Feature",
      "geometry": {
        "type": "Point",
        "coordinates": [
          72.0532607,
          51.2947198
        ]
      },
      "properties": {
        "label": "Rejected node 13050293590",
        "type": "Missing output tag",
        "osm_element": "https://www.openstreetmap.org/node/13050293590",
        "rejection_reason": "Missing output tag",
        "rejection_details": "tags: {'generator:method': 'wind_turbine', 'generator:source': 'wind', 'power': 'generator'}",
        "rejection_keywords": "none",
        "timestamp": "2026-04-24T03:20:40.078201",
        "element_type": "node",
        "element_id": 13050293590,
        "country": "Kazakhstan",
        "unit_type": "generator"
      }
    },
    {
      "type": "Feature",
      "geometry": {
        "type": "Point",
        "coordinates": [
          72.0467405,
          51.2939223
        ]
      },
      "properties": {
        "label": "Rejected node 13050293589",
        "type": "Missing output tag",
        "osm_element": "https://www.openstreetmap.org/node/13050293589",
        "rejection_reason": "Missing output tag",
        "rejection_details": "tags: {'generator:method': 'wind_turbine', 'generator:source': 'wind', 'power': 'generator'}",
        "rejection_keywords": "none",
        "timestamp": "2026-04-24T03:20:40.078223",
        "element_type": "node",
        "element_id": 13050293589,
        "country": "Kazakhstan",
        "unit_type": "generator"
      }
    },
    {
      "type": "Feature",
      "geometry": {
        "type": "Point",
        "coordinates": [
          72.0415826,
          51.2955065
        ]
      },
      "properties": {
        "label": "Rejected node 13050293591",
        "type": "Missing output tag",
        "osm_element": "https://www.openstreetmap.org/node/13050293591",
        "rejection_reason": "Missing output tag",
        "rejection_details": "tags: {'generator:method': 'wind_turbine', 'generator:source': 'wind', 'power': 'generator'}",
        "rejection_keywords": "none",
        "timestamp": "2026-04-24T03:20:40.078245",
        "element_type": "node",
        "element_id": 13050293591,
        "country": "Kazakhstan",
        "unit_type": "generator"
      }
    },
    {
      "type": "Feature",
      "geometry": {
        "type": "Point",
        "coordinates": [
          72.0403475,
          51.3012752
        ]
      },
      "properties": {
        "label": "Rejected node 13050293598",
        "type": "Missing output tag",
        "osm_element": "https://www.openstreetmap.org/node/13050293598",
        "rejection_reason": "Missing output tag",
        "rejection_details": "tags: {'generator:method': 'wind_turbine', 'generator:source': 'wind', 'power': 'generator'}",
        "rejection_keywords": "none",
        "timestamp": "2026-04-24T03:20:40.078266",
        "element_type": "node",
        "element_id": 13050293598,
        "country": "Kazakhstan",
        "unit_type": "generator"
      }
    },
    {
      "type": "Feature",
      "geometry": {
        "type": "Point",
        "coordinates": [
          72.0255934,
          51.2979148
        ]
      },
      "properties": {
        "label": "Rejected node 13050293597",
        "type": "Missing output tag",
        "osm_element": "https://www.openstreetmap.org/node/13050293597",
        "rejection_reason": "Missing output tag",
        "rejection_details": "tags: {'generator:method': 'wind_turbine', 'generator:source': 'wind', 'power': 'generator'}",
        "rejection_keywords": "none",
        "timestamp": "2026-04-24T03:20:40.078290",
        "element_type": "node",
        "element_id": 13050293597,
        "country": "Kazakhstan",
        "unit_type": "generator"
      }
    },
    {
      "type": "Feature",
      "geometry": {
        "type": "Point",
        "coordinates": [
          72.0256593,
          51.2937901
        ]
      },
      "properties": {
        "label": "Rejected node 13050293592",
        "type": "Missing output tag",
        "osm_element": "https://www.openstreetmap.org/node/13050293592",
        "rejection_reason": "Missing output tag",
        "rejection_details": "tags: {'generator:method': 'wind_turbine', 'generator:source': 'wind', 'power': 'generator'}",
        "rejection_keywords": "none",
        "timestamp": "2026-04-24T03:20:40.078310",
        "element_type": "node",
        "element_id": 13050293592,
        "country": "Kazakhstan",
        "unit_type": "generator"
      }
    },
    {
      "type": "Feature",
      "geometry": {
        "type": "Point",
        "coordinates": [
          72.0220043,
          51.2873774
        ]
      },
      "properties": {
        "label": "Rejected node 13050293596",
        "type": "Missing output tag",
        "osm_element": "https://www.openstreetmap.org/node/13050293596",
        "rejection_reason": "Missing output tag",
        "rejection_details": "tags: {'generator:method': 'wind_turbine', 'generator:source': 'wind', 'power': 'generator'}",
        "rejection_keywords": "none",
        "timestamp": "2026-04-24T03:20:40.078332",
        "element_type": "node",
        "element_id": 13050293596,
        "country": "Kazakhstan",
        "unit_type": "generator"
      }
    },
    {
      "type": "Feature",
      "geometry": {
        "type": "Point",
        "coordinates": [
          72.0255804,
          51.2834167
        ]
      },
      "properties": {
        "label": "Rejected node 13050293595",
        "type": "Missing output tag",
        "osm_element": "https://www.openstreetmap.org/node/13050293595",
        "rejection_reason": "Missing output tag",
        "rejection_details": "tags: {'generator:method': 'wind_turbine', 'generator:source': 'wind', 'power': 'generator'}",
        "rejection_keywords": "none",
        "timestamp": "2026-04-24T03:20:40.078354",
        "element_type": "node",
        "element_id": 13050293595,
        "country": "Kazakhstan",
        "unit_type": "generator"
      }
    },
    {
      "type": "Feature",
      "geometry": {
        "type": "Point",
        "coordinates": [
          72.031862,
          51.2797614
        ]
      },
      "properties": {
        "label": "Rejected node 13050293594",
        "type": "Missing output tag",
        "osm_element": "https://www.openstreetmap.org/node/13050293594",
        "rejection_reason": "Missing output tag",
        "rejection_details": "tags: {'generator:method': 'wind_turbine', 'generator:source': 'wind', 'power': 'generator'}",
        "rejection_keywords": "none",
        "timestamp": "2026-04-24T03:20:40.078375",
        "element_type": "node",
        "element_id": 13050293594,
        "country": "Kazakhstan",
        "unit_type": "generator"
      }
    },
    {
      "type": "Feature",
      "geometry": {
        "type": "Point",
        "coordinates": [
          72.045112,
          51.2754448
        ]
      },
      "properties": {
        "label": "Rejected node 13050293593",
        "type": "Missing output tag",
        "osm_element": "https://www.openstreetmap.org/node/13050293593",
        "rejection_reason": "Missing output tag",
        "rejection_details": "tags: {'generator:method': 'wind_turbine', 'generator:source': 'wind', 'power': 'generator'}",
        "rejection_keywords": "none",
        "timestamp": "2026-04-24T03:20:40.078397",
        "element_type": "node",
        "element_id": 13050293593,
        "country": "Kazakhstan",
        "unit_type": "generator"
      }
    },
    {
      "type": "Feature",
      "geometry": {
        "type": "Point",
        "coordinates": [
          72.0586165,
          51.2836321
        ]
      },
      "properties": {
        "label": "Rejected node 13050293587",
        "type": "Missing output tag",
        "osm_element": "https://www.openstreetmap.org/node/13050293587",
        "rejection_reason": "Missing output tag",
        "rejection_details": "tags: {'generator:method': 'wind_turbine', 'generator:source': 'wind', 'power': 'generator'}",
        "rejection_keywords": "none",
        "timestamp": "2026-04-24T03:20:40.078417",
        "element_type": "node",
        "element_id": 13050293587,
        "country": "Kazakhstan",
        "unit_type": "generator"
      }
    },
    {
      "type": "Feature",
      "geometry": {
        "type": "Point",
        "coordinates": [
          72.0633548,
          51.2790947
        ]
      },
      "properties": {
        "label": "Rejected node 13050293586",
        "type": "Missing output tag",
        "osm_element": "https://www.openstreetmap.org/node/13050293586",
        "rejection_reason": "Missing output tag",
        "rejection_details": "tags: {'generator:method': 'wind_turbine', 'generator:source': 'wind', 'power': 'generator'}",
        "rejection_keywords": "none",
        "timestamp": "2026-04-24T03:20:40.078438",
        "element_type": "node",
        "element_id": 13050293586,
        "country": "Kazakhstan",
        "unit_type": "generator"
      }
    },
    {
      "type": "Feature",
      "geometry": {
        "type": "Point",
        "coordinates": [
          72.0693756,
          51.2761789
        ]
      },
      "properties": {
        "label": "Rejected node 13050293585",
        "type": "Missing output tag",
        "osm_element": "https://www.openstreetmap.org/node/13050293585",
        "rejection_reason": "Missing output tag",
        "rejection_details": "tags: {'generator:method': 'wind_turbine', 'generator:source': 'wind', 'power': 'generator'}",
        "rejection_keywords": "none",
        "timestamp": "2026-04-24T03:20:40.078460",
        "element_type": "node",
        "element_id": 13050293585,
        "country": "Kazakhstan",
        "unit_type": "generator"
      }
    },
    {
      "type": "Feature",
      "geometry": {
        "type": "Point",
        "coordinates": [
          72.0718076,
          51.2721478
        ]
      },
      "properties": {
        "label": "Rejected node 13050293584",
        "type": "Missing output tag",
        "osm_element": "https://www.openstreetmap.org/node/13050293584",
        "rejection_reason": "Missing output tag",
        "rejection_details": "tags: {'generator:method': 'wind_turbine', 'generator:source': 'wind', 'power': 'generator'}",
        "rejection_keywords": "none",
        "timestamp": "2026-04-24T03:20:40.078480",
        "element_type": "node",
        "element_id": 13050293584,
        "country": "Kazakhstan",
        "unit_type": "generator"
      }
    },
    {
      "type": "Feature",
      "geometry": {
        "type": "Point",
        "coordinates": [
          72.0721785,
          51.2682753
        ]
      },
      "properties": {
        "label": "Rejected node 13050293583",
        "type": "Missing output tag",
        "osm_element": "https://www.openstreetmap.org/node/13050293583",
        "rejection_reason": "Missing output tag",
        "rejection_details": "tags: {'generator:method': 'wind_turbine', 'generator:source': 'wind', 'power': 'generator'}",
        "rejection_keywords": "none",
        "timestamp": "2026-04-24T03:20:40.078501",
        "element_type": "node",
        "element_id": 13050293583,
        "country": "Kazakhstan",
        "unit_type": "generator"
      }
    },
    {
      "type": "Feature",
      "geometry": {
        "type": "Point",
        "coordinates": [
          72.0714933,
          51.2645594
        ]
      },
      "properties": {
        "label": "Rejected node 13050293582",
        "type": "Missing output tag",
        "osm_element": "https://www.openstreetmap.org/node/13050293582",
        "rejection_reason": "Missing output tag",
        "rejection_details": "tags: {'generator:method': 'wind_turbine', 'generator:source': 'wind', 'power': 'generator'}",
        "rejection_keywords": "none",
        "timestamp": "2026-04-24T03:20:40.078522",
        "element_type": "node",
        "element_id": 13050293582,
        "country": "Kazakhstan",
        "unit_type": "generator"
      }
    },
    {
      "type": "Feature",
      "geometry": {
        "type": "Point",
        "coordinates": [
          72.0856607,
          51.2684147
        ]
      },
      "properties": {
        "label": "Rejected node 13052275174",
        "type": "Missing output tag",
        "osm_element": "https://www.openstreetmap.org/node/13052275174",
        "rejection_reason": "Missing output tag",
        "rejection_details": "tags: {'generator:method': 'wind_turbine', 'generator:source': 'wind', 'power': 'generator'}",
        "rejection_keywords": "none",
        "timestamp": "2026-04-24T03:20:40.078542",
        "element_type": "node",
        "element_id": 13052275174,
        "country": "Kazakhstan",
        "unit_type": "generator"
      }
    },
    {
      "type": "Feature",
      "geometry": {
        "type": "Point",
        "coordinates": [
          72.090495,
          51.2627436
        ]
      },
      "properties": {
        "label": "Rejected node 13052299818",
        "type": "Missing output tag",
        "osm_element": "https://www.openstreetmap.org/node/13052299818",
        "rejection_reason": "Missing output tag",
        "rejection_details": "tags: {'generator:method': 'wind_turbine', 'generator:source': 'wind', 'power': 'generator'}",
        "rejection_keywords": "none",
        "timestamp": "2026-04-24T03:20:40.078562",
        "element_type": "node",
        "element_id": 13052299818,
        "country": "Kazakhstan",
        "unit_type": "generator"
      }
    },
    {
      "type": "Feature",
      "geometry": {
        "type": "Point",
        "coordinates": [
          72.0967048,
          51.2710399
        ]
      },
      "properties": {
        "label": "Rejected node 13052275173",
        "type": "Missing output tag",
        "osm_element": "https://www.openstreetmap.org/node/13052275173",
        "rejection_reason": "Missing output tag",
        "rejection_details": "tags: {'generator:method': 'wind_turbine', 'generator:source': 'wind', 'power': 'generator'}",
        "rejection_keywords": "none",
        "timestamp": "2026-04-24T03:20:40.078583",
        "element_type": "node",
        "element_id": 13052275173,
        "country": "Kazakhstan",
        "unit_type": "generator"
      }
    },
    {
      "type": "Feature",
      "geometry": {
        "type": "Point",
        "coordinates": [
          72.1100698,
          51.2777312
        ]
      },
      "properties": {
        "label": "Rejected node 13052275172",
        "type": "Missing output tag",
        "osm_element": "https://www.openstreetmap.org/node/13052275172",
        "rejection_reason": "Missing output tag",
        "rejection_details": "tags: {'generator:method': 'wind_turbine', 'generator:source': 'wind', 'power': 'generator'}",
        "rejection_keywords": "none",
        "timestamp": "2026-04-24T03:20:40.078603",
        "element_type": "node",
        "element_id": 13052275172,
        "country": "Kazakhstan",
        "unit_type": "generator"
      }
    },
    {
      "type": "Feature",
      "geometry": {
        "type": "Point",
        "coordinates": [
          72.1218108,
          51.2810357
        ]
      },
      "properties": {
        "label": "Rejected node 13052275143",
        "type": "Missing output tag",
        "osm_element": "https://www.openstreetmap.org/node/13052275143",
        "rejection_reason": "Missing output tag",
        "rejection_details": "tags: {'generator:method': 'wind_turbine', 'generator:source': 'wind', 'power': 'generator'}",
        "rejection_keywords": "none",
        "timestamp": "2026-04-24T03:20:40.078624",
        "element_type": "node",
        "element_id": 13052275143,
        "country": "Kazakhstan",
        "unit_type": "generator"
      }
    },
    {
      "type": "Feature",
      "geometry": {
        "type": "Point",
        "coordinates": [
          72.1315099,
          51.2817678
        ]
      },
      "properties": {
        "label": "Rejected node 13052275142",
        "type": "Missing output tag",
        "osm_element": "https://www.openstreetmap.org/node/13052275142",
        "rejection_reason": "Missing output tag",
        "rejection_details": "tags: {'generator:method': 'wind_turbine', 'generator:source': 'wind', 'power': 'generator'}",
        "rejection_keywords": "none",
        "timestamp": "2026-04-24T03:20:40.078645",
        "element_type": "node",
        "element_id": 13052275142,
        "country": "Kazakhstan",
        "unit_type": "generator"
      }
    },
    {
      "type": "Feature",
      "geometry": {
        "type": "Point",
        "coordinates": [
          72.0782002,
          51.2582598
        ]
      },
      "properties": {
        "label": "Rejected node 13050293581",
        "type": "Missing output tag",
        "osm_element": "https://www.openstreetmap.org/node/13050293581",
        "rejection_reason": "Missing output tag",
        "rejection_details": "tags: {'generator:method': 'wind_turbine', 'generator:source': 'wind', 'power': 'generator'}",
        "rejection_keywords": "none",
        "timestamp": "2026-04-24T03:20:40.078665",
        "element_type": "node",
        "element_id": 13050293581,
        "country": "Kazakhstan",
        "unit_type": "generator"
      }
    },
    {
      "type": "Feature",
      "geometry": {
        "type": "Point",
        "coordinates": [
          72.0902859,
          51.2580368
        ]
      },
      "properties": {
        "label": "Rejected node 13052299820",
        "type": "Missing output tag",
        "osm_element": "https://www.openstreetmap.org/node/13052299820",
        "rejection_reason": "Missing output tag",
        "rejection_details": "tags: {'generator:method': 'wind_turbine', 'generator:source': 'wind', 'power': 'generator'}",
        "rejection_keywords": "none",
        "timestamp": "2026-04-24T03:20:40.078686",
        "element_type": "node",
        "element_id": 13052299820,
        "country": "Kazakhstan",
        "unit_type": "generator"
      }
    },
    {
      "type": "Feature",
      "geometry": {
        "type": "Point",
        "coordinates": [
          72.0966735,
          51.2572267
        ]
      },
      "properties": {
        "label": "Rejected node 13052299819",
        "type": "Missing output tag",
        "osm_element": "https://www.openstreetmap.org/node/13052299819",
        "rejection_reason": "Missing output tag",
        "rejection_details": "tags: {'generator:method': 'wind_turbine', 'generator:source': 'wind', 'power': 'generator'}",
        "rejection_keywords": "none",
        "timestamp": "2026-04-24T03:20:40.078706",
        "element_type": "node",
        "element_id": 13052299819,
        "country": "Kazakhstan",
        "unit_type": "generator"
      }
    },
    {
      "type": "Feature",
      "geometry": {
        "type": "Point",
        "coordinates": [
          72.0900718,
          51.2534057
        ]
      },
      "properties": {
        "label": "Rejected node 13052299821",
        "type": "Missing output tag",
        "osm_element": "https://www.openstreetmap.org/node/13052299821",
        "rejection_reason": "Missing output tag",
        "rejection_details": "tags: {'generator:method': 'wind_turbine', 'generator:source': 'wind', 'power': 'generator'}",
        "rejection_keywords": "none",
        "timestamp": "2026-04-24T03:20:40.078726",
        "element_type": "node",
        "element_id": 13052299821,
        "country": "Kazakhstan",
        "unit_type": "generator"
      }
    },
    {
      "type": "Feature",
      "geometry": {
        "type": "Point",
        "coordinates": [
          72.1664564,
          51.2718596
        ]
      },
      "properties": {
        "label": "Rejected node 13050359410",
        "type": "Missing output tag",
        "osm_element": "https://www.openstreetmap.org/node/13050359410",
        "rejection_reason": "Missing output tag",
        "rejection_details": "tags: {'generator:method': 'wind_turbine', 'generator:source': 'wind', 'power': 'generator'}",
        "rejection_keywords": "none",
        "timestamp": "2026-04-24T03:20:40.078746",
        "element_type": "node",
        "element_id": 13050359410,
        "country": "Kazakhstan",
        "unit_type": "generator"
      }
    },
    {
      "type": "Feature",
      "geometry": {
        "type": "Point",
        "coordinates": [
          72.1706324,
          51.2680502
        ]
      },
      "properties": {
        "label": "Rejected node 13050359409",
        "type": "Missing output tag",
        "osm_element": "https://www.openstreetmap.org/node/13050359409",
        "rejection_reason": "Missing output tag",
        "rejection_details": "tags: {'generator:method': 'wind_turbine', 'generator:source': 'wind', 'power': 'generator'}",
        "rejection_keywords": "none",
        "timestamp": "2026-04-24T03:20:40.078767",
        "element_type": "node",
        "element_id": 13050359409,
        "country": "Kazakhstan",
        "unit_type": "generator"
      }
    },
    {
      "type": "Feature",
      "geometry": {
        "type": "Point",
        "coordinates": [
          72.1754299,
          51.2644527
        ]
      },
      "properties": {
        "label": "Rejected node 13050359408",
        "type": "Missing output tag",
        "osm_element": "https://www.openstreetmap.org/node/13050359408",
        "rejection_reason": "Missing output tag",
        "rejection_details": "tags: {'generator:method': 'wind_turbine', 'generator:source': 'wind', 'power': 'generator'}",
        "rejection_keywords": "none",
        "timestamp": "2026-04-24T03:20:40.078787",
        "element_type": "node",
        "element_id": 13050359408,
        "country": "Kazakhstan",
        "unit_type": "generator"
      }
    },
    {
      "type": "Feature",
      "geometry": {
        "type": "Point",
        "coordinates": [
          72.1788665,
          51.259757
        ]
      },
      "properties": {
        "label": "Rejected node 13050359407",
        "type": "Missing output tag",
        "osm_element": "https://www.openstreetmap.org/node/13050359407",
        "rejection_reason": "Missing output tag",
        "rejection_details": "tags: {'generator:method': 'wind_turbine', 'generator:source': 'wind', 'power': 'generator'}",
        "rejection_keywords": "none",
        "timestamp": "2026-04-24T03:20:40.078807",
        "element_type": "node",
        "element_id": 13050359407,
        "country": "Kazakhstan",
        "unit_type": "generator"
      }
    },
    {
      "type": "Feature",
      "geometry": {
        "type": "Point",
        "coordinates": [
          72.1820481,
          51.2552236
        ]
      },
      "properties": {
        "label": "Rejected node 13050359406",
        "type": "Missing output tag",
        "osm_element": "https://www.openstreetmap.org/node/13050359406",
        "rejection_reason": "Missing output tag",
        "rejection_details": "tags: {'generator:method': 'wind_turbine', 'generator:source': 'wind', 'power': 'generator'}",
        "rejection_keywords": "none",
        "timestamp": "2026-04-24T03:20:40.078828",
        "element_type": "node",
        "element_id": 13050359406,
        "country": "Kazakhstan",
        "unit_type": "generator"
      }
    },
    {
      "type": "Feature",
      "geometry": {
        "type": "Point",
        "coordinates": [
          72.1634269,
          51.2517618
        ]
      },
      "properties": {
        "label": "Rejected node 13050359403",
        "type": "Missing output tag",
        "osm_element": "https://www.openstreetmap.org/node/13050359403",
        "rejection_reason": "Missing output tag",
        "rejection_details": "tags: {'generator:method': 'wind_turbine', 'generator:source': 'wind', 'power': 'generator'}",
        "rejection_keywords": "none",
        "timestamp": "2026-04-24T03:20:40.078849",
        "element_type": "node",
        "element_id": 13050359403,
        "country": "Kazakhstan",
        "unit_type": "generator"
      }
    },
    {
      "type": "Feature",
      "geometry": {
        "type": "Point",
        "coordinates": [
          72.1559712,
          51.2531025
        ]
      },
      "properties": {
        "label": "Rejected node 13050359402",
        "type": "Missing output tag",
        "osm_element": "https://www.openstreetmap.org/node/13050359402",
        "rejection_reason": "Missing output tag",
        "rejection_details": "tags: {'generator:method': 'wind_turbine', 'generator:source': 'wind', 'power': 'generator'}",
        "rejection_keywords": "none",
        "timestamp": "2026-04-24T03:20:40.078870",
        "element_type": "node",
        "element_id": 13050359402,
        "country": "Kazakhstan",
        "unit_type": "generator"
      }
    },
    {
      "type": "Feature",
      "geometry": {
        "type": "Point",
        "coordinates": [
          72.132176,
          51.2524786
        ]
      },
      "properties": {
        "label": "Rejected node 13050293599",
        "type": "Missing output tag",
        "osm_element": "https://www.openstreetmap.org/node/13050293599",
        "rejection_reason": "Missing output tag",
        "rejection_details": "tags: {'generator:method': 'wind_turbine', 'generator:source': 'wind', 'power': 'generator'}",
        "rejection_keywords": "none",
        "timestamp": "2026-04-24T03:20:40.078891",
        "element_type": "node",
        "element_id": 13050293599,
        "country": "Kazakhstan",
        "unit_type": "generator"
      }
    },
    {
      "type": "Feature",
      "geometry": {
        "type": "Point",
        "coordinates": [
          72.1418455,
          51.2565676
        ]
      },
      "properties": {
        "label": "Rejected node 13050293600",
        "type": "Missing output tag",
        "osm_element": "https://www.openstreetmap.org/node/13050293600",
        "rejection_reason": "Missing output tag",
        "rejection_details": "tags: {'generator:method': 'wind_turbine', 'generator:source': 'wind', 'power': 'generator'}",
        "rejection_keywords": "none",
        "timestamp": "2026-04-24T03:20:40.078913",
        "element_type": "node",
        "element_id": 13050293600,
        "country": "Kazakhstan",
        "unit_type": "generator"
      }
    },
    {
      "type": "Feature",
      "geometry": {
        "type": "Point",
        "coordinates": [
          72.1482003,
          51.2526484
        ]
      },
      "properties": {
        "label": "Rejected node 13050359401",
        "type": "Missing output tag",
        "osm_element": "https://www.openstreetmap.org/node/13050359401",
        "rejection_reason": "Missing output tag",
        "rejection_details": "tags: {'generator:method': 'wind_turbine', 'generator:source': 'wind', 'power': 'generator'}",
        "rejection_keywords": "none",
        "timestamp": "2026-04-24T03:20:40.078934",
        "element_type": "node",
        "element_id": 13050359401,
        "country": "Kazakhstan",
        "unit_type": "generator"
      }
    },
    {
      "type": "Feature",
      "geometry": {
        "type": "Point",
        "coordinates": [
          72.1594171,
          51.2350671
        ]
      },
      "properties": {
        "label": "Rejected node 13050359404",
        "type": "Missing output tag",
        "osm_element": "https://www.openstreetmap.org/node/13050359404",
        "rejection_reason": "Missing output tag",
        "rejection_details": "tags: {'generator:method': 'wind_turbine', 'generator:source': 'wind', 'power': 'generator'}",
        "rejection_keywords": "none",
        "timestamp": "2026-04-24T03:20:40.078971",
        "element_type": "node",
        "element_id": 13050359404,
        "country": "Kazakhstan",
        "unit_type": "generator"
      }
    },
    {
      "type": "Feature",
      "geometry": {
        "type": "Point",
        "coordinates": [
          72.1510871,
          51.2347379
        ]
      },
      "properties": {
        "label": "Rejected node 13050359405",
        "type": "Missing output tag",
        "osm_element": "https://www.openstreetmap.org/node/13050359405",
        "rejection_reason": "Missing output tag",
        "rejection_details": "tags: {'generator:method': 'wind_turbine', 'generator:source': 'wind', 'power': 'generator'}",
        "rejection_keywords": "none",
        "timestamp": "2026-04-24T03:20:40.078994",
        "element_type": "node",
        "element_id": 13050359405,
        "country": "Kazakhstan",
        "unit_type": "generator"
      }
    },
    {
      "type": "Feature",
      "geometry": {
        "type": "Point",
        "coordinates": [
          73.0530382775793,
          51.65835027661591
        ]
      },
      "properties": {
        "label": "Rejected relation 19949799",
        "type": "Capacity placeholder value",
        "osm_element": "https://www.openstreetmap.org/relation/19949799",
        "rejection_reason": "Capacity placeholder value",
        "rejection_details": "Tag 'plant:output:electricity' contains placeholder value 'yes' instead of actual capacity",
        "rejection_keywords": "yes",
        "timestamp": "2026-04-24T03:20:40.081893",
        "element_type": "relation",
        "element_id": 19949799,
        "country": "Kazakhstan",
        "unit_type": "plant"
      }
    },
    {
      "type": "Feature",
      "geometry": {
        "type": "Point",
        "coordinates": [
          73.0408859,
          51.6592195
        ]
      },
      "properties": {
        "label": "Rejected node 13369713314",
        "type": "Missing output tag",
        "osm_element": "https://www.openstreetmap.org/node/13369713314",
        "rejection_reason": "Missing output tag",
        "rejection_details": "tags: {'generator:method': 'wind_turbine', 'generator:source': 'wind', 'generator:type': 'horizontal_axis', 'power': 'generator'}",
        "rejection_keywords": "none",
        "timestamp": "2026-04-24T03:20:40.082184",
        "element_type": "node",
        "element_id": 13369713314,
        "country": "Kazakhstan",
        "unit_type": "generator"
      }
    },
    {
      "type": "Feature",
      "geometry": {
        "type": "Point",
        "coordinates": [
          73.040843,
          51.6618018
        ]
      },
      "properties": {
        "label": "Rejected node 13369713313",
        "type": "Missing output tag",
        "osm_element": "https://www.openstreetmap.org/node/13369713313",
        "rejection_reason": "Missing output tag",
        "rejection_details": "tags: {'generator:method': 'wind_turbine', 'generator:source': 'wind', 'generator:type': 'horizontal_axis', 'power': 'generator'}",
        "rejection_keywords": "none",
        "timestamp": "2026-04-24T03:20:40.082214",
        "element_type": "node",
        "element_id": 13369713313,
        "country": "Kazakhstan",
        "unit_type": "generator"
      }
    },
    {
      "type": "Feature",
      "geometry": {
        "type": "Point",
        "coordinates": [
          73.0509281,
          51.6588468
        ]
      },
      "properties": {
        "label": "Rejected node 13369713316",
        "type": "Missing output tag",
        "osm_element": "https://www.openstreetmap.org/node/13369713316",
        "rejection_reason": "Missing output tag",
        "rejection_details": "tags: {'generator:method': 'wind_turbine', 'generator:source': 'wind', 'generator:type': 'horizontal_axis', 'power': 'generator'}",
        "rejection_keywords": "none",
        "timestamp": "2026-04-24T03:20:40.082240",
        "element_type": "node",
        "element_id": 13369713316,
        "country": "Kazakhstan",
        "unit_type": "generator"
      }
    },
    {
      "type": "Feature",
      "geometry": {
        "type": "Point",
        "coordinates": [
          73.0462074,
          51.6598318
        ]
      },
      "properties": {
        "label": "Rejected node 13369713315",
        "type": "Missing output tag",
        "osm_element": "https://www.openstreetmap.org/node/13369713315",
        "rejection_reason": "Missing output tag",
        "rejection_details": "tags: {'generator:method': 'wind_turbine', 'generator:source': 'wind', 'generator:type': 'horizontal_axis', 'power': 'generator'}",
        "rejection_keywords": "none",
        "timestamp": "2026-04-24T03:20:40.082264",
        "element_type": "node",
        "element_id": 13369713315,
        "country": "Kazakhstan",
        "unit_type": "generator"
      }
    },
    {
      "type": "Feature",
      "geometry": {
        "type": "Point",
        "coordinates": [
          73.0587816,
          51.6565306
        ]
      },
      "properties": {
        "label": "Rejected node 13369713318",
        "type": "Missing output tag",
        "osm_element": "https://www.openstreetmap.org/node/13369713318",
        "rejection_reason": "Missing output tag",
        "rejection_details": "tags: {'generator:method': 'wind_turbine', 'generator:source': 'wind', 'generator:type': 'horizontal_axis', 'power': 'generator'}",
        "rejection_keywords": "none",
        "timestamp": "2026-04-24T03:20:40.082288",
        "element_type": "node",
        "element_id": 13369713318,
        "country": "Kazakhstan",
        "unit_type": "generator"
      }
    },
    {
      "type": "Feature",
      "geometry": {
        "type": "Point",
        "coordinates": [
          73.0549621,
          51.6581546
        ]
      },
      "properties": {
        "label": "Rejected node 13369713317",
        "type": "Missing output tag",
        "osm_element": "https://www.openstreetmap.org/node/13369713317",
        "rejection_reason": "Missing output tag",
        "rejection_details": "tags: {'generator:method': 'wind_turbine', 'generator:source': 'wind', 'generator:type': 'horizontal_axis', 'power': 'generator'}",
        "rejection_keywords": "none",
        "timestamp": "2026-04-24T03:20:40.082313",
        "element_type": "node",
        "element_id": 13369713317,
        "country": "Kazakhstan",
        "unit_type": "generator"
      }
    },
    {
      "type": "Feature",
      "geometry": {
        "type": "Point",
        "coordinates": [
          73.0624723,
          51.6543741
        ]
      },
      "properties": {
        "label": "Rejected node 13369713320",
        "type": "Missing output tag",
        "osm_element": "https://www.openstreetmap.org/node/13369713320",
        "rejection_reason": "Missing output tag",
        "rejection_details": "tags: {'generator:method': 'wind_turbine', 'generator:source': 'wind', 'generator:type': 'horizontal_axis', 'power': 'generator'}",
        "rejection_keywords": "none",
        "timestamp": "2026-04-24T03:20:40.082336",
        "element_type": "node",
        "element_id": 13369713320,
        "country": "Kazakhstan",
        "unit_type": "generator"
      }
    },
    {
      "type": "Feature",
      "geometry": {
        "type": "Point",
        "coordinates": [
          73.0586958,
          51.6535221
        ]
      },
      "properties": {
        "label": "Rejected node 13369713319",
        "type": "Missing output tag",
        "osm_element": "https://www.openstreetmap.org/node/13369713319",
        "rejection_reason": "Missing output tag",
        "rejection_details": "tags: {'generator:method': 'wind_turbine', 'generator:source': 'wind', 'generator:type': 'horizontal_axis', 'power': 'generator'}",
        "rejection_keywords": "none",
        "timestamp": "2026-04-24T03:20:40.082359",
        "element_type": "node",
        "element_id": 13369713319,
        "country": "Kazakhstan",
        "unit_type": "generator"
      }
    },
    {
      "type": "Feature",
      "geometry": {
        "type": "Point",
        "coordinates": [
          73.0468511,
          51.6662738
        ]
      },
      "properties": {
        "label": "Rejected node 13369713329",
        "type": "Missing output tag",
        "osm_element": "https://www.openstreetmap.org/node/13369713329",
        "rejection_reason": "Missing output tag",
        "rejection_details": "tags: {'generator:method': 'wind_turbine', 'generator:source': 'wind', 'generator:type': 'horizontal_axis', 'power': 'generator'}",
        "rejection_keywords": "none",
        "timestamp": "2026-04-24T03:20:40.082381",
        "element_type": "node",
        "element_id": 13369713329,
        "country": "Kazakhstan",
        "unit_type": "generator"
      }
    },
    {
      "type": "Feature",
      "geometry": {
        "type": "Point",
        "coordinates": [
          73.04286,
          51.6649429
        ]
      },
      "properties": {
        "label": "Rejected node 13369713330",
        "type": "Missing output tag",
        "osm_element": "https://www.openstreetmap.org/node/13369713330",
        "rejection_reason": "Missing output tag",
        "rejection_details": "tags: {'generator:method': 'wind_turbine', 'generator:source': 'wind', 'generator:type': 'horizontal_axis', 'power': 'generator'}",
        "rejection_keywords": "none",
        "timestamp": "2026-04-24T03:20:40.082404",
        "element_type": "node",
        "element_id": 13369713330,
        "country": "Kazakhstan",
        "unit_type": "generator"
      }
    },
    {
      "type": "Feature",
      "geometry": {
        "type": "Point",
        "coordinates": [
          73.0643177,
          51.6522706
        ]
      },
      "properties": {
        "label": "Rejected node 13369713322",
        "type": "Missing output tag",
        "osm_element": "https://www.openstreetmap.org/node/13369713322",
        "rejection_reason": "Missing output tag",
        "rejection_details": "tags: {'generator:method': 'wind_turbine', 'generator:source': 'wind', 'generator:type': 'horizontal_axis', 'power': 'generator'}",
        "rejection_keywords": "none",
        "timestamp": "2026-04-24T03:20:40.082427",
        "element_type": "node",
        "element_id": 13369713322,
        "country": "Kazakhstan",
        "unit_type": "generator"
      }
    },
    {
      "type": "Feature",
      "geometry": {
        "type": "Point",
        "coordinates": [
          73.061614,
          51.6493417
        ]
      },
      "properties": {
        "label": "Rejected node 13369713321",
        "type": "Missing output tag",
        "osm_element": "https://www.openstreetmap.org/node/13369713321",
        "rejection_reason": "Missing output tag",
        "rejection_details": "tags: {'generator:method': 'wind_turbine', 'generator:source': 'wind', 'generator:type': 'horizontal_axis', 'power': 'generator'}",
        "rejection_keywords": "none",
        "timestamp": "2026-04-24T03:20:40.082449",
        "element_type": "node",
        "element_id": 13369713321,
        "country": "Kazakhstan",
        "unit_type": "generator"
      }
    },
    {
      "type": "Feature",
      "geometry": {
        "type": "Point",
        "coordinates": [
          73.062129,
          51.6572761
        ]
      },
      "properties": {
        "label": "Rejected node 13369713324",
        "type": "Missing output tag",
        "osm_element": "https://www.openstreetmap.org/node/13369713324",
        "rejection_reason": "Missing output tag",
        "rejection_details": "tags: {'generator:method': 'wind_turbine', 'generator:source': 'wind', 'generator:type': 'horizontal_axis', 'power': 'generator'}",
        "rejection_keywords": "none",
        "timestamp": "2026-04-24T03:20:40.082472",
        "element_type": "node",
        "element_id": 13369713324,
        "country": "Kazakhstan",
        "unit_type": "generator"
      }
    },
    {
      "type": "Feature",
      "geometry": {
        "type": "Point",
        "coordinates": [
          73.0652189,
          51.6559715
        ]
      },
      "properties": {
        "label": "Rejected node 13369713323",
        "type": "Missing output tag",
        "osm_element": "https://www.openstreetmap.org/node/13369713323",
        "rejection_reason": "Missing output tag",
        "rejection_details": "tags: {'generator:method': 'wind_turbine', 'generator:source': 'wind', 'generator:type': 'horizontal_axis', 'power': 'generator'}",
        "rejection_keywords": "none",
        "timestamp": "2026-04-24T03:20:40.082496",
        "element_type": "node",
        "element_id": 13369713323,
        "country": "Kazakhstan",
        "unit_type": "generator"
      }
    },
    {
      "type": "Feature",
      "geometry": {
        "type": "Point",
        "coordinates": [
          73.057065,
          51.6606571
        ]
      },
      "properties": {
        "label": "Rejected node 13369713326",
        "type": "Missing output tag",
        "osm_element": "https://www.openstreetmap.org/node/13369713326",
        "rejection_reason": "Missing output tag",
        "rejection_details": "tags: {'generator:method': 'wind_turbine', 'generator:source': 'wind', 'generator:type': 'horizontal_axis', 'power': 'generator'}",
        "rejection_keywords": "none",
        "timestamp": "2026-04-24T03:20:40.082520",
        "element_type": "node",
        "element_id": 13369713326,
        "country": "Kazakhstan",
        "unit_type": "generator"
      }
    },
    {
      "type": "Feature",
      "geometry": {
        "type": "Point",
        "coordinates": [
          73.0589532,
          51.6587669
        ]
      },
      "properties": {
        "label": "Rejected node 13369713325",
        "type": "Missing output tag",
        "osm_element": "https://www.openstreetmap.org/node/13369713325",
        "rejection_reason": "Missing output tag",
        "rejection_details": "tags: {'generator:method': 'wind_turbine', 'generator:source': 'wind', 'generator:type': 'horizontal_axis', 'power': 'generator'}",
        "rejection_keywords": "none",
        "timestamp": "2026-04-24T03:20:40.082544",
        "element_type": "node",
        "element_id": 13369713325,
        "country": "Kazakhstan",
        "unit_type": "generator"
      }
    },
    {
      "type": "Feature",
      "geometry": {
        "type": "Point",
        "coordinates": [
          73.0510568,
          51.6650227
        ]
      },
      "properties": {
        "label": "Rejected node 13369713328",
        "type": "Missing output tag",
        "osm_element": "https://www.openstreetmap.org/node/13369713328",
        "rejection_reason": "Missing output tag",
        "rejection_details": "tags: {'generator:method': 'wind_turbine', 'generator:source': 'wind', 'generator:type': 'horizontal_axis', 'power': 'generator'}",
        "rejection_keywords": "none",
        "timestamp": "2026-04-24T03:20:40.082567",
        "element_type": "node",
        "element_id": 13369713328,
        "country": "Kazakhstan",
        "unit_type": "generator"
      }
    },
    {
      "type": "Feature",
      "geometry": {
        "type": "Point",
        "coordinates": [
          73.0546188,
          51.6635321
        ]
      },
      "properties": {
        "label": "Rejected node 13369713327",
        "type": "Missing output tag",
        "osm_element": "https://www.openstreetmap.org/node/13369713327",
        "rejection_reason": "Missing output tag",
        "rejection_details": "tags: {'generator:method': 'wind_turbine', 'generator:source': 'wind', 'generator:type': 'horizontal_axis', 'power': 'generator'}",
        "rejection_keywords": "none",
        "timestamp": "2026-04-24T03:20:40.082591",
        "element_type": "node",
        "element_id": 13369713327,
        "country": "Kazakhstan",
        "unit_type": "generator"
      }
    },
    {
      "type": "Feature",
      "geometry": {
        "type": "Point",
        "coordinates": [
          72.77001284382384,
          51.78206333700154
        ]
      },
      "properties": {
        "label": "Rejected relation 19949801",
        "type": "Capacity placeholder value",
        "osm_element": "https://www.openstreetmap.org/relation/19949801",
        "rejection_reason": "Capacity placeholder value",
        "rejection_details": "Tag 'plant:output:electricity' contains placeholder value 'yes' instead of actual capacity",
        "rejection_keywords": "yes",
        "timestamp": "2026-04-24T03:20:40.084170",
        "element_type": "relation",
        "element_id": 19949801,
        "country": "Kazakhstan",
        "unit_type": "plant"
      }
    },
    {
      "type": "Feature",
      "geometry": {
        "type": "Point",
        "coordinates": [
          72.7495765,
          51.7738948
        ]
      },
      "properties": {
        "label": "Rejected node 13369717408",
        "type": "Missing output tag",
        "osm_element": "https://www.openstreetmap.org/node/13369717408",
        "rejection_reason": "Missing output tag",
        "rejection_details": "tags: {'generator:method': 'wind_turbine', 'generator:source': 'wind', 'generator:type': 'horizontal_axis', 'power': 'generator'}",
        "rejection_keywords": "none",
        "timestamp": "2026-04-24T03:20:40.084353",
        "element_type": "node",
        "element_id": 13369717408,
        "country": "Kazakhstan",
        "unit_type": "generator"
      }
    },
    {
      "type": "Feature",
      "geometry": {
        "type": "Point",
        "coordinates": [
          72.7538251,
          51.7758332
        ]
      },
      "properties": {
        "label": "Rejected node 13369717407",
        "type": "Missing output tag",
        "osm_element": "https://www.openstreetmap.org/node/13369717407",
        "rejection_reason": "Missing output tag",
        "rejection_details": "tags: {'generator:method': 'wind_turbine', 'generator:source': 'wind', 'generator:type': 'horizontal_axis', 'power': 'generator'}",
        "rejection_keywords": "none",
        "timestamp": "2026-04-24T03:20:40.084382",
        "element_type": "node",
        "element_id": 13369717407,
        "country": "Kazakhstan",
        "unit_type": "generator"
      }
    },
    {
      "type": "Feature",
      "geometry": {
        "type": "Point",
        "coordinates": [
          72.7786731,
          51.7875683
        ]
      },
      "properties": {
        "label": "Rejected node 13369704800",
        "type": "Missing output tag",
        "osm_element": "https://www.openstreetmap.org/node/13369704800",
        "rejection_reason": "Missing output tag",
        "rejection_details": "tags: {'generator:method': 'wind_turbine', 'generator:source': 'wind', 'generator:type': 'horizontal_axis', 'power': 'generator'}",
        "rejection_keywords": "none",
        "timestamp": "2026-04-24T03:20:40.084407",
        "element_type": "node",
        "element_id": 13369704800,
        "country": "Kazakhstan",
        "unit_type": "generator"
      }
    },
    {
      "type": "Feature",
      "geometry": {
        "type": "Point",
        "coordinates": [
          72.7722787,
          51.7875152
        ]
      },
      "properties": {
        "label": "Rejected node 13369704799",
        "type": "Missing output tag",
        "osm_element": "https://www.openstreetmap.org/node/13369704799",
        "rejection_reason": "Missing output tag",
        "rejection_details": "tags: {'generator:method': 'wind_turbine', 'generator:source': 'wind', 'generator:type': 'horizontal_axis', 'power': 'generator'}",
        "rejection_keywords": "none",
        "timestamp": "2026-04-24T03:20:40.084432",
        "element_type": "node",
        "element_id": 13369704799,
        "country": "Kazakhstan",
        "unit_type": "generator"
      }
    },
    {
      "type": "Feature",
      "geometry": {
        "type": "Point",
        "coordinates": [
          72.7809047,
          51.7835065
        ]
      },
      "properties": {
        "label": "Rejected node 13369717402",
        "type": "Missing output tag",
        "osm_element": "https://www.openstreetmap.org/node/13369717402",
        "rejection_reason": "Missing output tag",
        "rejection_details": "tags: {'generator:method': 'wind_turbine', 'generator:source': 'wind', 'generator:type': 'horizontal_axis', 'power': 'generator'}",
        "rejection_keywords": "none",
        "timestamp": "2026-04-24T03:20:40.084455",
        "element_type": "node",
        "element_id": 13369717402,
        "country": "Kazakhstan",
        "unit_type": "generator"
      }
    },
    {
      "type": "Feature",
      "geometry": {
        "type": "Point",
        "coordinates": [
          72.7865696,
          51.7872497
        ]
      },
      "properties": {
        "label": "Rejected node 13369717401",
        "type": "Missing output tag",
        "osm_element": "https://www.openstreetmap.org/node/13369717401",
        "rejection_reason": "Missing output tag",
        "rejection_details": "tags: {'generator:method': 'wind_turbine', 'generator:source': 'wind', 'generator:type': 'horizontal_axis', 'power': 'generator'}",
        "rejection_keywords": "none",
        "timestamp": "2026-04-24T03:20:40.084477",
        "element_type": "node",
        "element_id": 13369717401,
        "country": "Kazakhstan",
        "unit_type": "generator"
      }
    },
    {
      "type": "Feature",
      "geometry": {
        "type": "Point",
        "coordinates": [
          72.7715063,
          51.7802409
        ]
      },
      "properties": {
        "label": "Rejected node 13369717404",
        "type": "Missing output tag",
        "osm_element": "https://www.openstreetmap.org/node/13369717404",
        "rejection_reason": "Missing output tag",
        "rejection_details": "tags: {'generator:method': 'wind_turbine', 'generator:source': 'wind', 'generator:type': 'horizontal_axis', 'power': 'generator'}",
        "rejection_keywords": "none",
        "timestamp": "2026-04-24T03:20:40.084500",
        "element_type": "node",
        "element_id": 13369717404,
        "country": "Kazakhstan",
        "unit_type": "generator"
      }
    },
    {
      "type": "Feature",
      "geometry": {
        "type": "Point",
        "coordinates": [
          72.7760124,
          51.7803471
        ]
      },
      "properties": {
        "label": "Rejected node 13369717403",
        "type": "Missing output tag",
        "osm_element": "https://www.openstreetmap.org/node/13369717403",
        "rejection_reason": "Missing output tag",
        "rejection_details": "tags: {'generator:method': 'wind_turbine', 'generator:source': 'wind', 'generator:type': 'horizontal_axis', 'power': 'generator'}",
        "rejection_keywords": "none",
        "timestamp": "2026-04-24T03:20:40.084523",
        "element_type": "node",
        "element_id": 13369717403,
        "country": "Kazakhstan",
        "unit_type": "generator"
      }
    },
    {
      "type": "Feature",
      "geometry": {
        "type": "Point",
        "coordinates": [
          72.7596616,
          51.7784088
        ]
      },
      "properties": {
        "label": "Rejected node 13369717406",
        "type": "Missing output tag",
        "osm_element": "https://www.openstreetmap.org/node/13369717406",
        "rejection_reason": "Missing output tag",
        "rejection_details": "tags: {'generator:method': 'wind_turbine', 'generator:source': 'wind', 'generator:type': 'horizontal_axis', 'power': 'generator'}",
        "rejection_keywords": "none",
        "timestamp": "2026-04-24T03:20:40.084546",
        "element_type": "node",
        "element_id": 13369717406,
        "country": "Kazakhstan",
        "unit_type": "generator"
      }
    },
    {
      "type": "Feature",
      "geometry": {
        "type": "Point",
        "coordinates": [
          72.7670002,
          51.7799753
        ]
      },
      "properties": {
        "label": "Rejected node 13369717405",
        "type": "Missing output tag",
        "osm_element": "https://www.openstreetmap.org/node/13369717405",
        "rejection_reason": "Missing output tag",
        "rejection_details": "tags: {'generator:method': 'wind_turbine', 'generator:source': 'wind', 'generator:type': 'horizontal_axis', 'power': 'generator'}",
        "rejection_keywords": "none",
        "timestamp": "2026-04-24T03:20:40.084568",
        "element_type": "node",
        "element_id": 13369717405,
        "country": "Kazakhstan",
        "unit_type": "generator"
      }
    },
    {
      "type": "Feature",
      "geometry": {
        "type": "Point",
        "coordinates": [
          72.7725362,
          51.7835065
        ]
      },
      "properties": {
        "label": "Rejected node 13369704798",
        "type": "Missing output tag",
        "osm_element": "https://www.openstreetmap.org/node/13369704798",
        "rejection_reason": "Missing output tag",
        "rejection_details": "tags: {'generator:method': 'wind_turbine', 'generator:source': 'wind', 'generator:type': 'horizontal_axis', 'power': 'generator'}",
        "rejection_keywords": "none",
        "timestamp": "2026-04-24T03:20:40.084596",
        "element_type": "node",
        "element_id": 13369704798,
        "country": "Kazakhstan",
        "unit_type": "generator"
      }
    },
    {
      "type": "Feature",
      "geometry": {
        "type": "Point",
        "coordinates": [
          80.2076251928137,
          50.39715659632502
        ]
      },
      "properties": {
        "label": "Rejected way 47883793",
        "type": "Missing source tag",
        "osm_element": "https://www.openstreetmap.org/way/47883793",
        "rejection_reason": "Missing source tag",
        "rejection_details": "tags: {'addr:country': 'KZ', 'building:levels': '5', 'landuse': 'industrial', 'name': 'Теплопункт', 'power': 'plant'}",
        "rejection_keywords": "none",
        "timestamp": "2026-04-24T03:20:40.089337",
        "element_type": "way",
        "element_id": 47883793,
        "country": "Kazakhstan",
        "unit_type": "plant"
      }
    },
    {
      "type": "Feature",
      "geometry": {
        "type": "Point",
        "coordinates": [
          51.931880558406654,
          47.1111688977702
        ]
      },
      "properties": {
        "label": "Rejected way 124996354",
        "type": "Missing source tag",
        "osm_element": "https://www.openstreetmap.org/way/124996354",
        "rejection_reason": "Missing source tag",
        "rejection_details": "tags: {'building': 'yes', 'landuse': 'industrial', 'power': 'plant'}",
        "rejection_keywords": "none",
        "timestamp": "2026-04-24T03:20:40.090114",
        "element_type": "way",
        "element_id": 124996354,
        "country": "Kazakhstan",
        "unit_type": "plant"
      }
    },
    {
      "type": "Feature",
      "geometry": {
        "type": "Point",
        "coordinates": [
          72.90518419638681,
          50.089852872993646
        ]
      },
      "properties": {
        "label": "Rejected way 178324891",
        "type": "Missing source tag",
        "osm_element": "https://www.openstreetmap.org/way/178324891",
        "rejection_reason": "Missing source tag",
        "rejection_details": "tags: {'description': 'Локальная котельная', 'landuse': 'industrial', 'name': 'Окжетпес', 'power': 'plant'}",
        "rejection_keywords": "none",
        "timestamp": "2026-04-24T03:20:40.093148",
        "element_type": "way",
        "element_id": 178324891,
        "country": "Kazakhstan",
        "unit_type": "plant"
      }
    },
    {
      "type": "Feature",
      "geometry": {
        "type": "Point",
        "coordinates": [
          57.127994479668565,
          50.2741754335964
        ]
      },
      "properties": {
        "label": "Rejected way 206247703",
        "type": "Missing source tag",
        "osm_element": "https://www.openstreetmap.org/way/206247703",
        "rejection_reason": "Missing source tag",
        "rejection_details": "tags: {'barrier': 'fence', 'int_name': 'Transénergo qazandığı', 'landuse': 'industrial', 'name': 'Трансэнерго қазандығы', 'name:kk': 'Трансэнерго қазандығы', 'name:ru': 'Котельная Трансэнерго', 'power': 'plant'}",
        "rejection_keywords": "none",
        "timestamp": "2026-04-24T03:20:40.094231",
        "element_type": "way",
        "element_id": 206247703,
        "country": "Kazakhstan",
        "unit_type": "plant"
      }
    },
    {
      "type": "Feature",
      "geometry": {
        "type": "Point",
        "coordinates": [
          51.289477476486574,
          43.59702059648308
        ]
      },
      "properties": {
        "label": "Rejected way 224369643",
        "type": "Missing output tag",
        "osm_element": "https://www.openstreetmap.org/way/224369643",
        "rejection_reason": "Missing output tag",
        "rejection_details": "tags: {'barrier': 'wall', 'landuse': 'industrial', 'name': 'ТЭЦ-3', 'plant:source': 'gas', 'power': 'plant'}",
        "rejection_keywords": "none",
        "timestamp": "2026-04-24T03:20:40.095704",
        "element_type": "way",
        "element_id": 224369643,
        "country": "Kazakhstan",
        "unit_type": "plant"
      }
    },
    {
      "type": "Feature",
      "geometry": {
        "type": "Point",
        "coordinates": [
          53.40874072101361,
          46.150577946868204
        ]
      },
      "properties": {
        "label": "Rejected way 227669794",
        "type": "Missing source tag",
        "osm_element": "https://www.openstreetmap.org/way/227669794",
        "rejection_reason": "Missing source tag",
        "rejection_details": "tags: {'alt_name': 'Tengiz Field Power Plant', 'landuse': 'industrial', 'name': 'ЗВП / SGP', 'power': 'plant'}",
        "rejection_keywords": "none",
        "timestamp": "2026-04-24T03:20:40.096424",
        "element_type": "way",
        "element_id": 227669794,
        "country": "Kazakhstan",
        "unit_type": "plant"
      }
    },
    {
      "type": "Feature",
      "geometry": {
        "type": "Point",
        "coordinates": [
          51.482980351474104,
          51.27341020537469
        ]
      },
      "properties": {
        "label": "Rejected way 228992266",
        "type": "Capacity placeholder value",
        "osm_element": "https://www.openstreetmap.org/way/228992266",
        "rejection_reason": "Capacity placeholder value",
        "rejection_details": "Tag 'plant:output:electricity' contains placeholder value 'yes' instead of actual capacity",
        "rejection_keywords": "yes",
        "timestamp": "2026-04-24T03:20:40.096643",
        "element_type": "way",
        "element_id": 228992266,
        "country": "Kazakhstan",
        "unit_type": "plant"
      }
    },
    {
      "type": "Feature",
      "geometry": {
        "type": "Point",
        "coordinates": [
          76.8952648951853,
          43.16412688150469
        ]
      },
      "properties": {
        "label": "Rejected way 235606906",
        "type": "Missing output tag",
        "osm_element": "https://www.openstreetmap.org/way/235606906",
        "rejection_reason": "Missing output tag",
        "rejection_details": "tags: {'addr:city': 'Алматы', 'addr:country': 'KZ', 'building': 'yes', 'name': 'ГЭС 7', 'plant:source': 'hydro', 'power': 'plant'}",
        "rejection_keywords": "none",
        "timestamp": "2026-04-24T03:20:40.097235",
        "element_type": "way",
        "element_id": 235606906,
        "country": "Kazakhstan",
        "unit_type": "plant"
      }
    },
    {
      "type": "Feature",
      "geometry": {
        "type": "Point",
        "coordinates": [
          67.51669205621629,
          47.89282872224895
        ]
      },
      "properties": {
        "label": "Rejected way 273639982",
        "type": "Missing source tag",
        "osm_element": "https://www.openstreetmap.org/way/273639982",
        "rejection_reason": "Missing source tag",
        "rejection_details": "tags: {'landuse': 'industrial', 'name': 'ТЭЦ', 'power': 'plant'}",
        "rejection_keywords": "none",
        "timestamp": "2026-04-24T03:20:40.098488",
        "element_type": "way",
        "element_id": 273639982,
        "country": "Kazakhstan",
        "unit_type": "plant"
      }
    },
    {
      "type": "Feature",
      "geometry": {
        "type": "Point",
        "coordinates": [
          53.4088534313429,
          46.173108735018346
        ]
      },
      "properties": {
        "label": "Rejected way 280175799",
        "type": "Missing source tag",
        "osm_element": "https://www.openstreetmap.org/way/280175799",
        "rejection_reason": "Missing source tag",
        "rejection_details": "tags: {'barrier': 'fence', 'landuse': 'industrial', 'power': 'plant'}",
        "rejection_keywords": "none",
        "timestamp": "2026-04-24T03:20:40.098763",
        "element_type": "way",
        "element_id": 280175799,
        "country": "Kazakhstan",
        "unit_type": "plant"
      }
    },
    {
      "type": "Feature",
      "geometry": {
        "type": "Point",
        "coordinates": [
          76.9683603747895,
          43.192061908937895
        ]
      },
      "properties": {
        "label": "Rejected way 288740360",
        "type": "Missing source tag",
        "osm_element": "https://www.openstreetmap.org/way/288740360",
        "rejection_reason": "Missing source tag",
        "rejection_details": "tags: {'addr:housenumber': '1Б', 'addr:street': 'Олимпийская', 'landuse': 'industrial', 'power': 'plant'}",
        "rejection_keywords": "none",
        "timestamp": "2026-04-24T03:20:40.098935",
        "element_type": "way",
        "element_id": 288740360,
        "country": "Kazakhstan",
        "unit_type": "plant"
      }
    },
    {
      "type": "Feature",
      "geometry": {
        "type": "Point",
        "coordinates": [
          80.99029722155753,
          45.78943419994279
        ]
      },
      "properties": {
        "label": "Rejected way 292268792",
        "type": "Missing output tag",
        "osm_element": "https://www.openstreetmap.org/way/292268792",
        "rejection_reason": "Missing output tag",
        "rejection_details": "tags: {'building': 'yes', 'name': 'Uspenovskaya HPS', 'plant:source': 'hydro', 'power': 'plant'}",
        "rejection_keywords": "none",
        "timestamp": "2026-04-24T03:20:40.099151",
        "element_type": "way",
        "element_id": 292268792,
        "country": "Kazakhstan",
        "unit_type": "plant"
      }
    },
    {
      "type": "Feature",
      "geometry": {
        "type": "Point",
        "coordinates": [
          53.41009625410456,
          46.178388782688074
        ]
      },
      "properties": {
        "label": "Rejected way 304261407",
        "type": "Capacity placeholder value",
        "osm_element": "https://www.openstreetmap.org/way/304261407",
        "rejection_reason": "Capacity placeholder value",
        "rejection_details": "Tag 'plant:output:electricity' contains placeholder value 'yes' instead of actual capacity",
        "rejection_keywords": "yes",
        "timestamp": "2026-04-24T03:20:40.100067",
        "element_type": "way",
        "element_id": 304261407,
        "country": "Kazakhstan",
        "unit_type": "plant"
      }
    },
    {
      "type": "Feature",
      "geometry": {
        "type": "Point",
        "coordinates": [
          71.01707560573098,
          51.674288698993436
        ]
      },
      "properties": {
        "label": "Rejected way 328327402",
        "type": "Missing source tag",
        "osm_element": "https://www.openstreetmap.org/way/328327402",
        "rejection_reason": "Missing source tag",
        "rejection_details": "tags: {'landuse': 'industrial', 'power': 'plant'}",
        "rejection_keywords": "none",
        "timestamp": "2026-04-24T03:20:40.101391",
        "element_type": "way",
        "element_id": 328327402,
        "country": "Kazakhstan",
        "unit_type": "plant"
      }
    },
    {
      "type": "Feature",
      "geometry": {
        "type": "Point",
        "coordinates": [
          51.90209422532941,
          47.10432309714096
        ]
      },
      "properties": {
        "label": "Rejected way 334515716",
        "type": "Missing source tag",
        "osm_element": "https://www.openstreetmap.org/way/334515716",
        "rejection_reason": "Missing source tag",
        "rejection_details": "tags: {'landuse': 'industrial', 'power': 'plant'}",
        "rejection_keywords": "none",
        "timestamp": "2026-04-24T03:20:40.102637",
        "element_type": "way",
        "element_id": 334515716,
        "country": "Kazakhstan",
        "unit_type": "plant"
      }
    },
    {
      "type": "Feature",
      "geometry": {
        "type": "Point",
        "coordinates": [
          51.29711299999999,
          51.182322299999996
        ]
      },
      "properties": {
        "label": "Rejected way 360851906",
        "type": "Missing source tag",
        "osm_element": "https://www.openstreetmap.org/way/360851906",
        "rejection_reason": "Missing source tag",
        "rejection_details": "tags: {'addr:city': 'Зачаганск', 'addr:place': 'Новый Микрорайон', 'addr:postcode': '090009', 'building': 'yes', 'building:levels': '1.5', 'landuse': 'industrial', 'plant:output:hot_water': 'yes', 'power': 'plant'}",
        "rejection_keywords": "none",
        "timestamp": "2026-04-24T03:20:40.103459",
        "element_type": "way",
        "element_id": 360851906,
        "country": "Kazakhstan",
        "unit_type": "plant"
      }
    },
    {
      "type": "Feature",
      "geometry": {
        "type": "Point",
        "coordinates": [
          68.74548199109354,
          43.86842326950029
        ]
      },
      "properties": {
        "label": "Rejected way 361903823",
        "type": "Missing source tag",
        "osm_element": "https://www.openstreetmap.org/way/361903823",
        "rejection_reason": "Missing source tag",
        "rejection_details": "tags: {'landuse': 'industrial', 'power': 'plant'}",
        "rejection_keywords": "none",
        "timestamp": "2026-04-24T03:20:40.104024",
        "element_type": "way",
        "element_id": 361903823,
        "country": "Kazakhstan",
        "unit_type": "plant"
      }
    },
    {
      "type": "Feature",
      "geometry": {
        "type": "Point",
        "coordinates": [
          76.41053465996477,
          43.16252433204756
        ]
      },
      "properties": {
        "label": "Rejected way 405371219",
        "type": "Missing source tag",
        "osm_element": "https://www.openstreetmap.org/way/405371219",
        "rejection_reason": "Missing source tag",
        "rejection_details": "tags: {'plant:output:hot_water': 'yes', 'power': 'plant'}",
        "rejection_keywords": "none",
        "timestamp": "2026-04-24T03:20:40.104185",
        "element_type": "way",
        "element_id": 405371219,
        "country": "Kazakhstan",
        "unit_type": "plant"
      }
    },
    {
      "type": "Feature",
      "geometry": {
        "type": "Point",
        "coordinates": [
          78.74284809826077,
          44.860265997611265
        ]
      },
      "properties": {
        "label": "Rejected way 440170055",
        "type": "Missing source tag",
        "osm_element": "https://www.openstreetmap.org/way/440170055",
        "rejection_reason": "Missing source tag",
        "rejection_details": "tags: {'area': 'yes', 'name': 'ТЭЦ', 'power': 'plant'}",
        "rejection_keywords": "none",
        "timestamp": "2026-04-24T03:20:40.104377",
        "element_type": "way",
        "element_id": 440170055,
        "country": "Kazakhstan",
        "unit_type": "plant"
      }
    },
    {
      "type": "Feature",
      "geometry": {
        "type": "Point",
        "coordinates": [
          73.08637093192105,
          49.907553047502624
        ]
      },
      "properties": {
        "label": "Rejected way 459220882",
        "type": "Missing source tag",
        "osm_element": "https://www.openstreetmap.org/way/459220882",
        "rejection_reason": "Missing source tag",
        "rejection_details": "tags: {'landuse': 'industrial', 'name': 'Котельная родильного дома', 'power': 'plant', 'power:output:hot_water': 'yes'}",
        "rejection_keywords": "none",
        "timestamp": "2026-04-24T03:20:40.105082",
        "element_type": "way",
        "element_id": 459220882,
        "country": "Kazakhstan",
        "unit_type": "plant"
      }
    },
    {
      "type": "Feature",
      "geometry": {
        "type": "Point",
        "coordinates": [
          70.13652748085711,
          51.29015762926722
        ]
      },
      "properties": {
        "label": "Rejected way 496083531",
        "type": "Missing source tag",
        "osm_element": "https://www.openstreetmap.org/way/496083531",
        "rejection_reason": "Missing source tag",
        "rejection_details": "tags: {'landuse': 'industrial', 'power': 'plant'}",
        "rejection_keywords": "none",
        "timestamp": "2026-04-24T03:20:40.106874",
        "element_type": "way",
        "element_id": 496083531,
        "country": "Kazakhstan",
        "unit_type": "plant"
      }
    },
    {
      "type": "Feature",
      "geometry": {
        "type": "Point",
        "coordinates": [
          53.073452900000014,
          50.951384350000005
        ]
      },
      "properties": {
        "label": "Rejected way 498312703",
        "type": "Missing source tag",
        "osm_element": "https://www.openstreetmap.org/way/498312703",
        "rejection_reason": "Missing source tag",
        "rejection_details": "tags: {'landuse': 'industrial', 'power': 'plant'}",
        "rejection_keywords": "none",
        "timestamp": "2026-04-24T03:20:40.107064",
        "element_type": "way",
        "element_id": 498312703,
        "country": "Kazakhstan",
        "unit_type": "plant"
      }
    },
    {
      "type": "Feature",
      "geometry": {
        "type": "Point",
        "coordinates": [
          64.85887955836154,
          52.550857520490524
        ]
      },
      "properties": {
        "label": "Rejected way 525117998",
        "type": "Missing source tag",
        "osm_element": "https://www.openstreetmap.org/way/525117998",
        "rejection_reason": "Missing source tag",
        "rejection_details": "tags: {'landuse': 'industrial', 'operator': 'Кочегарка', 'power': 'plant'}",
        "rejection_keywords": "none",
        "timestamp": "2026-04-24T03:20:40.107224",
        "element_type": "way",
        "element_id": 525117998,
        "country": "Kazakhstan",
        "unit_type": "plant"
      }
    },
    {
      "type": "Feature",
      "geometry": {
        "type": "Point",
        "coordinates": [
          73.09535678186343,
          49.902417329446926
        ]
      },
      "properties": {
        "label": "Rejected way 542275676",
        "type": "Missing source tag",
        "osm_element": "https://www.openstreetmap.org/way/542275676",
        "rejection_reason": "Missing source tag",
        "rejection_details": "tags: {'landuse': 'industrial', 'power': 'plant'}",
        "rejection_keywords": "none",
        "timestamp": "2026-04-24T03:20:40.108890",
        "element_type": "way",
        "element_id": 542275676,
        "country": "Kazakhstan",
        "unit_type": "plant"
      }
    },
    {
      "type": "Feature",
      "geometry": {
        "type": "Point",
        "coordinates": [
          77.0140066,
          43.173402149999994
        ]
      },
      "properties": {
        "label": "Rejected way 551742165",
        "type": "Missing source tag",
        "osm_element": "https://www.openstreetmap.org/way/551742165",
        "rejection_reason": "Missing source tag",
        "rejection_details": "tags: {'addr:housenumber': '309', 'addr:street': 'улица Керей-Жанибек хандар', 'landuse': 'industrial', 'name': 'ГЭС №12', 'power': 'plant'}",
        "rejection_keywords": "none",
        "timestamp": "2026-04-24T03:20:40.109354",
        "element_type": "way",
        "element_id": 551742165,
        "country": "Kazakhstan",
        "unit_type": "plant"
      }
    },
    {
      "type": "Feature",
      "geometry": {
        "type": "Point",
        "coordinates": [
          70.074324,
          51.30693944999999
        ]
      },
      "properties": {
        "label": "Rejected way 555086268",
        "type": "Missing source tag",
        "osm_element": "https://www.openstreetmap.org/way/555086268",
        "rejection_reason": "Missing source tag",
        "rejection_details": "tags: {'landuse': 'industrial', 'power': 'plant'}",
        "rejection_keywords": "none",
        "timestamp": "2026-04-24T03:20:40.109513",
        "element_type": "way",
        "element_id": 555086268,
        "country": "Kazakhstan",
        "unit_type": "plant"
      }
    },
    {
      "type": "Feature",
      "geometry": {
        "type": "Point",
        "coordinates": [
          61.184459496488095,
          52.19908570106823
        ]
      },
      "properties": {
        "label": "Rejected way 592249195",
        "type": "Missing source tag",
        "osm_element": "https://www.openstreetmap.org/way/592249195",
        "rejection_reason": "Missing source tag",
        "rejection_details": "tags: {'landuse': 'industrial', 'power': 'plant'}",
        "rejection_keywords": "none",
        "timestamp": "2026-04-24T03:20:40.109854",
        "element_type": "way",
        "element_id": 592249195,
        "country": "Kazakhstan",
        "unit_type": "plant"
      }
    },
    {
      "type": "Feature",
      "geometry": {
        "type": "Point",
        "coordinates": [
          71.01934205,
          51.678284549999994
        ]
      },
      "properties": {
        "label": "Rejected way 594831259",
        "type": "Missing source tag",
        "osm_element": "https://www.openstreetmap.org/way/594831259",
        "rejection_reason": "Missing source tag",
        "rejection_details": "tags: {'landuse': 'industrial', 'power': 'plant'}",
        "rejection_keywords": "none",
        "timestamp": "2026-04-24T03:20:40.110041",
        "element_type": "way",
        "element_id": 594831259,
        "country": "Kazakhstan",
        "unit_type": "plant"
      }
    },
    {
      "type": "Feature",
      "geometry": {
        "type": "Point",
        "coordinates": [
          71.42912420944391,
          51.20989529507572
        ]
      },
      "properties": {
        "label": "Rejected way 622731379",
        "type": "Capacity zero",
        "osm_element": "https://www.openstreetmap.org/way/622731379",
        "rejection_reason": "Capacity zero",
        "rejection_details": "Tag 'plant:output:electricity' parsed to zero capacity from value '0 MW'",
        "rejection_keywords": "0 MW",
        "timestamp": "2026-04-24T03:20:40.110336",
        "element_type": "way",
        "element_id": 622731379,
        "country": "Kazakhstan",
        "unit_type": "plant"
      }
    },
    {
      "type": "Feature",
      "geometry": {
        "type": "Point",
        "coordinates": [
          51.905602418517276,
          47.107808176155714
        ]
      },
      "properties": {
        "label": "Rejected way 650727860",
        "type": "Missing source tag",
        "osm_element": "https://www.openstreetmap.org/way/650727860",
        "rejection_reason": "Missing source tag",
        "rejection_details": "tags: {'building': 'service', 'building:levels': '1', 'landuse': 'industrial', 'plant:output:hot_water': 'yes', 'power': 'plant'}",
        "rejection_keywords": "none",
        "timestamp": "2026-04-24T03:20:40.110511",
        "element_type": "way",
        "element_id": 650727860,
        "country": "Kazakhstan",
        "unit_type": "plant"
      }
    },
    {
      "type": "Feature",
      "geometry": {
        "type": "Point",
        "coordinates": [
          73.08893667337611,
          49.90121571250035
        ]
      },
      "properties": {
        "label": "Rejected way 652311659",
        "type": "Missing source tag",
        "osm_element": "https://www.openstreetmap.org/way/652311659",
        "rejection_reason": "Missing source tag",
        "rejection_details": "tags: {'landuse': 'industrial', 'power': 'plant'}",
        "rejection_keywords": "none",
        "timestamp": "2026-04-24T03:20:40.110670",
        "element_type": "way",
        "element_id": 652311659,
        "country": "Kazakhstan",
        "unit_type": "plant"
      }
    },
    {
      "type": "Feature",
      "geometry": {
        "type": "Point",
        "coordinates": [
          51.86705215,
          47.1119941
        ]
      },
      "properties": {
        "label": "Rejected way 654643972",
        "type": "Missing source tag",
        "osm_element": "https://www.openstreetmap.org/way/654643972",
        "rejection_reason": "Missing source tag",
        "rejection_details": "tags: {'landuse': 'industrial', 'power': 'plant'}",
        "rejection_keywords": "none",
        "timestamp": "2026-04-24T03:20:40.110827",
        "element_type": "way",
        "element_id": 654643972,
        "country": "Kazakhstan",
        "unit_type": "plant"
      }
    },
    {
      "type": "Feature",
      "geometry": {
        "type": "Point",
        "coordinates": [
          51.866802643196436,
          47.11202437716395
        ]
      },
      "properties": {
        "label": "Rejected way 654643973",
        "type": "Missing source tag",
        "osm_element": "https://www.openstreetmap.org/way/654643973",
        "rejection_reason": "Missing source tag",
        "rejection_details": "tags: {'landuse': 'industrial', 'power': 'plant'}",
        "rejection_keywords": "none",
        "timestamp": "2026-04-24T03:20:40.111007",
        "element_type": "way",
        "element_id": 654643973,
        "country": "Kazakhstan",
        "unit_type": "plant"
      }
    },
    {
      "type": "Feature",
      "geometry": {
        "type": "Point",
        "coordinates": [
          78.47484289347784,
          44.91578482726666
        ]
      },
      "properties": {
        "label": "Rejected way 680721926",
        "type": "Missing source tag",
        "osm_element": "https://www.openstreetmap.org/way/680721926",
        "rejection_reason": "Missing source tag",
        "rejection_details": "tags: {'landuse': 'industrial', 'power': 'plant'}",
        "rejection_keywords": "none",
        "timestamp": "2026-04-24T03:20:40.111659",
        "element_type": "way",
        "element_id": 680721926,
        "country": "Kazakhstan",
        "unit_type": "plant"
      }
    },
    {
      "type": "Feature",
      "geometry": {
        "type": "Point",
        "coordinates": [
          51.90180582970348,
          47.104254575499866
        ]
      },
      "properties": {
        "label": "Rejected way 712568117",
        "type": "Missing source tag",
        "osm_element": "https://www.openstreetmap.org/way/712568117",
        "rejection_reason": "Missing source tag",
        "rejection_details": "tags: {'landuse': 'industrial', 'power': 'plant'}",
        "rejection_keywords": "none",
        "timestamp": "2026-04-24T03:20:40.111815",
        "element_type": "way",
        "element_id": 712568117,
        "country": "Kazakhstan",
        "unit_type": "plant"
      }
    },
    {
      "type": "Feature",
      "geometry": {
        "type": "Point",
        "coordinates": [
          66.45919879244548,
          44.31325798380511
        ]
      },
      "properties": {
        "label": "Rejected way 730656156",
        "type": "Missing source tag",
        "osm_element": "https://www.openstreetmap.org/way/730656156",
        "rejection_reason": "Missing source tag",
        "rejection_details": "tags: {'landuse': 'industrial', 'name': 'котельная', 'power': 'plant'}",
        "rejection_keywords": "none",
        "timestamp": "2026-04-24T03:20:40.112013",
        "element_type": "way",
        "element_id": 730656156,
        "country": "Kazakhstan",
        "unit_type": "plant"
      }
    },
    {
      "type": "Feature",
      "geometry": {
        "type": "Point",
        "coordinates": [
          79.93397959514323,
          45.40798545987721
        ]
      },
      "properties": {
        "label": "Rejected way 757299446",
        "type": "Missing source tag",
        "osm_element": "https://www.openstreetmap.org/way/757299446",
        "rejection_reason": "Missing source tag",
        "rejection_details": "tags: {'landuse': 'industrial', 'name': 'улица Котельная', 'power': 'plant'}",
        "rejection_keywords": "none",
        "timestamp": "2026-04-24T03:20:40.113733",
        "element_type": "way",
        "element_id": 757299446,
        "country": "Kazakhstan",
        "unit_type": "plant"
      }
    },
    {
      "type": "Feature",
      "geometry": {
        "type": "Point",
        "coordinates": [
          51.905811224136656,
          47.102713508796825
        ]
      },
      "properties": {
        "label": "Rejected way 761633367",
        "type": "Missing source tag",
        "osm_element": "https://www.openstreetmap.org/way/761633367",
        "rejection_reason": "Missing source tag",
        "rejection_details": "tags: {'landuse': 'industrial', 'power': 'plant'}",
        "rejection_keywords": "none",
        "timestamp": "2026-04-24T03:20:40.113894",
        "element_type": "way",
        "element_id": 761633367,
        "country": "Kazakhstan",
        "unit_type": "plant"
      }
    },
    {
      "type": "Feature",
      "geometry": {
        "type": "Point",
        "coordinates": [
          51.90325384999999,
          47.10431950000001
        ]
      },
      "properties": {
        "label": "Rejected way 761641102",
        "type": "Missing source tag",
        "osm_element": "https://www.openstreetmap.org/way/761641102",
        "rejection_reason": "Missing source tag",
        "rejection_details": "tags: {'landuse': 'industrial', 'power': 'plant'}",
        "rejection_keywords": "none",
        "timestamp": "2026-04-24T03:20:40.114083",
        "element_type": "way",
        "element_id": 761641102,
        "country": "Kazakhstan",
        "unit_type": "plant"
      }
    },
    {
      "type": "Feature",
      "geometry": {
        "type": "Point",
        "coordinates": [
          72.02392118566169,
          52.060335239775064
        ]
      },
      "properties": {
        "label": "Rejected way 762640606",
        "type": "Missing output tag",
        "osm_element": "https://www.openstreetmap.org/way/762640606",
        "rejection_reason": "Missing output tag",
        "rejection_details": "tags: {'landuse': 'industrial', 'plant:source': 'coal', 'power': 'plant'}",
        "rejection_keywords": "none",
        "timestamp": "2026-04-24T03:20:40.114341",
        "element_type": "way",
        "element_id": 762640606,
        "country": "Kazakhstan",
        "unit_type": "plant"
      }
    },
    {
      "type": "Feature",
      "geometry": {
        "type": "Point",
        "coordinates": [
          80.28978201361473,
          45.700626118339216
        ]
      },
      "properties": {
        "label": "Rejected way 766144773",
        "type": "Missing output tag",
        "osm_element": "https://www.openstreetmap.org/way/766144773",
        "rejection_reason": "Missing output tag",
        "rejection_details": "tags: {'building': 'yes', 'name': 'Antonovskaya', 'plant:source': 'hydro', 'power': 'plant'}",
        "rejection_keywords": "none",
        "timestamp": "2026-04-24T03:20:40.114513",
        "element_type": "way",
        "element_id": 766144773,
        "country": "Kazakhstan",
        "unit_type": "plant"
      }
    },
    {
      "type": "Feature",
      "geometry": {
        "type": "Point",
        "coordinates": [
          61.6638924331856,
          46.79098120293002
        ]
      },
      "properties": {
        "label": "Rejected way 774937728",
        "type": "Missing source tag",
        "osm_element": "https://www.openstreetmap.org/way/774937728",
        "rejection_reason": "Missing source tag",
        "rejection_details": "tags: {'landuse': 'industrial', 'name': 'котельный', 'power': 'plant'}",
        "rejection_keywords": "none",
        "timestamp": "2026-04-24T03:20:40.114687",
        "element_type": "way",
        "element_id": 774937728,
        "country": "Kazakhstan",
        "unit_type": "plant"
      }
    },
    {
      "type": "Feature",
      "geometry": {
        "type": "Point",
        "coordinates": [
          79.91966403867507,
          45.38885036071744
        ]
      },
      "properties": {
        "label": "Rejected way 775681562",
        "type": "Missing output tag",
        "osm_element": "https://www.openstreetmap.org/way/775681562",
        "rejection_reason": "Missing output tag",
        "rejection_details": "tags: {'building': 'yes', 'layer': '1', 'name': 'Sarkand', 'plant:source': 'hydro', 'power': 'plant'}",
        "rejection_keywords": "none",
        "timestamp": "2026-04-24T03:20:40.114851",
        "element_type": "way",
        "element_id": 775681562,
        "country": "Kazakhstan",
        "unit_type": "plant"
      }
    },
    {
      "type": "Feature",
      "geometry": {
        "type": "Point",
        "coordinates": [
          80.04896692755625,
          45.428255020605135
        ]
      },
      "properties": {
        "label": "Rejected way 780739499",
        "type": "Missing output tag",
        "osm_element": "https://www.openstreetmap.org/way/780739499",
        "rejection_reason": "Missing output tag",
        "rejection_details": "tags: {'name': 'Nizhne-Baskansk HPP-1', 'plant:source': 'hydro', 'power': 'plant', 'waterway': 'dam'}",
        "rejection_keywords": "none",
        "timestamp": "2026-04-24T03:20:40.115088",
        "element_type": "way",
        "element_id": 780739499,
        "country": "Kazakhstan",
        "unit_type": "plant"
      }
    },
    {
      "type": "Feature",
      "geometry": {
        "type": "Point",
        "coordinates": [
          70.8118216384888,
          42.721980295152996
        ]
      },
      "properties": {
        "label": "Rejected way 815433221",
        "type": "Capacity placeholder value",
        "osm_element": "https://www.openstreetmap.org/way/815433221",
        "rejection_reason": "Capacity placeholder value",
        "rejection_details": "Tag 'plant:output:electricity' contains placeholder value 'yes' instead of actual capacity",
        "rejection_keywords": "yes",
        "timestamp": "2026-04-24T03:20:40.115648",
        "element_type": "way",
        "element_id": 815433221,
        "country": "Kazakhstan",
        "unit_type": "plant"
      }
    },
    {
      "type": "Feature",
      "geometry": {
        "type": "Point",
        "coordinates": [
          76.96563444932414,
          43.178962537037364
        ]
      },
      "properties": {
        "label": "Rejected way 838650437",
        "type": "Missing source tag",
        "osm_element": "https://www.openstreetmap.org/way/838650437",
        "rejection_reason": "Missing source tag",
        "rejection_details": "tags: {'landuse': 'industrial', 'name': 'Котельная', 'power': 'plant'}",
        "rejection_keywords": "none",
        "timestamp": "2026-04-24T03:20:40.115806",
        "element_type": "way",
        "element_id": 838650437,
        "country": "Kazakhstan",
        "unit_type": "plant"
      }
    },
    {
      "type": "Feature",
      "geometry": {
        "type": "Point",
        "coordinates": [
          84.50239554663614,
          49.20792278187912
        ]
      },
      "properties": {
        "label": "Rejected way 849698011",
        "type": "Missing source tag",
        "osm_element": "https://www.openstreetmap.org/way/849698011",
        "rejection_reason": "Missing source tag",
        "rejection_details": "tags: {'addr:country': 'KZ', 'building': 'yes', 'power': 'plant'}",
        "rejection_keywords": "none",
        "timestamp": "2026-04-24T03:20:40.116404",
        "element_type": "way",
        "element_id": 849698011,
        "country": "Kazakhstan",
        "unit_type": "plant"
      }
    },
    {
      "type": "Feature",
      "geometry": {
        "type": "Point",
        "coordinates": [
          72.90923289004844,
          48.287070432399936
        ]
      },
      "properties": {
        "label": "Rejected way 864295614",
        "type": "Capacity regex no match",
        "osm_element": "https://www.openstreetmap.org/way/864295614",
        "rejection_reason": "Capacity regex no match",
        "rejection_details": "Tag 'plant:output:electricity' has value '50 MWp' which could not be parsed",
        "rejection_keywords": "50 MWp",
        "timestamp": "2026-04-24T03:20:40.119846",
        "element_type": "way",
        "element_id": 864295614,
        "country": "Kazakhstan",
        "unit_type": "plant"
      }
    },
    {
      "type": "Feature",
      "geometry": {
        "type": "Point",
        "coordinates": [
          78.47902213142966,
          44.92291570124971
        ]
      },
      "properties": {
        "label": "Rejected way 890783019",
        "type": "Missing source tag",
        "osm_element": "https://www.openstreetmap.org/way/890783019",
        "rejection_reason": "Missing source tag",
        "rejection_details": "tags: {'landuse': 'industrial', 'power': 'plant'}",
        "rejection_keywords": "none",
        "timestamp": "2026-04-24T03:20:40.120493",
        "element_type": "way",
        "element_id": 890783019,
        "country": "Kazakhstan",
        "unit_type": "plant"
      }
    },
    {
      "type": "Feature",
      "geometry": {
        "type": "Point",
        "coordinates": [
          83.52591263114084,
          50.30566866755258
        ]
      },
      "properties": {
        "label": "Rejected way 905558594",
        "type": "Capacity placeholder value",
        "osm_element": "https://www.openstreetmap.org/way/905558594",
        "rejection_reason": "Capacity placeholder value",
        "rejection_details": "Tag 'plant:output:electricity' contains placeholder value 'yes' instead of actual capacity",
        "rejection_keywords": "yes",
        "timestamp": "2026-04-24T03:20:40.120736",
        "element_type": "way",
        "element_id": 905558594,
        "country": "Kazakhstan",
        "unit_type": "plant"
      }
    },
    {
      "type": "Feature",
      "geometry": {
        "type": "Point",
        "coordinates": [
          83.46896058148587,
          50.34569579835527
        ]
      },
      "properties": {
        "label": "Rejected way 905560573",
        "type": "Capacity placeholder value",
        "osm_element": "https://www.openstreetmap.org/way/905560573",
        "rejection_reason": "Capacity placeholder value",
        "rejection_details": "Tag 'plant:output:electricity' contains placeholder value 'yes' instead of actual capacity",
        "rejection_keywords": "yes",
        "timestamp": "2026-04-24T03:20:40.120986",
        "element_type": "way",
        "element_id": 905560573,
        "country": "Kazakhstan",
        "unit_type": "plant"
      }
    },
    {
      "type": "Feature",
      "geometry": {
        "type": "Point",
        "coordinates": [
          73.91999117397587,
          48.645538296629574
        ]
      },
      "properties": {
        "label": "Rejected way 945660241",
        "type": "Missing source tag",
        "osm_element": "https://www.openstreetmap.org/way/945660241",
        "rejection_reason": "Missing source tag",
        "rejection_details": "tags: {'landuse': 'industrial', 'name': 'АБУ Котельная', 'power': 'plant'}",
        "rejection_keywords": "none",
        "timestamp": "2026-04-24T03:20:40.121309",
        "element_type": "way",
        "element_id": 945660241,
        "country": "Kazakhstan",
        "unit_type": "plant"
      }
    },
    {
      "type": "Feature",
      "geometry": {
        "type": "Point",
        "coordinates": [
          73.93049588303133,
          48.6434206782858
        ]
      },
      "properties": {
        "label": "Rejected way 945690461",
        "type": "Missing source tag",
        "osm_element": "https://www.openstreetmap.org/way/945690461",
        "rejection_reason": "Missing source tag",
        "rejection_details": "tags: {'int_name': 'Qazandıq', 'landuse': 'industrial', 'name': 'Қазандық', 'name:kk': 'Қазандық', 'name:ru': 'Котельная', 'power': 'plant'}",
        "rejection_keywords": "none",
        "timestamp": "2026-04-24T03:20:40.121467",
        "element_type": "way",
        "element_id": 945690461,
        "country": "Kazakhstan",
        "unit_type": "plant"
      }
    },
    {
      "type": "Feature",
      "geometry": {
        "type": "Point",
        "coordinates": [
          73.93033293319449,
          48.64289849508314
        ]
      },
      "properties": {
        "label": "Rejected way 945690462",
        "type": "Missing source tag",
        "osm_element": "https://www.openstreetmap.org/way/945690462",
        "rejection_reason": "Missing source tag",
        "rejection_details": "tags: {'landuse': 'industrial', 'name': 'ГПП', 'power': 'plant'}",
        "rejection_keywords": "none",
        "timestamp": "2026-04-24T03:20:40.121630",
        "element_type": "way",
        "element_id": 945690462,
        "country": "Kazakhstan",
        "unit_type": "plant"
      }
    },
    {
      "type": "Feature",
      "geometry": {
        "type": "Point",
        "coordinates": [
          73.40226447346103,
          50.24155676871309
        ]
      },
      "properties": {
        "label": "Rejected way 954857252",
        "type": "Missing source tag",
        "osm_element": "https://www.openstreetmap.org/way/954857252",
        "rejection_reason": "Missing source tag",
        "rejection_details": "tags: {'landuse': 'industrial', 'power': 'plant'}",
        "rejection_keywords": "none",
        "timestamp": "2026-04-24T03:20:40.122039",
        "element_type": "way",
        "element_id": 954857252,
        "country": "Kazakhstan",
        "unit_type": "plant"
      }
    },
    {
      "type": "Feature",
      "geometry": {
        "type": "Point",
        "coordinates": [
          66.736828661831,
          44.16701718777891
        ]
      },
      "properties": {
        "label": "Rejected way 958364723",
        "type": "Missing source tag",
        "osm_element": "https://www.openstreetmap.org/way/958364723",
        "rejection_reason": "Missing source tag",
        "rejection_details": "tags: {'addr:housenumber': '1б', 'addr:street': 'Мустафы Шокай', 'building': 'yes', 'landuse': 'industrial', 'power': 'plant'}",
        "rejection_keywords": "none",
        "timestamp": "2026-04-24T03:20:40.122211",
        "element_type": "way",
        "element_id": 958364723,
        "country": "Kazakhstan",
        "unit_type": "plant"
      }
    },
    {
      "type": "Feature",
      "geometry": {
        "type": "Point",
        "coordinates": [
          73.91991577110427,
          48.64536023598168
        ]
      },
      "properties": {
        "label": "Rejected way 974864420",
        "type": "Missing source tag",
        "osm_element": "https://www.openstreetmap.org/way/974864420",
        "rejection_reason": "Missing source tag",
        "rejection_details": "tags: {'landuse': 'industrial', 'name': 'АБУ подстанция', 'power': 'plant', 'substation': 'yes'}",
        "rejection_keywords": "none",
        "timestamp": "2026-04-24T03:20:40.122366",
        "element_type": "way",
        "element_id": 974864420,
        "country": "Kazakhstan",
        "unit_type": "plant"
      }
    },
    {
      "type": "Feature",
      "geometry": {
        "type": "Point",
        "coordinates": [
          51.64986829078146,
          47.638963791224114
        ]
      },
      "properties": {
        "label": "Rejected way 975117657",
        "type": "Missing source tag",
        "osm_element": "https://www.openstreetmap.org/way/975117657",
        "rejection_reason": "Missing source tag",
        "rejection_details": "tags: {'landuse': 'industrial', 'power': 'plant'}",
        "rejection_keywords": "none",
        "timestamp": "2026-04-24T03:20:40.122542",
        "element_type": "way",
        "element_id": 975117657,
        "country": "Kazakhstan",
        "unit_type": "plant"
      }
    },
    {
      "type": "Feature",
      "geometry": {
        "type": "Point",
        "coordinates": [
          69.35736602001832,
          42.39854408824029
        ]
      },
      "properties": {
        "label": "Rejected way 1024500421",
        "type": "Missing output tag",
        "osm_element": "https://www.openstreetmap.org/way/1024500421",
        "rejection_reason": "Missing output tag",
        "rejection_details": "tags: {'plant:source': 'solar', 'power': 'plant'}",
        "rejection_keywords": "none",
        "timestamp": "2026-04-24T03:20:40.123797",
        "element_type": "way",
        "element_id": 1024500421,
        "country": "Kazakhstan",
        "unit_type": "plant"
      }
    },
    {
      "type": "Feature",
      "geometry": {
        "type": "Point",
        "coordinates": [
          78.2554438813806,
          43.594974156472325
        ]
      },
      "properties": {
        "label": "Rejected way 1031905821",
        "type": "Missing source tag",
        "osm_element": "https://www.openstreetmap.org/way/1031905821",
        "rejection_reason": "Missing source tag",
        "rejection_details": "tags: {'landuse': 'industrial', 'layer': '-1', 'name': 'АлматыЭнергоСбыт', 'power': 'plant'}",
        "rejection_keywords": "none",
        "timestamp": "2026-04-24T03:20:40.123988",
        "element_type": "way",
        "element_id": 1031905821,
        "country": "Kazakhstan",
        "unit_type": "plant"
      }
    },
    {
      "type": "Feature",
      "geometry": {
        "type": "Point",
        "coordinates": [
          50.3046514150047,
          44.456423064672585
        ]
      },
      "properties": {
        "label": "Rejected way 1054469775",
        "type": "Capacity regex no match",
        "osm_element": "https://www.openstreetmap.org/way/1054469775",
        "rejection_reason": "Capacity regex no match",
        "rejection_details": "Tag 'plant:output:electricity' has value '43200 kW' which could not be parsed",
        "rejection_keywords": "43200 kW",
        "timestamp": "2026-04-24T03:20:40.124229",
        "element_type": "way",
        "element_id": 1054469775,
        "country": "Kazakhstan",
        "unit_type": "plant"
      }
    },
    {
      "type": "Feature",
      "geometry": {
        "type": "Point",
        "coordinates": [
          63.323081024891586,
          45.621973197129314
        ]
      },
      "properties": {
        "label": "Rejected way 1059363795",
        "type": "Capacity placeholder value",
        "osm_element": "https://www.openstreetmap.org/way/1059363795",
        "rejection_reason": "Capacity placeholder value",
        "rejection_details": "Tag 'plant:output:electricity' contains placeholder value 'yes' instead of actual capacity",
        "rejection_keywords": "yes",
        "timestamp": "2026-04-24T03:20:40.124401",
        "element_type": "way",
        "element_id": 1059363795,
        "country": "Kazakhstan",
        "unit_type": "plant"
      }
    },
    {
      "type": "Feature",
      "geometry": {
        "type": "Point",
        "coordinates": [
          77.70149529488349,
          43.9065659863373
        ]
      },
      "properties": {
        "label": "Rejected way 1074847202",
        "type": "Capacity placeholder value",
        "osm_element": "https://www.openstreetmap.org/way/1074847202",
        "rejection_reason": "Capacity placeholder value",
        "rejection_details": "Tag 'plant:output:electricity' contains placeholder value 'yes' instead of actual capacity",
        "rejection_keywords": "yes",
        "timestamp": "2026-04-24T03:20:40.126058",
        "element_type": "way",
        "element_id": 1074847202,
        "country": "Kazakhstan",
        "unit_type": "plant"
      }
    },
    {
      "type": "Feature",
      "geometry": {
        "type": "Point",
        "coordinates": [
          76.90136036296586,
          43.21070761812657
        ]
      },
      "properties": {
        "label": "Rejected way 1085062648",
        "type": "Missing source tag",
        "osm_element": "https://www.openstreetmap.org/way/1085062648",
        "rejection_reason": "Missing source tag",
        "rejection_details": "tags: {'addr:housenumber': '37', 'addr:street': 'улица Ходжанова', 'landuse': 'industrial', 'name': 'Южная', 'operator': 'ЮРК', 'plant:output:hot_water': 'yes', 'power': 'plant'}",
        "rejection_keywords": "none",
        "timestamp": "2026-04-24T03:20:40.126264",
        "element_type": "way",
        "element_id": 1085062648,
        "country": "Kazakhstan",
        "unit_type": "plant"
      }
    },
    {
      "type": "Feature",
      "geometry": {
        "type": "Point",
        "coordinates": [
          68.52816491149233,
          43.43926988867308
        ]
      },
      "properties": {
        "label": "Rejected way 1085846654",
        "type": "Capacity placeholder value",
        "osm_element": "https://www.openstreetmap.org/way/1085846654",
        "rejection_reason": "Capacity placeholder value",
        "rejection_details": "Tag 'plant:output:electricity' contains placeholder value 'yes' instead of actual capacity",
        "rejection_keywords": "yes",
        "timestamp": "2026-04-24T03:20:40.126553",
        "element_type": "way",
        "element_id": 1085846654,
        "country": "Kazakhstan",
        "unit_type": "plant"
      }
    },
    {
      "type": "Feature",
      "geometry": {
        "type": "Point",
        "coordinates": [
          76.80379178024774,
          43.30822928950231
        ]
      },
      "properties": {
        "label": "Rejected way 1090817608",
        "type": "Missing source tag",
        "osm_element": "https://www.openstreetmap.org/way/1090817608",
        "rejection_reason": "Missing source tag",
        "rejection_details": "tags: {'landuse': 'industrial', 'power': 'plant'}",
        "rejection_keywords": "none",
        "timestamp": "2026-04-24T03:20:40.126913",
        "element_type": "way",
        "element_id": 1090817608,
        "country": "Kazakhstan",
        "unit_type": "plant"
      }
    },
    {
      "type": "Feature",
      "geometry": {
        "type": "Point",
        "coordinates": [
          67.43363592420351,
          53.87273315390276
        ]
      },
      "properties": {
        "label": "Rejected way 1091160135",
        "type": "Missing output tag",
        "osm_element": "https://www.openstreetmap.org/way/1091160135",
        "rejection_reason": "Missing output tag",
        "rejection_details": "tags: {'plant:source': 'hydro', 'power': 'plant', 'waterway': 'dam'}",
        "rejection_keywords": "none",
        "timestamp": "2026-04-24T03:20:40.127108",
        "element_type": "way",
        "element_id": 1091160135,
        "country": "Kazakhstan",
        "unit_type": "plant"
      }
    },
    {
      "type": "Feature",
      "geometry": {
        "type": "Point",
        "coordinates": [
          81.53576670230818,
          48.80750813056683
        ]
      },
      "properties": {
        "label": "Rejected way 1093501412",
        "type": "Missing source tag",
        "osm_element": "https://www.openstreetmap.org/way/1093501412",
        "rejection_reason": "Missing source tag",
        "rejection_details": "tags: {'building:levels': '1', 'description': 'Котельная школы', 'landuse': 'industrial', 'power': 'plant'}",
        "rejection_keywords": "none",
        "timestamp": "2026-04-24T03:20:40.127274",
        "element_type": "way",
        "element_id": 1093501412,
        "country": "Kazakhstan",
        "unit_type": "plant"
      }
    },
    {
      "type": "Feature",
      "geometry": {
        "type": "Point",
        "coordinates": [
          66.04736041378845,
          44.62903016593288
        ]
      },
      "properties": {
        "label": "Rejected way 1094107515",
        "type": "Missing source tag",
        "osm_element": "https://www.openstreetmap.org/way/1094107515",
        "rejection_reason": "Missing source tag",
        "rejection_details": "tags: {'landuse': 'industrial', 'name': 'Мектептің жылу беретін жері', 'power': 'plant'}",
        "rejection_keywords": "none",
        "timestamp": "2026-04-24T03:20:40.127476",
        "element_type": "way",
        "element_id": 1094107515,
        "country": "Kazakhstan",
        "unit_type": "plant"
      }
    },
    {
      "type": "Feature",
      "geometry": {
        "type": "Point",
        "coordinates": [
          67.17064902035709,
          43.83151325752471
        ]
      },
      "properties": {
        "label": "Rejected way 1094113018",
        "type": "Missing source tag",
        "osm_element": "https://www.openstreetmap.org/way/1094113018",
        "rejection_reason": "Missing source tag",
        "rejection_details": "tags: {'landuse': 'industrial', 'name': 'Котельная', 'power': 'plant'}",
        "rejection_keywords": "none",
        "timestamp": "2026-04-24T03:20:40.127642",
        "element_type": "way",
        "element_id": 1094113018,
        "country": "Kazakhstan",
        "unit_type": "plant"
      }
    },
    {
      "type": "Feature",
      "geometry": {
        "type": "Point",
        "coordinates": [
          68.43338753009303,
          42.82371489641749
        ]
      },
      "properties": {
        "label": "Rejected way 1094115650",
        "type": "Missing source tag",
        "osm_element": "https://www.openstreetmap.org/way/1094115650",
        "rejection_reason": "Missing source tag",
        "rejection_details": "tags: {'landuse': 'industrial', 'name': 'мектеп пеші', 'power': 'plant'}",
        "rejection_keywords": "none",
        "timestamp": "2026-04-24T03:20:40.127803",
        "element_type": "way",
        "element_id": 1094115650,
        "country": "Kazakhstan",
        "unit_type": "plant"
      }
    },
    {
      "type": "Feature",
      "geometry": {
        "type": "Point",
        "coordinates": [
          67.1776371786686,
          43.83172673883494
        ]
      },
      "properties": {
        "label": "Rejected way 1094116919",
        "type": "Missing source tag",
        "osm_element": "https://www.openstreetmap.org/way/1094116919",
        "rejection_reason": "Missing source tag",
        "rejection_details": "tags: {'landuse': 'industrial', 'power': 'plant'}",
        "rejection_keywords": "none",
        "timestamp": "2026-04-24T03:20:40.127982",
        "element_type": "way",
        "element_id": 1094116919,
        "country": "Kazakhstan",
        "unit_type": "plant"
      }
    },
    {
      "type": "Feature",
      "geometry": {
        "type": "Point",
        "coordinates": [
          64.57547817871495,
          44.89707656957561
        ]
      },
      "properties": {
        "label": "Rejected way 1094118557",
        "type": "Missing source tag",
        "osm_element": "https://www.openstreetmap.org/way/1094118557",
        "rejection_reason": "Missing source tag",
        "rejection_details": "tags: {'landuse': 'industrial', 'name': 'Мектептің жылу беретін жері', 'power': 'plant'}",
        "rejection_keywords": "none",
        "timestamp": "2026-04-24T03:20:40.128166",
        "element_type": "way",
        "element_id": 1094118557,
        "country": "Kazakhstan",
        "unit_type": "plant"
      }
    },
    {
      "type": "Feature",
      "geometry": {
        "type": "Point",
        "coordinates": [
          65.35265047053585,
          44.894259337772546
        ]
      },
      "properties": {
        "label": "Rejected way 1095865243",
        "type": "Missing source tag",
        "osm_element": "https://www.openstreetmap.org/way/1095865243",
        "rejection_reason": "Missing source tag",
        "rejection_details": "tags: {'landuse': 'industrial', 'power': 'plant'}",
        "rejection_keywords": "none",
        "timestamp": "2026-04-24T03:20:40.128322",
        "element_type": "way",
        "element_id": 1095865243,
        "country": "Kazakhstan",
        "unit_type": "plant"
      }
    },
    {
      "type": "Feature",
      "geometry": {
        "type": "Point",
        "coordinates": [
          64.66645744346172,
          45.0839383664811
        ]
      },
      "properties": {
        "label": "Rejected way 1095869494",
        "type": "Missing source tag",
        "osm_element": "https://www.openstreetmap.org/way/1095869494",
        "rejection_reason": "Missing source tag",
        "rejection_details": "tags: {'landuse': 'industrial', 'operator': '№201 мектеп', 'power': 'plant'}",
        "rejection_keywords": "none",
        "timestamp": "2026-04-24T03:20:40.128475",
        "element_type": "way",
        "element_id": 1095869494,
        "country": "Kazakhstan",
        "unit_type": "plant"
      }
    },
    {
      "type": "Feature",
      "geometry": {
        "type": "Point",
        "coordinates": [
          65.48279280000001,
          44.894501899999995
        ]
      },
      "properties": {
        "label": "Rejected way 1095870404",
        "type": "Missing source tag",
        "osm_element": "https://www.openstreetmap.org/way/1095870404",
        "rejection_reason": "Missing source tag",
        "rejection_details": "tags: {'landuse': 'industrial', 'name': 'жылу  қазандығы', 'power': 'plant'}",
        "rejection_keywords": "none",
        "timestamp": "2026-04-24T03:20:40.128629",
        "element_type": "way",
        "element_id": 1095870404,
        "country": "Kazakhstan",
        "unit_type": "plant"
      }
    },
    {
      "type": "Feature",
      "geometry": {
        "type": "Point",
        "coordinates": [
          66.04658195816232,
          44.63250167674105
        ]
      },
      "properties": {
        "label": "Rejected way 1098233707",
        "type": "Missing source tag",
        "osm_element": "https://www.openstreetmap.org/way/1098233707",
        "rejection_reason": "Missing source tag",
        "rejection_details": "tags: {'landuse': 'industrial', 'power': 'plant'}",
        "rejection_keywords": "none",
        "timestamp": "2026-04-24T03:20:40.128816",
        "element_type": "way",
        "element_id": 1098233707,
        "country": "Kazakhstan",
        "unit_type": "plant"
      }
    },
    {
      "type": "Feature",
      "geometry": {
        "type": "Point",
        "coordinates": [
          64.57743965402649,
          44.89491910203173
        ]
      },
      "properties": {
        "label": "Rejected way 1098233835",
        "type": "Missing source tag",
        "osm_element": "https://www.openstreetmap.org/way/1098233835",
        "rejection_reason": "Missing source tag",
        "rejection_details": "tags: {'landuse': 'industrial', 'name': 'жылу қазандығы', 'power': 'plant'}",
        "rejection_keywords": "none",
        "timestamp": "2026-04-24T03:20:40.129030",
        "element_type": "way",
        "element_id": 1098233835,
        "country": "Kazakhstan",
        "unit_type": "plant"
      }
    },
    {
      "type": "Feature",
      "geometry": {
        "type": "Point",
        "coordinates": [
          64.94474489999999,
          45.073285049999996
        ]
      },
      "properties": {
        "label": "Rejected way 1098338648",
        "type": "Missing source tag",
        "osm_element": "https://www.openstreetmap.org/way/1098338648",
        "rejection_reason": "Missing source tag",
        "rejection_details": "tags: {'landuse': 'industrial', 'power': 'plant'}",
        "rejection_keywords": "none",
        "timestamp": "2026-04-24T03:20:40.129187",
        "element_type": "way",
        "element_id": 1098338648,
        "country": "Kazakhstan",
        "unit_type": "plant"
      }
    },
    {
      "type": "Feature",
      "geometry": {
        "type": "Point",
        "coordinates": [
          64.94408191434803,
          45.074344701917084
        ]
      },
      "properties": {
        "label": "Rejected way 1098338654",
        "type": "Missing source tag",
        "osm_element": "https://www.openstreetmap.org/way/1098338654",
        "rejection_reason": "Missing source tag",
        "rejection_details": "tags: {'landuse': 'industrial', 'power': 'plant'}",
        "rejection_keywords": "none",
        "timestamp": "2026-04-24T03:20:40.129341",
        "element_type": "way",
        "element_id": 1098338654,
        "country": "Kazakhstan",
        "unit_type": "plant"
      }
    },
    {
      "type": "Feature",
      "geometry": {
        "type": "Point",
        "coordinates": [
          68.43710560303668,
          42.81999772229898
        ]
      },
      "properties": {
        "label": "Rejected way 1098452028",
        "type": "Missing source tag",
        "osm_element": "https://www.openstreetmap.org/way/1098452028",
        "rejection_reason": "Missing source tag",
        "rejection_details": "tags: {'landuse': 'industrial', 'power': 'plant'}",
        "rejection_keywords": "none",
        "timestamp": "2026-04-24T03:20:40.129539",
        "element_type": "way",
        "element_id": 1098452028,
        "country": "Kazakhstan",
        "unit_type": "plant"
      }
    },
    {
      "type": "Feature",
      "geometry": {
        "type": "Point",
        "coordinates": [
          64.57628309984123,
          44.89546820110742
        ]
      },
      "properties": {
        "label": "Rejected way 1100561924",
        "type": "Missing source tag",
        "osm_element": "https://www.openstreetmap.org/way/1100561924",
        "rejection_reason": "Missing source tag",
        "rejection_details": "tags: {'landuse': 'industrial', 'power': 'plant'}",
        "rejection_keywords": "none",
        "timestamp": "2026-04-24T03:20:40.129714",
        "element_type": "way",
        "element_id": 1100561924,
        "country": "Kazakhstan",
        "unit_type": "plant"
      }
    },
    {
      "type": "Feature",
      "geometry": {
        "type": "Point",
        "coordinates": [
          64.57323453540984,
          44.89524664556668
        ]
      },
      "properties": {
        "label": "Rejected way 1100561933",
        "type": "Missing source tag",
        "osm_element": "https://www.openstreetmap.org/way/1100561933",
        "rejection_reason": "Missing source tag",
        "rejection_details": "tags: {'landuse': 'industrial', 'power': 'plant'}",
        "rejection_keywords": "none",
        "timestamp": "2026-04-24T03:20:40.129899",
        "element_type": "way",
        "element_id": 1100561933,
        "country": "Kazakhstan",
        "unit_type": "plant"
      }
    },
    {
      "type": "Feature",
      "geometry": {
        "type": "Point",
        "coordinates": [
          66.74425555662523,
          44.17898030146169
        ]
      },
      "properties": {
        "label": "Rejected way 1100809720",
        "type": "Missing source tag",
        "osm_element": "https://www.openstreetmap.org/way/1100809720",
        "rejection_reason": "Missing source tag",
        "rejection_details": "tags: {'landuse': 'industrial', 'power': 'plant'}",
        "rejection_keywords": "none",
        "timestamp": "2026-04-24T03:20:40.130093",
        "element_type": "way",
        "element_id": 1100809720,
        "country": "Kazakhstan",
        "unit_type": "plant"
      }
    },
    {
      "type": "Feature",
      "geometry": {
        "type": "Point",
        "coordinates": [
          61.747508332514556,
          45.492221207026994
        ]
      },
      "properties": {
        "label": "Rejected way 1102559150",
        "type": "Missing source tag",
        "osm_element": "https://www.openstreetmap.org/way/1102559150",
        "rejection_reason": "Missing source tag",
        "rejection_details": "tags: {'landuse': 'industrial', 'name': 'жылу қазындығы', 'power': 'plant'}",
        "rejection_keywords": "none",
        "timestamp": "2026-04-24T03:20:40.130258",
        "element_type": "way",
        "element_id": 1102559150,
        "country": "Kazakhstan",
        "unit_type": "plant"
      }
    },
    {
      "type": "Feature",
      "geometry": {
        "type": "Point",
        "coordinates": [
          64.97229226487327,
          44.89041235047652
        ]
      },
      "properties": {
        "label": "Rejected way 1102828371",
        "type": "Missing source tag",
        "osm_element": "https://www.openstreetmap.org/way/1102828371",
        "rejection_reason": "Missing source tag",
        "rejection_details": "tags: {'landuse': 'industrial', 'name': 'жылу казандығы', 'power': 'plant'}",
        "rejection_keywords": "none",
        "timestamp": "2026-04-24T03:20:40.130411",
        "element_type": "way",
        "element_id": 1102828371,
        "country": "Kazakhstan",
        "unit_type": "plant"
      }
    },
    {
      "type": "Feature",
      "geometry": {
        "type": "Point",
        "coordinates": [
          66.73296898903378,
          44.170814811552795
        ]
      },
      "properties": {
        "label": "Rejected way 1102828622",
        "type": "Missing source tag",
        "osm_element": "https://www.openstreetmap.org/way/1102828622",
        "rejection_reason": "Missing source tag",
        "rejection_details": "tags: {'landuse': 'industrial', 'power': 'plant'}",
        "rejection_keywords": "none",
        "timestamp": "2026-04-24T03:20:40.130563",
        "element_type": "way",
        "element_id": 1102828622,
        "country": "Kazakhstan",
        "unit_type": "plant"
      }
    },
    {
      "type": "Feature",
      "geometry": {
        "type": "Point",
        "coordinates": [
          66.70911342559863,
          44.178186867082495
        ]
      },
      "properties": {
        "label": "Rejected way 1102828635",
        "type": "Missing source tag",
        "osm_element": "https://www.openstreetmap.org/way/1102828635",
        "rejection_reason": "Missing source tag",
        "rejection_details": "tags: {'landuse': 'industrial', 'power': 'plant'}",
        "rejection_keywords": "none",
        "timestamp": "2026-04-24T03:20:40.130714",
        "element_type": "way",
        "element_id": 1102828635,
        "country": "Kazakhstan",
        "unit_type": "plant"
      }
    },
    {
      "type": "Feature",
      "geometry": {
        "type": "Point",
        "coordinates": [
          64.61686197758542,
          44.80570455337622
        ]
      },
      "properties": {
        "label": "Rejected way 1104620389",
        "type": "Missing source tag",
        "osm_element": "https://www.openstreetmap.org/way/1104620389",
        "rejection_reason": "Missing source tag",
        "rejection_details": "tags: {'landuse': 'industrial', 'power': 'plant'}",
        "rejection_keywords": "none",
        "timestamp": "2026-04-24T03:20:40.130934",
        "element_type": "way",
        "element_id": 1104620389,
        "country": "Kazakhstan",
        "unit_type": "plant"
      }
    },
    {
      "type": "Feature",
      "geometry": {
        "type": "Point",
        "coordinates": [
          64.61759680033249,
          44.80485960475104
        ]
      },
      "properties": {
        "label": "Rejected way 1104620391",
        "type": "Missing source tag",
        "osm_element": "https://www.openstreetmap.org/way/1104620391",
        "rejection_reason": "Missing source tag",
        "rejection_details": "tags: {'landuse': 'industrial', 'power': 'plant'}",
        "rejection_keywords": "none",
        "timestamp": "2026-04-24T03:20:40.131127",
        "element_type": "way",
        "element_id": 1104620391,
        "country": "Kazakhstan",
        "unit_type": "plant"
      }
    },
    {
      "type": "Feature",
      "geometry": {
        "type": "Point",
        "coordinates": [
          75.72815962419459,
          51.2713558339859
        ]
      },
      "properties": {
        "label": "Rejected way 1108493901",
        "type": "Missing source tag",
        "osm_element": "https://www.openstreetmap.org/way/1108493901",
        "rejection_reason": "Missing source tag",
        "rejection_details": "tags: {'building': 'yes', 'power': 'plant'}",
        "rejection_keywords": "none",
        "timestamp": "2026-04-24T03:20:40.131279",
        "element_type": "way",
        "element_id": 1108493901,
        "country": "Kazakhstan",
        "unit_type": "plant"
      }
    },
    {
      "type": "Feature",
      "geometry": {
        "type": "Point",
        "coordinates": [
          69.80689873318052,
          53.86624130115269
        ]
      },
      "properties": {
        "label": "Rejected way 1112682374",
        "type": "Missing source tag",
        "osm_element": "https://www.openstreetmap.org/way/1112682374",
        "rejection_reason": "Missing source tag",
        "rejection_details": "tags: {'landuse': 'industrial', 'power': 'plant'}",
        "rejection_keywords": "none",
        "timestamp": "2026-04-24T03:20:40.131437",
        "element_type": "way",
        "element_id": 1112682374,
        "country": "Kazakhstan",
        "unit_type": "plant"
      }
    },
    {
      "type": "Feature",
      "geometry": {
        "type": "Point",
        "coordinates": [
          69.75144454133559,
          53.837909884459954
        ]
      },
      "properties": {
        "label": "Rejected way 1112712536",
        "type": "Missing source tag",
        "osm_element": "https://www.openstreetmap.org/way/1112712536",
        "rejection_reason": "Missing source tag",
        "rejection_details": "tags: {'landuse': 'industrial', 'power': 'plant'}",
        "rejection_keywords": "none",
        "timestamp": "2026-04-24T03:20:40.131589",
        "element_type": "way",
        "element_id": 1112712536,
        "country": "Kazakhstan",
        "unit_type": "plant"
      }
    },
    {
      "type": "Feature",
      "geometry": {
        "type": "Point",
        "coordinates": [
          69.80584654351668,
          53.86496450671913
        ]
      },
      "properties": {
        "label": "Rejected way 1112712541",
        "type": "Missing source tag",
        "osm_element": "https://www.openstreetmap.org/way/1112712541",
        "rejection_reason": "Missing source tag",
        "rejection_details": "tags: {'landuse': 'industrial', 'power': 'plant'}",
        "rejection_keywords": "none",
        "timestamp": "2026-04-24T03:20:40.131739",
        "element_type": "way",
        "element_id": 1112712541,
        "country": "Kazakhstan",
        "unit_type": "plant"
      }
    },
    {
      "type": "Feature",
      "geometry": {
        "type": "Point",
        "coordinates": [
          69.80045627345308,
          53.8653264318934
        ]
      },
      "properties": {
        "label": "Rejected way 1112712552",
        "type": "Missing source tag",
        "osm_element": "https://www.openstreetmap.org/way/1112712552",
        "rejection_reason": "Missing source tag",
        "rejection_details": "tags: {'landuse': 'industrial', 'power': 'plant'}",
        "rejection_keywords": "none",
        "timestamp": "2026-04-24T03:20:40.131890",
        "element_type": "way",
        "element_id": 1112712552,
        "country": "Kazakhstan",
        "unit_type": "plant"
      }
    },
    {
      "type": "Feature",
      "geometry": {
        "type": "Point",
        "coordinates": [
          69.7407890950427,
          53.848798552717824
        ]
      },
      "properties": {
        "label": "Rejected way 1115647548",
        "type": "Missing source tag",
        "osm_element": "https://www.openstreetmap.org/way/1115647548",
        "rejection_reason": "Missing source tag",
        "rejection_details": "tags: {'landuse': 'industrial', 'power': 'plant'}",
        "rejection_keywords": "none",
        "timestamp": "2026-04-24T03:20:40.132075",
        "element_type": "way",
        "element_id": 1115647548,
        "country": "Kazakhstan",
        "unit_type": "plant"
      }
    },
    {
      "type": "Feature",
      "geometry": {
        "type": "Point",
        "coordinates": [
          69.7529648032511,
          53.84818190562191
        ]
      },
      "properties": {
        "label": "Rejected way 1115651546",
        "type": "Capacity placeholder value",
        "osm_element": "https://www.openstreetmap.org/way/1115651546",
        "rejection_reason": "Capacity placeholder value",
        "rejection_details": "Tag 'plant:output:electricity' contains placeholder value 'yes' instead of actual capacity",
        "rejection_keywords": "yes",
        "timestamp": "2026-04-24T03:20:40.132258",
        "element_type": "way",
        "element_id": 1115651546,
        "country": "Kazakhstan",
        "unit_type": "plant"
      }
    },
    {
      "type": "Feature",
      "geometry": {
        "type": "Point",
        "coordinates": [
          64.09296783389166,
          45.490464349384666
        ]
      },
      "properties": {
        "label": "Rejected way 1116365163",
        "type": "Missing source tag",
        "osm_element": "https://www.openstreetmap.org/way/1116365163",
        "rejection_reason": "Missing source tag",
        "rejection_details": "tags: {'landuse': 'industrial', 'power': 'plant'}",
        "rejection_keywords": "none",
        "timestamp": "2026-04-24T03:20:40.132455",
        "element_type": "way",
        "element_id": 1116365163,
        "country": "Kazakhstan",
        "unit_type": "plant"
      }
    },
    {
      "type": "Feature",
      "geometry": {
        "type": "Point",
        "coordinates": [
          61.746393119725006,
          45.49443977737167
        ]
      },
      "properties": {
        "label": "Rejected way 1116611491",
        "type": "Missing source tag",
        "osm_element": "https://www.openstreetmap.org/way/1116611491",
        "rejection_reason": "Missing source tag",
        "rejection_details": "tags: {'landuse': 'Жылу', 'name': 'Жылу қазандығы', 'operator': 'Жылу қазандығы', 'power': 'plant'}",
        "rejection_keywords": "none",
        "timestamp": "2026-04-24T03:20:40.132610",
        "element_type": "way",
        "element_id": 1116611491,
        "country": "Kazakhstan",
        "unit_type": "plant"
      }
    },
    {
      "type": "Feature",
      "geometry": {
        "type": "Point",
        "coordinates": [
          69.74485914419485,
          53.82993557629493
        ]
      },
      "properties": {
        "label": "Rejected way 1116781465",
        "type": "Missing source tag",
        "osm_element": "https://www.openstreetmap.org/way/1116781465",
        "rejection_reason": "Missing source tag",
        "rejection_details": "tags: {'addr:housenumber': '1', 'addr:street': 'Южная', 'landuse': 'industrial', 'name': 'Крэк', 'power': 'plant'}",
        "rejection_keywords": "none",
        "timestamp": "2026-04-24T03:20:40.132763",
        "element_type": "way",
        "element_id": 1116781465,
        "country": "Kazakhstan",
        "unit_type": "plant"
      }
    },
    {
      "type": "Feature",
      "geometry": {
        "type": "Point",
        "coordinates": [
          76.92758554735533,
          43.35726212339616
        ]
      },
      "properties": {
        "label": "Rejected way 1116915974",
        "type": "Missing output tag",
        "osm_element": "https://www.openstreetmap.org/way/1116915974",
        "rejection_reason": "Missing output tag",
        "rejection_details": "tags: {'landuse': 'industrial', 'name': 'Котельная Кок Жиек', 'operator': 'АЖК', 'plant:source': 'biogas', 'power': 'plant'}",
        "rejection_keywords": "none",
        "timestamp": "2026-04-24T03:20:40.133021",
        "element_type": "way",
        "element_id": 1116915974,
        "country": "Kazakhstan",
        "unit_type": "plant"
      }
    },
    {
      "type": "Feature",
      "geometry": {
        "type": "Point",
        "coordinates": [
          68.43192387641592,
          42.83038926070434
        ]
      },
      "properties": {
        "label": "Rejected way 1118417836",
        "type": "Missing source tag",
        "osm_element": "https://www.openstreetmap.org/way/1118417836",
        "rejection_reason": "Missing source tag",
        "rejection_details": "tags: {'landuse': 'industrial', 'name': 'Жылыу қазандығы', 'power': 'plant'}",
        "rejection_keywords": "none",
        "timestamp": "2026-04-24T03:20:40.133191",
        "element_type": "way",
        "element_id": 1118417836,
        "country": "Kazakhstan",
        "unit_type": "plant"
      }
    },
    {
      "type": "Feature",
      "geometry": {
        "type": "Point",
        "coordinates": [
          62.05397260319007,
          53.749266416659125
        ]
      },
      "properties": {
        "label": "Rejected way 1148727803",
        "type": "Missing source tag",
        "osm_element": "https://www.openstreetmap.org/way/1148727803",
        "rejection_reason": "Missing source tag",
        "rejection_details": "tags: {'landuse': 'industrial', 'power': 'plant'}",
        "rejection_keywords": "none",
        "timestamp": "2026-04-24T03:20:40.133345",
        "element_type": "way",
        "element_id": 1148727803,
        "country": "Kazakhstan",
        "unit_type": "plant"
      }
    },
    {
      "type": "Feature",
      "geometry": {
        "type": "Point",
        "coordinates": [
          78.69886854662492,
          44.888586657285465
        ]
      },
      "properties": {
        "label": "Rejected way 1160748236",
        "type": "Missing output tag",
        "osm_element": "https://www.openstreetmap.org/way/1160748236",
        "rejection_reason": "Missing output tag",
        "rejection_details": "tags: {'name': 'Karatal HPP-3', 'plant:source': 'hydro', 'power': 'plant', 'waterway': 'dam'}",
        "rejection_keywords": "none",
        "timestamp": "2026-04-24T03:20:40.133506",
        "element_type": "way",
        "element_id": 1160748236,
        "country": "Kazakhstan",
        "unit_type": "plant"
      }
    },
    {
      "type": "Feature",
      "geometry": {
        "type": "Point",
        "coordinates": [
          78.71549933474523,
          44.88104829311324
        ]
      },
      "properties": {
        "label": "Rejected way 1160752557",
        "type": "Missing output tag",
        "osm_element": "https://www.openstreetmap.org/way/1160752557",
        "rejection_reason": "Missing output tag",
        "rejection_details": "tags: {'name': 'Karatal HPP-2', 'plant:source': 'hydro', 'power': 'plant', 'waterway': 'dam'}",
        "rejection_keywords": "none",
        "timestamp": "2026-04-24T03:20:40.133674",
        "element_type": "way",
        "element_id": 1160752557,
        "country": "Kazakhstan",
        "unit_type": "plant"
      }
    },
    {
      "type": "Feature",
      "geometry": {
        "type": "Point",
        "coordinates": [
          77.21374364692818,
          43.269797871813616
        ]
      },
      "properties": {
        "label": "Rejected way 1160973924",
        "type": "Missing output tag",
        "osm_element": "https://www.openstreetmap.org/way/1160973924",
        "rejection_reason": "Missing output tag",
        "rejection_details": "tags: {'building': 'yes', 'name': 'Talgarskaya', 'plant:source': 'hydro', 'power': 'plant'}",
        "rejection_keywords": "none",
        "timestamp": "2026-04-24T03:20:40.133871",
        "element_type": "way",
        "element_id": 1160973924,
        "country": "Kazakhstan",
        "unit_type": "plant"
      }
    },
    {
      "type": "Feature",
      "geometry": {
        "type": "Point",
        "coordinates": [
          76.02653389573966,
          43.26558357685964
        ]
      },
      "properties": {
        "label": "Rejected way 1161402051",
        "type": "Missing source tag",
        "osm_element": "https://www.openstreetmap.org/way/1161402051",
        "rejection_reason": "Missing source tag",
        "rejection_details": "tags: {'landuse': 'industrial', 'name': 'Кочегарка', 'power': 'plant'}",
        "rejection_keywords": "none",
        "timestamp": "2026-04-24T03:20:40.134065",
        "element_type": "way",
        "element_id": 1161402051,
        "country": "Kazakhstan",
        "unit_type": "plant"
      }
    },
    {
      "type": "Feature",
      "geometry": {
        "type": "Point",
        "coordinates": [
          78.75402688369944,
          44.15834741281311
        ]
      },
      "properties": {
        "label": "Rejected way 1166283082",
        "type": "Missing source tag",
        "osm_element": "https://www.openstreetmap.org/way/1166283082",
        "rejection_reason": "Missing source tag",
        "rejection_details": "tags: {'landuse': 'industrial', 'power': 'plant'}",
        "rejection_keywords": "none",
        "timestamp": "2026-04-24T03:20:40.134245",
        "element_type": "way",
        "element_id": 1166283082,
        "country": "Kazakhstan",
        "unit_type": "plant"
      }
    },
    {
      "type": "Feature",
      "geometry": {
        "type": "Point",
        "coordinates": [
          68.31080561287058,
          40.76705089163468
        ]
      },
      "properties": {
        "label": "Rejected way 1174414811",
        "type": "Missing source tag",
        "osm_element": "https://www.openstreetmap.org/way/1174414811",
        "rejection_reason": "Missing source tag",
        "rejection_details": "tags: {'building': 'industrial', 'power': 'plant'}",
        "rejection_keywords": "none",
        "timestamp": "2026-04-24T03:20:40.134398",
        "element_type": "way",
        "element_id": 1174414811,
        "country": "Kazakhstan",
        "unit_type": "plant"
      }
    },
    {
      "type": "Feature",
      "geometry": {
        "type": "Point",
        "coordinates": [
          76.86870701342104,
          43.205272303508075
        ]
      },
      "properties": {
        "label": "Rejected way 1184647504",
        "type": "Missing source tag",
        "osm_element": "https://www.openstreetmap.org/way/1184647504",
        "rejection_reason": "Missing source tag",
        "rejection_details": "tags: {'addr:housenumber': '43', 'addr:street': 'Рысқұлбеков көшесі', 'description': 'Реконструкция 2008 г.', 'landuse': 'industrial', 'name': 'Орбита', 'plant:output:hot_water': 'yes', 'power': 'plant'}",
        "rejection_keywords": "none",
        "timestamp": "2026-04-24T03:20:40.134689",
        "element_type": "way",
        "element_id": 1184647504,
        "country": "Kazakhstan",
        "unit_type": "plant"
      }
    },
    {
      "type": "Feature",
      "geometry": {
        "type": "Point",
        "coordinates": [
          73.02370687443268,
          50.04845750102158
        ]
      },
      "properties": {
        "label": "Rejected way 1203832127",
        "type": "Missing source tag",
        "osm_element": "https://www.openstreetmap.org/way/1203832127",
        "rejection_reason": "Missing source tag",
        "rejection_details": "tags: {'landuse': 'industrial', 'name': 'Karaganda Steel Works power station', 'plant:output:electricity': '185 mw', 'power': 'plant'}",
        "rejection_keywords": "none",
        "timestamp": "2026-04-24T03:20:40.134964",
        "element_type": "way",
        "element_id": 1203832127,
        "country": "Kazakhstan",
        "unit_type": "plant"
      }
    },
    {
      "type": "Feature",
      "geometry": {
        "type": "Point",
        "coordinates": [
          68.7623789018795,
          42.40600532788945
        ]
      },
      "properties": {
        "label": "Rejected way 1209497429",
        "type": "Capacity placeholder value",
        "osm_element": "https://www.openstreetmap.org/way/1209497429",
        "rejection_reason": "Capacity placeholder value",
        "rejection_details": "Tag 'plant:output:electricity' contains placeholder value 'yes' instead of actual capacity",
        "rejection_keywords": "yes",
        "timestamp": "2026-04-24T03:20:40.135134",
        "element_type": "way",
        "element_id": 1209497429,
        "country": "Kazakhstan",
        "unit_type": "plant"
      }
    },
    {
      "type": "Feature",
      "geometry": {
        "type": "Point",
        "coordinates": [
          67.62533959999999,
          47.862661349999996
        ]
      },
      "properties": {
        "label": "Rejected way 1209498650",
        "type": "Capacity placeholder value",
        "osm_element": "https://www.openstreetmap.org/way/1209498650",
        "rejection_reason": "Capacity placeholder value",
        "rejection_details": "Tag 'plant:output:electricity' contains placeholder value 'yes' instead of actual capacity",
        "rejection_keywords": "yes",
        "timestamp": "2026-04-24T03:20:40.135293",
        "element_type": "way",
        "element_id": 1209498650,
        "country": "Kazakhstan",
        "unit_type": "plant"
      }
    },
    {
      "type": "Feature",
      "geometry": {
        "type": "Point",
        "coordinates": [
          67.35994378909224,
          43.87420068790368
        ]
      },
      "properties": {
        "label": "Rejected way 1209499369",
        "type": "Capacity placeholder value",
        "osm_element": "https://www.openstreetmap.org/way/1209499369",
        "rejection_reason": "Capacity placeholder value",
        "rejection_details": "Tag 'plant:output:electricity' contains placeholder value 'yes' instead of actual capacity",
        "rejection_keywords": "yes",
        "timestamp": "2026-04-24T03:20:40.135487",
        "element_type": "way",
        "element_id": 1209499369,
        "country": "Kazakhstan",
        "unit_type": "plant"
      }
    },
    {
      "type": "Feature",
      "geometry": {
        "type": "Point",
        "coordinates": [
          69.73922636776892,
          42.83188134160146
        ]
      },
      "properties": {
        "label": "Rejected way 1213257718",
        "type": "Missing source tag",
        "osm_element": "https://www.openstreetmap.org/way/1213257718",
        "rejection_reason": "Missing source tag",
        "rejection_details": "tags: {'landuse': 'industrial', 'name': 'котельная', 'power': 'plant'}",
        "rejection_keywords": "none",
        "timestamp": "2026-04-24T03:20:40.135642",
        "element_type": "way",
        "element_id": 1213257718,
        "country": "Kazakhstan",
        "unit_type": "plant"
      }
    },
    {
      "type": "Feature",
      "geometry": {
        "type": "Point",
        "coordinates": [
          69.74383327683708,
          42.83441864683768
        ]
      },
      "properties": {
        "label": "Rejected way 1213257720",
        "type": "Missing source tag",
        "osm_element": "https://www.openstreetmap.org/way/1213257720",
        "rejection_reason": "Missing source tag",
        "rejection_details": "tags: {'landuse': 'industrial', 'power': 'plant'}",
        "rejection_keywords": "none",
        "timestamp": "2026-04-24T03:20:40.135798",
        "element_type": "way",
        "element_id": 1213257720,
        "country": "Kazakhstan",
        "unit_type": "plant"
      }
    },
    {
      "type": "Feature",
      "geometry": {
        "type": "Point",
        "coordinates": [
          66.81466322507866,
          44.16754628409656
        ]
      },
      "properties": {
        "label": "Rejected way 1213259751",
        "type": "Missing source tag",
        "osm_element": "https://www.openstreetmap.org/way/1213259751",
        "rejection_reason": "Missing source tag",
        "rejection_details": "tags: {'landuse': 'industrial', 'power': 'plant'}",
        "rejection_keywords": "none",
        "timestamp": "2026-04-24T03:20:40.135973",
        "element_type": "way",
        "element_id": 1213259751,
        "country": "Kazakhstan",
        "unit_type": "plant"
      }
    },
    {
      "type": "Feature",
      "geometry": {
        "type": "Point",
        "coordinates": [
          51.21972629984239,
          51.19050689299512
        ]
      },
      "properties": {
        "label": "Rejected way 1214573746",
        "type": "Capacity placeholder value",
        "osm_element": "https://www.openstreetmap.org/way/1214573746",
        "rejection_reason": "Capacity placeholder value",
        "rejection_details": "Tag 'plant:output:electricity' contains placeholder value 'yes' instead of actual capacity",
        "rejection_keywords": "yes",
        "timestamp": "2026-04-24T03:20:40.136193",
        "element_type": "way",
        "element_id": 1214573746,
        "country": "Kazakhstan",
        "unit_type": "plant"
      }
    },
    {
      "type": "Feature",
      "geometry": {
        "type": "Point",
        "coordinates": [
          76.94291681083999,
          43.23094691014528
        ]
      },
      "properties": {
        "label": "Rejected way 1215021406",
        "type": "Missing source tag",
        "osm_element": "https://www.openstreetmap.org/way/1215021406",
        "rejection_reason": "Missing source tag",
        "rejection_details": "tags: {'addr:city': 'Алматы', 'addr:housenumber': '386', 'addr:street': 'улица Каратаева', 'landuse': 'industrial', 'name': 'Оңтүстік-Шығыс', 'name:ru': 'Юго-Восток', 'plant:output:hot_water': 'yes', 'power': 'plant'}",
        "rejection_keywords": "none",
        "timestamp": "2026-04-24T03:20:40.136433",
        "element_type": "way",
        "element_id": 1215021406,
        "country": "Kazakhstan",
        "unit_type": "plant"
      }
    },
    {
      "type": "Feature",
      "geometry": {
        "type": "Point",
        "coordinates": [
          66.81480210000001,
          44.169446050000005
        ]
      },
      "properties": {
        "label": "Rejected way 1215278231",
        "type": "Missing source tag",
        "osm_element": "https://www.openstreetmap.org/way/1215278231",
        "rejection_reason": "Missing source tag",
        "rejection_details": "tags: {'landuse': 'industrial', 'power': 'plant'}",
        "rejection_keywords": "none",
        "timestamp": "2026-04-24T03:20:40.136589",
        "element_type": "way",
        "element_id": 1215278231,
        "country": "Kazakhstan",
        "unit_type": "plant"
      }
    },
    {
      "type": "Feature",
      "geometry": {
        "type": "Point",
        "coordinates": [
          65.45785384997706,
          44.86538200094581
        ]
      },
      "properties": {
        "label": "Rejected way 1217202998",
        "type": "Missing source tag",
        "osm_element": "https://www.openstreetmap.org/way/1217202998",
        "rejection_reason": "Missing source tag",
        "rejection_details": "tags: {'landuse': 'industrial', 'name:en': 'Kyzylorda Power Plant', 'power': 'plant', 'source': 'https://www.gem.wiki/Kyzylorda_CHP_power_station'}",
        "rejection_keywords": "none",
        "timestamp": "2026-04-24T03:20:40.136795",
        "element_type": "way",
        "element_id": 1217202998,
        "country": "Kazakhstan",
        "unit_type": "plant"
      }
    },
    {
      "type": "Feature",
      "geometry": {
        "type": "Point",
        "coordinates": [
          67.64722759122729,
          43.58724253191922
        ]
      },
      "properties": {
        "label": "Rejected way 1226423930",
        "type": "Missing source tag",
        "osm_element": "https://www.openstreetmap.org/way/1226423930",
        "rejection_reason": "Missing source tag",
        "rejection_details": "tags: {'landuse': 'industrial', 'name': 'Котельная', 'power': 'plant'}",
        "rejection_keywords": "none",
        "timestamp": "2026-04-24T03:20:40.136975",
        "element_type": "way",
        "element_id": 1226423930,
        "country": "Kazakhstan",
        "unit_type": "plant"
      }
    },
    {
      "type": "Feature",
      "geometry": {
        "type": "Point",
        "coordinates": [
          61.580426152512075,
          45.78332006586239
        ]
      },
      "properties": {
        "label": "Rejected way 1227121143",
        "type": "Missing source tag",
        "osm_element": "https://www.openstreetmap.org/way/1227121143",
        "rejection_reason": "Missing source tag",
        "rejection_details": "tags: {'landuse': 'industrial', 'name': 'Жылу қазандығы', 'power': 'plant'}",
        "rejection_keywords": "none",
        "timestamp": "2026-04-24T03:20:40.137160",
        "element_type": "way",
        "element_id": 1227121143,
        "country": "Kazakhstan",
        "unit_type": "plant"
      }
    },
    {
      "type": "Feature",
      "geometry": {
        "type": "Point",
        "coordinates": [
          61.583317259918104,
          45.78340600948323
        ]
      },
      "properties": {
        "label": "Rejected way 1227122337",
        "type": "Missing source tag",
        "osm_element": "https://www.openstreetmap.org/way/1227122337",
        "rejection_reason": "Missing source tag",
        "rejection_details": "tags: {'landuse': 'industrial', 'power': 'plant'}",
        "rejection_keywords": "none",
        "timestamp": "2026-04-24T03:20:40.137337",
        "element_type": "way",
        "element_id": 1227122337,
        "country": "Kazakhstan",
        "unit_type": "plant"
      }
    },
    {
      "type": "Feature",
      "geometry": {
        "type": "Point",
        "coordinates": [
          67.63789300151075,
          43.58921910146682
        ]
      },
      "properties": {
        "label": "Rejected way 1227760334",
        "type": "Missing source tag",
        "osm_element": "https://www.openstreetmap.org/way/1227760334",
        "rejection_reason": "Missing source tag",
        "rejection_details": "tags: {'landuse': 'industrial', 'power': 'plant'}",
        "rejection_keywords": "none",
        "timestamp": "2026-04-24T03:20:40.137501",
        "element_type": "way",
        "element_id": 1227760334,
        "country": "Kazakhstan",
        "unit_type": "plant"
      }
    },
    {
      "type": "Feature",
      "geometry": {
        "type": "Point",
        "coordinates": [
          77.46918924582498,
          44.42824027653378
        ]
      },
      "properties": {
        "label": "Rejected way 1228010114",
        "type": "Missing output tag",
        "osm_element": "https://www.openstreetmap.org/way/1228010114",
        "rejection_reason": "Missing output tag",
        "rejection_details": "tags: {'description': '52 КВт', 'landuse': 'industrial', 'name': 'Гелиостанция', 'plant:source': 'solar', 'power': 'plant', 'start_date': '2010'}",
        "rejection_keywords": "none",
        "timestamp": "2026-04-24T03:20:40.137715",
        "element_type": "way",
        "element_id": 1228010114,
        "country": "Kazakhstan",
        "unit_type": "plant"
      }
    },
    {
      "type": "Feature",
      "geometry": {
        "type": "Point",
        "coordinates": [
          67.77069678806329,
          43.684736460089425
        ]
      },
      "properties": {
        "label": "Rejected way 1228227883",
        "type": "Missing source tag",
        "osm_element": "https://www.openstreetmap.org/way/1228227883",
        "rejection_reason": "Missing source tag",
        "rejection_details": "tags: {'landuse': 'industrial', 'name': 'Котельная', 'power': 'plant'}",
        "rejection_keywords": "none",
        "timestamp": "2026-04-24T03:20:40.137890",
        "element_type": "way",
        "element_id": 1228227883,
        "country": "Kazakhstan",
        "unit_type": "plant"
      }
    },
    {
      "type": "Feature",
      "geometry": {
        "type": "Point",
        "coordinates": [
          67.76772204724817,
          43.69247224684714
        ]
      },
      "properties": {
        "label": "Rejected way 1228228770",
        "type": "Missing source tag",
        "osm_element": "https://www.openstreetmap.org/way/1228228770",
        "rejection_reason": "Missing source tag",
        "rejection_details": "tags: {'landuse': 'industrial', 'name': 'Котельная', 'power': 'plant'}",
        "rejection_keywords": "none",
        "timestamp": "2026-04-24T03:20:40.138080",
        "element_type": "way",
        "element_id": 1228228770,
        "country": "Kazakhstan",
        "unit_type": "plant"
      }
    },
    {
      "type": "Feature",
      "geometry": {
        "type": "Point",
        "coordinates": [
          77.96038378907316,
          44.3693116323143
        ]
      },
      "properties": {
        "label": "Rejected way 1228296211",
        "type": "Missing source tag",
        "osm_element": "https://www.openstreetmap.org/way/1228296211",
        "rejection_reason": "Missing source tag",
        "rejection_details": "tags: {'landuse': 'industrial', 'name': 'Кочегарка', 'power': 'plant'}",
        "rejection_keywords": "none",
        "timestamp": "2026-04-24T03:20:40.138237",
        "element_type": "way",
        "element_id": 1228296211,
        "country": "Kazakhstan",
        "unit_type": "plant"
      }
    },
    {
      "type": "Feature",
      "geometry": {
        "type": "Point",
        "coordinates": [
          62.344139310768796,
          47.24504639722205
        ]
      },
      "properties": {
        "label": "Rejected way 1228890033",
        "type": "Missing source tag",
        "osm_element": "https://www.openstreetmap.org/way/1228890033",
        "rejection_reason": "Missing source tag",
        "rejection_details": "tags: {'landuse': 'industrial', 'name': 'Котельная', 'power': 'plant'}",
        "rejection_keywords": "none",
        "timestamp": "2026-04-24T03:20:40.138404",
        "element_type": "way",
        "element_id": 1228890033,
        "country": "Kazakhstan",
        "unit_type": "plant"
      }
    },
    {
      "type": "Feature",
      "geometry": {
        "type": "Point",
        "coordinates": [
          62.34370365548344,
          47.24763422695161
        ]
      },
      "properties": {
        "label": "Rejected way 1228904503",
        "type": "Missing source tag",
        "osm_element": "https://www.openstreetmap.org/way/1228904503",
        "rejection_reason": "Missing source tag",
        "rejection_details": "tags: {'landuse': 'industrial', 'name': 'Котельная', 'power': 'plant'}",
        "rejection_keywords": "none",
        "timestamp": "2026-04-24T03:20:40.138559",
        "element_type": "way",
        "element_id": 1228904503,
        "country": "Kazakhstan",
        "unit_type": "plant"
      }
    },
    {
      "type": "Feature",
      "geometry": {
        "type": "Point",
        "coordinates": [
          67.63692193914612,
          43.58407600724729
        ]
      },
      "properties": {
        "label": "Rejected way 1228918737",
        "type": "Missing source tag",
        "osm_element": "https://www.openstreetmap.org/way/1228918737",
        "rejection_reason": "Missing source tag",
        "rejection_details": "tags: {'landuse': 'industrial', 'power': 'plant'}",
        "rejection_keywords": "none",
        "timestamp": "2026-04-24T03:20:40.138736",
        "element_type": "way",
        "element_id": 1228918737,
        "country": "Kazakhstan",
        "unit_type": "plant"
      }
    },
    {
      "type": "Feature",
      "geometry": {
        "type": "Point",
        "coordinates": [
          67.76999953241716,
          43.68651765887362
        ]
      },
      "properties": {
        "label": "Rejected way 1228979530",
        "type": "Missing source tag",
        "osm_element": "https://www.openstreetmap.org/way/1228979530",
        "rejection_reason": "Missing source tag",
        "rejection_details": "tags: {'landuse': 'industrial', 'power': 'plant'}",
        "rejection_keywords": "none",
        "timestamp": "2026-04-24T03:20:40.138888",
        "element_type": "way",
        "element_id": 1228979530,
        "country": "Kazakhstan",
        "unit_type": "plant"
      }
    },
    {
      "type": "Feature",
      "geometry": {
        "type": "Point",
        "coordinates": [
          74.66406105,
          43.05479454999999
        ]
      },
      "properties": {
        "label": "Rejected way 1230097393",
        "type": "Missing source tag",
        "osm_element": "https://www.openstreetmap.org/way/1230097393",
        "rejection_reason": "Missing source tag",
        "rejection_details": "tags: {'landuse': 'industrial', 'power': 'plant'}",
        "rejection_keywords": "none",
        "timestamp": "2026-04-24T03:20:40.139073",
        "element_type": "way",
        "element_id": 1230097393,
        "country": "Kazakhstan",
        "unit_type": "plant"
      }
    },
    {
      "type": "Feature",
      "geometry": {
        "type": "Point",
        "coordinates": [
          77.8897609,
          44.196329600000006
        ]
      },
      "properties": {
        "label": "Rejected way 1231121571",
        "type": "Missing source tag",
        "osm_element": "https://www.openstreetmap.org/way/1231121571",
        "rejection_reason": "Missing source tag",
        "rejection_details": "tags: {'landuse': 'industrial', 'power': 'plant'}",
        "rejection_keywords": "none",
        "timestamp": "2026-04-24T03:20:40.139227",
        "element_type": "way",
        "element_id": 1231121571,
        "country": "Kazakhstan",
        "unit_type": "plant"
      }
    },
    {
      "type": "Feature",
      "geometry": {
        "type": "Point",
        "coordinates": [
          77.05555839144854,
          43.840685122387306
        ]
      },
      "properties": {
        "label": "Rejected way 1231875615",
        "type": "Missing source tag",
        "osm_element": "https://www.openstreetmap.org/way/1231875615",
        "rejection_reason": "Missing source tag",
        "rejection_details": "tags: {'addr:city': 'Қонаев', 'int_name': 'Jılw élektr stancïyası', 'landuse': 'industrial', 'name': 'Жылу электр станциясы', 'name:kk': 'Жылу электр станциясы', 'name:ru': 'ТЭЦ', 'power': 'plant'}",
        "rejection_keywords": "none",
        "timestamp": "2026-04-24T03:20:40.139397",
        "element_type": "way",
        "element_id": 1231875615,
        "country": "Kazakhstan",
        "unit_type": "plant"
      }
    },
    {
      "type": "Feature",
      "geometry": {
        "type": "Point",
        "coordinates": [
          51.23565510883125,
          51.04517753729701
        ]
      },
      "properties": {
        "label": "Rejected way 1233319686",
        "type": "Capacity placeholder value",
        "osm_element": "https://www.openstreetmap.org/way/1233319686",
        "rejection_reason": "Capacity placeholder value",
        "rejection_details": "Tag 'plant:output:electricity' contains placeholder value 'yes' instead of actual capacity",
        "rejection_keywords": "yes",
        "timestamp": "2026-04-24T03:20:40.139558",
        "element_type": "way",
        "element_id": 1233319686,
        "country": "Kazakhstan",
        "unit_type": "plant"
      }
    },
    {
      "type": "Feature",
      "geometry": {
        "type": "Point",
        "coordinates": [
          74.61653568608104,
          43.446604341021995
        ]
      },
      "properties": {
        "label": "Rejected way 1234010077",
        "type": "Missing source tag",
        "osm_element": "https://www.openstreetmap.org/way/1234010077",
        "rejection_reason": "Missing source tag",
        "rejection_details": "tags: {'landuse': 'industrial', 'power': 'plant'}",
        "rejection_keywords": "none",
        "timestamp": "2026-04-24T03:20:40.139713",
        "element_type": "way",
        "element_id": 1234010077,
        "country": "Kazakhstan",
        "unit_type": "plant"
      }
    },
    {
      "type": "Feature",
      "geometry": {
        "type": "Point",
        "coordinates": [
          75.623931,
          42.83864135
        ]
      },
      "properties": {
        "label": "Rejected way 1235502855",
        "type": "Missing source tag",
        "osm_element": "https://www.openstreetmap.org/way/1235502855",
        "rejection_reason": "Missing source tag",
        "rejection_details": "tags: {'landuse': 'industrial', 'name': 'Кочегарка', 'power': 'plant'}",
        "rejection_keywords": "none",
        "timestamp": "2026-04-24T03:20:40.139869",
        "element_type": "way",
        "element_id": 1235502855,
        "country": "Kazakhstan",
        "unit_type": "plant"
      }
    },
    {
      "type": "Feature",
      "geometry": {
        "type": "Point",
        "coordinates": [
          79.66162541155911,
          43.98081038482696
        ]
      },
      "properties": {
        "label": "Rejected way 1236588572",
        "type": "Missing source tag",
        "osm_element": "https://www.openstreetmap.org/way/1236588572",
        "rejection_reason": "Missing source tag",
        "rejection_details": "tags: {'landuse': 'industrial', 'power': 'plant'}",
        "rejection_keywords": "none",
        "timestamp": "2026-04-24T03:20:40.140049",
        "element_type": "way",
        "element_id": 1236588572,
        "country": "Kazakhstan",
        "unit_type": "plant"
      }
    },
    {
      "type": "Feature",
      "geometry": {
        "type": "Point",
        "coordinates": [
          79.6572105513997,
          43.9720745280913
        ]
      },
      "properties": {
        "label": "Rejected way 1236588581",
        "type": "Missing source tag",
        "osm_element": "https://www.openstreetmap.org/way/1236588581",
        "rejection_reason": "Missing source tag",
        "rejection_details": "tags: {'landuse': 'industrial', 'power': 'plant'}",
        "rejection_keywords": "none",
        "timestamp": "2026-04-24T03:20:40.140230",
        "element_type": "way",
        "element_id": 1236588581,
        "country": "Kazakhstan",
        "unit_type": "plant"
      }
    },
    {
      "type": "Feature",
      "geometry": {
        "type": "Point",
        "coordinates": [
          76.97256292545536,
          43.620539783856515
        ]
      },
      "properties": {
        "label": "Rejected way 1254172211",
        "type": "Capacity placeholder value",
        "osm_element": "https://www.openstreetmap.org/way/1254172211",
        "rejection_reason": "Capacity placeholder value",
        "rejection_details": "Tag 'plant:output:electricity' contains placeholder value 'yes' instead of actual capacity",
        "rejection_keywords": "yes",
        "timestamp": "2026-04-24T03:20:40.140920",
        "element_type": "way",
        "element_id": 1254172211,
        "country": "Kazakhstan",
        "unit_type": "plant"
      }
    },
    {
      "type": "Feature",
      "geometry": {
        "type": "Point",
        "coordinates": [
          79.41496634999999,
          51.066271099999994
        ]
      },
      "properties": {
        "label": "Rejected way 1267832559",
        "type": "Missing source tag",
        "osm_element": "https://www.openstreetmap.org/way/1267832559",
        "rejection_reason": "Missing source tag",
        "rejection_details": "tags: {'building': 'yes', 'power': 'plant'}",
        "rejection_keywords": "none",
        "timestamp": "2026-04-24T03:20:40.141105",
        "element_type": "way",
        "element_id": 1267832559,
        "country": "Kazakhstan",
        "unit_type": "plant"
      }
    },
    {
      "type": "Feature",
      "geometry": {
        "type": "Point",
        "coordinates": [
          67.69075566752113,
          52.05096472023623
        ]
      },
      "properties": {
        "label": "Rejected way 1268593646",
        "type": "Missing source tag",
        "osm_element": "https://www.openstreetmap.org/way/1268593646",
        "rejection_reason": "Missing source tag",
        "rejection_details": "tags: {'landuse': 'industrial', 'power': 'plant'}",
        "rejection_keywords": "none",
        "timestamp": "2026-04-24T03:20:40.141320",
        "element_type": "way",
        "element_id": 1268593646,
        "country": "Kazakhstan",
        "unit_type": "plant"
      }
    },
    {
      "type": "Feature",
      "geometry": {
        "type": "Point",
        "coordinates": [
          65.90063163546697,
          44.72364545560914
        ]
      },
      "properties": {
        "label": "Rejected way 1301843861",
        "type": "Capacity placeholder value",
        "osm_element": "https://www.openstreetmap.org/way/1301843861",
        "rejection_reason": "Capacity placeholder value",
        "rejection_details": "Tag 'plant:output:electricity' contains placeholder value 'yes' instead of actual capacity",
        "rejection_keywords": "yes",
        "timestamp": "2026-04-24T03:20:40.142531",
        "element_type": "way",
        "element_id": 1301843861,
        "country": "Kazakhstan",
        "unit_type": "plant"
      }
    },
    {
      "type": "Feature",
      "geometry": {
        "type": "Point",
        "coordinates": [
          71.43819973147961,
          50.369525583592385
        ]
      },
      "properties": {
        "label": "Rejected way 1304693229",
        "type": "Missing source tag",
        "osm_element": "https://www.openstreetmap.org/way/1304693229",
        "rejection_reason": "Missing source tag",
        "rejection_details": "tags: {'landuse': 'industrial', 'power': 'plant'}",
        "rejection_keywords": "none",
        "timestamp": "2026-04-24T03:20:40.142689",
        "element_type": "way",
        "element_id": 1304693229,
        "country": "Kazakhstan",
        "unit_type": "plant"
      }
    },
    {
      "type": "Feature",
      "geometry": {
        "type": "Point",
        "coordinates": [
          77.4950572613219,
          43.27763889538213
        ]
      },
      "properties": {
        "label": "Rejected way 1317503608",
        "type": "Missing output tag",
        "osm_element": "https://www.openstreetmap.org/way/1317503608",
        "rejection_reason": "Missing output tag",
        "rejection_details": "tags: {'building': 'yes', 'name': 'Issyk HPP-3', 'plant:source': 'hydro', 'power': 'plant'}",
        "rejection_keywords": "none",
        "timestamp": "2026-04-24T03:20:40.142898",
        "element_type": "way",
        "element_id": 1317503608,
        "country": "Kazakhstan",
        "unit_type": "plant"
      }
    },
    {
      "type": "Feature",
      "geometry": {
        "type": "Point",
        "coordinates": [
          61.18409073419312,
          52.199642082223185
        ]
      },
      "properties": {
        "label": "Rejected way 1328514599",
        "type": "Missing source tag",
        "osm_element": "https://www.openstreetmap.org/way/1328514599",
        "rejection_reason": "Missing source tag",
        "rejection_details": "tags: {'barrier': 'fence', 'landuse': 'industrial', 'power': 'plant'}",
        "rejection_keywords": "none",
        "timestamp": "2026-04-24T03:20:40.143155",
        "element_type": "way",
        "element_id": 1328514599,
        "country": "Kazakhstan",
        "unit_type": "plant"
      }
    },
    {
      "type": "Feature",
      "geometry": {
        "type": "Point",
        "coordinates": [
          74.48286713390925,
          49.343122167273734
        ]
      },
      "properties": {
        "label": "Rejected way 1348063399",
        "type": "Missing source tag",
        "osm_element": "https://www.openstreetmap.org/way/1348063399",
        "rejection_reason": "Missing source tag",
        "rejection_details": "tags: {'landuse': 'industrial', 'power': 'plant'}",
        "rejection_keywords": "none",
        "timestamp": "2026-04-24T03:20:40.143780",
        "element_type": "way",
        "element_id": 1348063399,
        "country": "Kazakhstan",
        "unit_type": "plant"
      }
    },
    {
      "type": "Feature",
      "geometry": {
        "type": "Point",
        "coordinates": [
          69.81759290694033,
          42.4126958906588
        ]
      },
      "properties": {
        "label": "Rejected way 1348184874",
        "type": "Capacity placeholder value",
        "osm_element": "https://www.openstreetmap.org/way/1348184874",
        "rejection_reason": "Capacity placeholder value",
        "rejection_details": "Tag 'plant:output:electricity' contains placeholder value 'yes' instead of actual capacity",
        "rejection_keywords": "yes",
        "timestamp": "2026-04-24T03:20:40.143988",
        "element_type": "way",
        "element_id": 1348184874,
        "country": "Kazakhstan",
        "unit_type": "plant"
      }
    },
    {
      "type": "Feature",
      "geometry": {
        "type": "Point",
        "coordinates": [
          69.93064097776293,
          42.39067125335771
        ]
      },
      "properties": {
        "label": "Rejected way 1348319454",
        "type": "Capacity placeholder value",
        "osm_element": "https://www.openstreetmap.org/way/1348319454",
        "rejection_reason": "Capacity placeholder value",
        "rejection_details": "Tag 'plant:output:electricity' contains placeholder value 'yes' instead of actual capacity",
        "rejection_keywords": "yes",
        "timestamp": "2026-04-24T03:20:40.144221",
        "element_type": "way",
        "element_id": 1348319454,
        "country": "Kazakhstan",
        "unit_type": "plant"
      }
    },
    {
      "type": "Feature",
      "geometry": {
        "type": "Point",
        "coordinates": [
          71.40630672730289,
          51.08101986851152
        ]
      },
      "properties": {
        "label": "Rejected way 1371841835",
        "type": "Missing source tag",
        "osm_element": "https://www.openstreetmap.org/way/1371841835",
        "rejection_reason": "Missing source tag",
        "rejection_details": "tags: {'addr:city': 'Астана', 'addr:country': 'KZ', 'building': 'yes', 'building:levels': '1', 'landuse': 'industrial', 'power': 'plant', 'roof:colour': '#919191'}",
        "rejection_keywords": "none",
        "timestamp": "2026-04-24T03:20:40.144392",
        "element_type": "way",
        "element_id": 1371841835,
        "country": "Kazakhstan",
        "unit_type": "plant"
      }
    },
    {
      "type": "Feature",
      "geometry": {
        "type": "Point",
        "coordinates": [
          71.09829705245815,
          42.867729130078835
        ]
      },
      "properties": {
        "label": "Rejected way 1377302827",
        "type": "Capacity placeholder value",
        "osm_element": "https://www.openstreetmap.org/way/1377302827",
        "rejection_reason": "Capacity placeholder value",
        "rejection_details": "Tag 'plant:output:electricity' contains placeholder value 'yes' instead of actual capacity",
        "rejection_keywords": "yes",
        "timestamp": "2026-04-24T03:20:40.144617",
        "element_type": "way",
        "element_id": 1377302827,
        "country": "Kazakhstan",
        "unit_type": "plant"
      }
    },
    {
      "type": "Feature",
      "geometry": {
        "type": "Point",
        "coordinates": [
          69.23404741415875,
          43.74799182566915
        ]
      },
      "properties": {
        "label": "Rejected way 1377467413",
        "type": "Capacity placeholder value",
        "osm_element": "https://www.openstreetmap.org/way/1377467413",
        "rejection_reason": "Capacity placeholder value",
        "rejection_details": "Tag 'plant:output:electricity' contains placeholder value 'yes' instead of actual capacity",
        "rejection_keywords": "yes",
        "timestamp": "2026-04-24T03:20:40.145043",
        "element_type": "way",
        "element_id": 1377467413,
        "country": "Kazakhstan",
        "unit_type": "plant"
      }
    },
    {
      "type": "Feature",
      "geometry": {
        "type": "Point",
        "coordinates": [
          64.8145428225428,
          52.54125785556371
        ]
      },
      "properties": {
        "label": "Rejected way 1381925064",
        "type": "Capacity placeholder value",
        "osm_element": "https://www.openstreetmap.org/way/1381925064",
        "rejection_reason": "Capacity placeholder value",
        "rejection_details": "Tag 'plant:output:electricity' contains placeholder value 'yes' instead of actual capacity",
        "rejection_keywords": "yes",
        "timestamp": "2026-04-24T03:20:40.145220",
        "element_type": "way",
        "element_id": 1381925064,
        "country": "Kazakhstan",
        "unit_type": "plant"
      }
    },
    {
      "type": "Feature",
      "geometry": {
        "type": "Point",
        "coordinates": [
          75.1895466573726,
          43.546828173420046
        ]
      },
      "properties": {
        "label": "Rejected way 1383310986",
        "type": "Missing output tag",
        "osm_element": "https://www.openstreetmap.org/way/1383310986",
        "rejection_reason": "Missing output tag",
        "rejection_details": "tags: {'plant:source': 'solar', 'power': 'plant'}",
        "rejection_keywords": "none",
        "timestamp": "2026-04-24T03:20:40.145416",
        "element_type": "way",
        "element_id": 1383310986,
        "country": "Kazakhstan",
        "unit_type": "plant"
      }
    },
    {
      "type": "Feature",
      "geometry": {
        "type": "Point",
        "coordinates": [
          68.07911235158194,
          54.05271270638618
        ]
      },
      "properties": {
        "label": "Rejected way 1386540453",
        "type": "Missing source tag",
        "osm_element": "https://www.openstreetmap.org/way/1386540453",
        "rejection_reason": "Missing source tag",
        "rejection_details": "tags: {'landuse': 'industrial', 'power': 'plant'}",
        "rejection_keywords": "none",
        "timestamp": "2026-04-24T03:20:40.145580",
        "element_type": "way",
        "element_id": 1386540453,
        "country": "Kazakhstan",
        "unit_type": "plant"
      }
    },
    {
      "type": "Feature",
      "geometry": {
        "type": "Point",
        "coordinates": [
          69.57801191858852,
          42.33048840207007
        ]
      },
      "properties": {
        "label": "Rejected way 1409972389",
        "type": "Missing source tag",
        "osm_element": "https://www.openstreetmap.org/way/1409972389",
        "rejection_reason": "Missing source tag",
        "rejection_details": "tags: {'name': 'РК-2', 'power': 'plant'}",
        "rejection_keywords": "none",
        "timestamp": "2026-04-24T03:20:40.145733",
        "element_type": "way",
        "element_id": 1409972389,
        "country": "Kazakhstan",
        "unit_type": "plant"
      }
    },
    {
      "type": "Feature",
      "geometry": {
        "type": "Point",
        "coordinates": [
          73.01486884762397,
          49.81754432390048
        ]
      },
      "properties": {
        "label": "Rejected way 1422508056",
        "type": "Missing source tag",
        "osm_element": "https://www.openstreetmap.org/way/1422508056",
        "rejection_reason": "Missing source tag",
        "rejection_details": "tags: {'landuse': 'industrial', 'power': 'plant'}",
        "rejection_keywords": "none",
        "timestamp": "2026-04-24T03:20:40.145888",
        "element_type": "way",
        "element_id": 1422508056,
        "country": "Kazakhstan",
        "unit_type": "plant"
      }
    },
    {
      "type": "Feature",
      "geometry": {
        "type": "Point",
        "coordinates": [
          73.01470431680885,
          49.830789201335385
        ]
      },
      "properties": {
        "label": "Rejected way 1422593634",
        "type": "Missing source tag",
        "osm_element": "https://www.openstreetmap.org/way/1422593634",
        "rejection_reason": "Missing source tag",
        "rejection_details": "tags: {'landuse': 'industrial', 'power': 'plant'}",
        "rejection_keywords": "none",
        "timestamp": "2026-04-24T03:20:40.146074",
        "element_type": "way",
        "element_id": 1422593634,
        "country": "Kazakhstan",
        "unit_type": "plant"
      }
    },
    {
      "type": "Feature",
      "geometry": {
        "type": "Point",
        "coordinates": [
          66.7318928319261,
          53.2785269073638
        ]
      },
      "properties": {
        "label": "Rejected way 1427900994",
        "type": "Missing output tag",
        "osm_element": "https://www.openstreetmap.org/way/1427900994",
        "rejection_reason": "Missing output tag",
        "rejection_details": "tags: {'area': 'yes', 'plant:output:hot_water': 'yes', 'plant:source': 'coal', 'power': 'plant'}",
        "rejection_keywords": "none",
        "timestamp": "2026-04-24T03:20:40.146327",
        "element_type": "way",
        "element_id": 1427900994,
        "country": "Kazakhstan",
        "unit_type": "plant"
      }
    },
    {
      "type": "Feature",
      "geometry": {
        "type": "Point",
        "coordinates": [
          66.51580547451161,
          44.3394775304818
        ]
      },
      "properties": {
        "label": "Rejected way 1430226360",
        "type": "Missing source tag",
        "osm_element": "https://www.openstreetmap.org/way/1430226360",
        "rejection_reason": "Missing source tag",
        "rejection_details": "tags: {'landuse': 'industrial', 'power': 'plant'}",
        "rejection_keywords": "none",
        "timestamp": "2026-04-24T03:20:40.146490",
        "element_type": "way",
        "element_id": 1430226360,
        "country": "Kazakhstan",
        "unit_type": "plant"
      }
    },
    {
      "type": "Feature",
      "geometry": {
        "type": "Point",
        "coordinates": [
          64.03650789823473,
          44.76258441182552
        ]
      },
      "properties": {
        "label": "Rejected way 1430806581",
        "type": "Missing source tag",
        "osm_element": "https://www.openstreetmap.org/way/1430806581",
        "rejection_reason": "Missing source tag",
        "rejection_details": "tags: {'landuse': 'industrial', 'name': 'Котельная', 'power': 'plant'}",
        "rejection_keywords": "none",
        "timestamp": "2026-04-24T03:20:40.146677",
        "element_type": "way",
        "element_id": 1430806581,
        "country": "Kazakhstan",
        "unit_type": "plant"
      }
    },
    {
      "type": "Feature",
      "geometry": {
        "type": "Point",
        "coordinates": [
          66.51798536839456,
          44.34120902785776
        ]
      },
      "properties": {
        "label": "Rejected way 1430810311",
        "type": "Missing source tag",
        "osm_element": "https://www.openstreetmap.org/way/1430810311",
        "rejection_reason": "Missing source tag",
        "rejection_details": "tags: {'landuse': 'industrial', 'power': 'plant'}",
        "rejection_keywords": "none",
        "timestamp": "2026-04-24T03:20:40.146829",
        "element_type": "way",
        "element_id": 1430810311,
        "country": "Kazakhstan",
        "unit_type": "plant"
      }
    },
    {
      "type": "Feature",
      "geometry": {
        "type": "Point",
        "coordinates": [
          66.51803112367415,
          44.34111442120894
        ]
      },
      "properties": {
        "label": "Rejected way 1430810312",
        "type": "Missing source tag",
        "osm_element": "https://www.openstreetmap.org/way/1430810312",
        "rejection_reason": "Missing source tag",
        "rejection_details": "tags: {'landuse': 'industrial', 'power': 'plant'}",
        "rejection_keywords": "none",
        "timestamp": "2026-04-24T03:20:40.147005",
        "element_type": "way",
        "element_id": 1430810312,
        "country": "Kazakhstan",
        "unit_type": "plant"
      }
    },
    {
      "type": "Feature",
      "geometry": {
        "type": "Point",
        "coordinates": [
          66.5152175542885,
          44.34276623848191
        ]
      },
      "properties": {
        "label": "Rejected way 1430810316",
        "type": "Missing source tag",
        "osm_element": "https://www.openstreetmap.org/way/1430810316",
        "rejection_reason": "Missing source tag",
        "rejection_details": "tags: {'landuse': 'industrial', 'power': 'plant'}",
        "rejection_keywords": "none",
        "timestamp": "2026-04-24T03:20:40.147164",
        "element_type": "way",
        "element_id": 1430810316,
        "country": "Kazakhstan",
        "unit_type": "plant"
      }
    },
    {
      "type": "Feature",
      "geometry": {
        "type": "Point",
        "coordinates": [
          64.1505462812664,
          45.148518485793204
        ]
      },
      "properties": {
        "label": "Rejected way 1431111008",
        "type": "Missing source tag",
        "osm_element": "https://www.openstreetmap.org/way/1431111008",
        "rejection_reason": "Missing source tag",
        "rejection_details": "tags: {'landuse': 'industrial', 'power': 'plant'}",
        "rejection_keywords": "none",
        "timestamp": "2026-04-24T03:20:40.147317",
        "element_type": "way",
        "element_id": 1431111008,
        "country": "Kazakhstan",
        "unit_type": "plant"
      }
    },
    {
      "type": "Feature",
      "geometry": {
        "type": "Point",
        "coordinates": [
          53.37531521707729,
          46.13382939188487
        ]
      },
      "properties": {
        "label": "Rejected way 1432613695",
        "type": "Capacity placeholder value",
        "osm_element": "https://www.openstreetmap.org/way/1432613695",
        "rejection_reason": "Capacity placeholder value",
        "rejection_details": "Tag 'plant:output:electricity' contains placeholder value 'yes' instead of actual capacity",
        "rejection_keywords": "yes",
        "timestamp": "2026-04-24T03:20:40.147481",
        "element_type": "way",
        "element_id": 1432613695,
        "country": "Kazakhstan",
        "unit_type": "plant"
      }
    },
    {
      "type": "Feature",
      "geometry": {
        "type": "Point",
        "coordinates": [
          61.09297580708512,
          46.07444086510718
        ]
      },
      "properties": {
        "label": "Rejected way 1433210164",
        "type": "Missing source tag",
        "osm_element": "https://www.openstreetmap.org/way/1433210164",
        "rejection_reason": "Missing source tag",
        "rejection_details": "tags: {'landuse': 'industrial', 'name': 'котельная', 'power': 'plant'}",
        "rejection_keywords": "none",
        "timestamp": "2026-04-24T03:20:40.147634",
        "element_type": "way",
        "element_id": 1433210164,
        "country": "Kazakhstan",
        "unit_type": "plant"
      }
    },
    {
      "type": "Feature",
      "geometry": {
        "type": "Point",
        "coordinates": [
          66.08143329893765,
          44.68616629326019
        ]
      },
      "properties": {
        "label": "Rejected way 1434554928",
        "type": "Missing source tag",
        "osm_element": "https://www.openstreetmap.org/way/1434554928",
        "rejection_reason": "Missing source tag",
        "rejection_details": "tags: {'landuse': 'industrial', 'power': 'plant'}",
        "rejection_keywords": "none",
        "timestamp": "2026-04-24T03:20:40.147786",
        "element_type": "way",
        "element_id": 1434554928,
        "country": "Kazakhstan",
        "unit_type": "plant"
      }
    },
    {
      "type": "Feature",
      "geometry": {
        "type": "Point",
        "coordinates": [
          64.15045127861349,
          45.14762173183634
        ]
      },
      "properties": {
        "label": "Rejected way 1434555491",
        "type": "Missing source tag",
        "osm_element": "https://www.openstreetmap.org/way/1434555491",
        "rejection_reason": "Missing source tag",
        "rejection_details": "tags: {'landuse': 'industrial', 'power': 'plant'}",
        "rejection_keywords": "none",
        "timestamp": "2026-04-24T03:20:40.147938",
        "element_type": "way",
        "element_id": 1434555491,
        "country": "Kazakhstan",
        "unit_type": "plant"
      }
    },
    {
      "type": "Feature",
      "geometry": {
        "type": "Point",
        "coordinates": [
          64.6994903769114,
          44.914035616299266
        ]
      },
      "properties": {
        "label": "Rejected way 1434899141",
        "type": "Missing source tag",
        "osm_element": "https://www.openstreetmap.org/way/1434899141",
        "rejection_reason": "Missing source tag",
        "rejection_details": "tags: {'landuse': 'industrial', 'name': 'Банянын котельныйы', 'power': 'plant'}",
        "rejection_keywords": "none",
        "timestamp": "2026-04-24T03:20:40.148120",
        "element_type": "way",
        "element_id": 1434899141,
        "country": "Kazakhstan",
        "unit_type": "plant"
      }
    },
    {
      "type": "Feature",
      "geometry": {
        "type": "Point",
        "coordinates": [
          64.02949863893795,
          44.77126988244673
        ]
      },
      "properties": {
        "label": "Rejected way 1442549488",
        "type": "Missing source tag",
        "osm_element": "https://www.openstreetmap.org/way/1442549488",
        "rejection_reason": "Missing source tag",
        "rejection_details": "tags: {'landuse': 'industrial', 'name': 'ЛЭП', 'power': 'plant'}",
        "rejection_keywords": "none",
        "timestamp": "2026-04-24T03:20:40.148274",
        "element_type": "way",
        "element_id": 1442549488,
        "country": "Kazakhstan",
        "unit_type": "plant"
      }
    },
    {
      "type": "Feature",
      "geometry": {
        "type": "Point",
        "coordinates": [
          66.51381608465438,
          44.33824468838106
        ]
      },
      "properties": {
        "label": "Rejected way 1446431006",
        "type": "Missing source tag",
        "osm_element": "https://www.openstreetmap.org/way/1446431006",
        "rejection_reason": "Missing source tag",
        "rejection_details": "tags: {'landuse': 'industrial', 'power': 'plant'}",
        "rejection_keywords": "none",
        "timestamp": "2026-04-24T03:20:40.148428",
        "element_type": "way",
        "element_id": 1446431006,
        "country": "Kazakhstan",
        "unit_type": "plant"
      }
    },
    {
      "type": "Feature",
      "geometry": {
        "type": "Point",
        "coordinates": [
          73.16453446178112,
          49.79781526474924
        ]
      },
      "properties": {
        "label": "Rejected way 1446656681",
        "type": "Missing source tag",
        "osm_element": "https://www.openstreetmap.org/way/1446656681",
        "rejection_reason": "Missing source tag",
        "rejection_details": "tags: {'landuse': 'industrial', 'plant:output:hot_water': 'yes', 'power': 'plant'}",
        "rejection_keywords": "none",
        "timestamp": "2026-04-24T03:20:40.148605",
        "element_type": "way",
        "element_id": 1446656681,
        "country": "Kazakhstan",
        "unit_type": "plant"
      }
    },
    {
      "type": "Feature",
      "geometry": {
        "type": "Point",
        "coordinates": [
          61.98103576066032,
          45.502296735377584
        ]
      },
      "properties": {
        "label": "Rejected way 1447901132",
        "type": "Missing source tag",
        "osm_element": "https://www.openstreetmap.org/way/1447901132",
        "rejection_reason": "Missing source tag",
        "rejection_details": "tags: {'landuse': 'industrial', 'name': 'котельная', 'power': 'plant'}",
        "rejection_keywords": "none",
        "timestamp": "2026-04-24T03:20:40.148759",
        "element_type": "way",
        "element_id": 1447901132,
        "country": "Kazakhstan",
        "unit_type": "plant"
      }
    },
    {
      "type": "Feature",
      "geometry": {
        "type": "Point",
        "coordinates": [
          66.90915321011342,
          43.880540916834924
        ]
      },
      "properties": {
        "label": "Rejected way 1451298188",
        "type": "Missing source tag",
        "osm_element": "https://www.openstreetmap.org/way/1451298188",
        "rejection_reason": "Missing source tag",
        "rejection_details": "tags: {'landuse': 'industrial', 'name': 'ЛЭП', 'power': 'plant'}",
        "rejection_keywords": "none",
        "timestamp": "2026-04-24T03:20:40.148913",
        "element_type": "way",
        "element_id": 1451298188,
        "country": "Kazakhstan",
        "unit_type": "plant"
      }
    },
    {
      "type": "Feature",
      "geometry": {
        "type": "Point",
        "coordinates": [
          65.36079950112236,
          44.923063234816176
        ]
      },
      "properties": {
        "label": "Rejected way 1454136508",
        "type": "Missing source tag",
        "osm_element": "https://www.openstreetmap.org/way/1454136508",
        "rejection_reason": "Missing source tag",
        "rejection_details": "tags: {'landuse': 'industrial', 'power': 'plant'}",
        "rejection_keywords": "none",
        "timestamp": "2026-04-24T03:20:40.149110",
        "element_type": "way",
        "element_id": 1454136508,
        "country": "Kazakhstan",
        "unit_type": "plant"
      }
    },
    {
      "type": "Feature",
      "geometry": {
        "type": "Point",
        "coordinates": [
          64.21297024999375,
          45.26502311173266
        ]
      },
      "properties": {
        "label": "Rejected way 1456871966",
        "type": "Missing source tag",
        "osm_element": "https://www.openstreetmap.org/way/1456871966",
        "rejection_reason": "Missing source tag",
        "rejection_details": "tags: {'landuse': 'industrial', 'name': 'электр', 'power': 'plant'}",
        "rejection_keywords": "none",
        "timestamp": "2026-04-24T03:20:40.149276",
        "element_type": "way",
        "element_id": 1456871966,
        "country": "Kazakhstan",
        "unit_type": "plant"
      }
    },
    {
      "type": "Feature",
      "geometry": {
        "type": "Point",
        "coordinates": [
          73.88027975203394,
          43.38967938793436
        ]
      },
      "properties": {
        "label": "Rejected way 1466038801",
        "type": "Missing output tag",
        "osm_element": "https://www.openstreetmap.org/way/1466038801",
        "rejection_reason": "Missing output tag",
        "rejection_details": "tags: {'building': 'industrial', 'name': 'Tasytkolskoye', 'plant:source': 'hydro', 'power': 'plant'}",
        "rejection_keywords": "none",
        "timestamp": "2026-04-24T03:20:40.149437",
        "element_type": "way",
        "element_id": 1466038801,
        "country": "Kazakhstan",
        "unit_type": "plant"
      }
    },
    {
      "type": "Feature",
      "geometry": {
        "type": "Point",
        "coordinates": [
          75.03966938987158,
          46.80589201571028
        ]
      },
      "properties": {
        "label": "Rejected way 1469442361",
        "type": "Missing source tag",
        "osm_element": "https://www.openstreetmap.org/way/1469442361",
        "rejection_reason": "Missing source tag",
        "rejection_details": "tags: {'landuse': 'industrial', 'plant:method': 'combustion', 'plant:output:hot_water': 'yes', 'power': 'plant'}",
        "rejection_keywords": "none",
        "timestamp": "2026-04-24T03:20:40.149735",
        "element_type": "way",
        "element_id": 1469442361,
        "country": "Kazakhstan",
        "unit_type": "plant"
      }
    },
    {
      "type": "Feature",
      "geometry": {
        "type": "Point",
        "coordinates": [
          80.19477684491905,
          45.35301942729618
        ]
      },
      "properties": {
        "label": "Rejected way 1470376064",
        "type": "Missing output tag",
        "osm_element": "https://www.openstreetmap.org/way/1470376064",
        "rejection_reason": "Missing output tag",
        "rejection_details": "tags: {'name': 'Verkhne Baskanskaya HPP-1', 'plant:source': 'hydro', 'power': 'plant'}",
        "rejection_keywords": "none",
        "timestamp": "2026-04-24T03:20:40.149896",
        "element_type": "way",
        "element_id": 1470376064,
        "country": "Kazakhstan",
        "unit_type": "plant"
      }
    },
    {
      "type": "Feature",
      "geometry": {
        "type": "Point",
        "coordinates": [
          79.53636231419635,
          45.37970103879971
        ]
      },
      "properties": {
        "label": "Rejected way 1470376066",
        "type": "Missing output tag",
        "osm_element": "https://www.openstreetmap.org/way/1470376066",
        "rejection_reason": "Missing output tag",
        "rejection_details": "tags: {'name': 'Aksuskaya', 'plant:source': 'hydro', 'power': 'plant'}",
        "rejection_keywords": "none",
        "timestamp": "2026-04-24T03:20:40.150099",
        "element_type": "way",
        "element_id": 1470376066,
        "country": "Kazakhstan",
        "unit_type": "plant"
      }
    },
    {
      "type": "Feature",
      "geometry": {
        "type": "Point",
        "coordinates": [
          78.81442522268408,
          44.86524488251229
        ]
      },
      "properties": {
        "label": "Rejected way 1470801648",
        "type": "Missing output tag",
        "osm_element": "https://www.openstreetmap.org/way/1470801648",
        "rejection_reason": "Missing output tag",
        "rejection_details": "tags: {'name': 'Chazhinskaya HPP-2', 'plant:source': 'hydro', 'power': 'plant'}",
        "rejection_keywords": "none",
        "timestamp": "2026-04-24T03:20:40.150267",
        "element_type": "way",
        "element_id": 1470801648,
        "country": "Kazakhstan",
        "unit_type": "plant"
      }
    },
    {
      "type": "Feature",
      "geometry": {
        "type": "Point",
        "coordinates": [
          69.13494837855067,
          41.42398263101685
        ]
      },
      "properties": {
        "label": "Rejected way 1470801654",
        "type": "Missing output tag",
        "osm_element": "https://www.openstreetmap.org/way/1470801654",
        "rejection_reason": "Missing output tag",
        "rejection_details": "tags: {'name': 'Koshkar-Ata', 'plant:source': 'hydro', 'power': 'plant'}",
        "rejection_keywords": "none",
        "timestamp": "2026-04-24T03:20:40.150434",
        "element_type": "way",
        "element_id": 1470801654,
        "country": "Kazakhstan",
        "unit_type": "plant"
      }
    },
    {
      "type": "Feature",
      "geometry": {
        "type": "Point",
        "coordinates": [
          70.20744521561443,
          42.223160687330974
        ]
      },
      "properties": {
        "label": "Rejected way 1470801658",
        "type": "Missing output tag",
        "osm_element": "https://www.openstreetmap.org/way/1470801658",
        "rejection_reason": "Missing output tag",
        "rejection_details": "tags: {'name': 'Sayramsu', 'plant:source': 'hydro', 'power': 'plant'}",
        "rejection_keywords": "none",
        "timestamp": "2026-04-24T03:20:40.150601",
        "element_type": "way",
        "element_id": 1470801658,
        "country": "Kazakhstan",
        "unit_type": "plant"
      }
    },
    {
      "type": "Feature",
      "geometry": {
        "type": "Point",
        "coordinates": [
          84.77592578599106,
          47.379342467617306
        ]
      },
      "properties": {
        "label": "Rejected way 1470801660",
        "type": "Missing output tag",
        "osm_element": "https://www.openstreetmap.org/way/1470801660",
        "rejection_reason": "Missing output tag",
        "rejection_details": "tags: {'name': 'Zaisanskaya HPS', 'plant:source': 'solar', 'power': 'plant'}",
        "rejection_keywords": "none",
        "timestamp": "2026-04-24T03:20:40.150767",
        "element_type": "way",
        "element_id": 1470801660,
        "country": "Kazakhstan",
        "unit_type": "plant"
      }
    },
    {
      "type": "Feature",
      "geometry": {
        "type": "Point",
        "coordinates": [
          51.13939154999999,
          43.67950809999999
        ]
      },
      "properties": {
        "label": "Rejected way 1474358561",
        "type": "Capacity placeholder value",
        "osm_element": "https://www.openstreetmap.org/way/1474358561",
        "rejection_reason": "Capacity placeholder value",
        "rejection_details": "Tag 'plant:output:electricity' contains placeholder value 'yes' instead of actual capacity",
        "rejection_keywords": "yes",
        "timestamp": "2026-04-24T03:20:40.150936",
        "element_type": "way",
        "element_id": 1474358561,
        "country": "Kazakhstan",
        "unit_type": "plant"
      }
    },
    {
      "type": "Feature",
      "geometry": {
        "type": "Point",
        "coordinates": [
          51.13921750822081,
          43.67298718954941
        ]
      },
      "properties": {
        "label": "Rejected way 1474362783",
        "type": "Capacity placeholder value",
        "osm_element": "https://www.openstreetmap.org/way/1474362783",
        "rejection_reason": "Capacity placeholder value",
        "rejection_details": "Tag 'plant:output:electricity' contains placeholder value 'yes' instead of actual capacity",
        "rejection_keywords": "yes",
        "timestamp": "2026-04-24T03:20:40.151144",
        "element_type": "way",
        "element_id": 1474362783,
        "country": "Kazakhstan",
        "unit_type": "plant"
      }
    },
    {
      "type": "Feature",
      "geometry": {
        "type": "Point",
        "coordinates": [
          65.64111772000021,
          37.93034932542102
        ]
      },
      "properties": {
        "label": "Rejected relation 8213439",
        "type": "Capacity placeholder value",
        "osm_element": "https://www.openstreetmap.org/relation/8213439",
        "rejection_reason": "Capacity placeholder value",
        "rejection_details": "Tag 'plant:output:electricity' contains placeholder value 'yes' instead of actual capacity",
        "rejection_keywords": "yes",
        "timestamp": "2026-04-24T03:22:16.962352",
        "element_type": "relation",
        "element_id": 8213439,
        "country": "Turkmenistan",
        "unit_type": "plant"
      }
    },
    {
      "type": "Feature",
      "geometry": {
        "type": "Point",
        "coordinates": [
          52.95923924110947,
          40.032199203379854
        ]
      },
      "properties": {
        "label": "Rejected way 229820322",
        "type": "Capacity placeholder value",
        "osm_element": "https://www.openstreetmap.org/way/229820322",
        "rejection_reason": "Capacity placeholder value",
        "rejection_details": "Tag 'plant:output:electricity' contains placeholder value 'yes' instead of actual capacity",
        "rejection_keywords": "yes",
        "timestamp": "2026-04-24T03:22:16.964868",
        "element_type": "way",
        "element_id": 229820322,
        "country": "Turkmenistan",
        "unit_type": "plant"
      }
    },
    {
      "type": "Feature",
      "geometry": {
        "type": "Point",
        "coordinates": [
          62.855752903287105,
          39.4306967111409
        ]
      },
      "properties": {
        "label": "Rejected way 246157356",
        "type": "Missing output tag",
        "osm_element": "https://www.openstreetmap.org/way/246157356",
        "rejection_reason": "Missing output tag",
        "rejection_details": "tags: {'landuse': 'industrial', 'name': 'Seydi Power Plant', 'plant:source': 'oil', 'power': 'plant'}",
        "rejection_keywords": "none",
        "timestamp": "2026-04-24T03:22:16.965440",
        "element_type": "way",
        "element_id": 246157356,
        "country": "Turkmenistan",
        "unit_type": "plant"
      }
    },
    {
      "type": "Feature",
      "geometry": {
        "type": "Point",
        "coordinates": [
          64.75612312780348,
          38.61247685438411
        ]
      },
      "properties": {
        "label": "Rejected way 304371419",
        "type": "Missing source tag",
        "osm_element": "https://www.openstreetmap.org/way/304371419",
        "rejection_reason": "Missing source tag",
        "rejection_details": "tags: {'barrier': 'fence', 'landuse': 'industrial', 'power': 'plant'}",
        "rejection_keywords": "none",
        "timestamp": "2026-04-24T03:22:16.965611",
        "element_type": "way",
        "element_id": 304371419,
        "country": "Turkmenistan",
        "unit_type": "plant"
      }
    },
    {
      "type": "Feature",
      "geometry": {
        "type": "Point",
        "coordinates": [
          61.83974660003544,
          37.50096400871028
        ]
      },
      "properties": {
        "label": "Rejected way 342715077",
        "type": "Missing output tag",
        "osm_element": "https://www.openstreetmap.org/way/342715077",
        "rejection_reason": "Missing output tag",
        "rejection_details": "tags: {'name': 'Mary Thermal Power Plant', 'plant:method': 'combustion', 'plant:source': 'oil', 'power': 'plant'}",
        "rejection_keywords": "none",
        "timestamp": "2026-04-24T03:22:16.965859",
        "element_type": "way",
        "element_id": 342715077,
        "country": "Turkmenistan",
        "unit_type": "plant"
      }
    },
    {
      "type": "Feature",
      "geometry": {
        "type": "Point",
        "coordinates": [
          58.435140749999995,
          37.91246185
        ]
      },
      "properties": {
        "label": "Rejected way 399497210",
        "type": "Missing output tag",
        "osm_element": "https://www.openstreetmap.org/way/399497210",
        "rejection_reason": "Missing output tag",
        "rejection_details": "tags: {'building': 'yes', 'generator:method': 'combustion', 'generator:output:hot_water': 'yes', 'generator:source': 'gas', 'power': 'plant'}",
        "rejection_keywords": "none",
        "timestamp": "2026-04-24T03:22:16.966650",
        "element_type": "way",
        "element_id": 399497210,
        "country": "Turkmenistan",
        "unit_type": "plant"
      }
    },
    {
      "type": "Feature",
      "geometry": {
        "type": "Point",
        "coordinates": [
          58.32304696068043,
          37.97545610645132
        ]
      },
      "properties": {
        "label": "Rejected way 518999597",
        "type": "Capacity placeholder value",
        "osm_element": "https://www.openstreetmap.org/way/518999597",
        "rejection_reason": "Capacity placeholder value",
        "rejection_details": "Tag 'plant:output:electricity' contains placeholder value 'yes' instead of actual capacity",
        "rejection_keywords": "yes",
        "timestamp": "2026-04-24T03:22:16.967442",
        "element_type": "way",
        "element_id": 518999597,
        "country": "Turkmenistan",
        "unit_type": "plant"
      }
    },
    {
      "type": "Feature",
      "geometry": {
        "type": "Point",
        "coordinates": [
          52.997008958091655,
          40.00746086430288
        ]
      },
      "properties": {
        "label": "Rejected way 585369716",
        "type": "Missing source tag",
        "osm_element": "https://www.openstreetmap.org/way/585369716",
        "rejection_reason": "Missing source tag",
        "rejection_details": "tags: {'landuse': 'industrial', 'name': 'Котельная', 'power': 'plant'}",
        "rejection_keywords": "none",
        "timestamp": "2026-04-24T03:22:16.968027",
        "element_type": "way",
        "element_id": 585369716,
        "country": "Turkmenistan",
        "unit_type": "plant"
      }
    },
    {
      "type": "Feature",
      "geometry": {
        "type": "Point",
        "coordinates": [
          59.16917466528787,
          42.325871549852344
        ]
      },
      "properties": {
        "label": "Rejected way 680987483",
        "type": "Missing source tag",
        "osm_element": "https://www.openstreetmap.org/way/680987483",
        "rejection_reason": "Missing source tag",
        "rejection_details": "tags: {'addr:city': 'Koneurgench', 'addr:street': 'Azatlyk köçesi', 'landuse': 'industrial', 'name': 'Köneürgenç şäher Elekrtoseti', 'name:en': 'Electricity Grid', 'name:ru': 'Электросеть города Куня-Ургенч', 'power': 'plant', 'substation': 'yes'}",
        "rejection_keywords": "none",
        "timestamp": "2026-04-24T03:22:16.969053",
        "element_type": "way",
        "element_id": 680987483,
        "country": "Turkmenistan",
        "unit_type": "plant"
      }
    },
    {
      "type": "Feature",
      "geometry": {
        "type": "Point",
        "coordinates": [
          59.16869472727075,
          42.32604759577258
        ]
      },
      "properties": {
        "label": "Rejected way 681829053",
        "type": "Missing source tag",
        "osm_element": "https://www.openstreetmap.org/way/681829053",
        "rejection_reason": "Missing source tag",
        "rejection_details": "tags: {'landuse': 'industrial', 'power': 'plant'}",
        "rejection_keywords": "none",
        "timestamp": "2026-04-24T03:22:16.969217",
        "element_type": "way",
        "element_id": 681829053,
        "country": "Turkmenistan",
        "unit_type": "plant"
      }
    },
    {
      "type": "Feature",
      "geometry": {
        "type": "Point",
        "coordinates": [
          59.15253577537288,
          42.32021324653985
        ]
      },
      "properties": {
        "label": "Rejected way 682406403",
        "type": "Missing source tag",
        "osm_element": "https://www.openstreetmap.org/way/682406403",
        "rejection_reason": "Missing source tag",
        "rejection_details": "tags: {'landuse': 'industrial', 'power': 'plant'}",
        "rejection_keywords": "none",
        "timestamp": "2026-04-24T03:22:16.969374",
        "element_type": "way",
        "element_id": 682406403,
        "country": "Turkmenistan",
        "unit_type": "plant"
      }
    },
    {
      "type": "Feature",
      "geometry": {
        "type": "Point",
        "coordinates": [
          52.999049828369095,
          40.012928999010725
        ]
      },
      "properties": {
        "label": "Rejected way 709983504",
        "type": "Missing source tag",
        "osm_element": "https://www.openstreetmap.org/way/709983504",
        "rejection_reason": "Missing source tag",
        "rejection_details": "tags: {'landuse': 'industrial', 'name': 'Котельная', 'power': 'plant'}",
        "rejection_keywords": "none",
        "timestamp": "2026-04-24T03:22:16.969531",
        "element_type": "way",
        "element_id": 709983504,
        "country": "Turkmenistan",
        "unit_type": "plant"
      }
    },
    {
      "type": "Feature",
      "geometry": {
        "type": "Point",
        "coordinates": [
          52.99084582969697,
          40.01430471409235
        ]
      },
      "properties": {
        "label": "Rejected way 712434058",
        "type": "Missing source tag",
        "osm_element": "https://www.openstreetmap.org/way/712434058",
        "rejection_reason": "Missing source tag",
        "rejection_details": "tags: {'landuse': 'industrial', 'name': 'Котельная № 64', 'name:ru': 'Котельная № 64', 'operator': 'ДОК и ТС', 'power': 'plant'}",
        "rejection_keywords": "none",
        "timestamp": "2026-04-24T03:22:16.969691",
        "element_type": "way",
        "element_id": 712434058,
        "country": "Turkmenistan",
        "unit_type": "plant"
      }
    },
    {
      "type": "Feature",
      "geometry": {
        "type": "Point",
        "coordinates": [
          52.990523806914425,
          40.01215555306827
        ]
      },
      "properties": {
        "label": "Rejected way 712434378",
        "type": "Missing source tag",
        "osm_element": "https://www.openstreetmap.org/way/712434378",
        "rejection_reason": "Missing source tag",
        "rejection_details": "tags: {'landuse': 'industrial', 'name': 'Котельная № 33', 'operator': 'ДОК и ТС', 'power': 'plant'}",
        "rejection_keywords": "none",
        "timestamp": "2026-04-24T03:22:16.969870",
        "element_type": "way",
        "element_id": 712434378,
        "country": "Turkmenistan",
        "unit_type": "plant"
      }
    },
    {
      "type": "Feature",
      "geometry": {
        "type": "Point",
        "coordinates": [
          52.98800250421602,
          40.009536091627524
        ]
      },
      "properties": {
        "label": "Rejected way 712439075",
        "type": "Missing source tag",
        "osm_element": "https://www.openstreetmap.org/way/712439075",
        "rejection_reason": "Missing source tag",
        "rejection_details": "tags: {'landuse': 'industrial', 'name': 'Котельная № 15', 'operator': 'ДОКи ТС', 'power': 'plant'}",
        "rejection_keywords": "none",
        "timestamp": "2026-04-24T03:22:16.970135",
        "element_type": "way",
        "element_id": 712439075,
        "country": "Turkmenistan",
        "unit_type": "plant"
      }
    },
    {
      "type": "Feature",
      "geometry": {
        "type": "Point",
        "coordinates": [
          58.585359232534834,
          39.30600677861296
        ]
      },
      "properties": {
        "label": "Rejected way 741721637",
        "type": "Missing source tag",
        "osm_element": "https://www.openstreetmap.org/way/741721637",
        "rejection_reason": "Missing source tag",
        "rejection_details": "tags: {'landuse': 'industrial', 'power': 'plant'}",
        "rejection_keywords": "none",
        "timestamp": "2026-04-24T03:22:16.970292",
        "element_type": "way",
        "element_id": 741721637,
        "country": "Turkmenistan",
        "unit_type": "plant"
      }
    },
    {
      "type": "Feature",
      "geometry": {
        "type": "Point",
        "coordinates": [
          52.9932098166603,
          40.01262514964836
        ]
      },
      "properties": {
        "label": "Rejected way 794202756",
        "type": "Missing source tag",
        "osm_element": "https://www.openstreetmap.org/way/794202756",
        "rejection_reason": "Missing source tag",
        "rejection_details": "tags: {'landuse': 'industrial', 'power': 'plant'}",
        "rejection_keywords": "none",
        "timestamp": "2026-04-24T03:22:16.970913",
        "element_type": "way",
        "element_id": 794202756,
        "country": "Turkmenistan",
        "unit_type": "plant"
      }
    },
    {
      "type": "Feature",
      "geometry": {
        "type": "Point",
        "coordinates": [
          53.12651667667307,
          39.40047950087474
        ]
      },
      "properties": {
        "label": "Rejected way 857462632",
        "type": "Missing source tag",
        "osm_element": "https://www.openstreetmap.org/way/857462632",
        "rejection_reason": "Missing source tag",
        "rejection_details": "tags: {'addr:city': 'Hazar', 'addr:postcode': '745030', 'addr:street': '32 Kwartal', 'landuse': 'industrial', 'name': 'Котельная', 'power': 'plant'}",
        "rejection_keywords": "none",
        "timestamp": "2026-04-24T03:22:16.971104",
        "element_type": "way",
        "element_id": 857462632,
        "country": "Turkmenistan",
        "unit_type": "plant"
      }
    },
    {
      "type": "Feature",
      "geometry": {
        "type": "Point",
        "coordinates": [
          53.127145086558976,
          39.40266362742671
        ]
      },
      "properties": {
        "label": "Rejected way 857616999",
        "type": "Missing source tag",
        "osm_element": "https://www.openstreetmap.org/way/857616999",
        "rejection_reason": "Missing source tag",
        "rejection_details": "tags: {'addr:city': 'Hazar', 'landuse': 'industrial', 'name': 'Котельгая', 'power': 'plant'}",
        "rejection_keywords": "none",
        "timestamp": "2026-04-24T03:22:16.971263",
        "element_type": "way",
        "element_id": 857616999,
        "country": "Turkmenistan",
        "unit_type": "plant"
      }
    },
    {
      "type": "Feature",
      "geometry": {
        "type": "Point",
        "coordinates": [
          53.134499010292515,
          39.405297945119734
        ]
      },
      "properties": {
        "label": "Rejected way 857617011",
        "type": "Missing source tag",
        "osm_element": "https://www.openstreetmap.org/way/857617011",
        "rejection_reason": "Missing source tag",
        "rejection_details": "tags: {'landuse': 'industrial', 'name': 'Котельная', 'power': 'plant'}",
        "rejection_keywords": "none",
        "timestamp": "2026-04-24T03:22:16.971419",
        "element_type": "way",
        "element_id": 857617011,
        "country": "Turkmenistan",
        "unit_type": "plant"
      }
    },
    {
      "type": "Feature",
      "geometry": {
        "type": "Point",
        "coordinates": [
          53.133334294520274,
          39.403070859720174
        ]
      },
      "properties": {
        "label": "Rejected way 857623424",
        "type": "Missing source tag",
        "osm_element": "https://www.openstreetmap.org/way/857623424",
        "rejection_reason": "Missing source tag",
        "rejection_details": "tags: {'addr:city': 'Hazar', 'addr:postcode': '745030', 'landuse': 'industrial', 'name': 'Котельная', 'power': 'plant'}",
        "rejection_keywords": "none",
        "timestamp": "2026-04-24T03:22:16.971599",
        "element_type": "way",
        "element_id": 857623424,
        "country": "Turkmenistan",
        "unit_type": "plant"
      }
    },
    {
      "type": "Feature",
      "geometry": {
        "type": "Point",
        "coordinates": [
          53.13181501462329,
          39.410935521470954
        ]
      },
      "properties": {
        "label": "Rejected way 858166245",
        "type": "Missing source tag",
        "osm_element": "https://www.openstreetmap.org/way/858166245",
        "rejection_reason": "Missing source tag",
        "rejection_details": "tags: {'addr:city': 'Hazar', 'addr:street': '30 Квартал', 'landuse': 'industrial', 'name': 'Котельная', 'power': 'plant'}",
        "rejection_keywords": "none",
        "timestamp": "2026-04-24T03:22:16.971753",
        "element_type": "way",
        "element_id": 858166245,
        "country": "Turkmenistan",
        "unit_type": "plant"
      }
    },
    {
      "type": "Feature",
      "geometry": {
        "type": "Point",
        "coordinates": [
          53.00296186726321,
          40.0084683707663
        ]
      },
      "properties": {
        "label": "Rejected way 925198581",
        "type": "Missing source tag",
        "osm_element": "https://www.openstreetmap.org/way/925198581",
        "rejection_reason": "Missing source tag",
        "rejection_details": "tags: {'addr:city': 'Turkmenbashy', 'landuse': 'industrial', 'power': 'plant'}",
        "rejection_keywords": "none",
        "timestamp": "2026-04-24T03:22:16.971907",
        "element_type": "way",
        "element_id": 925198581,
        "country": "Turkmenistan",
        "unit_type": "plant"
      }
    },
    {
      "type": "Feature",
      "geometry": {
        "type": "Point",
        "coordinates": [
          52.99459425000001,
          40.013255750000006
        ]
      },
      "properties": {
        "label": "Rejected way 925198620",
        "type": "Missing source tag",
        "osm_element": "https://www.openstreetmap.org/way/925198620",
        "rejection_reason": "Missing source tag",
        "rejection_details": "tags: {'landuse': 'industrial', 'power': 'plant'}",
        "rejection_keywords": "none",
        "timestamp": "2026-04-24T03:22:16.972122",
        "element_type": "way",
        "element_id": 925198620,
        "country": "Turkmenistan",
        "unit_type": "plant"
      }
    },
    {
      "type": "Feature",
      "geometry": {
        "type": "Point",
        "coordinates": [
          52.973749049841196,
          39.999157818312284
        ]
      },
      "properties": {
        "label": "Rejected way 961920556",
        "type": "Missing source tag",
        "osm_element": "https://www.openstreetmap.org/way/961920556",
        "rejection_reason": "Missing source tag",
        "rejection_details": "tags: {'landuse': 'industrial', 'name': 'ДОК и ТС', 'power': 'plant'}",
        "rejection_keywords": "none",
        "timestamp": "2026-04-24T03:22:16.972304",
        "element_type": "way",
        "element_id": 961920556,
        "country": "Turkmenistan",
        "unit_type": "plant"
      }
    },
    {
      "type": "Feature",
      "geometry": {
        "type": "Point",
        "coordinates": [
          52.98413296294818,
          40.015273030941174
        ]
      },
      "properties": {
        "label": "Rejected way 962148121",
        "type": "Missing source tag",
        "osm_element": "https://www.openstreetmap.org/way/962148121",
        "rejection_reason": "Missing source tag",
        "rejection_details": "tags: {'landuse': 'industrial', 'power': 'plant'}",
        "rejection_keywords": "none",
        "timestamp": "2026-04-24T03:22:16.972459",
        "element_type": "way",
        "element_id": 962148121,
        "country": "Turkmenistan",
        "unit_type": "plant"
      }
    },
    {
      "type": "Feature",
      "geometry": {
        "type": "Point",
        "coordinates": [
          52.85889673833385,
          39.98350414381136
        ]
      },
      "properties": {
        "label": "Rejected way 963918488",
        "type": "Missing source tag",
        "osm_element": "https://www.openstreetmap.org/way/963918488",
        "rejection_reason": "Missing source tag",
        "rejection_details": "tags: {'landuse': 'industrial', 'power': 'plant'}",
        "rejection_keywords": "none",
        "timestamp": "2026-04-24T03:22:16.972614",
        "element_type": "way",
        "element_id": 963918488,
        "country": "Turkmenistan",
        "unit_type": "plant"
      }
    },
    {
      "type": "Feature",
      "geometry": {
        "type": "Point",
        "coordinates": [
          52.858869648644045,
          39.983508392798484
        ]
      },
      "properties": {
        "label": "Rejected way 963918489",
        "type": "Missing source tag",
        "osm_element": "https://www.openstreetmap.org/way/963918489",
        "rejection_reason": "Missing source tag",
        "rejection_details": "tags: {'landuse': 'industrial', 'power': 'plant'}",
        "rejection_keywords": "none",
        "timestamp": "2026-04-24T03:22:16.972789",
        "element_type": "way",
        "element_id": 963918489,
        "country": "Turkmenistan",
        "unit_type": "plant"
      }
    },
    {
      "type": "Feature",
      "geometry": {
        "type": "Point",
        "coordinates": [
          61.219676879353585,
          36.12003228632273
        ]
      },
      "properties": {
        "label": "Rejected way 1071064277",
        "type": "Capacity placeholder value",
        "osm_element": "https://www.openstreetmap.org/way/1071064277",
        "rejection_reason": "Capacity placeholder value",
        "rejection_details": "Tag 'plant:output:electricity' contains placeholder value 'yes' instead of actual capacity",
        "rejection_keywords": "yes",
        "timestamp": "2026-04-24T03:22:16.973275",
        "element_type": "way",
        "element_id": 1071064277,
        "country": "Turkmenistan",
        "unit_type": "plant"
      }
    },
    {
      "type": "Feature",
      "geometry": {
        "type": "Point",
        "coordinates": [
          61.22040286407669,
          36.12095227158884
        ]
      },
      "properties": {
        "label": "Rejected way 1071064297",
        "type": "Capacity placeholder value",
        "osm_element": "https://www.openstreetmap.org/way/1071064297",
        "rejection_reason": "Capacity placeholder value",
        "rejection_details": "Tag 'plant:output:electricity' contains placeholder value 'yes' instead of actual capacity",
        "rejection_keywords": "yes",
        "timestamp": "2026-04-24T03:22:16.973540",
        "element_type": "way",
        "element_id": 1071064297,
        "country": "Turkmenistan",
        "unit_type": "plant"
      }
    },
    {
      "type": "Feature",
      "geometry": {
        "type": "Point",
        "coordinates": [
          65.15483209334052,
          37.837332134632
        ]
      },
      "properties": {
        "label": "Rejected way 1472509261",
        "type": "Capacity placeholder value",
        "osm_element": "https://www.openstreetmap.org/way/1472509261",
        "rejection_reason": "Capacity placeholder value",
        "rejection_details": "Tag 'plant:output:electricity' contains placeholder value 'yes' instead of actual capacity",
        "rejection_keywords": "yes",
        "timestamp": "2026-04-24T03:22:16.973699",
        "element_type": "way",
        "element_id": 1472509261,
        "country": "Turkmenistan",
        "unit_type": "plant"
      }
    },
    {
      "type": "Feature",
      "geometry": {
        "type": "Point",
        "coordinates": [
          74.5989147467932,
          42.85000342683389
        ]
      },
      "properties": {
        "label": "Rejected way 106522998",
        "type": "Missing output tag",
        "osm_element": "https://www.openstreetmap.org/way/106522998",
        "rejection_reason": "Missing output tag",
        "rejection_details": "tags: {'addr:city': 'Бишкек', 'addr:city:en': 'Bishkek', 'addr:country': 'KG', 'addr:housenumber': '12/2', 'addr:street': 'Панфилов көчөсү', 'landuse': 'industrial', 'plant:source': 'coal', 'power': 'plant'}",
        "rejection_keywords": "none",
        "timestamp": "2026-04-24T03:28:39.346077",
        "element_type": "way",
        "element_id": 106522998,
        "country": "Kyrgyzstan",
        "unit_type": "plant"
      }
    },
    {
      "type": "Feature",
      "geometry": {
        "type": "Point",
        "coordinates": [
          74.70138385438074,
          42.93799960669746
        ]
      },
      "properties": {
        "label": "Rejected way 168404806",
        "type": "Missing output tag",
        "osm_element": "https://www.openstreetmap.org/way/168404806",
        "rejection_reason": "Missing output tag",
        "rejection_details": "tags: {'landuse': 'industrial', 'plant:source': 'hydro', 'power': 'plant'}",
        "rejection_keywords": "none",
        "timestamp": "2026-04-24T03:28:39.346271",
        "element_type": "way",
        "element_id": 168404806,
        "country": "Kyrgyzstan",
        "unit_type": "plant"
      }
    },
    {
      "type": "Feature",
      "geometry": {
        "type": "Point",
        "coordinates": [
          74.71302514579455,
          42.962937667680386
        ]
      },
      "properties": {
        "label": "Rejected way 168406733",
        "type": "Missing output tag",
        "osm_element": "https://www.openstreetmap.org/way/168406733",
        "rejection_reason": "Missing output tag",
        "rejection_details": "tags: {'landuse': 'industrial', 'plant:source': 'hydro', 'power': 'plant'}",
        "rejection_keywords": "none",
        "timestamp": "2026-04-24T03:28:39.346484",
        "element_type": "way",
        "element_id": 168406733,
        "country": "Kyrgyzstan",
        "unit_type": "plant"
      }
    },
    {
      "type": "Feature",
      "geometry": {
        "type": "Point",
        "coordinates": [
          75.749149991991,
          42.78143450942783
        ]
      },
      "properties": {
        "label": "Rejected way 169428515",
        "type": "Missing output tag",
        "osm_element": "https://www.openstreetmap.org/way/169428515",
        "rejection_reason": "Missing output tag",
        "rejection_details": "tags: {'building': 'yes', 'name': 'ГЭС', 'name:en': 'Bystrov', 'name:ru': 'ГЭС', 'plant:source': 'hydro', 'power': 'plant'}",
        "rejection_keywords": "none",
        "timestamp": "2026-04-24T03:28:39.346707",
        "element_type": "way",
        "element_id": 169428515,
        "country": "Kyrgyzstan",
        "unit_type": "plant"
      }
    },
    {
      "type": "Feature",
      "geometry": {
        "type": "Point",
        "coordinates": [
          74.68820900000001,
          42.9952783
        ]
      },
      "properties": {
        "label": "Rejected way 178115451",
        "type": "Missing output tag",
        "osm_element": "https://www.openstreetmap.org/way/178115451",
        "rejection_reason": "Missing output tag",
        "rejection_details": "tags: {'building': 'yes', 'name': 'Alamedin small HPP', 'plant:source': 'hydro', 'power': 'plant'}",
        "rejection_keywords": "none",
        "timestamp": "2026-04-24T03:28:39.346892",
        "element_type": "way",
        "element_id": 178115451,
        "country": "Kyrgyzstan",
        "unit_type": "plant"
      }
    },
    {
      "type": "Feature",
      "geometry": {
        "type": "Point",
        "coordinates": [
          74.54721430560168,
          42.852902278761896
        ]
      },
      "properties": {
        "label": "Rejected way 189115759",
        "type": "Missing source tag",
        "osm_element": "https://www.openstreetmap.org/way/189115759",
        "rejection_reason": "Missing source tag",
        "rejection_details": "tags: {'addr:housenumber': '78/3', 'addr:street': 'Ломоносова улица', 'building': 'yes', 'landuse': 'industrial', 'name': 'Котельная', 'power': 'plant'}",
        "rejection_keywords": "none",
        "timestamp": "2026-04-24T03:28:39.347318",
        "element_type": "way",
        "element_id": 189115759,
        "country": "Kyrgyzstan",
        "unit_type": "plant"
      }
    },
    {
      "type": "Feature",
      "geometry": {
        "type": "Point",
        "coordinates": [
          74.83407102249265,
          42.88095759496104
        ]
      },
      "properties": {
        "label": "Rejected way 194878702",
        "type": "Missing source tag",
        "osm_element": "https://www.openstreetmap.org/way/194878702",
        "rejection_reason": "Missing source tag",
        "rejection_details": "tags: {'addr:city': 'Кант', 'addr:housenumber': '2', 'addr:street': 'Советская улица', 'building:levels': '1', 'landuse': 'industrial', 'name': 'Служба сбыта электроэнергии по городу Кант', 'power': 'plant'}",
        "rejection_keywords": "none",
        "timestamp": "2026-04-24T03:28:39.347481",
        "element_type": "way",
        "element_id": 194878702,
        "country": "Kyrgyzstan",
        "unit_type": "plant"
      }
    },
    {
      "type": "Feature",
      "geometry": {
        "type": "Point",
        "coordinates": [
          74.83444506509383,
          42.88110781817781
        ]
      },
      "properties": {
        "label": "Rejected way 194878742",
        "type": "Missing source tag",
        "osm_element": "https://www.openstreetmap.org/way/194878742",
        "rejection_reason": "Missing source tag",
        "rejection_details": "tags: {'addr:city': 'Кант', 'addr:housenumber': '2', 'addr:street': 'Советская улица', 'building:levels': '2', 'landuse': 'industrial', 'power': 'plant'}",
        "rejection_keywords": "none",
        "timestamp": "2026-04-24T03:28:39.347641",
        "element_type": "way",
        "element_id": 194878742,
        "country": "Kyrgyzstan",
        "unit_type": "plant"
      }
    },
    {
      "type": "Feature",
      "geometry": {
        "type": "Point",
        "coordinates": [
          74.10204985,
          42.83152135000001
        ]
      },
      "properties": {
        "label": "Rejected way 199130423",
        "type": "Missing source tag",
        "osm_element": "https://www.openstreetmap.org/way/199130423",
        "rejection_reason": "Missing source tag",
        "rejection_details": "tags: {'landuse': 'industrial', 'name': 'Котельня ДЮСШ', 'power': 'plant'}",
        "rejection_keywords": "none",
        "timestamp": "2026-04-24T03:28:39.347797",
        "element_type": "way",
        "element_id": 199130423,
        "country": "Kyrgyzstan",
        "unit_type": "plant"
      }
    },
    {
      "type": "Feature",
      "geometry": {
        "type": "Point",
        "coordinates": [
          73.89651279999998,
          42.6396234
        ]
      },
      "properties": {
        "label": "Rejected way 234739411",
        "type": "Missing output tag",
        "osm_element": "https://www.openstreetmap.org/way/234739411",
        "rejection_reason": "Missing output tag",
        "rejection_details": "tags: {'building': 'yes', 'name': 'Issyk-Ata', 'plant:source': 'hydro', 'power': 'plant'}",
        "rejection_keywords": "none",
        "timestamp": "2026-04-24T03:28:39.348315",
        "element_type": "way",
        "element_id": 234739411,
        "country": "Kyrgyzstan",
        "unit_type": "plant"
      }
    },
    {
      "type": "Feature",
      "geometry": {
        "type": "Point",
        "coordinates": [
          78.40651141893395,
          42.45848707587759
        ]
      },
      "properties": {
        "label": "Rejected way 397000123",
        "type": "Missing source tag",
        "osm_element": "https://www.openstreetmap.org/way/397000123",
        "rejection_reason": "Missing source tag",
        "rejection_details": "tags: {'power': 'plant'}",
        "rejection_keywords": "none",
        "timestamp": "2026-04-24T03:28:39.348752",
        "element_type": "way",
        "element_id": 397000123,
        "country": "Kyrgyzstan",
        "unit_type": "plant"
      }
    },
    {
      "type": "Feature",
      "geometry": {
        "type": "Point",
        "coordinates": [
          75.63696999257365,
          41.36970091928931
        ]
      },
      "properties": {
        "label": "Rejected way 412766262",
        "type": "Capacity placeholder value",
        "osm_element": "https://www.openstreetmap.org/way/412766262",
        "rejection_reason": "Capacity placeholder value",
        "rejection_details": "Tag 'plant:output:electricity' contains placeholder value 'yes' instead of actual capacity",
        "rejection_keywords": "yes",
        "timestamp": "2026-04-24T03:28:39.348931",
        "element_type": "way",
        "element_id": 412766262,
        "country": "Kyrgyzstan",
        "unit_type": "plant"
      }
    },
    {
      "type": "Feature",
      "geometry": {
        "type": "Point",
        "coordinates": [
          78.21939918240564,
          42.42469132317926
        ]
      },
      "properties": {
        "label": "Rejected way 478374637",
        "type": "Missing source tag",
        "osm_element": "https://www.openstreetmap.org/way/478374637",
        "rejection_reason": "Missing source tag",
        "rejection_details": "tags: {'landuse': 'industrial', 'name:ru': 'Джети-Огузский ГЭС', 'power': 'plant'}",
        "rejection_keywords": "none",
        "timestamp": "2026-04-24T03:28:39.349179",
        "element_type": "way",
        "element_id": 478374637,
        "country": "Kyrgyzstan",
        "unit_type": "plant"
      }
    },
    {
      "type": "Feature",
      "geometry": {
        "type": "Point",
        "coordinates": [
          75.96685869999999,
          41.42505405
        ]
      },
      "properties": {
        "label": "Rejected way 478824942",
        "type": "Missing source tag",
        "osm_element": "https://www.openstreetmap.org/way/478824942",
        "rejection_reason": "Missing source tag",
        "rejection_details": "tags: {'landuse': 'industrial', 'power': 'plant'}",
        "rejection_keywords": "none",
        "timestamp": "2026-04-24T03:28:39.349340",
        "element_type": "way",
        "element_id": 478824942,
        "country": "Kyrgyzstan",
        "unit_type": "plant"
      }
    },
    {
      "type": "Feature",
      "geometry": {
        "type": "Point",
        "coordinates": [
          71.7143020485801,
          40.09352267931875
        ]
      },
      "properties": {
        "label": "Rejected way 485059332",
        "type": "Missing output tag",
        "osm_element": "https://www.openstreetmap.org/way/485059332",
        "rejection_reason": "Missing output tag",
        "rejection_details": "tags: {'landuse': 'industrial', 'name': 'Жидалик ГЭС', 'plant:source': 'hydro', 'power': 'plant'}",
        "rejection_keywords": "none",
        "timestamp": "2026-04-24T03:28:39.349537",
        "element_type": "way",
        "element_id": 485059332,
        "country": "Kyrgyzstan",
        "unit_type": "plant"
      }
    },
    {
      "type": "Feature",
      "geometry": {
        "type": "Point",
        "coordinates": [
          74.57866168479077,
          42.840507717548824
        ]
      },
      "properties": {
        "label": "Rejected way 486272488",
        "type": "Missing source tag",
        "osm_element": "https://www.openstreetmap.org/way/486272488",
        "rejection_reason": "Missing source tag",
        "rejection_details": "tags: {'landuse': 'industrial', 'power': 'plant'}",
        "rejection_keywords": "none",
        "timestamp": "2026-04-24T03:28:39.349751",
        "element_type": "way",
        "element_id": 486272488,
        "country": "Kyrgyzstan",
        "unit_type": "plant"
      }
    },
    {
      "type": "Feature",
      "geometry": {
        "type": "Point",
        "coordinates": [
          74.21194534221135,
          42.74527777044628
        ]
      },
      "properties": {
        "label": "Rejected way 540921947",
        "type": "Missing source tag",
        "osm_element": "https://www.openstreetmap.org/way/540921947",
        "rejection_reason": "Missing source tag",
        "rejection_details": "tags: {'landuse': 'industrial', 'power': 'plant'}",
        "rejection_keywords": "none",
        "timestamp": "2026-04-24T03:28:39.349906",
        "element_type": "way",
        "element_id": 540921947,
        "country": "Kyrgyzstan",
        "unit_type": "plant"
      }
    },
    {
      "type": "Feature",
      "geometry": {
        "type": "Point",
        "coordinates": [
          74.21140281000953,
          42.74643364942594
        ]
      },
      "properties": {
        "label": "Rejected way 540992774",
        "type": "Missing source tag",
        "osm_element": "https://www.openstreetmap.org/way/540992774",
        "rejection_reason": "Missing source tag",
        "rejection_details": "tags: {'landuse': 'industrial', 'power': 'plant'}",
        "rejection_keywords": "none",
        "timestamp": "2026-04-24T03:28:39.350098",
        "element_type": "way",
        "element_id": 540992774,
        "country": "Kyrgyzstan",
        "unit_type": "plant"
      }
    },
    {
      "type": "Feature",
      "geometry": {
        "type": "Point",
        "coordinates": [
          74.24495884426393,
          42.70989921118263
        ]
      },
      "properties": {
        "label": "Rejected way 540992775",
        "type": "Missing source tag",
        "osm_element": "https://www.openstreetmap.org/way/540992775",
        "rejection_reason": "Missing source tag",
        "rejection_details": "tags: {'landuse': 'industrial', 'power': 'plant'}",
        "rejection_keywords": "none",
        "timestamp": "2026-04-24T03:28:39.350267",
        "element_type": "way",
        "element_id": 540992775,
        "country": "Kyrgyzstan",
        "unit_type": "plant"
      }
    },
    {
      "type": "Feature",
      "geometry": {
        "type": "Point",
        "coordinates": [
          72.1297249204019,
          40.26830483465913
        ]
      },
      "properties": {
        "label": "Rejected way 605889499",
        "type": "Capacity placeholder value",
        "osm_element": "https://www.openstreetmap.org/way/605889499",
        "rejection_reason": "Capacity placeholder value",
        "rejection_details": "Tag 'plant:output:electricity' contains placeholder value 'yes' instead of actual capacity",
        "rejection_keywords": "yes",
        "timestamp": "2026-04-24T03:28:39.350601",
        "element_type": "way",
        "element_id": 605889499,
        "country": "Kyrgyzstan",
        "unit_type": "plant"
      }
    },
    {
      "type": "Feature",
      "geometry": {
        "type": "Point",
        "coordinates": [
          79.00814380000001,
          42.6077668
        ]
      },
      "properties": {
        "label": "Rejected way 676231815",
        "type": "Missing source tag",
        "osm_element": "https://www.openstreetmap.org/way/676231815",
        "rejection_reason": "Missing source tag",
        "rejection_details": "tags: {'landuse': 'industrial', 'power': 'plant'}",
        "rejection_keywords": "none",
        "timestamp": "2026-04-24T03:28:39.350756",
        "element_type": "way",
        "element_id": 676231815,
        "country": "Kyrgyzstan",
        "unit_type": "plant"
      }
    },
    {
      "type": "Feature",
      "geometry": {
        "type": "Point",
        "coordinates": [
          75.05281175,
          42.688023400000006
        ]
      },
      "properties": {
        "label": "Rejected way 773873889",
        "type": "Capacity placeholder value",
        "osm_element": "https://www.openstreetmap.org/way/773873889",
        "rejection_reason": "Capacity placeholder value",
        "rejection_details": "Tag 'plant:output:electricity' contains placeholder value 'yes' instead of actual capacity",
        "rejection_keywords": "yes",
        "timestamp": "2026-04-24T03:28:39.350916",
        "element_type": "way",
        "element_id": 773873889,
        "country": "Kyrgyzstan",
        "unit_type": "plant"
      }
    },
    {
      "type": "Feature",
      "geometry": {
        "type": "Point",
        "coordinates": [
          74.91198425651181,
          42.8902075698455
        ]
      },
      "properties": {
        "label": "Rejected way 1005464393",
        "type": "Missing source tag",
        "osm_element": "https://www.openstreetmap.org/way/1005464393",
        "rejection_reason": "Missing source tag",
        "rejection_details": "tags: {'landuse': 'industrial', 'power': 'plant'}",
        "rejection_keywords": "none",
        "timestamp": "2026-04-24T03:28:39.351103",
        "element_type": "way",
        "element_id": 1005464393,
        "country": "Kyrgyzstan",
        "unit_type": "plant"
      }
    },
    {
      "type": "Feature",
      "geometry": {
        "type": "Point",
        "coordinates": [
          77.04290674464129,
          42.64911416335682
        ]
      },
      "properties": {
        "label": "Rejected way 1117997610",
        "type": "Missing source tag",
        "osm_element": "https://www.openstreetmap.org/way/1117997610",
        "rejection_reason": "Missing source tag",
        "rejection_details": "tags: {'landuse': 'industrial', 'power': 'plant'}",
        "rejection_keywords": "none",
        "timestamp": "2026-04-24T03:28:39.351281",
        "element_type": "way",
        "element_id": 1117997610,
        "country": "Kyrgyzstan",
        "unit_type": "plant"
      }
    },
    {
      "type": "Feature",
      "geometry": {
        "type": "Point",
        "coordinates": [
          72.98331162903075,
          40.932197398409535
        ]
      },
      "properties": {
        "label": "Rejected way 1358176219",
        "type": "Missing source tag",
        "osm_element": "https://www.openstreetmap.org/way/1358176219",
        "rejection_reason": "Missing source tag",
        "rejection_details": "tags: {'landuse': 'industrial', 'name': 'Котельная', 'plant:output:hot_water': 'yes', 'power': 'plant'}",
        "rejection_keywords": "none",
        "timestamp": "2026-04-24T03:28:39.351437",
        "element_type": "way",
        "element_id": 1358176219,
        "country": "Kyrgyzstan",
        "unit_type": "plant"
      }
    },
    {
      "type": "Feature",
      "geometry": {
        "type": "Point",
        "coordinates": [
          72.9588437,
          40.933778116666666
        ]
      },
      "properties": {
        "label": "Rejected way 1358178697",
        "type": "Missing source tag",
        "osm_element": "https://www.openstreetmap.org/way/1358178697",
        "rejection_reason": "Missing source tag",
        "rejection_details": "tags: {'landuse': 'industrial', 'plant:output:hot_water': 'yes', 'power': 'plant'}",
        "rejection_keywords": "none",
        "timestamp": "2026-04-24T03:28:39.351591",
        "element_type": "way",
        "element_id": 1358178697,
        "country": "Kyrgyzstan",
        "unit_type": "plant"
      }
    },
    {
      "type": "Feature",
      "geometry": {
        "type": "Point",
        "coordinates": [
          72.90693870515034,
          40.902504767474305
        ]
      },
      "properties": {
        "label": "Rejected way 1358186141",
        "type": "Missing source tag",
        "osm_element": "https://www.openstreetmap.org/way/1358186141",
        "rejection_reason": "Missing source tag",
        "rejection_details": "tags: {'landuse': 'industrial', 'name': 'Котельная', 'plant:output:hot_water': 'yes', 'power': 'plant'}",
        "rejection_keywords": "none",
        "timestamp": "2026-04-24T03:28:39.351745",
        "element_type": "way",
        "element_id": 1358186141,
        "country": "Kyrgyzstan",
        "unit_type": "plant"
      }
    },
    {
      "type": "Feature",
      "geometry": {
        "type": "Point",
        "coordinates": [
          72.90198765,
          40.91163925000001
        ]
      },
      "properties": {
        "label": "Rejected way 1358186142",
        "type": "Missing source tag",
        "osm_element": "https://www.openstreetmap.org/way/1358186142",
        "rejection_reason": "Missing source tag",
        "rejection_details": "tags: {'landuse': 'industrial', 'name': 'Котельная', 'power': 'plant'}",
        "rejection_keywords": "none",
        "timestamp": "2026-04-24T03:28:39.351899",
        "element_type": "way",
        "element_id": 1358186142,
        "country": "Kyrgyzstan",
        "unit_type": "plant"
      }
    },
    {
      "type": "Feature",
      "geometry": {
        "type": "Point",
        "coordinates": [
          72.98181840000001,
          39.99082075
        ]
      },
      "properties": {
        "label": "Rejected way 1359153513",
        "type": "Capacity placeholder value",
        "osm_element": "https://www.openstreetmap.org/way/1359153513",
        "rejection_reason": "Capacity placeholder value",
        "rejection_details": "Tag 'plant:output:electricity' contains placeholder value 'yes' instead of actual capacity",
        "rejection_keywords": "yes",
        "timestamp": "2026-04-24T03:28:39.352091",
        "element_type": "way",
        "element_id": 1359153513,
        "country": "Kyrgyzstan",
        "unit_type": "plant"
      }
    },
    {
      "type": "Feature",
      "geometry": {
        "type": "Point",
        "coordinates": [
          72.08817185,
          40.01636729999999
        ]
      },
      "properties": {
        "label": "Rejected way 1359386364",
        "type": "Capacity placeholder value",
        "osm_element": "https://www.openstreetmap.org/way/1359386364",
        "rejection_reason": "Capacity placeholder value",
        "rejection_details": "Tag 'plant:output:electricity' contains placeholder value 'yes' instead of actual capacity",
        "rejection_keywords": "yes",
        "timestamp": "2026-04-24T03:28:39.352249",
        "element_type": "way",
        "element_id": 1359386364,
        "country": "Kyrgyzstan",
        "unit_type": "plant"
      }
    },
    {
      "type": "Feature",
      "geometry": {
        "type": "Point",
        "coordinates": [
          74.5457652253867,
          42.85505921207815
        ]
      },
      "properties": {
        "label": "Rejected way 1425386176",
        "type": "Missing source tag",
        "osm_element": "https://www.openstreetmap.org/way/1425386176",
        "rejection_reason": "Missing source tag",
        "rejection_details": "tags: {'building': 'yes', 'landuse': 'industrial', 'name': 'Котельная', 'power': 'plant'}",
        "rejection_keywords": "none",
        "timestamp": "2026-04-24T03:28:39.352942",
        "element_type": "way",
        "element_id": 1425386176,
        "country": "Kyrgyzstan",
        "unit_type": "plant"
      }
    },
    {
      "type": "Feature",
      "geometry": {
        "type": "Point",
        "coordinates": [
          76.00854029241907,
          42.34023912302549
        ]
      },
      "properties": {
        "label": "Rejected way 1470801656",
        "type": "Missing output tag",
        "osm_element": "https://www.openstreetmap.org/way/1470801656",
        "rejection_reason": "Missing output tag",
        "rejection_details": "tags: {'name': 'Orto-Tokoy', 'plant:source': 'hydro', 'power': 'plant'}",
        "rejection_keywords": "none",
        "timestamp": "2026-04-24T03:28:39.354050",
        "element_type": "way",
        "element_id": 1470801656,
        "country": "Kyrgyzstan",
        "unit_type": "plant"
      }
    },
    {
      "type": "Feature",
      "geometry": {
        "type": "Point",
        "coordinates": [
          74.00335710365275,
          42.68252983989345
        ]
      },
      "properties": {
        "label": "Rejected way 1470801657",
        "type": "Missing output tag",
        "osm_element": "https://www.openstreetmap.org/way/1470801657",
        "rejection_reason": "Missing output tag",
        "rejection_details": "tags: {'name': 'Maryam', 'plant:source': 'hydro', 'power': 'plant'}",
        "rejection_keywords": "none",
        "timestamp": "2026-04-24T03:28:39.354232",
        "element_type": "way",
        "element_id": 1470801657,
        "country": "Kyrgyzstan",
        "unit_type": "plant"
      }
    },
    {
      "type": "Feature",
      "geometry": {
        "type": "Point",
        "coordinates": [
          72.22477660105508,
          41.399007997586565
        ]
      },
      "properties": {
        "label": "Rejected way 1492720141",
        "type": "Capacity placeholder value",
        "osm_element": "https://www.openstreetmap.org/way/1492720141",
        "rejection_reason": "Capacity placeholder value",
        "rejection_details": "Tag 'plant:output:electricity' contains placeholder value 'yes' instead of actual capacity",
        "rejection_keywords": "yes",
        "timestamp": "2026-04-24T03:28:39.354589",
        "element_type": "way",
        "element_id": 1492720141,
        "country": "Kyrgyzstan",
        "unit_type": "plant"
      }
    },
    {
      "type": "Feature",
      "geometry": {
        "type": "Point",
        "coordinates": [
          69.59821128992019,
          40.52869289922336
        ]
      },
      "properties": {
        "label": "Rejected way 243690601",
        "type": "Missing source tag",
        "osm_element": "https://www.openstreetmap.org/way/243690601",
        "rejection_reason": "Missing source tag",
        "rejection_details": "tags: {'landuse': 'industrial', 'man_made': 'works', 'name': 'Котельная', 'power': 'plant', 'power:output:hot_water': 'yes'}",
        "rejection_keywords": "none",
        "timestamp": "2026-04-24T03:32:46.016875",
        "element_type": "way",
        "element_id": 243690601,
        "country": "Tajikistan",
        "unit_type": "plant"
      }
    },
    {
      "type": "Feature",
      "geometry": {
        "type": "Point",
        "coordinates": [
          71.62494175124081,
          37.964883992895345
        ]
      },
      "properties": {
        "label": "Rejected way 375669573",
        "type": "Capacity placeholder value",
        "osm_element": "https://www.openstreetmap.org/way/375669573",
        "rejection_reason": "Capacity placeholder value",
        "rejection_details": "Tag 'plant:output:electricity' contains placeholder value 'yes' instead of actual capacity",
        "rejection_keywords": "yes",
        "timestamp": "2026-04-24T03:32:46.017098",
        "element_type": "way",
        "element_id": 375669573,
        "country": "Tajikistan",
        "unit_type": "plant"
      }
    },
    {
      "type": "Feature",
      "geometry": {
        "type": "Point",
        "coordinates": [
          71.38632271376679,
          37.918175178304274
        ]
      },
      "properties": {
        "label": "Rejected way 378505790",
        "type": "Missing source tag",
        "osm_element": "https://www.openstreetmap.org/way/378505790",
        "rejection_reason": "Missing source tag",
        "rejection_details": "tags: {'name': 'Ges', 'power': 'plant'}",
        "rejection_keywords": "none",
        "timestamp": "2026-04-24T03:32:46.017313",
        "element_type": "way",
        "element_id": 378505790,
        "country": "Tajikistan",
        "unit_type": "plant"
      }
    },
    {
      "type": "Feature",
      "geometry": {
        "type": "Point",
        "coordinates": [
          71.66679611846732,
          38.00731183055158
        ]
      },
      "properties": {
        "label": "Rejected way 379771687",
        "type": "Missing output tag",
        "osm_element": "https://www.openstreetmap.org/way/379771687",
        "rejection_reason": "Missing output tag",
        "rejection_details": "tags: {'plant:method': 'run-of-the-river', 'plant:source': 'hydro', 'power': 'plant'}",
        "rejection_keywords": "none",
        "timestamp": "2026-04-24T03:32:46.017508",
        "element_type": "way",
        "element_id": 379771687,
        "country": "Tajikistan",
        "unit_type": "plant"
      }
    },
    {
      "type": "Feature",
      "geometry": {
        "type": "Point",
        "coordinates": [
          71.86301267155885,
          38.057195328946214
        ]
      },
      "properties": {
        "label": "Rejected way 391317824",
        "type": "Capacity placeholder value",
        "osm_element": "https://www.openstreetmap.org/way/391317824",
        "rejection_reason": "Capacity placeholder value",
        "rejection_details": "Tag 'plant:output:electricity' contains placeholder value 'yes' instead of actual capacity",
        "rejection_keywords": "yes",
        "timestamp": "2026-04-24T03:32:46.017683",
        "element_type": "way",
        "element_id": 391317824,
        "country": "Tajikistan",
        "unit_type": "plant"
      }
    },
    {
      "type": "Feature",
      "geometry": {
        "type": "Point",
        "coordinates": [
          72.33820649517398,
          38.295380920370675
        ]
      },
      "properties": {
        "label": "Rejected way 391388484",
        "type": "Missing source tag",
        "osm_element": "https://www.openstreetmap.org/way/391388484",
        "rejection_reason": "Missing source tag",
        "rejection_details": "tags: {'name': 'Power Plant', 'power': 'plant'}",
        "rejection_keywords": "none",
        "timestamp": "2026-04-24T03:32:46.017864",
        "element_type": "way",
        "element_id": 391388484,
        "country": "Tajikistan",
        "unit_type": "plant"
      }
    },
    {
      "type": "Feature",
      "geometry": {
        "type": "Point",
        "coordinates": [
          71.5574340771797,
          37.961076399507164
        ]
      },
      "properties": {
        "label": "Rejected way 391554826",
        "type": "Missing output tag",
        "osm_element": "https://www.openstreetmap.org/way/391554826",
        "rejection_reason": "Missing output tag",
        "rejection_details": "tags: {'plant:method': 'run-of-the-river', 'plant:source': 'hydro', 'power': 'plant'}",
        "rejection_keywords": "none",
        "timestamp": "2026-04-24T03:32:46.018079",
        "element_type": "way",
        "element_id": 391554826,
        "country": "Tajikistan",
        "unit_type": "plant"
      }
    },
    {
      "type": "Feature",
      "geometry": {
        "type": "Point",
        "coordinates": [
          71.55714155316424,
          37.957968817103456
        ]
      },
      "properties": {
        "label": "Rejected way 391554827",
        "type": "Missing output tag",
        "osm_element": "https://www.openstreetmap.org/way/391554827",
        "rejection_reason": "Missing output tag",
        "rejection_details": "tags: {'plant:method': 'run-of-the-river', 'plant:source': 'hydro', 'power': 'plant'}",
        "rejection_keywords": "none",
        "timestamp": "2026-04-24T03:32:46.018293",
        "element_type": "way",
        "element_id": 391554827,
        "country": "Tajikistan",
        "unit_type": "plant"
      }
    },
    {
      "type": "Feature",
      "geometry": {
        "type": "Point",
        "coordinates": [
          71.45210093658082,
          37.94572766996833
        ]
      },
      "properties": {
        "label": "Rejected way 391560287",
        "type": "Missing output tag",
        "osm_element": "https://www.openstreetmap.org/way/391560287",
        "rejection_reason": "Missing output tag",
        "rejection_details": "tags: {'plant:method': 'run-of-the-river', 'plant:source': 'hydro', 'power': 'plant'}",
        "rejection_keywords": "none",
        "timestamp": "2026-04-24T03:32:46.018471",
        "element_type": "way",
        "element_id": 391560287,
        "country": "Tajikistan",
        "unit_type": "plant"
      }
    },
    {
      "type": "Feature",
      "geometry": {
        "type": "Point",
        "coordinates": [
          71.4816062,
          38.37923435000001
        ]
      },
      "properties": {
        "label": "Rejected way 392194176",
        "type": "Missing output tag",
        "osm_element": "https://www.openstreetmap.org/way/392194176",
        "rejection_reason": "Missing output tag",
        "rejection_details": "tags: {'building': 'yes', 'building:levels': '0', 'layer': '1', 'name': 'Tehavr', 'plant:source': 'hydro', 'power': 'plant'}",
        "rejection_keywords": "none",
        "timestamp": "2026-04-24T03:32:46.018649",
        "element_type": "way",
        "element_id": 392194176,
        "country": "Tajikistan",
        "unit_type": "plant"
      }
    },
    {
      "type": "Feature",
      "geometry": {
        "type": "Point",
        "coordinates": [
          70.7947249,
          38.4868696
        ]
      },
      "properties": {
        "label": "Rejected way 392708126",
        "type": "Missing output tag",
        "osm_element": "https://www.openstreetmap.org/way/392708126",
        "rejection_reason": "Missing output tag",
        "rejection_details": "tags: {'building': 'industrial', 'plant:method': 'run-of-the-river', 'plant:source': 'hydro', 'power': 'plant'}",
        "rejection_keywords": "none",
        "timestamp": "2026-04-24T03:32:46.018826",
        "element_type": "way",
        "element_id": 392708126,
        "country": "Tajikistan",
        "unit_type": "plant"
      }
    },
    {
      "type": "Feature",
      "geometry": {
        "type": "Point",
        "coordinates": [
          71.76184950000001,
          37.614692149999996
        ]
      },
      "properties": {
        "label": "Rejected way 393201353",
        "type": "Missing source tag",
        "osm_element": "https://www.openstreetmap.org/way/393201353",
        "rejection_reason": "Missing source tag",
        "rejection_details": "tags: {'landuse': 'industrial', 'name': 'Памирская ГЭС №1', 'power': 'plant'}",
        "rejection_keywords": "none",
        "timestamp": "2026-04-24T03:32:46.019024",
        "element_type": "way",
        "element_id": 393201353,
        "country": "Tajikistan",
        "unit_type": "plant"
      }
    },
    {
      "type": "Feature",
      "geometry": {
        "type": "Point",
        "coordinates": [
          71.81951040000001,
          36.683508849999996
        ]
      },
      "properties": {
        "label": "Rejected way 497434750",
        "type": "Capacity placeholder value",
        "osm_element": "https://www.openstreetmap.org/way/497434750",
        "rejection_reason": "Capacity placeholder value",
        "rejection_details": "Tag 'plant:output:electricity' contains placeholder value 'yes' instead of actual capacity",
        "rejection_keywords": "yes",
        "timestamp": "2026-04-24T03:32:46.020818",
        "element_type": "way",
        "element_id": 497434750,
        "country": "Tajikistan",
        "unit_type": "plant"
      }
    },
    {
      "type": "Feature",
      "geometry": {
        "type": "Point",
        "coordinates": [
          69.59033868246615,
          40.29770655885818
        ]
      },
      "properties": {
        "label": "Rejected way 593617035",
        "type": "Missing source tag",
        "osm_element": "https://www.openstreetmap.org/way/593617035",
        "rejection_reason": "Missing source tag",
        "rejection_details": "tags: {'name': 'Котельная', 'plant:output:cold_water': 'yes', 'plant:output:hot_water': 'yes', 'power': 'plant'}",
        "rejection_keywords": "none",
        "timestamp": "2026-04-24T03:32:46.021460",
        "element_type": "way",
        "element_id": 593617035,
        "country": "Tajikistan",
        "unit_type": "plant"
      }
    },
    {
      "type": "Feature",
      "geometry": {
        "type": "Point",
        "coordinates": [
          70.61578832998636,
          38.35022005500707
        ]
      },
      "properties": {
        "label": "Rejected way 654218921",
        "type": "Missing output tag",
        "osm_element": "https://www.openstreetmap.org/way/654218921",
        "rejection_reason": "Missing output tag",
        "rejection_details": "tags: {'landuse': 'industrial', 'name': 'HPP Yoged', 'plant:source': 'hydro', 'power': 'plant'}",
        "rejection_keywords": "none",
        "timestamp": "2026-04-24T03:32:46.021640",
        "element_type": "way",
        "element_id": 654218921,
        "country": "Tajikistan",
        "unit_type": "plant"
      }
    },
    {
      "type": "Feature",
      "geometry": {
        "type": "Point",
        "coordinates": [
          71.72883049715165,
          37.59310369218925
        ]
      },
      "properties": {
        "label": "Rejected way 862520963",
        "type": "Missing output tag",
        "osm_element": "https://www.openstreetmap.org/way/862520963",
        "rejection_reason": "Missing output tag",
        "rejection_details": "tags: {'building': 'yes', 'name': 'PAMIR-1', 'plant:source': 'hydro', 'power': 'plant'}",
        "rejection_keywords": "none",
        "timestamp": "2026-04-24T03:32:46.023504",
        "element_type": "way",
        "element_id": 862520963,
        "country": "Tajikistan",
        "unit_type": "plant"
      }
    },
    {
      "type": "Feature",
      "geometry": {
        "type": "Point",
        "coordinates": [
          71.54807691699345,
          38.22849489934641
        ]
      },
      "properties": {
        "label": "Rejected way 900932475",
        "type": "Capacity placeholder value",
        "osm_element": "https://www.openstreetmap.org/way/900932475",
        "rejection_reason": "Capacity placeholder value",
        "rejection_details": "Tag 'plant:output:electricity' contains placeholder value 'yes' instead of actual capacity",
        "rejection_keywords": "yes",
        "timestamp": "2026-04-24T03:32:46.024126",
        "element_type": "way",
        "element_id": 900932475,
        "country": "Tajikistan",
        "unit_type": "plant"
      }
    },
    {
      "type": "Feature",
      "geometry": {
        "type": "Point",
        "coordinates": [
          72.40464215000002,
          38.314823749999995
        ]
      },
      "properties": {
        "label": "Rejected way 913545352",
        "type": "Capacity placeholder value",
        "osm_element": "https://www.openstreetmap.org/way/913545352",
        "rejection_reason": "Capacity placeholder value",
        "rejection_details": "Tag 'plant:output:electricity' contains placeholder value 'yes' instead of actual capacity",
        "rejection_keywords": "yes",
        "timestamp": "2026-04-24T03:32:46.024290",
        "element_type": "way",
        "element_id": 913545352,
        "country": "Tajikistan",
        "unit_type": "plant"
      }
    },
    {
      "type": "Feature",
      "geometry": {
        "type": "Point",
        "coordinates": [
          68.09332662277691,
          39.331838466430014
        ]
      },
      "properties": {
        "label": "Rejected way 929612495",
        "type": "Capacity placeholder value",
        "osm_element": "https://www.openstreetmap.org/way/929612495",
        "rejection_reason": "Capacity placeholder value",
        "rejection_details": "Tag 'plant:output:electricity' contains placeholder value 'yes' instead of actual capacity",
        "rejection_keywords": "yes",
        "timestamp": "2026-04-24T03:32:46.024821",
        "element_type": "way",
        "element_id": 929612495,
        "country": "Tajikistan",
        "unit_type": "plant"
      }
    },
    {
      "type": "Feature",
      "geometry": {
        "type": "Point",
        "coordinates": [
          69.56527591665495,
          39.44267360097688
        ]
      },
      "properties": {
        "label": "Rejected way 1019212058",
        "type": "Capacity placeholder value",
        "osm_element": "https://www.openstreetmap.org/way/1019212058",
        "rejection_reason": "Capacity placeholder value",
        "rejection_details": "Tag 'plant:output:electricity' contains placeholder value 'yes' instead of actual capacity",
        "rejection_keywords": "yes",
        "timestamp": "2026-04-24T03:32:46.026232",
        "element_type": "way",
        "element_id": 1019212058,
        "country": "Tajikistan",
        "unit_type": "plant"
      }
    },
    {
      "type": "Feature",
      "geometry": {
        "type": "Point",
        "coordinates": [
          74.80669385510961,
          37.47465928107194
        ]
      },
      "properties": {
        "label": "Rejected way 1025420616",
        "type": "Missing output tag",
        "osm_element": "https://www.openstreetmap.org/way/1025420616",
        "rejection_reason": "Missing output tag",
        "rejection_details": "tags: {'plant:source': 'solar', 'power': 'plant'}",
        "rejection_keywords": "none",
        "timestamp": "2026-04-24T03:32:46.026430",
        "element_type": "way",
        "element_id": 1025420616,
        "country": "Tajikistan",
        "unit_type": "plant"
      }
    },
    {
      "type": "Feature",
      "geometry": {
        "type": "Point",
        "coordinates": [
          74.8074363371759,
          37.475449447100324
        ]
      },
      "properties": {
        "label": "Rejected way 1025420618",
        "type": "Missing output tag",
        "osm_element": "https://www.openstreetmap.org/way/1025420618",
        "rejection_reason": "Missing output tag",
        "rejection_details": "tags: {'plant:source': 'solar', 'power': 'plant'}",
        "rejection_keywords": "none",
        "timestamp": "2026-04-24T03:32:46.026637",
        "element_type": "way",
        "element_id": 1025420618,
        "country": "Tajikistan",
        "unit_type": "plant"
      }
    },
    {
      "type": "Feature",
      "geometry": {
        "type": "Point",
        "coordinates": [
          69.68925015,
          39.4429992
        ]
      },
      "properties": {
        "label": "Rejected way 1148983832",
        "type": "Capacity placeholder value",
        "osm_element": "https://www.openstreetmap.org/way/1148983832",
        "rejection_reason": "Capacity placeholder value",
        "rejection_details": "Tag 'plant:output:electricity' contains placeholder value 'yes' instead of actual capacity",
        "rejection_keywords": "yes",
        "timestamp": "2026-04-24T03:32:46.026815",
        "element_type": "way",
        "element_id": 1148983832,
        "country": "Tajikistan",
        "unit_type": "plant"
      }
    },
    {
      "type": "Feature",
      "geometry": {
        "type": "Point",
        "coordinates": [
          72.15092795000001,
          38.0980468
        ]
      },
      "properties": {
        "label": "Rejected way 1160794780",
        "type": "Missing output tag",
        "osm_element": "https://www.openstreetmap.org/way/1160794780",
        "rejection_reason": "Missing output tag",
        "rejection_details": "tags: {'building': 'yes', 'name': 'Savnob', 'plant:source': 'hydro', 'power': 'plant'}",
        "rejection_keywords": "none",
        "timestamp": "2026-04-24T03:32:46.027021",
        "element_type": "way",
        "element_id": 1160794780,
        "country": "Tajikistan",
        "unit_type": "plant"
      }
    },
    {
      "type": "Feature",
      "geometry": {
        "type": "Point",
        "coordinates": [
          71.92222685000002,
          38.09534080000001
        ]
      },
      "properties": {
        "label": "Rejected way 1218054598",
        "type": "Capacity placeholder value",
        "osm_element": "https://www.openstreetmap.org/way/1218054598",
        "rejection_reason": "Capacity placeholder value",
        "rejection_details": "Tag 'plant:output:electricity' contains placeholder value 'yes' instead of actual capacity",
        "rejection_keywords": "yes",
        "timestamp": "2026-04-24T03:32:46.027204",
        "element_type": "way",
        "element_id": 1218054598,
        "country": "Tajikistan",
        "unit_type": "plant"
      }
    },
    {
      "type": "Feature",
      "geometry": {
        "type": "Point",
        "coordinates": [
          73.99241430000001,
          38.16772075000001
        ]
      },
      "properties": {
        "label": "Rejected way 1323462412",
        "type": "Missing output tag",
        "osm_element": "https://www.openstreetmap.org/way/1323462412",
        "rejection_reason": "Missing output tag",
        "rejection_details": "tags: {'plant:source': 'hydro', 'power': 'plant'}",
        "rejection_keywords": "none",
        "timestamp": "2026-04-24T03:32:46.028281",
        "element_type": "way",
        "element_id": 1323462412,
        "country": "Tajikistan",
        "unit_type": "plant"
      }
    },
    {
      "type": "Feature",
      "geometry": {
        "type": "Point",
        "coordinates": [
          74.02286992474055,
          38.176483747450625
        ]
      },
      "properties": {
        "label": "Rejected way 1353270039",
        "type": "Missing output tag",
        "osm_element": "https://www.openstreetmap.org/way/1353270039",
        "rejection_reason": "Missing output tag",
        "rejection_details": "tags: {'barrier': 'fence', 'plant:method': 'photovoltaic', 'plant:source': 'solar', 'power': 'plant'}",
        "rejection_keywords": "none",
        "timestamp": "2026-04-24T03:32:46.028858",
        "element_type": "way",
        "element_id": 1353270039,
        "country": "Tajikistan",
        "unit_type": "plant"
      }
    },
    {
      "type": "Feature",
      "geometry": {
        "type": "Point",
        "coordinates": [
          72.3235258822958,
          38.10529241635258
        ]
      },
      "properties": {
        "label": "Rejected way 1443815857",
        "type": "Capacity placeholder value",
        "osm_element": "https://www.openstreetmap.org/way/1443815857",
        "rejection_reason": "Capacity placeholder value",
        "rejection_details": "Tag 'plant:output:electricity' contains placeholder value 'yes' instead of actual capacity",
        "rejection_keywords": "yes",
        "timestamp": "2026-04-24T03:32:46.029059",
        "element_type": "way",
        "element_id": 1443815857,
        "country": "Tajikistan",
        "unit_type": "plant"
      }
    },
    {
      "type": "Feature",
      "geometry": {
        "type": "Point",
        "coordinates": [
          72.38054439878054,
          38.29570401708066
        ]
      },
      "properties": {
        "label": "Rejected way 1444592340",
        "type": "Capacity placeholder value",
        "osm_element": "https://www.openstreetmap.org/way/1444592340",
        "rejection_reason": "Capacity placeholder value",
        "rejection_details": "Tag 'plant:output:electricity' contains placeholder value 'yes' instead of actual capacity",
        "rejection_keywords": "yes",
        "timestamp": "2026-04-24T03:32:46.029222",
        "element_type": "way",
        "element_id": 1444592340,
        "country": "Tajikistan",
        "unit_type": "plant"
      }
    },
    {
      "type": "Feature",
      "geometry": {
        "type": "Point",
        "coordinates": [
          68.70068500354405,
          39.18928510200198
        ]
      },
      "properties": {
        "label": "Rejected way 1470802015",
        "type": "Missing output tag",
        "osm_element": "https://www.openstreetmap.org/way/1470802015",
        "rejection_reason": "Missing output tag",
        "rejection_details": "tags: {'name': 'Marzich', 'plant:source': 'hydro', 'power': 'plant'}",
        "rejection_keywords": "none",
        "timestamp": "2026-04-24T03:32:46.029398",
        "element_type": "way",
        "element_id": 1470802015,
        "country": "Tajikistan",
        "unit_type": "plant"
      }
    },
    {
      "type": "Feature",
      "geometry": {
        "type": "Point",
        "coordinates": [
          71.4185397,
          37.9237069
        ]
      },
      "properties": {
        "label": "Rejected node 12069357902",
        "type": "Capacity placeholder value",
        "osm_element": "https://www.openstreetmap.org/node/12069357902",
        "rejection_reason": "Capacity placeholder value",
        "rejection_details": "Tag 'plant:output:electricity' contains placeholder value 'yes' instead of actual capacity",
        "rejection_keywords": "yes",
        "timestamp": "2026-04-24T03:32:46.029472",
        "element_type": "node",
        "element_id": 12069357902,
        "country": "Tajikistan",
        "unit_type": "plant"
      }
    },
    {
      "type": "Feature",
      "geometry": {
        "type": "Point",
        "coordinates": [
          71.4311407,
          37.0701693
        ]
      },
      "properties": {
        "label": "Rejected node 12082789229",
        "type": "Capacity placeholder value",
        "osm_element": "https://www.openstreetmap.org/node/12082789229",
        "rejection_reason": "Capacity placeholder value",
        "rejection_details": "Tag 'plant:output:electricity' contains placeholder value 'yes' instead of actual capacity",
        "rejection_keywords": "yes",
        "timestamp": "2026-04-24T03:32:46.029521",
        "element_type": "node",
        "element_id": 12082789229,
        "country": "Tajikistan",
        "unit_type": "plant"
      }
    },
    {
      "type": "Feature",
      "geometry": {
        "type": "Point",
        "coordinates": [
          71.5706249,
          36.7690516
        ]
      },
      "properties": {
        "label": "Rejected node 12084736260",
        "type": "Capacity placeholder value",
        "osm_element": "https://www.openstreetmap.org/node/12084736260",
        "rejection_reason": "Capacity placeholder value",
        "rejection_details": "Tag 'plant:output:electricity' contains placeholder value 'yes' instead of actual capacity",
        "rejection_keywords": "yes",
        "timestamp": "2026-04-24T03:32:46.029567",
        "element_type": "node",
        "element_id": 12084736260,
        "country": "Tajikistan",
        "unit_type": "plant"
      }
    },
    {
      "type": "Feature",
      "geometry": {
        "type": "Point",
        "coordinates": [
          72.33915528567361,
          40.7479590676651
        ]
      },
      "properties": {
        "label": "Rejected relation 6617159",
        "type": "Missing source tag",
        "osm_element": "https://www.openstreetmap.org/relation/6617159",
        "rejection_reason": "Missing source tag",
        "rejection_details": "tags: {'landuse': 'industrial', 'name': 'Южная ТЕЦ', 'name:ru': 'Южная ТЕЦ', 'plant:output:hot_water': 'yes', 'power': 'plant', 'type': 'multipolygon'}",
        "rejection_keywords": "none",
        "timestamp": "2026-04-24T03:38:27.473513",
        "element_type": "relation",
        "element_id": 6617159,
        "country": "Uzbekistan",
        "unit_type": "plant"
      }
    },
    {
      "type": "Feature",
      "geometry": {
        "type": "Point",
        "coordinates": [
          69.86449729179236,
          41.59958010040637
        ]
      },
      "properties": {
        "label": "Rejected relation 9167447",
        "type": "Capacity placeholder value",
        "osm_element": "https://www.openstreetmap.org/relation/9167447",
        "rejection_reason": "Capacity placeholder value",
        "rejection_details": "Tag 'plant:output:electricity' contains placeholder value 'yes' instead of actual capacity",
        "rejection_keywords": "yes",
        "timestamp": "2026-04-24T03:38:27.474539",
        "element_type": "relation",
        "element_id": 9167447,
        "country": "Uzbekistan",
        "unit_type": "plant"
      }
    },
    {
      "type": "Feature",
      "geometry": {
        "type": "Point",
        "coordinates": [
          64.6527862,
          40.685601
        ]
      },
      "properties": {
        "label": "Rejected node 12356458090",
        "type": "Missing output tag",
        "osm_element": "https://www.openstreetmap.org/node/12356458090",
        "rejection_reason": "Missing output tag",
        "rejection_details": "tags: {'generator:method': 'wind_turbine', 'generator:source': 'wind', 'power': 'generator'}",
        "rejection_keywords": "none",
        "timestamp": "2026-04-24T03:38:27.482436",
        "element_type": "node",
        "element_id": 12356458090,
        "country": "Uzbekistan",
        "unit_type": "generator"
      }
    },
    {
      "type": "Feature",
      "geometry": {
        "type": "Point",
        "coordinates": [
          64.7534963,
          40.6515843
        ]
      },
      "properties": {
        "label": "Rejected node 12356458096",
        "type": "Missing output tag",
        "osm_element": "https://www.openstreetmap.org/node/12356458096",
        "rejection_reason": "Missing output tag",
        "rejection_details": "tags: {'generator:method': 'wind_turbine', 'generator:source': 'wind', 'power': 'generator'}",
        "rejection_keywords": "none",
        "timestamp": "2026-04-24T03:38:27.482473",
        "element_type": "node",
        "element_id": 12356458096,
        "country": "Uzbekistan",
        "unit_type": "generator"
      }
    },
    {
      "type": "Feature",
      "geometry": {
        "type": "Point",
        "coordinates": [
          64.5880873,
          40.6763816
        ]
      },
      "properties": {
        "label": "Rejected node 12356459781",
        "type": "Missing output tag",
        "osm_element": "https://www.openstreetmap.org/node/12356459781",
        "rejection_reason": "Missing output tag",
        "rejection_details": "tags: {'generator:method': 'wind_turbine', 'generator:source': 'wind', 'power': 'generator'}",
        "rejection_keywords": "none",
        "timestamp": "2026-04-24T03:38:27.482504",
        "element_type": "node",
        "element_id": 12356459781,
        "country": "Uzbekistan",
        "unit_type": "generator"
      }
    },
    {
      "type": "Feature",
      "geometry": {
        "type": "Point",
        "coordinates": [
          64.5630033,
          40.6914329
        ]
      },
      "properties": {
        "label": "Rejected node 12356459787",
        "type": "Missing output tag",
        "osm_element": "https://www.openstreetmap.org/node/12356459787",
        "rejection_reason": "Missing output tag",
        "rejection_details": "tags: {'generator:method': 'wind_turbine', 'generator:source': 'wind', 'power': 'generator'}",
        "rejection_keywords": "none",
        "timestamp": "2026-04-24T03:38:27.482532",
        "element_type": "node",
        "element_id": 12356459787,
        "country": "Uzbekistan",
        "unit_type": "generator"
      }
    },
    {
      "type": "Feature",
      "geometry": {
        "type": "Point",
        "coordinates": [
          64.6802131,
          40.6601674
        ]
      },
      "properties": {
        "label": "Rejected node 12356458074",
        "type": "Missing output tag",
        "osm_element": "https://www.openstreetmap.org/node/12356458074",
        "rejection_reason": "Missing output tag",
        "rejection_details": "tags: {'generator:method': 'wind_turbine', 'generator:source': 'wind', 'power': 'generator'}",
        "rejection_keywords": "none",
        "timestamp": "2026-04-24T03:38:27.482561",
        "element_type": "node",
        "element_id": 12356458074,
        "country": "Uzbekistan",
        "unit_type": "generator"
      }
    },
    {
      "type": "Feature",
      "geometry": {
        "type": "Point",
        "coordinates": [
          64.6725702,
          40.6824443
        ]
      },
      "properties": {
        "label": "Rejected node 12356458087",
        "type": "Missing output tag",
        "osm_element": "https://www.openstreetmap.org/node/12356458087",
        "rejection_reason": "Missing output tag",
        "rejection_details": "tags: {'generator:method': 'wind_turbine', 'generator:source': 'wind', 'power': 'generator'}",
        "rejection_keywords": "none",
        "timestamp": "2026-04-24T03:38:27.482589",
        "element_type": "node",
        "element_id": 12356458087,
        "country": "Uzbekistan",
        "unit_type": "generator"
      }
    },
    {
      "type": "Feature",
      "geometry": {
        "type": "Point",
        "coordinates": [
          64.7231211,
          40.6842709
        ]
      },
      "properties": {
        "label": "Rejected node 12356459703",
        "type": "Missing output tag",
        "osm_element": "https://www.openstreetmap.org/node/12356459703",
        "rejection_reason": "Missing output tag",
        "rejection_details": "tags: {'generator:method': 'wind_turbine', 'generator:source': 'wind', 'power': 'generator'}",
        "rejection_keywords": "none",
        "timestamp": "2026-04-24T03:38:27.482616",
        "element_type": "node",
        "element_id": 12356459703,
        "country": "Uzbekistan",
        "unit_type": "generator"
      }
    },
    {
      "type": "Feature",
      "geometry": {
        "type": "Point",
        "coordinates": [
          64.7060871,
          40.6678629
        ]
      },
      "properties": {
        "label": "Rejected node 12356458080",
        "type": "Missing output tag",
        "osm_element": "https://www.openstreetmap.org/node/12356458080",
        "rejection_reason": "Missing output tag",
        "rejection_details": "tags: {'generator:method': 'wind_turbine', 'generator:source': 'wind', 'power': 'generator'}",
        "rejection_keywords": "none",
        "timestamp": "2026-04-24T03:38:27.482644",
        "element_type": "node",
        "element_id": 12356458080,
        "country": "Uzbekistan",
        "unit_type": "generator"
      }
    },
    {
      "type": "Feature",
      "geometry": {
        "type": "Point",
        "coordinates": [
          64.6141195,
          40.6760816
        ]
      },
      "properties": {
        "label": "Rejected node 12356458093",
        "type": "Capacity placeholder value",
        "osm_element": "https://www.openstreetmap.org/node/12356458093",
        "rejection_reason": "Capacity placeholder value",
        "rejection_details": "Tag 'generator:output:electricity' contains placeholder value 'yes' instead of actual capacity",
        "rejection_keywords": "yes",
        "timestamp": "2026-04-24T03:38:27.482657",
        "element_type": "node",
        "element_id": 12356458093,
        "country": "Uzbekistan",
        "unit_type": "generator"
      }
    },
    {
      "type": "Feature",
      "geometry": {
        "type": "Point",
        "coordinates": [
          64.7406422,
          40.660644
        ]
      },
      "properties": {
        "label": "Rejected node 12356458099",
        "type": "Missing output tag",
        "osm_element": "https://www.openstreetmap.org/node/12356458099",
        "rejection_reason": "Missing output tag",
        "rejection_details": "tags: {'generator:method': 'wind_turbine', 'generator:source': 'wind', 'power': 'generator'}",
        "rejection_keywords": "none",
        "timestamp": "2026-04-24T03:38:27.482688",
        "element_type": "node",
        "element_id": 12356458099,
        "country": "Uzbekistan",
        "unit_type": "generator"
      }
    },
    {
      "type": "Feature",
      "geometry": {
        "type": "Point",
        "coordinates": [
          64.5920784,
          40.6739893
        ]
      },
      "properties": {
        "label": "Rejected node 12356459780",
        "type": "Missing output tag",
        "osm_element": "https://www.openstreetmap.org/node/12356459780",
        "rejection_reason": "Missing output tag",
        "rejection_details": "tags: {'generator:method': 'wind_turbine', 'generator:source': 'wind', 'power': 'generator'}",
        "rejection_keywords": "none",
        "timestamp": "2026-04-24T03:38:27.482716",
        "element_type": "node",
        "element_id": 12356459780,
        "country": "Uzbekistan",
        "unit_type": "generator"
      }
    },
    {
      "type": "Feature",
      "geometry": {
        "type": "Point",
        "coordinates": [
          64.5656211,
          40.6891225
        ]
      },
      "properties": {
        "label": "Rejected node 12356459786",
        "type": "Missing output tag",
        "osm_element": "https://www.openstreetmap.org/node/12356459786",
        "rejection_reason": "Missing output tag",
        "rejection_details": "tags: {'generator:method': 'wind_turbine', 'generator:source': 'wind', 'power': 'generator'}",
        "rejection_keywords": "none",
        "timestamp": "2026-04-24T03:38:27.482744",
        "element_type": "node",
        "element_id": 12356459786,
        "country": "Uzbekistan",
        "unit_type": "generator"
      }
    },
    {
      "type": "Feature",
      "geometry": {
        "type": "Point",
        "coordinates": [
          64.6790075,
          40.6816632
        ]
      },
      "properties": {
        "label": "Rejected node 12356458086",
        "type": "Missing output tag",
        "osm_element": "https://www.openstreetmap.org/node/12356458086",
        "rejection_reason": "Missing output tag",
        "rejection_details": "tags: {'generator:method': 'wind_turbine', 'generator:source': 'wind', 'power': 'generator'}",
        "rejection_keywords": "none",
        "timestamp": "2026-04-24T03:38:27.482771",
        "element_type": "node",
        "element_id": 12356458086,
        "country": "Uzbekistan",
        "unit_type": "generator"
      }
    },
    {
      "type": "Feature",
      "geometry": {
        "type": "Point",
        "coordinates": [
          64.7243428,
          40.6815005
        ]
      },
      "properties": {
        "label": "Rejected node 12541020179",
        "type": "Missing output tag",
        "osm_element": "https://www.openstreetmap.org/node/12541020179",
        "rejection_reason": "Missing output tag",
        "rejection_details": "tags: {'generator:method': 'wind_turbine', 'generator:source': 'wind', 'power': 'generator'}",
        "rejection_keywords": "none",
        "timestamp": "2026-04-24T03:38:27.482800",
        "element_type": "node",
        "element_id": 12541020179,
        "country": "Uzbekistan",
        "unit_type": "generator"
      }
    },
    {
      "type": "Feature",
      "geometry": {
        "type": "Point",
        "coordinates": [
          64.7283701,
          40.677627
        ]
      },
      "properties": {
        "label": "Rejected node 12356459702",
        "type": "Missing output tag",
        "osm_element": "https://www.openstreetmap.org/node/12356459702",
        "rejection_reason": "Missing output tag",
        "rejection_details": "tags: {'generator:method': 'wind_turbine', 'generator:source': 'wind', 'power': 'generator'}",
        "rejection_keywords": "none",
        "timestamp": "2026-04-24T03:38:27.482828",
        "element_type": "node",
        "element_id": 12356459702,
        "country": "Uzbekistan",
        "unit_type": "generator"
      }
    },
    {
      "type": "Feature",
      "geometry": {
        "type": "Point",
        "coordinates": [
          64.694736,
          40.6769929
        ]
      },
      "properties": {
        "label": "Rejected node 12356458083",
        "type": "Missing output tag",
        "osm_element": "https://www.openstreetmap.org/node/12356458083",
        "rejection_reason": "Missing output tag",
        "rejection_details": "tags: {'generator:method': 'wind_turbine', 'generator:source': 'wind', 'power': 'generator'}",
        "rejection_keywords": "none",
        "timestamp": "2026-04-24T03:38:27.482856",
        "element_type": "node",
        "element_id": 12356458083,
        "country": "Uzbekistan",
        "unit_type": "generator"
      }
    },
    {
      "type": "Feature",
      "geometry": {
        "type": "Point",
        "coordinates": [
          64.6154928,
          40.6845108
        ]
      },
      "properties": {
        "label": "Rejected node 12356458092",
        "type": "Missing output tag",
        "osm_element": "https://www.openstreetmap.org/node/12356458092",
        "rejection_reason": "Missing output tag",
        "rejection_details": "tags: {'generator:method': 'wind_turbine', 'generator:source': 'wind', 'power': 'generator'}",
        "rejection_keywords": "none",
        "timestamp": "2026-04-24T03:38:27.482884",
        "element_type": "node",
        "element_id": 12356458092,
        "country": "Uzbekistan",
        "unit_type": "generator"
      }
    },
    {
      "type": "Feature",
      "geometry": {
        "type": "Point",
        "coordinates": [
          64.6601247,
          40.6846735
        ]
      },
      "properties": {
        "label": "Rejected node 12356458089",
        "type": "Missing output tag",
        "osm_element": "https://www.openstreetmap.org/node/12356458089",
        "rejection_reason": "Missing output tag",
        "rejection_details": "tags: {'generator:method': 'wind_turbine', 'generator:source': 'wind', 'power': 'generator'}",
        "rejection_keywords": "none",
        "timestamp": "2026-04-24T03:38:27.482913",
        "element_type": "node",
        "element_id": 12356458089,
        "country": "Uzbekistan",
        "unit_type": "generator"
      }
    },
    {
      "type": "Feature",
      "geometry": {
        "type": "Point",
        "coordinates": [
          64.7442532,
          40.657297
        ]
      },
      "properties": {
        "label": "Rejected node 12356458098",
        "type": "Missing output tag",
        "osm_element": "https://www.openstreetmap.org/node/12356458098",
        "rejection_reason": "Missing output tag",
        "rejection_details": "tags: {'generator:method': 'wind_turbine', 'generator:source': 'wind', 'power': 'generator'}",
        "rejection_keywords": "none",
        "timestamp": "2026-04-24T03:38:27.482940",
        "element_type": "node",
        "element_id": 12356458098,
        "country": "Uzbekistan",
        "unit_type": "generator"
      }
    },
    {
      "type": "Feature",
      "geometry": {
        "type": "Point",
        "coordinates": [
          64.5759208,
          40.678969
        ]
      },
      "properties": {
        "label": "Rejected node 12356459783",
        "type": "Missing output tag",
        "osm_element": "https://www.openstreetmap.org/node/12356459783",
        "rejection_reason": "Missing output tag",
        "rejection_details": "tags: {'generator:method': 'wind_turbine', 'generator:source': 'wind', 'power': 'generator'}",
        "rejection_keywords": "none",
        "timestamp": "2026-04-24T03:38:27.482986",
        "element_type": "node",
        "element_id": 12356459783,
        "country": "Uzbekistan",
        "unit_type": "generator"
      }
    },
    {
      "type": "Feature",
      "geometry": {
        "type": "Point",
        "coordinates": [
          64.6677286,
          40.6641602
        ]
      },
      "properties": {
        "label": "Rejected node 12356458076",
        "type": "Missing output tag",
        "osm_element": "https://www.openstreetmap.org/node/12356458076",
        "rejection_reason": "Missing output tag",
        "rejection_details": "tags: {'generator:method': 'wind_turbine', 'generator:source': 'wind', 'power': 'generator'}",
        "rejection_keywords": "none",
        "timestamp": "2026-04-24T03:38:27.483015",
        "element_type": "node",
        "element_id": 12356458076,
        "country": "Uzbekistan",
        "unit_type": "generator"
      }
    },
    {
      "type": "Feature",
      "geometry": {
        "type": "Point",
        "coordinates": [
          64.6993923,
          40.6750726
        ]
      },
      "properties": {
        "label": "Rejected node 12356458082",
        "type": "Missing output tag",
        "osm_element": "https://www.openstreetmap.org/node/12356458082",
        "rejection_reason": "Missing output tag",
        "rejection_details": "tags: {'generator:method': 'wind_turbine', 'generator:source': 'wind', 'power': 'generator'}",
        "rejection_keywords": "none",
        "timestamp": "2026-04-24T03:38:27.483043",
        "element_type": "node",
        "element_id": 12356458082,
        "country": "Uzbekistan",
        "unit_type": "generator"
      }
    },
    {
      "type": "Feature",
      "geometry": {
        "type": "Point",
        "coordinates": [
          64.7565955,
          40.6479085
        ]
      },
      "properties": {
        "label": "Rejected node 12356458095",
        "type": "Missing output tag",
        "osm_element": "https://www.openstreetmap.org/node/12356458095",
        "rejection_reason": "Missing output tag",
        "rejection_details": "tags: {'generator:method': 'wind_turbine', 'generator:source': 'wind', 'power': 'generator', 'ref': 'T29'}",
        "rejection_keywords": "none",
        "timestamp": "2026-04-24T03:38:27.483072",
        "element_type": "node",
        "element_id": 12356458095,
        "country": "Uzbekistan",
        "unit_type": "generator"
      }
    },
    {
      "type": "Feature",
      "geometry": {
        "type": "Point",
        "coordinates": [
          64.6661758,
          40.6836484
        ]
      },
      "properties": {
        "label": "Rejected node 12356458088",
        "type": "Missing output tag",
        "osm_element": "https://www.openstreetmap.org/node/12356458088",
        "rejection_reason": "Missing output tag",
        "rejection_details": "tags: {'generator:method': 'wind_turbine', 'generator:source': 'wind', 'power': 'generator'}",
        "rejection_keywords": "none",
        "timestamp": "2026-04-24T03:38:27.483099",
        "element_type": "node",
        "element_id": 12356458088,
        "country": "Uzbekistan",
        "unit_type": "generator"
      }
    },
    {
      "type": "Feature",
      "geometry": {
        "type": "Point",
        "coordinates": [
          64.7175918,
          40.6918489
        ]
      },
      "properties": {
        "label": "Rejected node 12356459704",
        "type": "Missing output tag",
        "osm_element": "https://www.openstreetmap.org/node/12356459704",
        "rejection_reason": "Missing output tag",
        "rejection_details": "tags: {'generator:method': 'wind_turbine', 'generator:source': 'wind', 'power': 'generator'}",
        "rejection_keywords": "none",
        "timestamp": "2026-04-24T03:38:27.483127",
        "element_type": "node",
        "element_id": 12356459704,
        "country": "Uzbekistan",
        "unit_type": "generator"
      }
    },
    {
      "type": "Feature",
      "geometry": {
        "type": "Point",
        "coordinates": [
          64.5832808,
          40.6779438
        ]
      },
      "properties": {
        "label": "Rejected node 12356459782",
        "type": "Missing output tag",
        "osm_element": "https://www.openstreetmap.org/node/12356459782",
        "rejection_reason": "Missing output tag",
        "rejection_details": "tags: {'generator:method': 'wind_turbine', 'generator:source': 'wind', 'power': 'generator'}",
        "rejection_keywords": "none",
        "timestamp": "2026-04-24T03:38:27.483155",
        "element_type": "node",
        "element_id": 12356459782,
        "country": "Uzbekistan",
        "unit_type": "generator"
      }
    },
    {
      "type": "Feature",
      "geometry": {
        "type": "Point",
        "coordinates": [
          64.5986015,
          40.6709948
        ]
      },
      "properties": {
        "label": "Rejected node 12356459779",
        "type": "Missing output tag",
        "osm_element": "https://www.openstreetmap.org/node/12356459779",
        "rejection_reason": "Missing output tag",
        "rejection_details": "tags: {'generator:method': 'wind_turbine', 'generator:source': 'wind', 'power': 'generator'}",
        "rejection_keywords": "none",
        "timestamp": "2026-04-24T03:38:27.483182",
        "element_type": "node",
        "element_id": 12356459779,
        "country": "Uzbekistan",
        "unit_type": "generator"
      }
    },
    {
      "type": "Feature",
      "geometry": {
        "type": "Point",
        "coordinates": [
          64.5722301,
          40.6831836
        ]
      },
      "properties": {
        "label": "Rejected node 12356459785",
        "type": "Missing output tag",
        "osm_element": "https://www.openstreetmap.org/node/12356459785",
        "rejection_reason": "Missing output tag",
        "rejection_details": "tags: {'generator:method': 'wind_turbine', 'generator:source': 'wind', 'power': 'generator'}",
        "rejection_keywords": "none",
        "timestamp": "2026-04-24T03:38:27.483209",
        "element_type": "node",
        "element_id": 12356459785,
        "country": "Uzbekistan",
        "unit_type": "generator"
      }
    },
    {
      "type": "Feature",
      "geometry": {
        "type": "Point",
        "coordinates": [
          64.7085976,
          40.6635985
        ]
      },
      "properties": {
        "label": "Rejected node 12356458079",
        "type": "Missing output tag",
        "osm_element": "https://www.openstreetmap.org/node/12356458079",
        "rejection_reason": "Missing output tag",
        "rejection_details": "tags: {'generator:method': 'wind_turbine', 'generator:source': 'wind', 'power': 'generator'}",
        "rejection_keywords": "none",
        "timestamp": "2026-04-24T03:38:27.483236",
        "element_type": "node",
        "element_id": 12356458079,
        "country": "Uzbekistan",
        "unit_type": "generator"
      }
    },
    {
      "type": "Feature",
      "geometry": {
        "type": "Point",
        "coordinates": [
          64.7560787,
          40.693427
        ]
      },
      "properties": {
        "label": "Rejected node 12541020181",
        "type": "Missing output tag",
        "osm_element": "https://www.openstreetmap.org/node/12541020181",
        "rejection_reason": "Missing output tag",
        "rejection_details": "tags: {'generator:method': 'wind_turbine', 'generator:source': 'wind', 'power': 'generator'}",
        "rejection_keywords": "none",
        "timestamp": "2026-04-24T03:38:27.483263",
        "element_type": "node",
        "element_id": 12541020181,
        "country": "Uzbekistan",
        "unit_type": "generator"
      }
    },
    {
      "type": "Feature",
      "geometry": {
        "type": "Point",
        "coordinates": [
          64.6841573,
          40.6801499
        ]
      },
      "properties": {
        "label": "Rejected node 12356458085",
        "type": "Missing output tag",
        "osm_element": "https://www.openstreetmap.org/node/12356458085",
        "rejection_reason": "Missing output tag",
        "rejection_details": "tags: {'generator:method': 'wind_turbine', 'generator:source': 'wind', 'power': 'generator'}",
        "rejection_keywords": "none",
        "timestamp": "2026-04-24T03:38:27.483290",
        "element_type": "node",
        "element_id": 12356458085,
        "country": "Uzbekistan",
        "unit_type": "generator"
      }
    },
    {
      "type": "Feature",
      "geometry": {
        "type": "Point",
        "coordinates": [
          64.7321622,
          40.6737736
        ]
      },
      "properties": {
        "label": "Rejected node 12356459701",
        "type": "Missing output tag",
        "osm_element": "https://www.openstreetmap.org/node/12356459701",
        "rejection_reason": "Missing output tag",
        "rejection_details": "tags: {'generator:method': 'wind_turbine', 'generator:source': 'wind', 'power': 'generator'}",
        "rejection_keywords": "none",
        "timestamp": "2026-04-24T03:38:27.483318",
        "element_type": "node",
        "element_id": 12356459701,
        "country": "Uzbekistan",
        "unit_type": "generator"
      }
    },
    {
      "type": "Feature",
      "geometry": {
        "type": "Point",
        "coordinates": [
          64.614141,
          40.6792711
        ]
      },
      "properties": {
        "label": "Rejected node 12356458094",
        "type": "Missing output tag",
        "osm_element": "https://www.openstreetmap.org/node/12356458094",
        "rejection_reason": "Missing output tag",
        "rejection_details": "tags: {'generator:method': 'wind_turbine', 'generator:source': 'wind', 'power': 'generator'}",
        "rejection_keywords": "none",
        "timestamp": "2026-04-24T03:38:27.483346",
        "element_type": "node",
        "element_id": 12356458094,
        "country": "Uzbekistan",
        "unit_type": "generator"
      }
    },
    {
      "type": "Feature",
      "geometry": {
        "type": "Point",
        "coordinates": [
          64.6448469,
          40.6863495
        ]
      },
      "properties": {
        "label": "Rejected node 12356458091",
        "type": "Missing output tag",
        "osm_element": "https://www.openstreetmap.org/node/12356458091",
        "rejection_reason": "Missing output tag",
        "rejection_details": "tags: {'generator:method': 'wind_turbine', 'generator:source': 'wind', 'power': 'generator'}",
        "rejection_keywords": "none",
        "timestamp": "2026-04-24T03:38:27.483374",
        "element_type": "node",
        "element_id": 12356458091,
        "country": "Uzbekistan",
        "unit_type": "generator"
      }
    },
    {
      "type": "Feature",
      "geometry": {
        "type": "Point",
        "coordinates": [
          64.7369443,
          40.6701041
        ]
      },
      "properties": {
        "label": "Rejected node 12356458100",
        "type": "Missing output tag",
        "osm_element": "https://www.openstreetmap.org/node/12356458100",
        "rejection_reason": "Missing output tag",
        "rejection_details": "tags: {'generator:method': 'wind_turbine', 'generator:source': 'wind', 'power': 'generator'}",
        "rejection_keywords": "none",
        "timestamp": "2026-04-24T03:38:27.483402",
        "element_type": "node",
        "element_id": 12356458100,
        "country": "Uzbekistan",
        "unit_type": "generator"
      }
    },
    {
      "type": "Feature",
      "geometry": {
        "type": "Point",
        "coordinates": [
          64.74816,
          40.6542023
        ]
      },
      "properties": {
        "label": "Rejected node 12356458097",
        "type": "Missing output tag",
        "osm_element": "https://www.openstreetmap.org/node/12356458097",
        "rejection_reason": "Missing output tag",
        "rejection_details": "tags: {'generator:method': 'wind_turbine', 'generator:source': 'wind', 'power': 'generator'}",
        "rejection_keywords": "none",
        "timestamp": "2026-04-24T03:38:27.483430",
        "element_type": "node",
        "element_id": 12356458097,
        "country": "Uzbekistan",
        "unit_type": "generator"
      }
    },
    {
      "type": "Feature",
      "geometry": {
        "type": "Point",
        "coordinates": [
          64.5678742,
          40.6872026
        ]
      },
      "properties": {
        "label": "Rejected node 12356459784",
        "type": "Missing output tag",
        "osm_element": "https://www.openstreetmap.org/node/12356459784",
        "rejection_reason": "Missing output tag",
        "rejection_details": "tags: {'generator:method': 'wind_turbine', 'generator:source': 'wind', 'power': 'generator'}",
        "rejection_keywords": "none",
        "timestamp": "2026-04-24T03:38:27.483458",
        "element_type": "node",
        "element_id": 12356459784,
        "country": "Uzbekistan",
        "unit_type": "generator"
      }
    },
    {
      "type": "Feature",
      "geometry": {
        "type": "Point",
        "coordinates": [
          64.7111296,
          40.6592851
        ]
      },
      "properties": {
        "label": "Rejected node 12356458078",
        "type": "Missing output tag",
        "osm_element": "https://www.openstreetmap.org/node/12356458078",
        "rejection_reason": "Missing output tag",
        "rejection_details": "tags: {'generator:method': 'wind_turbine', 'generator:source': 'wind', 'power': 'generator'}",
        "rejection_keywords": "none",
        "timestamp": "2026-04-24T03:38:27.483486",
        "element_type": "node",
        "element_id": 12356458078,
        "country": "Uzbekistan",
        "unit_type": "generator"
      }
    },
    {
      "type": "Feature",
      "geometry": {
        "type": "Point",
        "coordinates": [
          64.6730091,
          40.6618084
        ]
      },
      "properties": {
        "label": "Rejected node 12356458075",
        "type": "Missing output tag",
        "osm_element": "https://www.openstreetmap.org/node/12356458075",
        "rejection_reason": "Missing output tag",
        "rejection_details": "tags: {'generator:method': 'wind_turbine', 'generator:source': 'wind', 'power': 'generator'}",
        "rejection_keywords": "none",
        "timestamp": "2026-04-24T03:38:27.483514",
        "element_type": "node",
        "element_id": 12356458075,
        "country": "Uzbekistan",
        "unit_type": "generator"
      }
    },
    {
      "type": "Feature",
      "geometry": {
        "type": "Point",
        "coordinates": [
          64.7205233,
          40.6864145
        ]
      },
      "properties": {
        "label": "Rejected node 12541020180",
        "type": "Missing output tag",
        "osm_element": "https://www.openstreetmap.org/node/12541020180",
        "rejection_reason": "Missing output tag",
        "rejection_details": "tags: {'generator:method': 'wind_turbine', 'generator:source': 'wind', 'power': 'generator'}",
        "rejection_keywords": "none",
        "timestamp": "2026-04-24T03:38:27.483542",
        "element_type": "node",
        "element_id": 12541020180,
        "country": "Uzbekistan",
        "unit_type": "generator"
      }
    },
    {
      "type": "Feature",
      "geometry": {
        "type": "Point",
        "coordinates": [
          64.6893501,
          40.6785714
        ]
      },
      "properties": {
        "label": "Rejected node 12356458084",
        "type": "Missing output tag",
        "osm_element": "https://www.openstreetmap.org/node/12356458084",
        "rejection_reason": "Missing output tag",
        "rejection_details": "tags: {'generator:method': 'wind_turbine', 'generator:source': 'wind', 'power': 'generator'}",
        "rejection_keywords": "none",
        "timestamp": "2026-04-24T03:38:27.483569",
        "element_type": "node",
        "element_id": 12356458084,
        "country": "Uzbekistan",
        "unit_type": "generator"
      }
    },
    {
      "type": "Feature",
      "geometry": {
        "type": "Point",
        "coordinates": [
          64.703362,
          40.6718991
        ]
      },
      "properties": {
        "label": "Rejected node 12356458081",
        "type": "Missing output tag",
        "osm_element": "https://www.openstreetmap.org/node/12356458081",
        "rejection_reason": "Missing output tag",
        "rejection_details": "tags: {'generator:method': 'wind_turbine', 'generator:source': 'wind', 'power': 'generator'}",
        "rejection_keywords": "none",
        "timestamp": "2026-04-24T03:38:27.483598",
        "element_type": "node",
        "element_id": 12356458081,
        "country": "Uzbekistan",
        "unit_type": "generator"
      }
    },
    {
      "type": "Feature",
      "geometry": {
        "type": "Point",
        "coordinates": [
          63.4320889,
          40.9057781
        ]
      },
      "properties": {
        "label": "Rejected node 12356431367",
        "type": "Missing output tag",
        "osm_element": "https://www.openstreetmap.org/node/12356431367",
        "rejection_reason": "Missing output tag",
        "rejection_details": "tags: {'generator:method': 'wind_turbine', 'generator:source': 'wind', 'power': 'generator', 'ref': '33'}",
        "rejection_keywords": "none",
        "timestamp": "2026-04-24T03:38:27.486469",
        "element_type": "node",
        "element_id": 12356431367,
        "country": "Uzbekistan",
        "unit_type": "generator"
      }
    },
    {
      "type": "Feature",
      "geometry": {
        "type": "Point",
        "coordinates": [
          63.4707728,
          40.877701
        ]
      },
      "properties": {
        "label": "Rejected node 12356431360",
        "type": "Missing output tag",
        "osm_element": "https://www.openstreetmap.org/node/12356431360",
        "rejection_reason": "Missing output tag",
        "rejection_details": "tags: {'generator:method': 'wind_turbine', 'generator:source': 'wind', 'power': 'generator'}",
        "rejection_keywords": "none",
        "timestamp": "2026-04-24T03:38:27.486506",
        "element_type": "node",
        "element_id": 12356431360,
        "country": "Uzbekistan",
        "unit_type": "generator"
      }
    },
    {
      "type": "Feature",
      "geometry": {
        "type": "Point",
        "coordinates": [
          63.3954405,
          40.9154547
        ]
      },
      "properties": {
        "label": "Rejected node 12356431373",
        "type": "Missing output tag",
        "osm_element": "https://www.openstreetmap.org/node/12356431373",
        "rejection_reason": "Missing output tag",
        "rejection_details": "tags: {'generator:method': 'wind_turbine', 'generator:source': 'wind', 'power': 'generator'}",
        "rejection_keywords": "none",
        "timestamp": "2026-04-24T03:38:27.486540",
        "element_type": "node",
        "element_id": 12356431373,
        "country": "Uzbekistan",
        "unit_type": "generator"
      }
    },
    {
      "type": "Feature",
      "geometry": {
        "type": "Point",
        "coordinates": [
          63.3453313,
          40.9280457
        ]
      },
      "properties": {
        "label": "Rejected node 12356431382",
        "type": "Missing output tag",
        "osm_element": "https://www.openstreetmap.org/node/12356431382",
        "rejection_reason": "Missing output tag",
        "rejection_details": "tags: {'generator:method': 'wind_turbine', 'generator:source': 'wind', 'power': 'generator', 'ref': '17'}",
        "rejection_keywords": "none",
        "timestamp": "2026-04-24T03:38:27.486574",
        "element_type": "node",
        "element_id": 12356431382,
        "country": "Uzbekistan",
        "unit_type": "generator"
      }
    },
    {
      "type": "Feature",
      "geometry": {
        "type": "Point",
        "coordinates": [
          63.3613881,
          40.9245355
        ]
      },
      "properties": {
        "label": "Rejected node 12356431379",
        "type": "Missing output tag",
        "osm_element": "https://www.openstreetmap.org/node/12356431379",
        "rejection_reason": "Missing output tag",
        "rejection_details": "tags: {'generator:method': 'wind_turbine', 'generator:source': 'wind', 'power': 'generator'}",
        "rejection_keywords": "none",
        "timestamp": "2026-04-24T03:38:27.486605",
        "element_type": "node",
        "element_id": 12356431379,
        "country": "Uzbekistan",
        "unit_type": "generator"
      }
    },
    {
      "type": "Feature",
      "geometry": {
        "type": "Point",
        "coordinates": [
          63.3176026,
          40.9190887
        ]
      },
      "properties": {
        "label": "Rejected node 12356431388",
        "type": "Missing output tag",
        "osm_element": "https://www.openstreetmap.org/node/12356431388",
        "rejection_reason": "Missing output tag",
        "rejection_details": "tags: {'generator:method': 'wind_turbine', 'generator:source': 'wind', 'power': 'generator', 'ref': '08'}",
        "rejection_keywords": "none",
        "timestamp": "2026-04-24T03:38:27.486637",
        "element_type": "node",
        "element_id": 12356431388,
        "country": "Uzbekistan",
        "unit_type": "generator"
      }
    },
    {
      "type": "Feature",
      "geometry": {
        "type": "Point",
        "coordinates": [
          63.3207172,
          40.9323987
        ]
      },
      "properties": {
        "label": "Rejected node 12356431385",
        "type": "Missing output tag",
        "osm_element": "https://www.openstreetmap.org/node/12356431385",
        "rejection_reason": "Missing output tag",
        "rejection_details": "tags: {'generator:method': 'wind_turbine', 'generator:source': 'wind', 'power': 'generator'}",
        "rejection_keywords": "none",
        "timestamp": "2026-04-24T03:38:27.486668",
        "element_type": "node",
        "element_id": 12356431385,
        "country": "Uzbekistan",
        "unit_type": "generator"
      }
    },
    {
      "type": "Feature",
      "geometry": {
        "type": "Point",
        "coordinates": [
          63.4837009,
          40.8687614
        ]
      },
      "properties": {
        "label": "Rejected node 12356431357",
        "type": "Missing output tag",
        "osm_element": "https://www.openstreetmap.org/node/12356431357",
        "rejection_reason": "Missing output tag",
        "rejection_details": "tags: {'generator:method': 'wind_turbine', 'generator:source': 'wind', 'power': 'generator'}",
        "rejection_keywords": "none",
        "timestamp": "2026-04-24T03:38:27.486698",
        "element_type": "node",
        "element_id": 12356431357,
        "country": "Uzbekistan",
        "unit_type": "generator"
      }
    },
    {
      "type": "Feature",
      "geometry": {
        "type": "Point",
        "coordinates": [
          63.4458612,
          40.897859
        ]
      },
      "properties": {
        "label": "Rejected node 12356431363",
        "type": "Missing output tag",
        "osm_element": "https://www.openstreetmap.org/node/12356431363",
        "rejection_reason": "Missing output tag",
        "rejection_details": "tags: {'generator:method': 'wind_turbine', 'generator:source': 'wind', 'power': 'generator', 'ref': '36'}",
        "rejection_keywords": "none",
        "timestamp": "2026-04-24T03:38:27.486729",
        "element_type": "node",
        "element_id": 12356431363,
        "country": "Uzbekistan",
        "unit_type": "generator"
      }
    },
    {
      "type": "Feature",
      "geometry": {
        "type": "Point",
        "coordinates": [
          63.3971317,
          40.9108586
        ]
      },
      "properties": {
        "label": "Rejected node 12356431372",
        "type": "Missing output tag",
        "osm_element": "https://www.openstreetmap.org/node/12356431372",
        "rejection_reason": "Missing output tag",
        "rejection_details": "tags: {'generator:method': 'wind_turbine', 'generator:source': 'wind', 'power': 'generator', 'ref': '06'}",
        "rejection_keywords": "none",
        "timestamp": "2026-04-24T03:38:27.486761",
        "element_type": "node",
        "element_id": 12356431372,
        "country": "Uzbekistan",
        "unit_type": "generator"
      }
    },
    {
      "type": "Feature",
      "geometry": {
        "type": "Point",
        "coordinates": [
          63.4179144,
          40.9102318
        ]
      },
      "properties": {
        "label": "Rejected node 12356431369",
        "type": "Missing output tag",
        "osm_element": "https://www.openstreetmap.org/node/12356431369",
        "rejection_reason": "Missing output tag",
        "rejection_details": "tags: {'generator:method': 'wind_turbine', 'generator:source': 'wind', 'power': 'generator'}",
        "rejection_keywords": "none",
        "timestamp": "2026-04-24T03:38:27.486790",
        "element_type": "node",
        "element_id": 12356431369,
        "country": "Uzbekistan",
        "unit_type": "generator"
      }
    },
    {
      "type": "Feature",
      "geometry": {
        "type": "Point",
        "coordinates": [
          63.3671286,
          40.9232084
        ]
      },
      "properties": {
        "label": "Rejected node 12356431378",
        "type": "Missing output tag",
        "osm_element": "https://www.openstreetmap.org/node/12356431378",
        "rejection_reason": "Missing output tag",
        "rejection_details": "tags: {'generator:method': 'wind_turbine', 'generator:source': 'wind', 'power': 'generator'}",
        "rejection_keywords": "none",
        "timestamp": "2026-04-24T03:38:27.486820",
        "element_type": "node",
        "element_id": 12356431378,
        "country": "Uzbekistan",
        "unit_type": "generator"
      }
    },
    {
      "type": "Feature",
      "geometry": {
        "type": "Point",
        "coordinates": [
          63.3363532,
          40.9245475
        ]
      },
      "properties": {
        "label": "Rejected node 12356431391",
        "type": "Missing output tag",
        "osm_element": "https://www.openstreetmap.org/node/12356431391",
        "rejection_reason": "Missing output tag",
        "rejection_details": "tags: {'generator:method': 'wind_turbine', 'generator:source': 'wind', 'power': 'generator', 'ref': '15'}",
        "rejection_keywords": "none",
        "timestamp": "2026-04-24T03:38:27.486851",
        "element_type": "node",
        "element_id": 12356431391,
        "country": "Uzbekistan",
        "unit_type": "generator"
      }
    },
    {
      "type": "Feature",
      "geometry": {
        "type": "Point",
        "coordinates": [
          63.3291365,
          40.9316844
        ]
      },
      "properties": {
        "label": "Rejected node 12356431384",
        "type": "Missing output tag",
        "osm_element": "https://www.openstreetmap.org/node/12356431384",
        "rejection_reason": "Missing output tag",
        "rejection_details": "tags: {'generator:method': 'wind_turbine', 'generator:source': 'wind', 'power': 'generator', 'ref': '14'}",
        "rejection_keywords": "none",
        "timestamp": "2026-04-24T03:38:27.486882",
        "element_type": "node",
        "element_id": 12356431384,
        "country": "Uzbekistan",
        "unit_type": "generator"
      }
    },
    {
      "type": "Feature",
      "geometry": {
        "type": "Point",
        "coordinates": [
          63.4865793,
          40.8655148
        ]
      },
      "properties": {
        "label": "Rejected node 12356431356",
        "type": "Missing output tag",
        "osm_element": "https://www.openstreetmap.org/node/12356431356",
        "rejection_reason": "Missing output tag",
        "rejection_details": "tags: {'generator:method': 'wind_turbine', 'generator:source': 'wind', 'power': 'generator'}",
        "rejection_keywords": "none",
        "timestamp": "2026-04-24T03:38:27.486912",
        "element_type": "node",
        "element_id": 12356431356,
        "country": "Uzbekistan",
        "unit_type": "generator"
      }
    },
    {
      "type": "Feature",
      "geometry": {
        "type": "Point",
        "coordinates": [
          63.4504013,
          40.894995
        ]
      },
      "properties": {
        "label": "Rejected node 12356431362",
        "type": "Missing output tag",
        "osm_element": "https://www.openstreetmap.org/node/12356431362",
        "rejection_reason": "Missing output tag",
        "rejection_details": "tags: {'generator:method': 'wind_turbine', 'generator:source': 'wind', 'power': 'generator', 'ref': '37'}",
        "rejection_keywords": "none",
        "timestamp": "2026-04-24T03:38:27.486943",
        "element_type": "node",
        "element_id": 12356431362,
        "country": "Uzbekistan",
        "unit_type": "generator"
      }
    },
    {
      "type": "Feature",
      "geometry": {
        "type": "Point",
        "coordinates": [
          63.3784631,
          40.9197679
        ]
      },
      "properties": {
        "label": "Rejected node 12356431375",
        "type": "Missing output tag",
        "osm_element": "https://www.openstreetmap.org/node/12356431375",
        "rejection_reason": "Missing output tag",
        "rejection_details": "tags: {'generator:method': 'wind_turbine', 'generator:source': 'wind', 'power': 'generator'}",
        "rejection_keywords": "none",
        "timestamp": "2026-04-24T03:38:27.486994",
        "element_type": "node",
        "element_id": 12356431375,
        "country": "Uzbekistan",
        "unit_type": "generator"
      }
    },
    {
      "type": "Feature",
      "geometry": {
        "type": "Point",
        "coordinates": [
          63.4242077,
          40.9079828
        ]
      },
      "properties": {
        "label": "Rejected node 12356431368",
        "type": "Missing output tag",
        "osm_element": "https://www.openstreetmap.org/node/12356431368",
        "rejection_reason": "Missing output tag",
        "rejection_details": "tags: {'generator:method': 'wind_turbine', 'generator:source': 'wind', 'power': 'generator'}",
        "rejection_keywords": "none",
        "timestamp": "2026-04-24T03:38:27.487027",
        "element_type": "node",
        "element_id": 12356431368,
        "country": "Uzbekistan",
        "unit_type": "generator"
      }
    },
    {
      "type": "Feature",
      "geometry": {
        "type": "Point",
        "coordinates": [
          63.3504439,
          40.927386
        ]
      },
      "properties": {
        "label": "Rejected node 12356431381",
        "type": "Missing output tag",
        "osm_element": "https://www.openstreetmap.org/node/12356431381",
        "rejection_reason": "Missing output tag",
        "rejection_details": "tags: {'generator:method': 'wind_turbine', 'generator:source': 'wind', 'power': 'generator'}",
        "rejection_keywords": "none",
        "timestamp": "2026-04-24T03:38:27.487058",
        "element_type": "node",
        "element_id": 12356431381,
        "country": "Uzbekistan",
        "unit_type": "generator"
      }
    },
    {
      "type": "Feature",
      "geometry": {
        "type": "Point",
        "coordinates": [
          63.2994055,
          40.9256812
        ]
      },
      "properties": {
        "label": "Rejected node 12356431390",
        "type": "Missing output tag",
        "osm_element": "https://www.openstreetmap.org/node/12356431390",
        "rejection_reason": "Missing output tag",
        "rejection_details": "tags: {'generator:method': 'wind_turbine', 'generator:source': 'wind', 'power': 'generator'}",
        "rejection_keywords": "none",
        "timestamp": "2026-04-24T03:38:27.487088",
        "element_type": "node",
        "element_id": 12356431390,
        "country": "Uzbekistan",
        "unit_type": "generator"
      }
    },
    {
      "type": "Feature",
      "geometry": {
        "type": "Point",
        "coordinates": [
          63.3986738,
          40.9020624
        ]
      },
      "properties": {
        "label": "Rejected node 12356431393",
        "type": "Missing output tag",
        "osm_element": "https://www.openstreetmap.org/node/12356431393",
        "rejection_reason": "Missing output tag",
        "rejection_details": "tags: {'generator:method': 'wind_turbine', 'generator:source': 'wind', 'power': 'generator'}",
        "rejection_keywords": "none",
        "timestamp": "2026-04-24T03:38:27.487118",
        "element_type": "node",
        "element_id": 12356431393,
        "country": "Uzbekistan",
        "unit_type": "generator"
      }
    },
    {
      "type": "Feature",
      "geometry": {
        "type": "Point",
        "coordinates": [
          63.4903195,
          40.8631781
        ]
      },
      "properties": {
        "label": "Rejected node 12356431359",
        "type": "Missing output tag",
        "osm_element": "https://www.openstreetmap.org/node/12356431359",
        "rejection_reason": "Missing output tag",
        "rejection_details": "tags: {'generator:method': 'wind_turbine', 'generator:source': 'wind', 'power': 'generator'}",
        "rejection_keywords": "none",
        "timestamp": "2026-04-24T03:38:27.487148",
        "element_type": "node",
        "element_id": 12356431359,
        "country": "Uzbekistan",
        "unit_type": "generator"
      }
    },
    {
      "type": "Feature",
      "geometry": {
        "type": "Point",
        "coordinates": [
          63.4356776,
          40.9029995
        ]
      },
      "properties": {
        "label": "Rejected node 12356431365",
        "type": "Missing output tag",
        "osm_element": "https://www.openstreetmap.org/node/12356431365",
        "rejection_reason": "Missing output tag",
        "rejection_details": "tags: {'generator:method': 'wind_turbine', 'generator:source': 'wind', 'power': 'generator', 'ref': '34'}",
        "rejection_keywords": "none",
        "timestamp": "2026-04-24T03:38:27.487180",
        "element_type": "node",
        "element_id": 12356431365,
        "country": "Uzbekistan",
        "unit_type": "generator"
      }
    },
    {
      "type": "Feature",
      "geometry": {
        "type": "Point",
        "coordinates": [
          63.3897,
          40.9158971
        ]
      },
      "properties": {
        "label": "Rejected node 12356431374",
        "type": "Missing output tag",
        "osm_element": "https://www.openstreetmap.org/node/12356431374",
        "rejection_reason": "Missing output tag",
        "rejection_details": "tags: {'generator:method': 'wind_turbine', 'generator:source': 'wind', 'power': 'generator'}",
        "rejection_keywords": "none",
        "timestamp": "2026-04-24T03:38:27.487210",
        "element_type": "node",
        "element_id": 12356431374,
        "country": "Uzbekistan",
        "unit_type": "generator"
      }
    },
    {
      "type": "Feature",
      "geometry": {
        "type": "Point",
        "coordinates": [
          63.4039454,
          40.9135868
        ]
      },
      "properties": {
        "label": "Rejected node 12356431371",
        "type": "Missing output tag",
        "osm_element": "https://www.openstreetmap.org/node/12356431371",
        "rejection_reason": "Missing output tag",
        "rejection_details": "tags: {'generator:method': 'wind_turbine', 'generator:source': 'wind', 'power': 'generator', 'ref': '28'}",
        "rejection_keywords": "none",
        "timestamp": "2026-04-24T03:38:27.487241",
        "element_type": "node",
        "element_id": 12356431371,
        "country": "Uzbekistan",
        "unit_type": "generator"
      }
    },
    {
      "type": "Feature",
      "geometry": {
        "type": "Point",
        "coordinates": [
          63.3560542,
          40.9258993
        ]
      },
      "properties": {
        "label": "Rejected node 12356431380",
        "type": "Missing output tag",
        "osm_element": "https://www.openstreetmap.org/node/12356431380",
        "rejection_reason": "Missing output tag",
        "rejection_details": "tags: {'generator:method': 'wind_turbine', 'generator:source': 'wind', 'power': 'generator'}",
        "rejection_keywords": "none",
        "timestamp": "2026-04-24T03:38:27.487272",
        "element_type": "node",
        "element_id": 12356431380,
        "country": "Uzbekistan",
        "unit_type": "generator"
      }
    },
    {
      "type": "Feature",
      "geometry": {
        "type": "Point",
        "coordinates": [
          63.3726088,
          40.9217462
        ]
      },
      "properties": {
        "label": "Rejected node 12356431377",
        "type": "Missing output tag",
        "osm_element": "https://www.openstreetmap.org/node/12356431377",
        "rejection_reason": "Missing output tag",
        "rejection_details": "tags: {'generator:method': 'wind_turbine', 'generator:source': 'wind', 'power': 'generator'}",
        "rejection_keywords": "none",
        "timestamp": "2026-04-24T03:38:27.487302",
        "element_type": "node",
        "element_id": 12356431377,
        "country": "Uzbekistan",
        "unit_type": "generator"
      }
    },
    {
      "type": "Feature",
      "geometry": {
        "type": "Point",
        "coordinates": [
          63.4096028,
          40.9050477
        ]
      },
      "properties": {
        "label": "Rejected node 12356431392",
        "type": "Missing output tag",
        "osm_element": "https://www.openstreetmap.org/node/12356431392",
        "rejection_reason": "Missing output tag",
        "rejection_details": "tags: {'generator:method': 'wind_turbine', 'generator:source': 'wind', 'power': 'generator', 'ref': '61'}",
        "rejection_keywords": "none",
        "timestamp": "2026-04-24T03:38:27.487334",
        "element_type": "node",
        "element_id": 12356431392,
        "country": "Uzbekistan",
        "unit_type": "generator"
      }
    },
    {
      "type": "Feature",
      "geometry": {
        "type": "Point",
        "coordinates": [
          63.4439984,
          40.9021816
        ]
      },
      "properties": {
        "label": "Rejected node 12356431364",
        "type": "Missing output tag",
        "osm_element": "https://www.openstreetmap.org/node/12356431364",
        "rejection_reason": "Missing output tag",
        "rejection_details": "tags: {'generator:method': 'wind_turbine', 'generator:source': 'wind', 'power': 'generator', 'ref': '35'}",
        "rejection_keywords": "none",
        "timestamp": "2026-04-24T03:38:27.487366",
        "element_type": "node",
        "element_id": 12356431364,
        "country": "Uzbekistan",
        "unit_type": "generator"
      }
    },
    {
      "type": "Feature",
      "geometry": {
        "type": "Point",
        "coordinates": [
          63.4577605,
          40.8930215
        ]
      },
      "properties": {
        "label": "Rejected node 12356431361",
        "type": "Missing output tag",
        "osm_element": "https://www.openstreetmap.org/node/12356431361",
        "rejection_reason": "Missing output tag",
        "rejection_details": "tags: {'generator:method': 'wind_turbine', 'generator:source': 'wind', 'power': 'generator', 'ref': '38'}",
        "rejection_keywords": "none",
        "timestamp": "2026-04-24T03:38:27.487397",
        "element_type": "node",
        "element_id": 12356431361,
        "country": "Uzbekistan",
        "unit_type": "generator"
      }
    },
    {
      "type": "Feature",
      "geometry": {
        "type": "Point",
        "coordinates": [
          63.4119138,
          40.9124316
        ]
      },
      "properties": {
        "label": "Rejected node 12356431370",
        "type": "Missing output tag",
        "osm_element": "https://www.openstreetmap.org/node/12356431370",
        "rejection_reason": "Missing output tag",
        "rejection_details": "tags: {'generator:method': 'wind_turbine', 'generator:source': 'wind', 'power': 'generator', 'ref': '30'}",
        "rejection_keywords": "none",
        "timestamp": "2026-04-24T03:38:27.487428",
        "element_type": "node",
        "element_id": 12356431370,
        "country": "Uzbekistan",
        "unit_type": "generator"
      }
    },
    {
      "type": "Feature",
      "geometry": {
        "type": "Point",
        "coordinates": [
          63.3382758,
          40.9302996
        ]
      },
      "properties": {
        "label": "Rejected node 12356431383",
        "type": "Missing output tag",
        "osm_element": "https://www.openstreetmap.org/node/12356431383",
        "rejection_reason": "Missing output tag",
        "rejection_details": "tags: {'generator:method': 'wind_turbine', 'generator:source': 'wind', 'power': 'generator', 'ref': '16'}",
        "rejection_keywords": "none",
        "timestamp": "2026-04-24T03:38:27.487465",
        "element_type": "node",
        "element_id": 12356431383,
        "country": "Uzbekistan",
        "unit_type": "generator"
      }
    },
    {
      "type": "Feature",
      "geometry": {
        "type": "Point",
        "coordinates": [
          63.3831465,
          40.9167573
        ]
      },
      "properties": {
        "label": "Rejected node 12356431376",
        "type": "Missing output tag",
        "osm_element": "https://www.openstreetmap.org/node/12356431376",
        "rejection_reason": "Missing output tag",
        "rejection_details": "tags: {'generator:method': 'wind_turbine', 'generator:source': 'wind', 'power': 'generator'}",
        "rejection_keywords": "none",
        "timestamp": "2026-04-24T03:38:27.487495",
        "element_type": "node",
        "element_id": 12356431376,
        "country": "Uzbekistan",
        "unit_type": "generator"
      }
    },
    {
      "type": "Feature",
      "geometry": {
        "type": "Point",
        "coordinates": [
          63.3092014,
          40.9220495
        ]
      },
      "properties": {
        "label": "Rejected node 12356431389",
        "type": "Missing output tag",
        "osm_element": "https://www.openstreetmap.org/node/12356431389",
        "rejection_reason": "Missing output tag",
        "rejection_details": "tags: {'generator:method': 'wind_turbine', 'generator:source': 'wind', 'power': 'generator', 'ref': '07'}",
        "rejection_keywords": "none",
        "timestamp": "2026-04-24T03:38:27.487528",
        "element_type": "node",
        "element_id": 12356431389,
        "country": "Uzbekistan",
        "unit_type": "generator"
      }
    },
    {
      "type": "Feature",
      "geometry": {
        "type": "Point",
        "coordinates": [
          60.5823307,
          42.1101325
        ]
      },
      "properties": {
        "label": "Rejected node 12356428094",
        "type": "Missing output tag",
        "osm_element": "https://www.openstreetmap.org/node/12356428094",
        "rejection_reason": "Missing output tag",
        "rejection_details": "tags: {'generator:method': 'wind_turbine', 'generator:source': 'wind', 'power': 'generator'}",
        "rejection_keywords": "none",
        "timestamp": "2026-04-24T03:38:27.489422",
        "element_type": "node",
        "element_id": 12356428094,
        "country": "Uzbekistan",
        "unit_type": "generator"
      }
    },
    {
      "type": "Feature",
      "geometry": {
        "type": "Point",
        "coordinates": [
          60.5408959,
          42.121354
        ]
      },
      "properties": {
        "label": "Rejected node 12356428100",
        "type": "Missing output tag",
        "osm_element": "https://www.openstreetmap.org/node/12356428100",
        "rejection_reason": "Missing output tag",
        "rejection_details": "tags: {'generator:method': 'wind_turbine', 'generator:source': 'wind', 'power': 'generator'}",
        "rejection_keywords": "none",
        "timestamp": "2026-04-24T03:38:27.489462",
        "element_type": "node",
        "element_id": 12356428100,
        "country": "Uzbekistan",
        "unit_type": "generator"
      }
    },
    {
      "type": "Feature",
      "geometry": {
        "type": "Point",
        "coordinates": [
          60.5719666,
          42.1135549
        ]
      },
      "properties": {
        "label": "Rejected node 12356428097",
        "type": "Missing output tag",
        "osm_element": "https://www.openstreetmap.org/node/12356428097",
        "rejection_reason": "Missing output tag",
        "rejection_details": "tags: {'generator:method': 'wind_turbine', 'generator:source': 'wind', 'power': 'generator'}",
        "rejection_keywords": "none",
        "timestamp": "2026-04-24T03:38:27.489497",
        "element_type": "node",
        "element_id": 12356428097,
        "country": "Uzbekistan",
        "unit_type": "generator"
      }
    },
    {
      "type": "Feature",
      "geometry": {
        "type": "Point",
        "coordinates": [
          60.5746274,
          42.1027618
        ]
      },
      "properties": {
        "label": "Rejected node 12356428096",
        "type": "Missing output tag",
        "osm_element": "https://www.openstreetmap.org/node/12356428096",
        "rejection_reason": "Missing output tag",
        "rejection_details": "tags: {'generator:method': 'wind_turbine', 'generator:source': 'wind', 'power': 'generator'}",
        "rejection_keywords": "none",
        "timestamp": "2026-04-24T03:38:27.489530",
        "element_type": "node",
        "element_id": 12356428096,
        "country": "Uzbekistan",
        "unit_type": "generator"
      }
    },
    {
      "type": "Feature",
      "geometry": {
        "type": "Point",
        "coordinates": [
          60.5534373,
          42.0947223
        ]
      },
      "properties": {
        "label": "Rejected node 12356488803",
        "type": "Missing output tag",
        "osm_element": "https://www.openstreetmap.org/node/12356488803",
        "rejection_reason": "Missing output tag",
        "rejection_details": "tags: {'generator:method': 'wind_turbine', 'generator:source': 'wind', 'power': 'generator'}",
        "rejection_keywords": "none",
        "timestamp": "2026-04-24T03:38:27.489563",
        "element_type": "node",
        "element_id": 12356488803,
        "country": "Uzbekistan",
        "unit_type": "generator"
      }
    },
    {
      "type": "Feature",
      "geometry": {
        "type": "Point",
        "coordinates": [
          60.5914073,
          42.1071079
        ]
      },
      "properties": {
        "label": "Rejected node 12356428093",
        "type": "Missing output tag",
        "osm_element": "https://www.openstreetmap.org/node/12356428093",
        "rejection_reason": "Missing output tag",
        "rejection_details": "tags: {'generator:method': 'wind_turbine', 'generator:source': 'wind', 'power': 'generator'}",
        "rejection_keywords": "none",
        "timestamp": "2026-04-24T03:38:27.489597",
        "element_type": "node",
        "element_id": 12356428093,
        "country": "Uzbekistan",
        "unit_type": "generator"
      }
    },
    {
      "type": "Feature",
      "geometry": {
        "type": "Point",
        "coordinates": [
          60.5519681,
          42.1194123
        ]
      },
      "properties": {
        "label": "Rejected node 12356428099",
        "type": "Missing output tag",
        "osm_element": "https://www.openstreetmap.org/node/12356428099",
        "rejection_reason": "Missing output tag",
        "rejection_details": "tags: {'generator:method': 'wind_turbine', 'generator:source': 'wind', 'power': 'generator'}",
        "rejection_keywords": "none",
        "timestamp": "2026-04-24T03:38:27.489630",
        "element_type": "node",
        "element_id": 12356428099,
        "country": "Uzbekistan",
        "unit_type": "generator"
      }
    },
    {
      "type": "Feature",
      "geometry": {
        "type": "Point",
        "coordinates": [
          60.5656876,
          42.0950698
        ]
      },
      "properties": {
        "label": "Rejected node 12356488802",
        "type": "Missing output tag",
        "osm_element": "https://www.openstreetmap.org/node/12356488802",
        "rejection_reason": "Missing output tag",
        "rejection_details": "tags: {'generator:method': 'wind_turbine', 'generator:source': 'wind', 'power': 'generator'}",
        "rejection_keywords": "none",
        "timestamp": "2026-04-24T03:38:27.489662",
        "element_type": "node",
        "element_id": 12356488802,
        "country": "Uzbekistan",
        "unit_type": "generator"
      }
    },
    {
      "type": "Feature",
      "geometry": {
        "type": "Point",
        "coordinates": [
          60.5786541,
          42.0895578
        ]
      },
      "properties": {
        "label": "Rejected node 12356428092",
        "type": "Missing output tag",
        "osm_element": "https://www.openstreetmap.org/node/12356428092",
        "rejection_reason": "Missing output tag",
        "rejection_details": "tags: {'generator:method': 'wind_turbine', 'generator:source': 'wind', 'power': 'generator'}",
        "rejection_keywords": "none",
        "timestamp": "2026-04-24T03:38:27.489697",
        "element_type": "node",
        "element_id": 12356428092,
        "country": "Uzbekistan",
        "unit_type": "generator"
      }
    },
    {
      "type": "Feature",
      "geometry": {
        "type": "Point",
        "coordinates": [
          60.5623321,
          42.1168179
        ]
      },
      "properties": {
        "label": "Rejected node 12356428098",
        "type": "Missing output tag",
        "osm_element": "https://www.openstreetmap.org/node/12356428098",
        "rejection_reason": "Missing output tag",
        "rejection_details": "tags: {'generator:method': 'wind_turbine', 'generator:source': 'wind', 'power': 'generator'}",
        "rejection_keywords": "none",
        "timestamp": "2026-04-24T03:38:27.489730",
        "element_type": "node",
        "element_id": 12356428098,
        "country": "Uzbekistan",
        "unit_type": "generator"
      }
    },
    {
      "type": "Feature",
      "geometry": {
        "type": "Point",
        "coordinates": [
          60.5272854,
          42.0945852
        ]
      },
      "properties": {
        "label": "Rejected node 12356488805",
        "type": "Missing output tag",
        "osm_element": "https://www.openstreetmap.org/node/12356488805",
        "rejection_reason": "Missing output tag",
        "rejection_details": "tags: {'generator:method': 'wind_turbine', 'generator:source': 'wind', 'power': 'generator'}",
        "rejection_keywords": "none",
        "timestamp": "2026-04-24T03:38:27.489763",
        "element_type": "node",
        "element_id": 12356488805,
        "country": "Uzbekistan",
        "unit_type": "generator"
      }
    },
    {
      "type": "Feature",
      "geometry": {
        "type": "Point",
        "coordinates": [
          60.5855279,
          42.0981129
        ]
      },
      "properties": {
        "label": "Rejected node 12356428095",
        "type": "Missing output tag",
        "osm_element": "https://www.openstreetmap.org/node/12356428095",
        "rejection_reason": "Missing output tag",
        "rejection_details": "tags: {'generator:method': 'wind_turbine', 'generator:source': 'wind', 'power': 'generator'}",
        "rejection_keywords": "none",
        "timestamp": "2026-04-24T03:38:27.489795",
        "element_type": "node",
        "element_id": 12356428095,
        "country": "Uzbekistan",
        "unit_type": "generator"
      }
    },
    {
      "type": "Feature",
      "geometry": {
        "type": "Point",
        "coordinates": [
          60.5399547,
          42.0948321
        ]
      },
      "properties": {
        "label": "Rejected node 12356488804",
        "type": "Missing output tag",
        "osm_element": "https://www.openstreetmap.org/node/12356488804",
        "rejection_reason": "Missing output tag",
        "rejection_details": "tags: {'generator:method': 'wind_turbine', 'generator:source': 'wind', 'power': 'generator'}",
        "rejection_keywords": "none",
        "timestamp": "2026-04-24T03:38:27.489828",
        "element_type": "node",
        "element_id": 12356488804,
        "country": "Uzbekistan",
        "unit_type": "generator"
      }
    },
    {
      "type": "Feature",
      "geometry": {
        "type": "Point",
        "coordinates": [
          60.5312829,
          42.1218474
        ]
      },
      "properties": {
        "label": "Rejected node 12356488801",
        "type": "Missing output tag",
        "osm_element": "https://www.openstreetmap.org/node/12356488801",
        "rejection_reason": "Missing output tag",
        "rejection_details": "tags: {'generator:method': 'wind_turbine', 'generator:source': 'wind', 'power': 'generator'}",
        "rejection_keywords": "none",
        "timestamp": "2026-04-24T03:38:27.489861",
        "element_type": "node",
        "element_id": 12356488801,
        "country": "Uzbekistan",
        "unit_type": "generator"
      }
    },
    {
      "type": "Feature",
      "geometry": {
        "type": "Point",
        "coordinates": [
          69.23504773850482,
          41.30022406766597
        ]
      },
      "properties": {
        "label": "Rejected way 89040467",
        "type": "Missing source tag",
        "osm_element": "https://www.openstreetmap.org/way/89040467",
        "rejection_reason": "Missing source tag",
        "rejection_details": "tags: {'landuse': 'industrial', 'power': 'plant'}",
        "rejection_keywords": "none",
        "timestamp": "2026-04-24T03:38:27.490698",
        "element_type": "way",
        "element_id": 89040467,
        "country": "Uzbekistan",
        "unit_type": "plant"
      }
    },
    {
      "type": "Feature",
      "geometry": {
        "type": "Point",
        "coordinates": [
          69.4588205689064,
          41.399434522746134
        ]
      },
      "properties": {
        "label": "Rejected way 106225207",
        "type": "Missing output tag",
        "osm_element": "https://www.openstreetmap.org/way/106225207",
        "rejection_reason": "Missing output tag",
        "rejection_details": "tags: {'name': 'Кибрайская ГЭС -11 Аккавак-3', 'name:ru': 'Кибрайская ГЭС -11 Аккавак-3', 'plant:method': 'run-of-the-river', 'plant:source': 'hydro', 'power': 'plant'}",
        "rejection_keywords": "none",
        "timestamp": "2026-04-24T03:38:27.493020",
        "element_type": "way",
        "element_id": 106225207,
        "country": "Uzbekistan",
        "unit_type": "plant"
      }
    },
    {
      "type": "Feature",
      "geometry": {
        "type": "Point",
        "coordinates": [
          69.25376268590237,
          41.30526005412379
        ]
      },
      "properties": {
        "label": "Rejected way 106628964",
        "type": "Missing output tag",
        "osm_element": "https://www.openstreetmap.org/way/106628964",
        "rejection_reason": "Missing output tag",
        "rejection_details": "tags: {'name': 'Бурджарская ГЭС', 'name:ru': 'Бурджарская ГЭС', 'plant:method': 'run-of-the-river', 'plant:source': 'hydro', 'power': 'plant', 'wikidata': 'Q20536162', 'wikipedia': 'ru:Бурджарская ГЭС'}",
        "rejection_keywords": "none",
        "timestamp": "2026-04-24T03:38:27.493264",
        "element_type": "way",
        "element_id": 106628964,
        "country": "Uzbekistan",
        "unit_type": "plant"
      }
    },
    {
      "type": "Feature",
      "geometry": {
        "type": "Point",
        "coordinates": [
          69.3545395,
          41.37758650000001
        ]
      },
      "properties": {
        "label": "Rejected way 135422301",
        "type": "Missing output tag",
        "osm_element": "https://www.openstreetmap.org/way/135422301",
        "rejection_reason": "Missing output tag",
        "rejection_details": "tags: {'designation': 'СаларГЭС', 'name': 'Salar (HPP-12)', 'plant:source': 'hydro', 'power': 'plant'}",
        "rejection_keywords": "none",
        "timestamp": "2026-04-24T03:38:27.493447",
        "element_type": "way",
        "element_id": 135422301,
        "country": "Uzbekistan",
        "unit_type": "plant"
      }
    },
    {
      "type": "Feature",
      "geometry": {
        "type": "Point",
        "coordinates": [
          69.25908804379739,
          41.36837880562403
        ]
      },
      "properties": {
        "label": "Rejected way 135961044",
        "type": "Capacity placeholder value",
        "osm_element": "https://www.openstreetmap.org/way/135961044",
        "rejection_reason": "Capacity placeholder value",
        "rejection_details": "Tag 'plant:output:electricity' contains placeholder value 'yes' instead of actual capacity",
        "rejection_keywords": "yes",
        "timestamp": "2026-04-24T03:38:27.493799",
        "element_type": "way",
        "element_id": 135961044,
        "country": "Uzbekistan",
        "unit_type": "plant"
      }
    },
    {
      "type": "Feature",
      "geometry": {
        "type": "Point",
        "coordinates": [
          69.35943716982966,
          41.32435713967783
        ]
      },
      "properties": {
        "label": "Rejected way 136160131",
        "type": "Missing output tag",
        "osm_element": "https://www.openstreetmap.org/way/136160131",
        "rejection_reason": "Missing output tag",
        "rejection_details": "tags: {'landuse': 'industrial', 'name': 'ТЦ-2 «Карасу»', 'name:ru': 'ТЦ-2 «Карасу»', 'plant:output:hot_water': 'yes', 'plant:source': 'gas', 'power': 'plant'}",
        "rejection_keywords": "none",
        "timestamp": "2026-04-24T03:38:27.494047",
        "element_type": "way",
        "element_id": 136160131,
        "country": "Uzbekistan",
        "unit_type": "plant"
      }
    },
    {
      "type": "Feature",
      "geometry": {
        "type": "Point",
        "coordinates": [
          69.25613621690036,
          41.27499372013574
        ]
      },
      "properties": {
        "label": "Rejected way 145115616",
        "type": "Capacity placeholder value",
        "osm_element": "https://www.openstreetmap.org/way/145115616",
        "rejection_reason": "Capacity placeholder value",
        "rejection_details": "Tag 'plant:output:electricity' contains placeholder value 'yes' instead of actual capacity",
        "rejection_keywords": "yes",
        "timestamp": "2026-04-24T03:38:27.494741",
        "element_type": "way",
        "element_id": 145115616,
        "country": "Uzbekistan",
        "unit_type": "plant"
      }
    },
    {
      "type": "Feature",
      "geometry": {
        "type": "Point",
        "coordinates": [
          66.8579103,
          39.6705227
        ]
      },
      "properties": {
        "label": "Rejected way 167884215",
        "type": "Missing source tag",
        "osm_element": "https://www.openstreetmap.org/way/167884215",
        "rejection_reason": "Missing source tag",
        "rejection_details": "tags: {'landuse': 'industrial', 'power': 'plant'}",
        "rejection_keywords": "none",
        "timestamp": "2026-04-24T03:38:27.495165",
        "element_type": "way",
        "element_id": 167884215,
        "country": "Uzbekistan",
        "unit_type": "plant"
      }
    },
    {
      "type": "Feature",
      "geometry": {
        "type": "Point",
        "coordinates": [
          69.27030895229947,
          41.327254228144014
        ]
      },
      "properties": {
        "label": "Rejected way 181638083",
        "type": "Capacity placeholder value",
        "osm_element": "https://www.openstreetmap.org/way/181638083",
        "rejection_reason": "Capacity placeholder value",
        "rejection_details": "Tag 'plant:output:electricity' contains placeholder value 'yes' instead of actual capacity",
        "rejection_keywords": "yes",
        "timestamp": "2026-04-24T03:38:27.497883",
        "element_type": "way",
        "element_id": 181638083,
        "country": "Uzbekistan",
        "unit_type": "plant"
      }
    },
    {
      "type": "Feature",
      "geometry": {
        "type": "Point",
        "coordinates": [
          69.09682983958851,
          41.209253131749286
        ]
      },
      "properties": {
        "label": "Rejected way 187646395",
        "type": "Capacity placeholder value",
        "osm_element": "https://www.openstreetmap.org/way/187646395",
        "rejection_reason": "Capacity placeholder value",
        "rejection_details": "Tag 'plant:output:electricity' contains placeholder value 'yes' instead of actual capacity",
        "rejection_keywords": "yes",
        "timestamp": "2026-04-24T03:38:27.498100",
        "element_type": "way",
        "element_id": 187646395,
        "country": "Uzbekistan",
        "unit_type": "plant"
      }
    },
    {
      "type": "Feature",
      "geometry": {
        "type": "Point",
        "coordinates": [
          69.11477729574301,
          41.23839990211825
        ]
      },
      "properties": {
        "label": "Rejected way 187647108",
        "type": "Capacity placeholder value",
        "osm_element": "https://www.openstreetmap.org/way/187647108",
        "rejection_reason": "Capacity placeholder value",
        "rejection_details": "Tag 'plant:output:electricity' contains placeholder value 'yes' instead of actual capacity",
        "rejection_keywords": "yes",
        "timestamp": "2026-04-24T03:38:27.498302",
        "element_type": "way",
        "element_id": 187647108,
        "country": "Uzbekistan",
        "unit_type": "plant"
      }
    },
    {
      "type": "Feature",
      "geometry": {
        "type": "Point",
        "coordinates": [
          69.39639329732708,
          41.388837066014275
        ]
      },
      "properties": {
        "label": "Rejected way 198550668",
        "type": "Capacity placeholder value",
        "osm_element": "https://www.openstreetmap.org/way/198550668",
        "rejection_reason": "Capacity placeholder value",
        "rejection_details": "Tag 'plant:output:electricity' contains placeholder value 'yes' instead of actual capacity",
        "rejection_keywords": "yes",
        "timestamp": "2026-04-24T03:38:27.498661",
        "element_type": "way",
        "element_id": 198550668,
        "country": "Uzbekistan",
        "unit_type": "plant"
      }
    },
    {
      "type": "Feature",
      "geometry": {
        "type": "Point",
        "coordinates": [
          69.52469620194967,
          41.422523983836655
        ]
      },
      "properties": {
        "label": "Rejected way 215351645",
        "type": "Capacity placeholder value",
        "osm_element": "https://www.openstreetmap.org/way/215351645",
        "rejection_reason": "Capacity placeholder value",
        "rejection_details": "Tag 'plant:output:electricity' contains placeholder value 'yes' instead of actual capacity",
        "rejection_keywords": "yes",
        "timestamp": "2026-04-24T03:38:27.498872",
        "element_type": "way",
        "element_id": 215351645,
        "country": "Uzbekistan",
        "unit_type": "plant"
      }
    },
    {
      "type": "Feature",
      "geometry": {
        "type": "Point",
        "coordinates": [
          70.12717042020375,
          41.0169482298949
        ]
      },
      "properties": {
        "label": "Rejected way 221530255",
        "type": "Missing source tag",
        "osm_element": "https://www.openstreetmap.org/way/221530255",
        "rejection_reason": "Missing source tag",
        "rejection_details": "tags: {'power': 'plant'}",
        "rejection_keywords": "none",
        "timestamp": "2026-04-24T03:38:27.499060",
        "element_type": "way",
        "element_id": 221530255,
        "country": "Uzbekistan",
        "unit_type": "plant"
      }
    },
    {
      "type": "Feature",
      "geometry": {
        "type": "Point",
        "coordinates": [
          69.26593372461531,
          40.22483240008412
        ]
      },
      "properties": {
        "label": "Rejected way 240228668",
        "type": "Missing source tag",
        "osm_element": "https://www.openstreetmap.org/way/240228668",
        "rejection_reason": "Missing source tag",
        "rejection_details": "tags: {'landuse': 'industrial', 'name': 'Котельная', 'plant:output:hot_water': 'yes', 'power': 'plant'}",
        "rejection_keywords": "none",
        "timestamp": "2026-04-24T03:38:27.500437",
        "element_type": "way",
        "element_id": 240228668,
        "country": "Uzbekistan",
        "unit_type": "plant"
      }
    },
    {
      "type": "Feature",
      "geometry": {
        "type": "Point",
        "coordinates": [
          69.72765781239924,
          41.218635970905986
        ]
      },
      "properties": {
        "label": "Rejected way 240350654",
        "type": "Missing source tag",
        "osm_element": "https://www.openstreetmap.org/way/240350654",
        "rejection_reason": "Missing source tag",
        "rejection_details": "tags: {'power': 'plant'}",
        "rejection_keywords": "none",
        "timestamp": "2026-04-24T03:38:27.500598",
        "element_type": "way",
        "element_id": 240350654,
        "country": "Uzbekistan",
        "unit_type": "plant"
      }
    },
    {
      "type": "Feature",
      "geometry": {
        "type": "Point",
        "coordinates": [
          70.08973578211558,
          41.116488670394965
        ]
      },
      "properties": {
        "label": "Rejected way 243917403",
        "type": "Missing source tag",
        "osm_element": "https://www.openstreetmap.org/way/243917403",
        "rejection_reason": "Missing source tag",
        "rejection_details": "tags: {'generator:output:electricity': 'yes', 'generator:output:hot_water': 'yes', 'landuse': 'industrial', 'power': 'plant'}",
        "rejection_keywords": "none",
        "timestamp": "2026-04-24T03:38:27.500774",
        "element_type": "way",
        "element_id": 243917403,
        "country": "Uzbekistan",
        "unit_type": "plant"
      }
    },
    {
      "type": "Feature",
      "geometry": {
        "type": "Point",
        "coordinates": [
          69.16074839778308,
          40.220760186838405
        ]
      },
      "properties": {
        "label": "Rejected way 244339655",
        "type": "Capacity placeholder value",
        "osm_element": "https://www.openstreetmap.org/way/244339655",
        "rejection_reason": "Capacity placeholder value",
        "rejection_details": "Tag 'plant:output:electricity' contains placeholder value 'yes' instead of actual capacity",
        "rejection_keywords": "yes",
        "timestamp": "2026-04-24T03:38:27.500975",
        "element_type": "way",
        "element_id": 244339655,
        "country": "Uzbekistan",
        "unit_type": "plant"
      }
    },
    {
      "type": "Feature",
      "geometry": {
        "type": "Point",
        "coordinates": [
          69.99619363118732,
          41.017219582045854
        ]
      },
      "properties": {
        "label": "Rejected way 244651208",
        "type": "Missing source tag",
        "osm_element": "https://www.openstreetmap.org/way/244651208",
        "rejection_reason": "Missing source tag",
        "rejection_details": "tags: {'power': 'plant'}",
        "rejection_keywords": "none",
        "timestamp": "2026-04-24T03:38:27.501139",
        "element_type": "way",
        "element_id": 244651208,
        "country": "Uzbekistan",
        "unit_type": "plant"
      }
    },
    {
      "type": "Feature",
      "geometry": {
        "type": "Point",
        "coordinates": [
          70.11978250926842,
          41.05683967523935
        ]
      },
      "properties": {
        "label": "Rejected way 244816300",
        "type": "Missing source tag",
        "osm_element": "https://www.openstreetmap.org/way/244816300",
        "rejection_reason": "Missing source tag",
        "rejection_details": "tags: {'power': 'plant'}",
        "rejection_keywords": "none",
        "timestamp": "2026-04-24T03:38:27.501304",
        "element_type": "way",
        "element_id": 244816300,
        "country": "Uzbekistan",
        "unit_type": "plant"
      }
    },
    {
      "type": "Feature",
      "geometry": {
        "type": "Point",
        "coordinates": [
          70.12582872745752,
          41.03337895512432
        ]
      },
      "properties": {
        "label": "Rejected way 244914288",
        "type": "Missing source tag",
        "osm_element": "https://www.openstreetmap.org/way/244914288",
        "rejection_reason": "Missing source tag",
        "rejection_details": "tags: {'power': 'plant'}",
        "rejection_keywords": "none",
        "timestamp": "2026-04-24T03:38:27.501461",
        "element_type": "way",
        "element_id": 244914288,
        "country": "Uzbekistan",
        "unit_type": "plant"
      }
    },
    {
      "type": "Feature",
      "geometry": {
        "type": "Point",
        "coordinates": [
          70.20477364267605,
          41.04859118649253
        ]
      },
      "properties": {
        "label": "Rejected way 244919773",
        "type": "Capacity placeholder value",
        "osm_element": "https://www.openstreetmap.org/way/244919773",
        "rejection_reason": "Capacity placeholder value",
        "rejection_details": "Tag 'plant:output:electricity' contains placeholder value 'yes' instead of actual capacity",
        "rejection_keywords": "yes",
        "timestamp": "2026-04-24T03:38:27.501647",
        "element_type": "way",
        "element_id": 244919773,
        "country": "Uzbekistan",
        "unit_type": "plant"
      }
    },
    {
      "type": "Feature",
      "geometry": {
        "type": "Point",
        "coordinates": [
          70.35974230000001,
          40.9907314
        ]
      },
      "properties": {
        "label": "Rejected way 245168622",
        "type": "Missing source tag",
        "osm_element": "https://www.openstreetmap.org/way/245168622",
        "rejection_reason": "Missing source tag",
        "rejection_details": "tags: {'power': 'plant'}",
        "rejection_keywords": "none",
        "timestamp": "2026-04-24T03:38:27.501803",
        "element_type": "way",
        "element_id": 245168622,
        "country": "Uzbekistan",
        "unit_type": "plant"
      }
    },
    {
      "type": "Feature",
      "geometry": {
        "type": "Point",
        "coordinates": [
          70.15771204056331,
          41.02297946722485
        ]
      },
      "properties": {
        "label": "Rejected way 245596575",
        "type": "Missing source tag",
        "osm_element": "https://www.openstreetmap.org/way/245596575",
        "rejection_reason": "Missing source tag",
        "rejection_details": "tags: {'power': 'plant'}",
        "rejection_keywords": "none",
        "timestamp": "2026-04-24T03:38:27.501991",
        "element_type": "way",
        "element_id": 245596575,
        "country": "Uzbekistan",
        "unit_type": "plant"
      }
    },
    {
      "type": "Feature",
      "geometry": {
        "type": "Point",
        "coordinates": [
          70.15423523428798,
          41.023797317130104
        ]
      },
      "properties": {
        "label": "Rejected way 245764662",
        "type": "Missing source tag",
        "osm_element": "https://www.openstreetmap.org/way/245764662",
        "rejection_reason": "Missing source tag",
        "rejection_details": "tags: {'power': 'plant'}",
        "rejection_keywords": "none",
        "timestamp": "2026-04-24T03:38:27.502377",
        "element_type": "way",
        "element_id": 245764662,
        "country": "Uzbekistan",
        "unit_type": "plant"
      }
    },
    {
      "type": "Feature",
      "geometry": {
        "type": "Point",
        "coordinates": [
          70.12060952504218,
          41.02278184319245
        ]
      },
      "properties": {
        "label": "Rejected way 245930391",
        "type": "Missing source tag",
        "osm_element": "https://www.openstreetmap.org/way/245930391",
        "rejection_reason": "Missing source tag",
        "rejection_details": "tags: {'power': 'plant'}",
        "rejection_keywords": "none",
        "timestamp": "2026-04-24T03:38:27.502536",
        "element_type": "way",
        "element_id": 245930391,
        "country": "Uzbekistan",
        "unit_type": "plant"
      }
    },
    {
      "type": "Feature",
      "geometry": {
        "type": "Point",
        "coordinates": [
          70.09605149114347,
          41.029187311590114
        ]
      },
      "properties": {
        "label": "Rejected way 245930879",
        "type": "Missing source tag",
        "osm_element": "https://www.openstreetmap.org/way/245930879",
        "rejection_reason": "Missing source tag",
        "rejection_details": "tags: {'power': 'plant'}",
        "rejection_keywords": "none",
        "timestamp": "2026-04-24T03:38:27.502713",
        "element_type": "way",
        "element_id": 245930879,
        "country": "Uzbekistan",
        "unit_type": "plant"
      }
    },
    {
      "type": "Feature",
      "geometry": {
        "type": "Point",
        "coordinates": [
          70.0896497100095,
          41.709273477618346
        ]
      },
      "properties": {
        "label": "Rejected way 249522826",
        "type": "Missing source tag",
        "osm_element": "https://www.openstreetmap.org/way/249522826",
        "rejection_reason": "Missing source tag",
        "rejection_details": "tags: {'power': 'plant'}",
        "rejection_keywords": "none",
        "timestamp": "2026-04-24T03:38:27.502869",
        "element_type": "way",
        "element_id": 249522826,
        "country": "Uzbekistan",
        "unit_type": "plant"
      }
    },
    {
      "type": "Feature",
      "geometry": {
        "type": "Point",
        "coordinates": [
          70.22382661874673,
          41.79371212606651
        ]
      },
      "properties": {
        "label": "Rejected way 251116002",
        "type": "Missing source tag",
        "osm_element": "https://www.openstreetmap.org/way/251116002",
        "rejection_reason": "Missing source tag",
        "rejection_details": "tags: {'power': 'plant'}",
        "rejection_keywords": "none",
        "timestamp": "2026-04-24T03:38:27.503051",
        "element_type": "way",
        "element_id": 251116002,
        "country": "Uzbekistan",
        "unit_type": "plant"
      }
    },
    {
      "type": "Feature",
      "geometry": {
        "type": "Point",
        "coordinates": [
          69.76262974159532,
          40.8797562586977
        ]
      },
      "properties": {
        "label": "Rejected way 261179388",
        "type": "Missing source tag",
        "osm_element": "https://www.openstreetmap.org/way/261179388",
        "rejection_reason": "Missing source tag",
        "rejection_details": "tags: {'power': 'plant'}",
        "rejection_keywords": "none",
        "timestamp": "2026-04-24T03:38:27.503220",
        "element_type": "way",
        "element_id": 261179388,
        "country": "Uzbekistan",
        "unit_type": "plant"
      }
    },
    {
      "type": "Feature",
      "geometry": {
        "type": "Point",
        "coordinates": [
          69.16020847387038,
          40.95395201216622
        ]
      },
      "properties": {
        "label": "Rejected way 263591482",
        "type": "Missing source tag",
        "osm_element": "https://www.openstreetmap.org/way/263591482",
        "rejection_reason": "Missing source tag",
        "rejection_details": "tags: {'plant:output:electricity': 'yes', 'power': 'plant'}",
        "rejection_keywords": "none",
        "timestamp": "2026-04-24T03:38:27.504036",
        "element_type": "way",
        "element_id": 263591482,
        "country": "Uzbekistan",
        "unit_type": "plant"
      }
    },
    {
      "type": "Feature",
      "geometry": {
        "type": "Point",
        "coordinates": [
          65.79369417668805,
          38.84733424705102
        ]
      },
      "properties": {
        "label": "Rejected way 284951137",
        "type": "Missing source tag",
        "osm_element": "https://www.openstreetmap.org/way/284951137",
        "rejection_reason": "Missing source tag",
        "rejection_details": "tags: {'name': 'Городская котельная', 'name:ru': 'Городская котельная', 'plant:output:hot_water': 'yes', 'power': 'plant'}",
        "rejection_keywords": "none",
        "timestamp": "2026-04-24T03:38:27.504407",
        "element_type": "way",
        "element_id": 284951137,
        "country": "Uzbekistan",
        "unit_type": "plant"
      }
    },
    {
      "type": "Feature",
      "geometry": {
        "type": "Point",
        "coordinates": [
          69.05714259699091,
          40.617591075638636
        ]
      },
      "properties": {
        "label": "Rejected way 320776098",
        "type": "Missing source tag",
        "osm_element": "https://www.openstreetmap.org/way/320776098",
        "rejection_reason": "Missing source tag",
        "rejection_details": "tags: {'plant:output:electricity': 'yes', 'power': 'plant'}",
        "rejection_keywords": "none",
        "timestamp": "2026-04-24T03:38:27.504576",
        "element_type": "way",
        "element_id": 320776098,
        "country": "Uzbekistan",
        "unit_type": "plant"
      }
    },
    {
      "type": "Feature",
      "geometry": {
        "type": "Point",
        "coordinates": [
          68.89300835039519,
          41.08783905428884
        ]
      },
      "properties": {
        "label": "Rejected way 367947119",
        "type": "Missing source tag",
        "osm_element": "https://www.openstreetmap.org/way/367947119",
        "rejection_reason": "Missing source tag",
        "rejection_details": "tags: {'power': 'plant'}",
        "rejection_keywords": "none",
        "timestamp": "2026-04-24T03:38:27.505793",
        "element_type": "way",
        "element_id": 367947119,
        "country": "Uzbekistan",
        "unit_type": "plant"
      }
    },
    {
      "type": "Feature",
      "geometry": {
        "type": "Point",
        "coordinates": [
          59.63146710769507,
          42.44838238381535
        ]
      },
      "properties": {
        "label": "Rejected way 379726245",
        "type": "Missing source tag",
        "osm_element": "https://www.openstreetmap.org/way/379726245",
        "rejection_reason": "Missing source tag",
        "rejection_details": "tags: {'addr:city': 'Nókis', 'addr:country': 'UZ', 'addr:housenumber': '20', 'addr:postcode': '230100', 'addr:region': 'Qaraqalpaqstan Respublikası', 'addr:street': 'Beruniy kóshesi', 'email': 'ssiliq-orayi@umail.uz', 'industrial': 'heating_station', 'landuse': 'industrial', 'name': '«Kommunal Íssılıq Orayı» mámleketlik unitar karxanası', 'name:en': 'State unitary enterprise \"Kommunalnik issilik orayi»', 'name:ru': 'Государственное унитарное предприятие «Коммуналлык ыссылык орайы»', 'power': 'plant'}",
        "rejection_keywords": "none",
        "timestamp": "2026-04-24T03:38:27.506267",
        "element_type": "way",
        "element_id": 379726245,
        "country": "Uzbekistan",
        "unit_type": "plant"
      }
    },
    {
      "type": "Feature",
      "geometry": {
        "type": "Point",
        "coordinates": [
          69.02152560181402,
          41.15354134104215
        ]
      },
      "properties": {
        "label": "Rejected way 379876618",
        "type": "Capacity placeholder value",
        "osm_element": "https://www.openstreetmap.org/way/379876618",
        "rejection_reason": "Capacity placeholder value",
        "rejection_details": "Tag 'plant:output:electricity' contains placeholder value 'yes' instead of actual capacity",
        "rejection_keywords": "yes",
        "timestamp": "2026-04-24T03:38:27.506458",
        "element_type": "way",
        "element_id": 379876618,
        "country": "Uzbekistan",
        "unit_type": "plant"
      }
    },
    {
      "type": "Feature",
      "geometry": {
        "type": "Point",
        "coordinates": [
          69.22186289999999,
          41.27716974999999
        ]
      },
      "properties": {
        "label": "Rejected way 484921149",
        "type": "Capacity placeholder value",
        "osm_element": "https://www.openstreetmap.org/way/484921149",
        "rejection_reason": "Capacity placeholder value",
        "rejection_details": "Tag 'plant:output:electricity' contains placeholder value 'yes' instead of actual capacity",
        "rejection_keywords": "yes",
        "timestamp": "2026-04-24T03:38:27.506622",
        "element_type": "way",
        "element_id": 484921149,
        "country": "Uzbekistan",
        "unit_type": "plant"
      }
    },
    {
      "type": "Feature",
      "geometry": {
        "type": "Point",
        "coordinates": [
          71.68427589359655,
          41.00396556806977
        ]
      },
      "properties": {
        "label": "Rejected way 625102662",
        "type": "Missing source tag",
        "osm_element": "https://www.openstreetmap.org/way/625102662",
        "rejection_reason": "Missing source tag",
        "rejection_details": "tags: {'landuse': 'industrial', 'name:de': 'ehemaliges sowjetisches Wasserkraftwerk', 'power': 'plant', 'source': 'DuMont Reise-Handbuch Usbekistan'}",
        "rejection_keywords": "none",
        "timestamp": "2026-04-24T03:38:27.509907",
        "element_type": "way",
        "element_id": 625102662,
        "country": "Uzbekistan",
        "unit_type": "plant"
      }
    },
    {
      "type": "Feature",
      "geometry": {
        "type": "Point",
        "coordinates": [
          69.634828176384,
          40.857239823576535
        ]
      },
      "properties": {
        "label": "Rejected way 698331684",
        "type": "Missing output tag",
        "osm_element": "https://www.openstreetmap.org/way/698331684",
        "rejection_reason": "Missing output tag",
        "rejection_details": "tags: {'building': 'industrial', 'name': 'Котельная', 'plant:method': 'combustion', 'plant:source': 'gas', 'power': 'plant'}",
        "rejection_keywords": "none",
        "timestamp": "2026-04-24T03:38:27.510829",
        "element_type": "way",
        "element_id": 698331684,
        "country": "Uzbekistan",
        "unit_type": "plant"
      }
    },
    {
      "type": "Feature",
      "geometry": {
        "type": "Point",
        "coordinates": [
          68.37678787674731,
          39.85288829678719
        ]
      },
      "properties": {
        "label": "Rejected way 700847049",
        "type": "Capacity placeholder value",
        "osm_element": "https://www.openstreetmap.org/way/700847049",
        "rejection_reason": "Capacity placeholder value",
        "rejection_details": "Tag 'plant:output:electricity' contains placeholder value 'yes' instead of actual capacity",
        "rejection_keywords": "yes",
        "timestamp": "2026-04-24T03:38:27.511054",
        "element_type": "way",
        "element_id": 700847049,
        "country": "Uzbekistan",
        "unit_type": "plant"
      }
    },
    {
      "type": "Feature",
      "geometry": {
        "type": "Point",
        "coordinates": [
          59.57089878146146,
          42.5096580868188
        ]
      },
      "properties": {
        "label": "Rejected way 720855365",
        "type": "Missing source tag",
        "osm_element": "https://www.openstreetmap.org/way/720855365",
        "rejection_reason": "Missing source tag",
        "rejection_details": "tags: {'addr:country': 'UZ', 'addr:region': 'Qaraqalpaqstan Respublikası', 'building': 'kindergarten', 'building:levels': '1', 'landuse': 'industrial', 'power': 'plant'}",
        "rejection_keywords": "none",
        "timestamp": "2026-04-24T03:38:27.511220",
        "element_type": "way",
        "element_id": 720855365,
        "country": "Uzbekistan",
        "unit_type": "plant"
      }
    },
    {
      "type": "Feature",
      "geometry": {
        "type": "Point",
        "coordinates": [
          69.01976586153093,
          40.596131735188884
        ]
      },
      "properties": {
        "label": "Rejected way 737062020",
        "type": "Missing source tag",
        "osm_element": "https://www.openstreetmap.org/way/737062020",
        "rejection_reason": "Missing source tag",
        "rejection_details": "tags: {'landuse': 'industrial', 'power': 'plant'}",
        "rejection_keywords": "none",
        "timestamp": "2026-04-24T03:38:27.511406",
        "element_type": "way",
        "element_id": 737062020,
        "country": "Uzbekistan",
        "unit_type": "plant"
      }
    },
    {
      "type": "Feature",
      "geometry": {
        "type": "Point",
        "coordinates": [
          59.61585885305557,
          42.471373399872114
        ]
      },
      "properties": {
        "label": "Rejected way 751231868",
        "type": "Missing source tag",
        "osm_element": "https://www.openstreetmap.org/way/751231868",
        "rejection_reason": "Missing source tag",
        "rejection_details": "tags: {'addr:city': 'Nókis', 'addr:country': 'UZ', 'addr:region': 'Qaraqalpaqstan Respublikası', 'building': 'yes', 'building:levels': '1', 'landuse': 'industrial', 'power': 'plant'}",
        "rejection_keywords": "none",
        "timestamp": "2026-04-24T03:38:27.511592",
        "element_type": "way",
        "element_id": 751231868,
        "country": "Uzbekistan",
        "unit_type": "plant"
      }
    },
    {
      "type": "Feature",
      "geometry": {
        "type": "Point",
        "coordinates": [
          69.86407638956348,
          41.60009004620536
        ]
      },
      "properties": {
        "label": "Rejected way 871801733",
        "type": "Missing output tag",
        "osm_element": "https://www.openstreetmap.org/way/871801733",
        "rejection_reason": "Missing output tag",
        "rejection_details": "tags: {'area': 'yes', 'name': 'Ходжикенская плотина', 'name:en': 'Hojikent damb', 'name:ru': 'Ходжикенская плотина', 'plant:source': 'hydro', 'power': 'plant', 'waterway': 'dam'}",
        "rejection_keywords": "none",
        "timestamp": "2026-04-24T03:38:27.514933",
        "element_type": "way",
        "element_id": 871801733,
        "country": "Uzbekistan",
        "unit_type": "plant"
      }
    },
    {
      "type": "Feature",
      "geometry": {
        "type": "Point",
        "coordinates": [
          65.30035540664237,
          40.155991978971365
        ]
      },
      "properties": {
        "label": "Rejected way 907617869",
        "type": "Missing source tag",
        "osm_element": "https://www.openstreetmap.org/way/907617869",
        "rejection_reason": "Missing source tag",
        "rejection_details": "tags: {'barrier': 'wall', 'landuse': 'industrial', 'name:ru': 'Навои ПГУ 477,78 МВт', 'plant:method': 'combustion', 'plant:output:electricity': 'yes', 'power': 'plant'}",
        "rejection_keywords": "none",
        "timestamp": "2026-04-24T03:38:27.515191",
        "element_type": "way",
        "element_id": 907617869,
        "country": "Uzbekistan",
        "unit_type": "plant"
      }
    },
    {
      "type": "Feature",
      "geometry": {
        "type": "Point",
        "coordinates": [
          71.78250816585948,
          40.44893792232842
        ]
      },
      "properties": {
        "label": "Rejected way 938525109",
        "type": "Missing source tag",
        "osm_element": "https://www.openstreetmap.org/way/938525109",
        "rejection_reason": "Missing source tag",
        "rejection_details": "tags: {'landuse': 'industrial', 'name': 'Fergana Thermal Power Plant', 'power': 'plant'}",
        "rejection_keywords": "none",
        "timestamp": "2026-04-24T03:38:27.515411",
        "element_type": "way",
        "element_id": 938525109,
        "country": "Uzbekistan",
        "unit_type": "plant"
      }
    },
    {
      "type": "Feature",
      "geometry": {
        "type": "Point",
        "coordinates": [
          59.62671448333266,
          42.44775060033815
        ]
      },
      "properties": {
        "label": "Rejected way 1010336598",
        "type": "Missing source tag",
        "osm_element": "https://www.openstreetmap.org/way/1010336598",
        "rejection_reason": "Missing source tag",
        "rejection_details": "tags: {'addr:city': 'Nókis', 'addr:country': 'UZ', 'addr:region': 'Qaraqalpaqstan Respublikası', 'building': 'yes', 'building:levels': '1', 'landuse': 'industrial', 'power': 'plant'}",
        "rejection_keywords": "none",
        "timestamp": "2026-04-24T03:38:27.516322",
        "element_type": "way",
        "element_id": 1010336598,
        "country": "Uzbekistan",
        "unit_type": "plant"
      }
    },
    {
      "type": "Feature",
      "geometry": {
        "type": "Point",
        "coordinates": [
          64.31260244656498,
          39.766880096980046
        ]
      },
      "properties": {
        "label": "Rejected way 1020383138",
        "type": "Capacity placeholder value",
        "osm_element": "https://www.openstreetmap.org/way/1020383138",
        "rejection_reason": "Capacity placeholder value",
        "rejection_details": "Tag 'plant:output:electricity' contains placeholder value 'yes' instead of actual capacity",
        "rejection_keywords": "yes",
        "timestamp": "2026-04-24T03:38:27.516550",
        "element_type": "way",
        "element_id": 1020383138,
        "country": "Uzbekistan",
        "unit_type": "plant"
      }
    },
    {
      "type": "Feature",
      "geometry": {
        "type": "Point",
        "coordinates": [
          59.61957132843189,
          42.47151199579878
        ]
      },
      "properties": {
        "label": "Rejected way 1051992258",
        "type": "Missing source tag",
        "osm_element": "https://www.openstreetmap.org/way/1051992258",
        "rejection_reason": "Missing source tag",
        "rejection_details": "tags: {'addr:city': 'Nókis', 'addr:country': 'UZ', 'addr:region': 'Qaraqalpaqstan Respublikası', 'building': 'yes', 'building:levels': '1', 'landuse': 'industrial', 'power': 'plant'}",
        "rejection_keywords": "none",
        "timestamp": "2026-04-24T03:38:27.517145",
        "element_type": "way",
        "element_id": 1051992258,
        "country": "Uzbekistan",
        "unit_type": "plant"
      }
    },
    {
      "type": "Feature",
      "geometry": {
        "type": "Point",
        "coordinates": [
          58.376037700868444,
          43.1040847326558
        ]
      },
      "properties": {
        "label": "Rejected way 1068464268",
        "type": "Missing source tag",
        "osm_element": "https://www.openstreetmap.org/way/1068464268",
        "rejection_reason": "Missing source tag",
        "rejection_details": "tags: {'addr:country': 'UZ', 'addr:region': 'Qaraqalpaqstan Respublikası', 'building': 'yes', 'building:levels': '1', 'landuse': 'industrial', 'power': 'plant'}",
        "rejection_keywords": "none",
        "timestamp": "2026-04-24T03:38:27.517308",
        "element_type": "way",
        "element_id": 1068464268,
        "country": "Uzbekistan",
        "unit_type": "plant"
      }
    },
    {
      "type": "Feature",
      "geometry": {
        "type": "Point",
        "coordinates": [
          59.58816415,
          42.4719977
        ]
      },
      "properties": {
        "label": "Rejected way 1081085782",
        "type": "Missing source tag",
        "osm_element": "https://www.openstreetmap.org/way/1081085782",
        "rejection_reason": "Missing source tag",
        "rejection_details": "tags: {'addr:country': 'UZ', 'addr:region': 'Qaraqalpaqstan Respublikası', 'building': 'yes', 'building:levels': '1', 'landuse': 'industrial', 'power': 'plant'}",
        "rejection_keywords": "none",
        "timestamp": "2026-04-24T03:38:27.517468",
        "element_type": "way",
        "element_id": 1081085782,
        "country": "Uzbekistan",
        "unit_type": "plant"
      }
    },
    {
      "type": "Feature",
      "geometry": {
        "type": "Point",
        "coordinates": [
          68.62400676729035,
          40.91936374362357
        ]
      },
      "properties": {
        "label": "Rejected way 1098727656",
        "type": "Capacity placeholder value",
        "osm_element": "https://www.openstreetmap.org/way/1098727656",
        "rejection_reason": "Capacity placeholder value",
        "rejection_details": "Tag 'plant:output:electricity' contains placeholder value 'yes' instead of actual capacity",
        "rejection_keywords": "yes",
        "timestamp": "2026-04-24T03:38:27.517632",
        "element_type": "way",
        "element_id": 1098727656,
        "country": "Uzbekistan",
        "unit_type": "plant"
      }
    },
    {
      "type": "Feature",
      "geometry": {
        "type": "Point",
        "coordinates": [
          69.5749173,
          41.51920905
        ]
      },
      "properties": {
        "label": "Rejected way 1114743754",
        "type": "Missing source tag",
        "osm_element": "https://www.openstreetmap.org/way/1114743754",
        "rejection_reason": "Missing source tag",
        "rejection_details": "tags: {'building': 'yes', 'landuse': 'industrial', 'power': 'plant'}",
        "rejection_keywords": "none",
        "timestamp": "2026-04-24T03:38:27.518422",
        "element_type": "way",
        "element_id": 1114743754,
        "country": "Uzbekistan",
        "unit_type": "plant"
      }
    },
    {
      "type": "Feature",
      "geometry": {
        "type": "Point",
        "coordinates": [
          69.4368953202564,
          41.129880309759656
        ]
      },
      "properties": {
        "label": "Rejected way 1119365008",
        "type": "Capacity regex no match",
        "osm_element": "https://www.openstreetmap.org/way/1119365008",
        "rejection_reason": "Capacity regex no match",
        "rejection_details": "Tag 'plant:output:electricity' has value '40 kW' which could not be parsed",
        "rejection_keywords": "40 kW",
        "timestamp": "2026-04-24T03:38:27.519403",
        "element_type": "way",
        "element_id": 1119365008,
        "country": "Uzbekistan",
        "unit_type": "plant"
      }
    },
    {
      "type": "Feature",
      "geometry": {
        "type": "Point",
        "coordinates": [
          66.98243382203519,
          39.79953438967573
        ]
      },
      "properties": {
        "label": "Rejected way 1119365440",
        "type": "Capacity regex no match",
        "osm_element": "https://www.openstreetmap.org/way/1119365440",
        "rejection_reason": "Capacity regex no match",
        "rejection_details": "Tag 'plant:output:electricity' has value '60 kW' which could not be parsed",
        "rejection_keywords": "60 kW",
        "timestamp": "2026-04-24T03:38:27.519593",
        "element_type": "way",
        "element_id": 1119365440,
        "country": "Uzbekistan",
        "unit_type": "plant"
      }
    },
    {
      "type": "Feature",
      "geometry": {
        "type": "Point",
        "coordinates": [
          70.26571973249075,
          41.82410809447163
        ]
      },
      "properties": {
        "label": "Rejected way 1142002281",
        "type": "Missing output tag",
        "osm_element": "https://www.openstreetmap.org/way/1142002281",
        "rejection_reason": "Missing output tag",
        "rejection_details": "tags: {'building': 'industrial', 'name': 'Ispasoy', 'plant:source': 'hydro', 'power': 'plant'}",
        "rejection_keywords": "none",
        "timestamp": "2026-04-24T03:38:27.520908",
        "element_type": "way",
        "element_id": 1142002281,
        "country": "Uzbekistan",
        "unit_type": "plant"
      }
    },
    {
      "type": "Feature",
      "geometry": {
        "type": "Point",
        "coordinates": [
          66.88674391477579,
          39.63014338675581
        ]
      },
      "properties": {
        "label": "Rejected way 1161015373",
        "type": "Capacity placeholder value",
        "osm_element": "https://www.openstreetmap.org/way/1161015373",
        "rejection_reason": "Capacity placeholder value",
        "rejection_details": "Tag 'plant:output:electricity' contains placeholder value 'yes' instead of actual capacity",
        "rejection_keywords": "yes",
        "timestamp": "2026-04-24T03:38:27.522386",
        "element_type": "way",
        "element_id": 1161015373,
        "country": "Uzbekistan",
        "unit_type": "plant"
      }
    },
    {
      "type": "Feature",
      "geometry": {
        "type": "Point",
        "coordinates": [
          73.06189160675414,
          40.769328880668965
        ]
      },
      "properties": {
        "label": "Rejected way 1161599341",
        "type": "Missing output tag",
        "osm_element": "https://www.openstreetmap.org/way/1161599341",
        "rejection_reason": "Missing output tag",
        "rejection_details": "tags: {'building': 'industrial', 'name': 'Андижанская ГЭС', 'name:en': 'Andijon Hydro Power Plant', 'name:ja': 'アンディジャン水力発電所', 'name:ru': 'Андижанская ГЭС', 'operator': 'Uzgidro AJ', 'plant:method': 'water-storage', 'plant:source': 'hydro', 'power': 'plant'}",
        "rejection_keywords": "none",
        "timestamp": "2026-04-24T03:38:27.522575",
        "element_type": "way",
        "element_id": 1161599341,
        "country": "Uzbekistan",
        "unit_type": "plant"
      }
    },
    {
      "type": "Feature",
      "geometry": {
        "type": "Point",
        "coordinates": [
          67.28972416838351,
          39.55294034405552
        ]
      },
      "properties": {
        "label": "Rejected way 1163940620",
        "type": "Capacity placeholder value",
        "osm_element": "https://www.openstreetmap.org/way/1163940620",
        "rejection_reason": "Capacity placeholder value",
        "rejection_details": "Tag 'plant:output:electricity' contains placeholder value 'yes' instead of actual capacity",
        "rejection_keywords": "yes",
        "timestamp": "2026-04-24T03:38:27.522931",
        "element_type": "way",
        "element_id": 1163940620,
        "country": "Uzbekistan",
        "unit_type": "plant"
      }
    },
    {
      "type": "Feature",
      "geometry": {
        "type": "Point",
        "coordinates": [
          67.3408972714942,
          39.47979824579003
        ]
      },
      "properties": {
        "label": "Rejected way 1163940621",
        "type": "Capacity placeholder value",
        "osm_element": "https://www.openstreetmap.org/way/1163940621",
        "rejection_reason": "Capacity placeholder value",
        "rejection_details": "Tag 'plant:output:electricity' contains placeholder value 'yes' instead of actual capacity",
        "rejection_keywords": "yes",
        "timestamp": "2026-04-24T03:38:27.523127",
        "element_type": "way",
        "element_id": 1163940621,
        "country": "Uzbekistan",
        "unit_type": "plant"
      }
    },
    {
      "type": "Feature",
      "geometry": {
        "type": "Point",
        "coordinates": [
          67.24957704474778,
          39.54619899514037
        ]
      },
      "properties": {
        "label": "Rejected way 1163940622",
        "type": "Capacity placeholder value",
        "osm_element": "https://www.openstreetmap.org/way/1163940622",
        "rejection_reason": "Capacity placeholder value",
        "rejection_details": "Tag 'plant:output:electricity' contains placeholder value 'yes' instead of actual capacity",
        "rejection_keywords": "yes",
        "timestamp": "2026-04-24T03:38:27.523315",
        "element_type": "way",
        "element_id": 1163940622,
        "country": "Uzbekistan",
        "unit_type": "plant"
      }
    },
    {
      "type": "Feature",
      "geometry": {
        "type": "Point",
        "coordinates": [
          67.15376295678385,
          39.53245973076225
        ]
      },
      "properties": {
        "label": "Rejected way 1163940623",
        "type": "Capacity placeholder value",
        "osm_element": "https://www.openstreetmap.org/way/1163940623",
        "rejection_reason": "Capacity placeholder value",
        "rejection_details": "Tag 'plant:output:electricity' contains placeholder value 'yes' instead of actual capacity",
        "rejection_keywords": "yes",
        "timestamp": "2026-04-24T03:38:27.523479",
        "element_type": "way",
        "element_id": 1163940623,
        "country": "Uzbekistan",
        "unit_type": "plant"
      }
    },
    {
      "type": "Feature",
      "geometry": {
        "type": "Point",
        "coordinates": [
          72.28880540000002,
          40.917860600000004
        ]
      },
      "properties": {
        "label": "Rejected way 1163943129",
        "type": "Capacity placeholder value",
        "osm_element": "https://www.openstreetmap.org/way/1163943129",
        "rejection_reason": "Capacity placeholder value",
        "rejection_details": "Tag 'plant:output:electricity' contains placeholder value 'yes' instead of actual capacity",
        "rejection_keywords": "yes",
        "timestamp": "2026-04-24T03:38:27.523643",
        "element_type": "way",
        "element_id": 1163943129,
        "country": "Uzbekistan",
        "unit_type": "plant"
      }
    },
    {
      "type": "Feature",
      "geometry": {
        "type": "Point",
        "coordinates": [
          72.15221966817282,
          41.07136742459015
        ]
      },
      "properties": {
        "label": "Rejected way 1163943130",
        "type": "Capacity placeholder value",
        "osm_element": "https://www.openstreetmap.org/way/1163943130",
        "rejection_reason": "Capacity placeholder value",
        "rejection_details": "Tag 'plant:output:electricity' contains placeholder value 'yes' instead of actual capacity",
        "rejection_keywords": "yes",
        "timestamp": "2026-04-24T03:38:27.523805",
        "element_type": "way",
        "element_id": 1163943130,
        "country": "Uzbekistan",
        "unit_type": "plant"
      }
    },
    {
      "type": "Feature",
      "geometry": {
        "type": "Point",
        "coordinates": [
          72.15206404861188,
          41.04889237273256
        ]
      },
      "properties": {
        "label": "Rejected way 1163943131",
        "type": "Capacity placeholder value",
        "osm_element": "https://www.openstreetmap.org/way/1163943131",
        "rejection_reason": "Capacity placeholder value",
        "rejection_details": "Tag 'plant:output:electricity' contains placeholder value 'yes' instead of actual capacity",
        "rejection_keywords": "yes",
        "timestamp": "2026-04-24T03:38:27.523995",
        "element_type": "way",
        "element_id": 1163943131,
        "country": "Uzbekistan",
        "unit_type": "plant"
      }
    },
    {
      "type": "Feature",
      "geometry": {
        "type": "Point",
        "coordinates": [
          68.76881139751994,
          40.248571900549955
        ]
      },
      "properties": {
        "label": "Rejected way 1204009216",
        "type": "Capacity placeholder value",
        "osm_element": "https://www.openstreetmap.org/way/1204009216",
        "rejection_reason": "Capacity placeholder value",
        "rejection_details": "Tag 'plant:output:electricity' contains placeholder value 'yes' instead of actual capacity",
        "rejection_keywords": "yes",
        "timestamp": "2026-04-24T03:38:27.524417",
        "element_type": "way",
        "element_id": 1204009216,
        "country": "Uzbekistan",
        "unit_type": "plant"
      }
    },
    {
      "type": "Feature",
      "geometry": {
        "type": "Point",
        "coordinates": [
          69.6457961912122,
          41.1567453264457
        ]
      },
      "properties": {
        "label": "Rejected way 1206394432",
        "type": "Capacity placeholder value",
        "osm_element": "https://www.openstreetmap.org/way/1206394432",
        "rejection_reason": "Capacity placeholder value",
        "rejection_details": "Tag 'plant:output:electricity' contains placeholder value 'yes' instead of actual capacity",
        "rejection_keywords": "yes",
        "timestamp": "2026-04-24T03:38:27.524581",
        "element_type": "way",
        "element_id": 1206394432,
        "country": "Uzbekistan",
        "unit_type": "plant"
      }
    },
    {
      "type": "Feature",
      "geometry": {
        "type": "Point",
        "coordinates": [
          64.29538725,
          39.9893812
        ]
      },
      "properties": {
        "label": "Rejected way 1229453880",
        "type": "Missing source tag",
        "osm_element": "https://www.openstreetmap.org/way/1229453880",
        "rejection_reason": "Missing source tag",
        "rejection_details": "tags: {'landuse': 'industrial', 'power': 'plant'}",
        "rejection_keywords": "none",
        "timestamp": "2026-04-24T03:38:27.524738",
        "element_type": "way",
        "element_id": 1229453880,
        "country": "Uzbekistan",
        "unit_type": "plant"
      }
    },
    {
      "type": "Feature",
      "geometry": {
        "type": "Point",
        "coordinates": [
          64.29520117240261,
          39.98936624027338
        ]
      },
      "properties": {
        "label": "Rejected way 1229453886",
        "type": "Capacity placeholder value",
        "osm_element": "https://www.openstreetmap.org/way/1229453886",
        "rejection_reason": "Capacity placeholder value",
        "rejection_details": "Tag 'plant:output:electricity' contains placeholder value 'yes' instead of actual capacity",
        "rejection_keywords": "yes",
        "timestamp": "2026-04-24T03:38:27.524904",
        "element_type": "way",
        "element_id": 1229453886,
        "country": "Uzbekistan",
        "unit_type": "plant"
      }
    },
    {
      "type": "Feature",
      "geometry": {
        "type": "Point",
        "coordinates": [
          64.29467340169907,
          39.98798186512044
        ]
      },
      "properties": {
        "label": "Rejected way 1229453893",
        "type": "Capacity placeholder value",
        "osm_element": "https://www.openstreetmap.org/way/1229453893",
        "rejection_reason": "Capacity placeholder value",
        "rejection_details": "Tag 'plant:output:electricity' contains placeholder value 'yes' instead of actual capacity",
        "rejection_keywords": "yes",
        "timestamp": "2026-04-24T03:38:27.525100",
        "element_type": "way",
        "element_id": 1229453893,
        "country": "Uzbekistan",
        "unit_type": "plant"
      }
    },
    {
      "type": "Feature",
      "geometry": {
        "type": "Point",
        "coordinates": [
          65.67093052602863,
          39.98186892355626
        ]
      },
      "properties": {
        "label": "Rejected way 1236848086",
        "type": "Capacity placeholder value",
        "osm_element": "https://www.openstreetmap.org/way/1236848086",
        "rejection_reason": "Capacity placeholder value",
        "rejection_details": "Tag 'plant:output:electricity' contains placeholder value 'yes' instead of actual capacity",
        "rejection_keywords": "yes",
        "timestamp": "2026-04-24T03:38:27.525292",
        "element_type": "way",
        "element_id": 1236848086,
        "country": "Uzbekistan",
        "unit_type": "plant"
      }
    },
    {
      "type": "Feature",
      "geometry": {
        "type": "Point",
        "coordinates": [
          69.61231361476437,
          41.49568638574093
        ]
      },
      "properties": {
        "label": "Rejected way 1271903499",
        "type": "Capacity placeholder value",
        "osm_element": "https://www.openstreetmap.org/way/1271903499",
        "rejection_reason": "Capacity placeholder value",
        "rejection_details": "Tag 'plant:output:electricity' contains placeholder value 'yes' instead of actual capacity",
        "rejection_keywords": "yes",
        "timestamp": "2026-04-24T03:38:27.525692",
        "element_type": "way",
        "element_id": 1271903499,
        "country": "Uzbekistan",
        "unit_type": "plant"
      }
    },
    {
      "type": "Feature",
      "geometry": {
        "type": "Point",
        "coordinates": [
          69.61072229639552,
          41.503132319551995
        ]
      },
      "properties": {
        "label": "Rejected way 1271903500",
        "type": "Capacity placeholder value",
        "osm_element": "https://www.openstreetmap.org/way/1271903500",
        "rejection_reason": "Capacity placeholder value",
        "rejection_details": "Tag 'plant:output:electricity' contains placeholder value 'yes' instead of actual capacity",
        "rejection_keywords": "yes",
        "timestamp": "2026-04-24T03:38:27.526156",
        "element_type": "way",
        "element_id": 1271903500,
        "country": "Uzbekistan",
        "unit_type": "plant"
      }
    },
    {
      "type": "Feature",
      "geometry": {
        "type": "Point",
        "coordinates": [
          67.89699018314946,
          40.08576684215126
        ]
      },
      "properties": {
        "label": "Rejected way 1315706254",
        "type": "Capacity placeholder value",
        "osm_element": "https://www.openstreetmap.org/way/1315706254",
        "rejection_reason": "Capacity placeholder value",
        "rejection_details": "Tag 'plant:output:electricity' contains placeholder value 'yes' instead of actual capacity",
        "rejection_keywords": "yes",
        "timestamp": "2026-04-24T03:38:27.526319",
        "element_type": "way",
        "element_id": 1315706254,
        "country": "Uzbekistan",
        "unit_type": "plant"
      }
    },
    {
      "type": "Feature",
      "geometry": {
        "type": "Point",
        "coordinates": [
          71.10676862570035,
          40.03148849561837
        ]
      },
      "properties": {
        "label": "Rejected way 1328847929",
        "type": "Missing source tag",
        "osm_element": "https://www.openstreetmap.org/way/1328847929",
        "rejection_reason": "Missing source tag",
        "rejection_details": "tags: {'landuse': 'industrial', 'name': 'Devayron Eliktor Set', 'power': 'plant'}",
        "rejection_keywords": "none",
        "timestamp": "2026-04-24T03:38:27.526477",
        "element_type": "way",
        "element_id": 1328847929,
        "country": "Uzbekistan",
        "unit_type": "plant"
      }
    },
    {
      "type": "Feature",
      "geometry": {
        "type": "Point",
        "coordinates": [
          67.85496747808499,
          38.50763926505925
        ]
      },
      "properties": {
        "label": "Rejected way 1333320627",
        "type": "Missing output tag",
        "osm_element": "https://www.openstreetmap.org/way/1333320627",
        "rejection_reason": "Missing output tag",
        "rejection_details": "tags: {'building': 'industrial', 'name': 'Zarchob-3', 'name:ru': 'Зарчоб-3', 'operator': 'Uzbekenergo', 'plant:method': 'run-of-the-river', 'plant:source': 'hydro', 'power': 'plant'}",
        "rejection_keywords": "none",
        "timestamp": "2026-04-24T03:38:27.526647",
        "element_type": "way",
        "element_id": 1333320627,
        "country": "Uzbekistan",
        "unit_type": "plant"
      }
    },
    {
      "type": "Feature",
      "geometry": {
        "type": "Point",
        "coordinates": [
          66.00151785524253,
          40.76734676937411
        ]
      },
      "properties": {
        "label": "Rejected way 1339211417",
        "type": "Capacity placeholder value",
        "osm_element": "https://www.openstreetmap.org/way/1339211417",
        "rejection_reason": "Capacity placeholder value",
        "rejection_details": "Tag 'plant:output:electricity' contains placeholder value 'yes' instead of actual capacity",
        "rejection_keywords": "yes",
        "timestamp": "2026-04-24T03:38:27.527170",
        "element_type": "way",
        "element_id": 1339211417,
        "country": "Uzbekistan",
        "unit_type": "plant"
      }
    },
    {
      "type": "Feature",
      "geometry": {
        "type": "Point",
        "coordinates": [
          65.3051420653366,
          40.15910988454261
        ]
      },
      "properties": {
        "label": "Rejected way 1346039959",
        "type": "Capacity placeholder value",
        "osm_element": "https://www.openstreetmap.org/way/1346039959",
        "rejection_reason": "Capacity placeholder value",
        "rejection_details": "Tag 'plant:output:electricity' contains placeholder value 'yes' instead of actual capacity",
        "rejection_keywords": "yes",
        "timestamp": "2026-04-24T03:38:27.527348",
        "element_type": "way",
        "element_id": 1346039959,
        "country": "Uzbekistan",
        "unit_type": "plant"
      }
    },
    {
      "type": "Feature",
      "geometry": {
        "type": "Point",
        "coordinates": [
          65.30556627065681,
          40.15821754350311
        ]
      },
      "properties": {
        "label": "Rejected way 1346039960",
        "type": "Capacity placeholder value",
        "osm_element": "https://www.openstreetmap.org/way/1346039960",
        "rejection_reason": "Capacity placeholder value",
        "rejection_details": "Tag 'plant:output:electricity' contains placeholder value 'yes' instead of actual capacity",
        "rejection_keywords": "yes",
        "timestamp": "2026-04-24T03:38:27.527552",
        "element_type": "way",
        "element_id": 1346039960,
        "country": "Uzbekistan",
        "unit_type": "plant"
      }
    },
    {
      "type": "Feature",
      "geometry": {
        "type": "Point",
        "coordinates": [
          65.30611045190106,
          40.158250777394215
        ]
      },
      "properties": {
        "label": "Rejected way 1346039961",
        "type": "Capacity placeholder value",
        "osm_element": "https://www.openstreetmap.org/way/1346039961",
        "rejection_reason": "Capacity placeholder value",
        "rejection_details": "Tag 'plant:output:electricity' contains placeholder value 'yes' instead of actual capacity",
        "rejection_keywords": "yes",
        "timestamp": "2026-04-24T03:38:27.527716",
        "element_type": "way",
        "element_id": 1346039961,
        "country": "Uzbekistan",
        "unit_type": "plant"
      }
    },
    {
      "type": "Feature",
      "geometry": {
        "type": "Point",
        "coordinates": [
          65.3505585901445,
          40.08765968741935
        ]
      },
      "properties": {
        "label": "Rejected way 1346043646",
        "type": "Capacity placeholder value",
        "osm_element": "https://www.openstreetmap.org/way/1346043646",
        "rejection_reason": "Capacity placeholder value",
        "rejection_details": "Tag 'plant:output:electricity' contains placeholder value 'yes' instead of actual capacity",
        "rejection_keywords": "yes",
        "timestamp": "2026-04-24T03:38:27.528054",
        "element_type": "way",
        "element_id": 1346043646,
        "country": "Uzbekistan",
        "unit_type": "plant"
      }
    },
    {
      "type": "Feature",
      "geometry": {
        "type": "Point",
        "coordinates": [
          70.84489199450368,
          40.85475020418341
        ]
      },
      "properties": {
        "label": "Rejected way 1346192407",
        "type": "Capacity placeholder value",
        "osm_element": "https://www.openstreetmap.org/way/1346192407",
        "rejection_reason": "Capacity placeholder value",
        "rejection_details": "Tag 'plant:output:electricity' contains placeholder value 'yes' instead of actual capacity",
        "rejection_keywords": "yes",
        "timestamp": "2026-04-24T03:38:27.528226",
        "element_type": "way",
        "element_id": 1346192407,
        "country": "Uzbekistan",
        "unit_type": "plant"
      }
    },
    {
      "type": "Feature",
      "geometry": {
        "type": "Point",
        "coordinates": [
          65.35405689245461,
          40.091498518213015
        ]
      },
      "properties": {
        "label": "Rejected way 1347095393",
        "type": "Capacity placeholder value",
        "osm_element": "https://www.openstreetmap.org/way/1347095393",
        "rejection_reason": "Capacity placeholder value",
        "rejection_details": "Tag 'plant:output:electricity' contains placeholder value 'yes' instead of actual capacity",
        "rejection_keywords": "yes",
        "timestamp": "2026-04-24T03:38:27.528403",
        "element_type": "way",
        "element_id": 1347095393,
        "country": "Uzbekistan",
        "unit_type": "plant"
      }
    },
    {
      "type": "Feature",
      "geometry": {
        "type": "Point",
        "coordinates": [
          71.45539394764523,
          40.9995389326907
        ]
      },
      "properties": {
        "label": "Rejected way 1349556382",
        "type": "Capacity placeholder value",
        "osm_element": "https://www.openstreetmap.org/way/1349556382",
        "rejection_reason": "Capacity placeholder value",
        "rejection_details": "Tag 'plant:output:electricity' contains placeholder value 'yes' instead of actual capacity",
        "rejection_keywords": "yes",
        "timestamp": "2026-04-24T03:38:27.528689",
        "element_type": "way",
        "element_id": 1349556382,
        "country": "Uzbekistan",
        "unit_type": "plant"
      }
    },
    {
      "type": "Feature",
      "geometry": {
        "type": "Point",
        "coordinates": [
          70.895120887522,
          40.30730963288857
        ]
      },
      "properties": {
        "label": "Rejected way 1355025749",
        "type": "Missing output tag",
        "osm_element": "https://www.openstreetmap.org/way/1355025749",
        "rejection_reason": "Missing output tag",
        "rejection_details": "tags: {'generator:output:electricity': '300 MW', 'landuse': 'industrial', 'name': 'Elektr Saqlash Stansiyasi', 'plant:source': 'battery', 'power': 'plant'}",
        "rejection_keywords": "none",
        "timestamp": "2026-04-24T03:38:27.529976",
        "element_type": "way",
        "element_id": 1355025749,
        "country": "Uzbekistan",
        "unit_type": "plant"
      }
    },
    {
      "type": "Feature",
      "geometry": {
        "type": "Point",
        "coordinates": [
          66.77129876821236,
          39.545407994055765
        ]
      },
      "properties": {
        "label": "Rejected way 1355125633",
        "type": "Capacity placeholder value",
        "osm_element": "https://www.openstreetmap.org/way/1355125633",
        "rejection_reason": "Capacity placeholder value",
        "rejection_details": "Tag 'plant:output:electricity' contains placeholder value 'yes' instead of actual capacity",
        "rejection_keywords": "yes",
        "timestamp": "2026-04-24T03:38:27.530160",
        "element_type": "way",
        "element_id": 1355125633,
        "country": "Uzbekistan",
        "unit_type": "plant"
      }
    },
    {
      "type": "Feature",
      "geometry": {
        "type": "Point",
        "coordinates": [
          71.88376392006411,
          40.800548031369736
        ]
      },
      "properties": {
        "label": "Rejected way 1355256558",
        "type": "Capacity placeholder value",
        "osm_element": "https://www.openstreetmap.org/way/1355256558",
        "rejection_reason": "Capacity placeholder value",
        "rejection_details": "Tag 'plant:output:electricity' contains placeholder value 'yes' instead of actual capacity",
        "rejection_keywords": "yes",
        "timestamp": "2026-04-24T03:38:27.530403",
        "element_type": "way",
        "element_id": 1355256558,
        "country": "Uzbekistan",
        "unit_type": "plant"
      }
    },
    {
      "type": "Feature",
      "geometry": {
        "type": "Point",
        "coordinates": [
          67.34501363253922,
          39.07103950844409
        ]
      },
      "properties": {
        "label": "Rejected way 1355662730",
        "type": "Capacity placeholder value",
        "osm_element": "https://www.openstreetmap.org/way/1355662730",
        "rejection_reason": "Capacity placeholder value",
        "rejection_details": "Tag 'plant:output:electricity' contains placeholder value 'yes' instead of actual capacity",
        "rejection_keywords": "yes",
        "timestamp": "2026-04-24T03:38:27.530565",
        "element_type": "way",
        "element_id": 1355662730,
        "country": "Uzbekistan",
        "unit_type": "plant"
      }
    },
    {
      "type": "Feature",
      "geometry": {
        "type": "Point",
        "coordinates": [
          69.09473411206015,
          40.228892041993994
        ]
      },
      "properties": {
        "label": "Rejected way 1356235191",
        "type": "Capacity placeholder value",
        "osm_element": "https://www.openstreetmap.org/way/1356235191",
        "rejection_reason": "Capacity placeholder value",
        "rejection_details": "Tag 'plant:output:electricity' contains placeholder value 'yes' instead of actual capacity",
        "rejection_keywords": "yes",
        "timestamp": "2026-04-24T03:38:27.530817",
        "element_type": "way",
        "element_id": 1356235191,
        "country": "Uzbekistan",
        "unit_type": "plant"
      }
    },
    {
      "type": "Feature",
      "geometry": {
        "type": "Point",
        "coordinates": [
          58.214835371368295,
          43.13092615366179
        ]
      },
      "properties": {
        "label": "Rejected way 1432833452",
        "type": "Capacity placeholder value",
        "osm_element": "https://www.openstreetmap.org/way/1432833452",
        "rejection_reason": "Capacity placeholder value",
        "rejection_details": "Tag 'plant:output:electricity' contains placeholder value 'yes' instead of actual capacity",
        "rejection_keywords": "yes",
        "timestamp": "2026-04-24T03:38:27.531192",
        "element_type": "way",
        "element_id": 1432833452,
        "country": "Uzbekistan",
        "unit_type": "plant"
      }
    },
    {
      "type": "Feature",
      "geometry": {
        "type": "Point",
        "coordinates": [
          69.12399859476454,
          40.63511632859798
        ]
      },
      "properties": {
        "label": "Rejected way 1456034475",
        "type": "Capacity placeholder value",
        "osm_element": "https://www.openstreetmap.org/way/1456034475",
        "rejection_reason": "Capacity placeholder value",
        "rejection_details": "Tag 'plant:output:electricity' contains placeholder value 'yes' instead of actual capacity",
        "rejection_keywords": "yes",
        "timestamp": "2026-04-24T03:38:27.531766",
        "element_type": "way",
        "element_id": 1456034475,
        "country": "Uzbekistan",
        "unit_type": "plant"
      }
    },
    {
      "type": "Feature",
      "geometry": {
        "type": "Point",
        "coordinates": [
          64.08121564757109,
          39.326148160330874
        ]
      },
      "properties": {
        "label": "Rejected way 1456034476",
        "type": "Capacity placeholder value",
        "osm_element": "https://www.openstreetmap.org/way/1456034476",
        "rejection_reason": "Capacity placeholder value",
        "rejection_details": "Tag 'plant:output:electricity' contains placeholder value 'yes' instead of actual capacity",
        "rejection_keywords": "yes",
        "timestamp": "2026-04-24T03:38:27.531974",
        "element_type": "way",
        "element_id": 1456034476,
        "country": "Uzbekistan",
        "unit_type": "plant"
      }
    },
    {
      "type": "Feature",
      "geometry": {
        "type": "Point",
        "coordinates": [
          65.15946108011917,
          39.91587172720747
        ]
      },
      "properties": {
        "label": "Rejected way 1456035017",
        "type": "Capacity placeholder value",
        "osm_element": "https://www.openstreetmap.org/way/1456035017",
        "rejection_reason": "Capacity placeholder value",
        "rejection_details": "Tag 'plant:output:electricity' contains placeholder value 'yes' instead of actual capacity",
        "rejection_keywords": "yes",
        "timestamp": "2026-04-24T03:38:27.532191",
        "element_type": "way",
        "element_id": 1456035017,
        "country": "Uzbekistan",
        "unit_type": "plant"
      }
    },
    {
      "type": "Feature",
      "geometry": {
        "type": "Point",
        "coordinates": [
          70.25147328825369,
          41.801783227595266
        ]
      },
      "properties": {
        "label": "Rejected way 1468296014",
        "type": "Capacity regex no match",
        "osm_element": "https://www.openstreetmap.org/way/1468296014",
        "rejection_reason": "Capacity regex no match",
        "rejection_details": "Tag 'plant:output:electricity' has value '200 Kw' which could not be parsed",
        "rejection_keywords": "200 Kw",
        "timestamp": "2026-04-24T03:38:27.532360",
        "element_type": "way",
        "element_id": 1468296014,
        "country": "Uzbekistan",
        "unit_type": "plant"
      }
    },
    {
      "type": "Feature",
      "geometry": {
        "type": "Point",
        "coordinates": [
          70.36761981954838,
          41.130658817015274
        ]
      },
      "properties": {
        "label": "Rejected way 1470801652",
        "type": "Missing output tag",
        "osm_element": "https://www.openstreetmap.org/way/1470801652",
        "rejection_reason": "Missing output tag",
        "rejection_details": "tags: {'name': 'Ertashsay', 'plant:source': 'hydro', 'power': 'plant'}",
        "rejection_keywords": "none",
        "timestamp": "2026-04-24T03:38:27.532538",
        "element_type": "way",
        "element_id": 1470801652,
        "country": "Uzbekistan",
        "unit_type": "plant"
      }
    },
    {
      "type": "Feature",
      "geometry": {
        "type": "Point",
        "coordinates": [
          65.3401884322797,
          40.174394124041854
        ]
      },
      "properties": {
        "label": "Rejected way 1476217627",
        "type": "Capacity placeholder value",
        "osm_element": "https://www.openstreetmap.org/way/1476217627",
        "rejection_reason": "Capacity placeholder value",
        "rejection_details": "Tag 'plant:output:electricity' contains placeholder value 'yes' instead of actual capacity",
        "rejection_keywords": "yes",
        "timestamp": "2026-04-24T03:38:27.532711",
        "element_type": "way",
        "element_id": 1476217627,
        "country": "Uzbekistan",
        "unit_type": "plant"
      }
    },
    {
      "type": "Feature",
      "geometry": {
        "type": "Point",
        "coordinates": [
          64.32154104319832,
          41.5295552270227
        ]
      },
      "properties": {
        "label": "Rejected way 1485408641",
        "type": "Capacity placeholder value",
        "osm_element": "https://www.openstreetmap.org/way/1485408641",
        "rejection_reason": "Capacity placeholder value",
        "rejection_details": "Tag 'plant:output:electricity' contains placeholder value 'yes' instead of actual capacity",
        "rejection_keywords": "yes",
        "timestamp": "2026-04-24T03:38:27.532875",
        "element_type": "way",
        "element_id": 1485408641,
        "country": "Uzbekistan",
        "unit_type": "plant"
      }
    }
  ]
}