{
  "type": "FeatureCollection",
  "features": [
    {
      "type": "Feature",
      "geometry": {
        "type": "Point",
        "coordinates": [
          29.546436601879428,
          -4.059686496650373
        ]
      },
      "properties": {
        "label": "Rejected way 706986299",
        "type": "Capacity placeholder value",
        "osm_element": "https://www.openstreetmap.org/way/706986299",
        "rejection_reason": "Capacity placeholder value",
        "rejection_details": "Tag 'plant:output:electricity' contains placeholder value 'yes' instead of actual capacity",
        "rejection_keywords": "yes",
        "timestamp": "2026-07-01T00:52:28.185516",
        "element_type": "way",
        "element_id": 706986299,
        "country": "Burundi",
        "unit_type": "plant"
      }
    },
    {
      "type": "Feature",
      "geometry": {
        "type": "Point",
        "coordinates": [
          29.384253473562076,
          -3.3559743198057004
        ]
      },
      "properties": {
        "label": "Rejected way 1194083384",
        "type": "Capacity regex no match",
        "osm_element": "https://www.openstreetmap.org/way/1194083384",
        "rejection_reason": "Capacity regex no match",
        "rejection_details": "Tag 'plant:output:electricity' has value '0.26' which could not be parsed",
        "rejection_keywords": "0.26",
        "timestamp": "2026-07-01T00:52:28.188406",
        "element_type": "way",
        "element_id": 1194083384,
        "country": "Burundi",
        "unit_type": "plant"
      }
    },
    {
      "type": "Feature",
      "geometry": {
        "type": "Point",
        "coordinates": [
          29.96490671897792,
          -2.730387546986533
        ]
      },
      "properties": {
        "label": "Rejected way 1352626988",
        "type": "Capacity regex no match",
        "osm_element": "https://www.openstreetmap.org/way/1352626988",
        "rejection_reason": "Capacity regex no match",
        "rejection_details": "Tag 'plant:output:electricity' has value '280 kW' which could not be parsed",
        "rejection_keywords": "280 kW",
        "timestamp": "2026-07-01T00:52:28.189610",
        "element_type": "way",
        "element_id": 1352626988,
        "country": "Burundi",
        "unit_type": "plant"
      }
    },
    {
      "type": "Feature",
      "geometry": {
        "type": "Point",
        "coordinates": [
          42.8689753229822,
          11.784478220108342
        ]
      },
      "properties": {
        "label": "Rejected way 601949432",
        "type": "Missing source tag",
        "osm_element": "https://www.openstreetmap.org/way/601949432",
        "rejection_reason": "Missing source tag",
        "rejection_details": "tags: {'addr:city': 'Tadjoura تاجورة', 'landuse': 'industrial', 'name': 'Centrale Thermique de Tadjourah كهرباء جيبوتي تاجورة', 'name:ar': 'كهرباء جيبوتي تاجورة', 'name:en': 'EDD Tadjoura', 'name:es': 'Central Térmica de Tadyura', 'name:fr': 'Centrale Thermique de Tadjourah', 'operator': 'Électricité de Djibouti', 'operator:es': 'Electricidad de Djibouti', 'power': 'plant'}",
        "rejection_keywords": "none",
        "timestamp": "2026-07-01T00:52:50.663664",
        "element_type": "way",
        "element_id": 601949432,
        "country": "Djibouti",
        "unit_type": "plant"
      }
    },
    {
      "type": "Feature",
      "geometry": {
        "type": "Point",
        "coordinates": [
          42.10651216657035,
          11.00504463558128
        ]
      },
      "properties": {
        "label": "Rejected way 739484679",
        "type": "Capacity regex no match",
        "osm_element": "https://www.openstreetmap.org/way/739484679",
        "rejection_reason": "Capacity regex no match",
        "rejection_details": "Tag 'plant:output:electricity' has value '150kW' which could not be parsed",
        "rejection_keywords": "150kW",
        "timestamp": "2026-07-01T00:52:50.663906",
        "element_type": "way",
        "element_id": 739484679,
        "country": "Djibouti",
        "unit_type": "plant"
      }
    },
    {
      "type": "Feature",
      "geometry": {
        "type": "Point",
        "coordinates": [
          42.68900922242434,
          11.151384945446956
        ]
      },
      "properties": {
        "label": "Rejected way 809817495",
        "type": "Missing source tag",
        "osm_element": "https://www.openstreetmap.org/way/809817495",
        "rejection_reason": "Missing source tag",
        "rejection_details": "tags: {'building': 'yes', 'plant:output:electricity': 'yes', 'power': 'plant'}",
        "rejection_keywords": "none",
        "timestamp": "2026-07-01T00:52:50.664090",
        "element_type": "way",
        "element_id": 809817495,
        "country": "Djibouti",
        "unit_type": "plant"
      }
    },
    {
      "type": "Feature",
      "geometry": {
        "type": "Point",
        "coordinates": [
          72.40236772478941,
          -7.299503797742225
        ]
      },
      "properties": {
        "label": "Rejected way 1267617474",
        "type": "Capacity placeholder value",
        "osm_element": "https://www.openstreetmap.org/way/1267617474",
        "rejection_reason": "Capacity placeholder value",
        "rejection_details": "Tag 'plant:output:electricity' contains placeholder value 'yes' instead of actual capacity",
        "rejection_keywords": "yes",
        "timestamp": "2026-07-01T00:56:42.194040",
        "element_type": "way",
        "element_id": 1267617474,
        "country": "British Indian Ocean Territory",
        "unit_type": "plant"
      }
    },
    {
      "type": "Feature",
      "geometry": {
        "type": "Point",
        "coordinates": [
          43.4352906,
          -11.806808450000002
        ]
      },
      "properties": {
        "label": "Rejected way 485214167",
        "type": "Missing source tag",
        "osm_element": "https://www.openstreetmap.org/way/485214167",
        "rejection_reason": "Missing source tag",
        "rejection_details": "tags: {'name': 'Groupe Electrogene', 'power': 'plant'}",
        "rejection_keywords": "none",
        "timestamp": "2026-07-01T01:01:14.180495",
        "element_type": "way",
        "element_id": 485214167,
        "country": "Comoros",
        "unit_type": "plant"
      }
    },
    {
      "type": "Feature",
      "geometry": {
        "type": "Point",
        "coordinates": [
          44.40386897169768,
          -12.279303317727035
        ]
      },
      "properties": {
        "label": "Rejected way 1424446701",
        "type": "Missing output tag",
        "osm_element": "https://www.openstreetmap.org/way/1424446701",
        "rejection_reason": "Missing output tag",
        "rejection_details": "tags: {'plant:source': 'solar', 'power': 'plant'}",
        "rejection_keywords": "none",
        "timestamp": "2026-07-01T01:01:14.180787",
        "element_type": "way",
        "element_id": 1424446701,
        "country": "Comoros",
        "unit_type": "plant"
      }
    },
    {
      "type": "Feature",
      "geometry": {
        "type": "Point",
        "coordinates": [
          42.6006296,
          10.6914286
        ]
      },
      "properties": {
        "label": "Rejected node 10651239187",
        "type": "Capacity regex no match",
        "osm_element": "https://www.openstreetmap.org/node/10651239187",
        "rejection_reason": "Capacity regex no match",
        "rejection_details": "Tag 'generator:output:electricity' has value '2500 kW' which could not be parsed",
        "rejection_keywords": "2500 kW",
        "timestamp": "2026-07-01T01:06:48.526310",
        "element_type": "node",
        "element_id": 10651239187,
        "country": "Ethiopia",
        "unit_type": "generator"
      }
    },
    {
      "type": "Feature",
      "geometry": {
        "type": "Point",
        "coordinates": [
          42.5767692,
          10.7078946
        ]
      },
      "properties": {
        "label": "Rejected node 10651239231",
        "type": "Capacity regex no match",
        "osm_element": "https://www.openstreetmap.org/node/10651239231",
        "rejection_reason": "Capacity regex no match",
        "rejection_details": "Tag 'generator:output:electricity' has value '2500 kW' which could not be parsed",
        "rejection_keywords": "2500 kW",
        "timestamp": "2026-07-01T01:06:48.526346",
        "element_type": "node",
        "element_id": 10651239231,
        "country": "Ethiopia",
        "unit_type": "generator"
      }
    },
    {
      "type": "Feature",
      "geometry": {
        "type": "Point",
        "coordinates": [
          42.5987173,
          10.7005225
        ]
      },
      "properties": {
        "label": "Rejected node 10651239189",
        "type": "Capacity regex no match",
        "osm_element": "https://www.openstreetmap.org/node/10651239189",
        "rejection_reason": "Capacity regex no match",
        "rejection_details": "Tag 'generator:output:electricity' has value '2500 kW' which could not be parsed",
        "rejection_keywords": "2500 kW",
        "timestamp": "2026-07-01T01:06:48.526371",
        "element_type": "node",
        "element_id": 10651239189,
        "country": "Ethiopia",
        "unit_type": "generator"
      }
    },
    {
      "type": "Feature",
      "geometry": {
        "type": "Point",
        "coordinates": [
          42.599677,
          10.6959539
        ]
      },
      "properties": {
        "label": "Rejected node 10651239188",
        "type": "Capacity regex no match",
        "osm_element": "https://www.openstreetmap.org/node/10651239188",
        "rejection_reason": "Capacity regex no match",
        "rejection_details": "Tag 'generator:output:electricity' has value '2500 kW' which could not be parsed",
        "rejection_keywords": "2500 kW",
        "timestamp": "2026-07-01T01:06:48.526393",
        "element_type": "node",
        "element_id": 10651239188,
        "country": "Ethiopia",
        "unit_type": "generator"
      }
    },
    {
      "type": "Feature",
      "geometry": {
        "type": "Point",
        "coordinates": [
          42.5805774,
          10.6896705
        ]
      },
      "properties": {
        "label": "Rejected node 10651239228",
        "type": "Capacity regex no match",
        "osm_element": "https://www.openstreetmap.org/node/10651239228",
        "rejection_reason": "Capacity regex no match",
        "rejection_details": "Tag 'generator:output:electricity' has value '2500 kW' which could not be parsed",
        "rejection_keywords": "2500 kW",
        "timestamp": "2026-07-01T01:06:48.526413",
        "element_type": "node",
        "element_id": 10651239228,
        "country": "Ethiopia",
        "unit_type": "generator"
      }
    },
    {
      "type": "Feature",
      "geometry": {
        "type": "Point",
        "coordinates": [
          42.5785955,
          10.6987644
        ]
      },
      "properties": {
        "label": "Rejected node 10651239230",
        "type": "Capacity regex no match",
        "osm_element": "https://www.openstreetmap.org/node/10651239230",
        "rejection_reason": "Capacity regex no match",
        "rejection_details": "Tag 'generator:output:electricity' has value '2500 kW' which could not be parsed",
        "rejection_keywords": "2500 kW",
        "timestamp": "2026-07-01T01:06:48.526435",
        "element_type": "node",
        "element_id": 10651239230,
        "country": "Ethiopia",
        "unit_type": "generator"
      }
    },
    {
      "type": "Feature",
      "geometry": {
        "type": "Point",
        "coordinates": [
          42.5796248,
          10.6942358
        ]
      },
      "properties": {
        "label": "Rejected node 10651239229",
        "type": "Capacity regex no match",
        "osm_element": "https://www.openstreetmap.org/node/10651239229",
        "rejection_reason": "Capacity regex no match",
        "rejection_details": "Tag 'generator:output:electricity' has value '2500 kW' which could not be parsed",
        "rejection_keywords": "2500 kW",
        "timestamp": "2026-07-01T01:06:48.526454",
        "element_type": "node",
        "element_id": 10651239229,
        "country": "Ethiopia",
        "unit_type": "generator"
      }
    },
    {
      "type": "Feature",
      "geometry": {
        "type": "Point",
        "coordinates": [
          42.5834447,
          10.6759937
        ]
      },
      "properties": {
        "label": "Rejected node 10651239225",
        "type": "Capacity regex no match",
        "osm_element": "https://www.openstreetmap.org/node/10651239225",
        "rejection_reason": "Capacity regex no match",
        "rejection_details": "Tag 'generator:output:electricity' has value '2500 kW' which could not be parsed",
        "rejection_keywords": "2500 kW",
        "timestamp": "2026-07-01T01:06:48.526473",
        "element_type": "node",
        "element_id": 10651239225,
        "country": "Ethiopia",
        "unit_type": "generator"
      }
    },
    {
      "type": "Feature",
      "geometry": {
        "type": "Point",
        "coordinates": [
          42.5904246,
          10.6750438
        ]
      },
      "properties": {
        "label": "Rejected node 10651239224",
        "type": "Capacity regex no match",
        "osm_element": "https://www.openstreetmap.org/node/10651239224",
        "rejection_reason": "Capacity regex no match",
        "rejection_details": "Tag 'generator:output:electricity' has value '2500 kW' which could not be parsed",
        "rejection_keywords": "2500 kW",
        "timestamp": "2026-07-01T01:06:48.526491",
        "element_type": "node",
        "element_id": 10651239224,
        "country": "Ethiopia",
        "unit_type": "generator"
      }
    },
    {
      "type": "Feature",
      "geometry": {
        "type": "Point",
        "coordinates": [
          42.5815371,
          10.685104
        ]
      },
      "properties": {
        "label": "Rejected node 10651239227",
        "type": "Capacity regex no match",
        "osm_element": "https://www.openstreetmap.org/node/10651239227",
        "rejection_reason": "Capacity regex no match",
        "rejection_details": "Tag 'generator:output:electricity' has value '2500 kW' which could not be parsed",
        "rejection_keywords": "2500 kW",
        "timestamp": "2026-07-01T01:06:48.526510",
        "element_type": "node",
        "element_id": 10651239227,
        "country": "Ethiopia",
        "unit_type": "generator"
      }
    },
    {
      "type": "Feature",
      "geometry": {
        "type": "Point",
        "coordinates": [
          42.5824897,
          10.6805455
        ]
      },
      "properties": {
        "label": "Rejected node 10651239226",
        "type": "Capacity regex no match",
        "osm_element": "https://www.openstreetmap.org/node/10651239226",
        "rejection_reason": "Capacity regex no match",
        "rejection_details": "Tag 'generator:output:electricity' has value '2500 kW' which could not be parsed",
        "rejection_keywords": "2500 kW",
        "timestamp": "2026-07-01T01:06:48.526534",
        "element_type": "node",
        "element_id": 10651239226,
        "country": "Ethiopia",
        "unit_type": "generator"
      }
    },
    {
      "type": "Feature",
      "geometry": {
        "type": "Point",
        "coordinates": [
          42.6025396,
          10.6823367
        ]
      },
      "properties": {
        "label": "Rejected node 10651239176",
        "type": "Capacity regex no match",
        "osm_element": "https://www.openstreetmap.org/node/10651239176",
        "rejection_reason": "Capacity regex no match",
        "rejection_details": "Tag 'generator:output:electricity' has value '2500 kW' which could not be parsed",
        "rejection_keywords": "2500 kW",
        "timestamp": "2026-07-01T01:06:48.526553",
        "element_type": "node",
        "element_id": 10651239176,
        "country": "Ethiopia",
        "unit_type": "generator"
      }
    },
    {
      "type": "Feature",
      "geometry": {
        "type": "Point",
        "coordinates": [
          42.5875841,
          10.6887321
        ]
      },
      "properties": {
        "label": "Rejected node 10651239221",
        "type": "Capacity regex no match",
        "osm_element": "https://www.openstreetmap.org/node/10651239221",
        "rejection_reason": "Capacity regex no match",
        "rejection_details": "Tag 'generator:output:electricity' has value '2500 kW' which could not be parsed",
        "rejection_keywords": "2500 kW",
        "timestamp": "2026-07-01T01:06:48.526572",
        "element_type": "node",
        "element_id": 10651239221,
        "country": "Ethiopia",
        "unit_type": "generator"
      }
    },
    {
      "type": "Feature",
      "geometry": {
        "type": "Point",
        "coordinates": [
          42.603476,
          10.6777404
        ]
      },
      "properties": {
        "label": "Rejected node 10651239175",
        "type": "Capacity regex no match",
        "osm_element": "https://www.openstreetmap.org/node/10651239175",
        "rejection_reason": "Capacity regex no match",
        "rejection_details": "Tag 'generator:output:electricity' has value '2500 kW' which could not be parsed",
        "rejection_keywords": "2500 kW",
        "timestamp": "2026-07-01T01:06:48.526590",
        "element_type": "node",
        "element_id": 10651239175,
        "country": "Ethiopia",
        "unit_type": "generator"
      }
    },
    {
      "type": "Feature",
      "geometry": {
        "type": "Point",
        "coordinates": [
          42.5866372,
          10.6932688
        ]
      },
      "properties": {
        "label": "Rejected node 10651239220",
        "type": "Capacity regex no match",
        "osm_element": "https://www.openstreetmap.org/node/10651239220",
        "rejection_reason": "Capacity regex no match",
        "rejection_details": "Tag 'generator:output:electricity' has value '2500 kW' which could not be parsed",
        "rejection_keywords": "2500 kW",
        "timestamp": "2026-07-01T01:06:48.526608",
        "element_type": "node",
        "element_id": 10651239220,
        "country": "Ethiopia",
        "unit_type": "generator"
      }
    },
    {
      "type": "Feature",
      "geometry": {
        "type": "Point",
        "coordinates": [
          42.5894859,
          10.6796242
        ]
      },
      "properties": {
        "label": "Rejected node 10651239223",
        "type": "Capacity regex no match",
        "osm_element": "https://www.openstreetmap.org/node/10651239223",
        "rejection_reason": "Capacity regex no match",
        "rejection_details": "Tag 'generator:output:electricity' has value '2500 kW' which could not be parsed",
        "rejection_keywords": "2500 kW",
        "timestamp": "2026-07-01T01:06:48.526626",
        "element_type": "node",
        "element_id": 10651239223,
        "country": "Ethiopia",
        "unit_type": "generator"
      }
    },
    {
      "type": "Feature",
      "geometry": {
        "type": "Point",
        "coordinates": [
          42.5885356,
          10.684161
        ]
      },
      "properties": {
        "label": "Rejected node 10651239222",
        "type": "Capacity regex no match",
        "osm_element": "https://www.openstreetmap.org/node/10651239222",
        "rejection_reason": "Capacity regex no match",
        "rejection_details": "Tag 'generator:output:electricity' has value '2500 kW' which could not be parsed",
        "rejection_keywords": "2500 kW",
        "timestamp": "2026-07-01T01:06:48.526644",
        "element_type": "node",
        "element_id": 10651239222,
        "country": "Ethiopia",
        "unit_type": "generator"
      }
    },
    {
      "type": "Feature",
      "geometry": {
        "type": "Point",
        "coordinates": [
          42.5837607,
          10.7069677
        ]
      },
      "properties": {
        "label": "Rejected node 10651239217",
        "type": "Capacity regex no match",
        "osm_element": "https://www.openstreetmap.org/node/10651239217",
        "rejection_reason": "Capacity regex no match",
        "rejection_details": "Tag 'generator:output:electricity' has value '2500 kW' which could not be parsed",
        "rejection_keywords": "2500 kW",
        "timestamp": "2026-07-01T01:06:48.526661",
        "element_type": "node",
        "element_id": 10651239217,
        "country": "Ethiopia",
        "unit_type": "generator"
      }
    },
    {
      "type": "Feature",
      "geometry": {
        "type": "Point",
        "coordinates": [
          42.6044437,
          10.6731567
        ]
      },
      "properties": {
        "label": "Rejected node 10651239174",
        "type": "Capacity regex no match",
        "osm_element": "https://www.openstreetmap.org/node/10651239174",
        "rejection_reason": "Capacity regex no match",
        "rejection_details": "Tag 'generator:output:electricity' has value '2500 kW' which could not be parsed",
        "rejection_keywords": "2500 kW",
        "timestamp": "2026-07-01T01:06:48.526678",
        "element_type": "node",
        "element_id": 10651239174,
        "country": "Ethiopia",
        "unit_type": "generator"
      }
    },
    {
      "type": "Feature",
      "geometry": {
        "type": "Point",
        "coordinates": [
          42.5856707,
          10.6978489
        ]
      },
      "properties": {
        "label": "Rejected node 10651239219",
        "type": "Capacity regex no match",
        "osm_element": "https://www.openstreetmap.org/node/10651239219",
        "rejection_reason": "Capacity regex no match",
        "rejection_details": "Tag 'generator:output:electricity' has value '2500 kW' which could not be parsed",
        "rejection_keywords": "2500 kW",
        "timestamp": "2026-07-01T01:06:48.526720",
        "element_type": "node",
        "element_id": 10651239219,
        "country": "Ethiopia",
        "unit_type": "generator"
      }
    },
    {
      "type": "Feature",
      "geometry": {
        "type": "Point",
        "coordinates": [
          42.584718,
          10.7023923
        ]
      },
      "properties": {
        "label": "Rejected node 10651239218",
        "type": "Capacity regex no match",
        "osm_element": "https://www.openstreetmap.org/node/10651239218",
        "rejection_reason": "Capacity regex no match",
        "rejection_details": "Tag 'generator:output:electricity' has value '2500 kW' which could not be parsed",
        "rejection_keywords": "2500 kW",
        "timestamp": "2026-07-01T01:06:48.526742",
        "element_type": "node",
        "element_id": 10651239218,
        "country": "Ethiopia",
        "unit_type": "generator"
      }
    },
    {
      "type": "Feature",
      "geometry": {
        "type": "Point",
        "coordinates": [
          42.5777241,
          10.703317
        ]
      },
      "properties": {
        "label": "Rejected node 10651239232",
        "type": "Capacity regex no match",
        "osm_element": "https://www.openstreetmap.org/node/10651239232",
        "rejection_reason": "Capacity regex no match",
        "rejection_details": "Tag 'generator:output:electricity' has value '2500 kW' which could not be parsed",
        "rejection_keywords": "2500 kW",
        "timestamp": "2026-07-01T01:06:48.526761",
        "element_type": "node",
        "element_id": 10651239232,
        "country": "Ethiopia",
        "unit_type": "generator"
      }
    },
    {
      "type": "Feature",
      "geometry": {
        "type": "Point",
        "coordinates": [
          42.5907639,
          10.7060042
        ]
      },
      "properties": {
        "label": "Rejected node 10651239202",
        "type": "Capacity regex no match",
        "osm_element": "https://www.openstreetmap.org/node/10651239202",
        "rejection_reason": "Capacity regex no match",
        "rejection_details": "Tag 'generator:output:electricity' has value '2500 kW' which could not be parsed",
        "rejection_keywords": "2500 kW",
        "timestamp": "2026-07-01T01:06:48.526780",
        "element_type": "node",
        "element_id": 10651239202,
        "country": "Ethiopia",
        "unit_type": "generator"
      }
    },
    {
      "type": "Feature",
      "geometry": {
        "type": "Point",
        "coordinates": [
          42.5917212,
          10.7014585
        ]
      },
      "properties": {
        "label": "Rejected node 10651239201",
        "type": "Capacity regex no match",
        "osm_element": "https://www.openstreetmap.org/node/10651239201",
        "rejection_reason": "Capacity regex no match",
        "rejection_details": "Tag 'generator:output:electricity' has value '2500 kW' which could not be parsed",
        "rejection_keywords": "2500 kW",
        "timestamp": "2026-07-01T01:06:48.526798",
        "element_type": "node",
        "element_id": 10651239201,
        "country": "Ethiopia",
        "unit_type": "generator"
      }
    },
    {
      "type": "Feature",
      "geometry": {
        "type": "Point",
        "coordinates": [
          42.5945698,
          10.6878028
        ]
      },
      "properties": {
        "label": "Rejected node 10651239198",
        "type": "Capacity regex no match",
        "osm_element": "https://www.openstreetmap.org/node/10651239198",
        "rejection_reason": "Capacity regex no match",
        "rejection_details": "Tag 'generator:output:electricity' has value '2500 kW' which could not be parsed",
        "rejection_keywords": "2500 kW",
        "timestamp": "2026-07-01T01:06:48.526817",
        "element_type": "node",
        "element_id": 10651239198,
        "country": "Ethiopia",
        "unit_type": "generator"
      }
    },
    {
      "type": "Feature",
      "geometry": {
        "type": "Point",
        "coordinates": [
          42.5955411,
          10.6832181
        ]
      },
      "properties": {
        "label": "Rejected node 10651239197",
        "type": "Capacity regex no match",
        "osm_element": "https://www.openstreetmap.org/node/10651239197",
        "rejection_reason": "Capacity regex no match",
        "rejection_details": "Tag 'generator:output:electricity' has value '2500 kW' which could not be parsed",
        "rejection_keywords": "2500 kW",
        "timestamp": "2026-07-01T01:06:48.526836",
        "element_type": "node",
        "element_id": 10651239197,
        "country": "Ethiopia",
        "unit_type": "generator"
      }
    },
    {
      "type": "Feature",
      "geometry": {
        "type": "Point",
        "coordinates": [
          42.5926709,
          10.6969042
        ]
      },
      "properties": {
        "label": "Rejected node 10651239200",
        "type": "Capacity regex no match",
        "osm_element": "https://www.openstreetmap.org/node/10651239200",
        "rejection_reason": "Capacity regex no match",
        "rejection_details": "Tag 'generator:output:electricity' has value '2500 kW' which could not be parsed",
        "rejection_keywords": "2500 kW",
        "timestamp": "2026-07-01T01:06:48.526854",
        "element_type": "node",
        "element_id": 10651239200,
        "country": "Ethiopia",
        "unit_type": "generator"
      }
    },
    {
      "type": "Feature",
      "geometry": {
        "type": "Point",
        "coordinates": [
          42.5936358,
          10.6923327
        ]
      },
      "properties": {
        "label": "Rejected node 10651239199",
        "type": "Capacity regex no match",
        "osm_element": "https://www.openstreetmap.org/node/10651239199",
        "rejection_reason": "Capacity regex no match",
        "rejection_details": "Tag 'generator:output:electricity' has value '2500 kW' which could not be parsed",
        "rejection_keywords": "2500 kW",
        "timestamp": "2026-07-01T01:06:48.526871",
        "element_type": "node",
        "element_id": 10651239199,
        "country": "Ethiopia",
        "unit_type": "generator"
      }
    },
    {
      "type": "Feature",
      "geometry": {
        "type": "Point",
        "coordinates": [
          42.6015776,
          10.6868393
        ]
      },
      "properties": {
        "label": "Rejected node 10651239194",
        "type": "Capacity regex no match",
        "osm_element": "https://www.openstreetmap.org/node/10651239194",
        "rejection_reason": "Capacity regex no match",
        "rejection_details": "Tag 'generator:output:electricity' has value '2500 kW' which could not be parsed",
        "rejection_keywords": "2500 kW",
        "timestamp": "2026-07-01T01:06:48.526888",
        "element_type": "node",
        "element_id": 10651239194,
        "country": "Ethiopia",
        "unit_type": "generator"
      }
    },
    {
      "type": "Feature",
      "geometry": {
        "type": "Point",
        "coordinates": [
          42.5964891,
          10.678688
        ]
      },
      "properties": {
        "label": "Rejected node 10651239196",
        "type": "Capacity regex no match",
        "osm_element": "https://www.openstreetmap.org/node/10651239196",
        "rejection_reason": "Capacity regex no match",
        "rejection_details": "Tag 'generator:output:electricity' has value '2500 kW' which could not be parsed",
        "rejection_keywords": "2500 kW",
        "timestamp": "2026-07-01T01:06:48.526905",
        "element_type": "node",
        "element_id": 10651239196,
        "country": "Ethiopia",
        "unit_type": "generator"
      }
    },
    {
      "type": "Feature",
      "geometry": {
        "type": "Point",
        "coordinates": [
          42.5974324,
          10.6741122
        ]
      },
      "properties": {
        "label": "Rejected node 10651239195",
        "type": "Capacity regex no match",
        "osm_element": "https://www.openstreetmap.org/node/10651239195",
        "rejection_reason": "Capacity regex no match",
        "rejection_details": "Tag 'generator:output:electricity' has value '2500 kW' which could not be parsed",
        "rejection_keywords": "2500 kW",
        "timestamp": "2026-07-01T01:06:48.526923",
        "element_type": "node",
        "element_id": 10651239195,
        "country": "Ethiopia",
        "unit_type": "generator"
      }
    },
    {
      "type": "Feature",
      "geometry": {
        "type": "Point",
        "coordinates": [
          42.5977717,
          10.7050636
        ]
      },
      "properties": {
        "label": "Rejected node 10651239190",
        "type": "Capacity regex no match",
        "osm_element": "https://www.openstreetmap.org/node/10651239190",
        "rejection_reason": "Capacity regex no match",
        "rejection_details": "Tag 'generator:output:electricity' has value '2500 kW' which could not be parsed",
        "rejection_keywords": "2500 kW",
        "timestamp": "2026-07-01T01:06:48.526941",
        "element_type": "node",
        "element_id": 10651239190,
        "country": "Ethiopia",
        "unit_type": "generator"
      }
    },
    {
      "type": "Feature",
      "geometry": {
        "type": "Point",
        "coordinates": [
          41.73513807488751,
          9.625444693582596
        ]
      },
      "properties": {
        "label": "Rejected way 931428402",
        "type": "Missing source tag",
        "osm_element": "https://www.openstreetmap.org/way/931428402",
        "rejection_reason": "Missing source tag",
        "rejection_details": "tags: {'power': 'plant'}",
        "rejection_keywords": "none",
        "timestamp": "2026-07-01T01:06:48.532595",
        "element_type": "way",
        "element_id": 931428402,
        "country": "Ethiopia",
        "unit_type": "plant"
      }
    },
    {
      "type": "Feature",
      "geometry": {
        "type": "Point",
        "coordinates": [
          38.00637759008666,
          12.03403184922234
        ]
      },
      "properties": {
        "label": "Rejected way 949769378",
        "type": "Missing output tag",
        "osm_element": "https://www.openstreetmap.org/way/949769378",
        "rejection_reason": "Missing output tag",
        "rejection_details": "tags: {'area': 'yes', 'plant:source': 'hydro', 'power': 'plant', 'waterway': 'dam'}",
        "rejection_keywords": "none",
        "timestamp": "2026-07-01T01:06:48.533403",
        "element_type": "way",
        "element_id": 949769378,
        "country": "Ethiopia",
        "unit_type": "plant"
      }
    },
    {
      "type": "Feature",
      "geometry": {
        "type": "Point",
        "coordinates": [
          39.69246361294946,
          5.611540179472277
        ]
      },
      "properties": {
        "label": "Rejected way 981043845",
        "type": "Missing output tag",
        "osm_element": "https://www.openstreetmap.org/way/981043845",
        "rejection_reason": "Missing output tag",
        "rejection_details": "tags: {'area': 'yes', 'name': 'Genale–Dawa III Dam', 'plant:source': 'hydro', 'power': 'plant', 'waterway': 'dam'}",
        "rejection_keywords": "none",
        "timestamp": "2026-07-01T01:06:48.533783",
        "element_type": "way",
        "element_id": 981043845,
        "country": "Ethiopia",
        "unit_type": "plant"
      }
    },
    {
      "type": "Feature",
      "geometry": {
        "type": "Point",
        "coordinates": [
          38.7819361780156,
          9.045034892168799
        ]
      },
      "properties": {
        "label": "Rejected way 1008647394",
        "type": "Missing source tag",
        "osm_element": "https://www.openstreetmap.org/way/1008647394",
        "rejection_reason": "Missing source tag",
        "rejection_details": "tags: {'landuse': 'industrial', 'power': 'plant'}",
        "rejection_keywords": "none",
        "timestamp": "2026-07-01T01:06:48.534090",
        "element_type": "way",
        "element_id": 1008647394,
        "country": "Ethiopia",
        "unit_type": "plant"
      }
    },
    {
      "type": "Feature",
      "geometry": {
        "type": "Point",
        "coordinates": [
          38.40478145482896,
          7.112203258164795
        ]
      },
      "properties": {
        "label": "Rejected way 1112234152",
        "type": "Capacity placeholder value",
        "osm_element": "https://www.openstreetmap.org/way/1112234152",
        "rejection_reason": "Capacity placeholder value",
        "rejection_details": "Tag 'plant:output:electricity' contains placeholder value 'yes' instead of actual capacity",
        "rejection_keywords": "yes",
        "timestamp": "2026-07-01T01:06:48.534435",
        "element_type": "way",
        "element_id": 1112234152,
        "country": "Ethiopia",
        "unit_type": "plant"
      }
    },
    {
      "type": "Feature",
      "geometry": {
        "type": "Point",
        "coordinates": [
          39.10192169142424,
          8.596270435785756
        ]
      },
      "properties": {
        "label": "Rejected way 1126869657",
        "type": "Missing source tag",
        "osm_element": "https://www.openstreetmap.org/way/1126869657",
        "rejection_reason": "Missing source tag",
        "rejection_details": "tags: {'landuse': 'industrial', 'name': 'George Shoe', 'power': 'plant'}",
        "rejection_keywords": "none",
        "timestamp": "2026-07-01T01:06:48.534595",
        "element_type": "way",
        "element_id": 1126869657,
        "country": "Ethiopia",
        "unit_type": "plant"
      }
    },
    {
      "type": "Feature",
      "geometry": {
        "type": "Point",
        "coordinates": [
          45.43454199041471,
          7.2959847705982535
        ]
      },
      "properties": {
        "label": "Rejected way 1297735663",
        "type": "Capacity placeholder value",
        "osm_element": "https://www.openstreetmap.org/way/1297735663",
        "rejection_reason": "Capacity placeholder value",
        "rejection_details": "Tag 'plant:output:electricity' contains placeholder value 'yes' instead of actual capacity",
        "rejection_keywords": "yes",
        "timestamp": "2026-07-01T01:06:48.535176",
        "element_type": "way",
        "element_id": 1297735663,
        "country": "Ethiopia",
        "unit_type": "plant"
      }
    },
    {
      "type": "Feature",
      "geometry": {
        "type": "Point",
        "coordinates": [
          37.326338567173714,
          7.838322162065421
        ]
      },
      "properties": {
        "label": "Rejected way 1462687338",
        "type": "Missing output tag",
        "osm_element": "https://www.openstreetmap.org/way/1462687338",
        "rejection_reason": "Missing output tag",
        "rejection_details": "tags: {'plant:source': 'hydro', 'power': 'plant'}",
        "rejection_keywords": "none",
        "timestamp": "2026-07-01T01:06:48.535731",
        "element_type": "way",
        "element_id": 1462687338,
        "country": "Ethiopia",
        "unit_type": "plant"
      }
    },
    {
      "type": "Feature",
      "geometry": {
        "type": "Point",
        "coordinates": [
          37.948966518415894,
          16.499316796469294
        ]
      },
      "properties": {
        "label": "Rejected way 1155972911",
        "type": "Missing output tag",
        "osm_element": "https://www.openstreetmap.org/way/1155972911",
        "rejection_reason": "Missing output tag",
        "rejection_details": "tags: {'plant:source': 'solar', 'power': 'plant'}",
        "rejection_keywords": "none",
        "timestamp": "2026-07-01T01:07:44.042548",
        "element_type": "way",
        "element_id": 1155972911,
        "country": "Eritrea",
        "unit_type": "plant"
      }
    },
    {
      "type": "Feature",
      "geometry": {
        "type": "Point",
        "coordinates": [
          38.92216575026366,
          15.420213835061524
        ]
      },
      "properties": {
        "label": "Rejected way 1216646984",
        "type": "Capacity placeholder value",
        "osm_element": "https://www.openstreetmap.org/way/1216646984",
        "rejection_reason": "Capacity placeholder value",
        "rejection_details": "Tag 'plant:output:electricity' contains placeholder value 'yes' instead of actual capacity",
        "rejection_keywords": "yes",
        "timestamp": "2026-07-01T01:07:44.042820",
        "element_type": "way",
        "element_id": 1216646984,
        "country": "Eritrea",
        "unit_type": "plant"
      }
    },
    {
      "type": "Feature",
      "geometry": {
        "type": "Point",
        "coordinates": [
          38.95717982818065,
          15.317591487490656
        ]
      },
      "properties": {
        "label": "Rejected way 1422601239",
        "type": "Capacity placeholder value",
        "osm_element": "https://www.openstreetmap.org/way/1422601239",
        "rejection_reason": "Capacity placeholder value",
        "rejection_details": "Tag 'plant:output:electricity' contains placeholder value 'yes' instead of actual capacity",
        "rejection_keywords": "yes",
        "timestamp": "2026-07-01T01:07:44.042992",
        "element_type": "way",
        "element_id": 1422601239,
        "country": "Eritrea",
        "unit_type": "plant"
      }
    },
    {
      "type": "Feature",
      "geometry": {
        "type": "Point",
        "coordinates": [
          38.87786436511612,
          15.01735408410107
        ]
      },
      "properties": {
        "label": "Rejected way 1424667712",
        "type": "Missing output tag",
        "osm_element": "https://www.openstreetmap.org/way/1424667712",
        "rejection_reason": "Missing output tag",
        "rejection_details": "tags: {'plant:source': 'solar', 'power': 'plant'}",
        "rejection_keywords": "none",
        "timestamp": "2026-07-01T01:07:44.043158",
        "element_type": "way",
        "element_id": 1424667712,
        "country": "Eritrea",
        "unit_type": "plant"
      }
    },
    {
      "type": "Feature",
      "geometry": {
        "type": "Point",
        "coordinates": [
          37.51498943256688,
          15.516827657182963
        ]
      },
      "properties": {
        "label": "Rejected way 1424667956",
        "type": "Missing output tag",
        "osm_element": "https://www.openstreetmap.org/way/1424667956",
        "rejection_reason": "Missing output tag",
        "rejection_details": "tags: {'plant:source': 'solar', 'power': 'plant'}",
        "rejection_keywords": "none",
        "timestamp": "2026-07-01T01:07:44.043452",
        "element_type": "way",
        "element_id": 1424667956,
        "country": "Eritrea",
        "unit_type": "plant"
      }
    },
    {
      "type": "Feature",
      "geometry": {
        "type": "Point",
        "coordinates": [
          38.4771370918581,
          14.906530133549177
        ]
      },
      "properties": {
        "label": "Rejected way 1424668767",
        "type": "Missing output tag",
        "osm_element": "https://www.openstreetmap.org/way/1424668767",
        "rejection_reason": "Missing output tag",
        "rejection_details": "tags: {'plant:source': 'solar', 'power': 'plant'}",
        "rejection_keywords": "none",
        "timestamp": "2026-07-01T01:07:44.043737",
        "element_type": "way",
        "element_id": 1424668767,
        "country": "Eritrea",
        "unit_type": "plant"
      }
    },
    {
      "type": "Feature",
      "geometry": {
        "type": "Point",
        "coordinates": [
          38.56601033387606,
          14.915469036179799
        ]
      },
      "properties": {
        "label": "Rejected way 1424669412",
        "type": "Missing output tag",
        "osm_element": "https://www.openstreetmap.org/way/1424669412",
        "rejection_reason": "Missing output tag",
        "rejection_details": "tags: {'plant:source': 'solar', 'power': 'plant'}",
        "rejection_keywords": "none",
        "timestamp": "2026-07-01T01:07:44.044045",
        "element_type": "way",
        "element_id": 1424669412,
        "country": "Eritrea",
        "unit_type": "plant"
      }
    },
    {
      "type": "Feature",
      "geometry": {
        "type": "Point",
        "coordinates": [
          38.816656189802096,
          15.186751864661833
        ]
      },
      "properties": {
        "label": "Rejected way 1424669995",
        "type": "Missing output tag",
        "osm_element": "https://www.openstreetmap.org/way/1424669995",
        "rejection_reason": "Missing output tag",
        "rejection_details": "tags: {'plant:source': 'solar', 'power': 'plant'}",
        "rejection_keywords": "none",
        "timestamp": "2026-07-01T01:07:44.044217",
        "element_type": "way",
        "element_id": 1424669995,
        "country": "Eritrea",
        "unit_type": "plant"
      }
    },
    {
      "type": "Feature",
      "geometry": {
        "type": "Point",
        "coordinates": [
          36.6369575,
          -1.3810502
        ]
      },
      "properties": {
        "label": "Rejected node 3525138199",
        "type": "Capacity regex no match",
        "osm_element": "https://www.openstreetmap.org/node/3525138199",
        "rejection_reason": "Capacity regex no match",
        "rejection_details": "Tag 'generator:output:electricity' has value '850 kW' which could not be parsed",
        "rejection_keywords": "850 kW",
        "timestamp": "2026-07-01T01:12:19.139815",
        "element_type": "node",
        "element_id": 3525138199,
        "country": "Kenya",
        "unit_type": "generator"
      }
    },
    {
      "type": "Feature",
      "geometry": {
        "type": "Point",
        "coordinates": [
          36.6372828,
          -1.383479
        ]
      },
      "properties": {
        "label": "Rejected node 3525138201",
        "type": "Capacity regex no match",
        "osm_element": "https://www.openstreetmap.org/node/3525138201",
        "rejection_reason": "Capacity regex no match",
        "rejection_details": "Tag 'generator:output:electricity' has value '850 kW' which could not be parsed",
        "rejection_keywords": "850 kW",
        "timestamp": "2026-07-01T01:12:19.139851",
        "element_type": "node",
        "element_id": 3525138201,
        "country": "Kenya",
        "unit_type": "generator"
      }
    },
    {
      "type": "Feature",
      "geometry": {
        "type": "Point",
        "coordinates": [
          36.64131,
          -1.3757636
        ]
      },
      "properties": {
        "label": "Rejected node 3525138218",
        "type": "Capacity regex no match",
        "osm_element": "https://www.openstreetmap.org/node/3525138218",
        "rejection_reason": "Capacity regex no match",
        "rejection_details": "Tag 'generator:output:electricity' has value '850 kW' which could not be parsed",
        "rejection_keywords": "850 kW",
        "timestamp": "2026-07-01T01:12:19.139875",
        "element_type": "node",
        "element_id": 3525138218,
        "country": "Kenya",
        "unit_type": "generator"
      }
    },
    {
      "type": "Feature",
      "geometry": {
        "type": "Point",
        "coordinates": [
          36.6351912,
          -1.3809605
        ]
      },
      "properties": {
        "label": "Rejected node 703087629",
        "type": "Capacity regex no match",
        "osm_element": "https://www.openstreetmap.org/node/703087629",
        "rejection_reason": "Capacity regex no match",
        "rejection_details": "Tag 'generator:output:electricity' has value '850 kW' which could not be parsed",
        "rejection_keywords": "850 kW",
        "timestamp": "2026-07-01T01:12:19.139897",
        "element_type": "node",
        "element_id": 703087629,
        "country": "Kenya",
        "unit_type": "generator"
      }
    },
    {
      "type": "Feature",
      "geometry": {
        "type": "Point",
        "coordinates": [
          36.6389914,
          -1.3829361
        ]
      },
      "properties": {
        "label": "Rejected node 3525138204",
        "type": "Capacity regex no match",
        "osm_element": "https://www.openstreetmap.org/node/3525138204",
        "rejection_reason": "Capacity regex no match",
        "rejection_details": "Tag 'generator:output:electricity' has value '850 kW' which could not be parsed",
        "rejection_keywords": "850 kW",
        "timestamp": "2026-07-01T01:12:19.139917",
        "element_type": "node",
        "element_id": 3525138204,
        "country": "Kenya",
        "unit_type": "generator"
      }
    },
    {
      "type": "Feature",
      "geometry": {
        "type": "Point",
        "coordinates": [
          36.6381417,
          -1.3859491
        ]
      },
      "properties": {
        "label": "Rejected node 3525138209",
        "type": "Capacity regex no match",
        "osm_element": "https://www.openstreetmap.org/node/3525138209",
        "rejection_reason": "Capacity regex no match",
        "rejection_details": "Tag 'generator:output:electricity' has value '850 kW' which could not be parsed",
        "rejection_keywords": "850 kW",
        "timestamp": "2026-07-01T01:12:19.139936",
        "element_type": "node",
        "element_id": 3525138209,
        "country": "Kenya",
        "unit_type": "generator"
      }
    },
    {
      "type": "Feature",
      "geometry": {
        "type": "Point",
        "coordinates": [
          36.6376009,
          -1.3898879
        ]
      },
      "properties": {
        "label": "Rejected node 3525138212",
        "type": "Capacity regex no match",
        "osm_element": "https://www.openstreetmap.org/node/3525138212",
        "rejection_reason": "Capacity regex no match",
        "rejection_details": "Tag 'generator:output:electricity' has value '850 kW' which could not be parsed",
        "rejection_keywords": "850 kW",
        "timestamp": "2026-07-01T01:12:19.139954",
        "element_type": "node",
        "element_id": 3525138212,
        "country": "Kenya",
        "unit_type": "generator"
      }
    },
    {
      "type": "Feature",
      "geometry": {
        "type": "Point",
        "coordinates": [
          36.6349253,
          -1.3800567
        ]
      },
      "properties": {
        "label": "Rejected node 2666338701",
        "type": "Capacity regex no match",
        "osm_element": "https://www.openstreetmap.org/node/2666338701",
        "rejection_reason": "Capacity regex no match",
        "rejection_details": "Tag 'generator:output:electricity' has value '850 kW' which could not be parsed",
        "rejection_keywords": "850 kW",
        "timestamp": "2026-07-01T01:12:19.139973",
        "element_type": "node",
        "element_id": 2666338701,
        "country": "Kenya",
        "unit_type": "generator"
      }
    },
    {
      "type": "Feature",
      "geometry": {
        "type": "Point",
        "coordinates": [
          36.6368166,
          -1.3945344
        ]
      },
      "properties": {
        "label": "Rejected node 3076695662",
        "type": "Capacity regex no match",
        "osm_element": "https://www.openstreetmap.org/node/3076695662",
        "rejection_reason": "Capacity regex no match",
        "rejection_details": "Tag 'generator:output:electricity' has value '850 kW' which could not be parsed",
        "rejection_keywords": "850 kW",
        "timestamp": "2026-07-01T01:12:19.139992",
        "element_type": "node",
        "element_id": 3076695662,
        "country": "Kenya",
        "unit_type": "generator"
      }
    },
    {
      "type": "Feature",
      "geometry": {
        "type": "Point",
        "coordinates": [
          36.6347215,
          -1.3791101
        ]
      },
      "properties": {
        "label": "Rejected node 2666337950",
        "type": "Capacity regex no match",
        "osm_element": "https://www.openstreetmap.org/node/2666337950",
        "rejection_reason": "Capacity regex no match",
        "rejection_details": "Tag 'generator:output:electricity' has value '850 kW' which could not be parsed",
        "rejection_keywords": "850 kW",
        "timestamp": "2026-07-01T01:12:19.140010",
        "element_type": "node",
        "element_id": 2666337950,
        "country": "Kenya",
        "unit_type": "generator"
      }
    },
    {
      "type": "Feature",
      "geometry": {
        "type": "Point",
        "coordinates": [
          36.6371734,
          -1.382339
        ]
      },
      "properties": {
        "label": "Rejected node 3525138200",
        "type": "Capacity regex no match",
        "osm_element": "https://www.openstreetmap.org/node/3525138200",
        "rejection_reason": "Capacity regex no match",
        "rejection_details": "Tag 'generator:output:electricity' has value '850 kW' which could not be parsed",
        "rejection_keywords": "850 kW",
        "timestamp": "2026-07-01T01:12:19.140027",
        "element_type": "node",
        "element_id": 3525138200,
        "country": "Kenya",
        "unit_type": "generator"
      }
    },
    {
      "type": "Feature",
      "geometry": {
        "type": "Point",
        "coordinates": [
          36.6403298,
          -1.3809583
        ]
      },
      "properties": {
        "label": "Rejected node 3525138207",
        "type": "Capacity regex no match",
        "osm_element": "https://www.openstreetmap.org/node/3525138207",
        "rejection_reason": "Capacity regex no match",
        "rejection_details": "Tag 'generator:output:electricity' has value '850 kW' which could not be parsed",
        "rejection_keywords": "850 kW",
        "timestamp": "2026-07-01T01:12:19.140044",
        "element_type": "node",
        "element_id": 3525138207,
        "country": "Kenya",
        "unit_type": "generator"
      }
    },
    {
      "type": "Feature",
      "geometry": {
        "type": "Point",
        "coordinates": [
          36.6418819,
          -1.3813634
        ]
      },
      "properties": {
        "label": "Rejected node 3525138208",
        "type": "Capacity regex no match",
        "osm_element": "https://www.openstreetmap.org/node/3525138208",
        "rejection_reason": "Capacity regex no match",
        "rejection_details": "Tag 'generator:output:electricity' has value '850 kW' which could not be parsed",
        "rejection_keywords": "850 kW",
        "timestamp": "2026-07-01T01:12:19.140061",
        "element_type": "node",
        "element_id": 3525138208,
        "country": "Kenya",
        "unit_type": "generator"
      }
    },
    {
      "type": "Feature",
      "geometry": {
        "type": "Point",
        "coordinates": [
          36.6387831,
          -1.3777693
        ]
      },
      "properties": {
        "label": "Rejected node 3525138215",
        "type": "Capacity regex no match",
        "osm_element": "https://www.openstreetmap.org/node/3525138215",
        "rejection_reason": "Capacity regex no match",
        "rejection_details": "Tag 'generator:output:electricity' has value '850 kW' which could not be parsed",
        "rejection_keywords": "850 kW",
        "timestamp": "2026-07-01T01:12:19.140079",
        "element_type": "node",
        "element_id": 3525138215,
        "country": "Kenya",
        "unit_type": "generator"
      }
    },
    {
      "type": "Feature",
      "geometry": {
        "type": "Point",
        "coordinates": [
          36.633426,
          -1.3772868
        ]
      },
      "properties": {
        "label": "Rejected node 2666338700",
        "type": "Capacity regex no match",
        "osm_element": "https://www.openstreetmap.org/node/2666338700",
        "rejection_reason": "Capacity regex no match",
        "rejection_details": "Tag 'generator:output:electricity' has value '850 kW' which could not be parsed",
        "rejection_keywords": "850 kW",
        "timestamp": "2026-07-01T01:12:19.140097",
        "element_type": "node",
        "element_id": 2666338700,
        "country": "Kenya",
        "unit_type": "generator"
      }
    },
    {
      "type": "Feature",
      "geometry": {
        "type": "Point",
        "coordinates": [
          36.6404634,
          -1.3765951
        ]
      },
      "properties": {
        "label": "Rejected node 3525138217",
        "type": "Capacity regex no match",
        "osm_element": "https://www.openstreetmap.org/node/3525138217",
        "rejection_reason": "Capacity regex no match",
        "rejection_details": "Tag 'generator:output:electricity' has value '850 kW' which could not be parsed",
        "rejection_keywords": "850 kW",
        "timestamp": "2026-07-01T01:12:19.140115",
        "element_type": "node",
        "element_id": 3525138217,
        "country": "Kenya",
        "unit_type": "generator"
      }
    },
    {
      "type": "Feature",
      "geometry": {
        "type": "Point",
        "coordinates": [
          36.6382608,
          -1.3841039
        ]
      },
      "properties": {
        "label": "Rejected node 3525138203",
        "type": "Capacity regex no match",
        "osm_element": "https://www.openstreetmap.org/node/3525138203",
        "rejection_reason": "Capacity regex no match",
        "rejection_details": "Tag 'generator:output:electricity' has value '850 kW' which could not be parsed",
        "rejection_keywords": "850 kW",
        "timestamp": "2026-07-01T01:12:19.140133",
        "element_type": "node",
        "element_id": 3525138203,
        "country": "Kenya",
        "unit_type": "generator"
      }
    },
    {
      "type": "Feature",
      "geometry": {
        "type": "Point",
        "coordinates": [
          36.6386531,
          -1.3812822
        ]
      },
      "properties": {
        "label": "Rejected node 3525138206",
        "type": "Capacity regex no match",
        "osm_element": "https://www.openstreetmap.org/node/3525138206",
        "rejection_reason": "Capacity regex no match",
        "rejection_details": "Tag 'generator:output:electricity' has value '850 kW' which could not be parsed",
        "rejection_keywords": "850 kW",
        "timestamp": "2026-07-01T01:12:19.140151",
        "element_type": "node",
        "element_id": 3525138206,
        "country": "Kenya",
        "unit_type": "generator"
      }
    },
    {
      "type": "Feature",
      "geometry": {
        "type": "Point",
        "coordinates": [
          36.6375208,
          -1.3880284
        ]
      },
      "properties": {
        "label": "Rejected node 3525138211",
        "type": "Capacity regex no match",
        "osm_element": "https://www.openstreetmap.org/node/3525138211",
        "rejection_reason": "Capacity regex no match",
        "rejection_details": "Tag 'generator:output:electricity' has value '850 kW' which could not be parsed",
        "rejection_keywords": "850 kW",
        "timestamp": "2026-07-01T01:12:19.140170",
        "element_type": "node",
        "element_id": 3525138211,
        "country": "Kenya",
        "unit_type": "generator"
      }
    },
    {
      "type": "Feature",
      "geometry": {
        "type": "Point",
        "coordinates": [
          36.6366214,
          -1.393002
        ]
      },
      "properties": {
        "label": "Rejected node 3076695661",
        "type": "Capacity regex no match",
        "osm_element": "https://www.openstreetmap.org/node/3076695661",
        "rejection_reason": "Capacity regex no match",
        "rejection_details": "Tag 'generator:output:electricity' has value '850 kW' which could not be parsed",
        "rejection_keywords": "850 kW",
        "timestamp": "2026-07-01T01:12:19.140192",
        "element_type": "node",
        "element_id": 3076695661,
        "country": "Kenya",
        "unit_type": "generator"
      }
    },
    {
      "type": "Feature",
      "geometry": {
        "type": "Point",
        "coordinates": [
          36.6340938,
          -1.3783245
        ]
      },
      "properties": {
        "label": "Rejected node 2666337949",
        "type": "Capacity regex no match",
        "osm_element": "https://www.openstreetmap.org/node/2666337949",
        "rejection_reason": "Capacity regex no match",
        "rejection_details": "Tag 'generator:output:electricity' has value '850 kW' which could not be parsed",
        "rejection_keywords": "850 kW",
        "timestamp": "2026-07-01T01:12:19.140210",
        "element_type": "node",
        "element_id": 2666337949,
        "country": "Kenya",
        "unit_type": "generator"
      }
    },
    {
      "type": "Feature",
      "geometry": {
        "type": "Point",
        "coordinates": [
          36.6378871,
          -1.3783752
        ]
      },
      "properties": {
        "label": "Rejected node 3525138214",
        "type": "Capacity regex no match",
        "osm_element": "https://www.openstreetmap.org/node/3525138214",
        "rejection_reason": "Capacity regex no match",
        "rejection_details": "Tag 'generator:output:electricity' has value '850 kW' which could not be parsed",
        "rejection_keywords": "850 kW",
        "timestamp": "2026-07-01T01:12:19.140227",
        "element_type": "node",
        "element_id": 3525138214,
        "country": "Kenya",
        "unit_type": "generator"
      }
    },
    {
      "type": "Feature",
      "geometry": {
        "type": "Point",
        "coordinates": [
          36.6396453,
          -1.3772029
        ]
      },
      "properties": {
        "label": "Rejected node 3525138216",
        "type": "Capacity regex no match",
        "osm_element": "https://www.openstreetmap.org/node/3525138216",
        "rejection_reason": "Capacity regex no match",
        "rejection_details": "Tag 'generator:output:electricity' has value '850 kW' which could not be parsed",
        "rejection_keywords": "850 kW",
        "timestamp": "2026-07-01T01:12:19.140245",
        "element_type": "node",
        "element_id": 3525138216,
        "country": "Kenya",
        "unit_type": "generator"
      }
    },
    {
      "type": "Feature",
      "geometry": {
        "type": "Point",
        "coordinates": [
          36.6370768,
          -1.3846434
        ]
      },
      "properties": {
        "label": "Rejected node 3525138202",
        "type": "Capacity regex no match",
        "osm_element": "https://www.openstreetmap.org/node/3525138202",
        "rejection_reason": "Capacity regex no match",
        "rejection_details": "Tag 'generator:output:electricity' has value '850 kW' which could not be parsed",
        "rejection_keywords": "850 kW",
        "timestamp": "2026-07-01T01:12:19.140262",
        "element_type": "node",
        "element_id": 3525138202,
        "country": "Kenya",
        "unit_type": "generator"
      }
    },
    {
      "type": "Feature",
      "geometry": {
        "type": "Point",
        "coordinates": [
          36.6373819,
          -1.390932
        ]
      },
      "properties": {
        "label": "Rejected node 5540453959",
        "type": "Capacity regex no match",
        "osm_element": "https://www.openstreetmap.org/node/5540453959",
        "rejection_reason": "Capacity regex no match",
        "rejection_details": "Tag 'generator:output:electricity' has value '850 kW' which could not be parsed",
        "rejection_keywords": "850 kW",
        "timestamp": "2026-07-01T01:12:19.140278",
        "element_type": "node",
        "element_id": 5540453959,
        "country": "Kenya",
        "unit_type": "generator"
      }
    },
    {
      "type": "Feature",
      "geometry": {
        "type": "Point",
        "coordinates": [
          36.6373774,
          -1.3869823
        ]
      },
      "properties": {
        "label": "Rejected node 3525138210",
        "type": "Capacity regex no match",
        "osm_element": "https://www.openstreetmap.org/node/3525138210",
        "rejection_reason": "Capacity regex no match",
        "rejection_details": "Tag 'generator:output:electricity' has value '850 kW' which could not be parsed",
        "rejection_keywords": "850 kW",
        "timestamp": "2026-07-01T01:12:19.140296",
        "element_type": "node",
        "element_id": 3525138210,
        "country": "Kenya",
        "unit_type": "generator"
      }
    },
    {
      "type": "Feature",
      "geometry": {
        "type": "Point",
        "coordinates": [
          36.6395915,
          -1.382088
        ]
      },
      "properties": {
        "label": "Rejected node 3525138205",
        "type": "Capacity regex no match",
        "osm_element": "https://www.openstreetmap.org/node/3525138205",
        "rejection_reason": "Capacity regex no match",
        "rejection_details": "Tag 'generator:output:electricity' has value '850 kW' which could not be parsed",
        "rejection_keywords": "850 kW",
        "timestamp": "2026-07-01T01:12:19.140314",
        "element_type": "node",
        "element_id": 3525138205,
        "country": "Kenya",
        "unit_type": "generator"
      }
    },
    {
      "type": "Feature",
      "geometry": {
        "type": "Point",
        "coordinates": [
          36.6368025,
          -1.3918705
        ]
      },
      "properties": {
        "label": "Rejected node 5540453960",
        "type": "Capacity regex no match",
        "osm_element": "https://www.openstreetmap.org/node/5540453960",
        "rejection_reason": "Capacity regex no match",
        "rejection_details": "Tag 'generator:output:electricity' has value '850 kW' which could not be parsed",
        "rejection_keywords": "850 kW",
        "timestamp": "2026-07-01T01:12:19.140331",
        "element_type": "node",
        "element_id": 5540453960,
        "country": "Kenya",
        "unit_type": "generator"
      }
    },
    {
      "type": "Feature",
      "geometry": {
        "type": "Point",
        "coordinates": [
          36.6356762,
          -1.3821322
        ]
      },
      "properties": {
        "label": "Rejected node 2093887616",
        "type": "Capacity regex no match",
        "osm_element": "https://www.openstreetmap.org/node/2093887616",
        "rejection_reason": "Capacity regex no match",
        "rejection_details": "Tag 'generator:output:electricity' has value '850 kW' which could not be parsed",
        "rejection_keywords": "850 kW",
        "timestamp": "2026-07-01T01:12:19.140348",
        "element_type": "node",
        "element_id": 2093887616,
        "country": "Kenya",
        "unit_type": "generator"
      }
    },
    {
      "type": "Feature",
      "geometry": {
        "type": "Point",
        "coordinates": [
          36.6371511,
          -1.3790971
        ]
      },
      "properties": {
        "label": "Rejected node 3525138213",
        "type": "Capacity regex no match",
        "osm_element": "https://www.openstreetmap.org/node/3525138213",
        "rejection_reason": "Capacity regex no match",
        "rejection_details": "Tag 'generator:output:electricity' has value '850 kW' which could not be parsed",
        "rejection_keywords": "850 kW",
        "timestamp": "2026-07-01T01:12:19.140366",
        "element_type": "node",
        "element_id": 3525138213,
        "country": "Kenya",
        "unit_type": "generator"
      }
    },
    {
      "type": "Feature",
      "geometry": {
        "type": "Point",
        "coordinates": [
          34.87104106003093,
          3.69372115140093
        ]
      },
      "properties": {
        "label": "Rejected relation 16545474",
        "type": "Missing output tag",
        "osm_element": "https://www.openstreetmap.org/relation/16545474",
        "rejection_reason": "Missing output tag",
        "rejection_details": "tags: {'plant:method': 'photovoltaic', 'plant:source': 'solar', 'power': 'plant', 'type': 'multipolygon'}",
        "rejection_keywords": "none",
        "timestamp": "2026-07-01T01:12:19.145841",
        "element_type": "relation",
        "element_id": 16545474,
        "country": "Kenya",
        "unit_type": "plant"
      }
    },
    {
      "type": "Feature",
      "geometry": {
        "type": "Point",
        "coordinates": [
          36.7969063,
          2.4667117
        ]
      },
      "properties": {
        "label": "Rejected node 5432934311",
        "type": "Capacity regex no match",
        "osm_element": "https://www.openstreetmap.org/node/5432934311",
        "rejection_reason": "Capacity regex no match",
        "rejection_details": "Tag 'generator:output:electricity' has value '850 kW' which could not be parsed",
        "rejection_keywords": "850 kW",
        "timestamp": "2026-07-01T01:12:19.162498",
        "element_type": "node",
        "element_id": 5432934311,
        "country": "Kenya",
        "unit_type": "generator"
      }
    },
    {
      "type": "Feature",
      "geometry": {
        "type": "Point",
        "coordinates": [
          36.7972657,
          2.467596
        ]
      },
      "properties": {
        "label": "Rejected node 5432934312",
        "type": "Capacity regex no match",
        "osm_element": "https://www.openstreetmap.org/node/5432934312",
        "rejection_reason": "Capacity regex no match",
        "rejection_details": "Tag 'generator:output:electricity' has value '850 kW' which could not be parsed",
        "rejection_keywords": "850 kW",
        "timestamp": "2026-07-01T01:12:19.162530",
        "element_type": "node",
        "element_id": 5432934312,
        "country": "Kenya",
        "unit_type": "generator"
      }
    },
    {
      "type": "Feature",
      "geometry": {
        "type": "Point",
        "coordinates": [
          36.7971499,
          2.4684142
        ]
      },
      "properties": {
        "label": "Rejected node 6068405800",
        "type": "Capacity regex no match",
        "osm_element": "https://www.openstreetmap.org/node/6068405800",
        "rejection_reason": "Capacity regex no match",
        "rejection_details": "Tag 'generator:output:electricity' has value '850 kW' which could not be parsed",
        "rejection_keywords": "850 kW",
        "timestamp": "2026-07-01T01:12:19.162554",
        "element_type": "node",
        "element_id": 6068405800,
        "country": "Kenya",
        "unit_type": "generator"
      }
    },
    {
      "type": "Feature",
      "geometry": {
        "type": "Point",
        "coordinates": [
          36.7971531,
          2.4694262
        ]
      },
      "properties": {
        "label": "Rejected node 5432934313",
        "type": "Capacity regex no match",
        "osm_element": "https://www.openstreetmap.org/node/5432934313",
        "rejection_reason": "Capacity regex no match",
        "rejection_details": "Tag 'generator:output:electricity' has value '850 kW' which could not be parsed",
        "rejection_keywords": "850 kW",
        "timestamp": "2026-07-01T01:12:19.162574",
        "element_type": "node",
        "element_id": 5432934313,
        "country": "Kenya",
        "unit_type": "generator"
      }
    },
    {
      "type": "Feature",
      "geometry": {
        "type": "Point",
        "coordinates": [
          36.7970629,
          2.4702394
        ]
      },
      "properties": {
        "label": "Rejected node 6068405799",
        "type": "Capacity regex no match",
        "osm_element": "https://www.openstreetmap.org/node/6068405799",
        "rejection_reason": "Capacity regex no match",
        "rejection_details": "Tag 'generator:output:electricity' has value '850 kW' which could not be parsed",
        "rejection_keywords": "850 kW",
        "timestamp": "2026-07-01T01:12:19.162592",
        "element_type": "node",
        "element_id": 6068405799,
        "country": "Kenya",
        "unit_type": "generator"
      }
    },
    {
      "type": "Feature",
      "geometry": {
        "type": "Point",
        "coordinates": [
          36.7971021,
          2.4712779
        ]
      },
      "properties": {
        "label": "Rejected node 5432934314",
        "type": "Capacity regex no match",
        "osm_element": "https://www.openstreetmap.org/node/5432934314",
        "rejection_reason": "Capacity regex no match",
        "rejection_details": "Tag 'generator:output:electricity' has value '850 kW' which could not be parsed",
        "rejection_keywords": "850 kW",
        "timestamp": "2026-07-01T01:12:19.162612",
        "element_type": "node",
        "element_id": 5432934314,
        "country": "Kenya",
        "unit_type": "generator"
      }
    },
    {
      "type": "Feature",
      "geometry": {
        "type": "Point",
        "coordinates": [
          36.7970154,
          2.4721357
        ]
      },
      "properties": {
        "label": "Rejected node 6068405798",
        "type": "Capacity regex no match",
        "osm_element": "https://www.openstreetmap.org/node/6068405798",
        "rejection_reason": "Capacity regex no match",
        "rejection_details": "Tag 'generator:output:electricity' has value '850 kW' which could not be parsed",
        "rejection_keywords": "850 kW",
        "timestamp": "2026-07-01T01:12:19.162631",
        "element_type": "node",
        "element_id": 6068405798,
        "country": "Kenya",
        "unit_type": "generator"
      }
    },
    {
      "type": "Feature",
      "geometry": {
        "type": "Point",
        "coordinates": [
          36.7970458,
          2.473151
        ]
      },
      "properties": {
        "label": "Rejected node 5432934315",
        "type": "Capacity regex no match",
        "osm_element": "https://www.openstreetmap.org/node/5432934315",
        "rejection_reason": "Capacity regex no match",
        "rejection_details": "Tag 'generator:output:electricity' has value '850 kW' which could not be parsed",
        "rejection_keywords": "850 kW",
        "timestamp": "2026-07-01T01:12:19.162651",
        "element_type": "node",
        "element_id": 5432934315,
        "country": "Kenya",
        "unit_type": "generator"
      }
    },
    {
      "type": "Feature",
      "geometry": {
        "type": "Point",
        "coordinates": [
          36.7969917,
          2.4739845
        ]
      },
      "properties": {
        "label": "Rejected node 6068405797",
        "type": "Capacity regex no match",
        "osm_element": "https://www.openstreetmap.org/node/6068405797",
        "rejection_reason": "Capacity regex no match",
        "rejection_details": "Tag 'generator:output:electricity' has value '850 kW' which could not be parsed",
        "rejection_keywords": "850 kW",
        "timestamp": "2026-07-01T01:12:19.162669",
        "element_type": "node",
        "element_id": 6068405797,
        "country": "Kenya",
        "unit_type": "generator"
      }
    },
    {
      "type": "Feature",
      "geometry": {
        "type": "Point",
        "coordinates": [
          36.7969707,
          2.474996
        ]
      },
      "properties": {
        "label": "Rejected node 5432934316",
        "type": "Capacity regex no match",
        "osm_element": "https://www.openstreetmap.org/node/5432934316",
        "rejection_reason": "Capacity regex no match",
        "rejection_details": "Tag 'generator:output:electricity' has value '850 kW' which could not be parsed",
        "rejection_keywords": "850 kW",
        "timestamp": "2026-07-01T01:12:19.162706",
        "element_type": "node",
        "element_id": 5432934316,
        "country": "Kenya",
        "unit_type": "generator"
      }
    },
    {
      "type": "Feature",
      "geometry": {
        "type": "Point",
        "coordinates": [
          36.796968,
          2.4758334
        ]
      },
      "properties": {
        "label": "Rejected node 6068405796",
        "type": "Capacity regex no match",
        "osm_element": "https://www.openstreetmap.org/node/6068405796",
        "rejection_reason": "Capacity regex no match",
        "rejection_details": "Tag 'generator:output:electricity' has value '850 kW' which could not be parsed",
        "rejection_keywords": "850 kW",
        "timestamp": "2026-07-01T01:12:19.162728",
        "element_type": "node",
        "element_id": 6068405796,
        "country": "Kenya",
        "unit_type": "generator"
      }
    },
    {
      "type": "Feature",
      "geometry": {
        "type": "Point",
        "coordinates": [
          36.7969599,
          2.4768437
        ]
      },
      "properties": {
        "label": "Rejected node 5432934317",
        "type": "Capacity regex no match",
        "osm_element": "https://www.openstreetmap.org/node/5432934317",
        "rejection_reason": "Capacity regex no match",
        "rejection_details": "Tag 'generator:output:electricity' has value '850 kW' which could not be parsed",
        "rejection_keywords": "850 kW",
        "timestamp": "2026-07-01T01:12:19.162749",
        "element_type": "node",
        "element_id": 5432934317,
        "country": "Kenya",
        "unit_type": "generator"
      }
    },
    {
      "type": "Feature",
      "geometry": {
        "type": "Point",
        "coordinates": [
          36.7969205,
          2.4777139
        ]
      },
      "properties": {
        "label": "Rejected node 6068405795",
        "type": "Capacity regex no match",
        "osm_element": "https://www.openstreetmap.org/node/6068405795",
        "rejection_reason": "Capacity regex no match",
        "rejection_details": "Tag 'generator:output:electricity' has value '850 kW' which could not be parsed",
        "rejection_keywords": "850 kW",
        "timestamp": "2026-07-01T01:12:19.162768",
        "element_type": "node",
        "element_id": 6068405795,
        "country": "Kenya",
        "unit_type": "generator"
      }
    },
    {
      "type": "Feature",
      "geometry": {
        "type": "Point",
        "coordinates": [
          36.7969358,
          2.4787141
        ]
      },
      "properties": {
        "label": "Rejected node 5432934318",
        "type": "Capacity regex no match",
        "osm_element": "https://www.openstreetmap.org/node/5432934318",
        "rejection_reason": "Capacity regex no match",
        "rejection_details": "Tag 'generator:output:electricity' has value '850 kW' which could not be parsed",
        "rejection_keywords": "850 kW",
        "timestamp": "2026-07-01T01:12:19.162787",
        "element_type": "node",
        "element_id": 5432934318,
        "country": "Kenya",
        "unit_type": "generator"
      }
    },
    {
      "type": "Feature",
      "geometry": {
        "type": "Point",
        "coordinates": [
          36.7912683,
          2.4832401
        ]
      },
      "properties": {
        "label": "Rejected node 5432935502",
        "type": "Capacity regex no match",
        "osm_element": "https://www.openstreetmap.org/node/5432935502",
        "rejection_reason": "Capacity regex no match",
        "rejection_details": "Tag 'generator:output:electricity' has value '850 kW' which could not be parsed",
        "rejection_keywords": "850 kW",
        "timestamp": "2026-07-01T01:12:19.162805",
        "element_type": "node",
        "element_id": 5432935502,
        "country": "Kenya",
        "unit_type": "generator"
      }
    },
    {
      "type": "Feature",
      "geometry": {
        "type": "Point",
        "coordinates": [
          36.7914185,
          2.4839583
        ]
      },
      "properties": {
        "label": "Rejected node 5432935503",
        "type": "Capacity regex no match",
        "osm_element": "https://www.openstreetmap.org/node/5432935503",
        "rejection_reason": "Capacity regex no match",
        "rejection_details": "Tag 'generator:output:electricity' has value '850 kW' which could not be parsed",
        "rejection_keywords": "850 kW",
        "timestamp": "2026-07-01T01:12:19.162826",
        "element_type": "node",
        "element_id": 5432935503,
        "country": "Kenya",
        "unit_type": "generator"
      }
    },
    {
      "type": "Feature",
      "geometry": {
        "type": "Point",
        "coordinates": [
          36.7915955,
          2.4846684
        ]
      },
      "properties": {
        "label": "Rejected node 5432935504",
        "type": "Capacity regex no match",
        "osm_element": "https://www.openstreetmap.org/node/5432935504",
        "rejection_reason": "Capacity regex no match",
        "rejection_details": "Tag 'generator:output:electricity' has value '850 kW' which could not be parsed",
        "rejection_keywords": "850 kW",
        "timestamp": "2026-07-01T01:12:19.162844",
        "element_type": "node",
        "element_id": 5432935504,
        "country": "Kenya",
        "unit_type": "generator"
      }
    },
    {
      "type": "Feature",
      "geometry": {
        "type": "Point",
        "coordinates": [
          36.7917095,
          2.4853665
        ]
      },
      "properties": {
        "label": "Rejected node 5432935505",
        "type": "Capacity regex no match",
        "osm_element": "https://www.openstreetmap.org/node/5432935505",
        "rejection_reason": "Capacity regex no match",
        "rejection_details": "Tag 'generator:output:electricity' has value '850 kW' which could not be parsed",
        "rejection_keywords": "850 kW",
        "timestamp": "2026-07-01T01:12:19.162863",
        "element_type": "node",
        "element_id": 5432935505,
        "country": "Kenya",
        "unit_type": "generator"
      }
    },
    {
      "type": "Feature",
      "geometry": {
        "type": "Point",
        "coordinates": [
          36.7918999,
          2.4860618
        ]
      },
      "properties": {
        "label": "Rejected node 5432935506",
        "type": "Capacity regex no match",
        "osm_element": "https://www.openstreetmap.org/node/5432935506",
        "rejection_reason": "Capacity regex no match",
        "rejection_details": "Tag 'generator:output:electricity' has value '850 kW' which could not be parsed",
        "rejection_keywords": "850 kW",
        "timestamp": "2026-07-01T01:12:19.162884",
        "element_type": "node",
        "element_id": 5432935506,
        "country": "Kenya",
        "unit_type": "generator"
      }
    },
    {
      "type": "Feature",
      "geometry": {
        "type": "Point",
        "coordinates": [
          36.7920287,
          2.4867585
        ]
      },
      "properties": {
        "label": "Rejected node 5432935507",
        "type": "Capacity regex no match",
        "osm_element": "https://www.openstreetmap.org/node/5432935507",
        "rejection_reason": "Capacity regex no match",
        "rejection_details": "Tag 'generator:output:electricity' has value '850 kW' which could not be parsed",
        "rejection_keywords": "850 kW",
        "timestamp": "2026-07-01T01:12:19.162903",
        "element_type": "node",
        "element_id": 5432935507,
        "country": "Kenya",
        "unit_type": "generator"
      }
    },
    {
      "type": "Feature",
      "geometry": {
        "type": "Point",
        "coordinates": [
          36.7922151,
          2.4874459
        ]
      },
      "properties": {
        "label": "Rejected node 5432935508",
        "type": "Capacity regex no match",
        "osm_element": "https://www.openstreetmap.org/node/5432935508",
        "rejection_reason": "Capacity regex no match",
        "rejection_details": "Tag 'generator:output:electricity' has value '850 kW' which could not be parsed",
        "rejection_keywords": "850 kW",
        "timestamp": "2026-07-01T01:12:19.162925",
        "element_type": "node",
        "element_id": 5432935508,
        "country": "Kenya",
        "unit_type": "generator"
      }
    },
    {
      "type": "Feature",
      "geometry": {
        "type": "Point",
        "coordinates": [
          36.7923304,
          2.4881788
        ]
      },
      "properties": {
        "label": "Rejected node 5432935509",
        "type": "Capacity regex no match",
        "osm_element": "https://www.openstreetmap.org/node/5432935509",
        "rejection_reason": "Capacity regex no match",
        "rejection_details": "Tag 'generator:output:electricity' has value '850 kW' which could not be parsed",
        "rejection_keywords": "850 kW",
        "timestamp": "2026-07-01T01:12:19.162944",
        "element_type": "node",
        "element_id": 5432935509,
        "country": "Kenya",
        "unit_type": "generator"
      }
    },
    {
      "type": "Feature",
      "geometry": {
        "type": "Point",
        "coordinates": [
          36.7925075,
          2.488846
        ]
      },
      "properties": {
        "label": "Rejected node 5432935510",
        "type": "Capacity regex no match",
        "osm_element": "https://www.openstreetmap.org/node/5432935510",
        "rejection_reason": "Capacity regex no match",
        "rejection_details": "Tag 'generator:output:electricity' has value '850 kW' which could not be parsed",
        "rejection_keywords": "850 kW",
        "timestamp": "2026-07-01T01:12:19.162962",
        "element_type": "node",
        "element_id": 5432935510,
        "country": "Kenya",
        "unit_type": "generator"
      }
    },
    {
      "type": "Feature",
      "geometry": {
        "type": "Point",
        "coordinates": [
          36.7926684,
          2.4895695
        ]
      },
      "properties": {
        "label": "Rejected node 5432935511",
        "type": "Capacity regex no match",
        "osm_element": "https://www.openstreetmap.org/node/5432935511",
        "rejection_reason": "Capacity regex no match",
        "rejection_details": "Tag 'generator:output:electricity' has value '850 kW' which could not be parsed",
        "rejection_keywords": "850 kW",
        "timestamp": "2026-07-01T01:12:19.162979",
        "element_type": "node",
        "element_id": 5432935511,
        "country": "Kenya",
        "unit_type": "generator"
      }
    },
    {
      "type": "Feature",
      "geometry": {
        "type": "Point",
        "coordinates": [
          36.7906809,
          2.4916945
        ]
      },
      "properties": {
        "label": "Rejected node 5432935512",
        "type": "Capacity regex no match",
        "osm_element": "https://www.openstreetmap.org/node/5432935512",
        "rejection_reason": "Capacity regex no match",
        "rejection_details": "Tag 'generator:output:electricity' has value '850 kW' which could not be parsed",
        "rejection_keywords": "850 kW",
        "timestamp": "2026-07-01T01:12:19.162997",
        "element_type": "node",
        "element_id": 5432935512,
        "country": "Kenya",
        "unit_type": "generator"
      }
    },
    {
      "type": "Feature",
      "geometry": {
        "type": "Point",
        "coordinates": [
          36.7907479,
          2.4924153
        ]
      },
      "properties": {
        "label": "Rejected node 5432935513",
        "type": "Capacity regex no match",
        "osm_element": "https://www.openstreetmap.org/node/5432935513",
        "rejection_reason": "Capacity regex no match",
        "rejection_details": "Tag 'generator:output:electricity' has value '850 kW' which could not be parsed",
        "rejection_keywords": "850 kW",
        "timestamp": "2026-07-01T01:12:19.163015",
        "element_type": "node",
        "element_id": 5432935513,
        "country": "Kenya",
        "unit_type": "generator"
      }
    },
    {
      "type": "Feature",
      "geometry": {
        "type": "Point",
        "coordinates": [
          36.7908123,
          2.4931469
        ]
      },
      "properties": {
        "label": "Rejected node 5432935514",
        "type": "Capacity regex no match",
        "osm_element": "https://www.openstreetmap.org/node/5432935514",
        "rejection_reason": "Capacity regex no match",
        "rejection_details": "Tag 'generator:output:electricity' has value '850 kW' which could not be parsed",
        "rejection_keywords": "850 kW",
        "timestamp": "2026-07-01T01:12:19.163032",
        "element_type": "node",
        "element_id": 5432935514,
        "country": "Kenya",
        "unit_type": "generator"
      }
    },
    {
      "type": "Feature",
      "geometry": {
        "type": "Point",
        "coordinates": [
          36.7908418,
          2.4938892
        ]
      },
      "properties": {
        "label": "Rejected node 5432935515",
        "type": "Capacity regex no match",
        "osm_element": "https://www.openstreetmap.org/node/5432935515",
        "rejection_reason": "Capacity regex no match",
        "rejection_details": "Tag 'generator:output:electricity' has value '850 kW' which could not be parsed",
        "rejection_keywords": "850 kW",
        "timestamp": "2026-07-01T01:12:19.163049",
        "element_type": "node",
        "element_id": 5432935515,
        "country": "Kenya",
        "unit_type": "generator"
      }
    },
    {
      "type": "Feature",
      "geometry": {
        "type": "Point",
        "coordinates": [
          36.7909089,
          2.494602
        ]
      },
      "properties": {
        "label": "Rejected node 5432935516",
        "type": "Capacity regex no match",
        "osm_element": "https://www.openstreetmap.org/node/5432935516",
        "rejection_reason": "Capacity regex no match",
        "rejection_details": "Tag 'generator:output:electricity' has value '850 kW' which could not be parsed",
        "rejection_keywords": "850 kW",
        "timestamp": "2026-07-01T01:12:19.163066",
        "element_type": "node",
        "element_id": 5432935516,
        "country": "Kenya",
        "unit_type": "generator"
      }
    },
    {
      "type": "Feature",
      "geometry": {
        "type": "Point",
        "coordinates": [
          36.7909169,
          2.4953523
        ]
      },
      "properties": {
        "label": "Rejected node 5432935517",
        "type": "Capacity regex no match",
        "osm_element": "https://www.openstreetmap.org/node/5432935517",
        "rejection_reason": "Capacity regex no match",
        "rejection_details": "Tag 'generator:output:electricity' has value '850 kW' which could not be parsed",
        "rejection_keywords": "850 kW",
        "timestamp": "2026-07-01T01:12:19.163084",
        "element_type": "node",
        "element_id": 5432935517,
        "country": "Kenya",
        "unit_type": "generator"
      }
    },
    {
      "type": "Feature",
      "geometry": {
        "type": "Point",
        "coordinates": [
          36.7909625,
          2.4960758
        ]
      },
      "properties": {
        "label": "Rejected node 5432935518",
        "type": "Capacity regex no match",
        "osm_element": "https://www.openstreetmap.org/node/5432935518",
        "rejection_reason": "Capacity regex no match",
        "rejection_details": "Tag 'generator:output:electricity' has value '850 kW' which could not be parsed",
        "rejection_keywords": "850 kW",
        "timestamp": "2026-07-01T01:12:19.163101",
        "element_type": "node",
        "element_id": 5432935518,
        "country": "Kenya",
        "unit_type": "generator"
      }
    },
    {
      "type": "Feature",
      "geometry": {
        "type": "Point",
        "coordinates": [
          36.7909947,
          2.4968127
        ]
      },
      "properties": {
        "label": "Rejected node 5432935519",
        "type": "Capacity regex no match",
        "osm_element": "https://www.openstreetmap.org/node/5432935519",
        "rejection_reason": "Capacity regex no match",
        "rejection_details": "Tag 'generator:output:electricity' has value '850 kW' which could not be parsed",
        "rejection_keywords": "850 kW",
        "timestamp": "2026-07-01T01:12:19.163122",
        "element_type": "node",
        "element_id": 5432935519,
        "country": "Kenya",
        "unit_type": "generator"
      }
    },
    {
      "type": "Feature",
      "geometry": {
        "type": "Point",
        "coordinates": [
          36.7910242,
          2.4975442
        ]
      },
      "properties": {
        "label": "Rejected node 5432935520",
        "type": "Capacity regex no match",
        "osm_element": "https://www.openstreetmap.org/node/5432935520",
        "rejection_reason": "Capacity regex no match",
        "rejection_details": "Tag 'generator:output:electricity' has value '850 kW' which could not be parsed",
        "rejection_keywords": "850 kW",
        "timestamp": "2026-07-01T01:12:19.163139",
        "element_type": "node",
        "element_id": 5432935520,
        "country": "Kenya",
        "unit_type": "generator"
      }
    },
    {
      "type": "Feature",
      "geometry": {
        "type": "Point",
        "coordinates": [
          36.7910939,
          2.4982972
        ]
      },
      "properties": {
        "label": "Rejected node 5432936421",
        "type": "Capacity regex no match",
        "osm_element": "https://www.openstreetmap.org/node/5432936421",
        "rejection_reason": "Capacity regex no match",
        "rejection_details": "Tag 'generator:output:electricity' has value '850 kW' which could not be parsed",
        "rejection_keywords": "850 kW",
        "timestamp": "2026-07-01T01:12:19.163156",
        "element_type": "node",
        "element_id": 5432936421,
        "country": "Kenya",
        "unit_type": "generator"
      }
    },
    {
      "type": "Feature",
      "geometry": {
        "type": "Point",
        "coordinates": [
          36.7908043,
          2.5306617
        ]
      },
      "properties": {
        "label": "Rejected node 5432935461",
        "type": "Capacity regex no match",
        "osm_element": "https://www.openstreetmap.org/node/5432935461",
        "rejection_reason": "Capacity regex no match",
        "rejection_details": "Tag 'generator:output:electricity' has value '850 kW' which could not be parsed",
        "rejection_keywords": "850 kW",
        "timestamp": "2026-07-01T01:12:19.163174",
        "element_type": "node",
        "element_id": 5432935461,
        "country": "Kenya",
        "unit_type": "generator"
      }
    },
    {
      "type": "Feature",
      "geometry": {
        "type": "Point",
        "coordinates": [
          36.7907345,
          2.5298954
        ]
      },
      "properties": {
        "label": "Rejected node 5432935462",
        "type": "Capacity regex no match",
        "osm_element": "https://www.openstreetmap.org/node/5432935462",
        "rejection_reason": "Capacity regex no match",
        "rejection_details": "Tag 'generator:output:electricity' has value '850 kW' which could not be parsed",
        "rejection_keywords": "850 kW",
        "timestamp": "2026-07-01T01:12:19.163191",
        "element_type": "node",
        "element_id": 5432935462,
        "country": "Kenya",
        "unit_type": "generator"
      }
    },
    {
      "type": "Feature",
      "geometry": {
        "type": "Point",
        "coordinates": [
          36.7906997,
          2.5290058
        ]
      },
      "properties": {
        "label": "Rejected node 5432935463",
        "type": "Capacity regex no match",
        "osm_element": "https://www.openstreetmap.org/node/5432935463",
        "rejection_reason": "Capacity regex no match",
        "rejection_details": "Tag 'generator:output:electricity' has value '850 kW' which could not be parsed",
        "rejection_keywords": "850 kW",
        "timestamp": "2026-07-01T01:12:19.163209",
        "element_type": "node",
        "element_id": 5432935463,
        "country": "Kenya",
        "unit_type": "generator"
      }
    },
    {
      "type": "Feature",
      "geometry": {
        "type": "Point",
        "coordinates": [
          36.790882,
          2.5282019
        ]
      },
      "properties": {
        "label": "Rejected node 5432935464",
        "type": "Capacity regex no match",
        "osm_element": "https://www.openstreetmap.org/node/5432935464",
        "rejection_reason": "Capacity regex no match",
        "rejection_details": "Tag 'generator:output:electricity' has value '850 kW' which could not be parsed",
        "rejection_keywords": "850 kW",
        "timestamp": "2026-07-01T01:12:19.163226",
        "element_type": "node",
        "element_id": 5432935464,
        "country": "Kenya",
        "unit_type": "generator"
      }
    },
    {
      "type": "Feature",
      "geometry": {
        "type": "Point",
        "coordinates": [
          36.7909303,
          2.527398
        ]
      },
      "properties": {
        "label": "Rejected node 5432935465",
        "type": "Capacity regex no match",
        "osm_element": "https://www.openstreetmap.org/node/5432935465",
        "rejection_reason": "Capacity regex no match",
        "rejection_details": "Tag 'generator:output:electricity' has value '850 kW' which could not be parsed",
        "rejection_keywords": "850 kW",
        "timestamp": "2026-07-01T01:12:19.163243",
        "element_type": "node",
        "element_id": 5432935465,
        "country": "Kenya",
        "unit_type": "generator"
      }
    },
    {
      "type": "Feature",
      "geometry": {
        "type": "Point",
        "coordinates": [
          36.7909598,
          2.5266504
        ]
      },
      "properties": {
        "label": "Rejected node 5432935466",
        "type": "Capacity regex no match",
        "osm_element": "https://www.openstreetmap.org/node/5432935466",
        "rejection_reason": "Capacity regex no match",
        "rejection_details": "Tag 'generator:output:electricity' has value '850 kW' which could not be parsed",
        "rejection_keywords": "850 kW",
        "timestamp": "2026-07-01T01:12:19.163263",
        "element_type": "node",
        "element_id": 5432935466,
        "country": "Kenya",
        "unit_type": "generator"
      }
    },
    {
      "type": "Feature",
      "geometry": {
        "type": "Point",
        "coordinates": [
          36.7910215,
          2.5258492
        ]
      },
      "properties": {
        "label": "Rejected node 5432935467",
        "type": "Capacity regex no match",
        "osm_element": "https://www.openstreetmap.org/node/5432935467",
        "rejection_reason": "Capacity regex no match",
        "rejection_details": "Tag 'generator:output:electricity' has value '850 kW' which could not be parsed",
        "rejection_keywords": "850 kW",
        "timestamp": "2026-07-01T01:12:19.163281",
        "element_type": "node",
        "element_id": 5432935467,
        "country": "Kenya",
        "unit_type": "generator"
      }
    },
    {
      "type": "Feature",
      "geometry": {
        "type": "Point",
        "coordinates": [
          36.7910027,
          2.5250801
        ]
      },
      "properties": {
        "label": "Rejected node 5432935468",
        "type": "Capacity regex no match",
        "osm_element": "https://www.openstreetmap.org/node/5432935468",
        "rejection_reason": "Capacity regex no match",
        "rejection_details": "Tag 'generator:output:electricity' has value '850 kW' which could not be parsed",
        "rejection_keywords": "850 kW",
        "timestamp": "2026-07-01T01:12:19.163297",
        "element_type": "node",
        "element_id": 5432935468,
        "country": "Kenya",
        "unit_type": "generator"
      }
    },
    {
      "type": "Feature",
      "geometry": {
        "type": "Point",
        "coordinates": [
          36.7910483,
          2.5243111
        ]
      },
      "properties": {
        "label": "Rejected node 5432935469",
        "type": "Capacity regex no match",
        "osm_element": "https://www.openstreetmap.org/node/5432935469",
        "rejection_reason": "Capacity regex no match",
        "rejection_details": "Tag 'generator:output:electricity' has value '850 kW' which could not be parsed",
        "rejection_keywords": "850 kW",
        "timestamp": "2026-07-01T01:12:19.163314",
        "element_type": "node",
        "element_id": 5432935469,
        "country": "Kenya",
        "unit_type": "generator"
      }
    },
    {
      "type": "Feature",
      "geometry": {
        "type": "Point",
        "coordinates": [
          36.7911047,
          2.5235528
        ]
      },
      "properties": {
        "label": "Rejected node 5432935470",
        "type": "Capacity regex no match",
        "osm_element": "https://www.openstreetmap.org/node/5432935470",
        "rejection_reason": "Capacity regex no match",
        "rejection_details": "Tag 'generator:output:electricity' has value '850 kW' which could not be parsed",
        "rejection_keywords": "850 kW",
        "timestamp": "2026-07-01T01:12:19.163332",
        "element_type": "node",
        "element_id": 5432935470,
        "country": "Kenya",
        "unit_type": "generator"
      }
    },
    {
      "type": "Feature",
      "geometry": {
        "type": "Point",
        "coordinates": [
          36.7912093,
          2.5227569
        ]
      },
      "properties": {
        "label": "Rejected node 5432935471",
        "type": "Capacity regex no match",
        "osm_element": "https://www.openstreetmap.org/node/5432935471",
        "rejection_reason": "Capacity regex no match",
        "rejection_details": "Tag 'generator:output:electricity' has value '850 kW' which could not be parsed",
        "rejection_keywords": "850 kW",
        "timestamp": "2026-07-01T01:12:19.163349",
        "element_type": "node",
        "element_id": 5432935471,
        "country": "Kenya",
        "unit_type": "generator"
      }
    },
    {
      "type": "Feature",
      "geometry": {
        "type": "Point",
        "coordinates": [
          36.7912415,
          2.5219584
        ]
      },
      "properties": {
        "label": "Rejected node 5432935472",
        "type": "Capacity regex no match",
        "osm_element": "https://www.openstreetmap.org/node/5432935472",
        "rejection_reason": "Capacity regex no match",
        "rejection_details": "Tag 'generator:output:electricity' has value '850 kW' which could not be parsed",
        "rejection_keywords": "850 kW",
        "timestamp": "2026-07-01T01:12:19.163368",
        "element_type": "node",
        "element_id": 5432935472,
        "country": "Kenya",
        "unit_type": "generator"
      }
    },
    {
      "type": "Feature",
      "geometry": {
        "type": "Point",
        "coordinates": [
          36.7912441,
          2.5211893
        ]
      },
      "properties": {
        "label": "Rejected node 5432935473",
        "type": "Capacity regex no match",
        "osm_element": "https://www.openstreetmap.org/node/5432935473",
        "rejection_reason": "Capacity regex no match",
        "rejection_details": "Tag 'generator:output:electricity' has value '850 kW' which could not be parsed",
        "rejection_keywords": "850 kW",
        "timestamp": "2026-07-01T01:12:19.163389",
        "element_type": "node",
        "element_id": 5432935473,
        "country": "Kenya",
        "unit_type": "generator"
      }
    },
    {
      "type": "Feature",
      "geometry": {
        "type": "Point",
        "coordinates": [
          36.7912281,
          2.5204069
        ]
      },
      "properties": {
        "label": "Rejected node 5432935474",
        "type": "Capacity regex no match",
        "osm_element": "https://www.openstreetmap.org/node/5432935474",
        "rejection_reason": "Capacity regex no match",
        "rejection_details": "Tag 'generator:output:electricity' has value '850 kW' which could not be parsed",
        "rejection_keywords": "850 kW",
        "timestamp": "2026-07-01T01:12:19.163407",
        "element_type": "node",
        "element_id": 5432935474,
        "country": "Kenya",
        "unit_type": "generator"
      }
    },
    {
      "type": "Feature",
      "geometry": {
        "type": "Point",
        "coordinates": [
          36.7912254,
          2.519603
        ]
      },
      "properties": {
        "label": "Rejected node 5432935475",
        "type": "Capacity regex no match",
        "osm_element": "https://www.openstreetmap.org/node/5432935475",
        "rejection_reason": "Capacity regex no match",
        "rejection_details": "Tag 'generator:output:electricity' has value '850 kW' which could not be parsed",
        "rejection_keywords": "850 kW",
        "timestamp": "2026-07-01T01:12:19.163424",
        "element_type": "node",
        "element_id": 5432935475,
        "country": "Kenya",
        "unit_type": "generator"
      }
    },
    {
      "type": "Feature",
      "geometry": {
        "type": "Point",
        "coordinates": [
          36.7912012,
          2.518842
        ]
      },
      "properties": {
        "label": "Rejected node 5432935476",
        "type": "Capacity regex no match",
        "osm_element": "https://www.openstreetmap.org/node/5432935476",
        "rejection_reason": "Capacity regex no match",
        "rejection_details": "Tag 'generator:output:electricity' has value '850 kW' which could not be parsed",
        "rejection_keywords": "850 kW",
        "timestamp": "2026-07-01T01:12:19.163441",
        "element_type": "node",
        "element_id": 5432935476,
        "country": "Kenya",
        "unit_type": "generator"
      }
    },
    {
      "type": "Feature",
      "geometry": {
        "type": "Point",
        "coordinates": [
          36.791212,
          2.5180488
        ]
      },
      "properties": {
        "label": "Rejected node 5432935477",
        "type": "Capacity regex no match",
        "osm_element": "https://www.openstreetmap.org/node/5432935477",
        "rejection_reason": "Capacity regex no match",
        "rejection_details": "Tag 'generator:output:electricity' has value '850 kW' which could not be parsed",
        "rejection_keywords": "850 kW",
        "timestamp": "2026-07-01T01:12:19.163458",
        "element_type": "node",
        "element_id": 5432935477,
        "country": "Kenya",
        "unit_type": "generator"
      }
    },
    {
      "type": "Feature",
      "geometry": {
        "type": "Point",
        "coordinates": [
          36.7911959,
          2.5172557
        ]
      },
      "properties": {
        "label": "Rejected node 5432935478",
        "type": "Capacity regex no match",
        "osm_element": "https://www.openstreetmap.org/node/5432935478",
        "rejection_reason": "Capacity regex no match",
        "rejection_details": "Tag 'generator:output:electricity' has value '850 kW' which could not be parsed",
        "rejection_keywords": "850 kW",
        "timestamp": "2026-07-01T01:12:19.163475",
        "element_type": "node",
        "element_id": 5432935478,
        "country": "Kenya",
        "unit_type": "generator"
      }
    },
    {
      "type": "Feature",
      "geometry": {
        "type": "Point",
        "coordinates": [
          36.7911985,
          2.5164679
        ]
      },
      "properties": {
        "label": "Rejected node 5432935479",
        "type": "Capacity regex no match",
        "osm_element": "https://www.openstreetmap.org/node/5432935479",
        "rejection_reason": "Capacity regex no match",
        "rejection_details": "Tag 'generator:output:electricity' has value '850 kW' which could not be parsed",
        "rejection_keywords": "850 kW",
        "timestamp": "2026-07-01T01:12:19.163492",
        "element_type": "node",
        "element_id": 5432935479,
        "country": "Kenya",
        "unit_type": "generator"
      }
    },
    {
      "type": "Feature",
      "geometry": {
        "type": "Point",
        "coordinates": [
          36.7912334,
          2.5156934
        ]
      },
      "properties": {
        "label": "Rejected node 5432935480",
        "type": "Capacity regex no match",
        "osm_element": "https://www.openstreetmap.org/node/5432935480",
        "rejection_reason": "Capacity regex no match",
        "rejection_details": "Tag 'generator:output:electricity' has value '850 kW' which could not be parsed",
        "rejection_keywords": "850 kW",
        "timestamp": "2026-07-01T01:12:19.163509",
        "element_type": "node",
        "element_id": 5432935480,
        "country": "Kenya",
        "unit_type": "generator"
      }
    },
    {
      "type": "Feature",
      "geometry": {
        "type": "Point",
        "coordinates": [
          36.7909732,
          2.5150316
        ]
      },
      "properties": {
        "label": "Rejected node 5432935481",
        "type": "Capacity regex no match",
        "osm_element": "https://www.openstreetmap.org/node/5432935481",
        "rejection_reason": "Capacity regex no match",
        "rejection_details": "Tag 'generator:output:electricity' has value '850 kW' which could not be parsed",
        "rejection_keywords": "850 kW",
        "timestamp": "2026-07-01T01:12:19.163528",
        "element_type": "node",
        "element_id": 5432935481,
        "country": "Kenya",
        "unit_type": "generator"
      }
    },
    {
      "type": "Feature",
      "geometry": {
        "type": "Point",
        "coordinates": [
          36.7907426,
          2.5143429
        ]
      },
      "properties": {
        "label": "Rejected node 5432935482",
        "type": "Capacity regex no match",
        "osm_element": "https://www.openstreetmap.org/node/5432935482",
        "rejection_reason": "Capacity regex no match",
        "rejection_details": "Tag 'generator:output:electricity' has value '850 kW' which could not be parsed",
        "rejection_keywords": "850 kW",
        "timestamp": "2026-07-01T01:12:19.163546",
        "element_type": "node",
        "element_id": 5432935482,
        "country": "Kenya",
        "unit_type": "generator"
      }
    },
    {
      "type": "Feature",
      "geometry": {
        "type": "Point",
        "coordinates": [
          36.7905387,
          2.5136676
        ]
      },
      "properties": {
        "label": "Rejected node 5432935483",
        "type": "Capacity regex no match",
        "osm_element": "https://www.openstreetmap.org/node/5432935483",
        "rejection_reason": "Capacity regex no match",
        "rejection_details": "Tag 'generator:output:electricity' has value '850 kW' which could not be parsed",
        "rejection_keywords": "850 kW",
        "timestamp": "2026-07-01T01:12:19.163564",
        "element_type": "node",
        "element_id": 5432935483,
        "country": "Kenya",
        "unit_type": "generator"
      }
    },
    {
      "type": "Feature",
      "geometry": {
        "type": "Point",
        "coordinates": [
          36.7901981,
          2.5130353
        ]
      },
      "properties": {
        "label": "Rejected node 5432935484",
        "type": "Capacity regex no match",
        "osm_element": "https://www.openstreetmap.org/node/5432935484",
        "rejection_reason": "Capacity regex no match",
        "rejection_details": "Tag 'generator:output:electricity' has value '850 kW' which could not be parsed",
        "rejection_keywords": "850 kW",
        "timestamp": "2026-07-01T01:12:19.163581",
        "element_type": "node",
        "element_id": 5432935484,
        "country": "Kenya",
        "unit_type": "generator"
      }
    },
    {
      "type": "Feature",
      "geometry": {
        "type": "Point",
        "coordinates": [
          36.7898253,
          2.5123975
        ]
      },
      "properties": {
        "label": "Rejected node 5432935485",
        "type": "Capacity regex no match",
        "osm_element": "https://www.openstreetmap.org/node/5432935485",
        "rejection_reason": "Capacity regex no match",
        "rejection_details": "Tag 'generator:output:electricity' has value '850 kW' which could not be parsed",
        "rejection_keywords": "850 kW",
        "timestamp": "2026-07-01T01:12:19.163601",
        "element_type": "node",
        "element_id": 5432935485,
        "country": "Kenya",
        "unit_type": "generator"
      }
    },
    {
      "type": "Feature",
      "geometry": {
        "type": "Point",
        "coordinates": [
          36.7895222,
          2.5117249
        ]
      },
      "properties": {
        "label": "Rejected node 5432935486",
        "type": "Capacity regex no match",
        "osm_element": "https://www.openstreetmap.org/node/5432935486",
        "rejection_reason": "Capacity regex no match",
        "rejection_details": "Tag 'generator:output:electricity' has value '850 kW' which could not be parsed",
        "rejection_keywords": "850 kW",
        "timestamp": "2026-07-01T01:12:19.163620",
        "element_type": "node",
        "element_id": 5432935486,
        "country": "Kenya",
        "unit_type": "generator"
      }
    },
    {
      "type": "Feature",
      "geometry": {
        "type": "Point",
        "coordinates": [
          36.7892808,
          2.5110497
        ]
      },
      "properties": {
        "label": "Rejected node 5432935487",
        "type": "Capacity regex no match",
        "osm_element": "https://www.openstreetmap.org/node/5432935487",
        "rejection_reason": "Capacity regex no match",
        "rejection_details": "Tag 'generator:output:electricity' has value '850 kW' which could not be parsed",
        "rejection_keywords": "850 kW",
        "timestamp": "2026-07-01T01:12:19.163640",
        "element_type": "node",
        "element_id": 5432935487,
        "country": "Kenya",
        "unit_type": "generator"
      }
    },
    {
      "type": "Feature",
      "geometry": {
        "type": "Point",
        "coordinates": [
          36.789313,
          2.5102377
        ]
      },
      "properties": {
        "label": "Rejected node 5432935488",
        "type": "Capacity regex no match",
        "osm_element": "https://www.openstreetmap.org/node/5432935488",
        "rejection_reason": "Capacity regex no match",
        "rejection_details": "Tag 'generator:output:electricity' has value '850 kW' which could not be parsed",
        "rejection_keywords": "850 kW",
        "timestamp": "2026-07-01T01:12:19.163657",
        "element_type": "node",
        "element_id": 5432935488,
        "country": "Kenya",
        "unit_type": "generator"
      }
    },
    {
      "type": "Feature",
      "geometry": {
        "type": "Point",
        "coordinates": [
          36.789321,
          2.509466
        ]
      },
      "properties": {
        "label": "Rejected node 5432935489",
        "type": "Capacity regex no match",
        "osm_element": "https://www.openstreetmap.org/node/5432935489",
        "rejection_reason": "Capacity regex no match",
        "rejection_details": "Tag 'generator:output:electricity' has value '850 kW' which could not be parsed",
        "rejection_keywords": "850 kW",
        "timestamp": "2026-07-01T01:12:19.163675",
        "element_type": "node",
        "element_id": 5432935489,
        "country": "Kenya",
        "unit_type": "generator"
      }
    },
    {
      "type": "Feature",
      "geometry": {
        "type": "Point",
        "coordinates": [
          36.7893371,
          2.508705
        ]
      },
      "properties": {
        "label": "Rejected node 5432935490",
        "type": "Capacity regex no match",
        "osm_element": "https://www.openstreetmap.org/node/5432935490",
        "rejection_reason": "Capacity regex no match",
        "rejection_details": "Tag 'generator:output:electricity' has value '850 kW' which could not be parsed",
        "rejection_keywords": "850 kW",
        "timestamp": "2026-07-01T01:12:19.163709",
        "element_type": "node",
        "element_id": 5432935490,
        "country": "Kenya",
        "unit_type": "generator"
      }
    },
    {
      "type": "Feature",
      "geometry": {
        "type": "Point",
        "coordinates": [
          36.7893451,
          2.5079788
        ]
      },
      "properties": {
        "label": "Rejected node 5432935491",
        "type": "Capacity regex no match",
        "osm_element": "https://www.openstreetmap.org/node/5432935491",
        "rejection_reason": "Capacity regex no match",
        "rejection_details": "Tag 'generator:output:electricity' has value '850 kW' which could not be parsed",
        "rejection_keywords": "850 kW",
        "timestamp": "2026-07-01T01:12:19.163729",
        "element_type": "node",
        "element_id": 5432935491,
        "country": "Kenya",
        "unit_type": "generator"
      }
    },
    {
      "type": "Feature",
      "geometry": {
        "type": "Point",
        "coordinates": [
          36.7889991,
          2.5073169
        ]
      },
      "properties": {
        "label": "Rejected node 5432935492",
        "type": "Capacity regex no match",
        "osm_element": "https://www.openstreetmap.org/node/5432935492",
        "rejection_reason": "Capacity regex no match",
        "rejection_details": "Tag 'generator:output:electricity' has value '850 kW' which could not be parsed",
        "rejection_keywords": "850 kW",
        "timestamp": "2026-07-01T01:12:19.163747",
        "element_type": "node",
        "element_id": 5432935492,
        "country": "Kenya",
        "unit_type": "generator"
      }
    },
    {
      "type": "Feature",
      "geometry": {
        "type": "Point",
        "coordinates": [
          36.7887256,
          2.5066658
        ]
      },
      "properties": {
        "label": "Rejected node 5432935493",
        "type": "Capacity regex no match",
        "osm_element": "https://www.openstreetmap.org/node/5432935493",
        "rejection_reason": "Capacity regex no match",
        "rejection_details": "Tag 'generator:output:electricity' has value '850 kW' which could not be parsed",
        "rejection_keywords": "850 kW",
        "timestamp": "2026-07-01T01:12:19.163765",
        "element_type": "node",
        "element_id": 5432935493,
        "country": "Kenya",
        "unit_type": "generator"
      }
    },
    {
      "type": "Feature",
      "geometry": {
        "type": "Point",
        "coordinates": [
          36.788452,
          2.5059932
        ]
      },
      "properties": {
        "label": "Rejected node 5432935494",
        "type": "Capacity regex no match",
        "osm_element": "https://www.openstreetmap.org/node/5432935494",
        "rejection_reason": "Capacity regex no match",
        "rejection_details": "Tag 'generator:output:electricity' has value '850 kW' which could not be parsed",
        "rejection_keywords": "850 kW",
        "timestamp": "2026-07-01T01:12:19.163783",
        "element_type": "node",
        "element_id": 5432935494,
        "country": "Kenya",
        "unit_type": "generator"
      }
    },
    {
      "type": "Feature",
      "geometry": {
        "type": "Point",
        "coordinates": [
          36.7881945,
          2.5053286
        ]
      },
      "properties": {
        "label": "Rejected node 5432935495",
        "type": "Capacity regex no match",
        "osm_element": "https://www.openstreetmap.org/node/5432935495",
        "rejection_reason": "Capacity regex no match",
        "rejection_details": "Tag 'generator:output:electricity' has value '850 kW' which could not be parsed",
        "rejection_keywords": "850 kW",
        "timestamp": "2026-07-01T01:12:19.163800",
        "element_type": "node",
        "element_id": 5432935495,
        "country": "Kenya",
        "unit_type": "generator"
      }
    },
    {
      "type": "Feature",
      "geometry": {
        "type": "Point",
        "coordinates": [
          36.7881113,
          2.5046158
        ]
      },
      "properties": {
        "label": "Rejected node 5432935496",
        "type": "Capacity regex no match",
        "osm_element": "https://www.openstreetmap.org/node/5432935496",
        "rejection_reason": "Capacity regex no match",
        "rejection_details": "Tag 'generator:output:electricity' has value '850 kW' which could not be parsed",
        "rejection_keywords": "850 kW",
        "timestamp": "2026-07-01T01:12:19.163817",
        "element_type": "node",
        "element_id": 5432935496,
        "country": "Kenya",
        "unit_type": "generator"
      }
    },
    {
      "type": "Feature",
      "geometry": {
        "type": "Point",
        "coordinates": [
          36.7880684,
          2.5038361
        ]
      },
      "properties": {
        "label": "Rejected node 5432935497",
        "type": "Capacity regex no match",
        "osm_element": "https://www.openstreetmap.org/node/5432935497",
        "rejection_reason": "Capacity regex no match",
        "rejection_details": "Tag 'generator:output:electricity' has value '850 kW' which could not be parsed",
        "rejection_keywords": "850 kW",
        "timestamp": "2026-07-01T01:12:19.163834",
        "element_type": "node",
        "element_id": 5432935497,
        "country": "Kenya",
        "unit_type": "generator"
      }
    },
    {
      "type": "Feature",
      "geometry": {
        "type": "Point",
        "coordinates": [
          36.788055,
          2.503059
        ]
      },
      "properties": {
        "label": "Rejected node 5432935498",
        "type": "Capacity regex no match",
        "osm_element": "https://www.openstreetmap.org/node/5432935498",
        "rejection_reason": "Capacity regex no match",
        "rejection_details": "Tag 'generator:output:electricity' has value '850 kW' which could not be parsed",
        "rejection_keywords": "850 kW",
        "timestamp": "2026-07-01T01:12:19.163855",
        "element_type": "node",
        "element_id": 5432935498,
        "country": "Kenya",
        "unit_type": "generator"
      }
    },
    {
      "type": "Feature",
      "geometry": {
        "type": "Point",
        "coordinates": [
          36.7879772,
          2.5022872
        ]
      },
      "properties": {
        "label": "Rejected node 5432935499",
        "type": "Capacity regex no match",
        "osm_element": "https://www.openstreetmap.org/node/5432935499",
        "rejection_reason": "Capacity regex no match",
        "rejection_details": "Tag 'generator:output:electricity' has value '850 kW' which could not be parsed",
        "rejection_keywords": "850 kW",
        "timestamp": "2026-07-01T01:12:19.163872",
        "element_type": "node",
        "element_id": 5432935499,
        "country": "Kenya",
        "unit_type": "generator"
      }
    },
    {
      "type": "Feature",
      "geometry": {
        "type": "Point",
        "coordinates": [
          36.787878,
          2.5015503
        ]
      },
      "properties": {
        "label": "Rejected node 5432935500",
        "type": "Capacity regex no match",
        "osm_element": "https://www.openstreetmap.org/node/5432935500",
        "rejection_reason": "Capacity regex no match",
        "rejection_details": "Tag 'generator:output:electricity' has value '850 kW' which could not be parsed",
        "rejection_keywords": "850 kW",
        "timestamp": "2026-07-01T01:12:19.163890",
        "element_type": "node",
        "element_id": 5432935500,
        "country": "Kenya",
        "unit_type": "generator"
      }
    },
    {
      "type": "Feature",
      "geometry": {
        "type": "Point",
        "coordinates": [
          36.7876902,
          2.5008375
        ]
      },
      "properties": {
        "label": "Rejected node 5432935501",
        "type": "Capacity regex no match",
        "osm_element": "https://www.openstreetmap.org/node/5432935501",
        "rejection_reason": "Capacity regex no match",
        "rejection_details": "Tag 'generator:output:electricity' has value '850 kW' which could not be parsed",
        "rejection_keywords": "850 kW",
        "timestamp": "2026-07-01T01:12:19.163906",
        "element_type": "node",
        "element_id": 5432935501,
        "country": "Kenya",
        "unit_type": "generator"
      }
    },
    {
      "type": "Feature",
      "geometry": {
        "type": "Point",
        "coordinates": [
          36.7815855,
          2.4416266
        ]
      },
      "properties": {
        "label": "Rejected node 5432934276",
        "type": "Capacity regex no match",
        "osm_element": "https://www.openstreetmap.org/node/5432934276",
        "rejection_reason": "Capacity regex no match",
        "rejection_details": "Tag 'generator:output:electricity' has value '850 kW' which could not be parsed",
        "rejection_keywords": "850 kW",
        "timestamp": "2026-07-01T01:12:19.163923",
        "element_type": "node",
        "element_id": 5432934276,
        "country": "Kenya",
        "unit_type": "generator"
      }
    },
    {
      "type": "Feature",
      "geometry": {
        "type": "Point",
        "coordinates": [
          36.781674,
          2.4423501
        ]
      },
      "properties": {
        "label": "Rejected node 5432934275",
        "type": "Capacity regex no match",
        "osm_element": "https://www.openstreetmap.org/node/5432934275",
        "rejection_reason": "Capacity regex no match",
        "rejection_details": "Tag 'generator:output:electricity' has value '850 kW' which could not be parsed",
        "rejection_keywords": "850 kW",
        "timestamp": "2026-07-01T01:12:19.163940",
        "element_type": "node",
        "element_id": 5432934275,
        "country": "Kenya",
        "unit_type": "generator"
      }
    },
    {
      "type": "Feature",
      "geometry": {
        "type": "Point",
        "coordinates": [
          36.7817894,
          2.4430415
        ]
      },
      "properties": {
        "label": "Rejected node 5432934274",
        "type": "Capacity regex no match",
        "osm_element": "https://www.openstreetmap.org/node/5432934274",
        "rejection_reason": "Capacity regex no match",
        "rejection_details": "Tag 'generator:output:electricity' has value '850 kW' which could not be parsed",
        "rejection_keywords": "850 kW",
        "timestamp": "2026-07-01T01:12:19.163957",
        "element_type": "node",
        "element_id": 5432934274,
        "country": "Kenya",
        "unit_type": "generator"
      }
    },
    {
      "type": "Feature",
      "geometry": {
        "type": "Point",
        "coordinates": [
          36.7818806,
          2.4437891
        ]
      },
      "properties": {
        "label": "Rejected node 5432934273",
        "type": "Capacity regex no match",
        "osm_element": "https://www.openstreetmap.org/node/5432934273",
        "rejection_reason": "Capacity regex no match",
        "rejection_details": "Tag 'generator:output:electricity' has value '850 kW' which could not be parsed",
        "rejection_keywords": "850 kW",
        "timestamp": "2026-07-01T01:12:19.163976",
        "element_type": "node",
        "element_id": 5432934273,
        "country": "Kenya",
        "unit_type": "generator"
      }
    },
    {
      "type": "Feature",
      "geometry": {
        "type": "Point",
        "coordinates": [
          36.7804295,
          2.4456194
        ]
      },
      "properties": {
        "label": "Rejected node 5432934272",
        "type": "Capacity regex no match",
        "osm_element": "https://www.openstreetmap.org/node/5432934272",
        "rejection_reason": "Capacity regex no match",
        "rejection_details": "Tag 'generator:output:electricity' has value '850 kW' which could not be parsed",
        "rejection_keywords": "850 kW",
        "timestamp": "2026-07-01T01:12:19.163993",
        "element_type": "node",
        "element_id": 5432934272,
        "country": "Kenya",
        "unit_type": "generator"
      }
    },
    {
      "type": "Feature",
      "geometry": {
        "type": "Point",
        "coordinates": [
          36.7808023,
          2.4463108
        ]
      },
      "properties": {
        "label": "Rejected node 5432934271",
        "type": "Capacity regex no match",
        "osm_element": "https://www.openstreetmap.org/node/5432934271",
        "rejection_reason": "Capacity regex no match",
        "rejection_details": "Tag 'generator:output:electricity' has value '850 kW' which could not be parsed",
        "rejection_keywords": "850 kW",
        "timestamp": "2026-07-01T01:12:19.164010",
        "element_type": "node",
        "element_id": 5432934271,
        "country": "Kenya",
        "unit_type": "generator"
      }
    },
    {
      "type": "Feature",
      "geometry": {
        "type": "Point",
        "coordinates": [
          36.781159,
          2.4469968
        ]
      },
      "properties": {
        "label": "Rejected node 5432934270",
        "type": "Capacity regex no match",
        "osm_element": "https://www.openstreetmap.org/node/5432934270",
        "rejection_reason": "Capacity regex no match",
        "rejection_details": "Tag 'generator:output:electricity' has value '850 kW' which could not be parsed",
        "rejection_keywords": "850 kW",
        "timestamp": "2026-07-01T01:12:19.164029",
        "element_type": "node",
        "element_id": 5432934270,
        "country": "Kenya",
        "unit_type": "generator"
      }
    },
    {
      "type": "Feature",
      "geometry": {
        "type": "Point",
        "coordinates": [
          36.7815399,
          2.4476802
        ]
      },
      "properties": {
        "label": "Rejected node 5432934269",
        "type": "Capacity regex no match",
        "osm_element": "https://www.openstreetmap.org/node/5432934269",
        "rejection_reason": "Capacity regex no match",
        "rejection_details": "Tag 'generator:output:electricity' has value '850 kW' which could not be parsed",
        "rejection_keywords": "850 kW",
        "timestamp": "2026-07-01T01:12:19.164045",
        "element_type": "node",
        "element_id": 5432934269,
        "country": "Kenya",
        "unit_type": "generator"
      }
    },
    {
      "type": "Feature",
      "geometry": {
        "type": "Point",
        "coordinates": [
          36.7819181,
          2.4483608
        ]
      },
      "properties": {
        "label": "Rejected node 5432934268",
        "type": "Capacity regex no match",
        "osm_element": "https://www.openstreetmap.org/node/5432934268",
        "rejection_reason": "Capacity regex no match",
        "rejection_details": "Tag 'generator:output:electricity' has value '850 kW' which could not be parsed",
        "rejection_keywords": "850 kW",
        "timestamp": "2026-07-01T01:12:19.164062",
        "element_type": "node",
        "element_id": 5432934268,
        "country": "Kenya",
        "unit_type": "generator"
      }
    },
    {
      "type": "Feature",
      "geometry": {
        "type": "Point",
        "coordinates": [
          36.7822856,
          2.4490334
        ]
      },
      "properties": {
        "label": "Rejected node 5432934267",
        "type": "Capacity regex no match",
        "osm_element": "https://www.openstreetmap.org/node/5432934267",
        "rejection_reason": "Capacity regex no match",
        "rejection_details": "Tag 'generator:output:electricity' has value '850 kW' which could not be parsed",
        "rejection_keywords": "850 kW",
        "timestamp": "2026-07-01T01:12:19.164081",
        "element_type": "node",
        "element_id": 5432934267,
        "country": "Kenya",
        "unit_type": "generator"
      }
    },
    {
      "type": "Feature",
      "geometry": {
        "type": "Point",
        "coordinates": [
          36.7824465,
          2.4498079
        ]
      },
      "properties": {
        "label": "Rejected node 5432934266",
        "type": "Capacity regex no match",
        "osm_element": "https://www.openstreetmap.org/node/5432934266",
        "rejection_reason": "Capacity regex no match",
        "rejection_details": "Tag 'generator:output:electricity' has value '850 kW' which could not be parsed",
        "rejection_keywords": "850 kW",
        "timestamp": "2026-07-01T01:12:19.164099",
        "element_type": "node",
        "element_id": 5432934266,
        "country": "Kenya",
        "unit_type": "generator"
      }
    },
    {
      "type": "Feature",
      "geometry": {
        "type": "Point",
        "coordinates": [
          36.7824894,
          2.4506734
        ]
      },
      "properties": {
        "label": "Rejected node 5432934265",
        "type": "Capacity regex no match",
        "osm_element": "https://www.openstreetmap.org/node/5432934265",
        "rejection_reason": "Capacity regex no match",
        "rejection_details": "Tag 'generator:output:electricity' has value '850 kW' which could not be parsed",
        "rejection_keywords": "850 kW",
        "timestamp": "2026-07-01T01:12:19.164116",
        "element_type": "node",
        "element_id": 5432934265,
        "country": "Kenya",
        "unit_type": "generator"
      }
    },
    {
      "type": "Feature",
      "geometry": {
        "type": "Point",
        "coordinates": [
          36.781548,
          2.4527127
        ]
      },
      "properties": {
        "label": "Rejected node 5432934264",
        "type": "Capacity regex no match",
        "osm_element": "https://www.openstreetmap.org/node/5432934264",
        "rejection_reason": "Capacity regex no match",
        "rejection_details": "Tag 'generator:output:electricity' has value '850 kW' which could not be parsed",
        "rejection_keywords": "850 kW",
        "timestamp": "2026-07-01T01:12:19.164132",
        "element_type": "node",
        "element_id": 5432934264,
        "country": "Kenya",
        "unit_type": "generator"
      }
    },
    {
      "type": "Feature",
      "geometry": {
        "type": "Point",
        "coordinates": [
          36.7817062,
          2.4534095
        ]
      },
      "properties": {
        "label": "Rejected node 5432934263",
        "type": "Capacity regex no match",
        "osm_element": "https://www.openstreetmap.org/node/5432934263",
        "rejection_reason": "Capacity regex no match",
        "rejection_details": "Tag 'generator:output:electricity' has value '850 kW' which could not be parsed",
        "rejection_keywords": "850 kW",
        "timestamp": "2026-07-01T01:12:19.164148",
        "element_type": "node",
        "element_id": 5432934263,
        "country": "Kenya",
        "unit_type": "generator"
      }
    },
    {
      "type": "Feature",
      "geometry": {
        "type": "Point",
        "coordinates": [
          36.7819101,
          2.4540982
        ]
      },
      "properties": {
        "label": "Rejected node 5432934262",
        "type": "Capacity regex no match",
        "osm_element": "https://www.openstreetmap.org/node/5432934262",
        "rejection_reason": "Capacity regex no match",
        "rejection_details": "Tag 'generator:output:electricity' has value '850 kW' which could not be parsed",
        "rejection_keywords": "850 kW",
        "timestamp": "2026-07-01T01:12:19.164165",
        "element_type": "node",
        "element_id": 5432934262,
        "country": "Kenya",
        "unit_type": "generator"
      }
    },
    {
      "type": "Feature",
      "geometry": {
        "type": "Point",
        "coordinates": [
          36.7821434,
          2.4547735
        ]
      },
      "properties": {
        "label": "Rejected node 5432934261",
        "type": "Capacity regex no match",
        "osm_element": "https://www.openstreetmap.org/node/5432934261",
        "rejection_reason": "Capacity regex no match",
        "rejection_details": "Tag 'generator:output:electricity' has value '850 kW' which could not be parsed",
        "rejection_keywords": "850 kW",
        "timestamp": "2026-07-01T01:12:19.164181",
        "element_type": "node",
        "element_id": 5432934261,
        "country": "Kenya",
        "unit_type": "generator"
      }
    },
    {
      "type": "Feature",
      "geometry": {
        "type": "Point",
        "coordinates": [
          36.7815399,
          2.4568744
        ]
      },
      "properties": {
        "label": "Rejected node 5432934259",
        "type": "Capacity regex no match",
        "osm_element": "https://www.openstreetmap.org/node/5432934259",
        "rejection_reason": "Capacity regex no match",
        "rejection_details": "Tag 'generator:output:electricity' has value '850 kW' which could not be parsed",
        "rejection_keywords": "850 kW",
        "timestamp": "2026-07-01T01:12:19.164198",
        "element_type": "node",
        "element_id": 5432934259,
        "country": "Kenya",
        "unit_type": "generator"
      }
    },
    {
      "type": "Feature",
      "geometry": {
        "type": "Point",
        "coordinates": [
          36.7822963,
          2.4554836
        ]
      },
      "properties": {
        "label": "Rejected node 5432934260",
        "type": "Capacity regex no match",
        "osm_element": "https://www.openstreetmap.org/node/5432934260",
        "rejection_reason": "Capacity regex no match",
        "rejection_details": "Tag 'generator:output:electricity' has value '850 kW' which could not be parsed",
        "rejection_keywords": "850 kW",
        "timestamp": "2026-07-01T01:12:19.164214",
        "element_type": "node",
        "element_id": 5432934260,
        "country": "Kenya",
        "unit_type": "generator"
      }
    },
    {
      "type": "Feature",
      "geometry": {
        "type": "Point",
        "coordinates": [
          36.7816606,
          2.4575684
        ]
      },
      "properties": {
        "label": "Rejected node 5432934258",
        "type": "Capacity regex no match",
        "osm_element": "https://www.openstreetmap.org/node/5432934258",
        "rejection_reason": "Capacity regex no match",
        "rejection_details": "Tag 'generator:output:electricity' has value '850 kW' which could not be parsed",
        "rejection_keywords": "850 kW",
        "timestamp": "2026-07-01T01:12:19.164235",
        "element_type": "node",
        "element_id": 5432934258,
        "country": "Kenya",
        "unit_type": "generator"
      }
    },
    {
      "type": "Feature",
      "geometry": {
        "type": "Point",
        "coordinates": [
          36.7818162,
          2.4582625
        ]
      },
      "properties": {
        "label": "Rejected node 5432934257",
        "type": "Capacity regex no match",
        "osm_element": "https://www.openstreetmap.org/node/5432934257",
        "rejection_reason": "Capacity regex no match",
        "rejection_details": "Tag 'generator:output:electricity' has value '850 kW' which could not be parsed",
        "rejection_keywords": "850 kW",
        "timestamp": "2026-07-01T01:12:19.164252",
        "element_type": "node",
        "element_id": 5432934257,
        "country": "Kenya",
        "unit_type": "generator"
      }
    },
    {
      "type": "Feature",
      "geometry": {
        "type": "Point",
        "coordinates": [
          36.7820978,
          2.4589217
        ]
      },
      "properties": {
        "label": "Rejected node 5432934256",
        "type": "Capacity regex no match",
        "osm_element": "https://www.openstreetmap.org/node/5432934256",
        "rejection_reason": "Capacity regex no match",
        "rejection_details": "Tag 'generator:output:electricity' has value '850 kW' which could not be parsed",
        "rejection_keywords": "850 kW",
        "timestamp": "2026-07-01T01:12:19.164269",
        "element_type": "node",
        "element_id": 5432934256,
        "country": "Kenya",
        "unit_type": "generator"
      }
    },
    {
      "type": "Feature",
      "geometry": {
        "type": "Point",
        "coordinates": [
          36.7822668,
          2.4596158
        ]
      },
      "properties": {
        "label": "Rejected node 5432934255",
        "type": "Capacity regex no match",
        "osm_element": "https://www.openstreetmap.org/node/5432934255",
        "rejection_reason": "Capacity regex no match",
        "rejection_details": "Tag 'generator:output:electricity' has value '850 kW' which could not be parsed",
        "rejection_keywords": "850 kW",
        "timestamp": "2026-07-01T01:12:19.164286",
        "element_type": "node",
        "element_id": 5432934255,
        "country": "Kenya",
        "unit_type": "generator"
      }
    },
    {
      "type": "Feature",
      "geometry": {
        "type": "Point",
        "coordinates": [
          36.7822292,
          2.4604786
        ]
      },
      "properties": {
        "label": "Rejected node 5432934254",
        "type": "Capacity regex no match",
        "osm_element": "https://www.openstreetmap.org/node/5432934254",
        "rejection_reason": "Capacity regex no match",
        "rejection_details": "Tag 'generator:output:electricity' has value '850 kW' which could not be parsed",
        "rejection_keywords": "850 kW",
        "timestamp": "2026-07-01T01:12:19.164306",
        "element_type": "node",
        "element_id": 5432934254,
        "country": "Kenya",
        "unit_type": "generator"
      }
    },
    {
      "type": "Feature",
      "geometry": {
        "type": "Point",
        "coordinates": [
          36.7823392,
          2.46117
        ]
      },
      "properties": {
        "label": "Rejected node 5432934253",
        "type": "Capacity regex no match",
        "osm_element": "https://www.openstreetmap.org/node/5432934253",
        "rejection_reason": "Capacity regex no match",
        "rejection_details": "Tag 'generator:output:electricity' has value '850 kW' which could not be parsed",
        "rejection_keywords": "850 kW",
        "timestamp": "2026-07-01T01:12:19.164325",
        "element_type": "node",
        "element_id": 5432934253,
        "country": "Kenya",
        "unit_type": "generator"
      }
    },
    {
      "type": "Feature",
      "geometry": {
        "type": "Point",
        "coordinates": [
          36.7824358,
          2.4619498
        ]
      },
      "properties": {
        "label": "Rejected node 5432934252",
        "type": "Capacity regex no match",
        "osm_element": "https://www.openstreetmap.org/node/5432934252",
        "rejection_reason": "Capacity regex no match",
        "rejection_details": "Tag 'generator:output:electricity' has value '850 kW' which could not be parsed",
        "rejection_keywords": "850 kW",
        "timestamp": "2026-07-01T01:12:19.164343",
        "element_type": "node",
        "element_id": 5432934252,
        "country": "Kenya",
        "unit_type": "generator"
      }
    },
    {
      "type": "Feature",
      "geometry": {
        "type": "Point",
        "coordinates": [
          36.7824358,
          2.4627135
        ]
      },
      "properties": {
        "label": "Rejected node 5432934251",
        "type": "Capacity regex no match",
        "osm_element": "https://www.openstreetmap.org/node/5432934251",
        "rejection_reason": "Capacity regex no match",
        "rejection_details": "Tag 'generator:output:electricity' has value '850 kW' which could not be parsed",
        "rejection_keywords": "850 kW",
        "timestamp": "2026-07-01T01:12:19.164359",
        "element_type": "node",
        "element_id": 5432934251,
        "country": "Kenya",
        "unit_type": "generator"
      }
    },
    {
      "type": "Feature",
      "geometry": {
        "type": "Point",
        "coordinates": [
          36.7825377,
          2.4634773
        ]
      },
      "properties": {
        "label": "Rejected node 5432934250",
        "type": "Capacity regex no match",
        "osm_element": "https://www.openstreetmap.org/node/5432934250",
        "rejection_reason": "Capacity regex no match",
        "rejection_details": "Tag 'generator:output:electricity' has value '850 kW' which could not be parsed",
        "rejection_keywords": "850 kW",
        "timestamp": "2026-07-01T01:12:19.164375",
        "element_type": "node",
        "element_id": 5432934250,
        "country": "Kenya",
        "unit_type": "generator"
      }
    },
    {
      "type": "Feature",
      "geometry": {
        "type": "Point",
        "coordinates": [
          36.7826503,
          2.4642383
        ]
      },
      "properties": {
        "label": "Rejected node 5432934249",
        "type": "Capacity regex no match",
        "osm_element": "https://www.openstreetmap.org/node/5432934249",
        "rejection_reason": "Capacity regex no match",
        "rejection_details": "Tag 'generator:output:electricity' has value '850 kW' which could not be parsed",
        "rejection_keywords": "850 kW",
        "timestamp": "2026-07-01T01:12:19.164394",
        "element_type": "node",
        "element_id": 5432934249,
        "country": "Kenya",
        "unit_type": "generator"
      }
    },
    {
      "type": "Feature",
      "geometry": {
        "type": "Point",
        "coordinates": [
          36.7827147,
          2.4650315
        ]
      },
      "properties": {
        "label": "Rejected node 5432934248",
        "type": "Capacity regex no match",
        "osm_element": "https://www.openstreetmap.org/node/5432934248",
        "rejection_reason": "Capacity regex no match",
        "rejection_details": "Tag 'generator:output:electricity' has value '850 kW' which could not be parsed",
        "rejection_keywords": "850 kW",
        "timestamp": "2026-07-01T01:12:19.164410",
        "element_type": "node",
        "element_id": 5432934248,
        "country": "Kenya",
        "unit_type": "generator"
      }
    },
    {
      "type": "Feature",
      "geometry": {
        "type": "Point",
        "coordinates": [
          36.7827603,
          2.4657711
        ]
      },
      "properties": {
        "label": "Rejected node 5432934247",
        "type": "Capacity regex no match",
        "osm_element": "https://www.openstreetmap.org/node/5432934247",
        "rejection_reason": "Capacity regex no match",
        "rejection_details": "Tag 'generator:output:electricity' has value '850 kW' which could not be parsed",
        "rejection_keywords": "850 kW",
        "timestamp": "2026-07-01T01:12:19.164427",
        "element_type": "node",
        "element_id": 5432934247,
        "country": "Kenya",
        "unit_type": "generator"
      }
    },
    {
      "type": "Feature",
      "geometry": {
        "type": "Point",
        "coordinates": [
          36.7828542,
          2.4664839
        ]
      },
      "properties": {
        "label": "Rejected node 5432934246",
        "type": "Capacity regex no match",
        "osm_element": "https://www.openstreetmap.org/node/5432934246",
        "rejection_reason": "Capacity regex no match",
        "rejection_details": "Tag 'generator:output:electricity' has value '850 kW' which could not be parsed",
        "rejection_keywords": "850 kW",
        "timestamp": "2026-07-01T01:12:19.164444",
        "element_type": "node",
        "element_id": 5432934246,
        "country": "Kenya",
        "unit_type": "generator"
      }
    },
    {
      "type": "Feature",
      "geometry": {
        "type": "Point",
        "coordinates": [
          36.7830124,
          2.4671699
        ]
      },
      "properties": {
        "label": "Rejected node 5432934245",
        "type": "Capacity regex no match",
        "osm_element": "https://www.openstreetmap.org/node/5432934245",
        "rejection_reason": "Capacity regex no match",
        "rejection_details": "Tag 'generator:output:electricity' has value '850 kW' which could not be parsed",
        "rejection_keywords": "850 kW",
        "timestamp": "2026-07-01T01:12:19.164460",
        "element_type": "node",
        "element_id": 5432934245,
        "country": "Kenya",
        "unit_type": "generator"
      }
    },
    {
      "type": "Feature",
      "geometry": {
        "type": "Point",
        "coordinates": [
          36.7834872,
          2.4685446
        ]
      },
      "properties": {
        "label": "Rejected node 5432934244",
        "type": "Capacity regex no match",
        "osm_element": "https://www.openstreetmap.org/node/5432934244",
        "rejection_reason": "Capacity regex no match",
        "rejection_details": "Tag 'generator:output:electricity' has value '850 kW' which could not be parsed",
        "rejection_keywords": "850 kW",
        "timestamp": "2026-07-01T01:12:19.164477",
        "element_type": "node",
        "element_id": 5432934244,
        "country": "Kenya",
        "unit_type": "generator"
      }
    },
    {
      "type": "Feature",
      "geometry": {
        "type": "Point",
        "coordinates": [
          36.7834657,
          2.4693619
        ]
      },
      "properties": {
        "label": "Rejected node 5432934243",
        "type": "Capacity regex no match",
        "osm_element": "https://www.openstreetmap.org/node/5432934243",
        "rejection_reason": "Capacity regex no match",
        "rejection_details": "Tag 'generator:output:electricity' has value '850 kW' which could not be parsed",
        "rejection_keywords": "850 kW",
        "timestamp": "2026-07-01T01:12:19.164493",
        "element_type": "node",
        "element_id": 5432934243,
        "country": "Kenya",
        "unit_type": "generator"
      }
    },
    {
      "type": "Feature",
      "geometry": {
        "type": "Point",
        "coordinates": [
          36.7834577,
          2.4701792
        ]
      },
      "properties": {
        "label": "Rejected node 5432934242",
        "type": "Capacity regex no match",
        "osm_element": "https://www.openstreetmap.org/node/5432934242",
        "rejection_reason": "Capacity regex no match",
        "rejection_details": "Tag 'generator:output:electricity' has value '850 kW' which could not be parsed",
        "rejection_keywords": "850 kW",
        "timestamp": "2026-07-01T01:12:19.164513",
        "element_type": "node",
        "element_id": 5432934242,
        "country": "Kenya",
        "unit_type": "generator"
      }
    },
    {
      "type": "Feature",
      "geometry": {
        "type": "Point",
        "coordinates": [
          36.7834456,
          2.4709966
        ]
      },
      "properties": {
        "label": "Rejected node 5432934241",
        "type": "Capacity regex no match",
        "osm_element": "https://www.openstreetmap.org/node/5432934241",
        "rejection_reason": "Capacity regex no match",
        "rejection_details": "Tag 'generator:output:electricity' has value '850 kW' which could not be parsed",
        "rejection_keywords": "850 kW",
        "timestamp": "2026-07-01T01:12:19.164530",
        "element_type": "node",
        "element_id": 5432934241,
        "country": "Kenya",
        "unit_type": "generator"
      }
    },
    {
      "type": "Feature",
      "geometry": {
        "type": "Point",
        "coordinates": [
          36.7833947,
          2.4717884
        ]
      },
      "properties": {
        "label": "Rejected node 5432934240",
        "type": "Capacity regex no match",
        "osm_element": "https://www.openstreetmap.org/node/5432934240",
        "rejection_reason": "Capacity regex no match",
        "rejection_details": "Tag 'generator:output:electricity' has value '850 kW' which could not be parsed",
        "rejection_keywords": "850 kW",
        "timestamp": "2026-07-01T01:12:19.164546",
        "element_type": "node",
        "element_id": 5432934240,
        "country": "Kenya",
        "unit_type": "generator"
      }
    },
    {
      "type": "Feature",
      "geometry": {
        "type": "Point",
        "coordinates": [
          36.7833209,
          2.4726151
        ]
      },
      "properties": {
        "label": "Rejected node 5432934239",
        "type": "Capacity regex no match",
        "osm_element": "https://www.openstreetmap.org/node/5432934239",
        "rejection_reason": "Capacity regex no match",
        "rejection_details": "Tag 'generator:output:electricity' has value '850 kW' which could not be parsed",
        "rejection_keywords": "850 kW",
        "timestamp": "2026-07-01T01:12:19.164563",
        "element_type": "node",
        "element_id": 5432934239,
        "country": "Kenya",
        "unit_type": "generator"
      }
    },
    {
      "type": "Feature",
      "geometry": {
        "type": "Point",
        "coordinates": [
          36.7832646,
          2.4734029
        ]
      },
      "properties": {
        "label": "Rejected node 5432934238",
        "type": "Capacity regex no match",
        "osm_element": "https://www.openstreetmap.org/node/5432934238",
        "rejection_reason": "Capacity regex no match",
        "rejection_details": "Tag 'generator:output:electricity' has value '850 kW' which could not be parsed",
        "rejection_keywords": "850 kW",
        "timestamp": "2026-07-01T01:12:19.164579",
        "element_type": "node",
        "element_id": 5432934238,
        "country": "Kenya",
        "unit_type": "generator"
      }
    },
    {
      "type": "Feature",
      "geometry": {
        "type": "Point",
        "coordinates": [
          36.7831331,
          2.4743489
        ]
      },
      "properties": {
        "label": "Rejected node 5432934237",
        "type": "Capacity regex no match",
        "osm_element": "https://www.openstreetmap.org/node/5432934237",
        "rejection_reason": "Capacity regex no match",
        "rejection_details": "Tag 'generator:output:electricity' has value '850 kW' which could not be parsed",
        "rejection_keywords": "850 kW",
        "timestamp": "2026-07-01T01:12:19.164596",
        "element_type": "node",
        "element_id": 5432934237,
        "country": "Kenya",
        "unit_type": "generator"
      }
    },
    {
      "type": "Feature",
      "geometry": {
        "type": "Point",
        "coordinates": [
          36.7829776,
          2.4753029
        ]
      },
      "properties": {
        "label": "Rejected node 5432934236",
        "type": "Capacity regex no match",
        "osm_element": "https://www.openstreetmap.org/node/5432934236",
        "rejection_reason": "Capacity regex no match",
        "rejection_details": "Tag 'generator:output:electricity' has value '850 kW' which could not be parsed",
        "rejection_keywords": "850 kW",
        "timestamp": "2026-07-01T01:12:19.164612",
        "element_type": "node",
        "element_id": 5432934236,
        "country": "Kenya",
        "unit_type": "generator"
      }
    },
    {
      "type": "Feature",
      "geometry": {
        "type": "Point",
        "coordinates": [
          36.7828327,
          2.4762568
        ]
      },
      "properties": {
        "label": "Rejected node 5432934235",
        "type": "Capacity regex no match",
        "osm_element": "https://www.openstreetmap.org/node/5432934235",
        "rejection_reason": "Capacity regex no match",
        "rejection_details": "Tag 'generator:output:electricity' has value '850 kW' which could not be parsed",
        "rejection_keywords": "850 kW",
        "timestamp": "2026-07-01T01:12:19.164629",
        "element_type": "node",
        "element_id": 5432934235,
        "country": "Kenya",
        "unit_type": "generator"
      }
    },
    {
      "type": "Feature",
      "geometry": {
        "type": "Point",
        "coordinates": [
          36.7826638,
          2.4772322
        ]
      },
      "properties": {
        "label": "Rejected node 5432934234",
        "type": "Capacity regex no match",
        "osm_element": "https://www.openstreetmap.org/node/5432934234",
        "rejection_reason": "Capacity regex no match",
        "rejection_details": "Tag 'generator:output:electricity' has value '850 kW' which could not be parsed",
        "rejection_keywords": "850 kW",
        "timestamp": "2026-07-01T01:12:19.164647",
        "element_type": "node",
        "element_id": 5432934234,
        "country": "Kenya",
        "unit_type": "generator"
      }
    },
    {
      "type": "Feature",
      "geometry": {
        "type": "Point",
        "coordinates": [
          36.7825136,
          2.478205
        ]
      },
      "properties": {
        "label": "Rejected node 5432934233",
        "type": "Capacity regex no match",
        "osm_element": "https://www.openstreetmap.org/node/5432934233",
        "rejection_reason": "Capacity regex no match",
        "rejection_details": "Tag 'generator:output:electricity' has value '850 kW' which could not be parsed",
        "rejection_keywords": "850 kW",
        "timestamp": "2026-07-01T01:12:19.164665",
        "element_type": "node",
        "element_id": 5432934233,
        "country": "Kenya",
        "unit_type": "generator"
      }
    },
    {
      "type": "Feature",
      "geometry": {
        "type": "Point",
        "coordinates": [
          36.7807326,
          2.4804425
        ]
      },
      "properties": {
        "label": "Rejected node 5432934232",
        "type": "Capacity regex no match",
        "osm_element": "https://www.openstreetmap.org/node/5432934232",
        "rejection_reason": "Capacity regex no match",
        "rejection_details": "Tag 'generator:output:electricity' has value '850 kW' which could not be parsed",
        "rejection_keywords": "850 kW",
        "timestamp": "2026-07-01T01:12:19.164682",
        "element_type": "node",
        "element_id": 5432934232,
        "country": "Kenya",
        "unit_type": "generator"
      }
    },
    {
      "type": "Feature",
      "geometry": {
        "type": "Point",
        "coordinates": [
          36.7809391,
          2.4811366
        ]
      },
      "properties": {
        "label": "Rejected node 5432934231",
        "type": "Capacity regex no match",
        "osm_element": "https://www.openstreetmap.org/node/5432934231",
        "rejection_reason": "Capacity regex no match",
        "rejection_details": "Tag 'generator:output:electricity' has value '850 kW' which could not be parsed",
        "rejection_keywords": "850 kW",
        "timestamp": "2026-07-01T01:12:19.164717",
        "element_type": "node",
        "element_id": 5432934231,
        "country": "Kenya",
        "unit_type": "generator"
      }
    },
    {
      "type": "Feature",
      "geometry": {
        "type": "Point",
        "coordinates": [
          36.7811644,
          2.4818413
        ]
      },
      "properties": {
        "label": "Rejected node 5432934230",
        "type": "Capacity regex no match",
        "osm_element": "https://www.openstreetmap.org/node/5432934230",
        "rejection_reason": "Capacity regex no match",
        "rejection_details": "Tag 'generator:output:electricity' has value '850 kW' which could not be parsed",
        "rejection_keywords": "850 kW",
        "timestamp": "2026-07-01T01:12:19.164736",
        "element_type": "node",
        "element_id": 5432934230,
        "country": "Kenya",
        "unit_type": "generator"
      }
    },
    {
      "type": "Feature",
      "geometry": {
        "type": "Point",
        "coordinates": [
          36.7813817,
          2.4825541
        ]
      },
      "properties": {
        "label": "Rejected node 5432934229",
        "type": "Capacity regex no match",
        "osm_element": "https://www.openstreetmap.org/node/5432934229",
        "rejection_reason": "Capacity regex no match",
        "rejection_details": "Tag 'generator:output:electricity' has value '850 kW' which could not be parsed",
        "rejection_keywords": "850 kW",
        "timestamp": "2026-07-01T01:12:19.164756",
        "element_type": "node",
        "element_id": 5432934229,
        "country": "Kenya",
        "unit_type": "generator"
      }
    },
    {
      "type": "Feature",
      "geometry": {
        "type": "Point",
        "coordinates": [
          36.7981482,
          2.4163078
        ]
      },
      "properties": {
        "label": "Rejected node 5432934277",
        "type": "Capacity regex no match",
        "osm_element": "https://www.openstreetmap.org/node/5432934277",
        "rejection_reason": "Capacity regex no match",
        "rejection_details": "Tag 'generator:output:electricity' has value '850 kW' which could not be parsed",
        "rejection_keywords": "850 kW",
        "timestamp": "2026-07-01T01:12:19.164774",
        "element_type": "node",
        "element_id": 5432934277,
        "country": "Kenya",
        "unit_type": "generator"
      }
    },
    {
      "type": "Feature",
      "geometry": {
        "type": "Point",
        "coordinates": [
          36.798175,
          2.417101
        ]
      },
      "properties": {
        "label": "Rejected node 5432934278",
        "type": "Capacity regex no match",
        "osm_element": "https://www.openstreetmap.org/node/5432934278",
        "rejection_reason": "Capacity regex no match",
        "rejection_details": "Tag 'generator:output:electricity' has value '850 kW' which could not be parsed",
        "rejection_keywords": "850 kW",
        "timestamp": "2026-07-01T01:12:19.164791",
        "element_type": "node",
        "element_id": 5432934278,
        "country": "Kenya",
        "unit_type": "generator"
      }
    },
    {
      "type": "Feature",
      "geometry": {
        "type": "Point",
        "coordinates": [
          36.7981964,
          2.4178407
        ]
      },
      "properties": {
        "label": "Rejected node 5432934279",
        "type": "Capacity regex no match",
        "osm_element": "https://www.openstreetmap.org/node/5432934279",
        "rejection_reason": "Capacity regex no match",
        "rejection_details": "Tag 'generator:output:electricity' has value '850 kW' which could not be parsed",
        "rejection_keywords": "850 kW",
        "timestamp": "2026-07-01T01:12:19.164812",
        "element_type": "node",
        "element_id": 5432934279,
        "country": "Kenya",
        "unit_type": "generator"
      }
    },
    {
      "type": "Feature",
      "geometry": {
        "type": "Point",
        "coordinates": [
          36.7982179,
          2.4186527
        ]
      },
      "properties": {
        "label": "Rejected node 5432934280",
        "type": "Capacity regex no match",
        "osm_element": "https://www.openstreetmap.org/node/5432934280",
        "rejection_reason": "Capacity regex no match",
        "rejection_details": "Tag 'generator:output:electricity' has value '850 kW' which could not be parsed",
        "rejection_keywords": "850 kW",
        "timestamp": "2026-07-01T01:12:19.164830",
        "element_type": "node",
        "element_id": 5432934280,
        "country": "Kenya",
        "unit_type": "generator"
      }
    },
    {
      "type": "Feature",
      "geometry": {
        "type": "Point",
        "coordinates": [
          36.7982393,
          2.4201936
        ]
      },
      "properties": {
        "label": "Rejected node 5432934282",
        "type": "Capacity regex no match",
        "osm_element": "https://www.openstreetmap.org/node/5432934282",
        "rejection_reason": "Capacity regex no match",
        "rejection_details": "Tag 'generator:output:electricity' has value '850 kW' which could not be parsed",
        "rejection_keywords": "850 kW",
        "timestamp": "2026-07-01T01:12:19.164846",
        "element_type": "node",
        "element_id": 5432934282,
        "country": "Kenya",
        "unit_type": "generator"
      }
    },
    {
      "type": "Feature",
      "geometry": {
        "type": "Point",
        "coordinates": [
          36.7982528,
          2.4194298
        ]
      },
      "properties": {
        "label": "Rejected node 5432934281",
        "type": "Capacity regex no match",
        "osm_element": "https://www.openstreetmap.org/node/5432934281",
        "rejection_reason": "Capacity regex no match",
        "rejection_details": "Tag 'generator:output:electricity' has value '850 kW' which could not be parsed",
        "rejection_keywords": "850 kW",
        "timestamp": "2026-07-01T01:12:19.164863",
        "element_type": "node",
        "element_id": 5432934281,
        "country": "Kenya",
        "unit_type": "generator"
      }
    },
    {
      "type": "Feature",
      "geometry": {
        "type": "Point",
        "coordinates": [
          36.7981777,
          2.4209787
        ]
      },
      "properties": {
        "label": "Rejected node 5432934284",
        "type": "Capacity regex no match",
        "osm_element": "https://www.openstreetmap.org/node/5432934284",
        "rejection_reason": "Capacity regex no match",
        "rejection_details": "Tag 'generator:output:electricity' has value '850 kW' which could not be parsed",
        "rejection_keywords": "850 kW",
        "timestamp": "2026-07-01T01:12:19.164882",
        "element_type": "node",
        "element_id": 5432934284,
        "country": "Kenya",
        "unit_type": "generator"
      }
    },
    {
      "type": "Feature",
      "geometry": {
        "type": "Point",
        "coordinates": [
          36.7982474,
          2.4217103
        ]
      },
      "properties": {
        "label": "Rejected node 5432934283",
        "type": "Capacity regex no match",
        "osm_element": "https://www.openstreetmap.org/node/5432934283",
        "rejection_reason": "Capacity regex no match",
        "rejection_details": "Tag 'generator:output:electricity' has value '850 kW' which could not be parsed",
        "rejection_keywords": "850 kW",
        "timestamp": "2026-07-01T01:12:19.164899",
        "element_type": "node",
        "element_id": 5432934283,
        "country": "Kenya",
        "unit_type": "generator"
      }
    },
    {
      "type": "Feature",
      "geometry": {
        "type": "Point",
        "coordinates": [
          36.8001652,
          2.4311861
        ]
      },
      "properties": {
        "label": "Rejected node 5432934285",
        "type": "Capacity regex no match",
        "osm_element": "https://www.openstreetmap.org/node/5432934285",
        "rejection_reason": "Capacity regex no match",
        "rejection_details": "Tag 'generator:output:electricity' has value '850 kW' which could not be parsed",
        "rejection_keywords": "850 kW",
        "timestamp": "2026-07-01T01:12:19.164916",
        "element_type": "node",
        "element_id": 5432934285,
        "country": "Kenya",
        "unit_type": "generator"
      }
    },
    {
      "type": "Feature",
      "geometry": {
        "type": "Point",
        "coordinates": [
          36.80031,
          2.4319016
        ]
      },
      "properties": {
        "label": "Rejected node 5432934286",
        "type": "Capacity regex no match",
        "osm_element": "https://www.openstreetmap.org/node/5432934286",
        "rejection_reason": "Capacity regex no match",
        "rejection_details": "Tag 'generator:output:electricity' has value '850 kW' which could not be parsed",
        "rejection_keywords": "850 kW",
        "timestamp": "2026-07-01T01:12:19.164933",
        "element_type": "node",
        "element_id": 5432934286,
        "country": "Kenya",
        "unit_type": "generator"
      }
    },
    {
      "type": "Feature",
      "geometry": {
        "type": "Point",
        "coordinates": [
          36.8004683,
          2.4325796
        ]
      },
      "properties": {
        "label": "Rejected node 5432934287",
        "type": "Capacity regex no match",
        "osm_element": "https://www.openstreetmap.org/node/5432934287",
        "rejection_reason": "Capacity regex no match",
        "rejection_details": "Tag 'generator:output:electricity' has value '850 kW' which could not be parsed",
        "rejection_keywords": "850 kW",
        "timestamp": "2026-07-01T01:12:19.164950",
        "element_type": "node",
        "element_id": 5432934287,
        "country": "Kenya",
        "unit_type": "generator"
      }
    },
    {
      "type": "Feature",
      "geometry": {
        "type": "Point",
        "coordinates": [
          36.8006265,
          2.4333032
        ]
      },
      "properties": {
        "label": "Rejected node 5432934288",
        "type": "Capacity regex no match",
        "osm_element": "https://www.openstreetmap.org/node/5432934288",
        "rejection_reason": "Capacity regex no match",
        "rejection_details": "Tag 'generator:output:electricity' has value '850 kW' which could not be parsed",
        "rejection_keywords": "850 kW",
        "timestamp": "2026-07-01T01:12:19.164966",
        "element_type": "node",
        "element_id": 5432934288,
        "country": "Kenya",
        "unit_type": "generator"
      }
    },
    {
      "type": "Feature",
      "geometry": {
        "type": "Point",
        "coordinates": [
          36.8007928,
          2.4339811
        ]
      },
      "properties": {
        "label": "Rejected node 5432934289",
        "type": "Capacity regex no match",
        "osm_element": "https://www.openstreetmap.org/node/5432934289",
        "rejection_reason": "Capacity regex no match",
        "rejection_details": "Tag 'generator:output:electricity' has value '850 kW' which could not be parsed",
        "rejection_keywords": "850 kW",
        "timestamp": "2026-07-01T01:12:19.164985",
        "element_type": "node",
        "element_id": 5432934289,
        "country": "Kenya",
        "unit_type": "generator"
      }
    },
    {
      "type": "Feature",
      "geometry": {
        "type": "Point",
        "coordinates": [
          36.8009323,
          2.4346913
        ]
      },
      "properties": {
        "label": "Rejected node 5432934290",
        "type": "Capacity regex no match",
        "osm_element": "https://www.openstreetmap.org/node/5432934290",
        "rejection_reason": "Capacity regex no match",
        "rejection_details": "Tag 'generator:output:electricity' has value '850 kW' which could not be parsed",
        "rejection_keywords": "850 kW",
        "timestamp": "2026-07-01T01:12:19.165001",
        "element_type": "node",
        "element_id": 5432934290,
        "country": "Kenya",
        "unit_type": "generator"
      }
    },
    {
      "type": "Feature",
      "geometry": {
        "type": "Point",
        "coordinates": [
          36.8010423,
          2.4354282
        ]
      },
      "properties": {
        "label": "Rejected node 5432934291",
        "type": "Capacity regex no match",
        "osm_element": "https://www.openstreetmap.org/node/5432934291",
        "rejection_reason": "Capacity regex no match",
        "rejection_details": "Tag 'generator:output:electricity' has value '850 kW' which could not be parsed",
        "rejection_keywords": "850 kW",
        "timestamp": "2026-07-01T01:12:19.165019",
        "element_type": "node",
        "element_id": 5432934291,
        "country": "Kenya",
        "unit_type": "generator"
      }
    },
    {
      "type": "Feature",
      "geometry": {
        "type": "Point",
        "coordinates": [
          36.8001169,
          2.438317
        ]
      },
      "properties": {
        "label": "Rejected node 5432934292",
        "type": "Capacity regex no match",
        "osm_element": "https://www.openstreetmap.org/node/5432934292",
        "rejection_reason": "Capacity regex no match",
        "rejection_details": "Tag 'generator:output:electricity' has value '850 kW' which could not be parsed",
        "rejection_keywords": "850 kW",
        "timestamp": "2026-07-01T01:12:19.165036",
        "element_type": "node",
        "element_id": 5432934292,
        "country": "Kenya",
        "unit_type": "generator"
      }
    },
    {
      "type": "Feature",
      "geometry": {
        "type": "Point",
        "coordinates": [
          36.8001384,
          2.4391531
        ]
      },
      "properties": {
        "label": "Rejected node 5432934293",
        "type": "Capacity regex no match",
        "osm_element": "https://www.openstreetmap.org/node/5432934293",
        "rejection_reason": "Capacity regex no match",
        "rejection_details": "Tag 'generator:output:electricity' has value '850 kW' which could not be parsed",
        "rejection_keywords": "850 kW",
        "timestamp": "2026-07-01T01:12:19.165054",
        "element_type": "node",
        "element_id": 5432934293,
        "country": "Kenya",
        "unit_type": "generator"
      }
    },
    {
      "type": "Feature",
      "geometry": {
        "type": "Point",
        "coordinates": [
          36.8001169,
          2.4408039
        ]
      },
      "properties": {
        "label": "Rejected node 5432934294",
        "type": "Capacity regex no match",
        "osm_element": "https://www.openstreetmap.org/node/5432934294",
        "rejection_reason": "Capacity regex no match",
        "rejection_details": "Tag 'generator:output:electricity' has value '850 kW' which could not be parsed",
        "rejection_keywords": "850 kW",
        "timestamp": "2026-07-01T01:12:19.165070",
        "element_type": "node",
        "element_id": 5432934294,
        "country": "Kenya",
        "unit_type": "generator"
      }
    },
    {
      "type": "Feature",
      "geometry": {
        "type": "Point",
        "coordinates": [
          36.8002081,
          2.4423394
        ]
      },
      "properties": {
        "label": "Rejected node 5432934295",
        "type": "Capacity regex no match",
        "osm_element": "https://www.openstreetmap.org/node/5432934295",
        "rejection_reason": "Capacity regex no match",
        "rejection_details": "Tag 'generator:output:electricity' has value '850 kW' which could not be parsed",
        "rejection_keywords": "850 kW",
        "timestamp": "2026-07-01T01:12:19.165087",
        "element_type": "node",
        "element_id": 5432934295,
        "country": "Kenya",
        "unit_type": "generator"
      }
    },
    {
      "type": "Feature",
      "geometry": {
        "type": "Point",
        "coordinates": [
          36.8003824,
          2.4430308
        ]
      },
      "properties": {
        "label": "Rejected node 5432934296",
        "type": "Capacity regex no match",
        "osm_element": "https://www.openstreetmap.org/node/5432934296",
        "rejection_reason": "Capacity regex no match",
        "rejection_details": "Tag 'generator:output:electricity' has value '850 kW' which could not be parsed",
        "rejection_keywords": "850 kW",
        "timestamp": "2026-07-01T01:12:19.165139",
        "element_type": "node",
        "element_id": 5432934296,
        "country": "Kenya",
        "unit_type": "generator"
      }
    },
    {
      "type": "Feature",
      "geometry": {
        "type": "Point",
        "coordinates": [
          36.8006077,
          2.4437141
        ]
      },
      "properties": {
        "label": "Rejected node 5432934297",
        "type": "Capacity regex no match",
        "osm_element": "https://www.openstreetmap.org/node/5432934297",
        "rejection_reason": "Capacity regex no match",
        "rejection_details": "Tag 'generator:output:electricity' has value '850 kW' which could not be parsed",
        "rejection_keywords": "850 kW",
        "timestamp": "2026-07-01T01:12:19.165157",
        "element_type": "node",
        "element_id": 5432934297,
        "country": "Kenya",
        "unit_type": "generator"
      }
    },
    {
      "type": "Feature",
      "geometry": {
        "type": "Point",
        "coordinates": [
          36.8008921,
          2.4443974
        ]
      },
      "properties": {
        "label": "Rejected node 5432934298",
        "type": "Capacity regex no match",
        "osm_element": "https://www.openstreetmap.org/node/5432934298",
        "rejection_reason": "Capacity regex no match",
        "rejection_details": "Tag 'generator:output:electricity' has value '850 kW' which could not be parsed",
        "rejection_keywords": "850 kW",
        "timestamp": "2026-07-01T01:12:19.165174",
        "element_type": "node",
        "element_id": 5432934298,
        "country": "Kenya",
        "unit_type": "generator"
      }
    },
    {
      "type": "Feature",
      "geometry": {
        "type": "Point",
        "coordinates": [
          36.801053,
          2.4450969
        ]
      },
      "properties": {
        "label": "Rejected node 5432934299",
        "type": "Capacity regex no match",
        "osm_element": "https://www.openstreetmap.org/node/5432934299",
        "rejection_reason": "Capacity regex no match",
        "rejection_details": "Tag 'generator:output:electricity' has value '850 kW' which could not be parsed",
        "rejection_keywords": "850 kW",
        "timestamp": "2026-07-01T01:12:19.165198",
        "element_type": "node",
        "element_id": 5432934299,
        "country": "Kenya",
        "unit_type": "generator"
      }
    },
    {
      "type": "Feature",
      "geometry": {
        "type": "Point",
        "coordinates": [
          36.8001308,
          2.4399006
        ]
      },
      "properties": {
        "label": "Rejected node 13058402143",
        "type": "Capacity regex no match",
        "osm_element": "https://www.openstreetmap.org/node/13058402143",
        "rejection_reason": "Capacity regex no match",
        "rejection_details": "Tag 'generator:output:electricity' has value '850 kW' which could not be parsed",
        "rejection_keywords": "850 kW",
        "timestamp": "2026-07-01T01:12:19.165215",
        "element_type": "node",
        "element_id": 13058402143,
        "country": "Kenya",
        "unit_type": "generator"
      }
    },
    {
      "type": "Feature",
      "geometry": {
        "type": "Point",
        "coordinates": [
          36.8000881,
          2.4415482
        ]
      },
      "properties": {
        "label": "Rejected node 13058402144",
        "type": "Capacity regex no match",
        "osm_element": "https://www.openstreetmap.org/node/13058402144",
        "rejection_reason": "Capacity regex no match",
        "rejection_details": "Tag 'generator:output:electricity' has value '850 kW' which could not be parsed",
        "rejection_keywords": "850 kW",
        "timestamp": "2026-07-01T01:12:19.165231",
        "element_type": "node",
        "element_id": 13058402144,
        "country": "Kenya",
        "unit_type": "generator"
      }
    },
    {
      "type": "Feature",
      "geometry": {
        "type": "Point",
        "coordinates": [
          36.8118811,
          2.4485658
        ]
      },
      "properties": {
        "label": "Rejected node 5432934300",
        "type": "Capacity regex no match",
        "osm_element": "https://www.openstreetmap.org/node/5432934300",
        "rejection_reason": "Capacity regex no match",
        "rejection_details": "Tag 'generator:output:electricity' has value '850 kW' which could not be parsed",
        "rejection_keywords": "850 kW",
        "timestamp": "2026-07-01T01:12:19.165251",
        "element_type": "node",
        "element_id": 5432934300,
        "country": "Kenya",
        "unit_type": "generator"
      }
    },
    {
      "type": "Feature",
      "geometry": {
        "type": "Point",
        "coordinates": [
          36.8119588,
          2.4493898
        ]
      },
      "properties": {
        "label": "Rejected node 5432934301",
        "type": "Capacity regex no match",
        "osm_element": "https://www.openstreetmap.org/node/5432934301",
        "rejection_reason": "Capacity regex no match",
        "rejection_details": "Tag 'generator:output:electricity' has value '850 kW' which could not be parsed",
        "rejection_keywords": "850 kW",
        "timestamp": "2026-07-01T01:12:19.165268",
        "element_type": "node",
        "element_id": 5432934301,
        "country": "Kenya",
        "unit_type": "generator"
      }
    },
    {
      "type": "Feature",
      "geometry": {
        "type": "Point",
        "coordinates": [
          36.8119441,
          2.4502072
        ]
      },
      "properties": {
        "label": "Rejected node 5432934302",
        "type": "Capacity regex no match",
        "osm_element": "https://www.openstreetmap.org/node/5432934302",
        "rejection_reason": "Capacity regex no match",
        "rejection_details": "Tag 'generator:output:electricity' has value '850 kW' which could not be parsed",
        "rejection_keywords": "850 kW",
        "timestamp": "2026-07-01T01:12:19.165285",
        "element_type": "node",
        "element_id": 5432934302,
        "country": "Kenya",
        "unit_type": "generator"
      }
    },
    {
      "type": "Feature",
      "geometry": {
        "type": "Point",
        "coordinates": [
          36.8119803,
          2.4510205
        ]
      },
      "properties": {
        "label": "Rejected node 5432934303",
        "type": "Capacity regex no match",
        "osm_element": "https://www.openstreetmap.org/node/5432934303",
        "rejection_reason": "Capacity regex no match",
        "rejection_details": "Tag 'generator:output:electricity' has value '850 kW' which could not be parsed",
        "rejection_keywords": "850 kW",
        "timestamp": "2026-07-01T01:12:19.165301",
        "element_type": "node",
        "element_id": 5432934303,
        "country": "Kenya",
        "unit_type": "generator"
      }
    },
    {
      "type": "Feature",
      "geometry": {
        "type": "Point",
        "coordinates": [
          36.8120125,
          2.4518365
        ]
      },
      "properties": {
        "label": "Rejected node 5432934304",
        "type": "Capacity regex no match",
        "osm_element": "https://www.openstreetmap.org/node/5432934304",
        "rejection_reason": "Capacity regex no match",
        "rejection_details": "Tag 'generator:output:electricity' has value '850 kW' which could not be parsed",
        "rejection_keywords": "850 kW",
        "timestamp": "2026-07-01T01:12:19.165318",
        "element_type": "node",
        "element_id": 5432934304,
        "country": "Kenya",
        "unit_type": "generator"
      }
    },
    {
      "type": "Feature",
      "geometry": {
        "type": "Point",
        "coordinates": [
          36.8121761,
          2.4525185
        ]
      },
      "properties": {
        "label": "Rejected node 5432934305",
        "type": "Capacity regex no match",
        "osm_element": "https://www.openstreetmap.org/node/5432934305",
        "rejection_reason": "Capacity regex no match",
        "rejection_details": "Tag 'generator:output:electricity' has value '850 kW' which could not be parsed",
        "rejection_keywords": "850 kW",
        "timestamp": "2026-07-01T01:12:19.165334",
        "element_type": "node",
        "element_id": 5432934305,
        "country": "Kenya",
        "unit_type": "generator"
      }
    },
    {
      "type": "Feature",
      "geometry": {
        "type": "Point",
        "coordinates": [
          36.8123357,
          2.4532125
        ]
      },
      "properties": {
        "label": "Rejected node 5432934306",
        "type": "Capacity regex no match",
        "osm_element": "https://www.openstreetmap.org/node/5432934306",
        "rejection_reason": "Capacity regex no match",
        "rejection_details": "Tag 'generator:output:electricity' has value '850 kW' which could not be parsed",
        "rejection_keywords": "850 kW",
        "timestamp": "2026-07-01T01:12:19.165351",
        "element_type": "node",
        "element_id": 5432934306,
        "country": "Kenya",
        "unit_type": "generator"
      }
    },
    {
      "type": "Feature",
      "geometry": {
        "type": "Point",
        "coordinates": [
          36.8124966,
          2.4539079
        ]
      },
      "properties": {
        "label": "Rejected node 5432934307",
        "type": "Capacity regex no match",
        "osm_element": "https://www.openstreetmap.org/node/5432934307",
        "rejection_reason": "Capacity regex no match",
        "rejection_details": "Tag 'generator:output:electricity' has value '850 kW' which could not be parsed",
        "rejection_keywords": "850 kW",
        "timestamp": "2026-07-01T01:12:19.165367",
        "element_type": "node",
        "element_id": 5432934307,
        "country": "Kenya",
        "unit_type": "generator"
      }
    },
    {
      "type": "Feature",
      "geometry": {
        "type": "Point",
        "coordinates": [
          36.8126656,
          2.4546127
        ]
      },
      "properties": {
        "label": "Rejected node 5432934308",
        "type": "Capacity regex no match",
        "osm_element": "https://www.openstreetmap.org/node/5432934308",
        "rejection_reason": "Capacity regex no match",
        "rejection_details": "Tag 'generator:output:electricity' has value '850 kW' which could not be parsed",
        "rejection_keywords": "850 kW",
        "timestamp": "2026-07-01T01:12:19.165386",
        "element_type": "node",
        "element_id": 5432934308,
        "country": "Kenya",
        "unit_type": "generator"
      }
    },
    {
      "type": "Feature",
      "geometry": {
        "type": "Point",
        "coordinates": [
          36.8127605,
          2.4552575
        ]
      },
      "properties": {
        "label": "Rejected node 6177947597",
        "type": "Capacity regex no match",
        "osm_element": "https://www.openstreetmap.org/node/6177947597",
        "rejection_reason": "Capacity regex no match",
        "rejection_details": "Tag 'generator:output:electricity' has value '850 kW' which could not be parsed",
        "rejection_keywords": "850 kW",
        "timestamp": "2026-07-01T01:12:19.165403",
        "element_type": "node",
        "element_id": 6177947597,
        "country": "Kenya",
        "unit_type": "generator"
      }
    },
    {
      "type": "Feature",
      "geometry": {
        "type": "Point",
        "coordinates": [
          36.8130143,
          2.4560088
        ]
      },
      "properties": {
        "label": "Rejected node 5432934309",
        "type": "Capacity regex no match",
        "osm_element": "https://www.openstreetmap.org/node/5432934309",
        "rejection_reason": "Capacity regex no match",
        "rejection_details": "Tag 'generator:output:electricity' has value '850 kW' which could not be parsed",
        "rejection_keywords": "850 kW",
        "timestamp": "2026-07-01T01:12:19.165420",
        "element_type": "node",
        "element_id": 5432934309,
        "country": "Kenya",
        "unit_type": "generator"
      }
    },
    {
      "type": "Feature",
      "geometry": {
        "type": "Point",
        "coordinates": [
          36.8132128,
          2.4567035
        ]
      },
      "properties": {
        "label": "Rejected node 6177947596",
        "type": "Capacity regex no match",
        "osm_element": "https://www.openstreetmap.org/node/6177947596",
        "rejection_reason": "Capacity regex no match",
        "rejection_details": "Tag 'generator:output:electricity' has value '850 kW' which could not be parsed",
        "rejection_keywords": "850 kW",
        "timestamp": "2026-07-01T01:12:19.165436",
        "element_type": "node",
        "element_id": 6177947596,
        "country": "Kenya",
        "unit_type": "generator"
      }
    },
    {
      "type": "Feature",
      "geometry": {
        "type": "Point",
        "coordinates": [
          36.813367,
          2.457413
        ]
      },
      "properties": {
        "label": "Rejected node 5432934310",
        "type": "Capacity regex no match",
        "osm_element": "https://www.openstreetmap.org/node/5432934310",
        "rejection_reason": "Capacity regex no match",
        "rejection_details": "Tag 'generator:output:electricity' has value '850 kW' which could not be parsed",
        "rejection_keywords": "850 kW",
        "timestamp": "2026-07-01T01:12:19.165452",
        "element_type": "node",
        "element_id": 5432934310,
        "country": "Kenya",
        "unit_type": "generator"
      }
    },
    {
      "type": "Feature",
      "geometry": {
        "type": "Point",
        "coordinates": [
          36.8387112,
          2.469386
        ]
      },
      "properties": {
        "label": "Rejected node 5432934228",
        "type": "Capacity regex no match",
        "osm_element": "https://www.openstreetmap.org/node/5432934228",
        "rejection_reason": "Capacity regex no match",
        "rejection_details": "Tag 'generator:output:electricity' has value '850 kW' which could not be parsed",
        "rejection_keywords": "850 kW",
        "timestamp": "2026-07-01T01:12:19.165471",
        "element_type": "node",
        "element_id": 5432934228,
        "country": "Kenya",
        "unit_type": "generator"
      }
    },
    {
      "type": "Feature",
      "geometry": {
        "type": "Point",
        "coordinates": [
          36.8387622,
          2.4702034
        ]
      },
      "properties": {
        "label": "Rejected node 5432934227",
        "type": "Capacity regex no match",
        "osm_element": "https://www.openstreetmap.org/node/5432934227",
        "rejection_reason": "Capacity regex no match",
        "rejection_details": "Tag 'generator:output:electricity' has value '850 kW' which could not be parsed",
        "rejection_keywords": "850 kW",
        "timestamp": "2026-07-01T01:12:19.165487",
        "element_type": "node",
        "element_id": 5432934227,
        "country": "Kenya",
        "unit_type": "generator"
      }
    },
    {
      "type": "Feature",
      "geometry": {
        "type": "Point",
        "coordinates": [
          36.8387783,
          2.4710126
        ]
      },
      "properties": {
        "label": "Rejected node 5432934226",
        "type": "Capacity regex no match",
        "osm_element": "https://www.openstreetmap.org/node/5432934226",
        "rejection_reason": "Capacity regex no match",
        "rejection_details": "Tag 'generator:output:electricity' has value '850 kW' which could not be parsed",
        "rejection_keywords": "850 kW",
        "timestamp": "2026-07-01T01:12:19.165503",
        "element_type": "node",
        "element_id": 5432934226,
        "country": "Kenya",
        "unit_type": "generator"
      }
    },
    {
      "type": "Feature",
      "geometry": {
        "type": "Point",
        "coordinates": [
          36.8387783,
          2.4722962
        ]
      },
      "properties": {
        "label": "Rejected node 5432934225",
        "type": "Capacity regex no match",
        "osm_element": "https://www.openstreetmap.org/node/5432934225",
        "rejection_reason": "Capacity regex no match",
        "rejection_details": "Tag 'generator:output:electricity' has value '850 kW' which could not be parsed",
        "rejection_keywords": "850 kW",
        "timestamp": "2026-07-01T01:12:19.165519",
        "element_type": "node",
        "element_id": 5432934225,
        "country": "Kenya",
        "unit_type": "generator"
      }
    },
    {
      "type": "Feature",
      "geometry": {
        "type": "Point",
        "coordinates": [
          36.8388614,
          2.4730197
        ]
      },
      "properties": {
        "label": "Rejected node 5432934224",
        "type": "Capacity regex no match",
        "osm_element": "https://www.openstreetmap.org/node/5432934224",
        "rejection_reason": "Capacity regex no match",
        "rejection_details": "Tag 'generator:output:electricity' has value '850 kW' which could not be parsed",
        "rejection_keywords": "850 kW",
        "timestamp": "2026-07-01T01:12:19.165537",
        "element_type": "node",
        "element_id": 5432934224,
        "country": "Kenya",
        "unit_type": "generator"
      }
    },
    {
      "type": "Feature",
      "geometry": {
        "type": "Point",
        "coordinates": [
          36.8389901,
          2.4737647
        ]
      },
      "properties": {
        "label": "Rejected node 5432934223",
        "type": "Capacity regex no match",
        "osm_element": "https://www.openstreetmap.org/node/5432934223",
        "rejection_reason": "Capacity regex no match",
        "rejection_details": "Tag 'generator:output:electricity' has value '850 kW' which could not be parsed",
        "rejection_keywords": "850 kW",
        "timestamp": "2026-07-01T01:12:19.165554",
        "element_type": "node",
        "element_id": 5432934223,
        "country": "Kenya",
        "unit_type": "generator"
      }
    },
    {
      "type": "Feature",
      "geometry": {
        "type": "Point",
        "coordinates": [
          36.8286824,
          2.5000363
        ]
      },
      "properties": {
        "label": "Rejected node 5432933516",
        "type": "Capacity regex no match",
        "osm_element": "https://www.openstreetmap.org/node/5432933516",
        "rejection_reason": "Capacity regex no match",
        "rejection_details": "Tag 'generator:output:electricity' has value '850 kW' which could not be parsed",
        "rejection_keywords": "850 kW",
        "timestamp": "2026-07-01T01:12:19.165570",
        "element_type": "node",
        "element_id": 5432933516,
        "country": "Kenya",
        "unit_type": "generator"
      }
    },
    {
      "type": "Feature",
      "geometry": {
        "type": "Point",
        "coordinates": [
          36.8285644,
          2.4993048
        ]
      },
      "properties": {
        "label": "Rejected node 5432933517",
        "type": "Capacity regex no match",
        "osm_element": "https://www.openstreetmap.org/node/5432933517",
        "rejection_reason": "Capacity regex no match",
        "rejection_details": "Tag 'generator:output:electricity' has value '850 kW' which could not be parsed",
        "rejection_keywords": "850 kW",
        "timestamp": "2026-07-01T01:12:19.165587",
        "element_type": "node",
        "element_id": 5432933517,
        "country": "Kenya",
        "unit_type": "generator"
      }
    },
    {
      "type": "Feature",
      "geometry": {
        "type": "Point",
        "coordinates": [
          36.828492,
          2.4985839
        ]
      },
      "properties": {
        "label": "Rejected node 5432933518",
        "type": "Capacity regex no match",
        "osm_element": "https://www.openstreetmap.org/node/5432933518",
        "rejection_reason": "Capacity regex no match",
        "rejection_details": "Tag 'generator:output:electricity' has value '850 kW' which could not be parsed",
        "rejection_keywords": "850 kW",
        "timestamp": "2026-07-01T01:12:19.165603",
        "element_type": "node",
        "element_id": 5432933518,
        "country": "Kenya",
        "unit_type": "generator"
      }
    },
    {
      "type": "Feature",
      "geometry": {
        "type": "Point",
        "coordinates": [
          36.8283713,
          2.4978819
        ]
      },
      "properties": {
        "label": "Rejected node 5432933519",
        "type": "Capacity regex no match",
        "osm_element": "https://www.openstreetmap.org/node/5432933519",
        "rejection_reason": "Capacity regex no match",
        "rejection_details": "Tag 'generator:output:electricity' has value '850 kW' which could not be parsed",
        "rejection_keywords": "850 kW",
        "timestamp": "2026-07-01T01:12:19.165620",
        "element_type": "node",
        "element_id": 5432933519,
        "country": "Kenya",
        "unit_type": "generator"
      }
    },
    {
      "type": "Feature",
      "geometry": {
        "type": "Point",
        "coordinates": [
          36.8282667,
          2.497153
        ]
      },
      "properties": {
        "label": "Rejected node 5432933520",
        "type": "Capacity regex no match",
        "osm_element": "https://www.openstreetmap.org/node/5432933520",
        "rejection_reason": "Capacity regex no match",
        "rejection_details": "Tag 'generator:output:electricity' has value '850 kW' which could not be parsed",
        "rejection_keywords": "850 kW",
        "timestamp": "2026-07-01T01:12:19.165636",
        "element_type": "node",
        "element_id": 5432933520,
        "country": "Kenya",
        "unit_type": "generator"
      }
    },
    {
      "type": "Feature",
      "geometry": {
        "type": "Point",
        "coordinates": [
          36.8281889,
          2.4964268
        ]
      },
      "properties": {
        "label": "Rejected node 5432934221",
        "type": "Capacity regex no match",
        "osm_element": "https://www.openstreetmap.org/node/5432934221",
        "rejection_reason": "Capacity regex no match",
        "rejection_details": "Tag 'generator:output:electricity' has value '850 kW' which could not be parsed",
        "rejection_keywords": "850 kW",
        "timestamp": "2026-07-01T01:12:19.165652",
        "element_type": "node",
        "element_id": 5432934221,
        "country": "Kenya",
        "unit_type": "generator"
      }
    },
    {
      "type": "Feature",
      "geometry": {
        "type": "Point",
        "coordinates": [
          36.828087,
          2.4957113
        ]
      },
      "properties": {
        "label": "Rejected node 5432934222",
        "type": "Capacity regex no match",
        "osm_element": "https://www.openstreetmap.org/node/5432934222",
        "rejection_reason": "Capacity regex no match",
        "rejection_details": "Tag 'generator:output:electricity' has value '850 kW' which could not be parsed",
        "rejection_keywords": "850 kW",
        "timestamp": "2026-07-01T01:12:19.165668",
        "element_type": "node",
        "element_id": 5432934222,
        "country": "Kenya",
        "unit_type": "generator"
      }
    },
    {
      "type": "Feature",
      "geometry": {
        "type": "Point",
        "coordinates": [
          36.8229935,
          2.5127057
        ]
      },
      "properties": {
        "label": "Rejected node 5432933511",
        "type": "Capacity regex no match",
        "osm_element": "https://www.openstreetmap.org/node/5432933511",
        "rejection_reason": "Capacity regex no match",
        "rejection_details": "Tag 'generator:output:electricity' has value '850 kW' which could not be parsed",
        "rejection_keywords": "850 kW",
        "timestamp": "2026-07-01T01:12:19.165703",
        "element_type": "node",
        "element_id": 5432933511,
        "country": "Kenya",
        "unit_type": "generator"
      }
    },
    {
      "type": "Feature",
      "geometry": {
        "type": "Point",
        "coordinates": [
          36.8228164,
          2.5119688
        ]
      },
      "properties": {
        "label": "Rejected node 5432933512",
        "type": "Capacity regex no match",
        "osm_element": "https://www.openstreetmap.org/node/5432933512",
        "rejection_reason": "Capacity regex no match",
        "rejection_details": "Tag 'generator:output:electricity' has value '850 kW' which could not be parsed",
        "rejection_keywords": "850 kW",
        "timestamp": "2026-07-01T01:12:19.165722",
        "element_type": "node",
        "element_id": 5432933512,
        "country": "Kenya",
        "unit_type": "generator"
      }
    },
    {
      "type": "Feature",
      "geometry": {
        "type": "Point",
        "coordinates": [
          36.8227628,
          2.5111568
        ]
      },
      "properties": {
        "label": "Rejected node 5432933513",
        "type": "Capacity regex no match",
        "osm_element": "https://www.openstreetmap.org/node/5432933513",
        "rejection_reason": "Capacity regex no match",
        "rejection_details": "Tag 'generator:output:electricity' has value '850 kW' which could not be parsed",
        "rejection_keywords": "850 kW",
        "timestamp": "2026-07-01T01:12:19.165742",
        "element_type": "node",
        "element_id": 5432933513,
        "country": "Kenya",
        "unit_type": "generator"
      }
    },
    {
      "type": "Feature",
      "geometry": {
        "type": "Point",
        "coordinates": [
          36.8227574,
          2.5104414
        ]
      },
      "properties": {
        "label": "Rejected node 5432933514",
        "type": "Capacity regex no match",
        "osm_element": "https://www.openstreetmap.org/node/5432933514",
        "rejection_reason": "Capacity regex no match",
        "rejection_details": "Tag 'generator:output:electricity' has value '850 kW' which could not be parsed",
        "rejection_keywords": "850 kW",
        "timestamp": "2026-07-01T01:12:19.165759",
        "element_type": "node",
        "element_id": 5432933514,
        "country": "Kenya",
        "unit_type": "generator"
      }
    },
    {
      "type": "Feature",
      "geometry": {
        "type": "Point",
        "coordinates": [
          36.8226448,
          2.5095571
        ]
      },
      "properties": {
        "label": "Rejected node 5432933515",
        "type": "Capacity regex no match",
        "osm_element": "https://www.openstreetmap.org/node/5432933515",
        "rejection_reason": "Capacity regex no match",
        "rejection_details": "Tag 'generator:output:electricity' has value '850 kW' which could not be parsed",
        "rejection_keywords": "850 kW",
        "timestamp": "2026-07-01T01:12:19.165776",
        "element_type": "node",
        "element_id": 5432933515,
        "country": "Kenya",
        "unit_type": "generator"
      }
    },
    {
      "type": "Feature",
      "geometry": {
        "type": "Point",
        "coordinates": [
          36.828264,
          2.5204685
        ]
      },
      "properties": {
        "label": "Rejected node 5432933502",
        "type": "Capacity regex no match",
        "osm_element": "https://www.openstreetmap.org/node/5432933502",
        "rejection_reason": "Capacity regex no match",
        "rejection_details": "Tag 'generator:output:electricity' has value '850 kW' which could not be parsed",
        "rejection_keywords": "850 kW",
        "timestamp": "2026-07-01T01:12:19.165793",
        "element_type": "node",
        "element_id": 5432933502,
        "country": "Kenya",
        "unit_type": "generator"
      }
    },
    {
      "type": "Feature",
      "geometry": {
        "type": "Point",
        "coordinates": [
          36.8282667,
          2.5196218
        ]
      },
      "properties": {
        "label": "Rejected node 5432933503",
        "type": "Capacity regex no match",
        "osm_element": "https://www.openstreetmap.org/node/5432933503",
        "rejection_reason": "Capacity regex no match",
        "rejection_details": "Tag 'generator:output:electricity' has value '850 kW' which could not be parsed",
        "rejection_keywords": "850 kW",
        "timestamp": "2026-07-01T01:12:19.165809",
        "element_type": "node",
        "element_id": 5432933503,
        "country": "Kenya",
        "unit_type": "generator"
      }
    },
    {
      "type": "Feature",
      "geometry": {
        "type": "Point",
        "coordinates": [
          36.8282425,
          2.5187777
        ]
      },
      "properties": {
        "label": "Rejected node 5432933504",
        "type": "Capacity regex no match",
        "osm_element": "https://www.openstreetmap.org/node/5432933504",
        "rejection_reason": "Capacity regex no match",
        "rejection_details": "Tag 'generator:output:electricity' has value '850 kW' which could not be parsed",
        "rejection_keywords": "850 kW",
        "timestamp": "2026-07-01T01:12:19.165826",
        "element_type": "node",
        "element_id": 5432933504,
        "country": "Kenya",
        "unit_type": "generator"
      }
    },
    {
      "type": "Feature",
      "geometry": {
        "type": "Point",
        "coordinates": [
          36.8282077,
          2.5179443
        ]
      },
      "properties": {
        "label": "Rejected node 5432933505",
        "type": "Capacity regex no match",
        "osm_element": "https://www.openstreetmap.org/node/5432933505",
        "rejection_reason": "Capacity regex no match",
        "rejection_details": "Tag 'generator:output:electricity' has value '850 kW' which could not be parsed",
        "rejection_keywords": "850 kW",
        "timestamp": "2026-07-01T01:12:19.165843",
        "element_type": "node",
        "element_id": 5432933505,
        "country": "Kenya",
        "unit_type": "generator"
      }
    },
    {
      "type": "Feature",
      "geometry": {
        "type": "Point",
        "coordinates": [
          36.8282667,
          2.5170922
        ]
      },
      "properties": {
        "label": "Rejected node 5432933506",
        "type": "Capacity regex no match",
        "osm_element": "https://www.openstreetmap.org/node/5432933506",
        "rejection_reason": "Capacity regex no match",
        "rejection_details": "Tag 'generator:output:electricity' has value '850 kW' which could not be parsed",
        "rejection_keywords": "850 kW",
        "timestamp": "2026-07-01T01:12:19.165859",
        "element_type": "node",
        "element_id": 5432933506,
        "country": "Kenya",
        "unit_type": "generator"
      }
    },
    {
      "type": "Feature",
      "geometry": {
        "type": "Point",
        "coordinates": [
          36.8282238,
          2.516283
        ]
      },
      "properties": {
        "label": "Rejected node 5432933507",
        "type": "Capacity regex no match",
        "osm_element": "https://www.openstreetmap.org/node/5432933507",
        "rejection_reason": "Capacity regex no match",
        "rejection_details": "Tag 'generator:output:electricity' has value '850 kW' which could not be parsed",
        "rejection_keywords": "850 kW",
        "timestamp": "2026-07-01T01:12:19.165875",
        "element_type": "node",
        "element_id": 5432933507,
        "country": "Kenya",
        "unit_type": "generator"
      }
    },
    {
      "type": "Feature",
      "geometry": {
        "type": "Point",
        "coordinates": [
          36.8281889,
          2.5154469
        ]
      },
      "properties": {
        "label": "Rejected node 5432933508",
        "type": "Capacity regex no match",
        "osm_element": "https://www.openstreetmap.org/node/5432933508",
        "rejection_reason": "Capacity regex no match",
        "rejection_details": "Tag 'generator:output:electricity' has value '850 kW' which could not be parsed",
        "rejection_keywords": "850 kW",
        "timestamp": "2026-07-01T01:12:19.165891",
        "element_type": "node",
        "element_id": 5432933508,
        "country": "Kenya",
        "unit_type": "generator"
      }
    },
    {
      "type": "Feature",
      "geometry": {
        "type": "Point",
        "coordinates": [
          36.828146,
          2.514635
        ]
      },
      "properties": {
        "label": "Rejected node 5432933509",
        "type": "Capacity regex no match",
        "osm_element": "https://www.openstreetmap.org/node/5432933509",
        "rejection_reason": "Capacity regex no match",
        "rejection_details": "Tag 'generator:output:electricity' has value '850 kW' which could not be parsed",
        "rejection_keywords": "850 kW",
        "timestamp": "2026-07-01T01:12:19.165910",
        "element_type": "node",
        "element_id": 5432933509,
        "country": "Kenya",
        "unit_type": "generator"
      }
    },
    {
      "type": "Feature",
      "geometry": {
        "type": "Point",
        "coordinates": [
          36.8281782,
          2.513799
        ]
      },
      "properties": {
        "label": "Rejected node 5432933510",
        "type": "Capacity regex no match",
        "osm_element": "https://www.openstreetmap.org/node/5432933510",
        "rejection_reason": "Capacity regex no match",
        "rejection_details": "Tag 'generator:output:electricity' has value '850 kW' which could not be parsed",
        "rejection_keywords": "850 kW",
        "timestamp": "2026-07-01T01:12:19.165927",
        "element_type": "node",
        "element_id": 5432933510,
        "country": "Kenya",
        "unit_type": "generator"
      }
    },
    {
      "type": "Feature",
      "geometry": {
        "type": "Point",
        "coordinates": [
          36.8223403,
          2.5249488
        ]
      },
      "properties": {
        "label": "Rejected node 5432933501",
        "type": "Capacity regex no match",
        "osm_element": "https://www.openstreetmap.org/node/5432933501",
        "rejection_reason": "Capacity regex no match",
        "rejection_details": "Tag 'generator:output:electricity' has value '850 kW' which could not be parsed",
        "rejection_keywords": "850 kW",
        "timestamp": "2026-07-01T01:12:19.165948",
        "element_type": "node",
        "element_id": 5432933501,
        "country": "Kenya",
        "unit_type": "generator"
      }
    },
    {
      "type": "Feature",
      "geometry": {
        "type": "Point",
        "coordinates": [
          36.822516,
          2.5256375
        ]
      },
      "properties": {
        "label": "Rejected node 5432933500",
        "type": "Capacity regex no match",
        "osm_element": "https://www.openstreetmap.org/node/5432933500",
        "rejection_reason": "Capacity regex no match",
        "rejection_details": "Tag 'generator:output:electricity' has value '850 kW' which could not be parsed",
        "rejection_keywords": "850 kW",
        "timestamp": "2026-07-01T01:12:19.165964",
        "element_type": "node",
        "element_id": 5432933500,
        "country": "Kenya",
        "unit_type": "generator"
      }
    },
    {
      "type": "Feature",
      "geometry": {
        "type": "Point",
        "coordinates": [
          36.8228272,
          2.5263342
        ]
      },
      "properties": {
        "label": "Rejected node 5432933499",
        "type": "Capacity regex no match",
        "osm_element": "https://www.openstreetmap.org/node/5432933499",
        "rejection_reason": "Capacity regex no match",
        "rejection_details": "Tag 'generator:output:electricity' has value '850 kW' which could not be parsed",
        "rejection_keywords": "850 kW",
        "timestamp": "2026-07-01T01:12:19.165981",
        "element_type": "node",
        "element_id": 5432933499,
        "country": "Kenya",
        "unit_type": "generator"
      }
    },
    {
      "type": "Feature",
      "geometry": {
        "type": "Point",
        "coordinates": [
          36.8232965,
          2.5269425
        ]
      },
      "properties": {
        "label": "Rejected node 5432933498",
        "type": "Capacity regex no match",
        "osm_element": "https://www.openstreetmap.org/node/5432933498",
        "rejection_reason": "Capacity regex no match",
        "rejection_details": "Tag 'generator:output:electricity' has value '850 kW' which could not be parsed",
        "rejection_keywords": "850 kW",
        "timestamp": "2026-07-01T01:12:19.165997",
        "element_type": "node",
        "element_id": 5432933498,
        "country": "Kenya",
        "unit_type": "generator"
      }
    },
    {
      "type": "Feature",
      "geometry": {
        "type": "Point",
        "coordinates": [
          36.8235728,
          2.5277973
        ]
      },
      "properties": {
        "label": "Rejected node 5432933497",
        "type": "Capacity regex no match",
        "osm_element": "https://www.openstreetmap.org/node/5432933497",
        "rejection_reason": "Capacity regex no match",
        "rejection_details": "Tag 'generator:output:electricity' has value '850 kW' which could not be parsed",
        "rejection_keywords": "850 kW",
        "timestamp": "2026-07-01T01:12:19.166013",
        "element_type": "node",
        "element_id": 5432933497,
        "country": "Kenya",
        "unit_type": "generator"
      }
    },
    {
      "type": "Feature",
      "geometry": {
        "type": "Point",
        "coordinates": [
          36.8236479,
          2.5285234
        ]
      },
      "properties": {
        "label": "Rejected node 5432933496",
        "type": "Capacity regex no match",
        "osm_element": "https://www.openstreetmap.org/node/5432933496",
        "rejection_reason": "Capacity regex no match",
        "rejection_details": "Tag 'generator:output:electricity' has value '850 kW' which could not be parsed",
        "rejection_keywords": "850 kW",
        "timestamp": "2026-07-01T01:12:19.166029",
        "element_type": "node",
        "element_id": 5432933496,
        "country": "Kenya",
        "unit_type": "generator"
      }
    },
    {
      "type": "Feature",
      "geometry": {
        "type": "Point",
        "coordinates": [
          36.8238518,
          2.5292308
        ]
      },
      "properties": {
        "label": "Rejected node 5432933495",
        "type": "Capacity regex no match",
        "osm_element": "https://www.openstreetmap.org/node/5432933495",
        "rejection_reason": "Capacity regex no match",
        "rejection_details": "Tag 'generator:output:electricity' has value '850 kW' which could not be parsed",
        "rejection_keywords": "850 kW",
        "timestamp": "2026-07-01T01:12:19.166046",
        "element_type": "node",
        "element_id": 5432933495,
        "country": "Kenya",
        "unit_type": "generator"
      }
    },
    {
      "type": "Feature",
      "geometry": {
        "type": "Point",
        "coordinates": [
          36.8254799,
          2.5339818
        ]
      },
      "properties": {
        "label": "Rejected node 5432933494",
        "type": "Capacity regex no match",
        "osm_element": "https://www.openstreetmap.org/node/5432933494",
        "rejection_reason": "Capacity regex no match",
        "rejection_details": "Tag 'generator:output:electricity' has value '850 kW' which could not be parsed",
        "rejection_keywords": "850 kW",
        "timestamp": "2026-07-01T01:12:19.166064",
        "element_type": "node",
        "element_id": 5432933494,
        "country": "Kenya",
        "unit_type": "generator"
      }
    },
    {
      "type": "Feature",
      "geometry": {
        "type": "Point",
        "coordinates": [
          36.8259975,
          2.5347669
        ]
      },
      "properties": {
        "label": "Rejected node 5432933493",
        "type": "Capacity regex no match",
        "osm_element": "https://www.openstreetmap.org/node/5432933493",
        "rejection_reason": "Capacity regex no match",
        "rejection_details": "Tag 'generator:output:electricity' has value '850 kW' which could not be parsed",
        "rejection_keywords": "850 kW",
        "timestamp": "2026-07-01T01:12:19.166081",
        "element_type": "node",
        "element_id": 5432933493,
        "country": "Kenya",
        "unit_type": "generator"
      }
    },
    {
      "type": "Feature",
      "geometry": {
        "type": "Point",
        "coordinates": [
          36.8266252,
          2.5355466
        ]
      },
      "properties": {
        "label": "Rejected node 5432933492",
        "type": "Capacity regex no match",
        "osm_element": "https://www.openstreetmap.org/node/5432933492",
        "rejection_reason": "Capacity regex no match",
        "rejection_details": "Tag 'generator:output:electricity' has value '850 kW' which could not be parsed",
        "rejection_keywords": "850 kW",
        "timestamp": "2026-07-01T01:12:19.166097",
        "element_type": "node",
        "element_id": 5432933492,
        "country": "Kenya",
        "unit_type": "generator"
      }
    },
    {
      "type": "Feature",
      "geometry": {
        "type": "Point",
        "coordinates": [
          36.8272099,
          2.536321
        ]
      },
      "properties": {
        "label": "Rejected node 5432933491",
        "type": "Capacity regex no match",
        "osm_element": "https://www.openstreetmap.org/node/5432933491",
        "rejection_reason": "Capacity regex no match",
        "rejection_details": "Tag 'generator:output:electricity' has value '850 kW' which could not be parsed",
        "rejection_keywords": "850 kW",
        "timestamp": "2026-07-01T01:12:19.166114",
        "element_type": "node",
        "element_id": 5432933491,
        "country": "Kenya",
        "unit_type": "generator"
      }
    },
    {
      "type": "Feature",
      "geometry": {
        "type": "Point",
        "coordinates": [
          36.8286824,
          2.5371919
        ]
      },
      "properties": {
        "label": "Rejected node 5432933490",
        "type": "Capacity regex no match",
        "osm_element": "https://www.openstreetmap.org/node/5432933490",
        "rejection_reason": "Capacity regex no match",
        "rejection_details": "Tag 'generator:output:electricity' has value '850 kW' which could not be parsed",
        "rejection_keywords": "850 kW",
        "timestamp": "2026-07-01T01:12:19.166133",
        "element_type": "node",
        "element_id": 5432933490,
        "country": "Kenya",
        "unit_type": "generator"
      }
    },
    {
      "type": "Feature",
      "geometry": {
        "type": "Point",
        "coordinates": [
          36.8282318,
          2.552243
        ]
      },
      "properties": {
        "label": "Rejected node 12860222723",
        "type": "Capacity regex no match",
        "osm_element": "https://www.openstreetmap.org/node/12860222723",
        "rejection_reason": "Capacity regex no match",
        "rejection_details": "Tag 'generator:output:electricity' has value '850 kW' which could not be parsed",
        "rejection_keywords": "850 kW",
        "timestamp": "2026-07-01T01:12:19.166150",
        "element_type": "node",
        "element_id": 12860222723,
        "country": "Kenya",
        "unit_type": "generator"
      }
    },
    {
      "type": "Feature",
      "geometry": {
        "type": "Point",
        "coordinates": [
          36.827867,
          2.5515678
        ]
      },
      "properties": {
        "label": "Rejected node 12860222722",
        "type": "Capacity regex no match",
        "osm_element": "https://www.openstreetmap.org/node/12860222722",
        "rejection_reason": "Capacity regex no match",
        "rejection_details": "Tag 'generator:output:electricity' has value '850 kW' which could not be parsed",
        "rejection_keywords": "850 kW",
        "timestamp": "2026-07-01T01:12:19.166168",
        "element_type": "node",
        "element_id": 12860222722,
        "country": "Kenya",
        "unit_type": "generator"
      }
    },
    {
      "type": "Feature",
      "geometry": {
        "type": "Point",
        "coordinates": [
          36.8274808,
          2.5508175
        ]
      },
      "properties": {
        "label": "Rejected node 12860222721",
        "type": "Capacity regex no match",
        "osm_element": "https://www.openstreetmap.org/node/12860222721",
        "rejection_reason": "Capacity regex no match",
        "rejection_details": "Tag 'generator:output:electricity' has value '850 kW' which could not be parsed",
        "rejection_keywords": "850 kW",
        "timestamp": "2026-07-01T01:12:19.166187",
        "element_type": "node",
        "element_id": 12860222721,
        "country": "Kenya",
        "unit_type": "generator"
      }
    },
    {
      "type": "Feature",
      "geometry": {
        "type": "Point",
        "coordinates": [
          36.8271911,
          2.5501851
        ]
      },
      "properties": {
        "label": "Rejected node 12860222720",
        "type": "Capacity regex no match",
        "osm_element": "https://www.openstreetmap.org/node/12860222720",
        "rejection_reason": "Capacity regex no match",
        "rejection_details": "Tag 'generator:output:electricity' has value '850 kW' which could not be parsed",
        "rejection_keywords": "850 kW",
        "timestamp": "2026-07-01T01:12:19.166204",
        "element_type": "node",
        "element_id": 12860222720,
        "country": "Kenya",
        "unit_type": "generator"
      }
    },
    {
      "type": "Feature",
      "geometry": {
        "type": "Point",
        "coordinates": [
          36.8269229,
          2.5494348
        ]
      },
      "properties": {
        "label": "Rejected node 12860222719",
        "type": "Capacity regex no match",
        "osm_element": "https://www.openstreetmap.org/node/12860222719",
        "rejection_reason": "Capacity regex no match",
        "rejection_details": "Tag 'generator:output:electricity' has value '850 kW' which could not be parsed",
        "rejection_keywords": "850 kW",
        "timestamp": "2026-07-01T01:12:19.166220",
        "element_type": "node",
        "element_id": 12860222719,
        "country": "Kenya",
        "unit_type": "generator"
      }
    },
    {
      "type": "Feature",
      "geometry": {
        "type": "Point",
        "coordinates": [
          36.8266117,
          2.5488132
        ]
      },
      "properties": {
        "label": "Rejected node 12860222718",
        "type": "Capacity regex no match",
        "osm_element": "https://www.openstreetmap.org/node/12860222718",
        "rejection_reason": "Capacity regex no match",
        "rejection_details": "Tag 'generator:output:electricity' has value '850 kW' which could not be parsed",
        "rejection_keywords": "850 kW",
        "timestamp": "2026-07-01T01:12:19.166236",
        "element_type": "node",
        "element_id": 12860222718,
        "country": "Kenya",
        "unit_type": "generator"
      }
    },
    {
      "type": "Feature",
      "geometry": {
        "type": "Point",
        "coordinates": [
          36.8057688,
          2.5481377
        ]
      },
      "properties": {
        "label": "Rejected node 11255153899",
        "type": "Capacity regex no match",
        "osm_element": "https://www.openstreetmap.org/node/11255153899",
        "rejection_reason": "Capacity regex no match",
        "rejection_details": "Tag 'generator:output:electricity' has value '850 kW' which could not be parsed",
        "rejection_keywords": "850 kW",
        "timestamp": "2026-07-01T01:12:19.166253",
        "element_type": "node",
        "element_id": 11255153899,
        "country": "Kenya",
        "unit_type": "generator"
      }
    },
    {
      "type": "Feature",
      "geometry": {
        "type": "Point",
        "coordinates": [
          36.8052613,
          2.5468128
        ]
      },
      "properties": {
        "label": "Rejected node 11255153900",
        "type": "Capacity regex no match",
        "osm_element": "https://www.openstreetmap.org/node/11255153900",
        "rejection_reason": "Capacity regex no match",
        "rejection_details": "Tag 'generator:output:electricity' has value '850 kW' which could not be parsed",
        "rejection_keywords": "850 kW",
        "timestamp": "2026-07-01T01:12:19.166269",
        "element_type": "node",
        "element_id": 11255153900,
        "country": "Kenya",
        "unit_type": "generator"
      }
    },
    {
      "type": "Feature",
      "geometry": {
        "type": "Point",
        "coordinates": [
          36.8060147,
          2.5488407
        ]
      },
      "properties": {
        "label": "Rejected node 11255153898",
        "type": "Capacity regex no match",
        "osm_element": "https://www.openstreetmap.org/node/11255153898",
        "rejection_reason": "Capacity regex no match",
        "rejection_details": "Tag 'generator:output:electricity' has value '850 kW' which could not be parsed",
        "rejection_keywords": "850 kW",
        "timestamp": "2026-07-01T01:12:19.166285",
        "element_type": "node",
        "element_id": 11255153898,
        "country": "Kenya",
        "unit_type": "generator"
      }
    },
    {
      "type": "Feature",
      "geometry": {
        "type": "Point",
        "coordinates": [
          36.8062638,
          2.5494814
        ]
      },
      "properties": {
        "label": "Rejected node 11255153897",
        "type": "Capacity regex no match",
        "osm_element": "https://www.openstreetmap.org/node/11255153897",
        "rejection_reason": "Capacity regex no match",
        "rejection_details": "Tag 'generator:output:electricity' has value '850 kW' which could not be parsed",
        "rejection_keywords": "850 kW",
        "timestamp": "2026-07-01T01:12:19.166302",
        "element_type": "node",
        "element_id": 11255153897,
        "country": "Kenya",
        "unit_type": "generator"
      }
    },
    {
      "type": "Feature",
      "geometry": {
        "type": "Point",
        "coordinates": [
          36.8080197,
          2.5506944
        ]
      },
      "properties": {
        "label": "Rejected node 11255153896",
        "type": "Capacity regex no match",
        "osm_element": "https://www.openstreetmap.org/node/11255153896",
        "rejection_reason": "Capacity regex no match",
        "rejection_details": "Tag 'generator:output:electricity' has value '850 kW' which could not be parsed",
        "rejection_keywords": "850 kW",
        "timestamp": "2026-07-01T01:12:19.166318",
        "element_type": "node",
        "element_id": 11255153896,
        "country": "Kenya",
        "unit_type": "generator"
      }
    },
    {
      "type": "Feature",
      "geometry": {
        "type": "Point",
        "coordinates": [
          36.8080291,
          2.5515621
        ]
      },
      "properties": {
        "label": "Rejected node 11255153895",
        "type": "Capacity regex no match",
        "osm_element": "https://www.openstreetmap.org/node/11255153895",
        "rejection_reason": "Capacity regex no match",
        "rejection_details": "Tag 'generator:output:electricity' has value '850 kW' which could not be parsed",
        "rejection_keywords": "850 kW",
        "timestamp": "2026-07-01T01:12:19.166334",
        "element_type": "node",
        "element_id": 11255153895,
        "country": "Kenya",
        "unit_type": "generator"
      }
    },
    {
      "type": "Feature",
      "geometry": {
        "type": "Point",
        "coordinates": [
          36.8080415,
          2.5524486
        ]
      },
      "properties": {
        "label": "Rejected node 11255153894",
        "type": "Capacity regex no match",
        "osm_element": "https://www.openstreetmap.org/node/11255153894",
        "rejection_reason": "Capacity regex no match",
        "rejection_details": "Tag 'generator:output:electricity' has value '850 kW' which could not be parsed",
        "rejection_keywords": "850 kW",
        "timestamp": "2026-07-01T01:12:19.166350",
        "element_type": "node",
        "element_id": 11255153894,
        "country": "Kenya",
        "unit_type": "generator"
      }
    },
    {
      "type": "Feature",
      "geometry": {
        "type": "Point",
        "coordinates": [
          36.8079948,
          2.5532945
        ]
      },
      "properties": {
        "label": "Rejected node 11255153893",
        "type": "Capacity regex no match",
        "osm_element": "https://www.openstreetmap.org/node/11255153893",
        "rejection_reason": "Capacity regex no match",
        "rejection_details": "Tag 'generator:output:electricity' has value '850 kW' which could not be parsed",
        "rejection_keywords": "850 kW",
        "timestamp": "2026-07-01T01:12:19.166366",
        "element_type": "node",
        "element_id": 11255153893,
        "country": "Kenya",
        "unit_type": "generator"
      }
    },
    {
      "type": "Feature",
      "geometry": {
        "type": "Point",
        "coordinates": [
          36.8268865,
          2.5568278
        ]
      },
      "properties": {
        "label": "Rejected node 11255153901",
        "type": "Capacity regex no match",
        "osm_element": "https://www.openstreetmap.org/node/11255153901",
        "rejection_reason": "Capacity regex no match",
        "rejection_details": "Tag 'generator:output:electricity' has value '850 kW' which could not be parsed",
        "rejection_keywords": "850 kW",
        "timestamp": "2026-07-01T01:12:19.166383",
        "element_type": "node",
        "element_id": 11255153901,
        "country": "Kenya",
        "unit_type": "generator"
      }
    },
    {
      "type": "Feature",
      "geometry": {
        "type": "Point",
        "coordinates": [
          36.8268371,
          2.5576557
        ]
      },
      "properties": {
        "label": "Rejected node 12860222741",
        "type": "Capacity regex no match",
        "osm_element": "https://www.openstreetmap.org/node/12860222741",
        "rejection_reason": "Capacity regex no match",
        "rejection_details": "Tag 'generator:output:electricity' has value '850 kW' which could not be parsed",
        "rejection_keywords": "850 kW",
        "timestamp": "2026-07-01T01:12:19.166403",
        "element_type": "node",
        "element_id": 12860222741,
        "country": "Kenya",
        "unit_type": "generator"
      }
    },
    {
      "type": "Feature",
      "geometry": {
        "type": "Point",
        "coordinates": [
          36.8267526,
          2.5586752
        ]
      },
      "properties": {
        "label": "Rejected node 11255153902",
        "type": "Capacity regex no match",
        "osm_element": "https://www.openstreetmap.org/node/11255153902",
        "rejection_reason": "Capacity regex no match",
        "rejection_details": "Tag 'generator:output:electricity' has value '850 kW' which could not be parsed",
        "rejection_keywords": "850 kW",
        "timestamp": "2026-07-01T01:12:19.166420",
        "element_type": "node",
        "element_id": 11255153902,
        "country": "Kenya",
        "unit_type": "generator"
      }
    },
    {
      "type": "Feature",
      "geometry": {
        "type": "Point",
        "coordinates": [
          36.8267277,
          2.5595368
        ]
      },
      "properties": {
        "label": "Rejected node 11255153903",
        "type": "Capacity regex no match",
        "osm_element": "https://www.openstreetmap.org/node/11255153903",
        "rejection_reason": "Capacity regex no match",
        "rejection_details": "Tag 'generator:output:electricity' has value '850 kW' which could not be parsed",
        "rejection_keywords": "850 kW",
        "timestamp": "2026-07-01T01:12:19.166436",
        "element_type": "node",
        "element_id": 11255153903,
        "country": "Kenya",
        "unit_type": "generator"
      }
    },
    {
      "type": "Feature",
      "geometry": {
        "type": "Point",
        "coordinates": [
          36.8266686,
          2.560417
        ]
      },
      "properties": {
        "label": "Rejected node 11255153904",
        "type": "Capacity regex no match",
        "osm_element": "https://www.openstreetmap.org/node/11255153904",
        "rejection_reason": "Capacity regex no match",
        "rejection_details": "Tag 'generator:output:electricity' has value '850 kW' which could not be parsed",
        "rejection_keywords": "850 kW",
        "timestamp": "2026-07-01T01:12:19.166452",
        "element_type": "node",
        "element_id": 11255153904,
        "country": "Kenya",
        "unit_type": "generator"
      }
    },
    {
      "type": "Feature",
      "geometry": {
        "type": "Point",
        "coordinates": [
          36.8266001,
          2.5612941
        ]
      },
      "properties": {
        "label": "Rejected node 11255153905",
        "type": "Capacity regex no match",
        "osm_element": "https://www.openstreetmap.org/node/11255153905",
        "rejection_reason": "Capacity regex no match",
        "rejection_details": "Tag 'generator:output:electricity' has value '850 kW' which could not be parsed",
        "rejection_keywords": "850 kW",
        "timestamp": "2026-07-01T01:12:19.166468",
        "element_type": "node",
        "element_id": 11255153905,
        "country": "Kenya",
        "unit_type": "generator"
      }
    },
    {
      "type": "Feature",
      "geometry": {
        "type": "Point",
        "coordinates": [
          36.8265907,
          2.5621431
        ]
      },
      "properties": {
        "label": "Rejected node 11255153906",
        "type": "Capacity regex no match",
        "osm_element": "https://www.openstreetmap.org/node/11255153906",
        "rejection_reason": "Capacity regex no match",
        "rejection_details": "Tag 'generator:output:electricity' has value '850 kW' which could not be parsed",
        "rejection_keywords": "850 kW",
        "timestamp": "2026-07-01T01:12:19.166484",
        "element_type": "node",
        "element_id": 11255153906,
        "country": "Kenya",
        "unit_type": "generator"
      }
    },
    {
      "type": "Feature",
      "geometry": {
        "type": "Point",
        "coordinates": [
          36.8265223,
          2.5630513
        ]
      },
      "properties": {
        "label": "Rejected node 11255153907",
        "type": "Capacity regex no match",
        "osm_element": "https://www.openstreetmap.org/node/11255153907",
        "rejection_reason": "Capacity regex no match",
        "rejection_details": "Tag 'generator:output:electricity' has value '850 kW' which could not be parsed",
        "rejection_keywords": "850 kW",
        "timestamp": "2026-07-01T01:12:19.166503",
        "element_type": "node",
        "element_id": 11255153907,
        "country": "Kenya",
        "unit_type": "generator"
      }
    },
    {
      "type": "Feature",
      "geometry": {
        "type": "Point",
        "coordinates": [
          36.8264538,
          2.5639191
        ]
      },
      "properties": {
        "label": "Rejected node 11255153908",
        "type": "Capacity regex no match",
        "osm_element": "https://www.openstreetmap.org/node/11255153908",
        "rejection_reason": "Capacity regex no match",
        "rejection_details": "Tag 'generator:output:electricity' has value '850 kW' which could not be parsed",
        "rejection_keywords": "850 kW",
        "timestamp": "2026-07-01T01:12:19.166522",
        "element_type": "node",
        "element_id": 11255153908,
        "country": "Kenya",
        "unit_type": "generator"
      }
    },
    {
      "type": "Feature",
      "geometry": {
        "type": "Point",
        "coordinates": [
          36.8264195,
          2.5647806
        ]
      },
      "properties": {
        "label": "Rejected node 11255153909",
        "type": "Capacity regex no match",
        "osm_element": "https://www.openstreetmap.org/node/11255153909",
        "rejection_reason": "Capacity regex no match",
        "rejection_details": "Tag 'generator:output:electricity' has value '850 kW' which could not be parsed",
        "rejection_keywords": "850 kW",
        "timestamp": "2026-07-01T01:12:19.166539",
        "element_type": "node",
        "element_id": 11255153909,
        "country": "Kenya",
        "unit_type": "generator"
      }
    },
    {
      "type": "Feature",
      "geometry": {
        "type": "Point",
        "coordinates": [
          36.8264039,
          2.5656639
        ]
      },
      "properties": {
        "label": "Rejected node 11255153910",
        "type": "Capacity regex no match",
        "osm_element": "https://www.openstreetmap.org/node/11255153910",
        "rejection_reason": "Capacity regex no match",
        "rejection_details": "Tag 'generator:output:electricity' has value '850 kW' which could not be parsed",
        "rejection_keywords": "850 kW",
        "timestamp": "2026-07-01T01:12:19.166556",
        "element_type": "node",
        "element_id": 11255153910,
        "country": "Kenya",
        "unit_type": "generator"
      }
    },
    {
      "type": "Feature",
      "geometry": {
        "type": "Point",
        "coordinates": [
          36.8263137,
          2.5665565
        ]
      },
      "properties": {
        "label": "Rejected node 11255153911",
        "type": "Capacity regex no match",
        "osm_element": "https://www.openstreetmap.org/node/11255153911",
        "rejection_reason": "Capacity regex no match",
        "rejection_details": "Tag 'generator:output:electricity' has value '850 kW' which could not be parsed",
        "rejection_keywords": "850 kW",
        "timestamp": "2026-07-01T01:12:19.166573",
        "element_type": "node",
        "element_id": 11255153911,
        "country": "Kenya",
        "unit_type": "generator"
      }
    },
    {
      "type": "Feature",
      "geometry": {
        "type": "Point",
        "coordinates": [
          36.826295,
          2.5674118
        ]
      },
      "properties": {
        "label": "Rejected node 11255153912",
        "type": "Capacity regex no match",
        "osm_element": "https://www.openstreetmap.org/node/11255153912",
        "rejection_reason": "Capacity regex no match",
        "rejection_details": "Tag 'generator:output:electricity' has value '850 kW' which could not be parsed",
        "rejection_keywords": "850 kW",
        "timestamp": "2026-07-01T01:12:19.166589",
        "element_type": "node",
        "element_id": 11255153912,
        "country": "Kenya",
        "unit_type": "generator"
      }
    },
    {
      "type": "Feature",
      "geometry": {
        "type": "Point",
        "coordinates": [
          36.8262358,
          2.5682765
        ]
      },
      "properties": {
        "label": "Rejected node 11255153913",
        "type": "Capacity regex no match",
        "osm_element": "https://www.openstreetmap.org/node/11255153913",
        "rejection_reason": "Capacity regex no match",
        "rejection_details": "Tag 'generator:output:electricity' has value '850 kW' which could not be parsed",
        "rejection_keywords": "850 kW",
        "timestamp": "2026-07-01T01:12:19.166605",
        "element_type": "node",
        "element_id": 11255153913,
        "country": "Kenya",
        "unit_type": "generator"
      }
    },
    {
      "type": "Feature",
      "geometry": {
        "type": "Point",
        "coordinates": [
          36.8261798,
          2.5691815
        ]
      },
      "properties": {
        "label": "Rejected node 11255153914",
        "type": "Capacity regex no match",
        "osm_element": "https://www.openstreetmap.org/node/11255153914",
        "rejection_reason": "Capacity regex no match",
        "rejection_details": "Tag 'generator:output:electricity' has value '850 kW' which could not be parsed",
        "rejection_keywords": "850 kW",
        "timestamp": "2026-07-01T01:12:19.166621",
        "element_type": "node",
        "element_id": 11255153914,
        "country": "Kenya",
        "unit_type": "generator"
      }
    },
    {
      "type": "Feature",
      "geometry": {
        "type": "Point",
        "coordinates": [
          36.825475,
          2.5789309
        ]
      },
      "properties": {
        "label": "Rejected node 11255153918",
        "type": "Capacity regex no match",
        "osm_element": "https://www.openstreetmap.org/node/11255153918",
        "rejection_reason": "Capacity regex no match",
        "rejection_details": "Tag 'generator:output:electricity' has value '850 kW' which could not be parsed",
        "rejection_keywords": "850 kW",
        "timestamp": "2026-07-01T01:12:19.166637",
        "element_type": "node",
        "element_id": 11255153918,
        "country": "Kenya",
        "unit_type": "generator"
      }
    },
    {
      "type": "Feature",
      "geometry": {
        "type": "Point",
        "coordinates": [
          36.8255075,
          2.5779345
        ]
      },
      "properties": {
        "label": "Rejected node 11255153917",
        "type": "Capacity regex no match",
        "osm_element": "https://www.openstreetmap.org/node/11255153917",
        "rejection_reason": "Capacity regex no match",
        "rejection_details": "Tag 'generator:output:electricity' has value '850 kW' which could not be parsed",
        "rejection_keywords": "850 kW",
        "timestamp": "2026-07-01T01:12:19.166655",
        "element_type": "node",
        "element_id": 11255153917,
        "country": "Kenya",
        "unit_type": "generator"
      }
    },
    {
      "type": "Feature",
      "geometry": {
        "type": "Point",
        "coordinates": [
          36.8255075,
          2.5768813
        ]
      },
      "properties": {
        "label": "Rejected node 11255153919",
        "type": "Capacity regex no match",
        "osm_element": "https://www.openstreetmap.org/node/11255153919",
        "rejection_reason": "Capacity regex no match",
        "rejection_details": "Tag 'generator:output:electricity' has value '850 kW' which could not be parsed",
        "rejection_keywords": "850 kW",
        "timestamp": "2026-07-01T01:12:19.166673",
        "element_type": "node",
        "element_id": 11255153919,
        "country": "Kenya",
        "unit_type": "generator"
      }
    },
    {
      "type": "Feature",
      "geometry": {
        "type": "Point",
        "coordinates": [
          36.8257271,
          2.5759093
        ]
      },
      "properties": {
        "label": "Rejected node 11255153920",
        "type": "Capacity regex no match",
        "osm_element": "https://www.openstreetmap.org/node/11255153920",
        "rejection_reason": "Capacity regex no match",
        "rejection_details": "Tag 'generator:output:electricity' has value '850 kW' which could not be parsed",
        "rejection_keywords": "850 kW",
        "timestamp": "2026-07-01T01:12:19.166705",
        "element_type": "node",
        "element_id": 11255153920,
        "country": "Kenya",
        "unit_type": "generator"
      }
    },
    {
      "type": "Feature",
      "geometry": {
        "type": "Point",
        "coordinates": [
          36.8258626,
          2.5749917
        ]
      },
      "properties": {
        "label": "Rejected node 13058402147",
        "type": "Capacity regex no match",
        "osm_element": "https://www.openstreetmap.org/node/13058402147",
        "rejection_reason": "Capacity regex no match",
        "rejection_details": "Tag 'generator:output:electricity' has value '850 kW' which could not be parsed",
        "rejection_keywords": "850 kW",
        "timestamp": "2026-07-01T01:12:19.166724",
        "element_type": "node",
        "element_id": 13058402147,
        "country": "Kenya",
        "unit_type": "generator"
      }
    },
    {
      "type": "Feature",
      "geometry": {
        "type": "Point",
        "coordinates": [
          36.8259525,
          2.5741583
        ]
      },
      "properties": {
        "label": "Rejected node 13058402146",
        "type": "Capacity regex no match",
        "osm_element": "https://www.openstreetmap.org/node/13058402146",
        "rejection_reason": "Capacity regex no match",
        "rejection_details": "Tag 'generator:output:electricity' has value '850 kW' which could not be parsed",
        "rejection_keywords": "850 kW",
        "timestamp": "2026-07-01T01:12:19.166744",
        "element_type": "node",
        "element_id": 13058402146,
        "country": "Kenya",
        "unit_type": "generator"
      }
    },
    {
      "type": "Feature",
      "geometry": {
        "type": "Point",
        "coordinates": [
          36.826007,
          2.5733153
        ]
      },
      "properties": {
        "label": "Rejected node 13058402145",
        "type": "Capacity regex no match",
        "osm_element": "https://www.openstreetmap.org/node/13058402145",
        "rejection_reason": "Capacity regex no match",
        "rejection_details": "Tag 'generator:output:electricity' has value '850 kW' which could not be parsed",
        "rejection_keywords": "850 kW",
        "timestamp": "2026-07-01T01:12:19.166761",
        "element_type": "node",
        "element_id": 13058402145,
        "country": "Kenya",
        "unit_type": "generator"
      }
    },
    {
      "type": "Feature",
      "geometry": {
        "type": "Point",
        "coordinates": [
          36.8260459,
          2.5717381
        ]
      },
      "properties": {
        "label": "Rejected node 11255153915",
        "type": "Capacity regex no match",
        "osm_element": "https://www.openstreetmap.org/node/11255153915",
        "rejection_reason": "Capacity regex no match",
        "rejection_details": "Tag 'generator:output:electricity' has value '850 kW' which could not be parsed",
        "rejection_keywords": "850 kW",
        "timestamp": "2026-07-01T01:12:19.166777",
        "element_type": "node",
        "element_id": 11255153915,
        "country": "Kenya",
        "unit_type": "generator"
      }
    },
    {
      "type": "Feature",
      "geometry": {
        "type": "Point",
        "coordinates": [
          36.825993,
          2.5725841
        ]
      },
      "properties": {
        "label": "Rejected node 11255153916",
        "type": "Capacity regex no match",
        "osm_element": "https://www.openstreetmap.org/node/11255153916",
        "rejection_reason": "Capacity regex no match",
        "rejection_details": "Tag 'generator:output:electricity' has value '850 kW' which could not be parsed",
        "rejection_keywords": "850 kW",
        "timestamp": "2026-07-01T01:12:19.166793",
        "element_type": "node",
        "element_id": 11255153916,
        "country": "Kenya",
        "unit_type": "generator"
      }
    },
    {
      "type": "Feature",
      "geometry": {
        "type": "Point",
        "coordinates": [
          36.7611605,
          2.4963625
        ]
      },
      "properties": {
        "label": "Rejected node 5432935438",
        "type": "Capacity regex no match",
        "osm_element": "https://www.openstreetmap.org/node/5432935438",
        "rejection_reason": "Capacity regex no match",
        "rejection_details": "Tag 'generator:output:electricity' has value '850 kW' which could not be parsed",
        "rejection_keywords": "850 kW",
        "timestamp": "2026-07-01T01:12:19.166811",
        "element_type": "node",
        "element_id": 5432935438,
        "country": "Kenya",
        "unit_type": "generator"
      }
    },
    {
      "type": "Feature",
      "geometry": {
        "type": "Point",
        "coordinates": [
          36.761367,
          2.4970512
        ]
      },
      "properties": {
        "label": "Rejected node 5432935439",
        "type": "Capacity regex no match",
        "osm_element": "https://www.openstreetmap.org/node/5432935439",
        "rejection_reason": "Capacity regex no match",
        "rejection_details": "Tag 'generator:output:electricity' has value '850 kW' which could not be parsed",
        "rejection_keywords": "850 kW",
        "timestamp": "2026-07-01T01:12:19.166828",
        "element_type": "node",
        "element_id": 5432935439,
        "country": "Kenya",
        "unit_type": "generator"
      }
    },
    {
      "type": "Feature",
      "geometry": {
        "type": "Point",
        "coordinates": [
          36.7615253,
          2.4977372
        ]
      },
      "properties": {
        "label": "Rejected node 5432935440",
        "type": "Capacity regex no match",
        "osm_element": "https://www.openstreetmap.org/node/5432935440",
        "rejection_reason": "Capacity regex no match",
        "rejection_details": "Tag 'generator:output:electricity' has value '850 kW' which could not be parsed",
        "rejection_keywords": "850 kW",
        "timestamp": "2026-07-01T01:12:19.166844",
        "element_type": "node",
        "element_id": 5432935440,
        "country": "Kenya",
        "unit_type": "generator"
      }
    },
    {
      "type": "Feature",
      "geometry": {
        "type": "Point",
        "coordinates": [
          36.7617211,
          2.4984285
        ]
      },
      "properties": {
        "label": "Rejected node 5432935441",
        "type": "Capacity regex no match",
        "osm_element": "https://www.openstreetmap.org/node/5432935441",
        "rejection_reason": "Capacity regex no match",
        "rejection_details": "Tag 'generator:output:electricity' has value '850 kW' which could not be parsed",
        "rejection_keywords": "850 kW",
        "timestamp": "2026-07-01T01:12:19.166860",
        "element_type": "node",
        "element_id": 5432935441,
        "country": "Kenya",
        "unit_type": "generator"
      }
    },
    {
      "type": "Feature",
      "geometry": {
        "type": "Point",
        "coordinates": [
          36.7622924,
          2.5004972
        ]
      },
      "properties": {
        "label": "Rejected node 5432935444",
        "type": "Capacity regex no match",
        "osm_element": "https://www.openstreetmap.org/node/5432935444",
        "rejection_reason": "Capacity regex no match",
        "rejection_details": "Tag 'generator:output:electricity' has value '850 kW' which could not be parsed",
        "rejection_keywords": "850 kW",
        "timestamp": "2026-07-01T01:12:19.166877",
        "element_type": "node",
        "element_id": 5432935444,
        "country": "Kenya",
        "unit_type": "generator"
      }
    },
    {
      "type": "Feature",
      "geometry": {
        "type": "Point",
        "coordinates": [
          36.7624614,
          2.5011886
        ]
      },
      "properties": {
        "label": "Rejected node 5432935445",
        "type": "Capacity regex no match",
        "osm_element": "https://www.openstreetmap.org/node/5432935445",
        "rejection_reason": "Capacity regex no match",
        "rejection_details": "Tag 'generator:output:electricity' has value '850 kW' which could not be parsed",
        "rejection_keywords": "850 kW",
        "timestamp": "2026-07-01T01:12:19.166893",
        "element_type": "node",
        "element_id": 5432935445,
        "country": "Kenya",
        "unit_type": "generator"
      }
    },
    {
      "type": "Feature",
      "geometry": {
        "type": "Point",
        "coordinates": [
          36.7620939,
          2.4997898
        ]
      },
      "properties": {
        "label": "Rejected node 5432935443",
        "type": "Capacity regex no match",
        "osm_element": "https://www.openstreetmap.org/node/5432935443",
        "rejection_reason": "Capacity regex no match",
        "rejection_details": "Tag 'generator:output:electricity' has value '850 kW' which could not be parsed",
        "rejection_keywords": "850 kW",
        "timestamp": "2026-07-01T01:12:19.166909",
        "element_type": "node",
        "element_id": 5432935443,
        "country": "Kenya",
        "unit_type": "generator"
      }
    },
    {
      "type": "Feature",
      "geometry": {
        "type": "Point",
        "coordinates": [
          36.761882,
          2.4991145
        ]
      },
      "properties": {
        "label": "Rejected node 5432935442",
        "type": "Capacity regex no match",
        "osm_element": "https://www.openstreetmap.org/node/5432935442",
        "rejection_reason": "Capacity regex no match",
        "rejection_details": "Tag 'generator:output:electricity' has value '850 kW' which could not be parsed",
        "rejection_keywords": "850 kW",
        "timestamp": "2026-07-01T01:12:19.166928",
        "element_type": "node",
        "element_id": 5432935442,
        "country": "Kenya",
        "unit_type": "generator"
      }
    },
    {
      "type": "Feature",
      "geometry": {
        "type": "Point",
        "coordinates": [
          36.7623273,
          2.5036914
        ]
      },
      "properties": {
        "label": "Rejected node 5432935446",
        "type": "Capacity regex no match",
        "osm_element": "https://www.openstreetmap.org/node/5432935446",
        "rejection_reason": "Capacity regex no match",
        "rejection_details": "Tag 'generator:output:electricity' has value '850 kW' which could not be parsed",
        "rejection_keywords": "850 kW",
        "timestamp": "2026-07-01T01:12:19.166945",
        "element_type": "node",
        "element_id": 5432935446,
        "country": "Kenya",
        "unit_type": "generator"
      }
    },
    {
      "type": "Feature",
      "geometry": {
        "type": "Point",
        "coordinates": [
          36.762507,
          2.5043747
        ]
      },
      "properties": {
        "label": "Rejected node 5432935447",
        "type": "Capacity regex no match",
        "osm_element": "https://www.openstreetmap.org/node/5432935447",
        "rejection_reason": "Capacity regex no match",
        "rejection_details": "Tag 'generator:output:electricity' has value '850 kW' which could not be parsed",
        "rejection_keywords": "850 kW",
        "timestamp": "2026-07-01T01:12:19.166961",
        "element_type": "node",
        "element_id": 5432935447,
        "country": "Kenya",
        "unit_type": "generator"
      }
    },
    {
      "type": "Feature",
      "geometry": {
        "type": "Point",
        "coordinates": [
          36.762684,
          2.5050714
        ]
      },
      "properties": {
        "label": "Rejected node 5432935448",
        "type": "Capacity regex no match",
        "osm_element": "https://www.openstreetmap.org/node/5432935448",
        "rejection_reason": "Capacity regex no match",
        "rejection_details": "Tag 'generator:output:electricity' has value '850 kW' which could not be parsed",
        "rejection_keywords": "850 kW",
        "timestamp": "2026-07-01T01:12:19.166978",
        "element_type": "node",
        "element_id": 5432935448,
        "country": "Kenya",
        "unit_type": "generator"
      }
    },
    {
      "type": "Feature",
      "geometry": {
        "type": "Point",
        "coordinates": [
          36.7628717,
          2.5057413
        ]
      },
      "properties": {
        "label": "Rejected node 5432935449",
        "type": "Capacity regex no match",
        "osm_element": "https://www.openstreetmap.org/node/5432935449",
        "rejection_reason": "Capacity regex no match",
        "rejection_details": "Tag 'generator:output:electricity' has value '850 kW' which could not be parsed",
        "rejection_keywords": "850 kW",
        "timestamp": "2026-07-01T01:12:19.166994",
        "element_type": "node",
        "element_id": 5432935449,
        "country": "Kenya",
        "unit_type": "generator"
      }
    },
    {
      "type": "Feature",
      "geometry": {
        "type": "Point",
        "coordinates": [
          36.7630568,
          2.506446
        ]
      },
      "properties": {
        "label": "Rejected node 5432935450",
        "type": "Capacity regex no match",
        "osm_element": "https://www.openstreetmap.org/node/5432935450",
        "rejection_reason": "Capacity regex no match",
        "rejection_details": "Tag 'generator:output:electricity' has value '850 kW' which could not be parsed",
        "rejection_keywords": "850 kW",
        "timestamp": "2026-07-01T01:12:19.167010",
        "element_type": "node",
        "element_id": 5432935450,
        "country": "Kenya",
        "unit_type": "generator"
      }
    },
    {
      "type": "Feature",
      "geometry": {
        "type": "Point",
        "coordinates": [
          36.763258,
          2.5071213
        ]
      },
      "properties": {
        "label": "Rejected node 5432935451",
        "type": "Capacity regex no match",
        "osm_element": "https://www.openstreetmap.org/node/5432935451",
        "rejection_reason": "Capacity regex no match",
        "rejection_details": "Tag 'generator:output:electricity' has value '850 kW' which could not be parsed",
        "rejection_keywords": "850 kW",
        "timestamp": "2026-07-01T01:12:19.167026",
        "element_type": "node",
        "element_id": 5432935451,
        "country": "Kenya",
        "unit_type": "generator"
      }
    },
    {
      "type": "Feature",
      "geometry": {
        "type": "Point",
        "coordinates": [
          36.7634162,
          2.5078314
        ]
      },
      "properties": {
        "label": "Rejected node 5432935452",
        "type": "Capacity regex no match",
        "osm_element": "https://www.openstreetmap.org/node/5432935452",
        "rejection_reason": "Capacity regex no match",
        "rejection_details": "Tag 'generator:output:electricity' has value '850 kW' which could not be parsed",
        "rejection_keywords": "850 kW",
        "timestamp": "2026-07-01T01:12:19.167044",
        "element_type": "node",
        "element_id": 5432935452,
        "country": "Kenya",
        "unit_type": "generator"
      }
    },
    {
      "type": "Feature",
      "geometry": {
        "type": "Point",
        "coordinates": [
          36.7636254,
          2.5085228
        ]
      },
      "properties": {
        "label": "Rejected node 5432935453",
        "type": "Capacity regex no match",
        "osm_element": "https://www.openstreetmap.org/node/5432935453",
        "rejection_reason": "Capacity regex no match",
        "rejection_details": "Tag 'generator:output:electricity' has value '850 kW' which could not be parsed",
        "rejection_keywords": "850 kW",
        "timestamp": "2026-07-01T01:12:19.167061",
        "element_type": "node",
        "element_id": 5432935453,
        "country": "Kenya",
        "unit_type": "generator"
      }
    },
    {
      "type": "Feature",
      "geometry": {
        "type": "Point",
        "coordinates": [
          36.7638078,
          2.5092168
        ]
      },
      "properties": {
        "label": "Rejected node 5432935454",
        "type": "Capacity regex no match",
        "osm_element": "https://www.openstreetmap.org/node/5432935454",
        "rejection_reason": "Capacity regex no match",
        "rejection_details": "Tag 'generator:output:electricity' has value '850 kW' which could not be parsed",
        "rejection_keywords": "850 kW",
        "timestamp": "2026-07-01T01:12:19.167080",
        "element_type": "node",
        "element_id": 5432935454,
        "country": "Kenya",
        "unit_type": "generator"
      }
    },
    {
      "type": "Feature",
      "geometry": {
        "type": "Point",
        "coordinates": [
          36.7639768,
          2.5098974
        ]
      },
      "properties": {
        "label": "Rejected node 5432935455",
        "type": "Capacity regex no match",
        "osm_element": "https://www.openstreetmap.org/node/5432935455",
        "rejection_reason": "Capacity regex no match",
        "rejection_details": "Tag 'generator:output:electricity' has value '850 kW' which could not be parsed",
        "rejection_keywords": "850 kW",
        "timestamp": "2026-07-01T01:12:19.167096",
        "element_type": "node",
        "element_id": 5432935455,
        "country": "Kenya",
        "unit_type": "generator"
      }
    },
    {
      "type": "Feature",
      "geometry": {
        "type": "Point",
        "coordinates": [
          36.7641914,
          2.5105995
        ]
      },
      "properties": {
        "label": "Rejected node 5432935456",
        "type": "Capacity regex no match",
        "osm_element": "https://www.openstreetmap.org/node/5432935456",
        "rejection_reason": "Capacity regex no match",
        "rejection_details": "Tag 'generator:output:electricity' has value '850 kW' which could not be parsed",
        "rejection_keywords": "850 kW",
        "timestamp": "2026-07-01T01:12:19.167112",
        "element_type": "node",
        "element_id": 5432935456,
        "country": "Kenya",
        "unit_type": "generator"
      }
    },
    {
      "type": "Feature",
      "geometry": {
        "type": "Point",
        "coordinates": [
          36.7643791,
          2.5112801
        ]
      },
      "properties": {
        "label": "Rejected node 5432935457",
        "type": "Capacity regex no match",
        "osm_element": "https://www.openstreetmap.org/node/5432935457",
        "rejection_reason": "Capacity regex no match",
        "rejection_details": "Tag 'generator:output:electricity' has value '850 kW' which could not be parsed",
        "rejection_keywords": "850 kW",
        "timestamp": "2026-07-01T01:12:19.167129",
        "element_type": "node",
        "element_id": 5432935457,
        "country": "Kenya",
        "unit_type": "generator"
      }
    },
    {
      "type": "Feature",
      "geometry": {
        "type": "Point",
        "coordinates": [
          36.7645508,
          2.5119714
        ]
      },
      "properties": {
        "label": "Rejected node 5432935458",
        "type": "Capacity regex no match",
        "osm_element": "https://www.openstreetmap.org/node/5432935458",
        "rejection_reason": "Capacity regex no match",
        "rejection_details": "Tag 'generator:output:electricity' has value '850 kW' which could not be parsed",
        "rejection_keywords": "850 kW",
        "timestamp": "2026-07-01T01:12:19.167148",
        "element_type": "node",
        "element_id": 5432935458,
        "country": "Kenya",
        "unit_type": "generator"
      }
    },
    {
      "type": "Feature",
      "geometry": {
        "type": "Point",
        "coordinates": [
          36.7647251,
          2.5126735
        ]
      },
      "properties": {
        "label": "Rejected node 5432935459",
        "type": "Capacity regex no match",
        "osm_element": "https://www.openstreetmap.org/node/5432935459",
        "rejection_reason": "Capacity regex no match",
        "rejection_details": "Tag 'generator:output:electricity' has value '850 kW' which could not be parsed",
        "rejection_keywords": "850 kW",
        "timestamp": "2026-07-01T01:12:19.167165",
        "element_type": "node",
        "element_id": 5432935459,
        "country": "Kenya",
        "unit_type": "generator"
      }
    },
    {
      "type": "Feature",
      "geometry": {
        "type": "Point",
        "coordinates": [
          36.7648968,
          2.5133434
        ]
      },
      "properties": {
        "label": "Rejected node 5432935460",
        "type": "Capacity regex no match",
        "osm_element": "https://www.openstreetmap.org/node/5432935460",
        "rejection_reason": "Capacity regex no match",
        "rejection_details": "Tag 'generator:output:electricity' has value '850 kW' which could not be parsed",
        "rejection_keywords": "850 kW",
        "timestamp": "2026-07-01T01:12:19.167180",
        "element_type": "node",
        "element_id": 5432935460,
        "country": "Kenya",
        "unit_type": "generator"
      }
    },
    {
      "type": "Feature",
      "geometry": {
        "type": "Point",
        "coordinates": [
          36.7646956,
          2.5182257
        ]
      },
      "properties": {
        "label": "Rejected node 5432935437",
        "type": "Capacity regex no match",
        "osm_element": "https://www.openstreetmap.org/node/5432935437",
        "rejection_reason": "Capacity regex no match",
        "rejection_details": "Tag 'generator:output:electricity' has value '850 kW' which could not be parsed",
        "rejection_keywords": "850 kW",
        "timestamp": "2026-07-01T01:12:19.167196",
        "element_type": "node",
        "element_id": 5432935437,
        "country": "Kenya",
        "unit_type": "generator"
      }
    },
    {
      "type": "Feature",
      "geometry": {
        "type": "Point",
        "coordinates": [
          36.7648861,
          2.5189277
        ]
      },
      "properties": {
        "label": "Rejected node 5432935436",
        "type": "Capacity regex no match",
        "osm_element": "https://www.openstreetmap.org/node/5432935436",
        "rejection_reason": "Capacity regex no match",
        "rejection_details": "Tag 'generator:output:electricity' has value '850 kW' which could not be parsed",
        "rejection_keywords": "850 kW",
        "timestamp": "2026-07-01T01:12:19.167212",
        "element_type": "node",
        "element_id": 5432935436,
        "country": "Kenya",
        "unit_type": "generator"
      }
    },
    {
      "type": "Feature",
      "geometry": {
        "type": "Point",
        "coordinates": [
          36.7650846,
          2.5196298
        ]
      },
      "properties": {
        "label": "Rejected node 5432935435",
        "type": "Capacity regex no match",
        "osm_element": "https://www.openstreetmap.org/node/5432935435",
        "rejection_reason": "Capacity regex no match",
        "rejection_details": "Tag 'generator:output:electricity' has value '850 kW' which could not be parsed",
        "rejection_keywords": "850 kW",
        "timestamp": "2026-07-01T01:12:19.167227",
        "element_type": "node",
        "element_id": 5432935435,
        "country": "Kenya",
        "unit_type": "generator"
      }
    },
    {
      "type": "Feature",
      "geometry": {
        "type": "Point",
        "coordinates": [
          36.7652455,
          2.5203372
        ]
      },
      "properties": {
        "label": "Rejected node 5432935434",
        "type": "Capacity regex no match",
        "osm_element": "https://www.openstreetmap.org/node/5432935434",
        "rejection_reason": "Capacity regex no match",
        "rejection_details": "Tag 'generator:output:electricity' has value '850 kW' which could not be parsed",
        "rejection_keywords": "850 kW",
        "timestamp": "2026-07-01T01:12:19.167243",
        "element_type": "node",
        "element_id": 5432935434,
        "country": "Kenya",
        "unit_type": "generator"
      }
    },
    {
      "type": "Feature",
      "geometry": {
        "type": "Point",
        "coordinates": [
          36.7654332,
          2.5210339
        ]
      },
      "properties": {
        "label": "Rejected node 5432935433",
        "type": "Capacity regex no match",
        "osm_element": "https://www.openstreetmap.org/node/5432935433",
        "rejection_reason": "Capacity regex no match",
        "rejection_details": "Tag 'generator:output:electricity' has value '850 kW' which could not be parsed",
        "rejection_keywords": "850 kW",
        "timestamp": "2026-07-01T01:12:19.167260",
        "element_type": "node",
        "element_id": 5432935433,
        "country": "Kenya",
        "unit_type": "generator"
      }
    },
    {
      "type": "Feature",
      "geometry": {
        "type": "Point",
        "coordinates": [
          36.765613,
          2.5217226
        ]
      },
      "properties": {
        "label": "Rejected node 5432935432",
        "type": "Capacity regex no match",
        "osm_element": "https://www.openstreetmap.org/node/5432935432",
        "rejection_reason": "Capacity regex no match",
        "rejection_details": "Tag 'generator:output:electricity' has value '850 kW' which could not be parsed",
        "rejection_keywords": "850 kW",
        "timestamp": "2026-07-01T01:12:19.167276",
        "element_type": "node",
        "element_id": 5432935432,
        "country": "Kenya",
        "unit_type": "generator"
      }
    },
    {
      "type": "Feature",
      "geometry": {
        "type": "Point",
        "coordinates": [
          36.7657953,
          2.5224139
        ]
      },
      "properties": {
        "label": "Rejected node 5432935431",
        "type": "Capacity regex no match",
        "osm_element": "https://www.openstreetmap.org/node/5432935431",
        "rejection_reason": "Capacity regex no match",
        "rejection_details": "Tag 'generator:output:electricity' has value '850 kW' which could not be parsed",
        "rejection_keywords": "850 kW",
        "timestamp": "2026-07-01T01:12:19.167293",
        "element_type": "node",
        "element_id": 5432935431,
        "country": "Kenya",
        "unit_type": "generator"
      }
    },
    {
      "type": "Feature",
      "geometry": {
        "type": "Point",
        "coordinates": [
          36.7659536,
          2.5231213
        ]
      },
      "properties": {
        "label": "Rejected node 5432935430",
        "type": "Capacity regex no match",
        "osm_element": "https://www.openstreetmap.org/node/5432935430",
        "rejection_reason": "Capacity regex no match",
        "rejection_details": "Tag 'generator:output:electricity' has value '850 kW' which could not be parsed",
        "rejection_keywords": "850 kW",
        "timestamp": "2026-07-01T01:12:19.167309",
        "element_type": "node",
        "element_id": 5432935430,
        "country": "Kenya",
        "unit_type": "generator"
      }
    },
    {
      "type": "Feature",
      "geometry": {
        "type": "Point",
        "coordinates": [
          36.7663425,
          2.523944
        ]
      },
      "properties": {
        "label": "Rejected node 5432935429",
        "type": "Capacity regex no match",
        "osm_element": "https://www.openstreetmap.org/node/5432935429",
        "rejection_reason": "Capacity regex no match",
        "rejection_details": "Tag 'generator:output:electricity' has value '850 kW' which could not be parsed",
        "rejection_keywords": "850 kW",
        "timestamp": "2026-07-01T01:12:19.167326",
        "element_type": "node",
        "element_id": 5432935429,
        "country": "Kenya",
        "unit_type": "generator"
      }
    },
    {
      "type": "Feature",
      "geometry": {
        "type": "Point",
        "coordinates": [
          36.7666134,
          2.5247345
        ]
      },
      "properties": {
        "label": "Rejected node 5432935428",
        "type": "Capacity regex no match",
        "osm_element": "https://www.openstreetmap.org/node/5432935428",
        "rejection_reason": "Capacity regex no match",
        "rejection_details": "Tag 'generator:output:electricity' has value '850 kW' which could not be parsed",
        "rejection_keywords": "850 kW",
        "timestamp": "2026-07-01T01:12:19.167347",
        "element_type": "node",
        "element_id": 5432935428,
        "country": "Kenya",
        "unit_type": "generator"
      }
    },
    {
      "type": "Feature",
      "geometry": {
        "type": "Point",
        "coordinates": [
          36.767233,
          2.5262618
        ]
      },
      "properties": {
        "label": "Rejected node 5432935426",
        "type": "Capacity regex no match",
        "osm_element": "https://www.openstreetmap.org/node/5432935426",
        "rejection_reason": "Capacity regex no match",
        "rejection_details": "Tag 'generator:output:electricity' has value '850 kW' which could not be parsed",
        "rejection_keywords": "850 kW",
        "timestamp": "2026-07-01T01:12:19.167364",
        "element_type": "node",
        "element_id": 5432935426,
        "country": "Kenya",
        "unit_type": "generator"
      }
    },
    {
      "type": "Feature",
      "geometry": {
        "type": "Point",
        "coordinates": [
          36.7669487,
          2.5254928
        ]
      },
      "properties": {
        "label": "Rejected node 5432935427",
        "type": "Capacity regex no match",
        "osm_element": "https://www.openstreetmap.org/node/5432935427",
        "rejection_reason": "Capacity regex no match",
        "rejection_details": "Tag 'generator:output:electricity' has value '850 kW' which could not be parsed",
        "rejection_keywords": "850 kW",
        "timestamp": "2026-07-01T01:12:19.167383",
        "element_type": "node",
        "element_id": 5432935427,
        "country": "Kenya",
        "unit_type": "generator"
      }
    },
    {
      "type": "Feature",
      "geometry": {
        "type": "Point",
        "coordinates": [
          36.7675441,
          2.5270041
        ]
      },
      "properties": {
        "label": "Rejected node 5432935425",
        "type": "Capacity regex no match",
        "osm_element": "https://www.openstreetmap.org/node/5432935425",
        "rejection_reason": "Capacity regex no match",
        "rejection_details": "Tag 'generator:output:electricity' has value '850 kW' which could not be parsed",
        "rejection_keywords": "850 kW",
        "timestamp": "2026-07-01T01:12:19.167402",
        "element_type": "node",
        "element_id": 5432935425,
        "country": "Kenya",
        "unit_type": "generator"
      }
    },
    {
      "type": "Feature",
      "geometry": {
        "type": "Point",
        "coordinates": [
          36.7474654,
          2.5083615
        ]
      },
      "properties": {
        "label": "Rejected node 11255050873",
        "type": "Capacity regex no match",
        "osm_element": "https://www.openstreetmap.org/node/11255050873",
        "rejection_reason": "Capacity regex no match",
        "rejection_details": "Tag 'generator:output:electricity' has value '850 kW' which could not be parsed",
        "rejection_keywords": "850 kW",
        "timestamp": "2026-07-01T01:12:19.167421",
        "element_type": "node",
        "element_id": 11255050873,
        "country": "Kenya",
        "unit_type": "generator"
      }
    },
    {
      "type": "Feature",
      "geometry": {
        "type": "Point",
        "coordinates": [
          36.7476228,
          2.5090761
        ]
      },
      "properties": {
        "label": "Rejected node 11255050872",
        "type": "Capacity regex no match",
        "osm_element": "https://www.openstreetmap.org/node/11255050872",
        "rejection_reason": "Capacity regex no match",
        "rejection_details": "Tag 'generator:output:electricity' has value '850 kW' which could not be parsed",
        "rejection_keywords": "850 kW",
        "timestamp": "2026-07-01T01:12:19.167442",
        "element_type": "node",
        "element_id": 11255050872,
        "country": "Kenya",
        "unit_type": "generator"
      }
    },
    {
      "type": "Feature",
      "geometry": {
        "type": "Point",
        "coordinates": [
          36.747798,
          2.509755
        ]
      },
      "properties": {
        "label": "Rejected node 11255050871",
        "type": "Capacity regex no match",
        "osm_element": "https://www.openstreetmap.org/node/11255050871",
        "rejection_reason": "Capacity regex no match",
        "rejection_details": "Tag 'generator:output:electricity' has value '850 kW' which could not be parsed",
        "rejection_keywords": "850 kW",
        "timestamp": "2026-07-01T01:12:19.167459",
        "element_type": "node",
        "element_id": 11255050871,
        "country": "Kenya",
        "unit_type": "generator"
      }
    },
    {
      "type": "Feature",
      "geometry": {
        "type": "Point",
        "coordinates": [
          36.7479732,
          2.5104552
        ]
      },
      "properties": {
        "label": "Rejected node 11255050870",
        "type": "Capacity regex no match",
        "osm_element": "https://www.openstreetmap.org/node/11255050870",
        "rejection_reason": "Capacity regex no match",
        "rejection_details": "Tag 'generator:output:electricity' has value '850 kW' which could not be parsed",
        "rejection_keywords": "850 kW",
        "timestamp": "2026-07-01T01:12:19.167475",
        "element_type": "node",
        "element_id": 11255050870,
        "country": "Kenya",
        "unit_type": "generator"
      }
    },
    {
      "type": "Feature",
      "geometry": {
        "type": "Point",
        "coordinates": [
          36.7481521,
          2.5111305
        ]
      },
      "properties": {
        "label": "Rejected node 11255050869",
        "type": "Capacity regex no match",
        "osm_element": "https://www.openstreetmap.org/node/11255050869",
        "rejection_reason": "Capacity regex no match",
        "rejection_details": "Tag 'generator:output:electricity' has value '850 kW' which could not be parsed",
        "rejection_keywords": "850 kW",
        "timestamp": "2026-07-01T01:12:19.167492",
        "element_type": "node",
        "element_id": 11255050869,
        "country": "Kenya",
        "unit_type": "generator"
      }
    },
    {
      "type": "Feature",
      "geometry": {
        "type": "Point",
        "coordinates": [
          36.7483058,
          2.5118308
        ]
      },
      "properties": {
        "label": "Rejected node 11255050868",
        "type": "Capacity regex no match",
        "osm_element": "https://www.openstreetmap.org/node/11255050868",
        "rejection_reason": "Capacity regex no match",
        "rejection_details": "Tag 'generator:output:electricity' has value '850 kW' which could not be parsed",
        "rejection_keywords": "850 kW",
        "timestamp": "2026-07-01T01:12:19.167508",
        "element_type": "node",
        "element_id": 11255050868,
        "country": "Kenya",
        "unit_type": "generator"
      }
    },
    {
      "type": "Feature",
      "geometry": {
        "type": "Point",
        "coordinates": [
          36.7485204,
          2.5125311
        ]
      },
      "properties": {
        "label": "Rejected node 11255050867",
        "type": "Capacity regex no match",
        "osm_element": "https://www.openstreetmap.org/node/11255050867",
        "rejection_reason": "Capacity regex no match",
        "rejection_details": "Tag 'generator:output:electricity' has value '850 kW' which could not be parsed",
        "rejection_keywords": "850 kW",
        "timestamp": "2026-07-01T01:12:19.167525",
        "element_type": "node",
        "element_id": 11255050867,
        "country": "Kenya",
        "unit_type": "generator"
      }
    },
    {
      "type": "Feature",
      "geometry": {
        "type": "Point",
        "coordinates": [
          36.7483835,
          2.5149661
        ]
      },
      "properties": {
        "label": "Rejected node 11255050866",
        "type": "Capacity regex no match",
        "osm_element": "https://www.openstreetmap.org/node/11255050866",
        "rejection_reason": "Capacity regex no match",
        "rejection_details": "Tag 'generator:output:electricity' has value '850 kW' which could not be parsed",
        "rejection_keywords": "850 kW",
        "timestamp": "2026-07-01T01:12:19.167541",
        "element_type": "node",
        "element_id": 11255050866,
        "country": "Kenya",
        "unit_type": "generator"
      }
    },
    {
      "type": "Feature",
      "geometry": {
        "type": "Point",
        "coordinates": [
          36.7486195,
          2.5157157
        ]
      },
      "properties": {
        "label": "Rejected node 11255050865",
        "type": "Capacity regex no match",
        "osm_element": "https://www.openstreetmap.org/node/11255050865",
        "rejection_reason": "Capacity regex no match",
        "rejection_details": "Tag 'generator:output:electricity' has value '850 kW' which could not be parsed",
        "rejection_keywords": "850 kW",
        "timestamp": "2026-07-01T01:12:19.167558",
        "element_type": "node",
        "element_id": 11255050865,
        "country": "Kenya",
        "unit_type": "generator"
      }
    },
    {
      "type": "Feature",
      "geometry": {
        "type": "Point",
        "coordinates": [
          36.7487327,
          2.5164181
        ]
      },
      "properties": {
        "label": "Rejected node 11255050864",
        "type": "Capacity regex no match",
        "osm_element": "https://www.openstreetmap.org/node/11255050864",
        "rejection_reason": "Capacity regex no match",
        "rejection_details": "Tag 'generator:output:electricity' has value '850 kW' which could not be parsed",
        "rejection_keywords": "850 kW",
        "timestamp": "2026-07-01T01:12:19.167574",
        "element_type": "node",
        "element_id": 11255050864,
        "country": "Kenya",
        "unit_type": "generator"
      }
    },
    {
      "type": "Feature",
      "geometry": {
        "type": "Point",
        "coordinates": [
          36.748997,
          2.5170828
        ]
      },
      "properties": {
        "label": "Rejected node 11255050863",
        "type": "Capacity regex no match",
        "osm_element": "https://www.openstreetmap.org/node/11255050863",
        "rejection_reason": "Capacity regex no match",
        "rejection_details": "Tag 'generator:output:electricity' has value '850 kW' which could not be parsed",
        "rejection_keywords": "850 kW",
        "timestamp": "2026-07-01T01:12:19.167590",
        "element_type": "node",
        "element_id": 11255050863,
        "country": "Kenya",
        "unit_type": "generator"
      }
    },
    {
      "type": "Feature",
      "geometry": {
        "type": "Point",
        "coordinates": [
          36.7495916,
          2.519143
        ]
      },
      "properties": {
        "label": "Rejected node 11255050862",
        "type": "Capacity regex no match",
        "osm_element": "https://www.openstreetmap.org/node/11255050862",
        "rejection_reason": "Capacity regex no match",
        "rejection_details": "Tag 'generator:output:electricity' has value '850 kW' which could not be parsed",
        "rejection_keywords": "850 kW",
        "timestamp": "2026-07-01T01:12:19.167606",
        "element_type": "node",
        "element_id": 11255050862,
        "country": "Kenya",
        "unit_type": "generator"
      }
    },
    {
      "type": "Feature",
      "geometry": {
        "type": "Point",
        "coordinates": [
          36.7497473,
          2.5198266
        ]
      },
      "properties": {
        "label": "Rejected node 11255050861",
        "type": "Capacity regex no match",
        "osm_element": "https://www.openstreetmap.org/node/11255050861",
        "rejection_reason": "Capacity regex no match",
        "rejection_details": "Tag 'generator:output:electricity' has value '850 kW' which could not be parsed",
        "rejection_keywords": "850 kW",
        "timestamp": "2026-07-01T01:12:19.167625",
        "element_type": "node",
        "element_id": 11255050861,
        "country": "Kenya",
        "unit_type": "generator"
      }
    },
    {
      "type": "Feature",
      "geometry": {
        "type": "Point",
        "coordinates": [
          36.7499077,
          2.5205008
        ]
      },
      "properties": {
        "label": "Rejected node 11255050860",
        "type": "Capacity regex no match",
        "osm_element": "https://www.openstreetmap.org/node/11255050860",
        "rejection_reason": "Capacity regex no match",
        "rejection_details": "Tag 'generator:output:electricity' has value '850 kW' which could not be parsed",
        "rejection_keywords": "850 kW",
        "timestamp": "2026-07-01T01:12:19.167642",
        "element_type": "node",
        "element_id": 11255050860,
        "country": "Kenya",
        "unit_type": "generator"
      }
    },
    {
      "type": "Feature",
      "geometry": {
        "type": "Point",
        "coordinates": [
          36.7500965,
          2.5211985
        ]
      },
      "properties": {
        "label": "Rejected node 11255050859",
        "type": "Capacity regex no match",
        "osm_element": "https://www.openstreetmap.org/node/11255050859",
        "rejection_reason": "Capacity regex no match",
        "rejection_details": "Tag 'generator:output:electricity' has value '850 kW' which could not be parsed",
        "rejection_keywords": "850 kW",
        "timestamp": "2026-07-01T01:12:19.167658",
        "element_type": "node",
        "element_id": 11255050859,
        "country": "Kenya",
        "unit_type": "generator"
      }
    },
    {
      "type": "Feature",
      "geometry": {
        "type": "Point",
        "coordinates": [
          36.7502947,
          2.5218915
        ]
      },
      "properties": {
        "label": "Rejected node 11255050858",
        "type": "Capacity regex no match",
        "osm_element": "https://www.openstreetmap.org/node/11255050858",
        "rejection_reason": "Capacity regex no match",
        "rejection_details": "Tag 'generator:output:electricity' has value '850 kW' which could not be parsed",
        "rejection_keywords": "850 kW",
        "timestamp": "2026-07-01T01:12:19.167674",
        "element_type": "node",
        "element_id": 11255050858,
        "country": "Kenya",
        "unit_type": "generator"
      }
    },
    {
      "type": "Feature",
      "geometry": {
        "type": "Point",
        "coordinates": [
          36.7504646,
          2.5225798
        ]
      },
      "properties": {
        "label": "Rejected node 11255050857",
        "type": "Capacity regex no match",
        "osm_element": "https://www.openstreetmap.org/node/11255050857",
        "rejection_reason": "Capacity regex no match",
        "rejection_details": "Tag 'generator:output:electricity' has value '850 kW' which could not be parsed",
        "rejection_keywords": "850 kW",
        "timestamp": "2026-07-01T01:12:19.167706",
        "element_type": "node",
        "element_id": 11255050857,
        "country": "Kenya",
        "unit_type": "generator"
      }
    },
    {
      "type": "Feature",
      "geometry": {
        "type": "Point",
        "coordinates": [
          36.7506769,
          2.5232917
        ]
      },
      "properties": {
        "label": "Rejected node 11255050856",
        "type": "Capacity regex no match",
        "osm_element": "https://www.openstreetmap.org/node/11255050856",
        "rejection_reason": "Capacity regex no match",
        "rejection_details": "Tag 'generator:output:electricity' has value '850 kW' which could not be parsed",
        "rejection_keywords": "850 kW",
        "timestamp": "2026-07-01T01:12:19.167724",
        "element_type": "node",
        "element_id": 11255050856,
        "country": "Kenya",
        "unit_type": "generator"
      }
    },
    {
      "type": "Feature",
      "geometry": {
        "type": "Point",
        "coordinates": [
          36.7508657,
          2.524013
        ]
      },
      "properties": {
        "label": "Rejected node 11255050855",
        "type": "Capacity regex no match",
        "osm_element": "https://www.openstreetmap.org/node/11255050855",
        "rejection_reason": "Capacity regex no match",
        "rejection_details": "Tag 'generator:output:electricity' has value '850 kW' which could not be parsed",
        "rejection_keywords": "850 kW",
        "timestamp": "2026-07-01T01:12:19.167741",
        "element_type": "node",
        "element_id": 11255050855,
        "country": "Kenya",
        "unit_type": "generator"
      }
    },
    {
      "type": "Feature",
      "geometry": {
        "type": "Point",
        "coordinates": [
          36.75207,
          2.5330661
        ]
      },
      "properties": {
        "label": "Rejected node 11255039226",
        "type": "Capacity regex no match",
        "osm_element": "https://www.openstreetmap.org/node/11255039226",
        "rejection_reason": "Capacity regex no match",
        "rejection_details": "Tag 'generator:output:electricity' has value '850 kW' which could not be parsed",
        "rejection_keywords": "850 kW",
        "timestamp": "2026-07-01T01:12:19.167762",
        "element_type": "node",
        "element_id": 11255039226,
        "country": "Kenya",
        "unit_type": "generator"
      }
    },
    {
      "type": "Feature",
      "geometry": {
        "type": "Point",
        "coordinates": [
          36.7520131,
          2.5323106
        ]
      },
      "properties": {
        "label": "Rejected node 11255039225",
        "type": "Capacity regex no match",
        "osm_element": "https://www.openstreetmap.org/node/11255039225",
        "rejection_reason": "Capacity regex no match",
        "rejection_details": "Tag 'generator:output:electricity' has value '850 kW' which could not be parsed",
        "rejection_keywords": "850 kW",
        "timestamp": "2026-07-01T01:12:19.167781",
        "element_type": "node",
        "element_id": 11255039225,
        "country": "Kenya",
        "unit_type": "generator"
      }
    },
    {
      "type": "Feature",
      "geometry": {
        "type": "Point",
        "coordinates": [
          36.7519318,
          2.5315417
        ]
      },
      "properties": {
        "label": "Rejected node 11255039224",
        "type": "Capacity regex no match",
        "osm_element": "https://www.openstreetmap.org/node/11255039224",
        "rejection_reason": "Capacity regex no match",
        "rejection_details": "Tag 'generator:output:electricity' has value '850 kW' which could not be parsed",
        "rejection_keywords": "850 kW",
        "timestamp": "2026-07-01T01:12:19.167798",
        "element_type": "node",
        "element_id": 11255039224,
        "country": "Kenya",
        "unit_type": "generator"
      }
    },
    {
      "type": "Feature",
      "geometry": {
        "type": "Point",
        "coordinates": [
          36.7518559,
          2.5307537
        ]
      },
      "properties": {
        "label": "Rejected node 11255039223",
        "type": "Capacity regex no match",
        "osm_element": "https://www.openstreetmap.org/node/11255039223",
        "rejection_reason": "Capacity regex no match",
        "rejection_details": "Tag 'generator:output:electricity' has value '850 kW' which could not be parsed",
        "rejection_keywords": "850 kW",
        "timestamp": "2026-07-01T01:12:19.167814",
        "element_type": "node",
        "element_id": 11255039223,
        "country": "Kenya",
        "unit_type": "generator"
      }
    },
    {
      "type": "Feature",
      "geometry": {
        "type": "Point",
        "coordinates": [
          36.7518071,
          2.5299847
        ]
      },
      "properties": {
        "label": "Rejected node 11255039222",
        "type": "Capacity regex no match",
        "osm_element": "https://www.openstreetmap.org/node/11255039222",
        "rejection_reason": "Capacity regex no match",
        "rejection_details": "Tag 'generator:output:electricity' has value '850 kW' which could not be parsed",
        "rejection_keywords": "850 kW",
        "timestamp": "2026-07-01T01:12:19.167831",
        "element_type": "node",
        "element_id": 11255039222,
        "country": "Kenya",
        "unit_type": "generator"
      }
    },
    {
      "type": "Feature",
      "geometry": {
        "type": "Point",
        "coordinates": [
          36.7516445,
          2.5290344
        ]
      },
      "properties": {
        "label": "Rejected node 11255039221",
        "type": "Capacity regex no match",
        "osm_element": "https://www.openstreetmap.org/node/11255039221",
        "rejection_reason": "Capacity regex no match",
        "rejection_details": "Tag 'generator:output:electricity' has value '850 kW' which could not be parsed",
        "rejection_keywords": "850 kW",
        "timestamp": "2026-07-01T01:12:19.167847",
        "element_type": "node",
        "element_id": 11255039221,
        "country": "Kenya",
        "unit_type": "generator"
      }
    },
    {
      "type": "Feature",
      "geometry": {
        "type": "Point",
        "coordinates": [
          36.7516418,
          2.5284793
        ]
      },
      "properties": {
        "label": "Rejected node 11255039220",
        "type": "Capacity regex no match",
        "osm_element": "https://www.openstreetmap.org/node/11255039220",
        "rejection_reason": "Capacity regex no match",
        "rejection_details": "Tag 'generator:output:electricity' has value '850 kW' which could not be parsed",
        "rejection_keywords": "850 kW",
        "timestamp": "2026-07-01T01:12:19.167863",
        "element_type": "node",
        "element_id": 11255039220,
        "country": "Kenya",
        "unit_type": "generator"
      }
    },
    {
      "type": "Feature",
      "geometry": {
        "type": "Point",
        "coordinates": [
          36.7516147,
          2.5277184
        ]
      },
      "properties": {
        "label": "Rejected node 11255039219",
        "type": "Capacity regex no match",
        "osm_element": "https://www.openstreetmap.org/node/11255039219",
        "rejection_reason": "Capacity regex no match",
        "rejection_details": "Tag 'generator:output:electricity' has value '850 kW' which could not be parsed",
        "rejection_keywords": "850 kW",
        "timestamp": "2026-07-01T01:12:19.167879",
        "element_type": "node",
        "element_id": 11255039219,
        "country": "Kenya",
        "unit_type": "generator"
      }
    },
    {
      "type": "Feature",
      "geometry": {
        "type": "Point",
        "coordinates": [
          36.7502159,
          2.5389645
        ]
      },
      "properties": {
        "label": "Rejected node 11255039234",
        "type": "Capacity regex no match",
        "osm_element": "https://www.openstreetmap.org/node/11255039234",
        "rejection_reason": "Capacity regex no match",
        "rejection_details": "Tag 'generator:output:electricity' has value '850 kW' which could not be parsed",
        "rejection_keywords": "850 kW",
        "timestamp": "2026-07-01T01:12:19.167895",
        "element_type": "node",
        "element_id": 11255039234,
        "country": "Kenya",
        "unit_type": "generator"
      }
    },
    {
      "type": "Feature",
      "geometry": {
        "type": "Point",
        "coordinates": [
          36.7499874,
          2.5382836
        ]
      },
      "properties": {
        "label": "Rejected node 11255039235",
        "type": "Capacity regex no match",
        "osm_element": "https://www.openstreetmap.org/node/11255039235",
        "rejection_reason": "Capacity regex no match",
        "rejection_details": "Tag 'generator:output:electricity' has value '850 kW' which could not be parsed",
        "rejection_keywords": "850 kW",
        "timestamp": "2026-07-01T01:12:19.167914",
        "element_type": "node",
        "element_id": 11255039235,
        "country": "Kenya",
        "unit_type": "generator"
      }
    },
    {
      "type": "Feature",
      "geometry": {
        "type": "Point",
        "coordinates": [
          36.7498004,
          2.5375986
        ]
      },
      "properties": {
        "label": "Rejected node 11255039236",
        "type": "Capacity regex no match",
        "osm_element": "https://www.openstreetmap.org/node/11255039236",
        "rejection_reason": "Capacity regex no match",
        "rejection_details": "Tag 'generator:output:electricity' has value '850 kW' which could not be parsed",
        "rejection_keywords": "850 kW",
        "timestamp": "2026-07-01T01:12:19.167930",
        "element_type": "node",
        "element_id": 11255039236,
        "country": "Kenya",
        "unit_type": "generator"
      }
    },
    {
      "type": "Feature",
      "geometry": {
        "type": "Point",
        "coordinates": [
          36.7496161,
          2.5369243
        ]
      },
      "properties": {
        "label": "Rejected node 11255050837",
        "type": "Capacity regex no match",
        "osm_element": "https://www.openstreetmap.org/node/11255050837",
        "rejection_reason": "Capacity regex no match",
        "rejection_details": "Tag 'generator:output:electricity' has value '850 kW' which could not be parsed",
        "rejection_keywords": "850 kW",
        "timestamp": "2026-07-01T01:12:19.167946",
        "element_type": "node",
        "element_id": 11255050837,
        "country": "Kenya",
        "unit_type": "generator"
      }
    },
    {
      "type": "Feature",
      "geometry": {
        "type": "Point",
        "coordinates": [
          36.7493721,
          2.5362583
        ]
      },
      "properties": {
        "label": "Rejected node 11255050838",
        "type": "Capacity regex no match",
        "osm_element": "https://www.openstreetmap.org/node/11255050838",
        "rejection_reason": "Capacity regex no match",
        "rejection_details": "Tag 'generator:output:electricity' has value '850 kW' which could not be parsed",
        "rejection_keywords": "850 kW",
        "timestamp": "2026-07-01T01:12:19.167962",
        "element_type": "node",
        "element_id": 11255050838,
        "country": "Kenya",
        "unit_type": "generator"
      }
    },
    {
      "type": "Feature",
      "geometry": {
        "type": "Point",
        "coordinates": [
          36.7491309,
          2.5355489
        ]
      },
      "properties": {
        "label": "Rejected node 11255050839",
        "type": "Capacity regex no match",
        "osm_element": "https://www.openstreetmap.org/node/11255050839",
        "rejection_reason": "Capacity regex no match",
        "rejection_details": "Tag 'generator:output:electricity' has value '850 kW' which could not be parsed",
        "rejection_keywords": "850 kW",
        "timestamp": "2026-07-01T01:12:19.167978",
        "element_type": "node",
        "element_id": 11255050839,
        "country": "Kenya",
        "unit_type": "generator"
      }
    },
    {
      "type": "Feature",
      "geometry": {
        "type": "Point",
        "coordinates": [
          36.7607927,
          2.5470171
        ]
      },
      "properties": {
        "label": "Rejected node 11255050931",
        "type": "Capacity regex no match",
        "osm_element": "https://www.openstreetmap.org/node/11255050931",
        "rejection_reason": "Capacity regex no match",
        "rejection_details": "Tag 'generator:output:electricity' has value '850 kW' which could not be parsed",
        "rejection_keywords": "850 kW",
        "timestamp": "2026-07-01T01:12:19.167999",
        "element_type": "node",
        "element_id": 11255050931,
        "country": "Kenya",
        "unit_type": "generator"
      }
    },
    {
      "type": "Feature",
      "geometry": {
        "type": "Point",
        "coordinates": [
          36.7608011,
          2.5411818
        ]
      },
      "properties": {
        "label": "Rejected node 5432935424",
        "type": "Capacity regex no match",
        "osm_element": "https://www.openstreetmap.org/node/5432935424",
        "rejection_reason": "Capacity regex no match",
        "rejection_details": "Tag 'generator:output:electricity' has value '850 kW' which could not be parsed",
        "rejection_keywords": "850 kW",
        "timestamp": "2026-07-01T01:12:19.168017",
        "element_type": "node",
        "element_id": 5432935424,
        "country": "Kenya",
        "unit_type": "generator"
      }
    },
    {
      "type": "Feature",
      "geometry": {
        "type": "Point",
        "coordinates": [
          36.7608359,
          2.5454048
        ]
      },
      "properties": {
        "label": "Rejected node 5432934320",
        "type": "Capacity regex no match",
        "osm_element": "https://www.openstreetmap.org/node/5432934320",
        "rejection_reason": "Capacity regex no match",
        "rejection_details": "Tag 'generator:output:electricity' has value '850 kW' which could not be parsed",
        "rejection_keywords": "850 kW",
        "timestamp": "2026-07-01T01:12:19.168035",
        "element_type": "node",
        "element_id": 5432934320,
        "country": "Kenya",
        "unit_type": "generator"
      }
    },
    {
      "type": "Feature",
      "geometry": {
        "type": "Point",
        "coordinates": [
          36.7608393,
          2.5420446
        ]
      },
      "properties": {
        "label": "Rejected node 5432935423",
        "type": "Capacity regex no match",
        "osm_element": "https://www.openstreetmap.org/node/5432935423",
        "rejection_reason": "Capacity regex no match",
        "rejection_details": "Tag 'generator:output:electricity' has value '850 kW' which could not be parsed",
        "rejection_keywords": "850 kW",
        "timestamp": "2026-07-01T01:12:19.168057",
        "element_type": "node",
        "element_id": 5432935423,
        "country": "Kenya",
        "unit_type": "generator"
      }
    },
    {
      "type": "Feature",
      "geometry": {
        "type": "Point",
        "coordinates": [
          36.7608413,
          2.546281
        ]
      },
      "properties": {
        "label": "Rejected node 5432934319",
        "type": "Capacity regex no match",
        "osm_element": "https://www.openstreetmap.org/node/5432934319",
        "rejection_reason": "Capacity regex no match",
        "rejection_details": "Tag 'generator:output:electricity' has value '850 kW' which could not be parsed",
        "rejection_keywords": "850 kW",
        "timestamp": "2026-07-01T01:12:19.168074",
        "element_type": "node",
        "element_id": 5432934319,
        "country": "Kenya",
        "unit_type": "generator"
      }
    },
    {
      "type": "Feature",
      "geometry": {
        "type": "Point",
        "coordinates": [
          36.7608467,
          2.54455
        ]
      },
      "properties": {
        "label": "Rejected node 5432935421",
        "type": "Capacity regex no match",
        "osm_element": "https://www.openstreetmap.org/node/5432935421",
        "rejection_reason": "Capacity regex no match",
        "rejection_details": "Tag 'generator:output:electricity' has value '850 kW' which could not be parsed",
        "rejection_keywords": "850 kW",
        "timestamp": "2026-07-01T01:12:19.168092",
        "element_type": "node",
        "element_id": 5432935421,
        "country": "Kenya",
        "unit_type": "generator"
      }
    },
    {
      "type": "Feature",
      "geometry": {
        "type": "Point",
        "coordinates": [
          36.7608681,
          2.5428699
        ]
      },
      "properties": {
        "label": "Rejected node 5432935422",
        "type": "Capacity regex no match",
        "osm_element": "https://www.openstreetmap.org/node/5432935422",
        "rejection_reason": "Capacity regex no match",
        "rejection_details": "Tag 'generator:output:electricity' has value '850 kW' which could not be parsed",
        "rejection_keywords": "850 kW",
        "timestamp": "2026-07-01T01:12:19.168109",
        "element_type": "node",
        "element_id": 5432935422,
        "country": "Kenya",
        "unit_type": "generator"
      }
    },
    {
      "type": "Feature",
      "geometry": {
        "type": "Point",
        "coordinates": [
          36.76083,
          2.5478227
        ]
      },
      "properties": {
        "label": "Rejected node 11255050932",
        "type": "Capacity regex no match",
        "osm_element": "https://www.openstreetmap.org/node/11255050932",
        "rejection_reason": "Capacity regex no match",
        "rejection_details": "Tag 'generator:output:electricity' has value '850 kW' which could not be parsed",
        "rejection_keywords": "850 kW",
        "timestamp": "2026-07-01T01:12:19.168125",
        "element_type": "node",
        "element_id": 11255050932,
        "country": "Kenya",
        "unit_type": "generator"
      }
    },
    {
      "type": "Feature",
      "geometry": {
        "type": "Point",
        "coordinates": [
          36.7610786,
          2.5536029
        ]
      },
      "properties": {
        "label": "Rejected node 11255050936",
        "type": "Capacity regex no match",
        "osm_element": "https://www.openstreetmap.org/node/11255050936",
        "rejection_reason": "Capacity regex no match",
        "rejection_details": "Tag 'generator:output:electricity' has value '850 kW' which could not be parsed",
        "rejection_keywords": "850 kW",
        "timestamp": "2026-07-01T01:12:19.168144",
        "element_type": "node",
        "element_id": 11255050936,
        "country": "Kenya",
        "unit_type": "generator"
      }
    },
    {
      "type": "Feature",
      "geometry": {
        "type": "Point",
        "coordinates": [
          36.7608875,
          2.5529051
        ]
      },
      "properties": {
        "label": "Rejected node 11255050937",
        "type": "Capacity regex no match",
        "osm_element": "https://www.openstreetmap.org/node/11255050937",
        "rejection_reason": "Capacity regex no match",
        "rejection_details": "Tag 'generator:output:electricity' has value '850 kW' which could not be parsed",
        "rejection_keywords": "850 kW",
        "timestamp": "2026-07-01T01:12:19.168195",
        "element_type": "node",
        "element_id": 11255050937,
        "country": "Kenya",
        "unit_type": "generator"
      }
    },
    {
      "type": "Feature",
      "geometry": {
        "type": "Point",
        "coordinates": [
          36.7608363,
          2.5512315
        ]
      },
      "properties": {
        "label": "Rejected node 11255050935",
        "type": "Capacity regex no match",
        "osm_element": "https://www.openstreetmap.org/node/11255050935",
        "rejection_reason": "Capacity regex no match",
        "rejection_details": "Tag 'generator:output:electricity' has value '850 kW' which could not be parsed",
        "rejection_keywords": "850 kW",
        "timestamp": "2026-07-01T01:12:19.168216",
        "element_type": "node",
        "element_id": 11255050935,
        "country": "Kenya",
        "unit_type": "generator"
      }
    },
    {
      "type": "Feature",
      "geometry": {
        "type": "Point",
        "coordinates": [
          36.760802,
          2.5503793
        ]
      },
      "properties": {
        "label": "Rejected node 11255050934",
        "type": "Capacity regex no match",
        "osm_element": "https://www.openstreetmap.org/node/11255050934",
        "rejection_reason": "Capacity regex no match",
        "rejection_details": "Tag 'generator:output:electricity' has value '850 kW' which could not be parsed",
        "rejection_keywords": "850 kW",
        "timestamp": "2026-07-01T01:12:19.168233",
        "element_type": "node",
        "element_id": 11255050934,
        "country": "Kenya",
        "unit_type": "generator"
      }
    },
    {
      "type": "Feature",
      "geometry": {
        "type": "Point",
        "coordinates": [
          36.7608363,
          2.549524
        ]
      },
      "properties": {
        "label": "Rejected node 11255050933",
        "type": "Capacity regex no match",
        "osm_element": "https://www.openstreetmap.org/node/11255050933",
        "rejection_reason": "Capacity regex no match",
        "rejection_details": "Tag 'generator:output:electricity' has value '850 kW' which could not be parsed",
        "rejection_keywords": "850 kW",
        "timestamp": "2026-07-01T01:12:19.168250",
        "element_type": "node",
        "element_id": 11255050933,
        "country": "Kenya",
        "unit_type": "generator"
      }
    },
    {
      "type": "Feature",
      "geometry": {
        "type": "Point",
        "coordinates": [
          36.7608569,
          2.5520467
        ]
      },
      "properties": {
        "label": "Rejected node 13058402148",
        "type": "Capacity regex no match",
        "osm_element": "https://www.openstreetmap.org/node/13058402148",
        "rejection_reason": "Capacity regex no match",
        "rejection_details": "Tag 'generator:output:electricity' has value '850 kW' which could not be parsed",
        "rejection_keywords": "850 kW",
        "timestamp": "2026-07-01T01:12:19.168267",
        "element_type": "node",
        "element_id": 13058402148,
        "country": "Kenya",
        "unit_type": "generator"
      }
    },
    {
      "type": "Feature",
      "geometry": {
        "type": "Point",
        "coordinates": [
          36.7634853,
          2.5549488
        ]
      },
      "properties": {
        "label": "Rejected node 11255050938",
        "type": "Capacity regex no match",
        "osm_element": "https://www.openstreetmap.org/node/11255050938",
        "rejection_reason": "Capacity regex no match",
        "rejection_details": "Tag 'generator:output:electricity' has value '850 kW' which could not be parsed",
        "rejection_keywords": "850 kW",
        "timestamp": "2026-07-01T01:12:19.168284",
        "element_type": "node",
        "element_id": 11255050938,
        "country": "Kenya",
        "unit_type": "generator"
      }
    },
    {
      "type": "Feature",
      "geometry": {
        "type": "Point",
        "coordinates": [
          36.7634452,
          2.5557879
        ]
      },
      "properties": {
        "label": "Rejected node 11255050939",
        "type": "Capacity regex no match",
        "osm_element": "https://www.openstreetmap.org/node/11255050939",
        "rejection_reason": "Capacity regex no match",
        "rejection_details": "Tag 'generator:output:electricity' has value '850 kW' which could not be parsed",
        "rejection_keywords": "850 kW",
        "timestamp": "2026-07-01T01:12:19.168301",
        "element_type": "node",
        "element_id": 11255050939,
        "country": "Kenya",
        "unit_type": "generator"
      }
    },
    {
      "type": "Feature",
      "geometry": {
        "type": "Point",
        "coordinates": [
          36.7634924,
          2.55666
        ]
      },
      "properties": {
        "label": "Rejected node 11255050940",
        "type": "Capacity regex no match",
        "osm_element": "https://www.openstreetmap.org/node/11255050940",
        "rejection_reason": "Capacity regex no match",
        "rejection_details": "Tag 'generator:output:electricity' has value '850 kW' which could not be parsed",
        "rejection_keywords": "850 kW",
        "timestamp": "2026-07-01T01:12:19.168317",
        "element_type": "node",
        "element_id": 11255050940,
        "country": "Kenya",
        "unit_type": "generator"
      }
    },
    {
      "type": "Feature",
      "geometry": {
        "type": "Point",
        "coordinates": [
          36.7634924,
          2.5574662
        ]
      },
      "properties": {
        "label": "Rejected node 11255050941",
        "type": "Capacity regex no match",
        "osm_element": "https://www.openstreetmap.org/node/11255050941",
        "rejection_reason": "Capacity regex no match",
        "rejection_details": "Tag 'generator:output:electricity' has value '850 kW' which could not be parsed",
        "rejection_keywords": "850 kW",
        "timestamp": "2026-07-01T01:12:19.168334",
        "element_type": "node",
        "element_id": 11255050941,
        "country": "Kenya",
        "unit_type": "generator"
      }
    },
    {
      "type": "Feature",
      "geometry": {
        "type": "Point",
        "coordinates": [
          36.7634593,
          2.5583359
        ]
      },
      "properties": {
        "label": "Rejected node 11255050942",
        "type": "Capacity regex no match",
        "osm_element": "https://www.openstreetmap.org/node/11255050942",
        "rejection_reason": "Capacity regex no match",
        "rejection_details": "Tag 'generator:output:electricity' has value '850 kW' which could not be parsed",
        "rejection_keywords": "850 kW",
        "timestamp": "2026-07-01T01:12:19.168350",
        "element_type": "node",
        "element_id": 11255050942,
        "country": "Kenya",
        "unit_type": "generator"
      }
    },
    {
      "type": "Feature",
      "geometry": {
        "type": "Point",
        "coordinates": [
          36.7696574,
          2.5597345
        ]
      },
      "properties": {
        "label": "Rejected node 11255050930",
        "type": "Capacity regex no match",
        "osm_element": "https://www.openstreetmap.org/node/11255050930",
        "rejection_reason": "Capacity regex no match",
        "rejection_details": "Tag 'generator:output:electricity' has value '850 kW' which could not be parsed",
        "rejection_keywords": "850 kW",
        "timestamp": "2026-07-01T01:12:19.168366",
        "element_type": "node",
        "element_id": 11255050930,
        "country": "Kenya",
        "unit_type": "generator"
      }
    },
    {
      "type": "Feature",
      "geometry": {
        "type": "Point",
        "coordinates": [
          36.7698815,
          2.5604312
        ]
      },
      "properties": {
        "label": "Rejected node 11255050929",
        "type": "Capacity regex no match",
        "osm_element": "https://www.openstreetmap.org/node/11255050929",
        "rejection_reason": "Capacity regex no match",
        "rejection_details": "Tag 'generator:output:electricity' has value '850 kW' which could not be parsed",
        "rejection_keywords": "850 kW",
        "timestamp": "2026-07-01T01:12:19.168382",
        "element_type": "node",
        "element_id": 11255050929,
        "country": "Kenya",
        "unit_type": "generator"
      }
    },
    {
      "type": "Feature",
      "geometry": {
        "type": "Point",
        "coordinates": [
          36.7700901,
          2.5610937
        ]
      },
      "properties": {
        "label": "Rejected node 11255050928",
        "type": "Capacity regex no match",
        "osm_element": "https://www.openstreetmap.org/node/11255050928",
        "rejection_reason": "Capacity regex no match",
        "rejection_details": "Tag 'generator:output:electricity' has value '850 kW' which could not be parsed",
        "rejection_keywords": "850 kW",
        "timestamp": "2026-07-01T01:12:19.168398",
        "element_type": "node",
        "element_id": 11255050928,
        "country": "Kenya",
        "unit_type": "generator"
      }
    },
    {
      "type": "Feature",
      "geometry": {
        "type": "Point",
        "coordinates": [
          36.7702987,
          2.5617344
        ]
      },
      "properties": {
        "label": "Rejected node 11255050927",
        "type": "Capacity regex no match",
        "osm_element": "https://www.openstreetmap.org/node/11255050927",
        "rejection_reason": "Capacity regex no match",
        "rejection_details": "Tag 'generator:output:electricity' has value '850 kW' which could not be parsed",
        "rejection_keywords": "850 kW",
        "timestamp": "2026-07-01T01:12:19.168413",
        "element_type": "node",
        "element_id": 11255050927,
        "country": "Kenya",
        "unit_type": "generator"
      }
    },
    {
      "type": "Feature",
      "geometry": {
        "type": "Point",
        "coordinates": [
          36.77047,
          2.5622724
        ]
      },
      "properties": {
        "label": "Rejected node 11255050926",
        "type": "Capacity regex no match",
        "osm_element": "https://www.openstreetmap.org/node/11255050926",
        "rejection_reason": "Capacity regex no match",
        "rejection_details": "Tag 'generator:output:electricity' has value '850 kW' which could not be parsed",
        "rejection_keywords": "850 kW",
        "timestamp": "2026-07-01T01:12:19.168429",
        "element_type": "node",
        "element_id": 11255050926,
        "country": "Kenya",
        "unit_type": "generator"
      }
    },
    {
      "type": "Feature",
      "geometry": {
        "type": "Point",
        "coordinates": [
          36.770747,
          2.5631402
        ]
      },
      "properties": {
        "label": "Rejected node 11255050925",
        "type": "Capacity regex no match",
        "osm_element": "https://www.openstreetmap.org/node/11255050925",
        "rejection_reason": "Capacity regex no match",
        "rejection_details": "Tag 'generator:output:electricity' has value '850 kW' which could not be parsed",
        "rejection_keywords": "850 kW",
        "timestamp": "2026-07-01T01:12:19.168445",
        "element_type": "node",
        "element_id": 11255050925,
        "country": "Kenya",
        "unit_type": "generator"
      }
    },
    {
      "type": "Feature",
      "geometry": {
        "type": "Point",
        "coordinates": [
          36.7709961,
          2.5638182
        ]
      },
      "properties": {
        "label": "Rejected node 11255050924",
        "type": "Capacity regex no match",
        "osm_element": "https://www.openstreetmap.org/node/11255050924",
        "rejection_reason": "Capacity regex no match",
        "rejection_details": "Tag 'generator:output:electricity' has value '850 kW' which could not be parsed",
        "rejection_keywords": "850 kW",
        "timestamp": "2026-07-01T01:12:19.168465",
        "element_type": "node",
        "element_id": 11255050924,
        "country": "Kenya",
        "unit_type": "generator"
      }
    },
    {
      "type": "Feature",
      "geometry": {
        "type": "Point",
        "coordinates": [
          36.7711705,
          2.564518
        ]
      },
      "properties": {
        "label": "Rejected node 11255050923",
        "type": "Capacity regex no match",
        "osm_element": "https://www.openstreetmap.org/node/11255050923",
        "rejection_reason": "Capacity regex no match",
        "rejection_details": "Tag 'generator:output:electricity' has value '850 kW' which could not be parsed",
        "rejection_keywords": "850 kW",
        "timestamp": "2026-07-01T01:12:19.168482",
        "element_type": "node",
        "element_id": 11255050923,
        "country": "Kenya",
        "unit_type": "generator"
      }
    },
    {
      "type": "Feature",
      "geometry": {
        "type": "Point",
        "coordinates": [
          36.7713635,
          2.5651898
        ]
      },
      "properties": {
        "label": "Rejected node 11255050922",
        "type": "Capacity regex no match",
        "osm_element": "https://www.openstreetmap.org/node/11255050922",
        "rejection_reason": "Capacity regex no match",
        "rejection_details": "Tag 'generator:output:electricity' has value '850 kW' which could not be parsed",
        "rejection_keywords": "850 kW",
        "timestamp": "2026-07-01T01:12:19.168498",
        "element_type": "node",
        "element_id": 11255050922,
        "country": "Kenya",
        "unit_type": "generator"
      }
    },
    {
      "type": "Feature",
      "geometry": {
        "type": "Point",
        "coordinates": [
          36.7715845,
          2.5658647
        ]
      },
      "properties": {
        "label": "Rejected node 11255050921",
        "type": "Capacity regex no match",
        "osm_element": "https://www.openstreetmap.org/node/11255050921",
        "rejection_reason": "Capacity regex no match",
        "rejection_details": "Tag 'generator:output:electricity' has value '850 kW' which could not be parsed",
        "rejection_keywords": "850 kW",
        "timestamp": "2026-07-01T01:12:19.168513",
        "element_type": "node",
        "element_id": 11255050921,
        "country": "Kenya",
        "unit_type": "generator"
      }
    },
    {
      "type": "Feature",
      "geometry": {
        "type": "Point",
        "coordinates": [
          36.77179,
          2.5665521
        ]
      },
      "properties": {
        "label": "Rejected node 11255050920",
        "type": "Capacity regex no match",
        "osm_element": "https://www.openstreetmap.org/node/11255050920",
        "rejection_reason": "Capacity regex no match",
        "rejection_details": "Tag 'generator:output:electricity' has value '850 kW' which could not be parsed",
        "rejection_keywords": "850 kW",
        "timestamp": "2026-07-01T01:12:19.168529",
        "element_type": "node",
        "element_id": 11255050920,
        "country": "Kenya",
        "unit_type": "generator"
      }
    },
    {
      "type": "Feature",
      "geometry": {
        "type": "Point",
        "coordinates": [
          36.7720142,
          2.5672239
        ]
      },
      "properties": {
        "label": "Rejected node 11255050919",
        "type": "Capacity regex no match",
        "osm_element": "https://www.openstreetmap.org/node/11255050919",
        "rejection_reason": "Capacity regex no match",
        "rejection_details": "Tag 'generator:output:electricity' has value '850 kW' which could not be parsed",
        "rejection_keywords": "850 kW",
        "timestamp": "2026-07-01T01:12:19.168545",
        "element_type": "node",
        "element_id": 11255050919,
        "country": "Kenya",
        "unit_type": "generator"
      }
    },
    {
      "type": "Feature",
      "geometry": {
        "type": "Point",
        "coordinates": [
          36.7722072,
          2.5679299
        ]
      },
      "properties": {
        "label": "Rejected node 11255050918",
        "type": "Capacity regex no match",
        "osm_element": "https://www.openstreetmap.org/node/11255050918",
        "rejection_reason": "Capacity regex no match",
        "rejection_details": "Tag 'generator:output:electricity' has value '850 kW' which could not be parsed",
        "rejection_keywords": "850 kW",
        "timestamp": "2026-07-01T01:12:19.168561",
        "element_type": "node",
        "element_id": 11255050918,
        "country": "Kenya",
        "unit_type": "generator"
      }
    },
    {
      "type": "Feature",
      "geometry": {
        "type": "Point",
        "coordinates": [
          36.7724251,
          2.5686204
        ]
      },
      "properties": {
        "label": "Rejected node 11255050917",
        "type": "Capacity regex no match",
        "osm_element": "https://www.openstreetmap.org/node/11255050917",
        "rejection_reason": "Capacity regex no match",
        "rejection_details": "Tag 'generator:output:electricity' has value '850 kW' which could not be parsed",
        "rejection_keywords": "850 kW",
        "timestamp": "2026-07-01T01:12:19.168576",
        "element_type": "node",
        "element_id": 11255050917,
        "country": "Kenya",
        "unit_type": "generator"
      }
    },
    {
      "type": "Feature",
      "geometry": {
        "type": "Point",
        "coordinates": [
          36.7725964,
          2.5692984
        ]
      },
      "properties": {
        "label": "Rejected node 11255050916",
        "type": "Capacity regex no match",
        "osm_element": "https://www.openstreetmap.org/node/11255050916",
        "rejection_reason": "Capacity regex no match",
        "rejection_details": "Tag 'generator:output:electricity' has value '850 kW' which could not be parsed",
        "rejection_keywords": "850 kW",
        "timestamp": "2026-07-01T01:12:19.168592",
        "element_type": "node",
        "element_id": 11255050916,
        "country": "Kenya",
        "unit_type": "generator"
      }
    },
    {
      "type": "Feature",
      "geometry": {
        "type": "Point",
        "coordinates": [
          36.77278,
          2.569964
        ]
      },
      "properties": {
        "label": "Rejected node 11255050915",
        "type": "Capacity regex no match",
        "osm_element": "https://www.openstreetmap.org/node/11255050915",
        "rejection_reason": "Capacity regex no match",
        "rejection_details": "Tag 'generator:output:electricity' has value '850 kW' which could not be parsed",
        "rejection_keywords": "850 kW",
        "timestamp": "2026-07-01T01:12:19.168608",
        "element_type": "node",
        "element_id": 11255050915,
        "country": "Kenya",
        "unit_type": "generator"
      }
    },
    {
      "type": "Feature",
      "geometry": {
        "type": "Point",
        "coordinates": [
          36.772998,
          2.5706513
        ]
      },
      "properties": {
        "label": "Rejected node 11255050914",
        "type": "Capacity regex no match",
        "osm_element": "https://www.openstreetmap.org/node/11255050914",
        "rejection_reason": "Capacity regex no match",
        "rejection_details": "Tag 'generator:output:electricity' has value '850 kW' which could not be parsed",
        "rejection_keywords": "850 kW",
        "timestamp": "2026-07-01T01:12:19.168624",
        "element_type": "node",
        "element_id": 11255050914,
        "country": "Kenya",
        "unit_type": "generator"
      }
    },
    {
      "type": "Feature",
      "geometry": {
        "type": "Point",
        "coordinates": [
          36.7732657,
          2.5713356
        ]
      },
      "properties": {
        "label": "Rejected node 11255050913",
        "type": "Capacity regex no match",
        "osm_element": "https://www.openstreetmap.org/node/11255050913",
        "rejection_reason": "Capacity regex no match",
        "rejection_details": "Tag 'generator:output:electricity' has value '850 kW' which could not be parsed",
        "rejection_keywords": "850 kW",
        "timestamp": "2026-07-01T01:12:19.168640",
        "element_type": "node",
        "element_id": 11255050913,
        "country": "Kenya",
        "unit_type": "generator"
      }
    },
    {
      "type": "Feature",
      "geometry": {
        "type": "Point",
        "coordinates": [
          36.7735148,
          2.5720043
        ]
      },
      "properties": {
        "label": "Rejected node 11255050912",
        "type": "Capacity regex no match",
        "osm_element": "https://www.openstreetmap.org/node/11255050912",
        "rejection_reason": "Capacity regex no match",
        "rejection_details": "Tag 'generator:output:electricity' has value '850 kW' which could not be parsed",
        "rejection_keywords": "850 kW",
        "timestamp": "2026-07-01T01:12:19.168655",
        "element_type": "node",
        "element_id": 11255050912,
        "country": "Kenya",
        "unit_type": "generator"
      }
    },
    {
      "type": "Feature",
      "geometry": {
        "type": "Point",
        "coordinates": [
          36.7737763,
          2.5726512
        ]
      },
      "properties": {
        "label": "Rejected node 11255050911",
        "type": "Capacity regex no match",
        "osm_element": "https://www.openstreetmap.org/node/11255050911",
        "rejection_reason": "Capacity regex no match",
        "rejection_details": "Tag 'generator:output:electricity' has value '850 kW' which could not be parsed",
        "rejection_keywords": "850 kW",
        "timestamp": "2026-07-01T01:12:19.168671",
        "element_type": "node",
        "element_id": 11255050911,
        "country": "Kenya",
        "unit_type": "generator"
      }
    },
    {
      "type": "Feature",
      "geometry": {
        "type": "Point",
        "coordinates": [
          36.7735895,
          2.5738268
        ]
      },
      "properties": {
        "label": "Rejected node 11255050910",
        "type": "Capacity regex no match",
        "osm_element": "https://www.openstreetmap.org/node/11255050910",
        "rejection_reason": "Capacity regex no match",
        "rejection_details": "Tag 'generator:output:electricity' has value '850 kW' which could not be parsed",
        "rejection_keywords": "850 kW",
        "timestamp": "2026-07-01T01:12:19.168702",
        "element_type": "node",
        "element_id": 11255050910,
        "country": "Kenya",
        "unit_type": "generator"
      }
    },
    {
      "type": "Feature",
      "geometry": {
        "type": "Point",
        "coordinates": [
          36.7736518,
          2.5748408
        ]
      },
      "properties": {
        "label": "Rejected node 11255050909",
        "type": "Capacity regex no match",
        "osm_element": "https://www.openstreetmap.org/node/11255050909",
        "rejection_reason": "Capacity regex no match",
        "rejection_details": "Tag 'generator:output:electricity' has value '850 kW' which could not be parsed",
        "rejection_keywords": "850 kW",
        "timestamp": "2026-07-01T01:12:19.168723",
        "element_type": "node",
        "element_id": 11255050909,
        "country": "Kenya",
        "unit_type": "generator"
      }
    },
    {
      "type": "Feature",
      "geometry": {
        "type": "Point",
        "coordinates": [
          36.7571386,
          2.5671725
        ]
      },
      "properties": {
        "label": "Rejected node 11255050943",
        "type": "Capacity regex no match",
        "osm_element": "https://www.openstreetmap.org/node/11255050943",
        "rejection_reason": "Capacity regex no match",
        "rejection_details": "Tag 'generator:output:electricity' has value '850 kW' which could not be parsed",
        "rejection_keywords": "850 kW",
        "timestamp": "2026-07-01T01:12:19.168744",
        "element_type": "node",
        "element_id": 11255050943,
        "country": "Kenya",
        "unit_type": "generator"
      }
    },
    {
      "type": "Feature",
      "geometry": {
        "type": "Point",
        "coordinates": [
          36.757304,
          2.5678467
        ]
      },
      "properties": {
        "label": "Rejected node 11255050944",
        "type": "Capacity regex no match",
        "osm_element": "https://www.openstreetmap.org/node/11255050944",
        "rejection_reason": "Capacity regex no match",
        "rejection_details": "Tag 'generator:output:electricity' has value '850 kW' which could not be parsed",
        "rejection_keywords": "850 kW",
        "timestamp": "2026-07-01T01:12:19.168761",
        "element_type": "node",
        "element_id": 11255050944,
        "country": "Kenya",
        "unit_type": "generator"
      }
    },
    {
      "type": "Feature",
      "geometry": {
        "type": "Point",
        "coordinates": [
          36.7575099,
          2.5685453
        ]
      },
      "properties": {
        "label": "Rejected node 11255050945",
        "type": "Capacity regex no match",
        "osm_element": "https://www.openstreetmap.org/node/11255050945",
        "rejection_reason": "Capacity regex no match",
        "rejection_details": "Tag 'generator:output:electricity' has value '850 kW' which could not be parsed",
        "rejection_keywords": "850 kW",
        "timestamp": "2026-07-01T01:12:19.168777",
        "element_type": "node",
        "element_id": 11255050945,
        "country": "Kenya",
        "unit_type": "generator"
      }
    },
    {
      "type": "Feature",
      "geometry": {
        "type": "Point",
        "coordinates": [
          36.7576997,
          2.5692303
        ]
      },
      "properties": {
        "label": "Rejected node 11255050946",
        "type": "Capacity regex no match",
        "osm_element": "https://www.openstreetmap.org/node/11255050946",
        "rejection_reason": "Capacity regex no match",
        "rejection_details": "Tag 'generator:output:electricity' has value '850 kW' which could not be parsed",
        "rejection_keywords": "850 kW",
        "timestamp": "2026-07-01T01:12:19.168795",
        "element_type": "node",
        "element_id": 11255050946,
        "country": "Kenya",
        "unit_type": "generator"
      }
    },
    {
      "type": "Feature",
      "geometry": {
        "type": "Point",
        "coordinates": [
          36.75867,
          2.5726879
        ]
      },
      "properties": {
        "label": "Rejected node 11255050947",
        "type": "Capacity regex no match",
        "osm_element": "https://www.openstreetmap.org/node/11255050947",
        "rejection_reason": "Capacity regex no match",
        "rejection_details": "Tag 'generator:output:electricity' has value '850 kW' which could not be parsed",
        "rejection_keywords": "850 kW",
        "timestamp": "2026-07-01T01:12:19.168812",
        "element_type": "node",
        "element_id": 11255050947,
        "country": "Kenya",
        "unit_type": "generator"
      }
    },
    {
      "type": "Feature",
      "geometry": {
        "type": "Point",
        "coordinates": [
          36.758857,
          2.5733566
        ]
      },
      "properties": {
        "label": "Rejected node 11255050948",
        "type": "Capacity regex no match",
        "osm_element": "https://www.openstreetmap.org/node/11255050948",
        "rejection_reason": "Capacity regex no match",
        "rejection_details": "Tag 'generator:output:electricity' has value '850 kW' which could not be parsed",
        "rejection_keywords": "850 kW",
        "timestamp": "2026-07-01T01:12:19.168829",
        "element_type": "node",
        "element_id": 11255050948,
        "country": "Kenya",
        "unit_type": "generator"
      }
    },
    {
      "type": "Feature",
      "geometry": {
        "type": "Point",
        "coordinates": [
          36.7590602,
          2.5740606
        ]
      },
      "properties": {
        "label": "Rejected node 11255050949",
        "type": "Capacity regex no match",
        "osm_element": "https://www.openstreetmap.org/node/11255050949",
        "rejection_reason": "Capacity regex no match",
        "rejection_details": "Tag 'generator:output:electricity' has value '850 kW' which could not be parsed",
        "rejection_keywords": "850 kW",
        "timestamp": "2026-07-01T01:12:19.168845",
        "element_type": "node",
        "element_id": 11255050949,
        "country": "Kenya",
        "unit_type": "generator"
      }
    },
    {
      "type": "Feature",
      "geometry": {
        "type": "Point",
        "coordinates": [
          36.7592202,
          2.5747402
        ]
      },
      "properties": {
        "label": "Rejected node 11255050950",
        "type": "Capacity regex no match",
        "osm_element": "https://www.openstreetmap.org/node/11255050950",
        "rejection_reason": "Capacity regex no match",
        "rejection_details": "Tag 'generator:output:electricity' has value '850 kW' which could not be parsed",
        "rejection_keywords": "850 kW",
        "timestamp": "2026-07-01T01:12:19.168861",
        "element_type": "node",
        "element_id": 11255050950,
        "country": "Kenya",
        "unit_type": "generator"
      }
    },
    {
      "type": "Feature",
      "geometry": {
        "type": "Point",
        "coordinates": [
          36.759456,
          2.5754442
        ]
      },
      "properties": {
        "label": "Rejected node 11255050951",
        "type": "Capacity regex no match",
        "osm_element": "https://www.openstreetmap.org/node/11255050951",
        "rejection_reason": "Capacity regex no match",
        "rejection_details": "Tag 'generator:output:electricity' has value '850 kW' which could not be parsed",
        "rejection_keywords": "850 kW",
        "timestamp": "2026-07-01T01:12:19.168877",
        "element_type": "node",
        "element_id": 11255050951,
        "country": "Kenya",
        "unit_type": "generator"
      }
    },
    {
      "type": "Feature",
      "geometry": {
        "type": "Point",
        "coordinates": [
          36.7596457,
          2.5761373
        ]
      },
      "properties": {
        "label": "Rejected node 11255050952",
        "type": "Capacity regex no match",
        "osm_element": "https://www.openstreetmap.org/node/11255050952",
        "rejection_reason": "Capacity regex no match",
        "rejection_details": "Tag 'generator:output:electricity' has value '850 kW' which could not be parsed",
        "rejection_keywords": "850 kW",
        "timestamp": "2026-07-01T01:12:19.168893",
        "element_type": "node",
        "element_id": 11255050952,
        "country": "Kenya",
        "unit_type": "generator"
      }
    },
    {
      "type": "Feature",
      "geometry": {
        "type": "Point",
        "coordinates": [
          36.7598246,
          2.5768386
        ]
      },
      "properties": {
        "label": "Rejected node 11255050953",
        "type": "Capacity regex no match",
        "osm_element": "https://www.openstreetmap.org/node/11255050953",
        "rejection_reason": "Capacity regex no match",
        "rejection_details": "Tag 'generator:output:electricity' has value '850 kW' which could not be parsed",
        "rejection_keywords": "850 kW",
        "timestamp": "2026-07-01T01:12:19.168911",
        "element_type": "node",
        "element_id": 11255050953,
        "country": "Kenya",
        "unit_type": "generator"
      }
    },
    {
      "type": "Feature",
      "geometry": {
        "type": "Point",
        "coordinates": [
          36.7600089,
          2.577529
        ]
      },
      "properties": {
        "label": "Rejected node 11255050954",
        "type": "Capacity regex no match",
        "osm_element": "https://www.openstreetmap.org/node/11255050954",
        "rejection_reason": "Capacity regex no match",
        "rejection_details": "Tag 'generator:output:electricity' has value '850 kW' which could not be parsed",
        "rejection_keywords": "850 kW",
        "timestamp": "2026-07-01T01:12:19.168927",
        "element_type": "node",
        "element_id": 11255050954,
        "country": "Kenya",
        "unit_type": "generator"
      }
    },
    {
      "type": "Feature",
      "geometry": {
        "type": "Point",
        "coordinates": [
          36.7602203,
          2.578214
        ]
      },
      "properties": {
        "label": "Rejected node 11255050955",
        "type": "Capacity regex no match",
        "osm_element": "https://www.openstreetmap.org/node/11255050955",
        "rejection_reason": "Capacity regex no match",
        "rejection_details": "Tag 'generator:output:electricity' has value '850 kW' which could not be parsed",
        "rejection_keywords": "850 kW",
        "timestamp": "2026-07-01T01:12:19.168943",
        "element_type": "node",
        "element_id": 11255050955,
        "country": "Kenya",
        "unit_type": "generator"
      }
    },
    {
      "type": "Feature",
      "geometry": {
        "type": "Point",
        "coordinates": [
          36.7604127,
          2.5788882
        ]
      },
      "properties": {
        "label": "Rejected node 11255050956",
        "type": "Capacity regex no match",
        "osm_element": "https://www.openstreetmap.org/node/11255050956",
        "rejection_reason": "Capacity regex no match",
        "rejection_details": "Tag 'generator:output:electricity' has value '850 kW' which could not be parsed",
        "rejection_keywords": "850 kW",
        "timestamp": "2026-07-01T01:12:19.168958",
        "element_type": "node",
        "element_id": 11255050956,
        "country": "Kenya",
        "unit_type": "generator"
      }
    },
    {
      "type": "Feature",
      "geometry": {
        "type": "Point",
        "coordinates": [
          36.7605889,
          2.5795813
        ]
      },
      "properties": {
        "label": "Rejected node 11255050957",
        "type": "Capacity regex no match",
        "osm_element": "https://www.openstreetmap.org/node/11255050957",
        "rejection_reason": "Capacity regex no match",
        "rejection_details": "Tag 'generator:output:electricity' has value '850 kW' which could not be parsed",
        "rejection_keywords": "850 kW",
        "timestamp": "2026-07-01T01:12:19.168974",
        "element_type": "node",
        "element_id": 11255050957,
        "country": "Kenya",
        "unit_type": "generator"
      }
    },
    {
      "type": "Feature",
      "geometry": {
        "type": "Point",
        "coordinates": [
          36.7607894,
          2.5802691
        ]
      },
      "properties": {
        "label": "Rejected node 11255050958",
        "type": "Capacity regex no match",
        "osm_element": "https://www.openstreetmap.org/node/11255050958",
        "rejection_reason": "Capacity regex no match",
        "rejection_details": "Tag 'generator:output:electricity' has value '850 kW' which could not be parsed",
        "rejection_keywords": "850 kW",
        "timestamp": "2026-07-01T01:12:19.168990",
        "element_type": "node",
        "element_id": 11255050958,
        "country": "Kenya",
        "unit_type": "generator"
      }
    },
    {
      "type": "Feature",
      "geometry": {
        "type": "Point",
        "coordinates": [
          36.760971,
          2.5809649
        ]
      },
      "properties": {
        "label": "Rejected node 11255050959",
        "type": "Capacity regex no match",
        "osm_element": "https://www.openstreetmap.org/node/11255050959",
        "rejection_reason": "Capacity regex no match",
        "rejection_details": "Tag 'generator:output:electricity' has value '850 kW' which could not be parsed",
        "rejection_keywords": "850 kW",
        "timestamp": "2026-07-01T01:12:19.169011",
        "element_type": "node",
        "element_id": 11255050959,
        "country": "Kenya",
        "unit_type": "generator"
      }
    },
    {
      "type": "Feature",
      "geometry": {
        "type": "Point",
        "coordinates": [
          37.98590699489709,
          2.332006253037704
        ]
      },
      "properties": {
        "label": "Rejected way 623440570",
        "type": "Missing output tag",
        "osm_element": "https://www.openstreetmap.org/way/623440570",
        "rejection_reason": "Missing output tag",
        "rejection_details": "tags: {'addr:city': 'Marsabit', 'addr:street': 'Marsabit-Moyale road', 'landuse': 'industrial', 'name': 'Marsabit', 'plant:source': 'diesel', 'power': 'plant'}",
        "rejection_keywords": "none",
        "timestamp": "2026-07-01T01:12:19.178409",
        "element_type": "way",
        "element_id": 623440570,
        "country": "Kenya",
        "unit_type": "plant"
      }
    },
    {
      "type": "Feature",
      "geometry": {
        "type": "Point",
        "coordinates": [
          36.27164981913711,
          -0.8670784798410484
        ]
      },
      "properties": {
        "label": "Rejected way 753235590",
        "type": "Missing output tag",
        "osm_element": "https://www.openstreetmap.org/way/753235590",
        "rejection_reason": "Missing output tag",
        "rejection_details": "tags: {'plant:source': 'solar', 'power': 'plant'}",
        "rejection_keywords": "none",
        "timestamp": "2026-07-01T01:12:19.179843",
        "element_type": "way",
        "element_id": 753235590,
        "country": "Kenya",
        "unit_type": "plant"
      }
    },
    {
      "type": "Feature",
      "geometry": {
        "type": "Point",
        "coordinates": [
          36.702243355812946,
          -1.349003750832788
        ]
      },
      "properties": {
        "label": "Rejected way 808553626",
        "type": "Capacity placeholder value",
        "osm_element": "https://www.openstreetmap.org/way/808553626",
        "rejection_reason": "Capacity placeholder value",
        "rejection_details": "Tag 'plant:output:electricity' contains placeholder value 'yes' instead of actual capacity",
        "rejection_keywords": "yes",
        "timestamp": "2026-07-01T01:12:19.180019",
        "element_type": "way",
        "element_id": 808553626,
        "country": "Kenya",
        "unit_type": "plant"
      }
    },
    {
      "type": "Feature",
      "geometry": {
        "type": "Point",
        "coordinates": [
          34.81367556646913,
          3.740312762932108
        ]
      },
      "properties": {
        "label": "Rejected way 1204267825",
        "type": "Missing output tag",
        "osm_element": "https://www.openstreetmap.org/way/1204267825",
        "rejection_reason": "Missing output tag",
        "rejection_details": "tags: {'plant:source': 'solar', 'power': 'plant'}",
        "rejection_keywords": "none",
        "timestamp": "2026-07-01T01:12:19.184402",
        "element_type": "way",
        "element_id": 1204267825,
        "country": "Kenya",
        "unit_type": "plant"
      }
    },
    {
      "type": "Feature",
      "geometry": {
        "type": "Point",
        "coordinates": [
          36.99396392995988,
          -0.40728021635044004
        ]
      },
      "properties": {
        "label": "Rejected way 1335970357",
        "type": "Missing source tag",
        "osm_element": "https://www.openstreetmap.org/way/1335970357",
        "rejection_reason": "Missing source tag",
        "rejection_details": "tags: {'landuse': 'industrial', 'power': 'plant'}",
        "rejection_keywords": "none",
        "timestamp": "2026-07-01T01:12:19.187514",
        "element_type": "way",
        "element_id": 1335970357,
        "country": "Kenya",
        "unit_type": "plant"
      }
    },
    {
      "type": "Feature",
      "geometry": {
        "type": "Point",
        "coordinates": [
          40.92171645080307,
          2.820482253473167
        ]
      },
      "properties": {
        "label": "Rejected way 1369665610",
        "type": "Missing output tag",
        "osm_element": "https://www.openstreetmap.org/way/1369665610",
        "rejection_reason": "Missing output tag",
        "rejection_details": "tags: {'plant:source': 'solar', 'power': 'plant'}",
        "rejection_keywords": "none",
        "timestamp": "2026-07-01T01:12:19.187709",
        "element_type": "way",
        "element_id": 1369665610,
        "country": "Kenya",
        "unit_type": "plant"
      }
    },
    {
      "type": "Feature",
      "geometry": {
        "type": "Point",
        "coordinates": [
          40.87412312141994,
          3.5507409652571957
        ]
      },
      "properties": {
        "label": "Rejected way 1369683259",
        "type": "Missing output tag",
        "osm_element": "https://www.openstreetmap.org/way/1369683259",
        "rejection_reason": "Missing output tag",
        "rejection_details": "tags: {'plant:source': 'solar', 'power': 'plant'}",
        "rejection_keywords": "none",
        "timestamp": "2026-07-01T01:12:19.187894",
        "element_type": "way",
        "element_id": 1369683259,
        "country": "Kenya",
        "unit_type": "plant"
      }
    },
    {
      "type": "Feature",
      "geometry": {
        "type": "Point",
        "coordinates": [
          35.08194441998704,
          0.25459166779319925
        ]
      },
      "properties": {
        "label": "Rejected way 1395060855",
        "type": "Missing output tag",
        "osm_element": "https://www.openstreetmap.org/way/1395060855",
        "rejection_reason": "Missing output tag",
        "rejection_details": "tags: {'plant:source': 'solar', 'power': 'plant'}",
        "rejection_keywords": "none",
        "timestamp": "2026-07-01T01:12:19.188069",
        "element_type": "way",
        "element_id": 1395060855,
        "country": "Kenya",
        "unit_type": "plant"
      }
    },
    {
      "type": "Feature",
      "geometry": {
        "type": "Point",
        "coordinates": [
          35.08304050782815,
          0.25818603312196714
        ]
      },
      "properties": {
        "label": "Rejected way 1395060856",
        "type": "Missing output tag",
        "osm_element": "https://www.openstreetmap.org/way/1395060856",
        "rejection_reason": "Missing output tag",
        "rejection_details": "tags: {'plant:source': 'solar', 'power': 'plant'}",
        "rejection_keywords": "none",
        "timestamp": "2026-07-01T01:12:19.188292",
        "element_type": "way",
        "element_id": 1395060856,
        "country": "Kenya",
        "unit_type": "plant"
      }
    },
    {
      "type": "Feature",
      "geometry": {
        "type": "Point",
        "coordinates": [
          36.922769085650614,
          -1.13981824491758
        ]
      },
      "properties": {
        "label": "Rejected way 1395074730",
        "type": "Missing output tag",
        "osm_element": "https://www.openstreetmap.org/way/1395074730",
        "rejection_reason": "Missing output tag",
        "rejection_details": "tags: {'plant:source': 'solar', 'power': 'plant'}",
        "rejection_keywords": "none",
        "timestamp": "2026-07-01T01:12:19.188470",
        "element_type": "way",
        "element_id": 1395074730,
        "country": "Kenya",
        "unit_type": "plant"
      }
    },
    {
      "type": "Feature",
      "geometry": {
        "type": "Point",
        "coordinates": [
          36.92289905546568,
          -1.1391474710637897
        ]
      },
      "properties": {
        "label": "Rejected way 1395074731",
        "type": "Missing output tag",
        "osm_element": "https://www.openstreetmap.org/way/1395074731",
        "rejection_reason": "Missing output tag",
        "rejection_details": "tags: {'plant:source': 'solar', 'power': 'plant'}",
        "rejection_keywords": "none",
        "timestamp": "2026-07-01T01:12:19.188712",
        "element_type": "way",
        "element_id": 1395074731,
        "country": "Kenya",
        "unit_type": "plant"
      }
    },
    {
      "type": "Feature",
      "geometry": {
        "type": "Point",
        "coordinates": [
          39.52996790949104,
          -3.9241508659314612
        ]
      },
      "properties": {
        "label": "Rejected way 1409736972",
        "type": "Capacity placeholder value",
        "osm_element": "https://www.openstreetmap.org/way/1409736972",
        "rejection_reason": "Capacity placeholder value",
        "rejection_details": "Tag 'plant:output:electricity' contains placeholder value 'yes' instead of actual capacity",
        "rejection_keywords": "yes",
        "timestamp": "2026-07-01T01:12:19.189003",
        "element_type": "way",
        "element_id": 1409736972,
        "country": "Kenya",
        "unit_type": "plant"
      }
    },
    {
      "type": "Feature",
      "geometry": {
        "type": "Point",
        "coordinates": [
          35.74590536120089,
          0.06817623435246623
        ]
      },
      "properties": {
        "label": "Rejected way 1422787168",
        "type": "Missing output tag",
        "osm_element": "https://www.openstreetmap.org/way/1422787168",
        "rejection_reason": "Missing output tag",
        "rejection_details": "tags: {'plant:source': 'solar', 'power': 'plant'}",
        "rejection_keywords": "none",
        "timestamp": "2026-07-01T01:12:19.189305",
        "element_type": "way",
        "element_id": 1422787168,
        "country": "Kenya",
        "unit_type": "plant"
      }
    },
    {
      "type": "Feature",
      "geometry": {
        "type": "Point",
        "coordinates": [
          36.83087560824961,
          -0.1966314693427364
        ]
      },
      "properties": {
        "label": "Rejected way 1424432979",
        "type": "Missing output tag",
        "osm_element": "https://www.openstreetmap.org/way/1424432979",
        "rejection_reason": "Missing output tag",
        "rejection_details": "tags: {'plant:source': 'solar', 'power': 'plant'}",
        "rejection_keywords": "none",
        "timestamp": "2026-07-01T01:12:19.189482",
        "element_type": "way",
        "element_id": 1424432979,
        "country": "Kenya",
        "unit_type": "plant"
      }
    },
    {
      "type": "Feature",
      "geometry": {
        "type": "Point",
        "coordinates": [
          39.768208187213226,
          -3.9124059463098018
        ]
      },
      "properties": {
        "label": "Rejected way 1424433491",
        "type": "Missing output tag",
        "osm_element": "https://www.openstreetmap.org/way/1424433491",
        "rejection_reason": "Missing output tag",
        "rejection_details": "tags: {'plant:source': 'solar', 'power': 'plant'}",
        "rejection_keywords": "none",
        "timestamp": "2026-07-01T01:12:19.189656",
        "element_type": "way",
        "element_id": 1424433491,
        "country": "Kenya",
        "unit_type": "plant"
      }
    },
    {
      "type": "Feature",
      "geometry": {
        "type": "Point",
        "coordinates": [
          35.048269439680695,
          -0.5439098650194722
        ]
      },
      "properties": {
        "label": "Rejected way 1424433639",
        "type": "Missing output tag",
        "osm_element": "https://www.openstreetmap.org/way/1424433639",
        "rejection_reason": "Missing output tag",
        "rejection_details": "tags: {'plant:source': 'solar', 'power': 'plant'}",
        "rejection_keywords": "none",
        "timestamp": "2026-07-01T01:12:19.189861",
        "element_type": "way",
        "element_id": 1424433639,
        "country": "Kenya",
        "unit_type": "plant"
      }
    },
    {
      "type": "Feature",
      "geometry": {
        "type": "Point",
        "coordinates": [
          39.72832136088635,
          -3.989265123074672
        ]
      },
      "properties": {
        "label": "Rejected way 1424434508",
        "type": "Missing output tag",
        "osm_element": "https://www.openstreetmap.org/way/1424434508",
        "rejection_reason": "Missing output tag",
        "rejection_details": "tags: {'plant:source': 'solar', 'power': 'plant'}",
        "rejection_keywords": "none",
        "timestamp": "2026-07-01T01:12:19.190125",
        "element_type": "way",
        "element_id": 1424434508,
        "country": "Kenya",
        "unit_type": "plant"
      }
    },
    {
      "type": "Feature",
      "geometry": {
        "type": "Point",
        "coordinates": [
          39.72923873343834,
          -3.9824476513152502
        ]
      },
      "properties": {
        "label": "Rejected way 1424434509",
        "type": "Missing output tag",
        "osm_element": "https://www.openstreetmap.org/way/1424434509",
        "rejection_reason": "Missing output tag",
        "rejection_details": "tags: {'plant:source': 'solar', 'power': 'plant'}",
        "rejection_keywords": "none",
        "timestamp": "2026-07-01T01:12:19.190309",
        "element_type": "way",
        "element_id": 1424434509,
        "country": "Kenya",
        "unit_type": "plant"
      }
    },
    {
      "type": "Feature",
      "geometry": {
        "type": "Point",
        "coordinates": [
          39.75678586498411,
          -3.9262599883633573
        ]
      },
      "properties": {
        "label": "Rejected way 1424434522",
        "type": "Missing output tag",
        "osm_element": "https://www.openstreetmap.org/way/1424434522",
        "rejection_reason": "Missing output tag",
        "rejection_details": "tags: {'plant:source': 'solar', 'power': 'plant'}",
        "rejection_keywords": "none",
        "timestamp": "2026-07-01T01:12:19.190482",
        "element_type": "way",
        "element_id": 1424434522,
        "country": "Kenya",
        "unit_type": "plant"
      }
    },
    {
      "type": "Feature",
      "geometry": {
        "type": "Point",
        "coordinates": [
          39.71877543665523,
          -4.021923147671412
        ]
      },
      "properties": {
        "label": "Rejected way 1424434537",
        "type": "Missing output tag",
        "osm_element": "https://www.openstreetmap.org/way/1424434537",
        "rejection_reason": "Missing output tag",
        "rejection_details": "tags: {'plant:source': 'solar', 'power': 'plant'}",
        "rejection_keywords": "none",
        "timestamp": "2026-07-01T01:12:19.190723",
        "element_type": "way",
        "element_id": 1424434537,
        "country": "Kenya",
        "unit_type": "plant"
      }
    },
    {
      "type": "Feature",
      "geometry": {
        "type": "Point",
        "coordinates": [
          34.92804333050099,
          0.15502747655055063
        ]
      },
      "properties": {
        "label": "Rejected way 1424434698",
        "type": "Missing output tag",
        "osm_element": "https://www.openstreetmap.org/way/1424434698",
        "rejection_reason": "Missing output tag",
        "rejection_details": "tags: {'plant:source': 'solar', 'power': 'plant'}",
        "rejection_keywords": "none",
        "timestamp": "2026-07-01T01:12:19.190916",
        "element_type": "way",
        "element_id": 1424434698,
        "country": "Kenya",
        "unit_type": "plant"
      }
    },
    {
      "type": "Feature",
      "geometry": {
        "type": "Point",
        "coordinates": [
          39.581093844371914,
          -3.9189053057893166
        ]
      },
      "properties": {
        "label": "Rejected way 1424434858",
        "type": "Missing output tag",
        "osm_element": "https://www.openstreetmap.org/way/1424434858",
        "rejection_reason": "Missing output tag",
        "rejection_details": "tags: {'plant:source': 'solar', 'power': 'plant'}",
        "rejection_keywords": "none",
        "timestamp": "2026-07-01T01:12:19.191136",
        "element_type": "way",
        "element_id": 1424434858,
        "country": "Kenya",
        "unit_type": "plant"
      }
    },
    {
      "type": "Feature",
      "geometry": {
        "type": "Point",
        "coordinates": [
          36.40126355877698,
          -0.6653208715877035
        ]
      },
      "properties": {
        "label": "Rejected way 1424434944",
        "type": "Capacity placeholder value",
        "osm_element": "https://www.openstreetmap.org/way/1424434944",
        "rejection_reason": "Capacity placeholder value",
        "rejection_details": "Tag 'plant:output:electricity' contains placeholder value 'yes' instead of actual capacity",
        "rejection_keywords": "yes",
        "timestamp": "2026-07-01T01:12:19.191360",
        "element_type": "way",
        "element_id": 1424434944,
        "country": "Kenya",
        "unit_type": "plant"
      }
    },
    {
      "type": "Feature",
      "geometry": {
        "type": "Point",
        "coordinates": [
          36.9092155608735,
          -1.1149353000090072
        ]
      },
      "properties": {
        "label": "Rejected way 1424444955",
        "type": "Missing output tag",
        "osm_element": "https://www.openstreetmap.org/way/1424444955",
        "rejection_reason": "Missing output tag",
        "rejection_details": "tags: {'plant:source': 'solar', 'power': 'plant'}",
        "rejection_keywords": "none",
        "timestamp": "2026-07-01T01:12:19.191523",
        "element_type": "way",
        "element_id": 1424444955,
        "country": "Kenya",
        "unit_type": "plant"
      }
    },
    {
      "type": "Feature",
      "geometry": {
        "type": "Point",
        "coordinates": [
          35.26433936046643,
          -0.4335199442577329
        ]
      },
      "properties": {
        "label": "Rejected way 1424445067",
        "type": "Capacity placeholder value",
        "osm_element": "https://www.openstreetmap.org/way/1424445067",
        "rejection_reason": "Capacity placeholder value",
        "rejection_details": "Tag 'plant:output:electricity' contains placeholder value 'yes' instead of actual capacity",
        "rejection_keywords": "yes",
        "timestamp": "2026-07-01T01:12:19.191718",
        "element_type": "way",
        "element_id": 1424445067,
        "country": "Kenya",
        "unit_type": "plant"
      }
    },
    {
      "type": "Feature",
      "geometry": {
        "type": "Point",
        "coordinates": [
          40.139057069677676,
          -3.0355903175975425
        ]
      },
      "properties": {
        "label": "Rejected way 1424445339",
        "type": "Missing output tag",
        "osm_element": "https://www.openstreetmap.org/way/1424445339",
        "rejection_reason": "Missing output tag",
        "rejection_details": "tags: {'plant:source': 'solar', 'power': 'plant'}",
        "rejection_keywords": "none",
        "timestamp": "2026-07-01T01:12:19.191922",
        "element_type": "way",
        "element_id": 1424445339,
        "country": "Kenya",
        "unit_type": "plant"
      }
    },
    {
      "type": "Feature",
      "geometry": {
        "type": "Point",
        "coordinates": [
          35.879219197309645,
          -0.23196322079225426
        ]
      },
      "properties": {
        "label": "Rejected way 1424445691",
        "type": "Missing output tag",
        "osm_element": "https://www.openstreetmap.org/way/1424445691",
        "rejection_reason": "Missing output tag",
        "rejection_details": "tags: {'plant:source': 'solar', 'power': 'plant'}",
        "rejection_keywords": "none",
        "timestamp": "2026-07-01T01:12:19.192381",
        "element_type": "way",
        "element_id": 1424445691,
        "country": "Kenya",
        "unit_type": "plant"
      }
    },
    {
      "type": "Feature",
      "geometry": {
        "type": "Point",
        "coordinates": [
          35.22353263350587,
          -0.48240280993884027
        ]
      },
      "properties": {
        "label": "Rejected way 1426603147",
        "type": "Capacity placeholder value",
        "osm_element": "https://www.openstreetmap.org/way/1426603147",
        "rejection_reason": "Capacity placeholder value",
        "rejection_details": "Tag 'plant:output:electricity' contains placeholder value 'yes' instead of actual capacity",
        "rejection_keywords": "yes",
        "timestamp": "2026-07-01T01:12:19.192644",
        "element_type": "way",
        "element_id": 1426603147,
        "country": "Kenya",
        "unit_type": "plant"
      }
    },
    {
      "type": "Feature",
      "geometry": {
        "type": "Point",
        "coordinates": [
          40.922121675412946,
          2.8213909378123927
        ]
      },
      "properties": {
        "label": "Rejected way 1426610903",
        "type": "Missing output tag",
        "osm_element": "https://www.openstreetmap.org/way/1426610903",
        "rejection_reason": "Missing output tag",
        "rejection_details": "tags: {'plant:source': 'solar', 'power': 'plant'}",
        "rejection_keywords": "none",
        "timestamp": "2026-07-01T01:12:19.192852",
        "element_type": "way",
        "element_id": 1426610903,
        "country": "Kenya",
        "unit_type": "plant"
      }
    },
    {
      "type": "Feature",
      "geometry": {
        "type": "Point",
        "coordinates": [
          35.322889512408715,
          -0.3745952090485137
        ]
      },
      "properties": {
        "label": "Rejected way 1426610905",
        "type": "Capacity placeholder value",
        "osm_element": "https://www.openstreetmap.org/way/1426610905",
        "rejection_reason": "Capacity placeholder value",
        "rejection_details": "Tag 'plant:output:electricity' contains placeholder value 'yes' instead of actual capacity",
        "rejection_keywords": "yes",
        "timestamp": "2026-07-01T01:12:19.193032",
        "element_type": "way",
        "element_id": 1426610905,
        "country": "Kenya",
        "unit_type": "plant"
      }
    },
    {
      "type": "Feature",
      "geometry": {
        "type": "Point",
        "coordinates": [
          38.06242020874949,
          -2.9059440467612525
        ]
      },
      "properties": {
        "label": "Rejected way 1431984217",
        "type": "Capacity regex no match",
        "osm_element": "https://www.openstreetmap.org/way/1431984217",
        "rejection_reason": "Capacity regex no match",
        "rejection_details": "Tag 'plant:output:electricity' has value '322kW' which could not be parsed",
        "rejection_keywords": "322kW",
        "timestamp": "2026-07-01T01:12:19.193201",
        "element_type": "way",
        "element_id": 1431984217,
        "country": "Kenya",
        "unit_type": "plant"
      }
    },
    {
      "type": "Feature",
      "geometry": {
        "type": "Point",
        "coordinates": [
          39.869771571223524,
          3.838353746586825
        ]
      },
      "properties": {
        "label": "Rejected way 1473012259",
        "type": "Missing output tag",
        "osm_element": "https://www.openstreetmap.org/way/1473012259",
        "rejection_reason": "Missing output tag",
        "rejection_details": "tags: {'plant:source': 'solar', 'power': 'plant'}",
        "rejection_keywords": "none",
        "timestamp": "2026-07-01T01:12:19.193377",
        "element_type": "way",
        "element_id": 1473012259,
        "country": "Kenya",
        "unit_type": "plant"
      }
    },
    {
      "type": "Feature",
      "geometry": {
        "type": "Point",
        "coordinates": [
          36.47256660000001,
          -0.6573770499999999
        ]
      },
      "properties": {
        "label": "Rejected way 1497614688",
        "type": "Capacity regex no match",
        "osm_element": "https://www.openstreetmap.org/way/1497614688",
        "rejection_reason": "Capacity regex no match",
        "rejection_details": "Tag 'plant:output:electricity' has value '69 kW' which could not be parsed",
        "rejection_keywords": "69 kW",
        "timestamp": "2026-07-01T01:12:19.193553",
        "element_type": "way",
        "element_id": 1497614688,
        "country": "Kenya",
        "unit_type": "plant"
      }
    },
    {
      "type": "Feature",
      "geometry": {
        "type": "Point",
        "coordinates": [
          57.7269115,
          -20.1359911
        ]
      },
      "properties": {
        "label": "Rejected node 5842066855",
        "type": "Capacity regex no match",
        "osm_element": "https://www.openstreetmap.org/node/5842066855",
        "rejection_reason": "Capacity regex no match",
        "rejection_details": "Tag 'generator:output:electricity' has value '850 kW' which could not be parsed",
        "rejection_keywords": "850 kW",
        "timestamp": "2026-07-01T01:19:36.461886",
        "element_type": "node",
        "element_id": 5842066855,
        "country": "Mauritius",
        "unit_type": "generator"
      }
    },
    {
      "type": "Feature",
      "geometry": {
        "type": "Point",
        "coordinates": [
          57.7275458,
          -20.1353288
        ]
      },
      "properties": {
        "label": "Rejected node 5842066854",
        "type": "Capacity regex no match",
        "osm_element": "https://www.openstreetmap.org/node/5842066854",
        "rejection_reason": "Capacity regex no match",
        "rejection_details": "Tag 'generator:output:electricity' has value '850 kW' which could not be parsed",
        "rejection_keywords": "850 kW",
        "timestamp": "2026-07-01T01:19:36.461915",
        "element_type": "node",
        "element_id": 5842066854,
        "country": "Mauritius",
        "unit_type": "generator"
      }
    },
    {
      "type": "Feature",
      "geometry": {
        "type": "Point",
        "coordinates": [
          57.7283518,
          -20.1344612
        ]
      },
      "properties": {
        "label": "Rejected node 5842066853",
        "type": "Capacity regex no match",
        "osm_element": "https://www.openstreetmap.org/node/5842066853",
        "rejection_reason": "Capacity regex no match",
        "rejection_details": "Tag 'generator:output:electricity' has value '850 kW' which could not be parsed",
        "rejection_keywords": "850 kW",
        "timestamp": "2026-07-01T01:19:36.461936",
        "element_type": "node",
        "element_id": 5842066853,
        "country": "Mauritius",
        "unit_type": "generator"
      }
    },
    {
      "type": "Feature",
      "geometry": {
        "type": "Point",
        "coordinates": [
          57.7290089,
          -20.1337511
        ]
      },
      "properties": {
        "label": "Rejected node 5842066852",
        "type": "Capacity regex no match",
        "osm_element": "https://www.openstreetmap.org/node/5842066852",
        "rejection_reason": "Capacity regex no match",
        "rejection_details": "Tag 'generator:output:electricity' has value '850 kW' which could not be parsed",
        "rejection_keywords": "850 kW",
        "timestamp": "2026-07-01T01:19:36.461956",
        "element_type": "node",
        "element_id": 5842066852,
        "country": "Mauritius",
        "unit_type": "generator"
      }
    },
    {
      "type": "Feature",
      "geometry": {
        "type": "Point",
        "coordinates": [
          57.7296795,
          -20.1330611
        ]
      },
      "properties": {
        "label": "Rejected node 5842066851",
        "type": "Capacity regex no match",
        "osm_element": "https://www.openstreetmap.org/node/5842066851",
        "rejection_reason": "Capacity regex no match",
        "rejection_details": "Tag 'generator:output:electricity' has value '850 kW' which could not be parsed",
        "rejection_keywords": "850 kW",
        "timestamp": "2026-07-01T01:19:36.461975",
        "element_type": "node",
        "element_id": 5842066851,
        "country": "Mauritius",
        "unit_type": "generator"
      }
    },
    {
      "type": "Feature",
      "geometry": {
        "type": "Point",
        "coordinates": [
          57.7303286,
          -20.1323559
        ]
      },
      "properties": {
        "label": "Rejected node 5842066850",
        "type": "Capacity regex no match",
        "osm_element": "https://www.openstreetmap.org/node/5842066850",
        "rejection_reason": "Capacity regex no match",
        "rejection_details": "Tag 'generator:output:electricity' has value '850 kW' which could not be parsed",
        "rejection_keywords": "850 kW",
        "timestamp": "2026-07-01T01:19:36.461994",
        "element_type": "node",
        "element_id": 5842066850,
        "country": "Mauritius",
        "unit_type": "generator"
      }
    },
    {
      "type": "Feature",
      "geometry": {
        "type": "Point",
        "coordinates": [
          57.7309978,
          -20.1316571
        ]
      },
      "properties": {
        "label": "Rejected node 5842066849",
        "type": "Capacity regex no match",
        "osm_element": "https://www.openstreetmap.org/node/5842066849",
        "rejection_reason": "Capacity regex no match",
        "rejection_details": "Tag 'generator:output:electricity' has value '850 kW' which could not be parsed",
        "rejection_keywords": "850 kW",
        "timestamp": "2026-07-01T01:19:36.462012",
        "element_type": "node",
        "element_id": 5842066849,
        "country": "Mauritius",
        "unit_type": "generator"
      }
    },
    {
      "type": "Feature",
      "geometry": {
        "type": "Point",
        "coordinates": [
          57.731659,
          -20.130962
        ]
      },
      "properties": {
        "label": "Rejected node 5842066848",
        "type": "Capacity regex no match",
        "osm_element": "https://www.openstreetmap.org/node/5842066848",
        "rejection_reason": "Capacity regex no match",
        "rejection_details": "Tag 'generator:output:electricity' has value '850 kW' which could not be parsed",
        "rejection_keywords": "850 kW",
        "timestamp": "2026-07-01T01:19:36.462031",
        "element_type": "node",
        "element_id": 5842066848,
        "country": "Mauritius",
        "unit_type": "generator"
      }
    },
    {
      "type": "Feature",
      "geometry": {
        "type": "Point",
        "coordinates": [
          57.7323161,
          -20.1302544
        ]
      },
      "properties": {
        "label": "Rejected node 5842066847",
        "type": "Capacity regex no match",
        "osm_element": "https://www.openstreetmap.org/node/5842066847",
        "rejection_reason": "Capacity regex no match",
        "rejection_details": "Tag 'generator:output:electricity' has value '850 kW' which could not be parsed",
        "rejection_keywords": "850 kW",
        "timestamp": "2026-07-01T01:19:36.462049",
        "element_type": "node",
        "element_id": 5842066847,
        "country": "Mauritius",
        "unit_type": "generator"
      }
    },
    {
      "type": "Feature",
      "geometry": {
        "type": "Point",
        "coordinates": [
          57.7328619,
          -20.1295203
        ]
      },
      "properties": {
        "label": "Rejected node 5842066846",
        "type": "Capacity regex no match",
        "osm_element": "https://www.openstreetmap.org/node/5842066846",
        "rejection_reason": "Capacity regex no match",
        "rejection_details": "Tag 'generator:output:electricity' has value '850 kW' which could not be parsed",
        "rejection_keywords": "850 kW",
        "timestamp": "2026-07-01T01:19:36.462068",
        "element_type": "node",
        "element_id": 5842066846,
        "country": "Mauritius",
        "unit_type": "generator"
      }
    },
    {
      "type": "Feature",
      "geometry": {
        "type": "Point",
        "coordinates": [
          57.7262798,
          -20.1366572
        ]
      },
      "properties": {
        "label": "Rejected node 5842066856",
        "type": "Capacity regex no match",
        "osm_element": "https://www.openstreetmap.org/node/5842066856",
        "rejection_reason": "Capacity regex no match",
        "rejection_details": "Tag 'generator:output:electricity' has value '850 kW' which could not be parsed",
        "rejection_keywords": "850 kW",
        "timestamp": "2026-07-01T01:19:36.462088",
        "element_type": "node",
        "element_id": 5842066856,
        "country": "Mauritius",
        "unit_type": "generator"
      }
    },
    {
      "type": "Feature",
      "geometry": {
        "type": "Point",
        "coordinates": [
          63.480282,
          -19.6837429
        ]
      },
      "properties": {
        "label": "Rejected node 6802555683",
        "type": "Capacity regex no match",
        "osm_element": "https://www.openstreetmap.org/node/6802555683",
        "rejection_reason": "Capacity regex no match",
        "rejection_details": "Tag 'generator:output:electricity' has value '275 kW' which could not be parsed",
        "rejection_keywords": "275 kW",
        "timestamp": "2026-07-01T01:19:36.462825",
        "element_type": "node",
        "element_id": 6802555683,
        "country": "Mauritius",
        "unit_type": "generator"
      }
    },
    {
      "type": "Feature",
      "geometry": {
        "type": "Point",
        "coordinates": [
          63.4800481,
          -19.6844512
        ]
      },
      "properties": {
        "label": "Rejected node 6802555682",
        "type": "Capacity regex no match",
        "osm_element": "https://www.openstreetmap.org/node/6802555682",
        "rejection_reason": "Capacity regex no match",
        "rejection_details": "Tag 'generator:output:electricity' has value '275 kW' which could not be parsed",
        "rejection_keywords": "275 kW",
        "timestamp": "2026-07-01T01:19:36.462851",
        "element_type": "node",
        "element_id": 6802555682,
        "country": "Mauritius",
        "unit_type": "generator"
      }
    },
    {
      "type": "Feature",
      "geometry": {
        "type": "Point",
        "coordinates": [
          63.4799883,
          -19.6852721
        ]
      },
      "properties": {
        "label": "Rejected node 6802555681",
        "type": "Capacity regex no match",
        "osm_element": "https://www.openstreetmap.org/node/6802555681",
        "rejection_reason": "Capacity regex no match",
        "rejection_details": "Tag 'generator:output:electricity' has value '275 kW' which could not be parsed",
        "rejection_keywords": "275 kW",
        "timestamp": "2026-07-01T01:19:36.462872",
        "element_type": "node",
        "element_id": 6802555681,
        "country": "Mauritius",
        "unit_type": "generator"
      }
    },
    {
      "type": "Feature",
      "geometry": {
        "type": "Point",
        "coordinates": [
          63.4805716,
          -19.6830611
        ]
      },
      "properties": {
        "label": "Rejected node 6802555680",
        "type": "Capacity regex no match",
        "osm_element": "https://www.openstreetmap.org/node/6802555680",
        "rejection_reason": "Capacity regex no match",
        "rejection_details": "Tag 'generator:output:electricity' has value '275 kW' which could not be parsed",
        "rejection_keywords": "275 kW",
        "timestamp": "2026-07-01T01:19:36.462890",
        "element_type": "node",
        "element_id": 6802555680,
        "country": "Mauritius",
        "unit_type": "generator"
      }
    },
    {
      "type": "Feature",
      "geometry": {
        "type": "Point",
        "coordinates": [
          57.62867905499971,
          -20.473804314836087
        ]
      },
      "properties": {
        "label": "Rejected way 413978454",
        "type": "Capacity placeholder value",
        "osm_element": "https://www.openstreetmap.org/way/413978454",
        "rejection_reason": "Capacity placeholder value",
        "rejection_details": "Tag 'plant:output:electricity' contains placeholder value 'yes' instead of actual capacity",
        "rejection_keywords": "yes",
        "timestamp": "2026-07-01T01:19:36.465360",
        "element_type": "way",
        "element_id": 413978454,
        "country": "Mauritius",
        "unit_type": "plant"
      }
    },
    {
      "type": "Feature",
      "geometry": {
        "type": "Point",
        "coordinates": [
          57.558277580682386,
          -20.034911686621147
        ]
      },
      "properties": {
        "label": "Rejected way 674565864",
        "type": "Capacity placeholder value",
        "osm_element": "https://www.openstreetmap.org/way/674565864",
        "rejection_reason": "Capacity placeholder value",
        "rejection_details": "Tag 'plant:output:electricity' contains placeholder value 'yes' instead of actual capacity",
        "rejection_keywords": "yes",
        "timestamp": "2026-07-01T01:19:36.465553",
        "element_type": "way",
        "element_id": 674565864,
        "country": "Mauritius",
        "unit_type": "plant"
      }
    },
    {
      "type": "Feature",
      "geometry": {
        "type": "Point",
        "coordinates": [
          57.45049736039095,
          -20.18525341247332
        ]
      },
      "properties": {
        "label": "Rejected way 884709672",
        "type": "Capacity placeholder value",
        "osm_element": "https://www.openstreetmap.org/way/884709672",
        "rejection_reason": "Capacity placeholder value",
        "rejection_details": "Tag 'plant:output:electricity' contains placeholder value 'yes' instead of actual capacity",
        "rejection_keywords": "yes",
        "timestamp": "2026-07-01T01:19:36.465791",
        "element_type": "way",
        "element_id": 884709672,
        "country": "Mauritius",
        "unit_type": "plant"
      }
    },
    {
      "type": "Feature",
      "geometry": {
        "type": "Point",
        "coordinates": [
          57.534608558903265,
          -20.078668016225606
        ]
      },
      "properties": {
        "label": "Rejected way 1174290502",
        "type": "Capacity placeholder value",
        "osm_element": "https://www.openstreetmap.org/way/1174290502",
        "rejection_reason": "Capacity placeholder value",
        "rejection_details": "Tag 'plant:output:electricity' contains placeholder value 'yes' instead of actual capacity",
        "rejection_keywords": "yes",
        "timestamp": "2026-07-01T01:19:36.469461",
        "element_type": "way",
        "element_id": 1174290502,
        "country": "Mauritius",
        "unit_type": "plant"
      }
    },
    {
      "type": "Feature",
      "geometry": {
        "type": "Point",
        "coordinates": [
          57.537629796002975,
          -20.0769140983
        ]
      },
      "properties": {
        "label": "Rejected way 1174290503",
        "type": "Capacity placeholder value",
        "osm_element": "https://www.openstreetmap.org/way/1174290503",
        "rejection_reason": "Capacity placeholder value",
        "rejection_details": "Tag 'plant:output:electricity' contains placeholder value 'yes' instead of actual capacity",
        "rejection_keywords": "yes",
        "timestamp": "2026-07-01T01:19:36.469627",
        "element_type": "way",
        "element_id": 1174290503,
        "country": "Mauritius",
        "unit_type": "plant"
      }
    },
    {
      "type": "Feature",
      "geometry": {
        "type": "Point",
        "coordinates": [
          57.53868608031108,
          -20.073028574416412
        ]
      },
      "properties": {
        "label": "Rejected way 1174290505",
        "type": "Capacity placeholder value",
        "osm_element": "https://www.openstreetmap.org/way/1174290505",
        "rejection_reason": "Capacity placeholder value",
        "rejection_details": "Tag 'plant:output:electricity' contains placeholder value 'yes' instead of actual capacity",
        "rejection_keywords": "yes",
        "timestamp": "2026-07-01T01:19:36.469820",
        "element_type": "way",
        "element_id": 1174290505,
        "country": "Mauritius",
        "unit_type": "plant"
      }
    },
    {
      "type": "Feature",
      "geometry": {
        "type": "Point",
        "coordinates": [
          57.49936211971991,
          -20.29543282804213
        ]
      },
      "properties": {
        "label": "Rejected way 1215227993",
        "type": "Missing source tag",
        "osm_element": "https://www.openstreetmap.org/way/1215227993",
        "rejection_reason": "Missing source tag",
        "rejection_details": "tags: {'landuse': 'industrial', 'name': 'St Paul Admirality Sub-Station', 'operator': 'éléctricité', 'power': 'plant'}",
        "rejection_keywords": "none",
        "timestamp": "2026-07-01T01:19:36.469978",
        "element_type": "way",
        "element_id": 1215227993,
        "country": "Mauritius",
        "unit_type": "plant"
      }
    },
    {
      "type": "Feature",
      "geometry": {
        "type": "Point",
        "coordinates": [
          57.597705239233505,
          -20.06664950233951
        ]
      },
      "properties": {
        "label": "Rejected way 1238899907",
        "type": "Capacity placeholder value",
        "osm_element": "https://www.openstreetmap.org/way/1238899907",
        "rejection_reason": "Capacity placeholder value",
        "rejection_details": "Tag 'plant:output:electricity' contains placeholder value 'yes' instead of actual capacity",
        "rejection_keywords": "yes",
        "timestamp": "2026-07-01T01:19:36.470176",
        "element_type": "way",
        "element_id": 1238899907,
        "country": "Mauritius",
        "unit_type": "plant"
      }
    },
    {
      "type": "Feature",
      "geometry": {
        "type": "Point",
        "coordinates": [
          57.58488110635095,
          -20.085828457915078
        ]
      },
      "properties": {
        "label": "Rejected way 1293647140",
        "type": "Capacity placeholder value",
        "osm_element": "https://www.openstreetmap.org/way/1293647140",
        "rejection_reason": "Capacity placeholder value",
        "rejection_details": "Tag 'plant:output:electricity' contains placeholder value 'yes' instead of actual capacity",
        "rejection_keywords": "yes",
        "timestamp": "2026-07-01T01:19:36.470360",
        "element_type": "way",
        "element_id": 1293647140,
        "country": "Mauritius",
        "unit_type": "plant"
      }
    },
    {
      "type": "Feature",
      "geometry": {
        "type": "Point",
        "coordinates": [
          57.77097242153677,
          -20.261250134559802
        ]
      },
      "properties": {
        "label": "Rejected way 1337696955",
        "type": "Capacity placeholder value",
        "osm_element": "https://www.openstreetmap.org/way/1337696955",
        "rejection_reason": "Capacity placeholder value",
        "rejection_details": "Tag 'plant:output:electricity' contains placeholder value 'yes' instead of actual capacity",
        "rejection_keywords": "yes",
        "timestamp": "2026-07-01T01:19:36.470533",
        "element_type": "way",
        "element_id": 1337696955,
        "country": "Mauritius",
        "unit_type": "plant"
      }
    },
    {
      "type": "Feature",
      "geometry": {
        "type": "Point",
        "coordinates": [
          57.70395340894411,
          -20.23151100699091
        ]
      },
      "properties": {
        "label": "Rejected way 1337696956",
        "type": "Capacity placeholder value",
        "osm_element": "https://www.openstreetmap.org/way/1337696956",
        "rejection_reason": "Capacity placeholder value",
        "rejection_details": "Tag 'plant:output:electricity' contains placeholder value 'yes' instead of actual capacity",
        "rejection_keywords": "yes",
        "timestamp": "2026-07-01T01:19:36.470786",
        "element_type": "way",
        "element_id": 1337696956,
        "country": "Mauritius",
        "unit_type": "plant"
      }
    },
    {
      "type": "Feature",
      "geometry": {
        "type": "Point",
        "coordinates": [
          57.70063668468323,
          -20.22945237178517
        ]
      },
      "properties": {
        "label": "Rejected way 1337696957",
        "type": "Capacity placeholder value",
        "osm_element": "https://www.openstreetmap.org/way/1337696957",
        "rejection_reason": "Capacity placeholder value",
        "rejection_details": "Tag 'plant:output:electricity' contains placeholder value 'yes' instead of actual capacity",
        "rejection_keywords": "yes",
        "timestamp": "2026-07-01T01:19:36.470950",
        "element_type": "way",
        "element_id": 1337696957,
        "country": "Mauritius",
        "unit_type": "plant"
      }
    },
    {
      "type": "Feature",
      "geometry": {
        "type": "Point",
        "coordinates": [
          57.69873196123432,
          -20.227124268987353
        ]
      },
      "properties": {
        "label": "Rejected way 1337696958",
        "type": "Capacity placeholder value",
        "osm_element": "https://www.openstreetmap.org/way/1337696958",
        "rejection_reason": "Capacity placeholder value",
        "rejection_details": "Tag 'plant:output:electricity' contains placeholder value 'yes' instead of actual capacity",
        "rejection_keywords": "yes",
        "timestamp": "2026-07-01T01:19:36.471109",
        "element_type": "way",
        "element_id": 1337696958,
        "country": "Mauritius",
        "unit_type": "plant"
      }
    },
    {
      "type": "Feature",
      "geometry": {
        "type": "Point",
        "coordinates": [
          57.703259617958885,
          -20.228301752729333
        ]
      },
      "properties": {
        "label": "Rejected way 1337696959",
        "type": "Capacity placeholder value",
        "osm_element": "https://www.openstreetmap.org/way/1337696959",
        "rejection_reason": "Capacity placeholder value",
        "rejection_details": "Tag 'plant:output:electricity' contains placeholder value 'yes' instead of actual capacity",
        "rejection_keywords": "yes",
        "timestamp": "2026-07-01T01:19:36.471267",
        "element_type": "way",
        "element_id": 1337696959,
        "country": "Mauritius",
        "unit_type": "plant"
      }
    },
    {
      "type": "Feature",
      "geometry": {
        "type": "Point",
        "coordinates": [
          57.53732089259249,
          -20.073596302409992
        ]
      },
      "properties": {
        "label": "Rejected way 1347108048",
        "type": "Capacity placeholder value",
        "osm_element": "https://www.openstreetmap.org/way/1347108048",
        "rejection_reason": "Capacity placeholder value",
        "rejection_details": "Tag 'plant:output:electricity' contains placeholder value 'yes' instead of actual capacity",
        "rejection_keywords": "yes",
        "timestamp": "2026-07-01T01:19:36.471448",
        "element_type": "way",
        "element_id": 1347108048,
        "country": "Mauritius",
        "unit_type": "plant"
      }
    },
    {
      "type": "Feature",
      "geometry": {
        "type": "Point",
        "coordinates": [
          57.54022035030696,
          -20.07467015324631
        ]
      },
      "properties": {
        "label": "Rejected way 1347108049",
        "type": "Capacity placeholder value",
        "osm_element": "https://www.openstreetmap.org/way/1347108049",
        "rejection_reason": "Capacity placeholder value",
        "rejection_details": "Tag 'plant:output:electricity' contains placeholder value 'yes' instead of actual capacity",
        "rejection_keywords": "yes",
        "timestamp": "2026-07-01T01:19:36.471663",
        "element_type": "way",
        "element_id": 1347108049,
        "country": "Mauritius",
        "unit_type": "plant"
      }
    },
    {
      "type": "Feature",
      "geometry": {
        "type": "Point",
        "coordinates": [
          57.49468044999999,
          -20.159654
        ]
      },
      "properties": {
        "label": "Rejected way 1375524219",
        "type": "Capacity placeholder value",
        "osm_element": "https://www.openstreetmap.org/way/1375524219",
        "rejection_reason": "Capacity placeholder value",
        "rejection_details": "Tag 'plant:output:electricity' contains placeholder value 'yes' instead of actual capacity",
        "rejection_keywords": "yes",
        "timestamp": "2026-07-01T01:19:36.471854",
        "element_type": "way",
        "element_id": 1375524219,
        "country": "Mauritius",
        "unit_type": "plant"
      }
    },
    {
      "type": "Feature",
      "geometry": {
        "type": "Point",
        "coordinates": [
          57.49481553991536,
          -20.15958345993779
        ]
      },
      "properties": {
        "label": "Rejected way 1375524220",
        "type": "Capacity placeholder value",
        "osm_element": "https://www.openstreetmap.org/way/1375524220",
        "rejection_reason": "Capacity placeholder value",
        "rejection_details": "Tag 'plant:output:electricity' contains placeholder value 'yes' instead of actual capacity",
        "rejection_keywords": "yes",
        "timestamp": "2026-07-01T01:19:36.472015",
        "element_type": "way",
        "element_id": 1375524220,
        "country": "Mauritius",
        "unit_type": "plant"
      }
    },
    {
      "type": "Feature",
      "geometry": {
        "type": "Point",
        "coordinates": [
          57.494913975869075,
          -20.15951813017757
        ]
      },
      "properties": {
        "label": "Rejected way 1375524221",
        "type": "Capacity placeholder value",
        "osm_element": "https://www.openstreetmap.org/way/1375524221",
        "rejection_reason": "Capacity placeholder value",
        "rejection_details": "Tag 'plant:output:electricity' contains placeholder value 'yes' instead of actual capacity",
        "rejection_keywords": "yes",
        "timestamp": "2026-07-01T01:19:36.472172",
        "element_type": "way",
        "element_id": 1375524221,
        "country": "Mauritius",
        "unit_type": "plant"
      }
    },
    {
      "type": "Feature",
      "geometry": {
        "type": "Point",
        "coordinates": [
          57.46845110612901,
          -20.355130504686315
        ]
      },
      "properties": {
        "label": "Rejected way 1470189528",
        "type": "Capacity placeholder value",
        "osm_element": "https://www.openstreetmap.org/way/1470189528",
        "rejection_reason": "Capacity placeholder value",
        "rejection_details": "Tag 'plant:output:electricity' contains placeholder value 'yes' instead of actual capacity",
        "rejection_keywords": "yes",
        "timestamp": "2026-07-01T01:19:36.472842",
        "element_type": "way",
        "element_id": 1470189528,
        "country": "Mauritius",
        "unit_type": "plant"
      }
    },
    {
      "type": "Feature",
      "geometry": {
        "type": "Point",
        "coordinates": [
          57.47192499882532,
          -20.35797066820859
        ]
      },
      "properties": {
        "label": "Rejected way 1474894338",
        "type": "Capacity placeholder value",
        "osm_element": "https://www.openstreetmap.org/way/1474894338",
        "rejection_reason": "Capacity placeholder value",
        "rejection_details": "Tag 'plant:output:electricity' contains placeholder value 'yes' instead of actual capacity",
        "rejection_keywords": "yes",
        "timestamp": "2026-07-01T01:19:36.473654",
        "element_type": "way",
        "element_id": 1474894338,
        "country": "Mauritius",
        "unit_type": "plant"
      }
    },
    {
      "type": "Feature",
      "geometry": {
        "type": "Point",
        "coordinates": [
          57.47011198739807,
          -20.359607678442927
        ]
      },
      "properties": {
        "label": "Rejected way 1474894339",
        "type": "Capacity placeholder value",
        "osm_element": "https://www.openstreetmap.org/way/1474894339",
        "rejection_reason": "Capacity placeholder value",
        "rejection_details": "Tag 'plant:output:electricity' contains placeholder value 'yes' instead of actual capacity",
        "rejection_keywords": "yes",
        "timestamp": "2026-07-01T01:19:36.474124",
        "element_type": "way",
        "element_id": 1474894339,
        "country": "Mauritius",
        "unit_type": "plant"
      }
    },
    {
      "type": "Feature",
      "geometry": {
        "type": "Point",
        "coordinates": [
          40.628133368766356,
          -14.534104806873842
        ]
      },
      "properties": {
        "label": "Rejected way 326324219",
        "type": "Missing output tag",
        "osm_element": "https://www.openstreetmap.org/way/326324219",
        "rejection_reason": "Missing output tag",
        "rejection_details": "tags: {'landuse': 'industrial', 'name': 'Aggreko', 'plant:source': 'diesel', 'power': 'plant'}",
        "rejection_keywords": "none",
        "timestamp": "2026-07-01T01:27:38.316075",
        "element_type": "way",
        "element_id": 326324219,
        "country": "Mozambique",
        "unit_type": "plant"
      }
    },
    {
      "type": "Feature",
      "geometry": {
        "type": "Point",
        "coordinates": [
          39.30978220548156,
          -11.312136792574012
        ]
      },
      "properties": {
        "label": "Rejected way 1293802550",
        "type": "Capacity regex no match",
        "osm_element": "https://www.openstreetmap.org/way/1293802550",
        "rejection_reason": "Capacity regex no match",
        "rejection_details": "Tag 'plant:output:electricity' has value '200kWp' which could not be parsed",
        "rejection_keywords": "200kWp",
        "timestamp": "2026-07-01T01:27:38.323448",
        "element_type": "way",
        "element_id": 1293802550,
        "country": "Mozambique",
        "unit_type": "plant"
      }
    },
    {
      "type": "Feature",
      "geometry": {
        "type": "Point",
        "coordinates": [
          32.134259097645696,
          -25.218725304654836
        ]
      },
      "properties": {
        "label": "Rejected way 1393750407",
        "type": "Missing output tag",
        "osm_element": "https://www.openstreetmap.org/way/1393750407",
        "rejection_reason": "Missing output tag",
        "rejection_details": "tags: {'plant:source': 'hydro', 'power': 'plant'}",
        "rejection_keywords": "none",
        "timestamp": "2026-07-01T01:27:38.324450",
        "element_type": "way",
        "element_id": 1393750407,
        "country": "Mozambique",
        "unit_type": "plant"
      }
    },
    {
      "type": "Feature",
      "geometry": {
        "type": "Point",
        "coordinates": [
          44.45532709495133,
          -16.604186454061004
        ]
      },
      "properties": {
        "label": "Rejected way 290863936",
        "type": "Missing source tag",
        "osm_element": "https://www.openstreetmap.org/way/290863936",
        "rejection_reason": "Missing source tag",
        "rejection_details": "tags: {'power': 'plant'}",
        "rejection_keywords": "none",
        "timestamp": "2026-07-01T01:34:50.531553",
        "element_type": "way",
        "element_id": 290863936,
        "country": "Madagascar",
        "unit_type": "plant"
      }
    },
    {
      "type": "Feature",
      "geometry": {
        "type": "Point",
        "coordinates": [
          48.619102654714276,
          -18.79402321989764
        ]
      },
      "properties": {
        "label": "Rejected way 506145670",
        "type": "Missing output tag",
        "osm_element": "https://www.openstreetmap.org/way/506145670",
        "rejection_reason": "Missing output tag",
        "rejection_details": "tags: {'associated_river': 'Vohitra', 'capacity': '0.0 (million m^3)', 'country': 'MG', 'height': '10.0', 'name': \"Barrage d'Andekaleka\", 'note': 'We are in the process of identifying emergency preparedness plans and contact information for this location. If you have this information please contact hydro@climatecentre.org', 'plant:source': 'hydro', 'power': 'plant', 'start_date': '1982', 'waterway': 'dam', 'wikidata': 'Q16247139'}",
        "rejection_keywords": "none",
        "timestamp": "2026-07-01T01:34:50.532427",
        "element_type": "way",
        "element_id": 506145670,
        "country": "Madagascar",
        "unit_type": "plant"
      }
    },
    {
      "type": "Feature",
      "geometry": {
        "type": "Point",
        "coordinates": [
          46.316475768575984,
          -15.724780761124304
        ]
      },
      "properties": {
        "label": "Rejected way 548119582",
        "type": "Missing source tag",
        "osm_element": "https://www.openstreetmap.org/way/548119582",
        "rejection_reason": "Missing source tag",
        "rejection_details": "tags: {'landuse': 'industrial', 'name': 'CMS Jirama', 'operator': 'JIRAMA', 'power': 'plant'}",
        "rejection_keywords": "none",
        "timestamp": "2026-07-01T01:34:50.532815",
        "element_type": "way",
        "element_id": 548119582,
        "country": "Madagascar",
        "unit_type": "plant"
      }
    },
    {
      "type": "Feature",
      "geometry": {
        "type": "Point",
        "coordinates": [
          47.92945105082446,
          -18.92129272223422
        ]
      },
      "properties": {
        "label": "Rejected way 722566009",
        "type": "Missing output tag",
        "osm_element": "https://www.openstreetmap.org/way/722566009",
        "rejection_reason": "Missing output tag",
        "rejection_details": "tags: {'plant:source': 'hydro', 'power': 'plant', 'waterway': 'dam', 'wikidata': 'Q16894585'}",
        "rejection_keywords": "none",
        "timestamp": "2026-07-01T01:34:50.534863",
        "element_type": "way",
        "element_id": 722566009,
        "country": "Madagascar",
        "unit_type": "plant"
      }
    },
    {
      "type": "Feature",
      "geometry": {
        "type": "Point",
        "coordinates": [
          46.87579503768824,
          -25.006397926699698
        ]
      },
      "properties": {
        "label": "Rejected way 818757868",
        "type": "Capacity placeholder value",
        "osm_element": "https://www.openstreetmap.org/way/818757868",
        "rejection_reason": "Capacity placeholder value",
        "rejection_details": "Tag 'plant:output:electricity' contains placeholder value 'yes' instead of actual capacity",
        "rejection_keywords": "yes",
        "timestamp": "2026-07-01T01:34:50.535093",
        "element_type": "way",
        "element_id": 818757868,
        "country": "Madagascar",
        "unit_type": "plant"
      }
    },
    {
      "type": "Feature",
      "geometry": {
        "type": "Point",
        "coordinates": [
          47.59898556642265,
          -18.93113128969894
        ]
      },
      "properties": {
        "label": "Rejected way 857377496",
        "type": "Capacity placeholder value",
        "osm_element": "https://www.openstreetmap.org/way/857377496",
        "rejection_reason": "Capacity placeholder value",
        "rejection_details": "Tag 'plant:output:electricity' contains placeholder value 'yes' instead of actual capacity",
        "rejection_keywords": "yes",
        "timestamp": "2026-07-01T01:34:50.535382",
        "element_type": "way",
        "element_id": 857377496,
        "country": "Madagascar",
        "unit_type": "plant"
      }
    },
    {
      "type": "Feature",
      "geometry": {
        "type": "Point",
        "coordinates": [
          47.599758821635525,
          -18.934893238885312
        ]
      },
      "properties": {
        "label": "Rejected way 857377497",
        "type": "Capacity placeholder value",
        "osm_element": "https://www.openstreetmap.org/way/857377497",
        "rejection_reason": "Capacity placeholder value",
        "rejection_details": "Tag 'plant:output:electricity' contains placeholder value 'yes' instead of actual capacity",
        "rejection_keywords": "yes",
        "timestamp": "2026-07-01T01:34:50.535580",
        "element_type": "way",
        "element_id": 857377497,
        "country": "Madagascar",
        "unit_type": "plant"
      }
    },
    {
      "type": "Feature",
      "geometry": {
        "type": "Point",
        "coordinates": [
          47.59859109767055,
          -18.929652695128574
        ]
      },
      "properties": {
        "label": "Rejected way 857377498",
        "type": "Missing output tag",
        "osm_element": "https://www.openstreetmap.org/way/857377498",
        "rejection_reason": "Missing output tag",
        "rejection_details": "tags: {'plant:method': 'combustion', 'plant:source': 'oil', 'power': 'plant'}",
        "rejection_keywords": "none",
        "timestamp": "2026-07-01T01:34:50.535880",
        "element_type": "way",
        "element_id": 857377498,
        "country": "Madagascar",
        "unit_type": "plant"
      }
    },
    {
      "type": "Feature",
      "geometry": {
        "type": "Point",
        "coordinates": [
          49.35972651693548,
          -18.197986087157087
        ]
      },
      "properties": {
        "label": "Rejected way 1100906539",
        "type": "Missing output tag",
        "osm_element": "https://www.openstreetmap.org/way/1100906539",
        "rejection_reason": "Missing output tag",
        "rejection_details": "tags: {'landuse': 'industrial', 'name': 'Ambatovy Nickel power station', 'plant:source': 'coal', 'power': 'plant'}",
        "rejection_keywords": "none",
        "timestamp": "2026-07-01T01:34:50.536305",
        "element_type": "way",
        "element_id": 1100906539,
        "country": "Madagascar",
        "unit_type": "plant"
      }
    },
    {
      "type": "Feature",
      "geometry": {
        "type": "Point",
        "coordinates": [
          45.78765176556236,
          -22.8602413824145
        ]
      },
      "properties": {
        "label": "Rejected way 1239497117",
        "type": "Capacity placeholder value",
        "osm_element": "https://www.openstreetmap.org/way/1239497117",
        "rejection_reason": "Capacity placeholder value",
        "rejection_details": "Tag 'plant:output:electricity' contains placeholder value 'yes' instead of actual capacity",
        "rejection_keywords": "yes",
        "timestamp": "2026-07-01T01:34:50.536883",
        "element_type": "way",
        "element_id": 1239497117,
        "country": "Madagascar",
        "unit_type": "plant"
      }
    },
    {
      "type": "Feature",
      "geometry": {
        "type": "Point",
        "coordinates": [
          47.27162641079745,
          -18.783212745631506
        ]
      },
      "properties": {
        "label": "Rejected way 1352909430",
        "type": "Missing output tag",
        "osm_element": "https://www.openstreetmap.org/way/1352909430",
        "rejection_reason": "Missing output tag",
        "rejection_details": "tags: {'name': 'Farahantsana', 'plant:source': 'hydro', 'power': 'plant', 'waterway': 'weir'}",
        "rejection_keywords": "none",
        "timestamp": "2026-07-01T01:34:50.538332",
        "element_type": "way",
        "element_id": 1352909430,
        "country": "Madagascar",
        "unit_type": "plant"
      }
    },
    {
      "type": "Feature",
      "geometry": {
        "type": "Point",
        "coordinates": [
          47.259202621268706,
          -18.779752986340842
        ]
      },
      "properties": {
        "label": "Rejected way 1352911376",
        "type": "Missing output tag",
        "osm_element": "https://www.openstreetmap.org/way/1352911376",
        "rejection_reason": "Missing output tag",
        "rejection_details": "tags: {'landuse': 'industrial', 'plant:method': 'run-of-the-river', 'plant:source': 'hydro', 'power': 'plant'}",
        "rejection_keywords": "none",
        "timestamp": "2026-07-01T01:34:50.538683",
        "element_type": "way",
        "element_id": 1352911376,
        "country": "Madagascar",
        "unit_type": "plant"
      }
    },
    {
      "type": "Feature",
      "geometry": {
        "type": "Point",
        "coordinates": [
          43.71583216677083,
          -23.36409291112215
        ]
      },
      "properties": {
        "label": "Rejected way 1380284278",
        "type": "Missing source tag",
        "osm_element": "https://www.openstreetmap.org/way/1380284278",
        "rejection_reason": "Missing source tag",
        "rejection_details": "tags: {'name': 'Centrale thermique JIRAMA', 'operator': 'Jirama', 'operator:wikidata': 'Q17092876', 'plant:method': 'combustion', 'plant:output:electricity': '9 MW', 'power': 'plant'}",
        "rejection_keywords": "none",
        "timestamp": "2026-07-01T01:34:50.539159",
        "element_type": "way",
        "element_id": 1380284278,
        "country": "Madagascar",
        "unit_type": "plant"
      }
    },
    {
      "type": "Feature",
      "geometry": {
        "type": "Point",
        "coordinates": [
          50.11826977180954,
          -14.290369884509651
        ]
      },
      "properties": {
        "label": "Rejected way 1424446467",
        "type": "Missing output tag",
        "osm_element": "https://www.openstreetmap.org/way/1424446467",
        "rejection_reason": "Missing output tag",
        "rejection_details": "tags: {'plant:source': 'solar', 'power': 'plant'}",
        "rejection_keywords": "none",
        "timestamp": "2026-07-01T01:34:50.539707",
        "element_type": "way",
        "element_id": 1424446467,
        "country": "Madagascar",
        "unit_type": "plant"
      }
    },
    {
      "type": "Feature",
      "geometry": {
        "type": "Point",
        "coordinates": [
          46.8039674745363,
          -25.001313273534365
        ]
      },
      "properties": {
        "label": "Rejected way 1424446771",
        "type": "Missing output tag",
        "osm_element": "https://www.openstreetmap.org/way/1424446771",
        "rejection_reason": "Missing output tag",
        "rejection_details": "tags: {'plant:source': 'solar', 'power': 'plant'}",
        "rejection_keywords": "none",
        "timestamp": "2026-07-01T01:34:50.540020",
        "element_type": "way",
        "element_id": 1424446771,
        "country": "Madagascar",
        "unit_type": "plant"
      }
    },
    {
      "type": "Feature",
      "geometry": {
        "type": "Point",
        "coordinates": [
          49.359449001378046,
          -12.270614872490599
        ]
      },
      "properties": {
        "label": "Rejected way 1424447923",
        "type": "Missing output tag",
        "osm_element": "https://www.openstreetmap.org/way/1424447923",
        "rejection_reason": "Missing output tag",
        "rejection_details": "tags: {'plant:source': 'solar', 'power': 'plant'}",
        "rejection_keywords": "none",
        "timestamp": "2026-07-01T01:34:50.540201",
        "element_type": "way",
        "element_id": 1424447923,
        "country": "Madagascar",
        "unit_type": "plant"
      }
    },
    {
      "type": "Feature",
      "geometry": {
        "type": "Point",
        "coordinates": [
          48.40234785619805,
          -17.82813387576144
        ]
      },
      "properties": {
        "label": "Rejected way 1424448594",
        "type": "Missing output tag",
        "osm_element": "https://www.openstreetmap.org/way/1424448594",
        "rejection_reason": "Missing output tag",
        "rejection_details": "tags: {'plant:source': 'solar', 'power': 'plant'}",
        "rejection_keywords": "none",
        "timestamp": "2026-07-01T01:34:50.540384",
        "element_type": "way",
        "element_id": 1424448594,
        "country": "Madagascar",
        "unit_type": "plant"
      }
    },
    {
      "type": "Feature",
      "geometry": {
        "type": "Point",
        "coordinates": [
          45.120885785280706,
          -23.999938809387782
        ]
      },
      "properties": {
        "label": "Rejected way 1424448685",
        "type": "Missing output tag",
        "osm_element": "https://www.openstreetmap.org/way/1424448685",
        "rejection_reason": "Missing output tag",
        "rejection_details": "tags: {'plant:source': 'solar', 'power': 'plant'}",
        "rejection_keywords": "none",
        "timestamp": "2026-07-01T01:34:50.540726",
        "element_type": "way",
        "element_id": 1424448685,
        "country": "Madagascar",
        "unit_type": "plant"
      }
    },
    {
      "type": "Feature",
      "geometry": {
        "type": "Point",
        "coordinates": [
          50.25345396341032,
          -14.850971546928932
        ]
      },
      "properties": {
        "label": "Rejected way 1424448715",
        "type": "Missing output tag",
        "osm_element": "https://www.openstreetmap.org/way/1424448715",
        "rejection_reason": "Missing output tag",
        "rejection_details": "tags: {'plant:source': 'solar', 'power': 'plant'}",
        "rejection_keywords": "none",
        "timestamp": "2026-07-01T01:34:50.540983",
        "element_type": "way",
        "element_id": 1424448715,
        "country": "Madagascar",
        "unit_type": "plant"
      }
    },
    {
      "type": "Feature",
      "geometry": {
        "type": "Point",
        "coordinates": [
          47.50984718175443,
          -18.879294812806577
        ]
      },
      "properties": {
        "label": "Rejected way 1451320499",
        "type": "Missing output tag",
        "osm_element": "https://www.openstreetmap.org/way/1451320499",
        "rejection_reason": "Missing output tag",
        "rejection_details": "tags: {'plant:source': 'solar', 'power': 'plant'}",
        "rejection_keywords": "none",
        "timestamp": "2026-07-01T01:34:50.541202",
        "element_type": "way",
        "element_id": 1451320499,
        "country": "Madagascar",
        "unit_type": "plant"
      }
    },
    {
      "type": "Feature",
      "geometry": {
        "type": "Point",
        "coordinates": [
          47.05444684133171,
          -19.93994556154131
        ]
      },
      "properties": {
        "label": "Rejected way 1454805162",
        "type": "Capacity placeholder value",
        "osm_element": "https://www.openstreetmap.org/way/1454805162",
        "rejection_reason": "Capacity placeholder value",
        "rejection_details": "Tag 'plant:output:electricity' contains placeholder value 'yes' instead of actual capacity",
        "rejection_keywords": "yes",
        "timestamp": "2026-07-01T01:34:50.541444",
        "element_type": "way",
        "element_id": 1454805162,
        "country": "Madagascar",
        "unit_type": "plant"
      }
    },
    {
      "type": "Feature",
      "geometry": {
        "type": "Point",
        "coordinates": [
          49.509945021991555,
          -17.708715828346097
        ]
      },
      "properties": {
        "label": "Rejected way 1494315326",
        "type": "Capacity placeholder value",
        "osm_element": "https://www.openstreetmap.org/way/1494315326",
        "rejection_reason": "Capacity placeholder value",
        "rejection_details": "Tag 'plant:output:electricity' contains placeholder value 'yes' instead of actual capacity",
        "rejection_keywords": "yes",
        "timestamp": "2026-07-01T01:34:50.541631",
        "element_type": "way",
        "element_id": 1494315326,
        "country": "Madagascar",
        "unit_type": "plant"
      }
    },
    {
      "type": "Feature",
      "geometry": {
        "type": "Point",
        "coordinates": [
          45.32403033736337,
          2.1467405396535915
        ]
      },
      "properties": {
        "label": "Rejected relation 12641421",
        "type": "Missing output tag",
        "osm_element": "https://www.openstreetmap.org/relation/12641421",
        "rejection_reason": "Missing output tag",
        "rejection_details": "tags: {'landuse': 'industrial', 'plant:method': 'photovoltaic', 'plant:source': 'solar', 'power': 'plant', 'type': 'multipolygon'}",
        "rejection_keywords": "none",
        "timestamp": "2026-07-01T02:05:19.097420",
        "element_type": "relation",
        "element_id": 12641421,
        "country": "Somalia",
        "unit_type": "plant"
      }
    },
    {
      "type": "Feature",
      "geometry": {
        "type": "Point",
        "coordinates": [
          45.3189137196635,
          2.1073960654711152
        ]
      },
      "properties": {
        "label": "Rejected relation 12699922",
        "type": "Capacity placeholder value",
        "osm_element": "https://www.openstreetmap.org/relation/12699922",
        "rejection_reason": "Capacity placeholder value",
        "rejection_details": "Tag 'plant:output:electricity' contains placeholder value 'yes' instead of actual capacity",
        "rejection_keywords": "yes",
        "timestamp": "2026-07-01T02:05:19.099248",
        "element_type": "relation",
        "element_id": 12699922,
        "country": "Somalia",
        "unit_type": "plant"
      }
    },
    {
      "type": "Feature",
      "geometry": {
        "type": "Point",
        "coordinates": [
          45.23538837706508,
          2.120503393509104
        ]
      },
      "properties": {
        "label": "Rejected relation 12842337",
        "type": "Capacity placeholder value",
        "osm_element": "https://www.openstreetmap.org/relation/12842337",
        "rejection_reason": "Capacity placeholder value",
        "rejection_details": "Tag 'plant:output:electricity' contains placeholder value 'yes' instead of actual capacity",
        "rejection_keywords": "yes",
        "timestamp": "2026-07-01T02:05:19.101588",
        "element_type": "relation",
        "element_id": 12842337,
        "country": "Somalia",
        "unit_type": "plant"
      }
    },
    {
      "type": "Feature",
      "geometry": {
        "type": "Point",
        "coordinates": [
          49.175908338584975,
          11.28218491586266
        ]
      },
      "properties": {
        "label": "Rejected way 928881115",
        "type": "Missing source tag",
        "osm_element": "https://www.openstreetmap.org/way/928881115",
        "rejection_reason": "Missing source tag",
        "rejection_details": "tags: {'landuse': 'industrial', 'name': 'Enee', 'power': 'plant'}",
        "rejection_keywords": "none",
        "timestamp": "2026-07-01T02:05:19.102886",
        "element_type": "way",
        "element_id": 928881115,
        "country": "Somalia",
        "unit_type": "plant"
      }
    },
    {
      "type": "Feature",
      "geometry": {
        "type": "Point",
        "coordinates": [
          43.343638623580816,
          9.618088514445581
        ]
      },
      "properties": {
        "label": "Rejected way 955582285",
        "type": "Capacity placeholder value",
        "osm_element": "https://www.openstreetmap.org/way/955582285",
        "rejection_reason": "Capacity placeholder value",
        "rejection_details": "Tag 'plant:output:electricity' contains placeholder value 'yes' instead of actual capacity",
        "rejection_keywords": "yes",
        "timestamp": "2026-07-01T02:05:19.103104",
        "element_type": "way",
        "element_id": 955582285,
        "country": "Somalia",
        "unit_type": "plant"
      }
    },
    {
      "type": "Feature",
      "geometry": {
        "type": "Point",
        "coordinates": [
          46.4095043681788,
          8.955779765062411
        ]
      },
      "properties": {
        "label": "Rejected way 1099005893",
        "type": "Missing output tag",
        "osm_element": "https://www.openstreetmap.org/way/1099005893",
        "rejection_reason": "Missing output tag",
        "rejection_details": "tags: {'operator': 'Genius Watter', 'plant:method': 'photovoltaic', 'plant:output:desalinated_water': 'yes', 'plant:source': 'solar', 'power': 'plant'}",
        "rejection_keywords": "none",
        "timestamp": "2026-07-01T02:05:19.103472",
        "element_type": "way",
        "element_id": 1099005893,
        "country": "Somalia",
        "unit_type": "plant"
      }
    },
    {
      "type": "Feature",
      "geometry": {
        "type": "Point",
        "coordinates": [
          45.29249046059914,
          2.119038486002428
        ]
      },
      "properties": {
        "label": "Rejected way 1144299755",
        "type": "Capacity placeholder value",
        "osm_element": "https://www.openstreetmap.org/way/1144299755",
        "rejection_reason": "Capacity placeholder value",
        "rejection_details": "Tag 'plant:output:electricity' contains placeholder value 'yes' instead of actual capacity",
        "rejection_keywords": "yes",
        "timestamp": "2026-07-01T02:05:19.103796",
        "element_type": "way",
        "element_id": 1144299755,
        "country": "Somalia",
        "unit_type": "plant"
      }
    },
    {
      "type": "Feature",
      "geometry": {
        "type": "Point",
        "coordinates": [
          49.17791867204853,
          11.261113364754467
        ]
      },
      "properties": {
        "label": "Rejected way 1148400143",
        "type": "Capacity placeholder value",
        "osm_element": "https://www.openstreetmap.org/way/1148400143",
        "rejection_reason": "Capacity placeholder value",
        "rejection_details": "Tag 'plant:output:electricity' contains placeholder value 'yes' instead of actual capacity",
        "rejection_keywords": "yes",
        "timestamp": "2026-07-01T02:05:19.104010",
        "element_type": "way",
        "element_id": 1148400143,
        "country": "Somalia",
        "unit_type": "plant"
      }
    },
    {
      "type": "Feature",
      "geometry": {
        "type": "Point",
        "coordinates": [
          43.63693203229083,
          3.1069630456510193
        ]
      },
      "properties": {
        "label": "Rejected way 1300096998",
        "type": "Capacity placeholder value",
        "osm_element": "https://www.openstreetmap.org/way/1300096998",
        "rejection_reason": "Capacity placeholder value",
        "rejection_details": "Tag 'plant:output:electricity' contains placeholder value 'yes' instead of actual capacity",
        "rejection_keywords": "yes",
        "timestamp": "2026-07-01T02:05:19.104198",
        "element_type": "way",
        "element_id": 1300096998,
        "country": "Somalia",
        "unit_type": "plant"
      }
    },
    {
      "type": "Feature",
      "geometry": {
        "type": "Point",
        "coordinates": [
          44.09209263099622,
          9.549019357770664
        ]
      },
      "properties": {
        "label": "Rejected way 1300098357",
        "type": "Capacity placeholder value",
        "osm_element": "https://www.openstreetmap.org/way/1300098357",
        "rejection_reason": "Capacity placeholder value",
        "rejection_details": "Tag 'plant:output:electricity' contains placeholder value 'yes' instead of actual capacity",
        "rejection_keywords": "yes",
        "timestamp": "2026-07-01T02:05:19.104364",
        "element_type": "way",
        "element_id": 1300098357,
        "country": "Somalia",
        "unit_type": "plant"
      }
    },
    {
      "type": "Feature",
      "geometry": {
        "type": "Point",
        "coordinates": [
          47.3168511613726,
          8.519681036396902
        ]
      },
      "properties": {
        "label": "Rejected way 1300099151",
        "type": "Capacity placeholder value",
        "osm_element": "https://www.openstreetmap.org/way/1300099151",
        "rejection_reason": "Capacity placeholder value",
        "rejection_details": "Tag 'plant:output:electricity' contains placeholder value 'yes' instead of actual capacity",
        "rejection_keywords": "yes",
        "timestamp": "2026-07-01T02:05:19.104529",
        "element_type": "way",
        "element_id": 1300099151,
        "country": "Somalia",
        "unit_type": "plant"
      }
    },
    {
      "type": "Feature",
      "geometry": {
        "type": "Point",
        "coordinates": [
          48.503484378231505,
          8.398759057631139
        ]
      },
      "properties": {
        "label": "Rejected way 1300100251",
        "type": "Capacity placeholder value",
        "osm_element": "https://www.openstreetmap.org/way/1300100251",
        "rejection_reason": "Capacity placeholder value",
        "rejection_details": "Tag 'plant:output:electricity' contains placeholder value 'yes' instead of actual capacity",
        "rejection_keywords": "yes",
        "timestamp": "2026-07-01T02:05:19.104949",
        "element_type": "way",
        "element_id": 1300100251,
        "country": "Somalia",
        "unit_type": "plant"
      }
    },
    {
      "type": "Feature",
      "geometry": {
        "type": "Point",
        "coordinates": [
          43.2134392734173,
          9.953345232110404
        ]
      },
      "properties": {
        "label": "Rejected way 1300101269",
        "type": "Capacity placeholder value",
        "osm_element": "https://www.openstreetmap.org/way/1300101269",
        "rejection_reason": "Capacity placeholder value",
        "rejection_details": "Tag 'plant:output:electricity' contains placeholder value 'yes' instead of actual capacity",
        "rejection_keywords": "yes",
        "timestamp": "2026-07-01T02:05:19.105114",
        "element_type": "way",
        "element_id": 1300101269,
        "country": "Somalia",
        "unit_type": "plant"
      }
    },
    {
      "type": "Feature",
      "geometry": {
        "type": "Point",
        "coordinates": [
          43.2164307652088,
          9.95238859586125
        ]
      },
      "properties": {
        "label": "Rejected way 1300101287",
        "type": "Capacity placeholder value",
        "osm_element": "https://www.openstreetmap.org/way/1300101287",
        "rejection_reason": "Capacity placeholder value",
        "rejection_details": "Tag 'plant:output:electricity' contains placeholder value 'yes' instead of actual capacity",
        "rejection_keywords": "yes",
        "timestamp": "2026-07-01T02:05:19.105290",
        "element_type": "way",
        "element_id": 1300101287,
        "country": "Somalia",
        "unit_type": "plant"
      }
    },
    {
      "type": "Feature",
      "geometry": {
        "type": "Point",
        "coordinates": [
          43.21977121344928,
          9.951047792942518
        ]
      },
      "properties": {
        "label": "Rejected way 1300101315",
        "type": "Capacity placeholder value",
        "osm_element": "https://www.openstreetmap.org/way/1300101315",
        "rejection_reason": "Capacity placeholder value",
        "rejection_details": "Tag 'plant:output:electricity' contains placeholder value 'yes' instead of actual capacity",
        "rejection_keywords": "yes",
        "timestamp": "2026-07-01T02:05:19.105481",
        "element_type": "way",
        "element_id": 1300101315,
        "country": "Somalia",
        "unit_type": "plant"
      }
    },
    {
      "type": "Feature",
      "geometry": {
        "type": "Point",
        "coordinates": [
          48.32837657073041,
          10.713203166274424
        ]
      },
      "properties": {
        "label": "Rejected way 1318771262",
        "type": "Missing output tag",
        "osm_element": "https://www.openstreetmap.org/way/1318771262",
        "rejection_reason": "Missing output tag",
        "rejection_details": "tags: {'name': 'FV', 'plant:source': 'solar', 'power': 'plant'}",
        "rejection_keywords": "none",
        "timestamp": "2026-07-01T02:05:19.105675",
        "element_type": "way",
        "element_id": 1318771262,
        "country": "Somalia",
        "unit_type": "plant"
      }
    },
    {
      "type": "Feature",
      "geometry": {
        "type": "Point",
        "coordinates": [
          45.55340085707234,
          9.555696204017798
        ]
      },
      "properties": {
        "label": "Rejected way 1411991478",
        "type": "Capacity placeholder value",
        "osm_element": "https://www.openstreetmap.org/way/1411991478",
        "rejection_reason": "Capacity placeholder value",
        "rejection_details": "Tag 'plant:output:electricity' contains placeholder value 'yes' instead of actual capacity",
        "rejection_keywords": "yes",
        "timestamp": "2026-07-01T02:05:19.105953",
        "element_type": "way",
        "element_id": 1411991478,
        "country": "Somalia",
        "unit_type": "plant"
      }
    },
    {
      "type": "Feature",
      "geometry": {
        "type": "Point",
        "coordinates": [
          44.01326841024894,
          9.576515751230572
        ]
      },
      "properties": {
        "label": "Rejected way 1424433321",
        "type": "Missing output tag",
        "osm_element": "https://www.openstreetmap.org/way/1424433321",
        "rejection_reason": "Missing output tag",
        "rejection_details": "tags: {'plant:source': 'solar', 'power': 'plant'}",
        "rejection_keywords": "none",
        "timestamp": "2026-07-01T02:05:19.106164",
        "element_type": "way",
        "element_id": 1424433321,
        "country": "Somalia",
        "unit_type": "plant"
      }
    },
    {
      "type": "Feature",
      "geometry": {
        "type": "Point",
        "coordinates": [
          44.06454613268294,
          9.646125370932289
        ]
      },
      "properties": {
        "label": "Rejected way 1424445959",
        "type": "Missing output tag",
        "osm_element": "https://www.openstreetmap.org/way/1424445959",
        "rejection_reason": "Missing output tag",
        "rejection_details": "tags: {'plant:source': 'solar', 'power': 'plant'}",
        "rejection_keywords": "none",
        "timestamp": "2026-07-01T02:05:19.106438",
        "element_type": "way",
        "element_id": 1424445959,
        "country": "Somalia",
        "unit_type": "plant"
      }
    },
    {
      "type": "Feature",
      "geometry": {
        "type": "Point",
        "coordinates": [
          43.61779010151664,
          3.0800664988710924
        ]
      },
      "properties": {
        "label": "Rejected way 1526338016",
        "type": "Missing output tag",
        "osm_element": "https://www.openstreetmap.org/way/1526338016",
        "rejection_reason": "Missing output tag",
        "rejection_details": "tags: {'plant:source': 'solar', 'power': 'plant'}",
        "rejection_keywords": "none",
        "timestamp": "2026-07-01T02:05:19.106739",
        "element_type": "way",
        "element_id": 1526338016,
        "country": "Somalia",
        "unit_type": "plant"
      }
    },
    {
      "type": "Feature",
      "geometry": {
        "type": "Point",
        "coordinates": [
          29.24295151602682,
          -2.2756601740432254
        ]
      },
      "properties": {
        "label": "Rejected way 697548395",
        "type": "Capacity regex no match",
        "osm_element": "https://www.openstreetmap.org/way/697548395",
        "rejection_reason": "Capacity regex no match",
        "rejection_details": "Tag 'plant:output:electricity' has value '500 kW' which could not be parsed",
        "rejection_keywords": "500 kW",
        "timestamp": "2026-07-01T02:10:07.236134",
        "element_type": "way",
        "element_id": 697548395,
        "country": "Rwanda",
        "unit_type": "plant"
      }
    },
    {
      "type": "Feature",
      "geometry": {
        "type": "Point",
        "coordinates": [
          29.26528771357934,
          -1.7100180379251133
        ]
      },
      "properties": {
        "label": "Rejected way 697631738",
        "type": "Missing output tag",
        "osm_element": "https://www.openstreetmap.org/way/697631738",
        "rejection_reason": "Missing output tag",
        "rejection_details": "tags: {'building': 'industrial', 'plant:method': 'run-of-the-river', 'plant:source': 'hydro', 'power': 'plant'}",
        "rejection_keywords": "none",
        "timestamp": "2026-07-01T02:10:07.236563",
        "element_type": "way",
        "element_id": 697631738,
        "country": "Rwanda",
        "unit_type": "plant"
      }
    },
    {
      "type": "Feature",
      "geometry": {
        "type": "Point",
        "coordinates": [
          29.277530046305206,
          -1.6907202982689704
        ]
      },
      "properties": {
        "label": "Rejected way 697631744",
        "type": "Missing output tag",
        "osm_element": "https://www.openstreetmap.org/way/697631744",
        "rejection_reason": "Missing output tag",
        "rejection_details": "tags: {'building': 'industrial', 'plant:method': 'run-of-the-river', 'plant:source': 'hydro', 'power': 'plant'}",
        "rejection_keywords": "none",
        "timestamp": "2026-07-01T02:10:07.236802",
        "element_type": "way",
        "element_id": 697631744,
        "country": "Rwanda",
        "unit_type": "plant"
      }
    },
    {
      "type": "Feature",
      "geometry": {
        "type": "Point",
        "coordinates": [
          30.261931600998352,
          -2.2756839763867225
        ]
      },
      "properties": {
        "label": "Rejected way 1084708314",
        "type": "Capacity placeholder value",
        "osm_element": "https://www.openstreetmap.org/way/1084708314",
        "rejection_reason": "Capacity placeholder value",
        "rejection_details": "Tag 'plant:output:electricity' contains placeholder value 'yes' instead of actual capacity",
        "rejection_keywords": "yes",
        "timestamp": "2026-07-01T02:10:07.240497",
        "element_type": "way",
        "element_id": 1084708314,
        "country": "Rwanda",
        "unit_type": "plant"
      }
    },
    {
      "type": "Feature",
      "geometry": {
        "type": "Point",
        "coordinates": [
          29.58217936348128,
          -1.5221023583070128
        ]
      },
      "properties": {
        "label": "Rejected way 1245585912",
        "type": "Capacity placeholder value",
        "osm_element": "https://www.openstreetmap.org/way/1245585912",
        "rejection_reason": "Capacity placeholder value",
        "rejection_details": "Tag 'plant:output:electricity' contains placeholder value 'yes' instead of actual capacity",
        "rejection_keywords": "yes",
        "timestamp": "2026-07-01T02:10:07.241033",
        "element_type": "way",
        "element_id": 1245585912,
        "country": "Rwanda",
        "unit_type": "plant"
      }
    },
    {
      "type": "Feature",
      "geometry": {
        "type": "Point",
        "coordinates": [
          34.12403565132357,
          -12.53537337712313
        ]
      },
      "properties": {
        "label": "Rejected way 1510217826",
        "type": "Capacity placeholder value",
        "osm_element": "https://www.openstreetmap.org/way/1510217826",
        "rejection_reason": "Capacity placeholder value",
        "rejection_details": "Tag 'plant:output:electricity' contains placeholder value 'yes' instead of actual capacity",
        "rejection_keywords": "yes",
        "timestamp": "2026-07-01T02:16:56.385069",
        "element_type": "way",
        "element_id": 1510217826,
        "country": "Malawi",
        "unit_type": "plant"
      }
    },
    {
      "type": "Feature",
      "geometry": {
        "type": "Point",
        "coordinates": [
          34.128990048576505,
          -12.54357362800297
        ]
      },
      "properties": {
        "label": "Rejected way 1510217827",
        "type": "Capacity placeholder value",
        "osm_element": "https://www.openstreetmap.org/way/1510217827",
        "rejection_reason": "Capacity placeholder value",
        "rejection_details": "Tag 'plant:output:electricity' contains placeholder value 'yes' instead of actual capacity",
        "rejection_keywords": "yes",
        "timestamp": "2026-07-01T02:16:56.385259",
        "element_type": "way",
        "element_id": 1510217827,
        "country": "Malawi",
        "unit_type": "plant"
      }
    },
    {
      "type": "Feature",
      "geometry": {
        "type": "Point",
        "coordinates": [
          33.67657806849842,
          -13.941447033174203
        ]
      },
      "properties": {
        "label": "Rejected way 1516902417",
        "type": "Capacity placeholder value",
        "osm_element": "https://www.openstreetmap.org/way/1516902417",
        "rejection_reason": "Capacity placeholder value",
        "rejection_details": "Tag 'plant:output:electricity' contains placeholder value 'yes' instead of actual capacity",
        "rejection_keywords": "yes",
        "timestamp": "2026-07-01T02:16:56.385432",
        "element_type": "way",
        "element_id": 1516902417,
        "country": "Malawi",
        "unit_type": "plant"
      }
    },
    {
      "type": "Feature",
      "geometry": {
        "type": "Point",
        "coordinates": [
          53.65488384828161,
          -5.694757597404575
        ]
      },
      "properties": {
        "label": "Rejected way 1187864632",
        "type": "Capacity placeholder value",
        "osm_element": "https://www.openstreetmap.org/way/1187864632",
        "rejection_reason": "Capacity placeholder value",
        "rejection_details": "Tag 'plant:output:electricity' contains placeholder value 'yes' instead of actual capacity",
        "rejection_keywords": "yes",
        "timestamp": "2026-07-01T02:23:37.565122",
        "element_type": "way",
        "element_id": 1187864632,
        "country": "Seychelles",
        "unit_type": "plant"
      }
    },
    {
      "type": "Feature",
      "geometry": {
        "type": "Point",
        "coordinates": [
          55.64884589274484,
          -4.35200627731809
        ]
      },
      "properties": {
        "label": "Rejected way 1414102827",
        "type": "Capacity placeholder value",
        "osm_element": "https://www.openstreetmap.org/way/1414102827",
        "rejection_reason": "Capacity placeholder value",
        "rejection_details": "Tag 'plant:output:electricity' contains placeholder value 'yes' instead of actual capacity",
        "rejection_keywords": "yes",
        "timestamp": "2026-07-01T02:23:37.565352",
        "element_type": "way",
        "element_id": 1414102827,
        "country": "Seychelles",
        "unit_type": "plant"
      }
    },
    {
      "type": "Feature",
      "geometry": {
        "type": "Point",
        "coordinates": [
          33.95664432188261,
          1.367936183294037
        ]
      },
      "properties": {
        "label": "Rejected way 1246280319",
        "type": "Capacity placeholder value",
        "osm_element": "https://www.openstreetmap.org/way/1246280319",
        "rejection_reason": "Capacity placeholder value",
        "rejection_details": "Tag 'plant:output:electricity' contains placeholder value 'yes' instead of actual capacity",
        "rejection_keywords": "yes",
        "timestamp": "2026-07-01T02:27:23.005094",
        "element_type": "way",
        "element_id": 1246280319,
        "country": "Uganda",
        "unit_type": "plant"
      }
    },
    {
      "type": "Feature",
      "geometry": {
        "type": "Point",
        "coordinates": [
          32.59939146595068,
          0.22351193936223956
        ]
      },
      "properties": {
        "label": "Rejected way 1456434743",
        "type": "Capacity placeholder value",
        "osm_element": "https://www.openstreetmap.org/way/1456434743",
        "rejection_reason": "Capacity placeholder value",
        "rejection_details": "Tag 'plant:output:electricity' contains placeholder value 'yes' instead of actual capacity",
        "rejection_keywords": "yes",
        "timestamp": "2026-07-01T02:27:23.005934",
        "element_type": "way",
        "element_id": 1456434743,
        "country": "Uganda",
        "unit_type": "plant"
      }
    },
    {
      "type": "Feature",
      "geometry": {
        "type": "Point",
        "coordinates": [
          32.59947002867099,
          0.22382186931981354
        ]
      },
      "properties": {
        "label": "Rejected way 1456434744",
        "type": "Capacity placeholder value",
        "osm_element": "https://www.openstreetmap.org/way/1456434744",
        "rejection_reason": "Capacity placeholder value",
        "rejection_details": "Tag 'plant:output:electricity' contains placeholder value 'yes' instead of actual capacity",
        "rejection_keywords": "yes",
        "timestamp": "2026-07-01T02:27:23.006101",
        "element_type": "way",
        "element_id": 1456434744,
        "country": "Uganda",
        "unit_type": "plant"
      }
    },
    {
      "type": "Feature",
      "geometry": {
        "type": "Point",
        "coordinates": [
          31.781,
          3.67
        ]
      },
      "properties": {
        "label": "Rejected node 3813814257",
        "type": "Capacity regex no match",
        "osm_element": "https://www.openstreetmap.org/node/3813814257",
        "rejection_reason": "Capacity regex no match",
        "rejection_details": "Tag 'plant:output:electricity' has value '0.5 kW' which could not be parsed",
        "rejection_keywords": "0.5 kW",
        "timestamp": "2026-07-01T02:27:23.006216",
        "element_type": "node",
        "element_id": 3813814257,
        "country": "Uganda",
        "unit_type": "plant"
      }
    },
    {
      "type": "Feature",
      "geometry": {
        "type": "Point",
        "coordinates": [
          31.1613005,
          3.1264697
        ]
      },
      "properties": {
        "label": "Rejected node 9852465837",
        "type": "Missing source tag",
        "osm_element": "https://www.openstreetmap.org/node/9852465837",
        "rejection_reason": "Missing source tag",
        "rejection_details": "tags: {'operator': 'Greenbacker Renewable Energy Corporation', 'power': 'plant'}",
        "rejection_keywords": "none",
        "timestamp": "2026-07-01T02:27:23.006272",
        "element_type": "node",
        "element_id": 9852465837,
        "country": "Uganda",
        "unit_type": "plant"
      }
    },
    {
      "type": "Feature",
      "geometry": {
        "type": "Point",
        "coordinates": [
          39.2053383799415,
          -6.7937373454414995
        ]
      },
      "properties": {
        "label": "Rejected way 137312935",
        "type": "Capacity placeholder value",
        "osm_element": "https://www.openstreetmap.org/way/137312935",
        "rejection_reason": "Capacity placeholder value",
        "rejection_details": "Tag 'plant:output:electricity' contains placeholder value 'yes' instead of actual capacity",
        "rejection_keywords": "yes",
        "timestamp": "2026-07-01T02:31:14.283255",
        "element_type": "way",
        "element_id": 137312935,
        "country": "Tanzania, United Republic of",
        "unit_type": "plant"
      }
    },
    {
      "type": "Feature",
      "geometry": {
        "type": "Point",
        "coordinates": [
          34.920527650000004,
          -2.2337525
        ]
      },
      "properties": {
        "label": "Rejected way 201487746",
        "type": "Capacity placeholder value",
        "osm_element": "https://www.openstreetmap.org/way/201487746",
        "rejection_reason": "Capacity placeholder value",
        "rejection_details": "Tag 'plant:output:electricity' contains placeholder value 'yes' instead of actual capacity",
        "rejection_keywords": "yes",
        "timestamp": "2026-07-01T02:31:14.284257",
        "element_type": "way",
        "element_id": 201487746,
        "country": "Tanzania, United Republic of",
        "unit_type": "plant"
      }
    },
    {
      "type": "Feature",
      "geometry": {
        "type": "Point",
        "coordinates": [
          36.88637121837344,
          -7.635452082250415
        ]
      },
      "properties": {
        "label": "Rejected way 377454464",
        "type": "Missing output tag",
        "osm_element": "https://www.openstreetmap.org/way/377454464",
        "rejection_reason": "Missing output tag",
        "rejection_details": "tags: {'name': 'Kidatu Dam', 'plant:source': 'hydro', 'power': 'plant', 'waterway': 'dam', 'wikidata': 'Q3437276', 'wikipedia': 'en:Kidatu Dam'}",
        "rejection_keywords": "none",
        "timestamp": "2026-07-01T02:31:14.286386",
        "element_type": "way",
        "element_id": 377454464,
        "country": "Tanzania, United Republic of",
        "unit_type": "plant"
      }
    },
    {
      "type": "Feature",
      "geometry": {
        "type": "Point",
        "coordinates": [
          34.70434789837112,
          -9.794520732942813
        ]
      },
      "properties": {
        "label": "Rejected way 529617820",
        "type": "Capacity regex no match",
        "osm_element": "https://www.openstreetmap.org/way/529617820",
        "rejection_reason": "Capacity regex no match",
        "rejection_details": "Tag 'plant:output:electricity' has value '150 kV' which could not be parsed",
        "rejection_keywords": "150 kV",
        "timestamp": "2026-07-01T02:31:14.287340",
        "element_type": "way",
        "element_id": 529617820,
        "country": "Tanzania, United Republic of",
        "unit_type": "plant"
      }
    },
    {
      "type": "Feature",
      "geometry": {
        "type": "Point",
        "coordinates": [
          34.70434789837112,
          -9.794520732942813
        ]
      },
      "properties": {
        "label": "Rejected way 529617820",
        "type": "Unsupported capacity unit",
        "osm_element": "https://www.openstreetmap.org/way/529617820",
        "rejection_reason": "Unsupported capacity unit",
        "rejection_details": "Tag 'plant:output:electricity' has value '150 kV' which could not be parsed",
        "rejection_keywords": "150 kV",
        "timestamp": "2026-07-01T02:31:14.287358",
        "element_type": "way",
        "element_id": 529617820,
        "country": "Tanzania, United Republic of",
        "unit_type": "plant"
      }
    },
    {
      "type": "Feature",
      "geometry": {
        "type": "Point",
        "coordinates": [
          34.382146500000005,
          -8.7205495
        ]
      },
      "properties": {
        "label": "Rejected way 567815124",
        "type": "Missing output tag",
        "osm_element": "https://www.openstreetmap.org/way/567815124",
        "rejection_reason": "Missing output tag",
        "rejection_details": "tags: {'building': 'yes', 'plant:source': 'hydro', 'power': 'plant'}",
        "rejection_keywords": "none",
        "timestamp": "2026-07-01T02:31:14.289099",
        "element_type": "way",
        "element_id": 567815124,
        "country": "Tanzania, United Republic of",
        "unit_type": "plant"
      }
    },
    {
      "type": "Feature",
      "geometry": {
        "type": "Point",
        "coordinates": [
          40.02753632013036,
          -10.278894053446614
        ]
      },
      "properties": {
        "label": "Rejected way 848568626",
        "type": "Capacity placeholder value",
        "osm_element": "https://www.openstreetmap.org/way/848568626",
        "rejection_reason": "Capacity placeholder value",
        "rejection_details": "Tag 'plant:output:electricity' contains placeholder value 'yes' instead of actual capacity",
        "rejection_keywords": "yes",
        "timestamp": "2026-07-01T02:31:14.290985",
        "element_type": "way",
        "element_id": 848568626,
        "country": "Tanzania, United Republic of",
        "unit_type": "plant"
      }
    },
    {
      "type": "Feature",
      "geometry": {
        "type": "Point",
        "coordinates": [
          32.18444306787275,
          -2.8643678552401144
        ]
      },
      "properties": {
        "label": "Rejected way 1082743614",
        "type": "Missing output tag",
        "osm_element": "https://www.openstreetmap.org/way/1082743614",
        "rejection_reason": "Missing output tag",
        "rejection_details": "tags: {'landuse': 'industrial', 'name': 'Geita Gold Mine Power Plant', 'plant:method': 'combustion', 'plant:source': 'diesel', 'power': 'plant'}",
        "rejection_keywords": "none",
        "timestamp": "2026-07-01T02:31:14.292848",
        "element_type": "way",
        "element_id": 1082743614,
        "country": "Tanzania, United Republic of",
        "unit_type": "plant"
      }
    },
    {
      "type": "Feature",
      "geometry": {
        "type": "Point",
        "coordinates": [
          39.53165557529022,
          -6.190774680666696
        ]
      },
      "properties": {
        "label": "Rejected way 1354198760",
        "type": "Missing output tag",
        "osm_element": "https://www.openstreetmap.org/way/1354198760",
        "rejection_reason": "Missing output tag",
        "rejection_details": "tags: {'name': 'Zanzibar Collection Solar Plant', 'plant:method': 'photovoltaic', 'plant:source': 'solar', 'power': 'plant'}",
        "rejection_keywords": "none",
        "timestamp": "2026-07-01T02:31:14.293460",
        "element_type": "way",
        "element_id": 1354198760,
        "country": "Tanzania, United Republic of",
        "unit_type": "plant"
      }
    },
    {
      "type": "Feature",
      "geometry": {
        "type": "Point",
        "coordinates": [
          32.958366935461086,
          -8.369659805496433
        ]
      },
      "properties": {
        "label": "Rejected way 1442783562",
        "type": "Capacity regex no match",
        "osm_element": "https://www.openstreetmap.org/way/1442783562",
        "rejection_reason": "Capacity regex no match",
        "rejection_details": "Tag 'plant:output:electricity' has value '674kW' which could not be parsed",
        "rejection_keywords": "674kW",
        "timestamp": "2026-07-01T02:31:14.293718",
        "element_type": "way",
        "element_id": 1442783562,
        "country": "Tanzania, United Republic of",
        "unit_type": "plant"
      }
    },
    {
      "type": "Feature",
      "geometry": {
        "type": "Point",
        "coordinates": [
          32.95782977935752,
          -8.369168616843867
        ]
      },
      "properties": {
        "label": "Rejected way 1442783592",
        "type": "Capacity placeholder value",
        "osm_element": "https://www.openstreetmap.org/way/1442783592",
        "rejection_reason": "Capacity placeholder value",
        "rejection_details": "Tag 'plant:output:electricity' contains placeholder value 'yes' instead of actual capacity",
        "rejection_keywords": "yes",
        "timestamp": "2026-07-01T02:31:14.293923",
        "element_type": "way",
        "element_id": 1442783592,
        "country": "Tanzania, United Republic of",
        "unit_type": "plant"
      }
    },
    {
      "type": "Feature",
      "geometry": {
        "type": "Point",
        "coordinates": [
          32.95655775858769,
          -8.367713509742973
        ]
      },
      "properties": {
        "label": "Rejected way 1442783593",
        "type": "Capacity placeholder value",
        "osm_element": "https://www.openstreetmap.org/way/1442783593",
        "rejection_reason": "Capacity placeholder value",
        "rejection_details": "Tag 'plant:output:electricity' contains placeholder value 'yes' instead of actual capacity",
        "rejection_keywords": "yes",
        "timestamp": "2026-07-01T02:31:14.294110",
        "element_type": "way",
        "element_id": 1442783593,
        "country": "Tanzania, United Republic of",
        "unit_type": "plant"
      }
    },
    {
      "type": "Feature",
      "geometry": {
        "type": "Point",
        "coordinates": [
          34.668560306216804,
          -2.2826095688447134
        ]
      },
      "properties": {
        "label": "Rejected way 1456461978",
        "type": "Capacity placeholder value",
        "osm_element": "https://www.openstreetmap.org/way/1456461978",
        "rejection_reason": "Capacity placeholder value",
        "rejection_details": "Tag 'plant:output:electricity' contains placeholder value 'yes' instead of actual capacity",
        "rejection_keywords": "yes",
        "timestamp": "2026-07-01T02:31:14.294273",
        "element_type": "way",
        "element_id": 1456461978,
        "country": "Tanzania, United Republic of",
        "unit_type": "plant"
      }
    },
    {
      "type": "Feature",
      "geometry": {
        "type": "Point",
        "coordinates": [
          34.667829726220695,
          -2.2826173076862295
        ]
      },
      "properties": {
        "label": "Rejected way 1456461981",
        "type": "Capacity placeholder value",
        "osm_element": "https://www.openstreetmap.org/way/1456461981",
        "rejection_reason": "Capacity placeholder value",
        "rejection_details": "Tag 'plant:output:electricity' contains placeholder value 'yes' instead of actual capacity",
        "rejection_keywords": "yes",
        "timestamp": "2026-07-01T02:31:14.294435",
        "element_type": "way",
        "element_id": 1456461981,
        "country": "Tanzania, United Republic of",
        "unit_type": "plant"
      }
    },
    {
      "type": "Feature",
      "geometry": {
        "type": "Point",
        "coordinates": [
          34.724494519040775,
          -2.2445104948837233
        ]
      },
      "properties": {
        "label": "Rejected way 1457073393",
        "type": "Capacity placeholder value",
        "osm_element": "https://www.openstreetmap.org/way/1457073393",
        "rejection_reason": "Capacity placeholder value",
        "rejection_details": "Tag 'plant:output:electricity' contains placeholder value 'yes' instead of actual capacity",
        "rejection_keywords": "yes",
        "timestamp": "2026-07-01T02:31:14.294599",
        "element_type": "way",
        "element_id": 1457073393,
        "country": "Tanzania, United Republic of",
        "unit_type": "plant"
      }
    },
    {
      "type": "Feature",
      "geometry": {
        "type": "Point",
        "coordinates": [
          34.89382821874182,
          -2.3144470748712402
        ]
      },
      "properties": {
        "label": "Rejected way 1459254556",
        "type": "Capacity placeholder value",
        "osm_element": "https://www.openstreetmap.org/way/1459254556",
        "rejection_reason": "Capacity placeholder value",
        "rejection_details": "Tag 'plant:output:electricity' contains placeholder value 'yes' instead of actual capacity",
        "rejection_keywords": "yes",
        "timestamp": "2026-07-01T02:31:14.294788",
        "element_type": "way",
        "element_id": 1459254556,
        "country": "Tanzania, United Republic of",
        "unit_type": "plant"
      }
    },
    {
      "type": "Feature",
      "geometry": {
        "type": "Point",
        "coordinates": [
          34.892532375512914,
          -2.3132180041918495
        ]
      },
      "properties": {
        "label": "Rejected way 1459254568",
        "type": "Capacity placeholder value",
        "osm_element": "https://www.openstreetmap.org/way/1459254568",
        "rejection_reason": "Capacity placeholder value",
        "rejection_details": "Tag 'plant:output:electricity' contains placeholder value 'yes' instead of actual capacity",
        "rejection_keywords": "yes",
        "timestamp": "2026-07-01T02:31:14.294953",
        "element_type": "way",
        "element_id": 1459254568,
        "country": "Tanzania, United Republic of",
        "unit_type": "plant"
      }
    },
    {
      "type": "Feature",
      "geometry": {
        "type": "Point",
        "coordinates": [
          34.92110982030047,
          -2.232710518507376
        ]
      },
      "properties": {
        "label": "Rejected way 1459471696",
        "type": "Capacity placeholder value",
        "osm_element": "https://www.openstreetmap.org/way/1459471696",
        "rejection_reason": "Capacity placeholder value",
        "rejection_details": "Tag 'plant:output:electricity' contains placeholder value 'yes' instead of actual capacity",
        "rejection_keywords": "yes",
        "timestamp": "2026-07-01T02:31:14.295123",
        "element_type": "way",
        "element_id": 1459471696,
        "country": "Tanzania, United Republic of",
        "unit_type": "plant"
      }
    },
    {
      "type": "Feature",
      "geometry": {
        "type": "Point",
        "coordinates": [
          34.92118412286156,
          -2.232726398218004
        ]
      },
      "properties": {
        "label": "Rejected way 1459471697",
        "type": "Capacity placeholder value",
        "osm_element": "https://www.openstreetmap.org/way/1459471697",
        "rejection_reason": "Capacity placeholder value",
        "rejection_details": "Tag 'plant:output:electricity' contains placeholder value 'yes' instead of actual capacity",
        "rejection_keywords": "yes",
        "timestamp": "2026-07-01T02:31:14.295286",
        "element_type": "way",
        "element_id": 1459471697,
        "country": "Tanzania, United Republic of",
        "unit_type": "plant"
      }
    },
    {
      "type": "Feature",
      "geometry": {
        "type": "Point",
        "coordinates": [
          34.92125069743353,
          -2.232741720314679
        ]
      },
      "properties": {
        "label": "Rejected way 1459471698",
        "type": "Capacity placeholder value",
        "osm_element": "https://www.openstreetmap.org/way/1459471698",
        "rejection_reason": "Capacity placeholder value",
        "rejection_details": "Tag 'plant:output:electricity' contains placeholder value 'yes' instead of actual capacity",
        "rejection_keywords": "yes",
        "timestamp": "2026-07-01T02:31:14.295449",
        "element_type": "way",
        "element_id": 1459471698,
        "country": "Tanzania, United Republic of",
        "unit_type": "plant"
      }
    },
    {
      "type": "Feature",
      "geometry": {
        "type": "Point",
        "coordinates": [
          34.921322402566474,
          -2.2327553796853197
        ]
      },
      "properties": {
        "label": "Rejected way 1459471699",
        "type": "Capacity placeholder value",
        "osm_element": "https://www.openstreetmap.org/way/1459471699",
        "rejection_reason": "Capacity placeholder value",
        "rejection_details": "Tag 'plant:output:electricity' contains placeholder value 'yes' instead of actual capacity",
        "rejection_keywords": "yes",
        "timestamp": "2026-07-01T02:31:14.295610",
        "element_type": "way",
        "element_id": 1459471699,
        "country": "Tanzania, United Republic of",
        "unit_type": "plant"
      }
    },
    {
      "type": "Feature",
      "geometry": {
        "type": "Point",
        "coordinates": [
          34.921394079694565,
          -2.2327758314820323
        ]
      },
      "properties": {
        "label": "Rejected way 1459471700",
        "type": "Capacity placeholder value",
        "osm_element": "https://www.openstreetmap.org/way/1459471700",
        "rejection_reason": "Capacity placeholder value",
        "rejection_details": "Tag 'plant:output:electricity' contains placeholder value 'yes' instead of actual capacity",
        "rejection_keywords": "yes",
        "timestamp": "2026-07-01T02:31:14.295797",
        "element_type": "way",
        "element_id": 1459471700,
        "country": "Tanzania, United Republic of",
        "unit_type": "plant"
      }
    },
    {
      "type": "Feature",
      "geometry": {
        "type": "Point",
        "coordinates": [
          34.92136505,
          -2.23290035
        ]
      },
      "properties": {
        "label": "Rejected way 1459471701",
        "type": "Capacity placeholder value",
        "osm_element": "https://www.openstreetmap.org/way/1459471701",
        "rejection_reason": "Capacity placeholder value",
        "rejection_details": "Tag 'plant:output:electricity' contains placeholder value 'yes' instead of actual capacity",
        "rejection_keywords": "yes",
        "timestamp": "2026-07-01T02:31:14.295965",
        "element_type": "way",
        "element_id": 1459471701,
        "country": "Tanzania, United Republic of",
        "unit_type": "plant"
      }
    },
    {
      "type": "Feature",
      "geometry": {
        "type": "Point",
        "coordinates": [
          34.9212251,
          -2.232867949999999
        ]
      },
      "properties": {
        "label": "Rejected way 1459471702",
        "type": "Capacity placeholder value",
        "osm_element": "https://www.openstreetmap.org/way/1459471702",
        "rejection_reason": "Capacity placeholder value",
        "rejection_details": "Tag 'plant:output:electricity' contains placeholder value 'yes' instead of actual capacity",
        "rejection_keywords": "yes",
        "timestamp": "2026-07-01T02:31:14.296130",
        "element_type": "way",
        "element_id": 1459471702,
        "country": "Tanzania, United Republic of",
        "unit_type": "plant"
      }
    },
    {
      "type": "Feature",
      "geometry": {
        "type": "Point",
        "coordinates": [
          34.92115,
          -2.2328526
        ]
      },
      "properties": {
        "label": "Rejected way 1459471703",
        "type": "Capacity placeholder value",
        "osm_element": "https://www.openstreetmap.org/way/1459471703",
        "rejection_reason": "Capacity placeholder value",
        "rejection_details": "Tag 'plant:output:electricity' contains placeholder value 'yes' instead of actual capacity",
        "rejection_keywords": "yes",
        "timestamp": "2026-07-01T02:31:14.296294",
        "element_type": "way",
        "element_id": 1459471703,
        "country": "Tanzania, United Republic of",
        "unit_type": "plant"
      }
    },
    {
      "type": "Feature",
      "geometry": {
        "type": "Point",
        "coordinates": [
          34.921083420305436,
          -2.232840668517968
        ]
      },
      "properties": {
        "label": "Rejected way 1459471704",
        "type": "Capacity placeholder value",
        "osm_element": "https://www.openstreetmap.org/way/1459471704",
        "rejection_reason": "Capacity placeholder value",
        "rejection_details": "Tag 'plant:output:electricity' contains placeholder value 'yes' instead of actual capacity",
        "rejection_keywords": "yes",
        "timestamp": "2026-07-01T02:31:14.296456",
        "element_type": "way",
        "element_id": 1459471704,
        "country": "Tanzania, United Republic of",
        "unit_type": "plant"
      }
    },
    {
      "type": "Feature",
      "geometry": {
        "type": "Point",
        "coordinates": [
          34.92106975255763,
          -2.232994179692965
        ]
      },
      "properties": {
        "label": "Rejected way 1459471705",
        "type": "Capacity placeholder value",
        "osm_element": "https://www.openstreetmap.org/way/1459471705",
        "rejection_reason": "Capacity placeholder value",
        "rejection_details": "Tag 'plant:output:electricity' contains placeholder value 'yes' instead of actual capacity",
        "rejection_keywords": "yes",
        "timestamp": "2026-07-01T02:31:14.296619",
        "element_type": "way",
        "element_id": 1459471705,
        "country": "Tanzania, United Republic of",
        "unit_type": "plant"
      }
    },
    {
      "type": "Feature",
      "geometry": {
        "type": "Point",
        "coordinates": [
          34.92113974744238,
          -2.2330146203070353
        ]
      },
      "properties": {
        "label": "Rejected way 1459471706",
        "type": "Capacity placeholder value",
        "osm_element": "https://www.openstreetmap.org/way/1459471706",
        "rejection_reason": "Capacity placeholder value",
        "rejection_details": "Tag 'plant:output:electricity' contains placeholder value 'yes' instead of actual capacity",
        "rejection_keywords": "yes",
        "timestamp": "2026-07-01T02:31:14.296813",
        "element_type": "way",
        "element_id": 1459471706,
        "country": "Tanzania, United Republic of",
        "unit_type": "plant"
      }
    },
    {
      "type": "Feature",
      "geometry": {
        "type": "Point",
        "coordinates": [
          34.92120802286156,
          -2.2330282982180036
        ]
      },
      "properties": {
        "label": "Rejected way 1459471707",
        "type": "Capacity placeholder value",
        "osm_element": "https://www.openstreetmap.org/way/1459471707",
        "rejection_reason": "Capacity placeholder value",
        "rejection_details": "Tag 'plant:output:electricity' contains placeholder value 'yes' instead of actual capacity",
        "rejection_keywords": "yes",
        "timestamp": "2026-07-01T02:31:14.296978",
        "element_type": "way",
        "element_id": 1459471707,
        "country": "Tanzania, United Republic of",
        "unit_type": "plant"
      }
    },
    {
      "type": "Feature",
      "geometry": {
        "type": "Point",
        "coordinates": [
          34.921119250000004,
          -2.23314255
        ]
      },
      "properties": {
        "label": "Rejected way 1459471708",
        "type": "Capacity placeholder value",
        "osm_element": "https://www.openstreetmap.org/way/1459471708",
        "rejection_reason": "Capacity placeholder value",
        "rejection_details": "Tag 'plant:output:electricity' contains placeholder value 'yes' instead of actual capacity",
        "rejection_keywords": "yes",
        "timestamp": "2026-07-01T02:31:14.297141",
        "element_type": "way",
        "element_id": 1459471708,
        "country": "Tanzania, United Republic of",
        "unit_type": "plant"
      }
    },
    {
      "type": "Feature",
      "geometry": {
        "type": "Point",
        "coordinates": [
          34.921187550000006,
          -2.2331562
        ]
      },
      "properties": {
        "label": "Rejected way 1459471709",
        "type": "Capacity placeholder value",
        "osm_element": "https://www.openstreetmap.org/way/1459471709",
        "rejection_reason": "Capacity placeholder value",
        "rejection_details": "Tag 'plant:output:electricity' contains placeholder value 'yes' instead of actual capacity",
        "rejection_keywords": "yes",
        "timestamp": "2026-07-01T02:31:14.297301",
        "element_type": "way",
        "element_id": 1459471709,
        "country": "Tanzania, United Republic of",
        "unit_type": "plant"
      }
    },
    {
      "type": "Feature",
      "geometry": {
        "type": "Point",
        "coordinates": [
          34.92110902030544,
          -2.233290968517967
        ]
      },
      "properties": {
        "label": "Rejected way 1459471710",
        "type": "Capacity placeholder value",
        "osm_element": "https://www.openstreetmap.org/way/1459471710",
        "rejection_reason": "Capacity placeholder value",
        "rejection_details": "Tag 'plant:output:electricity' contains placeholder value 'yes' instead of actual capacity",
        "rejection_keywords": "yes",
        "timestamp": "2026-07-01T02:31:14.297510",
        "element_type": "way",
        "element_id": 1459471710,
        "country": "Tanzania, United Republic of",
        "unit_type": "plant"
      }
    },
    {
      "type": "Feature",
      "geometry": {
        "type": "Point",
        "coordinates": [
          34.9211756,
          -2.2333097
        ]
      },
      "properties": {
        "label": "Rejected way 1459471711",
        "type": "Capacity placeholder value",
        "osm_element": "https://www.openstreetmap.org/way/1459471711",
        "rejection_reason": "Capacity placeholder value",
        "rejection_details": "Tag 'plant:output:electricity' contains placeholder value 'yes' instead of actual capacity",
        "rejection_keywords": "yes",
        "timestamp": "2026-07-01T02:31:14.297682",
        "element_type": "way",
        "element_id": 1459471711,
        "country": "Tanzania, United Republic of",
        "unit_type": "plant"
      }
    },
    {
      "type": "Feature",
      "geometry": {
        "type": "Point",
        "coordinates": [
          34.92104585,
          -2.23341035
        ]
      },
      "properties": {
        "label": "Rejected way 1459471712",
        "type": "Capacity placeholder value",
        "osm_element": "https://www.openstreetmap.org/way/1459471712",
        "rejection_reason": "Capacity placeholder value",
        "rejection_details": "Tag 'plant:output:electricity' contains placeholder value 'yes' instead of actual capacity",
        "rejection_keywords": "yes",
        "timestamp": "2026-07-01T02:31:14.297873",
        "element_type": "way",
        "element_id": 1459471712,
        "country": "Tanzania, United Republic of",
        "unit_type": "plant"
      }
    },
    {
      "type": "Feature",
      "geometry": {
        "type": "Point",
        "coordinates": [
          34.92111415,
          -2.2334291
        ]
      },
      "properties": {
        "label": "Rejected way 1459471713",
        "type": "Capacity placeholder value",
        "osm_element": "https://www.openstreetmap.org/way/1459471713",
        "rejection_reason": "Capacity placeholder value",
        "rejection_details": "Tag 'plant:output:electricity' contains placeholder value 'yes' instead of actual capacity",
        "rejection_keywords": "yes",
        "timestamp": "2026-07-01T02:31:14.298034",
        "element_type": "way",
        "element_id": 1459471713,
        "country": "Tanzania, United Republic of",
        "unit_type": "plant"
      }
    },
    {
      "type": "Feature",
      "geometry": {
        "type": "Point",
        "coordinates": [
          34.92118242030545,
          -2.233444468517968
        ]
      },
      "properties": {
        "label": "Rejected way 1459471714",
        "type": "Capacity placeholder value",
        "osm_element": "https://www.openstreetmap.org/way/1459471714",
        "rejection_reason": "Capacity placeholder value",
        "rejection_details": "Tag 'plant:output:electricity' contains placeholder value 'yes' instead of actual capacity",
        "rejection_keywords": "yes",
        "timestamp": "2026-07-01T02:31:14.298195",
        "element_type": "way",
        "element_id": 1459471714,
        "country": "Tanzania, United Republic of",
        "unit_type": "plant"
      }
    },
    {
      "type": "Feature",
      "geometry": {
        "type": "Point",
        "coordinates": [
          34.92100662030544,
          -2.2335621685179663
        ]
      },
      "properties": {
        "label": "Rejected way 1459471715",
        "type": "Capacity placeholder value",
        "osm_element": "https://www.openstreetmap.org/way/1459471715",
        "rejection_reason": "Capacity placeholder value",
        "rejection_details": "Tag 'plant:output:electricity' contains placeholder value 'yes' instead of actual capacity",
        "rejection_keywords": "yes",
        "timestamp": "2026-07-01T02:31:14.298356",
        "element_type": "way",
        "element_id": 1459471715,
        "country": "Tanzania, United Republic of",
        "unit_type": "plant"
      }
    },
    {
      "type": "Feature",
      "geometry": {
        "type": "Point",
        "coordinates": [
          34.92107315,
          -2.2335792
        ]
      },
      "properties": {
        "label": "Rejected way 1459471716",
        "type": "Capacity placeholder value",
        "osm_element": "https://www.openstreetmap.org/way/1459471716",
        "rejection_reason": "Capacity placeholder value",
        "rejection_details": "Tag 'plant:output:electricity' contains placeholder value 'yes' instead of actual capacity",
        "rejection_keywords": "yes",
        "timestamp": "2026-07-01T02:31:14.298519",
        "element_type": "way",
        "element_id": 1459471716,
        "country": "Tanzania, United Republic of",
        "unit_type": "plant"
      }
    },
    {
      "type": "Feature",
      "geometry": {
        "type": "Point",
        "coordinates": [
          34.92113975,
          -2.23359455
        ]
      },
      "properties": {
        "label": "Rejected way 1459471717",
        "type": "Capacity placeholder value",
        "osm_element": "https://www.openstreetmap.org/way/1459471717",
        "rejection_reason": "Capacity placeholder value",
        "rejection_details": "Tag 'plant:output:electricity' contains placeholder value 'yes' instead of actual capacity",
        "rejection_keywords": "yes",
        "timestamp": "2026-07-01T02:31:14.298680",
        "element_type": "way",
        "element_id": 1459471717,
        "country": "Tanzania, United Republic of",
        "unit_type": "plant"
      }
    },
    {
      "type": "Feature",
      "geometry": {
        "type": "Point",
        "coordinates": [
          34.920981,
          -2.2336849500000002
        ]
      },
      "properties": {
        "label": "Rejected way 1459471718",
        "type": "Capacity placeholder value",
        "osm_element": "https://www.openstreetmap.org/way/1459471718",
        "rejection_reason": "Capacity placeholder value",
        "rejection_details": "Tag 'plant:output:electricity' contains placeholder value 'yes' instead of actual capacity",
        "rejection_keywords": "yes",
        "timestamp": "2026-07-01T02:31:14.298870",
        "element_type": "way",
        "element_id": 1459471718,
        "country": "Tanzania, United Republic of",
        "unit_type": "plant"
      }
    },
    {
      "type": "Feature",
      "geometry": {
        "type": "Point",
        "coordinates": [
          34.92104755,
          -2.233702000000001
        ]
      },
      "properties": {
        "label": "Rejected way 1459471719",
        "type": "Capacity placeholder value",
        "osm_element": "https://www.openstreetmap.org/way/1459471719",
        "rejection_reason": "Capacity placeholder value",
        "rejection_details": "Tag 'plant:output:electricity' contains placeholder value 'yes' instead of actual capacity",
        "rejection_keywords": "yes",
        "timestamp": "2026-07-01T02:31:14.299032",
        "element_type": "way",
        "element_id": 1459471719,
        "country": "Tanzania, United Republic of",
        "unit_type": "plant"
      }
    },
    {
      "type": "Feature",
      "geometry": {
        "type": "Point",
        "coordinates": [
          34.92111415255763,
          -2.2337173796929646
        ]
      },
      "properties": {
        "label": "Rejected way 1459471720",
        "type": "Capacity placeholder value",
        "osm_element": "https://www.openstreetmap.org/way/1459471720",
        "rejection_reason": "Capacity placeholder value",
        "rejection_details": "Tag 'plant:output:electricity' contains placeholder value 'yes' instead of actual capacity",
        "rejection_keywords": "yes",
        "timestamp": "2026-07-01T02:31:14.299194",
        "element_type": "way",
        "element_id": 1459471720,
        "country": "Tanzania, United Republic of",
        "unit_type": "plant"
      }
    },
    {
      "type": "Feature",
      "geometry": {
        "type": "Point",
        "coordinates": [
          34.920904199999995,
          -2.23383165
        ]
      },
      "properties": {
        "label": "Rejected way 1459471721",
        "type": "Capacity placeholder value",
        "osm_element": "https://www.openstreetmap.org/way/1459471721",
        "rejection_reason": "Capacity placeholder value",
        "rejection_details": "Tag 'plant:output:electricity' contains placeholder value 'yes' instead of actual capacity",
        "rejection_keywords": "yes",
        "timestamp": "2026-07-01T02:31:14.299357",
        "element_type": "way",
        "element_id": 1459471721,
        "country": "Tanzania, United Republic of",
        "unit_type": "plant"
      }
    },
    {
      "type": "Feature",
      "geometry": {
        "type": "Point",
        "coordinates": [
          34.92097075,
          -2.2338487
        ]
      },
      "properties": {
        "label": "Rejected way 1459471722",
        "type": "Capacity placeholder value",
        "osm_element": "https://www.openstreetmap.org/way/1459471722",
        "rejection_reason": "Capacity placeholder value",
        "rejection_details": "Tag 'plant:output:electricity' contains placeholder value 'yes' instead of actual capacity",
        "rejection_keywords": "yes",
        "timestamp": "2026-07-01T02:31:14.299522",
        "element_type": "way",
        "element_id": 1459471722,
        "country": "Tanzania, United Republic of",
        "unit_type": "plant"
      }
    },
    {
      "type": "Feature",
      "geometry": {
        "type": "Point",
        "coordinates": [
          34.92103732030544,
          -2.233864068517968
        ]
      },
      "properties": {
        "label": "Rejected way 1459471723",
        "type": "Capacity placeholder value",
        "osm_element": "https://www.openstreetmap.org/way/1459471723",
        "rejection_reason": "Capacity placeholder value",
        "rejection_details": "Tag 'plant:output:electricity' contains placeholder value 'yes' instead of actual capacity",
        "rejection_keywords": "yes",
        "timestamp": "2026-07-01T02:31:14.299704",
        "element_type": "way",
        "element_id": 1459471723,
        "country": "Tanzania, United Republic of",
        "unit_type": "plant"
      }
    },
    {
      "type": "Feature",
      "geometry": {
        "type": "Point",
        "coordinates": [
          34.920876852557626,
          -2.233959579692965
        ]
      },
      "properties": {
        "label": "Rejected way 1459471724",
        "type": "Capacity placeholder value",
        "osm_element": "https://www.openstreetmap.org/way/1459471724",
        "rejection_reason": "Capacity placeholder value",
        "rejection_details": "Tag 'plant:output:electricity' contains placeholder value 'yes' instead of actual capacity",
        "rejection_keywords": "yes",
        "timestamp": "2026-07-01T02:31:14.299876",
        "element_type": "way",
        "element_id": 1459471724,
        "country": "Tanzania, United Republic of",
        "unit_type": "plant"
      }
    },
    {
      "type": "Feature",
      "geometry": {
        "type": "Point",
        "coordinates": [
          34.92094344744237,
          -2.233976620307035
        ]
      },
      "properties": {
        "label": "Rejected way 1459471725",
        "type": "Capacity placeholder value",
        "osm_element": "https://www.openstreetmap.org/way/1459471725",
        "rejection_reason": "Capacity placeholder value",
        "rejection_details": "Tag 'plant:output:electricity' contains placeholder value 'yes' instead of actual capacity",
        "rejection_keywords": "yes",
        "timestamp": "2026-07-01T02:31:14.300037",
        "element_type": "way",
        "element_id": 1459471725,
        "country": "Tanzania, United Republic of",
        "unit_type": "plant"
      }
    },
    {
      "type": "Feature",
      "geometry": {
        "type": "Point",
        "coordinates": [
          34.921010022861566,
          -2.2339919982180034
        ]
      },
      "properties": {
        "label": "Rejected way 1459471726",
        "type": "Capacity placeholder value",
        "osm_element": "https://www.openstreetmap.org/way/1459471726",
        "rejection_reason": "Capacity placeholder value",
        "rejection_details": "Tag 'plant:output:electricity' contains placeholder value 'yes' instead of actual capacity",
        "rejection_keywords": "yes",
        "timestamp": "2026-07-01T02:31:14.300198",
        "element_type": "way",
        "element_id": 1459471726,
        "country": "Tanzania, United Republic of",
        "unit_type": "plant"
      }
    },
    {
      "type": "Feature",
      "geometry": {
        "type": "Point",
        "coordinates": [
          34.92078129743352,
          -2.234097720314679
        ]
      },
      "properties": {
        "label": "Rejected way 1459471727",
        "type": "Capacity placeholder value",
        "osm_element": "https://www.openstreetmap.org/way/1459471727",
        "rejection_reason": "Capacity placeholder value",
        "rejection_details": "Tag 'plant:output:electricity' contains placeholder value 'yes' instead of actual capacity",
        "rejection_keywords": "yes",
        "timestamp": "2026-07-01T02:31:14.300361",
        "element_type": "way",
        "element_id": 1459471727,
        "country": "Tanzania, United Republic of",
        "unit_type": "plant"
      }
    },
    {
      "type": "Feature",
      "geometry": {
        "type": "Point",
        "coordinates": [
          34.92084785255763,
          -2.234114779692965
        ]
      },
      "properties": {
        "label": "Rejected way 1459471728",
        "type": "Capacity placeholder value",
        "osm_element": "https://www.openstreetmap.org/way/1459471728",
        "rejection_reason": "Capacity placeholder value",
        "rejection_details": "Tag 'plant:output:electricity' contains placeholder value 'yes' instead of actual capacity",
        "rejection_keywords": "yes",
        "timestamp": "2026-07-01T02:31:14.300527",
        "element_type": "way",
        "element_id": 1459471728,
        "country": "Tanzania, United Republic of",
        "unit_type": "plant"
      }
    },
    {
      "type": "Feature",
      "geometry": {
        "type": "Point",
        "coordinates": [
          34.92091441774479,
          -2.2341301388243595
        ]
      },
      "properties": {
        "label": "Rejected way 1459471729",
        "type": "Capacity placeholder value",
        "osm_element": "https://www.openstreetmap.org/way/1459471729",
        "rejection_reason": "Capacity placeholder value",
        "rejection_details": "Tag 'plant:output:electricity' contains placeholder value 'yes' instead of actual capacity",
        "rejection_keywords": "yes",
        "timestamp": "2026-07-01T02:31:14.300712",
        "element_type": "way",
        "element_id": 1459471729,
        "country": "Tanzania, United Republic of",
        "unit_type": "plant"
      }
    },
    {
      "type": "Feature",
      "geometry": {
        "type": "Point",
        "coordinates": [
          34.920755679694565,
          -2.234225631482032
        ]
      },
      "properties": {
        "label": "Rejected way 1459471730",
        "type": "Capacity placeholder value",
        "osm_element": "https://www.openstreetmap.org/way/1459471730",
        "rejection_reason": "Capacity placeholder value",
        "rejection_details": "Tag 'plant:output:electricity' contains placeholder value 'yes' instead of actual capacity",
        "rejection_keywords": "yes",
        "timestamp": "2026-07-01T02:31:14.300885",
        "element_type": "way",
        "element_id": 1459471730,
        "country": "Tanzania, United Republic of",
        "unit_type": "plant"
      }
    },
    {
      "type": "Feature",
      "geometry": {
        "type": "Point",
        "coordinates": [
          34.92082225,
          -2.2342427
        ]
      },
      "properties": {
        "label": "Rejected way 1459471731",
        "type": "Capacity placeholder value",
        "osm_element": "https://www.openstreetmap.org/way/1459471731",
        "rejection_reason": "Capacity placeholder value",
        "rejection_details": "Tag 'plant:output:electricity' contains placeholder value 'yes' instead of actual capacity",
        "rejection_keywords": "yes",
        "timestamp": "2026-07-01T02:31:14.301049",
        "element_type": "way",
        "element_id": 1459471731,
        "country": "Tanzania, United Republic of",
        "unit_type": "plant"
      }
    },
    {
      "type": "Feature",
      "geometry": {
        "type": "Point",
        "coordinates": [
          34.920888820305436,
          -2.234258068517968
        ]
      },
      "properties": {
        "label": "Rejected way 1459471732",
        "type": "Capacity placeholder value",
        "osm_element": "https://www.openstreetmap.org/way/1459471732",
        "rejection_reason": "Capacity placeholder value",
        "rejection_details": "Tag 'plant:output:electricity' contains placeholder value 'yes' instead of actual capacity",
        "rejection_keywords": "yes",
        "timestamp": "2026-07-01T02:31:14.301210",
        "element_type": "way",
        "element_id": 1459471732,
        "country": "Tanzania, United Republic of",
        "unit_type": "plant"
      }
    },
    {
      "type": "Feature",
      "geometry": {
        "type": "Point",
        "coordinates": [
          34.921107320300464,
          -2.233879418507376
        ]
      },
      "properties": {
        "label": "Rejected way 1459471733",
        "type": "Capacity placeholder value",
        "osm_element": "https://www.openstreetmap.org/way/1459471733",
        "rejection_reason": "Capacity placeholder value",
        "rejection_details": "Tag 'plant:output:electricity' contains placeholder value 'yes' instead of actual capacity",
        "rejection_keywords": "yes",
        "timestamp": "2026-07-01T02:31:14.301371",
        "element_type": "way",
        "element_id": 1459471733,
        "country": "Tanzania, United Republic of",
        "unit_type": "plant"
      }
    },
    {
      "type": "Feature",
      "geometry": {
        "type": "Point",
        "coordinates": [
          34.92107829743353,
          -2.234007320314679
        ]
      },
      "properties": {
        "label": "Rejected way 1459471734",
        "type": "Capacity placeholder value",
        "osm_element": "https://www.openstreetmap.org/way/1459471734",
        "rejection_reason": "Capacity placeholder value",
        "rejection_details": "Tag 'plant:output:electricity' contains placeholder value 'yes' instead of actual capacity",
        "rejection_keywords": "yes",
        "timestamp": "2026-07-01T02:31:14.301532",
        "element_type": "way",
        "element_id": 1459471734,
        "country": "Tanzania, United Republic of",
        "unit_type": "plant"
      }
    },
    {
      "type": "Feature",
      "geometry": {
        "type": "Point",
        "coordinates": [
          34.92105269999999,
          -2.23416425
        ]
      },
      "properties": {
        "label": "Rejected way 1459471735",
        "type": "Capacity placeholder value",
        "osm_element": "https://www.openstreetmap.org/way/1459471735",
        "rejection_reason": "Capacity placeholder value",
        "rejection_details": "Tag 'plant:output:electricity' contains placeholder value 'yes' instead of actual capacity",
        "rejection_keywords": "yes",
        "timestamp": "2026-07-01T02:31:14.301711",
        "element_type": "way",
        "element_id": 1459471735,
        "country": "Tanzania, United Republic of",
        "unit_type": "plant"
      }
    },
    {
      "type": "Feature",
      "geometry": {
        "type": "Point",
        "coordinates": [
          34.92098442030047,
          -2.234148918507376
        ]
      },
      "properties": {
        "label": "Rejected way 1459471736",
        "type": "Capacity placeholder value",
        "osm_element": "https://www.openstreetmap.org/way/1459471736",
        "rejection_reason": "Capacity placeholder value",
        "rejection_details": "Tag 'plant:output:electricity' contains placeholder value 'yes' instead of actual capacity",
        "rejection_keywords": "yes",
        "timestamp": "2026-07-01T02:31:14.301879",
        "element_type": "way",
        "element_id": 1459471736,
        "country": "Tanzania, United Republic of",
        "unit_type": "plant"
      }
    },
    {
      "type": "Feature",
      "geometry": {
        "type": "Point",
        "coordinates": [
          34.9210271,
          -2.23428875
        ]
      },
      "properties": {
        "label": "Rejected way 1459471737",
        "type": "Capacity placeholder value",
        "osm_element": "https://www.openstreetmap.org/way/1459471737",
        "rejection_reason": "Capacity placeholder value",
        "rejection_details": "Tag 'plant:output:electricity' contains placeholder value 'yes' instead of actual capacity",
        "rejection_keywords": "yes",
        "timestamp": "2026-07-01T02:31:14.302041",
        "element_type": "way",
        "element_id": 1459471737,
        "country": "Tanzania, United Republic of",
        "unit_type": "plant"
      }
    },
    {
      "type": "Feature",
      "geometry": {
        "type": "Point",
        "coordinates": [
          34.92095882030047,
          -2.2342734185073745
        ]
      },
      "properties": {
        "label": "Rejected way 1459471738",
        "type": "Capacity placeholder value",
        "osm_element": "https://www.openstreetmap.org/way/1459471738",
        "rejection_reason": "Capacity placeholder value",
        "rejection_details": "Tag 'plant:output:electricity' contains placeholder value 'yes' instead of actual capacity",
        "rejection_keywords": "yes",
        "timestamp": "2026-07-01T02:31:14.302201",
        "element_type": "way",
        "element_id": 1459471738,
        "country": "Tanzania, United Republic of",
        "unit_type": "plant"
      }
    },
    {
      "type": "Feature",
      "geometry": {
        "type": "Point",
        "coordinates": [
          34.92084615255762,
          -2.2344149796929638
        ]
      },
      "properties": {
        "label": "Rejected way 1459471739",
        "type": "Capacity placeholder value",
        "osm_element": "https://www.openstreetmap.org/way/1459471739",
        "rejection_reason": "Capacity placeholder value",
        "rejection_details": "Tag 'plant:output:electricity' contains placeholder value 'yes' instead of actual capacity",
        "rejection_keywords": "yes",
        "timestamp": "2026-07-01T02:31:14.302363",
        "element_type": "way",
        "element_id": 1459471739,
        "country": "Tanzania, United Republic of",
        "unit_type": "plant"
      }
    },
    {
      "type": "Feature",
      "geometry": {
        "type": "Point",
        "coordinates": [
          34.985744281187195,
          -2.4472358802213643
        ]
      },
      "properties": {
        "label": "Rejected way 1459860845",
        "type": "Capacity placeholder value",
        "osm_element": "https://www.openstreetmap.org/way/1459860845",
        "rejection_reason": "Capacity placeholder value",
        "rejection_details": "Tag 'plant:output:electricity' contains placeholder value 'yes' instead of actual capacity",
        "rejection_keywords": "yes",
        "timestamp": "2026-07-01T02:31:14.302525",
        "element_type": "way",
        "element_id": 1459860845,
        "country": "Tanzania, United Republic of",
        "unit_type": "plant"
      }
    },
    {
      "type": "Feature",
      "geometry": {
        "type": "Point",
        "coordinates": [
          34.985974399999996,
          -2.4470867000000003
        ]
      },
      "properties": {
        "label": "Rejected way 1459860846",
        "type": "Capacity placeholder value",
        "osm_element": "https://www.openstreetmap.org/way/1459860846",
        "rejection_reason": "Capacity placeholder value",
        "rejection_details": "Tag 'plant:output:electricity' contains placeholder value 'yes' instead of actual capacity",
        "rejection_keywords": "yes",
        "timestamp": "2026-07-01T02:31:14.302708",
        "element_type": "way",
        "element_id": 1459860846,
        "country": "Tanzania, United Republic of",
        "unit_type": "plant"
      }
    },
    {
      "type": "Feature",
      "geometry": {
        "type": "Point",
        "coordinates": [
          34.98597073326294,
          -2.4471686397633943
        ]
      },
      "properties": {
        "label": "Rejected way 1459860847",
        "type": "Capacity placeholder value",
        "osm_element": "https://www.openstreetmap.org/way/1459860847",
        "rejection_reason": "Capacity placeholder value",
        "rejection_details": "Tag 'plant:output:electricity' contains placeholder value 'yes' instead of actual capacity",
        "rejection_keywords": "yes",
        "timestamp": "2026-07-01T02:31:14.302878",
        "element_type": "way",
        "element_id": 1459860847,
        "country": "Tanzania, United Republic of",
        "unit_type": "plant"
      }
    },
    {
      "type": "Feature",
      "geometry": {
        "type": "Point",
        "coordinates": [
          34.986050000000006,
          -2.447338150000002
        ]
      },
      "properties": {
        "label": "Rejected way 1459860848",
        "type": "Capacity placeholder value",
        "osm_element": "https://www.openstreetmap.org/way/1459860848",
        "rejection_reason": "Capacity placeholder value",
        "rejection_details": "Tag 'plant:output:electricity' contains placeholder value 'yes' instead of actual capacity",
        "rejection_keywords": "yes",
        "timestamp": "2026-07-01T02:31:14.303041",
        "element_type": "way",
        "element_id": 1459860848,
        "country": "Tanzania, United Republic of",
        "unit_type": "plant"
      }
    },
    {
      "type": "Feature",
      "geometry": {
        "type": "Point",
        "coordinates": [
          34.98625296643028,
          -2.4471854232126047
        ]
      },
      "properties": {
        "label": "Rejected way 1459860849",
        "type": "Capacity placeholder value",
        "osm_element": "https://www.openstreetmap.org/way/1459860849",
        "rejection_reason": "Capacity placeholder value",
        "rejection_details": "Tag 'plant:output:electricity' contains placeholder value 'yes' instead of actual capacity",
        "rejection_keywords": "yes",
        "timestamp": "2026-07-01T02:31:14.303203",
        "element_type": "way",
        "element_id": 1459860849,
        "country": "Tanzania, United Republic of",
        "unit_type": "plant"
      }
    },
    {
      "type": "Feature",
      "geometry": {
        "type": "Point",
        "coordinates": [
          34.98623197603099,
          -2.447358615441849
        ]
      },
      "properties": {
        "label": "Rejected way 1459860850",
        "type": "Capacity placeholder value",
        "osm_element": "https://www.openstreetmap.org/way/1459860850",
        "rejection_reason": "Capacity placeholder value",
        "rejection_details": "Tag 'plant:output:electricity' contains placeholder value 'yes' instead of actual capacity",
        "rejection_keywords": "yes",
        "timestamp": "2026-07-01T02:31:14.303365",
        "element_type": "way",
        "element_id": 1459860850,
        "country": "Tanzania, United Republic of",
        "unit_type": "plant"
      }
    },
    {
      "type": "Feature",
      "geometry": {
        "type": "Point",
        "coordinates": [
          34.98607375191198,
          -2.447162168271526
        ]
      },
      "properties": {
        "label": "Rejected way 1459860851",
        "type": "Capacity placeholder value",
        "osm_element": "https://www.openstreetmap.org/way/1459860851",
        "rejection_reason": "Capacity placeholder value",
        "rejection_details": "Tag 'plant:output:electricity' contains placeholder value 'yes' instead of actual capacity",
        "rejection_keywords": "yes",
        "timestamp": "2026-07-01T02:31:14.303529",
        "element_type": "way",
        "element_id": 1459860851,
        "country": "Tanzania, United Republic of",
        "unit_type": "plant"
      }
    },
    {
      "type": "Feature",
      "geometry": {
        "type": "Point",
        "coordinates": [
          34.98607165,
          -2.44708315
        ]
      },
      "properties": {
        "label": "Rejected way 1459860852",
        "type": "Capacity placeholder value",
        "osm_element": "https://www.openstreetmap.org/way/1459860852",
        "rejection_reason": "Capacity placeholder value",
        "rejection_details": "Tag 'plant:output:electricity' contains placeholder value 'yes' instead of actual capacity",
        "rejection_keywords": "yes",
        "timestamp": "2026-07-01T02:31:14.303710",
        "element_type": "way",
        "element_id": 1459860852,
        "country": "Tanzania, United Republic of",
        "unit_type": "plant"
      }
    },
    {
      "type": "Feature",
      "geometry": {
        "type": "Point",
        "coordinates": [
          35.01368807438077,
          -2.410334195912785
        ]
      },
      "properties": {
        "label": "Rejected way 1460190951",
        "type": "Capacity placeholder value",
        "osm_element": "https://www.openstreetmap.org/way/1460190951",
        "rejection_reason": "Capacity placeholder value",
        "rejection_details": "Tag 'plant:output:electricity' contains placeholder value 'yes' instead of actual capacity",
        "rejection_keywords": "yes",
        "timestamp": "2026-07-01T02:31:14.303880",
        "element_type": "way",
        "element_id": 1460190951,
        "country": "Tanzania, United Republic of",
        "unit_type": "plant"
      }
    },
    {
      "type": "Feature",
      "geometry": {
        "type": "Point",
        "coordinates": [
          35.015137816249855,
          -2.410005671768113
        ]
      },
      "properties": {
        "label": "Rejected way 1460195382",
        "type": "Capacity placeholder value",
        "osm_element": "https://www.openstreetmap.org/way/1460195382",
        "rejection_reason": "Capacity placeholder value",
        "rejection_details": "Tag 'plant:output:electricity' contains placeholder value 'yes' instead of actual capacity",
        "rejection_keywords": "yes",
        "timestamp": "2026-07-01T02:31:14.304039",
        "element_type": "way",
        "element_id": 1460195382,
        "country": "Tanzania, United Republic of",
        "unit_type": "plant"
      }
    },
    {
      "type": "Feature",
      "geometry": {
        "type": "Point",
        "coordinates": [
          35.015142532335396,
          -2.4100730935730255
        ]
      },
      "properties": {
        "label": "Rejected way 1460195383",
        "type": "Capacity placeholder value",
        "osm_element": "https://www.openstreetmap.org/way/1460195383",
        "rejection_reason": "Capacity placeholder value",
        "rejection_details": "Tag 'plant:output:electricity' contains placeholder value 'yes' instead of actual capacity",
        "rejection_keywords": "yes",
        "timestamp": "2026-07-01T02:31:14.304199",
        "element_type": "way",
        "element_id": 1460195383,
        "country": "Tanzania, United Republic of",
        "unit_type": "plant"
      }
    },
    {
      "type": "Feature",
      "geometry": {
        "type": "Point",
        "coordinates": [
          35.015151450000005,
          -2.410197
        ]
      },
      "properties": {
        "label": "Rejected way 1460195386",
        "type": "Capacity placeholder value",
        "osm_element": "https://www.openstreetmap.org/way/1460195386",
        "rejection_reason": "Capacity placeholder value",
        "rejection_details": "Tag 'plant:output:electricity' contains placeholder value 'yes' instead of actual capacity",
        "rejection_keywords": "yes",
        "timestamp": "2026-07-01T02:31:14.304360",
        "element_type": "way",
        "element_id": 1460195386,
        "country": "Tanzania, United Republic of",
        "unit_type": "plant"
      }
    },
    {
      "type": "Feature",
      "geometry": {
        "type": "Point",
        "coordinates": [
          35.01734332334204,
          -2.40952074687772
        ]
      },
      "properties": {
        "label": "Rejected way 1460195394",
        "type": "Capacity placeholder value",
        "osm_element": "https://www.openstreetmap.org/way/1460195394",
        "rejection_reason": "Capacity placeholder value",
        "rejection_details": "Tag 'plant:output:electricity' contains placeholder value 'yes' instead of actual capacity",
        "rejection_keywords": "yes",
        "timestamp": "2026-07-01T02:31:14.304525",
        "element_type": "way",
        "element_id": 1460195394,
        "country": "Tanzania, United Republic of",
        "unit_type": "plant"
      }
    },
    {
      "type": "Feature",
      "geometry": {
        "type": "Point",
        "coordinates": [
          34.995424466713324,
          -2.3780953451646885
        ]
      },
      "properties": {
        "label": "Rejected way 1460228075",
        "type": "Capacity placeholder value",
        "osm_element": "https://www.openstreetmap.org/way/1460228075",
        "rejection_reason": "Capacity placeholder value",
        "rejection_details": "Tag 'plant:output:electricity' contains placeholder value 'yes' instead of actual capacity",
        "rejection_keywords": "yes",
        "timestamp": "2026-07-01T02:31:14.304703",
        "element_type": "way",
        "element_id": 1460228075,
        "country": "Tanzania, United Republic of",
        "unit_type": "plant"
      }
    },
    {
      "type": "Feature",
      "geometry": {
        "type": "Point",
        "coordinates": [
          34.99551476671328,
          -2.37810959513998
        ]
      },
      "properties": {
        "label": "Rejected way 1460228076",
        "type": "Capacity placeholder value",
        "osm_element": "https://www.openstreetmap.org/way/1460228076",
        "rejection_reason": "Capacity placeholder value",
        "rejection_details": "Tag 'plant:output:electricity' contains placeholder value 'yes' instead of actual capacity",
        "rejection_keywords": "yes",
        "timestamp": "2026-07-01T02:31:14.304872",
        "element_type": "way",
        "element_id": 1460228076,
        "country": "Tanzania, United Republic of",
        "unit_type": "plant"
      }
    },
    {
      "type": "Feature",
      "geometry": {
        "type": "Point",
        "coordinates": [
          34.98772146939313,
          -2.3731690519660877
        ]
      },
      "properties": {
        "label": "Rejected way 1460228079",
        "type": "Capacity placeholder value",
        "osm_element": "https://www.openstreetmap.org/way/1460228079",
        "rejection_reason": "Capacity placeholder value",
        "rejection_details": "Tag 'plant:output:electricity' contains placeholder value 'yes' instead of actual capacity",
        "rejection_keywords": "yes",
        "timestamp": "2026-07-01T02:31:14.305046",
        "element_type": "way",
        "element_id": 1460228079,
        "country": "Tanzania, United Republic of",
        "unit_type": "plant"
      }
    },
    {
      "type": "Feature",
      "geometry": {
        "type": "Point",
        "coordinates": [
          34.98769851001238,
          -2.3732197752815187
        ]
      },
      "properties": {
        "label": "Rejected way 1460228080",
        "type": "Capacity placeholder value",
        "osm_element": "https://www.openstreetmap.org/way/1460228080",
        "rejection_reason": "Capacity placeholder value",
        "rejection_details": "Tag 'plant:output:electricity' contains placeholder value 'yes' instead of actual capacity",
        "rejection_keywords": "yes",
        "timestamp": "2026-07-01T02:31:14.305211",
        "element_type": "way",
        "element_id": 1460228080,
        "country": "Tanzania, United Republic of",
        "unit_type": "plant"
      }
    },
    {
      "type": "Feature",
      "geometry": {
        "type": "Point",
        "coordinates": [
          34.81921405103231,
          -2.3300486956891064
        ]
      },
      "properties": {
        "label": "Rejected way 1462077632",
        "type": "Capacity placeholder value",
        "osm_element": "https://www.openstreetmap.org/way/1462077632",
        "rejection_reason": "Capacity placeholder value",
        "rejection_details": "Tag 'plant:output:electricity' contains placeholder value 'yes' instead of actual capacity",
        "rejection_keywords": "yes",
        "timestamp": "2026-07-01T02:31:14.305417",
        "element_type": "way",
        "element_id": 1462077632,
        "country": "Tanzania, United Republic of",
        "unit_type": "plant"
      }
    },
    {
      "type": "Feature",
      "geometry": {
        "type": "Point",
        "coordinates": [
          34.86641319216374,
          -2.339745377952449
        ]
      },
      "properties": {
        "label": "Rejected way 1462086138",
        "type": "Capacity placeholder value",
        "osm_element": "https://www.openstreetmap.org/way/1462086138",
        "rejection_reason": "Capacity placeholder value",
        "rejection_details": "Tag 'plant:output:electricity' contains placeholder value 'yes' instead of actual capacity",
        "rejection_keywords": "yes",
        "timestamp": "2026-07-01T02:31:14.305580",
        "element_type": "way",
        "element_id": 1462086138,
        "country": "Tanzania, United Republic of",
        "unit_type": "plant"
      }
    },
    {
      "type": "Feature",
      "geometry": {
        "type": "Point",
        "coordinates": [
          34.75656944999999,
          -2.3570546
        ]
      },
      "properties": {
        "label": "Rejected way 1462090494",
        "type": "Capacity placeholder value",
        "osm_element": "https://www.openstreetmap.org/way/1462090494",
        "rejection_reason": "Capacity placeholder value",
        "rejection_details": "Tag 'plant:output:electricity' contains placeholder value 'yes' instead of actual capacity",
        "rejection_keywords": "yes",
        "timestamp": "2026-07-01T02:31:14.305767",
        "element_type": "way",
        "element_id": 1462090494,
        "country": "Tanzania, United Republic of",
        "unit_type": "plant"
      }
    },
    {
      "type": "Feature",
      "geometry": {
        "type": "Point",
        "coordinates": [
          34.80919692414961,
          -2.2805273074983146
        ]
      },
      "properties": {
        "label": "Rejected way 1462275244",
        "type": "Capacity placeholder value",
        "osm_element": "https://www.openstreetmap.org/way/1462275244",
        "rejection_reason": "Capacity placeholder value",
        "rejection_details": "Tag 'plant:output:electricity' contains placeholder value 'yes' instead of actual capacity",
        "rejection_keywords": "yes",
        "timestamp": "2026-07-01T02:31:14.305934",
        "element_type": "way",
        "element_id": 1462275244,
        "country": "Tanzania, United Republic of",
        "unit_type": "plant"
      }
    },
    {
      "type": "Feature",
      "geometry": {
        "type": "Point",
        "coordinates": [
          34.77749912931137,
          -2.64003838501021
        ]
      },
      "properties": {
        "label": "Rejected way 1462591473",
        "type": "Capacity placeholder value",
        "osm_element": "https://www.openstreetmap.org/way/1462591473",
        "rejection_reason": "Capacity placeholder value",
        "rejection_details": "Tag 'plant:output:electricity' contains placeholder value 'yes' instead of actual capacity",
        "rejection_keywords": "yes",
        "timestamp": "2026-07-01T02:31:14.306095",
        "element_type": "way",
        "element_id": 1462591473,
        "country": "Tanzania, United Republic of",
        "unit_type": "plant"
      }
    },
    {
      "type": "Feature",
      "geometry": {
        "type": "Point",
        "coordinates": [
          34.777184020499384,
          -2.6403294032926437
        ]
      },
      "properties": {
        "label": "Rejected way 1462591474",
        "type": "Capacity placeholder value",
        "osm_element": "https://www.openstreetmap.org/way/1462591474",
        "rejection_reason": "Capacity placeholder value",
        "rejection_details": "Tag 'plant:output:electricity' contains placeholder value 'yes' instead of actual capacity",
        "rejection_keywords": "yes",
        "timestamp": "2026-07-01T02:31:14.306255",
        "element_type": "way",
        "element_id": 1462591474,
        "country": "Tanzania, United Republic of",
        "unit_type": "plant"
      }
    },
    {
      "type": "Feature",
      "geometry": {
        "type": "Point",
        "coordinates": [
          34.77769016568408,
          -2.6413003725623376
        ]
      },
      "properties": {
        "label": "Rejected way 1462591475",
        "type": "Capacity placeholder value",
        "osm_element": "https://www.openstreetmap.org/way/1462591475",
        "rejection_reason": "Capacity placeholder value",
        "rejection_details": "Tag 'plant:output:electricity' contains placeholder value 'yes' instead of actual capacity",
        "rejection_keywords": "yes",
        "timestamp": "2026-07-01T02:31:14.306416",
        "element_type": "way",
        "element_id": 1462591475,
        "country": "Tanzania, United Republic of",
        "unit_type": "plant"
      }
    },
    {
      "type": "Feature",
      "geometry": {
        "type": "Point",
        "coordinates": [
          34.77771033431592,
          -2.641159327437663
        ]
      },
      "properties": {
        "label": "Rejected way 1462591476",
        "type": "Capacity placeholder value",
        "osm_element": "https://www.openstreetmap.org/way/1462591476",
        "rejection_reason": "Capacity placeholder value",
        "rejection_details": "Tag 'plant:output:electricity' contains placeholder value 'yes' instead of actual capacity",
        "rejection_keywords": "yes",
        "timestamp": "2026-07-01T02:31:14.306578",
        "element_type": "way",
        "element_id": 1462591476,
        "country": "Tanzania, United Republic of",
        "unit_type": "plant"
      }
    },
    {
      "type": "Feature",
      "geometry": {
        "type": "Point",
        "coordinates": [
          34.777723184308684,
          -2.641032927437443
        ]
      },
      "properties": {
        "label": "Rejected way 1462591477",
        "type": "Capacity placeholder value",
        "osm_element": "https://www.openstreetmap.org/way/1462591477",
        "rejection_reason": "Capacity placeholder value",
        "rejection_details": "Tag 'plant:output:electricity' contains placeholder value 'yes' instead of actual capacity",
        "rejection_keywords": "yes",
        "timestamp": "2026-07-01T02:31:14.306767",
        "element_type": "way",
        "element_id": 1462591477,
        "country": "Tanzania, United Republic of",
        "unit_type": "plant"
      }
    },
    {
      "type": "Feature",
      "geometry": {
        "type": "Point",
        "coordinates": [
          34.777706651752176,
          -2.6408664006039317
        ]
      },
      "properties": {
        "label": "Rejected way 1462591478",
        "type": "Capacity placeholder value",
        "osm_element": "https://www.openstreetmap.org/way/1462591478",
        "rejection_reason": "Capacity placeholder value",
        "rejection_details": "Tag 'plant:output:electricity' contains placeholder value 'yes' instead of actual capacity",
        "rejection_keywords": "yes",
        "timestamp": "2026-07-01T02:31:14.306935",
        "element_type": "way",
        "element_id": 1462591478,
        "country": "Tanzania, United Republic of",
        "unit_type": "plant"
      }
    },
    {
      "type": "Feature",
      "geometry": {
        "type": "Point",
        "coordinates": [
          34.77771113423456,
          -2.6406705728414552
        ]
      },
      "properties": {
        "label": "Rejected way 1462591479",
        "type": "Capacity placeholder value",
        "osm_element": "https://www.openstreetmap.org/way/1462591479",
        "rejection_reason": "Capacity placeholder value",
        "rejection_details": "Tag 'plant:output:electricity' contains placeholder value 'yes' instead of actual capacity",
        "rejection_keywords": "yes",
        "timestamp": "2026-07-01T02:31:14.307098",
        "element_type": "way",
        "element_id": 1462591479,
        "country": "Tanzania, United Republic of",
        "unit_type": "plant"
      }
    },
    {
      "type": "Feature",
      "geometry": {
        "type": "Point",
        "coordinates": [
          34.77764489049657,
          -2.6404094347876517
        ]
      },
      "properties": {
        "label": "Rejected way 1462591480",
        "type": "Capacity placeholder value",
        "osm_element": "https://www.openstreetmap.org/way/1462591480",
        "rejection_reason": "Capacity placeholder value",
        "rejection_details": "Tag 'plant:output:electricity' contains placeholder value 'yes' instead of actual capacity",
        "rejection_keywords": "yes",
        "timestamp": "2026-07-01T02:31:14.307281",
        "element_type": "way",
        "element_id": 1462591480,
        "country": "Tanzania, United Republic of",
        "unit_type": "plant"
      }
    },
    {
      "type": "Feature",
      "geometry": {
        "type": "Point",
        "coordinates": [
          34.77720859138243,
          -2.6401658964714954
        ]
      },
      "properties": {
        "label": "Rejected way 1462591481",
        "type": "Capacity placeholder value",
        "osm_element": "https://www.openstreetmap.org/way/1462591481",
        "rejection_reason": "Capacity placeholder value",
        "rejection_details": "Tag 'plant:output:electricity' contains placeholder value 'yes' instead of actual capacity",
        "rejection_keywords": "yes",
        "timestamp": "2026-07-01T02:31:14.307488",
        "element_type": "way",
        "element_id": 1462591481,
        "country": "Tanzania, United Republic of",
        "unit_type": "plant"
      }
    },
    {
      "type": "Feature",
      "geometry": {
        "type": "Point",
        "coordinates": [
          34.777308121928755,
          -2.6404733561649296
        ]
      },
      "properties": {
        "label": "Rejected way 1462591482",
        "type": "Capacity placeholder value",
        "osm_element": "https://www.openstreetmap.org/way/1462591482",
        "rejection_reason": "Capacity placeholder value",
        "rejection_details": "Tag 'plant:output:electricity' contains placeholder value 'yes' instead of actual capacity",
        "rejection_keywords": "yes",
        "timestamp": "2026-07-01T02:31:14.307648",
        "element_type": "way",
        "element_id": 1462591482,
        "country": "Tanzania, United Republic of",
        "unit_type": "plant"
      }
    },
    {
      "type": "Feature",
      "geometry": {
        "type": "Point",
        "coordinates": [
          34.77762811217174,
          -2.6400682352060745
        ]
      },
      "properties": {
        "label": "Rejected way 1462594991",
        "type": "Capacity placeholder value",
        "osm_element": "https://www.openstreetmap.org/way/1462594991",
        "rejection_reason": "Capacity placeholder value",
        "rejection_details": "Tag 'plant:output:electricity' contains placeholder value 'yes' instead of actual capacity",
        "rejection_keywords": "yes",
        "timestamp": "2026-07-01T02:31:14.307869",
        "element_type": "way",
        "element_id": 1462594991,
        "country": "Tanzania, United Republic of",
        "unit_type": "plant"
      }
    },
    {
      "type": "Feature",
      "geometry": {
        "type": "Point",
        "coordinates": [
          34.743248167491785,
          -2.616852446255634
        ]
      },
      "properties": {
        "label": "Rejected way 1462752930",
        "type": "Capacity placeholder value",
        "osm_element": "https://www.openstreetmap.org/way/1462752930",
        "rejection_reason": "Capacity placeholder value",
        "rejection_details": "Tag 'plant:output:electricity' contains placeholder value 'yes' instead of actual capacity",
        "rejection_keywords": "yes",
        "timestamp": "2026-07-01T02:31:14.308033",
        "element_type": "way",
        "element_id": 1462752930,
        "country": "Tanzania, United Republic of",
        "unit_type": "plant"
      }
    },
    {
      "type": "Feature",
      "geometry": {
        "type": "Point",
        "coordinates": [
          34.73502085,
          -2.62037985
        ]
      },
      "properties": {
        "label": "Rejected way 1462827594",
        "type": "Capacity placeholder value",
        "osm_element": "https://www.openstreetmap.org/way/1462827594",
        "rejection_reason": "Capacity placeholder value",
        "rejection_details": "Tag 'plant:output:electricity' contains placeholder value 'yes' instead of actual capacity",
        "rejection_keywords": "yes",
        "timestamp": "2026-07-01T02:31:14.308198",
        "element_type": "way",
        "element_id": 1462827594,
        "country": "Tanzania, United Republic of",
        "unit_type": "plant"
      }
    },
    {
      "type": "Feature",
      "geometry": {
        "type": "Point",
        "coordinates": [
          34.67497909434446,
          -2.5978061460000164
        ]
      },
      "properties": {
        "label": "Rejected way 1463042681",
        "type": "Capacity placeholder value",
        "osm_element": "https://www.openstreetmap.org/way/1463042681",
        "rejection_reason": "Capacity placeholder value",
        "rejection_details": "Tag 'plant:output:electricity' contains placeholder value 'yes' instead of actual capacity",
        "rejection_keywords": "yes",
        "timestamp": "2026-07-01T02:31:14.308363",
        "element_type": "way",
        "element_id": 1463042681,
        "country": "Tanzania, United Republic of",
        "unit_type": "plant"
      }
    },
    {
      "type": "Feature",
      "geometry": {
        "type": "Point",
        "coordinates": [
          34.67489995649645,
          -2.5977351041159737
        ]
      },
      "properties": {
        "label": "Rejected way 1463042682",
        "type": "Capacity placeholder value",
        "osm_element": "https://www.openstreetmap.org/way/1463042682",
        "rejection_reason": "Capacity placeholder value",
        "rejection_details": "Tag 'plant:output:electricity' contains placeholder value 'yes' instead of actual capacity",
        "rejection_keywords": "yes",
        "timestamp": "2026-07-01T02:31:14.308527",
        "element_type": "way",
        "element_id": 1463042682,
        "country": "Tanzania, United Republic of",
        "unit_type": "plant"
      }
    },
    {
      "type": "Feature",
      "geometry": {
        "type": "Point",
        "coordinates": [
          34.674604,
          -2.5981644
        ]
      },
      "properties": {
        "label": "Rejected way 1463042683",
        "type": "Capacity placeholder value",
        "osm_element": "https://www.openstreetmap.org/way/1463042683",
        "rejection_reason": "Capacity placeholder value",
        "rejection_details": "Tag 'plant:output:electricity' contains placeholder value 'yes' instead of actual capacity",
        "rejection_keywords": "yes",
        "timestamp": "2026-07-01T02:31:14.308710",
        "element_type": "way",
        "element_id": 1463042683,
        "country": "Tanzania, United Republic of",
        "unit_type": "plant"
      }
    },
    {
      "type": "Feature",
      "geometry": {
        "type": "Point",
        "coordinates": [
          34.6742366,
          -2.5919163
        ]
      },
      "properties": {
        "label": "Rejected way 1463042722",
        "type": "Capacity placeholder value",
        "osm_element": "https://www.openstreetmap.org/way/1463042722",
        "rejection_reason": "Capacity placeholder value",
        "rejection_details": "Tag 'plant:output:electricity' contains placeholder value 'yes' instead of actual capacity",
        "rejection_keywords": "yes",
        "timestamp": "2026-07-01T02:31:14.308879",
        "element_type": "way",
        "element_id": 1463042722,
        "country": "Tanzania, United Republic of",
        "unit_type": "plant"
      }
    },
    {
      "type": "Feature",
      "geometry": {
        "type": "Point",
        "coordinates": [
          34.62055855256592,
          -2.407166176369517
        ]
      },
      "properties": {
        "label": "Rejected way 1463461781",
        "type": "Capacity placeholder value",
        "osm_element": "https://www.openstreetmap.org/way/1463461781",
        "rejection_reason": "Capacity placeholder value",
        "rejection_details": "Tag 'plant:output:electricity' contains placeholder value 'yes' instead of actual capacity",
        "rejection_keywords": "yes",
        "timestamp": "2026-07-01T02:31:14.309041",
        "element_type": "way",
        "element_id": 1463461781,
        "country": "Tanzania, United Republic of",
        "unit_type": "plant"
      }
    },
    {
      "type": "Feature",
      "geometry": {
        "type": "Point",
        "coordinates": [
          34.62068730000001,
          -2.4057971
        ]
      },
      "properties": {
        "label": "Rejected way 1463461782",
        "type": "Capacity placeholder value",
        "osm_element": "https://www.openstreetmap.org/way/1463461782",
        "rejection_reason": "Capacity placeholder value",
        "rejection_details": "Tag 'plant:output:electricity' contains placeholder value 'yes' instead of actual capacity",
        "rejection_keywords": "yes",
        "timestamp": "2026-07-01T02:31:14.309203",
        "element_type": "way",
        "element_id": 1463461782,
        "country": "Tanzania, United Republic of",
        "unit_type": "plant"
      }
    },
    {
      "type": "Feature",
      "geometry": {
        "type": "Point",
        "coordinates": [
          34.61918112386614,
          -2.4056197715719607
        ]
      },
      "properties": {
        "label": "Rejected way 1463461783",
        "type": "Capacity placeholder value",
        "osm_element": "https://www.openstreetmap.org/way/1463461783",
        "rejection_reason": "Capacity placeholder value",
        "rejection_details": "Tag 'plant:output:electricity' contains placeholder value 'yes' instead of actual capacity",
        "rejection_keywords": "yes",
        "timestamp": "2026-07-01T02:31:14.309364",
        "element_type": "way",
        "element_id": 1463461783,
        "country": "Tanzania, United Republic of",
        "unit_type": "plant"
      }
    },
    {
      "type": "Feature",
      "geometry": {
        "type": "Point",
        "coordinates": [
          34.62367838409798,
          -2.4095163180019967
        ]
      },
      "properties": {
        "label": "Rejected way 1463461785",
        "type": "Capacity placeholder value",
        "osm_element": "https://www.openstreetmap.org/way/1463461785",
        "rejection_reason": "Capacity placeholder value",
        "rejection_details": "Tag 'plant:output:electricity' contains placeholder value 'yes' instead of actual capacity",
        "rejection_keywords": "yes",
        "timestamp": "2026-07-01T02:31:14.309527",
        "element_type": "way",
        "element_id": 1463461785,
        "country": "Tanzania, United Republic of",
        "unit_type": "plant"
      }
    },
    {
      "type": "Feature",
      "geometry": {
        "type": "Point",
        "coordinates": [
          34.852257949999995,
          -2.2163623500000003
        ]
      },
      "properties": {
        "label": "Rejected way 1463722803",
        "type": "Capacity placeholder value",
        "osm_element": "https://www.openstreetmap.org/way/1463722803",
        "rejection_reason": "Capacity placeholder value",
        "rejection_details": "Tag 'plant:output:electricity' contains placeholder value 'yes' instead of actual capacity",
        "rejection_keywords": "yes",
        "timestamp": "2026-07-01T02:31:14.309708",
        "element_type": "way",
        "element_id": 1463722803,
        "country": "Tanzania, United Republic of",
        "unit_type": "plant"
      }
    },
    {
      "type": "Feature",
      "geometry": {
        "type": "Point",
        "coordinates": [
          34.71657789071918,
          -2.464104971612843
        ]
      },
      "properties": {
        "label": "Rejected way 1463869178",
        "type": "Capacity placeholder value",
        "osm_element": "https://www.openstreetmap.org/way/1463869178",
        "rejection_reason": "Capacity placeholder value",
        "rejection_details": "Tag 'plant:output:electricity' contains placeholder value 'yes' instead of actual capacity",
        "rejection_keywords": "yes",
        "timestamp": "2026-07-01T02:31:14.309878",
        "element_type": "way",
        "element_id": 1463869178,
        "country": "Tanzania, United Republic of",
        "unit_type": "plant"
      }
    },
    {
      "type": "Feature",
      "geometry": {
        "type": "Point",
        "coordinates": [
          34.716580699999994,
          -2.4639963999999996
        ]
      },
      "properties": {
        "label": "Rejected way 1463869179",
        "type": "Capacity placeholder value",
        "osm_element": "https://www.openstreetmap.org/way/1463869179",
        "rejection_reason": "Capacity placeholder value",
        "rejection_details": "Tag 'plant:output:electricity' contains placeholder value 'yes' instead of actual capacity",
        "rejection_keywords": "yes",
        "timestamp": "2026-07-01T02:31:14.310040",
        "element_type": "way",
        "element_id": 1463869179,
        "country": "Tanzania, United Republic of",
        "unit_type": "plant"
      }
    },
    {
      "type": "Feature",
      "geometry": {
        "type": "Point",
        "coordinates": [
          34.77109813302438,
          -2.4939520023668105
        ]
      },
      "properties": {
        "label": "Rejected way 1463891002",
        "type": "Capacity placeholder value",
        "osm_element": "https://www.openstreetmap.org/way/1463891002",
        "rejection_reason": "Capacity placeholder value",
        "rejection_details": "Tag 'plant:output:electricity' contains placeholder value 'yes' instead of actual capacity",
        "rejection_keywords": "yes",
        "timestamp": "2026-07-01T02:31:14.310203",
        "element_type": "way",
        "element_id": 1463891002,
        "country": "Tanzania, United Republic of",
        "unit_type": "plant"
      }
    },
    {
      "type": "Feature",
      "geometry": {
        "type": "Point",
        "coordinates": [
          34.85367734999999,
          -2.2077833000000004
        ]
      },
      "properties": {
        "label": "Rejected way 1463898891",
        "type": "Capacity placeholder value",
        "osm_element": "https://www.openstreetmap.org/way/1463898891",
        "rejection_reason": "Capacity placeholder value",
        "rejection_details": "Tag 'plant:output:electricity' contains placeholder value 'yes' instead of actual capacity",
        "rejection_keywords": "yes",
        "timestamp": "2026-07-01T02:31:14.310363",
        "element_type": "way",
        "element_id": 1463898891,
        "country": "Tanzania, United Republic of",
        "unit_type": "plant"
      }
    },
    {
      "type": "Feature",
      "geometry": {
        "type": "Point",
        "coordinates": [
          34.8111848,
          -2.20886985
        ]
      },
      "properties": {
        "label": "Rejected way 1463908936",
        "type": "Capacity placeholder value",
        "osm_element": "https://www.openstreetmap.org/way/1463908936",
        "rejection_reason": "Capacity placeholder value",
        "rejection_details": "Tag 'plant:output:electricity' contains placeholder value 'yes' instead of actual capacity",
        "rejection_keywords": "yes",
        "timestamp": "2026-07-01T02:31:14.310525",
        "element_type": "way",
        "element_id": 1463908936,
        "country": "Tanzania, United Republic of",
        "unit_type": "plant"
      }
    },
    {
      "type": "Feature",
      "geometry": {
        "type": "Point",
        "coordinates": [
          34.72361107216988,
          -2.21737819374372
        ]
      },
      "properties": {
        "label": "Rejected way 1464073428",
        "type": "Capacity placeholder value",
        "osm_element": "https://www.openstreetmap.org/way/1464073428",
        "rejection_reason": "Capacity placeholder value",
        "rejection_details": "Tag 'plant:output:electricity' contains placeholder value 'yes' instead of actual capacity",
        "rejection_keywords": "yes",
        "timestamp": "2026-07-01T02:31:14.310705",
        "element_type": "way",
        "element_id": 1464073428,
        "country": "Tanzania, United Republic of",
        "unit_type": "plant"
      }
    },
    {
      "type": "Feature",
      "geometry": {
        "type": "Point",
        "coordinates": [
          34.63763278881617,
          -2.2109863212862786
        ]
      },
      "properties": {
        "label": "Rejected way 1464105185",
        "type": "Capacity placeholder value",
        "osm_element": "https://www.openstreetmap.org/way/1464105185",
        "rejection_reason": "Capacity placeholder value",
        "rejection_details": "Tag 'plant:output:electricity' contains placeholder value 'yes' instead of actual capacity",
        "rejection_keywords": "yes",
        "timestamp": "2026-07-01T02:31:14.310881",
        "element_type": "way",
        "element_id": 1464105185,
        "country": "Tanzania, United Republic of",
        "unit_type": "plant"
      }
    },
    {
      "type": "Feature",
      "geometry": {
        "type": "Point",
        "coordinates": [
          34.67679715189599,
          -2.2105895171868912
        ]
      },
      "properties": {
        "label": "Rejected way 1464281241",
        "type": "Capacity placeholder value",
        "osm_element": "https://www.openstreetmap.org/way/1464281241",
        "rejection_reason": "Capacity placeholder value",
        "rejection_details": "Tag 'plant:output:electricity' contains placeholder value 'yes' instead of actual capacity",
        "rejection_keywords": "yes",
        "timestamp": "2026-07-01T02:31:14.311043",
        "element_type": "way",
        "element_id": 1464281241,
        "country": "Tanzania, United Republic of",
        "unit_type": "plant"
      }
    },
    {
      "type": "Feature",
      "geometry": {
        "type": "Point",
        "coordinates": [
          34.76437518243957,
          -2.586095508755826
        ]
      },
      "properties": {
        "label": "Rejected way 1464535854",
        "type": "Capacity placeholder value",
        "osm_element": "https://www.openstreetmap.org/way/1464535854",
        "rejection_reason": "Capacity placeholder value",
        "rejection_details": "Tag 'plant:output:electricity' contains placeholder value 'yes' instead of actual capacity",
        "rejection_keywords": "yes",
        "timestamp": "2026-07-01T02:31:14.311203",
        "element_type": "way",
        "element_id": 1464535854,
        "country": "Tanzania, United Republic of",
        "unit_type": "plant"
      }
    },
    {
      "type": "Feature",
      "geometry": {
        "type": "Point",
        "coordinates": [
          34.99793218485486,
          -2.8303225819149596
        ]
      },
      "properties": {
        "label": "Rejected way 1465285829",
        "type": "Capacity placeholder value",
        "osm_element": "https://www.openstreetmap.org/way/1465285829",
        "rejection_reason": "Capacity placeholder value",
        "rejection_details": "Tag 'plant:output:electricity' contains placeholder value 'yes' instead of actual capacity",
        "rejection_keywords": "yes",
        "timestamp": "2026-07-01T02:31:14.311363",
        "element_type": "way",
        "element_id": 1465285829,
        "country": "Tanzania, United Republic of",
        "unit_type": "plant"
      }
    },
    {
      "type": "Feature",
      "geometry": {
        "type": "Point",
        "coordinates": [
          35.10067874999999,
          -2.5492567
        ]
      },
      "properties": {
        "label": "Rejected way 1465784647",
        "type": "Capacity placeholder value",
        "osm_element": "https://www.openstreetmap.org/way/1465784647",
        "rejection_reason": "Capacity placeholder value",
        "rejection_details": "Tag 'plant:output:electricity' contains placeholder value 'yes' instead of actual capacity",
        "rejection_keywords": "yes",
        "timestamp": "2026-07-01T02:31:14.311523",
        "element_type": "way",
        "element_id": 1465784647,
        "country": "Tanzania, United Republic of",
        "unit_type": "plant"
      }
    },
    {
      "type": "Feature",
      "geometry": {
        "type": "Point",
        "coordinates": [
          35.10058169973885,
          -2.5493222234701833
        ]
      },
      "properties": {
        "label": "Rejected way 1465784648",
        "type": "Capacity placeholder value",
        "osm_element": "https://www.openstreetmap.org/way/1465784648",
        "rejection_reason": "Capacity placeholder value",
        "rejection_details": "Tag 'plant:output:electricity' contains placeholder value 'yes' instead of actual capacity",
        "rejection_keywords": "yes",
        "timestamp": "2026-07-01T02:31:14.311728",
        "element_type": "way",
        "element_id": 1465784648,
        "country": "Tanzania, United Republic of",
        "unit_type": "plant"
      }
    },
    {
      "type": "Feature",
      "geometry": {
        "type": "Point",
        "coordinates": [
          35.10031554999999,
          -2.549429850000001
        ]
      },
      "properties": {
        "label": "Rejected way 1465784653",
        "type": "Capacity placeholder value",
        "osm_element": "https://www.openstreetmap.org/way/1465784653",
        "rejection_reason": "Capacity placeholder value",
        "rejection_details": "Tag 'plant:output:electricity' contains placeholder value 'yes' instead of actual capacity",
        "rejection_keywords": "yes",
        "timestamp": "2026-07-01T02:31:14.311895",
        "element_type": "way",
        "element_id": 1465784653,
        "country": "Tanzania, United Republic of",
        "unit_type": "plant"
      }
    },
    {
      "type": "Feature",
      "geometry": {
        "type": "Point",
        "coordinates": [
          35.157567699999994,
          -2.5422933000000003
        ]
      },
      "properties": {
        "label": "Rejected way 1465991187",
        "type": "Capacity placeholder value",
        "osm_element": "https://www.openstreetmap.org/way/1465991187",
        "rejection_reason": "Capacity placeholder value",
        "rejection_details": "Tag 'plant:output:electricity' contains placeholder value 'yes' instead of actual capacity",
        "rejection_keywords": "yes",
        "timestamp": "2026-07-01T02:31:14.312056",
        "element_type": "way",
        "element_id": 1465991187,
        "country": "Tanzania, United Republic of",
        "unit_type": "plant"
      }
    },
    {
      "type": "Feature",
      "geometry": {
        "type": "Point",
        "coordinates": [
          34.9785925,
          -2.78783245
        ]
      },
      "properties": {
        "label": "Rejected way 1466754520",
        "type": "Capacity placeholder value",
        "osm_element": "https://www.openstreetmap.org/way/1466754520",
        "rejection_reason": "Capacity placeholder value",
        "rejection_details": "Tag 'plant:output:electricity' contains placeholder value 'yes' instead of actual capacity",
        "rejection_keywords": "yes",
        "timestamp": "2026-07-01T02:31:14.312223",
        "element_type": "way",
        "element_id": 1466754520,
        "country": "Tanzania, United Republic of",
        "unit_type": "plant"
      }
    },
    {
      "type": "Feature",
      "geometry": {
        "type": "Point",
        "coordinates": [
          34.8365626,
          -2.281746
        ]
      },
      "properties": {
        "label": "Rejected way 1466778940",
        "type": "Capacity placeholder value",
        "osm_element": "https://www.openstreetmap.org/way/1466778940",
        "rejection_reason": "Capacity placeholder value",
        "rejection_details": "Tag 'plant:output:electricity' contains placeholder value 'yes' instead of actual capacity",
        "rejection_keywords": "yes",
        "timestamp": "2026-07-01T02:31:14.312385",
        "element_type": "way",
        "element_id": 1466778940,
        "country": "Tanzania, United Republic of",
        "unit_type": "plant"
      }
    },
    {
      "type": "Feature",
      "geometry": {
        "type": "Point",
        "coordinates": [
          34.82164667409066,
          -2.2381184445467013
        ]
      },
      "properties": {
        "label": "Rejected way 1466963135",
        "type": "Capacity placeholder value",
        "osm_element": "https://www.openstreetmap.org/way/1466963135",
        "rejection_reason": "Capacity placeholder value",
        "rejection_details": "Tag 'plant:output:electricity' contains placeholder value 'yes' instead of actual capacity",
        "rejection_keywords": "yes",
        "timestamp": "2026-07-01T02:31:14.312547",
        "element_type": "way",
        "element_id": 1466963135,
        "country": "Tanzania, United Republic of",
        "unit_type": "plant"
      }
    },
    {
      "type": "Feature",
      "geometry": {
        "type": "Point",
        "coordinates": [
          34.821631825601095,
          -2.2381728591100507
        ]
      },
      "properties": {
        "label": "Rejected way 1466963136",
        "type": "Capacity placeholder value",
        "osm_element": "https://www.openstreetmap.org/way/1466963136",
        "rejection_reason": "Capacity placeholder value",
        "rejection_details": "Tag 'plant:output:electricity' contains placeholder value 'yes' instead of actual capacity",
        "rejection_keywords": "yes",
        "timestamp": "2026-07-01T02:31:14.312733",
        "element_type": "way",
        "element_id": 1466963136,
        "country": "Tanzania, United Republic of",
        "unit_type": "plant"
      }
    },
    {
      "type": "Feature",
      "geometry": {
        "type": "Point",
        "coordinates": [
          34.851326963881924,
          -2.276813054760834
        ]
      },
      "properties": {
        "label": "Rejected way 1466968064",
        "type": "Capacity placeholder value",
        "osm_element": "https://www.openstreetmap.org/way/1466968064",
        "rejection_reason": "Capacity placeholder value",
        "rejection_details": "Tag 'plant:output:electricity' contains placeholder value 'yes' instead of actual capacity",
        "rejection_keywords": "yes",
        "timestamp": "2026-07-01T02:31:14.312901",
        "element_type": "way",
        "element_id": 1466968064,
        "country": "Tanzania, United Republic of",
        "unit_type": "plant"
      }
    },
    {
      "type": "Feature",
      "geometry": {
        "type": "Point",
        "coordinates": [
          34.96789207502909,
          -2.18441205114544
        ]
      },
      "properties": {
        "label": "Rejected way 1467045909",
        "type": "Capacity placeholder value",
        "osm_element": "https://www.openstreetmap.org/way/1467045909",
        "rejection_reason": "Capacity placeholder value",
        "rejection_details": "Tag 'plant:output:electricity' contains placeholder value 'yes' instead of actual capacity",
        "rejection_keywords": "yes",
        "timestamp": "2026-07-01T02:31:14.313077",
        "element_type": "way",
        "element_id": 1467045909,
        "country": "Tanzania, United Republic of",
        "unit_type": "plant"
      }
    },
    {
      "type": "Feature",
      "geometry": {
        "type": "Point",
        "coordinates": [
          35.20399343264166,
          -2.0771350433990836
        ]
      },
      "properties": {
        "label": "Rejected way 1467204789",
        "type": "Capacity placeholder value",
        "osm_element": "https://www.openstreetmap.org/way/1467204789",
        "rejection_reason": "Capacity placeholder value",
        "rejection_details": "Tag 'plant:output:electricity' contains placeholder value 'yes' instead of actual capacity",
        "rejection_keywords": "yes",
        "timestamp": "2026-07-01T02:31:14.313243",
        "element_type": "way",
        "element_id": 1467204789,
        "country": "Tanzania, United Republic of",
        "unit_type": "plant"
      }
    },
    {
      "type": "Feature",
      "geometry": {
        "type": "Point",
        "coordinates": [
          35.18914303454625,
          -1.993611949201956
        ]
      },
      "properties": {
        "label": "Rejected way 1467210736",
        "type": "Capacity placeholder value",
        "osm_element": "https://www.openstreetmap.org/way/1467210736",
        "rejection_reason": "Capacity placeholder value",
        "rejection_details": "Tag 'plant:output:electricity' contains placeholder value 'yes' instead of actual capacity",
        "rejection_keywords": "yes",
        "timestamp": "2026-07-01T02:31:14.313407",
        "element_type": "way",
        "element_id": 1467210736,
        "country": "Tanzania, United Republic of",
        "unit_type": "plant"
      }
    },
    {
      "type": "Feature",
      "geometry": {
        "type": "Point",
        "coordinates": [
          35.12688648910552,
          -1.936972225671284
        ]
      },
      "properties": {
        "label": "Rejected way 1467630295",
        "type": "Capacity placeholder value",
        "osm_element": "https://www.openstreetmap.org/way/1467630295",
        "rejection_reason": "Capacity placeholder value",
        "rejection_details": "Tag 'plant:output:electricity' contains placeholder value 'yes' instead of actual capacity",
        "rejection_keywords": "yes",
        "timestamp": "2026-07-01T02:31:14.313569",
        "element_type": "way",
        "element_id": 1467630295,
        "country": "Tanzania, United Republic of",
        "unit_type": "plant"
      }
    },
    {
      "type": "Feature",
      "geometry": {
        "type": "Point",
        "coordinates": [
          35.16768208035708,
          -1.9990289449949592
        ]
      },
      "properties": {
        "label": "Rejected way 1467740232",
        "type": "Capacity placeholder value",
        "osm_element": "https://www.openstreetmap.org/way/1467740232",
        "rejection_reason": "Capacity placeholder value",
        "rejection_details": "Tag 'plant:output:electricity' contains placeholder value 'yes' instead of actual capacity",
        "rejection_keywords": "yes",
        "timestamp": "2026-07-01T02:31:14.313938",
        "element_type": "way",
        "element_id": 1467740232,
        "country": "Tanzania, United Republic of",
        "unit_type": "plant"
      }
    },
    {
      "type": "Feature",
      "geometry": {
        "type": "Point",
        "coordinates": [
          35.012299,
          -1.9286732500000001
        ]
      },
      "properties": {
        "label": "Rejected way 1467935446",
        "type": "Capacity placeholder value",
        "osm_element": "https://www.openstreetmap.org/way/1467935446",
        "rejection_reason": "Capacity placeholder value",
        "rejection_details": "Tag 'plant:output:electricity' contains placeholder value 'yes' instead of actual capacity",
        "rejection_keywords": "yes",
        "timestamp": "2026-07-01T02:31:14.314105",
        "element_type": "way",
        "element_id": 1467935446,
        "country": "Tanzania, United Republic of",
        "unit_type": "plant"
      }
    },
    {
      "type": "Feature",
      "geometry": {
        "type": "Point",
        "coordinates": [
          34.83380193859906,
          -1.8186790826470134
        ]
      },
      "properties": {
        "label": "Rejected way 1468011331",
        "type": "Capacity placeholder value",
        "osm_element": "https://www.openstreetmap.org/way/1468011331",
        "rejection_reason": "Capacity placeholder value",
        "rejection_details": "Tag 'plant:output:electricity' contains placeholder value 'yes' instead of actual capacity",
        "rejection_keywords": "yes",
        "timestamp": "2026-07-01T02:31:14.314269",
        "element_type": "way",
        "element_id": 1468011331,
        "country": "Tanzania, United Republic of",
        "unit_type": "plant"
      }
    },
    {
      "type": "Feature",
      "geometry": {
        "type": "Point",
        "coordinates": [
          34.89396506426037,
          -1.7758731578873166
        ]
      },
      "properties": {
        "label": "Rejected way 1468433343",
        "type": "Capacity placeholder value",
        "osm_element": "https://www.openstreetmap.org/way/1468433343",
        "rejection_reason": "Capacity placeholder value",
        "rejection_details": "Tag 'plant:output:electricity' contains placeholder value 'yes' instead of actual capacity",
        "rejection_keywords": "yes",
        "timestamp": "2026-07-01T02:31:14.314432",
        "element_type": "way",
        "element_id": 1468433343,
        "country": "Tanzania, United Republic of",
        "unit_type": "plant"
      }
    },
    {
      "type": "Feature",
      "geometry": {
        "type": "Point",
        "coordinates": [
          34.8932482666145,
          -1.776850281084746
        ]
      },
      "properties": {
        "label": "Rejected way 1468433344",
        "type": "Capacity placeholder value",
        "osm_element": "https://www.openstreetmap.org/way/1468433344",
        "rejection_reason": "Capacity placeholder value",
        "rejection_details": "Tag 'plant:output:electricity' contains placeholder value 'yes' instead of actual capacity",
        "rejection_keywords": "yes",
        "timestamp": "2026-07-01T02:31:14.314595",
        "element_type": "way",
        "element_id": 1468433344,
        "country": "Tanzania, United Republic of",
        "unit_type": "plant"
      }
    },
    {
      "type": "Feature",
      "geometry": {
        "type": "Point",
        "coordinates": [
          34.89336143598715,
          -1.776270990048204
        ]
      },
      "properties": {
        "label": "Rejected way 1468433345",
        "type": "Capacity placeholder value",
        "osm_element": "https://www.openstreetmap.org/way/1468433345",
        "rejection_reason": "Capacity placeholder value",
        "rejection_details": "Tag 'plant:output:electricity' contains placeholder value 'yes' instead of actual capacity",
        "rejection_keywords": "yes",
        "timestamp": "2026-07-01T02:31:14.314784",
        "element_type": "way",
        "element_id": 1468433345,
        "country": "Tanzania, United Republic of",
        "unit_type": "plant"
      }
    },
    {
      "type": "Feature",
      "geometry": {
        "type": "Point",
        "coordinates": [
          34.89000665,
          -1.7636647499999998
        ]
      },
      "properties": {
        "label": "Rejected way 1468439344",
        "type": "Capacity placeholder value",
        "osm_element": "https://www.openstreetmap.org/way/1468439344",
        "rejection_reason": "Capacity placeholder value",
        "rejection_details": "Tag 'plant:output:electricity' contains placeholder value 'yes' instead of actual capacity",
        "rejection_keywords": "yes",
        "timestamp": "2026-07-01T02:31:14.314951",
        "element_type": "way",
        "element_id": 1468439344,
        "country": "Tanzania, United Republic of",
        "unit_type": "plant"
      }
    },
    {
      "type": "Feature",
      "geometry": {
        "type": "Point",
        "coordinates": [
          34.90650805,
          -1.75561475
        ]
      },
      "properties": {
        "label": "Rejected way 1468439368",
        "type": "Capacity placeholder value",
        "osm_element": "https://www.openstreetmap.org/way/1468439368",
        "rejection_reason": "Capacity placeholder value",
        "rejection_details": "Tag 'plant:output:electricity' contains placeholder value 'yes' instead of actual capacity",
        "rejection_keywords": "yes",
        "timestamp": "2026-07-01T02:31:14.315120",
        "element_type": "way",
        "element_id": 1468439368,
        "country": "Tanzania, United Republic of",
        "unit_type": "plant"
      }
    },
    {
      "type": "Feature",
      "geometry": {
        "type": "Point",
        "coordinates": [
          34.91176338231063,
          -1.7353999015781192
        ]
      },
      "properties": {
        "label": "Rejected way 1468503619",
        "type": "Capacity placeholder value",
        "osm_element": "https://www.openstreetmap.org/way/1468503619",
        "rejection_reason": "Capacity placeholder value",
        "rejection_details": "Tag 'plant:output:electricity' contains placeholder value 'yes' instead of actual capacity",
        "rejection_keywords": "yes",
        "timestamp": "2026-07-01T02:31:14.315282",
        "element_type": "way",
        "element_id": 1468503619,
        "country": "Tanzania, United Republic of",
        "unit_type": "plant"
      }
    },
    {
      "type": "Feature",
      "geometry": {
        "type": "Point",
        "coordinates": [
          34.868278200000006,
          -1.7432922499999999
        ]
      },
      "properties": {
        "label": "Rejected way 1468656435",
        "type": "Capacity placeholder value",
        "osm_element": "https://www.openstreetmap.org/way/1468656435",
        "rejection_reason": "Capacity placeholder value",
        "rejection_details": "Tag 'plant:output:electricity' contains placeholder value 'yes' instead of actual capacity",
        "rejection_keywords": "yes",
        "timestamp": "2026-07-01T02:31:14.315444",
        "element_type": "way",
        "element_id": 1468656435,
        "country": "Tanzania, United Republic of",
        "unit_type": "plant"
      }
    },
    {
      "type": "Feature",
      "geometry": {
        "type": "Point",
        "coordinates": [
          34.87820557195346,
          -1.7225062242847435
        ]
      },
      "properties": {
        "label": "Rejected way 1468656475",
        "type": "Capacity placeholder value",
        "osm_element": "https://www.openstreetmap.org/way/1468656475",
        "rejection_reason": "Capacity placeholder value",
        "rejection_details": "Tag 'plant:output:electricity' contains placeholder value 'yes' instead of actual capacity",
        "rejection_keywords": "yes",
        "timestamp": "2026-07-01T02:31:14.315617",
        "element_type": "way",
        "element_id": 1468656475,
        "country": "Tanzania, United Republic of",
        "unit_type": "plant"
      }
    },
    {
      "type": "Feature",
      "geometry": {
        "type": "Point",
        "coordinates": [
          34.910849134992894,
          -1.7053356847903356
        ]
      },
      "properties": {
        "label": "Rejected way 1468783792",
        "type": "Capacity placeholder value",
        "osm_element": "https://www.openstreetmap.org/way/1468783792",
        "rejection_reason": "Capacity placeholder value",
        "rejection_details": "Tag 'plant:output:electricity' contains placeholder value 'yes' instead of actual capacity",
        "rejection_keywords": "yes",
        "timestamp": "2026-07-01T02:31:14.315845",
        "element_type": "way",
        "element_id": 1468783792,
        "country": "Tanzania, United Republic of",
        "unit_type": "plant"
      }
    },
    {
      "type": "Feature",
      "geometry": {
        "type": "Point",
        "coordinates": [
          34.91806765,
          -1.69868595
        ]
      },
      "properties": {
        "label": "Rejected way 1469122990",
        "type": "Capacity placeholder value",
        "osm_element": "https://www.openstreetmap.org/way/1469122990",
        "rejection_reason": "Capacity placeholder value",
        "rejection_details": "Tag 'plant:output:electricity' contains placeholder value 'yes' instead of actual capacity",
        "rejection_keywords": "yes",
        "timestamp": "2026-07-01T02:31:14.316008",
        "element_type": "way",
        "element_id": 1469122990,
        "country": "Tanzania, United Republic of",
        "unit_type": "plant"
      }
    },
    {
      "type": "Feature",
      "geometry": {
        "type": "Point",
        "coordinates": [
          34.92142615,
          -1.6865933499999999
        ]
      },
      "properties": {
        "label": "Rejected way 1469173813",
        "type": "Capacity placeholder value",
        "osm_element": "https://www.openstreetmap.org/way/1469173813",
        "rejection_reason": "Capacity placeholder value",
        "rejection_details": "Tag 'plant:output:electricity' contains placeholder value 'yes' instead of actual capacity",
        "rejection_keywords": "yes",
        "timestamp": "2026-07-01T02:31:14.316170",
        "element_type": "way",
        "element_id": 1469173813,
        "country": "Tanzania, United Republic of",
        "unit_type": "plant"
      }
    },
    {
      "type": "Feature",
      "geometry": {
        "type": "Point",
        "coordinates": [
          34.92160915000001,
          -1.68577135
        ]
      },
      "properties": {
        "label": "Rejected way 1469173840",
        "type": "Capacity placeholder value",
        "osm_element": "https://www.openstreetmap.org/way/1469173840",
        "rejection_reason": "Capacity placeholder value",
        "rejection_details": "Tag 'plant:output:electricity' contains placeholder value 'yes' instead of actual capacity",
        "rejection_keywords": "yes",
        "timestamp": "2026-07-01T02:31:14.316331",
        "element_type": "way",
        "element_id": 1469173840,
        "country": "Tanzania, United Republic of",
        "unit_type": "plant"
      }
    },
    {
      "type": "Feature",
      "geometry": {
        "type": "Point",
        "coordinates": [
          34.906220929214,
          -1.679023738159417
        ]
      },
      "properties": {
        "label": "Rejected way 1469536099",
        "type": "Capacity placeholder value",
        "osm_element": "https://www.openstreetmap.org/way/1469536099",
        "rejection_reason": "Capacity placeholder value",
        "rejection_details": "Tag 'plant:output:electricity' contains placeholder value 'yes' instead of actual capacity",
        "rejection_keywords": "yes",
        "timestamp": "2026-07-01T02:31:14.316491",
        "element_type": "way",
        "element_id": 1469536099,
        "country": "Tanzania, United Republic of",
        "unit_type": "plant"
      }
    },
    {
      "type": "Feature",
      "geometry": {
        "type": "Point",
        "coordinates": [
          34.86852961271378,
          -1.7065178778682364
        ]
      },
      "properties": {
        "label": "Rejected way 1470178643",
        "type": "Capacity placeholder value",
        "osm_element": "https://www.openstreetmap.org/way/1470178643",
        "rejection_reason": "Capacity placeholder value",
        "rejection_details": "Tag 'plant:output:electricity' contains placeholder value 'yes' instead of actual capacity",
        "rejection_keywords": "yes",
        "timestamp": "2026-07-01T02:31:14.316650",
        "element_type": "way",
        "element_id": 1470178643,
        "country": "Tanzania, United Republic of",
        "unit_type": "plant"
      }
    },
    {
      "type": "Feature",
      "geometry": {
        "type": "Point",
        "coordinates": [
          34.86877906739164,
          -1.7059807164313008
        ]
      },
      "properties": {
        "label": "Rejected way 1470178644",
        "type": "Capacity placeholder value",
        "osm_element": "https://www.openstreetmap.org/way/1470178644",
        "rejection_reason": "Capacity placeholder value",
        "rejection_details": "Tag 'plant:output:electricity' contains placeholder value 'yes' instead of actual capacity",
        "rejection_keywords": "yes",
        "timestamp": "2026-07-01T02:31:14.316842",
        "element_type": "way",
        "element_id": 1470178644,
        "country": "Tanzania, United Republic of",
        "unit_type": "plant"
      }
    },
    {
      "type": "Feature",
      "geometry": {
        "type": "Point",
        "coordinates": [
          34.86873405,
          -1.7060425999999997
        ]
      },
      "properties": {
        "label": "Rejected way 1470178645",
        "type": "Capacity placeholder value",
        "osm_element": "https://www.openstreetmap.org/way/1470178645",
        "rejection_reason": "Capacity placeholder value",
        "rejection_details": "Tag 'plant:output:electricity' contains placeholder value 'yes' instead of actual capacity",
        "rejection_keywords": "yes",
        "timestamp": "2026-07-01T02:31:14.317003",
        "element_type": "way",
        "element_id": 1470178645,
        "country": "Tanzania, United Republic of",
        "unit_type": "plant"
      }
    },
    {
      "type": "Feature",
      "geometry": {
        "type": "Point",
        "coordinates": [
          34.84986712925303,
          -1.7072855754079548
        ]
      },
      "properties": {
        "label": "Rejected way 1470178666",
        "type": "Capacity placeholder value",
        "osm_element": "https://www.openstreetmap.org/way/1470178666",
        "rejection_reason": "Capacity placeholder value",
        "rejection_details": "Tag 'plant:output:electricity' contains placeholder value 'yes' instead of actual capacity",
        "rejection_keywords": "yes",
        "timestamp": "2026-07-01T02:31:14.317162",
        "element_type": "way",
        "element_id": 1470178666,
        "country": "Tanzania, United Republic of",
        "unit_type": "plant"
      }
    },
    {
      "type": "Feature",
      "geometry": {
        "type": "Point",
        "coordinates": [
          34.85736122183828,
          -1.6942031693589028
        ]
      },
      "properties": {
        "label": "Rejected way 1470180383",
        "type": "Capacity placeholder value",
        "osm_element": "https://www.openstreetmap.org/way/1470180383",
        "rejection_reason": "Capacity placeholder value",
        "rejection_details": "Tag 'plant:output:electricity' contains placeholder value 'yes' instead of actual capacity",
        "rejection_keywords": "yes",
        "timestamp": "2026-07-01T02:31:14.317331",
        "element_type": "way",
        "element_id": 1470180383,
        "country": "Tanzania, United Republic of",
        "unit_type": "plant"
      }
    },
    {
      "type": "Feature",
      "geometry": {
        "type": "Point",
        "coordinates": [
          34.84702745,
          -1.6738087999999998
        ]
      },
      "properties": {
        "label": "Rejected way 1470209278",
        "type": "Capacity placeholder value",
        "osm_element": "https://www.openstreetmap.org/way/1470209278",
        "rejection_reason": "Capacity placeholder value",
        "rejection_details": "Tag 'plant:output:electricity' contains placeholder value 'yes' instead of actual capacity",
        "rejection_keywords": "yes",
        "timestamp": "2026-07-01T02:31:14.317491",
        "element_type": "way",
        "element_id": 1470209278,
        "country": "Tanzania, United Republic of",
        "unit_type": "plant"
      }
    },
    {
      "type": "Feature",
      "geometry": {
        "type": "Point",
        "coordinates": [
          34.846626799999996,
          -1.6586747
        ]
      },
      "properties": {
        "label": "Rejected way 1470222056",
        "type": "Capacity placeholder value",
        "osm_element": "https://www.openstreetmap.org/way/1470222056",
        "rejection_reason": "Capacity placeholder value",
        "rejection_details": "Tag 'plant:output:electricity' contains placeholder value 'yes' instead of actual capacity",
        "rejection_keywords": "yes",
        "timestamp": "2026-07-01T02:31:14.317651",
        "element_type": "way",
        "element_id": 1470222056,
        "country": "Tanzania, United Republic of",
        "unit_type": "plant"
      }
    },
    {
      "type": "Feature",
      "geometry": {
        "type": "Point",
        "coordinates": [
          34.890236050000006,
          -1.6465411500000005
        ]
      },
      "properties": {
        "label": "Rejected way 1470240852",
        "type": "Capacity placeholder value",
        "osm_element": "https://www.openstreetmap.org/way/1470240852",
        "rejection_reason": "Capacity placeholder value",
        "rejection_details": "Tag 'plant:output:electricity' contains placeholder value 'yes' instead of actual capacity",
        "rejection_keywords": "yes",
        "timestamp": "2026-07-01T02:31:14.317847",
        "element_type": "way",
        "element_id": 1470240852,
        "country": "Tanzania, United Republic of",
        "unit_type": "plant"
      }
    },
    {
      "type": "Feature",
      "geometry": {
        "type": "Point",
        "coordinates": [
          34.88942850620247,
          -1.6853438736781547
        ]
      },
      "properties": {
        "label": "Rejected way 1470458267",
        "type": "Capacity placeholder value",
        "osm_element": "https://www.openstreetmap.org/way/1470458267",
        "rejection_reason": "Capacity placeholder value",
        "rejection_details": "Tag 'plant:output:electricity' contains placeholder value 'yes' instead of actual capacity",
        "rejection_keywords": "yes",
        "timestamp": "2026-07-01T02:31:14.318008",
        "element_type": "way",
        "element_id": 1470458267,
        "country": "Tanzania, United Republic of",
        "unit_type": "plant"
      }
    },
    {
      "type": "Feature",
      "geometry": {
        "type": "Point",
        "coordinates": [
          34.90419749091357,
          -1.5807722265442163
        ]
      },
      "properties": {
        "label": "Rejected way 1470818804",
        "type": "Capacity placeholder value",
        "osm_element": "https://www.openstreetmap.org/way/1470818804",
        "rejection_reason": "Capacity placeholder value",
        "rejection_details": "Tag 'plant:output:electricity' contains placeholder value 'yes' instead of actual capacity",
        "rejection_keywords": "yes",
        "timestamp": "2026-07-01T02:31:14.318193",
        "element_type": "way",
        "element_id": 1470818804,
        "country": "Tanzania, United Republic of",
        "unit_type": "plant"
      }
    },
    {
      "type": "Feature",
      "geometry": {
        "type": "Point",
        "coordinates": [
          34.89967925,
          -1.57472045
        ]
      },
      "properties": {
        "label": "Rejected way 1470818819",
        "type": "Capacity placeholder value",
        "osm_element": "https://www.openstreetmap.org/way/1470818819",
        "rejection_reason": "Capacity placeholder value",
        "rejection_details": "Tag 'plant:output:electricity' contains placeholder value 'yes' instead of actual capacity",
        "rejection_keywords": "yes",
        "timestamp": "2026-07-01T02:31:14.318353",
        "element_type": "way",
        "element_id": 1470818819,
        "country": "Tanzania, United Republic of",
        "unit_type": "plant"
      }
    },
    {
      "type": "Feature",
      "geometry": {
        "type": "Point",
        "coordinates": [
          34.885660149999985,
          -1.5648195999999999
        ]
      },
      "properties": {
        "label": "Rejected way 1471534879",
        "type": "Capacity placeholder value",
        "osm_element": "https://www.openstreetmap.org/way/1471534879",
        "rejection_reason": "Capacity placeholder value",
        "rejection_details": "Tag 'plant:output:electricity' contains placeholder value 'yes' instead of actual capacity",
        "rejection_keywords": "yes",
        "timestamp": "2026-07-01T02:31:14.318515",
        "element_type": "way",
        "element_id": 1471534879,
        "country": "Tanzania, United Republic of",
        "unit_type": "plant"
      }
    },
    {
      "type": "Feature",
      "geometry": {
        "type": "Point",
        "coordinates": [
          34.871447700000004,
          -1.5692529999999998
        ]
      },
      "properties": {
        "label": "Rejected way 1471538097",
        "type": "Capacity placeholder value",
        "osm_element": "https://www.openstreetmap.org/way/1471538097",
        "rejection_reason": "Capacity placeholder value",
        "rejection_details": "Tag 'plant:output:electricity' contains placeholder value 'yes' instead of actual capacity",
        "rejection_keywords": "yes",
        "timestamp": "2026-07-01T02:31:14.318675",
        "element_type": "way",
        "element_id": 1471538097,
        "country": "Tanzania, United Republic of",
        "unit_type": "plant"
      }
    },
    {
      "type": "Feature",
      "geometry": {
        "type": "Point",
        "coordinates": [
          34.887998906685304,
          -1.6033414240565438
        ]
      },
      "properties": {
        "label": "Rejected way 1471540356",
        "type": "Capacity placeholder value",
        "osm_element": "https://www.openstreetmap.org/way/1471540356",
        "rejection_reason": "Capacity placeholder value",
        "rejection_details": "Tag 'plant:output:electricity' contains placeholder value 'yes' instead of actual capacity",
        "rejection_keywords": "yes",
        "timestamp": "2026-07-01T02:31:14.318885",
        "element_type": "way",
        "element_id": 1471540356,
        "country": "Tanzania, United Republic of",
        "unit_type": "plant"
      }
    },
    {
      "type": "Feature",
      "geometry": {
        "type": "Point",
        "coordinates": [
          34.8790004,
          -1.5969408999999997
        ]
      },
      "properties": {
        "label": "Rejected way 1471656038",
        "type": "Capacity placeholder value",
        "osm_element": "https://www.openstreetmap.org/way/1471656038",
        "rejection_reason": "Capacity placeholder value",
        "rejection_details": "Tag 'plant:output:electricity' contains placeholder value 'yes' instead of actual capacity",
        "rejection_keywords": "yes",
        "timestamp": "2026-07-01T02:31:14.319049",
        "element_type": "way",
        "element_id": 1471656038,
        "country": "Tanzania, United Republic of",
        "unit_type": "plant"
      }
    },
    {
      "type": "Feature",
      "geometry": {
        "type": "Point",
        "coordinates": [
          34.878323800000004,
          -1.5966483000000005
        ]
      },
      "properties": {
        "label": "Rejected way 1471656042",
        "type": "Capacity placeholder value",
        "osm_element": "https://www.openstreetmap.org/way/1471656042",
        "rejection_reason": "Capacity placeholder value",
        "rejection_details": "Tag 'plant:output:electricity' contains placeholder value 'yes' instead of actual capacity",
        "rejection_keywords": "yes",
        "timestamp": "2026-07-01T02:31:14.319210",
        "element_type": "way",
        "element_id": 1471656042,
        "country": "Tanzania, United Republic of",
        "unit_type": "plant"
      }
    },
    {
      "type": "Feature",
      "geometry": {
        "type": "Point",
        "coordinates": [
          35.039255375791285,
          -1.6476415553156172
        ]
      },
      "properties": {
        "label": "Rejected way 1472887211",
        "type": "Capacity placeholder value",
        "osm_element": "https://www.openstreetmap.org/way/1472887211",
        "rejection_reason": "Capacity placeholder value",
        "rejection_details": "Tag 'plant:output:electricity' contains placeholder value 'yes' instead of actual capacity",
        "rejection_keywords": "yes",
        "timestamp": "2026-07-01T02:31:14.319371",
        "element_type": "way",
        "element_id": 1472887211,
        "country": "Tanzania, United Republic of",
        "unit_type": "plant"
      }
    },
    {
      "type": "Feature",
      "geometry": {
        "type": "Point",
        "coordinates": [
          34.882254200000006,
          -1.5807390000000008
        ]
      },
      "properties": {
        "label": "Rejected way 1472890764",
        "type": "Capacity placeholder value",
        "osm_element": "https://www.openstreetmap.org/way/1472890764",
        "rejection_reason": "Capacity placeholder value",
        "rejection_details": "Tag 'plant:output:electricity' contains placeholder value 'yes' instead of actual capacity",
        "rejection_keywords": "yes",
        "timestamp": "2026-07-01T02:31:14.319531",
        "element_type": "way",
        "element_id": 1472890764,
        "country": "Tanzania, United Republic of",
        "unit_type": "plant"
      }
    },
    {
      "type": "Feature",
      "geometry": {
        "type": "Point",
        "coordinates": [
          34.88164255,
          -1.5805309000000003
        ]
      },
      "properties": {
        "label": "Rejected way 1472890765",
        "type": "Capacity placeholder value",
        "osm_element": "https://www.openstreetmap.org/way/1472890765",
        "rejection_reason": "Capacity placeholder value",
        "rejection_details": "Tag 'plant:output:electricity' contains placeholder value 'yes' instead of actual capacity",
        "rejection_keywords": "yes",
        "timestamp": "2026-07-01T02:31:14.319738",
        "element_type": "way",
        "element_id": 1472890765,
        "country": "Tanzania, United Republic of",
        "unit_type": "plant"
      }
    },
    {
      "type": "Feature",
      "geometry": {
        "type": "Point",
        "coordinates": [
          34.9537113096893,
          -1.6423411274589863
        ]
      },
      "properties": {
        "label": "Rejected way 1473332574",
        "type": "Capacity placeholder value",
        "osm_element": "https://www.openstreetmap.org/way/1473332574",
        "rejection_reason": "Capacity placeholder value",
        "rejection_details": "Tag 'plant:output:electricity' contains placeholder value 'yes' instead of actual capacity",
        "rejection_keywords": "yes",
        "timestamp": "2026-07-01T02:31:14.319919",
        "element_type": "way",
        "element_id": 1473332574,
        "country": "Tanzania, United Republic of",
        "unit_type": "plant"
      }
    },
    {
      "type": "Feature",
      "geometry": {
        "type": "Point",
        "coordinates": [
          34.8003629,
          -1.6975074
        ]
      },
      "properties": {
        "label": "Rejected way 1473783205",
        "type": "Capacity placeholder value",
        "osm_element": "https://www.openstreetmap.org/way/1473783205",
        "rejection_reason": "Capacity placeholder value",
        "rejection_details": "Tag 'plant:output:electricity' contains placeholder value 'yes' instead of actual capacity",
        "rejection_keywords": "yes",
        "timestamp": "2026-07-01T02:31:14.320085",
        "element_type": "way",
        "element_id": 1473783205,
        "country": "Tanzania, United Republic of",
        "unit_type": "plant"
      }
    },
    {
      "type": "Feature",
      "geometry": {
        "type": "Point",
        "coordinates": [
          34.8003669,
          -1.6975628999999997
        ]
      },
      "properties": {
        "label": "Rejected way 1473783206",
        "type": "Capacity placeholder value",
        "osm_element": "https://www.openstreetmap.org/way/1473783206",
        "rejection_reason": "Capacity placeholder value",
        "rejection_details": "Tag 'plant:output:electricity' contains placeholder value 'yes' instead of actual capacity",
        "rejection_keywords": "yes",
        "timestamp": "2026-07-01T02:31:14.320246",
        "element_type": "way",
        "element_id": 1473783206,
        "country": "Tanzania, United Republic of",
        "unit_type": "plant"
      }
    },
    {
      "type": "Feature",
      "geometry": {
        "type": "Point",
        "coordinates": [
          35.10337251837949,
          -1.7857122530991325
        ]
      },
      "properties": {
        "label": "Rejected way 1474069837",
        "type": "Capacity placeholder value",
        "osm_element": "https://www.openstreetmap.org/way/1474069837",
        "rejection_reason": "Capacity placeholder value",
        "rejection_details": "Tag 'plant:output:electricity' contains placeholder value 'yes' instead of actual capacity",
        "rejection_keywords": "yes",
        "timestamp": "2026-07-01T02:31:14.320408",
        "element_type": "way",
        "element_id": 1474069837,
        "country": "Tanzania, United Republic of",
        "unit_type": "plant"
      }
    },
    {
      "type": "Feature",
      "geometry": {
        "type": "Point",
        "coordinates": [
          34.96169969180466,
          -1.7376556811720327
        ]
      },
      "properties": {
        "label": "Rejected way 1474073338",
        "type": "Capacity placeholder value",
        "osm_element": "https://www.openstreetmap.org/way/1474073338",
        "rejection_reason": "Capacity placeholder value",
        "rejection_details": "Tag 'plant:output:electricity' contains placeholder value 'yes' instead of actual capacity",
        "rejection_keywords": "yes",
        "timestamp": "2026-07-01T02:31:14.320569",
        "element_type": "way",
        "element_id": 1474073338,
        "country": "Tanzania, United Republic of",
        "unit_type": "plant"
      }
    },
    {
      "type": "Feature",
      "geometry": {
        "type": "Point",
        "coordinates": [
          34.8611635414286,
          -2.4565561747857143
        ]
      },
      "properties": {
        "label": "Rejected way 1475616644",
        "type": "Capacity placeholder value",
        "osm_element": "https://www.openstreetmap.org/way/1475616644",
        "rejection_reason": "Capacity placeholder value",
        "rejection_details": "Tag 'plant:output:electricity' contains placeholder value 'yes' instead of actual capacity",
        "rejection_keywords": "yes",
        "timestamp": "2026-07-01T02:31:14.320758",
        "element_type": "way",
        "element_id": 1475616644,
        "country": "Tanzania, United Republic of",
        "unit_type": "plant"
      }
    },
    {
      "type": "Feature",
      "geometry": {
        "type": "Point",
        "coordinates": [
          34.70138926328268,
          -2.3160154323489133
        ]
      },
      "properties": {
        "label": "Rejected way 1476733633",
        "type": "Capacity placeholder value",
        "osm_element": "https://www.openstreetmap.org/way/1476733633",
        "rejection_reason": "Capacity placeholder value",
        "rejection_details": "Tag 'plant:output:electricity' contains placeholder value 'yes' instead of actual capacity",
        "rejection_keywords": "yes",
        "timestamp": "2026-07-01T02:31:14.320949",
        "element_type": "way",
        "element_id": 1476733633,
        "country": "Tanzania, United Republic of",
        "unit_type": "plant"
      }
    },
    {
      "type": "Feature",
      "geometry": {
        "type": "Point",
        "coordinates": [
          34.70127685977951,
          -2.316091889233554
        ]
      },
      "properties": {
        "label": "Rejected way 1476733656",
        "type": "Capacity placeholder value",
        "osm_element": "https://www.openstreetmap.org/way/1476733656",
        "rejection_reason": "Capacity placeholder value",
        "rejection_details": "Tag 'plant:output:electricity' contains placeholder value 'yes' instead of actual capacity",
        "rejection_keywords": "yes",
        "timestamp": "2026-07-01T02:31:14.321109",
        "element_type": "way",
        "element_id": 1476733656,
        "country": "Tanzania, United Republic of",
        "unit_type": "plant"
      }
    },
    {
      "type": "Feature",
      "geometry": {
        "type": "Point",
        "coordinates": [
          34.76569068199978,
          -2.330689649141263
        ]
      },
      "properties": {
        "label": "Rejected way 1476740186",
        "type": "Capacity placeholder value",
        "osm_element": "https://www.openstreetmap.org/way/1476740186",
        "rejection_reason": "Capacity placeholder value",
        "rejection_details": "Tag 'plant:output:electricity' contains placeholder value 'yes' instead of actual capacity",
        "rejection_keywords": "yes",
        "timestamp": "2026-07-01T02:31:14.321271",
        "element_type": "way",
        "element_id": 1476740186,
        "country": "Tanzania, United Republic of",
        "unit_type": "plant"
      }
    },
    {
      "type": "Feature",
      "geometry": {
        "type": "Point",
        "coordinates": [
          34.765156782016085,
          -2.3306219991507073
        ]
      },
      "properties": {
        "label": "Rejected way 1476740189",
        "type": "Capacity placeholder value",
        "osm_element": "https://www.openstreetmap.org/way/1476740189",
        "rejection_reason": "Capacity placeholder value",
        "rejection_details": "Tag 'plant:output:electricity' contains placeholder value 'yes' instead of actual capacity",
        "rejection_keywords": "yes",
        "timestamp": "2026-07-01T02:31:14.321437",
        "element_type": "way",
        "element_id": 1476740189,
        "country": "Tanzania, United Republic of",
        "unit_type": "plant"
      }
    },
    {
      "type": "Feature",
      "geometry": {
        "type": "Point",
        "coordinates": [
          34.765145476198505,
          -2.3306782179996786
        ]
      },
      "properties": {
        "label": "Rejected way 1476740190",
        "type": "Capacity placeholder value",
        "osm_element": "https://www.openstreetmap.org/way/1476740190",
        "rejection_reason": "Capacity placeholder value",
        "rejection_details": "Tag 'plant:output:electricity' contains placeholder value 'yes' instead of actual capacity",
        "rejection_keywords": "yes",
        "timestamp": "2026-07-01T02:31:14.321596",
        "element_type": "way",
        "element_id": 1476740190,
        "country": "Tanzania, United Republic of",
        "unit_type": "plant"
      }
    },
    {
      "type": "Feature",
      "geometry": {
        "type": "Point",
        "coordinates": [
          34.76513421800023,
          -2.330732550858737
        ]
      },
      "properties": {
        "label": "Rejected way 1476740191",
        "type": "Capacity placeholder value",
        "osm_element": "https://www.openstreetmap.org/way/1476740191",
        "rejection_reason": "Capacity placeholder value",
        "rejection_details": "Tag 'plant:output:electricity' contains placeholder value 'yes' instead of actual capacity",
        "rejection_keywords": "yes",
        "timestamp": "2026-07-01T02:31:14.321786",
        "element_type": "way",
        "element_id": 1476740191,
        "country": "Tanzania, United Republic of",
        "unit_type": "plant"
      }
    },
    {
      "type": "Feature",
      "geometry": {
        "type": "Point",
        "coordinates": [
          34.76533677619851,
          -2.3306679179996785
        ]
      },
      "properties": {
        "label": "Rejected way 1476740192",
        "type": "Capacity placeholder value",
        "osm_element": "https://www.openstreetmap.org/way/1476740192",
        "rejection_reason": "Capacity placeholder value",
        "rejection_details": "Tag 'plant:output:electricity' contains placeholder value 'yes' instead of actual capacity",
        "rejection_keywords": "yes",
        "timestamp": "2026-07-01T02:31:14.321951",
        "element_type": "way",
        "element_id": 1476740192,
        "country": "Tanzania, United Republic of",
        "unit_type": "plant"
      }
    },
    {
      "type": "Feature",
      "geometry": {
        "type": "Point",
        "coordinates": [
          34.76532555821736,
          -2.330724117139874
        ]
      },
      "properties": {
        "label": "Rejected way 1476740193",
        "type": "Capacity placeholder value",
        "osm_element": "https://www.openstreetmap.org/way/1476740193",
        "rejection_reason": "Capacity placeholder value",
        "rejection_details": "Tag 'plant:output:electricity' contains placeholder value 'yes' instead of actual capacity",
        "rejection_keywords": "yes",
        "timestamp": "2026-07-01T02:31:14.322110",
        "element_type": "way",
        "element_id": 1476740193,
        "country": "Tanzania, United Republic of",
        "unit_type": "plant"
      }
    },
    {
      "type": "Feature",
      "geometry": {
        "type": "Point",
        "coordinates": [
          34.76531432380149,
          -2.330778482000321
        ]
      },
      "properties": {
        "label": "Rejected way 1476740194",
        "type": "Capacity placeholder value",
        "osm_element": "https://www.openstreetmap.org/way/1476740194",
        "rejection_reason": "Capacity placeholder value",
        "rejection_details": "Tag 'plant:output:electricity' contains placeholder value 'yes' instead of actual capacity",
        "rejection_keywords": "yes",
        "timestamp": "2026-07-01T02:31:14.322271",
        "element_type": "way",
        "element_id": 1476740194,
        "country": "Tanzania, United Republic of",
        "unit_type": "plant"
      }
    },
    {
      "type": "Feature",
      "geometry": {
        "type": "Point",
        "coordinates": [
          34.7655244,
          -2.3307091499999997
        ]
      },
      "properties": {
        "label": "Rejected way 1476740195",
        "type": "Capacity placeholder value",
        "osm_element": "https://www.openstreetmap.org/way/1476740195",
        "rejection_reason": "Capacity placeholder value",
        "rejection_details": "Tag 'plant:output:electricity' contains placeholder value 'yes' instead of actual capacity",
        "rejection_keywords": "yes",
        "timestamp": "2026-07-01T02:31:14.322432",
        "element_type": "way",
        "element_id": 1476740195,
        "country": "Tanzania, United Republic of",
        "unit_type": "plant"
      }
    },
    {
      "type": "Feature",
      "geometry": {
        "type": "Point",
        "coordinates": [
          34.76551311800022,
          -2.330765350858737
        ]
      },
      "properties": {
        "label": "Rejected way 1476740196",
        "type": "Capacity placeholder value",
        "osm_element": "https://www.openstreetmap.org/way/1476740196",
        "rejection_reason": "Capacity placeholder value",
        "rejection_details": "Tag 'plant:output:electricity' contains placeholder value 'yes' instead of actual capacity",
        "rejection_keywords": "yes",
        "timestamp": "2026-07-01T02:31:14.322593",
        "element_type": "way",
        "element_id": 1476740196,
        "country": "Tanzania, United Republic of",
        "unit_type": "plant"
      }
    },
    {
      "type": "Feature",
      "geometry": {
        "type": "Point",
        "coordinates": [
          34.765501876198506,
          -2.330819717999679
        ]
      },
      "properties": {
        "label": "Rejected way 1476740197",
        "type": "Capacity placeholder value",
        "osm_element": "https://www.openstreetmap.org/way/1476740197",
        "rejection_reason": "Capacity placeholder value",
        "rejection_details": "Tag 'plant:output:electricity' contains placeholder value 'yes' instead of actual capacity",
        "rejection_keywords": "yes",
        "timestamp": "2026-07-01T02:31:14.322779",
        "element_type": "way",
        "element_id": 1476740197,
        "country": "Tanzania, United Republic of",
        "unit_type": "plant"
      }
    },
    {
      "type": "Feature",
      "geometry": {
        "type": "Point",
        "coordinates": [
          34.76567067619851,
          -2.3307466179996785
        ]
      },
      "properties": {
        "label": "Rejected way 1476740198",
        "type": "Capacity placeholder value",
        "osm_element": "https://www.openstreetmap.org/way/1476740198",
        "rejection_reason": "Capacity placeholder value",
        "rejection_details": "Tag 'plant:output:electricity' contains placeholder value 'yes' instead of actual capacity",
        "rejection_keywords": "yes",
        "timestamp": "2026-07-01T02:31:14.322946",
        "element_type": "way",
        "element_id": 1476740198,
        "country": "Tanzania, United Republic of",
        "unit_type": "plant"
      }
    },
    {
      "type": "Feature",
      "geometry": {
        "type": "Point",
        "coordinates": [
          34.76565941800022,
          -2.3308028508587375
        ]
      },
      "properties": {
        "label": "Rejected way 1476740199",
        "type": "Capacity placeholder value",
        "osm_element": "https://www.openstreetmap.org/way/1476740199",
        "rejection_reason": "Capacity placeholder value",
        "rejection_details": "Tag 'plant:output:electricity' contains placeholder value 'yes' instead of actual capacity",
        "rejection_keywords": "yes",
        "timestamp": "2026-07-01T02:31:14.323108",
        "element_type": "way",
        "element_id": 1476740199,
        "country": "Tanzania, United Republic of",
        "unit_type": "plant"
      }
    },
    {
      "type": "Feature",
      "geometry": {
        "type": "Point",
        "coordinates": [
          34.76564817619851,
          -2.3308572179996787
        ]
      },
      "properties": {
        "label": "Rejected way 1476740200",
        "type": "Capacity placeholder value",
        "osm_element": "https://www.openstreetmap.org/way/1476740200",
        "rejection_reason": "Capacity placeholder value",
        "rejection_details": "Tag 'plant:output:electricity' contains placeholder value 'yes' instead of actual capacity",
        "rejection_keywords": "yes",
        "timestamp": "2026-07-01T02:31:14.323269",
        "element_type": "way",
        "element_id": 1476740200,
        "country": "Tanzania, United Republic of",
        "unit_type": "plant"
      }
    },
    {
      "type": "Feature",
      "geometry": {
        "type": "Point",
        "coordinates": [
          34.755955750000005,
          -2.38615925
        ]
      },
      "properties": {
        "label": "Rejected way 1476797670",
        "type": "Capacity placeholder value",
        "osm_element": "https://www.openstreetmap.org/way/1476797670",
        "rejection_reason": "Capacity placeholder value",
        "rejection_details": "Tag 'plant:output:electricity' contains placeholder value 'yes' instead of actual capacity",
        "rejection_keywords": "yes",
        "timestamp": "2026-07-01T02:31:14.323429",
        "element_type": "way",
        "element_id": 1476797670,
        "country": "Tanzania, United Republic of",
        "unit_type": "plant"
      }
    },
    {
      "type": "Feature",
      "geometry": {
        "type": "Point",
        "coordinates": [
          34.756007179800434,
          -2.3861773946069103
        ]
      },
      "properties": {
        "label": "Rejected way 1476797671",
        "type": "Capacity placeholder value",
        "osm_element": "https://www.openstreetmap.org/way/1476797671",
        "rejection_reason": "Capacity placeholder value",
        "rejection_details": "Tag 'plant:output:electricity' contains placeholder value 'yes' instead of actual capacity",
        "rejection_keywords": "yes",
        "timestamp": "2026-07-01T02:31:14.323591",
        "element_type": "way",
        "element_id": 1476797671,
        "country": "Tanzania, United Republic of",
        "unit_type": "plant"
      }
    },
    {
      "type": "Feature",
      "geometry": {
        "type": "Point",
        "coordinates": [
          34.75606125,
          -2.3861992
        ]
      },
      "properties": {
        "label": "Rejected way 1476797672",
        "type": "Capacity placeholder value",
        "osm_element": "https://www.openstreetmap.org/way/1476797672",
        "rejection_reason": "Capacity placeholder value",
        "rejection_details": "Tag 'plant:output:electricity' contains placeholder value 'yes' instead of actual capacity",
        "rejection_keywords": "yes",
        "timestamp": "2026-07-01T02:31:14.323778",
        "element_type": "way",
        "element_id": 1476797672,
        "country": "Tanzania, United Republic of",
        "unit_type": "plant"
      }
    },
    {
      "type": "Feature",
      "geometry": {
        "type": "Point",
        "coordinates": [
          34.75593135,
          -2.3862282500000003
        ]
      },
      "properties": {
        "label": "Rejected way 1476797673",
        "type": "Capacity placeholder value",
        "osm_element": "https://www.openstreetmap.org/way/1476797673",
        "rejection_reason": "Capacity placeholder value",
        "rejection_details": "Tag 'plant:output:electricity' contains placeholder value 'yes' instead of actual capacity",
        "rejection_keywords": "yes",
        "timestamp": "2026-07-01T02:31:14.323950",
        "element_type": "way",
        "element_id": 1476797673,
        "country": "Tanzania, United Republic of",
        "unit_type": "plant"
      }
    },
    {
      "type": "Feature",
      "geometry": {
        "type": "Point",
        "coordinates": [
          34.755981220208476,
          -2.3862417554211373
        ]
      },
      "properties": {
        "label": "Rejected way 1476797674",
        "type": "Capacity placeholder value",
        "osm_element": "https://www.openstreetmap.org/way/1476797674",
        "rejection_reason": "Capacity placeholder value",
        "rejection_details": "Tag 'plant:output:electricity' contains placeholder value 'yes' instead of actual capacity",
        "rejection_keywords": "yes",
        "timestamp": "2026-07-01T02:31:14.324111",
        "element_type": "way",
        "element_id": 1476797674,
        "country": "Tanzania, United Republic of",
        "unit_type": "plant"
      }
    },
    {
      "type": "Feature",
      "geometry": {
        "type": "Point",
        "coordinates": [
          34.756036271222285,
          -2.386261464796005
        ]
      },
      "properties": {
        "label": "Rejected way 1476797675",
        "type": "Capacity placeholder value",
        "osm_element": "https://www.openstreetmap.org/way/1476797675",
        "rejection_reason": "Capacity placeholder value",
        "rejection_details": "Tag 'plant:output:electricity' contains placeholder value 'yes' instead of actual capacity",
        "rejection_keywords": "yes",
        "timestamp": "2026-07-01T02:31:14.324271",
        "element_type": "way",
        "element_id": 1476797675,
        "country": "Tanzania, United Republic of",
        "unit_type": "plant"
      }
    },
    {
      "type": "Feature",
      "geometry": {
        "type": "Point",
        "coordinates": [
          34.755910549999996,
          -2.38628225
        ]
      },
      "properties": {
        "label": "Rejected way 1476797676",
        "type": "Capacity placeholder value",
        "osm_element": "https://www.openstreetmap.org/way/1476797676",
        "rejection_reason": "Capacity placeholder value",
        "rejection_details": "Tag 'plant:output:electricity' contains placeholder value 'yes' instead of actual capacity",
        "rejection_keywords": "yes",
        "timestamp": "2026-07-01T02:31:14.324432",
        "element_type": "way",
        "element_id": 1476797676,
        "country": "Tanzania, United Republic of",
        "unit_type": "plant"
      }
    },
    {
      "type": "Feature",
      "geometry": {
        "type": "Point",
        "coordinates": [
          34.75588665000001,
          -2.38635805
        ]
      },
      "properties": {
        "label": "Rejected way 1476797677",
        "type": "Capacity placeholder value",
        "osm_element": "https://www.openstreetmap.org/way/1476797677",
        "rejection_reason": "Capacity placeholder value",
        "rejection_details": "Tag 'plant:output:electricity' contains placeholder value 'yes' instead of actual capacity",
        "rejection_keywords": "yes",
        "timestamp": "2026-07-01T02:31:14.324591",
        "element_type": "way",
        "element_id": 1476797677,
        "country": "Tanzania, United Republic of",
        "unit_type": "plant"
      }
    },
    {
      "type": "Feature",
      "geometry": {
        "type": "Point",
        "coordinates": [
          34.755930279791535,
          -2.3863684445788635
        ]
      },
      "properties": {
        "label": "Rejected way 1476797678",
        "type": "Capacity placeholder value",
        "osm_element": "https://www.openstreetmap.org/way/1476797678",
        "rejection_reason": "Capacity placeholder value",
        "rejection_details": "Tag 'plant:output:electricity' contains placeholder value 'yes' instead of actual capacity",
        "rejection_keywords": "yes",
        "timestamp": "2026-07-01T02:31:14.324777",
        "element_type": "way",
        "element_id": 1476797678,
        "country": "Tanzania, United Republic of",
        "unit_type": "plant"
      }
    },
    {
      "type": "Feature",
      "geometry": {
        "type": "Point",
        "coordinates": [
          34.75597704141005,
          -2.3863829701854438
        ]
      },
      "properties": {
        "label": "Rejected way 1476797679",
        "type": "Capacity placeholder value",
        "osm_element": "https://www.openstreetmap.org/way/1476797679",
        "rejection_reason": "Capacity placeholder value",
        "rejection_details": "Tag 'plant:output:electricity' contains placeholder value 'yes' instead of actual capacity",
        "rejection_keywords": "yes",
        "timestamp": "2026-07-01T02:31:14.324941",
        "element_type": "way",
        "element_id": 1476797679,
        "country": "Tanzania, United Republic of",
        "unit_type": "plant"
      }
    },
    {
      "type": "Feature",
      "geometry": {
        "type": "Point",
        "coordinates": [
          34.75611446476641,
          -2.3863176412707405
        ]
      },
      "properties": {
        "label": "Rejected way 1476797688",
        "type": "Capacity placeholder value",
        "osm_element": "https://www.openstreetmap.org/way/1476797688",
        "rejection_reason": "Capacity placeholder value",
        "rejection_details": "Tag 'plant:output:electricity' contains placeholder value 'yes' instead of actual capacity",
        "rejection_keywords": "yes",
        "timestamp": "2026-07-01T02:31:14.325111",
        "element_type": "way",
        "element_id": 1476797688,
        "country": "Tanzania, United Republic of",
        "unit_type": "plant"
      }
    },
    {
      "type": "Feature",
      "geometry": {
        "type": "Point",
        "coordinates": [
          34.44040112591959,
          -2.3217156769385667
        ]
      },
      "properties": {
        "label": "Rejected way 1478646866",
        "type": "Capacity placeholder value",
        "osm_element": "https://www.openstreetmap.org/way/1478646866",
        "rejection_reason": "Capacity placeholder value",
        "rejection_details": "Tag 'plant:output:electricity' contains placeholder value 'yes' instead of actual capacity",
        "rejection_keywords": "yes",
        "timestamp": "2026-07-01T02:31:14.325272",
        "element_type": "way",
        "element_id": 1478646866,
        "country": "Tanzania, United Republic of",
        "unit_type": "plant"
      }
    },
    {
      "type": "Feature",
      "geometry": {
        "type": "Point",
        "coordinates": [
          34.44154805822585,
          -2.3195769709673186
        ]
      },
      "properties": {
        "label": "Rejected way 1478733275",
        "type": "Capacity placeholder value",
        "osm_element": "https://www.openstreetmap.org/way/1478733275",
        "rejection_reason": "Capacity placeholder value",
        "rejection_details": "Tag 'plant:output:electricity' contains placeholder value 'yes' instead of actual capacity",
        "rejection_keywords": "yes",
        "timestamp": "2026-07-01T02:31:14.325432",
        "element_type": "way",
        "element_id": 1478733275,
        "country": "Tanzania, United Republic of",
        "unit_type": "plant"
      }
    },
    {
      "type": "Feature",
      "geometry": {
        "type": "Point",
        "coordinates": [
          34.441753579031804,
          -2.319535106438047
        ]
      },
      "properties": {
        "label": "Rejected way 1478733276",
        "type": "Capacity placeholder value",
        "osm_element": "https://www.openstreetmap.org/way/1478733276",
        "rejection_reason": "Capacity placeholder value",
        "rejection_details": "Tag 'plant:output:electricity' contains placeholder value 'yes' instead of actual capacity",
        "rejection_keywords": "yes",
        "timestamp": "2026-07-01T02:31:14.325593",
        "element_type": "way",
        "element_id": 1478733276,
        "country": "Tanzania, United Republic of",
        "unit_type": "plant"
      }
    },
    {
      "type": "Feature",
      "geometry": {
        "type": "Point",
        "coordinates": [
          34.44200822096819,
          -2.319477593561952
        ]
      },
      "properties": {
        "label": "Rejected way 1478733277",
        "type": "Capacity placeholder value",
        "osm_element": "https://www.openstreetmap.org/way/1478733277",
        "rejection_reason": "Capacity placeholder value",
        "rejection_details": "Tag 'plant:output:electricity' contains placeholder value 'yes' instead of actual capacity",
        "rejection_keywords": "yes",
        "timestamp": "2026-07-01T02:31:14.325778",
        "element_type": "way",
        "element_id": 1478733277,
        "country": "Tanzania, United Republic of",
        "unit_type": "plant"
      }
    },
    {
      "type": "Feature",
      "geometry": {
        "type": "Point",
        "coordinates": [
          34.44218720827507,
          -2.3194243709751725
        ]
      },
      "properties": {
        "label": "Rejected way 1478733278",
        "type": "Capacity placeholder value",
        "osm_element": "https://www.openstreetmap.org/way/1478733278",
        "rejection_reason": "Capacity placeholder value",
        "rejection_details": "Tag 'plant:output:electricity' contains placeholder value 'yes' instead of actual capacity",
        "rejection_keywords": "yes",
        "timestamp": "2026-07-01T02:31:14.325943",
        "element_type": "way",
        "element_id": 1478733278,
        "country": "Tanzania, United Republic of",
        "unit_type": "plant"
      }
    },
    {
      "type": "Feature",
      "geometry": {
        "type": "Point",
        "coordinates": [
          34.44226072096819,
          -2.3196489935619518
        ]
      },
      "properties": {
        "label": "Rejected way 1478733279",
        "type": "Capacity placeholder value",
        "osm_element": "https://www.openstreetmap.org/way/1478733279",
        "rejection_reason": "Capacity placeholder value",
        "rejection_details": "Tag 'plant:output:electricity' contains placeholder value 'yes' instead of actual capacity",
        "rejection_keywords": "yes",
        "timestamp": "2026-07-01T02:31:14.326104",
        "element_type": "way",
        "element_id": 1478733279,
        "country": "Tanzania, United Republic of",
        "unit_type": "plant"
      }
    },
    {
      "type": "Feature",
      "geometry": {
        "type": "Point",
        "coordinates": [
          34.44202525,
          -2.3197362999999998
        ]
      },
      "properties": {
        "label": "Rejected way 1478733280",
        "type": "Capacity placeholder value",
        "osm_element": "https://www.openstreetmap.org/way/1478733280",
        "rejection_reason": "Capacity placeholder value",
        "rejection_details": "Tag 'plant:output:electricity' contains placeholder value 'yes' instead of actual capacity",
        "rejection_keywords": "yes",
        "timestamp": "2026-07-01T02:31:14.326264",
        "element_type": "way",
        "element_id": 1478733280,
        "country": "Tanzania, United Republic of",
        "unit_type": "plant"
      }
    },
    {
      "type": "Feature",
      "geometry": {
        "type": "Point",
        "coordinates": [
          34.484066174802315,
          -2.325928644020909
        ]
      },
      "properties": {
        "label": "Rejected way 1479012312",
        "type": "Capacity placeholder value",
        "osm_element": "https://www.openstreetmap.org/way/1479012312",
        "rejection_reason": "Capacity placeholder value",
        "rejection_details": "Tag 'plant:output:electricity' contains placeholder value 'yes' instead of actual capacity",
        "rejection_keywords": "yes",
        "timestamp": "2026-07-01T02:31:14.326426",
        "element_type": "way",
        "element_id": 1479012312,
        "country": "Tanzania, United Republic of",
        "unit_type": "plant"
      }
    },
    {
      "type": "Feature",
      "geometry": {
        "type": "Point",
        "coordinates": [
          34.47782175,
          -2.3163164999999997
        ]
      },
      "properties": {
        "label": "Rejected way 1479499563",
        "type": "Capacity placeholder value",
        "osm_element": "https://www.openstreetmap.org/way/1479499563",
        "rejection_reason": "Capacity placeholder value",
        "rejection_details": "Tag 'plant:output:electricity' contains placeholder value 'yes' instead of actual capacity",
        "rejection_keywords": "yes",
        "timestamp": "2026-07-01T02:31:14.326588",
        "element_type": "way",
        "element_id": 1479499563,
        "country": "Tanzania, United Republic of",
        "unit_type": "plant"
      }
    },
    {
      "type": "Feature",
      "geometry": {
        "type": "Point",
        "coordinates": [
          34.869080325729904,
          -2.381769113924487
        ]
      },
      "properties": {
        "label": "Rejected way 1483352566",
        "type": "Capacity placeholder value",
        "osm_element": "https://www.openstreetmap.org/way/1483352566",
        "rejection_reason": "Capacity placeholder value",
        "rejection_details": "Tag 'plant:output:electricity' contains placeholder value 'yes' instead of actual capacity",
        "rejection_keywords": "yes",
        "timestamp": "2026-07-01T02:31:14.326853",
        "element_type": "way",
        "element_id": 1483352566,
        "country": "Tanzania, United Republic of",
        "unit_type": "plant"
      }
    },
    {
      "type": "Feature",
      "geometry": {
        "type": "Point",
        "coordinates": [
          34.883779949445945,
          -2.4036982830792133
        ]
      },
      "properties": {
        "label": "Rejected way 1483352574",
        "type": "Capacity placeholder value",
        "osm_element": "https://www.openstreetmap.org/way/1483352574",
        "rejection_reason": "Capacity placeholder value",
        "rejection_details": "Tag 'plant:output:electricity' contains placeholder value 'yes' instead of actual capacity",
        "rejection_keywords": "yes",
        "timestamp": "2026-07-01T02:31:14.327030",
        "element_type": "way",
        "element_id": 1483352574,
        "country": "Tanzania, United Republic of",
        "unit_type": "plant"
      }
    },
    {
      "type": "Feature",
      "geometry": {
        "type": "Point",
        "coordinates": [
          34.88380637840285,
          -2.4037620264138586
        ]
      },
      "properties": {
        "label": "Rejected way 1483352575",
        "type": "Capacity placeholder value",
        "osm_element": "https://www.openstreetmap.org/way/1483352575",
        "rejection_reason": "Capacity placeholder value",
        "rejection_details": "Tag 'plant:output:electricity' contains placeholder value 'yes' instead of actual capacity",
        "rejection_keywords": "yes",
        "timestamp": "2026-07-01T02:31:14.327195",
        "element_type": "way",
        "element_id": 1483352575,
        "country": "Tanzania, United Republic of",
        "unit_type": "plant"
      }
    },
    {
      "type": "Feature",
      "geometry": {
        "type": "Point",
        "coordinates": [
          35.07474178734819,
          -2.4118261245996515
        ]
      },
      "properties": {
        "label": "Rejected way 1484236669",
        "type": "Capacity placeholder value",
        "osm_element": "https://www.openstreetmap.org/way/1484236669",
        "rejection_reason": "Capacity placeholder value",
        "rejection_details": "Tag 'plant:output:electricity' contains placeholder value 'yes' instead of actual capacity",
        "rejection_keywords": "yes",
        "timestamp": "2026-07-01T02:31:14.327358",
        "element_type": "way",
        "element_id": 1484236669,
        "country": "Tanzania, United Republic of",
        "unit_type": "plant"
      }
    },
    {
      "type": "Feature",
      "geometry": {
        "type": "Point",
        "coordinates": [
          35.07483607432186,
          -2.4120621862697016
        ]
      },
      "properties": {
        "label": "Rejected way 1484236670",
        "type": "Capacity placeholder value",
        "osm_element": "https://www.openstreetmap.org/way/1484236670",
        "rejection_reason": "Capacity placeholder value",
        "rejection_details": "Tag 'plant:output:electricity' contains placeholder value 'yes' instead of actual capacity",
        "rejection_keywords": "yes",
        "timestamp": "2026-07-01T02:31:14.327520",
        "element_type": "way",
        "element_id": 1484236670,
        "country": "Tanzania, United Republic of",
        "unit_type": "plant"
      }
    },
    {
      "type": "Feature",
      "geometry": {
        "type": "Point",
        "coordinates": [
          34.9896081604964,
          -3.022520025802846
        ]
      },
      "properties": {
        "label": "Rejected way 1484825952",
        "type": "Capacity placeholder value",
        "osm_element": "https://www.openstreetmap.org/way/1484825952",
        "rejection_reason": "Capacity placeholder value",
        "rejection_details": "Tag 'plant:output:electricity' contains placeholder value 'yes' instead of actual capacity",
        "rejection_keywords": "yes",
        "timestamp": "2026-07-01T02:31:14.327681",
        "element_type": "way",
        "element_id": 1484825952,
        "country": "Tanzania, United Republic of",
        "unit_type": "plant"
      }
    },
    {
      "type": "Feature",
      "geometry": {
        "type": "Point",
        "coordinates": [
          34.7155307,
          -3.0229337000000003
        ]
      },
      "properties": {
        "label": "Rejected way 1487232572",
        "type": "Capacity placeholder value",
        "osm_element": "https://www.openstreetmap.org/way/1487232572",
        "rejection_reason": "Capacity placeholder value",
        "rejection_details": "Tag 'plant:output:electricity' contains placeholder value 'yes' instead of actual capacity",
        "rejection_keywords": "yes",
        "timestamp": "2026-07-01T02:31:14.327874",
        "element_type": "way",
        "element_id": 1487232572,
        "country": "Tanzania, United Republic of",
        "unit_type": "plant"
      }
    },
    {
      "type": "Feature",
      "geometry": {
        "type": "Point",
        "coordinates": [
          34.678341003666766,
          -2.926258228356474
        ]
      },
      "properties": {
        "label": "Rejected way 1487977855",
        "type": "Capacity placeholder value",
        "osm_element": "https://www.openstreetmap.org/way/1487977855",
        "rejection_reason": "Capacity placeholder value",
        "rejection_details": "Tag 'plant:output:electricity' contains placeholder value 'yes' instead of actual capacity",
        "rejection_keywords": "yes",
        "timestamp": "2026-07-01T02:31:14.328037",
        "element_type": "way",
        "element_id": 1487977855,
        "country": "Tanzania, United Republic of",
        "unit_type": "plant"
      }
    },
    {
      "type": "Feature",
      "geometry": {
        "type": "Point",
        "coordinates": [
          34.67841754180622,
          -2.9262547070333156
        ]
      },
      "properties": {
        "label": "Rejected way 1487977856",
        "type": "Capacity placeholder value",
        "osm_element": "https://www.openstreetmap.org/way/1487977856",
        "rejection_reason": "Capacity placeholder value",
        "rejection_details": "Tag 'plant:output:electricity' contains placeholder value 'yes' instead of actual capacity",
        "rejection_keywords": "yes",
        "timestamp": "2026-07-01T02:31:14.328199",
        "element_type": "way",
        "element_id": 1487977856,
        "country": "Tanzania, United Republic of",
        "unit_type": "plant"
      }
    },
    {
      "type": "Feature",
      "geometry": {
        "type": "Point",
        "coordinates": [
          34.557528049999995,
          -2.2977094000000005
        ]
      },
      "properties": {
        "label": "Rejected way 1494335157",
        "type": "Capacity placeholder value",
        "osm_element": "https://www.openstreetmap.org/way/1494335157",
        "rejection_reason": "Capacity placeholder value",
        "rejection_details": "Tag 'plant:output:electricity' contains placeholder value 'yes' instead of actual capacity",
        "rejection_keywords": "yes",
        "timestamp": "2026-07-01T02:31:14.328360",
        "element_type": "way",
        "element_id": 1494335157,
        "country": "Tanzania, United Republic of",
        "unit_type": "plant"
      }
    },
    {
      "type": "Feature",
      "geometry": {
        "type": "Point",
        "coordinates": [
          33.5669575,
          -9.0247492
        ]
      },
      "properties": {
        "label": "Rejected node 11394671409",
        "type": "Missing output tag",
        "osm_element": "https://www.openstreetmap.org/node/11394671409",
        "rejection_reason": "Missing output tag",
        "rejection_details": "tags: {'name': 'Ngozi Geothermal Project', 'operator': 'Tanzania Geothermal Development Company', 'plant:method': 'geothermal', 'plant:output': '70 MW', 'plant:source': 'geothermal', 'power': 'plant'}",
        "rejection_keywords": "none",
        "timestamp": "2026-07-01T02:31:14.328443",
        "element_type": "node",
        "element_id": 11394671409,
        "country": "Tanzania, United Republic of",
        "unit_type": "plant"
      }
    },
    {
      "type": "Feature",
      "geometry": {
        "type": "Point",
        "coordinates": [
          24.849492050000006,
          -12.355172450000001
        ]
      },
      "properties": {
        "label": "Rejected way 1105610948",
        "type": "Capacity regex no match",
        "osm_element": "https://www.openstreetmap.org/way/1105610948",
        "rejection_reason": "Capacity regex no match",
        "rejection_details": "Tag 'plant:output:electricity' has value '590kW' which could not be parsed",
        "rejection_keywords": "590kW",
        "timestamp": "2026-07-01T02:34:41.068344",
        "element_type": "way",
        "element_id": 1105610948,
        "country": "Zambia",
        "unit_type": "plant"
      }
    },
    {
      "type": "Feature",
      "geometry": {
        "type": "Point",
        "coordinates": [
          27.83214040570223,
          -12.382450853858796
        ]
      },
      "properties": {
        "label": "Rejected way 1112054219",
        "type": "Missing output tag",
        "osm_element": "https://www.openstreetmap.org/way/1112054219",
        "rejection_reason": "Missing output tag",
        "rejection_details": "tags: {'landuse': 'industrial', 'operator': 'Copperbelt Energy Corporation', 'plant:method': 'combustion', 'plant:source': 'diesel', 'power': 'plant'}",
        "rejection_keywords": "none",
        "timestamp": "2026-07-01T02:34:41.068576",
        "element_type": "way",
        "element_id": 1112054219,
        "country": "Zambia",
        "unit_type": "plant"
      }
    },
    {
      "type": "Feature",
      "geometry": {
        "type": "Point",
        "coordinates": [
          25.86473975555035,
          -12.251448314065664
        ]
      },
      "properties": {
        "label": "Rejected way 1112354530",
        "type": "Missing output tag",
        "osm_element": "https://www.openstreetmap.org/way/1112354530",
        "rejection_reason": "Missing output tag",
        "rejection_details": "tags: {'landuse': 'industrial', 'name': 'Lumwana Gensets', 'operator': 'Barrick Gold', 'plant:method': 'combustion', 'plant:source': 'diesel', 'power': 'plant'}",
        "rejection_keywords": "none",
        "timestamp": "2026-07-01T02:34:41.068819",
        "element_type": "way",
        "element_id": 1112354530,
        "country": "Zambia",
        "unit_type": "plant"
      }
    },
    {
      "type": "Feature",
      "geometry": {
        "type": "Point",
        "coordinates": [
          25.298470672122377,
          -12.280468732580088
        ]
      },
      "properties": {
        "label": "Rejected way 1112360676",
        "type": "Missing output tag",
        "osm_element": "https://www.openstreetmap.org/way/1112360676",
        "rejection_reason": "Missing output tag",
        "rejection_details": "tags: {'landuse': 'industrial', 'name': 'Sentinel Mine Gensets', 'operator': 'First Quantum', 'plant:method': 'combustion', 'plant:source': 'diesel', 'power': 'plant'}",
        "rejection_keywords": "none",
        "timestamp": "2026-07-01T02:34:41.069034",
        "element_type": "way",
        "element_id": 1112360676,
        "country": "Zambia",
        "unit_type": "plant"
      }
    },
    {
      "type": "Feature",
      "geometry": {
        "type": "Point",
        "coordinates": [
          28.106366265830015,
          -12.656267152917888
        ]
      },
      "properties": {
        "label": "Rejected way 1148977407",
        "type": "Missing output tag",
        "osm_element": "https://www.openstreetmap.org/way/1148977407",
        "rejection_reason": "Missing output tag",
        "rejection_details": "tags: {'landuse': 'industrial', 'operator': 'Copperbelt Energy Corporation', 'plant:method': 'combustion', 'plant:source': 'diesel', 'power': 'plant'}",
        "rejection_keywords": "none",
        "timestamp": "2026-07-01T02:34:41.069412",
        "element_type": "way",
        "element_id": 1148977407,
        "country": "Zambia",
        "unit_type": "plant"
      }
    },
    {
      "type": "Feature",
      "geometry": {
        "type": "Point",
        "coordinates": [
          25.447144281728622,
          -12.227809437334933
        ]
      },
      "properties": {
        "label": "Rejected way 1416464967",
        "type": "Missing source tag",
        "osm_element": "https://www.openstreetmap.org/way/1416464967",
        "rejection_reason": "Missing source tag",
        "rejection_details": "tags: {'landuse': 'industrial', 'power': 'plant'}",
        "rejection_keywords": "none",
        "timestamp": "2026-07-01T02:34:41.070673",
        "element_type": "way",
        "element_id": 1416464967,
        "country": "Zambia",
        "unit_type": "plant"
      }
    },
    {
      "type": "Feature",
      "geometry": {
        "type": "Point",
        "coordinates": [
          24.8940752646183,
          -14.591901966747113
        ]
      },
      "properties": {
        "label": "Rejected way 1428002465",
        "type": "Capacity placeholder value",
        "osm_element": "https://www.openstreetmap.org/way/1428002465",
        "rejection_reason": "Capacity placeholder value",
        "rejection_details": "Tag 'plant:output:electricity' contains placeholder value 'yes' instead of actual capacity",
        "rejection_keywords": "yes",
        "timestamp": "2026-07-01T02:34:41.072085",
        "element_type": "way",
        "element_id": 1428002465,
        "country": "Zambia",
        "unit_type": "plant"
      }
    },
    {
      "type": "Feature",
      "geometry": {
        "type": "Point",
        "coordinates": [
          31.535084815276402,
          -9.041247625985436
        ]
      },
      "properties": {
        "label": "Rejected way 1449860636",
        "type": "Capacity placeholder value",
        "osm_element": "https://www.openstreetmap.org/way/1449860636",
        "rejection_reason": "Capacity placeholder value",
        "rejection_details": "Tag 'plant:output:electricity' contains placeholder value 'yes' instead of actual capacity",
        "rejection_keywords": "yes",
        "timestamp": "2026-07-01T02:34:41.072991",
        "element_type": "way",
        "element_id": 1449860636,
        "country": "Zambia",
        "unit_type": "plant"
      }
    },
    {
      "type": "Feature",
      "geometry": {
        "type": "Point",
        "coordinates": [
          28.975802184372796,
          -21.734210228241235
        ]
      },
      "properties": {
        "label": "Rejected way 802233312",
        "type": "Capacity regex no match",
        "osm_element": "https://www.openstreetmap.org/way/802233312",
        "rejection_reason": "Capacity regex no match",
        "rejection_details": "Tag 'plant:output:electricity' has value '99kW' which could not be parsed",
        "rejection_keywords": "99kW",
        "timestamp": "2026-07-01T02:37:16.201321",
        "element_type": "way",
        "element_id": 802233312,
        "country": "Zimbabwe",
        "unit_type": "plant"
      }
    },
    {
      "type": "Feature",
      "geometry": {
        "type": "Point",
        "coordinates": [
          29.001569699999997,
          -20.94259645
        ]
      },
      "properties": {
        "label": "Rejected way 1119620243",
        "type": "Missing output tag",
        "osm_element": "https://www.openstreetmap.org/way/1119620243",
        "rejection_reason": "Missing output tag",
        "rejection_details": "tags: {'plant:source': 'solar', 'power': 'plant'}",
        "rejection_keywords": "none",
        "timestamp": "2026-07-01T02:37:16.207480",
        "element_type": "way",
        "element_id": 1119620243,
        "country": "Zimbabwe",
        "unit_type": "plant"
      }
    },
    {
      "type": "Feature",
      "geometry": {
        "type": "Point",
        "coordinates": [
          29.82428636700816,
          -18.937770300420613
        ]
      },
      "properties": {
        "label": "Rejected way 1272744744",
        "type": "Capacity placeholder value",
        "osm_element": "https://www.openstreetmap.org/way/1272744744",
        "rejection_reason": "Capacity placeholder value",
        "rejection_details": "Tag 'plant:output:electricity' contains placeholder value 'yes' instead of actual capacity",
        "rejection_keywords": "yes",
        "timestamp": "2026-07-01T02:37:16.209651",
        "element_type": "way",
        "element_id": 1272744744,
        "country": "Zimbabwe",
        "unit_type": "plant"
      }
    },
    {
      "type": "Feature",
      "geometry": {
        "type": "Point",
        "coordinates": [
          30.204776197668185,
          -17.43239718858224
        ]
      },
      "properties": {
        "label": "Rejected way 1273585788",
        "type": "Capacity placeholder value",
        "osm_element": "https://www.openstreetmap.org/way/1273585788",
        "rejection_reason": "Capacity placeholder value",
        "rejection_details": "Tag 'plant:output:electricity' contains placeholder value 'yes' instead of actual capacity",
        "rejection_keywords": "yes",
        "timestamp": "2026-07-01T02:37:16.210092",
        "element_type": "way",
        "element_id": 1273585788,
        "country": "Zimbabwe",
        "unit_type": "plant"
      }
    },
    {
      "type": "Feature",
      "geometry": {
        "type": "Point",
        "coordinates": [
          30.383124056895166,
          -15.65991828605424
        ]
      },
      "properties": {
        "label": "Rejected way 1424447238",
        "type": "Missing output tag",
        "osm_element": "https://www.openstreetmap.org/way/1424447238",
        "rejection_reason": "Missing output tag",
        "rejection_details": "tags: {'plant:source': 'solar', 'power': 'plant'}",
        "rejection_keywords": "none",
        "timestamp": "2026-07-01T02:37:16.212563",
        "element_type": "way",
        "element_id": 1424447238,
        "country": "Zimbabwe",
        "unit_type": "plant"
      }
    },
    {
      "type": "Feature",
      "geometry": {
        "type": "Point",
        "coordinates": [
          29.98360576721592,
          -19.613264149891403
        ]
      },
      "properties": {
        "label": "Rejected way 1424449217",
        "type": "Missing output tag",
        "osm_element": "https://www.openstreetmap.org/way/1424449217",
        "rejection_reason": "Missing output tag",
        "rejection_details": "tags: {'plant:source': 'solar', 'power': 'plant'}",
        "rejection_keywords": "none",
        "timestamp": "2026-07-01T02:37:16.212906",
        "element_type": "way",
        "element_id": 1424449217,
        "country": "Zimbabwe",
        "unit_type": "plant"
      }
    },
    {
      "type": "Feature",
      "geometry": {
        "type": "Point",
        "coordinates": [
          30.424604651589988,
          -16.881962397816377
        ]
      },
      "properties": {
        "label": "Rejected way 1442142889",
        "type": "Missing output tag",
        "osm_element": "https://www.openstreetmap.org/way/1442142889",
        "rejection_reason": "Missing output tag",
        "rejection_details": "tags: {'plant:source': 'solar', 'power': 'plant'}",
        "rejection_keywords": "none",
        "timestamp": "2026-07-01T02:37:16.213117",
        "element_type": "way",
        "element_id": 1442142889,
        "country": "Zimbabwe",
        "unit_type": "plant"
      }
    },
    {
      "type": "Feature",
      "geometry": {
        "type": "Point",
        "coordinates": [
          32.807279990205394,
          -18.185783533738366
        ]
      },
      "properties": {
        "label": "Rejected way 1514659228",
        "type": "Capacity placeholder value",
        "osm_element": "https://www.openstreetmap.org/way/1514659228",
        "rejection_reason": "Capacity placeholder value",
        "rejection_details": "Tag 'plant:output:electricity' contains placeholder value 'yes' instead of actual capacity",
        "rejection_keywords": "yes",
        "timestamp": "2026-07-01T02:37:16.213307",
        "element_type": "way",
        "element_id": 1514659228,
        "country": "Zimbabwe",
        "unit_type": "plant"
      }
    },
    {
      "type": "Feature",
      "geometry": {
        "type": "Point",
        "coordinates": [
          32.79884354753235,
          -19.84110336560729
        ]
      },
      "properties": {
        "label": "Rejected way 1515283180",
        "type": "Capacity regex no match",
        "osm_element": "https://www.openstreetmap.org/way/1515283180",
        "rejection_reason": "Capacity regex no match",
        "rejection_details": "Tag 'plant:output:electricity' has value '810 kW' which could not be parsed",
        "rejection_keywords": "810 kW",
        "timestamp": "2026-07-01T02:37:16.213668",
        "element_type": "way",
        "element_id": 1515283180,
        "country": "Zimbabwe",
        "unit_type": "plant"
      }
    },
    {
      "type": "Feature",
      "geometry": {
        "type": "Point",
        "coordinates": [
          32.844358702802104,
          -19.156382980993836
        ]
      },
      "properties": {
        "label": "Rejected way 1515554562",
        "type": "Capacity placeholder value",
        "osm_element": "https://www.openstreetmap.org/way/1515554562",
        "rejection_reason": "Capacity placeholder value",
        "rejection_details": "Tag 'plant:output:electricity' contains placeholder value 'yes' instead of actual capacity",
        "rejection_keywords": "yes",
        "timestamp": "2026-07-01T02:37:16.213930",
        "element_type": "way",
        "element_id": 1515554562,
        "country": "Zimbabwe",
        "unit_type": "plant"
      }
    },
    {
      "type": "Feature",
      "geometry": {
        "type": "Point",
        "coordinates": [
          32.85125877755091,
          -19.15641017628183
        ]
      },
      "properties": {
        "label": "Rejected way 1515554577",
        "type": "Capacity placeholder value",
        "osm_element": "https://www.openstreetmap.org/way/1515554577",
        "rejection_reason": "Capacity placeholder value",
        "rejection_details": "Tag 'plant:output:electricity' contains placeholder value 'yes' instead of actual capacity",
        "rejection_keywords": "yes",
        "timestamp": "2026-07-01T02:37:16.214127",
        "element_type": "way",
        "element_id": 1515554577,
        "country": "Zimbabwe",
        "unit_type": "plant"
      }
    },
    {
      "type": "Feature",
      "geometry": {
        "type": "Point",
        "coordinates": [
          32.84909233582999,
          -19.154431459715205
        ]
      },
      "properties": {
        "label": "Rejected way 1515554598",
        "type": "Capacity placeholder value",
        "osm_element": "https://www.openstreetmap.org/way/1515554598",
        "rejection_reason": "Capacity placeholder value",
        "rejection_details": "Tag 'plant:output:electricity' contains placeholder value 'yes' instead of actual capacity",
        "rejection_keywords": "yes",
        "timestamp": "2026-07-01T02:37:16.214301",
        "element_type": "way",
        "element_id": 1515554598,
        "country": "Zimbabwe",
        "unit_type": "plant"
      }
    },
    {
      "type": "Feature",
      "geometry": {
        "type": "Point",
        "coordinates": [
          32.84525771459653,
          -19.169587476593872
        ]
      },
      "properties": {
        "label": "Rejected way 1515554611",
        "type": "Capacity placeholder value",
        "osm_element": "https://www.openstreetmap.org/way/1515554611",
        "rejection_reason": "Capacity placeholder value",
        "rejection_details": "Tag 'plant:output:electricity' contains placeholder value 'yes' instead of actual capacity",
        "rejection_keywords": "yes",
        "timestamp": "2026-07-01T02:37:16.214496",
        "element_type": "way",
        "element_id": 1515554611,
        "country": "Zimbabwe",
        "unit_type": "plant"
      }
    },
    {
      "type": "Feature",
      "geometry": {
        "type": "Point",
        "coordinates": [
          32.76854844973345,
          -19.187037066292508
        ]
      },
      "properties": {
        "label": "Rejected way 1515554645",
        "type": "Capacity placeholder value",
        "osm_element": "https://www.openstreetmap.org/way/1515554645",
        "rejection_reason": "Capacity placeholder value",
        "rejection_details": "Tag 'plant:output:electricity' contains placeholder value 'yes' instead of actual capacity",
        "rejection_keywords": "yes",
        "timestamp": "2026-07-01T02:37:16.214658",
        "element_type": "way",
        "element_id": 1515554645,
        "country": "Zimbabwe",
        "unit_type": "plant"
      }
    },
    {
      "type": "Feature",
      "geometry": {
        "type": "Point",
        "coordinates": [
          32.829731683203335,
          -19.19228384513225
        ]
      },
      "properties": {
        "label": "Rejected way 1515554658",
        "type": "Capacity placeholder value",
        "osm_element": "https://www.openstreetmap.org/way/1515554658",
        "rejection_reason": "Capacity placeholder value",
        "rejection_details": "Tag 'plant:output:electricity' contains placeholder value 'yes' instead of actual capacity",
        "rejection_keywords": "yes",
        "timestamp": "2026-07-01T02:37:16.214885",
        "element_type": "way",
        "element_id": 1515554658,
        "country": "Zimbabwe",
        "unit_type": "plant"
      }
    },
    {
      "type": "Feature",
      "geometry": {
        "type": "Point",
        "coordinates": [
          32.64131708762739,
          -18.92151480729772
        ]
      },
      "properties": {
        "label": "Rejected way 1515596134",
        "type": "Capacity placeholder value",
        "osm_element": "https://www.openstreetmap.org/way/1515596134",
        "rejection_reason": "Capacity placeholder value",
        "rejection_details": "Tag 'plant:output:electricity' contains placeholder value 'yes' instead of actual capacity",
        "rejection_keywords": "yes",
        "timestamp": "2026-07-01T02:37:16.215050",
        "element_type": "way",
        "element_id": 1515596134,
        "country": "Zimbabwe",
        "unit_type": "plant"
      }
    },
    {
      "type": "Feature",
      "geometry": {
        "type": "Point",
        "coordinates": [
          32.6640346602365,
          -18.96476515556267
        ]
      },
      "properties": {
        "label": "Rejected way 1515693952",
        "type": "Capacity regex no match",
        "osm_element": "https://www.openstreetmap.org/way/1515693952",
        "rejection_reason": "Capacity regex no match",
        "rejection_details": "Tag 'plant:output:electricity' has value '140 kW' which could not be parsed",
        "rejection_keywords": "140 kW",
        "timestamp": "2026-07-01T02:37:16.215218",
        "element_type": "way",
        "element_id": 1515693952,
        "country": "Zimbabwe",
        "unit_type": "plant"
      }
    },
    {
      "type": "Feature",
      "geometry": {
        "type": "Point",
        "coordinates": [
          31.862032983740292,
          -18.343039635053824
        ]
      },
      "properties": {
        "label": "Rejected way 1515702018",
        "type": "Capacity placeholder value",
        "osm_element": "https://www.openstreetmap.org/way/1515702018",
        "rejection_reason": "Capacity placeholder value",
        "rejection_details": "Tag 'plant:output:electricity' contains placeholder value 'yes' instead of actual capacity",
        "rejection_keywords": "yes",
        "timestamp": "2026-07-01T02:37:16.215392",
        "element_type": "way",
        "element_id": 1515702018,
        "country": "Zimbabwe",
        "unit_type": "plant"
      }
    },
    {
      "type": "Feature",
      "geometry": {
        "type": "Point",
        "coordinates": [
          31.534180573408793,
          -18.194017248025943
        ]
      },
      "properties": {
        "label": "Rejected way 1515702373",
        "type": "Capacity regex no match",
        "osm_element": "https://www.openstreetmap.org/way/1515702373",
        "rejection_reason": "Capacity regex no match",
        "rejection_details": "Tag 'plant:output:electricity' has value '140 kW' which could not be parsed",
        "rejection_keywords": "140 kW",
        "timestamp": "2026-07-01T02:37:16.215562",
        "element_type": "way",
        "element_id": 1515702373,
        "country": "Zimbabwe",
        "unit_type": "plant"
      }
    },
    {
      "type": "Feature",
      "geometry": {
        "type": "Point",
        "coordinates": [
          32.8453680988701,
          -19.072174366577258
        ]
      },
      "properties": {
        "label": "Rejected way 1515989422",
        "type": "Capacity placeholder value",
        "osm_element": "https://www.openstreetmap.org/way/1515989422",
        "rejection_reason": "Capacity placeholder value",
        "rejection_details": "Tag 'plant:output:electricity' contains placeholder value 'yes' instead of actual capacity",
        "rejection_keywords": "yes",
        "timestamp": "2026-07-01T02:37:16.215774",
        "element_type": "way",
        "element_id": 1515989422,
        "country": "Zimbabwe",
        "unit_type": "plant"
      }
    },
    {
      "type": "Feature",
      "geometry": {
        "type": "Point",
        "coordinates": [
          30.428371456875972,
          -18.034431450407272
        ]
      },
      "properties": {
        "label": "Rejected way 1519570318",
        "type": "Missing source tag",
        "osm_element": "https://www.openstreetmap.org/way/1519570318",
        "rejection_reason": "Missing source tag",
        "rejection_details": "tags: {'landuse': 'industrial', 'power': 'plant'}",
        "rejection_keywords": "none",
        "timestamp": "2026-07-01T02:37:16.216052",
        "element_type": "way",
        "element_id": 1519570318,
        "country": "Zimbabwe",
        "unit_type": "plant"
      }
    },
    {
      "type": "Feature",
      "geometry": {
        "type": "Point",
        "coordinates": [
          31.636231245020852,
          4.843733778828722
        ]
      },
      "properties": {
        "label": "Rejected relation 17065128",
        "type": "Missing source tag",
        "osm_element": "https://www.openstreetmap.org/relation/17065128",
        "rejection_reason": "Missing source tag",
        "rejection_details": "tags: {'landuse': 'industrial', 'power': 'plant', 'type': 'multipolygon'}",
        "rejection_keywords": "none",
        "timestamp": "2026-07-01T02:47:47.207172",
        "element_type": "relation",
        "element_id": 17065128,
        "country": "South Sudan",
        "unit_type": "plant"
      }
    },
    {
      "type": "Feature",
      "geometry": {
        "type": "Point",
        "coordinates": [
          31.556683262628574,
          4.812147165296364
        ]
      },
      "properties": {
        "label": "Rejected way 257933260",
        "type": "Capacity placeholder value",
        "osm_element": "https://www.openstreetmap.org/way/257933260",
        "rejection_reason": "Capacity placeholder value",
        "rejection_details": "Tag 'plant:output:electricity' contains placeholder value 'yes' instead of actual capacity",
        "rejection_keywords": "yes",
        "timestamp": "2026-07-01T02:47:47.207733",
        "element_type": "way",
        "element_id": 257933260,
        "country": "South Sudan",
        "unit_type": "plant"
      }
    },
    {
      "type": "Feature",
      "geometry": {
        "type": "Point",
        "coordinates": [
          31.556596199999998,
          4.81199685
        ]
      },
      "properties": {
        "label": "Rejected way 257933266",
        "type": "Capacity placeholder value",
        "osm_element": "https://www.openstreetmap.org/way/257933266",
        "rejection_reason": "Capacity placeholder value",
        "rejection_details": "Tag 'plant:output:electricity' contains placeholder value 'yes' instead of actual capacity",
        "rejection_keywords": "yes",
        "timestamp": "2026-07-01T02:47:47.207917",
        "element_type": "way",
        "element_id": 257933266,
        "country": "South Sudan",
        "unit_type": "plant"
      }
    },
    {
      "type": "Feature",
      "geometry": {
        "type": "Point",
        "coordinates": [
          31.556618258165315,
          4.812032008196311
        ]
      },
      "properties": {
        "label": "Rejected way 257933271",
        "type": "Capacity placeholder value",
        "osm_element": "https://www.openstreetmap.org/way/257933271",
        "rejection_reason": "Capacity placeholder value",
        "rejection_details": "Tag 'plant:output:electricity' contains placeholder value 'yes' instead of actual capacity",
        "rejection_keywords": "yes",
        "timestamp": "2026-07-01T02:47:47.208089",
        "element_type": "way",
        "element_id": 257933271,
        "country": "South Sudan",
        "unit_type": "plant"
      }
    },
    {
      "type": "Feature",
      "geometry": {
        "type": "Point",
        "coordinates": [
          31.62098854667391,
          4.849663734145645
        ]
      },
      "properties": {
        "label": "Rejected way 370475568",
        "type": "Capacity placeholder value",
        "osm_element": "https://www.openstreetmap.org/way/370475568",
        "rejection_reason": "Capacity placeholder value",
        "rejection_details": "Tag 'plant:output:electricity' contains placeholder value 'yes' instead of actual capacity",
        "rejection_keywords": "yes",
        "timestamp": "2026-07-01T02:47:47.208258",
        "element_type": "way",
        "element_id": 370475568,
        "country": "South Sudan",
        "unit_type": "plant"
      }
    },
    {
      "type": "Feature",
      "geometry": {
        "type": "Point",
        "coordinates": [
          27.96785582430585,
          7.714934030317692
        ]
      },
      "properties": {
        "label": "Rejected way 939739445",
        "type": "Capacity placeholder value",
        "osm_element": "https://www.openstreetmap.org/way/939739445",
        "rejection_reason": "Capacity placeholder value",
        "rejection_details": "Tag 'plant:output:electricity' contains placeholder value 'yes' instead of actual capacity",
        "rejection_keywords": "yes",
        "timestamp": "2026-07-01T02:47:47.208452",
        "element_type": "way",
        "element_id": 939739445,
        "country": "South Sudan",
        "unit_type": "plant"
      }
    },
    {
      "type": "Feature",
      "geometry": {
        "type": "Point",
        "coordinates": [
          27.931508376329802,
          8.26685412109237
        ]
      },
      "properties": {
        "label": "Rejected way 1096431210",
        "type": "Capacity placeholder value",
        "osm_element": "https://www.openstreetmap.org/way/1096431210",
        "rejection_reason": "Capacity placeholder value",
        "rejection_details": "Tag 'plant:output:electricity' contains placeholder value 'yes' instead of actual capacity",
        "rejection_keywords": "yes",
        "timestamp": "2026-07-01T02:47:47.209058",
        "element_type": "way",
        "element_id": 1096431210,
        "country": "South Sudan",
        "unit_type": "plant"
      }
    },
    {
      "type": "Feature",
      "geometry": {
        "type": "Point",
        "coordinates": [
          31.7558246394351,
          4.700873016677895
        ]
      },
      "properties": {
        "label": "Rejected way 1424446119",
        "type": "Missing output tag",
        "osm_element": "https://www.openstreetmap.org/way/1424446119",
        "rejection_reason": "Missing output tag",
        "rejection_details": "tags: {'plant:source': 'solar', 'power': 'plant'}",
        "rejection_keywords": "none",
        "timestamp": "2026-07-01T02:47:47.210064",
        "element_type": "way",
        "element_id": 1424446119,
        "country": "South Sudan",
        "unit_type": "plant"
      }
    },
    {
      "type": "Feature",
      "geometry": {
        "type": "Point",
        "coordinates": [
          31.545186114830237,
          4.817762982862807
        ]
      },
      "properties": {
        "label": "Rejected way 1472321199",
        "type": "Capacity placeholder value",
        "osm_element": "https://www.openstreetmap.org/way/1472321199",
        "rejection_reason": "Capacity placeholder value",
        "rejection_details": "Tag 'plant:output:electricity' contains placeholder value 'yes' instead of actual capacity",
        "rejection_keywords": "yes",
        "timestamp": "2026-07-01T02:47:47.210256",
        "element_type": "way",
        "element_id": 1472321199,
        "country": "South Sudan",
        "unit_type": "plant"
      }
    },
    {
      "type": "Feature",
      "geometry": {
        "type": "Point",
        "coordinates": [
          31.545175458710993,
          4.8177157157053445
        ]
      },
      "properties": {
        "label": "Rejected way 1472321200",
        "type": "Capacity placeholder value",
        "osm_element": "https://www.openstreetmap.org/way/1472321200",
        "rejection_reason": "Capacity placeholder value",
        "rejection_details": "Tag 'plant:output:electricity' contains placeholder value 'yes' instead of actual capacity",
        "rejection_keywords": "yes",
        "timestamp": "2026-07-01T02:47:47.210417",
        "element_type": "way",
        "element_id": 1472321200,
        "country": "South Sudan",
        "unit_type": "plant"
      }
    },
    {
      "type": "Feature",
      "geometry": {
        "type": "Point",
        "coordinates": [
          31.5451711,
          4.817648500000001
        ]
      },
      "properties": {
        "label": "Rejected way 1472321201",
        "type": "Capacity placeholder value",
        "osm_element": "https://www.openstreetmap.org/way/1472321201",
        "rejection_reason": "Capacity placeholder value",
        "rejection_details": "Tag 'plant:output:electricity' contains placeholder value 'yes' instead of actual capacity",
        "rejection_keywords": "yes",
        "timestamp": "2026-07-01T02:47:47.210586",
        "element_type": "way",
        "element_id": 1472321201,
        "country": "South Sudan",
        "unit_type": "plant"
      }
    },
    {
      "type": "Feature",
      "geometry": {
        "type": "Point",
        "coordinates": [
          31.54538287070869,
          4.817729897487152
        ]
      },
      "properties": {
        "label": "Rejected way 1472321202",
        "type": "Capacity placeholder value",
        "osm_element": "https://www.openstreetmap.org/way/1472321202",
        "rejection_reason": "Capacity placeholder value",
        "rejection_details": "Tag 'plant:output:electricity' contains placeholder value 'yes' instead of actual capacity",
        "rejection_keywords": "yes",
        "timestamp": "2026-07-01T02:47:47.210773",
        "element_type": "way",
        "element_id": 1472321202,
        "country": "South Sudan",
        "unit_type": "plant"
      }
    },
    {
      "type": "Feature",
      "geometry": {
        "type": "Point",
        "coordinates": [
          31.545372750000002,
          4.8176747
        ]
      },
      "properties": {
        "label": "Rejected way 1472321203",
        "type": "Capacity placeholder value",
        "osm_element": "https://www.openstreetmap.org/way/1472321203",
        "rejection_reason": "Capacity placeholder value",
        "rejection_details": "Tag 'plant:output:electricity' contains placeholder value 'yes' instead of actual capacity",
        "rejection_keywords": "yes",
        "timestamp": "2026-07-01T02:47:47.210937",
        "element_type": "way",
        "element_id": 1472321203,
        "country": "South Sudan",
        "unit_type": "plant"
      }
    },
    {
      "type": "Feature",
      "geometry": {
        "type": "Point",
        "coordinates": [
          31.545365070906755,
          4.817613971440807
        ]
      },
      "properties": {
        "label": "Rejected way 1472321204",
        "type": "Capacity placeholder value",
        "osm_element": "https://www.openstreetmap.org/way/1472321204",
        "rejection_reason": "Capacity placeholder value",
        "rejection_details": "Tag 'plant:output:electricity' contains placeholder value 'yes' instead of actual capacity",
        "rejection_keywords": "yes",
        "timestamp": "2026-07-01T02:47:47.211097",
        "element_type": "way",
        "element_id": 1472321204,
        "country": "South Sudan",
        "unit_type": "plant"
      }
    },
    {
      "type": "Feature",
      "geometry": {
        "type": "Point",
        "coordinates": [
          31.545349518967395,
          4.81757157184701
        ]
      },
      "properties": {
        "label": "Rejected way 1472321205",
        "type": "Capacity placeholder value",
        "osm_element": "https://www.openstreetmap.org/way/1472321205",
        "rejection_reason": "Capacity placeholder value",
        "rejection_details": "Tag 'plant:output:electricity' contains placeholder value 'yes' instead of actual capacity",
        "rejection_keywords": "yes",
        "timestamp": "2026-07-01T02:47:47.211257",
        "element_type": "way",
        "element_id": 1472321205,
        "country": "South Sudan",
        "unit_type": "plant"
      }
    },
    {
      "type": "Feature",
      "geometry": {
        "type": "Point",
        "coordinates": [
          31.545342299999998,
          4.8175124
        ]
      },
      "properties": {
        "label": "Rejected way 1472321206",
        "type": "Capacity placeholder value",
        "osm_element": "https://www.openstreetmap.org/way/1472321206",
        "rejection_reason": "Capacity placeholder value",
        "rejection_details": "Tag 'plant:output:electricity' contains placeholder value 'yes' instead of actual capacity",
        "rejection_keywords": "yes",
        "timestamp": "2026-07-01T02:47:47.211417",
        "element_type": "way",
        "element_id": 1472321206,
        "country": "South Sudan",
        "unit_type": "plant"
      }
    },
    {
      "type": "Feature",
      "geometry": {
        "type": "Point",
        "coordinates": [
          31.545328740034034,
          4.817453752844123
        ]
      },
      "properties": {
        "label": "Rejected way 1472321207",
        "type": "Capacity placeholder value",
        "osm_element": "https://www.openstreetmap.org/way/1472321207",
        "rejection_reason": "Capacity placeholder value",
        "rejection_details": "Tag 'plant:output:electricity' contains placeholder value 'yes' instead of actual capacity",
        "rejection_keywords": "yes",
        "timestamp": "2026-07-01T02:47:47.211587",
        "element_type": "way",
        "element_id": 1472321207,
        "country": "South Sudan",
        "unit_type": "plant"
      }
    },
    {
      "type": "Feature",
      "geometry": {
        "type": "Point",
        "coordinates": [
          31.556642918807746,
          4.812069644886021
        ]
      },
      "properties": {
        "label": "Rejected way 1472795926",
        "type": "Capacity placeholder value",
        "osm_element": "https://www.openstreetmap.org/way/1472795926",
        "rejection_reason": "Capacity placeholder value",
        "rejection_details": "Tag 'plant:output:electricity' contains placeholder value 'yes' instead of actual capacity",
        "rejection_keywords": "yes",
        "timestamp": "2026-07-01T02:47:47.211770",
        "element_type": "way",
        "element_id": 1472795926,
        "country": "South Sudan",
        "unit_type": "plant"
      }
    },
    {
      "type": "Feature",
      "geometry": {
        "type": "Point",
        "coordinates": [
          31.556649649999997,
          4.812112849999999
        ]
      },
      "properties": {
        "label": "Rejected way 1472795927",
        "type": "Capacity placeholder value",
        "osm_element": "https://www.openstreetmap.org/way/1472795927",
        "rejection_reason": "Capacity placeholder value",
        "rejection_details": "Tag 'plant:output:electricity' contains placeholder value 'yes' instead of actual capacity",
        "rejection_keywords": "yes",
        "timestamp": "2026-07-01T02:47:47.211931",
        "element_type": "way",
        "element_id": 1472795927,
        "country": "South Sudan",
        "unit_type": "plant"
      }
    },
    {
      "type": "Feature",
      "geometry": {
        "type": "Point",
        "coordinates": [
          31.55672406902859,
          4.8121830915348855
        ]
      },
      "properties": {
        "label": "Rejected way 1472795928",
        "type": "Capacity placeholder value",
        "osm_element": "https://www.openstreetmap.org/way/1472795928",
        "rejection_reason": "Capacity placeholder value",
        "rejection_details": "Tag 'plant:output:electricity' contains placeholder value 'yes' instead of actual capacity",
        "rejection_keywords": "yes",
        "timestamp": "2026-07-01T02:47:47.212088",
        "element_type": "way",
        "element_id": 1472795928,
        "country": "South Sudan",
        "unit_type": "plant"
      }
    },
    {
      "type": "Feature",
      "geometry": {
        "type": "Point",
        "coordinates": [
          31.556742800000006,
          4.81222395
        ]
      },
      "properties": {
        "label": "Rejected way 1472795929",
        "type": "Capacity placeholder value",
        "osm_element": "https://www.openstreetmap.org/way/1472795929",
        "rejection_reason": "Capacity placeholder value",
        "rejection_details": "Tag 'plant:output:electricity' contains placeholder value 'yes' instead of actual capacity",
        "rejection_keywords": "yes",
        "timestamp": "2026-07-01T02:47:47.212246",
        "element_type": "way",
        "element_id": 1472795929,
        "country": "South Sudan",
        "unit_type": "plant"
      }
    },
    {
      "type": "Feature",
      "geometry": {
        "type": "Point",
        "coordinates": [
          31.557135181999215,
          4.8113976025740754
        ]
      },
      "properties": {
        "label": "Rejected way 1472795933",
        "type": "Capacity placeholder value",
        "osm_element": "https://www.openstreetmap.org/way/1472795933",
        "rejection_reason": "Capacity placeholder value",
        "rejection_details": "Tag 'plant:output:electricity' contains placeholder value 'yes' instead of actual capacity",
        "rejection_keywords": "yes",
        "timestamp": "2026-07-01T02:47:47.212405",
        "element_type": "way",
        "element_id": 1472795933,
        "country": "South Sudan",
        "unit_type": "plant"
      }
    }
  ]
}