id,element_id,element_type,country,unit_type,reason,keywords,details,timestamp,url,lat,lon
way/706986299,706986299,way,Burundi,plant,Capacity placeholder value,yes,Tag 'plant:output:electricity' contains placeholder value 'yes' instead of actual capacity,2026-07-01 00:52:28.185516,https://www.openstreetmap.org/way/706986299,-4.059686496650373,29.546436601879428
way/1194083384,1194083384,way,Burundi,plant,Capacity regex no match,0.26,Tag 'plant:output:electricity' has value '0.26' which could not be parsed,2026-07-01 00:52:28.188406,https://www.openstreetmap.org/way/1194083384,-3.3559743198057004,29.384253473562076
way/1352626988,1352626988,way,Burundi,plant,Capacity regex no match,280 kW,Tag 'plant:output:electricity' has value '280 kW' which could not be parsed,2026-07-01 00:52:28.189610,https://www.openstreetmap.org/way/1352626988,-2.730387546986533,29.96490671897792
way/601949432,601949432,way,Djibouti,plant,Missing source tag,none,"tags: {'addr:city': 'Tadjoura تاجورة', 'landuse': 'industrial', 'name': 'Centrale Thermique de Tadjourah كهرباء جيبوتي تاجورة', 'name:ar': 'كهرباء جيبوتي تاجورة', 'name:en': 'EDD Tadjoura', 'name:es': 'Central Térmica de Tadyura', 'name:fr': 'Centrale Thermique de Tadjourah', 'operator': 'Électricité de Djibouti', 'operator:es': 'Electricidad de Djibouti', 'power': 'plant'}",2026-07-01 00:52:50.663664,https://www.openstreetmap.org/way/601949432,11.784478220108342,42.8689753229822
way/739484679,739484679,way,Djibouti,plant,Capacity regex no match,150kW,Tag 'plant:output:electricity' has value '150kW' which could not be parsed,2026-07-01 00:52:50.663906,https://www.openstreetmap.org/way/739484679,11.00504463558128,42.10651216657035
way/809817495,809817495,way,Djibouti,plant,Missing source tag,none,"tags: {'building': 'yes', 'plant:output:electricity': 'yes', 'power': 'plant'}",2026-07-01 00:52:50.664090,https://www.openstreetmap.org/way/809817495,11.151384945446956,42.68900922242434
way/1267617474,1267617474,way,British Indian Ocean Territory,plant,Capacity placeholder value,yes,Tag 'plant:output:electricity' contains placeholder value 'yes' instead of actual capacity,2026-07-01 00:56:42.194040,https://www.openstreetmap.org/way/1267617474,-7.299503797742225,72.40236772478941
way/485214167,485214167,way,Comoros,plant,Missing source tag,none,"tags: {'name': 'Groupe Electrogene', 'power': 'plant'}",2026-07-01 01:01:14.180495,https://www.openstreetmap.org/way/485214167,-11.806808450000002,43.4352906
way/1424446701,1424446701,way,Comoros,plant,Missing output tag,none,"tags: {'plant:source': 'solar', 'power': 'plant'}",2026-07-01 01:01:14.180787,https://www.openstreetmap.org/way/1424446701,-12.279303317727035,44.40386897169768
node/10651239187,10651239187,node,Ethiopia,generator,Capacity regex no match,2500 kW,Tag 'generator:output:electricity' has value '2500 kW' which could not be parsed,2026-07-01 01:06:48.526310,https://www.openstreetmap.org/node/10651239187,10.6914286,42.6006296
node/10651239231,10651239231,node,Ethiopia,generator,Capacity regex no match,2500 kW,Tag 'generator:output:electricity' has value '2500 kW' which could not be parsed,2026-07-01 01:06:48.526346,https://www.openstreetmap.org/node/10651239231,10.7078946,42.5767692
node/10651239189,10651239189,node,Ethiopia,generator,Capacity regex no match,2500 kW,Tag 'generator:output:electricity' has value '2500 kW' which could not be parsed,2026-07-01 01:06:48.526371,https://www.openstreetmap.org/node/10651239189,10.7005225,42.5987173
node/10651239188,10651239188,node,Ethiopia,generator,Capacity regex no match,2500 kW,Tag 'generator:output:electricity' has value '2500 kW' which could not be parsed,2026-07-01 01:06:48.526393,https://www.openstreetmap.org/node/10651239188,10.6959539,42.599677
node/10651239228,10651239228,node,Ethiopia,generator,Capacity regex no match,2500 kW,Tag 'generator:output:electricity' has value '2500 kW' which could not be parsed,2026-07-01 01:06:48.526413,https://www.openstreetmap.org/node/10651239228,10.6896705,42.5805774
node/10651239230,10651239230,node,Ethiopia,generator,Capacity regex no match,2500 kW,Tag 'generator:output:electricity' has value '2500 kW' which could not be parsed,2026-07-01 01:06:48.526435,https://www.openstreetmap.org/node/10651239230,10.6987644,42.5785955
node/10651239229,10651239229,node,Ethiopia,generator,Capacity regex no match,2500 kW,Tag 'generator:output:electricity' has value '2500 kW' which could not be parsed,2026-07-01 01:06:48.526454,https://www.openstreetmap.org/node/10651239229,10.6942358,42.5796248
node/10651239225,10651239225,node,Ethiopia,generator,Capacity regex no match,2500 kW,Tag 'generator:output:electricity' has value '2500 kW' which could not be parsed,2026-07-01 01:06:48.526473,https://www.openstreetmap.org/node/10651239225,10.6759937,42.5834447
node/10651239224,10651239224,node,Ethiopia,generator,Capacity regex no match,2500 kW,Tag 'generator:output:electricity' has value '2500 kW' which could not be parsed,2026-07-01 01:06:48.526491,https://www.openstreetmap.org/node/10651239224,10.6750438,42.5904246
node/10651239227,10651239227,node,Ethiopia,generator,Capacity regex no match,2500 kW,Tag 'generator:output:electricity' has value '2500 kW' which could not be parsed,2026-07-01 01:06:48.526510,https://www.openstreetmap.org/node/10651239227,10.685104,42.5815371
node/10651239226,10651239226,node,Ethiopia,generator,Capacity regex no match,2500 kW,Tag 'generator:output:electricity' has value '2500 kW' which could not be parsed,2026-07-01 01:06:48.526534,https://www.openstreetmap.org/node/10651239226,10.6805455,42.5824897
node/10651239176,10651239176,node,Ethiopia,generator,Capacity regex no match,2500 kW,Tag 'generator:output:electricity' has value '2500 kW' which could not be parsed,2026-07-01 01:06:48.526553,https://www.openstreetmap.org/node/10651239176,10.6823367,42.6025396
node/10651239221,10651239221,node,Ethiopia,generator,Capacity regex no match,2500 kW,Tag 'generator:output:electricity' has value '2500 kW' which could not be parsed,2026-07-01 01:06:48.526572,https://www.openstreetmap.org/node/10651239221,10.6887321,42.5875841
node/10651239175,10651239175,node,Ethiopia,generator,Capacity regex no match,2500 kW,Tag 'generator:output:electricity' has value '2500 kW' which could not be parsed,2026-07-01 01:06:48.526590,https://www.openstreetmap.org/node/10651239175,10.6777404,42.603476
node/10651239220,10651239220,node,Ethiopia,generator,Capacity regex no match,2500 kW,Tag 'generator:output:electricity' has value '2500 kW' which could not be parsed,2026-07-01 01:06:48.526608,https://www.openstreetmap.org/node/10651239220,10.6932688,42.5866372
node/10651239223,10651239223,node,Ethiopia,generator,Capacity regex no match,2500 kW,Tag 'generator:output:electricity' has value '2500 kW' which could not be parsed,2026-07-01 01:06:48.526626,https://www.openstreetmap.org/node/10651239223,10.6796242,42.5894859
node/10651239222,10651239222,node,Ethiopia,generator,Capacity regex no match,2500 kW,Tag 'generator:output:electricity' has value '2500 kW' which could not be parsed,2026-07-01 01:06:48.526644,https://www.openstreetmap.org/node/10651239222,10.684161,42.5885356
node/10651239217,10651239217,node,Ethiopia,generator,Capacity regex no match,2500 kW,Tag 'generator:output:electricity' has value '2500 kW' which could not be parsed,2026-07-01 01:06:48.526661,https://www.openstreetmap.org/node/10651239217,10.7069677,42.5837607
node/10651239174,10651239174,node,Ethiopia,generator,Capacity regex no match,2500 kW,Tag 'generator:output:electricity' has value '2500 kW' which could not be parsed,2026-07-01 01:06:48.526678,https://www.openstreetmap.org/node/10651239174,10.6731567,42.6044437
node/10651239219,10651239219,node,Ethiopia,generator,Capacity regex no match,2500 kW,Tag 'generator:output:electricity' has value '2500 kW' which could not be parsed,2026-07-01 01:06:48.526720,https://www.openstreetmap.org/node/10651239219,10.6978489,42.5856707
node/10651239218,10651239218,node,Ethiopia,generator,Capacity regex no match,2500 kW,Tag 'generator:output:electricity' has value '2500 kW' which could not be parsed,2026-07-01 01:06:48.526742,https://www.openstreetmap.org/node/10651239218,10.7023923,42.584718
node/10651239232,10651239232,node,Ethiopia,generator,Capacity regex no match,2500 kW,Tag 'generator:output:electricity' has value '2500 kW' which could not be parsed,2026-07-01 01:06:48.526761,https://www.openstreetmap.org/node/10651239232,10.703317,42.5777241
node/10651239202,10651239202,node,Ethiopia,generator,Capacity regex no match,2500 kW,Tag 'generator:output:electricity' has value '2500 kW' which could not be parsed,2026-07-01 01:06:48.526780,https://www.openstreetmap.org/node/10651239202,10.7060042,42.5907639
node/10651239201,10651239201,node,Ethiopia,generator,Capacity regex no match,2500 kW,Tag 'generator:output:electricity' has value '2500 kW' which could not be parsed,2026-07-01 01:06:48.526798,https://www.openstreetmap.org/node/10651239201,10.7014585,42.5917212
node/10651239198,10651239198,node,Ethiopia,generator,Capacity regex no match,2500 kW,Tag 'generator:output:electricity' has value '2500 kW' which could not be parsed,2026-07-01 01:06:48.526817,https://www.openstreetmap.org/node/10651239198,10.6878028,42.5945698
node/10651239197,10651239197,node,Ethiopia,generator,Capacity regex no match,2500 kW,Tag 'generator:output:electricity' has value '2500 kW' which could not be parsed,2026-07-01 01:06:48.526836,https://www.openstreetmap.org/node/10651239197,10.6832181,42.5955411
node/10651239200,10651239200,node,Ethiopia,generator,Capacity regex no match,2500 kW,Tag 'generator:output:electricity' has value '2500 kW' which could not be parsed,2026-07-01 01:06:48.526854,https://www.openstreetmap.org/node/10651239200,10.6969042,42.5926709
node/10651239199,10651239199,node,Ethiopia,generator,Capacity regex no match,2500 kW,Tag 'generator:output:electricity' has value '2500 kW' which could not be parsed,2026-07-01 01:06:48.526871,https://www.openstreetmap.org/node/10651239199,10.6923327,42.5936358
node/10651239194,10651239194,node,Ethiopia,generator,Capacity regex no match,2500 kW,Tag 'generator:output:electricity' has value '2500 kW' which could not be parsed,2026-07-01 01:06:48.526888,https://www.openstreetmap.org/node/10651239194,10.6868393,42.6015776
node/10651239196,10651239196,node,Ethiopia,generator,Capacity regex no match,2500 kW,Tag 'generator:output:electricity' has value '2500 kW' which could not be parsed,2026-07-01 01:06:48.526905,https://www.openstreetmap.org/node/10651239196,10.678688,42.5964891
node/10651239195,10651239195,node,Ethiopia,generator,Capacity regex no match,2500 kW,Tag 'generator:output:electricity' has value '2500 kW' which could not be parsed,2026-07-01 01:06:48.526923,https://www.openstreetmap.org/node/10651239195,10.6741122,42.5974324
node/10651239190,10651239190,node,Ethiopia,generator,Capacity regex no match,2500 kW,Tag 'generator:output:electricity' has value '2500 kW' which could not be parsed,2026-07-01 01:06:48.526941,https://www.openstreetmap.org/node/10651239190,10.7050636,42.5977717
way/931428402,931428402,way,Ethiopia,plant,Missing source tag,none,tags: {'power': 'plant'},2026-07-01 01:06:48.532595,https://www.openstreetmap.org/way/931428402,9.625444693582596,41.73513807488751
way/949769378,949769378,way,Ethiopia,plant,Missing output tag,none,"tags: {'area': 'yes', 'plant:source': 'hydro', 'power': 'plant', 'waterway': 'dam'}",2026-07-01 01:06:48.533403,https://www.openstreetmap.org/way/949769378,12.03403184922234,38.00637759008666
way/981043845,981043845,way,Ethiopia,plant,Missing output tag,none,"tags: {'area': 'yes', 'name': 'Genale–Dawa III Dam', 'plant:source': 'hydro', 'power': 'plant', 'waterway': 'dam'}",2026-07-01 01:06:48.533783,https://www.openstreetmap.org/way/981043845,5.611540179472277,39.69246361294946
way/1008647394,1008647394,way,Ethiopia,plant,Missing source tag,none,"tags: {'landuse': 'industrial', 'power': 'plant'}",2026-07-01 01:06:48.534090,https://www.openstreetmap.org/way/1008647394,9.045034892168799,38.7819361780156
way/1112234152,1112234152,way,Ethiopia,plant,Capacity placeholder value,yes,Tag 'plant:output:electricity' contains placeholder value 'yes' instead of actual capacity,2026-07-01 01:06:48.534435,https://www.openstreetmap.org/way/1112234152,7.112203258164795,38.40478145482896
way/1126869657,1126869657,way,Ethiopia,plant,Missing source tag,none,"tags: {'landuse': 'industrial', 'name': 'George Shoe', 'power': 'plant'}",2026-07-01 01:06:48.534595,https://www.openstreetmap.org/way/1126869657,8.596270435785756,39.10192169142424
way/1297735663,1297735663,way,Ethiopia,plant,Capacity placeholder value,yes,Tag 'plant:output:electricity' contains placeholder value 'yes' instead of actual capacity,2026-07-01 01:06:48.535176,https://www.openstreetmap.org/way/1297735663,7.2959847705982535,45.43454199041471
way/1462687338,1462687338,way,Ethiopia,plant,Missing output tag,none,"tags: {'plant:source': 'hydro', 'power': 'plant'}",2026-07-01 01:06:48.535731,https://www.openstreetmap.org/way/1462687338,7.838322162065421,37.326338567173714
way/1155972911,1155972911,way,Eritrea,plant,Missing output tag,none,"tags: {'plant:source': 'solar', 'power': 'plant'}",2026-07-01 01:07:44.042548,https://www.openstreetmap.org/way/1155972911,16.499316796469294,37.948966518415894
way/1216646984,1216646984,way,Eritrea,plant,Capacity placeholder value,yes,Tag 'plant:output:electricity' contains placeholder value 'yes' instead of actual capacity,2026-07-01 01:07:44.042820,https://www.openstreetmap.org/way/1216646984,15.420213835061524,38.92216575026366
way/1422601239,1422601239,way,Eritrea,plant,Capacity placeholder value,yes,Tag 'plant:output:electricity' contains placeholder value 'yes' instead of actual capacity,2026-07-01 01:07:44.042992,https://www.openstreetmap.org/way/1422601239,15.317591487490656,38.95717982818065
way/1424667712,1424667712,way,Eritrea,plant,Missing output tag,none,"tags: {'plant:source': 'solar', 'power': 'plant'}",2026-07-01 01:07:44.043158,https://www.openstreetmap.org/way/1424667712,15.01735408410107,38.87786436511612
way/1424667956,1424667956,way,Eritrea,plant,Missing output tag,none,"tags: {'plant:source': 'solar', 'power': 'plant'}",2026-07-01 01:07:44.043452,https://www.openstreetmap.org/way/1424667956,15.516827657182963,37.51498943256688
way/1424668767,1424668767,way,Eritrea,plant,Missing output tag,none,"tags: {'plant:source': 'solar', 'power': 'plant'}",2026-07-01 01:07:44.043737,https://www.openstreetmap.org/way/1424668767,14.906530133549177,38.4771370918581
way/1424669412,1424669412,way,Eritrea,plant,Missing output tag,none,"tags: {'plant:source': 'solar', 'power': 'plant'}",2026-07-01 01:07:44.044045,https://www.openstreetmap.org/way/1424669412,14.915469036179799,38.56601033387606
way/1424669995,1424669995,way,Eritrea,plant,Missing output tag,none,"tags: {'plant:source': 'solar', 'power': 'plant'}",2026-07-01 01:07:44.044217,https://www.openstreetmap.org/way/1424669995,15.186751864661833,38.816656189802096
node/3525138199,3525138199,node,Kenya,generator,Capacity regex no match,850 kW,Tag 'generator:output:electricity' has value '850 kW' which could not be parsed,2026-07-01 01:12:19.139815,https://www.openstreetmap.org/node/3525138199,-1.3810502,36.6369575
node/3525138201,3525138201,node,Kenya,generator,Capacity regex no match,850 kW,Tag 'generator:output:electricity' has value '850 kW' which could not be parsed,2026-07-01 01:12:19.139851,https://www.openstreetmap.org/node/3525138201,-1.383479,36.6372828
node/3525138218,3525138218,node,Kenya,generator,Capacity regex no match,850 kW,Tag 'generator:output:electricity' has value '850 kW' which could not be parsed,2026-07-01 01:12:19.139875,https://www.openstreetmap.org/node/3525138218,-1.3757636,36.64131
node/703087629,703087629,node,Kenya,generator,Capacity regex no match,850 kW,Tag 'generator:output:electricity' has value '850 kW' which could not be parsed,2026-07-01 01:12:19.139897,https://www.openstreetmap.org/node/703087629,-1.3809605,36.6351912
node/3525138204,3525138204,node,Kenya,generator,Capacity regex no match,850 kW,Tag 'generator:output:electricity' has value '850 kW' which could not be parsed,2026-07-01 01:12:19.139917,https://www.openstreetmap.org/node/3525138204,-1.3829361,36.6389914
node/3525138209,3525138209,node,Kenya,generator,Capacity regex no match,850 kW,Tag 'generator:output:electricity' has value '850 kW' which could not be parsed,2026-07-01 01:12:19.139936,https://www.openstreetmap.org/node/3525138209,-1.3859491,36.6381417
node/3525138212,3525138212,node,Kenya,generator,Capacity regex no match,850 kW,Tag 'generator:output:electricity' has value '850 kW' which could not be parsed,2026-07-01 01:12:19.139954,https://www.openstreetmap.org/node/3525138212,-1.3898879,36.6376009
node/2666338701,2666338701,node,Kenya,generator,Capacity regex no match,850 kW,Tag 'generator:output:electricity' has value '850 kW' which could not be parsed,2026-07-01 01:12:19.139973,https://www.openstreetmap.org/node/2666338701,-1.3800567,36.6349253
node/3076695662,3076695662,node,Kenya,generator,Capacity regex no match,850 kW,Tag 'generator:output:electricity' has value '850 kW' which could not be parsed,2026-07-01 01:12:19.139992,https://www.openstreetmap.org/node/3076695662,-1.3945344,36.6368166
node/2666337950,2666337950,node,Kenya,generator,Capacity regex no match,850 kW,Tag 'generator:output:electricity' has value '850 kW' which could not be parsed,2026-07-01 01:12:19.140010,https://www.openstreetmap.org/node/2666337950,-1.3791101,36.6347215
node/3525138200,3525138200,node,Kenya,generator,Capacity regex no match,850 kW,Tag 'generator:output:electricity' has value '850 kW' which could not be parsed,2026-07-01 01:12:19.140027,https://www.openstreetmap.org/node/3525138200,-1.382339,36.6371734
node/3525138207,3525138207,node,Kenya,generator,Capacity regex no match,850 kW,Tag 'generator:output:electricity' has value '850 kW' which could not be parsed,2026-07-01 01:12:19.140044,https://www.openstreetmap.org/node/3525138207,-1.3809583,36.6403298
node/3525138208,3525138208,node,Kenya,generator,Capacity regex no match,850 kW,Tag 'generator:output:electricity' has value '850 kW' which could not be parsed,2026-07-01 01:12:19.140061,https://www.openstreetmap.org/node/3525138208,-1.3813634,36.6418819
node/3525138215,3525138215,node,Kenya,generator,Capacity regex no match,850 kW,Tag 'generator:output:electricity' has value '850 kW' which could not be parsed,2026-07-01 01:12:19.140079,https://www.openstreetmap.org/node/3525138215,-1.3777693,36.6387831
node/2666338700,2666338700,node,Kenya,generator,Capacity regex no match,850 kW,Tag 'generator:output:electricity' has value '850 kW' which could not be parsed,2026-07-01 01:12:19.140097,https://www.openstreetmap.org/node/2666338700,-1.3772868,36.633426
node/3525138217,3525138217,node,Kenya,generator,Capacity regex no match,850 kW,Tag 'generator:output:electricity' has value '850 kW' which could not be parsed,2026-07-01 01:12:19.140115,https://www.openstreetmap.org/node/3525138217,-1.3765951,36.6404634
node/3525138203,3525138203,node,Kenya,generator,Capacity regex no match,850 kW,Tag 'generator:output:electricity' has value '850 kW' which could not be parsed,2026-07-01 01:12:19.140133,https://www.openstreetmap.org/node/3525138203,-1.3841039,36.6382608
node/3525138206,3525138206,node,Kenya,generator,Capacity regex no match,850 kW,Tag 'generator:output:electricity' has value '850 kW' which could not be parsed,2026-07-01 01:12:19.140151,https://www.openstreetmap.org/node/3525138206,-1.3812822,36.6386531
node/3525138211,3525138211,node,Kenya,generator,Capacity regex no match,850 kW,Tag 'generator:output:electricity' has value '850 kW' which could not be parsed,2026-07-01 01:12:19.140170,https://www.openstreetmap.org/node/3525138211,-1.3880284,36.6375208
node/3076695661,3076695661,node,Kenya,generator,Capacity regex no match,850 kW,Tag 'generator:output:electricity' has value '850 kW' which could not be parsed,2026-07-01 01:12:19.140192,https://www.openstreetmap.org/node/3076695661,-1.393002,36.6366214
node/2666337949,2666337949,node,Kenya,generator,Capacity regex no match,850 kW,Tag 'generator:output:electricity' has value '850 kW' which could not be parsed,2026-07-01 01:12:19.140210,https://www.openstreetmap.org/node/2666337949,-1.3783245,36.6340938
node/3525138214,3525138214,node,Kenya,generator,Capacity regex no match,850 kW,Tag 'generator:output:electricity' has value '850 kW' which could not be parsed,2026-07-01 01:12:19.140227,https://www.openstreetmap.org/node/3525138214,-1.3783752,36.6378871
node/3525138216,3525138216,node,Kenya,generator,Capacity regex no match,850 kW,Tag 'generator:output:electricity' has value '850 kW' which could not be parsed,2026-07-01 01:12:19.140245,https://www.openstreetmap.org/node/3525138216,-1.3772029,36.6396453
node/3525138202,3525138202,node,Kenya,generator,Capacity regex no match,850 kW,Tag 'generator:output:electricity' has value '850 kW' which could not be parsed,2026-07-01 01:12:19.140262,https://www.openstreetmap.org/node/3525138202,-1.3846434,36.6370768
node/5540453959,5540453959,node,Kenya,generator,Capacity regex no match,850 kW,Tag 'generator:output:electricity' has value '850 kW' which could not be parsed,2026-07-01 01:12:19.140278,https://www.openstreetmap.org/node/5540453959,-1.390932,36.6373819
node/3525138210,3525138210,node,Kenya,generator,Capacity regex no match,850 kW,Tag 'generator:output:electricity' has value '850 kW' which could not be parsed,2026-07-01 01:12:19.140296,https://www.openstreetmap.org/node/3525138210,-1.3869823,36.6373774
node/3525138205,3525138205,node,Kenya,generator,Capacity regex no match,850 kW,Tag 'generator:output:electricity' has value '850 kW' which could not be parsed,2026-07-01 01:12:19.140314,https://www.openstreetmap.org/node/3525138205,-1.382088,36.6395915
node/5540453960,5540453960,node,Kenya,generator,Capacity regex no match,850 kW,Tag 'generator:output:electricity' has value '850 kW' which could not be parsed,2026-07-01 01:12:19.140331,https://www.openstreetmap.org/node/5540453960,-1.3918705,36.6368025
node/2093887616,2093887616,node,Kenya,generator,Capacity regex no match,850 kW,Tag 'generator:output:electricity' has value '850 kW' which could not be parsed,2026-07-01 01:12:19.140348,https://www.openstreetmap.org/node/2093887616,-1.3821322,36.6356762
node/3525138213,3525138213,node,Kenya,generator,Capacity regex no match,850 kW,Tag 'generator:output:electricity' has value '850 kW' which could not be parsed,2026-07-01 01:12:19.140366,https://www.openstreetmap.org/node/3525138213,-1.3790971,36.6371511
relation/16545474,16545474,relation,Kenya,plant,Missing output tag,none,"tags: {'plant:method': 'photovoltaic', 'plant:source': 'solar', 'power': 'plant', 'type': 'multipolygon'}",2026-07-01 01:12:19.145841,https://www.openstreetmap.org/relation/16545474,3.69372115140093,34.87104106003093
node/5432934311,5432934311,node,Kenya,generator,Capacity regex no match,850 kW,Tag 'generator:output:electricity' has value '850 kW' which could not be parsed,2026-07-01 01:12:19.162498,https://www.openstreetmap.org/node/5432934311,2.4667117,36.7969063
node/5432934312,5432934312,node,Kenya,generator,Capacity regex no match,850 kW,Tag 'generator:output:electricity' has value '850 kW' which could not be parsed,2026-07-01 01:12:19.162530,https://www.openstreetmap.org/node/5432934312,2.467596,36.7972657
node/6068405800,6068405800,node,Kenya,generator,Capacity regex no match,850 kW,Tag 'generator:output:electricity' has value '850 kW' which could not be parsed,2026-07-01 01:12:19.162554,https://www.openstreetmap.org/node/6068405800,2.4684142,36.7971499
node/5432934313,5432934313,node,Kenya,generator,Capacity regex no match,850 kW,Tag 'generator:output:electricity' has value '850 kW' which could not be parsed,2026-07-01 01:12:19.162574,https://www.openstreetmap.org/node/5432934313,2.4694262,36.7971531
node/6068405799,6068405799,node,Kenya,generator,Capacity regex no match,850 kW,Tag 'generator:output:electricity' has value '850 kW' which could not be parsed,2026-07-01 01:12:19.162592,https://www.openstreetmap.org/node/6068405799,2.4702394,36.7970629
node/5432934314,5432934314,node,Kenya,generator,Capacity regex no match,850 kW,Tag 'generator:output:electricity' has value '850 kW' which could not be parsed,2026-07-01 01:12:19.162612,https://www.openstreetmap.org/node/5432934314,2.4712779,36.7971021
node/6068405798,6068405798,node,Kenya,generator,Capacity regex no match,850 kW,Tag 'generator:output:electricity' has value '850 kW' which could not be parsed,2026-07-01 01:12:19.162631,https://www.openstreetmap.org/node/6068405798,2.4721357,36.7970154
node/5432934315,5432934315,node,Kenya,generator,Capacity regex no match,850 kW,Tag 'generator:output:electricity' has value '850 kW' which could not be parsed,2026-07-01 01:12:19.162651,https://www.openstreetmap.org/node/5432934315,2.473151,36.7970458
node/6068405797,6068405797,node,Kenya,generator,Capacity regex no match,850 kW,Tag 'generator:output:electricity' has value '850 kW' which could not be parsed,2026-07-01 01:12:19.162669,https://www.openstreetmap.org/node/6068405797,2.4739845,36.7969917
node/5432934316,5432934316,node,Kenya,generator,Capacity regex no match,850 kW,Tag 'generator:output:electricity' has value '850 kW' which could not be parsed,2026-07-01 01:12:19.162706,https://www.openstreetmap.org/node/5432934316,2.474996,36.7969707
node/6068405796,6068405796,node,Kenya,generator,Capacity regex no match,850 kW,Tag 'generator:output:electricity' has value '850 kW' which could not be parsed,2026-07-01 01:12:19.162728,https://www.openstreetmap.org/node/6068405796,2.4758334,36.796968
node/5432934317,5432934317,node,Kenya,generator,Capacity regex no match,850 kW,Tag 'generator:output:electricity' has value '850 kW' which could not be parsed,2026-07-01 01:12:19.162749,https://www.openstreetmap.org/node/5432934317,2.4768437,36.7969599
node/6068405795,6068405795,node,Kenya,generator,Capacity regex no match,850 kW,Tag 'generator:output:electricity' has value '850 kW' which could not be parsed,2026-07-01 01:12:19.162768,https://www.openstreetmap.org/node/6068405795,2.4777139,36.7969205
node/5432934318,5432934318,node,Kenya,generator,Capacity regex no match,850 kW,Tag 'generator:output:electricity' has value '850 kW' which could not be parsed,2026-07-01 01:12:19.162787,https://www.openstreetmap.org/node/5432934318,2.4787141,36.7969358
node/5432935502,5432935502,node,Kenya,generator,Capacity regex no match,850 kW,Tag 'generator:output:electricity' has value '850 kW' which could not be parsed,2026-07-01 01:12:19.162805,https://www.openstreetmap.org/node/5432935502,2.4832401,36.7912683
node/5432935503,5432935503,node,Kenya,generator,Capacity regex no match,850 kW,Tag 'generator:output:electricity' has value '850 kW' which could not be parsed,2026-07-01 01:12:19.162826,https://www.openstreetmap.org/node/5432935503,2.4839583,36.7914185
node/5432935504,5432935504,node,Kenya,generator,Capacity regex no match,850 kW,Tag 'generator:output:electricity' has value '850 kW' which could not be parsed,2026-07-01 01:12:19.162844,https://www.openstreetmap.org/node/5432935504,2.4846684,36.7915955
node/5432935505,5432935505,node,Kenya,generator,Capacity regex no match,850 kW,Tag 'generator:output:electricity' has value '850 kW' which could not be parsed,2026-07-01 01:12:19.162863,https://www.openstreetmap.org/node/5432935505,2.4853665,36.7917095
node/5432935506,5432935506,node,Kenya,generator,Capacity regex no match,850 kW,Tag 'generator:output:electricity' has value '850 kW' which could not be parsed,2026-07-01 01:12:19.162884,https://www.openstreetmap.org/node/5432935506,2.4860618,36.7918999
node/5432935507,5432935507,node,Kenya,generator,Capacity regex no match,850 kW,Tag 'generator:output:electricity' has value '850 kW' which could not be parsed,2026-07-01 01:12:19.162903,https://www.openstreetmap.org/node/5432935507,2.4867585,36.7920287
node/5432935508,5432935508,node,Kenya,generator,Capacity regex no match,850 kW,Tag 'generator:output:electricity' has value '850 kW' which could not be parsed,2026-07-01 01:12:19.162925,https://www.openstreetmap.org/node/5432935508,2.4874459,36.7922151
node/5432935509,5432935509,node,Kenya,generator,Capacity regex no match,850 kW,Tag 'generator:output:electricity' has value '850 kW' which could not be parsed,2026-07-01 01:12:19.162944,https://www.openstreetmap.org/node/5432935509,2.4881788,36.7923304
node/5432935510,5432935510,node,Kenya,generator,Capacity regex no match,850 kW,Tag 'generator:output:electricity' has value '850 kW' which could not be parsed,2026-07-01 01:12:19.162962,https://www.openstreetmap.org/node/5432935510,2.488846,36.7925075
node/5432935511,5432935511,node,Kenya,generator,Capacity regex no match,850 kW,Tag 'generator:output:electricity' has value '850 kW' which could not be parsed,2026-07-01 01:12:19.162979,https://www.openstreetmap.org/node/5432935511,2.4895695,36.7926684
node/5432935512,5432935512,node,Kenya,generator,Capacity regex no match,850 kW,Tag 'generator:output:electricity' has value '850 kW' which could not be parsed,2026-07-01 01:12:19.162997,https://www.openstreetmap.org/node/5432935512,2.4916945,36.7906809
node/5432935513,5432935513,node,Kenya,generator,Capacity regex no match,850 kW,Tag 'generator:output:electricity' has value '850 kW' which could not be parsed,2026-07-01 01:12:19.163015,https://www.openstreetmap.org/node/5432935513,2.4924153,36.7907479
node/5432935514,5432935514,node,Kenya,generator,Capacity regex no match,850 kW,Tag 'generator:output:electricity' has value '850 kW' which could not be parsed,2026-07-01 01:12:19.163032,https://www.openstreetmap.org/node/5432935514,2.4931469,36.7908123
node/5432935515,5432935515,node,Kenya,generator,Capacity regex no match,850 kW,Tag 'generator:output:electricity' has value '850 kW' which could not be parsed,2026-07-01 01:12:19.163049,https://www.openstreetmap.org/node/5432935515,2.4938892,36.7908418
node/5432935516,5432935516,node,Kenya,generator,Capacity regex no match,850 kW,Tag 'generator:output:electricity' has value '850 kW' which could not be parsed,2026-07-01 01:12:19.163066,https://www.openstreetmap.org/node/5432935516,2.494602,36.7909089
node/5432935517,5432935517,node,Kenya,generator,Capacity regex no match,850 kW,Tag 'generator:output:electricity' has value '850 kW' which could not be parsed,2026-07-01 01:12:19.163084,https://www.openstreetmap.org/node/5432935517,2.4953523,36.7909169
node/5432935518,5432935518,node,Kenya,generator,Capacity regex no match,850 kW,Tag 'generator:output:electricity' has value '850 kW' which could not be parsed,2026-07-01 01:12:19.163101,https://www.openstreetmap.org/node/5432935518,2.4960758,36.7909625
node/5432935519,5432935519,node,Kenya,generator,Capacity regex no match,850 kW,Tag 'generator:output:electricity' has value '850 kW' which could not be parsed,2026-07-01 01:12:19.163122,https://www.openstreetmap.org/node/5432935519,2.4968127,36.7909947
node/5432935520,5432935520,node,Kenya,generator,Capacity regex no match,850 kW,Tag 'generator:output:electricity' has value '850 kW' which could not be parsed,2026-07-01 01:12:19.163139,https://www.openstreetmap.org/node/5432935520,2.4975442,36.7910242
node/5432936421,5432936421,node,Kenya,generator,Capacity regex no match,850 kW,Tag 'generator:output:electricity' has value '850 kW' which could not be parsed,2026-07-01 01:12:19.163156,https://www.openstreetmap.org/node/5432936421,2.4982972,36.7910939
node/5432935461,5432935461,node,Kenya,generator,Capacity regex no match,850 kW,Tag 'generator:output:electricity' has value '850 kW' which could not be parsed,2026-07-01 01:12:19.163174,https://www.openstreetmap.org/node/5432935461,2.5306617,36.7908043
node/5432935462,5432935462,node,Kenya,generator,Capacity regex no match,850 kW,Tag 'generator:output:electricity' has value '850 kW' which could not be parsed,2026-07-01 01:12:19.163191,https://www.openstreetmap.org/node/5432935462,2.5298954,36.7907345
node/5432935463,5432935463,node,Kenya,generator,Capacity regex no match,850 kW,Tag 'generator:output:electricity' has value '850 kW' which could not be parsed,2026-07-01 01:12:19.163209,https://www.openstreetmap.org/node/5432935463,2.5290058,36.7906997
node/5432935464,5432935464,node,Kenya,generator,Capacity regex no match,850 kW,Tag 'generator:output:electricity' has value '850 kW' which could not be parsed,2026-07-01 01:12:19.163226,https://www.openstreetmap.org/node/5432935464,2.5282019,36.790882
node/5432935465,5432935465,node,Kenya,generator,Capacity regex no match,850 kW,Tag 'generator:output:electricity' has value '850 kW' which could not be parsed,2026-07-01 01:12:19.163243,https://www.openstreetmap.org/node/5432935465,2.527398,36.7909303
node/5432935466,5432935466,node,Kenya,generator,Capacity regex no match,850 kW,Tag 'generator:output:electricity' has value '850 kW' which could not be parsed,2026-07-01 01:12:19.163263,https://www.openstreetmap.org/node/5432935466,2.5266504,36.7909598
node/5432935467,5432935467,node,Kenya,generator,Capacity regex no match,850 kW,Tag 'generator:output:electricity' has value '850 kW' which could not be parsed,2026-07-01 01:12:19.163281,https://www.openstreetmap.org/node/5432935467,2.5258492,36.7910215
node/5432935468,5432935468,node,Kenya,generator,Capacity regex no match,850 kW,Tag 'generator:output:electricity' has value '850 kW' which could not be parsed,2026-07-01 01:12:19.163297,https://www.openstreetmap.org/node/5432935468,2.5250801,36.7910027
node/5432935469,5432935469,node,Kenya,generator,Capacity regex no match,850 kW,Tag 'generator:output:electricity' has value '850 kW' which could not be parsed,2026-07-01 01:12:19.163314,https://www.openstreetmap.org/node/5432935469,2.5243111,36.7910483
node/5432935470,5432935470,node,Kenya,generator,Capacity regex no match,850 kW,Tag 'generator:output:electricity' has value '850 kW' which could not be parsed,2026-07-01 01:12:19.163332,https://www.openstreetmap.org/node/5432935470,2.5235528,36.7911047
node/5432935471,5432935471,node,Kenya,generator,Capacity regex no match,850 kW,Tag 'generator:output:electricity' has value '850 kW' which could not be parsed,2026-07-01 01:12:19.163349,https://www.openstreetmap.org/node/5432935471,2.5227569,36.7912093
node/5432935472,5432935472,node,Kenya,generator,Capacity regex no match,850 kW,Tag 'generator:output:electricity' has value '850 kW' which could not be parsed,2026-07-01 01:12:19.163368,https://www.openstreetmap.org/node/5432935472,2.5219584,36.7912415
node/5432935473,5432935473,node,Kenya,generator,Capacity regex no match,850 kW,Tag 'generator:output:electricity' has value '850 kW' which could not be parsed,2026-07-01 01:12:19.163389,https://www.openstreetmap.org/node/5432935473,2.5211893,36.7912441
node/5432935474,5432935474,node,Kenya,generator,Capacity regex no match,850 kW,Tag 'generator:output:electricity' has value '850 kW' which could not be parsed,2026-07-01 01:12:19.163407,https://www.openstreetmap.org/node/5432935474,2.5204069,36.7912281
node/5432935475,5432935475,node,Kenya,generator,Capacity regex no match,850 kW,Tag 'generator:output:electricity' has value '850 kW' which could not be parsed,2026-07-01 01:12:19.163424,https://www.openstreetmap.org/node/5432935475,2.519603,36.7912254
node/5432935476,5432935476,node,Kenya,generator,Capacity regex no match,850 kW,Tag 'generator:output:electricity' has value '850 kW' which could not be parsed,2026-07-01 01:12:19.163441,https://www.openstreetmap.org/node/5432935476,2.518842,36.7912012
node/5432935477,5432935477,node,Kenya,generator,Capacity regex no match,850 kW,Tag 'generator:output:electricity' has value '850 kW' which could not be parsed,2026-07-01 01:12:19.163458,https://www.openstreetmap.org/node/5432935477,2.5180488,36.791212
node/5432935478,5432935478,node,Kenya,generator,Capacity regex no match,850 kW,Tag 'generator:output:electricity' has value '850 kW' which could not be parsed,2026-07-01 01:12:19.163475,https://www.openstreetmap.org/node/5432935478,2.5172557,36.7911959
node/5432935479,5432935479,node,Kenya,generator,Capacity regex no match,850 kW,Tag 'generator:output:electricity' has value '850 kW' which could not be parsed,2026-07-01 01:12:19.163492,https://www.openstreetmap.org/node/5432935479,2.5164679,36.7911985
node/5432935480,5432935480,node,Kenya,generator,Capacity regex no match,850 kW,Tag 'generator:output:electricity' has value '850 kW' which could not be parsed,2026-07-01 01:12:19.163509,https://www.openstreetmap.org/node/5432935480,2.5156934,36.7912334
node/5432935481,5432935481,node,Kenya,generator,Capacity regex no match,850 kW,Tag 'generator:output:electricity' has value '850 kW' which could not be parsed,2026-07-01 01:12:19.163528,https://www.openstreetmap.org/node/5432935481,2.5150316,36.7909732
node/5432935482,5432935482,node,Kenya,generator,Capacity regex no match,850 kW,Tag 'generator:output:electricity' has value '850 kW' which could not be parsed,2026-07-01 01:12:19.163546,https://www.openstreetmap.org/node/5432935482,2.5143429,36.7907426
node/5432935483,5432935483,node,Kenya,generator,Capacity regex no match,850 kW,Tag 'generator:output:electricity' has value '850 kW' which could not be parsed,2026-07-01 01:12:19.163564,https://www.openstreetmap.org/node/5432935483,2.5136676,36.7905387
node/5432935484,5432935484,node,Kenya,generator,Capacity regex no match,850 kW,Tag 'generator:output:electricity' has value '850 kW' which could not be parsed,2026-07-01 01:12:19.163581,https://www.openstreetmap.org/node/5432935484,2.5130353,36.7901981
node/5432935485,5432935485,node,Kenya,generator,Capacity regex no match,850 kW,Tag 'generator:output:electricity' has value '850 kW' which could not be parsed,2026-07-01 01:12:19.163601,https://www.openstreetmap.org/node/5432935485,2.5123975,36.7898253
node/5432935486,5432935486,node,Kenya,generator,Capacity regex no match,850 kW,Tag 'generator:output:electricity' has value '850 kW' which could not be parsed,2026-07-01 01:12:19.163620,https://www.openstreetmap.org/node/5432935486,2.5117249,36.7895222
node/5432935487,5432935487,node,Kenya,generator,Capacity regex no match,850 kW,Tag 'generator:output:electricity' has value '850 kW' which could not be parsed,2026-07-01 01:12:19.163640,https://www.openstreetmap.org/node/5432935487,2.5110497,36.7892808
node/5432935488,5432935488,node,Kenya,generator,Capacity regex no match,850 kW,Tag 'generator:output:electricity' has value '850 kW' which could not be parsed,2026-07-01 01:12:19.163657,https://www.openstreetmap.org/node/5432935488,2.5102377,36.789313
node/5432935489,5432935489,node,Kenya,generator,Capacity regex no match,850 kW,Tag 'generator:output:electricity' has value '850 kW' which could not be parsed,2026-07-01 01:12:19.163675,https://www.openstreetmap.org/node/5432935489,2.509466,36.789321
node/5432935490,5432935490,node,Kenya,generator,Capacity regex no match,850 kW,Tag 'generator:output:electricity' has value '850 kW' which could not be parsed,2026-07-01 01:12:19.163709,https://www.openstreetmap.org/node/5432935490,2.508705,36.7893371
node/5432935491,5432935491,node,Kenya,generator,Capacity regex no match,850 kW,Tag 'generator:output:electricity' has value '850 kW' which could not be parsed,2026-07-01 01:12:19.163729,https://www.openstreetmap.org/node/5432935491,2.5079788,36.7893451
node/5432935492,5432935492,node,Kenya,generator,Capacity regex no match,850 kW,Tag 'generator:output:electricity' has value '850 kW' which could not be parsed,2026-07-01 01:12:19.163747,https://www.openstreetmap.org/node/5432935492,2.5073169,36.7889991
node/5432935493,5432935493,node,Kenya,generator,Capacity regex no match,850 kW,Tag 'generator:output:electricity' has value '850 kW' which could not be parsed,2026-07-01 01:12:19.163765,https://www.openstreetmap.org/node/5432935493,2.5066658,36.7887256
node/5432935494,5432935494,node,Kenya,generator,Capacity regex no match,850 kW,Tag 'generator:output:electricity' has value '850 kW' which could not be parsed,2026-07-01 01:12:19.163783,https://www.openstreetmap.org/node/5432935494,2.5059932,36.788452
node/5432935495,5432935495,node,Kenya,generator,Capacity regex no match,850 kW,Tag 'generator:output:electricity' has value '850 kW' which could not be parsed,2026-07-01 01:12:19.163800,https://www.openstreetmap.org/node/5432935495,2.5053286,36.7881945
node/5432935496,5432935496,node,Kenya,generator,Capacity regex no match,850 kW,Tag 'generator:output:electricity' has value '850 kW' which could not be parsed,2026-07-01 01:12:19.163817,https://www.openstreetmap.org/node/5432935496,2.5046158,36.7881113
node/5432935497,5432935497,node,Kenya,generator,Capacity regex no match,850 kW,Tag 'generator:output:electricity' has value '850 kW' which could not be parsed,2026-07-01 01:12:19.163834,https://www.openstreetmap.org/node/5432935497,2.5038361,36.7880684
node/5432935498,5432935498,node,Kenya,generator,Capacity regex no match,850 kW,Tag 'generator:output:electricity' has value '850 kW' which could not be parsed,2026-07-01 01:12:19.163855,https://www.openstreetmap.org/node/5432935498,2.503059,36.788055
node/5432935499,5432935499,node,Kenya,generator,Capacity regex no match,850 kW,Tag 'generator:output:electricity' has value '850 kW' which could not be parsed,2026-07-01 01:12:19.163872,https://www.openstreetmap.org/node/5432935499,2.5022872,36.7879772
node/5432935500,5432935500,node,Kenya,generator,Capacity regex no match,850 kW,Tag 'generator:output:electricity' has value '850 kW' which could not be parsed,2026-07-01 01:12:19.163890,https://www.openstreetmap.org/node/5432935500,2.5015503,36.787878
node/5432935501,5432935501,node,Kenya,generator,Capacity regex no match,850 kW,Tag 'generator:output:electricity' has value '850 kW' which could not be parsed,2026-07-01 01:12:19.163906,https://www.openstreetmap.org/node/5432935501,2.5008375,36.7876902
node/5432934276,5432934276,node,Kenya,generator,Capacity regex no match,850 kW,Tag 'generator:output:electricity' has value '850 kW' which could not be parsed,2026-07-01 01:12:19.163923,https://www.openstreetmap.org/node/5432934276,2.4416266,36.7815855
node/5432934275,5432934275,node,Kenya,generator,Capacity regex no match,850 kW,Tag 'generator:output:electricity' has value '850 kW' which could not be parsed,2026-07-01 01:12:19.163940,https://www.openstreetmap.org/node/5432934275,2.4423501,36.781674
node/5432934274,5432934274,node,Kenya,generator,Capacity regex no match,850 kW,Tag 'generator:output:electricity' has value '850 kW' which could not be parsed,2026-07-01 01:12:19.163957,https://www.openstreetmap.org/node/5432934274,2.4430415,36.7817894
node/5432934273,5432934273,node,Kenya,generator,Capacity regex no match,850 kW,Tag 'generator:output:electricity' has value '850 kW' which could not be parsed,2026-07-01 01:12:19.163976,https://www.openstreetmap.org/node/5432934273,2.4437891,36.7818806
node/5432934272,5432934272,node,Kenya,generator,Capacity regex no match,850 kW,Tag 'generator:output:electricity' has value '850 kW' which could not be parsed,2026-07-01 01:12:19.163993,https://www.openstreetmap.org/node/5432934272,2.4456194,36.7804295
node/5432934271,5432934271,node,Kenya,generator,Capacity regex no match,850 kW,Tag 'generator:output:electricity' has value '850 kW' which could not be parsed,2026-07-01 01:12:19.164010,https://www.openstreetmap.org/node/5432934271,2.4463108,36.7808023
node/5432934270,5432934270,node,Kenya,generator,Capacity regex no match,850 kW,Tag 'generator:output:electricity' has value '850 kW' which could not be parsed,2026-07-01 01:12:19.164029,https://www.openstreetmap.org/node/5432934270,2.4469968,36.781159
node/5432934269,5432934269,node,Kenya,generator,Capacity regex no match,850 kW,Tag 'generator:output:electricity' has value '850 kW' which could not be parsed,2026-07-01 01:12:19.164045,https://www.openstreetmap.org/node/5432934269,2.4476802,36.7815399
node/5432934268,5432934268,node,Kenya,generator,Capacity regex no match,850 kW,Tag 'generator:output:electricity' has value '850 kW' which could not be parsed,2026-07-01 01:12:19.164062,https://www.openstreetmap.org/node/5432934268,2.4483608,36.7819181
node/5432934267,5432934267,node,Kenya,generator,Capacity regex no match,850 kW,Tag 'generator:output:electricity' has value '850 kW' which could not be parsed,2026-07-01 01:12:19.164081,https://www.openstreetmap.org/node/5432934267,2.4490334,36.7822856
node/5432934266,5432934266,node,Kenya,generator,Capacity regex no match,850 kW,Tag 'generator:output:electricity' has value '850 kW' which could not be parsed,2026-07-01 01:12:19.164099,https://www.openstreetmap.org/node/5432934266,2.4498079,36.7824465
node/5432934265,5432934265,node,Kenya,generator,Capacity regex no match,850 kW,Tag 'generator:output:electricity' has value '850 kW' which could not be parsed,2026-07-01 01:12:19.164116,https://www.openstreetmap.org/node/5432934265,2.4506734,36.7824894
node/5432934264,5432934264,node,Kenya,generator,Capacity regex no match,850 kW,Tag 'generator:output:electricity' has value '850 kW' which could not be parsed,2026-07-01 01:12:19.164132,https://www.openstreetmap.org/node/5432934264,2.4527127,36.781548
node/5432934263,5432934263,node,Kenya,generator,Capacity regex no match,850 kW,Tag 'generator:output:electricity' has value '850 kW' which could not be parsed,2026-07-01 01:12:19.164148,https://www.openstreetmap.org/node/5432934263,2.4534095,36.7817062
node/5432934262,5432934262,node,Kenya,generator,Capacity regex no match,850 kW,Tag 'generator:output:electricity' has value '850 kW' which could not be parsed,2026-07-01 01:12:19.164165,https://www.openstreetmap.org/node/5432934262,2.4540982,36.7819101
node/5432934261,5432934261,node,Kenya,generator,Capacity regex no match,850 kW,Tag 'generator:output:electricity' has value '850 kW' which could not be parsed,2026-07-01 01:12:19.164181,https://www.openstreetmap.org/node/5432934261,2.4547735,36.7821434
node/5432934259,5432934259,node,Kenya,generator,Capacity regex no match,850 kW,Tag 'generator:output:electricity' has value '850 kW' which could not be parsed,2026-07-01 01:12:19.164198,https://www.openstreetmap.org/node/5432934259,2.4568744,36.7815399
node/5432934260,5432934260,node,Kenya,generator,Capacity regex no match,850 kW,Tag 'generator:output:electricity' has value '850 kW' which could not be parsed,2026-07-01 01:12:19.164214,https://www.openstreetmap.org/node/5432934260,2.4554836,36.7822963
node/5432934258,5432934258,node,Kenya,generator,Capacity regex no match,850 kW,Tag 'generator:output:electricity' has value '850 kW' which could not be parsed,2026-07-01 01:12:19.164235,https://www.openstreetmap.org/node/5432934258,2.4575684,36.7816606
node/5432934257,5432934257,node,Kenya,generator,Capacity regex no match,850 kW,Tag 'generator:output:electricity' has value '850 kW' which could not be parsed,2026-07-01 01:12:19.164252,https://www.openstreetmap.org/node/5432934257,2.4582625,36.7818162
node/5432934256,5432934256,node,Kenya,generator,Capacity regex no match,850 kW,Tag 'generator:output:electricity' has value '850 kW' which could not be parsed,2026-07-01 01:12:19.164269,https://www.openstreetmap.org/node/5432934256,2.4589217,36.7820978
node/5432934255,5432934255,node,Kenya,generator,Capacity regex no match,850 kW,Tag 'generator:output:electricity' has value '850 kW' which could not be parsed,2026-07-01 01:12:19.164286,https://www.openstreetmap.org/node/5432934255,2.4596158,36.7822668
node/5432934254,5432934254,node,Kenya,generator,Capacity regex no match,850 kW,Tag 'generator:output:electricity' has value '850 kW' which could not be parsed,2026-07-01 01:12:19.164306,https://www.openstreetmap.org/node/5432934254,2.4604786,36.7822292
node/5432934253,5432934253,node,Kenya,generator,Capacity regex no match,850 kW,Tag 'generator:output:electricity' has value '850 kW' which could not be parsed,2026-07-01 01:12:19.164325,https://www.openstreetmap.org/node/5432934253,2.46117,36.7823392
node/5432934252,5432934252,node,Kenya,generator,Capacity regex no match,850 kW,Tag 'generator:output:electricity' has value '850 kW' which could not be parsed,2026-07-01 01:12:19.164343,https://www.openstreetmap.org/node/5432934252,2.4619498,36.7824358
node/5432934251,5432934251,node,Kenya,generator,Capacity regex no match,850 kW,Tag 'generator:output:electricity' has value '850 kW' which could not be parsed,2026-07-01 01:12:19.164359,https://www.openstreetmap.org/node/5432934251,2.4627135,36.7824358
node/5432934250,5432934250,node,Kenya,generator,Capacity regex no match,850 kW,Tag 'generator:output:electricity' has value '850 kW' which could not be parsed,2026-07-01 01:12:19.164375,https://www.openstreetmap.org/node/5432934250,2.4634773,36.7825377
node/5432934249,5432934249,node,Kenya,generator,Capacity regex no match,850 kW,Tag 'generator:output:electricity' has value '850 kW' which could not be parsed,2026-07-01 01:12:19.164394,https://www.openstreetmap.org/node/5432934249,2.4642383,36.7826503
node/5432934248,5432934248,node,Kenya,generator,Capacity regex no match,850 kW,Tag 'generator:output:electricity' has value '850 kW' which could not be parsed,2026-07-01 01:12:19.164410,https://www.openstreetmap.org/node/5432934248,2.4650315,36.7827147
node/5432934247,5432934247,node,Kenya,generator,Capacity regex no match,850 kW,Tag 'generator:output:electricity' has value '850 kW' which could not be parsed,2026-07-01 01:12:19.164427,https://www.openstreetmap.org/node/5432934247,2.4657711,36.7827603
node/5432934246,5432934246,node,Kenya,generator,Capacity regex no match,850 kW,Tag 'generator:output:electricity' has value '850 kW' which could not be parsed,2026-07-01 01:12:19.164444,https://www.openstreetmap.org/node/5432934246,2.4664839,36.7828542
node/5432934245,5432934245,node,Kenya,generator,Capacity regex no match,850 kW,Tag 'generator:output:electricity' has value '850 kW' which could not be parsed,2026-07-01 01:12:19.164460,https://www.openstreetmap.org/node/5432934245,2.4671699,36.7830124
node/5432934244,5432934244,node,Kenya,generator,Capacity regex no match,850 kW,Tag 'generator:output:electricity' has value '850 kW' which could not be parsed,2026-07-01 01:12:19.164477,https://www.openstreetmap.org/node/5432934244,2.4685446,36.7834872
node/5432934243,5432934243,node,Kenya,generator,Capacity regex no match,850 kW,Tag 'generator:output:electricity' has value '850 kW' which could not be parsed,2026-07-01 01:12:19.164493,https://www.openstreetmap.org/node/5432934243,2.4693619,36.7834657
node/5432934242,5432934242,node,Kenya,generator,Capacity regex no match,850 kW,Tag 'generator:output:electricity' has value '850 kW' which could not be parsed,2026-07-01 01:12:19.164513,https://www.openstreetmap.org/node/5432934242,2.4701792,36.7834577
node/5432934241,5432934241,node,Kenya,generator,Capacity regex no match,850 kW,Tag 'generator:output:electricity' has value '850 kW' which could not be parsed,2026-07-01 01:12:19.164530,https://www.openstreetmap.org/node/5432934241,2.4709966,36.7834456
node/5432934240,5432934240,node,Kenya,generator,Capacity regex no match,850 kW,Tag 'generator:output:electricity' has value '850 kW' which could not be parsed,2026-07-01 01:12:19.164546,https://www.openstreetmap.org/node/5432934240,2.4717884,36.7833947
node/5432934239,5432934239,node,Kenya,generator,Capacity regex no match,850 kW,Tag 'generator:output:electricity' has value '850 kW' which could not be parsed,2026-07-01 01:12:19.164563,https://www.openstreetmap.org/node/5432934239,2.4726151,36.7833209
node/5432934238,5432934238,node,Kenya,generator,Capacity regex no match,850 kW,Tag 'generator:output:electricity' has value '850 kW' which could not be parsed,2026-07-01 01:12:19.164579,https://www.openstreetmap.org/node/5432934238,2.4734029,36.7832646
node/5432934237,5432934237,node,Kenya,generator,Capacity regex no match,850 kW,Tag 'generator:output:electricity' has value '850 kW' which could not be parsed,2026-07-01 01:12:19.164596,https://www.openstreetmap.org/node/5432934237,2.4743489,36.7831331
node/5432934236,5432934236,node,Kenya,generator,Capacity regex no match,850 kW,Tag 'generator:output:electricity' has value '850 kW' which could not be parsed,2026-07-01 01:12:19.164612,https://www.openstreetmap.org/node/5432934236,2.4753029,36.7829776
node/5432934235,5432934235,node,Kenya,generator,Capacity regex no match,850 kW,Tag 'generator:output:electricity' has value '850 kW' which could not be parsed,2026-07-01 01:12:19.164629,https://www.openstreetmap.org/node/5432934235,2.4762568,36.7828327
node/5432934234,5432934234,node,Kenya,generator,Capacity regex no match,850 kW,Tag 'generator:output:electricity' has value '850 kW' which could not be parsed,2026-07-01 01:12:19.164647,https://www.openstreetmap.org/node/5432934234,2.4772322,36.7826638
node/5432934233,5432934233,node,Kenya,generator,Capacity regex no match,850 kW,Tag 'generator:output:electricity' has value '850 kW' which could not be parsed,2026-07-01 01:12:19.164665,https://www.openstreetmap.org/node/5432934233,2.478205,36.7825136
node/5432934232,5432934232,node,Kenya,generator,Capacity regex no match,850 kW,Tag 'generator:output:electricity' has value '850 kW' which could not be parsed,2026-07-01 01:12:19.164682,https://www.openstreetmap.org/node/5432934232,2.4804425,36.7807326
node/5432934231,5432934231,node,Kenya,generator,Capacity regex no match,850 kW,Tag 'generator:output:electricity' has value '850 kW' which could not be parsed,2026-07-01 01:12:19.164717,https://www.openstreetmap.org/node/5432934231,2.4811366,36.7809391
node/5432934230,5432934230,node,Kenya,generator,Capacity regex no match,850 kW,Tag 'generator:output:electricity' has value '850 kW' which could not be parsed,2026-07-01 01:12:19.164736,https://www.openstreetmap.org/node/5432934230,2.4818413,36.7811644
node/5432934229,5432934229,node,Kenya,generator,Capacity regex no match,850 kW,Tag 'generator:output:electricity' has value '850 kW' which could not be parsed,2026-07-01 01:12:19.164756,https://www.openstreetmap.org/node/5432934229,2.4825541,36.7813817
node/5432934277,5432934277,node,Kenya,generator,Capacity regex no match,850 kW,Tag 'generator:output:electricity' has value '850 kW' which could not be parsed,2026-07-01 01:12:19.164774,https://www.openstreetmap.org/node/5432934277,2.4163078,36.7981482
node/5432934278,5432934278,node,Kenya,generator,Capacity regex no match,850 kW,Tag 'generator:output:electricity' has value '850 kW' which could not be parsed,2026-07-01 01:12:19.164791,https://www.openstreetmap.org/node/5432934278,2.417101,36.798175
node/5432934279,5432934279,node,Kenya,generator,Capacity regex no match,850 kW,Tag 'generator:output:electricity' has value '850 kW' which could not be parsed,2026-07-01 01:12:19.164812,https://www.openstreetmap.org/node/5432934279,2.4178407,36.7981964
node/5432934280,5432934280,node,Kenya,generator,Capacity regex no match,850 kW,Tag 'generator:output:electricity' has value '850 kW' which could not be parsed,2026-07-01 01:12:19.164830,https://www.openstreetmap.org/node/5432934280,2.4186527,36.7982179
node/5432934282,5432934282,node,Kenya,generator,Capacity regex no match,850 kW,Tag 'generator:output:electricity' has value '850 kW' which could not be parsed,2026-07-01 01:12:19.164846,https://www.openstreetmap.org/node/5432934282,2.4201936,36.7982393
node/5432934281,5432934281,node,Kenya,generator,Capacity regex no match,850 kW,Tag 'generator:output:electricity' has value '850 kW' which could not be parsed,2026-07-01 01:12:19.164863,https://www.openstreetmap.org/node/5432934281,2.4194298,36.7982528
node/5432934284,5432934284,node,Kenya,generator,Capacity regex no match,850 kW,Tag 'generator:output:electricity' has value '850 kW' which could not be parsed,2026-07-01 01:12:19.164882,https://www.openstreetmap.org/node/5432934284,2.4209787,36.7981777
node/5432934283,5432934283,node,Kenya,generator,Capacity regex no match,850 kW,Tag 'generator:output:electricity' has value '850 kW' which could not be parsed,2026-07-01 01:12:19.164899,https://www.openstreetmap.org/node/5432934283,2.4217103,36.7982474
node/5432934285,5432934285,node,Kenya,generator,Capacity regex no match,850 kW,Tag 'generator:output:electricity' has value '850 kW' which could not be parsed,2026-07-01 01:12:19.164916,https://www.openstreetmap.org/node/5432934285,2.4311861,36.8001652
node/5432934286,5432934286,node,Kenya,generator,Capacity regex no match,850 kW,Tag 'generator:output:electricity' has value '850 kW' which could not be parsed,2026-07-01 01:12:19.164933,https://www.openstreetmap.org/node/5432934286,2.4319016,36.80031
node/5432934287,5432934287,node,Kenya,generator,Capacity regex no match,850 kW,Tag 'generator:output:electricity' has value '850 kW' which could not be parsed,2026-07-01 01:12:19.164950,https://www.openstreetmap.org/node/5432934287,2.4325796,36.8004683
node/5432934288,5432934288,node,Kenya,generator,Capacity regex no match,850 kW,Tag 'generator:output:electricity' has value '850 kW' which could not be parsed,2026-07-01 01:12:19.164966,https://www.openstreetmap.org/node/5432934288,2.4333032,36.8006265
node/5432934289,5432934289,node,Kenya,generator,Capacity regex no match,850 kW,Tag 'generator:output:electricity' has value '850 kW' which could not be parsed,2026-07-01 01:12:19.164985,https://www.openstreetmap.org/node/5432934289,2.4339811,36.8007928
node/5432934290,5432934290,node,Kenya,generator,Capacity regex no match,850 kW,Tag 'generator:output:electricity' has value '850 kW' which could not be parsed,2026-07-01 01:12:19.165001,https://www.openstreetmap.org/node/5432934290,2.4346913,36.8009323
node/5432934291,5432934291,node,Kenya,generator,Capacity regex no match,850 kW,Tag 'generator:output:electricity' has value '850 kW' which could not be parsed,2026-07-01 01:12:19.165019,https://www.openstreetmap.org/node/5432934291,2.4354282,36.8010423
node/5432934292,5432934292,node,Kenya,generator,Capacity regex no match,850 kW,Tag 'generator:output:electricity' has value '850 kW' which could not be parsed,2026-07-01 01:12:19.165036,https://www.openstreetmap.org/node/5432934292,2.438317,36.8001169
node/5432934293,5432934293,node,Kenya,generator,Capacity regex no match,850 kW,Tag 'generator:output:electricity' has value '850 kW' which could not be parsed,2026-07-01 01:12:19.165054,https://www.openstreetmap.org/node/5432934293,2.4391531,36.8001384
node/5432934294,5432934294,node,Kenya,generator,Capacity regex no match,850 kW,Tag 'generator:output:electricity' has value '850 kW' which could not be parsed,2026-07-01 01:12:19.165070,https://www.openstreetmap.org/node/5432934294,2.4408039,36.8001169
node/5432934295,5432934295,node,Kenya,generator,Capacity regex no match,850 kW,Tag 'generator:output:electricity' has value '850 kW' which could not be parsed,2026-07-01 01:12:19.165087,https://www.openstreetmap.org/node/5432934295,2.4423394,36.8002081
node/5432934296,5432934296,node,Kenya,generator,Capacity regex no match,850 kW,Tag 'generator:output:electricity' has value '850 kW' which could not be parsed,2026-07-01 01:12:19.165139,https://www.openstreetmap.org/node/5432934296,2.4430308,36.8003824
node/5432934297,5432934297,node,Kenya,generator,Capacity regex no match,850 kW,Tag 'generator:output:electricity' has value '850 kW' which could not be parsed,2026-07-01 01:12:19.165157,https://www.openstreetmap.org/node/5432934297,2.4437141,36.8006077
node/5432934298,5432934298,node,Kenya,generator,Capacity regex no match,850 kW,Tag 'generator:output:electricity' has value '850 kW' which could not be parsed,2026-07-01 01:12:19.165174,https://www.openstreetmap.org/node/5432934298,2.4443974,36.8008921
node/5432934299,5432934299,node,Kenya,generator,Capacity regex no match,850 kW,Tag 'generator:output:electricity' has value '850 kW' which could not be parsed,2026-07-01 01:12:19.165198,https://www.openstreetmap.org/node/5432934299,2.4450969,36.801053
node/13058402143,13058402143,node,Kenya,generator,Capacity regex no match,850 kW,Tag 'generator:output:electricity' has value '850 kW' which could not be parsed,2026-07-01 01:12:19.165215,https://www.openstreetmap.org/node/13058402143,2.4399006,36.8001308
node/13058402144,13058402144,node,Kenya,generator,Capacity regex no match,850 kW,Tag 'generator:output:electricity' has value '850 kW' which could not be parsed,2026-07-01 01:12:19.165231,https://www.openstreetmap.org/node/13058402144,2.4415482,36.8000881
node/5432934300,5432934300,node,Kenya,generator,Capacity regex no match,850 kW,Tag 'generator:output:electricity' has value '850 kW' which could not be parsed,2026-07-01 01:12:19.165251,https://www.openstreetmap.org/node/5432934300,2.4485658,36.8118811
node/5432934301,5432934301,node,Kenya,generator,Capacity regex no match,850 kW,Tag 'generator:output:electricity' has value '850 kW' which could not be parsed,2026-07-01 01:12:19.165268,https://www.openstreetmap.org/node/5432934301,2.4493898,36.8119588
node/5432934302,5432934302,node,Kenya,generator,Capacity regex no match,850 kW,Tag 'generator:output:electricity' has value '850 kW' which could not be parsed,2026-07-01 01:12:19.165285,https://www.openstreetmap.org/node/5432934302,2.4502072,36.8119441
node/5432934303,5432934303,node,Kenya,generator,Capacity regex no match,850 kW,Tag 'generator:output:electricity' has value '850 kW' which could not be parsed,2026-07-01 01:12:19.165301,https://www.openstreetmap.org/node/5432934303,2.4510205,36.8119803
node/5432934304,5432934304,node,Kenya,generator,Capacity regex no match,850 kW,Tag 'generator:output:electricity' has value '850 kW' which could not be parsed,2026-07-01 01:12:19.165318,https://www.openstreetmap.org/node/5432934304,2.4518365,36.8120125
node/5432934305,5432934305,node,Kenya,generator,Capacity regex no match,850 kW,Tag 'generator:output:electricity' has value '850 kW' which could not be parsed,2026-07-01 01:12:19.165334,https://www.openstreetmap.org/node/5432934305,2.4525185,36.8121761
node/5432934306,5432934306,node,Kenya,generator,Capacity regex no match,850 kW,Tag 'generator:output:electricity' has value '850 kW' which could not be parsed,2026-07-01 01:12:19.165351,https://www.openstreetmap.org/node/5432934306,2.4532125,36.8123357
node/5432934307,5432934307,node,Kenya,generator,Capacity regex no match,850 kW,Tag 'generator:output:electricity' has value '850 kW' which could not be parsed,2026-07-01 01:12:19.165367,https://www.openstreetmap.org/node/5432934307,2.4539079,36.8124966
node/5432934308,5432934308,node,Kenya,generator,Capacity regex no match,850 kW,Tag 'generator:output:electricity' has value '850 kW' which could not be parsed,2026-07-01 01:12:19.165386,https://www.openstreetmap.org/node/5432934308,2.4546127,36.8126656
node/6177947597,6177947597,node,Kenya,generator,Capacity regex no match,850 kW,Tag 'generator:output:electricity' has value '850 kW' which could not be parsed,2026-07-01 01:12:19.165403,https://www.openstreetmap.org/node/6177947597,2.4552575,36.8127605
node/5432934309,5432934309,node,Kenya,generator,Capacity regex no match,850 kW,Tag 'generator:output:electricity' has value '850 kW' which could not be parsed,2026-07-01 01:12:19.165420,https://www.openstreetmap.org/node/5432934309,2.4560088,36.8130143
node/6177947596,6177947596,node,Kenya,generator,Capacity regex no match,850 kW,Tag 'generator:output:electricity' has value '850 kW' which could not be parsed,2026-07-01 01:12:19.165436,https://www.openstreetmap.org/node/6177947596,2.4567035,36.8132128
node/5432934310,5432934310,node,Kenya,generator,Capacity regex no match,850 kW,Tag 'generator:output:electricity' has value '850 kW' which could not be parsed,2026-07-01 01:12:19.165452,https://www.openstreetmap.org/node/5432934310,2.457413,36.813367
node/5432934228,5432934228,node,Kenya,generator,Capacity regex no match,850 kW,Tag 'generator:output:electricity' has value '850 kW' which could not be parsed,2026-07-01 01:12:19.165471,https://www.openstreetmap.org/node/5432934228,2.469386,36.8387112
node/5432934227,5432934227,node,Kenya,generator,Capacity regex no match,850 kW,Tag 'generator:output:electricity' has value '850 kW' which could not be parsed,2026-07-01 01:12:19.165487,https://www.openstreetmap.org/node/5432934227,2.4702034,36.8387622
node/5432934226,5432934226,node,Kenya,generator,Capacity regex no match,850 kW,Tag 'generator:output:electricity' has value '850 kW' which could not be parsed,2026-07-01 01:12:19.165503,https://www.openstreetmap.org/node/5432934226,2.4710126,36.8387783
node/5432934225,5432934225,node,Kenya,generator,Capacity regex no match,850 kW,Tag 'generator:output:electricity' has value '850 kW' which could not be parsed,2026-07-01 01:12:19.165519,https://www.openstreetmap.org/node/5432934225,2.4722962,36.8387783
node/5432934224,5432934224,node,Kenya,generator,Capacity regex no match,850 kW,Tag 'generator:output:electricity' has value '850 kW' which could not be parsed,2026-07-01 01:12:19.165537,https://www.openstreetmap.org/node/5432934224,2.4730197,36.8388614
node/5432934223,5432934223,node,Kenya,generator,Capacity regex no match,850 kW,Tag 'generator:output:electricity' has value '850 kW' which could not be parsed,2026-07-01 01:12:19.165554,https://www.openstreetmap.org/node/5432934223,2.4737647,36.8389901
node/5432933516,5432933516,node,Kenya,generator,Capacity regex no match,850 kW,Tag 'generator:output:electricity' has value '850 kW' which could not be parsed,2026-07-01 01:12:19.165570,https://www.openstreetmap.org/node/5432933516,2.5000363,36.8286824
node/5432933517,5432933517,node,Kenya,generator,Capacity regex no match,850 kW,Tag 'generator:output:electricity' has value '850 kW' which could not be parsed,2026-07-01 01:12:19.165587,https://www.openstreetmap.org/node/5432933517,2.4993048,36.8285644
node/5432933518,5432933518,node,Kenya,generator,Capacity regex no match,850 kW,Tag 'generator:output:electricity' has value '850 kW' which could not be parsed,2026-07-01 01:12:19.165603,https://www.openstreetmap.org/node/5432933518,2.4985839,36.828492
node/5432933519,5432933519,node,Kenya,generator,Capacity regex no match,850 kW,Tag 'generator:output:electricity' has value '850 kW' which could not be parsed,2026-07-01 01:12:19.165620,https://www.openstreetmap.org/node/5432933519,2.4978819,36.8283713
node/5432933520,5432933520,node,Kenya,generator,Capacity regex no match,850 kW,Tag 'generator:output:electricity' has value '850 kW' which could not be parsed,2026-07-01 01:12:19.165636,https://www.openstreetmap.org/node/5432933520,2.497153,36.8282667
node/5432934221,5432934221,node,Kenya,generator,Capacity regex no match,850 kW,Tag 'generator:output:electricity' has value '850 kW' which could not be parsed,2026-07-01 01:12:19.165652,https://www.openstreetmap.org/node/5432934221,2.4964268,36.8281889
node/5432934222,5432934222,node,Kenya,generator,Capacity regex no match,850 kW,Tag 'generator:output:electricity' has value '850 kW' which could not be parsed,2026-07-01 01:12:19.165668,https://www.openstreetmap.org/node/5432934222,2.4957113,36.828087
node/5432933511,5432933511,node,Kenya,generator,Capacity regex no match,850 kW,Tag 'generator:output:electricity' has value '850 kW' which could not be parsed,2026-07-01 01:12:19.165703,https://www.openstreetmap.org/node/5432933511,2.5127057,36.8229935
node/5432933512,5432933512,node,Kenya,generator,Capacity regex no match,850 kW,Tag 'generator:output:electricity' has value '850 kW' which could not be parsed,2026-07-01 01:12:19.165722,https://www.openstreetmap.org/node/5432933512,2.5119688,36.8228164
node/5432933513,5432933513,node,Kenya,generator,Capacity regex no match,850 kW,Tag 'generator:output:electricity' has value '850 kW' which could not be parsed,2026-07-01 01:12:19.165742,https://www.openstreetmap.org/node/5432933513,2.5111568,36.8227628
node/5432933514,5432933514,node,Kenya,generator,Capacity regex no match,850 kW,Tag 'generator:output:electricity' has value '850 kW' which could not be parsed,2026-07-01 01:12:19.165759,https://www.openstreetmap.org/node/5432933514,2.5104414,36.8227574
node/5432933515,5432933515,node,Kenya,generator,Capacity regex no match,850 kW,Tag 'generator:output:electricity' has value '850 kW' which could not be parsed,2026-07-01 01:12:19.165776,https://www.openstreetmap.org/node/5432933515,2.5095571,36.8226448
node/5432933502,5432933502,node,Kenya,generator,Capacity regex no match,850 kW,Tag 'generator:output:electricity' has value '850 kW' which could not be parsed,2026-07-01 01:12:19.165793,https://www.openstreetmap.org/node/5432933502,2.5204685,36.828264
node/5432933503,5432933503,node,Kenya,generator,Capacity regex no match,850 kW,Tag 'generator:output:electricity' has value '850 kW' which could not be parsed,2026-07-01 01:12:19.165809,https://www.openstreetmap.org/node/5432933503,2.5196218,36.8282667
node/5432933504,5432933504,node,Kenya,generator,Capacity regex no match,850 kW,Tag 'generator:output:electricity' has value '850 kW' which could not be parsed,2026-07-01 01:12:19.165826,https://www.openstreetmap.org/node/5432933504,2.5187777,36.8282425
node/5432933505,5432933505,node,Kenya,generator,Capacity regex no match,850 kW,Tag 'generator:output:electricity' has value '850 kW' which could not be parsed,2026-07-01 01:12:19.165843,https://www.openstreetmap.org/node/5432933505,2.5179443,36.8282077
node/5432933506,5432933506,node,Kenya,generator,Capacity regex no match,850 kW,Tag 'generator:output:electricity' has value '850 kW' which could not be parsed,2026-07-01 01:12:19.165859,https://www.openstreetmap.org/node/5432933506,2.5170922,36.8282667
node/5432933507,5432933507,node,Kenya,generator,Capacity regex no match,850 kW,Tag 'generator:output:electricity' has value '850 kW' which could not be parsed,2026-07-01 01:12:19.165875,https://www.openstreetmap.org/node/5432933507,2.516283,36.8282238
node/5432933508,5432933508,node,Kenya,generator,Capacity regex no match,850 kW,Tag 'generator:output:electricity' has value '850 kW' which could not be parsed,2026-07-01 01:12:19.165891,https://www.openstreetmap.org/node/5432933508,2.5154469,36.8281889
node/5432933509,5432933509,node,Kenya,generator,Capacity regex no match,850 kW,Tag 'generator:output:electricity' has value '850 kW' which could not be parsed,2026-07-01 01:12:19.165910,https://www.openstreetmap.org/node/5432933509,2.514635,36.828146
node/5432933510,5432933510,node,Kenya,generator,Capacity regex no match,850 kW,Tag 'generator:output:electricity' has value '850 kW' which could not be parsed,2026-07-01 01:12:19.165927,https://www.openstreetmap.org/node/5432933510,2.513799,36.8281782
node/5432933501,5432933501,node,Kenya,generator,Capacity regex no match,850 kW,Tag 'generator:output:electricity' has value '850 kW' which could not be parsed,2026-07-01 01:12:19.165948,https://www.openstreetmap.org/node/5432933501,2.5249488,36.8223403
node/5432933500,5432933500,node,Kenya,generator,Capacity regex no match,850 kW,Tag 'generator:output:electricity' has value '850 kW' which could not be parsed,2026-07-01 01:12:19.165964,https://www.openstreetmap.org/node/5432933500,2.5256375,36.822516
node/5432933499,5432933499,node,Kenya,generator,Capacity regex no match,850 kW,Tag 'generator:output:electricity' has value '850 kW' which could not be parsed,2026-07-01 01:12:19.165981,https://www.openstreetmap.org/node/5432933499,2.5263342,36.8228272
node/5432933498,5432933498,node,Kenya,generator,Capacity regex no match,850 kW,Tag 'generator:output:electricity' has value '850 kW' which could not be parsed,2026-07-01 01:12:19.165997,https://www.openstreetmap.org/node/5432933498,2.5269425,36.8232965
node/5432933497,5432933497,node,Kenya,generator,Capacity regex no match,850 kW,Tag 'generator:output:electricity' has value '850 kW' which could not be parsed,2026-07-01 01:12:19.166013,https://www.openstreetmap.org/node/5432933497,2.5277973,36.8235728
node/5432933496,5432933496,node,Kenya,generator,Capacity regex no match,850 kW,Tag 'generator:output:electricity' has value '850 kW' which could not be parsed,2026-07-01 01:12:19.166029,https://www.openstreetmap.org/node/5432933496,2.5285234,36.8236479
node/5432933495,5432933495,node,Kenya,generator,Capacity regex no match,850 kW,Tag 'generator:output:electricity' has value '850 kW' which could not be parsed,2026-07-01 01:12:19.166046,https://www.openstreetmap.org/node/5432933495,2.5292308,36.8238518
node/5432933494,5432933494,node,Kenya,generator,Capacity regex no match,850 kW,Tag 'generator:output:electricity' has value '850 kW' which could not be parsed,2026-07-01 01:12:19.166064,https://www.openstreetmap.org/node/5432933494,2.5339818,36.8254799
node/5432933493,5432933493,node,Kenya,generator,Capacity regex no match,850 kW,Tag 'generator:output:electricity' has value '850 kW' which could not be parsed,2026-07-01 01:12:19.166081,https://www.openstreetmap.org/node/5432933493,2.5347669,36.8259975
node/5432933492,5432933492,node,Kenya,generator,Capacity regex no match,850 kW,Tag 'generator:output:electricity' has value '850 kW' which could not be parsed,2026-07-01 01:12:19.166097,https://www.openstreetmap.org/node/5432933492,2.5355466,36.8266252
node/5432933491,5432933491,node,Kenya,generator,Capacity regex no match,850 kW,Tag 'generator:output:electricity' has value '850 kW' which could not be parsed,2026-07-01 01:12:19.166114,https://www.openstreetmap.org/node/5432933491,2.536321,36.8272099
node/5432933490,5432933490,node,Kenya,generator,Capacity regex no match,850 kW,Tag 'generator:output:electricity' has value '850 kW' which could not be parsed,2026-07-01 01:12:19.166133,https://www.openstreetmap.org/node/5432933490,2.5371919,36.8286824
node/12860222723,12860222723,node,Kenya,generator,Capacity regex no match,850 kW,Tag 'generator:output:electricity' has value '850 kW' which could not be parsed,2026-07-01 01:12:19.166150,https://www.openstreetmap.org/node/12860222723,2.552243,36.8282318
node/12860222722,12860222722,node,Kenya,generator,Capacity regex no match,850 kW,Tag 'generator:output:electricity' has value '850 kW' which could not be parsed,2026-07-01 01:12:19.166168,https://www.openstreetmap.org/node/12860222722,2.5515678,36.827867
node/12860222721,12860222721,node,Kenya,generator,Capacity regex no match,850 kW,Tag 'generator:output:electricity' has value '850 kW' which could not be parsed,2026-07-01 01:12:19.166187,https://www.openstreetmap.org/node/12860222721,2.5508175,36.8274808
node/12860222720,12860222720,node,Kenya,generator,Capacity regex no match,850 kW,Tag 'generator:output:electricity' has value '850 kW' which could not be parsed,2026-07-01 01:12:19.166204,https://www.openstreetmap.org/node/12860222720,2.5501851,36.8271911
node/12860222719,12860222719,node,Kenya,generator,Capacity regex no match,850 kW,Tag 'generator:output:electricity' has value '850 kW' which could not be parsed,2026-07-01 01:12:19.166220,https://www.openstreetmap.org/node/12860222719,2.5494348,36.8269229
node/12860222718,12860222718,node,Kenya,generator,Capacity regex no match,850 kW,Tag 'generator:output:electricity' has value '850 kW' which could not be parsed,2026-07-01 01:12:19.166236,https://www.openstreetmap.org/node/12860222718,2.5488132,36.8266117
node/11255153899,11255153899,node,Kenya,generator,Capacity regex no match,850 kW,Tag 'generator:output:electricity' has value '850 kW' which could not be parsed,2026-07-01 01:12:19.166253,https://www.openstreetmap.org/node/11255153899,2.5481377,36.8057688
node/11255153900,11255153900,node,Kenya,generator,Capacity regex no match,850 kW,Tag 'generator:output:electricity' has value '850 kW' which could not be parsed,2026-07-01 01:12:19.166269,https://www.openstreetmap.org/node/11255153900,2.5468128,36.8052613
node/11255153898,11255153898,node,Kenya,generator,Capacity regex no match,850 kW,Tag 'generator:output:electricity' has value '850 kW' which could not be parsed,2026-07-01 01:12:19.166285,https://www.openstreetmap.org/node/11255153898,2.5488407,36.8060147
node/11255153897,11255153897,node,Kenya,generator,Capacity regex no match,850 kW,Tag 'generator:output:electricity' has value '850 kW' which could not be parsed,2026-07-01 01:12:19.166302,https://www.openstreetmap.org/node/11255153897,2.5494814,36.8062638
node/11255153896,11255153896,node,Kenya,generator,Capacity regex no match,850 kW,Tag 'generator:output:electricity' has value '850 kW' which could not be parsed,2026-07-01 01:12:19.166318,https://www.openstreetmap.org/node/11255153896,2.5506944,36.8080197
node/11255153895,11255153895,node,Kenya,generator,Capacity regex no match,850 kW,Tag 'generator:output:electricity' has value '850 kW' which could not be parsed,2026-07-01 01:12:19.166334,https://www.openstreetmap.org/node/11255153895,2.5515621,36.8080291
node/11255153894,11255153894,node,Kenya,generator,Capacity regex no match,850 kW,Tag 'generator:output:electricity' has value '850 kW' which could not be parsed,2026-07-01 01:12:19.166350,https://www.openstreetmap.org/node/11255153894,2.5524486,36.8080415
node/11255153893,11255153893,node,Kenya,generator,Capacity regex no match,850 kW,Tag 'generator:output:electricity' has value '850 kW' which could not be parsed,2026-07-01 01:12:19.166366,https://www.openstreetmap.org/node/11255153893,2.5532945,36.8079948
node/11255153901,11255153901,node,Kenya,generator,Capacity regex no match,850 kW,Tag 'generator:output:electricity' has value '850 kW' which could not be parsed,2026-07-01 01:12:19.166383,https://www.openstreetmap.org/node/11255153901,2.5568278,36.8268865
node/12860222741,12860222741,node,Kenya,generator,Capacity regex no match,850 kW,Tag 'generator:output:electricity' has value '850 kW' which could not be parsed,2026-07-01 01:12:19.166403,https://www.openstreetmap.org/node/12860222741,2.5576557,36.8268371
node/11255153902,11255153902,node,Kenya,generator,Capacity regex no match,850 kW,Tag 'generator:output:electricity' has value '850 kW' which could not be parsed,2026-07-01 01:12:19.166420,https://www.openstreetmap.org/node/11255153902,2.5586752,36.8267526
node/11255153903,11255153903,node,Kenya,generator,Capacity regex no match,850 kW,Tag 'generator:output:electricity' has value '850 kW' which could not be parsed,2026-07-01 01:12:19.166436,https://www.openstreetmap.org/node/11255153903,2.5595368,36.8267277
node/11255153904,11255153904,node,Kenya,generator,Capacity regex no match,850 kW,Tag 'generator:output:electricity' has value '850 kW' which could not be parsed,2026-07-01 01:12:19.166452,https://www.openstreetmap.org/node/11255153904,2.560417,36.8266686
node/11255153905,11255153905,node,Kenya,generator,Capacity regex no match,850 kW,Tag 'generator:output:electricity' has value '850 kW' which could not be parsed,2026-07-01 01:12:19.166468,https://www.openstreetmap.org/node/11255153905,2.5612941,36.8266001
node/11255153906,11255153906,node,Kenya,generator,Capacity regex no match,850 kW,Tag 'generator:output:electricity' has value '850 kW' which could not be parsed,2026-07-01 01:12:19.166484,https://www.openstreetmap.org/node/11255153906,2.5621431,36.8265907
node/11255153907,11255153907,node,Kenya,generator,Capacity regex no match,850 kW,Tag 'generator:output:electricity' has value '850 kW' which could not be parsed,2026-07-01 01:12:19.166503,https://www.openstreetmap.org/node/11255153907,2.5630513,36.8265223
node/11255153908,11255153908,node,Kenya,generator,Capacity regex no match,850 kW,Tag 'generator:output:electricity' has value '850 kW' which could not be parsed,2026-07-01 01:12:19.166522,https://www.openstreetmap.org/node/11255153908,2.5639191,36.8264538
node/11255153909,11255153909,node,Kenya,generator,Capacity regex no match,850 kW,Tag 'generator:output:electricity' has value '850 kW' which could not be parsed,2026-07-01 01:12:19.166539,https://www.openstreetmap.org/node/11255153909,2.5647806,36.8264195
node/11255153910,11255153910,node,Kenya,generator,Capacity regex no match,850 kW,Tag 'generator:output:electricity' has value '850 kW' which could not be parsed,2026-07-01 01:12:19.166556,https://www.openstreetmap.org/node/11255153910,2.5656639,36.8264039
node/11255153911,11255153911,node,Kenya,generator,Capacity regex no match,850 kW,Tag 'generator:output:electricity' has value '850 kW' which could not be parsed,2026-07-01 01:12:19.166573,https://www.openstreetmap.org/node/11255153911,2.5665565,36.8263137
node/11255153912,11255153912,node,Kenya,generator,Capacity regex no match,850 kW,Tag 'generator:output:electricity' has value '850 kW' which could not be parsed,2026-07-01 01:12:19.166589,https://www.openstreetmap.org/node/11255153912,2.5674118,36.826295
node/11255153913,11255153913,node,Kenya,generator,Capacity regex no match,850 kW,Tag 'generator:output:electricity' has value '850 kW' which could not be parsed,2026-07-01 01:12:19.166605,https://www.openstreetmap.org/node/11255153913,2.5682765,36.8262358
node/11255153914,11255153914,node,Kenya,generator,Capacity regex no match,850 kW,Tag 'generator:output:electricity' has value '850 kW' which could not be parsed,2026-07-01 01:12:19.166621,https://www.openstreetmap.org/node/11255153914,2.5691815,36.8261798
node/11255153918,11255153918,node,Kenya,generator,Capacity regex no match,850 kW,Tag 'generator:output:electricity' has value '850 kW' which could not be parsed,2026-07-01 01:12:19.166637,https://www.openstreetmap.org/node/11255153918,2.5789309,36.825475
node/11255153917,11255153917,node,Kenya,generator,Capacity regex no match,850 kW,Tag 'generator:output:electricity' has value '850 kW' which could not be parsed,2026-07-01 01:12:19.166655,https://www.openstreetmap.org/node/11255153917,2.5779345,36.8255075
node/11255153919,11255153919,node,Kenya,generator,Capacity regex no match,850 kW,Tag 'generator:output:electricity' has value '850 kW' which could not be parsed,2026-07-01 01:12:19.166673,https://www.openstreetmap.org/node/11255153919,2.5768813,36.8255075
node/11255153920,11255153920,node,Kenya,generator,Capacity regex no match,850 kW,Tag 'generator:output:electricity' has value '850 kW' which could not be parsed,2026-07-01 01:12:19.166705,https://www.openstreetmap.org/node/11255153920,2.5759093,36.8257271
node/13058402147,13058402147,node,Kenya,generator,Capacity regex no match,850 kW,Tag 'generator:output:electricity' has value '850 kW' which could not be parsed,2026-07-01 01:12:19.166724,https://www.openstreetmap.org/node/13058402147,2.5749917,36.8258626
node/13058402146,13058402146,node,Kenya,generator,Capacity regex no match,850 kW,Tag 'generator:output:electricity' has value '850 kW' which could not be parsed,2026-07-01 01:12:19.166744,https://www.openstreetmap.org/node/13058402146,2.5741583,36.8259525
node/13058402145,13058402145,node,Kenya,generator,Capacity regex no match,850 kW,Tag 'generator:output:electricity' has value '850 kW' which could not be parsed,2026-07-01 01:12:19.166761,https://www.openstreetmap.org/node/13058402145,2.5733153,36.826007
node/11255153915,11255153915,node,Kenya,generator,Capacity regex no match,850 kW,Tag 'generator:output:electricity' has value '850 kW' which could not be parsed,2026-07-01 01:12:19.166777,https://www.openstreetmap.org/node/11255153915,2.5717381,36.8260459
node/11255153916,11255153916,node,Kenya,generator,Capacity regex no match,850 kW,Tag 'generator:output:electricity' has value '850 kW' which could not be parsed,2026-07-01 01:12:19.166793,https://www.openstreetmap.org/node/11255153916,2.5725841,36.825993
node/5432935438,5432935438,node,Kenya,generator,Capacity regex no match,850 kW,Tag 'generator:output:electricity' has value '850 kW' which could not be parsed,2026-07-01 01:12:19.166811,https://www.openstreetmap.org/node/5432935438,2.4963625,36.7611605
node/5432935439,5432935439,node,Kenya,generator,Capacity regex no match,850 kW,Tag 'generator:output:electricity' has value '850 kW' which could not be parsed,2026-07-01 01:12:19.166828,https://www.openstreetmap.org/node/5432935439,2.4970512,36.761367
node/5432935440,5432935440,node,Kenya,generator,Capacity regex no match,850 kW,Tag 'generator:output:electricity' has value '850 kW' which could not be parsed,2026-07-01 01:12:19.166844,https://www.openstreetmap.org/node/5432935440,2.4977372,36.7615253
node/5432935441,5432935441,node,Kenya,generator,Capacity regex no match,850 kW,Tag 'generator:output:electricity' has value '850 kW' which could not be parsed,2026-07-01 01:12:19.166860,https://www.openstreetmap.org/node/5432935441,2.4984285,36.7617211
node/5432935444,5432935444,node,Kenya,generator,Capacity regex no match,850 kW,Tag 'generator:output:electricity' has value '850 kW' which could not be parsed,2026-07-01 01:12:19.166877,https://www.openstreetmap.org/node/5432935444,2.5004972,36.7622924
node/5432935445,5432935445,node,Kenya,generator,Capacity regex no match,850 kW,Tag 'generator:output:electricity' has value '850 kW' which could not be parsed,2026-07-01 01:12:19.166893,https://www.openstreetmap.org/node/5432935445,2.5011886,36.7624614
node/5432935443,5432935443,node,Kenya,generator,Capacity regex no match,850 kW,Tag 'generator:output:electricity' has value '850 kW' which could not be parsed,2026-07-01 01:12:19.166909,https://www.openstreetmap.org/node/5432935443,2.4997898,36.7620939
node/5432935442,5432935442,node,Kenya,generator,Capacity regex no match,850 kW,Tag 'generator:output:electricity' has value '850 kW' which could not be parsed,2026-07-01 01:12:19.166928,https://www.openstreetmap.org/node/5432935442,2.4991145,36.761882
node/5432935446,5432935446,node,Kenya,generator,Capacity regex no match,850 kW,Tag 'generator:output:electricity' has value '850 kW' which could not be parsed,2026-07-01 01:12:19.166945,https://www.openstreetmap.org/node/5432935446,2.5036914,36.7623273
node/5432935447,5432935447,node,Kenya,generator,Capacity regex no match,850 kW,Tag 'generator:output:electricity' has value '850 kW' which could not be parsed,2026-07-01 01:12:19.166961,https://www.openstreetmap.org/node/5432935447,2.5043747,36.762507
node/5432935448,5432935448,node,Kenya,generator,Capacity regex no match,850 kW,Tag 'generator:output:electricity' has value '850 kW' which could not be parsed,2026-07-01 01:12:19.166978,https://www.openstreetmap.org/node/5432935448,2.5050714,36.762684
node/5432935449,5432935449,node,Kenya,generator,Capacity regex no match,850 kW,Tag 'generator:output:electricity' has value '850 kW' which could not be parsed,2026-07-01 01:12:19.166994,https://www.openstreetmap.org/node/5432935449,2.5057413,36.7628717
node/5432935450,5432935450,node,Kenya,generator,Capacity regex no match,850 kW,Tag 'generator:output:electricity' has value '850 kW' which could not be parsed,2026-07-01 01:12:19.167010,https://www.openstreetmap.org/node/5432935450,2.506446,36.7630568
node/5432935451,5432935451,node,Kenya,generator,Capacity regex no match,850 kW,Tag 'generator:output:electricity' has value '850 kW' which could not be parsed,2026-07-01 01:12:19.167026,https://www.openstreetmap.org/node/5432935451,2.5071213,36.763258
node/5432935452,5432935452,node,Kenya,generator,Capacity regex no match,850 kW,Tag 'generator:output:electricity' has value '850 kW' which could not be parsed,2026-07-01 01:12:19.167044,https://www.openstreetmap.org/node/5432935452,2.5078314,36.7634162
node/5432935453,5432935453,node,Kenya,generator,Capacity regex no match,850 kW,Tag 'generator:output:electricity' has value '850 kW' which could not be parsed,2026-07-01 01:12:19.167061,https://www.openstreetmap.org/node/5432935453,2.5085228,36.7636254
node/5432935454,5432935454,node,Kenya,generator,Capacity regex no match,850 kW,Tag 'generator:output:electricity' has value '850 kW' which could not be parsed,2026-07-01 01:12:19.167080,https://www.openstreetmap.org/node/5432935454,2.5092168,36.7638078
node/5432935455,5432935455,node,Kenya,generator,Capacity regex no match,850 kW,Tag 'generator:output:electricity' has value '850 kW' which could not be parsed,2026-07-01 01:12:19.167096,https://www.openstreetmap.org/node/5432935455,2.5098974,36.7639768
node/5432935456,5432935456,node,Kenya,generator,Capacity regex no match,850 kW,Tag 'generator:output:electricity' has value '850 kW' which could not be parsed,2026-07-01 01:12:19.167112,https://www.openstreetmap.org/node/5432935456,2.5105995,36.7641914
node/5432935457,5432935457,node,Kenya,generator,Capacity regex no match,850 kW,Tag 'generator:output:electricity' has value '850 kW' which could not be parsed,2026-07-01 01:12:19.167129,https://www.openstreetmap.org/node/5432935457,2.5112801,36.7643791
node/5432935458,5432935458,node,Kenya,generator,Capacity regex no match,850 kW,Tag 'generator:output:electricity' has value '850 kW' which could not be parsed,2026-07-01 01:12:19.167148,https://www.openstreetmap.org/node/5432935458,2.5119714,36.7645508
node/5432935459,5432935459,node,Kenya,generator,Capacity regex no match,850 kW,Tag 'generator:output:electricity' has value '850 kW' which could not be parsed,2026-07-01 01:12:19.167165,https://www.openstreetmap.org/node/5432935459,2.5126735,36.7647251
node/5432935460,5432935460,node,Kenya,generator,Capacity regex no match,850 kW,Tag 'generator:output:electricity' has value '850 kW' which could not be parsed,2026-07-01 01:12:19.167180,https://www.openstreetmap.org/node/5432935460,2.5133434,36.7648968
node/5432935437,5432935437,node,Kenya,generator,Capacity regex no match,850 kW,Tag 'generator:output:electricity' has value '850 kW' which could not be parsed,2026-07-01 01:12:19.167196,https://www.openstreetmap.org/node/5432935437,2.5182257,36.7646956
node/5432935436,5432935436,node,Kenya,generator,Capacity regex no match,850 kW,Tag 'generator:output:electricity' has value '850 kW' which could not be parsed,2026-07-01 01:12:19.167212,https://www.openstreetmap.org/node/5432935436,2.5189277,36.7648861
node/5432935435,5432935435,node,Kenya,generator,Capacity regex no match,850 kW,Tag 'generator:output:electricity' has value '850 kW' which could not be parsed,2026-07-01 01:12:19.167227,https://www.openstreetmap.org/node/5432935435,2.5196298,36.7650846
node/5432935434,5432935434,node,Kenya,generator,Capacity regex no match,850 kW,Tag 'generator:output:electricity' has value '850 kW' which could not be parsed,2026-07-01 01:12:19.167243,https://www.openstreetmap.org/node/5432935434,2.5203372,36.7652455
node/5432935433,5432935433,node,Kenya,generator,Capacity regex no match,850 kW,Tag 'generator:output:electricity' has value '850 kW' which could not be parsed,2026-07-01 01:12:19.167260,https://www.openstreetmap.org/node/5432935433,2.5210339,36.7654332
node/5432935432,5432935432,node,Kenya,generator,Capacity regex no match,850 kW,Tag 'generator:output:electricity' has value '850 kW' which could not be parsed,2026-07-01 01:12:19.167276,https://www.openstreetmap.org/node/5432935432,2.5217226,36.765613
node/5432935431,5432935431,node,Kenya,generator,Capacity regex no match,850 kW,Tag 'generator:output:electricity' has value '850 kW' which could not be parsed,2026-07-01 01:12:19.167293,https://www.openstreetmap.org/node/5432935431,2.5224139,36.7657953
node/5432935430,5432935430,node,Kenya,generator,Capacity regex no match,850 kW,Tag 'generator:output:electricity' has value '850 kW' which could not be parsed,2026-07-01 01:12:19.167309,https://www.openstreetmap.org/node/5432935430,2.5231213,36.7659536
node/5432935429,5432935429,node,Kenya,generator,Capacity regex no match,850 kW,Tag 'generator:output:electricity' has value '850 kW' which could not be parsed,2026-07-01 01:12:19.167326,https://www.openstreetmap.org/node/5432935429,2.523944,36.7663425
node/5432935428,5432935428,node,Kenya,generator,Capacity regex no match,850 kW,Tag 'generator:output:electricity' has value '850 kW' which could not be parsed,2026-07-01 01:12:19.167347,https://www.openstreetmap.org/node/5432935428,2.5247345,36.7666134
node/5432935426,5432935426,node,Kenya,generator,Capacity regex no match,850 kW,Tag 'generator:output:electricity' has value '850 kW' which could not be parsed,2026-07-01 01:12:19.167364,https://www.openstreetmap.org/node/5432935426,2.5262618,36.767233
node/5432935427,5432935427,node,Kenya,generator,Capacity regex no match,850 kW,Tag 'generator:output:electricity' has value '850 kW' which could not be parsed,2026-07-01 01:12:19.167383,https://www.openstreetmap.org/node/5432935427,2.5254928,36.7669487
node/5432935425,5432935425,node,Kenya,generator,Capacity regex no match,850 kW,Tag 'generator:output:electricity' has value '850 kW' which could not be parsed,2026-07-01 01:12:19.167402,https://www.openstreetmap.org/node/5432935425,2.5270041,36.7675441
node/11255050873,11255050873,node,Kenya,generator,Capacity regex no match,850 kW,Tag 'generator:output:electricity' has value '850 kW' which could not be parsed,2026-07-01 01:12:19.167421,https://www.openstreetmap.org/node/11255050873,2.5083615,36.7474654
node/11255050872,11255050872,node,Kenya,generator,Capacity regex no match,850 kW,Tag 'generator:output:electricity' has value '850 kW' which could not be parsed,2026-07-01 01:12:19.167442,https://www.openstreetmap.org/node/11255050872,2.5090761,36.7476228
node/11255050871,11255050871,node,Kenya,generator,Capacity regex no match,850 kW,Tag 'generator:output:electricity' has value '850 kW' which could not be parsed,2026-07-01 01:12:19.167459,https://www.openstreetmap.org/node/11255050871,2.509755,36.747798
node/11255050870,11255050870,node,Kenya,generator,Capacity regex no match,850 kW,Tag 'generator:output:electricity' has value '850 kW' which could not be parsed,2026-07-01 01:12:19.167475,https://www.openstreetmap.org/node/11255050870,2.5104552,36.7479732
node/11255050869,11255050869,node,Kenya,generator,Capacity regex no match,850 kW,Tag 'generator:output:electricity' has value '850 kW' which could not be parsed,2026-07-01 01:12:19.167492,https://www.openstreetmap.org/node/11255050869,2.5111305,36.7481521
node/11255050868,11255050868,node,Kenya,generator,Capacity regex no match,850 kW,Tag 'generator:output:electricity' has value '850 kW' which could not be parsed,2026-07-01 01:12:19.167508,https://www.openstreetmap.org/node/11255050868,2.5118308,36.7483058
node/11255050867,11255050867,node,Kenya,generator,Capacity regex no match,850 kW,Tag 'generator:output:electricity' has value '850 kW' which could not be parsed,2026-07-01 01:12:19.167525,https://www.openstreetmap.org/node/11255050867,2.5125311,36.7485204
node/11255050866,11255050866,node,Kenya,generator,Capacity regex no match,850 kW,Tag 'generator:output:electricity' has value '850 kW' which could not be parsed,2026-07-01 01:12:19.167541,https://www.openstreetmap.org/node/11255050866,2.5149661,36.7483835
node/11255050865,11255050865,node,Kenya,generator,Capacity regex no match,850 kW,Tag 'generator:output:electricity' has value '850 kW' which could not be parsed,2026-07-01 01:12:19.167558,https://www.openstreetmap.org/node/11255050865,2.5157157,36.7486195
node/11255050864,11255050864,node,Kenya,generator,Capacity regex no match,850 kW,Tag 'generator:output:electricity' has value '850 kW' which could not be parsed,2026-07-01 01:12:19.167574,https://www.openstreetmap.org/node/11255050864,2.5164181,36.7487327
node/11255050863,11255050863,node,Kenya,generator,Capacity regex no match,850 kW,Tag 'generator:output:electricity' has value '850 kW' which could not be parsed,2026-07-01 01:12:19.167590,https://www.openstreetmap.org/node/11255050863,2.5170828,36.748997
node/11255050862,11255050862,node,Kenya,generator,Capacity regex no match,850 kW,Tag 'generator:output:electricity' has value '850 kW' which could not be parsed,2026-07-01 01:12:19.167606,https://www.openstreetmap.org/node/11255050862,2.519143,36.7495916
node/11255050861,11255050861,node,Kenya,generator,Capacity regex no match,850 kW,Tag 'generator:output:electricity' has value '850 kW' which could not be parsed,2026-07-01 01:12:19.167625,https://www.openstreetmap.org/node/11255050861,2.5198266,36.7497473
node/11255050860,11255050860,node,Kenya,generator,Capacity regex no match,850 kW,Tag 'generator:output:electricity' has value '850 kW' which could not be parsed,2026-07-01 01:12:19.167642,https://www.openstreetmap.org/node/11255050860,2.5205008,36.7499077
node/11255050859,11255050859,node,Kenya,generator,Capacity regex no match,850 kW,Tag 'generator:output:electricity' has value '850 kW' which could not be parsed,2026-07-01 01:12:19.167658,https://www.openstreetmap.org/node/11255050859,2.5211985,36.7500965
node/11255050858,11255050858,node,Kenya,generator,Capacity regex no match,850 kW,Tag 'generator:output:electricity' has value '850 kW' which could not be parsed,2026-07-01 01:12:19.167674,https://www.openstreetmap.org/node/11255050858,2.5218915,36.7502947
node/11255050857,11255050857,node,Kenya,generator,Capacity regex no match,850 kW,Tag 'generator:output:electricity' has value '850 kW' which could not be parsed,2026-07-01 01:12:19.167706,https://www.openstreetmap.org/node/11255050857,2.5225798,36.7504646
node/11255050856,11255050856,node,Kenya,generator,Capacity regex no match,850 kW,Tag 'generator:output:electricity' has value '850 kW' which could not be parsed,2026-07-01 01:12:19.167724,https://www.openstreetmap.org/node/11255050856,2.5232917,36.7506769
node/11255050855,11255050855,node,Kenya,generator,Capacity regex no match,850 kW,Tag 'generator:output:electricity' has value '850 kW' which could not be parsed,2026-07-01 01:12:19.167741,https://www.openstreetmap.org/node/11255050855,2.524013,36.7508657
node/11255039226,11255039226,node,Kenya,generator,Capacity regex no match,850 kW,Tag 'generator:output:electricity' has value '850 kW' which could not be parsed,2026-07-01 01:12:19.167762,https://www.openstreetmap.org/node/11255039226,2.5330661,36.75207
node/11255039225,11255039225,node,Kenya,generator,Capacity regex no match,850 kW,Tag 'generator:output:electricity' has value '850 kW' which could not be parsed,2026-07-01 01:12:19.167781,https://www.openstreetmap.org/node/11255039225,2.5323106,36.7520131
node/11255039224,11255039224,node,Kenya,generator,Capacity regex no match,850 kW,Tag 'generator:output:electricity' has value '850 kW' which could not be parsed,2026-07-01 01:12:19.167798,https://www.openstreetmap.org/node/11255039224,2.5315417,36.7519318
node/11255039223,11255039223,node,Kenya,generator,Capacity regex no match,850 kW,Tag 'generator:output:electricity' has value '850 kW' which could not be parsed,2026-07-01 01:12:19.167814,https://www.openstreetmap.org/node/11255039223,2.5307537,36.7518559
node/11255039222,11255039222,node,Kenya,generator,Capacity regex no match,850 kW,Tag 'generator:output:electricity' has value '850 kW' which could not be parsed,2026-07-01 01:12:19.167831,https://www.openstreetmap.org/node/11255039222,2.5299847,36.7518071
node/11255039221,11255039221,node,Kenya,generator,Capacity regex no match,850 kW,Tag 'generator:output:electricity' has value '850 kW' which could not be parsed,2026-07-01 01:12:19.167847,https://www.openstreetmap.org/node/11255039221,2.5290344,36.7516445
node/11255039220,11255039220,node,Kenya,generator,Capacity regex no match,850 kW,Tag 'generator:output:electricity' has value '850 kW' which could not be parsed,2026-07-01 01:12:19.167863,https://www.openstreetmap.org/node/11255039220,2.5284793,36.7516418
node/11255039219,11255039219,node,Kenya,generator,Capacity regex no match,850 kW,Tag 'generator:output:electricity' has value '850 kW' which could not be parsed,2026-07-01 01:12:19.167879,https://www.openstreetmap.org/node/11255039219,2.5277184,36.7516147
node/11255039234,11255039234,node,Kenya,generator,Capacity regex no match,850 kW,Tag 'generator:output:electricity' has value '850 kW' which could not be parsed,2026-07-01 01:12:19.167895,https://www.openstreetmap.org/node/11255039234,2.5389645,36.7502159
node/11255039235,11255039235,node,Kenya,generator,Capacity regex no match,850 kW,Tag 'generator:output:electricity' has value '850 kW' which could not be parsed,2026-07-01 01:12:19.167914,https://www.openstreetmap.org/node/11255039235,2.5382836,36.7499874
node/11255039236,11255039236,node,Kenya,generator,Capacity regex no match,850 kW,Tag 'generator:output:electricity' has value '850 kW' which could not be parsed,2026-07-01 01:12:19.167930,https://www.openstreetmap.org/node/11255039236,2.5375986,36.7498004
node/11255050837,11255050837,node,Kenya,generator,Capacity regex no match,850 kW,Tag 'generator:output:electricity' has value '850 kW' which could not be parsed,2026-07-01 01:12:19.167946,https://www.openstreetmap.org/node/11255050837,2.5369243,36.7496161
node/11255050838,11255050838,node,Kenya,generator,Capacity regex no match,850 kW,Tag 'generator:output:electricity' has value '850 kW' which could not be parsed,2026-07-01 01:12:19.167962,https://www.openstreetmap.org/node/11255050838,2.5362583,36.7493721
node/11255050839,11255050839,node,Kenya,generator,Capacity regex no match,850 kW,Tag 'generator:output:electricity' has value '850 kW' which could not be parsed,2026-07-01 01:12:19.167978,https://www.openstreetmap.org/node/11255050839,2.5355489,36.7491309
node/11255050931,11255050931,node,Kenya,generator,Capacity regex no match,850 kW,Tag 'generator:output:electricity' has value '850 kW' which could not be parsed,2026-07-01 01:12:19.167999,https://www.openstreetmap.org/node/11255050931,2.5470171,36.7607927
node/5432935424,5432935424,node,Kenya,generator,Capacity regex no match,850 kW,Tag 'generator:output:electricity' has value '850 kW' which could not be parsed,2026-07-01 01:12:19.168017,https://www.openstreetmap.org/node/5432935424,2.5411818,36.7608011
node/5432934320,5432934320,node,Kenya,generator,Capacity regex no match,850 kW,Tag 'generator:output:electricity' has value '850 kW' which could not be parsed,2026-07-01 01:12:19.168035,https://www.openstreetmap.org/node/5432934320,2.5454048,36.7608359
node/5432935423,5432935423,node,Kenya,generator,Capacity regex no match,850 kW,Tag 'generator:output:electricity' has value '850 kW' which could not be parsed,2026-07-01 01:12:19.168057,https://www.openstreetmap.org/node/5432935423,2.5420446,36.7608393
node/5432934319,5432934319,node,Kenya,generator,Capacity regex no match,850 kW,Tag 'generator:output:electricity' has value '850 kW' which could not be parsed,2026-07-01 01:12:19.168074,https://www.openstreetmap.org/node/5432934319,2.546281,36.7608413
node/5432935421,5432935421,node,Kenya,generator,Capacity regex no match,850 kW,Tag 'generator:output:electricity' has value '850 kW' which could not be parsed,2026-07-01 01:12:19.168092,https://www.openstreetmap.org/node/5432935421,2.54455,36.7608467
node/5432935422,5432935422,node,Kenya,generator,Capacity regex no match,850 kW,Tag 'generator:output:electricity' has value '850 kW' which could not be parsed,2026-07-01 01:12:19.168109,https://www.openstreetmap.org/node/5432935422,2.5428699,36.7608681
node/11255050932,11255050932,node,Kenya,generator,Capacity regex no match,850 kW,Tag 'generator:output:electricity' has value '850 kW' which could not be parsed,2026-07-01 01:12:19.168125,https://www.openstreetmap.org/node/11255050932,2.5478227,36.76083
node/11255050936,11255050936,node,Kenya,generator,Capacity regex no match,850 kW,Tag 'generator:output:electricity' has value '850 kW' which could not be parsed,2026-07-01 01:12:19.168144,https://www.openstreetmap.org/node/11255050936,2.5536029,36.7610786
node/11255050937,11255050937,node,Kenya,generator,Capacity regex no match,850 kW,Tag 'generator:output:electricity' has value '850 kW' which could not be parsed,2026-07-01 01:12:19.168195,https://www.openstreetmap.org/node/11255050937,2.5529051,36.7608875
node/11255050935,11255050935,node,Kenya,generator,Capacity regex no match,850 kW,Tag 'generator:output:electricity' has value '850 kW' which could not be parsed,2026-07-01 01:12:19.168216,https://www.openstreetmap.org/node/11255050935,2.5512315,36.7608363
node/11255050934,11255050934,node,Kenya,generator,Capacity regex no match,850 kW,Tag 'generator:output:electricity' has value '850 kW' which could not be parsed,2026-07-01 01:12:19.168233,https://www.openstreetmap.org/node/11255050934,2.5503793,36.760802
node/11255050933,11255050933,node,Kenya,generator,Capacity regex no match,850 kW,Tag 'generator:output:electricity' has value '850 kW' which could not be parsed,2026-07-01 01:12:19.168250,https://www.openstreetmap.org/node/11255050933,2.549524,36.7608363
node/13058402148,13058402148,node,Kenya,generator,Capacity regex no match,850 kW,Tag 'generator:output:electricity' has value '850 kW' which could not be parsed,2026-07-01 01:12:19.168267,https://www.openstreetmap.org/node/13058402148,2.5520467,36.7608569
node/11255050938,11255050938,node,Kenya,generator,Capacity regex no match,850 kW,Tag 'generator:output:electricity' has value '850 kW' which could not be parsed,2026-07-01 01:12:19.168284,https://www.openstreetmap.org/node/11255050938,2.5549488,36.7634853
node/11255050939,11255050939,node,Kenya,generator,Capacity regex no match,850 kW,Tag 'generator:output:electricity' has value '850 kW' which could not be parsed,2026-07-01 01:12:19.168301,https://www.openstreetmap.org/node/11255050939,2.5557879,36.7634452
node/11255050940,11255050940,node,Kenya,generator,Capacity regex no match,850 kW,Tag 'generator:output:electricity' has value '850 kW' which could not be parsed,2026-07-01 01:12:19.168317,https://www.openstreetmap.org/node/11255050940,2.55666,36.7634924
node/11255050941,11255050941,node,Kenya,generator,Capacity regex no match,850 kW,Tag 'generator:output:electricity' has value '850 kW' which could not be parsed,2026-07-01 01:12:19.168334,https://www.openstreetmap.org/node/11255050941,2.5574662,36.7634924
node/11255050942,11255050942,node,Kenya,generator,Capacity regex no match,850 kW,Tag 'generator:output:electricity' has value '850 kW' which could not be parsed,2026-07-01 01:12:19.168350,https://www.openstreetmap.org/node/11255050942,2.5583359,36.7634593
node/11255050930,11255050930,node,Kenya,generator,Capacity regex no match,850 kW,Tag 'generator:output:electricity' has value '850 kW' which could not be parsed,2026-07-01 01:12:19.168366,https://www.openstreetmap.org/node/11255050930,2.5597345,36.7696574
node/11255050929,11255050929,node,Kenya,generator,Capacity regex no match,850 kW,Tag 'generator:output:electricity' has value '850 kW' which could not be parsed,2026-07-01 01:12:19.168382,https://www.openstreetmap.org/node/11255050929,2.5604312,36.7698815
node/11255050928,11255050928,node,Kenya,generator,Capacity regex no match,850 kW,Tag 'generator:output:electricity' has value '850 kW' which could not be parsed,2026-07-01 01:12:19.168398,https://www.openstreetmap.org/node/11255050928,2.5610937,36.7700901
node/11255050927,11255050927,node,Kenya,generator,Capacity regex no match,850 kW,Tag 'generator:output:electricity' has value '850 kW' which could not be parsed,2026-07-01 01:12:19.168413,https://www.openstreetmap.org/node/11255050927,2.5617344,36.7702987
node/11255050926,11255050926,node,Kenya,generator,Capacity regex no match,850 kW,Tag 'generator:output:electricity' has value '850 kW' which could not be parsed,2026-07-01 01:12:19.168429,https://www.openstreetmap.org/node/11255050926,2.5622724,36.77047
node/11255050925,11255050925,node,Kenya,generator,Capacity regex no match,850 kW,Tag 'generator:output:electricity' has value '850 kW' which could not be parsed,2026-07-01 01:12:19.168445,https://www.openstreetmap.org/node/11255050925,2.5631402,36.770747
node/11255050924,11255050924,node,Kenya,generator,Capacity regex no match,850 kW,Tag 'generator:output:electricity' has value '850 kW' which could not be parsed,2026-07-01 01:12:19.168465,https://www.openstreetmap.org/node/11255050924,2.5638182,36.7709961
node/11255050923,11255050923,node,Kenya,generator,Capacity regex no match,850 kW,Tag 'generator:output:electricity' has value '850 kW' which could not be parsed,2026-07-01 01:12:19.168482,https://www.openstreetmap.org/node/11255050923,2.564518,36.7711705
node/11255050922,11255050922,node,Kenya,generator,Capacity regex no match,850 kW,Tag 'generator:output:electricity' has value '850 kW' which could not be parsed,2026-07-01 01:12:19.168498,https://www.openstreetmap.org/node/11255050922,2.5651898,36.7713635
node/11255050921,11255050921,node,Kenya,generator,Capacity regex no match,850 kW,Tag 'generator:output:electricity' has value '850 kW' which could not be parsed,2026-07-01 01:12:19.168513,https://www.openstreetmap.org/node/11255050921,2.5658647,36.7715845
node/11255050920,11255050920,node,Kenya,generator,Capacity regex no match,850 kW,Tag 'generator:output:electricity' has value '850 kW' which could not be parsed,2026-07-01 01:12:19.168529,https://www.openstreetmap.org/node/11255050920,2.5665521,36.77179
node/11255050919,11255050919,node,Kenya,generator,Capacity regex no match,850 kW,Tag 'generator:output:electricity' has value '850 kW' which could not be parsed,2026-07-01 01:12:19.168545,https://www.openstreetmap.org/node/11255050919,2.5672239,36.7720142
node/11255050918,11255050918,node,Kenya,generator,Capacity regex no match,850 kW,Tag 'generator:output:electricity' has value '850 kW' which could not be parsed,2026-07-01 01:12:19.168561,https://www.openstreetmap.org/node/11255050918,2.5679299,36.7722072
node/11255050917,11255050917,node,Kenya,generator,Capacity regex no match,850 kW,Tag 'generator:output:electricity' has value '850 kW' which could not be parsed,2026-07-01 01:12:19.168576,https://www.openstreetmap.org/node/11255050917,2.5686204,36.7724251
node/11255050916,11255050916,node,Kenya,generator,Capacity regex no match,850 kW,Tag 'generator:output:electricity' has value '850 kW' which could not be parsed,2026-07-01 01:12:19.168592,https://www.openstreetmap.org/node/11255050916,2.5692984,36.7725964
node/11255050915,11255050915,node,Kenya,generator,Capacity regex no match,850 kW,Tag 'generator:output:electricity' has value '850 kW' which could not be parsed,2026-07-01 01:12:19.168608,https://www.openstreetmap.org/node/11255050915,2.569964,36.77278
node/11255050914,11255050914,node,Kenya,generator,Capacity regex no match,850 kW,Tag 'generator:output:electricity' has value '850 kW' which could not be parsed,2026-07-01 01:12:19.168624,https://www.openstreetmap.org/node/11255050914,2.5706513,36.772998
node/11255050913,11255050913,node,Kenya,generator,Capacity regex no match,850 kW,Tag 'generator:output:electricity' has value '850 kW' which could not be parsed,2026-07-01 01:12:19.168640,https://www.openstreetmap.org/node/11255050913,2.5713356,36.7732657
node/11255050912,11255050912,node,Kenya,generator,Capacity regex no match,850 kW,Tag 'generator:output:electricity' has value '850 kW' which could not be parsed,2026-07-01 01:12:19.168655,https://www.openstreetmap.org/node/11255050912,2.5720043,36.7735148
node/11255050911,11255050911,node,Kenya,generator,Capacity regex no match,850 kW,Tag 'generator:output:electricity' has value '850 kW' which could not be parsed,2026-07-01 01:12:19.168671,https://www.openstreetmap.org/node/11255050911,2.5726512,36.7737763
node/11255050910,11255050910,node,Kenya,generator,Capacity regex no match,850 kW,Tag 'generator:output:electricity' has value '850 kW' which could not be parsed,2026-07-01 01:12:19.168702,https://www.openstreetmap.org/node/11255050910,2.5738268,36.7735895
node/11255050909,11255050909,node,Kenya,generator,Capacity regex no match,850 kW,Tag 'generator:output:electricity' has value '850 kW' which could not be parsed,2026-07-01 01:12:19.168723,https://www.openstreetmap.org/node/11255050909,2.5748408,36.7736518
node/11255050943,11255050943,node,Kenya,generator,Capacity regex no match,850 kW,Tag 'generator:output:electricity' has value '850 kW' which could not be parsed,2026-07-01 01:12:19.168744,https://www.openstreetmap.org/node/11255050943,2.5671725,36.7571386
node/11255050944,11255050944,node,Kenya,generator,Capacity regex no match,850 kW,Tag 'generator:output:electricity' has value '850 kW' which could not be parsed,2026-07-01 01:12:19.168761,https://www.openstreetmap.org/node/11255050944,2.5678467,36.757304
node/11255050945,11255050945,node,Kenya,generator,Capacity regex no match,850 kW,Tag 'generator:output:electricity' has value '850 kW' which could not be parsed,2026-07-01 01:12:19.168777,https://www.openstreetmap.org/node/11255050945,2.5685453,36.7575099
node/11255050946,11255050946,node,Kenya,generator,Capacity regex no match,850 kW,Tag 'generator:output:electricity' has value '850 kW' which could not be parsed,2026-07-01 01:12:19.168795,https://www.openstreetmap.org/node/11255050946,2.5692303,36.7576997
node/11255050947,11255050947,node,Kenya,generator,Capacity regex no match,850 kW,Tag 'generator:output:electricity' has value '850 kW' which could not be parsed,2026-07-01 01:12:19.168812,https://www.openstreetmap.org/node/11255050947,2.5726879,36.75867
node/11255050948,11255050948,node,Kenya,generator,Capacity regex no match,850 kW,Tag 'generator:output:electricity' has value '850 kW' which could not be parsed,2026-07-01 01:12:19.168829,https://www.openstreetmap.org/node/11255050948,2.5733566,36.758857
node/11255050949,11255050949,node,Kenya,generator,Capacity regex no match,850 kW,Tag 'generator:output:electricity' has value '850 kW' which could not be parsed,2026-07-01 01:12:19.168845,https://www.openstreetmap.org/node/11255050949,2.5740606,36.7590602
node/11255050950,11255050950,node,Kenya,generator,Capacity regex no match,850 kW,Tag 'generator:output:electricity' has value '850 kW' which could not be parsed,2026-07-01 01:12:19.168861,https://www.openstreetmap.org/node/11255050950,2.5747402,36.7592202
node/11255050951,11255050951,node,Kenya,generator,Capacity regex no match,850 kW,Tag 'generator:output:electricity' has value '850 kW' which could not be parsed,2026-07-01 01:12:19.168877,https://www.openstreetmap.org/node/11255050951,2.5754442,36.759456
node/11255050952,11255050952,node,Kenya,generator,Capacity regex no match,850 kW,Tag 'generator:output:electricity' has value '850 kW' which could not be parsed,2026-07-01 01:12:19.168893,https://www.openstreetmap.org/node/11255050952,2.5761373,36.7596457
node/11255050953,11255050953,node,Kenya,generator,Capacity regex no match,850 kW,Tag 'generator:output:electricity' has value '850 kW' which could not be parsed,2026-07-01 01:12:19.168911,https://www.openstreetmap.org/node/11255050953,2.5768386,36.7598246
node/11255050954,11255050954,node,Kenya,generator,Capacity regex no match,850 kW,Tag 'generator:output:electricity' has value '850 kW' which could not be parsed,2026-07-01 01:12:19.168927,https://www.openstreetmap.org/node/11255050954,2.577529,36.7600089
node/11255050955,11255050955,node,Kenya,generator,Capacity regex no match,850 kW,Tag 'generator:output:electricity' has value '850 kW' which could not be parsed,2026-07-01 01:12:19.168943,https://www.openstreetmap.org/node/11255050955,2.578214,36.7602203
node/11255050956,11255050956,node,Kenya,generator,Capacity regex no match,850 kW,Tag 'generator:output:electricity' has value '850 kW' which could not be parsed,2026-07-01 01:12:19.168958,https://www.openstreetmap.org/node/11255050956,2.5788882,36.7604127
node/11255050957,11255050957,node,Kenya,generator,Capacity regex no match,850 kW,Tag 'generator:output:electricity' has value '850 kW' which could not be parsed,2026-07-01 01:12:19.168974,https://www.openstreetmap.org/node/11255050957,2.5795813,36.7605889
node/11255050958,11255050958,node,Kenya,generator,Capacity regex no match,850 kW,Tag 'generator:output:electricity' has value '850 kW' which could not be parsed,2026-07-01 01:12:19.168990,https://www.openstreetmap.org/node/11255050958,2.5802691,36.7607894
node/11255050959,11255050959,node,Kenya,generator,Capacity regex no match,850 kW,Tag 'generator:output:electricity' has value '850 kW' which could not be parsed,2026-07-01 01:12:19.169011,https://www.openstreetmap.org/node/11255050959,2.5809649,36.760971
way/623440570,623440570,way,Kenya,plant,Missing output tag,none,"tags: {'addr:city': 'Marsabit', 'addr:street': 'Marsabit-Moyale road', 'landuse': 'industrial', 'name': 'Marsabit', 'plant:source': 'diesel', 'power': 'plant'}",2026-07-01 01:12:19.178409,https://www.openstreetmap.org/way/623440570,2.332006253037704,37.98590699489709
way/753235590,753235590,way,Kenya,plant,Missing output tag,none,"tags: {'plant:source': 'solar', 'power': 'plant'}",2026-07-01 01:12:19.179843,https://www.openstreetmap.org/way/753235590,-0.8670784798410484,36.27164981913711
way/808553626,808553626,way,Kenya,plant,Capacity placeholder value,yes,Tag 'plant:output:electricity' contains placeholder value 'yes' instead of actual capacity,2026-07-01 01:12:19.180019,https://www.openstreetmap.org/way/808553626,-1.349003750832788,36.702243355812946
way/1204267825,1204267825,way,Kenya,plant,Missing output tag,none,"tags: {'plant:source': 'solar', 'power': 'plant'}",2026-07-01 01:12:19.184402,https://www.openstreetmap.org/way/1204267825,3.740312762932108,34.81367556646913
way/1335970357,1335970357,way,Kenya,plant,Missing source tag,none,"tags: {'landuse': 'industrial', 'power': 'plant'}",2026-07-01 01:12:19.187514,https://www.openstreetmap.org/way/1335970357,-0.40728021635044004,36.99396392995988
way/1369665610,1369665610,way,Kenya,plant,Missing output tag,none,"tags: {'plant:source': 'solar', 'power': 'plant'}",2026-07-01 01:12:19.187709,https://www.openstreetmap.org/way/1369665610,2.820482253473167,40.92171645080307
way/1369683259,1369683259,way,Kenya,plant,Missing output tag,none,"tags: {'plant:source': 'solar', 'power': 'plant'}",2026-07-01 01:12:19.187894,https://www.openstreetmap.org/way/1369683259,3.5507409652571957,40.87412312141994
way/1395060855,1395060855,way,Kenya,plant,Missing output tag,none,"tags: {'plant:source': 'solar', 'power': 'plant'}",2026-07-01 01:12:19.188069,https://www.openstreetmap.org/way/1395060855,0.25459166779319925,35.08194441998704
way/1395060856,1395060856,way,Kenya,plant,Missing output tag,none,"tags: {'plant:source': 'solar', 'power': 'plant'}",2026-07-01 01:12:19.188292,https://www.openstreetmap.org/way/1395060856,0.25818603312196714,35.08304050782815
way/1395074730,1395074730,way,Kenya,plant,Missing output tag,none,"tags: {'plant:source': 'solar', 'power': 'plant'}",2026-07-01 01:12:19.188470,https://www.openstreetmap.org/way/1395074730,-1.13981824491758,36.922769085650614
way/1395074731,1395074731,way,Kenya,plant,Missing output tag,none,"tags: {'plant:source': 'solar', 'power': 'plant'}",2026-07-01 01:12:19.188712,https://www.openstreetmap.org/way/1395074731,-1.1391474710637897,36.92289905546568
way/1409736972,1409736972,way,Kenya,plant,Capacity placeholder value,yes,Tag 'plant:output:electricity' contains placeholder value 'yes' instead of actual capacity,2026-07-01 01:12:19.189003,https://www.openstreetmap.org/way/1409736972,-3.9241508659314612,39.52996790949104
way/1422787168,1422787168,way,Kenya,plant,Missing output tag,none,"tags: {'plant:source': 'solar', 'power': 'plant'}",2026-07-01 01:12:19.189305,https://www.openstreetmap.org/way/1422787168,0.06817623435246623,35.74590536120089
way/1424432979,1424432979,way,Kenya,plant,Missing output tag,none,"tags: {'plant:source': 'solar', 'power': 'plant'}",2026-07-01 01:12:19.189482,https://www.openstreetmap.org/way/1424432979,-0.1966314693427364,36.83087560824961
way/1424433491,1424433491,way,Kenya,plant,Missing output tag,none,"tags: {'plant:source': 'solar', 'power': 'plant'}",2026-07-01 01:12:19.189656,https://www.openstreetmap.org/way/1424433491,-3.9124059463098018,39.768208187213226
way/1424433639,1424433639,way,Kenya,plant,Missing output tag,none,"tags: {'plant:source': 'solar', 'power': 'plant'}",2026-07-01 01:12:19.189861,https://www.openstreetmap.org/way/1424433639,-0.5439098650194722,35.048269439680695
way/1424434508,1424434508,way,Kenya,plant,Missing output tag,none,"tags: {'plant:source': 'solar', 'power': 'plant'}",2026-07-01 01:12:19.190125,https://www.openstreetmap.org/way/1424434508,-3.989265123074672,39.72832136088635
way/1424434509,1424434509,way,Kenya,plant,Missing output tag,none,"tags: {'plant:source': 'solar', 'power': 'plant'}",2026-07-01 01:12:19.190309,https://www.openstreetmap.org/way/1424434509,-3.9824476513152502,39.72923873343834
way/1424434522,1424434522,way,Kenya,plant,Missing output tag,none,"tags: {'plant:source': 'solar', 'power': 'plant'}",2026-07-01 01:12:19.190482,https://www.openstreetmap.org/way/1424434522,-3.9262599883633573,39.75678586498411
way/1424434537,1424434537,way,Kenya,plant,Missing output tag,none,"tags: {'plant:source': 'solar', 'power': 'plant'}",2026-07-01 01:12:19.190723,https://www.openstreetmap.org/way/1424434537,-4.021923147671412,39.71877543665523
way/1424434698,1424434698,way,Kenya,plant,Missing output tag,none,"tags: {'plant:source': 'solar', 'power': 'plant'}",2026-07-01 01:12:19.190916,https://www.openstreetmap.org/way/1424434698,0.15502747655055063,34.92804333050099
way/1424434858,1424434858,way,Kenya,plant,Missing output tag,none,"tags: {'plant:source': 'solar', 'power': 'plant'}",2026-07-01 01:12:19.191136,https://www.openstreetmap.org/way/1424434858,-3.9189053057893166,39.581093844371914
way/1424434944,1424434944,way,Kenya,plant,Capacity placeholder value,yes,Tag 'plant:output:electricity' contains placeholder value 'yes' instead of actual capacity,2026-07-01 01:12:19.191360,https://www.openstreetmap.org/way/1424434944,-0.6653208715877035,36.40126355877698
way/1424444955,1424444955,way,Kenya,plant,Missing output tag,none,"tags: {'plant:source': 'solar', 'power': 'plant'}",2026-07-01 01:12:19.191523,https://www.openstreetmap.org/way/1424444955,-1.1149353000090072,36.9092155608735
way/1424445067,1424445067,way,Kenya,plant,Capacity placeholder value,yes,Tag 'plant:output:electricity' contains placeholder value 'yes' instead of actual capacity,2026-07-01 01:12:19.191718,https://www.openstreetmap.org/way/1424445067,-0.4335199442577329,35.26433936046643
way/1424445339,1424445339,way,Kenya,plant,Missing output tag,none,"tags: {'plant:source': 'solar', 'power': 'plant'}",2026-07-01 01:12:19.191922,https://www.openstreetmap.org/way/1424445339,-3.0355903175975425,40.139057069677676
way/1424445691,1424445691,way,Kenya,plant,Missing output tag,none,"tags: {'plant:source': 'solar', 'power': 'plant'}",2026-07-01 01:12:19.192381,https://www.openstreetmap.org/way/1424445691,-0.23196322079225426,35.879219197309645
way/1426603147,1426603147,way,Kenya,plant,Capacity placeholder value,yes,Tag 'plant:output:electricity' contains placeholder value 'yes' instead of actual capacity,2026-07-01 01:12:19.192644,https://www.openstreetmap.org/way/1426603147,-0.48240280993884027,35.22353263350587
way/1426610903,1426610903,way,Kenya,plant,Missing output tag,none,"tags: {'plant:source': 'solar', 'power': 'plant'}",2026-07-01 01:12:19.192852,https://www.openstreetmap.org/way/1426610903,2.8213909378123927,40.922121675412946
way/1426610905,1426610905,way,Kenya,plant,Capacity placeholder value,yes,Tag 'plant:output:electricity' contains placeholder value 'yes' instead of actual capacity,2026-07-01 01:12:19.193032,https://www.openstreetmap.org/way/1426610905,-0.3745952090485137,35.322889512408715
way/1431984217,1431984217,way,Kenya,plant,Capacity regex no match,322kW,Tag 'plant:output:electricity' has value '322kW' which could not be parsed,2026-07-01 01:12:19.193201,https://www.openstreetmap.org/way/1431984217,-2.9059440467612525,38.06242020874949
way/1473012259,1473012259,way,Kenya,plant,Missing output tag,none,"tags: {'plant:source': 'solar', 'power': 'plant'}",2026-07-01 01:12:19.193377,https://www.openstreetmap.org/way/1473012259,3.838353746586825,39.869771571223524
way/1497614688,1497614688,way,Kenya,plant,Capacity regex no match,69 kW,Tag 'plant:output:electricity' has value '69 kW' which could not be parsed,2026-07-01 01:12:19.193553,https://www.openstreetmap.org/way/1497614688,-0.6573770499999999,36.47256660000001
node/5842066855,5842066855,node,Mauritius,generator,Capacity regex no match,850 kW,Tag 'generator:output:electricity' has value '850 kW' which could not be parsed,2026-07-01 01:19:36.461886,https://www.openstreetmap.org/node/5842066855,-20.1359911,57.7269115
node/5842066854,5842066854,node,Mauritius,generator,Capacity regex no match,850 kW,Tag 'generator:output:electricity' has value '850 kW' which could not be parsed,2026-07-01 01:19:36.461915,https://www.openstreetmap.org/node/5842066854,-20.1353288,57.7275458
node/5842066853,5842066853,node,Mauritius,generator,Capacity regex no match,850 kW,Tag 'generator:output:electricity' has value '850 kW' which could not be parsed,2026-07-01 01:19:36.461936,https://www.openstreetmap.org/node/5842066853,-20.1344612,57.7283518
node/5842066852,5842066852,node,Mauritius,generator,Capacity regex no match,850 kW,Tag 'generator:output:electricity' has value '850 kW' which could not be parsed,2026-07-01 01:19:36.461956,https://www.openstreetmap.org/node/5842066852,-20.1337511,57.7290089
node/5842066851,5842066851,node,Mauritius,generator,Capacity regex no match,850 kW,Tag 'generator:output:electricity' has value '850 kW' which could not be parsed,2026-07-01 01:19:36.461975,https://www.openstreetmap.org/node/5842066851,-20.1330611,57.7296795
node/5842066850,5842066850,node,Mauritius,generator,Capacity regex no match,850 kW,Tag 'generator:output:electricity' has value '850 kW' which could not be parsed,2026-07-01 01:19:36.461994,https://www.openstreetmap.org/node/5842066850,-20.1323559,57.7303286
node/5842066849,5842066849,node,Mauritius,generator,Capacity regex no match,850 kW,Tag 'generator:output:electricity' has value '850 kW' which could not be parsed,2026-07-01 01:19:36.462012,https://www.openstreetmap.org/node/5842066849,-20.1316571,57.7309978
node/5842066848,5842066848,node,Mauritius,generator,Capacity regex no match,850 kW,Tag 'generator:output:electricity' has value '850 kW' which could not be parsed,2026-07-01 01:19:36.462031,https://www.openstreetmap.org/node/5842066848,-20.130962,57.731659
node/5842066847,5842066847,node,Mauritius,generator,Capacity regex no match,850 kW,Tag 'generator:output:electricity' has value '850 kW' which could not be parsed,2026-07-01 01:19:36.462049,https://www.openstreetmap.org/node/5842066847,-20.1302544,57.7323161
node/5842066846,5842066846,node,Mauritius,generator,Capacity regex no match,850 kW,Tag 'generator:output:electricity' has value '850 kW' which could not be parsed,2026-07-01 01:19:36.462068,https://www.openstreetmap.org/node/5842066846,-20.1295203,57.7328619
node/5842066856,5842066856,node,Mauritius,generator,Capacity regex no match,850 kW,Tag 'generator:output:electricity' has value '850 kW' which could not be parsed,2026-07-01 01:19:36.462088,https://www.openstreetmap.org/node/5842066856,-20.1366572,57.7262798
node/6802555683,6802555683,node,Mauritius,generator,Capacity regex no match,275 kW,Tag 'generator:output:electricity' has value '275 kW' which could not be parsed,2026-07-01 01:19:36.462825,https://www.openstreetmap.org/node/6802555683,-19.6837429,63.480282
node/6802555682,6802555682,node,Mauritius,generator,Capacity regex no match,275 kW,Tag 'generator:output:electricity' has value '275 kW' which could not be parsed,2026-07-01 01:19:36.462851,https://www.openstreetmap.org/node/6802555682,-19.6844512,63.4800481
node/6802555681,6802555681,node,Mauritius,generator,Capacity regex no match,275 kW,Tag 'generator:output:electricity' has value '275 kW' which could not be parsed,2026-07-01 01:19:36.462872,https://www.openstreetmap.org/node/6802555681,-19.6852721,63.4799883
node/6802555680,6802555680,node,Mauritius,generator,Capacity regex no match,275 kW,Tag 'generator:output:electricity' has value '275 kW' which could not be parsed,2026-07-01 01:19:36.462890,https://www.openstreetmap.org/node/6802555680,-19.6830611,63.4805716
way/413978454,413978454,way,Mauritius,plant,Capacity placeholder value,yes,Tag 'plant:output:electricity' contains placeholder value 'yes' instead of actual capacity,2026-07-01 01:19:36.465360,https://www.openstreetmap.org/way/413978454,-20.473804314836087,57.62867905499971
way/674565864,674565864,way,Mauritius,plant,Capacity placeholder value,yes,Tag 'plant:output:electricity' contains placeholder value 'yes' instead of actual capacity,2026-07-01 01:19:36.465553,https://www.openstreetmap.org/way/674565864,-20.034911686621147,57.558277580682386
way/884709672,884709672,way,Mauritius,plant,Capacity placeholder value,yes,Tag 'plant:output:electricity' contains placeholder value 'yes' instead of actual capacity,2026-07-01 01:19:36.465791,https://www.openstreetmap.org/way/884709672,-20.18525341247332,57.45049736039095
way/1174290502,1174290502,way,Mauritius,plant,Capacity placeholder value,yes,Tag 'plant:output:electricity' contains placeholder value 'yes' instead of actual capacity,2026-07-01 01:19:36.469461,https://www.openstreetmap.org/way/1174290502,-20.078668016225606,57.534608558903265
way/1174290503,1174290503,way,Mauritius,plant,Capacity placeholder value,yes,Tag 'plant:output:electricity' contains placeholder value 'yes' instead of actual capacity,2026-07-01 01:19:36.469627,https://www.openstreetmap.org/way/1174290503,-20.0769140983,57.537629796002975
way/1174290505,1174290505,way,Mauritius,plant,Capacity placeholder value,yes,Tag 'plant:output:electricity' contains placeholder value 'yes' instead of actual capacity,2026-07-01 01:19:36.469820,https://www.openstreetmap.org/way/1174290505,-20.073028574416412,57.53868608031108
way/1215227993,1215227993,way,Mauritius,plant,Missing source tag,none,"tags: {'landuse': 'industrial', 'name': 'St Paul Admirality Sub-Station', 'operator': 'éléctricité', 'power': 'plant'}",2026-07-01 01:19:36.469978,https://www.openstreetmap.org/way/1215227993,-20.29543282804213,57.49936211971991
way/1238899907,1238899907,way,Mauritius,plant,Capacity placeholder value,yes,Tag 'plant:output:electricity' contains placeholder value 'yes' instead of actual capacity,2026-07-01 01:19:36.470176,https://www.openstreetmap.org/way/1238899907,-20.06664950233951,57.597705239233505
way/1293647140,1293647140,way,Mauritius,plant,Capacity placeholder value,yes,Tag 'plant:output:electricity' contains placeholder value 'yes' instead of actual capacity,2026-07-01 01:19:36.470360,https://www.openstreetmap.org/way/1293647140,-20.085828457915078,57.58488110635095
way/1337696955,1337696955,way,Mauritius,plant,Capacity placeholder value,yes,Tag 'plant:output:electricity' contains placeholder value 'yes' instead of actual capacity,2026-07-01 01:19:36.470533,https://www.openstreetmap.org/way/1337696955,-20.261250134559802,57.77097242153677
way/1337696956,1337696956,way,Mauritius,plant,Capacity placeholder value,yes,Tag 'plant:output:electricity' contains placeholder value 'yes' instead of actual capacity,2026-07-01 01:19:36.470786,https://www.openstreetmap.org/way/1337696956,-20.23151100699091,57.70395340894411
way/1337696957,1337696957,way,Mauritius,plant,Capacity placeholder value,yes,Tag 'plant:output:electricity' contains placeholder value 'yes' instead of actual capacity,2026-07-01 01:19:36.470950,https://www.openstreetmap.org/way/1337696957,-20.22945237178517,57.70063668468323
way/1337696958,1337696958,way,Mauritius,plant,Capacity placeholder value,yes,Tag 'plant:output:electricity' contains placeholder value 'yes' instead of actual capacity,2026-07-01 01:19:36.471109,https://www.openstreetmap.org/way/1337696958,-20.227124268987353,57.69873196123432
way/1337696959,1337696959,way,Mauritius,plant,Capacity placeholder value,yes,Tag 'plant:output:electricity' contains placeholder value 'yes' instead of actual capacity,2026-07-01 01:19:36.471267,https://www.openstreetmap.org/way/1337696959,-20.228301752729333,57.703259617958885
way/1347108048,1347108048,way,Mauritius,plant,Capacity placeholder value,yes,Tag 'plant:output:electricity' contains placeholder value 'yes' instead of actual capacity,2026-07-01 01:19:36.471448,https://www.openstreetmap.org/way/1347108048,-20.073596302409992,57.53732089259249
way/1347108049,1347108049,way,Mauritius,plant,Capacity placeholder value,yes,Tag 'plant:output:electricity' contains placeholder value 'yes' instead of actual capacity,2026-07-01 01:19:36.471663,https://www.openstreetmap.org/way/1347108049,-20.07467015324631,57.54022035030696
way/1375524219,1375524219,way,Mauritius,plant,Capacity placeholder value,yes,Tag 'plant:output:electricity' contains placeholder value 'yes' instead of actual capacity,2026-07-01 01:19:36.471854,https://www.openstreetmap.org/way/1375524219,-20.159654,57.49468044999999
way/1375524220,1375524220,way,Mauritius,plant,Capacity placeholder value,yes,Tag 'plant:output:electricity' contains placeholder value 'yes' instead of actual capacity,2026-07-01 01:19:36.472015,https://www.openstreetmap.org/way/1375524220,-20.15958345993779,57.49481553991536
way/1375524221,1375524221,way,Mauritius,plant,Capacity placeholder value,yes,Tag 'plant:output:electricity' contains placeholder value 'yes' instead of actual capacity,2026-07-01 01:19:36.472172,https://www.openstreetmap.org/way/1375524221,-20.15951813017757,57.494913975869075
way/1470189528,1470189528,way,Mauritius,plant,Capacity placeholder value,yes,Tag 'plant:output:electricity' contains placeholder value 'yes' instead of actual capacity,2026-07-01 01:19:36.472842,https://www.openstreetmap.org/way/1470189528,-20.355130504686315,57.46845110612901
way/1474894338,1474894338,way,Mauritius,plant,Capacity placeholder value,yes,Tag 'plant:output:electricity' contains placeholder value 'yes' instead of actual capacity,2026-07-01 01:19:36.473654,https://www.openstreetmap.org/way/1474894338,-20.35797066820859,57.47192499882532
way/1474894339,1474894339,way,Mauritius,plant,Capacity placeholder value,yes,Tag 'plant:output:electricity' contains placeholder value 'yes' instead of actual capacity,2026-07-01 01:19:36.474124,https://www.openstreetmap.org/way/1474894339,-20.359607678442927,57.47011198739807
way/326324219,326324219,way,Mozambique,plant,Missing output tag,none,"tags: {'landuse': 'industrial', 'name': 'Aggreko', 'plant:source': 'diesel', 'power': 'plant'}",2026-07-01 01:27:38.316075,https://www.openstreetmap.org/way/326324219,-14.534104806873842,40.628133368766356
way/1293802550,1293802550,way,Mozambique,plant,Capacity regex no match,200kWp,Tag 'plant:output:electricity' has value '200kWp' which could not be parsed,2026-07-01 01:27:38.323448,https://www.openstreetmap.org/way/1293802550,-11.312136792574012,39.30978220548156
way/1393750407,1393750407,way,Mozambique,plant,Missing output tag,none,"tags: {'plant:source': 'hydro', 'power': 'plant'}",2026-07-01 01:27:38.324450,https://www.openstreetmap.org/way/1393750407,-25.218725304654836,32.134259097645696
way/290863936,290863936,way,Madagascar,plant,Missing source tag,none,tags: {'power': 'plant'},2026-07-01 01:34:50.531553,https://www.openstreetmap.org/way/290863936,-16.604186454061004,44.45532709495133
way/506145670,506145670,way,Madagascar,plant,Missing output tag,none,"tags: {'associated_river': 'Vohitra', 'capacity': '0.0 (million m^3)', 'country': 'MG', 'height': '10.0', 'name': ""Barrage d'Andekaleka"", 'note': 'We are in the process of identifying emergency preparedness plans and contact information for this location. If you have this information please contact hydro@climatecentre.org', 'plant:source': 'hydro', 'power': 'plant', 'start_date': '1982', 'waterway': 'dam', 'wikidata': 'Q16247139'}",2026-07-01 01:34:50.532427,https://www.openstreetmap.org/way/506145670,-18.79402321989764,48.619102654714276
way/548119582,548119582,way,Madagascar,plant,Missing source tag,none,"tags: {'landuse': 'industrial', 'name': 'CMS Jirama', 'operator': 'JIRAMA', 'power': 'plant'}",2026-07-01 01:34:50.532815,https://www.openstreetmap.org/way/548119582,-15.724780761124304,46.316475768575984
way/722566009,722566009,way,Madagascar,plant,Missing output tag,none,"tags: {'plant:source': 'hydro', 'power': 'plant', 'waterway': 'dam', 'wikidata': 'Q16894585'}",2026-07-01 01:34:50.534863,https://www.openstreetmap.org/way/722566009,-18.92129272223422,47.92945105082446
way/818757868,818757868,way,Madagascar,plant,Capacity placeholder value,yes,Tag 'plant:output:electricity' contains placeholder value 'yes' instead of actual capacity,2026-07-01 01:34:50.535093,https://www.openstreetmap.org/way/818757868,-25.006397926699698,46.87579503768824
way/857377496,857377496,way,Madagascar,plant,Capacity placeholder value,yes,Tag 'plant:output:electricity' contains placeholder value 'yes' instead of actual capacity,2026-07-01 01:34:50.535382,https://www.openstreetmap.org/way/857377496,-18.93113128969894,47.59898556642265
way/857377497,857377497,way,Madagascar,plant,Capacity placeholder value,yes,Tag 'plant:output:electricity' contains placeholder value 'yes' instead of actual capacity,2026-07-01 01:34:50.535580,https://www.openstreetmap.org/way/857377497,-18.934893238885312,47.599758821635525
way/857377498,857377498,way,Madagascar,plant,Missing output tag,none,"tags: {'plant:method': 'combustion', 'plant:source': 'oil', 'power': 'plant'}",2026-07-01 01:34:50.535880,https://www.openstreetmap.org/way/857377498,-18.929652695128574,47.59859109767055
way/1100906539,1100906539,way,Madagascar,plant,Missing output tag,none,"tags: {'landuse': 'industrial', 'name': 'Ambatovy Nickel power station', 'plant:source': 'coal', 'power': 'plant'}",2026-07-01 01:34:50.536305,https://www.openstreetmap.org/way/1100906539,-18.197986087157087,49.35972651693548
way/1239497117,1239497117,way,Madagascar,plant,Capacity placeholder value,yes,Tag 'plant:output:electricity' contains placeholder value 'yes' instead of actual capacity,2026-07-01 01:34:50.536883,https://www.openstreetmap.org/way/1239497117,-22.8602413824145,45.78765176556236
way/1352909430,1352909430,way,Madagascar,plant,Missing output tag,none,"tags: {'name': 'Farahantsana', 'plant:source': 'hydro', 'power': 'plant', 'waterway': 'weir'}",2026-07-01 01:34:50.538332,https://www.openstreetmap.org/way/1352909430,-18.783212745631506,47.27162641079745
way/1352911376,1352911376,way,Madagascar,plant,Missing output tag,none,"tags: {'landuse': 'industrial', 'plant:method': 'run-of-the-river', 'plant:source': 'hydro', 'power': 'plant'}",2026-07-01 01:34:50.538683,https://www.openstreetmap.org/way/1352911376,-18.779752986340842,47.259202621268706
way/1380284278,1380284278,way,Madagascar,plant,Missing source tag,none,"tags: {'name': 'Centrale thermique JIRAMA', 'operator': 'Jirama', 'operator:wikidata': 'Q17092876', 'plant:method': 'combustion', 'plant:output:electricity': '9 MW', 'power': 'plant'}",2026-07-01 01:34:50.539159,https://www.openstreetmap.org/way/1380284278,-23.36409291112215,43.71583216677083
way/1424446467,1424446467,way,Madagascar,plant,Missing output tag,none,"tags: {'plant:source': 'solar', 'power': 'plant'}",2026-07-01 01:34:50.539707,https://www.openstreetmap.org/way/1424446467,-14.290369884509651,50.11826977180954
way/1424446771,1424446771,way,Madagascar,plant,Missing output tag,none,"tags: {'plant:source': 'solar', 'power': 'plant'}",2026-07-01 01:34:50.540020,https://www.openstreetmap.org/way/1424446771,-25.001313273534365,46.8039674745363
way/1424447923,1424447923,way,Madagascar,plant,Missing output tag,none,"tags: {'plant:source': 'solar', 'power': 'plant'}",2026-07-01 01:34:50.540201,https://www.openstreetmap.org/way/1424447923,-12.270614872490599,49.359449001378046
way/1424448594,1424448594,way,Madagascar,plant,Missing output tag,none,"tags: {'plant:source': 'solar', 'power': 'plant'}",2026-07-01 01:34:50.540384,https://www.openstreetmap.org/way/1424448594,-17.82813387576144,48.40234785619805
way/1424448685,1424448685,way,Madagascar,plant,Missing output tag,none,"tags: {'plant:source': 'solar', 'power': 'plant'}",2026-07-01 01:34:50.540726,https://www.openstreetmap.org/way/1424448685,-23.999938809387782,45.120885785280706
way/1424448715,1424448715,way,Madagascar,plant,Missing output tag,none,"tags: {'plant:source': 'solar', 'power': 'plant'}",2026-07-01 01:34:50.540983,https://www.openstreetmap.org/way/1424448715,-14.850971546928932,50.25345396341032
way/1451320499,1451320499,way,Madagascar,plant,Missing output tag,none,"tags: {'plant:source': 'solar', 'power': 'plant'}",2026-07-01 01:34:50.541202,https://www.openstreetmap.org/way/1451320499,-18.879294812806577,47.50984718175443
way/1454805162,1454805162,way,Madagascar,plant,Capacity placeholder value,yes,Tag 'plant:output:electricity' contains placeholder value 'yes' instead of actual capacity,2026-07-01 01:34:50.541444,https://www.openstreetmap.org/way/1454805162,-19.93994556154131,47.05444684133171
way/1494315326,1494315326,way,Madagascar,plant,Capacity placeholder value,yes,Tag 'plant:output:electricity' contains placeholder value 'yes' instead of actual capacity,2026-07-01 01:34:50.541631,https://www.openstreetmap.org/way/1494315326,-17.708715828346097,49.509945021991555
relation/12641421,12641421,relation,Somalia,plant,Missing output tag,none,"tags: {'landuse': 'industrial', 'plant:method': 'photovoltaic', 'plant:source': 'solar', 'power': 'plant', 'type': 'multipolygon'}",2026-07-01 02:05:19.097420,https://www.openstreetmap.org/relation/12641421,2.1467405396535915,45.32403033736337
relation/12699922,12699922,relation,Somalia,plant,Capacity placeholder value,yes,Tag 'plant:output:electricity' contains placeholder value 'yes' instead of actual capacity,2026-07-01 02:05:19.099248,https://www.openstreetmap.org/relation/12699922,2.1073960654711152,45.3189137196635
relation/12842337,12842337,relation,Somalia,plant,Capacity placeholder value,yes,Tag 'plant:output:electricity' contains placeholder value 'yes' instead of actual capacity,2026-07-01 02:05:19.101588,https://www.openstreetmap.org/relation/12842337,2.120503393509104,45.23538837706508
way/928881115,928881115,way,Somalia,plant,Missing source tag,none,"tags: {'landuse': 'industrial', 'name': 'Enee', 'power': 'plant'}",2026-07-01 02:05:19.102886,https://www.openstreetmap.org/way/928881115,11.28218491586266,49.175908338584975
way/955582285,955582285,way,Somalia,plant,Capacity placeholder value,yes,Tag 'plant:output:electricity' contains placeholder value 'yes' instead of actual capacity,2026-07-01 02:05:19.103104,https://www.openstreetmap.org/way/955582285,9.618088514445581,43.343638623580816
way/1099005893,1099005893,way,Somalia,plant,Missing output tag,none,"tags: {'operator': 'Genius Watter', 'plant:method': 'photovoltaic', 'plant:output:desalinated_water': 'yes', 'plant:source': 'solar', 'power': 'plant'}",2026-07-01 02:05:19.103472,https://www.openstreetmap.org/way/1099005893,8.955779765062411,46.4095043681788
way/1144299755,1144299755,way,Somalia,plant,Capacity placeholder value,yes,Tag 'plant:output:electricity' contains placeholder value 'yes' instead of actual capacity,2026-07-01 02:05:19.103796,https://www.openstreetmap.org/way/1144299755,2.119038486002428,45.29249046059914
way/1148400143,1148400143,way,Somalia,plant,Capacity placeholder value,yes,Tag 'plant:output:electricity' contains placeholder value 'yes' instead of actual capacity,2026-07-01 02:05:19.104010,https://www.openstreetmap.org/way/1148400143,11.261113364754467,49.17791867204853
way/1300096998,1300096998,way,Somalia,plant,Capacity placeholder value,yes,Tag 'plant:output:electricity' contains placeholder value 'yes' instead of actual capacity,2026-07-01 02:05:19.104198,https://www.openstreetmap.org/way/1300096998,3.1069630456510193,43.63693203229083
way/1300098357,1300098357,way,Somalia,plant,Capacity placeholder value,yes,Tag 'plant:output:electricity' contains placeholder value 'yes' instead of actual capacity,2026-07-01 02:05:19.104364,https://www.openstreetmap.org/way/1300098357,9.549019357770664,44.09209263099622
way/1300099151,1300099151,way,Somalia,plant,Capacity placeholder value,yes,Tag 'plant:output:electricity' contains placeholder value 'yes' instead of actual capacity,2026-07-01 02:05:19.104529,https://www.openstreetmap.org/way/1300099151,8.519681036396902,47.3168511613726
way/1300100251,1300100251,way,Somalia,plant,Capacity placeholder value,yes,Tag 'plant:output:electricity' contains placeholder value 'yes' instead of actual capacity,2026-07-01 02:05:19.104949,https://www.openstreetmap.org/way/1300100251,8.398759057631139,48.503484378231505
way/1300101269,1300101269,way,Somalia,plant,Capacity placeholder value,yes,Tag 'plant:output:electricity' contains placeholder value 'yes' instead of actual capacity,2026-07-01 02:05:19.105114,https://www.openstreetmap.org/way/1300101269,9.953345232110404,43.2134392734173
way/1300101287,1300101287,way,Somalia,plant,Capacity placeholder value,yes,Tag 'plant:output:electricity' contains placeholder value 'yes' instead of actual capacity,2026-07-01 02:05:19.105290,https://www.openstreetmap.org/way/1300101287,9.95238859586125,43.2164307652088
way/1300101315,1300101315,way,Somalia,plant,Capacity placeholder value,yes,Tag 'plant:output:electricity' contains placeholder value 'yes' instead of actual capacity,2026-07-01 02:05:19.105481,https://www.openstreetmap.org/way/1300101315,9.951047792942518,43.21977121344928
way/1318771262,1318771262,way,Somalia,plant,Missing output tag,none,"tags: {'name': 'FV', 'plant:source': 'solar', 'power': 'plant'}",2026-07-01 02:05:19.105675,https://www.openstreetmap.org/way/1318771262,10.713203166274424,48.32837657073041
way/1411991478,1411991478,way,Somalia,plant,Capacity placeholder value,yes,Tag 'plant:output:electricity' contains placeholder value 'yes' instead of actual capacity,2026-07-01 02:05:19.105953,https://www.openstreetmap.org/way/1411991478,9.555696204017798,45.55340085707234
way/1424433321,1424433321,way,Somalia,plant,Missing output tag,none,"tags: {'plant:source': 'solar', 'power': 'plant'}",2026-07-01 02:05:19.106164,https://www.openstreetmap.org/way/1424433321,9.576515751230572,44.01326841024894
way/1424445959,1424445959,way,Somalia,plant,Missing output tag,none,"tags: {'plant:source': 'solar', 'power': 'plant'}",2026-07-01 02:05:19.106438,https://www.openstreetmap.org/way/1424445959,9.646125370932289,44.06454613268294
way/1526338016,1526338016,way,Somalia,plant,Missing output tag,none,"tags: {'plant:source': 'solar', 'power': 'plant'}",2026-07-01 02:05:19.106739,https://www.openstreetmap.org/way/1526338016,3.0800664988710924,43.61779010151664
way/697548395,697548395,way,Rwanda,plant,Capacity regex no match,500 kW,Tag 'plant:output:electricity' has value '500 kW' which could not be parsed,2026-07-01 02:10:07.236134,https://www.openstreetmap.org/way/697548395,-2.2756601740432254,29.24295151602682
way/697631738,697631738,way,Rwanda,plant,Missing output tag,none,"tags: {'building': 'industrial', 'plant:method': 'run-of-the-river', 'plant:source': 'hydro', 'power': 'plant'}",2026-07-01 02:10:07.236563,https://www.openstreetmap.org/way/697631738,-1.7100180379251133,29.26528771357934
way/697631744,697631744,way,Rwanda,plant,Missing output tag,none,"tags: {'building': 'industrial', 'plant:method': 'run-of-the-river', 'plant:source': 'hydro', 'power': 'plant'}",2026-07-01 02:10:07.236802,https://www.openstreetmap.org/way/697631744,-1.6907202982689704,29.277530046305206
way/1084708314,1084708314,way,Rwanda,plant,Capacity placeholder value,yes,Tag 'plant:output:electricity' contains placeholder value 'yes' instead of actual capacity,2026-07-01 02:10:07.240497,https://www.openstreetmap.org/way/1084708314,-2.2756839763867225,30.261931600998352
way/1245585912,1245585912,way,Rwanda,plant,Capacity placeholder value,yes,Tag 'plant:output:electricity' contains placeholder value 'yes' instead of actual capacity,2026-07-01 02:10:07.241033,https://www.openstreetmap.org/way/1245585912,-1.5221023583070128,29.58217936348128
way/1510217826,1510217826,way,Malawi,plant,Capacity placeholder value,yes,Tag 'plant:output:electricity' contains placeholder value 'yes' instead of actual capacity,2026-07-01 02:16:56.385069,https://www.openstreetmap.org/way/1510217826,-12.53537337712313,34.12403565132357
way/1510217827,1510217827,way,Malawi,plant,Capacity placeholder value,yes,Tag 'plant:output:electricity' contains placeholder value 'yes' instead of actual capacity,2026-07-01 02:16:56.385259,https://www.openstreetmap.org/way/1510217827,-12.54357362800297,34.128990048576505
way/1516902417,1516902417,way,Malawi,plant,Capacity placeholder value,yes,Tag 'plant:output:electricity' contains placeholder value 'yes' instead of actual capacity,2026-07-01 02:16:56.385432,https://www.openstreetmap.org/way/1516902417,-13.941447033174203,33.67657806849842
way/1187864632,1187864632,way,Seychelles,plant,Capacity placeholder value,yes,Tag 'plant:output:electricity' contains placeholder value 'yes' instead of actual capacity,2026-07-01 02:23:37.565122,https://www.openstreetmap.org/way/1187864632,-5.694757597404575,53.65488384828161
way/1414102827,1414102827,way,Seychelles,plant,Capacity placeholder value,yes,Tag 'plant:output:electricity' contains placeholder value 'yes' instead of actual capacity,2026-07-01 02:23:37.565352,https://www.openstreetmap.org/way/1414102827,-4.35200627731809,55.64884589274484
way/1246280319,1246280319,way,Uganda,plant,Capacity placeholder value,yes,Tag 'plant:output:electricity' contains placeholder value 'yes' instead of actual capacity,2026-07-01 02:27:23.005094,https://www.openstreetmap.org/way/1246280319,1.367936183294037,33.95664432188261
way/1456434743,1456434743,way,Uganda,plant,Capacity placeholder value,yes,Tag 'plant:output:electricity' contains placeholder value 'yes' instead of actual capacity,2026-07-01 02:27:23.005934,https://www.openstreetmap.org/way/1456434743,0.22351193936223956,32.59939146595068
way/1456434744,1456434744,way,Uganda,plant,Capacity placeholder value,yes,Tag 'plant:output:electricity' contains placeholder value 'yes' instead of actual capacity,2026-07-01 02:27:23.006101,https://www.openstreetmap.org/way/1456434744,0.22382186931981354,32.59947002867099
node/3813814257,3813814257,node,Uganda,plant,Capacity regex no match,0.5 kW,Tag 'plant:output:electricity' has value '0.5 kW' which could not be parsed,2026-07-01 02:27:23.006216,https://www.openstreetmap.org/node/3813814257,3.67,31.781
node/9852465837,9852465837,node,Uganda,plant,Missing source tag,none,"tags: {'operator': 'Greenbacker Renewable Energy Corporation', 'power': 'plant'}",2026-07-01 02:27:23.006272,https://www.openstreetmap.org/node/9852465837,3.1264697,31.1613005
way/137312935,137312935,way,"Tanzania, United Republic of",plant,Capacity placeholder value,yes,Tag 'plant:output:electricity' contains placeholder value 'yes' instead of actual capacity,2026-07-01 02:31:14.283255,https://www.openstreetmap.org/way/137312935,-6.7937373454414995,39.2053383799415
way/201487746,201487746,way,"Tanzania, United Republic of",plant,Capacity placeholder value,yes,Tag 'plant:output:electricity' contains placeholder value 'yes' instead of actual capacity,2026-07-01 02:31:14.284257,https://www.openstreetmap.org/way/201487746,-2.2337525,34.920527650000004
way/377454464,377454464,way,"Tanzania, United Republic of",plant,Missing output tag,none,"tags: {'name': 'Kidatu Dam', 'plant:source': 'hydro', 'power': 'plant', 'waterway': 'dam', 'wikidata': 'Q3437276', 'wikipedia': 'en:Kidatu Dam'}",2026-07-01 02:31:14.286386,https://www.openstreetmap.org/way/377454464,-7.635452082250415,36.88637121837344
way/529617820,529617820,way,"Tanzania, United Republic of",plant,Capacity regex no match,150 kV,Tag 'plant:output:electricity' has value '150 kV' which could not be parsed,2026-07-01 02:31:14.287340,https://www.openstreetmap.org/way/529617820,-9.794520732942813,34.70434789837112
way/529617820,529617820,way,"Tanzania, United Republic of",plant,Unsupported capacity unit,150 kV,Tag 'plant:output:electricity' has value '150 kV' which could not be parsed,2026-07-01 02:31:14.287358,https://www.openstreetmap.org/way/529617820,-9.794520732942813,34.70434789837112
way/567815124,567815124,way,"Tanzania, United Republic of",plant,Missing output tag,none,"tags: {'building': 'yes', 'plant:source': 'hydro', 'power': 'plant'}",2026-07-01 02:31:14.289099,https://www.openstreetmap.org/way/567815124,-8.7205495,34.382146500000005
way/848568626,848568626,way,"Tanzania, United Republic of",plant,Capacity placeholder value,yes,Tag 'plant:output:electricity' contains placeholder value 'yes' instead of actual capacity,2026-07-01 02:31:14.290985,https://www.openstreetmap.org/way/848568626,-10.278894053446614,40.02753632013036
way/1082743614,1082743614,way,"Tanzania, United Republic of",plant,Missing output tag,none,"tags: {'landuse': 'industrial', 'name': 'Geita Gold Mine Power Plant', 'plant:method': 'combustion', 'plant:source': 'diesel', 'power': 'plant'}",2026-07-01 02:31:14.292848,https://www.openstreetmap.org/way/1082743614,-2.8643678552401144,32.18444306787275
way/1354198760,1354198760,way,"Tanzania, United Republic of",plant,Missing output tag,none,"tags: {'name': 'Zanzibar Collection Solar Plant', 'plant:method': 'photovoltaic', 'plant:source': 'solar', 'power': 'plant'}",2026-07-01 02:31:14.293460,https://www.openstreetmap.org/way/1354198760,-6.190774680666696,39.53165557529022
way/1442783562,1442783562,way,"Tanzania, United Republic of",plant,Capacity regex no match,674kW,Tag 'plant:output:electricity' has value '674kW' which could not be parsed,2026-07-01 02:31:14.293718,https://www.openstreetmap.org/way/1442783562,-8.369659805496433,32.958366935461086
way/1442783592,1442783592,way,"Tanzania, United Republic of",plant,Capacity placeholder value,yes,Tag 'plant:output:electricity' contains placeholder value 'yes' instead of actual capacity,2026-07-01 02:31:14.293923,https://www.openstreetmap.org/way/1442783592,-8.369168616843867,32.95782977935752
way/1442783593,1442783593,way,"Tanzania, United Republic of",plant,Capacity placeholder value,yes,Tag 'plant:output:electricity' contains placeholder value 'yes' instead of actual capacity,2026-07-01 02:31:14.294110,https://www.openstreetmap.org/way/1442783593,-8.367713509742973,32.95655775858769
way/1456461978,1456461978,way,"Tanzania, United Republic of",plant,Capacity placeholder value,yes,Tag 'plant:output:electricity' contains placeholder value 'yes' instead of actual capacity,2026-07-01 02:31:14.294273,https://www.openstreetmap.org/way/1456461978,-2.2826095688447134,34.668560306216804
way/1456461981,1456461981,way,"Tanzania, United Republic of",plant,Capacity placeholder value,yes,Tag 'plant:output:electricity' contains placeholder value 'yes' instead of actual capacity,2026-07-01 02:31:14.294435,https://www.openstreetmap.org/way/1456461981,-2.2826173076862295,34.667829726220695
way/1457073393,1457073393,way,"Tanzania, United Republic of",plant,Capacity placeholder value,yes,Tag 'plant:output:electricity' contains placeholder value 'yes' instead of actual capacity,2026-07-01 02:31:14.294599,https://www.openstreetmap.org/way/1457073393,-2.2445104948837233,34.724494519040775
way/1459254556,1459254556,way,"Tanzania, United Republic of",plant,Capacity placeholder value,yes,Tag 'plant:output:electricity' contains placeholder value 'yes' instead of actual capacity,2026-07-01 02:31:14.294788,https://www.openstreetmap.org/way/1459254556,-2.3144470748712402,34.89382821874182
way/1459254568,1459254568,way,"Tanzania, United Republic of",plant,Capacity placeholder value,yes,Tag 'plant:output:electricity' contains placeholder value 'yes' instead of actual capacity,2026-07-01 02:31:14.294953,https://www.openstreetmap.org/way/1459254568,-2.3132180041918495,34.892532375512914
way/1459471696,1459471696,way,"Tanzania, United Republic of",plant,Capacity placeholder value,yes,Tag 'plant:output:electricity' contains placeholder value 'yes' instead of actual capacity,2026-07-01 02:31:14.295123,https://www.openstreetmap.org/way/1459471696,-2.232710518507376,34.92110982030047
way/1459471697,1459471697,way,"Tanzania, United Republic of",plant,Capacity placeholder value,yes,Tag 'plant:output:electricity' contains placeholder value 'yes' instead of actual capacity,2026-07-01 02:31:14.295286,https://www.openstreetmap.org/way/1459471697,-2.232726398218004,34.92118412286156
way/1459471698,1459471698,way,"Tanzania, United Republic of",plant,Capacity placeholder value,yes,Tag 'plant:output:electricity' contains placeholder value 'yes' instead of actual capacity,2026-07-01 02:31:14.295449,https://www.openstreetmap.org/way/1459471698,-2.232741720314679,34.92125069743353
way/1459471699,1459471699,way,"Tanzania, United Republic of",plant,Capacity placeholder value,yes,Tag 'plant:output:electricity' contains placeholder value 'yes' instead of actual capacity,2026-07-01 02:31:14.295610,https://www.openstreetmap.org/way/1459471699,-2.2327553796853197,34.921322402566474
way/1459471700,1459471700,way,"Tanzania, United Republic of",plant,Capacity placeholder value,yes,Tag 'plant:output:electricity' contains placeholder value 'yes' instead of actual capacity,2026-07-01 02:31:14.295797,https://www.openstreetmap.org/way/1459471700,-2.2327758314820323,34.921394079694565
way/1459471701,1459471701,way,"Tanzania, United Republic of",plant,Capacity placeholder value,yes,Tag 'plant:output:electricity' contains placeholder value 'yes' instead of actual capacity,2026-07-01 02:31:14.295965,https://www.openstreetmap.org/way/1459471701,-2.23290035,34.92136505
way/1459471702,1459471702,way,"Tanzania, United Republic of",plant,Capacity placeholder value,yes,Tag 'plant:output:electricity' contains placeholder value 'yes' instead of actual capacity,2026-07-01 02:31:14.296130,https://www.openstreetmap.org/way/1459471702,-2.232867949999999,34.9212251
way/1459471703,1459471703,way,"Tanzania, United Republic of",plant,Capacity placeholder value,yes,Tag 'plant:output:electricity' contains placeholder value 'yes' instead of actual capacity,2026-07-01 02:31:14.296294,https://www.openstreetmap.org/way/1459471703,-2.2328526,34.92115
way/1459471704,1459471704,way,"Tanzania, United Republic of",plant,Capacity placeholder value,yes,Tag 'plant:output:electricity' contains placeholder value 'yes' instead of actual capacity,2026-07-01 02:31:14.296456,https://www.openstreetmap.org/way/1459471704,-2.232840668517968,34.921083420305436
way/1459471705,1459471705,way,"Tanzania, United Republic of",plant,Capacity placeholder value,yes,Tag 'plant:output:electricity' contains placeholder value 'yes' instead of actual capacity,2026-07-01 02:31:14.296619,https://www.openstreetmap.org/way/1459471705,-2.232994179692965,34.92106975255763
way/1459471706,1459471706,way,"Tanzania, United Republic of",plant,Capacity placeholder value,yes,Tag 'plant:output:electricity' contains placeholder value 'yes' instead of actual capacity,2026-07-01 02:31:14.296813,https://www.openstreetmap.org/way/1459471706,-2.2330146203070353,34.92113974744238
way/1459471707,1459471707,way,"Tanzania, United Republic of",plant,Capacity placeholder value,yes,Tag 'plant:output:electricity' contains placeholder value 'yes' instead of actual capacity,2026-07-01 02:31:14.296978,https://www.openstreetmap.org/way/1459471707,-2.2330282982180036,34.92120802286156
way/1459471708,1459471708,way,"Tanzania, United Republic of",plant,Capacity placeholder value,yes,Tag 'plant:output:electricity' contains placeholder value 'yes' instead of actual capacity,2026-07-01 02:31:14.297141,https://www.openstreetmap.org/way/1459471708,-2.23314255,34.921119250000004
way/1459471709,1459471709,way,"Tanzania, United Republic of",plant,Capacity placeholder value,yes,Tag 'plant:output:electricity' contains placeholder value 'yes' instead of actual capacity,2026-07-01 02:31:14.297301,https://www.openstreetmap.org/way/1459471709,-2.2331562,34.921187550000006
way/1459471710,1459471710,way,"Tanzania, United Republic of",plant,Capacity placeholder value,yes,Tag 'plant:output:electricity' contains placeholder value 'yes' instead of actual capacity,2026-07-01 02:31:14.297510,https://www.openstreetmap.org/way/1459471710,-2.233290968517967,34.92110902030544
way/1459471711,1459471711,way,"Tanzania, United Republic of",plant,Capacity placeholder value,yes,Tag 'plant:output:electricity' contains placeholder value 'yes' instead of actual capacity,2026-07-01 02:31:14.297682,https://www.openstreetmap.org/way/1459471711,-2.2333097,34.9211756
way/1459471712,1459471712,way,"Tanzania, United Republic of",plant,Capacity placeholder value,yes,Tag 'plant:output:electricity' contains placeholder value 'yes' instead of actual capacity,2026-07-01 02:31:14.297873,https://www.openstreetmap.org/way/1459471712,-2.23341035,34.92104585
way/1459471713,1459471713,way,"Tanzania, United Republic of",plant,Capacity placeholder value,yes,Tag 'plant:output:electricity' contains placeholder value 'yes' instead of actual capacity,2026-07-01 02:31:14.298034,https://www.openstreetmap.org/way/1459471713,-2.2334291,34.92111415
way/1459471714,1459471714,way,"Tanzania, United Republic of",plant,Capacity placeholder value,yes,Tag 'plant:output:electricity' contains placeholder value 'yes' instead of actual capacity,2026-07-01 02:31:14.298195,https://www.openstreetmap.org/way/1459471714,-2.233444468517968,34.92118242030545
way/1459471715,1459471715,way,"Tanzania, United Republic of",plant,Capacity placeholder value,yes,Tag 'plant:output:electricity' contains placeholder value 'yes' instead of actual capacity,2026-07-01 02:31:14.298356,https://www.openstreetmap.org/way/1459471715,-2.2335621685179663,34.92100662030544
way/1459471716,1459471716,way,"Tanzania, United Republic of",plant,Capacity placeholder value,yes,Tag 'plant:output:electricity' contains placeholder value 'yes' instead of actual capacity,2026-07-01 02:31:14.298519,https://www.openstreetmap.org/way/1459471716,-2.2335792,34.92107315
way/1459471717,1459471717,way,"Tanzania, United Republic of",plant,Capacity placeholder value,yes,Tag 'plant:output:electricity' contains placeholder value 'yes' instead of actual capacity,2026-07-01 02:31:14.298680,https://www.openstreetmap.org/way/1459471717,-2.23359455,34.92113975
way/1459471718,1459471718,way,"Tanzania, United Republic of",plant,Capacity placeholder value,yes,Tag 'plant:output:electricity' contains placeholder value 'yes' instead of actual capacity,2026-07-01 02:31:14.298870,https://www.openstreetmap.org/way/1459471718,-2.2336849500000002,34.920981
way/1459471719,1459471719,way,"Tanzania, United Republic of",plant,Capacity placeholder value,yes,Tag 'plant:output:electricity' contains placeholder value 'yes' instead of actual capacity,2026-07-01 02:31:14.299032,https://www.openstreetmap.org/way/1459471719,-2.233702000000001,34.92104755
way/1459471720,1459471720,way,"Tanzania, United Republic of",plant,Capacity placeholder value,yes,Tag 'plant:output:electricity' contains placeholder value 'yes' instead of actual capacity,2026-07-01 02:31:14.299194,https://www.openstreetmap.org/way/1459471720,-2.2337173796929646,34.92111415255763
way/1459471721,1459471721,way,"Tanzania, United Republic of",plant,Capacity placeholder value,yes,Tag 'plant:output:electricity' contains placeholder value 'yes' instead of actual capacity,2026-07-01 02:31:14.299357,https://www.openstreetmap.org/way/1459471721,-2.23383165,34.920904199999995
way/1459471722,1459471722,way,"Tanzania, United Republic of",plant,Capacity placeholder value,yes,Tag 'plant:output:electricity' contains placeholder value 'yes' instead of actual capacity,2026-07-01 02:31:14.299522,https://www.openstreetmap.org/way/1459471722,-2.2338487,34.92097075
way/1459471723,1459471723,way,"Tanzania, United Republic of",plant,Capacity placeholder value,yes,Tag 'plant:output:electricity' contains placeholder value 'yes' instead of actual capacity,2026-07-01 02:31:14.299704,https://www.openstreetmap.org/way/1459471723,-2.233864068517968,34.92103732030544
way/1459471724,1459471724,way,"Tanzania, United Republic of",plant,Capacity placeholder value,yes,Tag 'plant:output:electricity' contains placeholder value 'yes' instead of actual capacity,2026-07-01 02:31:14.299876,https://www.openstreetmap.org/way/1459471724,-2.233959579692965,34.920876852557626
way/1459471725,1459471725,way,"Tanzania, United Republic of",plant,Capacity placeholder value,yes,Tag 'plant:output:electricity' contains placeholder value 'yes' instead of actual capacity,2026-07-01 02:31:14.300037,https://www.openstreetmap.org/way/1459471725,-2.233976620307035,34.92094344744237
way/1459471726,1459471726,way,"Tanzania, United Republic of",plant,Capacity placeholder value,yes,Tag 'plant:output:electricity' contains placeholder value 'yes' instead of actual capacity,2026-07-01 02:31:14.300198,https://www.openstreetmap.org/way/1459471726,-2.2339919982180034,34.921010022861566
way/1459471727,1459471727,way,"Tanzania, United Republic of",plant,Capacity placeholder value,yes,Tag 'plant:output:electricity' contains placeholder value 'yes' instead of actual capacity,2026-07-01 02:31:14.300361,https://www.openstreetmap.org/way/1459471727,-2.234097720314679,34.92078129743352
way/1459471728,1459471728,way,"Tanzania, United Republic of",plant,Capacity placeholder value,yes,Tag 'plant:output:electricity' contains placeholder value 'yes' instead of actual capacity,2026-07-01 02:31:14.300527,https://www.openstreetmap.org/way/1459471728,-2.234114779692965,34.92084785255763
way/1459471729,1459471729,way,"Tanzania, United Republic of",plant,Capacity placeholder value,yes,Tag 'plant:output:electricity' contains placeholder value 'yes' instead of actual capacity,2026-07-01 02:31:14.300712,https://www.openstreetmap.org/way/1459471729,-2.2341301388243595,34.92091441774479
way/1459471730,1459471730,way,"Tanzania, United Republic of",plant,Capacity placeholder value,yes,Tag 'plant:output:electricity' contains placeholder value 'yes' instead of actual capacity,2026-07-01 02:31:14.300885,https://www.openstreetmap.org/way/1459471730,-2.234225631482032,34.920755679694565
way/1459471731,1459471731,way,"Tanzania, United Republic of",plant,Capacity placeholder value,yes,Tag 'plant:output:electricity' contains placeholder value 'yes' instead of actual capacity,2026-07-01 02:31:14.301049,https://www.openstreetmap.org/way/1459471731,-2.2342427,34.92082225
way/1459471732,1459471732,way,"Tanzania, United Republic of",plant,Capacity placeholder value,yes,Tag 'plant:output:electricity' contains placeholder value 'yes' instead of actual capacity,2026-07-01 02:31:14.301210,https://www.openstreetmap.org/way/1459471732,-2.234258068517968,34.920888820305436
way/1459471733,1459471733,way,"Tanzania, United Republic of",plant,Capacity placeholder value,yes,Tag 'plant:output:electricity' contains placeholder value 'yes' instead of actual capacity,2026-07-01 02:31:14.301371,https://www.openstreetmap.org/way/1459471733,-2.233879418507376,34.921107320300464
way/1459471734,1459471734,way,"Tanzania, United Republic of",plant,Capacity placeholder value,yes,Tag 'plant:output:electricity' contains placeholder value 'yes' instead of actual capacity,2026-07-01 02:31:14.301532,https://www.openstreetmap.org/way/1459471734,-2.234007320314679,34.92107829743353
way/1459471735,1459471735,way,"Tanzania, United Republic of",plant,Capacity placeholder value,yes,Tag 'plant:output:electricity' contains placeholder value 'yes' instead of actual capacity,2026-07-01 02:31:14.301711,https://www.openstreetmap.org/way/1459471735,-2.23416425,34.92105269999999
way/1459471736,1459471736,way,"Tanzania, United Republic of",plant,Capacity placeholder value,yes,Tag 'plant:output:electricity' contains placeholder value 'yes' instead of actual capacity,2026-07-01 02:31:14.301879,https://www.openstreetmap.org/way/1459471736,-2.234148918507376,34.92098442030047
way/1459471737,1459471737,way,"Tanzania, United Republic of",plant,Capacity placeholder value,yes,Tag 'plant:output:electricity' contains placeholder value 'yes' instead of actual capacity,2026-07-01 02:31:14.302041,https://www.openstreetmap.org/way/1459471737,-2.23428875,34.9210271
way/1459471738,1459471738,way,"Tanzania, United Republic of",plant,Capacity placeholder value,yes,Tag 'plant:output:electricity' contains placeholder value 'yes' instead of actual capacity,2026-07-01 02:31:14.302201,https://www.openstreetmap.org/way/1459471738,-2.2342734185073745,34.92095882030047
way/1459471739,1459471739,way,"Tanzania, United Republic of",plant,Capacity placeholder value,yes,Tag 'plant:output:electricity' contains placeholder value 'yes' instead of actual capacity,2026-07-01 02:31:14.302363,https://www.openstreetmap.org/way/1459471739,-2.2344149796929638,34.92084615255762
way/1459860845,1459860845,way,"Tanzania, United Republic of",plant,Capacity placeholder value,yes,Tag 'plant:output:electricity' contains placeholder value 'yes' instead of actual capacity,2026-07-01 02:31:14.302525,https://www.openstreetmap.org/way/1459860845,-2.4472358802213643,34.985744281187195
way/1459860846,1459860846,way,"Tanzania, United Republic of",plant,Capacity placeholder value,yes,Tag 'plant:output:electricity' contains placeholder value 'yes' instead of actual capacity,2026-07-01 02:31:14.302708,https://www.openstreetmap.org/way/1459860846,-2.4470867000000003,34.985974399999996
way/1459860847,1459860847,way,"Tanzania, United Republic of",plant,Capacity placeholder value,yes,Tag 'plant:output:electricity' contains placeholder value 'yes' instead of actual capacity,2026-07-01 02:31:14.302878,https://www.openstreetmap.org/way/1459860847,-2.4471686397633943,34.98597073326294
way/1459860848,1459860848,way,"Tanzania, United Republic of",plant,Capacity placeholder value,yes,Tag 'plant:output:electricity' contains placeholder value 'yes' instead of actual capacity,2026-07-01 02:31:14.303041,https://www.openstreetmap.org/way/1459860848,-2.447338150000002,34.986050000000006
way/1459860849,1459860849,way,"Tanzania, United Republic of",plant,Capacity placeholder value,yes,Tag 'plant:output:electricity' contains placeholder value 'yes' instead of actual capacity,2026-07-01 02:31:14.303203,https://www.openstreetmap.org/way/1459860849,-2.4471854232126047,34.98625296643028
way/1459860850,1459860850,way,"Tanzania, United Republic of",plant,Capacity placeholder value,yes,Tag 'plant:output:electricity' contains placeholder value 'yes' instead of actual capacity,2026-07-01 02:31:14.303365,https://www.openstreetmap.org/way/1459860850,-2.447358615441849,34.98623197603099
way/1459860851,1459860851,way,"Tanzania, United Republic of",plant,Capacity placeholder value,yes,Tag 'plant:output:electricity' contains placeholder value 'yes' instead of actual capacity,2026-07-01 02:31:14.303529,https://www.openstreetmap.org/way/1459860851,-2.447162168271526,34.98607375191198
way/1459860852,1459860852,way,"Tanzania, United Republic of",plant,Capacity placeholder value,yes,Tag 'plant:output:electricity' contains placeholder value 'yes' instead of actual capacity,2026-07-01 02:31:14.303710,https://www.openstreetmap.org/way/1459860852,-2.44708315,34.98607165
way/1460190951,1460190951,way,"Tanzania, United Republic of",plant,Capacity placeholder value,yes,Tag 'plant:output:electricity' contains placeholder value 'yes' instead of actual capacity,2026-07-01 02:31:14.303880,https://www.openstreetmap.org/way/1460190951,-2.410334195912785,35.01368807438077
way/1460195382,1460195382,way,"Tanzania, United Republic of",plant,Capacity placeholder value,yes,Tag 'plant:output:electricity' contains placeholder value 'yes' instead of actual capacity,2026-07-01 02:31:14.304039,https://www.openstreetmap.org/way/1460195382,-2.410005671768113,35.015137816249855
way/1460195383,1460195383,way,"Tanzania, United Republic of",plant,Capacity placeholder value,yes,Tag 'plant:output:electricity' contains placeholder value 'yes' instead of actual capacity,2026-07-01 02:31:14.304199,https://www.openstreetmap.org/way/1460195383,-2.4100730935730255,35.015142532335396
way/1460195386,1460195386,way,"Tanzania, United Republic of",plant,Capacity placeholder value,yes,Tag 'plant:output:electricity' contains placeholder value 'yes' instead of actual capacity,2026-07-01 02:31:14.304360,https://www.openstreetmap.org/way/1460195386,-2.410197,35.015151450000005
way/1460195394,1460195394,way,"Tanzania, United Republic of",plant,Capacity placeholder value,yes,Tag 'plant:output:electricity' contains placeholder value 'yes' instead of actual capacity,2026-07-01 02:31:14.304525,https://www.openstreetmap.org/way/1460195394,-2.40952074687772,35.01734332334204
way/1460228075,1460228075,way,"Tanzania, United Republic of",plant,Capacity placeholder value,yes,Tag 'plant:output:electricity' contains placeholder value 'yes' instead of actual capacity,2026-07-01 02:31:14.304703,https://www.openstreetmap.org/way/1460228075,-2.3780953451646885,34.995424466713324
way/1460228076,1460228076,way,"Tanzania, United Republic of",plant,Capacity placeholder value,yes,Tag 'plant:output:electricity' contains placeholder value 'yes' instead of actual capacity,2026-07-01 02:31:14.304872,https://www.openstreetmap.org/way/1460228076,-2.37810959513998,34.99551476671328
way/1460228079,1460228079,way,"Tanzania, United Republic of",plant,Capacity placeholder value,yes,Tag 'plant:output:electricity' contains placeholder value 'yes' instead of actual capacity,2026-07-01 02:31:14.305046,https://www.openstreetmap.org/way/1460228079,-2.3731690519660877,34.98772146939313
way/1460228080,1460228080,way,"Tanzania, United Republic of",plant,Capacity placeholder value,yes,Tag 'plant:output:electricity' contains placeholder value 'yes' instead of actual capacity,2026-07-01 02:31:14.305211,https://www.openstreetmap.org/way/1460228080,-2.3732197752815187,34.98769851001238
way/1462077632,1462077632,way,"Tanzania, United Republic of",plant,Capacity placeholder value,yes,Tag 'plant:output:electricity' contains placeholder value 'yes' instead of actual capacity,2026-07-01 02:31:14.305417,https://www.openstreetmap.org/way/1462077632,-2.3300486956891064,34.81921405103231
way/1462086138,1462086138,way,"Tanzania, United Republic of",plant,Capacity placeholder value,yes,Tag 'plant:output:electricity' contains placeholder value 'yes' instead of actual capacity,2026-07-01 02:31:14.305580,https://www.openstreetmap.org/way/1462086138,-2.339745377952449,34.86641319216374
way/1462090494,1462090494,way,"Tanzania, United Republic of",plant,Capacity placeholder value,yes,Tag 'plant:output:electricity' contains placeholder value 'yes' instead of actual capacity,2026-07-01 02:31:14.305767,https://www.openstreetmap.org/way/1462090494,-2.3570546,34.75656944999999
way/1462275244,1462275244,way,"Tanzania, United Republic of",plant,Capacity placeholder value,yes,Tag 'plant:output:electricity' contains placeholder value 'yes' instead of actual capacity,2026-07-01 02:31:14.305934,https://www.openstreetmap.org/way/1462275244,-2.2805273074983146,34.80919692414961
way/1462591473,1462591473,way,"Tanzania, United Republic of",plant,Capacity placeholder value,yes,Tag 'plant:output:electricity' contains placeholder value 'yes' instead of actual capacity,2026-07-01 02:31:14.306095,https://www.openstreetmap.org/way/1462591473,-2.64003838501021,34.77749912931137
way/1462591474,1462591474,way,"Tanzania, United Republic of",plant,Capacity placeholder value,yes,Tag 'plant:output:electricity' contains placeholder value 'yes' instead of actual capacity,2026-07-01 02:31:14.306255,https://www.openstreetmap.org/way/1462591474,-2.6403294032926437,34.777184020499384
way/1462591475,1462591475,way,"Tanzania, United Republic of",plant,Capacity placeholder value,yes,Tag 'plant:output:electricity' contains placeholder value 'yes' instead of actual capacity,2026-07-01 02:31:14.306416,https://www.openstreetmap.org/way/1462591475,-2.6413003725623376,34.77769016568408
way/1462591476,1462591476,way,"Tanzania, United Republic of",plant,Capacity placeholder value,yes,Tag 'plant:output:electricity' contains placeholder value 'yes' instead of actual capacity,2026-07-01 02:31:14.306578,https://www.openstreetmap.org/way/1462591476,-2.641159327437663,34.77771033431592
way/1462591477,1462591477,way,"Tanzania, United Republic of",plant,Capacity placeholder value,yes,Tag 'plant:output:electricity' contains placeholder value 'yes' instead of actual capacity,2026-07-01 02:31:14.306767,https://www.openstreetmap.org/way/1462591477,-2.641032927437443,34.777723184308684
way/1462591478,1462591478,way,"Tanzania, United Republic of",plant,Capacity placeholder value,yes,Tag 'plant:output:electricity' contains placeholder value 'yes' instead of actual capacity,2026-07-01 02:31:14.306935,https://www.openstreetmap.org/way/1462591478,-2.6408664006039317,34.777706651752176
way/1462591479,1462591479,way,"Tanzania, United Republic of",plant,Capacity placeholder value,yes,Tag 'plant:output:electricity' contains placeholder value 'yes' instead of actual capacity,2026-07-01 02:31:14.307098,https://www.openstreetmap.org/way/1462591479,-2.6406705728414552,34.77771113423456
way/1462591480,1462591480,way,"Tanzania, United Republic of",plant,Capacity placeholder value,yes,Tag 'plant:output:electricity' contains placeholder value 'yes' instead of actual capacity,2026-07-01 02:31:14.307281,https://www.openstreetmap.org/way/1462591480,-2.6404094347876517,34.77764489049657
way/1462591481,1462591481,way,"Tanzania, United Republic of",plant,Capacity placeholder value,yes,Tag 'plant:output:electricity' contains placeholder value 'yes' instead of actual capacity,2026-07-01 02:31:14.307488,https://www.openstreetmap.org/way/1462591481,-2.6401658964714954,34.77720859138243
way/1462591482,1462591482,way,"Tanzania, United Republic of",plant,Capacity placeholder value,yes,Tag 'plant:output:electricity' contains placeholder value 'yes' instead of actual capacity,2026-07-01 02:31:14.307648,https://www.openstreetmap.org/way/1462591482,-2.6404733561649296,34.777308121928755
way/1462594991,1462594991,way,"Tanzania, United Republic of",plant,Capacity placeholder value,yes,Tag 'plant:output:electricity' contains placeholder value 'yes' instead of actual capacity,2026-07-01 02:31:14.307869,https://www.openstreetmap.org/way/1462594991,-2.6400682352060745,34.77762811217174
way/1462752930,1462752930,way,"Tanzania, United Republic of",plant,Capacity placeholder value,yes,Tag 'plant:output:electricity' contains placeholder value 'yes' instead of actual capacity,2026-07-01 02:31:14.308033,https://www.openstreetmap.org/way/1462752930,-2.616852446255634,34.743248167491785
way/1462827594,1462827594,way,"Tanzania, United Republic of",plant,Capacity placeholder value,yes,Tag 'plant:output:electricity' contains placeholder value 'yes' instead of actual capacity,2026-07-01 02:31:14.308198,https://www.openstreetmap.org/way/1462827594,-2.62037985,34.73502085
way/1463042681,1463042681,way,"Tanzania, United Republic of",plant,Capacity placeholder value,yes,Tag 'plant:output:electricity' contains placeholder value 'yes' instead of actual capacity,2026-07-01 02:31:14.308363,https://www.openstreetmap.org/way/1463042681,-2.5978061460000164,34.67497909434446
way/1463042682,1463042682,way,"Tanzania, United Republic of",plant,Capacity placeholder value,yes,Tag 'plant:output:electricity' contains placeholder value 'yes' instead of actual capacity,2026-07-01 02:31:14.308527,https://www.openstreetmap.org/way/1463042682,-2.5977351041159737,34.67489995649645
way/1463042683,1463042683,way,"Tanzania, United Republic of",plant,Capacity placeholder value,yes,Tag 'plant:output:electricity' contains placeholder value 'yes' instead of actual capacity,2026-07-01 02:31:14.308710,https://www.openstreetmap.org/way/1463042683,-2.5981644,34.674604
way/1463042722,1463042722,way,"Tanzania, United Republic of",plant,Capacity placeholder value,yes,Tag 'plant:output:electricity' contains placeholder value 'yes' instead of actual capacity,2026-07-01 02:31:14.308879,https://www.openstreetmap.org/way/1463042722,-2.5919163,34.6742366
way/1463461781,1463461781,way,"Tanzania, United Republic of",plant,Capacity placeholder value,yes,Tag 'plant:output:electricity' contains placeholder value 'yes' instead of actual capacity,2026-07-01 02:31:14.309041,https://www.openstreetmap.org/way/1463461781,-2.407166176369517,34.62055855256592
way/1463461782,1463461782,way,"Tanzania, United Republic of",plant,Capacity placeholder value,yes,Tag 'plant:output:electricity' contains placeholder value 'yes' instead of actual capacity,2026-07-01 02:31:14.309203,https://www.openstreetmap.org/way/1463461782,-2.4057971,34.62068730000001
way/1463461783,1463461783,way,"Tanzania, United Republic of",plant,Capacity placeholder value,yes,Tag 'plant:output:electricity' contains placeholder value 'yes' instead of actual capacity,2026-07-01 02:31:14.309364,https://www.openstreetmap.org/way/1463461783,-2.4056197715719607,34.61918112386614
way/1463461785,1463461785,way,"Tanzania, United Republic of",plant,Capacity placeholder value,yes,Tag 'plant:output:electricity' contains placeholder value 'yes' instead of actual capacity,2026-07-01 02:31:14.309527,https://www.openstreetmap.org/way/1463461785,-2.4095163180019967,34.62367838409798
way/1463722803,1463722803,way,"Tanzania, United Republic of",plant,Capacity placeholder value,yes,Tag 'plant:output:electricity' contains placeholder value 'yes' instead of actual capacity,2026-07-01 02:31:14.309708,https://www.openstreetmap.org/way/1463722803,-2.2163623500000003,34.852257949999995
way/1463869178,1463869178,way,"Tanzania, United Republic of",plant,Capacity placeholder value,yes,Tag 'plant:output:electricity' contains placeholder value 'yes' instead of actual capacity,2026-07-01 02:31:14.309878,https://www.openstreetmap.org/way/1463869178,-2.464104971612843,34.71657789071918
way/1463869179,1463869179,way,"Tanzania, United Republic of",plant,Capacity placeholder value,yes,Tag 'plant:output:electricity' contains placeholder value 'yes' instead of actual capacity,2026-07-01 02:31:14.310040,https://www.openstreetmap.org/way/1463869179,-2.4639963999999996,34.716580699999994
way/1463891002,1463891002,way,"Tanzania, United Republic of",plant,Capacity placeholder value,yes,Tag 'plant:output:electricity' contains placeholder value 'yes' instead of actual capacity,2026-07-01 02:31:14.310203,https://www.openstreetmap.org/way/1463891002,-2.4939520023668105,34.77109813302438
way/1463898891,1463898891,way,"Tanzania, United Republic of",plant,Capacity placeholder value,yes,Tag 'plant:output:electricity' contains placeholder value 'yes' instead of actual capacity,2026-07-01 02:31:14.310363,https://www.openstreetmap.org/way/1463898891,-2.2077833000000004,34.85367734999999
way/1463908936,1463908936,way,"Tanzania, United Republic of",plant,Capacity placeholder value,yes,Tag 'plant:output:electricity' contains placeholder value 'yes' instead of actual capacity,2026-07-01 02:31:14.310525,https://www.openstreetmap.org/way/1463908936,-2.20886985,34.8111848
way/1464073428,1464073428,way,"Tanzania, United Republic of",plant,Capacity placeholder value,yes,Tag 'plant:output:electricity' contains placeholder value 'yes' instead of actual capacity,2026-07-01 02:31:14.310705,https://www.openstreetmap.org/way/1464073428,-2.21737819374372,34.72361107216988
way/1464105185,1464105185,way,"Tanzania, United Republic of",plant,Capacity placeholder value,yes,Tag 'plant:output:electricity' contains placeholder value 'yes' instead of actual capacity,2026-07-01 02:31:14.310881,https://www.openstreetmap.org/way/1464105185,-2.2109863212862786,34.63763278881617
way/1464281241,1464281241,way,"Tanzania, United Republic of",plant,Capacity placeholder value,yes,Tag 'plant:output:electricity' contains placeholder value 'yes' instead of actual capacity,2026-07-01 02:31:14.311043,https://www.openstreetmap.org/way/1464281241,-2.2105895171868912,34.67679715189599
way/1464535854,1464535854,way,"Tanzania, United Republic of",plant,Capacity placeholder value,yes,Tag 'plant:output:electricity' contains placeholder value 'yes' instead of actual capacity,2026-07-01 02:31:14.311203,https://www.openstreetmap.org/way/1464535854,-2.586095508755826,34.76437518243957
way/1465285829,1465285829,way,"Tanzania, United Republic of",plant,Capacity placeholder value,yes,Tag 'plant:output:electricity' contains placeholder value 'yes' instead of actual capacity,2026-07-01 02:31:14.311363,https://www.openstreetmap.org/way/1465285829,-2.8303225819149596,34.99793218485486
way/1465784647,1465784647,way,"Tanzania, United Republic of",plant,Capacity placeholder value,yes,Tag 'plant:output:electricity' contains placeholder value 'yes' instead of actual capacity,2026-07-01 02:31:14.311523,https://www.openstreetmap.org/way/1465784647,-2.5492567,35.10067874999999
way/1465784648,1465784648,way,"Tanzania, United Republic of",plant,Capacity placeholder value,yes,Tag 'plant:output:electricity' contains placeholder value 'yes' instead of actual capacity,2026-07-01 02:31:14.311728,https://www.openstreetmap.org/way/1465784648,-2.5493222234701833,35.10058169973885
way/1465784653,1465784653,way,"Tanzania, United Republic of",plant,Capacity placeholder value,yes,Tag 'plant:output:electricity' contains placeholder value 'yes' instead of actual capacity,2026-07-01 02:31:14.311895,https://www.openstreetmap.org/way/1465784653,-2.549429850000001,35.10031554999999
way/1465991187,1465991187,way,"Tanzania, United Republic of",plant,Capacity placeholder value,yes,Tag 'plant:output:electricity' contains placeholder value 'yes' instead of actual capacity,2026-07-01 02:31:14.312056,https://www.openstreetmap.org/way/1465991187,-2.5422933000000003,35.157567699999994
way/1466754520,1466754520,way,"Tanzania, United Republic of",plant,Capacity placeholder value,yes,Tag 'plant:output:electricity' contains placeholder value 'yes' instead of actual capacity,2026-07-01 02:31:14.312223,https://www.openstreetmap.org/way/1466754520,-2.78783245,34.9785925
way/1466778940,1466778940,way,"Tanzania, United Republic of",plant,Capacity placeholder value,yes,Tag 'plant:output:electricity' contains placeholder value 'yes' instead of actual capacity,2026-07-01 02:31:14.312385,https://www.openstreetmap.org/way/1466778940,-2.281746,34.8365626
way/1466963135,1466963135,way,"Tanzania, United Republic of",plant,Capacity placeholder value,yes,Tag 'plant:output:electricity' contains placeholder value 'yes' instead of actual capacity,2026-07-01 02:31:14.312547,https://www.openstreetmap.org/way/1466963135,-2.2381184445467013,34.82164667409066
way/1466963136,1466963136,way,"Tanzania, United Republic of",plant,Capacity placeholder value,yes,Tag 'plant:output:electricity' contains placeholder value 'yes' instead of actual capacity,2026-07-01 02:31:14.312733,https://www.openstreetmap.org/way/1466963136,-2.2381728591100507,34.821631825601095
way/1466968064,1466968064,way,"Tanzania, United Republic of",plant,Capacity placeholder value,yes,Tag 'plant:output:electricity' contains placeholder value 'yes' instead of actual capacity,2026-07-01 02:31:14.312901,https://www.openstreetmap.org/way/1466968064,-2.276813054760834,34.851326963881924
way/1467045909,1467045909,way,"Tanzania, United Republic of",plant,Capacity placeholder value,yes,Tag 'plant:output:electricity' contains placeholder value 'yes' instead of actual capacity,2026-07-01 02:31:14.313077,https://www.openstreetmap.org/way/1467045909,-2.18441205114544,34.96789207502909
way/1467204789,1467204789,way,"Tanzania, United Republic of",plant,Capacity placeholder value,yes,Tag 'plant:output:electricity' contains placeholder value 'yes' instead of actual capacity,2026-07-01 02:31:14.313243,https://www.openstreetmap.org/way/1467204789,-2.0771350433990836,35.20399343264166
way/1467210736,1467210736,way,"Tanzania, United Republic of",plant,Capacity placeholder value,yes,Tag 'plant:output:electricity' contains placeholder value 'yes' instead of actual capacity,2026-07-01 02:31:14.313407,https://www.openstreetmap.org/way/1467210736,-1.993611949201956,35.18914303454625
way/1467630295,1467630295,way,"Tanzania, United Republic of",plant,Capacity placeholder value,yes,Tag 'plant:output:electricity' contains placeholder value 'yes' instead of actual capacity,2026-07-01 02:31:14.313569,https://www.openstreetmap.org/way/1467630295,-1.936972225671284,35.12688648910552
way/1467740232,1467740232,way,"Tanzania, United Republic of",plant,Capacity placeholder value,yes,Tag 'plant:output:electricity' contains placeholder value 'yes' instead of actual capacity,2026-07-01 02:31:14.313938,https://www.openstreetmap.org/way/1467740232,-1.9990289449949592,35.16768208035708
way/1467935446,1467935446,way,"Tanzania, United Republic of",plant,Capacity placeholder value,yes,Tag 'plant:output:electricity' contains placeholder value 'yes' instead of actual capacity,2026-07-01 02:31:14.314105,https://www.openstreetmap.org/way/1467935446,-1.9286732500000001,35.012299
way/1468011331,1468011331,way,"Tanzania, United Republic of",plant,Capacity placeholder value,yes,Tag 'plant:output:electricity' contains placeholder value 'yes' instead of actual capacity,2026-07-01 02:31:14.314269,https://www.openstreetmap.org/way/1468011331,-1.8186790826470134,34.83380193859906
way/1468433343,1468433343,way,"Tanzania, United Republic of",plant,Capacity placeholder value,yes,Tag 'plant:output:electricity' contains placeholder value 'yes' instead of actual capacity,2026-07-01 02:31:14.314432,https://www.openstreetmap.org/way/1468433343,-1.7758731578873166,34.89396506426037
way/1468433344,1468433344,way,"Tanzania, United Republic of",plant,Capacity placeholder value,yes,Tag 'plant:output:electricity' contains placeholder value 'yes' instead of actual capacity,2026-07-01 02:31:14.314595,https://www.openstreetmap.org/way/1468433344,-1.776850281084746,34.8932482666145
way/1468433345,1468433345,way,"Tanzania, United Republic of",plant,Capacity placeholder value,yes,Tag 'plant:output:electricity' contains placeholder value 'yes' instead of actual capacity,2026-07-01 02:31:14.314784,https://www.openstreetmap.org/way/1468433345,-1.776270990048204,34.89336143598715
way/1468439344,1468439344,way,"Tanzania, United Republic of",plant,Capacity placeholder value,yes,Tag 'plant:output:electricity' contains placeholder value 'yes' instead of actual capacity,2026-07-01 02:31:14.314951,https://www.openstreetmap.org/way/1468439344,-1.7636647499999998,34.89000665
way/1468439368,1468439368,way,"Tanzania, United Republic of",plant,Capacity placeholder value,yes,Tag 'plant:output:electricity' contains placeholder value 'yes' instead of actual capacity,2026-07-01 02:31:14.315120,https://www.openstreetmap.org/way/1468439368,-1.75561475,34.90650805
way/1468503619,1468503619,way,"Tanzania, United Republic of",plant,Capacity placeholder value,yes,Tag 'plant:output:electricity' contains placeholder value 'yes' instead of actual capacity,2026-07-01 02:31:14.315282,https://www.openstreetmap.org/way/1468503619,-1.7353999015781192,34.91176338231063
way/1468656435,1468656435,way,"Tanzania, United Republic of",plant,Capacity placeholder value,yes,Tag 'plant:output:electricity' contains placeholder value 'yes' instead of actual capacity,2026-07-01 02:31:14.315444,https://www.openstreetmap.org/way/1468656435,-1.7432922499999999,34.868278200000006
way/1468656475,1468656475,way,"Tanzania, United Republic of",plant,Capacity placeholder value,yes,Tag 'plant:output:electricity' contains placeholder value 'yes' instead of actual capacity,2026-07-01 02:31:14.315617,https://www.openstreetmap.org/way/1468656475,-1.7225062242847435,34.87820557195346
way/1468783792,1468783792,way,"Tanzania, United Republic of",plant,Capacity placeholder value,yes,Tag 'plant:output:electricity' contains placeholder value 'yes' instead of actual capacity,2026-07-01 02:31:14.315845,https://www.openstreetmap.org/way/1468783792,-1.7053356847903356,34.910849134992894
way/1469122990,1469122990,way,"Tanzania, United Republic of",plant,Capacity placeholder value,yes,Tag 'plant:output:electricity' contains placeholder value 'yes' instead of actual capacity,2026-07-01 02:31:14.316008,https://www.openstreetmap.org/way/1469122990,-1.69868595,34.91806765
way/1469173813,1469173813,way,"Tanzania, United Republic of",plant,Capacity placeholder value,yes,Tag 'plant:output:electricity' contains placeholder value 'yes' instead of actual capacity,2026-07-01 02:31:14.316170,https://www.openstreetmap.org/way/1469173813,-1.6865933499999999,34.92142615
way/1469173840,1469173840,way,"Tanzania, United Republic of",plant,Capacity placeholder value,yes,Tag 'plant:output:electricity' contains placeholder value 'yes' instead of actual capacity,2026-07-01 02:31:14.316331,https://www.openstreetmap.org/way/1469173840,-1.68577135,34.92160915000001
way/1469536099,1469536099,way,"Tanzania, United Republic of",plant,Capacity placeholder value,yes,Tag 'plant:output:electricity' contains placeholder value 'yes' instead of actual capacity,2026-07-01 02:31:14.316491,https://www.openstreetmap.org/way/1469536099,-1.679023738159417,34.906220929214
way/1470178643,1470178643,way,"Tanzania, United Republic of",plant,Capacity placeholder value,yes,Tag 'plant:output:electricity' contains placeholder value 'yes' instead of actual capacity,2026-07-01 02:31:14.316650,https://www.openstreetmap.org/way/1470178643,-1.7065178778682364,34.86852961271378
way/1470178644,1470178644,way,"Tanzania, United Republic of",plant,Capacity placeholder value,yes,Tag 'plant:output:electricity' contains placeholder value 'yes' instead of actual capacity,2026-07-01 02:31:14.316842,https://www.openstreetmap.org/way/1470178644,-1.7059807164313008,34.86877906739164
way/1470178645,1470178645,way,"Tanzania, United Republic of",plant,Capacity placeholder value,yes,Tag 'plant:output:electricity' contains placeholder value 'yes' instead of actual capacity,2026-07-01 02:31:14.317003,https://www.openstreetmap.org/way/1470178645,-1.7060425999999997,34.86873405
way/1470178666,1470178666,way,"Tanzania, United Republic of",plant,Capacity placeholder value,yes,Tag 'plant:output:electricity' contains placeholder value 'yes' instead of actual capacity,2026-07-01 02:31:14.317162,https://www.openstreetmap.org/way/1470178666,-1.7072855754079548,34.84986712925303
way/1470180383,1470180383,way,"Tanzania, United Republic of",plant,Capacity placeholder value,yes,Tag 'plant:output:electricity' contains placeholder value 'yes' instead of actual capacity,2026-07-01 02:31:14.317331,https://www.openstreetmap.org/way/1470180383,-1.6942031693589028,34.85736122183828
way/1470209278,1470209278,way,"Tanzania, United Republic of",plant,Capacity placeholder value,yes,Tag 'plant:output:electricity' contains placeholder value 'yes' instead of actual capacity,2026-07-01 02:31:14.317491,https://www.openstreetmap.org/way/1470209278,-1.6738087999999998,34.84702745
way/1470222056,1470222056,way,"Tanzania, United Republic of",plant,Capacity placeholder value,yes,Tag 'plant:output:electricity' contains placeholder value 'yes' instead of actual capacity,2026-07-01 02:31:14.317651,https://www.openstreetmap.org/way/1470222056,-1.6586747,34.846626799999996
way/1470240852,1470240852,way,"Tanzania, United Republic of",plant,Capacity placeholder value,yes,Tag 'plant:output:electricity' contains placeholder value 'yes' instead of actual capacity,2026-07-01 02:31:14.317847,https://www.openstreetmap.org/way/1470240852,-1.6465411500000005,34.890236050000006
way/1470458267,1470458267,way,"Tanzania, United Republic of",plant,Capacity placeholder value,yes,Tag 'plant:output:electricity' contains placeholder value 'yes' instead of actual capacity,2026-07-01 02:31:14.318008,https://www.openstreetmap.org/way/1470458267,-1.6853438736781547,34.88942850620247
way/1470818804,1470818804,way,"Tanzania, United Republic of",plant,Capacity placeholder value,yes,Tag 'plant:output:electricity' contains placeholder value 'yes' instead of actual capacity,2026-07-01 02:31:14.318193,https://www.openstreetmap.org/way/1470818804,-1.5807722265442163,34.90419749091357
way/1470818819,1470818819,way,"Tanzania, United Republic of",plant,Capacity placeholder value,yes,Tag 'plant:output:electricity' contains placeholder value 'yes' instead of actual capacity,2026-07-01 02:31:14.318353,https://www.openstreetmap.org/way/1470818819,-1.57472045,34.89967925
way/1471534879,1471534879,way,"Tanzania, United Republic of",plant,Capacity placeholder value,yes,Tag 'plant:output:electricity' contains placeholder value 'yes' instead of actual capacity,2026-07-01 02:31:14.318515,https://www.openstreetmap.org/way/1471534879,-1.5648195999999999,34.885660149999985
way/1471538097,1471538097,way,"Tanzania, United Republic of",plant,Capacity placeholder value,yes,Tag 'plant:output:electricity' contains placeholder value 'yes' instead of actual capacity,2026-07-01 02:31:14.318675,https://www.openstreetmap.org/way/1471538097,-1.5692529999999998,34.871447700000004
way/1471540356,1471540356,way,"Tanzania, United Republic of",plant,Capacity placeholder value,yes,Tag 'plant:output:electricity' contains placeholder value 'yes' instead of actual capacity,2026-07-01 02:31:14.318885,https://www.openstreetmap.org/way/1471540356,-1.6033414240565438,34.887998906685304
way/1471656038,1471656038,way,"Tanzania, United Republic of",plant,Capacity placeholder value,yes,Tag 'plant:output:electricity' contains placeholder value 'yes' instead of actual capacity,2026-07-01 02:31:14.319049,https://www.openstreetmap.org/way/1471656038,-1.5969408999999997,34.8790004
way/1471656042,1471656042,way,"Tanzania, United Republic of",plant,Capacity placeholder value,yes,Tag 'plant:output:electricity' contains placeholder value 'yes' instead of actual capacity,2026-07-01 02:31:14.319210,https://www.openstreetmap.org/way/1471656042,-1.5966483000000005,34.878323800000004
way/1472887211,1472887211,way,"Tanzania, United Republic of",plant,Capacity placeholder value,yes,Tag 'plant:output:electricity' contains placeholder value 'yes' instead of actual capacity,2026-07-01 02:31:14.319371,https://www.openstreetmap.org/way/1472887211,-1.6476415553156172,35.039255375791285
way/1472890764,1472890764,way,"Tanzania, United Republic of",plant,Capacity placeholder value,yes,Tag 'plant:output:electricity' contains placeholder value 'yes' instead of actual capacity,2026-07-01 02:31:14.319531,https://www.openstreetmap.org/way/1472890764,-1.5807390000000008,34.882254200000006
way/1472890765,1472890765,way,"Tanzania, United Republic of",plant,Capacity placeholder value,yes,Tag 'plant:output:electricity' contains placeholder value 'yes' instead of actual capacity,2026-07-01 02:31:14.319738,https://www.openstreetmap.org/way/1472890765,-1.5805309000000003,34.88164255
way/1473332574,1473332574,way,"Tanzania, United Republic of",plant,Capacity placeholder value,yes,Tag 'plant:output:electricity' contains placeholder value 'yes' instead of actual capacity,2026-07-01 02:31:14.319919,https://www.openstreetmap.org/way/1473332574,-1.6423411274589863,34.9537113096893
way/1473783205,1473783205,way,"Tanzania, United Republic of",plant,Capacity placeholder value,yes,Tag 'plant:output:electricity' contains placeholder value 'yes' instead of actual capacity,2026-07-01 02:31:14.320085,https://www.openstreetmap.org/way/1473783205,-1.6975074,34.8003629
way/1473783206,1473783206,way,"Tanzania, United Republic of",plant,Capacity placeholder value,yes,Tag 'plant:output:electricity' contains placeholder value 'yes' instead of actual capacity,2026-07-01 02:31:14.320246,https://www.openstreetmap.org/way/1473783206,-1.6975628999999997,34.8003669
way/1474069837,1474069837,way,"Tanzania, United Republic of",plant,Capacity placeholder value,yes,Tag 'plant:output:electricity' contains placeholder value 'yes' instead of actual capacity,2026-07-01 02:31:14.320408,https://www.openstreetmap.org/way/1474069837,-1.7857122530991325,35.10337251837949
way/1474073338,1474073338,way,"Tanzania, United Republic of",plant,Capacity placeholder value,yes,Tag 'plant:output:electricity' contains placeholder value 'yes' instead of actual capacity,2026-07-01 02:31:14.320569,https://www.openstreetmap.org/way/1474073338,-1.7376556811720327,34.96169969180466
way/1475616644,1475616644,way,"Tanzania, United Republic of",plant,Capacity placeholder value,yes,Tag 'plant:output:electricity' contains placeholder value 'yes' instead of actual capacity,2026-07-01 02:31:14.320758,https://www.openstreetmap.org/way/1475616644,-2.4565561747857143,34.8611635414286
way/1476733633,1476733633,way,"Tanzania, United Republic of",plant,Capacity placeholder value,yes,Tag 'plant:output:electricity' contains placeholder value 'yes' instead of actual capacity,2026-07-01 02:31:14.320949,https://www.openstreetmap.org/way/1476733633,-2.3160154323489133,34.70138926328268
way/1476733656,1476733656,way,"Tanzania, United Republic of",plant,Capacity placeholder value,yes,Tag 'plant:output:electricity' contains placeholder value 'yes' instead of actual capacity,2026-07-01 02:31:14.321109,https://www.openstreetmap.org/way/1476733656,-2.316091889233554,34.70127685977951
way/1476740186,1476740186,way,"Tanzania, United Republic of",plant,Capacity placeholder value,yes,Tag 'plant:output:electricity' contains placeholder value 'yes' instead of actual capacity,2026-07-01 02:31:14.321271,https://www.openstreetmap.org/way/1476740186,-2.330689649141263,34.76569068199978
way/1476740189,1476740189,way,"Tanzania, United Republic of",plant,Capacity placeholder value,yes,Tag 'plant:output:electricity' contains placeholder value 'yes' instead of actual capacity,2026-07-01 02:31:14.321437,https://www.openstreetmap.org/way/1476740189,-2.3306219991507073,34.765156782016085
way/1476740190,1476740190,way,"Tanzania, United Republic of",plant,Capacity placeholder value,yes,Tag 'plant:output:electricity' contains placeholder value 'yes' instead of actual capacity,2026-07-01 02:31:14.321596,https://www.openstreetmap.org/way/1476740190,-2.3306782179996786,34.765145476198505
way/1476740191,1476740191,way,"Tanzania, United Republic of",plant,Capacity placeholder value,yes,Tag 'plant:output:electricity' contains placeholder value 'yes' instead of actual capacity,2026-07-01 02:31:14.321786,https://www.openstreetmap.org/way/1476740191,-2.330732550858737,34.76513421800023
way/1476740192,1476740192,way,"Tanzania, United Republic of",plant,Capacity placeholder value,yes,Tag 'plant:output:electricity' contains placeholder value 'yes' instead of actual capacity,2026-07-01 02:31:14.321951,https://www.openstreetmap.org/way/1476740192,-2.3306679179996785,34.76533677619851
way/1476740193,1476740193,way,"Tanzania, United Republic of",plant,Capacity placeholder value,yes,Tag 'plant:output:electricity' contains placeholder value 'yes' instead of actual capacity,2026-07-01 02:31:14.322110,https://www.openstreetmap.org/way/1476740193,-2.330724117139874,34.76532555821736
way/1476740194,1476740194,way,"Tanzania, United Republic of",plant,Capacity placeholder value,yes,Tag 'plant:output:electricity' contains placeholder value 'yes' instead of actual capacity,2026-07-01 02:31:14.322271,https://www.openstreetmap.org/way/1476740194,-2.330778482000321,34.76531432380149
way/1476740195,1476740195,way,"Tanzania, United Republic of",plant,Capacity placeholder value,yes,Tag 'plant:output:electricity' contains placeholder value 'yes' instead of actual capacity,2026-07-01 02:31:14.322432,https://www.openstreetmap.org/way/1476740195,-2.3307091499999997,34.7655244
way/1476740196,1476740196,way,"Tanzania, United Republic of",plant,Capacity placeholder value,yes,Tag 'plant:output:electricity' contains placeholder value 'yes' instead of actual capacity,2026-07-01 02:31:14.322593,https://www.openstreetmap.org/way/1476740196,-2.330765350858737,34.76551311800022
way/1476740197,1476740197,way,"Tanzania, United Republic of",plant,Capacity placeholder value,yes,Tag 'plant:output:electricity' contains placeholder value 'yes' instead of actual capacity,2026-07-01 02:31:14.322779,https://www.openstreetmap.org/way/1476740197,-2.330819717999679,34.765501876198506
way/1476740198,1476740198,way,"Tanzania, United Republic of",plant,Capacity placeholder value,yes,Tag 'plant:output:electricity' contains placeholder value 'yes' instead of actual capacity,2026-07-01 02:31:14.322946,https://www.openstreetmap.org/way/1476740198,-2.3307466179996785,34.76567067619851
way/1476740199,1476740199,way,"Tanzania, United Republic of",plant,Capacity placeholder value,yes,Tag 'plant:output:electricity' contains placeholder value 'yes' instead of actual capacity,2026-07-01 02:31:14.323108,https://www.openstreetmap.org/way/1476740199,-2.3308028508587375,34.76565941800022
way/1476740200,1476740200,way,"Tanzania, United Republic of",plant,Capacity placeholder value,yes,Tag 'plant:output:electricity' contains placeholder value 'yes' instead of actual capacity,2026-07-01 02:31:14.323269,https://www.openstreetmap.org/way/1476740200,-2.3308572179996787,34.76564817619851
way/1476797670,1476797670,way,"Tanzania, United Republic of",plant,Capacity placeholder value,yes,Tag 'plant:output:electricity' contains placeholder value 'yes' instead of actual capacity,2026-07-01 02:31:14.323429,https://www.openstreetmap.org/way/1476797670,-2.38615925,34.755955750000005
way/1476797671,1476797671,way,"Tanzania, United Republic of",plant,Capacity placeholder value,yes,Tag 'plant:output:electricity' contains placeholder value 'yes' instead of actual capacity,2026-07-01 02:31:14.323591,https://www.openstreetmap.org/way/1476797671,-2.3861773946069103,34.756007179800434
way/1476797672,1476797672,way,"Tanzania, United Republic of",plant,Capacity placeholder value,yes,Tag 'plant:output:electricity' contains placeholder value 'yes' instead of actual capacity,2026-07-01 02:31:14.323778,https://www.openstreetmap.org/way/1476797672,-2.3861992,34.75606125
way/1476797673,1476797673,way,"Tanzania, United Republic of",plant,Capacity placeholder value,yes,Tag 'plant:output:electricity' contains placeholder value 'yes' instead of actual capacity,2026-07-01 02:31:14.323950,https://www.openstreetmap.org/way/1476797673,-2.3862282500000003,34.75593135
way/1476797674,1476797674,way,"Tanzania, United Republic of",plant,Capacity placeholder value,yes,Tag 'plant:output:electricity' contains placeholder value 'yes' instead of actual capacity,2026-07-01 02:31:14.324111,https://www.openstreetmap.org/way/1476797674,-2.3862417554211373,34.755981220208476
way/1476797675,1476797675,way,"Tanzania, United Republic of",plant,Capacity placeholder value,yes,Tag 'plant:output:electricity' contains placeholder value 'yes' instead of actual capacity,2026-07-01 02:31:14.324271,https://www.openstreetmap.org/way/1476797675,-2.386261464796005,34.756036271222285
way/1476797676,1476797676,way,"Tanzania, United Republic of",plant,Capacity placeholder value,yes,Tag 'plant:output:electricity' contains placeholder value 'yes' instead of actual capacity,2026-07-01 02:31:14.324432,https://www.openstreetmap.org/way/1476797676,-2.38628225,34.755910549999996
way/1476797677,1476797677,way,"Tanzania, United Republic of",plant,Capacity placeholder value,yes,Tag 'plant:output:electricity' contains placeholder value 'yes' instead of actual capacity,2026-07-01 02:31:14.324591,https://www.openstreetmap.org/way/1476797677,-2.38635805,34.75588665000001
way/1476797678,1476797678,way,"Tanzania, United Republic of",plant,Capacity placeholder value,yes,Tag 'plant:output:electricity' contains placeholder value 'yes' instead of actual capacity,2026-07-01 02:31:14.324777,https://www.openstreetmap.org/way/1476797678,-2.3863684445788635,34.755930279791535
way/1476797679,1476797679,way,"Tanzania, United Republic of",plant,Capacity placeholder value,yes,Tag 'plant:output:electricity' contains placeholder value 'yes' instead of actual capacity,2026-07-01 02:31:14.324941,https://www.openstreetmap.org/way/1476797679,-2.3863829701854438,34.75597704141005
way/1476797688,1476797688,way,"Tanzania, United Republic of",plant,Capacity placeholder value,yes,Tag 'plant:output:electricity' contains placeholder value 'yes' instead of actual capacity,2026-07-01 02:31:14.325111,https://www.openstreetmap.org/way/1476797688,-2.3863176412707405,34.75611446476641
way/1478646866,1478646866,way,"Tanzania, United Republic of",plant,Capacity placeholder value,yes,Tag 'plant:output:electricity' contains placeholder value 'yes' instead of actual capacity,2026-07-01 02:31:14.325272,https://www.openstreetmap.org/way/1478646866,-2.3217156769385667,34.44040112591959
way/1478733275,1478733275,way,"Tanzania, United Republic of",plant,Capacity placeholder value,yes,Tag 'plant:output:electricity' contains placeholder value 'yes' instead of actual capacity,2026-07-01 02:31:14.325432,https://www.openstreetmap.org/way/1478733275,-2.3195769709673186,34.44154805822585
way/1478733276,1478733276,way,"Tanzania, United Republic of",plant,Capacity placeholder value,yes,Tag 'plant:output:electricity' contains placeholder value 'yes' instead of actual capacity,2026-07-01 02:31:14.325593,https://www.openstreetmap.org/way/1478733276,-2.319535106438047,34.441753579031804
way/1478733277,1478733277,way,"Tanzania, United Republic of",plant,Capacity placeholder value,yes,Tag 'plant:output:electricity' contains placeholder value 'yes' instead of actual capacity,2026-07-01 02:31:14.325778,https://www.openstreetmap.org/way/1478733277,-2.319477593561952,34.44200822096819
way/1478733278,1478733278,way,"Tanzania, United Republic of",plant,Capacity placeholder value,yes,Tag 'plant:output:electricity' contains placeholder value 'yes' instead of actual capacity,2026-07-01 02:31:14.325943,https://www.openstreetmap.org/way/1478733278,-2.3194243709751725,34.44218720827507
way/1478733279,1478733279,way,"Tanzania, United Republic of",plant,Capacity placeholder value,yes,Tag 'plant:output:electricity' contains placeholder value 'yes' instead of actual capacity,2026-07-01 02:31:14.326104,https://www.openstreetmap.org/way/1478733279,-2.3196489935619518,34.44226072096819
way/1478733280,1478733280,way,"Tanzania, United Republic of",plant,Capacity placeholder value,yes,Tag 'plant:output:electricity' contains placeholder value 'yes' instead of actual capacity,2026-07-01 02:31:14.326264,https://www.openstreetmap.org/way/1478733280,-2.3197362999999998,34.44202525
way/1479012312,1479012312,way,"Tanzania, United Republic of",plant,Capacity placeholder value,yes,Tag 'plant:output:electricity' contains placeholder value 'yes' instead of actual capacity,2026-07-01 02:31:14.326426,https://www.openstreetmap.org/way/1479012312,-2.325928644020909,34.484066174802315
way/1479499563,1479499563,way,"Tanzania, United Republic of",plant,Capacity placeholder value,yes,Tag 'plant:output:electricity' contains placeholder value 'yes' instead of actual capacity,2026-07-01 02:31:14.326588,https://www.openstreetmap.org/way/1479499563,-2.3163164999999997,34.47782175
way/1483352566,1483352566,way,"Tanzania, United Republic of",plant,Capacity placeholder value,yes,Tag 'plant:output:electricity' contains placeholder value 'yes' instead of actual capacity,2026-07-01 02:31:14.326853,https://www.openstreetmap.org/way/1483352566,-2.381769113924487,34.869080325729904
way/1483352574,1483352574,way,"Tanzania, United Republic of",plant,Capacity placeholder value,yes,Tag 'plant:output:electricity' contains placeholder value 'yes' instead of actual capacity,2026-07-01 02:31:14.327030,https://www.openstreetmap.org/way/1483352574,-2.4036982830792133,34.883779949445945
way/1483352575,1483352575,way,"Tanzania, United Republic of",plant,Capacity placeholder value,yes,Tag 'plant:output:electricity' contains placeholder value 'yes' instead of actual capacity,2026-07-01 02:31:14.327195,https://www.openstreetmap.org/way/1483352575,-2.4037620264138586,34.88380637840285
way/1484236669,1484236669,way,"Tanzania, United Republic of",plant,Capacity placeholder value,yes,Tag 'plant:output:electricity' contains placeholder value 'yes' instead of actual capacity,2026-07-01 02:31:14.327358,https://www.openstreetmap.org/way/1484236669,-2.4118261245996515,35.07474178734819
way/1484236670,1484236670,way,"Tanzania, United Republic of",plant,Capacity placeholder value,yes,Tag 'plant:output:electricity' contains placeholder value 'yes' instead of actual capacity,2026-07-01 02:31:14.327520,https://www.openstreetmap.org/way/1484236670,-2.4120621862697016,35.07483607432186
way/1484825952,1484825952,way,"Tanzania, United Republic of",plant,Capacity placeholder value,yes,Tag 'plant:output:electricity' contains placeholder value 'yes' instead of actual capacity,2026-07-01 02:31:14.327681,https://www.openstreetmap.org/way/1484825952,-3.022520025802846,34.9896081604964
way/1487232572,1487232572,way,"Tanzania, United Republic of",plant,Capacity placeholder value,yes,Tag 'plant:output:electricity' contains placeholder value 'yes' instead of actual capacity,2026-07-01 02:31:14.327874,https://www.openstreetmap.org/way/1487232572,-3.0229337000000003,34.7155307
way/1487977855,1487977855,way,"Tanzania, United Republic of",plant,Capacity placeholder value,yes,Tag 'plant:output:electricity' contains placeholder value 'yes' instead of actual capacity,2026-07-01 02:31:14.328037,https://www.openstreetmap.org/way/1487977855,-2.926258228356474,34.678341003666766
way/1487977856,1487977856,way,"Tanzania, United Republic of",plant,Capacity placeholder value,yes,Tag 'plant:output:electricity' contains placeholder value 'yes' instead of actual capacity,2026-07-01 02:31:14.328199,https://www.openstreetmap.org/way/1487977856,-2.9262547070333156,34.67841754180622
way/1494335157,1494335157,way,"Tanzania, United Republic of",plant,Capacity placeholder value,yes,Tag 'plant:output:electricity' contains placeholder value 'yes' instead of actual capacity,2026-07-01 02:31:14.328360,https://www.openstreetmap.org/way/1494335157,-2.2977094000000005,34.557528049999995
node/11394671409,11394671409,node,"Tanzania, United Republic of",plant,Missing output tag,none,"tags: {'name': 'Ngozi Geothermal Project', 'operator': 'Tanzania Geothermal Development Company', 'plant:method': 'geothermal', 'plant:output': '70 MW', 'plant:source': 'geothermal', 'power': 'plant'}",2026-07-01 02:31:14.328443,https://www.openstreetmap.org/node/11394671409,-9.0247492,33.5669575
way/1105610948,1105610948,way,Zambia,plant,Capacity regex no match,590kW,Tag 'plant:output:electricity' has value '590kW' which could not be parsed,2026-07-01 02:34:41.068344,https://www.openstreetmap.org/way/1105610948,-12.355172450000001,24.849492050000006
way/1112054219,1112054219,way,Zambia,plant,Missing output tag,none,"tags: {'landuse': 'industrial', 'operator': 'Copperbelt Energy Corporation', 'plant:method': 'combustion', 'plant:source': 'diesel', 'power': 'plant'}",2026-07-01 02:34:41.068576,https://www.openstreetmap.org/way/1112054219,-12.382450853858796,27.83214040570223
way/1112354530,1112354530,way,Zambia,plant,Missing output tag,none,"tags: {'landuse': 'industrial', 'name': 'Lumwana Gensets', 'operator': 'Barrick Gold', 'plant:method': 'combustion', 'plant:source': 'diesel', 'power': 'plant'}",2026-07-01 02:34:41.068819,https://www.openstreetmap.org/way/1112354530,-12.251448314065664,25.86473975555035
way/1112360676,1112360676,way,Zambia,plant,Missing output tag,none,"tags: {'landuse': 'industrial', 'name': 'Sentinel Mine Gensets', 'operator': 'First Quantum', 'plant:method': 'combustion', 'plant:source': 'diesel', 'power': 'plant'}",2026-07-01 02:34:41.069034,https://www.openstreetmap.org/way/1112360676,-12.280468732580088,25.298470672122377
way/1148977407,1148977407,way,Zambia,plant,Missing output tag,none,"tags: {'landuse': 'industrial', 'operator': 'Copperbelt Energy Corporation', 'plant:method': 'combustion', 'plant:source': 'diesel', 'power': 'plant'}",2026-07-01 02:34:41.069412,https://www.openstreetmap.org/way/1148977407,-12.656267152917888,28.106366265830015
way/1416464967,1416464967,way,Zambia,plant,Missing source tag,none,"tags: {'landuse': 'industrial', 'power': 'plant'}",2026-07-01 02:34:41.070673,https://www.openstreetmap.org/way/1416464967,-12.227809437334933,25.447144281728622
way/1428002465,1428002465,way,Zambia,plant,Capacity placeholder value,yes,Tag 'plant:output:electricity' contains placeholder value 'yes' instead of actual capacity,2026-07-01 02:34:41.072085,https://www.openstreetmap.org/way/1428002465,-14.591901966747113,24.8940752646183
way/1449860636,1449860636,way,Zambia,plant,Capacity placeholder value,yes,Tag 'plant:output:electricity' contains placeholder value 'yes' instead of actual capacity,2026-07-01 02:34:41.072991,https://www.openstreetmap.org/way/1449860636,-9.041247625985436,31.535084815276402
way/802233312,802233312,way,Zimbabwe,plant,Capacity regex no match,99kW,Tag 'plant:output:electricity' has value '99kW' which could not be parsed,2026-07-01 02:37:16.201321,https://www.openstreetmap.org/way/802233312,-21.734210228241235,28.975802184372796
way/1119620243,1119620243,way,Zimbabwe,plant,Missing output tag,none,"tags: {'plant:source': 'solar', 'power': 'plant'}",2026-07-01 02:37:16.207480,https://www.openstreetmap.org/way/1119620243,-20.94259645,29.001569699999997
way/1272744744,1272744744,way,Zimbabwe,plant,Capacity placeholder value,yes,Tag 'plant:output:electricity' contains placeholder value 'yes' instead of actual capacity,2026-07-01 02:37:16.209651,https://www.openstreetmap.org/way/1272744744,-18.937770300420613,29.82428636700816
way/1273585788,1273585788,way,Zimbabwe,plant,Capacity placeholder value,yes,Tag 'plant:output:electricity' contains placeholder value 'yes' instead of actual capacity,2026-07-01 02:37:16.210092,https://www.openstreetmap.org/way/1273585788,-17.43239718858224,30.204776197668185
way/1424447238,1424447238,way,Zimbabwe,plant,Missing output tag,none,"tags: {'plant:source': 'solar', 'power': 'plant'}",2026-07-01 02:37:16.212563,https://www.openstreetmap.org/way/1424447238,-15.65991828605424,30.383124056895166
way/1424449217,1424449217,way,Zimbabwe,plant,Missing output tag,none,"tags: {'plant:source': 'solar', 'power': 'plant'}",2026-07-01 02:37:16.212906,https://www.openstreetmap.org/way/1424449217,-19.613264149891403,29.98360576721592
way/1442142889,1442142889,way,Zimbabwe,plant,Missing output tag,none,"tags: {'plant:source': 'solar', 'power': 'plant'}",2026-07-01 02:37:16.213117,https://www.openstreetmap.org/way/1442142889,-16.881962397816377,30.424604651589988
way/1514659228,1514659228,way,Zimbabwe,plant,Capacity placeholder value,yes,Tag 'plant:output:electricity' contains placeholder value 'yes' instead of actual capacity,2026-07-01 02:37:16.213307,https://www.openstreetmap.org/way/1514659228,-18.185783533738366,32.807279990205394
way/1515283180,1515283180,way,Zimbabwe,plant,Capacity regex no match,810 kW,Tag 'plant:output:electricity' has value '810 kW' which could not be parsed,2026-07-01 02:37:16.213668,https://www.openstreetmap.org/way/1515283180,-19.84110336560729,32.79884354753235
way/1515554562,1515554562,way,Zimbabwe,plant,Capacity placeholder value,yes,Tag 'plant:output:electricity' contains placeholder value 'yes' instead of actual capacity,2026-07-01 02:37:16.213930,https://www.openstreetmap.org/way/1515554562,-19.156382980993836,32.844358702802104
way/1515554577,1515554577,way,Zimbabwe,plant,Capacity placeholder value,yes,Tag 'plant:output:electricity' contains placeholder value 'yes' instead of actual capacity,2026-07-01 02:37:16.214127,https://www.openstreetmap.org/way/1515554577,-19.15641017628183,32.85125877755091
way/1515554598,1515554598,way,Zimbabwe,plant,Capacity placeholder value,yes,Tag 'plant:output:electricity' contains placeholder value 'yes' instead of actual capacity,2026-07-01 02:37:16.214301,https://www.openstreetmap.org/way/1515554598,-19.154431459715205,32.84909233582999
way/1515554611,1515554611,way,Zimbabwe,plant,Capacity placeholder value,yes,Tag 'plant:output:electricity' contains placeholder value 'yes' instead of actual capacity,2026-07-01 02:37:16.214496,https://www.openstreetmap.org/way/1515554611,-19.169587476593872,32.84525771459653
way/1515554645,1515554645,way,Zimbabwe,plant,Capacity placeholder value,yes,Tag 'plant:output:electricity' contains placeholder value 'yes' instead of actual capacity,2026-07-01 02:37:16.214658,https://www.openstreetmap.org/way/1515554645,-19.187037066292508,32.76854844973345
way/1515554658,1515554658,way,Zimbabwe,plant,Capacity placeholder value,yes,Tag 'plant:output:electricity' contains placeholder value 'yes' instead of actual capacity,2026-07-01 02:37:16.214885,https://www.openstreetmap.org/way/1515554658,-19.19228384513225,32.829731683203335
way/1515596134,1515596134,way,Zimbabwe,plant,Capacity placeholder value,yes,Tag 'plant:output:electricity' contains placeholder value 'yes' instead of actual capacity,2026-07-01 02:37:16.215050,https://www.openstreetmap.org/way/1515596134,-18.92151480729772,32.64131708762739
way/1515693952,1515693952,way,Zimbabwe,plant,Capacity regex no match,140 kW,Tag 'plant:output:electricity' has value '140 kW' which could not be parsed,2026-07-01 02:37:16.215218,https://www.openstreetmap.org/way/1515693952,-18.96476515556267,32.6640346602365
way/1515702018,1515702018,way,Zimbabwe,plant,Capacity placeholder value,yes,Tag 'plant:output:electricity' contains placeholder value 'yes' instead of actual capacity,2026-07-01 02:37:16.215392,https://www.openstreetmap.org/way/1515702018,-18.343039635053824,31.862032983740292
way/1515702373,1515702373,way,Zimbabwe,plant,Capacity regex no match,140 kW,Tag 'plant:output:electricity' has value '140 kW' which could not be parsed,2026-07-01 02:37:16.215562,https://www.openstreetmap.org/way/1515702373,-18.194017248025943,31.534180573408793
way/1515989422,1515989422,way,Zimbabwe,plant,Capacity placeholder value,yes,Tag 'plant:output:electricity' contains placeholder value 'yes' instead of actual capacity,2026-07-01 02:37:16.215774,https://www.openstreetmap.org/way/1515989422,-19.072174366577258,32.8453680988701
way/1519570318,1519570318,way,Zimbabwe,plant,Missing source tag,none,"tags: {'landuse': 'industrial', 'power': 'plant'}",2026-07-01 02:37:16.216052,https://www.openstreetmap.org/way/1519570318,-18.034431450407272,30.428371456875972
relation/17065128,17065128,relation,South Sudan,plant,Missing source tag,none,"tags: {'landuse': 'industrial', 'power': 'plant', 'type': 'multipolygon'}",2026-07-01 02:47:47.207172,https://www.openstreetmap.org/relation/17065128,4.843733778828722,31.636231245020852
way/257933260,257933260,way,South Sudan,plant,Capacity placeholder value,yes,Tag 'plant:output:electricity' contains placeholder value 'yes' instead of actual capacity,2026-07-01 02:47:47.207733,https://www.openstreetmap.org/way/257933260,4.812147165296364,31.556683262628574
way/257933266,257933266,way,South Sudan,plant,Capacity placeholder value,yes,Tag 'plant:output:electricity' contains placeholder value 'yes' instead of actual capacity,2026-07-01 02:47:47.207917,https://www.openstreetmap.org/way/257933266,4.81199685,31.556596199999998
way/257933271,257933271,way,South Sudan,plant,Capacity placeholder value,yes,Tag 'plant:output:electricity' contains placeholder value 'yes' instead of actual capacity,2026-07-01 02:47:47.208089,https://www.openstreetmap.org/way/257933271,4.812032008196311,31.556618258165315
way/370475568,370475568,way,South Sudan,plant,Capacity placeholder value,yes,Tag 'plant:output:electricity' contains placeholder value 'yes' instead of actual capacity,2026-07-01 02:47:47.208258,https://www.openstreetmap.org/way/370475568,4.849663734145645,31.62098854667391
way/939739445,939739445,way,South Sudan,plant,Capacity placeholder value,yes,Tag 'plant:output:electricity' contains placeholder value 'yes' instead of actual capacity,2026-07-01 02:47:47.208452,https://www.openstreetmap.org/way/939739445,7.714934030317692,27.96785582430585
way/1096431210,1096431210,way,South Sudan,plant,Capacity placeholder value,yes,Tag 'plant:output:electricity' contains placeholder value 'yes' instead of actual capacity,2026-07-01 02:47:47.209058,https://www.openstreetmap.org/way/1096431210,8.26685412109237,27.931508376329802
way/1424446119,1424446119,way,South Sudan,plant,Missing output tag,none,"tags: {'plant:source': 'solar', 'power': 'plant'}",2026-07-01 02:47:47.210064,https://www.openstreetmap.org/way/1424446119,4.700873016677895,31.7558246394351
way/1472321199,1472321199,way,South Sudan,plant,Capacity placeholder value,yes,Tag 'plant:output:electricity' contains placeholder value 'yes' instead of actual capacity,2026-07-01 02:47:47.210256,https://www.openstreetmap.org/way/1472321199,4.817762982862807,31.545186114830237
way/1472321200,1472321200,way,South Sudan,plant,Capacity placeholder value,yes,Tag 'plant:output:electricity' contains placeholder value 'yes' instead of actual capacity,2026-07-01 02:47:47.210417,https://www.openstreetmap.org/way/1472321200,4.8177157157053445,31.545175458710993
way/1472321201,1472321201,way,South Sudan,plant,Capacity placeholder value,yes,Tag 'plant:output:electricity' contains placeholder value 'yes' instead of actual capacity,2026-07-01 02:47:47.210586,https://www.openstreetmap.org/way/1472321201,4.817648500000001,31.5451711
way/1472321202,1472321202,way,South Sudan,plant,Capacity placeholder value,yes,Tag 'plant:output:electricity' contains placeholder value 'yes' instead of actual capacity,2026-07-01 02:47:47.210773,https://www.openstreetmap.org/way/1472321202,4.817729897487152,31.54538287070869
way/1472321203,1472321203,way,South Sudan,plant,Capacity placeholder value,yes,Tag 'plant:output:electricity' contains placeholder value 'yes' instead of actual capacity,2026-07-01 02:47:47.210937,https://www.openstreetmap.org/way/1472321203,4.8176747,31.545372750000002
way/1472321204,1472321204,way,South Sudan,plant,Capacity placeholder value,yes,Tag 'plant:output:electricity' contains placeholder value 'yes' instead of actual capacity,2026-07-01 02:47:47.211097,https://www.openstreetmap.org/way/1472321204,4.817613971440807,31.545365070906755
way/1472321205,1472321205,way,South Sudan,plant,Capacity placeholder value,yes,Tag 'plant:output:electricity' contains placeholder value 'yes' instead of actual capacity,2026-07-01 02:47:47.211257,https://www.openstreetmap.org/way/1472321205,4.81757157184701,31.545349518967395
way/1472321206,1472321206,way,South Sudan,plant,Capacity placeholder value,yes,Tag 'plant:output:electricity' contains placeholder value 'yes' instead of actual capacity,2026-07-01 02:47:47.211417,https://www.openstreetmap.org/way/1472321206,4.8175124,31.545342299999998
way/1472321207,1472321207,way,South Sudan,plant,Capacity placeholder value,yes,Tag 'plant:output:electricity' contains placeholder value 'yes' instead of actual capacity,2026-07-01 02:47:47.211587,https://www.openstreetmap.org/way/1472321207,4.817453752844123,31.545328740034034
way/1472795926,1472795926,way,South Sudan,plant,Capacity placeholder value,yes,Tag 'plant:output:electricity' contains placeholder value 'yes' instead of actual capacity,2026-07-01 02:47:47.211770,https://www.openstreetmap.org/way/1472795926,4.812069644886021,31.556642918807746
way/1472795927,1472795927,way,South Sudan,plant,Capacity placeholder value,yes,Tag 'plant:output:electricity' contains placeholder value 'yes' instead of actual capacity,2026-07-01 02:47:47.211931,https://www.openstreetmap.org/way/1472795927,4.812112849999999,31.556649649999997
way/1472795928,1472795928,way,South Sudan,plant,Capacity placeholder value,yes,Tag 'plant:output:electricity' contains placeholder value 'yes' instead of actual capacity,2026-07-01 02:47:47.212088,https://www.openstreetmap.org/way/1472795928,4.8121830915348855,31.55672406902859
way/1472795929,1472795929,way,South Sudan,plant,Capacity placeholder value,yes,Tag 'plant:output:electricity' contains placeholder value 'yes' instead of actual capacity,2026-07-01 02:47:47.212246,https://www.openstreetmap.org/way/1472795929,4.81222395,31.556742800000006
way/1472795933,1472795933,way,South Sudan,plant,Capacity placeholder value,yes,Tag 'plant:output:electricity' contains placeholder value 'yes' instead of actual capacity,2026-07-01 02:47:47.212405,https://www.openstreetmap.org/way/1472795933,4.8113976025740754,31.557135181999215
