id,element_id,element_type,country,unit_type,reason,keywords,details,timestamp,url,lat,lon
way/1265907375,1265907375,way,Anguilla,plant,Capacity placeholder value,yes,Tag 'plant:output:electricity' contains placeholder value 'yes' instead of actual capacity,2026-07-01 00:50:18.130686,https://www.openstreetmap.org/way/1265907375,18.201309833970893,-63.05347808740461
way/28070491,28070491,way,Antigua and Barbuda,plant,Missing source tag,none,"tags: {'landuse': 'industrial', 'name': 'Crabbs Power Plant', 'operator': 'APUA', 'plant:method': 'combustion', 'power': 'plant'}",2026-07-01 00:54:12.648699,https://www.openstreetmap.org/way/28070491,17.125309432198453,-61.759690736524
way/1009396527,1009396527,way,Antigua and Barbuda,plant,Capacity placeholder value,yes,Tag 'plant:output:electricity' contains placeholder value 'yes' instead of actual capacity,2026-07-01 00:54:12.649291,https://www.openstreetmap.org/way/1009396527,17.055674976826495,-61.74093735643158
way/1035187314,1035187314,way,Antigua and Barbuda,plant,Capacity placeholder value,yes,Tag 'plant:output:electricity' contains placeholder value 'yes' instead of actual capacity,2026-07-01 00:54:12.649576,https://www.openstreetmap.org/way/1035187314,17.154590443317673,-61.753459908350244
way/1035187315,1035187315,way,Antigua and Barbuda,plant,Capacity placeholder value,yes,Tag 'plant:output:electricity' contains placeholder value 'yes' instead of actual capacity,2026-07-01 00:54:12.649736,https://www.openstreetmap.org/way/1035187315,17.15484486819653,-61.75487092681509
way/178169252,178169252,way,Bahamas,plant,Missing source tag,none,"tags: {'frequency': '60', 'landuse': 'industrial', 'operator': 'Grand Bahama Power Company', 'plant:output:electricity': 'yes', 'power': 'plant', 'website': 'https://gb-power.com/'}",2026-07-01 00:55:28.940074,https://www.openstreetmap.org/way/178169252,26.51896636310033,-78.75121666395121
way/186787347,186787347,way,Bahamas,plant,Missing source tag,none,"tags: {'area': 'yes', 'name': 'BEC Power Plant', 'operator': 'BEC', 'power': 'plant'}",2026-07-01 00:55:28.940267,https://www.openstreetmap.org/way/186787347,26.362604944012297,-77.04181728301155
way/302164791,302164791,way,Bahamas,plant,Missing output tag,none,"tags: {'alt_name': 'Bahamas Power & Light (BPL)', 'landuse': 'industrial', 'name': 'Bahamas Electricity Corporation (BEC)', 'plant:source': 'diesel', 'power': 'plant', 'short_name': 'BEC', 'type': 'site'}",2026-07-01 00:55:28.940616,https://www.openstreetmap.org/way/302164791,25.036582545860515,-77.35783959649727
way/369289724,369289724,way,Bahamas,plant,Missing source tag,none,"tags: {'landuse': 'industrial', 'name': 'Bahamas Electricity Corporation (BEC)', 'power': 'plant', 'type': 'site', 'website': 'www.bahamaselectricity.com/'}",2026-07-01 00:55:28.940892,https://www.openstreetmap.org/way/369289724,25.059349704500967,-77.34924888176946
way/369300802,369300802,way,Bahamas,plant,Missing output tag,none,"tags: {'landuse': 'industrial', 'name': 'Bahamas Electricity Corporation (BEC)', 'plant:source': 'diesel', 'power': 'plant', 'type': 'site'}",2026-07-01 00:55:28.941376,https://www.openstreetmap.org/way/369300802,25.006529172314234,-77.53821450609432
way/731196852,731196852,way,Bahamas,plant,Missing source tag,none,"tags: {'landuse': 'industrial', 'name': ""Bahama's Electricity Cooperation"", 'power': 'plant'}",2026-07-01 00:55:28.941540,https://www.openstreetmap.org/way/731196852,24.893713446642575,-76.17442332591752
way/1082366781,1082366781,way,Bahamas,plant,Missing source tag,none,"tags: {'landuse': 'industrial', 'name': 'Blue Hills Power Station', 'power': 'plant'}",2026-07-01 00:55:28.941724,https://www.openstreetmap.org/way/1082366781,25.038448901810582,-77.35563502543883
way/1085400613,1085400613,way,Bahamas,plant,Missing source tag,none,"tags: {'landuse': 'industrial', 'name': 'Clifton Pier Power Plant', 'operator': 'Bahamas Power and Light', 'plant:output:electricity': '225 MW', 'power': 'plant', 'source': 'https://www.bplco.com/wp-content/uploads/2021/09/EIA-BPL-Power-Plant-FINAL-1Jun21.pdf;https://www.bplco.com/state-of-the-art-sustainable-power/'}",2026-07-01 00:55:28.941901,https://www.openstreetmap.org/way/1085400613,25.004121421993318,-77.53916381741523
way/1195390294,1195390294,way,Bahamas,plant,Capacity placeholder value,yes,Tag 'plant:output:electricity' contains placeholder value 'yes' instead of actual capacity,2026-07-01 00:55:28.942123,https://www.openstreetmap.org/way/1195390294,26.510461075741123,-78.73182714369221
way/1195397150,1195397150,way,Bahamas,plant,Capacity placeholder value,yes,Tag 'plant:output:electricity' contains placeholder value 'yes' instead of actual capacity,2026-07-01 00:55:28.942267,https://www.openstreetmap.org/way/1195397150,26.542931743817736,-78.69133984730253
way/1195400680,1195400680,way,Bahamas,plant,Capacity placeholder value,yes,Tag 'plant:output:electricity' contains placeholder value 'yes' instead of actual capacity,2026-07-01 00:55:28.942474,https://www.openstreetmap.org/way/1195400680,26.5536044498994,-78.63576790133814
way/1222998409,1222998409,way,Bahamas,plant,Capacity placeholder value,yes,Tag 'plant:output:electricity' contains placeholder value 'yes' instead of actual capacity,2026-07-01 00:55:28.942617,https://www.openstreetmap.org/way/1222998409,26.49588031049759,-77.08018707410201
way/1222998411,1222998411,way,Bahamas,plant,Capacity placeholder value,yes,Tag 'plant:output:electricity' contains placeholder value 'yes' instead of actual capacity,2026-07-01 00:55:28.942744,https://www.openstreetmap.org/way/1222998411,26.51416206165171,-77.0733379366285
way/1302903345,1302903345,way,Bahamas,plant,Missing output tag,none,"tags: {'landuse': 'industrial', 'plant:source': 'solar', 'power': 'plant'}",2026-07-01 00:55:28.942868,https://www.openstreetmap.org/way/1302903345,26.089390401146275,-77.53762802103505
way/1324717485,1324717485,way,Bahamas,plant,Capacity placeholder value,yes,Tag 'plant:output:electricity' contains placeholder value 'yes' instead of actual capacity,2026-07-01 00:55:28.943045,https://www.openstreetmap.org/way/1324717485,25.554775982819535,-79.2803593484631
way/1469216528,1469216528,way,Bahamas,plant,Missing output tag,none,"tags: {'plant:method': 'photovoltaic', 'plant:source': 'solar', 'power': 'plant'}",2026-07-01 00:55:28.943201,https://www.openstreetmap.org/way/1469216528,25.415466595175683,-77.89736602711217
way/385133340,385133340,way,Barbados,plant,Missing output tag,none,"tags: {'landuse': 'industrial', 'name:en': 'Spring Garden Power Plant', 'plant:source': 'diesel', 'power': 'plant', 'source': 'KG Ground Survey 2015;https://www.gem.wiki/Spring_Garden_power_station'}",2026-07-01 00:59:05.630171,https://www.openstreetmap.org/way/385133340,13.125570243355751,-59.63205924806875
way/938041600,938041600,way,Barbados,plant,Capacity placeholder value,yes,Tag 'plant:output:electricity' contains placeholder value 'yes' instead of actual capacity,2026-07-01 00:59:05.630716,https://www.openstreetmap.org/way/938041600,13.294551006261928,-59.63049702125539
way/938042555,938042555,way,Barbados,plant,Capacity placeholder value,yes,Tag 'plant:output:electricity' contains placeholder value 'yes' instead of actual capacity,2026-07-01 00:59:05.630868,https://www.openstreetmap.org/way/938042555,13.161710634425754,-59.49501881258411
way/945024198,945024198,way,Barbados,plant,Capacity placeholder value,yes,Tag 'plant:output:electricity' contains placeholder value 'yes' instead of actual capacity,2026-07-01 00:59:05.630997,https://www.openstreetmap.org/way/945024198,13.134411926490195,-59.50035086521773
way/945750149,945750149,way,Barbados,plant,Capacity placeholder value,yes,Tag 'plant:output:electricity' contains placeholder value 'yes' instead of actual capacity,2026-07-01 00:59:05.631146,https://www.openstreetmap.org/way/945750149,13.101247100808077,-59.49579424602391
way/961074676,961074676,way,Barbados,plant,Capacity placeholder value,yes,Tag 'plant:output:electricity' contains placeholder value 'yes' instead of actual capacity,2026-07-01 00:59:05.631321,https://www.openstreetmap.org/way/961074676,13.090011661766464,-59.57636594181255
way/992078319,992078319,way,Barbados,plant,Capacity placeholder value,yes,Tag 'plant:output:electricity' contains placeholder value 'yes' instead of actual capacity,2026-07-01 00:59:05.631448,https://www.openstreetmap.org/way/992078319,13.154791171957887,-59.59998112802167
way/993182966,993182966,way,Barbados,plant,Capacity placeholder value,yes,Tag 'plant:output:electricity' contains placeholder value 'yes' instead of actual capacity,2026-07-01 00:59:05.631654,https://www.openstreetmap.org/way/993182966,13.108647815089876,-59.52908222473489
way/1035874728,1035874728,way,Barbados,plant,Capacity placeholder value,yes,Tag 'plant:output:electricity' contains placeholder value 'yes' instead of actual capacity,2026-07-01 00:59:05.631779,https://www.openstreetmap.org/way/1035874728,13.114322517515836,-59.52712289181244
way/1051875764,1051875764,way,Barbados,plant,Capacity placeholder value,yes,Tag 'plant:output:electricity' contains placeholder value 'yes' instead of actual capacity,2026-07-01 00:59:05.631903,https://www.openstreetmap.org/way/1051875764,13.11365446366196,-59.53919211131347
way/1051876107,1051876107,way,Barbados,plant,Capacity placeholder value,yes,Tag 'plant:output:electricity' contains placeholder value 'yes' instead of actual capacity,2026-07-01 00:59:05.632049,https://www.openstreetmap.org/way/1051876107,13.102711519981701,-59.486963069445984
way/1051876108,1051876108,way,Barbados,plant,Capacity placeholder value,yes,Tag 'plant:output:electricity' contains placeholder value 'yes' instead of actual capacity,2026-07-01 00:59:05.632205,https://www.openstreetmap.org/way/1051876108,13.10199975191593,-59.48892413973416
way/1061142986,1061142986,way,Barbados,plant,Capacity placeholder value,yes,Tag 'plant:output:electricity' contains placeholder value 'yes' instead of actual capacity,2026-07-01 00:59:05.632564,https://www.openstreetmap.org/way/1061142986,13.11727387940791,-59.46780723857053
way/1071158178,1071158178,way,Barbados,plant,Capacity placeholder value,yes,Tag 'plant:output:electricity' contains placeholder value 'yes' instead of actual capacity,2026-07-01 00:59:05.632732,https://www.openstreetmap.org/way/1071158178,13.077592352782732,-59.49694378272806
way/1088955811,1088955811,way,Barbados,plant,Capacity placeholder value,yes,Tag 'plant:output:electricity' contains placeholder value 'yes' instead of actual capacity,2026-07-01 00:59:05.632852,https://www.openstreetmap.org/way/1088955811,13.195435188852551,-59.63642023302005
way/1094609702,1094609702,way,Barbados,plant,Capacity placeholder value,yes,Tag 'plant:output:electricity' contains placeholder value 'yes' instead of actual capacity,2026-07-01 00:59:05.633089,https://www.openstreetmap.org/way/1094609702,13.269079204533313,-59.62677555759429
way/1094609703,1094609703,way,Barbados,plant,Missing source tag,none,"tags: {'landuse': 'industrial', 'power': 'plant'}",2026-07-01 00:59:05.633252,https://www.openstreetmap.org/way/1094609703,13.267173318163769,-59.62655976552866
way/1102938240,1102938240,way,Barbados,plant,Capacity placeholder value,yes,Tag 'plant:output:electricity' contains placeholder value 'yes' instead of actual capacity,2026-07-01 00:59:05.633372,https://www.openstreetmap.org/way/1102938240,13.332781826576767,-59.61167265631647
way/1144906840,1144906840,way,Barbados,plant,Capacity placeholder value,yes,Tag 'plant:output:electricity' contains placeholder value 'yes' instead of actual capacity,2026-07-01 00:59:05.633544,https://www.openstreetmap.org/way/1144906840,13.19054723605009,-59.56633182334127
way/1173079585,1173079585,way,Barbados,plant,Capacity placeholder value,yes,Tag 'plant:output:electricity' contains placeholder value 'yes' instead of actual capacity,2026-07-01 00:59:05.634271,https://www.openstreetmap.org/way/1173079585,13.123495301577305,-59.611990938530724
way/1192115468,1192115468,way,Barbados,plant,Capacity placeholder value,yes,Tag 'plant:output:electricity' contains placeholder value 'yes' instead of actual capacity,2026-07-01 00:59:05.634513,https://www.openstreetmap.org/way/1192115468,13.103982123628311,-59.49522278484676
way/1193058999,1193058999,way,Barbados,plant,Capacity placeholder value,yes,Tag 'plant:output:electricity' contains placeholder value 'yes' instead of actual capacity,2026-07-01 00:59:05.634680,https://www.openstreetmap.org/way/1193058999,13.083010276753784,-59.55828109710813
way/1235301236,1235301236,way,Barbados,plant,Capacity placeholder value,yes,Tag 'plant:output:electricity' contains placeholder value 'yes' instead of actual capacity,2026-07-01 00:59:05.634803,https://www.openstreetmap.org/way/1235301236,13.331950374854967,-59.61099255641572
way/1235301237,1235301237,way,Barbados,plant,Capacity placeholder value,yes,Tag 'plant:output:electricity' contains placeholder value 'yes' instead of actual capacity,2026-07-01 00:59:05.634925,https://www.openstreetmap.org/way/1235301237,13.327319611841098,-59.60865879100388
way/1236165891,1236165891,way,Barbados,plant,Missing source tag,none,"tags: {'landuse': 'industrial', 'power': 'plant'}",2026-07-01 00:59:05.635083,https://www.openstreetmap.org/way/1236165891,13.10084535739163,-59.60129637178765
way/1241551025,1241551025,way,Barbados,plant,Capacity placeholder value,yes,Tag 'plant:output:electricity' contains placeholder value 'yes' instead of actual capacity,2026-07-01 00:59:05.635225,https://www.openstreetmap.org/way/1241551025,13.121033646491604,-59.4460257872919
way/1288161382,1288161382,way,Barbados,plant,Capacity placeholder value,yes,Tag 'plant:output:electricity' contains placeholder value 'yes' instead of actual capacity,2026-07-01 00:59:05.635340,https://www.openstreetmap.org/way/1288161382,13.187315594420577,-59.54724643144072
way/1301814745,1301814745,way,Barbados,plant,Capacity placeholder value,yes,Tag 'plant:output:electricity' contains placeholder value 'yes' instead of actual capacity,2026-07-01 00:59:05.635454,https://www.openstreetmap.org/way/1301814745,13.116882676691425,-59.593469553009875
way/1408706210,1408706210,way,Barbados,plant,Capacity placeholder value,yes,Tag 'plant:output:electricity' contains placeholder value 'yes' instead of actual capacity,2026-07-01 00:59:05.635672,https://www.openstreetmap.org/way/1408706210,13.138814494979709,-59.50244440735523
way/1414981282,1414981282,way,Barbados,plant,Capacity placeholder value,yes,Tag 'plant:output:electricity' contains placeholder value 'yes' instead of actual capacity,2026-07-01 00:59:05.635841,https://www.openstreetmap.org/way/1414981282,13.163217537117584,-59.60914243172488
way/1414981283,1414981283,way,Barbados,plant,Capacity placeholder value,yes,Tag 'plant:output:electricity' contains placeholder value 'yes' instead of actual capacity,2026-07-01 00:59:05.635966,https://www.openstreetmap.org/way/1414981283,13.162446162853577,-59.609911315398726
way/1417439854,1417439854,way,Barbados,plant,Missing source tag,none,"tags: {'landuse': 'industrial', 'power': 'plant'}",2026-07-01 00:59:05.636104,https://www.openstreetmap.org/way/1417439854,13.115081028201251,-59.486666121814025
way/1421832039,1421832039,way,Barbados,plant,Capacity placeholder value,yes,Tag 'plant:output:electricity' contains placeholder value 'yes' instead of actual capacity,2026-07-01 00:59:05.636412,https://www.openstreetmap.org/way/1421832039,13.179124177892602,-59.556905882618125
way/1421832040,1421832040,way,Barbados,plant,Capacity placeholder value,yes,Tag 'plant:output:electricity' contains placeholder value 'yes' instead of actual capacity,2026-07-01 00:59:05.636632,https://www.openstreetmap.org/way/1421832040,13.178912989911414,-59.55595611938958
way/1424290949,1424290949,way,Barbados,plant,Capacity placeholder value,yes,Tag 'plant:output:electricity' contains placeholder value 'yes' instead of actual capacity,2026-07-01 00:59:05.636783,https://www.openstreetmap.org/way/1424290949,13.133999016695817,-59.45822396852053
way/1463846517,1463846517,way,Barbados,plant,Capacity placeholder value,yes,Tag 'plant:output:electricity' contains placeholder value 'yes' instead of actual capacity,2026-07-01 00:59:05.636924,https://www.openstreetmap.org/way/1463846517,13.25176595523533,-59.62429174743274
way/614268538,614268538,way,Belize,plant,Capacity regex no match,480 kW,Tag 'plant:output:electricity' has value '480 kW' which could not be parsed,2026-07-01 01:08:09.339831,https://www.openstreetmap.org/way/614268538,17.245742993506635,-88.75969662465617
way/979405227,979405227,way,Belize,plant,Capacity placeholder value,yes,Tag 'plant:output:electricity' contains placeholder value 'yes' instead of actual capacity,2026-07-01 01:08:09.340203,https://www.openstreetmap.org/way/979405227,17.249997350693697,-89.00357159521757
way/1204308771,1204308771,way,Belize,plant,Capacity placeholder value,yes,Tag 'plant:output:electricity' contains placeholder value 'yes' instead of actual capacity,2026-07-01 01:08:09.340541,https://www.openstreetmap.org/way/1204308771,17.297272268585612,-89.05171688152274
way/1475531884,1475531884,way,Belize,plant,Capacity placeholder value,yes,Tag 'plant:output:electricity' contains placeholder value 'yes' instead of actual capacity,2026-07-01 01:08:09.340982,https://www.openstreetmap.org/way/1475531884,17.283075794540267,-89.0335087474922
way/1136859023,1136859023,way,Cayman Islands,plant,Missing output tag,none,"tags: {'landuse': 'industrial', 'name': 'CUC North Sound Road Power Plant', 'operator': 'Caribbean Utilities Company', 'plant:source': 'diesel', 'power': 'plant', 'source': 'https://www.bwsc.com/Files/Files/PDF/Project%20brochures/Turnkey%20contractor/Central%20America%20and%20Caribbean/BWSC_Caribbean_Cayman_IV_30-0235.pdf'}",2026-07-01 01:16:56.340985,https://www.openstreetmap.org/way/1136859023,19.303209516192915,-81.36374702486296
relation/10699139,10699139,relation,Costa Rica,plant,Missing output tag,none,"tags: {'name': 'Eólico del Valle Central', 'plant:source': 'wind', 'power': 'plant', 'start_date': '2012', 'type': 'site'}",2026-07-01 01:22:25.659493,https://www.openstreetmap.org/relation/10699139,9.88878181520433,-84.19427242115317
node/6624909049,6624909049,node,Costa Rica,generator,Capacity regex no match,900 kW,Tag 'generator:output:electricity' has value '900 kW' which could not be parsed,2026-07-01 01:22:25.661728,https://www.openstreetmap.org/node/6624909049,10.7195369,-85.2628183
node/6624909044,6624909044,node,Costa Rica,generator,Capacity regex no match,900 kW,Tag 'generator:output:electricity' has value '900 kW' which could not be parsed,2026-07-01 01:22:25.661763,https://www.openstreetmap.org/node/6624909044,10.7217468,-85.267674
node/6624909082,6624909082,node,Costa Rica,generator,Capacity regex no match,900 kW,Tag 'generator:output:electricity' has value '900 kW' which could not be parsed,2026-07-01 01:22:25.661785,https://www.openstreetmap.org/node/6624909082,10.7143804,-85.2571421
node/6624909081,6624909081,node,Costa Rica,generator,Capacity regex no match,900 kW,Tag 'generator:output:electricity' has value '900 kW' which could not be parsed,2026-07-01 01:22:25.661804,https://www.openstreetmap.org/node/6624909081,10.7149396,-85.2579552
node/6624909076,6624909076,node,Costa Rica,generator,Capacity regex no match,900 kW,Tag 'generator:output:electricity' has value '900 kW' which could not be parsed,2026-07-01 01:22:25.661821,https://www.openstreetmap.org/node/6624909076,10.7170647,-85.2614678
node/6624909048,6624909048,node,Costa Rica,generator,Capacity regex no match,900 kW,Tag 'generator:output:electricity' has value '900 kW' which could not be parsed,2026-07-01 01:22:25.661840,https://www.openstreetmap.org/node/6624909048,10.7196035,-85.2639275
node/6624909075,6624909075,node,Costa Rica,generator,Capacity regex no match,900 kW,Tag 'generator:output:electricity' has value '900 kW' which could not be parsed,2026-07-01 01:22:25.661857,https://www.openstreetmap.org/node/6624909075,10.7173204,-85.2623297
node/6624909047,6624909047,node,Costa Rica,generator,Capacity regex no match,900 kW,Tag 'generator:output:electricity' has value '900 kW' which could not be parsed,2026-07-01 01:22:25.661875,https://www.openstreetmap.org/node/6624909047,10.7204996,-85.2644882
node/6624909080,6624909080,node,Costa Rica,generator,Capacity regex no match,900 kW,Tag 'generator:output:electricity' has value '900 kW' which could not be parsed,2026-07-01 01:22:25.661891,https://www.openstreetmap.org/node/6624909080,10.7155468,-85.2585732
node/6624909079,6624909079,node,Costa Rica,generator,Capacity regex no match,900 kW,Tag 'generator:output:electricity' has value '900 kW' which could not be parsed,2026-07-01 01:22:25.661906,https://www.openstreetmap.org/node/6624909079,10.716122,-85.2590773
node/6624909074,6624909074,node,Costa Rica,generator,Capacity regex no match,900 kW,Tag 'generator:output:electricity' has value '900 kW' which could not be parsed,2026-07-01 01:22:25.661921,https://www.openstreetmap.org/node/6624909074,10.717592,-85.2631265
node/6624909046,6624909046,node,Costa Rica,generator,Capacity regex no match,900 kW,Tag 'generator:output:electricity' has value '900 kW' which could not be parsed,2026-07-01 01:22:25.661935,https://www.openstreetmap.org/node/6624909046,10.7205057,-85.2656836
node/6624909045,6624909045,node,Costa Rica,generator,Capacity regex no match,900 kW,Tag 'generator:output:electricity' has value '900 kW' which could not be parsed,2026-07-01 01:22:25.661949,https://www.openstreetmap.org/node/6624909045,10.7209113,-85.2664539
node/6624909083,6624909083,node,Costa Rica,generator,Capacity regex no match,900 kW,Tag 'generator:output:electricity' has value '900 kW' which could not be parsed,2026-07-01 01:22:25.661963,https://www.openstreetmap.org/node/6624909083,10.7139809,-85.2564591
node/6624909078,6624909078,node,Costa Rica,generator,Capacity regex no match,900 kW,Tag 'generator:output:electricity' has value '900 kW' which could not be parsed,2026-07-01 01:22:25.661977,https://www.openstreetmap.org/node/6624909078,10.7164735,-85.2599067
node/6624909077,6624909077,node,Costa Rica,generator,Capacity regex no match,900 kW,Tag 'generator:output:electricity' has value '900 kW' which could not be parsed,2026-07-01 01:22:25.661992,https://www.openstreetmap.org/node/6624909077,10.7168091,-85.2607035
node/6624909038,6624909038,node,Costa Rica,generator,Capacity regex no match,900 kW,Tag 'generator:output:electricity' has value '900 kW' which could not be parsed,2026-07-01 01:22:25.662007,https://www.openstreetmap.org/node/6624909038,10.7162856,-85.2705455
node/6624909037,6624909037,node,Costa Rica,generator,Capacity regex no match,900 kW,Tag 'generator:output:electricity' has value '900 kW' which could not be parsed,2026-07-01 01:22:25.662021,https://www.openstreetmap.org/node/6624909037,10.7155712,-85.2696952
node/6624909043,6624909043,node,Costa Rica,generator,Capacity regex no match,900 kW,Tag 'generator:output:electricity' has value '900 kW' which could not be parsed,2026-07-01 01:22:25.662036,https://www.openstreetmap.org/node/6624909043,10.7238296,-85.2691221
node/6624909042,6624909042,node,Costa Rica,generator,Capacity regex no match,900 kW,Tag 'generator:output:electricity' has value '900 kW' which could not be parsed,2026-07-01 01:22:25.662050,https://www.openstreetmap.org/node/6624909042,10.7211656,-85.2708352
node/6624909041,6624909041,node,Costa Rica,generator,Capacity regex no match,900 kW,Tag 'generator:output:electricity' has value '900 kW' which could not be parsed,2026-07-01 01:22:25.662064,https://www.openstreetmap.org/node/6624909041,10.7193614,-85.271895
node/6624909039,6624909039,node,Costa Rica,generator,Capacity regex no match,900 kW,Tag 'generator:output:electricity' has value '900 kW' which could not be parsed,2026-07-01 01:22:25.662078,https://www.openstreetmap.org/node/6624909039,10.7171817,-85.2709461
node/6624909040,6624909040,node,Costa Rica,generator,Capacity regex no match,900 kW,Tag 'generator:output:electricity' has value '900 kW' which could not be parsed,2026-07-01 01:22:25.662092,https://www.openstreetmap.org/node/6624909040,10.7182231,-85.2711618
node/6624909072,6624909072,node,Costa Rica,generator,Capacity regex no match,900 kW,Tag 'generator:output:electricity' has value '900 kW' which could not be parsed,2026-07-01 01:22:25.662106,https://www.openstreetmap.org/node/6624909072,10.7240471,-85.2570771
node/6020378767,6020378767,node,Costa Rica,generator,Capacity regex no match,900 kW,Tag 'generator:output:electricity' has value '900 kW' which could not be parsed,2026-07-01 01:22:25.662120,https://www.openstreetmap.org/node/6020378767,10.7308073,-85.2571631
node/6020378762,6020378762,node,Costa Rica,generator,Capacity regex no match,900 kW,Tag 'generator:output:electricity' has value '900 kW' which could not be parsed,2026-07-01 01:22:25.662134,https://www.openstreetmap.org/node/6020378762,10.7270101,-85.2548839
node/6020378768,6020378768,node,Costa Rica,generator,Capacity regex no match,900 kW,Tag 'generator:output:electricity' has value '900 kW' which could not be parsed,2026-07-01 01:22:25.662149,https://www.openstreetmap.org/node/6020378768,10.7313359,-85.257602
node/6020378766,6020378766,node,Costa Rica,generator,Capacity regex no match,900 kW,Tag 'generator:output:electricity' has value '900 kW' which could not be parsed,2026-07-01 01:22:25.662163,https://www.openstreetmap.org/node/6020378766,10.7300701,-85.2566535
node/6020378765,6020378765,node,Costa Rica,generator,Capacity regex no match,900 kW,Tag 'generator:output:electricity' has value '900 kW' which could not be parsed,2026-07-01 01:22:25.662177,https://www.openstreetmap.org/node/6020378765,10.7292356,-85.2563137
node/6624909073,6624909073,node,Costa Rica,generator,Capacity regex no match,900 kW,Tag 'generator:output:electricity' has value '900 kW' which could not be parsed,2026-07-01 01:22:25.662190,https://www.openstreetmap.org/node/6624909073,10.7232962,-85.256329
node/6020378764,6020378764,node,Costa Rica,generator,Capacity regex no match,900 kW,Tag 'generator:output:electricity' has value '900 kW' which could not be parsed,2026-07-01 01:22:25.662204,https://www.openstreetmap.org/node/6020378764,10.7287349,-85.2556625
node/6020378763,6020378763,node,Costa Rica,generator,Capacity regex no match,900 kW,Tag 'generator:output:electricity' has value '900 kW' which could not be parsed,2026-07-01 01:22:25.662218,https://www.openstreetmap.org/node/6020378763,10.7280255,-85.2551245
node/6020378769,6020378769,node,Costa Rica,generator,Capacity regex no match,900 kW,Tag 'generator:output:electricity' has value '900 kW' which could not be parsed,2026-07-01 01:22:25.662232,https://www.openstreetmap.org/node/6020378769,10.7321287,-85.2582673
node/6624909065,6624909065,node,Costa Rica,generator,Capacity regex no match,900 kW,Tag 'generator:output:electricity' has value '900 kW' which could not be parsed,2026-07-01 01:22:25.662246,https://www.openstreetmap.org/node/6624909065,10.7336486,-85.284314
node/6624909054,6624909054,node,Costa Rica,generator,Capacity regex no match,900 kW,Tag 'generator:output:electricity' has value '900 kW' which could not be parsed,2026-07-01 01:22:25.662260,https://www.openstreetmap.org/node/6624909054,10.733117,-85.2677849
node/6624909060,6624909060,node,Costa Rica,generator,Capacity regex no match,900 kW,Tag 'generator:output:electricity' has value '900 kW' which could not be parsed,2026-07-01 01:22:25.662274,https://www.openstreetmap.org/node/6624909060,10.7411691,-85.2727023
node/6624909070,6624909070,node,Costa Rica,generator,Capacity regex no match,900 kW,Tag 'generator:output:electricity' has value '900 kW' which could not be parsed,2026-07-01 01:22:25.662289,https://www.openstreetmap.org/node/6624909070,10.7269804,-85.2771214
node/6624909053,6624909053,node,Costa Rica,generator,Capacity regex no match,900 kW,Tag 'generator:output:electricity' has value '900 kW' which could not be parsed,2026-07-01 01:22:25.662302,https://www.openstreetmap.org/node/6624909053,10.7312281,-85.2706688
node/6624909059,6624909059,node,Costa Rica,generator,Capacity regex no match,900 kW,Tag 'generator:output:electricity' has value '900 kW' which could not be parsed,2026-07-01 01:22:25.662316,https://www.openstreetmap.org/node/6624909059,10.7397767,-85.27269
node/6624909069,6624909069,node,Costa Rica,generator,Capacity regex no match,900 kW,Tag 'generator:output:electricity' has value '900 kW' which could not be parsed,2026-07-01 01:22:25.662329,https://www.openstreetmap.org/node/6624909069,10.7300646,-85.2769648
node/6624909064,6624909064,node,Costa Rica,generator,Capacity regex no match,900 kW,Tag 'generator:output:electricity' has value '900 kW' which could not be parsed,2026-07-01 01:22:25.662343,https://www.openstreetmap.org/node/6624909064,10.7342284,-85.2850329
node/6624909063,6624909063,node,Costa Rica,generator,Capacity regex no match,900 kW,Tag 'generator:output:electricity' has value '900 kW' which could not be parsed,2026-07-01 01:22:25.662357,https://www.openstreetmap.org/node/6624909063,10.7345868,-85.2857731
node/6624909052,6624909052,node,Costa Rica,generator,Capacity regex no match,900 kW,Tag 'generator:output:electricity' has value '900 kW' which could not be parsed,2026-07-01 01:22:25.662371,https://www.openstreetmap.org/node/6624909052,10.7298961,-85.2702128
node/6624909058,6624909058,node,Costa Rica,generator,Capacity regex no match,900 kW,Tag 'generator:output:electricity' has value '900 kW' which could not be parsed,2026-07-01 01:22:25.662385,https://www.openstreetmap.org/node/6624909058,10.7362289,-85.2681054
node/6624909068,6624909068,node,Costa Rica,generator,Capacity regex no match,900 kW,Tag 'generator:output:electricity' has value '900 kW' which could not be parsed,2026-07-01 01:22:25.662398,https://www.openstreetmap.org/node/6624909068,10.7315826,-85.2817927
node/6624909051,6624909051,node,Costa Rica,generator,Capacity regex no match,900 kW,Tag 'generator:output:electricity' has value '900 kW' which could not be parsed,2026-07-01 01:22:25.662412,https://www.openstreetmap.org/node/6624909051,10.7290122,-85.2701758
node/6624909057,6624909057,node,Costa Rica,generator,Capacity regex no match,900 kW,Tag 'generator:output:electricity' has value '900 kW' which could not be parsed,2026-07-01 01:22:25.662425,https://www.openstreetmap.org/node/6624909057,10.7353692,-85.2672796
node/6624909067,6624909067,node,Costa Rica,generator,Capacity regex no match,900 kW,Tag 'generator:output:electricity' has value '900 kW' which could not be parsed,2026-07-01 01:22:25.662439,https://www.openstreetmap.org/node/6624909067,10.7315404,-85.2828764
node/6624909062,6624909062,node,Costa Rica,generator,Capacity regex no match,900 kW,Tag 'generator:output:electricity' has value '900 kW' which could not be parsed,2026-07-01 01:22:25.662453,https://www.openstreetmap.org/node/6624909062,10.742719,-85.2738361
node/6624909055,6624909055,node,Costa Rica,generator,Capacity regex no match,900 kW,Tag 'generator:output:electricity' has value '900 kW' which could not be parsed,2026-07-01 01:22:25.662491,https://www.openstreetmap.org/node/6624909055,10.7345458,-85.270373
node/6624909061,6624909061,node,Costa Rica,generator,Capacity regex no match,900 kW,Tag 'generator:output:electricity' has value '900 kW' which could not be parsed,2026-07-01 01:22:25.662505,https://www.openstreetmap.org/node/6624909061,10.7421257,-85.2730474
node/6624909071,6624909071,node,Costa Rica,generator,Capacity regex no match,900 kW,Tag 'generator:output:electricity' has value '900 kW' which could not be parsed,2026-07-01 01:22:25.662519,https://www.openstreetmap.org/node/6624909071,10.7262741,-85.2763596
node/6624909056,6624909056,node,Costa Rica,generator,Capacity regex no match,900 kW,Tag 'generator:output:electricity' has value '900 kW' which could not be parsed,2026-07-01 01:22:25.662533,https://www.openstreetmap.org/node/6624909056,10.7357325,-85.2704593
node/6624909066,6624909066,node,Costa Rica,generator,Capacity regex no match,900 kW,Tag 'generator:output:electricity' has value '900 kW' which could not be parsed,2026-07-01 01:22:25.662548,https://www.openstreetmap.org/node/6624909066,10.7328264,-85.2835523
node/6624909050,6624909050,node,Costa Rica,generator,Capacity regex no match,900 kW,Tag 'generator:output:electricity' has value '900 kW' which could not be parsed,2026-07-01 01:22:25.662563,https://www.openstreetmap.org/node/6624909050,10.7260213,-85.2693378
node/7213700579,7213700579,node,Costa Rica,generator,Capacity regex no match,2000 kW,Tag 'generator:output:electricity' has value '2000 kW' which could not be parsed,2026-07-01 01:22:25.665497,https://www.openstreetmap.org/node/7213700579,10.8624069,-85.4301327
node/7213700580,7213700580,node,Costa Rica,generator,Capacity regex no match,2000 kW,Tag 'generator:output:electricity' has value '2000 kW' which could not be parsed,2026-07-01 01:22:25.665523,https://www.openstreetmap.org/node/7213700580,10.8637187,-85.4316804
node/5355861923,5355861923,node,Costa Rica,generator,Capacity regex no match,2000 kW,Tag 'generator:output:electricity' has value '2000 kW' which could not be parsed,2026-07-01 01:22:25.665541,https://www.openstreetmap.org/node/5355861923,10.8671878,-85.4355025
node/5355861922,5355861922,node,Costa Rica,generator,Capacity regex no match,2000 kW,Tag 'generator:output:electricity' has value '2000 kW' which could not be parsed,2026-07-01 01:22:25.665557,https://www.openstreetmap.org/node/5355861922,10.8684785,-85.4365379
node/5355861921,5355861921,node,Costa Rica,generator,Capacity regex no match,2000 kW,Tag 'generator:output:electricity' has value '2000 kW' which could not be parsed,2026-07-01 01:22:25.665572,https://www.openstreetmap.org/node/5355861921,10.8701327,-85.4371655
node/5355861920,5355861920,node,Costa Rica,generator,Capacity regex no match,2000 kW,Tag 'generator:output:electricity' has value '2000 kW' which could not be parsed,2026-07-01 01:22:25.665586,https://www.openstreetmap.org/node/5355861920,10.8709967,-85.4386246
node/5355861919,5355861919,node,Costa Rica,generator,Capacity regex no match,2000 kW,Tag 'generator:output:electricity' has value '2000 kW' which could not be parsed,2026-07-01 01:22:25.665601,https://www.openstreetmap.org/node/5355861919,10.8719239,-85.440014
node/5355861918,5355861918,node,Costa Rica,generator,Capacity regex no match,2000 kW,Tag 'generator:output:electricity' has value '2000 kW' which could not be parsed,2026-07-01 01:22:25.665615,https://www.openstreetmap.org/node/5355861918,10.8733568,-85.4414195
node/5355861917,5355861917,node,Costa Rica,generator,Capacity regex no match,2000 kW,Tag 'generator:output:electricity' has value '2000 kW' which could not be parsed,2026-07-01 01:22:25.665630,https://www.openstreetmap.org/node/5355861917,10.874558,-85.442546
node/5355861916,5355861916,node,Costa Rica,generator,Capacity regex no match,2000 kW,Tag 'generator:output:electricity' has value '2000 kW' which could not be parsed,2026-07-01 01:22:25.665644,https://www.openstreetmap.org/node/5355861916,10.8761963,-85.4429376
node/5355861915,5355861915,node,Costa Rica,generator,Capacity regex no match,2000 kW,Tag 'generator:output:electricity' has value '2000 kW' which could not be parsed,2026-07-01 01:22:25.665658,https://www.openstreetmap.org/node/5355861915,10.8776925,-85.443635
node/5355861914,5355861914,node,Costa Rica,generator,Capacity regex no match,2000 kW,Tag 'generator:output:electricity' has value '2000 kW' which could not be parsed,2026-07-01 01:22:25.665672,https://www.openstreetmap.org/node/5355861914,10.8793097,-85.4438603
node/5355861913,5355861913,node,Costa Rica,generator,Capacity regex no match,2000 kW,Tag 'generator:output:electricity' has value '2000 kW' which could not be parsed,2026-07-01 01:22:25.665686,https://www.openstreetmap.org/node/5355861913,10.8809217,-85.4441822
node/5355861912,5355861912,node,Costa Rica,generator,Capacity regex no match,2000 kW,Tag 'generator:output:electricity' has value '2000 kW' which could not be parsed,2026-07-01 01:22:25.665702,https://www.openstreetmap.org/node/5355861912,10.8824442,-85.4448098
node/5355861911,5355861911,node,Costa Rica,generator,Capacity regex no match,2000 kW,Tag 'generator:output:electricity' has value '2000 kW' which could not be parsed,2026-07-01 01:22:25.665717,https://www.openstreetmap.org/node/5355861911,10.8838086,-85.4458129
node/5355861910,5355861910,node,Costa Rica,generator,Capacity regex no match,2000 kW,Tag 'generator:output:electricity' has value '2000 kW' which could not be parsed,2026-07-01 01:22:25.665732,https://www.openstreetmap.org/node/5355861910,10.8668717,-85.4440159
node/5355861909,5355861909,node,Costa Rica,generator,Capacity regex no match,2000 kW,Tag 'generator:output:electricity' has value '2000 kW' which could not be parsed,2026-07-01 01:22:25.665746,https://www.openstreetmap.org/node/5355861909,10.865228,-85.4435277
node/5355861908,5355861908,node,Costa Rica,generator,Capacity regex no match,2000 kW,Tag 'generator:output:electricity' has value '2000 kW' which could not be parsed,2026-07-01 01:22:25.665760,https://www.openstreetmap.org/node/5355861908,10.863695,-85.4430449
node/5355861907,5355861907,node,Costa Rica,generator,Capacity regex no match,2000 kW,Tag 'generator:output:electricity' has value '2000 kW' which could not be parsed,2026-07-01 01:22:25.665774,https://www.openstreetmap.org/node/5355861907,10.8622462,-85.4423851
node/5355861906,5355861906,node,Costa Rica,generator,Capacity regex no match,2000 kW,Tag 'generator:output:electricity' has value '2000 kW' which could not be parsed,2026-07-01 01:22:25.665789,https://www.openstreetmap.org/node/5355861906,10.8609976,-85.4412693
node/5355861905,5355861905,node,Costa Rica,generator,Capacity regex no match,2000 kW,Tag 'generator:output:electricity' has value '2000 kW' which could not be parsed,2026-07-01 01:22:25.665805,https://www.openstreetmap.org/node/5355861905,10.8600756,-85.4393971
node/5355861904,5355861904,node,Costa Rica,generator,Capacity regex no match,2000 kW,Tag 'generator:output:electricity' has value '2000 kW' which could not be parsed,2026-07-01 01:22:25.665819,https://www.openstreetmap.org/node/5355861904,10.8586005,-85.4386407
node/5355861903,5355861903,node,Costa Rica,generator,Capacity regex no match,2000 kW,Tag 'generator:output:electricity' has value '2000 kW' which could not be parsed,2026-07-01 01:22:25.665835,https://www.openstreetmap.org/node/5355861903,10.8569357,-85.4379273
node/6804257448,6804257448,node,Costa Rica,generator,Capacity regex no match,2000 kW,Tag 'generator:output:electricity' has value '2000 kW' which could not be parsed,2026-07-01 01:22:25.665849,https://www.openstreetmap.org/node/6804257448,10.8697429,-85.4509735
node/6804257447,6804257447,node,Costa Rica,generator,Capacity regex no match,2000 kW,Tag 'generator:output:electricity' has value '2000 kW' which could not be parsed,2026-07-01 01:22:25.665863,https://www.openstreetmap.org/node/6804257447,10.8678569,-85.4504371
relation/15459328,15459328,relation,Costa Rica,plant,Missing output tag,none,"tags: {'plant:source': 'wind', 'power': 'plant', 'site': 'wind_farm', 'type': 'site'}",2026-07-01 01:22:25.666633,https://www.openstreetmap.org/relation/15459328,10.505282590069305,-84.96743996029716
node/6020335515,6020335515,node,Costa Rica,generator,Missing output tag,none,"tags: {'generator:method': 'wind_turbine', 'generator:source': 'wind', 'generator:type': 'horizontal_axis', 'power': 'generator'}",2026-07-01 01:22:25.666770,https://www.openstreetmap.org/node/6020335515,10.5032645,-84.9669924
node/6020335516,6020335516,node,Costa Rica,generator,Missing output tag,none,"tags: {'generator:method': 'wind_turbine', 'generator:source': 'wind', 'generator:type': 'horizontal_axis', 'power': 'generator'}",2026-07-01 01:22:25.666790,https://www.openstreetmap.org/node/6020335516,10.5038476,-84.9672465
node/6020335517,6020335517,node,Costa Rica,generator,Missing output tag,none,"tags: {'generator:method': 'wind_turbine', 'generator:source': 'wind', 'generator:type': 'horizontal_axis', 'power': 'generator'}",2026-07-01 01:22:25.666806,https://www.openstreetmap.org/node/6020335517,10.5044283,-84.967339
node/6020335518,6020335518,node,Costa Rica,generator,Missing output tag,none,"tags: {'generator:method': 'wind_turbine', 'generator:source': 'wind', 'generator:type': 'horizontal_axis', 'power': 'generator'}",2026-07-01 01:22:25.666824,https://www.openstreetmap.org/node/6020335518,10.5050029,-84.967454
node/6020335519,6020335519,node,Costa Rica,generator,Missing output tag,none,"tags: {'generator:method': 'wind_turbine', 'generator:source': 'wind', 'generator:type': 'horizontal_axis', 'power': 'generator'}",2026-07-01 01:22:25.666839,https://www.openstreetmap.org/node/6020335519,10.505601,-84.9675219
node/6020335520,6020335520,node,Costa Rica,generator,Missing output tag,none,"tags: {'generator:method': 'wind_turbine', 'generator:source': 'wind', 'generator:type': 'horizontal_axis', 'power': 'generator'}",2026-07-01 01:22:25.666855,https://www.openstreetmap.org/node/6020335520,10.5061919,-84.9676298
node/6020335521,6020335521,node,Costa Rica,generator,Missing output tag,none,"tags: {'generator:method': 'wind_turbine', 'generator:source': 'wind', 'generator:type': 'horizontal_axis', 'power': 'generator'}",2026-07-01 01:22:25.666870,https://www.openstreetmap.org/node/6020335521,10.5067863,-84.9677416
node/6020335522,6020335522,node,Costa Rica,generator,Missing output tag,none,"tags: {'generator:method': 'wind_turbine', 'generator:source': 'wind', 'generator:type': 'horizontal_axis', 'power': 'generator'}",2026-07-01 01:22:25.666884,https://www.openstreetmap.org/node/6020335522,10.5073734,-84.9678539
node/6020335523,6020335523,node,Costa Rica,generator,Missing output tag,none,"tags: {'generator:method': 'wind_turbine', 'generator:source': 'wind', 'generator:type': 'horizontal_axis', 'power': 'generator'}",2026-07-01 01:22:25.666898,https://www.openstreetmap.org/node/6020335523,10.5079601,-84.9679126
node/6804257462,6804257462,node,Costa Rica,generator,Capacity regex no match,3000 kW,Tag 'generator:output:electricity' has value '3000 kW' which could not be parsed,2026-07-01 01:22:25.667668,https://www.openstreetmap.org/node/6804257462,10.5020535,-84.9640775
node/6804257461,6804257461,node,Costa Rica,generator,Capacity regex no match,3000 kW,Tag 'generator:output:electricity' has value '3000 kW' which could not be parsed,2026-07-01 01:22:25.667693,https://www.openstreetmap.org/node/6804257461,10.5005344,-84.963187
node/6804257460,6804257460,node,Costa Rica,generator,Capacity regex no match,3000 kW,Tag 'generator:output:electricity' has value '3000 kW' which could not be parsed,2026-07-01 01:22:25.667710,https://www.openstreetmap.org/node/6804257460,10.4989099,-84.9621892
node/6804257459,6804257459,node,Costa Rica,generator,Capacity regex no match,3000 kW,Tag 'generator:output:electricity' has value '3000 kW' which could not be parsed,2026-07-01 01:22:25.667726,https://www.openstreetmap.org/node/6804257459,10.4974963,-84.9612129
relation/16885799,16885799,relation,Costa Rica,plant,Missing output tag,none,"tags: {'name': 'Planta Hidroelectrica Brasil', 'operator': 'ICE', 'plant:source': 'hydro', 'power': 'plant', 'type': 'site'}",2026-07-01 01:22:25.669009,https://www.openstreetmap.org/relation/16885799,9.942066320320663,-84.23194738780025
relation/18480861,18480861,relation,Costa Rica,plant,Missing output tag,none,"tags: {'name': 'Planta Hidroelectrica Belen', 'operator': 'ICE', 'plant:source': 'hydro', 'power': 'plant', 'type': 'site'}",2026-07-01 01:22:25.672048,https://www.openstreetmap.org/relation/18480861,9.961456150572513,-84.20976775040457
way/25379683,25379683,way,Costa Rica,plant,Capacity placeholder value,yes,Tag 'plant:output:electricity' contains placeholder value 'yes' instead of actual capacity,2026-07-01 01:22:25.674509,https://www.openstreetmap.org/way/25379683,9.965409746418262,-84.16164737271957
way/25380234,25380234,way,Costa Rica,plant,Missing source tag,none,"tags: {'name': 'Puente Mulas', 'power': 'plant', 'waterway': 'dam'}",2026-07-01 01:22:25.674886,https://www.openstreetmap.org/way/25380234,9.972232327388793,-84.18360607671411
way/99446233,99446233,way,Costa Rica,plant,Capacity placeholder value,yes,Tag 'plant:output:electricity' contains placeholder value 'yes' instead of actual capacity,2026-07-01 01:22:25.675448,https://www.openstreetmap.org/way/99446233,9.942596733703637,-84.34924561268183
way/112441040,112441040,way,Costa Rica,plant,Missing source tag,none,"tags: {'landuse': 'industrial', 'name': 'Coopeguanacaste R.L. - Oficinas Centrales', 'power': 'plant'}",2026-07-01 01:22:25.676312,https://www.openstreetmap.org/way/112441040,10.270678475603342,-85.57218688513449
way/127867730,127867730,way,Costa Rica,plant,Capacity placeholder value,yes,Tag 'plant:output:electricity' contains placeholder value 'yes' instead of actual capacity,2026-07-01 01:22:25.676487,https://www.openstreetmap.org/way/127867730,9.932823628970041,-84.26838622433941
way/253278249,253278249,way,Costa Rica,plant,Capacity placeholder value,yes,Tag 'plant:output:electricity' contains placeholder value 'yes' instead of actual capacity,2026-07-01 01:22:25.676942,https://www.openstreetmap.org/way/253278249,9.930582386004051,-84.27810312920641
way/330104588,330104588,way,Costa Rica,plant,Missing output tag,none,"tags: {'building': 'industrial', 'plant:source': 'hydro', 'power': 'plant'}",2026-07-01 01:22:25.677614,https://www.openstreetmap.org/way/330104588,9.934332100874602,-84.35923110651896
way/330252485,330252485,way,Costa Rica,plant,Capacity placeholder value,yes,Tag 'plant:output:electricity' contains placeholder value 'yes' instead of actual capacity,2026-07-01 01:22:25.677799,https://www.openstreetmap.org/way/330252485,10.36502881764302,-84.62974197555675
way/528212892,528212892,way,Costa Rica,plant,Missing source tag,none,"tags: {'name': 'Plantel Hidroeléctrico Peñas Blancas', 'operator': 'ICE', 'operator:wikidata': 'Q3431114', 'operator:wikipedia': 'en:Instituto Costarricense de Electricidad', 'power': 'plant'}",2026-07-01 01:22:25.678452,https://www.openstreetmap.org/way/528212892,10.380157531721371,-84.58454034786973
way/557557063,557557063,way,Costa Rica,plant,Capacity placeholder value,yes,Tag 'plant:output:electricity' contains placeholder value 'yes' instead of actual capacity,2026-07-01 01:22:25.678918,https://www.openstreetmap.org/way/557557063,9.968874200484052,-84.1795296479061
way/563112847,563112847,way,Costa Rica,plant,Capacity placeholder value,yes,Tag 'plant:output:electricity' contains placeholder value 'yes' instead of actual capacity,2026-07-01 01:22:25.679042,https://www.openstreetmap.org/way/563112847,10.853743529050965,-85.20501840672618
way/744785139,744785139,way,Costa Rica,plant,Capacity placeholder value,yes,Tag 'plant:output:electricity' contains placeholder value 'yes' instead of actual capacity,2026-07-01 01:22:25.680349,https://www.openstreetmap.org/way/744785139,10.4644753,-85.10348964999999
way/744785144,744785144,way,Costa Rica,plant,Capacity placeholder value,yes,Tag 'plant:output:electricity' contains placeholder value 'yes' instead of actual capacity,2026-07-01 01:22:25.680497,https://www.openstreetmap.org/way/744785144,10.469587900000004,-85.07628255
way/744785162,744785162,way,Costa Rica,plant,Capacity placeholder value,yes,Tag 'plant:output:electricity' contains placeholder value 'yes' instead of actual capacity,2026-07-01 01:22:25.681549,https://www.openstreetmap.org/way/744785162,9.865989489030069,-83.77712721875783
way/807389938,807389938,way,Costa Rica,plant,Capacity placeholder value,yes,Tag 'plant:output:electricity' contains placeholder value 'yes' instead of actual capacity,2026-07-01 01:22:25.682902,https://www.openstreetmap.org/way/807389938,10.38737246789865,-84.35334356501558
way/850592840,850592840,way,Costa Rica,plant,Capacity regex no match,60 KW,Tag 'plant:output:electricity' has value '60 KW' which could not be parsed,2026-07-01 01:22:25.683152,https://www.openstreetmap.org/way/850592840,5.542043070716038,-87.05543156358563
way/921547351,921547351,way,Costa Rica,plant,Missing source tag,none,"tags: {'addr:city': 'Sabanilla', 'landuse': 'industrial', 'name': 'Edificio del ICE Sabanilla', 'name:it': ""Edificio del'Istituto Costaricano d'Elettricità Sabanilla"", 'power': 'plant'}",2026-07-01 01:22:25.683352,https://www.openstreetmap.org/way/921547351,10.075273018008819,-84.21537490202722
way/1049200218,1049200218,way,Costa Rica,plant,Missing output tag,none,"tags: {'area': 'yes', 'name': 'Embalse La Garita', 'plant:source': 'hydro', 'power': 'plant', 'waterway': 'dam'}",2026-07-01 01:22:25.683503,https://www.openstreetmap.org/way/1049200218,9.987134538900376,-84.34097241446307
way/1053128663,1053128663,way,Costa Rica,plant,Capacity placeholder value,yes,Tag 'plant:output:electricity' contains placeholder value 'yes' instead of actual capacity,2026-07-01 01:22:25.683702,https://www.openstreetmap.org/way/1053128663,10.393016865431221,-85.5882267003482
way/1078540405,1078540405,way,Costa Rica,plant,Capacity placeholder value,yes,Tag 'plant:output:electricity' contains placeholder value 'yes' instead of actual capacity,2026-07-01 01:22:25.683968,https://www.openstreetmap.org/way/1078540405,10.61083882874336,-85.52741699830406
way/1082369793,1082369793,way,Costa Rica,plant,Capacity placeholder value,yes,Tag 'plant:output:electricity' contains placeholder value 'yes' instead of actual capacity,2026-07-01 01:22:25.684091,https://www.openstreetmap.org/way/1082369793,10.361098275202284,-84.50907221665176
way/1090883157,1090883157,way,Costa Rica,plant,Capacity placeholder value,yes,Tag 'plant:output:electricity' contains placeholder value 'yes' instead of actual capacity,2026-07-01 01:22:25.684232,https://www.openstreetmap.org/way/1090883157,9.926118740863913,-84.44724675160647
way/1149772057,1149772057,way,Costa Rica,plant,Capacity placeholder value,yes,Tag 'plant:output:electricity' contains placeholder value 'yes' instead of actual capacity,2026-07-01 01:22:25.684408,https://www.openstreetmap.org/way/1149772057,10.242272930845838,-84.27891296477372
way/1230905408,1230905408,way,Costa Rica,plant,Missing source tag,none,"tags: {'addr:city': 'San Isidro', 'addr:street': 'Avenida 4', 'landuse': 'industrial', 'name': 'ICE - Central Telefónica', 'power': 'plant'}",2026-07-01 01:22:25.684693,https://www.openstreetmap.org/way/1230905408,10.015864444482395,-84.05644818021119
way/1240045662,1240045662,way,Costa Rica,plant,Missing output tag,none,"tags: {'building': 'yes', 'name': 'Alberto Echandi Hydroelectric Station Costa Rica', 'plant:source': 'hydro', 'power': 'plant'}",2026-07-01 01:22:25.684833,https://www.openstreetmap.org/way/1240045662,10.404955692473191,-84.44293314828127
way/1276251429,1276251429,way,Costa Rica,plant,Missing source tag,none,"tags: {'landuse': 'industrial', 'power': 'plant'}",2026-07-01 01:22:25.684957,https://www.openstreetmap.org/way/1276251429,10.356255393611045,-84.27447754973522
way/1353191206,1353191206,way,Costa Rica,plant,Capacity placeholder value,yes,Tag 'plant:output:electricity' contains placeholder value 'yes' instead of actual capacity,2026-07-01 01:22:25.685079,https://www.openstreetmap.org/way/1353191206,10.445234650000002,-84.67041859999999
way/1455542261,1455542261,way,Costa Rica,plant,Missing output tag,none,"tags: {'landuse': 'industrial', 'name': 'Hidro Venecia S. A.', 'plant:source': 'hydro', 'power': 'plant'}",2026-07-01 01:22:25.685268,https://www.openstreetmap.org/way/1455542261,10.37349366252322,-84.28226471739038
way/1464115572,1464115572,way,Costa Rica,plant,Missing output tag,none,"tags: {'name': 'Pirris Hydroelectric Power Station Costa Rica', 'plant:source': 'hydro', 'power': 'plant'}",2026-07-01 01:22:25.685398,https://www.openstreetmap.org/way/1464115572,9.631398141294317,-84.19750883420282
way/1464115574,1464115574,way,Costa Rica,plant,Missing output tag,none,"tags: {'name': 'Birris 3 Hydroelectric Power Plant Costa Rica', 'plant:source': 'hydro', 'power': 'plant'}",2026-07-01 01:22:25.685551,https://www.openstreetmap.org/way/1464115574,9.894530600762991,-83.78687432945632
way/1470289171,1470289171,way,Costa Rica,plant,Missing output tag,none,"tags: {'name': 'Penas Blancas Hydroelectric Power Plant Costa Rica', 'plant:source': 'hydro', 'power': 'plant'}",2026-07-01 01:22:25.685686,https://www.openstreetmap.org/way/1470289171,10.384211168980585,-84.57927303177195
way/1485906137,1485906137,way,Costa Rica,plant,Missing source tag,none,"tags: {'operator': 'Instituto Costarricense de Electricidad', 'operator:short': 'ICE', 'operator:wikidata': 'Q3431114', 'power': 'plant'}",2026-07-01 01:22:25.685833,https://www.openstreetmap.org/way/1485906137,10.096477541518635,-84.38028506029278
node/5924433791,5924433791,node,Costa Rica,plant,Capacity placeholder value,yes,Tag 'plant:output:electricity' contains placeholder value 'yes' instead of actual capacity,2026-07-01 01:22:25.685874,https://www.openstreetmap.org/node/5924433791,9.9996656,-84.1799643
node/6150772948,6150772948,node,Costa Rica,plant,Missing output tag,none,"tags: {'operator': 'Presa Carrillos', 'plant:source': 'hydro', 'power': 'plant'}",2026-07-01 01:22:25.685910,https://www.openstreetmap.org/node/6150772948,10.0528038,-84.2503238
way/1494423689,1494423689,way,Dominica,plant,Missing output tag,none,"tags: {'operator': 'Geothermal Power Company of Dominica', 'plant:source': 'geothermal', 'power': 'plant'}",2026-07-01 01:26:10.320243,https://www.openstreetmap.org/way/1494423689,15.330490228617153,-61.32815355423549
node/4367764966,4367764966,node,Cuba,generator,Capacity regex no match,750 kW,Tag 'generator:output:electricity' has value '750 kW' which could not be parsed,2026-07-01 01:27:51.430416,https://www.openstreetmap.org/node/4367764966,21.150944,-76.1332967
node/4367764963,4367764963,node,Cuba,generator,Capacity regex no match,750 kW,Tag 'generator:output:electricity' has value '750 kW' which could not be parsed,2026-07-01 01:27:51.430448,https://www.openstreetmap.org/node/4367764963,21.1454873,-76.132244
node/4367764965,4367764965,node,Cuba,generator,Capacity regex no match,750 kW,Tag 'generator:output:electricity' has value '750 kW' which could not be parsed,2026-07-01 01:27:51.430487,https://www.openstreetmap.org/node/4367764965,21.1497966,-76.1325175
node/4367764964,4367764964,node,Cuba,generator,Capacity regex no match,750 kW,Tag 'generator:output:electricity' has value '750 kW' which could not be parsed,2026-07-01 01:27:51.430504,https://www.openstreetmap.org/node/4367764964,21.1471023,-76.1319509
node/700438616,700438616,node,Cuba,generator,Capacity regex no match,750 kW,Tag 'generator:output:electricity' has value '750 kW' which could not be parsed,2026-07-01 01:27:51.430520,https://www.openstreetmap.org/node/700438616,21.148442,-76.1322326
node/4367764967,4367764967,node,Cuba,generator,Capacity regex no match,750 kW,Tag 'generator:output:electricity' has value '750 kW' which could not be parsed,2026-07-01 01:27:51.430535,https://www.openstreetmap.org/node/4367764967,21.1520672,-76.134059
node/4367764968,4367764968,node,Cuba,generator,Capacity regex no match,850 kW,Tag 'generator:output:electricity' has value '850 kW' which could not be parsed,2026-07-01 01:27:51.431084,https://www.openstreetmap.org/node/4367764968,21.1635547,-76.1471025
node/4367764971,4367764971,node,Cuba,generator,Capacity regex no match,850 kW,Tag 'generator:output:electricity' has value '850 kW' which could not be parsed,2026-07-01 01:27:51.431108,https://www.openstreetmap.org/node/4367764971,21.168583,-76.1493754
node/1379403919,1379403919,node,Cuba,generator,Capacity regex no match,850 kW,Tag 'generator:output:electricity' has value '850 kW' which could not be parsed,2026-07-01 01:27:51.431125,https://www.openstreetmap.org/node/1379403919,21.1673192,-76.1488041
node/4367764970,4367764970,node,Cuba,generator,Capacity regex no match,850 kW,Tag 'generator:output:electricity' has value '850 kW' which could not be parsed,2026-07-01 01:27:51.431142,https://www.openstreetmap.org/node/4367764970,21.1660694,-76.1482392
node/4367764972,4367764972,node,Cuba,generator,Capacity regex no match,850 kW,Tag 'generator:output:electricity' has value '850 kW' which could not be parsed,2026-07-01 01:27:51.431157,https://www.openstreetmap.org/node/4367764972,21.1698488,-76.1499476
node/4367764969,4367764969,node,Cuba,generator,Capacity regex no match,850 kW,Tag 'generator:output:electricity' has value '850 kW' which could not be parsed,2026-07-01 01:27:51.431172,https://www.openstreetmap.org/node/4367764969,21.1648224,-76.1476756
way/38532859,38532859,way,Cuba,plant,Capacity placeholder value,yes,Tag 'plant:output:electricity' contains placeholder value 'yes' instead of actual capacity,2026-07-01 01:27:51.432908,https://www.openstreetmap.org/way/38532859,23.183701648385032,-82.0263049745844
way/38668211,38668211,way,Cuba,plant,Missing source tag,none,"tags: {'landuse': 'industrial', 'name': 'Planta de Níquel de Punta Gorda (No Concluida)', 'power': 'plant', 'source': 'Yahoo'}",2026-07-01 01:27:51.433070,https://www.openstreetmap.org/way/38668211,20.61394018507577,-74.83218154155264
way/48276301,48276301,way,Cuba,plant,Capacity placeholder value,yes,Tag 'plant:output:electricity' contains placeholder value 'yes' instead of actual capacity,2026-07-01 01:27:51.433893,https://www.openstreetmap.org/way/48276301,19.996408463606947,-75.87767473710419
way/89673104,89673104,way,Cuba,plant,Missing source tag,none,"tags: {'landuse': 'industrial', 'old_name': 'Central Eléctrica ""Héctor Pavón""', 'power': 'plant', 'substation': 'yes'}",2026-07-01 01:27:51.434224,https://www.openstreetmap.org/way/89673104,20.011561742479504,-75.8401003796181
way/147072063,147072063,way,Cuba,plant,Capacity placeholder value,yes,Tag 'plant:output:electricity' contains placeholder value 'yes' instead of actual capacity,2026-07-01 01:27:51.434381,https://www.openstreetmap.org/way/147072063,22.920690606462433,-82.11026256847505
way/195723727,195723727,way,Cuba,plant,Capacity placeholder value,yes,Tag 'plant:output:electricity' contains placeholder value 'yes' instead of actual capacity,2026-07-01 01:27:51.436545,https://www.openstreetmap.org/way/195723727,22.12592726456552,-84.13533157427827
way/196239792,196239792,way,Cuba,plant,Missing output tag,none,"tags: {'landuse': 'industrial', 'name': 'Batería Grupo Electrógeno Florida', 'operator': 'UNE – SEN', 'plant:method': 'combustion', 'plant:source': 'diesel', 'power': 'plant'}",2026-07-01 01:27:51.436685,https://www.openstreetmap.org/way/196239792,21.55060966729219,-78.2140457148717
way/201565591,201565591,way,Cuba,plant,Capacity placeholder value,yes,Tag 'plant:output:electricity' contains placeholder value 'yes' instead of actual capacity,2026-07-01 01:27:51.436868,https://www.openstreetmap.org/way/201565591,21.796869313282457,-79.99853934443566
way/207367022,207367022,way,Cuba,plant,Capacity placeholder value,yes,Tag 'plant:output:electricity' contains placeholder value 'yes' instead of actual capacity,2026-07-01 01:27:51.438089,https://www.openstreetmap.org/way/207367022,23.008879633171524,-81.5788632386698
way/209304549,209304549,way,Cuba,plant,Capacity placeholder value,yes,Tag 'plant:output:electricity' contains placeholder value 'yes' instead of actual capacity,2026-07-01 01:27:51.438239,https://www.openstreetmap.org/way/209304549,22.81430872056323,-82.02541267876865
way/231177815,231177815,way,Cuba,plant,Capacity placeholder value,yes,Tag 'plant:output:electricity' contains placeholder value 'yes' instead of actual capacity,2026-07-01 01:27:51.438487,https://www.openstreetmap.org/way/231177815,23.140862558939126,-81.71310161650982
way/234851366,234851366,way,Cuba,plant,Capacity placeholder value,yes,Tag 'plant:output:electricity' contains placeholder value 'yes' instead of actual capacity,2026-07-01 01:27:51.438726,https://www.openstreetmap.org/way/234851366,23.087326226286937,-81.26781929289058
way/234950975,234950975,way,Cuba,plant,Capacity placeholder value,yes,Tag 'plant:output:electricity' contains placeholder value 'yes' instead of actual capacity,2026-07-01 01:27:51.438961,https://www.openstreetmap.org/way/234950975,21.381100823487028,-77.88082477392683
way/234950976,234950976,way,Cuba,plant,Capacity placeholder value,yes,Tag 'plant:output:electricity' contains placeholder value 'yes' instead of actual capacity,2026-07-01 01:27:51.439124,https://www.openstreetmap.org/way/234950976,21.38558507816701,-77.89200663821396
way/235498847,235498847,way,Cuba,plant,Capacity placeholder value,yes,Tag 'plant:output:electricity' contains placeholder value 'yes' instead of actual capacity,2026-07-01 01:27:51.439327,https://www.openstreetmap.org/way/235498847,22.602873017433318,-83.93780680133446
way/238358903,238358903,way,Cuba,plant,Capacity placeholder value,yes,Tag 'plant:output:electricity' contains placeholder value 'yes' instead of actual capacity,2026-07-01 01:27:51.439627,https://www.openstreetmap.org/way/238358903,20.35189372564012,-76.6045430462986
way/252632829,252632829,way,Cuba,plant,Capacity placeholder value,yes,Tag 'plant:output:electricity' contains placeholder value 'yes' instead of actual capacity,2026-07-01 01:27:51.439818,https://www.openstreetmap.org/way/252632829,20.012162317825993,-75.78493567398907
way/265134329,265134329,way,Cuba,plant,Capacity placeholder value,yes,Tag 'plant:output:electricity' contains placeholder value 'yes' instead of actual capacity,2026-07-01 01:27:51.439966,https://www.openstreetmap.org/way/265134329,21.413479848967572,-77.95320340193685
way/272972224,272972224,way,Cuba,plant,Capacity placeholder value,yes,Tag 'plant:output:electricity' contains placeholder value 'yes' instead of actual capacity,2026-07-01 01:27:51.440141,https://www.openstreetmap.org/way/272972224,23.081554059658345,-82.3505314654598
way/279518462,279518462,way,Cuba,plant,Capacity placeholder value,yes,Tag 'plant:output:electricity' contains placeholder value 'yes' instead of actual capacity,2026-07-01 01:27:51.440335,https://www.openstreetmap.org/way/279518462,23.125250214788675,-82.35907193170735
way/293347793,293347793,way,Cuba,plant,Capacity placeholder value,yes,Tag 'plant:output:electricity' contains placeholder value 'yes' instead of actual capacity,2026-07-01 01:27:51.440570,https://www.openstreetmap.org/way/293347793,23.049831841053216,-82.42116063231276
way/301025214,301025214,way,Cuba,plant,Capacity placeholder value,yes,Tag 'plant:output:electricity' contains placeholder value 'yes' instead of actual capacity,2026-07-01 01:27:51.440844,https://www.openstreetmap.org/way/301025214,21.87299102013293,-82.80636982251283
way/311338406,311338406,way,Cuba,plant,Capacity placeholder value,yes,Tag 'plant:output:electricity' contains placeholder value 'yes' instead of actual capacity,2026-07-01 01:27:51.441111,https://www.openstreetmap.org/way/311338406,23.119198785520297,-82.33328040645102
way/311338724,311338724,way,Cuba,plant,Capacity placeholder value,yes,Tag 'plant:output:electricity' contains placeholder value 'yes' instead of actual capacity,2026-07-01 01:27:51.441230,https://www.openstreetmap.org/way/311338724,23.152586618829773,-82.3311510620428
way/313930688,313930688,way,Cuba,plant,Capacity placeholder value,yes,Tag 'plant:output:electricity' contains placeholder value 'yes' instead of actual capacity,2026-07-01 01:27:51.441361,https://www.openstreetmap.org/way/313930688,22.70358628300367,-81.11631942092946
way/314180108,314180108,way,Cuba,plant,Capacity placeholder value,yes,Tag 'plant:output:electricity' contains placeholder value 'yes' instead of actual capacity,2026-07-01 01:27:51.441516,https://www.openstreetmap.org/way/314180108,20.048760929771923,-77.56122993006309
way/315943354,315943354,way,Cuba,plant,Missing source tag,none,"tags: {'landuse': 'brownfield', 'name': 'Antigua Termoeléctrica de Regla', 'power': 'plant'}",2026-07-01 01:27:51.441861,https://www.openstreetmap.org/way/315943354,23.12890823968147,-82.33678938974826
way/315950440,315950440,way,Cuba,plant,Capacity placeholder value,yes,Tag 'plant:output:electricity' contains placeholder value 'yes' instead of actual capacity,2026-07-01 01:27:51.441997,https://www.openstreetmap.org/way/315950440,20.329940479037226,-77.10370772180589
way/315997274,315997274,way,Cuba,plant,Capacity placeholder value,yes,Tag 'plant:output:electricity' contains placeholder value 'yes' instead of actual capacity,2026-07-01 01:27:51.442116,https://www.openstreetmap.org/way/315997274,21.618640931854813,-81.543359573268
way/321076555,321076555,way,Cuba,plant,Missing output tag,none,"tags: {'landuse': 'industrial', 'name': 'Batería Grupo Electrógeno Diésel Yaguaramas', 'operator': 'UNE – SEN', 'plant:source': 'diesel', 'power': 'plant'}",2026-07-01 01:27:51.442247,https://www.openstreetmap.org/way/321076555,22.255299326590496,-80.71393769409573
way/323883577,323883577,way,Cuba,plant,Capacity placeholder value,yes,Tag 'plant:output:electricity' contains placeholder value 'yes' instead of actual capacity,2026-07-01 01:27:51.442394,https://www.openstreetmap.org/way/323883577,20.161327328340576,-75.60376748852501
way/327515948,327515948,way,Cuba,plant,Capacity placeholder value,yes,Tag 'plant:output:electricity' contains placeholder value 'yes' instead of actual capacity,2026-07-01 01:27:51.443342,https://www.openstreetmap.org/way/327515948,22.379762940283314,-79.94240744574003
way/336969420,336969420,way,Cuba,plant,Capacity placeholder value,yes,Tag 'plant:output:electricity' contains placeholder value 'yes' instead of actual capacity,2026-07-01 01:27:51.443707,https://www.openstreetmap.org/way/336969420,20.681761835792837,-74.9720222489144
way/338009841,338009841,way,Cuba,plant,Capacity placeholder value,yes,Tag 'plant:output:electricity' contains placeholder value 'yes' instead of actual capacity,2026-07-01 01:27:51.443867,https://www.openstreetmap.org/way/338009841,22.903165130705617,-83.19211602621094
way/338230557,338230557,way,Cuba,plant,Capacity placeholder value,yes,Tag 'plant:output:electricity' contains placeholder value 'yes' instead of actual capacity,2026-07-01 01:27:51.443990,https://www.openstreetmap.org/way/338230557,23.15024451087464,-82.11782982136688
way/342384172,342384172,way,Cuba,plant,Capacity placeholder value,yes,Tag 'plant:output:electricity' contains placeholder value 'yes' instead of actual capacity,2026-07-01 01:27:51.444170,https://www.openstreetmap.org/way/342384172,22.186036296623552,-78.90242341351673
way/343599748,343599748,way,Cuba,plant,Capacity placeholder value,yes,Tag 'plant:output:electricity' contains placeholder value 'yes' instead of actual capacity,2026-07-01 01:27:51.444297,https://www.openstreetmap.org/way/343599748,22.13994185270398,-80.42625024559425
way/351954696,351954696,way,Cuba,plant,Capacity placeholder value,yes,Tag 'plant:output:electricity' contains placeholder value 'yes' instead of actual capacity,2026-07-01 01:27:51.444507,https://www.openstreetmap.org/way/351954696,22.821734404502056,-82.74973536373034
way/356356087,356356087,way,Cuba,plant,Capacity placeholder value,yes,Tag 'plant:output:electricity' contains placeholder value 'yes' instead of actual capacity,2026-07-01 01:27:51.444673,https://www.openstreetmap.org/way/356356087,21.797406049524913,-79.99731962725602
way/363422333,363422333,way,Cuba,plant,Capacity placeholder value,yes,Tag 'plant:output:electricity' contains placeholder value 'yes' instead of actual capacity,2026-07-01 01:27:51.444838,https://www.openstreetmap.org/way/363422333,20.13608759958574,-75.23718205339358
way/367858476,367858476,way,Cuba,plant,Capacity placeholder value,yes,Tag 'plant:output:electricity' contains placeholder value 'yes' instead of actual capacity,2026-07-01 01:27:51.444975,https://www.openstreetmap.org/way/367858476,21.413472020468582,-77.17553956898716
way/372419797,372419797,way,Cuba,plant,Capacity placeholder value,yes,Tag 'plant:output:electricity' contains placeholder value 'yes' instead of actual capacity,2026-07-01 01:27:51.445093,https://www.openstreetmap.org/way/372419797,20.117996593383776,-75.20970413204596
way/372869567,372869567,way,Cuba,plant,Capacity placeholder value,yes,Tag 'plant:output:electricity' contains placeholder value 'yes' instead of actual capacity,2026-07-01 01:27:51.445225,https://www.openstreetmap.org/way/372869567,20.36056147848906,-74.5251065363335
way/373355357,373355357,way,Cuba,plant,Capacity placeholder value,yes,Tag 'plant:output:electricity' contains placeholder value 'yes' instead of actual capacity,2026-07-01 01:27:51.445386,https://www.openstreetmap.org/way/373355357,21.859697125538066,-78.76426563281667
way/375095190,375095190,way,Cuba,plant,Capacity placeholder value,yes,Tag 'plant:output:electricity' contains placeholder value 'yes' instead of actual capacity,2026-07-01 01:27:51.445527,https://www.openstreetmap.org/way/375095190,22.34892021650274,-80.30306959954127
way/405046546,405046546,way,Cuba,plant,Capacity placeholder value,yes,Tag 'plant:output:electricity' contains placeholder value 'yes' instead of actual capacity,2026-07-01 01:27:51.445866,https://www.openstreetmap.org/way/405046546,20.977388359930295,-76.95074800563675
way/405398569,405398569,way,Cuba,plant,Capacity placeholder value,yes,Tag 'plant:output:electricity' contains placeholder value 'yes' instead of actual capacity,2026-07-01 01:27:51.446021,https://www.openstreetmap.org/way/405398569,20.048157013061143,-77.57103172011024
way/419781323,419781323,way,Cuba,plant,Capacity placeholder value,yes,Tag 'plant:output:electricity' contains placeholder value 'yes' instead of actual capacity,2026-07-01 01:27:51.446227,https://www.openstreetmap.org/way/419781323,22.651372099943913,-79.05812474415985
way/435076400,435076400,way,Cuba,plant,Capacity placeholder value,yes,Tag 'plant:output:electricity' contains placeholder value 'yes' instead of actual capacity,2026-07-01 01:27:51.446371,https://www.openstreetmap.org/way/435076400,20.662879377465657,-75.5460948075887
way/437103394,437103394,way,Cuba,plant,Capacity placeholder value,yes,Tag 'plant:output:electricity' contains placeholder value 'yes' instead of actual capacity,2026-07-01 01:27:51.446569,https://www.openstreetmap.org/way/437103394,22.422476647661668,-79.98323724514346
way/440141534,440141534,way,Cuba,plant,Capacity placeholder value,yes,Tag 'plant:output:electricity' contains placeholder value 'yes' instead of actual capacity,2026-07-01 01:27:51.446690,https://www.openstreetmap.org/way/440141534,22.33663152514531,-80.28674026917597
way/444377129,444377129,way,Cuba,plant,Capacity placeholder value,yes,Tag 'plant:output:electricity' contains placeholder value 'yes' instead of actual capacity,2026-07-01 01:27:51.446855,https://www.openstreetmap.org/way/444377129,22.19145500107433,-80.43892321153689
way/444377135,444377135,way,Cuba,plant,Capacity placeholder value,yes,Tag 'plant:output:electricity' contains placeholder value 'yes' instead of actual capacity,2026-07-01 01:27:51.447027,https://www.openstreetmap.org/way/444377135,22.343630485365814,-80.28142062021695
way/456284371,456284371,way,Cuba,plant,Missing output tag,none,"tags: {'landuse': 'industrial', 'name': 'Batería Grupo Electrógeno Diésel Placetas', 'operator': 'UNE – SEN', 'plant:method': 'combustion', 'plant:source': 'diesel', 'power': 'plant'}",2026-07-01 01:27:51.447154,https://www.openstreetmap.org/way/456284371,22.299929104712877,-79.66752507914237
way/456651919,456651919,way,Cuba,plant,Capacity placeholder value,yes,Tag 'plant:output:electricity' contains placeholder value 'yes' instead of actual capacity,2026-07-01 01:27:51.447289,https://www.openstreetmap.org/way/456651919,22.392525033564112,-79.9434261242239
way/458017631,458017631,way,Cuba,plant,Capacity placeholder value,yes,Tag 'plant:output:electricity' contains placeholder value 'yes' instead of actual capacity,2026-07-01 01:27:51.447409,https://www.openstreetmap.org/way/458017631,22.319288349999997,-79.24305574999998
way/458824072,458824072,way,Cuba,plant,Capacity placeholder value,yes,Tag 'plant:output:electricity' contains placeholder value 'yes' instead of actual capacity,2026-07-01 01:27:51.447582,https://www.openstreetmap.org/way/458824072,21.072200375882353,-77.36372654230135
way/474455461,474455461,way,Cuba,plant,Missing source tag,none,"tags: {'landuse': 'brownfield', 'name': 'Antigua Planta Eléctrica José Rodríguez Trujillo', 'power': 'plant'}",2026-07-01 01:27:51.447700,https://www.openstreetmap.org/way/474455461,22.6696737,-83.96892495
way/477216573,477216573,way,Cuba,plant,Capacity placeholder value,yes,Tag 'plant:output:electricity' contains placeholder value 'yes' instead of actual capacity,2026-07-01 01:27:51.447843,https://www.openstreetmap.org/way/477216573,22.95440868677347,-82.55002930051417
way/480770762,480770762,way,Cuba,plant,Capacity placeholder value,yes,Tag 'plant:output:electricity' contains placeholder value 'yes' instead of actual capacity,2026-07-01 01:27:51.447961,https://www.openstreetmap.org/way/480770762,21.805524193685194,-78.68920151280153
way/487198892,487198892,way,Cuba,plant,Capacity placeholder value,yes,Tag 'plant:output:electricity' contains placeholder value 'yes' instead of actual capacity,2026-07-01 01:27:51.448078,https://www.openstreetmap.org/way/487198892,21.734199308626582,-82.74831315391906
way/502772738,502772738,way,Cuba,plant,Capacity placeholder value,yes,Tag 'plant:output:electricity' contains placeholder value 'yes' instead of actual capacity,2026-07-01 01:27:51.448244,https://www.openstreetmap.org/way/502772738,20.973695019233812,-76.98078776551182
way/505320706,505320706,way,Cuba,plant,Capacity placeholder value,yes,Tag 'plant:output:electricity' contains placeholder value 'yes' instead of actual capacity,2026-07-01 01:27:51.448429,https://www.openstreetmap.org/way/505320706,22.497363803009062,-79.52679484531912
way/511877081,511877081,way,Cuba,plant,Capacity placeholder value,yes,Tag 'plant:output:electricity' contains placeholder value 'yes' instead of actual capacity,2026-07-01 01:27:51.448583,https://www.openstreetmap.org/way/511877081,23.012031717266108,-82.33322598839658
way/522802866,522802866,way,Cuba,plant,Capacity placeholder value,yes,Tag 'plant:output:electricity' contains placeholder value 'yes' instead of actual capacity,2026-07-01 01:27:51.449562,https://www.openstreetmap.org/way/522802866,23.15902427609571,-81.95506811876554
way/524481884,524481884,way,Cuba,plant,Capacity placeholder value,yes,Tag 'plant:output:electricity' contains placeholder value 'yes' instead of actual capacity,2026-07-01 01:27:51.449693,https://www.openstreetmap.org/way/524481884,23.045137598908088,-82.450662098281
way/526322486,526322486,way,Cuba,plant,Capacity placeholder value,yes,Tag 'plant:output:electricity' contains placeholder value 'yes' instead of actual capacity,2026-07-01 01:27:51.449897,https://www.openstreetmap.org/way/526322486,22.405951576444505,-83.6852582598565
way/526322491,526322491,way,Cuba,plant,Capacity placeholder value,yes,Tag 'plant:output:electricity' contains placeholder value 'yes' instead of actual capacity,2026-07-01 01:27:51.450094,https://www.openstreetmap.org/way/526322491,22.405304014777013,-83.68675449081933
way/531347542,531347542,way,Cuba,plant,Capacity placeholder value,yes,Tag 'plant:output:electricity' contains placeholder value 'yes' instead of actual capacity,2026-07-01 01:27:51.450308,https://www.openstreetmap.org/way/531347542,22.813290414290098,-82.44332982518394
way/534688663,534688663,way,Cuba,plant,Capacity placeholder value,yes,Tag 'plant:output:electricity' contains placeholder value 'yes' instead of actual capacity,2026-07-01 01:27:51.450487,https://www.openstreetmap.org/way/534688663,20.174979548289105,-75.84744671448736
way/539516839,539516839,way,Cuba,plant,Capacity placeholder value,yes,Tag 'plant:output:electricity' contains placeholder value 'yes' instead of actual capacity,2026-07-01 01:27:51.450659,https://www.openstreetmap.org/way/539516839,21.188478926447885,-76.58927063769539
way/543186238,543186238,way,Cuba,plant,Capacity placeholder value,yes,Tag 'plant:output:electricity' contains placeholder value 'yes' instead of actual capacity,2026-07-01 01:27:51.450866,https://www.openstreetmap.org/way/543186238,21.73683051362298,-82.74847687696358
way/551966725,551966725,way,Cuba,plant,Capacity placeholder value,yes,Tag 'plant:output:electricity' contains placeholder value 'yes' instead of actual capacity,2026-07-01 01:27:51.450986,https://www.openstreetmap.org/way/551966725,20.21630093689737,-76.59647319326872
way/559751655,559751655,way,Cuba,plant,Capacity placeholder value,yes,Tag 'plant:output:electricity' contains placeholder value 'yes' instead of actual capacity,2026-07-01 01:27:51.451102,https://www.openstreetmap.org/way/559751655,21.161701273071447,-76.57368904077204
way/563499483,563499483,way,Cuba,plant,Capacity placeholder value,yes,Tag 'plant:output:electricity' contains placeholder value 'yes' instead of actual capacity,2026-07-01 01:27:51.451290,https://www.openstreetmap.org/way/563499483,20.006711301267433,-75.77086932831016
way/566811854,566811854,way,Cuba,plant,Capacity placeholder value,yes,Tag 'plant:output:electricity' contains placeholder value 'yes' instead of actual capacity,2026-07-01 01:27:51.451413,https://www.openstreetmap.org/way/566811854,21.947463225927024,-79.43406693589588
way/571826985,571826985,way,Cuba,plant,Capacity placeholder value,yes,Tag 'plant:output:electricity' contains placeholder value 'yes' instead of actual capacity,2026-07-01 01:27:51.451682,https://www.openstreetmap.org/way/571826985,21.89044433351431,-82.83412413311069
way/571826986,571826986,way,Cuba,plant,Capacity placeholder value,yes,Tag 'plant:output:electricity' contains placeholder value 'yes' instead of actual capacity,2026-07-01 01:27:51.451937,https://www.openstreetmap.org/way/571826986,21.867522721607543,-82.78988035038397
way/580476825,580476825,way,Cuba,plant,Capacity placeholder value,yes,Tag 'plant:output:electricity' contains placeholder value 'yes' instead of actual capacity,2026-07-01 01:27:51.452344,https://www.openstreetmap.org/way/580476825,22.394648318428278,-83.67390559006722
way/581937694,581937694,way,Cuba,plant,Capacity placeholder value,yes,Tag 'plant:output:electricity' contains placeholder value 'yes' instead of actual capacity,2026-07-01 01:27:51.452835,https://www.openstreetmap.org/way/581937694,22.69392475478509,-80.92059443440482
way/592915332,592915332,way,Cuba,plant,Capacity placeholder value,yes,Tag 'plant:output:electricity' contains placeholder value 'yes' instead of actual capacity,2026-07-01 01:27:51.453112,https://www.openstreetmap.org/way/592915332,22.808383268718746,-82.50216513397126
way/599975000,599975000,way,Cuba,plant,Capacity placeholder value,yes,Tag 'plant:output:electricity' contains placeholder value 'yes' instead of actual capacity,2026-07-01 01:27:51.453437,https://www.openstreetmap.org/way/599975000,22.9944184381167,-82.3513566770417
way/604068107,604068107,way,Cuba,plant,Capacity placeholder value,yes,Tag 'plant:output:electricity' contains placeholder value 'yes' instead of actual capacity,2026-07-01 01:27:51.453618,https://www.openstreetmap.org/way/604068107,22.65099082163923,-80.04801217301832
way/628160961,628160961,way,Cuba,plant,Capacity placeholder value,yes,Tag 'plant:output:electricity' contains placeholder value 'yes' instead of actual capacity,2026-07-01 01:27:51.453779,https://www.openstreetmap.org/way/628160961,22.634736980928057,-79.89720721720086
way/663177479,663177479,way,Cuba,plant,Capacity placeholder value,yes,Tag 'plant:output:electricity' contains placeholder value 'yes' instead of actual capacity,2026-07-01 01:27:51.453908,https://www.openstreetmap.org/way/663177479,22.33489516154675,-80.28907652572276
way/677718467,677718467,way,Cuba,plant,Capacity placeholder value,yes,Tag 'plant:output:electricity' contains placeholder value 'yes' instead of actual capacity,2026-07-01 01:27:51.454236,https://www.openstreetmap.org/way/677718467,22.59884098060018,-80.24587721196993
way/681454306,681454306,way,Cuba,plant,Capacity placeholder value,yes,Tag 'plant:output:electricity' contains placeholder value 'yes' instead of actual capacity,2026-07-01 01:27:51.454355,https://www.openstreetmap.org/way/681454306,22.378272934269322,-80.82618855895353
way/694839523,694839523,way,Cuba,plant,Capacity placeholder value,yes,Tag 'plant:output:electricity' contains placeholder value 'yes' instead of actual capacity,2026-07-01 01:27:51.454529,https://www.openstreetmap.org/way/694839523,23.073914834781107,-82.38765922288898
way/694839844,694839844,way,Cuba,plant,Capacity placeholder value,yes,Tag 'plant:output:electricity' contains placeholder value 'yes' instead of actual capacity,2026-07-01 01:27:51.454687,https://www.openstreetmap.org/way/694839844,22.806523912813486,-80.11030318868032
way/721764264,721764264,way,Cuba,plant,Capacity placeholder value,yes,Tag 'plant:output:electricity' contains placeholder value 'yes' instead of actual capacity,2026-07-01 01:27:51.455174,https://www.openstreetmap.org/way/721764264,20.13574001895916,-75.23802191364064
way/726984675,726984675,way,Cuba,plant,Capacity placeholder value,yes,Tag 'plant:output:electricity' contains placeholder value 'yes' instead of actual capacity,2026-07-01 01:27:51.455683,https://www.openstreetmap.org/way/726984675,22.941430382209415,-82.12975678776297
way/783315832,783315832,way,Cuba,plant,Capacity placeholder value,yes,Tag 'plant:output:electricity' contains placeholder value 'yes' instead of actual capacity,2026-07-01 01:27:51.455817,https://www.openstreetmap.org/way/783315832,22.087322956631255,-78.63180901896551
way/784589469,784589469,way,Cuba,plant,Capacity placeholder value,yes,Tag 'plant:output:electricity' contains placeholder value 'yes' instead of actual capacity,2026-07-01 01:27:51.456281,https://www.openstreetmap.org/way/784589469,23.00395372298568,-81.85362160717328
way/825220260,825220260,way,Cuba,plant,Missing source tag,none,"tags: {'landuse': 'industrial', 'name': 'Central Eléctrica Cárdenas', 'operator': 'UNE – SEN', 'power': 'plant'}",2026-07-01 01:27:51.456421,https://www.openstreetmap.org/way/825220260,23.035498750370017,-81.21056735349313
way/830184243,830184243,way,Cuba,plant,Capacity placeholder value,yes,Tag 'plant:output:electricity' contains placeholder value 'yes' instead of actual capacity,2026-07-01 01:27:51.456626,https://www.openstreetmap.org/way/830184243,20.11045521655668,-75.20753173507964
way/857925314,857925314,way,Cuba,plant,Capacity placeholder value,yes,Tag 'plant:output:electricity' contains placeholder value 'yes' instead of actual capacity,2026-07-01 01:27:51.457074,https://www.openstreetmap.org/way/857925314,21.80242943719904,-79.35535667162279
way/878259247,878259247,way,Cuba,plant,Capacity placeholder value,yes,Tag 'plant:output:electricity' contains placeholder value 'yes' instead of actual capacity,2026-07-01 01:27:51.457315,https://www.openstreetmap.org/way/878259247,22.199997146273173,-80.53077585355531
way/882002328,882002328,way,Cuba,plant,Capacity placeholder value,yes,Tag 'plant:output:electricity' contains placeholder value 'yes' instead of actual capacity,2026-07-01 01:27:51.457518,https://www.openstreetmap.org/way/882002328,20.174707906755028,-75.88701828232215
way/891395418,891395418,way,Cuba,plant,Capacity placeholder value,yes,Tag 'plant:output:electricity' contains placeholder value 'yes' instead of actual capacity,2026-07-01 01:27:51.457658,https://www.openstreetmap.org/way/891395418,20.408744676364652,-75.51243510822245
way/892445343,892445343,way,Cuba,plant,Capacity placeholder value,yes,Tag 'plant:output:electricity' contains placeholder value 'yes' instead of actual capacity,2026-07-01 01:27:51.457799,https://www.openstreetmap.org/way/892445343,21.29208768107808,-76.96312619392077
way/914438903,914438903,way,Cuba,plant,Capacity placeholder value,yes,Tag 'plant:output:electricity' contains placeholder value 'yes' instead of actual capacity,2026-07-01 01:27:51.457950,https://www.openstreetmap.org/way/914438903,22.898249145072835,-82.570007571257
way/915086684,915086684,way,Cuba,plant,Capacity placeholder value,yes,Tag 'plant:output:electricity' contains placeholder value 'yes' instead of actual capacity,2026-07-01 01:27:51.458071,https://www.openstreetmap.org/way/915086684,20.458957383349013,-75.94462241670306
way/915086685,915086685,way,Cuba,plant,Capacity placeholder value,yes,Tag 'plant:output:electricity' contains placeholder value 'yes' instead of actual capacity,2026-07-01 01:27:51.458190,https://www.openstreetmap.org/way/915086685,20.44534212176005,-75.94200986056322
way/926912882,926912882,way,Cuba,plant,Capacity placeholder value,yes,Tag 'plant:output:electricity' contains placeholder value 'yes' instead of actual capacity,2026-07-01 01:27:51.458308,https://www.openstreetmap.org/way/926912882,20.249774499999997,-75.166768
way/929052405,929052405,way,Cuba,plant,Capacity placeholder value,yes,Tag 'plant:output:electricity' contains placeholder value 'yes' instead of actual capacity,2026-07-01 01:27:51.458477,https://www.openstreetmap.org/way/929052405,22.818891956708118,-82.59077712413621
way/996707305,996707305,way,Cuba,plant,Capacity placeholder value,yes,Tag 'plant:output:electricity' contains placeholder value 'yes' instead of actual capacity,2026-07-01 01:27:51.458740,https://www.openstreetmap.org/way/996707305,20.240698924916707,-74.15255537434581
way/1002045241,1002045241,way,Cuba,plant,Capacity placeholder value,yes,Tag 'plant:output:electricity' contains placeholder value 'yes' instead of actual capacity,2026-07-01 01:27:51.459014,https://www.openstreetmap.org/way/1002045241,20.402670607074487,-76.64006908176619
way/1024248085,1024248085,way,Cuba,plant,Capacity placeholder value,yes,Tag 'plant:output:electricity' contains placeholder value 'yes' instead of actual capacity,2026-07-01 01:27:51.459282,https://www.openstreetmap.org/way/1024248085,22.283097744626627,-83.70040620734095
way/1034286421,1034286421,way,Cuba,plant,Capacity placeholder value,yes,Tag 'plant:output:electricity' contains placeholder value 'yes' instead of actual capacity,2026-07-01 01:27:51.459497,https://www.openstreetmap.org/way/1034286421,21.086877953827766,-75.9113775840078
way/1057896207,1057896207,way,Cuba,plant,Capacity placeholder value,yes,Tag 'plant:output:electricity' contains placeholder value 'yes' instead of actual capacity,2026-07-01 01:27:51.459831,https://www.openstreetmap.org/way/1057896207,19.90055900285701,-75.10587452451149
way/1070678490,1070678490,way,Cuba,plant,Capacity placeholder value,yes,Tag 'plant:output:electricity' contains placeholder value 'yes' instead of actual capacity,2026-07-01 01:27:51.460096,https://www.openstreetmap.org/way/1070678490,20.12936702682097,-75.32428245016034
way/1083519502,1083519502,way,Cuba,plant,Capacity placeholder value,yes,Tag 'plant:output:electricity' contains placeholder value 'yes' instead of actual capacity,2026-07-01 01:27:51.460255,https://www.openstreetmap.org/way/1083519502,22.41165938437353,-83.6348007244435
way/1084109919,1084109919,way,Cuba,plant,Capacity placeholder value,yes,Tag 'plant:output:electricity' contains placeholder value 'yes' instead of actual capacity,2026-07-01 01:27:51.460512,https://www.openstreetmap.org/way/1084109919,22.554171924590392,-83.30325161458406
way/1118217518,1118217518,way,Cuba,plant,Capacity placeholder value,yes,Tag 'plant:output:electricity' contains placeholder value 'yes' instead of actual capacity,2026-07-01 01:27:51.461523,https://www.openstreetmap.org/way/1118217518,21.257708146276464,-76.37044126714126
way/1119250376,1119250376,way,Cuba,plant,Capacity placeholder value,yes,Tag 'plant:output:electricity' contains placeholder value 'yes' instead of actual capacity,2026-07-01 01:27:51.462569,https://www.openstreetmap.org/way/1119250376,21.725749241457542,-79.46596254104911
way/1126760190,1126760190,way,Cuba,plant,Capacity placeholder value,yes,Tag 'plant:output:electricity' contains placeholder value 'yes' instead of actual capacity,2026-07-01 01:27:51.462859,https://www.openstreetmap.org/way/1126760190,21.17194349874838,-76.64224617695406
way/1127368502,1127368502,way,Cuba,plant,Capacity placeholder value,yes,Tag 'plant:output:electricity' contains placeholder value 'yes' instead of actual capacity,2026-07-01 01:27:51.462982,https://www.openstreetmap.org/way/1127368502,21.8951859,-80.13374275000001
way/1127385725,1127385725,way,Cuba,plant,Capacity placeholder value,yes,Tag 'plant:output:electricity' contains placeholder value 'yes' instead of actual capacity,2026-07-01 01:27:51.463104,https://www.openstreetmap.org/way/1127385725,21.1666839690858,-76.14862444867546
way/1127385727,1127385727,way,Cuba,plant,Capacity placeholder value,yes,Tag 'plant:output:electricity' contains placeholder value 'yes' instead of actual capacity,2026-07-01 01:27:51.463277,https://www.openstreetmap.org/way/1127385727,21.148778156771566,-76.13219664267388
way/1127388030,1127388030,way,Cuba,plant,Capacity placeholder value,yes,Tag 'plant:output:electricity' contains placeholder value 'yes' instead of actual capacity,2026-07-01 01:27:51.463397,https://www.openstreetmap.org/way/1127388030,20.59712028321246,-75.66092380678164
way/1157923904,1157923904,way,Cuba,plant,Capacity placeholder value,yes,Tag 'plant:output:electricity' contains placeholder value 'yes' instead of actual capacity,2026-07-01 01:27:51.464091,https://www.openstreetmap.org/way/1157923904,22.98512035091454,-82.47089348584113
way/1167960249,1167960249,way,Cuba,plant,Capacity placeholder value,yes,Tag 'plant:output:electricity' contains placeholder value 'yes' instead of actual capacity,2026-07-01 01:27:51.464324,https://www.openstreetmap.org/way/1167960249,20.042800497217634,-75.87274440285006
way/1179806882,1179806882,way,Cuba,plant,Capacity placeholder value,yes,Tag 'plant:output:electricity' contains placeholder value 'yes' instead of actual capacity,2026-07-01 01:27:51.464546,https://www.openstreetmap.org/way/1179806882,23.014947136082956,-82.38695950814339
way/1184033249,1184033249,way,Cuba,plant,Capacity placeholder value,yes,Tag 'plant:output:electricity' contains placeholder value 'yes' instead of actual capacity,2026-07-01 01:27:51.464669,https://www.openstreetmap.org/way/1184033249,22.989780328695662,-82.37693869074307
way/1184712781,1184712781,way,Cuba,plant,Capacity placeholder value,yes,Tag 'plant:output:electricity' contains placeholder value 'yes' instead of actual capacity,2026-07-01 01:27:51.464881,https://www.openstreetmap.org/way/1184712781,22.41597869189041,-79.9765749420335
way/1189244315,1189244315,way,Cuba,plant,Capacity placeholder value,yes,Tag 'plant:output:electricity' contains placeholder value 'yes' instead of actual capacity,2026-07-01 01:27:51.465151,https://www.openstreetmap.org/way/1189244315,19.93253024708584,-75.11630808947868
way/1207322726,1207322726,way,Cuba,plant,Missing output tag,none,"tags: {'plant:source': 'solar', 'power': 'plant'}",2026-07-01 01:27:51.465278,https://www.openstreetmap.org/way/1207322726,23.06602684522388,-82.42164072224156
way/1211582150,1211582150,way,Cuba,plant,Capacity placeholder value,yes,Tag 'plant:output:electricity' contains placeholder value 'yes' instead of actual capacity,2026-07-01 01:27:51.465743,https://www.openstreetmap.org/way/1211582150,19.917447230761717,-75.14058866787127
way/1211582151,1211582151,way,Cuba,plant,Capacity placeholder value,yes,Tag 'plant:output:electricity' contains placeholder value 'yes' instead of actual capacity,2026-07-01 01:27:51.466252,https://www.openstreetmap.org/way/1211582151,19.917203164750205,-75.1413129821673
way/1211590597,1211590597,way,Cuba,plant,Capacity placeholder value,yes,Tag 'plant:output:electricity' contains placeholder value 'yes' instead of actual capacity,2026-07-01 01:27:51.466395,https://www.openstreetmap.org/way/1211590597,19.917421861874114,-75.13397328357726
way/1211590601,1211590601,way,Cuba,plant,Capacity placeholder value,yes,Tag 'plant:output:electricity' contains placeholder value 'yes' instead of actual capacity,2026-07-01 01:27:51.466545,https://www.openstreetmap.org/way/1211590601,19.91828178311172,-75.12874618061274
way/1211590602,1211590602,way,Cuba,plant,Capacity placeholder value,yes,Tag 'plant:output:electricity' contains placeholder value 'yes' instead of actual capacity,2026-07-01 01:27:51.466696,https://www.openstreetmap.org/way/1211590602,19.918164280269476,-75.12901915515789
way/1211590603,1211590603,way,Cuba,plant,Capacity placeholder value,yes,Tag 'plant:output:electricity' contains placeholder value 'yes' instead of actual capacity,2026-07-01 01:27:51.467105,https://www.openstreetmap.org/way/1211590603,19.921012462620666,-75.13300187074053
way/1213822108,1213822108,way,Cuba,plant,Capacity placeholder value,yes,Tag 'plant:output:electricity' contains placeholder value 'yes' instead of actual capacity,2026-07-01 01:27:51.467343,https://www.openstreetmap.org/way/1213822108,19.91636672359744,-75.13719352539597
way/1220420356,1220420356,way,Cuba,plant,Capacity placeholder value,yes,Tag 'plant:output:electricity' contains placeholder value 'yes' instead of actual capacity,2026-07-01 01:27:51.467501,https://www.openstreetmap.org/way/1220420356,23.01229537278313,-82.66522609272414
way/1223040641,1223040641,way,Cuba,plant,Capacity placeholder value,yes,Tag 'plant:output:electricity' contains placeholder value 'yes' instead of actual capacity,2026-07-01 01:27:51.467646,https://www.openstreetmap.org/way/1223040641,22.48300314406973,-79.92411880247488
way/1228912356,1228912356,way,Cuba,plant,Capacity placeholder value,yes,Tag 'plant:output:electricity' contains placeholder value 'yes' instead of actual capacity,2026-07-01 01:27:51.467806,https://www.openstreetmap.org/way/1228912356,20.052849524804426,-74.84597891500613
way/1253459327,1253459327,way,Cuba,plant,Capacity placeholder value,yes,Tag 'plant:output:electricity' contains placeholder value 'yes' instead of actual capacity,2026-07-01 01:27:51.467924,https://www.openstreetmap.org/way/1253459327,22.448304775659,-80.01247447790547
way/1253813647,1253813647,way,Cuba,plant,Missing output tag,none,"tags: {'location': 'roof', 'plant:method': 'thermal', 'plant:output:hot_water': 'yes', 'plant:source': 'solar', 'power': 'plant'}",2026-07-01 01:27:51.468050,https://www.openstreetmap.org/way/1253813647,23.158370516288013,-81.2410804684413
way/1276693844,1276693844,way,Cuba,plant,Capacity placeholder value,yes,Tag 'plant:output:electricity' contains placeholder value 'yes' instead of actual capacity,2026-07-01 01:27:51.468183,https://www.openstreetmap.org/way/1276693844,21.602958392677813,-77.83927502521351
way/1285014088,1285014088,way,Cuba,plant,Capacity placeholder value,yes,Tag 'plant:output:electricity' contains placeholder value 'yes' instead of actual capacity,2026-07-01 01:27:51.468327,https://www.openstreetmap.org/way/1285014088,22.919033040361775,-82.53348974699324
way/1308011906,1308011906,way,Cuba,plant,Missing source tag,none,"tags: {'landuse': 'industrial', 'name:en': 'Karpowership Ela Sultan power barge station', 'power': 'plant', 'source': 'https://web.archive.org/web/20240125134539/https://karpowership.com/project-cuba;https://www.gem.wiki/Powership_Ela_Sultan_power_station'}",2026-07-01 01:27:51.468453,https://www.openstreetmap.org/way/1308011906,23.01641698699144,-82.75221119504081
way/1308012175,1308012175,way,Cuba,plant,Missing source tag,none,"tags: {'landuse': 'industrial', 'name:en': 'Karpowership Powership Barış Bey power barge station', 'power': 'plant', 'source': 'https://web.archive.org/web/20240125134539/https://karpowership.com/project-cuba'}",2026-07-01 01:27:51.468604,https://www.openstreetmap.org/way/1308012175,23.01661385586133,-82.75263699080405
way/1311641641,1311641641,way,Cuba,plant,Missing output tag,none,"tags: {'name': 'Mini-Hidroelectrica Alzamiento de Jagüeycito', 'plant:method': 'water-storage', 'plant:source': 'hydro', 'power': 'plant'}",2026-07-01 01:27:51.468755,https://www.openstreetmap.org/way/1311641641,22.146839399311236,-78.94139661464986
way/1328301738,1328301738,way,Cuba,plant,Missing source tag,none,"tags: {'landuse': 'industrial', 'power': 'plant'}",2026-07-01 01:27:51.469267,https://www.openstreetmap.org/way/1328301738,20.21652438353785,-76.59640857978378
way/1328301743,1328301743,way,Cuba,plant,Capacity placeholder value,yes,Tag 'plant:output:electricity' contains placeholder value 'yes' instead of actual capacity,2026-07-01 01:27:51.469388,https://www.openstreetmap.org/way/1328301743,20.13115109754364,-76.96334267987525
way/1342236746,1342236746,way,Cuba,plant,Capacity placeholder value,yes,Tag 'plant:output:electricity' contains placeholder value 'yes' instead of actual capacity,2026-07-01 01:27:51.469774,https://www.openstreetmap.org/way/1342236746,23.0084234425449,-82.42345185486393
way/1367422187,1367422187,way,Cuba,plant,Capacity placeholder value,yes,Tag 'plant:output:electricity' contains placeholder value 'yes' instead of actual capacity,2026-07-01 01:27:51.470025,https://www.openstreetmap.org/way/1367422187,23.010288354619572,-82.4702258370873
way/1396341165,1396341165,way,Cuba,plant,Capacity placeholder value,yes,Tag 'plant:output:electricity' contains placeholder value 'yes' instead of actual capacity,2026-07-01 01:27:51.470498,https://www.openstreetmap.org/way/1396341165,22.23743583881191,-83.57496263987176
way/1396341166,1396341166,way,Cuba,plant,Capacity placeholder value,yes,Tag 'plant:output:electricity' contains placeholder value 'yes' instead of actual capacity,2026-07-01 01:27:51.470633,https://www.openstreetmap.org/way/1396341166,22.237987150296384,-83.5744403057825
way/1396341167,1396341167,way,Cuba,plant,Capacity placeholder value,yes,Tag 'plant:output:electricity' contains placeholder value 'yes' instead of actual capacity,2026-07-01 01:27:51.470757,https://www.openstreetmap.org/way/1396341167,22.238262312531738,-83.57413013965056
way/1396341168,1396341168,way,Cuba,plant,Capacity placeholder value,yes,Tag 'plant:output:electricity' contains placeholder value 'yes' instead of actual capacity,2026-07-01 01:27:51.470875,https://www.openstreetmap.org/way/1396341168,22.238341181019603,-83.57380957342957
way/1446389247,1446389247,way,Cuba,plant,Missing source tag,none,"tags: {'generator:method': 'combustion', 'landuse': 'industrial', 'name': 'Batería Grupo Electrógeno', 'operator': 'UNE – SEN', 'plant:output:electricity': 'yes', 'power': 'plant'}",2026-07-01 01:27:51.471991,https://www.openstreetmap.org/way/1446389247,20.7321834834786,-77.99970036349339
way/1448229023,1448229023,way,Cuba,plant,Capacity placeholder value,yes,Tag 'plant:output:electricity' contains placeholder value 'yes' instead of actual capacity,2026-07-01 01:27:51.472916,https://www.openstreetmap.org/way/1448229023,20.3380101,-76.49537725
way/1494717354,1494717354,way,Cuba,plant,Capacity placeholder value,yes,Tag 'plant:output:electricity' contains placeholder value 'yes' instead of actual capacity,2026-07-01 01:27:51.474238,https://www.openstreetmap.org/way/1494717354,20.278560325905957,-76.23302894447853
way/1497031639,1497031639,way,Cuba,plant,Capacity regex no match,21,Tag 'plant:output:electricity' has value '21' which could not be parsed,2026-07-01 01:27:51.474834,https://www.openstreetmap.org/way/1497031639,20.870968080141754,-75.78276722030898
way/1497469310,1497469310,way,Cuba,plant,Missing output tag,none,"tags: {'landuse': 'industrial', 'name': 'Parque Solar Fotovoltaico', 'plant:method': 'photovoltaic', 'plant:source': 'solar', 'power': 'plant', 'utility': 'power'}",2026-07-01 01:27:51.475173,https://www.openstreetmap.org/way/1497469310,22.426954459545865,-80.03541413811624
way/1500114663,1500114663,way,Cuba,plant,Capacity placeholder value,yes,Tag 'plant:output:electricity' contains placeholder value 'yes' instead of actual capacity,2026-07-01 01:27:51.477154,https://www.openstreetmap.org/way/1500114663,20.831690936067805,-77.55580347632187
way/1514901930,1514901930,way,Cuba,plant,Capacity placeholder value,yes,Tag 'plant:output:electricity' contains placeholder value 'yes' instead of actual capacity,2026-07-01 01:27:51.477421,https://www.openstreetmap.org/way/1514901930,22.144382800000002,-79.98467184999998
node/13593806141,13593806141,node,Cuba,plant,Missing source tag,none,"tags: {'name': 'Parque Solar Fotovoltaico El Peral', 'power': 'plant'}",2026-07-01 01:27:51.478132,https://www.openstreetmap.org/node/13593806141,20.1141867,-75.1854333
node/13610604694,13610604694,node,Cuba,plant,Missing source tag,none,"tags: {'name': 'Parque solar San Pedro', 'power': 'plant'}",2026-07-01 01:27:51.478166,https://www.openstreetmap.org/node/13610604694,20.1545563,-75.2340775
node/13661485023,13661485023,node,Cuba,plant,Missing source tag,none,"tags: {'name': 'Parque Solar Fotovoltaico, San Pedro', 'power': 'plant'}",2026-07-01 01:27:51.478196,https://www.openstreetmap.org/node/13661485023,20.1544848,-75.231437
relation/13704605,13704605,relation,El Salvador,plant,Capacity placeholder value,yes,Tag 'plant:output:electricity' contains placeholder value 'yes' instead of actual capacity,2026-07-01 01:32:41.020735,https://www.openstreetmap.org/relation/13704605,13.5839192246205,-89.81427410945709
way/329673809,329673809,way,El Salvador,plant,Missing source tag,none,"tags: {'landuse': 'industrial', 'name': 'Nejapa Power', 'power': 'plant', 'source': 'https://www.industryabout.com/country-territories-3/1233-el-salvador/fossil-fuels-energy/17361-nejapa-oil-power-plant', 'wikidata': 'Q15836496'}",2026-07-01 01:32:41.024364,https://www.openstreetmap.org/way/329673809,13.778479077782741,-89.20047185799545
way/458890657,458890657,way,El Salvador,plant,Capacity regex no match,95,Tag 'plant:output:electricity' has value '95' which could not be parsed,2026-07-01 01:32:41.025169,https://www.openstreetmap.org/way/458890657,13.920336417932377,-89.81685956756115
way/540307360,540307360,way,El Salvador,plant,Missing source tag,none,"tags: {'landuse': 'industrial', 'power': 'plant'}",2026-07-01 01:32:41.025314,https://www.openstreetmap.org/way/540307360,13.210767608561168,-88.12862917607401
way/540308032,540308032,way,El Salvador,plant,Missing source tag,none,"tags: {'landuse': 'industrial', 'power': 'plant'}",2026-07-01 01:32:41.025436,https://www.openstreetmap.org/way/540308032,13.2107569,-88.12858480000001
way/540308680,540308680,way,El Salvador,plant,Missing source tag,none,"tags: {'landuse': 'industrial', 'power': 'plant'}",2026-07-01 01:32:41.025579,https://www.openstreetmap.org/way/540308680,13.2107563,-88.12867130000001
way/540309086,540309086,way,El Salvador,plant,Missing source tag,none,"tags: {'landuse': 'industrial', 'power': 'plant'}",2026-07-01 01:32:41.025691,https://www.openstreetmap.org/way/540309086,13.210960533333337,-88.12868346666667
way/602747942,602747942,way,El Salvador,plant,Missing source tag,none,"tags: {'landuse': 'industrial', 'name': 'Bodegas CEL', 'power': 'plant'}",2026-07-01 01:32:41.025812,https://www.openstreetmap.org/way/602747942,13.732787308635412,-89.22392545772729
way/610081065,610081065,way,El Salvador,plant,Missing source tag,none,"tags: {'addr:city': 'San Vicente', 'addr:street': '3a Avenida', 'landuse': 'industrial', 'name': 'Delsur', 'power': 'plant', 'source': 'local knowledge'}",2026-07-01 01:32:41.025930,https://www.openstreetmap.org/way/610081065,13.645676081317568,-88.78642120116609
way/772679658,772679658,way,El Salvador,plant,Capacity placeholder value,yes,Tag 'plant:output:electricity' contains placeholder value 'yes' instead of actual capacity,2026-07-01 01:32:41.026581,https://www.openstreetmap.org/way/772679658,13.578534182610483,-89.79687569286291
way/842244428,842244428,way,El Salvador,plant,Capacity placeholder value,yes,Tag 'plant:output:electricity' contains placeholder value 'yes' instead of actual capacity,2026-07-01 01:32:41.027723,https://www.openstreetmap.org/way/842244428,13.44020859288052,-89.10836887303729
way/958736583,958736583,way,El Salvador,plant,Missing source tag,none,"tags: {'landuse': 'industrial', 'power': 'plant'}",2026-07-01 01:32:41.027841,https://www.openstreetmap.org/way/958736583,13.587567463123262,-88.07501884175807
way/1023691167,1023691167,way,El Salvador,plant,Capacity placeholder value,yes,Tag 'plant:output:electricity' contains placeholder value 'yes' instead of actual capacity,2026-07-01 01:32:41.028646,https://www.openstreetmap.org/way/1023691167,13.901784093120707,-89.34271325768844
way/1023691168,1023691168,way,El Salvador,plant,Capacity placeholder value,yes,Tag 'plant:output:electricity' contains placeholder value 'yes' instead of actual capacity,2026-07-01 01:32:41.028795,https://www.openstreetmap.org/way/1023691168,13.899921967232055,-89.34966677761895
way/1023691179,1023691179,way,El Salvador,plant,Capacity placeholder value,yes,Tag 'plant:output:electricity' contains placeholder value 'yes' instead of actual capacity,2026-07-01 01:32:41.030401,https://www.openstreetmap.org/way/1023691179,13.765809578990925,-89.5119486282037
way/1023691183,1023691183,way,El Salvador,plant,Capacity placeholder value,yes,Tag 'plant:output:electricity' contains placeholder value 'yes' instead of actual capacity,2026-07-01 01:32:41.031337,https://www.openstreetmap.org/way/1023691183,13.304444073789874,-88.5442558107054
way/1023691194,1023691194,way,El Salvador,plant,Missing source tag,none,"tags: {'plant:method': 'combustion', 'power': 'plant'}",2026-07-01 01:32:41.032444,https://www.openstreetmap.org/way/1023691194,13.584718646179832,-88.78329465437409
way/1023691214,1023691214,way,El Salvador,plant,Capacity placeholder value,yes,Tag 'plant:output:electricity' contains placeholder value 'yes' instead of actual capacity,2026-07-01 01:32:41.033101,https://www.openstreetmap.org/way/1023691214,13.71263617087233,-89.41674276303404
way/1023691215,1023691215,way,El Salvador,plant,Capacity placeholder value,yes,Tag 'plant:output:electricity' contains placeholder value 'yes' instead of actual capacity,2026-07-01 01:32:41.033299,https://www.openstreetmap.org/way/1023691215,13.472826557175013,-89.01261020089363
way/1054530144,1054530144,way,El Salvador,plant,Missing output tag,none,"tags: {'plant:source': 'solar', 'power': 'plant'}",2026-07-01 01:32:41.033798,https://www.openstreetmap.org/way/1054530144,13.436480595903083,-88.09799793843908
way/1062479472,1062479472,way,El Salvador,plant,Capacity placeholder value,yes,Tag 'plant:output:electricity' contains placeholder value 'yes' instead of actual capacity,2026-07-01 01:32:41.034025,https://www.openstreetmap.org/way/1062479472,13.443049099431486,-89.07498930841143
way/1112426926,1112426926,way,El Salvador,plant,Capacity placeholder value,yes,Tag 'plant:output:electricity' contains placeholder value 'yes' instead of actual capacity,2026-07-01 01:32:41.034212,https://www.openstreetmap.org/way/1112426926,13.728260724457535,-89.7188754176784
way/1112718597,1112718597,way,El Salvador,plant,Capacity placeholder value,yes,Tag 'plant:output:electricity' contains placeholder value 'yes' instead of actual capacity,2026-07-01 01:32:41.034355,https://www.openstreetmap.org/way/1112718597,13.759531372938826,-89.72034329998105
way/1117972747,1117972747,way,El Salvador,plant,Capacity placeholder value,yes,Tag 'plant:output:electricity' contains placeholder value 'yes' instead of actual capacity,2026-07-01 01:32:41.034505,https://www.openstreetmap.org/way/1117972747,13.67197843902745,-89.74601022830318
way/1121063861,1121063861,way,El Salvador,plant,Capacity placeholder value,yes,Tag 'plant:output:electricity' contains placeholder value 'yes' instead of actual capacity,2026-07-01 01:32:41.034854,https://www.openstreetmap.org/way/1121063861,13.719624887653993,-89.72600251248537
way/1150038887,1150038887,way,El Salvador,plant,Capacity placeholder value,yes,Tag 'plant:output:electricity' contains placeholder value 'yes' instead of actual capacity,2026-07-01 01:32:41.035041,https://www.openstreetmap.org/way/1150038887,13.745362630272387,-89.4311107678679
way/1182138319,1182138319,way,El Salvador,plant,Capacity placeholder value,yes,Tag 'plant:output:electricity' contains placeholder value 'yes' instead of actual capacity,2026-07-01 01:32:41.035327,https://www.openstreetmap.org/way/1182138319,13.71479689416762,-89.67147429654176
way/1188999167,1188999167,way,El Salvador,plant,Capacity placeholder value,yes,Tag 'plant:output:electricity' contains placeholder value 'yes' instead of actual capacity,2026-07-01 01:32:41.035580,https://www.openstreetmap.org/way/1188999167,13.700081857684467,-89.1130551881394
way/1199511168,1199511168,way,El Salvador,plant,Capacity placeholder value,yes,Tag 'plant:output:electricity' contains placeholder value 'yes' instead of actual capacity,2026-07-01 01:32:41.035725,https://www.openstreetmap.org/way/1199511168,13.476144908170506,-89.20134681647961
way/1203767663,1203767663,way,El Salvador,plant,Capacity placeholder value,yes,Tag 'plant:output:electricity' contains placeholder value 'yes' instead of actual capacity,2026-07-01 01:32:41.035962,https://www.openstreetmap.org/way/1203767663,13.199061101014669,-87.95229610128797
way/1206408694,1206408694,way,El Salvador,plant,Capacity placeholder value,yes,Tag 'plant:output:electricity' contains placeholder value 'yes' instead of actual capacity,2026-07-01 01:32:41.036335,https://www.openstreetmap.org/way/1206408694,13.712901137196788,-89.15952731958853
way/1207501889,1207501889,way,El Salvador,plant,Capacity placeholder value,yes,Tag 'plant:output:electricity' contains placeholder value 'yes' instead of actual capacity,2026-07-01 01:32:41.036652,https://www.openstreetmap.org/way/1207501889,13.579172096382987,-89.79447180565718
way/1207505099,1207505099,way,El Salvador,plant,Capacity placeholder value,yes,Tag 'plant:output:electricity' contains placeholder value 'yes' instead of actual capacity,2026-07-01 01:32:41.037053,https://www.openstreetmap.org/way/1207505099,13.532140412811154,-88.1680349972553
way/1217905770,1217905770,way,El Salvador,plant,Missing output tag,none,"tags: {'plant:source': 'solar', 'power': 'plant'}",2026-07-01 01:32:41.037198,https://www.openstreetmap.org/way/1217905770,13.876942191981497,-89.34445194297933
way/1217905771,1217905771,way,El Salvador,plant,Missing output tag,none,"tags: {'plant:source': 'solar', 'power': 'plant'}",2026-07-01 01:32:41.037377,https://www.openstreetmap.org/way/1217905771,13.87531871972157,-89.3453471839756
way/1231263063,1231263063,way,El Salvador,plant,Capacity placeholder value,yes,Tag 'plant:output:electricity' contains placeholder value 'yes' instead of actual capacity,2026-07-01 01:32:41.037623,https://www.openstreetmap.org/way/1231263063,13.79481244172374,-89.19676585761101
way/1366244493,1366244493,way,El Salvador,plant,Missing output tag,none,"tags: {'name': 'Enerland La Libertad', 'operator': 'Enerland', 'plant:method': 'thermal', 'plant:source': 'solar', 'power': 'plant'}",2026-07-01 01:32:41.038174,https://www.openstreetmap.org/way/1366244493,13.568603336221557,-89.32950222111121
way/1408941893,1408941893,way,El Salvador,plant,Missing output tag,none,"tags: {'plant:source': 'solar', 'power': 'plant'}",2026-07-01 01:32:41.038509,https://www.openstreetmap.org/way/1408941893,13.724505853449811,-89.11021016274125
way/1408941894,1408941894,way,El Salvador,plant,Missing output tag,none,"tags: {'plant:source': 'solar', 'power': 'plant'}",2026-07-01 01:32:41.038721,https://www.openstreetmap.org/way/1408941894,13.725912275739711,-89.1145441988754
way/1425699166,1425699166,way,El Salvador,plant,Capacity placeholder value,yes,Tag 'plant:output:electricity' contains placeholder value 'yes' instead of actual capacity,2026-07-01 01:32:41.038859,https://www.openstreetmap.org/way/1425699166,13.426329446948323,-88.79764528224479
way/1425699167,1425699167,way,El Salvador,plant,Capacity placeholder value,yes,Tag 'plant:output:electricity' contains placeholder value 'yes' instead of actual capacity,2026-07-01 01:32:41.038979,https://www.openstreetmap.org/way/1425699167,13.425990028435903,-88.79770763042814
way/1425699168,1425699168,way,El Salvador,plant,Capacity placeholder value,yes,Tag 'plant:output:electricity' contains placeholder value 'yes' instead of actual capacity,2026-07-01 01:32:41.039096,https://www.openstreetmap.org/way/1425699168,13.425650349067771,-88.7977543525325
way/1425699169,1425699169,way,El Salvador,plant,Capacity placeholder value,yes,Tag 'plant:output:electricity' contains placeholder value 'yes' instead of actual capacity,2026-07-01 01:32:41.039212,https://www.openstreetmap.org/way/1425699169,13.425307488772122,-88.79779979523929
way/1425699170,1425699170,way,El Salvador,plant,Capacity placeholder value,yes,Tag 'plant:output:electricity' contains placeholder value 'yes' instead of actual capacity,2026-07-01 01:32:41.039331,https://www.openstreetmap.org/way/1425699170,13.424971716329985,-88.79785383816589
way/1425699171,1425699171,way,El Salvador,plant,Capacity placeholder value,yes,Tag 'plant:output:electricity' contains placeholder value 'yes' instead of actual capacity,2026-07-01 01:32:41.039449,https://www.openstreetmap.org/way/1425699171,13.424627063836331,-88.79789059773867
way/1425699172,1425699172,way,El Salvador,plant,Capacity placeholder value,yes,Tag 'plant:output:electricity' contains placeholder value 'yes' instead of actual capacity,2026-07-01 01:32:41.039589,https://www.openstreetmap.org/way/1425699172,13.424278897331483,-88.79795008322509
way/1446906126,1446906126,way,El Salvador,plant,Capacity placeholder value,yes,Tag 'plant:output:electricity' contains placeholder value 'yes' instead of actual capacity,2026-07-01 01:32:41.039908,https://www.openstreetmap.org/way/1446906126,13.836214277575992,-89.25250257341807
way/1446906348,1446906348,way,El Salvador,plant,Capacity placeholder value,yes,Tag 'plant:output:electricity' contains placeholder value 'yes' instead of actual capacity,2026-07-01 01:32:41.040165,https://www.openstreetmap.org/way/1446906348,13.831504195807366,-89.25486859388964
way/1448443430,1448443430,way,El Salvador,plant,Capacity placeholder value,yes,Tag 'plant:output:electricity' contains placeholder value 'yes' instead of actual capacity,2026-07-01 01:32:41.040425,https://www.openstreetmap.org/way/1448443430,13.620529281395022,-88.54958704802806
way/1462735414,1462735414,way,El Salvador,plant,Capacity placeholder value,yes,Tag 'plant:output:electricity' contains placeholder value 'yes' instead of actual capacity,2026-07-01 01:32:41.040681,https://www.openstreetmap.org/way/1462735414,13.744331736103952,-89.16184887060794
node/8400990045,8400990045,node,Dominican Republic,generator,Missing output tag,none,"tags: {'generator:method': 'wind_turbine', 'generator:source': 'wind', 'power': 'generator'}",2026-07-01 01:37:13.402030,https://www.openstreetmap.org/node/8400990045,19.8530874,-70.8137941
node/8400990044,8400990044,node,Dominican Republic,generator,Missing output tag,none,"tags: {'generator:method': 'wind_turbine', 'generator:source': 'wind', 'power': 'generator'}",2026-07-01 01:37:13.402060,https://www.openstreetmap.org/node/8400990044,19.8494545,-70.8109832
node/8400990047,8400990047,node,Dominican Republic,generator,Missing output tag,none,"tags: {'generator:method': 'wind_turbine', 'generator:source': 'wind', 'power': 'generator'}",2026-07-01 01:37:13.402082,https://www.openstreetmap.org/node/8400990047,19.8586273,-70.8115384
node/8400990046,8400990046,node,Dominican Republic,generator,Missing output tag,none,"tags: {'generator:method': 'wind_turbine', 'generator:source': 'wind', 'power': 'generator'}",2026-07-01 01:37:13.402103,https://www.openstreetmap.org/node/8400990046,19.8547524,-70.8102107
node/8400990041,8400990041,node,Dominican Republic,generator,Missing output tag,none,"tags: {'generator:method': 'wind_turbine', 'generator:source': 'wind', 'power': 'generator'}",2026-07-01 01:37:13.402122,https://www.openstreetmap.org/node/8400990041,19.8731272,-70.8156717
node/8400990040,8400990040,node,Dominican Republic,generator,Missing output tag,none,"tags: {'generator:method': 'wind_turbine', 'generator:source': 'wind', 'power': 'generator'}",2026-07-01 01:37:13.402142,https://www.openstreetmap.org/node/8400990040,19.8759423,-70.8142555
node/8400990043,8400990043,node,Dominican Republic,generator,Missing output tag,none,"tags: {'generator:method': 'wind_turbine', 'generator:source': 'wind', 'power': 'generator'}",2026-07-01 01:37:13.402162,https://www.openstreetmap.org/node/8400990043,19.8646666,-70.8197004
node/8400990042,8400990042,node,Dominican Republic,generator,Missing output tag,none,"tags: {'generator:method': 'wind_turbine', 'generator:source': 'wind', 'power': 'generator'}",2026-07-01 01:37:13.402182,https://www.openstreetmap.org/node/8400990042,19.860479,-70.8205855
node/8400990053,8400990053,node,Dominican Republic,generator,Missing output tag,none,"tags: {'generator:method': 'wind_turbine', 'generator:source': 'wind', 'power': 'generator'}",2026-07-01 01:37:13.402201,https://www.openstreetmap.org/node/8400990053,19.86115,-70.8366895
node/8400990052,8400990052,node,Dominican Republic,generator,Missing output tag,none,"tags: {'generator:method': 'wind_turbine', 'generator:source': 'wind', 'power': 'generator'}",2026-07-01 01:37:13.402220,https://www.openstreetmap.org/node/8400990052,19.8677088,-70.8313036
node/8400990055,8400990055,node,Dominican Republic,generator,Missing output tag,none,"tags: {'generator:method': 'wind_turbine', 'generator:source': 'wind', 'power': 'generator'}",2026-07-01 01:37:13.402239,https://www.openstreetmap.org/node/8400990055,19.8537938,-70.8398223
node/8400990054,8400990054,node,Dominican Republic,generator,Missing output tag,none,"tags: {'generator:method': 'wind_turbine', 'generator:source': 'wind', 'power': 'generator'}",2026-07-01 01:37:13.402258,https://www.openstreetmap.org/node/8400990054,19.8565789,-70.835976
node/8400990049,8400990049,node,Dominican Republic,generator,Missing output tag,none,"tags: {'generator:method': 'wind_turbine', 'generator:source': 'wind', 'power': 'generator'}",2026-07-01 01:37:13.402278,https://www.openstreetmap.org/node/8400990049,19.8772136,-70.8318508
node/8400990048,8400990048,node,Dominican Republic,generator,Missing output tag,none,"tags: {'generator:method': 'wind_turbine', 'generator:source': 'wind', 'power': 'generator'}",2026-07-01 01:37:13.402296,https://www.openstreetmap.org/node/8400990048,19.8801395,-70.8267009
node/8400990051,8400990051,node,Dominican Republic,generator,Missing output tag,none,"tags: {'generator:method': 'wind_turbine', 'generator:source': 'wind', 'power': 'generator'}",2026-07-01 01:37:13.402315,https://www.openstreetmap.org/node/8400990051,19.8706753,-70.8322907
node/8400990050,8400990050,node,Dominican Republic,generator,Missing output tag,none,"tags: {'generator:method': 'wind_turbine', 'generator:source': 'wind', 'power': 'generator'}",2026-07-01 01:37:13.402334,https://www.openstreetmap.org/node/8400990050,19.8739344,-70.8324731
node/10637515893,10637515893,node,Dominican Republic,generator,Missing output tag,none,"tags: {'generator:method': 'wind_turbine', 'generator:source': 'wind', 'generator:type': 'horizontal_axis', 'power': 'generator'}",2026-07-01 01:37:13.404914,https://www.openstreetmap.org/node/10637515893,19.802684,-71.2701988
node/10637515892,10637515892,node,Dominican Republic,generator,Missing output tag,none,"tags: {'generator:method': 'wind_turbine', 'generator:source': 'wind', 'generator:type': 'horizontal_axis', 'power': 'generator'}",2026-07-01 01:37:13.404942,https://www.openstreetmap.org/node/10637515892,19.8042486,-71.2742436
node/10637515891,10637515891,node,Dominican Republic,generator,Missing output tag,none,"tags: {'generator:method': 'wind_turbine', 'generator:source': 'wind', 'generator:type': 'horizontal_axis', 'power': 'generator'}",2026-07-01 01:37:13.404965,https://www.openstreetmap.org/node/10637515891,19.8067621,-71.2785673
node/10637515895,10637515895,node,Dominican Republic,generator,Missing output tag,none,"tags: {'generator:method': 'wind_turbine', 'generator:source': 'wind', 'generator:type': 'horizontal_axis', 'power': 'generator'}",2026-07-01 01:37:13.404987,https://www.openstreetmap.org/node/10637515895,19.8084882,-71.2838727
node/10637515894,10637515894,node,Dominican Republic,generator,Missing output tag,none,"tags: {'generator:method': 'wind_turbine', 'generator:source': 'wind', 'generator:type': 'horizontal_axis', 'power': 'generator'}",2026-07-01 01:37:13.405007,https://www.openstreetmap.org/node/10637515894,19.8114659,-71.2862277
node/10637515890,10637515890,node,Dominican Republic,generator,Missing output tag,none,"tags: {'generator:method': 'wind_turbine', 'generator:source': 'wind', 'generator:type': 'horizontal_axis', 'power': 'generator'}",2026-07-01 01:37:13.405027,https://www.openstreetmap.org/node/10637515890,19.8138682,-71.2897468
node/10637515889,10637515889,node,Dominican Republic,generator,Missing output tag,none,"tags: {'generator:method': 'wind_turbine', 'generator:source': 'wind', 'generator:type': 'horizontal_axis', 'power': 'generator'}",2026-07-01 01:37:13.405048,https://www.openstreetmap.org/node/10637515889,19.8158314,-71.2942797
node/10637515888,10637515888,node,Dominican Republic,generator,Missing output tag,none,"tags: {'generator:method': 'wind_turbine', 'generator:source': 'wind', 'generator:type': 'horizontal_axis', 'power': 'generator'}",2026-07-01 01:37:13.405068,https://www.openstreetmap.org/node/10637515888,19.8178955,-71.2966132
node/10637515887,10637515887,node,Dominican Republic,generator,Missing output tag,none,"tags: {'generator:method': 'wind_turbine', 'generator:source': 'wind', 'generator:type': 'horizontal_axis', 'power': 'generator'}",2026-07-01 01:37:13.405088,https://www.openstreetmap.org/node/10637515887,19.8218622,-71.3017738
node/10637515886,10637515886,node,Dominican Republic,generator,Missing output tag,none,"tags: {'generator:method': 'wind_turbine', 'generator:source': 'wind', 'generator:type': 'horizontal_axis', 'power': 'generator'}",2026-07-01 01:37:13.405108,https://www.openstreetmap.org/node/10637515886,19.8245772,-71.3045526
node/10637515885,10637515885,node,Dominican Republic,generator,Missing output tag,none,"tags: {'generator:method': 'wind_turbine', 'generator:source': 'wind', 'generator:type': 'horizontal_axis', 'power': 'generator'}",2026-07-01 01:37:13.405128,https://www.openstreetmap.org/node/10637515885,19.8276858,-71.3062263
node/10637515878,10637515878,node,Dominican Republic,generator,Missing output tag,none,"tags: {'generator:method': 'wind_turbine', 'generator:source': 'wind', 'generator:type': 'horizontal_axis', 'power': 'generator'}",2026-07-01 01:37:13.405148,https://www.openstreetmap.org/node/10637515878,19.7755975,-71.3309004
node/10637515877,10637515877,node,Dominican Republic,generator,Missing output tag,none,"tags: {'generator:method': 'wind_turbine', 'generator:source': 'wind', 'generator:type': 'horizontal_axis', 'power': 'generator'}",2026-07-01 01:37:13.405169,https://www.openstreetmap.org/node/10637515877,19.7733784,-71.3276817
node/10637515876,10637515876,node,Dominican Republic,generator,Missing output tag,none,"tags: {'generator:method': 'wind_turbine', 'generator:source': 'wind', 'generator:type': 'horizontal_axis', 'power': 'generator'}",2026-07-01 01:37:13.405190,https://www.openstreetmap.org/node/10637515876,19.7662266,-71.3259642
node/10637515875,10637515875,node,Dominican Republic,generator,Missing output tag,none,"tags: {'generator:method': 'wind_turbine', 'generator:source': 'wind', 'generator:type': 'horizontal_axis', 'power': 'generator'}",2026-07-01 01:37:13.405211,https://www.openstreetmap.org/node/10637515875,19.784447,-71.3395989
node/10637515874,10637515874,node,Dominican Republic,generator,Missing output tag,none,"tags: {'generator:method': 'wind_turbine', 'generator:source': 'wind', 'generator:type': 'horizontal_axis', 'power': 'generator'}",2026-07-01 01:37:13.405231,https://www.openstreetmap.org/node/10637515874,19.7852403,-71.3443327
node/10637515873,10637515873,node,Dominican Republic,generator,Missing output tag,none,"tags: {'generator:method': 'wind_turbine', 'generator:source': 'wind', 'generator:type': 'horizontal_axis', 'power': 'generator'}",2026-07-01 01:37:13.405251,https://www.openstreetmap.org/node/10637515873,19.790315,-71.3482283
node/10637515872,10637515872,node,Dominican Republic,generator,Missing output tag,none,"tags: {'generator:method': 'wind_turbine', 'generator:source': 'wind', 'generator:type': 'horizontal_axis', 'power': 'generator'}",2026-07-01 01:37:13.405271,https://www.openstreetmap.org/node/10637515872,19.7985906,-71.3617724
node/10637515871,10637515871,node,Dominican Republic,generator,Missing output tag,none,"tags: {'generator:method': 'wind_turbine', 'generator:source': 'wind', 'generator:type': 'horizontal_axis', 'power': 'generator'}",2026-07-01 01:37:13.405291,https://www.openstreetmap.org/node/10637515871,19.8010576,-71.367522
node/10637515870,10637515870,node,Dominican Republic,generator,Missing output tag,none,"tags: {'generator:method': 'wind_turbine', 'generator:source': 'wind', 'generator:type': 'horizontal_axis', 'power': 'generator'}",2026-07-01 01:37:13.405312,https://www.openstreetmap.org/node/10637515870,19.7756416,-71.3578987
node/10637515868,10637515868,node,Dominican Republic,generator,Missing output tag,none,"tags: {'generator:method': 'wind_turbine', 'generator:source': 'wind', 'generator:type': 'horizontal_axis', 'power': 'generator'}",2026-07-01 01:37:13.405332,https://www.openstreetmap.org/node/10637515868,19.783223,-71.3481668
way/192707576,192707576,way,Dominican Republic,plant,Missing output tag,none,"tags: {'FIXME': 'verify', 'location': 'outdoor', 'name': 'Central Hidroeléctrica Taveras', 'plant:source': 'hydro', 'power': 'plant', 'substation': 'transmission'}",2026-07-01 01:37:13.407627,https://www.openstreetmap.org/way/192707576,19.32454775624604,-70.73697198939266
way/253884583,253884583,way,Dominican Republic,plant,Capacity placeholder value,yes,Tag 'plant:output:electricity' contains placeholder value 'yes' instead of actual capacity,2026-07-01 01:37:13.408376,https://www.openstreetmap.org/way/253884583,19.098312894318582,-70.59713536709215
way/255569985,255569985,way,Dominican Republic,plant,Capacity placeholder value,yes,Tag 'plant:output:electricity' contains placeholder value 'yes' instead of actual capacity,2026-07-01 01:37:13.408665,https://www.openstreetmap.org/way/255569985,18.408469905435382,-70.02679696378893
way/256198298,256198298,way,Dominican Republic,plant,Capacity placeholder value,yes,Tag 'plant:output:electricity' contains placeholder value 'yes' instead of actual capacity,2026-07-01 01:37:13.408839,https://www.openstreetmap.org/way/256198298,18.664029148769703,-68.43345538393224
way/262048370,262048370,way,Dominican Republic,plant,Missing output tag,none,"tags: {'name': 'Presa Palomino', 'plant:source': 'hydro', 'power': 'plant', 'waterway': 'dam', 'wikipedia': 'es:Proyecto Hidroeléctrico Palomino'}",2026-07-01 01:37:13.409042,https://www.openstreetmap.org/way/262048370,18.922653757357285,-71.00997677855244
way/262072687,262072687,way,Dominican Republic,plant,Missing output tag,none,"tags: {'name': 'Presa de Jigüey', 'plant:source': 'hydro', 'power': 'plant', 'waterway': 'dam', 'wikidata': 'Q23770784'}",2026-07-01 01:37:13.409387,https://www.openstreetmap.org/way/262072687,18.54616131237945,-70.37694938105342
way/310436419,310436419,way,Dominican Republic,plant,Missing source tag,none,"tags: {'name': 'Generadora Electrica de Samana (GES)', 'plant:output:electricity': 'yes', 'power': 'plant', 'short_name': 'GES'}",2026-07-01 01:37:13.409539,https://www.openstreetmap.org/way/310436419,19.31279163333333,-69.54747090000001
way/582910128,582910128,way,Dominican Republic,plant,Capacity placeholder value,yes,Tag 'plant:output:electricity' contains placeholder value 'yes' instead of actual capacity,2026-07-01 01:37:13.413257,https://www.openstreetmap.org/way/582910128,19.426752367064147,-71.09131624241128
way/639097980,639097980,way,Dominican Republic,plant,Missing source tag,none,tags: {'power': 'plant'},2026-07-01 01:37:13.413401,https://www.openstreetmap.org/way/639097980,19.454191395872822,-70.6791866607535
way/887668120,887668120,way,Dominican Republic,plant,Capacity placeholder value,yes,Tag 'plant:output:electricity' contains placeholder value 'yes' instead of actual capacity,2026-07-01 01:37:13.414715,https://www.openstreetmap.org/way/887668120,19.75277253548701,-70.56385309023148
way/887668121,887668121,way,Dominican Republic,plant,Capacity placeholder value,yes,Tag 'plant:output:electricity' contains placeholder value 'yes' instead of actual capacity,2026-07-01 01:37:13.414857,https://www.openstreetmap.org/way/887668121,19.753893123611267,-70.56435675929656
way/888233662,888233662,way,Dominican Republic,plant,Missing source tag,none,tags: {'power': 'plant'},2026-07-01 01:37:13.414986,https://www.openstreetmap.org/way/888233662,18.447167759425362,-69.34509721522042
way/935526383,935526383,way,Dominican Republic,plant,Capacity placeholder value,yes,Tag 'plant:output:electricity' contains placeholder value 'yes' instead of actual capacity,2026-07-01 01:37:13.415207,https://www.openstreetmap.org/way/935526383,18.405933591572875,-70.0267763179994
way/937489447,937489447,way,Dominican Republic,plant,Capacity placeholder value,yes,Tag 'plant:output:electricity' contains placeholder value 'yes' instead of actual capacity,2026-07-01 01:37:13.415515,https://www.openstreetmap.org/way/937489447,18.40815261691555,-69.6311087480163
way/1074061499,1074061499,way,Dominican Republic,plant,Capacity placeholder value,yes,Tag 'plant:output:electricity' contains placeholder value 'yes' instead of actual capacity,2026-07-01 01:37:13.416665,https://www.openstreetmap.org/way/1074061499,18.575842456833414,-69.9800043162156
way/1074985130,1074985130,way,Dominican Republic,plant,Capacity placeholder value,yes,Tag 'plant:output:electricity' contains placeholder value 'yes' instead of actual capacity,2026-07-01 01:37:13.416827,https://www.openstreetmap.org/way/1074985130,18.412236664818316,-69.6690170643702
way/1140849494,1140849494,way,Dominican Republic,plant,Capacity placeholder value,yes,Tag 'plant:output:electricity' contains placeholder value 'yes' instead of actual capacity,2026-07-01 01:37:13.417119,https://www.openstreetmap.org/way/1140849494,18.42457880573169,-69.6767905324086
way/1140851369,1140851369,way,Dominican Republic,plant,Capacity placeholder value,yes,Tag 'plant:output:electricity' contains placeholder value 'yes' instead of actual capacity,2026-07-01 01:37:13.417298,https://www.openstreetmap.org/way/1140851369,18.448757415397637,-69.25216332032622
way/1141039444,1141039444,way,Dominican Republic,plant,Missing output tag,none,"tags: {'plant:method': 'photovoltaic', 'plant:source': 'solar', 'power': 'plant'}",2026-07-01 01:37:13.418178,https://www.openstreetmap.org/way/1141039444,18.273734477788803,-70.13940762797249
way/1142158581,1142158581,way,Dominican Republic,plant,Missing output tag,none,"tags: {'plant:method': 'photovoltaic', 'plant:source': 'solar', 'power': 'plant'}",2026-07-01 01:37:13.418444,https://www.openstreetmap.org/way/1142158581,19.69215536016953,-71.22298165104682
way/1188204440,1188204440,way,Dominican Republic,plant,Capacity placeholder value,yes,Tag 'plant:output:electricity' contains placeholder value 'yes' instead of actual capacity,2026-07-01 01:37:13.418617,https://www.openstreetmap.org/way/1188204440,18.88391674279813,-70.56568685549693
way/1188204441,1188204441,way,Dominican Republic,plant,Capacity placeholder value,yes,Tag 'plant:output:electricity' contains placeholder value 'yes' instead of actual capacity,2026-07-01 01:37:13.418874,https://www.openstreetmap.org/way/1188204441,19.036432496861938,-70.19196406579624
way/1188685029,1188685029,way,Dominican Republic,plant,Missing source tag,none,"tags: {'landuse': 'industrial', 'name': 'Quisqieya II Power Station', 'power': 'plant'}",2026-07-01 01:37:13.418995,https://www.openstreetmap.org/way/1188685029,18.49378176262265,-69.35116933515282
way/1188685395,1188685395,way,Dominican Republic,plant,Missing source tag,none,"tags: {'landuse': 'industrial', 'name': 'Quisqueya I Power Station', 'power': 'plant'}",2026-07-01 01:37:13.419112,https://www.openstreetmap.org/way/1188685395,18.49223547404648,-69.35041910755318
way/1201164780,1201164780,way,Dominican Republic,plant,Capacity placeholder value,yes,Tag 'plant:output:electricity' contains placeholder value 'yes' instead of actual capacity,2026-07-01 01:37:13.419259,https://www.openstreetmap.org/way/1201164780,19.404130928302628,-70.60730073116837
way/1202021228,1202021228,way,Dominican Republic,plant,Capacity placeholder value,yes,Tag 'plant:output:electricity' contains placeholder value 'yes' instead of actual capacity,2026-07-01 01:37:13.419609,https://www.openstreetmap.org/way/1202021228,19.706107892612145,-71.37838011049051
way/1202021951,1202021951,way,Dominican Republic,plant,Capacity placeholder value,yes,Tag 'plant:output:electricity' contains placeholder value 'yes' instead of actual capacity,2026-07-01 01:37:13.419942,https://www.openstreetmap.org/way/1202021951,18.34453516601881,-71.12851401144351
way/1203010347,1203010347,way,Dominican Republic,plant,Missing source tag,none,"tags: {'landuse': 'industrial', 'name': 'Siba Energy', 'power': 'plant', 'source': 'https://www.gem.wiki/Siba_power_station'}",2026-07-01 01:37:13.421029,https://www.openstreetmap.org/way/1203010347,18.45679849264277,-69.62091168077382
way/1226600267,1226600267,way,Dominican Republic,plant,Capacity placeholder value,yes,Tag 'plant:output:electricity' contains placeholder value 'yes' instead of actual capacity,2026-07-01 01:37:13.421172,https://www.openstreetmap.org/way/1226600267,18.796311884756648,-68.57884469065607
way/1246441733,1246441733,way,Dominican Republic,plant,Capacity placeholder value,yes,Tag 'plant:output:electricity' contains placeholder value 'yes' instead of actual capacity,2026-07-01 01:37:13.421297,https://www.openstreetmap.org/way/1246441733,18.156070656630583,-71.75733839734248
way/1271840773,1271840773,way,Dominican Republic,plant,Capacity placeholder value,yes,Tag 'plant:output:electricity' contains placeholder value 'yes' instead of actual capacity,2026-07-01 01:37:13.421506,https://www.openstreetmap.org/way/1271840773,18.61274763328258,-69.8549337408563
way/1294481819,1294481819,way,Dominican Republic,plant,Capacity placeholder value,yes,Tag 'plant:output:electricity' contains placeholder value 'yes' instead of actual capacity,2026-07-01 01:37:13.421638,https://www.openstreetmap.org/way/1294481819,18.483023888559753,-69.88298543157
way/1305687698,1305687698,way,Dominican Republic,plant,Capacity placeholder value,yes,Tag 'plant:output:electricity' contains placeholder value 'yes' instead of actual capacity,2026-07-01 01:37:13.421759,https://www.openstreetmap.org/way/1305687698,18.665694453530833,-68.4354194637999
way/1305687699,1305687699,way,Dominican Republic,plant,Capacity placeholder value,yes,Tag 'plant:output:electricity' contains placeholder value 'yes' instead of actual capacity,2026-07-01 01:37:13.421877,https://www.openstreetmap.org/way/1305687699,18.665693003386586,-68.43528056491596
way/1305687700,1305687700,way,Dominican Republic,plant,Capacity placeholder value,yes,Tag 'plant:output:electricity' contains placeholder value 'yes' instead of actual capacity,2026-07-01 01:37:13.421994,https://www.openstreetmap.org/way/1305687700,18.665691353530836,-68.43514106379992
way/1305687701,1305687701,way,Dominican Republic,plant,Capacity placeholder value,yes,Tag 'plant:output:electricity' contains placeholder value 'yes' instead of actual capacity,2026-07-01 01:37:13.422110,https://www.openstreetmap.org/way/1305687701,18.665691526609653,-68.43500325402464
way/1305687702,1305687702,way,Dominican Republic,plant,Capacity placeholder value,yes,Tag 'plant:output:electricity' contains placeholder value 'yes' instead of actual capacity,2026-07-01 01:37:13.422225,https://www.openstreetmap.org/way/1305687702,18.665691976157863,-68.43486612495228
way/1305687703,1305687703,way,Dominican Republic,plant,Capacity placeholder value,yes,Tag 'plant:output:electricity' contains placeholder value 'yes' instead of actual capacity,2026-07-01 01:37:13.422341,https://www.openstreetmap.org/way/1305687703,18.66574964920019,-68.4350242318753
way/1305687704,1305687704,way,Dominican Republic,plant,Capacity placeholder value,yes,Tag 'plant:output:electricity' contains placeholder value 'yes' instead of actual capacity,2026-07-01 01:37:13.422472,https://www.openstreetmap.org/way/1305687704,18.66575005353083,-68.43488716379989
way/1305687705,1305687705,way,Dominican Republic,plant,Capacity placeholder value,yes,Tag 'plant:output:electricity' contains placeholder value 'yes' instead of actual capacity,2026-07-01 01:37:13.422602,https://www.openstreetmap.org/way/1305687705,18.665749403448128,-68.43516211478673
way/1305687706,1305687706,way,Dominican Republic,plant,Capacity placeholder value,yes,Tag 'plant:output:electricity' contains placeholder value 'yes' instead of actual capacity,2026-07-01 01:37:13.422723,https://www.openstreetmap.org/way/1305687706,18.665751055499236,-68.43530163910332
way/1305687707,1305687707,way,Dominican Republic,plant,Capacity placeholder value,yes,Tag 'plant:output:electricity' contains placeholder value 'yes' instead of actual capacity,2026-07-01 01:37:13.422838,https://www.openstreetmap.org/way/1305687707,18.665752528616107,-68.43544047904454
way/1305687708,1305687708,way,Dominican Republic,plant,Capacity placeholder value,yes,Tag 'plant:output:electricity' contains placeholder value 'yes' instead of actual capacity,2026-07-01 01:37:13.422953,https://www.openstreetmap.org/way/1305687708,18.665806553592375,-68.4350447136707
way/1305687709,1305687709,way,Dominican Republic,plant,Capacity placeholder value,yes,Tag 'plant:output:electricity' contains placeholder value 'yes' instead of actual capacity,2026-07-01 01:37:13.423067,https://www.openstreetmap.org/way/1305687709,18.665806226789158,-68.43490790210657
way/1305687710,1305687710,way,Dominican Republic,plant,Capacity placeholder value,yes,Tag 'plant:output:electricity' contains placeholder value 'yes' instead of actual capacity,2026-07-01 01:37:13.423183,https://www.openstreetmap.org/way/1305687710,18.66580640144129,-68.43518248974013
way/1305687711,1305687711,way,Dominican Republic,plant,Capacity placeholder value,yes,Tag 'plant:output:electricity' contains placeholder value 'yes' instead of actual capacity,2026-07-01 01:37:13.423297,https://www.openstreetmap.org/way/1305687711,18.66580805159193,-68.43532198862593
way/1305687712,1305687712,way,Dominican Republic,plant,Capacity placeholder value,yes,Tag 'plant:output:electricity' contains placeholder value 'yes' instead of actual capacity,2026-07-01 01:37:13.423411,https://www.openstreetmap.org/way/1305687712,18.66580952660965,-68.43546085402461
way/1305687713,1305687713,way,Dominican Republic,plant,Capacity placeholder value,yes,Tag 'plant:output:electricity' contains placeholder value 'yes' instead of actual capacity,2026-07-01 01:37:13.423551,https://www.openstreetmap.org/way/1305687713,18.665805953530835,-68.43476806379991
way/1305687714,1305687714,way,Dominican Republic,plant,Capacity placeholder value,yes,Tag 'plant:output:electricity' contains placeholder value 'yes' instead of actual capacity,2026-07-01 01:37:13.423675,https://www.openstreetmap.org/way/1305687714,18.665862330523126,-68.43479260447641
way/1305687715,1305687715,way,Dominican Republic,plant,Capacity placeholder value,yes,Tag 'plant:output:electricity' contains placeholder value 'yes' instead of actual capacity,2026-07-01 01:37:13.423792,https://www.openstreetmap.org/way/1305687715,18.66586252678916,-68.43493250210658
way/1305687716,1305687716,way,Dominican Republic,plant,Capacity placeholder value,yes,Tag 'plant:output:electricity' contains placeholder value 'yes' instead of actual capacity,2026-07-01 01:37:13.423907,https://www.openstreetmap.org/way/1305687716,18.665862903448126,-68.43506931478674
way/1305687717,1305687717,way,Dominican Republic,plant,Capacity placeholder value,yes,Tag 'plant:output:electricity' contains placeholder value 'yes' instead of actual capacity,2026-07-01 01:37:13.424023,https://www.openstreetmap.org/way/1305687717,18.665862751591927,-68.43520708862592
way/1305687718,1305687718,way,Dominican Republic,plant,Capacity placeholder value,yes,Tag 'plant:output:electricity' contains placeholder value 'yes' instead of actual capacity,2026-07-01 01:37:13.424139,https://www.openstreetmap.org/way/1305687718,18.66586437615786,-68.43534662495229
way/1305687719,1305687719,way,Dominican Republic,plant,Capacity placeholder value,yes,Tag 'plant:output:electricity' contains placeholder value 'yes' instead of actual capacity,2026-07-01 01:37:13.424254,https://www.openstreetmap.org/way/1305687719,18.665865851591928,-68.43548548862593
way/1305687720,1305687720,way,Dominican Republic,plant,Capacity placeholder value,yes,Tag 'plant:output:electricity' contains placeholder value 'yes' instead of actual capacity,2026-07-01 01:37:13.424370,https://www.openstreetmap.org/way/1305687720,18.665922051591927,-68.43481598862593
way/1305687721,1305687721,way,Dominican Republic,plant,Capacity placeholder value,yes,Tag 'plant:output:electricity' contains placeholder value 'yes' instead of actual capacity,2026-07-01 01:37:13.424503,https://www.openstreetmap.org/way/1305687721,18.665922276638195,-68.43495585212506
way/1305687722,1305687722,way,Dominican Republic,plant,Capacity placeholder value,yes,Tag 'plant:output:electricity' contains placeholder value 'yes' instead of actual capacity,2026-07-01 01:37:13.424625,https://www.openstreetmap.org/way/1305687722,18.665922651591927,-68.43509268862591
way/1305687723,1305687723,way,Dominican Republic,plant,Capacity placeholder value,yes,Tag 'plant:output:electricity' contains placeholder value 'yes' instead of actual capacity,2026-07-01 01:37:13.424738,https://www.openstreetmap.org/way/1305687723,18.665922453592376,-68.43523041367072
way/1305687724,1305687724,way,Dominican Republic,plant,Capacity placeholder value,yes,Tag 'plant:output:electricity' contains placeholder value 'yes' instead of actual capacity,2026-07-01 01:37:13.424853,https://www.openstreetmap.org/way/1305687724,18.665924130523127,-68.4353699044764
way/1305687725,1305687725,way,Dominican Republic,plant,Capacity placeholder value,yes,Tag 'plant:output:electricity' contains placeholder value 'yes' instead of actual capacity,2026-07-01 01:37:13.424966,https://www.openstreetmap.org/way/1305687725,18.665925553592377,-68.43550881367071
way/1305687726,1305687726,way,Dominican Republic,plant,Capacity placeholder value,yes,Tag 'plant:output:electricity' contains placeholder value 'yes' instead of actual capacity,2026-07-01 01:37:13.425080,https://www.openstreetmap.org/way/1305687726,18.665985078158478,-68.43483704999636
way/1305687727,1305687727,way,Dominican Republic,plant,Capacity placeholder value,yes,Tag 'plant:output:electricity' contains placeholder value 'yes' instead of actual capacity,2026-07-01 01:37:13.425197,https://www.openstreetmap.org/way/1305687727,18.665985324860014,-68.43497687680586
way/1305687728,1305687728,way,Dominican Republic,plant,Capacity placeholder value,yes,Tag 'plant:output:electricity' contains placeholder value 'yes' instead of actual capacity,2026-07-01 01:37:13.425313,https://www.openstreetmap.org/way/1305687728,18.665985651591928,-68.43511368862592
way/1305687729,1305687729,way,Dominican Republic,plant,Capacity placeholder value,yes,Tag 'plant:output:electricity' contains placeholder value 'yes' instead of actual capacity,2026-07-01 01:37:13.425429,https://www.openstreetmap.org/way/1305687729,18.665985530523123,-68.4352514044764
way/1305687730,1305687730,way,Dominican Republic,plant,Capacity placeholder value,yes,Tag 'plant:output:electricity' contains placeholder value 'yes' instead of actual capacity,2026-07-01 01:37:13.425568,https://www.openstreetmap.org/way/1305687730,18.665987153530832,-68.43539096379992
way/1305687731,1305687731,way,Dominican Republic,plant,Capacity placeholder value,yes,Tag 'plant:output:electricity' contains placeholder value 'yes' instead of actual capacity,2026-07-01 01:37:13.425683,https://www.openstreetmap.org/way/1305687731,18.665988630523128,-68.43552980447642
way/1305687732,1305687732,way,Dominican Republic,plant,Capacity placeholder value,yes,Tag 'plant:output:electricity' contains placeholder value 'yes' instead of actual capacity,2026-07-01 01:37:13.425799,https://www.openstreetmap.org/way/1305687732,18.66604037810334,-68.43485690012892
way/1305687733,1305687733,way,Dominican Republic,plant,Capacity placeholder value,yes,Tag 'plant:output:electricity' contains placeholder value 'yes' instead of actual capacity,2026-07-01 01:37:13.425914,https://www.openstreetmap.org/way/1305687733,18.666040626789158,-68.43499670210656
way/1305687734,1305687734,way,Dominican Republic,plant,Capacity placeholder value,yes,Tag 'plant:output:electricity' contains placeholder value 'yes' instead of actual capacity,2026-07-01 01:37:13.426027,https://www.openstreetmap.org/way/1305687734,18.66604095549923,-68.43513353910329
way/1305687735,1305687735,way,Dominican Republic,plant,Capacity placeholder value,yes,Tag 'plant:output:electricity' contains placeholder value 'yes' instead of actual capacity,2026-07-01 01:37:13.426139,https://www.openstreetmap.org/way/1305687735,18.666040826609652,-68.43527125402463
way/1305687736,1305687736,way,Dominican Republic,plant,Capacity placeholder value,yes,Tag 'plant:output:electricity' contains placeholder value 'yes' instead of actual capacity,2026-07-01 01:37:13.426253,https://www.openstreetmap.org/way/1305687736,18.666042451591927,-68.43541078862593
way/1305687737,1305687737,way,Dominican Republic,plant,Capacity placeholder value,yes,Tag 'plant:output:electricity' contains placeholder value 'yes' instead of actual capacity,2026-07-01 01:37:13.426366,https://www.openstreetmap.org/way/1305687737,18.666043951591927,-68.43554968862593
way/1305687738,1305687738,way,Dominican Republic,plant,Capacity placeholder value,yes,Tag 'plant:output:electricity' contains placeholder value 'yes' instead of actual capacity,2026-07-01 01:37:13.426500,https://www.openstreetmap.org/way/1305687738,18.66610012660965,-68.43488135402463
way/1305687739,1305687739,way,Dominican Republic,plant,Capacity placeholder value,yes,Tag 'plant:output:electricity' contains placeholder value 'yes' instead of actual capacity,2026-07-01 01:37:13.426622,https://www.openstreetmap.org/way/1305687739,18.666100328689133,-68.43502122752876
way/1305687740,1305687740,way,Dominican Republic,plant,Capacity placeholder value,yes,Tag 'plant:output:electricity' contains placeholder value 'yes' instead of actual capacity,2026-07-01 01:37:13.426738,https://www.openstreetmap.org/way/1305687740,18.66610072854827,-68.43515802917128
way/1305687741,1305687741,way,Dominican Republic,plant,Capacity placeholder value,yes,Tag 'plant:output:electricity' contains placeholder value 'yes' instead of actual capacity,2026-07-01 01:37:13.426851,https://www.openstreetmap.org/way/1305687741,18.666100551591928,-68.43529578862592
way/1305687742,1305687742,way,Dominican Republic,plant,Capacity placeholder value,yes,Tag 'plant:output:electricity' contains placeholder value 'yes' instead of actual capacity,2026-07-01 01:37:13.426967,https://www.openstreetmap.org/way/1305687742,18.66610220344813,-68.43543531478673
way/1305687743,1305687743,way,Dominican Republic,plant,Capacity placeholder value,yes,Tag 'plant:output:electricity' contains placeholder value 'yes' instead of actual capacity,2026-07-01 01:37:13.427082,https://www.openstreetmap.org/way/1305687743,18.666103651591932,-68.43557418862594
way/1305687744,1305687744,way,Dominican Republic,plant,Capacity placeholder value,yes,Tag 'plant:output:electricity' contains placeholder value 'yes' instead of actual capacity,2026-07-01 01:37:13.427198,https://www.openstreetmap.org/way/1305687744,18.66615432660965,-68.43490585402463
way/1305687745,1305687745,way,Dominican Republic,plant,Capacity placeholder value,yes,Tag 'plant:output:electricity' contains placeholder value 'yes' instead of actual capacity,2026-07-01 01:37:13.427315,https://www.openstreetmap.org/way/1305687745,18.66615452679674,-68.43504575226798
way/1305687746,1305687746,way,Dominican Republic,plant,Capacity placeholder value,yes,Tag 'plant:output:electricity' contains placeholder value 'yes' instead of actual capacity,2026-07-01 01:37:13.427432,https://www.openstreetmap.org/way/1305687746,18.666154903386587,-68.43518256491598
way/1305687747,1305687747,way,Dominican Republic,plant,Capacity placeholder value,yes,Tag 'plant:output:electricity' contains placeholder value 'yes' instead of actual capacity,2026-07-01 01:37:13.427571,https://www.openstreetmap.org/way/1305687747,18.666154753592377,-68.43532031367073
way/1305687748,1305687748,way,Dominican Republic,plant,Capacity placeholder value,yes,Tag 'plant:output:electricity' contains placeholder value 'yes' instead of actual capacity,2026-07-01 01:37:13.427692,https://www.openstreetmap.org/way/1305687748,18.666156405361257,-68.43545984022029
way/1305687749,1305687749,way,Dominican Republic,plant,Capacity placeholder value,yes,Tag 'plant:output:electricity' contains placeholder value 'yes' instead of actual capacity,2026-07-01 01:37:13.427812,https://www.openstreetmap.org/way/1305687749,18.666157853592374,-68.43559871367073
way/1305687750,1305687750,way,Dominican Republic,plant,Capacity placeholder value,yes,Tag 'plant:output:electricity' contains placeholder value 'yes' instead of actual capacity,2026-07-01 01:37:13.427926,https://www.openstreetmap.org/way/1305687750,18.66621535353083,-68.4349317637999
way/1305687751,1305687751,way,Dominican Republic,plant,Capacity placeholder value,yes,Tag 'plant:output:electricity' contains placeholder value 'yes' instead of actual capacity,2026-07-01 01:37:13.428041,https://www.openstreetmap.org/way/1305687751,18.66621562678916,-68.43507160210656
way/1305687752,1305687752,way,Dominican Republic,plant,Capacity placeholder value,yes,Tag 'plant:output:electricity' contains placeholder value 'yes' instead of actual capacity,2026-07-01 01:37:13.428154,https://www.openstreetmap.org/way/1305687752,18.666215953592374,-68.43520841367072
way/1305687753,1305687753,way,Dominican Republic,plant,Capacity placeholder value,yes,Tag 'plant:output:electricity' contains placeholder value 'yes' instead of actual capacity,2026-07-01 01:37:13.428270,https://www.openstreetmap.org/way/1305687753,18.666215751591928,-68.43534618862591
way/1305687754,1305687754,way,Dominican Republic,plant,Capacity placeholder value,yes,Tag 'plant:output:electricity' contains placeholder value 'yes' instead of actual capacity,2026-07-01 01:37:13.428389,https://www.openstreetmap.org/way/1305687754,18.666217451591933,-68.43548568862595
way/1305687755,1305687755,way,Dominican Republic,plant,Capacity placeholder value,yes,Tag 'plant:output:electricity' contains placeholder value 'yes' instead of actual capacity,2026-07-01 01:37:13.428522,https://www.openstreetmap.org/way/1305687755,18.666218901441294,-68.43562458974014
way/1305687756,1305687756,way,Dominican Republic,plant,Capacity placeholder value,yes,Tag 'plant:output:electricity' contains placeholder value 'yes' instead of actual capacity,2026-07-01 01:37:13.428642,https://www.openstreetmap.org/way/1305687756,18.66627572660965,-68.43494585402462
way/1305687757,1305687757,way,Dominican Republic,plant,Capacity placeholder value,yes,Tag 'plant:output:electricity' contains placeholder value 'yes' instead of actual capacity,2026-07-01 01:37:13.428757,https://www.openstreetmap.org/way/1305687757,18.66627592486001,-68.43508577680585
way/1305687758,1305687758,way,Dominican Republic,plant,Capacity placeholder value,yes,Tag 'plant:output:electricity' contains placeholder value 'yes' instead of actual capacity,2026-07-01 01:37:13.428870,https://www.openstreetmap.org/way/1305687758,18.666276301441297,-68.43522258974015
way/1305687759,1305687759,way,Dominican Republic,plant,Capacity placeholder value,yes,Tag 'plant:output:electricity' contains placeholder value 'yes' instead of actual capacity,2026-07-01 01:37:13.428983,https://www.openstreetmap.org/way/1305687759,18.666276155499233,-68.4353603391033
way/1305687760,1305687760,way,Dominican Republic,plant,Capacity placeholder value,yes,Tag 'plant:output:electricity' contains placeholder value 'yes' instead of actual capacity,2026-07-01 01:37:13.429096,https://www.openstreetmap.org/way/1305687760,18.666277805361258,-68.43549984022032
way/1305687761,1305687761,way,Dominican Republic,plant,Capacity placeholder value,yes,Tag 'plant:output:electricity' contains placeholder value 'yes' instead of actual capacity,2026-07-01 01:37:13.429213,https://www.openstreetmap.org/way/1305687761,18.66627925549923,-68.4356387391033
way/1305687762,1305687762,way,Dominican Republic,plant,Capacity placeholder value,yes,Tag 'plant:output:electricity' contains placeholder value 'yes' instead of actual capacity,2026-07-01 01:37:13.429328,https://www.openstreetmap.org/way/1305687762,18.66632767815848,-68.43496894999637
way/1305687763,1305687763,way,Dominican Republic,plant,Capacity placeholder value,yes,Tag 'plant:output:electricity' contains placeholder value 'yes' instead of actual capacity,2026-07-01 01:37:13.429443,https://www.openstreetmap.org/way/1305687763,18.666327924860013,-68.43510877680588
way/1305687764,1305687764,way,Dominican Republic,plant,Capacity placeholder value,yes,Tag 'plant:output:electricity' contains placeholder value 'yes' instead of actual capacity,2026-07-01 01:37:13.429582,https://www.openstreetmap.org/way/1305687764,18.666328251591928,-68.43524558862592
way/1305687765,1305687765,way,Dominican Republic,plant,Capacity placeholder value,yes,Tag 'plant:output:electricity' contains placeholder value 'yes' instead of actual capacity,2026-07-01 01:37:13.429702,https://www.openstreetmap.org/way/1305687765,18.666328130523123,-68.43538330447642
way/1305687766,1305687766,way,Dominican Republic,plant,Capacity placeholder value,yes,Tag 'plant:output:electricity' contains placeholder value 'yes' instead of actual capacity,2026-07-01 01:37:13.429823,https://www.openstreetmap.org/way/1305687766,18.666329753530828,-68.4355228637999
way/1305687767,1305687767,way,Dominican Republic,plant,Capacity placeholder value,yes,Tag 'plant:output:electricity' contains placeholder value 'yes' instead of actual capacity,2026-07-01 01:37:13.429941,https://www.openstreetmap.org/way/1305687767,18.666331255499234,-68.4356617391033
way/1305687768,1305687768,way,Dominican Republic,plant,Capacity placeholder value,yes,Tag 'plant:output:electricity' contains placeholder value 'yes' instead of actual capacity,2026-07-01 01:37:13.430059,https://www.openstreetmap.org/way/1305687768,18.66638973052313,-68.43499010447643
way/1305687769,1305687769,way,Dominican Republic,plant,Capacity placeholder value,yes,Tag 'plant:output:electricity' contains placeholder value 'yes' instead of actual capacity,2026-07-01 01:37:13.430177,https://www.openstreetmap.org/way/1305687769,18.666389926789158,-68.43513000210658
way/1305687770,1305687770,way,Dominican Republic,plant,Capacity placeholder value,yes,Tag 'plant:output:electricity' contains placeholder value 'yes' instead of actual capacity,2026-07-01 01:37:13.430323,https://www.openstreetmap.org/way/1305687770,18.666390328616107,-68.43526677904453
way/1305687771,1305687771,way,Dominican Republic,plant,Capacity placeholder value,yes,Tag 'plant:output:electricity' contains placeholder value 'yes' instead of actual capacity,2026-07-01 01:37:13.430442,https://www.openstreetmap.org/way/1305687771,18.666390151591933,-68.43540458862593
way/1305687772,1305687772,way,Dominican Republic,plant,Capacity placeholder value,yes,Tag 'plant:output:electricity' contains placeholder value 'yes' instead of actual capacity,2026-07-01 01:37:13.430585,https://www.openstreetmap.org/way/1305687772,18.666391801441293,-68.43554408974016
way/1305687773,1305687773,way,Dominican Republic,plant,Capacity placeholder value,yes,Tag 'plant:output:electricity' contains placeholder value 'yes' instead of actual capacity,2026-07-01 01:37:13.430713,https://www.openstreetmap.org/way/1305687773,18.666393251591927,-68.43568298862593
way/1305687774,1305687774,way,Dominican Republic,plant,Capacity placeholder value,yes,Tag 'plant:output:electricity' contains placeholder value 'yes' instead of actual capacity,2026-07-01 01:37:13.430827,https://www.openstreetmap.org/way/1305687774,18.66644752868913,-68.43516192752878
way/1305687775,1305687775,way,Dominican Republic,plant,Capacity placeholder value,yes,Tag 'plant:output:electricity' contains placeholder value 'yes' instead of actual capacity,2026-07-01 01:37:13.430942,https://www.openstreetmap.org/way/1305687775,18.666447853530837,-68.4352987637999
way/1305687776,1305687776,way,Dominican Republic,plant,Capacity placeholder value,yes,Tag 'plant:output:electricity' contains placeholder value 'yes' instead of actual capacity,2026-07-01 01:37:13.431058,https://www.openstreetmap.org/way/1305687776,18.66644767815848,-68.43543654999637
way/1305687777,1305687777,way,Dominican Republic,plant,Capacity placeholder value,yes,Tag 'plant:output:electricity' contains placeholder value 'yes' instead of actual capacity,2026-07-01 01:37:13.431174,https://www.openstreetmap.org/way/1305687777,18.66644935549923,-68.43557603910328
way/1305687778,1305687778,way,Dominican Republic,plant,Capacity placeholder value,yes,Tag 'plant:output:electricity' contains placeholder value 'yes' instead of actual capacity,2026-07-01 01:37:13.431290,https://www.openstreetmap.org/way/1305687778,18.666450828616103,-68.43571487904453
way/1305687779,1305687779,way,Dominican Republic,plant,Capacity placeholder value,yes,Tag 'plant:output:electricity' contains placeholder value 'yes' instead of actual capacity,2026-07-01 01:37:13.431405,https://www.openstreetmap.org/way/1305687779,18.66650612486001,-68.43518177680586
way/1305687780,1305687780,way,Dominican Republic,plant,Capacity placeholder value,yes,Tag 'plant:output:electricity' contains placeholder value 'yes' instead of actual capacity,2026-07-01 01:37:13.431543,https://www.openstreetmap.org/way/1305687780,18.666506453592373,-68.43531861367072
way/1305687781,1305687781,way,Dominican Republic,plant,Capacity placeholder value,yes,Tag 'plant:output:electricity' contains placeholder value 'yes' instead of actual capacity,2026-07-01 01:37:13.431660,https://www.openstreetmap.org/way/1305687781,18.66650632854827,-68.43545632917127
way/1305687782,1305687782,way,Dominican Republic,plant,Capacity placeholder value,yes,Tag 'plant:output:electricity' contains placeholder value 'yes' instead of actual capacity,2026-07-01 01:37:13.431773,https://www.openstreetmap.org/way/1305687782,18.66650795159193,-68.43559588862591
way/1305687783,1305687783,way,Dominican Republic,plant,Capacity placeholder value,yes,Tag 'plant:output:electricity' contains placeholder value 'yes' instead of actual capacity,2026-07-01 01:37:13.431888,https://www.openstreetmap.org/way/1305687783,18.666509453530832,-68.43573476379989
way/1305687784,1305687784,way,Dominican Republic,plant,Capacity placeholder value,yes,Tag 'plant:output:electricity' contains placeholder value 'yes' instead of actual capacity,2026-07-01 01:37:13.432004,https://www.openstreetmap.org/way/1305687784,18.666562876157865,-68.4353373249523
way/1305687785,1305687785,way,Dominican Republic,plant,Capacity placeholder value,yes,Tag 'plant:output:electricity' contains placeholder value 'yes' instead of actual capacity,2026-07-01 01:37:13.432120,https://www.openstreetmap.org/way/1305687785,18.666562730523125,-68.43547500447642
way/1305687786,1305687786,way,Dominican Republic,plant,Capacity placeholder value,yes,Tag 'plant:output:electricity' contains placeholder value 'yes' instead of actual capacity,2026-07-01 01:37:13.432234,https://www.openstreetmap.org/way/1305687786,18.666564353530834,-68.4356145637999
way/1305687787,1305687787,way,Dominican Republic,plant,Capacity placeholder value,yes,Tag 'plant:output:electricity' contains placeholder value 'yes' instead of actual capacity,2026-07-01 01:37:13.432348,https://www.openstreetmap.org/way/1305687787,18.66656585549923,-68.4357534391033
way/1305687788,1305687788,way,Dominican Republic,plant,Capacity placeholder value,yes,Tag 'plant:output:electricity' contains placeholder value 'yes' instead of actual capacity,2026-07-01 01:37:13.432479,https://www.openstreetmap.org/way/1305687788,18.66662372660965,-68.43535945402462
way/1305687789,1305687789,way,Dominican Republic,plant,Capacity placeholder value,yes,Tag 'plant:output:electricity' contains placeholder value 'yes' instead of actual capacity,2026-07-01 01:37:13.432605,https://www.openstreetmap.org/way/1305687789,18.666623553592377,-68.43549721367073
way/1305687790,1305687790,way,Dominican Republic,plant,Capacity placeholder value,yes,Tag 'plant:output:electricity' contains placeholder value 'yes' instead of actual capacity,2026-07-01 01:37:13.432721,https://www.openstreetmap.org/way/1305687790,18.666625230523127,-68.43563670447642
way/1305687791,1305687791,way,Dominican Republic,plant,Capacity placeholder value,yes,Tag 'plant:output:electricity' contains placeholder value 'yes' instead of actual capacity,2026-07-01 01:37:13.432835,https://www.openstreetmap.org/way/1305687791,18.666626653592377,-68.43577561367071
way/1305687792,1305687792,way,Dominican Republic,plant,Capacity placeholder value,yes,Tag 'plant:output:electricity' contains placeholder value 'yes' instead of actual capacity,2026-07-01 01:37:13.432950,https://www.openstreetmap.org/way/1305687792,18.666680255499234,-68.43538423910329
way/1305687793,1305687793,way,Dominican Republic,plant,Capacity placeholder value,yes,Tag 'plant:output:electricity' contains placeholder value 'yes' instead of actual capacity,2026-07-01 01:37:13.433066,https://www.openstreetmap.org/way/1305687793,18.66668005159193,-68.43552198862591
way/1305687794,1305687794,way,Dominican Republic,plant,Capacity placeholder value,yes,Tag 'plant:output:electricity' contains placeholder value 'yes' instead of actual capacity,2026-07-01 01:37:13.433188,https://www.openstreetmap.org/way/1305687794,18.66668175159193,-68.43566148862593
way/1305687795,1305687795,way,Dominican Republic,plant,Capacity placeholder value,yes,Tag 'plant:output:electricity' contains placeholder value 'yes' instead of actual capacity,2026-07-01 01:37:13.433303,https://www.openstreetmap.org/way/1305687795,18.666683201441295,-68.43580038974012
way/1305687796,1305687796,way,Dominican Republic,plant,Capacity placeholder value,yes,Tag 'plant:output:electricity' contains placeholder value 'yes' instead of actual capacity,2026-07-01 01:37:13.433416,https://www.openstreetmap.org/way/1305687796,18.666743451591934,-68.43554478862593
way/1305687797,1305687797,way,Dominican Republic,plant,Capacity placeholder value,yes,Tag 'plant:output:electricity' contains placeholder value 'yes' instead of actual capacity,2026-07-01 01:37:13.433588,https://www.openstreetmap.org/way/1305687797,18.66674515159193,-68.43568428862591
way/1305687798,1305687798,way,Dominican Republic,plant,Capacity placeholder value,yes,Tag 'plant:output:electricity' contains placeholder value 'yes' instead of actual capacity,2026-07-01 01:37:13.433709,https://www.openstreetmap.org/way/1305687798,18.66674655159193,-68.43582318862595
way/1305687799,1305687799,way,Dominican Republic,plant,Capacity placeholder value,yes,Tag 'plant:output:electricity' contains placeholder value 'yes' instead of actual capacity,2026-07-01 01:37:13.433825,https://www.openstreetmap.org/way/1305687799,18.666799805361258,-68.4358396402203
way/1305687800,1305687800,way,Dominican Republic,plant,Capacity placeholder value,yes,Tag 'plant:output:electricity' contains placeholder value 'yes' instead of actual capacity,2026-07-01 01:37:13.433943,https://www.openstreetmap.org/way/1305687800,18.66679835353083,-68.43570076379989
way/1305687801,1305687801,way,Dominican Republic,plant,Capacity placeholder value,yes,Tag 'plant:output:electricity' contains placeholder value 'yes' instead of actual capacity,2026-07-01 01:37:13.434056,https://www.openstreetmap.org/way/1305687801,18.666796655499233,-68.4355612391033
way/1305687802,1305687802,way,Dominican Republic,plant,Capacity placeholder value,yes,Tag 'plant:output:electricity' contains placeholder value 'yes' instead of actual capacity,2026-07-01 01:37:13.434170,https://www.openstreetmap.org/way/1305687802,18.66685565353083,-68.43586606379989
way/1305687803,1305687803,way,Dominican Republic,plant,Capacity placeholder value,yes,Tag 'plant:output:electricity' contains placeholder value 'yes' instead of actual capacity,2026-07-01 01:37:13.434286,https://www.openstreetmap.org/way/1305687803,18.666854201441293,-68.43572718974013
way/1305687804,1305687804,way,Dominican Republic,plant,Capacity placeholder value,yes,Tag 'plant:output:electricity' contains placeholder value 'yes' instead of actual capacity,2026-07-01 01:37:13.434401,https://www.openstreetmap.org/way/1305687804,18.666852553530834,-68.43558766379991
way/1305687805,1305687805,way,Dominican Republic,plant,Capacity placeholder value,yes,Tag 'plant:output:electricity' contains placeholder value 'yes' instead of actual capacity,2026-07-01 01:37:13.434541,https://www.openstreetmap.org/way/1305687805,18.666919201441296,-68.43588738974015
way/1305687806,1305687806,way,Dominican Republic,plant,Capacity placeholder value,yes,Tag 'plant:output:electricity' contains placeholder value 'yes' instead of actual capacity,2026-07-01 01:37:13.434659,https://www.openstreetmap.org/way/1305687806,18.666917753592376,-68.43574851367073
way/1305687807,1305687807,way,Dominican Republic,plant,Capacity placeholder value,yes,Tag 'plant:output:electricity' contains placeholder value 'yes' instead of actual capacity,2026-07-01 01:37:13.434773,https://www.openstreetmap.org/way/1305687807,18.666974676157864,-68.43577432495229
way/1305687808,1305687808,way,Dominican Republic,plant,Capacity placeholder value,yes,Tag 'plant:output:electricity' contains placeholder value 'yes' instead of actual capacity,2026-07-01 01:37:13.434888,https://www.openstreetmap.org/way/1305687808,18.666976151591932,-68.43591318862592
way/1305687809,1305687809,way,Dominican Republic,plant,Capacity placeholder value,yes,Tag 'plant:output:electricity' contains placeholder value 'yes' instead of actual capacity,2026-07-01 01:37:13.435003,https://www.openstreetmap.org/way/1305687809,18.667031503448126,-68.43579361478673
way/1305687810,1305687810,way,Dominican Republic,plant,Capacity placeholder value,yes,Tag 'plant:output:electricity' contains placeholder value 'yes' instead of actual capacity,2026-07-01 01:37:13.435119,https://www.openstreetmap.org/way/1305687810,18.667032951591928,-68.43593248862592
way/1305687811,1305687811,way,Dominican Republic,plant,Capacity placeholder value,yes,Tag 'plant:output:electricity' contains placeholder value 'yes' instead of actual capacity,2026-07-01 01:37:13.435234,https://www.openstreetmap.org/way/1305687811,18.667089251591925,-68.43581798862593
way/1305687812,1305687812,way,Dominican Republic,plant,Capacity placeholder value,yes,Tag 'plant:output:electricity' contains placeholder value 'yes' instead of actual capacity,2026-07-01 01:37:13.435347,https://www.openstreetmap.org/way/1305687812,18.667090751591928,-68.43595688862592
way/1305687813,1305687813,way,Dominican Republic,plant,Capacity placeholder value,yes,Tag 'plant:output:electricity' contains placeholder value 'yes' instead of actual capacity,2026-07-01 01:37:13.435481,https://www.openstreetmap.org/way/1305687813,18.66714907815848,-68.43597754999638
way/1305687814,1305687814,way,Dominican Republic,plant,Capacity placeholder value,yes,Tag 'plant:output:electricity' contains placeholder value 'yes' instead of actual capacity,2026-07-01 01:37:13.435607,https://www.openstreetmap.org/way/1305687814,18.667208203448126,-68.43600371478675
way/1305687815,1305687815,way,Dominican Republic,plant,Capacity placeholder value,yes,Tag 'plant:output:electricity' contains placeholder value 'yes' instead of actual capacity,2026-07-01 01:37:13.435724,https://www.openstreetmap.org/way/1305687815,18.667262201441297,-68.43602218974014
way/1305687816,1305687816,way,Dominican Republic,plant,Capacity placeholder value,yes,Tag 'plant:output:electricity' contains placeholder value 'yes' instead of actual capacity,2026-07-01 01:37:13.435839,https://www.openstreetmap.org/way/1305687816,18.665807728616105,-68.43450817904453
way/1305687817,1305687817,way,Dominican Republic,plant,Capacity placeholder value,yes,Tag 'plant:output:electricity' contains placeholder value 'yes' instead of actual capacity,2026-07-01 01:37:13.435954,https://www.openstreetmap.org/way/1305687817,18.665748001441294,-68.43437948974014
way/1305687818,1305687818,way,Dominican Republic,plant,Capacity placeholder value,yes,Tag 'plant:output:electricity' contains placeholder value 'yes' instead of actual capacity,2026-07-01 01:37:13.436067,https://www.openstreetmap.org/way/1305687818,18.66586465159193,-68.43456548862592
way/1305687819,1305687819,way,Dominican Republic,plant,Capacity placeholder value,yes,Tag 'plant:output:electricity' contains placeholder value 'yes' instead of actual capacity,2026-07-01 01:37:13.436182,https://www.openstreetmap.org/way/1305687819,18.665925828548275,-68.43458932917127
way/1305687820,1305687820,way,Dominican Republic,plant,Capacity placeholder value,yes,Tag 'plant:output:electricity' contains placeholder value 'yes' instead of actual capacity,2026-07-01 01:37:13.436297,https://www.openstreetmap.org/way/1305687820,18.66598157815848,-68.43461114999637
way/1305687821,1305687821,way,Dominican Republic,plant,Capacity placeholder value,yes,Tag 'plant:output:electricity' contains placeholder value 'yes' instead of actual capacity,2026-07-01 01:37:13.436410,https://www.openstreetmap.org/way/1305687821,18.665925151591928,-68.43444768862591
way/1305687822,1305687822,way,Dominican Republic,plant,Capacity placeholder value,yes,Tag 'plant:output:electricity' contains placeholder value 'yes' instead of actual capacity,2026-07-01 01:37:13.436545,https://www.openstreetmap.org/way/1305687822,18.665864353592376,-68.43442081367073
way/1305687823,1305687823,way,Dominican Republic,plant,Capacity placeholder value,yes,Tag 'plant:output:electricity' contains placeholder value 'yes' instead of actual capacity,2026-07-01 01:37:13.436661,https://www.openstreetmap.org/way/1305687823,18.66580932486001,-68.43436717680588
way/1305687824,1305687824,way,Dominican Republic,plant,Capacity placeholder value,yes,Tag 'plant:output:electricity' contains placeholder value 'yes' instead of actual capacity,2026-07-01 01:37:13.436776,https://www.openstreetmap.org/way/1305687824,18.665747724860008,-68.43423907680585
way/1305687825,1305687825,way,Dominican Republic,plant,Capacity placeholder value,yes,Tag 'plant:output:electricity' contains placeholder value 'yes' instead of actual capacity,2026-07-01 01:37:13.436890,https://www.openstreetmap.org/way/1305687825,18.66574832868913,-68.43395702752875
way/1305687826,1305687826,way,Dominican Republic,plant,Capacity placeholder value,yes,Tag 'plant:output:electricity' contains placeholder value 'yes' instead of actual capacity,2026-07-01 01:37:13.437005,https://www.openstreetmap.org/way/1305687826,18.665748655499232,-68.43409743910331
way/1305687827,1305687827,way,Dominican Republic,plant,Capacity placeholder value,yes,Tag 'plant:output:electricity' contains placeholder value 'yes' instead of actual capacity,2026-07-01 01:37:13.437119,https://www.openstreetmap.org/way/1305687827,18.665810002074128,-68.4340850662215
way/1305687828,1305687828,way,Dominican Republic,plant,Capacity placeholder value,yes,Tag 'plant:output:electricity' contains placeholder value 'yes' instead of actual capacity,2026-07-01 01:37:13.437234,https://www.openstreetmap.org/way/1305687828,18.665808351591927,-68.43422618862591
way/1305687829,1305687829,way,Dominican Republic,plant,Capacity placeholder value,yes,Tag 'plant:output:electricity' contains placeholder value 'yes' instead of actual capacity,2026-07-01 01:37:13.437350,https://www.openstreetmap.org/way/1305687829,18.665865253592376,-68.43428341367074
way/1305687830,1305687830,way,Dominican Republic,plant,Capacity placeholder value,yes,Tag 'plant:output:electricity' contains placeholder value 'yes' instead of actual capacity,2026-07-01 01:37:13.437480,https://www.openstreetmap.org/way/1305687830,18.665864951591924,-68.43413878862592
way/1305687831,1305687831,way,Dominican Republic,plant,Capacity placeholder value,yes,Tag 'plant:output:electricity' contains placeholder value 'yes' instead of actual capacity,2026-07-01 01:37:13.437608,https://www.openstreetmap.org/way/1305687831,18.665925828616103,-68.43416557904453
way/1305687832,1305687832,way,Dominican Republic,plant,Capacity placeholder value,yes,Tag 'plant:output:electricity' contains placeholder value 'yes' instead of actual capacity,2026-07-01 01:37:13.437725,https://www.openstreetmap.org/way/1305687832,18.665926453592373,-68.43430731367073
way/1305687833,1305687833,way,Dominican Republic,plant,Capacity placeholder value,yes,Tag 'plant:output:electricity' contains placeholder value 'yes' instead of actual capacity,2026-07-01 01:37:13.437841,https://www.openstreetmap.org/way/1305687833,18.665746926789158,-68.43367570210657
way/1305687834,1305687834,way,Dominican Republic,plant,Capacity placeholder value,yes,Tag 'plant:output:electricity' contains placeholder value 'yes' instead of actual capacity,2026-07-01 01:37:13.437957,https://www.openstreetmap.org/way/1305687834,18.665747251591934,-68.43381608862593
way/1305687835,1305687835,way,Dominican Republic,plant,Capacity placeholder value,yes,Tag 'plant:output:electricity' contains placeholder value 'yes' instead of actual capacity,2026-07-01 01:37:13.438078,https://www.openstreetmap.org/way/1305687835,18.66580860013888,-68.43380374094617
way/1305687836,1305687836,way,Dominican Republic,plant,Capacity placeholder value,yes,Tag 'plant:output:electricity' contains placeholder value 'yes' instead of actual capacity,2026-07-01 01:37:13.438192,https://www.openstreetmap.org/way/1305687836,18.665806953530833,-68.43394486379991
way/1305687837,1305687837,way,Dominican Republic,plant,Capacity placeholder value,yes,Tag 'plant:output:electricity' contains placeholder value 'yes' instead of actual capacity,2026-07-01 01:37:13.438306,https://www.openstreetmap.org/way/1305687837,18.66586385159193,-68.43400208862592
way/1305687838,1305687838,way,Dominican Republic,plant,Capacity placeholder value,yes,Tag 'plant:output:electricity' contains placeholder value 'yes' instead of actual capacity,2026-07-01 01:37:13.438421,https://www.openstreetmap.org/way/1305687838,18.665863555499236,-68.4338574391033
way/1305687839,1305687839,way,Dominican Republic,plant,Capacity placeholder value,yes,Tag 'plant:output:electricity' contains placeholder value 'yes' instead of actual capacity,2026-07-01 01:37:13.438556,https://www.openstreetmap.org/way/1305687839,18.665924426609653,-68.43388425402465
way/1305687840,1305687840,way,Dominican Republic,plant,Capacity placeholder value,yes,Tag 'plant:output:electricity' contains placeholder value 'yes' instead of actual capacity,2026-07-01 01:37:13.438672,https://www.openstreetmap.org/way/1305687840,18.66592505159193,-68.43402598862593
way/1305687841,1305687841,way,Dominican Republic,plant,Capacity placeholder value,yes,Tag 'plant:output:electricity' contains placeholder value 'yes' instead of actual capacity,2026-07-01 01:37:13.438787,https://www.openstreetmap.org/way/1305687841,18.665980753530828,-68.4344673637999
way/1305687842,1305687842,way,Dominican Republic,plant,Capacity placeholder value,yes,Tag 'plant:output:electricity' contains placeholder value 'yes' instead of actual capacity,2026-07-01 01:37:13.438902,https://www.openstreetmap.org/way/1305687842,18.665981428616103,-68.43418527904453
way/1305687843,1305687843,way,Dominican Republic,plant,Capacity placeholder value,yes,Tag 'plant:output:electricity' contains placeholder value 'yes' instead of actual capacity,2026-07-01 01:37:13.439014,https://www.openstreetmap.org/way/1305687843,18.66598205159193,-68.43432698862591
way/1305687844,1305687844,way,Dominican Republic,plant,Capacity placeholder value,yes,Tag 'plant:output:electricity' contains placeholder value 'yes' instead of actual capacity,2026-07-01 01:37:13.439127,https://www.openstreetmap.org/way/1305687844,18.66603827615787,-68.43463252495229
way/1305687845,1305687845,way,Dominican Republic,plant,Capacity placeholder value,yes,Tag 'plant:output:electricity' contains placeholder value 'yes' instead of actual capacity,2026-07-01 01:37:13.439240,https://www.openstreetmap.org/way/1305687845,18.66603895549923,-68.43435043910328
way/1305687846,1305687846,way,Dominican Republic,plant,Capacity placeholder value,yes,Tag 'plant:output:electricity' contains placeholder value 'yes' instead of actual capacity,2026-07-01 01:37:13.439353,https://www.openstreetmap.org/way/1305687846,18.666039553592373,-68.43449211367073
way/1305687847,1305687847,way,Dominican Republic,plant,Capacity placeholder value,yes,Tag 'plant:output:electricity' contains placeholder value 'yes' instead of actual capacity,2026-07-01 01:37:13.439482,https://www.openstreetmap.org/way/1305687847,18.666096928548267,-68.43450752917127
way/1305687848,1305687848,way,Dominican Republic,plant,Capacity placeholder value,yes,Tag 'plant:output:electricity' contains placeholder value 'yes' instead of actual capacity,2026-07-01 01:37:13.439609,https://www.openstreetmap.org/way/1305687848,18.666098176157863,-68.4343672249523
way/1305687849,1305687849,way,Dominican Republic,plant,Capacity placeholder value,yes,Tag 'plant:output:electricity' contains placeholder value 'yes' instead of actual capacity,2026-07-01 01:37:13.439724,https://www.openstreetmap.org/way/1305687849,18.666097753592375,-68.43465131367071
way/1305687850,1305687850,way,Dominican Republic,plant,Capacity placeholder value,yes,Tag 'plant:output:electricity' contains placeholder value 'yes' instead of actual capacity,2026-07-01 01:37:13.439838,https://www.openstreetmap.org/way/1305687850,18.66615642660965,-68.43453215402462
way/1305687851,1305687851,way,Dominican Republic,plant,Capacity placeholder value,yes,Tag 'plant:output:electricity' contains placeholder value 'yes' instead of actual capacity,2026-07-01 01:37:13.439952,https://www.openstreetmap.org/way/1305687851,18.666155953592376,-68.43467971367073
way/1305687852,1305687852,way,Dominican Republic,plant,Capacity placeholder value,yes,Tag 'plant:output:electricity' contains placeholder value 'yes' instead of actual capacity,2026-07-01 01:37:13.440064,https://www.openstreetmap.org/way/1305687852,18.666214801441292,-68.43469878974014
way/1305687853,1305687853,way,Dominican Republic,plant,Capacity placeholder value,yes,Tag 'plant:output:electricity' contains placeholder value 'yes' instead of actual capacity,2026-07-01 01:37:13.440176,https://www.openstreetmap.org/way/1305687853,18.666213676157863,-68.43455522495229
way/1309840259,1309840259,way,Dominican Republic,plant,Capacity placeholder value,yes,Tag 'plant:output:electricity' contains placeholder value 'yes' instead of actual capacity,2026-07-01 01:37:13.440323,https://www.openstreetmap.org/way/1309840259,18.70336797363815,-68.46348474213973
way/1374719376,1374719376,way,Dominican Republic,plant,Capacity placeholder value,yes,Tag 'plant:output:electricity' contains placeholder value 'yes' instead of actual capacity,2026-07-01 01:37:13.440439,https://www.openstreetmap.org/way/1374719376,18.499890724750376,-69.55105019961084
way/1393051762,1393051762,way,Dominican Republic,plant,Capacity placeholder value,yes,Tag 'plant:output:electricity' contains placeholder value 'yes' instead of actual capacity,2026-07-01 01:37:13.440627,https://www.openstreetmap.org/way/1393051762,18.612385210593878,-69.84786791474384
way/1393051763,1393051763,way,Dominican Republic,plant,Capacity placeholder value,yes,Tag 'plant:output:electricity' contains placeholder value 'yes' instead of actual capacity,2026-07-01 01:37:13.440791,https://www.openstreetmap.org/way/1393051763,18.614614187001152,-69.84660191233282
way/1393051764,1393051764,way,Dominican Republic,plant,Capacity placeholder value,yes,Tag 'plant:output:electricity' contains placeholder value 'yes' instead of actual capacity,2026-07-01 01:37:13.440930,https://www.openstreetmap.org/way/1393051764,18.61634187245874,-69.8472518881087
way/1393051765,1393051765,way,Dominican Republic,plant,Capacity placeholder value,yes,Tag 'plant:output:electricity' contains placeholder value 'yes' instead of actual capacity,2026-07-01 01:37:13.441154,https://www.openstreetmap.org/way/1393051765,18.618313155160337,-69.84696754374501
way/1393051766,1393051766,way,Dominican Republic,plant,Capacity placeholder value,yes,Tag 'plant:output:electricity' contains placeholder value 'yes' instead of actual capacity,2026-07-01 01:37:13.441586,https://www.openstreetmap.org/way/1393051766,18.617086862414343,-69.84437664462823
way/1393051767,1393051767,way,Dominican Republic,plant,Capacity placeholder value,yes,Tag 'plant:output:electricity' contains placeholder value 'yes' instead of actual capacity,2026-07-01 01:37:13.441826,https://www.openstreetmap.org/way/1393051767,18.615663899911507,-69.84062528746794
way/1393051768,1393051768,way,Dominican Republic,plant,Capacity placeholder value,yes,Tag 'plant:output:electricity' contains placeholder value 'yes' instead of actual capacity,2026-07-01 01:37:13.441955,https://www.openstreetmap.org/way/1393051768,18.614019459822256,-69.84204248462588
way/1393051769,1393051769,way,Dominican Republic,plant,Capacity placeholder value,yes,Tag 'plant:output:electricity' contains placeholder value 'yes' instead of actual capacity,2026-07-01 01:37:13.442088,https://www.openstreetmap.org/way/1393051769,18.61429888897905,-69.8438077380495
way/1410404470,1410404470,way,Dominican Republic,plant,Capacity placeholder value,yes,Tag 'plant:output:electricity' contains placeholder value 'yes' instead of actual capacity,2026-07-01 01:37:13.442384,https://www.openstreetmap.org/way/1410404470,18.4910831112177,-69.75652728318597
way/1423854358,1423854358,way,Dominican Republic,plant,Missing output tag,none,"tags: {'name': 'Central Hidroelectrica Palomino', 'plant:source': 'hydro', 'power': 'plant'}",2026-07-01 01:37:13.442702,https://www.openstreetmap.org/way/1423854358,18.80150753343787,-70.98902556504632
way/1423854359,1423854359,way,Dominican Republic,plant,Missing output tag,none,"tags: {'plant:source': 'solar', 'power': 'plant'}",2026-07-01 01:37:13.442946,https://www.openstreetmap.org/way/1423854359,19.59459413975242,-70.90691167617693
way/1423854360,1423854360,way,Dominican Republic,plant,Missing output tag,none,"tags: {'name': 'Hidroelectrica Brazo Derecho', 'plant:source': 'hydro', 'power': 'plant'}",2026-07-01 01:37:13.443132,https://www.openstreetmap.org/way/1423854360,19.592048516174117,-70.91016977325121
way/1423854361,1423854361,way,Dominican Republic,plant,Missing output tag,none,"tags: {'name': 'Central Hidroelectrica Angostura', 'plant:source': 'hydro', 'power': 'plant'}",2026-07-01 01:37:13.443306,https://www.openstreetmap.org/way/1423854361,19.36855710972363,-70.71463733679256
way/1423854370,1423854370,way,Dominican Republic,plant,Missing output tag,none,"tags: {'name': 'Hidroelectrica Constanza Rio Grande', 'plant:source': 'hydro', 'power': 'plant'}",2026-07-01 01:37:13.444711,https://www.openstreetmap.org/way/1423854370,19.31271998249871,-69.54793046547466
way/1423854371,1423854371,way,Dominican Republic,plant,Missing output tag,none,"tags: {'name': 'Planta Hidroelectrica Constanza Rio Grande', 'plant:source': 'hydro', 'power': 'plant'}",2026-07-01 01:37:13.444882,https://www.openstreetmap.org/way/1423854371,18.903188070829206,-70.76685138925812
way/1423874947,1423874947,way,Dominican Republic,plant,Capacity placeholder value,yes,Tag 'plant:output:electricity' contains placeholder value 'yes' instead of actual capacity,2026-07-01 01:37:13.445623,https://www.openstreetmap.org/way/1423874947,18.563339573100414,-69.71246509266099
way/1431978989,1431978989,way,Dominican Republic,plant,Capacity placeholder value,yes,Tag 'plant:output:electricity' contains placeholder value 'yes' instead of actual capacity,2026-07-01 01:37:13.445810,https://www.openstreetmap.org/way/1431978989,18.30848844347074,-70.39301391583187
way/1431978991,1431978991,way,Dominican Republic,plant,Capacity placeholder value,yes,Tag 'plant:output:electricity' contains placeholder value 'yes' instead of actual capacity,2026-07-01 01:37:13.445954,https://www.openstreetmap.org/way/1431978991,18.306183591506436,-70.39306654007277
way/1473220126,1473220126,way,Dominican Republic,plant,Capacity placeholder value,yes,Tag 'plant:output:electricity' contains placeholder value 'yes' instead of actual capacity,2026-07-01 01:37:13.447217,https://www.openstreetmap.org/way/1473220126,18.46652064064151,-69.77627403783164
way/1498022017,1498022017,way,Dominican Republic,plant,Capacity placeholder value,yes,Tag 'plant:output:electricity' contains placeholder value 'yes' instead of actual capacity,2026-07-01 01:37:13.447701,https://www.openstreetmap.org/way/1498022017,18.520154195699263,-68.41203010445498
way/1498022018,1498022018,way,Dominican Republic,plant,Missing source tag,none,"tags: {'landuse': 'industrial', 'name': 'Cenetur', 'power': 'plant'}",2026-07-01 01:37:13.447845,https://www.openstreetmap.org/way/1498022018,18.52178778306649,-68.4100101763646
way/1499408507,1499408507,way,Dominican Republic,plant,Capacity placeholder value,yes,Tag 'plant:output:electricity' contains placeholder value 'yes' instead of actual capacity,2026-07-01 01:37:13.448019,https://www.openstreetmap.org/way/1499408507,18.580584290764854,-68.35650959510254
way/1499439890,1499439890,way,Dominican Republic,plant,Capacity placeholder value,yes,Tag 'plant:output:electricity' contains placeholder value 'yes' instead of actual capacity,2026-07-01 01:37:13.448586,https://www.openstreetmap.org/way/1499439890,18.686216876345853,-68.48730881155085
way/1499442504,1499442504,way,Dominican Republic,plant,Capacity placeholder value,yes,Tag 'plant:output:electricity' contains placeholder value 'yes' instead of actual capacity,2026-07-01 01:37:13.448785,https://www.openstreetmap.org/way/1499442504,18.76851090005653,-68.54120633145834
way/1503728226,1503728226,way,Dominican Republic,plant,Capacity placeholder value,yes,Tag 'plant:output:electricity' contains placeholder value 'yes' instead of actual capacity,2026-07-01 01:37:13.448948,https://www.openstreetmap.org/way/1503728226,18.65068411721277,-68.45168305750757
way/1207728373,1207728373,way,Grenada,plant,Capacity placeholder value,yes,Tag 'plant:output:electricity' contains placeholder value 'yes' instead of actual capacity,2026-07-01 01:39:44.074612,https://www.openstreetmap.org/way/1207728373,12.480622457503411,-61.4513778148905
way/1281257433,1281257433,way,Grenada,plant,Capacity placeholder value,yes,Tag 'plant:output:electricity' contains placeholder value 'yes' instead of actual capacity,2026-07-01 01:39:44.074795,https://www.openstreetmap.org/way/1281257433,12.030480300000002,-61.690631950000004
way/48562013,48562013,way,Haiti,plant,Missing source tag,none,"tags: {'building': 'yes', 'power': 'plant', 'source': 'digitalglobe'}",2026-07-01 01:42:24.616678,https://www.openstreetmap.org/way/48562013,19.94092904489878,-72.83484163150908
way/49003235,49003235,way,Haiti,plant,Capacity placeholder value,yes,Tag 'plant:output:electricity' contains placeholder value 'yes' instead of actual capacity,2026-07-01 01:42:24.616915,https://www.openstreetmap.org/way/49003235,19.146747961681037,-72.59414594827706
way/106695820,106695820,way,Haiti,plant,Missing source tag,none,"tags: {'addr:city': '1re section pont tamarin belanger', 'amenity': 'centrale_électrique_de_belanger', 'building': 'industrial', 'building:material': 'concrete', 'landuse': 'industrial', 'power': 'plant', 'source': 'hot_cosmha_iom'}",2026-07-01 01:42:24.617061,https://www.openstreetmap.org/way/106695820,19.48187387630247,-72.63206177137265
way/201224447,201224447,way,Haiti,plant,Missing source tag,none,"tags: {'power': 'plant', 'source': 'Bing'}",2026-07-01 01:42:24.617354,https://www.openstreetmap.org/way/201224447,19.670717240735623,-72.00092794158057
way/1501257652,1501257652,way,Haiti,plant,Capacity placeholder value,yes,Tag 'plant:output:electricity' contains placeholder value 'yes' instead of actual capacity,2026-07-01 01:42:24.617512,https://www.openstreetmap.org/way/1501257652,18.71534897068248,-72.3544251036182
node/3110145145,3110145145,node,Haiti,plant,Missing output tag,none,"tags: {'abandoned': 'yes', 'description': 'Per information in 2013 this mini hydro had not been operational for some time .. but it was possibly still staffed?', 'generator:method': 'water-storage', 'generator:source': 'hydro', 'generator:type': 'unknown', 'operator:type': 'public', 'plant:type': 'mini_hydro', 'power': 'plant'}",2026-07-01 01:42:24.617590,https://www.openstreetmap.org/node/3110145145,19.5510311,-72.1036546
node/4835227040,4835227040,node,Haiti,plant,Capacity placeholder value,yes,Tag 'plant:output:electricity' contains placeholder value 'yes' instead of actual capacity,2026-07-01 01:42:24.617657,https://www.openstreetmap.org/node/4835227040,18.4811162,-73.9538217
node/12329202405,12329202405,node,Guatemala,generator,Capacity regex no match,2100 kW,Tag 'generator:output:electricity' has value '2100 kW' which could not be parsed,2026-07-01 01:52:12.668674,https://www.openstreetmap.org/node/12329202405,14.4278382,-89.5555057
node/10198647712,10198647712,node,Guatemala,generator,Capacity regex no match,2100 kW,Tag 'generator:output:electricity' has value '2100 kW' which could not be parsed,2026-07-01 01:52:12.668715,https://www.openstreetmap.org/node/10198647712,14.4346542,-89.5610029
node/10198707458,10198707458,node,Guatemala,generator,Capacity regex no match,2100 kW,Tag 'generator:output:electricity' has value '2100 kW' which could not be parsed,2026-07-01 01:52:12.668735,https://www.openstreetmap.org/node/10198707458,14.4358517,-89.5560354
node/10199546619,10199546619,node,Guatemala,generator,Capacity regex no match,2100 kW,Tag 'generator:output:electricity' has value '2100 kW' which could not be parsed,2026-07-01 01:52:12.668752,https://www.openstreetmap.org/node/10199546619,14.4461247,-89.5795792
node/10200986645,10200986645,node,Guatemala,generator,Capacity regex no match,2100 kW,Tag 'generator:output:electricity' has value '2100 kW' which could not be parsed,2026-07-01 01:52:12.668769,https://www.openstreetmap.org/node/10200986645,14.4446454,-89.5746318
node/10200986646,10200986646,node,Guatemala,generator,Capacity regex no match,2100 kW,Tag 'generator:output:electricity' has value '2100 kW' which could not be parsed,2026-07-01 01:52:12.668784,https://www.openstreetmap.org/node/10200986646,14.4471597,-89.5762271
node/10200986647,10200986647,node,Guatemala,generator,Capacity regex no match,2100 kW,Tag 'generator:output:electricity' has value '2100 kW' which could not be parsed,2026-07-01 01:52:12.668800,https://www.openstreetmap.org/node/10200986647,14.4487058,-89.572713
node/12329202408,12329202408,node,Guatemala,generator,Capacity regex no match,2100 kW,Tag 'generator:output:electricity' has value '2100 kW' which could not be parsed,2026-07-01 01:52:12.668815,https://www.openstreetmap.org/node/12329202408,14.431919,-89.5595571
node/12329202404,12329202404,node,Guatemala,generator,Capacity regex no match,2100 kW,Tag 'generator:output:electricity' has value '2100 kW' which could not be parsed,2026-07-01 01:52:12.668830,https://www.openstreetmap.org/node/12329202404,14.4487039,-89.5812294
node/12329202403,12329202403,node,Guatemala,generator,Capacity regex no match,2100 kW,Tag 'generator:output:electricity' has value '2100 kW' which could not be parsed,2026-07-01 01:52:12.668845,https://www.openstreetmap.org/node/12329202403,14.4498857,-89.5830238
node/12329202402,12329202402,node,Guatemala,generator,Capacity regex no match,2100 kW,Tag 'generator:output:electricity' has value '2100 kW' which could not be parsed,2026-07-01 01:52:12.668859,https://www.openstreetmap.org/node/12329202402,14.4504104,-89.585124
node/10203161532,10203161532,node,Guatemala,generator,Capacity regex no match,2100 kW,Tag 'generator:output:electricity' has value '2100 kW' which could not be parsed,2026-07-01 01:52:12.668874,https://www.openstreetmap.org/node/10203161532,14.434614,-89.5504443
node/12329202407,12329202407,node,Guatemala,generator,Capacity regex no match,2100 kW,Tag 'generator:output:electricity' has value '2100 kW' which could not be parsed,2026-07-01 01:52:12.668889,https://www.openstreetmap.org/node/12329202407,14.4294643,-89.5516285
node/10198647711,10198647711,node,Guatemala,generator,Capacity regex no match,2100 kW,Tag 'generator:output:electricity' has value '2100 kW' which could not be parsed,2026-07-01 01:52:12.668903,https://www.openstreetmap.org/node/10198647711,14.4363491,-89.5636944
node/12329202406,12329202406,node,Guatemala,generator,Capacity regex no match,2100 kW,Tag 'generator:output:electricity' has value '2100 kW' which could not be parsed,2026-07-01 01:52:12.668919,https://www.openstreetmap.org/node/12329202406,14.4290253,-89.5584387
way/443743801,443743801,way,Guatemala,plant,Missing output tag,none,"tags: {'building': 'yes', 'name': 'Presa Capulín', 'plant:source': 'hydro', 'power': 'plant'}",2026-07-01 01:52:12.671120,https://www.openstreetmap.org/way/443743801,14.35573505406206,-90.9095327089915
way/444869130,444869130,way,Guatemala,plant,Capacity placeholder value,yes,Tag 'plant:output:electricity' contains placeholder value 'yes' instead of actual capacity,2026-07-01 01:52:12.671415,https://www.openstreetmap.org/way/444869130,14.388463166941655,-90.71137170127969
way/444869133,444869133,way,Guatemala,plant,Capacity placeholder value,yes,Tag 'plant:output:electricity' contains placeholder value 'yes' instead of actual capacity,2026-07-01 01:52:12.671611,https://www.openstreetmap.org/way/444869133,14.391204432597014,-90.70843176801863
way/595362744,595362744,way,Guatemala,plant,Missing output tag,none,"tags: {'name': 'Panan', 'plant:source': 'hydro', 'power': 'plant', 'waterway': 'dam'}",2026-07-01 01:52:12.673109,https://www.openstreetmap.org/way/595362744,14.562735143661255,-91.36420466586495
way/668935457,668935457,way,Guatemala,plant,Missing output tag,none,"tags: {'name': 'Oxec', 'plant:source': 'hydro', 'power': 'plant', 'waterway': 'dam'}",2026-07-01 01:52:12.673516,https://www.openstreetmap.org/way/668935457,15.58948016927372,-89.72954909390802
way/762984889,762984889,way,Guatemala,plant,Missing output tag,none,"tags: {'area': 'yes', 'plant:source': 'hydro', 'power': 'plant', 'waterway': 'dam'}",2026-07-01 01:52:12.673842,https://www.openstreetmap.org/way/762984889,15.299827764286173,-90.16332454554012
way/768778622,768778622,way,Guatemala,plant,Capacity placeholder value,yes,Tag 'plant:output:electricity' contains placeholder value 'yes' instead of actual capacity,2026-07-01 01:52:12.675699,https://www.openstreetmap.org/way/768778622,14.250289230985471,-90.80719301283845
way/851676040,851676040,way,Guatemala,plant,Capacity regex no match,23100 kW,Tag 'plant:output:electricity' has value '23100 kW' which could not be parsed,2026-07-01 01:52:12.676146,https://www.openstreetmap.org/way/851676040,14.390540424618349,-90.66139761091868
way/929872418,929872418,way,Guatemala,plant,Capacity placeholder value,yes,Tag 'plant:output:electricity' contains placeholder value 'yes' instead of actual capacity,2026-07-01 01:52:12.676412,https://www.openstreetmap.org/way/929872418,14.294631193460516,-90.49905983560068
way/1057945308,1057945308,way,Guatemala,plant,Capacity placeholder value,yes,Tag 'plant:output:electricity' contains placeholder value 'yes' instead of actual capacity,2026-07-01 01:52:12.677832,https://www.openstreetmap.org/way/1057945308,14.105600583356813,-90.51857894959423
way/1057945309,1057945309,way,Guatemala,plant,Capacity placeholder value,yes,Tag 'plant:output:electricity' contains placeholder value 'yes' instead of actual capacity,2026-07-01 01:52:12.677951,https://www.openstreetmap.org/way/1057945309,14.106050133051612,-90.51942584917282
way/1057945310,1057945310,way,Guatemala,plant,Capacity placeholder value,yes,Tag 'plant:output:electricity' contains placeholder value 'yes' instead of actual capacity,2026-07-01 01:52:12.678078,https://www.openstreetmap.org/way/1057945310,14.105851232811686,-90.51987179745109
way/1058338451,1058338451,way,Guatemala,plant,Missing output tag,none,"tags: {'building': 'yes', 'name': 'Poza Verde', 'plant:source': 'hydro', 'power': 'plant'}",2026-07-01 01:52:12.678217,https://www.openstreetmap.org/way/1058338451,14.31683958055631,-90.46630561763098
way/1062818919,1062818919,way,Guatemala,plant,Missing output tag,none,"tags: {'building': 'yes', 'name': 'El Recreo', 'plant:source': 'hydro', 'power': 'plant'}",2026-07-01 01:52:12.678517,https://www.openstreetmap.org/way/1062818919,14.669131263347536,-91.5504908950184
way/1070056037,1070056037,way,Guatemala,plant,Capacity placeholder value,yes,Tag 'plant:output:electricity' contains placeholder value 'yes' instead of actual capacity,2026-07-01 01:52:12.678818,https://www.openstreetmap.org/way/1070056037,14.706484657515606,-91.62960710909432
way/1070062468,1070062468,way,Guatemala,plant,Capacity placeholder value,yes,Tag 'plant:output:electricity' contains placeholder value 'yes' instead of actual capacity,2026-07-01 01:52:12.678935,https://www.openstreetmap.org/way/1070062468,14.659100250000002,-91.62827089999999
way/1070062805,1070062805,way,Guatemala,plant,Capacity placeholder value,yes,Tag 'plant:output:electricity' contains placeholder value 'yes' instead of actual capacity,2026-07-01 01:52:12.679050,https://www.openstreetmap.org/way/1070062805,14.682757239752114,-91.64136002096177
way/1091625204,1091625204,way,Guatemala,plant,Missing output tag,none,"tags: {'plant:source': 'hydro', 'power': 'plant'}",2026-07-01 01:52:12.679817,https://www.openstreetmap.org/way/1091625204,14.956109643027284,-91.94626081415176
way/1091625207,1091625207,way,Guatemala,plant,Missing output tag,none,"tags: {'plant:source': 'hydro', 'power': 'plant'}",2026-07-01 01:52:12.679987,https://www.openstreetmap.org/way/1091625207,14.918712991894212,-91.94356956658962
way/1091625216,1091625216,way,Guatemala,plant,Missing output tag,none,"tags: {'name': 'Las Vacas', 'plant:source': 'hydro', 'power': 'plant', 'waterway': 'dam'}",2026-07-01 01:52:12.680275,https://www.openstreetmap.org/way/1091625216,14.761287961605275,-90.50308603028951
way/1138038995,1138038995,way,Guatemala,plant,Missing output tag,none,"tags: {'landuse': 'industrial', 'name': 'Planta Generadora La Laguna', 'plant:source': 'biogas', 'power': 'plant'}",2026-07-01 01:52:12.680605,https://www.openstreetmap.org/way/1138038995,14.462007148166903,-90.58227521139736
way/1194095694,1194095694,way,Guatemala,plant,Missing source type,biomass;coal;oil,Source value 'biomass;coal;oil' from tag 'generator:source' is not recognized,2026-07-01 01:52:12.680823,https://www.openstreetmap.org/way/1194095694,14.331733643961085,-90.99375892955402
way/1250850881,1250850881,way,Guatemala,plant,Capacity placeholder value,yes,Tag 'plant:output:electricity' contains placeholder value 'yes' instead of actual capacity,2026-07-01 01:52:12.680969,https://www.openstreetmap.org/way/1250850881,13.861260014904442,-90.10909449957907
way/1254923123,1254923123,way,Guatemala,plant,Missing output tag,none,"tags: {'building': 'industrial', 'plant:method': 'water-storage', 'plant:source': 'hydro', 'power': 'plant'}",2026-07-01 01:52:12.681112,https://www.openstreetmap.org/way/1254923123,15.490663996757355,-90.58918622541367
way/1295221617,1295221617,way,Guatemala,plant,Missing source tag,none,"tags: {'landuse': 'industrial', 'name': 'Energuate Sub Estación Huehuetenango', 'operator': 'Energuate', 'power': 'plant'}",2026-07-01 01:52:12.681355,https://www.openstreetmap.org/way/1295221617,15.33291563253303,-91.4618220280027
way/1349862261,1349862261,way,Guatemala,plant,Capacity placeholder value,yes,Tag 'plant:output:electricity' contains placeholder value 'yes' instead of actual capacity,2026-07-01 01:52:12.681622,https://www.openstreetmap.org/way/1349862261,14.975145888379814,-89.65072459177375
way/1442449573,1442449573,way,Guatemala,plant,Capacity placeholder value,yes,Tag 'plant:output:electricity' contains placeholder value 'yes' instead of actual capacity,2026-07-01 01:52:12.681881,https://www.openstreetmap.org/way/1442449573,15.30152689162798,-90.07609356136577
way/1464115570,1464115570,way,Guatemala,plant,Missing output tag,none,"tags: {'name': 'Palin II', 'plant:source': 'hydro', 'power': 'plant'}",2026-07-01 01:52:12.682166,https://www.openstreetmap.org/way/1464115570,14.401570186457947,-90.70357153017994
node/3680807133,3680807133,node,Jamaica,generator,Capacity regex no match,900 kW,Tag 'generator:output:electricity' has value '900 kW' which could not be parsed,2026-07-01 01:55:42.035108,https://www.openstreetmap.org/node/3680807133,17.9161832,-77.5389118
node/3680807139,3680807139,node,Jamaica,generator,Capacity regex no match,900 kW,Tag 'generator:output:electricity' has value '900 kW' which could not be parsed,2026-07-01 01:55:42.035179,https://www.openstreetmap.org/node/3680807139,17.9103128,-77.5407247
node/3632271375,3632271375,node,Jamaica,generator,Capacity regex no match,900 kW,Tag 'generator:output:electricity' has value '900 kW' which could not be parsed,2026-07-01 01:55:42.035229,https://www.openstreetmap.org/node/3632271375,17.9189199,-77.5386018
node/3632271378,3632271378,node,Jamaica,generator,Capacity regex no match,900 kW,Tag 'generator:output:electricity' has value '900 kW' which could not be parsed,2026-07-01 01:55:42.035274,https://www.openstreetmap.org/node/3632271378,17.9107977,-77.5356036
node/3632271367,3632271367,node,Jamaica,generator,Capacity regex no match,2000 kW,Tag 'generator:output:electricity' has value '2000 kW' which could not be parsed,2026-07-01 01:55:42.035316,https://www.openstreetmap.org/node/3632271367,17.9212202,-77.5273241
node/3632271370,3632271370,node,Jamaica,generator,Capacity regex no match,900 kW,Tag 'generator:output:electricity' has value '900 kW' which could not be parsed,2026-07-01 01:55:42.035362,https://www.openstreetmap.org/node/3632271370,17.9189065,-77.5332555
node/3680807137,3680807137,node,Jamaica,generator,Capacity regex no match,900 kW,Tag 'generator:output:electricity' has value '900 kW' which could not be parsed,2026-07-01 01:55:42.035405,https://www.openstreetmap.org/node/3680807137,17.9123708,-77.5406109
node/3632271373,3632271373,node,Jamaica,generator,Capacity regex no match,900 kW,Tag 'generator:output:electricity' has value '900 kW' which could not be parsed,2026-07-01 01:55:42.035445,https://www.openstreetmap.org/node/3632271373,17.920715,-77.5380834
node/3632271362,3632271362,node,Jamaica,generator,Capacity regex no match,2000 kW,Tag 'generator:output:electricity' has value '2000 kW' which could not be parsed,2026-07-01 01:55:42.035504,https://www.openstreetmap.org/node/3632271362,17.9111236,-77.5276651
node/5152616925,5152616925,node,Jamaica,generator,Capacity regex no match,2000 kW,Tag 'generator:output:electricity' has value '2000 kW' which could not be parsed,2026-07-01 01:55:42.035547,https://www.openstreetmap.org/node/5152616925,17.9163214,-77.5327106
node/3632271376,3632271376,node,Jamaica,generator,Capacity regex no match,900 kW,Tag 'generator:output:electricity' has value '900 kW' which could not be parsed,2026-07-01 01:55:42.035587,https://www.openstreetmap.org/node/3632271376,17.9180489,-77.5383869
node/3680807131,3680807131,node,Jamaica,generator,Capacity regex no match,900 kW,Tag 'generator:output:electricity' has value '900 kW' which could not be parsed,2026-07-01 01:55:42.035626,https://www.openstreetmap.org/node/3680807131,17.9095296,-77.5373263
node/3632271365,3632271365,node,Jamaica,generator,Capacity regex no match,2000 kW,Tag 'generator:output:electricity' has value '2000 kW' which could not be parsed,2026-07-01 01:55:42.035665,https://www.openstreetmap.org/node/3632271365,17.9175968,-77.5248531
node/3680807134,3680807134,node,Jamaica,generator,Capacity regex no match,900 kW,Tag 'generator:output:electricity' has value '900 kW' which could not be parsed,2026-07-01 01:55:42.035701,https://www.openstreetmap.org/node/3680807134,17.9153245,-77.539481
node/3632271368,3632271368,node,Jamaica,generator,Capacity regex no match,900 kW,Tag 'generator:output:electricity' has value '900 kW' which could not be parsed,2026-07-01 01:55:42.035737,https://www.openstreetmap.org/node/3632271368,17.9216952,-77.5327221
node/3632271379,3632271379,node,Jamaica,generator,Capacity regex no match,900 kW,Tag 'generator:output:electricity' has value '900 kW' which could not be parsed,2026-07-01 01:55:42.035772,https://www.openstreetmap.org/node/3632271379,17.9119311,-77.5354613
node/7306868314,7306868314,node,Jamaica,generator,Capacity regex no match,900 kW,Tag 'generator:output:electricity' has value '900 kW' which could not be parsed,2026-07-01 01:55:42.035807,https://www.openstreetmap.org/node/7306868314,17.9197667,-77.5328055
node/3632271371,3632271371,node,Jamaica,generator,Capacity regex no match,900 kW,Tag 'generator:output:electricity' has value '900 kW' which could not be parsed,2026-07-01 01:55:42.035842,https://www.openstreetmap.org/node/3632271371,17.9181618,-77.5339334
node/3680807132,3680807132,node,Jamaica,generator,Capacity regex no match,900 kW,Tag 'generator:output:electricity' has value '900 kW' which could not be parsed,2026-07-01 01:55:42.035881,https://www.openstreetmap.org/node/3680807132,17.9171348,-77.5384321
node/3680807138,3680807138,node,Jamaica,generator,Capacity regex no match,900 kW,Tag 'generator:output:electricity' has value '900 kW' which could not be parsed,2026-07-01 01:55:42.035919,https://www.openstreetmap.org/node/3680807138,17.9113495,-77.5404808
node/3632271374,3632271374,node,Jamaica,generator,Capacity regex no match,900 kW,Tag 'generator:output:electricity' has value '900 kW' which could not be parsed,2026-07-01 01:55:42.035957,https://www.openstreetmap.org/node/3632271374,17.9197952,-77.5383309
node/3632271363,3632271363,node,Jamaica,generator,Capacity regex no match,2000 kW,Tag 'generator:output:electricity' has value '2000 kW' which could not be parsed,2026-07-01 01:55:42.035993,https://www.openstreetmap.org/node/3632271363,17.9095453,-77.5292099
node/3632271377,3632271377,node,Jamaica,generator,Capacity regex no match,900 kW,Tag 'generator:output:electricity' has value '900 kW' which could not be parsed,2026-07-01 01:55:42.036030,https://www.openstreetmap.org/node/3632271377,17.9077475,-77.5383911
node/3632271366,3632271366,node,Jamaica,generator,Capacity regex no match,2000 kW,Tag 'generator:output:electricity' has value '2000 kW' which could not be parsed,2026-07-01 01:55:42.036063,https://www.openstreetmap.org/node/3632271366,17.9194261,-77.525876
node/3632271380,3632271380,node,Jamaica,generator,Capacity regex no match,2000 kW,Tag 'generator:output:electricity' has value '2000 kW' which could not be parsed,2026-07-01 01:55:42.036096,https://www.openstreetmap.org/node/3632271380,17.9141438,-77.5342457
node/3680807135,3680807135,node,Jamaica,generator,Capacity regex no match,900 kW,Tag 'generator:output:electricity' has value '900 kW' which could not be parsed,2026-07-01 01:55:42.036129,https://www.openstreetmap.org/node/3680807135,17.9142026,-77.5399932
node/3632271369,3632271369,node,Jamaica,generator,Capacity regex no match,900 kW,Tag 'generator:output:electricity' has value '900 kW' which could not be parsed,2026-07-01 01:55:42.036162,https://www.openstreetmap.org/node/3632271369,17.9207453,-77.5328453
node/3680807136,3680807136,node,Jamaica,generator,Capacity regex no match,900 kW,Tag 'generator:output:electricity' has value '900 kW' which could not be parsed,2026-07-01 01:55:42.036195,https://www.openstreetmap.org/node/3680807136,17.9133069,-77.5404239
node/3632271372,3632271372,node,Jamaica,generator,Capacity regex no match,900 kW,Tag 'generator:output:electricity' has value '900 kW' which could not be parsed,2026-07-01 01:55:42.036227,https://www.openstreetmap.org/node/3632271372,17.9216926,-77.5380414
node/5152616924,5152616924,node,Jamaica,generator,Capacity regex no match,2000 kW,Tag 'generator:output:electricity' has value '2000 kW' which could not be parsed,2026-07-01 01:55:42.036260,https://www.openstreetmap.org/node/5152616924,17.9051423,-77.5320642
node/3680807130,3680807130,node,Jamaica,generator,Capacity regex no match,900 kW,Tag 'generator:output:electricity' has value '900 kW' which could not be parsed,2026-07-01 01:55:42.036292,https://www.openstreetmap.org/node/3680807130,17.9086244,-77.5377328
node/3632271364,3632271364,node,Jamaica,generator,Capacity regex no match,2000 kW,Tag 'generator:output:electricity' has value '2000 kW' which could not be parsed,2026-07-01 01:55:42.036323,https://www.openstreetmap.org/node/3632271364,17.9067909,-77.530641
node/8428440488,8428440488,node,Jamaica,generator,Capacity regex no match,2000 kW,Tag 'generator:output:electricity' has value '2000 kW' which could not be parsed,2026-07-01 01:55:42.036356,https://www.openstreetmap.org/node/8428440488,17.9482658,-77.5292609
node/8428440489,8428440489,node,Jamaica,generator,Capacity regex no match,2000 kW,Tag 'generator:output:electricity' has value '2000 kW' which could not be parsed,2026-07-01 01:55:42.036389,https://www.openstreetmap.org/node/8428440489,17.949749,-77.5311685
node/8428440486,8428440486,node,Jamaica,generator,Capacity regex no match,2000 kW,Tag 'generator:output:electricity' has value '2000 kW' which could not be parsed,2026-07-01 01:55:42.036422,https://www.openstreetmap.org/node/8428440486,17.9456839,-77.5280258
node/8428440487,8428440487,node,Jamaica,generator,Capacity regex no match,2000 kW,Tag 'generator:output:electricity' has value '2000 kW' which could not be parsed,2026-07-01 01:55:42.036467,https://www.openstreetmap.org/node/8428440487,17.9471238,-77.5284346
node/8428440484,8428440484,node,Jamaica,generator,Capacity regex no match,2000 kW,Tag 'generator:output:electricity' has value '2000 kW' which could not be parsed,2026-07-01 01:55:42.036502,https://www.openstreetmap.org/node/8428440484,17.9423987,-77.5267471
node/8428440485,8428440485,node,Jamaica,generator,Capacity regex no match,2000 kW,Tag 'generator:output:electricity' has value '2000 kW' which could not be parsed,2026-07-01 01:55:42.036534,https://www.openstreetmap.org/node/8428440485,17.9442606,-77.5269472
node/8428440482,8428440482,node,Jamaica,generator,Capacity regex no match,2000 kW,Tag 'generator:output:electricity' has value '2000 kW' which could not be parsed,2026-07-01 01:55:42.036569,https://www.openstreetmap.org/node/8428440482,17.9390723,-77.5249454
node/8428440483,8428440483,node,Jamaica,generator,Capacity regex no match,2000 kW,Tag 'generator:output:electricity' has value '2000 kW' which could not be parsed,2026-07-01 01:55:42.036604,https://www.openstreetmap.org/node/8428440483,17.9401812,-77.5263285
node/8428440480,8428440480,node,Jamaica,generator,Capacity regex no match,2000 kW,Tag 'generator:output:electricity' has value '2000 kW' which could not be parsed,2026-07-01 01:55:42.036638,https://www.openstreetmap.org/node/8428440480,17.9346978,-77.5253904
node/8428440481,8428440481,node,Jamaica,generator,Capacity regex no match,2000 kW,Tag 'generator:output:electricity' has value '2000 kW' which could not be parsed,2026-07-01 01:55:42.036672,https://www.openstreetmap.org/node/8428440481,17.9376431,-77.5261739
node/9689484418,9689484418,node,Jamaica,generator,Capacity regex no match,2000 kW,Tag 'generator:output:electricity' has value '2000 kW' which could not be parsed,2026-07-01 01:55:42.036706,https://www.openstreetmap.org/node/9689484418,17.9362192,-77.5254911
node/9689442613,9689442613,node,Jamaica,generator,Capacity regex no match,2000 kW,Tag 'generator:output:electricity' has value '2000 kW' which could not be parsed,2026-07-01 01:55:42.036740,https://www.openstreetmap.org/node/9689442613,17.9329732,-77.5253087
way/353703022,353703022,way,Jamaica,plant,Capacity placeholder value,yes,Tag 'plant:output:electricity' contains placeholder value 'yes' instead of actual capacity,2026-07-01 01:55:42.040009,https://www.openstreetmap.org/way/353703022,17.899251389700996,-77.1066696845262
way/748840308,748840308,way,Jamaica,plant,Capacity placeholder value,yes,Tag 'plant:output:electricity' contains placeholder value 'yes' instead of actual capacity,2026-07-01 01:55:42.040453,https://www.openstreetmap.org/way/748840308,18.3752515,-77.05144655000001
way/1156837623,1156837623,way,Jamaica,plant,Capacity placeholder value,yes,Tag 'plant:output:electricity' contains placeholder value 'yes' instead of actual capacity,2026-07-01 01:55:42.042106,https://www.openstreetmap.org/way/1156837623,18.42141635458348,-77.14996572865607
way/1156837625,1156837625,way,Jamaica,plant,Capacity placeholder value,yes,Tag 'plant:output:electricity' contains placeholder value 'yes' instead of actual capacity,2026-07-01 01:55:42.042243,https://www.openstreetmap.org/way/1156837625,18.447918019070336,-77.45241918192431
way/1156837631,1156837631,way,Jamaica,plant,Capacity placeholder value,yes,Tag 'plant:output:electricity' contains placeholder value 'yes' instead of actual capacity,2026-07-01 01:55:42.043082,https://www.openstreetmap.org/way/1156837631,17.968580403834594,-76.75165178873033
way/1172613050,1172613050,way,Jamaica,plant,Missing output tag,none,"tags: {'industrial': 'water', 'plant:source': 'solar', 'power': 'plant'}",2026-07-01 01:55:42.043588,https://www.openstreetmap.org/way/1172613050,17.995155230915458,-76.90680276486343
way/1469384721,1469384721,way,Jamaica,plant,Capacity placeholder value,yes,Tag 'plant:output:electricity' contains placeholder value 'yes' instead of actual capacity,2026-07-01 01:55:42.043749,https://www.openstreetmap.org/way/1469384721,18.198243197844132,-77.86298992963214
node/10607723636,10607723636,node,Honduras,generator,Capacity regex no match,150 kW,Tag 'generator:output:electricity' has value '150 kW' which could not be parsed,2026-07-01 01:55:44.499138,https://www.openstreetmap.org/node/10607723636,16.3360778,-86.5135172
node/10607723633,10607723633,node,Honduras,generator,Capacity regex no match,150 kW,Tag 'generator:output:electricity' has value '150 kW' which could not be parsed,2026-07-01 01:55:44.499169,https://www.openstreetmap.org/node/10607723633,16.335926,-86.5119991
node/10607723632,10607723632,node,Honduras,generator,Capacity regex no match,150 kW,Tag 'generator:output:electricity' has value '150 kW' which could not be parsed,2026-07-01 01:55:44.499189,https://www.openstreetmap.org/node/10607723632,16.3358024,-86.512439
node/10607723635,10607723635,node,Honduras,generator,Capacity regex no match,150 kW,Tag 'generator:output:electricity' has value '150 kW' which could not be parsed,2026-07-01 01:55:44.499205,https://www.openstreetmap.org/node/10607723635,16.3364382,-86.5138847
node/10607723634,10607723634,node,Honduras,generator,Capacity regex no match,150 kW,Tag 'generator:output:electricity' has value '150 kW' which could not be parsed,2026-07-01 01:55:44.499221,https://www.openstreetmap.org/node/10607723634,16.3364665,-86.5144426
node/10607723629,10607723629,node,Honduras,generator,Capacity regex no match,150 kW,Tag 'generator:output:electricity' has value '150 kW' which could not be parsed,2026-07-01 01:55:44.499237,https://www.openstreetmap.org/node/10607723629,16.3369388,-86.5163362
node/10607723628,10607723628,node,Honduras,generator,Capacity regex no match,150 kW,Tag 'generator:output:electricity' has value '150 kW' which could not be parsed,2026-07-01 01:55:44.499252,https://www.openstreetmap.org/node/10607723628,16.3370662,-86.5159795
node/10607723631,10607723631,node,Honduras,generator,Capacity regex no match,150 kW,Tag 'generator:output:electricity' has value '150 kW' which could not be parsed,2026-07-01 01:55:44.499266,https://www.openstreetmap.org/node/10607723631,16.3365849,-86.5155758
node/10607723630,10607723630,node,Honduras,generator,Capacity regex no match,150 kW,Tag 'generator:output:electricity' has value '150 kW' which could not be parsed,2026-07-01 01:55:44.499280,https://www.openstreetmap.org/node/10607723630,16.3366222,-86.5162343
node/10607723625,10607723625,node,Honduras,generator,Capacity regex no match,150 kW,Tag 'generator:output:electricity' has value '150 kW' which could not be parsed,2026-07-01 01:55:44.499295,https://www.openstreetmap.org/node/10607723625,16.3380984,-86.5131471
node/10607723624,10607723624,node,Honduras,generator,Capacity regex no match,150 kW,Tag 'generator:output:electricity' has value '150 kW' which could not be parsed,2026-07-01 01:55:44.499309,https://www.openstreetmap.org/node/10607723624,16.3386775,-86.5122271
node/10607723627,10607723627,node,Honduras,generator,Capacity regex no match,150 kW,Tag 'generator:output:electricity' has value '150 kW' which could not be parsed,2026-07-01 01:55:44.499323,https://www.openstreetmap.org/node/10607723627,16.3370611,-86.5156442
node/10607723626,10607723626,node,Honduras,generator,Capacity regex no match,150 kW,Tag 'generator:output:electricity' has value '150 kW' which could not be parsed,2026-07-01 01:55:44.499337,https://www.openstreetmap.org/node/10607723626,16.3378435,-86.5122324
node/10607723621,10607723621,node,Honduras,generator,Capacity regex no match,150 kW,Tag 'generator:output:electricity' has value '150 kW' which could not be parsed,2026-07-01 01:55:44.499351,https://www.openstreetmap.org/node/10607723621,16.3389117,-86.5096253
node/10607723620,10607723620,node,Honduras,generator,Capacity regex no match,150 kW,Tag 'generator:output:electricity' has value '150 kW' which could not be parsed,2026-07-01 01:55:44.499365,https://www.openstreetmap.org/node/10607723620,16.3382528,-86.5094698
node/10607723623,10607723623,node,Honduras,generator,Capacity regex no match,150 kW,Tag 'generator:output:electricity' has value '150 kW' which could not be parsed,2026-07-01 01:55:44.499380,https://www.openstreetmap.org/node/10607723623,16.3387701,-86.5087053
node/10607723622,10607723622,node,Honduras,generator,Capacity regex no match,150 kW,Tag 'generator:output:electricity' has value '150 kW' which could not be parsed,2026-07-01 01:55:44.499394,https://www.openstreetmap.org/node/10607723622,16.33859,-86.5091398
node/10607723617,10607723617,node,Honduras,generator,Capacity regex no match,150 kW,Tag 'generator:output:electricity' has value '150 kW' which could not be parsed,2026-07-01 01:55:44.499408,https://www.openstreetmap.org/node/10607723617,16.3376943,-86.5085471
node/10607723616,10607723616,node,Honduras,generator,Capacity regex no match,150 kW,Tag 'generator:output:electricity' has value '150 kW' which could not be parsed,2026-07-01 01:55:44.499422,https://www.openstreetmap.org/node/10607723616,16.3372181,-86.5096897
node/10607723619,10607723619,node,Honduras,generator,Capacity regex no match,150 kW,Tag 'generator:output:electricity' has value '150 kW' which could not be parsed,2026-07-01 01:55:44.499437,https://www.openstreetmap.org/node/10607723619,16.3377843,-86.5095931
node/10607723618,10607723618,node,Honduras,generator,Capacity regex no match,150 kW,Tag 'generator:output:electricity' has value '150 kW' which could not be parsed,2026-07-01 01:55:44.499452,https://www.openstreetmap.org/node/10607723618,16.3381782,-86.508759
node/10607723613,10607723613,node,Honduras,generator,Capacity regex no match,150 kW,Tag 'generator:output:electricity' has value '150 kW' which could not be parsed,2026-07-01 01:55:44.499481,https://www.openstreetmap.org/node/10607723613,16.339617,-86.5102248
node/10607723612,10607723612,node,Honduras,generator,Capacity regex no match,150 kW,Tag 'generator:output:electricity' has value '150 kW' which could not be parsed,2026-07-01 01:55:44.499496,https://www.openstreetmap.org/node/10607723612,16.3381537,-86.5127045
node/10607723615,10607723615,node,Honduras,generator,Capacity regex no match,150 kW,Tag 'generator:output:electricity' has value '150 kW' which could not be parsed,2026-07-01 01:55:44.499509,https://www.openstreetmap.org/node/10607723615,16.3375295,-86.5090862
node/10607723614,10607723614,node,Honduras,generator,Capacity regex no match,150 kW,Tag 'generator:output:electricity' has value '150 kW' which could not be parsed,2026-07-01 01:55:44.499523,https://www.openstreetmap.org/node/10607723614,16.3399567,-86.5101443
node/10607723637,10607723637,node,Honduras,generator,Capacity regex no match,150 kW,Tag 'generator:output:electricity' has value '150 kW' which could not be parsed,2026-07-01 01:55:44.499537,https://www.openstreetmap.org/node/10607723637,16.3365154,-86.5133321
way/31394853,31394853,way,Honduras,plant,Missing output tag,none,"tags: {'fixme': 'does the plant extend further south or is that another power plant?', 'landuse': 'industrial', 'operator': 'Electricidad de Cortes (ELCOSA)', 'plant:source': 'oil', 'power': 'plant'}",2026-07-01 01:55:44.500159,https://www.openstreetmap.org/way/31394853,15.855978814754812,-87.95581850992222
way/332402524,332402524,way,Honduras,plant,Capacity placeholder value,yes,Tag 'plant:output:electricity' contains placeholder value 'yes' instead of actual capacity,2026-07-01 01:55:44.500663,https://www.openstreetmap.org/way/332402524,15.608655933973235,-87.96266022820716
way/336555022,336555022,way,Honduras,plant,Capacity placeholder value,yes,Tag 'plant:output:electricity' contains placeholder value 'yes' instead of actual capacity,2026-07-01 01:55:44.500886,https://www.openstreetmap.org/way/336555022,15.596241910341238,-87.93686395899854
way/770468763,770468763,way,Honduras,plant,Capacity placeholder value,yes,Tag 'plant:output:electricity' contains placeholder value 'yes' instead of actual capacity,2026-07-01 01:55:44.503390,https://www.openstreetmap.org/way/770468763,13.263876200865685,-87.22932108019285
way/770468764,770468764,way,Honduras,plant,Capacity placeholder value,yes,Tag 'plant:output:electricity' contains placeholder value 'yes' instead of actual capacity,2026-07-01 01:55:44.503623,https://www.openstreetmap.org/way/770468764,13.21369283730484,-87.2226535018138
way/770468768,770468768,way,Honduras,plant,Missing output tag,none,"tags: {'landuse': 'industrial', 'plant:method': 'photovoltaic', 'plant:source': 'solar', 'power': 'plant'}",2026-07-01 01:55:44.504877,https://www.openstreetmap.org/way/770468768,13.265899798000271,-87.27163340772609
way/776347822,776347822,way,Honduras,plant,Capacity placeholder value,yes,Tag 'plant:output:electricity' contains placeholder value 'yes' instead of actual capacity,2026-07-01 01:55:44.506006,https://www.openstreetmap.org/way/776347822,15.599594775268592,-87.93711453708538
way/1025987841,1025987841,way,Honduras,plant,Capacity placeholder value,yes,Tag 'plant:output:electricity' contains placeholder value 'yes' instead of actual capacity,2026-07-01 01:55:44.507490,https://www.openstreetmap.org/way/1025987841,14.272308585162628,-88.1839046185419
way/1030216419,1030216419,way,Honduras,plant,Capacity placeholder value,yes,Tag 'plant:output:electricity' contains placeholder value 'yes' instead of actual capacity,2026-07-01 01:55:44.507926,https://www.openstreetmap.org/way/1030216419,14.375197013521236,-87.61198097296916
way/1203954374,1203954374,way,Honduras,plant,Capacity placeholder value,yes,Tag 'plant:output:electricity' contains placeholder value 'yes' instead of actual capacity,2026-07-01 01:55:44.509385,https://www.openstreetmap.org/way/1203954374,13.212033495064956,-87.2153392030423
way/1203954375,1203954375,way,Honduras,plant,Capacity placeholder value,yes,Tag 'plant:output:electricity' contains placeholder value 'yes' instead of actual capacity,2026-07-01 01:55:44.509603,https://www.openstreetmap.org/way/1203954375,13.22165673467106,-87.21233268271715
way/1203956787,1203956787,way,Honduras,plant,Capacity placeholder value,yes,Tag 'plant:output:electricity' contains placeholder value 'yes' instead of actual capacity,2026-07-01 01:55:44.509793,https://www.openstreetmap.org/way/1203956787,14.507970070933034,-87.65377883810552
way/1298157635,1298157635,way,Honduras,plant,Capacity placeholder value,yes,Tag 'plant:output:electricity' contains placeholder value 'yes' instead of actual capacity,2026-07-01 01:55:44.509937,https://www.openstreetmap.org/way/1298157635,15.784648316846877,-86.65486835267238
way/1394814157,1394814157,way,Honduras,plant,Capacity placeholder value,yes,Tag 'plant:output:electricity' contains placeholder value 'yes' instead of actual capacity,2026-07-01 01:55:44.510621,https://www.openstreetmap.org/way/1394814157,14.113286446086624,-87.17222941418466
way/1434915759,1434915759,way,Honduras,plant,Missing output tag,none,"tags: {'plant:source': 'solar', 'power': 'plant'}",2026-07-01 01:55:44.510769,https://www.openstreetmap.org/way/1434915759,14.826775375227761,-85.84467501722395
way/1434973454,1434973454,way,Honduras,plant,Capacity placeholder value,yes,Tag 'plant:output:electricity' contains placeholder value 'yes' instead of actual capacity,2026-07-01 01:55:44.510995,https://www.openstreetmap.org/way/1434973454,14.807199594283157,-85.84344683801285
way/1442145054,1442145054,way,Honduras,plant,Missing output tag,none,"tags: {'plant:source': 'solar', 'power': 'plant'}",2026-07-01 01:55:44.511137,https://www.openstreetmap.org/way/1442145054,14.014804170569986,-87.00148277180271
way/1474021237,1474021237,way,Honduras,plant,Capacity placeholder value,yes,Tag 'plant:output:electricity' contains placeholder value 'yes' instead of actual capacity,2026-07-01 01:55:44.511435,https://www.openstreetmap.org/way/1474021237,15.468227883206,-87.96849961804892
node/7344852104,7344852104,node,Mexico,generator,Missing output tag,none,"tags: {'generator:method': 'wind_turbine', 'generator:source': 'wind', 'power': 'generator'}",2026-07-01 02:06:25.233434,https://www.openstreetmap.org/node/7344852104,23.4370817,-98.9514768
node/7344852105,7344852105,node,Mexico,generator,Missing output tag,none,"tags: {'generator:method': 'wind_turbine', 'generator:source': 'wind', 'power': 'generator'}",2026-07-01 02:06:25.233489,https://www.openstreetmap.org/node/7344852105,23.4357449,-98.953786
node/7344852111,7344852111,node,Mexico,generator,Missing output tag,none,"tags: {'generator:method': 'wind_turbine', 'generator:source': 'wind', 'power': 'generator'}",2026-07-01 02:06:25.233524,https://www.openstreetmap.org/node/7344852111,23.4048915,-98.9327708
node/7344852096,7344852096,node,Mexico,generator,Missing output tag,none,"tags: {'generator:method': 'wind_turbine', 'generator:source': 'wind', 'power': 'generator'}",2026-07-01 02:06:25.233558,https://www.openstreetmap.org/node/7344852096,23.4295593,-98.910392
node/7344852097,7344852097,node,Mexico,generator,Missing output tag,none,"tags: {'generator:method': 'wind_turbine', 'generator:source': 'wind', 'power': 'generator'}",2026-07-01 02:06:25.233591,https://www.openstreetmap.org/node/7344852097,23.4291316,-98.9081411
node/7344852098,7344852098,node,Mexico,generator,Missing output tag,none,"tags: {'generator:method': 'wind_turbine', 'generator:source': 'wind', 'power': 'generator'}",2026-07-01 02:06:25.233623,https://www.openstreetmap.org/node/7344852098,23.4285163,-98.9059434
node/7344852099,7344852099,node,Mexico,generator,Missing output tag,none,"tags: {'generator:method': 'wind_turbine', 'generator:source': 'wind', 'power': 'generator'}",2026-07-01 02:06:25.233655,https://www.openstreetmap.org/node/7344852099,23.4295391,-98.9414479
node/7344852100,7344852100,node,Mexico,generator,Missing output tag,none,"tags: {'generator:method': 'wind_turbine', 'generator:source': 'wind', 'power': 'generator'}",2026-07-01 02:06:25.233688,https://www.openstreetmap.org/node/7344852100,23.4277966,-98.9433255
node/7344852101,7344852101,node,Mexico,generator,Missing output tag,none,"tags: {'generator:method': 'wind_turbine', 'generator:source': 'wind', 'power': 'generator'}",2026-07-01 02:06:25.233720,https://www.openstreetmap.org/node/7344852101,23.4289829,-98.9457073
node/7344852102,7344852102,node,Mexico,generator,Missing output tag,none,"tags: {'generator:method': 'wind_turbine', 'generator:source': 'wind', 'power': 'generator'}",2026-07-01 02:06:25.233753,https://www.openstreetmap.org/node/7344852102,23.4349662,-98.9469132
node/7344852103,7344852103,node,Mexico,generator,Missing output tag,none,"tags: {'generator:method': 'wind_turbine', 'generator:source': 'wind', 'power': 'generator'}",2026-07-01 02:06:25.233785,https://www.openstreetmap.org/node/7344852103,23.4353565,-98.9495559
node/7344852112,7344852112,node,Mexico,generator,Missing output tag,none,"tags: {'generator:method': 'wind_turbine', 'generator:source': 'wind', 'power': 'generator'}",2026-07-01 02:06:25.233817,https://www.openstreetmap.org/node/7344852112,23.4043492,-98.9305884
node/7344852113,7344852113,node,Mexico,generator,Missing output tag,none,"tags: {'generator:method': 'wind_turbine', 'generator:source': 'wind', 'power': 'generator'}",2026-07-01 02:06:25.233850,https://www.openstreetmap.org/node/7344852113,23.4043709,-98.9283332
node/7344852114,7344852114,node,Mexico,generator,Missing output tag,none,"tags: {'generator:method': 'wind_turbine', 'generator:source': 'wind', 'power': 'generator'}",2026-07-01 02:06:25.233882,https://www.openstreetmap.org/node/7344852114,23.405225,-98.9261942
node/7344852056,7344852056,node,Mexico,generator,Missing output tag,none,"tags: {'generator:method': 'wind_turbine', 'generator:source': 'wind', 'power': 'generator'}",2026-07-01 02:06:25.233913,https://www.openstreetmap.org/node/7344852056,23.4567113,-98.8894238
node/7344852057,7344852057,node,Mexico,generator,Missing output tag,none,"tags: {'generator:method': 'wind_turbine', 'generator:source': 'wind', 'power': 'generator'}",2026-07-01 02:06:25.233944,https://www.openstreetmap.org/node/7344852057,23.4560864,-98.8872458
node/7344852058,7344852058,node,Mexico,generator,Missing output tag,none,"tags: {'generator:method': 'wind_turbine', 'generator:source': 'wind', 'power': 'generator'}",2026-07-01 02:06:25.233975,https://www.openstreetmap.org/node/7344852058,23.4561552,-98.8849392
node/7344852048,7344852048,node,Mexico,generator,Missing output tag,none,"tags: {'generator:method': 'wind_turbine', 'generator:source': 'wind', 'power': 'generator'}",2026-07-01 02:06:25.234007,https://www.openstreetmap.org/node/7344852048,23.452858,-98.9062199
node/7344852049,7344852049,node,Mexico,generator,Missing output tag,none,"tags: {'generator:method': 'wind_turbine', 'generator:source': 'wind', 'power': 'generator'}",2026-07-01 02:06:25.234039,https://www.openstreetmap.org/node/7344852049,23.4541466,-98.9035809
node/7344852050,7344852050,node,Mexico,generator,Missing output tag,none,"tags: {'generator:method': 'wind_turbine', 'generator:source': 'wind', 'power': 'generator'}",2026-07-01 02:06:25.234071,https://www.openstreetmap.org/node/7344852050,23.4552941,-98.9009735
node/7344852051,7344852051,node,Mexico,generator,Missing output tag,none,"tags: {'generator:method': 'wind_turbine', 'generator:source': 'wind', 'power': 'generator'}",2026-07-01 02:06:25.234103,https://www.openstreetmap.org/node/7344852051,23.4562438,-98.8981517
node/7344852053,7344852053,node,Mexico,generator,Missing output tag,none,"tags: {'generator:method': 'wind_turbine', 'generator:source': 'wind', 'power': 'generator'}",2026-07-01 02:06:25.234135,https://www.openstreetmap.org/node/7344852053,23.4567852,-98.8959523
node/7344852054,7344852054,node,Mexico,generator,Missing output tag,none,"tags: {'generator:method': 'wind_turbine', 'generator:source': 'wind', 'power': 'generator'}",2026-07-01 02:06:25.234166,https://www.openstreetmap.org/node/7344852054,23.4565194,-98.89371
node/7344852055,7344852055,node,Mexico,generator,Missing output tag,none,"tags: {'generator:method': 'wind_turbine', 'generator:source': 'wind', 'power': 'generator'}",2026-07-01 02:06:25.234199,https://www.openstreetmap.org/node/7344852055,23.4572478,-98.8915911
node/7344852072,7344852072,node,Mexico,generator,Missing output tag,none,"tags: {'generator:method': 'wind_turbine', 'generator:source': 'wind', 'power': 'generator'}",2026-07-01 02:06:25.234230,https://www.openstreetmap.org/node/7344852072,23.4388661,-98.8714906
node/7344852073,7344852073,node,Mexico,generator,Missing output tag,none,"tags: {'generator:method': 'wind_turbine', 'generator:source': 'wind', 'power': 'generator'}",2026-07-01 02:06:25.234261,https://www.openstreetmap.org/node/7344852073,23.4404756,-98.8691195
node/7344852074,7344852074,node,Mexico,generator,Missing output tag,none,"tags: {'generator:method': 'wind_turbine', 'generator:source': 'wind', 'power': 'generator'}",2026-07-01 02:06:25.234292,https://www.openstreetmap.org/node/7344852074,23.4423557,-98.8669952
node/7344852075,7344852075,node,Mexico,generator,Missing output tag,none,"tags: {'generator:method': 'wind_turbine', 'generator:source': 'wind', 'power': 'generator'}",2026-07-01 02:06:25.234323,https://www.openstreetmap.org/node/7344852075,23.4408841,-98.8645168
node/7344852076,7344852076,node,Mexico,generator,Missing output tag,none,"tags: {'generator:method': 'wind_turbine', 'generator:source': 'wind', 'power': 'generator'}",2026-07-01 02:06:25.234354,https://www.openstreetmap.org/node/7344852076,23.4395553,-98.8619366
node/7344852064,7344852064,node,Mexico,generator,Missing output tag,none,"tags: {'generator:method': 'wind_turbine', 'generator:source': 'wind', 'power': 'generator'}",2026-07-01 02:06:25.234386,https://www.openstreetmap.org/node/7344852064,23.4508108,-98.8812431
node/7344852065,7344852065,node,Mexico,generator,Missing output tag,none,"tags: {'generator:method': 'wind_turbine', 'generator:source': 'wind', 'power': 'generator'}",2026-07-01 02:06:25.234417,https://www.openstreetmap.org/node/7344852065,23.4515933,-98.879151
node/7344852066,7344852066,node,Mexico,generator,Missing output tag,none,"tags: {'generator:method': 'wind_turbine', 'generator:source': 'wind', 'power': 'generator'}",2026-07-01 02:06:25.234449,https://www.openstreetmap.org/node/7344852066,23.452858,-98.8762864
node/7344852067,7344852067,node,Mexico,generator,Missing output tag,none,"tags: {'generator:method': 'wind_turbine', 'generator:source': 'wind', 'power': 'generator'}",2026-07-01 02:06:25.234491,https://www.openstreetmap.org/node/7344852067,23.454423,-98.8735773
node/7344852068,7344852068,node,Mexico,generator,Missing output tag,none,"tags: {'generator:method': 'wind_turbine', 'generator:source': 'wind', 'power': 'generator'}",2026-07-01 02:06:25.234524,https://www.openstreetmap.org/node/7344852068,23.4541917,-98.8713833
node/7344852088,7344852088,node,Mexico,generator,Missing output tag,none,"tags: {'generator:method': 'wind_turbine', 'generator:source': 'wind', 'power': 'generator'}",2026-07-01 02:06:25.234556,https://www.openstreetmap.org/node/7344852088,23.4104837,-98.8849265
node/7344852089,7344852089,node,Mexico,generator,Missing output tag,none,"tags: {'generator:method': 'wind_turbine', 'generator:source': 'wind', 'power': 'generator'}",2026-07-01 02:06:25.234588,https://www.openstreetmap.org/node/7344852089,23.410161,-98.8827129
node/7344852090,7344852090,node,Mexico,generator,Missing output tag,none,"tags: {'generator:method': 'wind_turbine', 'generator:source': 'wind', 'power': 'generator'}",2026-07-01 02:06:25.234621,https://www.openstreetmap.org/node/7344852090,23.4098654,-98.8804624
node/7344852091,7344852091,node,Mexico,generator,Missing output tag,none,"tags: {'generator:method': 'wind_turbine', 'generator:source': 'wind', 'power': 'generator'}",2026-07-01 02:06:25.234652,https://www.openstreetmap.org/node/7344852091,23.4096199,-98.8781837
node/7344852092,7344852092,node,Mexico,generator,Missing output tag,none,"tags: {'generator:method': 'wind_turbine', 'generator:source': 'wind', 'power': 'generator'}",2026-07-01 02:06:25.234684,https://www.openstreetmap.org/node/7344852092,23.4155037,-98.8963179
node/7344852093,7344852093,node,Mexico,generator,Missing output tag,none,"tags: {'generator:method': 'wind_turbine', 'generator:source': 'wind', 'power': 'generator'}",2026-07-01 02:06:25.234716,https://www.openstreetmap.org/node/7344852093,23.4148907,-98.8940026
node/7344852094,7344852094,node,Mexico,generator,Missing output tag,none,"tags: {'generator:method': 'wind_turbine', 'generator:source': 'wind', 'power': 'generator'}",2026-07-01 02:06:25.234748,https://www.openstreetmap.org/node/7344852094,23.414663,-98.8917547
node/7344852095,7344852095,node,Mexico,generator,Missing output tag,none,"tags: {'generator:method': 'wind_turbine', 'generator:source': 'wind', 'power': 'generator'}",2026-07-01 02:06:25.234780,https://www.openstreetmap.org/node/7344852095,23.4292438,-98.9125767
node/7344852085,7344852085,node,Mexico,generator,Missing output tag,none,"tags: {'generator:method': 'wind_turbine', 'generator:source': 'wind', 'power': 'generator'}",2026-07-01 02:06:25.234811,https://www.openstreetmap.org/node/7344852085,23.4243117,-98.8584175
node/7344852086,7344852086,node,Mexico,generator,Missing output tag,none,"tags: {'generator:method': 'wind_turbine', 'generator:source': 'wind', 'power': 'generator'}",2026-07-01 02:06:25.234844,https://www.openstreetmap.org/node/7344852086,23.4248531,-98.8561537
node/7344852087,7344852087,node,Mexico,generator,Missing output tag,none,"tags: {'generator:method': 'wind_turbine', 'generator:source': 'wind', 'power': 'generator'}",2026-07-01 02:06:25.234876,https://www.openstreetmap.org/node/7344852087,23.4253454,-98.8539972
node/7344851992,7344851992,node,Mexico,generator,Missing output tag,none,"tags: {'generator:method': 'wind_turbine', 'generator:source': 'wind', 'power': 'generator'}",2026-07-01 02:06:25.234908,https://www.openstreetmap.org/node/7344851992,23.4438915,-98.9295985
node/7344851993,7344851993,node,Mexico,generator,Missing output tag,none,"tags: {'generator:method': 'wind_turbine', 'generator:source': 'wind', 'power': 'generator'}",2026-07-01 02:06:25.234940,https://www.openstreetmap.org/node/7344851993,23.4450048,-98.9272025
node/7344851994,7344851994,node,Mexico,generator,Missing output tag,none,"tags: {'generator:method': 'wind_turbine', 'generator:source': 'wind', 'power': 'generator'}",2026-07-01 02:06:25.234972,https://www.openstreetmap.org/node/7344851994,23.4454295,-98.9245883
node/7344851995,7344851995,node,Mexico,generator,Missing output tag,none,"tags: {'generator:method': 'wind_turbine', 'generator:source': 'wind', 'power': 'generator'}",2026-07-01 02:06:25.235004,https://www.openstreetmap.org/node/7344851995,23.4386396,-98.9224871
node/7344851996,7344851996,node,Mexico,generator,Missing output tag,none,"tags: {'generator:method': 'wind_turbine', 'generator:source': 'wind', 'power': 'generator'}",2026-07-01 02:06:25.235035,https://www.openstreetmap.org/node/7344851996,23.4370518,-98.9203543
node/7344851989,7344851989,node,Mexico,generator,Missing output tag,none,"tags: {'generator:method': 'wind_turbine', 'generator:source': 'wind', 'power': 'generator'}",2026-07-01 02:06:25.235067,https://www.openstreetmap.org/node/7344851989,23.4484792,-98.9353802
node/7344851990,7344851990,node,Mexico,generator,Missing output tag,none,"tags: {'generator:method': 'wind_turbine', 'generator:source': 'wind', 'power': 'generator'}",2026-07-01 02:06:25.235099,https://www.openstreetmap.org/node/7344851990,23.447758,-98.9328329
node/7344851991,7344851991,node,Mexico,generator,Missing output tag,none,"tags: {'generator:method': 'wind_turbine', 'generator:source': 'wind', 'power': 'generator'}",2026-07-01 02:06:25.235131,https://www.openstreetmap.org/node/7344851991,23.4456416,-98.9314306
node/7344852008,7344852008,node,Mexico,generator,Missing output tag,none,"tags: {'generator:method': 'wind_turbine', 'generator:source': 'wind', 'power': 'generator'}",2026-07-01 02:06:25.235163,https://www.openstreetmap.org/node/7344852008,23.4656182,-98.9113857
node/7344852009,7344852009,node,Mexico,generator,Missing output tag,none,"tags: {'generator:method': 'wind_turbine', 'generator:source': 'wind', 'power': 'generator'}",2026-07-01 02:06:25.235195,https://www.openstreetmap.org/node/7344852009,23.4649244,-98.908548
node/7344852006,7344852006,node,Mexico,generator,Missing output tag,none,"tags: {'generator:method': 'wind_turbine', 'generator:source': 'wind', 'power': 'generator'}",2026-07-01 02:06:25.235227,https://www.openstreetmap.org/node/7344852006,23.4695597,-98.9154012
node/7344852007,7344852007,node,Mexico,generator,Missing output tag,none,"tags: {'generator:method': 'wind_turbine', 'generator:source': 'wind', 'power': 'generator'}",2026-07-01 02:06:25.235259,https://www.openstreetmap.org/node/7344852007,23.4674553,-98.9135373
node/9414234311,9414234311,node,Mexico,generator,Missing output tag,none,"tags: {'generator:method': 'wind_turbine', 'generator:source': 'wind', 'power': 'generator'}",2026-07-01 02:06:25.235290,https://www.openstreetmap.org/node/9414234311,23.4130281,-98.9546343
node/9414234298,9414234298,node,Mexico,generator,Missing output tag,none,"tags: {'generator:method': 'wind_turbine', 'generator:source': 'wind', 'power': 'generator'}",2026-07-01 02:06:25.235322,https://www.openstreetmap.org/node/9414234298,23.3867343,-98.9773643
node/9414234305,9414234305,node,Mexico,generator,Missing output tag,none,"tags: {'generator:method': 'wind_turbine', 'generator:source': 'wind', 'power': 'generator'}",2026-07-01 02:06:25.235354,https://www.openstreetmap.org/node/9414234305,23.4066443,-98.9725685
node/9414234292,9414234292,node,Mexico,generator,Missing output tag,none,"tags: {'generator:method': 'wind_turbine', 'generator:source': 'wind', 'power': 'generator'}",2026-07-01 02:06:25.235386,https://www.openstreetmap.org/node/9414234292,23.3873645,-98.9595437
node/9414234314,9414234314,node,Mexico,generator,Missing output tag,none,"tags: {'generator:method': 'wind_turbine', 'generator:source': 'wind', 'power': 'generator'}",2026-07-01 02:06:25.235418,https://www.openstreetmap.org/node/9414234314,23.4516621,-98.9088392
node/9414234308,9414234308,node,Mexico,generator,Missing output tag,none,"tags: {'generator:method': 'wind_turbine', 'generator:source': 'wind', 'power': 'generator'}",2026-07-01 02:06:25.235450,https://www.openstreetmap.org/node/9414234308,23.4127092,-98.9632022
node/9414234299,9414234299,node,Mexico,generator,Missing output tag,none,"tags: {'generator:method': 'wind_turbine', 'generator:source': 'wind', 'power': 'generator'}",2026-07-01 02:06:25.235492,https://www.openstreetmap.org/node/9414234299,23.3873492,-98.9794225
node/9414234302,9414234302,node,Mexico,generator,Missing output tag,none,"tags: {'generator:method': 'wind_turbine', 'generator:source': 'wind', 'power': 'generator'}",2026-07-01 02:06:25.235524,https://www.openstreetmap.org/node/9414234302,23.3886714,-98.9859358
node/9414234293,9414234293,node,Mexico,generator,Missing output tag,none,"tags: {'generator:method': 'wind_turbine', 'generator:source': 'wind', 'power': 'generator'}",2026-07-01 02:06:25.235556,https://www.openstreetmap.org/node/9414234293,23.3876993,-98.9618075
node/9414234296,9414234296,node,Mexico,generator,Missing output tag,none,"tags: {'generator:method': 'wind_turbine', 'generator:source': 'wind', 'power': 'generator'}",2026-07-01 02:06:25.235588,https://www.openstreetmap.org/node/9414234296,23.3876599,-98.9726329
node/9414234309,9414234309,node,Mexico,generator,Missing output tag,none,"tags: {'generator:method': 'wind_turbine', 'generator:source': 'wind', 'power': 'generator'}",2026-07-01 02:06:25.235621,https://www.openstreetmap.org/node/9414234309,23.4134999,-98.9603839
node/9414234312,9414234312,node,Mexico,generator,Missing output tag,none,"tags: {'generator:method': 'wind_turbine', 'generator:source': 'wind', 'power': 'generator'}",2026-07-01 02:06:25.235654,https://www.openstreetmap.org/node/9414234312,23.4369072,-98.9383221
node/9414234303,9414234303,node,Mexico,generator,Missing output tag,none,"tags: {'generator:method': 'wind_turbine', 'generator:source': 'wind', 'power': 'generator'}",2026-07-01 02:06:25.235686,https://www.openstreetmap.org/node/9414234303,23.3890599,-98.9881543
node/9414234290,9414234290,node,Mexico,generator,Missing output tag,none,"tags: {'generator:method': 'wind_turbine', 'generator:source': 'wind', 'power': 'generator'}",2026-07-01 02:06:25.235719,https://www.openstreetmap.org/node/9414234290,23.3851784,-98.9530635
node/9414234297,9414234297,node,Mexico,generator,Missing output tag,none,"tags: {'generator:method': 'wind_turbine', 'generator:source': 'wind', 'power': 'generator'}",2026-07-01 02:06:25.235751,https://www.openstreetmap.org/node/9414234297,23.3876205,-98.9748001
node/9414234306,9414234306,node,Mexico,generator,Missing output tag,none,"tags: {'generator:method': 'wind_turbine', 'generator:source': 'wind', 'power': 'generator'}",2026-07-01 02:06:25.235784,https://www.openstreetmap.org/node/9414234306,23.4144453,-98.9686582
node/9414234313,9414234313,node,Mexico,generator,Missing output tag,none,"tags: {'generator:method': 'wind_turbine', 'generator:source': 'wind', 'power': 'generator'}",2026-07-01 02:06:25.235816,https://www.openstreetmap.org/node/9414234313,23.4370731,-98.935344
node/9414234300,9414234300,node,Mexico,generator,Missing output tag,none,"tags: {'generator:method': 'wind_turbine', 'generator:source': 'wind', 'power': 'generator'}",2026-07-01 02:06:25.235849,https://www.openstreetmap.org/node/9414234300,23.3876388,-98.9816596
node/9414234291,9414234291,node,Mexico,generator,Missing output tag,none,"tags: {'generator:method': 'wind_turbine', 'generator:source': 'wind', 'power': 'generator'}",2026-07-01 02:06:25.235881,https://www.openstreetmap.org/node/9414234291,23.3853162,-98.9553058
node/9414234294,9414234294,node,Mexico,generator,Missing output tag,none,"tags: {'generator:method': 'wind_turbine', 'generator:source': 'wind', 'power': 'generator'}",2026-07-01 02:06:25.235914,https://www.openstreetmap.org/node/9414234294,23.3878864,-98.9640606
node/9414234307,9414234307,node,Mexico,generator,Missing output tag,none,"tags: {'generator:method': 'wind_turbine', 'generator:source': 'wind', 'power': 'generator'}",2026-07-01 02:06:25.235949,https://www.openstreetmap.org/node/9414234307,23.4149245,-98.9657021
node/9414234310,9414234310,node,Mexico,generator,Missing output tag,none,"tags: {'generator:method': 'wind_turbine', 'generator:source': 'wind', 'power': 'generator'}",2026-07-01 02:06:25.235982,https://www.openstreetmap.org/node/9414234310,23.4138464,-98.9574548
node/9414234301,9414234301,node,Mexico,generator,Missing output tag,none,"tags: {'generator:method': 'wind_turbine', 'generator:source': 'wind', 'power': 'generator'}",2026-07-01 02:06:25.236014,https://www.openstreetmap.org/node/9414234301,23.3882311,-98.9838124
node/9414234304,9414234304,node,Mexico,generator,Missing output tag,none,"tags: {'generator:method': 'wind_turbine', 'generator:source': 'wind', 'power': 'generator'}",2026-07-01 02:06:25.236047,https://www.openstreetmap.org/node/9414234304,23.4065458,-98.9755297
node/9414234295,9414234295,node,Mexico,generator,Missing output tag,none,"tags: {'generator:method': 'wind_turbine', 'generator:source': 'wind', 'power': 'generator'}",2026-07-01 02:06:25.236079,https://www.openstreetmap.org/node/9414234295,23.3867835,-98.9705944
node/9414234289,9414234289,node,Mexico,generator,Missing output tag,none,"tags: {'generator:method': 'wind_turbine', 'generator:source': 'wind', 'power': 'generator'}",2026-07-01 02:06:25.236112,https://www.openstreetmap.org/node/9414234289,23.3845383,-98.9508963
node/10713368567,10713368567,node,Mexico,generator,Missing output tag,none,"tags: {'generator:method': 'wind_turbine', 'generator:source': 'wind', 'power': 'generator'}",2026-07-01 02:06:25.236145,https://www.openstreetmap.org/node/10713368567,23.4405761,-98.9176955
node/7323204454,7323204454,node,Mexico,generator,Missing output tag,none,"tags: {'generator:method': 'wind_turbine', 'generator:source': 'wind', 'power': 'generator'}",2026-07-01 02:06:25.242038,https://www.openstreetmap.org/node/7323204454,23.3445643,-98.8984718
node/7323204455,7323204455,node,Mexico,generator,Missing output tag,none,"tags: {'generator:method': 'wind_turbine', 'generator:source': 'wind', 'power': 'generator'}",2026-07-01 02:06:25.242081,https://www.openstreetmap.org/node/7323204455,23.3435054,-98.9008107
node/7323204452,7323204452,node,Mexico,generator,Missing output tag,none,"tags: {'generator:method': 'wind_turbine', 'generator:source': 'wind', 'power': 'generator'}",2026-07-01 02:06:25.242122,https://www.openstreetmap.org/node/7323204452,23.3459877,-98.8932737
node/7323204453,7323204453,node,Mexico,generator,Missing output tag,none,"tags: {'generator:method': 'wind_turbine', 'generator:source': 'wind', 'power': 'generator'}",2026-07-01 02:06:25.242160,https://www.openstreetmap.org/node/7323204453,23.3459533,-98.8960256
node/7323204450,7323204450,node,Mexico,generator,Missing output tag,none,"tags: {'generator:method': 'wind_turbine', 'generator:source': 'wind', 'power': 'generator'}",2026-07-01 02:06:25.242197,https://www.openstreetmap.org/node/7323204450,23.3442787,-98.8880702
node/7323204451,7323204451,node,Mexico,generator,Missing output tag,none,"tags: {'generator:method': 'wind_turbine', 'generator:source': 'wind', 'power': 'generator'}",2026-07-01 02:06:25.242235,https://www.openstreetmap.org/node/7323204451,23.3448599,-98.8907363
node/7323204448,7323204448,node,Mexico,generator,Missing output tag,none,"tags: {'generator:method': 'wind_turbine', 'generator:source': 'wind', 'power': 'generator'}",2026-07-01 02:06:25.242272,https://www.openstreetmap.org/node/7323204448,23.3489084,-98.8814612
node/7323204449,7323204449,node,Mexico,generator,Missing output tag,none,"tags: {'generator:method': 'wind_turbine', 'generator:source': 'wind', 'power': 'generator'}",2026-07-01 02:06:25.242308,https://www.openstreetmap.org/node/7323204449,23.3462783,-98.8844438
node/7323204446,7323204446,node,Mexico,generator,Missing output tag,none,"tags: {'generator:method': 'wind_turbine', 'generator:source': 'wind', 'power': 'generator'}",2026-07-01 02:06:25.242344,https://www.openstreetmap.org/node/7323204446,23.3554586,-98.8649066
node/7323204447,7323204447,node,Mexico,generator,Missing output tag,none,"tags: {'generator:method': 'wind_turbine', 'generator:source': 'wind', 'power': 'generator'}",2026-07-01 02:06:25.242380,https://www.openstreetmap.org/node/7323204447,23.3495437,-98.8787093
node/7323204444,7323204444,node,Mexico,generator,Missing output tag,none,"tags: {'generator:method': 'wind_turbine', 'generator:source': 'wind', 'power': 'generator'}",2026-07-01 02:06:25.242416,https://www.openstreetmap.org/node/7323204444,23.3506321,-98.8584908
node/7323204445,7323204445,node,Mexico,generator,Missing output tag,none,"tags: {'generator:method': 'wind_turbine', 'generator:source': 'wind', 'power': 'generator'}",2026-07-01 02:06:25.242452,https://www.openstreetmap.org/node/7323204445,23.3557541,-98.862439
node/7323204443,7323204443,node,Mexico,generator,Missing output tag,none,"tags: {'generator:method': 'wind_turbine', 'generator:source': 'wind', 'power': 'generator'}",2026-07-01 02:06:25.242499,https://www.openstreetmap.org/node/7323204443,23.3504197,-98.8557789
node/7323204432,7323204432,node,Mexico,generator,Missing output tag,none,"tags: {'generator:method': 'wind_turbine', 'generator:source': 'wind', 'power': 'generator'}",2026-07-01 02:06:25.242536,https://www.openstreetmap.org/node/7323204432,23.3305758,-98.838183
node/7323204433,7323204433,node,Mexico,generator,Missing output tag,none,"tags: {'generator:method': 'wind_turbine', 'generator:source': 'wind', 'power': 'generator'}",2026-07-01 02:06:25.242572,https://www.openstreetmap.org/node/7323204433,23.3297447,-98.8407211
node/7323204430,7323204430,node,Mexico,generator,Missing output tag,none,"tags: {'generator:method': 'wind_turbine', 'generator:source': 'wind', 'power': 'generator'}",2026-07-01 02:06:25.242608,https://www.openstreetmap.org/node/7323204430,23.3333333,-98.8337733
node/7323204431,7323204431,node,Mexico,generator,Missing output tag,none,"tags: {'generator:method': 'wind_turbine', 'generator:source': 'wind', 'power': 'generator'}",2026-07-01 02:06:25.242644,https://www.openstreetmap.org/node/7323204431,23.3317598,-98.8359003
node/7323204428,7323204428,node,Mexico,generator,Missing output tag,none,"tags: {'generator:method': 'wind_turbine', 'generator:source': 'wind', 'power': 'generator'}",2026-07-01 02:06:25.242680,https://www.openstreetmap.org/node/7323204428,23.3368612,-98.829926
node/7323204429,7323204429,node,Mexico,generator,Missing output tag,none,"tags: {'generator:method': 'wind_turbine', 'generator:source': 'wind', 'power': 'generator'}",2026-07-01 02:06:25.242716,https://www.openstreetmap.org/node/7323204429,23.3353728,-98.8321118
node/7323147084,7323147084,node,Mexico,generator,Missing output tag,none,"tags: {'generator:method': 'wind_turbine', 'generator:source': 'wind', 'power': 'generator'}",2026-07-01 02:06:25.242752,https://www.openstreetmap.org/node/7323147084,23.3362159,-98.9104124
node/7323204426,7323204426,node,Mexico,generator,Missing output tag,none,"tags: {'generator:method': 'wind_turbine', 'generator:source': 'wind', 'power': 'generator'}",2026-07-01 02:06:25.242788,https://www.openstreetmap.org/node/7323204426,23.3381712,-98.8248113
node/7323147083,7323147083,node,Mexico,generator,Missing output tag,none,"tags: {'generator:method': 'wind_turbine', 'generator:source': 'wind', 'power': 'generator'}",2026-07-01 02:06:25.242826,https://www.openstreetmap.org/node/7323147083,23.3388559,-98.9128649
node/7323147082,7323147082,node,Mexico,generator,Missing output tag,none,"tags: {'generator:method': 'wind_turbine', 'generator:source': 'wind', 'power': 'generator'}",2026-07-01 02:06:25.242862,https://www.openstreetmap.org/node/7323147082,23.3404153,-98.9150139
node/7323204427,7323204427,node,Mexico,generator,Missing output tag,none,"tags: {'generator:method': 'wind_turbine', 'generator:source': 'wind', 'power': 'generator'}",2026-07-01 02:06:25.242898,https://www.openstreetmap.org/node/7323204427,23.3373846,-98.8273435
node/7323204424,7323204424,node,Mexico,generator,Missing output tag,none,"tags: {'generator:method': 'wind_turbine', 'generator:source': 'wind', 'power': 'generator'}",2026-07-01 02:06:25.242933,https://www.openstreetmap.org/node/7323204424,23.3405449,-98.8201373
node/7323147081,7323147081,node,Mexico,generator,Missing output tag,none,"tags: {'generator:method': 'wind_turbine', 'generator:source': 'wind', 'power': 'generator'}",2026-07-01 02:06:25.242969,https://www.openstreetmap.org/node/7323147081,23.3418928,-98.9173083
node/7323147080,7323147080,node,Mexico,generator,Missing output tag,none,"tags: {'generator:method': 'wind_turbine', 'generator:source': 'wind', 'power': 'generator'}",2026-07-01 02:06:25.243006,https://www.openstreetmap.org/node/7323147080,23.3433218,-98.9195301
node/7323204425,7323204425,node,Mexico,generator,Missing output tag,none,"tags: {'generator:method': 'wind_turbine', 'generator:source': 'wind', 'power': 'generator'}",2026-07-01 02:06:25.243042,https://www.openstreetmap.org/node/7323204425,23.3389862,-98.822257
node/7323204422,7323204422,node,Mexico,generator,Missing output tag,none,"tags: {'generator:method': 'wind_turbine', 'generator:source': 'wind', 'power': 'generator'}",2026-07-01 02:06:25.243077,https://www.openstreetmap.org/node/7323204422,23.3437908,-98.8161949
node/7323147079,7323147079,node,Mexico,generator,Missing output tag,none,"tags: {'generator:method': 'wind_turbine', 'generator:source': 'wind', 'power': 'generator'}",2026-07-01 02:06:25.243114,https://www.openstreetmap.org/node/7323147079,23.3444234,-98.9218552
node/7323204423,7323204423,node,Mexico,generator,Missing output tag,none,"tags: {'generator:method': 'wind_turbine', 'generator:source': 'wind', 'power': 'generator'}",2026-07-01 02:06:25.243150,https://www.openstreetmap.org/node/7323204423,23.3423,-98.8182702
node/7323147078,7323147078,node,Mexico,generator,Missing output tag,none,"tags: {'generator:method': 'wind_turbine', 'generator:source': 'wind', 'power': 'generator'}",2026-07-01 02:06:25.243186,https://www.openstreetmap.org/node/7323147078,23.345313,-98.9245375
node/7323204420,7323204420,node,Mexico,generator,Missing output tag,none,"tags: {'generator:method': 'wind_turbine', 'generator:source': 'wind', 'power': 'generator'}",2026-07-01 02:06:25.243223,https://www.openstreetmap.org/node/7323204420,23.3279106,-98.8114597
node/7323147077,7323147077,node,Mexico,generator,Missing output tag,none,"tags: {'generator:method': 'wind_turbine', 'generator:source': 'wind', 'power': 'generator'}",2026-07-01 02:06:25.243260,https://www.openstreetmap.org/node/7323147077,23.3460925,-98.9269909
node/7323204421,7323204421,node,Mexico,generator,Missing output tag,none,"tags: {'generator:method': 'wind_turbine', 'generator:source': 'wind', 'power': 'generator'}",2026-07-01 02:06:25.243296,https://www.openstreetmap.org/node/7323204421,23.3442974,-98.8135498
node/7323147076,7323147076,node,Mexico,generator,Missing output tag,none,"tags: {'generator:method': 'wind_turbine', 'generator:source': 'wind', 'power': 'generator'}",2026-07-01 02:06:25.243333,https://www.openstreetmap.org/node/7323147076,23.3478025,-98.9286245
node/7323204418,7323204418,node,Mexico,generator,Missing output tag,none,"tags: {'generator:method': 'wind_turbine', 'generator:source': 'wind', 'power': 'generator'}",2026-07-01 02:06:25.243369,https://www.openstreetmap.org/node/7323204418,23.3279631,-98.8139283
node/7323147075,7323147075,node,Mexico,generator,Missing output tag,none,"tags: {'generator:method': 'wind_turbine', 'generator:source': 'wind', 'power': 'generator'}",2026-07-01 02:06:25.243406,https://www.openstreetmap.org/node/7323147075,23.3484108,-98.9313707
node/7323204419,7323204419,node,Mexico,generator,Missing output tag,none,"tags: {'generator:method': 'wind_turbine', 'generator:source': 'wind', 'power': 'generator'}",2026-07-01 02:06:25.243443,https://www.openstreetmap.org/node/7323204419,23.3287993,-98.8090501
node/7323147074,7323147074,node,Mexico,generator,Missing output tag,none,"tags: {'generator:method': 'wind_turbine', 'generator:source': 'wind', 'power': 'generator'}",2026-07-01 02:06:25.243490,https://www.openstreetmap.org/node/7323147074,23.3532347,-98.9196692
node/7323204416,7323204416,node,Mexico,generator,Missing output tag,none,"tags: {'generator:method': 'wind_turbine', 'generator:source': 'wind', 'power': 'generator'}",2026-07-01 02:06:25.243528,https://www.openstreetmap.org/node/7323204416,23.3213974,-98.8182166
node/7323147073,7323147073,node,Mexico,generator,Missing output tag,none,"tags: {'generator:method': 'wind_turbine', 'generator:source': 'wind', 'power': 'generator'}",2026-07-01 02:06:25.243565,https://www.openstreetmap.org/node/7323147073,23.3532239,-98.9170584
node/7323147072,7323147072,node,Mexico,generator,Missing output tag,none,"tags: {'generator:method': 'wind_turbine', 'generator:source': 'wind', 'power': 'generator'}",2026-07-01 02:06:25.243602,https://www.openstreetmap.org/node/7323147072,23.3533334,-98.9144101
node/7323204417,7323204417,node,Mexico,generator,Missing output tag,none,"tags: {'generator:method': 'wind_turbine', 'generator:source': 'wind', 'power': 'generator'}",2026-07-01 02:06:25.243638,https://www.openstreetmap.org/node/7323204417,23.3263689,-98.8160963
node/7323204414,7323204414,node,Mexico,generator,Missing output tag,none,"tags: {'generator:method': 'wind_turbine', 'generator:source': 'wind', 'power': 'generator'}",2026-07-01 02:06:25.243674,https://www.openstreetmap.org/node/7323204414,23.318886,-98.8230277
node/7323147071,7323147071,node,Mexico,generator,Missing output tag,none,"tags: {'generator:method': 'wind_turbine', 'generator:source': 'wind', 'power': 'generator'}",2026-07-01 02:06:25.243711,https://www.openstreetmap.org/node/7323147071,23.3537466,-98.9117267
node/7323204415,7323204415,node,Mexico,generator,Missing output tag,none,"tags: {'generator:method': 'wind_turbine', 'generator:source': 'wind', 'power': 'generator'}",2026-07-01 02:06:25.243747,https://www.openstreetmap.org/node/7323204415,23.3193356,-98.8203424
node/7323204412,7323204412,node,Mexico,generator,Missing output tag,none,"tags: {'generator:method': 'wind_turbine', 'generator:source': 'wind', 'power': 'generator'}",2026-07-01 02:06:25.243785,https://www.openstreetmap.org/node/7323204412,23.3193707,-98.8282799
node/7323204413,7323204413,node,Mexico,generator,Missing output tag,none,"tags: {'generator:method': 'wind_turbine', 'generator:source': 'wind', 'power': 'generator'}",2026-07-01 02:06:25.243822,https://www.openstreetmap.org/node/7323204413,23.3192968,-98.8256541
node/7323204410,7323204410,node,Mexico,generator,Missing output tag,none,"tags: {'generator:method': 'wind_turbine', 'generator:source': 'wind', 'power': 'generator'}",2026-07-01 02:06:25.243858,https://www.openstreetmap.org/node/7323204410,23.3182202,-98.8334607
node/7323204411,7323204411,node,Mexico,generator,Missing output tag,none,"tags: {'generator:method': 'wind_turbine', 'generator:source': 'wind', 'power': 'generator'}",2026-07-01 02:06:25.243895,https://www.openstreetmap.org/node/7323204411,23.3190369,-98.8309159
node/7323204408,7323204408,node,Mexico,generator,Missing output tag,none,"tags: {'generator:method': 'wind_turbine', 'generator:source': 'wind', 'power': 'generator'}",2026-07-01 02:06:25.243931,https://www.openstreetmap.org/node/7323204408,23.3179242,-98.8387818
node/7323204409,7323204409,node,Mexico,generator,Missing output tag,none,"tags: {'generator:method': 'wind_turbine', 'generator:source': 'wind', 'power': 'generator'}",2026-07-01 02:06:25.243968,https://www.openstreetmap.org/node/7323204409,23.3173939,-98.8359866
node/7323204406,7323204406,node,Mexico,generator,Missing output tag,none,"tags: {'generator:method': 'wind_turbine', 'generator:source': 'wind', 'power': 'generator'}",2026-07-01 02:06:25.244005,https://www.openstreetmap.org/node/7323204406,23.3183664,-98.8440439
node/7323204407,7323204407,node,Mexico,generator,Missing output tag,none,"tags: {'generator:method': 'wind_turbine', 'generator:source': 'wind', 'power': 'generator'}",2026-07-01 02:06:25.244041,https://www.openstreetmap.org/node/7323204407,23.3186268,-98.8413546
node/7323204404,7323204404,node,Mexico,generator,Missing output tag,none,"tags: {'generator:method': 'wind_turbine', 'generator:source': 'wind', 'power': 'generator'}",2026-07-01 02:06:25.244078,https://www.openstreetmap.org/node/7323204404,23.3165932,-98.8491393
node/7323204405,7323204405,node,Mexico,generator,Missing output tag,none,"tags: {'generator:method': 'wind_turbine', 'generator:source': 'wind', 'power': 'generator'}",2026-07-01 02:06:25.244115,https://www.openstreetmap.org/node/7323204405,23.3174615,-98.8465804
node/7323204402,7323204402,node,Mexico,generator,Missing output tag,none,"tags: {'generator:method': 'wind_turbine', 'generator:source': 'wind', 'power': 'generator'}",2026-07-01 02:06:25.244151,https://www.openstreetmap.org/node/7323204402,23.320808,-98.8544624
node/7323204403,7323204403,node,Mexico,generator,Missing output tag,none,"tags: {'generator:method': 'wind_turbine', 'generator:source': 'wind', 'power': 'generator'}",2026-07-01 02:06:25.244188,https://www.openstreetmap.org/node/7323204403,23.3190271,-98.8518248
node/7323204400,7323204400,node,Mexico,generator,Missing output tag,none,"tags: {'generator:method': 'wind_turbine', 'generator:source': 'wind', 'power': 'generator'}",2026-07-01 02:06:25.244225,https://www.openstreetmap.org/node/7323204400,23.3210136,-98.8599221
node/7323204401,7323204401,node,Mexico,generator,Missing output tag,none,"tags: {'generator:method': 'wind_turbine', 'generator:source': 'wind', 'power': 'generator'}",2026-07-01 02:06:25.244262,https://www.openstreetmap.org/node/7323204401,23.3210167,-98.8571546
node/7323204398,7323204398,node,Mexico,generator,Missing output tag,none,"tags: {'generator:method': 'wind_turbine', 'generator:source': 'wind', 'power': 'generator'}",2026-07-01 02:06:25.244299,https://www.openstreetmap.org/node/7323204398,23.3209462,-98.8653513
node/7323204399,7323204399,node,Mexico,generator,Missing output tag,none,"tags: {'generator:method': 'wind_turbine', 'generator:source': 'wind', 'power': 'generator'}",2026-07-01 02:06:25.244335,https://www.openstreetmap.org/node/7323204399,23.3211944,-98.8626324
node/7323204396,7323204396,node,Mexico,generator,Missing output tag,none,"tags: {'generator:method': 'wind_turbine', 'generator:source': 'wind', 'power': 'generator'}",2026-07-01 02:06:25.244372,https://www.openstreetmap.org/node/7323204396,23.3217091,-98.870734
node/7323204397,7323204397,node,Mexico,generator,Missing output tag,none,"tags: {'generator:method': 'wind_turbine', 'generator:source': 'wind', 'power': 'generator'}",2026-07-01 02:06:25.244409,https://www.openstreetmap.org/node/7323204397,23.3205055,-98.8679613
node/7323204394,7323204394,node,Mexico,generator,Missing output tag,none,"tags: {'generator:method': 'wind_turbine', 'generator:source': 'wind', 'power': 'generator'}",2026-07-01 02:06:25.244446,https://www.openstreetmap.org/node/7323204394,23.3239263,-98.8763285
node/7323204395,7323204395,node,Mexico,generator,Missing output tag,none,"tags: {'generator:method': 'wind_turbine', 'generator:source': 'wind', 'power': 'generator'}",2026-07-01 02:06:25.244492,https://www.openstreetmap.org/node/7323204395,23.3228945,-98.873135
node/7323204392,7323204392,node,Mexico,generator,Missing output tag,none,"tags: {'generator:method': 'wind_turbine', 'generator:source': 'wind', 'power': 'generator'}",2026-07-01 02:06:25.244530,https://www.openstreetmap.org/node/7323204392,23.3275251,-98.8894399
node/7323204393,7323204393,node,Mexico,generator,Missing output tag,none,"tags: {'generator:method': 'wind_turbine', 'generator:source': 'wind', 'power': 'generator'}",2026-07-01 02:06:25.244567,https://www.openstreetmap.org/node/7323204393,23.3255709,-98.8791213
node/7323204390,7323204390,node,Mexico,generator,Missing output tag,none,"tags: {'generator:method': 'wind_turbine', 'generator:source': 'wind', 'power': 'generator'}",2026-07-01 02:06:25.244604,https://www.openstreetmap.org/node/7323204390,23.3276482,-98.8949148
node/7323204391,7323204391,node,Mexico,generator,Missing output tag,none,"tags: {'generator:method': 'wind_turbine', 'generator:source': 'wind', 'power': 'generator'}",2026-07-01 02:06:25.244641,https://www.openstreetmap.org/node/7323204391,23.3277104,-98.8920651
node/7323204388,7323204388,node,Mexico,generator,Missing output tag,none,"tags: {'generator:method': 'wind_turbine', 'generator:source': 'wind', 'power': 'generator'}",2026-07-01 02:06:25.244678,https://www.openstreetmap.org/node/7323204388,23.3305801,-98.9009449
node/7323204389,7323204389,node,Mexico,generator,Missing output tag,none,"tags: {'generator:method': 'wind_turbine', 'generator:source': 'wind', 'power': 'generator'}",2026-07-01 02:06:25.244715,https://www.openstreetmap.org/node/7323204389,23.3287426,-98.8980169
node/7323204386,7323204386,node,Mexico,generator,Missing output tag,none,"tags: {'generator:method': 'wind_turbine', 'generator:source': 'wind', 'power': 'generator'}",2026-07-01 02:06:25.244752,https://www.openstreetmap.org/node/7323204386,23.3344179,-98.9054616
node/7323204387,7323204387,node,Mexico,generator,Missing output tag,none,"tags: {'generator:method': 'wind_turbine', 'generator:source': 'wind', 'power': 'generator'}",2026-07-01 02:06:25.244790,https://www.openstreetmap.org/node/7323204387,23.333008,-98.9033217
node/7323204385,7323204385,node,Mexico,generator,Missing output tag,none,"tags: {'generator:method': 'wind_turbine', 'generator:source': 'wind', 'power': 'generator'}",2026-07-01 02:06:25.244827,https://www.openstreetmap.org/node/7323204385,23.3354881,-98.907897
node/7323204439,7323204439,node,Mexico,generator,Missing output tag,none,"tags: {'generator:method': 'wind_turbine', 'generator:source': 'wind', 'power': 'generator'}",2026-07-01 02:06:25.244864,https://www.openstreetmap.org/node/7323204439,23.3645076,-98.8423721
node/7323204442,7323204442,node,Mexico,generator,Missing output tag,none,"tags: {'generator:method': 'wind_turbine', 'generator:source': 'wind', 'power': 'generator'}",2026-07-01 02:06:25.244902,https://www.openstreetmap.org/node/7323204442,23.3515993,-98.8534136
node/7323204437,7323204437,node,Mexico,generator,Missing output tag,none,"tags: {'generator:method': 'wind_turbine', 'generator:source': 'wind', 'power': 'generator'}",2026-07-01 02:06:25.244939,https://www.openstreetmap.org/node/7323204437,23.3654717,-98.8476453
node/7323204440,7323204440,node,Mexico,generator,Missing output tag,none,"tags: {'generator:method': 'wind_turbine', 'generator:source': 'wind', 'power': 'generator'}",2026-07-01 02:06:25.244976,https://www.openstreetmap.org/node/7323204440,23.36498,-98.8397463
node/7323204441,7323204441,node,Mexico,generator,Missing output tag,none,"tags: {'generator:method': 'wind_turbine', 'generator:source': 'wind', 'power': 'generator'}",2026-07-01 02:06:25.245013,https://www.openstreetmap.org/node/7323204441,23.3658715,-98.8372236
node/7323204438,7323204438,node,Mexico,generator,Missing output tag,none,"tags: {'generator:method': 'wind_turbine', 'generator:source': 'wind', 'power': 'generator'}",2026-07-01 02:06:25.245050,https://www.openstreetmap.org/node/7323204438,23.3647425,-98.8450561
node/10713413114,10713413114,node,Mexico,generator,Missing output tag,none,"tags: {'generator:method': 'wind_turbine', 'generator:source': 'wind', 'power': 'generator'}",2026-07-01 02:06:25.245087,https://www.openstreetmap.org/node/10713413114,23.327639,-98.886768
node/10713413113,10713413113,node,Mexico,generator,Missing output tag,none,"tags: {'generator:method': 'wind_turbine', 'generator:source': 'wind', 'power': 'generator'}",2026-07-01 02:06:25.245125,https://www.openstreetmap.org/node/10713413113,23.3265989,-98.884339
node/10713413112,10713413112,node,Mexico,generator,Missing output tag,none,"tags: {'generator:method': 'wind_turbine', 'generator:source': 'wind', 'power': 'generator'}",2026-07-01 02:06:25.245162,https://www.openstreetmap.org/node/10713413112,23.3263243,-98.8817083
node/7494563188,7494563188,node,Mexico,generator,Capacity placeholder value,yes,Tag 'generator:output:electricity' contains placeholder value 'yes' instead of actual capacity,2026-07-01 02:06:25.261028,https://www.openstreetmap.org/node/7494563188,21.3673154,-88.9143258
node/7494563189,7494563189,node,Mexico,generator,Capacity placeholder value,yes,Tag 'generator:output:electricity' contains placeholder value 'yes' instead of actual capacity,2026-07-01 02:06:25.261048,https://www.openstreetmap.org/node/7494563189,21.3618171,-88.9096647
node/7494563190,7494563190,node,Mexico,generator,Capacity placeholder value,yes,Tag 'generator:output:electricity' contains placeholder value 'yes' instead of actual capacity,2026-07-01 02:06:25.261063,https://www.openstreetmap.org/node/7494563190,21.3600895,-88.9151733
node/7494563191,7494563191,node,Mexico,generator,Capacity placeholder value,yes,Tag 'generator:output:electricity' contains placeholder value 'yes' instead of actual capacity,2026-07-01 02:06:25.261074,https://www.openstreetmap.org/node/7494563191,21.3535386,-88.9123955
node/7494563185,7494563185,node,Mexico,generator,Capacity placeholder value,yes,Tag 'generator:output:electricity' contains placeholder value 'yes' instead of actual capacity,2026-07-01 02:06:25.261085,https://www.openstreetmap.org/node/7494563185,21.3707449,-88.9005244
node/7494563186,7494563186,node,Mexico,generator,Capacity placeholder value,yes,Tag 'generator:output:electricity' contains placeholder value 'yes' instead of actual capacity,2026-07-01 02:06:25.261096,https://www.openstreetmap.org/node/7494563186,21.3706003,-88.9051962
node/7494563187,7494563187,node,Mexico,generator,Capacity placeholder value,yes,Tag 'generator:output:electricity' contains placeholder value 'yes' instead of actual capacity,2026-07-01 02:06:25.261106,https://www.openstreetmap.org/node/7494563187,21.371254,-88.9143036
node/7494563196,7494563196,node,Mexico,generator,Capacity placeholder value,yes,Tag 'generator:output:electricity' contains placeholder value 'yes' instead of actual capacity,2026-07-01 02:06:25.261116,https://www.openstreetmap.org/node/7494563196,21.3605995,-88.9356142
node/7494563197,7494563197,node,Mexico,generator,Capacity placeholder value,yes,Tag 'generator:output:electricity' contains placeholder value 'yes' instead of actual capacity,2026-07-01 02:06:25.261126,https://www.openstreetmap.org/node/7494563197,21.3530453,-88.933952
node/7494563198,7494563198,node,Mexico,generator,Capacity placeholder value,yes,Tag 'generator:output:electricity' contains placeholder value 'yes' instead of actual capacity,2026-07-01 02:06:25.261136,https://www.openstreetmap.org/node/7494563198,21.3475861,-88.9339799
node/7494563199,7494563199,node,Mexico,generator,Capacity placeholder value,yes,Tag 'generator:output:electricity' contains placeholder value 'yes' instead of actual capacity,2026-07-01 02:06:25.261147,https://www.openstreetmap.org/node/7494563199,21.341178,-88.934518
node/7494563192,7494563192,node,Mexico,generator,Capacity placeholder value,yes,Tag 'generator:output:electricity' contains placeholder value 'yes' instead of actual capacity,2026-07-01 02:06:25.261159,https://www.openstreetmap.org/node/7494563192,21.3689436,-88.9249986
node/7494563193,7494563193,node,Mexico,generator,Capacity placeholder value,yes,Tag 'generator:output:electricity' contains placeholder value 'yes' instead of actual capacity,2026-07-01 02:06:25.261169,https://www.openstreetmap.org/node/7494563193,21.3694398,-88.9303269
node/7494563194,7494563194,node,Mexico,generator,Capacity placeholder value,yes,Tag 'generator:output:electricity' contains placeholder value 'yes' instead of actual capacity,2026-07-01 02:06:25.261180,https://www.openstreetmap.org/node/7494563194,21.3698673,-88.9367701
node/7494563195,7494563195,node,Mexico,generator,Capacity placeholder value,yes,Tag 'generator:output:electricity' contains placeholder value 'yes' instead of actual capacity,2026-07-01 02:06:25.261190,https://www.openstreetmap.org/node/7494563195,21.3663862,-88.9367373
node/7494493281,7494493281,node,Mexico,generator,Capacity placeholder value,yes,Tag 'generator:output:electricity' contains placeholder value 'yes' instead of actual capacity,2026-07-01 02:06:25.261213,https://www.openstreetmap.org/node/7494493281,21.3498044,-88.9028119
node/7494493282,7494493282,node,Mexico,generator,Capacity placeholder value,yes,Tag 'generator:output:electricity' contains placeholder value 'yes' instead of actual capacity,2026-07-01 02:06:25.261232,https://www.openstreetmap.org/node/7494493282,21.3544254,-88.9027021
node/7494563204,7494563204,node,Mexico,generator,Capacity placeholder value,yes,Tag 'generator:output:electricity' contains placeholder value 'yes' instead of actual capacity,2026-07-01 02:06:25.261242,https://www.openstreetmap.org/node/7494563204,21.3498164,-88.9128107
node/7494563205,7494563205,node,Mexico,generator,Capacity placeholder value,yes,Tag 'generator:output:electricity' contains placeholder value 'yes' instead of actual capacity,2026-07-01 02:06:25.261251,https://www.openstreetmap.org/node/7494563205,21.3578843,-88.9442536
node/7494563206,7494563206,node,Mexico,generator,Capacity placeholder value,yes,Tag 'generator:output:electricity' contains placeholder value 'yes' instead of actual capacity,2026-07-01 02:06:25.261262,https://www.openstreetmap.org/node/7494563206,21.3619735,-88.9444894
node/7494563207,7494563207,node,Mexico,generator,Capacity placeholder value,yes,Tag 'generator:output:electricity' contains placeholder value 'yes' instead of actual capacity,2026-07-01 02:06:25.261272,https://www.openstreetmap.org/node/7494563207,21.3659413,-88.9445545
node/7494563200,7494563200,node,Mexico,generator,Capacity placeholder value,yes,Tag 'generator:output:electricity' contains placeholder value 'yes' instead of actual capacity,2026-07-01 02:06:25.261282,https://www.openstreetmap.org/node/7494563200,21.3409866,-88.9296559
node/7494563201,7494563201,node,Mexico,generator,Capacity placeholder value,yes,Tag 'generator:output:electricity' contains placeholder value 'yes' instead of actual capacity,2026-07-01 02:06:25.261291,https://www.openstreetmap.org/node/7494563201,21.341042,-88.9258702
node/7494563202,7494563202,node,Mexico,generator,Capacity placeholder value,yes,Tag 'generator:output:electricity' contains placeholder value 'yes' instead of actual capacity,2026-07-01 02:06:25.261301,https://www.openstreetmap.org/node/7494563202,21.3406776,-88.9200851
node/7494563203,7494563203,node,Mexico,generator,Capacity placeholder value,yes,Tag 'generator:output:electricity' contains placeholder value 'yes' instead of actual capacity,2026-07-01 02:06:25.261311,https://www.openstreetmap.org/node/7494563203,21.3408914,-88.915347
node/7494563208,7494563208,node,Mexico,generator,Capacity placeholder value,yes,Tag 'generator:output:electricity' contains placeholder value 'yes' instead of actual capacity,2026-07-01 02:06:25.261320,https://www.openstreetmap.org/node/7494563208,21.3699545,-88.9451399
node/1132773261,1132773261,node,Mexico,generator,Capacity placeholder value,yes,Tag 'generator:output:electricity' contains placeholder value 'yes' instead of actual capacity,2026-07-01 02:06:25.312903,https://www.openstreetmap.org/node/1132773261,16.580068,-94.8168785
node/3482631554,3482631554,node,Mexico,generator,Capacity placeholder value,yes,Tag 'generator:output:electricity' contains placeholder value 'yes' instead of actual capacity,2026-07-01 02:06:25.312923,https://www.openstreetmap.org/node/3482631554,16.5804673,-94.8196464
node/1132773481,1132773481,node,Mexico,generator,Capacity placeholder value,yes,Tag 'generator:output:electricity' contains placeholder value 'yes' instead of actual capacity,2026-07-01 02:06:25.312935,https://www.openstreetmap.org/node/1132773481,16.5803894,-94.8190996
node/1132773342,1132773342,node,Mexico,generator,Capacity placeholder value,yes,Tag 'generator:output:electricity' contains placeholder value 'yes' instead of actual capacity,2026-07-01 02:06:25.312947,https://www.openstreetmap.org/node/1132773342,16.5802252,-94.8179925
node/1132773727,1132773727,node,Mexico,generator,Capacity placeholder value,yes,Tag 'generator:output:electricity' contains placeholder value 'yes' instead of actual capacity,2026-07-01 02:06:25.312958,https://www.openstreetmap.org/node/1132773727,16.5803172,-94.8185426
node/1132773684,1132773684,node,Mexico,generator,Capacity placeholder value,yes,Tag 'generator:output:electricity' contains placeholder value 'yes' instead of actual capacity,2026-07-01 02:06:25.312969,https://www.openstreetmap.org/node/1132773684,16.5801465,-94.8174248
node/1082032094,1082032094,node,Mexico,generator,Capacity placeholder value,yes,Tag 'generator:output:electricity' contains placeholder value 'yes' instead of actual capacity,2026-07-01 02:06:25.312979,https://www.openstreetmap.org/node/1082032094,16.5805459,-94.8202113
node/7459581345,7459581345,node,Mexico,generator,Capacity placeholder value,yes,Tag 'generator:output:electricity' contains placeholder value 'yes' instead of actual capacity,2026-07-01 02:06:25.345825,https://www.openstreetmap.org/node/7459581345,25.7683591,-98.3049718
node/7459581344,7459581344,node,Mexico,generator,Capacity placeholder value,yes,Tag 'generator:output:electricity' contains placeholder value 'yes' instead of actual capacity,2026-07-01 02:06:25.345846,https://www.openstreetmap.org/node/7459581344,25.7707078,-98.3015078
node/7459581347,7459581347,node,Mexico,generator,Capacity placeholder value,yes,Tag 'generator:output:electricity' contains placeholder value 'yes' instead of actual capacity,2026-07-01 02:06:25.345859,https://www.openstreetmap.org/node/7459581347,25.7630079,-98.3114599
node/7459581346,7459581346,node,Mexico,generator,Capacity placeholder value,yes,Tag 'generator:output:electricity' contains placeholder value 'yes' instead of actual capacity,2026-07-01 02:06:25.345872,https://www.openstreetmap.org/node/7459581346,25.765666,-98.308262
node/7459581349,7459581349,node,Mexico,generator,Capacity placeholder value,yes,Tag 'generator:output:electricity' contains placeholder value 'yes' instead of actual capacity,2026-07-01 02:06:25.345882,https://www.openstreetmap.org/node/7459581349,25.7576928,-98.3178718
node/7459581348,7459581348,node,Mexico,generator,Capacity placeholder value,yes,Tag 'generator:output:electricity' contains placeholder value 'yes' instead of actual capacity,2026-07-01 02:06:25.345894,https://www.openstreetmap.org/node/7459581348,25.7600871,-98.3144292
node/7459581351,7459581351,node,Mexico,generator,Capacity placeholder value,yes,Tag 'generator:output:electricity' contains placeholder value 'yes' instead of actual capacity,2026-07-01 02:06:25.345904,https://www.openstreetmap.org/node/7459581351,25.752973,-98.3249079
node/7459581350,7459581350,node,Mexico,generator,Capacity placeholder value,yes,Tag 'generator:output:electricity' contains placeholder value 'yes' instead of actual capacity,2026-07-01 02:06:25.345914,https://www.openstreetmap.org/node/7459581350,25.7554028,-98.321217
node/7459581352,7459581352,node,Mexico,generator,Capacity placeholder value,yes,Tag 'generator:output:electricity' contains placeholder value 'yes' instead of actual capacity,2026-07-01 02:06:25.345925,https://www.openstreetmap.org/node/7459581352,25.7505895,-98.328258
node/7459581359,7459581359,node,Mexico,generator,Capacity placeholder value,yes,Tag 'generator:output:electricity' contains placeholder value 'yes' instead of actual capacity,2026-07-01 02:06:25.345935,https://www.openstreetmap.org/node/7459581359,25.7773513,-98.3154528
node/7459581361,7459581361,node,Mexico,generator,Capacity placeholder value,yes,Tag 'generator:output:electricity' contains placeholder value 'yes' instead of actual capacity,2026-07-01 02:06:25.345945,https://www.openstreetmap.org/node/7459581361,25.7721485,-98.3224466
node/7459581360,7459581360,node,Mexico,generator,Capacity placeholder value,yes,Tag 'generator:output:electricity' contains placeholder value 'yes' instead of actual capacity,2026-07-01 02:06:25.345955,https://www.openstreetmap.org/node/7459581360,25.7746837,-98.3185689
node/7459581362,7459581362,node,Mexico,generator,Capacity placeholder value,yes,Tag 'generator:output:electricity' contains placeholder value 'yes' instead of actual capacity,2026-07-01 02:06:25.345965,https://www.openstreetmap.org/node/7459581362,25.7698456,-98.3268388
node/7459581239,7459581239,node,Mexico,generator,Capacity placeholder value,yes,Tag 'generator:output:electricity' contains placeholder value 'yes' instead of actual capacity,2026-07-01 02:06:25.345976,https://www.openstreetmap.org/node/7459581239,25.7571806,-98.2784408
node/7459581241,7459581241,node,Mexico,generator,Capacity placeholder value,yes,Tag 'generator:output:electricity' contains placeholder value 'yes' instead of actual capacity,2026-07-01 02:06:25.345986,https://www.openstreetmap.org/node/7459581241,25.7516769,-98.2843637
node/7459581240,7459581240,node,Mexico,generator,Capacity placeholder value,yes,Tag 'generator:output:electricity' contains placeholder value 'yes' instead of actual capacity,2026-07-01 02:06:25.345996,https://www.openstreetmap.org/node/7459581240,25.754391,-98.2814387
node/7459581243,7459581243,node,Mexico,generator,Capacity placeholder value,yes,Tag 'generator:output:electricity' contains placeholder value 'yes' instead of actual capacity,2026-07-01 02:06:25.346005,https://www.openstreetmap.org/node/7459581243,25.7463082,-98.2904383
node/7459581242,7459581242,node,Mexico,generator,Capacity placeholder value,yes,Tag 'generator:output:electricity' contains placeholder value 'yes' instead of actual capacity,2026-07-01 02:06:25.346016,https://www.openstreetmap.org/node/7459581242,25.748961,-98.2873711
node/7459581245,7459581245,node,Mexico,generator,Capacity placeholder value,yes,Tag 'generator:output:electricity' contains placeholder value 'yes' instead of actual capacity,2026-07-01 02:06:25.346026,https://www.openstreetmap.org/node/7459581245,25.7407023,-98.2962631
node/7459581244,7459581244,node,Mexico,generator,Capacity placeholder value,yes,Tag 'generator:output:electricity' contains placeholder value 'yes' instead of actual capacity,2026-07-01 02:06:25.346036,https://www.openstreetmap.org/node/7459581244,25.744179,-98.2939074
node/7459581247,7459581247,node,Mexico,generator,Capacity placeholder value,yes,Tag 'generator:output:electricity' contains placeholder value 'yes' instead of actual capacity,2026-07-01 02:06:25.346046,https://www.openstreetmap.org/node/7459581247,25.7352005,-98.3022602
node/7459581246,7459581246,node,Mexico,generator,Capacity placeholder value,yes,Tag 'generator:output:electricity' contains placeholder value 'yes' instead of actual capacity,2026-07-01 02:06:25.346055,https://www.openstreetmap.org/node/7459581246,25.7379445,-98.2992658
node/7459581281,7459581281,node,Mexico,generator,Capacity placeholder value,yes,Tag 'generator:output:electricity' contains placeholder value 'yes' instead of actual capacity,2026-07-01 02:06:25.346066,https://www.openstreetmap.org/node/7459581281,25.7606237,-98.2943048
node/7459581280,7459581280,node,Mexico,generator,Capacity placeholder value,yes,Tag 'generator:output:electricity' contains placeholder value 'yes' instead of actual capacity,2026-07-01 02:06:25.346076,https://www.openstreetmap.org/node/7459581280,25.7631908,-98.2911223
node/7459581283,7459581283,node,Mexico,generator,Capacity placeholder value,yes,Tag 'generator:output:electricity' contains placeholder value 'yes' instead of actual capacity,2026-07-01 02:06:25.346086,https://www.openstreetmap.org/node/7459581283,25.7544447,-98.300343
node/7459581282,7459581282,node,Mexico,generator,Capacity placeholder value,yes,Tag 'generator:output:electricity' contains placeholder value 'yes' instead of actual capacity,2026-07-01 02:06:25.346096,https://www.openstreetmap.org/node/7459581282,25.7574553,-98.297405
node/7459581285,7459581285,node,Mexico,generator,Capacity placeholder value,yes,Tag 'generator:output:electricity' contains placeholder value 'yes' instead of actual capacity,2026-07-01 02:06:25.346106,https://www.openstreetmap.org/node/7459581285,25.7492168,-98.3066494
node/7459581284,7459581284,node,Mexico,generator,Capacity placeholder value,yes,Tag 'generator:output:electricity' contains placeholder value 'yes' instead of actual capacity,2026-07-01 02:06:25.346117,https://www.openstreetmap.org/node/7459581284,25.7519313,-98.3036274
node/7459581287,7459581287,node,Mexico,generator,Capacity placeholder value,yes,Tag 'generator:output:electricity' contains placeholder value 'yes' instead of actual capacity,2026-07-01 02:06:25.346127,https://www.openstreetmap.org/node/7459581287,25.7439745,-98.3131422
node/7459581286,7459581286,node,Mexico,generator,Capacity placeholder value,yes,Tag 'generator:output:electricity' contains placeholder value 'yes' instead of actual capacity,2026-07-01 02:06:25.346137,https://www.openstreetmap.org/node/7459581286,25.7467022,-98.3100342
node/7459581289,7459581289,node,Mexico,generator,Capacity placeholder value,yes,Tag 'generator:output:electricity' contains placeholder value 'yes' instead of actual capacity,2026-07-01 02:06:25.346147,https://www.openstreetmap.org/node/7459581289,25.7384734,-98.3195267
node/7459581288,7459581288,node,Mexico,generator,Capacity placeholder value,yes,Tag 'generator:output:electricity' contains placeholder value 'yes' instead of actual capacity,2026-07-01 02:06:25.346156,https://www.openstreetmap.org/node/7459581288,25.7416314,-98.3167135
node/7459581291,7459581291,node,Mexico,generator,Capacity placeholder value,yes,Tag 'generator:output:electricity' contains placeholder value 'yes' instead of actual capacity,2026-07-01 02:06:25.346167,https://www.openstreetmap.org/node/7459581291,25.732463,-98.3256342
node/7459581290,7459581290,node,Mexico,generator,Capacity placeholder value,yes,Tag 'generator:output:electricity' contains placeholder value 'yes' instead of actual capacity,2026-07-01 02:06:25.346177,https://www.openstreetmap.org/node/7459581290,25.7355814,-98.3226184
node/7459581293,7459581293,node,Mexico,generator,Capacity placeholder value,yes,Tag 'generator:output:electricity' contains placeholder value 'yes' instead of actual capacity,2026-07-01 02:06:25.346188,https://www.openstreetmap.org/node/7459581293,25.7267394,-98.332005
node/7459581292,7459581292,node,Mexico,generator,Capacity placeholder value,yes,Tag 'generator:output:electricity' contains placeholder value 'yes' instead of actual capacity,2026-07-01 02:06:25.346198,https://www.openstreetmap.org/node/7459581292,25.7296548,-98.3287502
node/7459581295,7459581295,node,Mexico,generator,Capacity placeholder value,yes,Tag 'generator:output:electricity' contains placeholder value 'yes' instead of actual capacity,2026-07-01 02:06:25.346208,https://www.openstreetmap.org/node/7459581295,25.718802,-98.3371227
node/7459581294,7459581294,node,Mexico,generator,Capacity placeholder value,yes,Tag 'generator:output:electricity' contains placeholder value 'yes' instead of actual capacity,2026-07-01 02:06:25.346219,https://www.openstreetmap.org/node/7459581294,25.7224355,-98.3345399
node/7459581297,7459581297,node,Mexico,generator,Capacity placeholder value,yes,Tag 'generator:output:electricity' contains placeholder value 'yes' instead of actual capacity,2026-07-01 02:06:25.346229,https://www.openstreetmap.org/node/7459581297,25.7203981,-98.3515685
node/7459581296,7459581296,node,Mexico,generator,Capacity placeholder value,yes,Tag 'generator:output:electricity' contains placeholder value 'yes' instead of actual capacity,2026-07-01 02:06:25.346239,https://www.openstreetmap.org/node/7459581296,25.7198313,-98.3462481
node/7459581299,7459581299,node,Mexico,generator,Capacity placeholder value,yes,Tag 'generator:output:electricity' contains placeholder value 'yes' instead of actual capacity,2026-07-01 02:06:25.346249,https://www.openstreetmap.org/node/7459581299,25.7213453,-98.3618897
node/7459581298,7459581298,node,Mexico,generator,Capacity placeholder value,yes,Tag 'generator:output:electricity' contains placeholder value 'yes' instead of actual capacity,2026-07-01 02:06:25.346259,https://www.openstreetmap.org/node/7459581298,25.721384,-98.3569759
node/7459581301,7459581301,node,Mexico,generator,Capacity placeholder value,yes,Tag 'generator:output:electricity' contains placeholder value 'yes' instead of actual capacity,2026-07-01 02:06:25.346269,https://www.openstreetmap.org/node/7459581301,25.7231431,-98.3729618
node/7459581300,7459581300,node,Mexico,generator,Capacity placeholder value,yes,Tag 'generator:output:electricity' contains placeholder value 'yes' instead of actual capacity,2026-07-01 02:06:25.346279,https://www.openstreetmap.org/node/7459581300,25.722283,-98.3672759
node/7459581303,7459581303,node,Mexico,generator,Capacity placeholder value,yes,Tag 'generator:output:electricity' contains placeholder value 'yes' instead of actual capacity,2026-07-01 02:06:25.346289,https://www.openstreetmap.org/node/7459581303,25.7117347,-98.3386615
node/7459581302,7459581302,node,Mexico,generator,Capacity placeholder value,yes,Tag 'generator:output:electricity' contains placeholder value 'yes' instead of actual capacity,2026-07-01 02:06:25.346298,https://www.openstreetmap.org/node/7459581302,25.7236482,-98.378894
node/7459581305,7459581305,node,Mexico,generator,Capacity placeholder value,yes,Tag 'generator:output:electricity' contains placeholder value 'yes' instead of actual capacity,2026-07-01 02:06:25.346309,https://www.openstreetmap.org/node/7459581305,25.7029278,-98.3426842
node/7459581304,7459581304,node,Mexico,generator,Capacity placeholder value,yes,Tag 'generator:output:electricity' contains placeholder value 'yes' instead of actual capacity,2026-07-01 02:06:25.346319,https://www.openstreetmap.org/node/7459581304,25.7076181,-98.3406387
node/7459581307,7459581307,node,Mexico,generator,Capacity placeholder value,yes,Tag 'generator:output:electricity' contains placeholder value 'yes' instead of actual capacity,2026-07-01 02:06:25.346329,https://www.openstreetmap.org/node/7459581307,25.6993267,-98.3509488
node/7459581306,7459581306,node,Mexico,generator,Capacity placeholder value,yes,Tag 'generator:output:electricity' contains placeholder value 'yes' instead of actual capacity,2026-07-01 02:06:25.346339,https://www.openstreetmap.org/node/7459581306,25.6993014,-98.3459035
node/7459581309,7459581309,node,Mexico,generator,Capacity placeholder value,yes,Tag 'generator:output:electricity' contains placeholder value 'yes' instead of actual capacity,2026-07-01 02:06:25.346349,https://www.openstreetmap.org/node/7459581309,25.6999702,-98.360228
node/7459581308,7459581308,node,Mexico,generator,Capacity placeholder value,yes,Tag 'generator:output:electricity' contains placeholder value 'yes' instead of actual capacity,2026-07-01 02:06:25.346360,https://www.openstreetmap.org/node/7459581308,25.6993052,-98.3554223
node/7459581310,7459581310,node,Mexico,generator,Capacity placeholder value,yes,Tag 'generator:output:electricity' contains placeholder value 'yes' instead of actual capacity,2026-07-01 02:06:25.346370,https://www.openstreetmap.org/node/7459581310,25.6990314,-98.3655542
node/7459581249,7459581249,node,Mexico,generator,Capacity placeholder value,yes,Tag 'generator:output:electricity' contains placeholder value 'yes' instead of actual capacity,2026-07-01 02:06:25.346380,https://www.openstreetmap.org/node/7459581249,25.7297254,-98.3083075
node/7459581248,7459581248,node,Mexico,generator,Capacity placeholder value,yes,Tag 'generator:output:electricity' contains placeholder value 'yes' instead of actual capacity,2026-07-01 02:06:25.346391,https://www.openstreetmap.org/node/7459581248,25.7324658,-98.305309
node/7459581251,7459581251,node,Mexico,generator,Capacity placeholder value,yes,Tag 'generator:output:electricity' contains placeholder value 'yes' instead of actual capacity,2026-07-01 02:06:25.346401,https://www.openstreetmap.org/node/7459581251,25.7242356,-98.3142596
node/7459581250,7459581250,node,Mexico,generator,Capacity placeholder value,yes,Tag 'generator:output:electricity' contains placeholder value 'yes' instead of actual capacity,2026-07-01 02:06:25.346411,https://www.openstreetmap.org/node/7459581250,25.7269694,-98.3113253
node/7459581252,7459581252,node,Mexico,generator,Capacity placeholder value,yes,Tag 'generator:output:electricity' contains placeholder value 'yes' instead of actual capacity,2026-07-01 02:06:25.346422,https://www.openstreetmap.org/node/7459581252,25.721542,-98.317382
node/7459581257,7459581257,node,Mexico,generator,Capacity placeholder value,yes,Tag 'generator:output:electricity' contains placeholder value 'yes' instead of actual capacity,2026-07-01 02:06:25.346433,https://www.openstreetmap.org/node/7459581257,25.715938,-98.3232773
node/7459581256,7459581256,node,Mexico,generator,Capacity placeholder value,yes,Tag 'generator:output:electricity' contains placeholder value 'yes' instead of actual capacity,2026-07-01 02:06:25.346443,https://www.openstreetmap.org/node/7459581256,25.7187021,-98.320272
node/7459581259,7459581259,node,Mexico,generator,Capacity placeholder value,yes,Tag 'generator:output:electricity' contains placeholder value 'yes' instead of actual capacity,2026-07-01 02:06:25.346453,https://www.openstreetmap.org/node/7459581259,25.7106406,-98.3293375
node/7459581258,7459581258,node,Mexico,generator,Capacity placeholder value,yes,Tag 'generator:output:electricity' contains placeholder value 'yes' instead of actual capacity,2026-07-01 02:06:25.346475,https://www.openstreetmap.org/node/7459581258,25.713196,-98.3262622
node/11214545129,11214545129,node,Mexico,generator,Capacity placeholder value,yes,Tag 'generator:output:electricity' contains placeholder value 'yes' instead of actual capacity,2026-07-01 02:06:25.346485,https://www.openstreetmap.org/node/11214545129,25.7810249,-98.324225
node/10601402824,10601402824,node,Mexico,generator,Capacity placeholder value,yes,Tag 'generator:output:electricity' contains placeholder value 'yes' instead of actual capacity,2026-07-01 02:06:25.346495,https://www.openstreetmap.org/node/10601402824,25.6082178,-98.3920848
node/10601402823,10601402823,node,Mexico,generator,Capacity placeholder value,yes,Tag 'generator:output:electricity' contains placeholder value 'yes' instead of actual capacity,2026-07-01 02:06:25.346506,https://www.openstreetmap.org/node/10601402823,25.6108759,-98.3869001
node/10601402849,10601402849,node,Mexico,generator,Capacity placeholder value,yes,Tag 'generator:output:electricity' contains placeholder value 'yes' instead of actual capacity,2026-07-01 02:06:25.346516,https://www.openstreetmap.org/node/10601402849,25.5974224,-98.4512651
node/10601402844,10601402844,node,Mexico,generator,Capacity placeholder value,yes,Tag 'generator:output:electricity' contains placeholder value 'yes' instead of actual capacity,2026-07-01 02:06:25.346526,https://www.openstreetmap.org/node/10601402844,25.6027489,-98.4694558
node/10601402835,10601402835,node,Mexico,generator,Capacity placeholder value,yes,Tag 'generator:output:electricity' contains placeholder value 'yes' instead of actual capacity,2026-07-01 02:06:25.346536,https://www.openstreetmap.org/node/10601402835,25.5960823,-98.4392273
node/10601402830,10601402830,node,Mexico,generator,Capacity placeholder value,yes,Tag 'generator:output:electricity' contains placeholder value 'yes' instead of actual capacity,2026-07-01 02:06:25.346546,https://www.openstreetmap.org/node/10601402830,25.5933101,-98.4137625
node/10601402813,10601402813,node,Mexico,generator,Capacity placeholder value,yes,Tag 'generator:output:electricity' contains placeholder value 'yes' instead of actual capacity,2026-07-01 02:06:25.346556,https://www.openstreetmap.org/node/10601402813,25.6246906,-98.4033474
node/10601402856,10601402856,node,Mexico,generator,Capacity placeholder value,yes,Tag 'generator:output:electricity' contains placeholder value 'yes' instead of actual capacity,2026-07-01 02:06:25.346566,https://www.openstreetmap.org/node/10601402856,25.6346299,-98.4154978
node/10601402855,10601402855,node,Mexico,generator,Capacity placeholder value,yes,Tag 'generator:output:electricity' contains placeholder value 'yes' instead of actual capacity,2026-07-01 02:06:25.346576,https://www.openstreetmap.org/node/10601402855,25.6343639,-98.4078401
node/10601402825,10601402825,node,Mexico,generator,Capacity placeholder value,yes,Tag 'generator:output:electricity' contains placeholder value 'yes' instead of actual capacity,2026-07-01 02:06:25.346586,https://www.openstreetmap.org/node/10601402825,25.6052935,-98.3954966
node/10601402845,10601402845,node,Mexico,generator,Capacity placeholder value,yes,Tag 'generator:output:electricity' contains placeholder value 'yes' instead of actual capacity,2026-07-01 02:06:25.346596,https://www.openstreetmap.org/node/10601402845,25.5937359,-98.468855
node/10601402832,10601402832,node,Mexico,generator,Capacity placeholder value,yes,Tag 'generator:output:electricity' contains placeholder value 'yes' instead of actual capacity,2026-07-01 02:06:25.346606,https://www.openstreetmap.org/node/10601402832,25.6030923,-98.4291315
node/10601402831,10601402831,node,Mexico,generator,Capacity placeholder value,yes,Tag 'generator:output:electricity' contains placeholder value 'yes' instead of actual capacity,2026-07-01 02:06:25.346616,https://www.openstreetmap.org/node/10601402831,25.5934408,-98.4184349
node/10601402810,10601402810,node,Mexico,generator,Capacity placeholder value,yes,Tag 'generator:output:electricity' contains placeholder value 'yes' instead of actual capacity,2026-07-01 02:06:25.346626,https://www.openstreetmap.org/node/10601402810,25.6339092,-98.3923557
node/10601402857,10601402857,node,Mexico,generator,Capacity placeholder value,yes,Tag 'generator:output:electricity' contains placeholder value 'yes' instead of actual capacity,2026-07-01 02:06:25.346636,https://www.openstreetmap.org/node/10601402857,25.6329903,-98.4220398
node/10601402852,10601402852,node,Mexico,generator,Capacity placeholder value,yes,Tag 'generator:output:electricity' contains placeholder value 'yes' instead of actual capacity,2026-07-01 02:06:25.346646,https://www.openstreetmap.org/node/10601402852,25.6075042,-98.4413409
node/10601402838,10601402838,node,Mexico,generator,Capacity placeholder value,yes,Tag 'generator:output:electricity' contains placeholder value 'yes' instead of actual capacity,2026-07-01 02:06:25.346656,https://www.openstreetmap.org/node/10601402838,25.6266689,-98.4433955
node/10601402821,10601402821,node,Mexico,generator,Capacity placeholder value,yes,Tag 'generator:output:electricity' contains placeholder value 'yes' instead of actual capacity,2026-07-01 02:06:25.346666,https://www.openstreetmap.org/node/10601402821,25.6193978,-98.378714
node/10601402842,10601402842,node,Mexico,generator,Capacity placeholder value,yes,Tag 'generator:output:electricity' contains placeholder value 'yes' instead of actual capacity,2026-07-01 02:06:25.346676,https://www.openstreetmap.org/node/10601402842,25.6131349,-98.4553582
node/10601402833,10601402833,node,Mexico,generator,Capacity placeholder value,yes,Tag 'generator:output:electricity' contains placeholder value 'yes' instead of actual capacity,2026-07-01 02:06:25.346686,https://www.openstreetmap.org/node/10601402833,25.601046,-98.4331119
node/10601402828,10601402828,node,Mexico,generator,Capacity placeholder value,yes,Tag 'generator:output:electricity' contains placeholder value 'yes' instead of actual capacity,2026-07-01 02:06:25.346697,https://www.openstreetmap.org/node/10601402828,25.5994967,-98.4074767
node/10601402811,10601402811,node,Mexico,generator,Capacity placeholder value,yes,Tag 'generator:output:electricity' contains placeholder value 'yes' instead of actual capacity,2026-07-01 02:06:25.346763,https://www.openstreetmap.org/node/10601402811,25.631173,-98.3957782
node/10601402853,10601402853,node,Mexico,generator,Capacity placeholder value,yes,Tag 'generator:output:electricity' contains placeholder value 'yes' instead of actual capacity,2026-07-01 02:06:25.346774,https://www.openstreetmap.org/node/10601402853,25.6098504,-98.4367383
node/10601402806,10601402806,node,Mexico,generator,Capacity placeholder value,yes,Tag 'generator:output:electricity' contains placeholder value 'yes' instead of actual capacity,2026-07-01 02:06:25.346784,https://www.openstreetmap.org/node/10601402806,25.5932231,-98.3817852
node/10601402839,10601402839,node,Mexico,generator,Capacity placeholder value,yes,Tag 'generator:output:electricity' contains placeholder value 'yes' instead of actual capacity,2026-07-01 02:06:25.346793,https://www.openstreetmap.org/node/10601402839,25.6249784,-98.447746
node/10601402860,10601402860,node,Mexico,generator,Capacity placeholder value,yes,Tag 'generator:output:electricity' contains placeholder value 'yes' instead of actual capacity,2026-07-01 02:06:25.346803,https://www.openstreetmap.org/node/10601402860,25.6191185,-98.4274364
node/10601402843,10601402843,node,Mexico,generator,Capacity placeholder value,yes,Tag 'generator:output:electricity' contains placeholder value 'yes' instead of actual capacity,2026-07-01 02:06:25.346813,https://www.openstreetmap.org/node/10601402843,25.6057942,-98.4638071
node/10601402829,10601402829,node,Mexico,generator,Capacity placeholder value,yes,Tag 'generator:output:electricity' contains placeholder value 'yes' instead of actual capacity,2026-07-01 02:06:25.346823,https://www.openstreetmap.org/node/10601402829,25.5956421,-98.4103909
node/10601402808,10601402808,node,Mexico,generator,Capacity placeholder value,yes,Tag 'generator:output:electricity' contains placeholder value 'yes' instead of actual capacity,2026-07-01 02:06:25.346833,https://www.openstreetmap.org/node/10601402808,25.5928529,-98.3923396
node/10601402850,10601402850,node,Mexico,generator,Capacity placeholder value,yes,Tag 'generator:output:electricity' contains placeholder value 'yes' instead of actual capacity,2026-07-01 02:06:25.346843,https://www.openstreetmap.org/node/10601402850,25.6042824,-98.4517103
node/10601402807,10601402807,node,Mexico,generator,Capacity placeholder value,yes,Tag 'generator:output:electricity' contains placeholder value 'yes' instead of actual capacity,2026-07-01 02:06:25.346853,https://www.openstreetmap.org/node/10601402807,25.5928433,-98.3868733
node/10601402836,10601402836,node,Mexico,generator,Capacity placeholder value,yes,Tag 'generator:output:electricity' contains placeholder value 'yes' instead of actual capacity,2026-07-01 02:06:25.346863,https://www.openstreetmap.org/node/10601402836,25.5932763,-98.4440231
node/10601402814,10601402814,node,Mexico,generator,Capacity placeholder value,yes,Tag 'generator:output:electricity' contains placeholder value 'yes' instead of actual capacity,2026-07-01 02:06:25.346873,https://www.openstreetmap.org/node/10601402814,25.6227752,-98.4082183
node/10601402861,10601402861,node,Mexico,generator,Capacity placeholder value,yes,Tag 'generator:output:electricity' contains placeholder value 'yes' instead of actual capacity,2026-07-01 02:06:25.346882,https://www.openstreetmap.org/node/10601402861,25.614886,-98.4294641
node/10601402840,10601402840,node,Mexico,generator,Capacity placeholder value,yes,Tag 'generator:output:electricity' contains placeholder value 'yes' instead of actual capacity,2026-07-01 02:06:25.346892,https://www.openstreetmap.org/node/10601402840,25.62293,-98.4523004
node/10601402826,10601402826,node,Mexico,generator,Capacity placeholder value,yes,Tag 'generator:output:electricity' contains placeholder value 'yes' instead of actual capacity,2026-07-01 02:06:25.346902,https://www.openstreetmap.org/node/10601402826,25.6062513,-98.4014404
node/10601402809,10601402809,node,Mexico,generator,Capacity placeholder value,yes,Tag 'generator:output:electricity' contains placeholder value 'yes' instead of actual capacity,2026-07-01 02:06:25.346911,https://www.openstreetmap.org/node/10601402809,25.5929763,-98.398844
node/10601402851,10601402851,node,Mexico,generator,Capacity placeholder value,yes,Tag 'generator:output:electricity' contains placeholder value 'yes' instead of actual capacity,2026-07-01 02:06:25.346921,https://www.openstreetmap.org/node/10601402851,25.605666,-98.4454608
node/10601402846,10601402846,node,Mexico,generator,Capacity placeholder value,yes,Tag 'generator:output:electricity' contains placeholder value 'yes' instead of actual capacity,2026-07-01 02:06:25.346931,https://www.openstreetmap.org/node/10601402846,25.5933005,-98.4636891
node/10601402837,10601402837,node,Mexico,generator,Capacity placeholder value,yes,Tag 'generator:output:electricity' contains placeholder value 'yes' instead of actual capacity,2026-07-01 02:06:25.346940,https://www.openstreetmap.org/node/10601402837,25.6280836,-98.4394634
node/10601402816,10601402816,node,Mexico,generator,Capacity placeholder value,yes,Tag 'generator:output:electricity' contains placeholder value 'yes' instead of actual capacity,2026-07-01 02:06:25.346950,https://www.openstreetmap.org/node/10601402816,25.6192515,-98.4174612
node/10601402815,10601402815,node,Mexico,generator,Capacity placeholder value,yes,Tag 'generator:output:electricity' contains placeholder value 'yes' instead of actual capacity,2026-07-01 02:06:25.346959,https://www.openstreetmap.org/node/10601402815,25.6207462,-98.4126574
node/10601402858,10601402858,node,Mexico,generator,Capacity placeholder value,yes,Tag 'generator:output:electricity' contains placeholder value 'yes' instead of actual capacity,2026-07-01 02:06:25.346974,https://www.openstreetmap.org/node/10601402858,25.630011,-98.4248722
node/10601402841,10601402841,node,Mexico,generator,Capacity placeholder value,yes,Tag 'generator:output:electricity' contains placeholder value 'yes' instead of actual capacity,2026-07-01 02:06:25.346984,https://www.openstreetmap.org/node/10601402841,25.6168983,-98.4531856
node/10601402827,10601402827,node,Mexico,generator,Capacity placeholder value,yes,Tag 'generator:output:electricity' contains placeholder value 'yes' instead of actual capacity,2026-07-01 02:06:25.346994,https://www.openstreetmap.org/node/10601402827,25.6031649,-98.4047087
node/10601402822,10601402822,node,Mexico,generator,Capacity placeholder value,yes,Tag 'generator:output:electricity' contains placeholder value 'yes' instead of actual capacity,2026-07-01 02:06:25.347004,https://www.openstreetmap.org/node/10601402822,25.6133163,-98.3819488
node/10601402848,10601402848,node,Mexico,generator,Capacity placeholder value,yes,Tag 'generator:output:electricity' contains placeholder value 'yes' instead of actual capacity,2026-07-01 02:06:25.347015,https://www.openstreetmap.org/node/10601402848,25.5931989,-98.453089
node/10601402847,10601402847,node,Mexico,generator,Capacity placeholder value,yes,Tag 'generator:output:electricity' contains placeholder value 'yes' instead of actual capacity,2026-07-01 02:06:25.347024,https://www.openstreetmap.org/node/10601402847,25.5932811,-98.4580994
node/10601402834,10601402834,node,Mexico,generator,Capacity placeholder value,yes,Tag 'generator:output:electricity' contains placeholder value 'yes' instead of actual capacity,2026-07-01 02:06:25.347034,https://www.openstreetmap.org/node/10601402834,25.5976305,-98.4351933
node/10601402817,10601402817,node,Mexico,generator,Capacity placeholder value,yes,Tag 'generator:output:electricity' contains placeholder value 'yes' instead of actual capacity,2026-07-01 02:06:25.347044,https://www.openstreetmap.org/node/10601402817,25.6160373,-98.4206343
node/10601402812,10601402812,node,Mexico,generator,Capacity placeholder value,yes,Tag 'generator:output:electricity' contains placeholder value 'yes' instead of actual capacity,2026-07-01 02:06:25.347054,https://www.openstreetmap.org/node/10601402812,25.6276084,-98.3991444
node/10601402859,10601402859,node,Mexico,generator,Capacity placeholder value,yes,Tag 'generator:output:electricity' contains placeholder value 'yes' instead of actual capacity,2026-07-01 02:06:25.347064,https://www.openstreetmap.org/node/10601402859,25.6260788,-98.427254
node/10601402854,10601402854,node,Mexico,generator,Capacity placeholder value,yes,Tag 'generator:output:electricity' contains placeholder value 'yes' instead of actual capacity,2026-07-01 02:06:25.347074,https://www.openstreetmap.org/node/10601402854,25.6122352,-98.4326452
node/10601402802,10601402802,node,Mexico,generator,Capacity placeholder value,yes,Tag 'generator:output:electricity' contains placeholder value 'yes' instead of actual capacity,2026-07-01 02:06:25.347083,https://www.openstreetmap.org/node/10601402802,25.6052209,-98.3682588
node/10601402820,10601402820,node,Mexico,generator,Capacity placeholder value,yes,Tag 'generator:output:electricity' contains placeholder value 'yes' instead of actual capacity,2026-07-01 02:06:25.347093,https://www.openstreetmap.org/node/10601402820,25.6244355,-98.3759554
node/10601402803,10601402803,node,Mexico,generator,Capacity placeholder value,yes,Tag 'generator:output:electricity' contains placeholder value 'yes' instead of actual capacity,2026-07-01 02:06:25.347103,https://www.openstreetmap.org/node/10601402803,25.601121,-98.371004
node/10601402818,10601402818,node,Mexico,generator,Capacity placeholder value,yes,Tag 'generator:output:electricity' contains placeholder value 'yes' instead of actual capacity,2026-07-01 02:06:25.347113,https://www.openstreetmap.org/node/10601402818,25.634122,-98.3715096
node/10601402819,10601402819,node,Mexico,generator,Capacity placeholder value,yes,Tag 'generator:output:electricity' contains placeholder value 'yes' instead of actual capacity,2026-07-01 02:06:25.347123,https://www.openstreetmap.org/node/10601402819,25.6288937,-98.373815
node/10601402804,10601402804,node,Mexico,generator,Capacity placeholder value,yes,Tag 'generator:output:electricity' contains placeholder value 'yes' instead of actual capacity,2026-07-01 02:06:25.347133,https://www.openstreetmap.org/node/10601402804,25.5975265,-98.3734676
node/10601402805,10601402805,node,Mexico,generator,Capacity placeholder value,yes,Tag 'generator:output:electricity' contains placeholder value 'yes' instead of actual capacity,2026-07-01 02:06:25.347143,https://www.openstreetmap.org/node/10601402805,25.5945197,-98.3770725
node/7459718053,7459718053,node,Mexico,generator,Missing output tag,none,"tags: {'generator:method': 'wind_turbine', 'generator:source': 'wind', 'power': 'generator'}",2026-07-01 02:06:25.349177,https://www.openstreetmap.org/node/7459718053,25.7424747,-98.1640091
node/7459718052,7459718052,node,Mexico,generator,Missing output tag,none,"tags: {'generator:method': 'wind_turbine', 'generator:source': 'wind', 'power': 'generator'}",2026-07-01 02:06:25.349251,https://www.openstreetmap.org/node/7459718052,25.7452676,-98.1612732
node/7459718059,7459718059,node,Mexico,generator,Missing output tag,none,"tags: {'generator:method': 'wind_turbine', 'generator:source': 'wind', 'power': 'generator'}",2026-07-01 02:06:25.349321,https://www.openstreetmap.org/node/7459718059,25.7603132,-98.1619706
node/7459718061,7459718061,node,Mexico,generator,Missing output tag,none,"tags: {'generator:method': 'wind_turbine', 'generator:source': 'wind', 'power': 'generator'}",2026-07-01 02:06:25.349390,https://www.openstreetmap.org/node/7459718061,25.7534526,-98.1662836
node/7459718060,7459718060,node,Mexico,generator,Missing output tag,none,"tags: {'generator:method': 'wind_turbine', 'generator:source': 'wind', 'power': 'generator'}",2026-07-01 02:06:25.349469,https://www.openstreetmap.org/node/7459718060,25.757569,-98.164685
node/7459718067,7459718067,node,Mexico,generator,Missing output tag,none,"tags: {'generator:method': 'wind_turbine', 'generator:source': 'wind', 'power': 'generator'}",2026-07-01 02:06:25.349537,https://www.openstreetmap.org/node/7459718067,25.7505632,-98.1699207
node/7459718066,7459718066,node,Mexico,generator,Missing output tag,none,"tags: {'generator:method': 'wind_turbine', 'generator:source': 'wind', 'power': 'generator'}",2026-07-01 02:06:25.349606,https://www.openstreetmap.org/node/7459718066,25.7478961,-98.1725921
node/7459718065,7459718065,node,Mexico,generator,Missing output tag,none,"tags: {'generator:method': 'wind_turbine', 'generator:source': 'wind', 'power': 'generator'}",2026-07-01 02:06:25.349674,https://www.openstreetmap.org/node/7459718065,25.7452096,-98.1752851
node/7459718064,7459718064,node,Mexico,generator,Missing output tag,none,"tags: {'generator:method': 'wind_turbine', 'generator:source': 'wind', 'power': 'generator'}",2026-07-01 02:06:25.349743,https://www.openstreetmap.org/node/7459718064,25.7425907,-98.1779673
node/7459718079,7459718079,node,Mexico,generator,Missing output tag,none,"tags: {'generator:method': 'wind_turbine', 'generator:source': 'wind', 'power': 'generator'}",2026-07-01 02:06:25.349811,https://www.openstreetmap.org/node/7459718079,25.7515103,-98.1848016
node/7459718078,7459718078,node,Mexico,generator,Missing output tag,none,"tags: {'generator:method': 'wind_turbine', 'generator:source': 'wind', 'power': 'generator'}",2026-07-01 02:06:25.349879,https://www.openstreetmap.org/node/7459718078,25.747355,-98.1893935
node/7459718077,7459718077,node,Mexico,generator,Missing output tag,none,"tags: {'generator:method': 'wind_turbine', 'generator:source': 'wind', 'power': 'generator'}",2026-07-01 02:06:25.349947,https://www.openstreetmap.org/node/7459718077,25.7434508,-98.1936207
node/7460141417,7460141417,node,Mexico,generator,Missing output tag,none,"tags: {'generator:method': 'wind_turbine', 'generator:source': 'wind', 'power': 'generator'}",2026-07-01 02:06:25.350015,https://www.openstreetmap.org/node/7460141417,25.8158119,-98.2337465
node/7459718115,7459718115,node,Mexico,generator,Missing output tag,none,"tags: {'generator:method': 'wind_turbine', 'generator:source': 'wind', 'power': 'generator'}",2026-07-01 02:06:25.350083,https://www.openstreetmap.org/node/7459718115,25.7951611,-98.190799
node/7460141416,7460141416,node,Mexico,generator,Missing output tag,none,"tags: {'generator:method': 'wind_turbine', 'generator:source': 'wind', 'power': 'generator'}",2026-07-01 02:06:25.350151,https://www.openstreetmap.org/node/7460141416,25.8179463,-98.2308497
node/7460141419,7460141419,node,Mexico,generator,Missing output tag,none,"tags: {'generator:method': 'wind_turbine', 'generator:source': 'wind', 'power': 'generator'}",2026-07-01 02:06:25.350219,https://www.openstreetmap.org/node/7460141419,25.807834,-98.2377591
node/7460141418,7460141418,node,Mexico,generator,Missing output tag,none,"tags: {'generator:method': 'wind_turbine', 'generator:source': 'wind', 'power': 'generator'}",2026-07-01 02:06:25.350287,https://www.openstreetmap.org/node/7460141418,25.813465,-98.236815
node/7459718119,7459718119,node,Mexico,generator,Missing output tag,none,"tags: {'generator:method': 'wind_turbine', 'generator:source': 'wind', 'power': 'generator'}",2026-07-01 02:06:25.350359,https://www.openstreetmap.org/node/7459718119,25.7846122,-98.2022359
node/7459718118,7459718118,node,Mexico,generator,Missing output tag,none,"tags: {'generator:method': 'wind_turbine', 'generator:source': 'wind', 'power': 'generator'}",2026-07-01 02:06:25.350427,https://www.openstreetmap.org/node/7459718118,25.7872978,-98.1992533
node/7459718117,7459718117,node,Mexico,generator,Missing output tag,none,"tags: {'generator:method': 'wind_turbine', 'generator:source': 'wind', 'power': 'generator'}",2026-07-01 02:06:25.350507,https://www.openstreetmap.org/node/7459718117,25.7898868,-98.1965067
node/7460141423,7460141423,node,Mexico,generator,Missing output tag,none,"tags: {'generator:method': 'wind_turbine', 'generator:source': 'wind', 'power': 'generator'}",2026-07-01 02:06:25.350576,https://www.openstreetmap.org/node/7460141423,25.7919154,-98.2395079
node/7459718116,7459718116,node,Mexico,generator,Missing output tag,none,"tags: {'generator:method': 'wind_turbine', 'generator:source': 'wind', 'power': 'generator'}",2026-07-01 02:06:25.350649,https://www.openstreetmap.org/node/7459718116,25.7925819,-98.1935992
node/7460141422,7460141422,node,Mexico,generator,Missing output tag,none,"tags: {'generator:method': 'wind_turbine', 'generator:source': 'wind', 'power': 'generator'}",2026-07-01 02:06:25.350718,https://www.openstreetmap.org/node/7460141422,25.7896356,-98.2428124
node/7459718120,7459718120,node,Mexico,generator,Missing output tag,none,"tags: {'generator:method': 'wind_turbine', 'generator:source': 'wind', 'power': 'generator'}",2026-07-01 02:06:25.350786,https://www.openstreetmap.org/node/7459718120,25.7802938,-98.2068171
node/7459718127,7459718127,node,Mexico,generator,Missing output tag,none,"tags: {'generator:method': 'wind_turbine', 'generator:source': 'wind', 'power': 'generator'}",2026-07-01 02:06:25.350855,https://www.openstreetmap.org/node/7459718127,25.8017006,-98.2060125
node/7459718126,7459718126,node,Mexico,generator,Missing output tag,none,"tags: {'generator:method': 'wind_turbine', 'generator:source': 'wind', 'power': 'generator'}",2026-07-01 02:06:25.350924,https://www.openstreetmap.org/node/7459718126,25.8041347,-98.2029548
node/7460141415,7460141415,node,Mexico,generator,Missing output tag,none,"tags: {'generator:method': 'wind_turbine', 'generator:source': 'wind', 'power': 'generator'}",2026-07-01 02:06:25.350992,https://www.openstreetmap.org/node/7460141415,25.816092,-98.2232644
node/7459718125,7459718125,node,Mexico,generator,Missing output tag,none,"tags: {'generator:method': 'wind_turbine', 'generator:source': 'wind', 'power': 'generator'}",2026-07-01 02:06:25.351060,https://www.openstreetmap.org/node/7459718125,25.8065204,-98.19994
node/7460141433,7460141433,node,Mexico,generator,Missing output tag,none,"tags: {'generator:method': 'wind_turbine', 'generator:source': 'wind', 'power': 'generator'}",2026-07-01 02:06:25.351128,https://www.openstreetmap.org/node/7460141433,25.803275,-98.2444002
node/7459718131,7459718131,node,Mexico,generator,Missing output tag,none,"tags: {'generator:method': 'wind_turbine', 'generator:source': 'wind', 'power': 'generator'}",2026-07-01 02:06:25.351196,https://www.openstreetmap.org/node/7459718131,25.7922631,-98.2183935
node/7459718130,7459718130,node,Mexico,generator,Missing output tag,none,"tags: {'generator:method': 'wind_turbine', 'generator:source': 'wind', 'power': 'generator'}",2026-07-01 02:06:25.351264,https://www.openstreetmap.org/node/7459718130,25.7946298,-98.2154217
node/7460141432,7460141432,node,Mexico,generator,Missing output tag,none,"tags: {'generator:method': 'wind_turbine', 'generator:source': 'wind', 'power': 'generator'}",2026-07-01 02:06:25.351332,https://www.openstreetmap.org/node/7460141432,25.8009611,-98.2475937
node/7459718129,7459718129,node,Mexico,generator,Missing output tag,none,"tags: {'generator:method': 'wind_turbine', 'generator:source': 'wind', 'power': 'generator'}",2026-07-01 02:06:25.351401,https://www.openstreetmap.org/node/7459718129,25.7969288,-98.2123639
node/7459718128,7459718128,node,Mexico,generator,Missing output tag,none,"tags: {'generator:method': 'wind_turbine', 'generator:source': 'wind', 'power': 'generator'}",2026-07-01 02:06:25.351479,https://www.openstreetmap.org/node/7459718128,25.7992664,-98.2092419
node/7460141431,7460141431,node,Mexico,generator,Missing output tag,none,"tags: {'generator:method': 'wind_turbine', 'generator:source': 'wind', 'power': 'generator'}",2026-07-01 02:06:25.351548,https://www.openstreetmap.org/node/7460141431,25.8001727,-98.2518097
node/7460141385,7460141385,node,Mexico,generator,Missing output tag,none,"tags: {'generator:method': 'wind_turbine', 'generator:source': 'wind', 'power': 'generator'}",2026-07-01 02:06:25.351617,https://www.openstreetmap.org/node/7460141385,25.7863565,-98.2260258
node/7460141386,7460141386,node,Mexico,generator,Missing output tag,none,"tags: {'generator:method': 'wind_turbine', 'generator:source': 'wind', 'power': 'generator'}",2026-07-01 02:06:25.351686,https://www.openstreetmap.org/node/7460141386,25.7886406,-98.2225778
node/7459718080,7459718080,node,Mexico,generator,Missing output tag,none,"tags: {'generator:method': 'wind_turbine', 'generator:source': 'wind', 'power': 'generator'}",2026-07-01 02:06:25.351754,https://www.openstreetmap.org/node/7459718080,25.7542836,-98.1819048
node/7459718087,7459718087,node,Mexico,generator,Missing output tag,none,"tags: {'generator:method': 'wind_turbine', 'generator:source': 'wind', 'power': 'generator'}",2026-07-01 02:06:25.351822,https://www.openstreetmap.org/node/7459718087,25.7622361,-98.1732466
node/7459718086,7459718086,node,Mexico,generator,Missing output tag,none,"tags: {'generator:method': 'wind_turbine', 'generator:source': 'wind', 'power': 'generator'}",2026-07-01 02:06:25.351890,https://www.openstreetmap.org/node/7459718086,25.7648256,-98.1704678
node/7459718085,7459718085,node,Mexico,generator,Missing output tag,none,"tags: {'generator:method': 'wind_turbine', 'generator:source': 'wind', 'power': 'generator'}",2026-07-01 02:06:25.351960,https://www.openstreetmap.org/node/7459718085,25.7674826,-98.1675711
node/7460141391,7460141391,node,Mexico,generator,Missing output tag,none,"tags: {'generator:method': 'wind_turbine', 'generator:source': 'wind', 'power': 'generator'}",2026-07-01 02:06:25.352029,https://www.openstreetmap.org/node/7460141391,25.8059313,-98.2176533
node/7460141390,7460141390,node,Mexico,generator,Missing output tag,none,"tags: {'generator:method': 'wind_turbine', 'generator:source': 'wind', 'power': 'generator'}",2026-07-01 02:06:25.352098,https://www.openstreetmap.org/node/7460141390,25.8082011,-98.2145204
node/7459718084,7459718084,node,Mexico,generator,Missing output tag,none,"tags: {'generator:method': 'wind_turbine', 'generator:source': 'wind', 'power': 'generator'}",2026-07-01 02:06:25.352166,https://www.openstreetmap.org/node/7459718084,25.7700817,-98.1647601
node/7459718091,7459718091,node,Mexico,generator,Missing output tag,none,"tags: {'generator:method': 'wind_turbine', 'generator:source': 'wind', 'power': 'generator'}",2026-07-01 02:06:25.352234,https://www.openstreetmap.org/node/7459718091,25.7698112,-98.1826343
node/7459718090,7459718090,node,Mexico,generator,Missing output tag,none,"tags: {'generator:method': 'wind_turbine', 'generator:source': 'wind', 'power': 'generator'}",2026-07-01 02:06:25.352304,https://www.openstreetmap.org/node/7459718090,25.7724198,-98.1799092
node/7459718095,7459718095,node,Mexico,generator,Missing output tag,none,"tags: {'generator:method': 'wind_turbine', 'generator:source': 'wind', 'power': 'generator'}",2026-07-01 02:06:25.352373,https://www.openstreetmap.org/node/7459718095,25.764526,-98.1880417
node/7459718094,7459718094,node,Mexico,generator,Missing output tag,none,"tags: {'generator:method': 'wind_turbine', 'generator:source': 'wind', 'power': 'generator'}",2026-07-01 02:06:25.352442,https://www.openstreetmap.org/node/7459718094,25.7618012,-98.1906381
node/7459718093,7459718093,node,Mexico,generator,Missing output tag,none,"tags: {'generator:method': 'wind_turbine', 'generator:source': 'wind', 'power': 'generator'}",2026-07-01 02:06:25.352519,https://www.openstreetmap.org/node/7459718093,25.7592523,-98.1936123
node/7459718099,7459718099,node,Mexico,generator,Missing output tag,none,"tags: {'generator:method': 'wind_turbine', 'generator:source': 'wind', 'power': 'generator'}",2026-07-01 02:06:25.352588,https://www.openstreetmap.org/node/7459718099,25.7772989,-98.1903162
node/7459718096,7459718096,node,Mexico,generator,Missing output tag,none,"tags: {'generator:method': 'wind_turbine', 'generator:source': 'wind', 'power': 'generator'}",2026-07-01 02:06:25.352657,https://www.openstreetmap.org/node/7459718096,25.7671445,-98.1853165
node/7459718103,7459718103,node,Mexico,generator,Missing output tag,none,"tags: {'generator:method': 'wind_turbine', 'generator:source': 'wind', 'power': 'generator'}",2026-07-01 02:06:25.352725,https://www.openstreetmap.org/node/7459718103,25.7644294,-98.2043817
node/7459718102,7459718102,node,Mexico,generator,Missing output tag,none,"tags: {'generator:method': 'wind_turbine', 'generator:source': 'wind', 'power': 'generator'}",2026-07-01 02:06:25.352794,https://www.openstreetmap.org/node/7459718102,25.7618496,-98.2072141
node/7459718107,7459718107,node,Mexico,generator,Missing output tag,none,"tags: {'generator:method': 'wind_turbine', 'generator:source': 'wind', 'power': 'generator'}",2026-07-01 02:06:25.352863,https://www.openstreetmap.org/node/7459718107,25.774642,-98.1932022
node/7460141393,7460141393,node,Mexico,generator,Missing output tag,none,"tags: {'generator:method': 'wind_turbine', 'generator:source': 'wind', 'power': 'generator'}",2026-07-01 02:06:25.352932,https://www.openstreetmap.org/node/7460141393,25.8014494,-98.2238223
node/7460141392,7460141392,node,Mexico,generator,Missing output tag,none,"tags: {'generator:method': 'wind_turbine', 'generator:source': 'wind', 'power': 'generator'}",2026-07-01 02:06:25.353001,https://www.openstreetmap.org/node/7460141392,25.8037483,-98.2207968
node/7459718106,7459718106,node,Mexico,generator,Missing output tag,none,"tags: {'generator:method': 'wind_turbine', 'generator:source': 'wind', 'power': 'generator'}",2026-07-01 02:06:25.353069,https://www.openstreetmap.org/node/7459718106,25.7721396,-98.1959166
node/7459718105,7459718105,node,Mexico,generator,Missing output tag,none,"tags: {'generator:method': 'wind_turbine', 'generator:source': 'wind', 'power': 'generator'}",2026-07-01 02:06:25.353138,https://www.openstreetmap.org/node/7459718105,25.7695696,-98.1987169
node/7460141395,7460141395,node,Mexico,generator,Missing output tag,none,"tags: {'generator:method': 'wind_turbine', 'generator:source': 'wind', 'power': 'generator'}",2026-07-01 02:06:25.353207,https://www.openstreetmap.org/node/7460141395,25.7969482,-98.2300451
node/7459718104,7459718104,node,Mexico,generator,Missing output tag,none,"tags: {'generator:method': 'wind_turbine', 'generator:source': 'wind', 'power': 'generator'}",2026-07-01 02:06:25.353276,https://www.openstreetmap.org/node/7459718104,25.7670285,-98.2015385
node/7460141394,7460141394,node,Mexico,generator,Missing output tag,none,"tags: {'generator:method': 'wind_turbine', 'generator:source': 'wind', 'power': 'generator'}",2026-07-01 02:06:25.353345,https://www.openstreetmap.org/node/7460141394,25.7991215,-98.2269015
node/9890637624,9890637624,node,Mexico,generator,Missing output tag,none,"tags: {'generator:method': 'wind_turbine', 'generator:source': 'wind', 'power': 'generator'}",2026-07-01 02:06:25.362997,https://www.openstreetmap.org/node/9890637624,25.9262687,-98.2080037
node/9890608299,9890608299,node,Mexico,generator,Missing output tag,none,"tags: {'generator:method': 'wind_turbine', 'generator:source': 'wind', 'power': 'generator'}",2026-07-01 02:06:25.363076,https://www.openstreetmap.org/node/9890608299,25.9164107,-98.1916664
node/9890637620,9890637620,node,Mexico,generator,Missing output tag,none,"tags: {'generator:method': 'wind_turbine', 'generator:source': 'wind', 'power': 'generator'}",2026-07-01 02:06:25.363151,https://www.openstreetmap.org/node/9890637620,25.9112042,-98.186449
node/9890608306,9890608306,node,Mexico,generator,Missing output tag,none,"tags: {'generator:method': 'wind_turbine', 'generator:source': 'wind', 'power': 'generator'}",2026-07-01 02:06:25.363225,https://www.openstreetmap.org/node/9890608306,25.9074979,-98.1961832
node/9890608302,9890608302,node,Mexico,generator,Missing output tag,none,"tags: {'generator:method': 'wind_turbine', 'generator:source': 'wind', 'power': 'generator'}",2026-07-01 02:06:25.363298,https://www.openstreetmap.org/node/9890608302,25.9198137,-98.2050134
node/9890608297,9890608297,node,Mexico,generator,Missing output tag,none,"tags: {'generator:method': 'wind_turbine', 'generator:source': 'wind', 'power': 'generator'}",2026-07-01 02:06:25.363370,https://www.openstreetmap.org/node/9890608297,25.9146765,-98.1974518
node/9890637618,9890637618,node,Mexico,generator,Missing output tag,none,"tags: {'generator:method': 'wind_turbine', 'generator:source': 'wind', 'power': 'generator'}",2026-07-01 02:06:25.363443,https://www.openstreetmap.org/node/9890637618,25.9167295,-98.1856131
node/9890608304,9890608304,node,Mexico,generator,Missing output tag,none,"tags: {'generator:method': 'wind_turbine', 'generator:source': 'wind', 'power': 'generator'}",2026-07-01 02:06:25.363535,https://www.openstreetmap.org/node/9890608304,25.9132313,-98.2034448
node/9890608315,9890608315,node,Mexico,generator,Missing output tag,none,"tags: {'generator:method': 'wind_turbine', 'generator:source': 'wind', 'power': 'generator'}",2026-07-01 02:06:25.363608,https://www.openstreetmap.org/node/9890608315,25.8975508,-98.2018514
node/9890608300,9890608300,node,Mexico,generator,Missing output tag,none,"tags: {'generator:method': 'wind_turbine', 'generator:source': 'wind', 'power': 'generator'}",2026-07-01 02:06:25.363681,https://www.openstreetmap.org/node/9890608300,25.9214346,-98.1988517
node/9890608311,9890608311,node,Mexico,generator,Missing output tag,none,"tags: {'generator:method': 'wind_turbine', 'generator:source': 'wind', 'power': 'generator'}",2026-07-01 02:06:25.363753,https://www.openstreetmap.org/node/9890608311,25.9035046,-98.2081773
node/9890608313,9890608313,node,Mexico,generator,Missing output tag,none,"tags: {'generator:method': 'wind_turbine', 'generator:source': 'wind', 'power': 'generator'}",2026-07-01 02:06:25.363825,https://www.openstreetmap.org/node/9890608313,25.8999938,-98.1964525
node/9890608298,9890608298,node,Mexico,generator,Missing output tag,none,"tags: {'generator:method': 'wind_turbine', 'generator:source': 'wind', 'power': 'generator'}",2026-07-01 02:06:25.363897,https://www.openstreetmap.org/node/9890608298,25.9147222,-98.1940948
node/9890637623,9890637623,node,Mexico,generator,Missing output tag,none,"tags: {'generator:method': 'wind_turbine', 'generator:source': 'wind', 'power': 'generator'}",2026-07-01 02:06:25.363970,https://www.openstreetmap.org/node/9890637623,25.9281152,-98.1965919
node/9890608309,9890608309,node,Mexico,generator,Missing output tag,none,"tags: {'generator:method': 'wind_turbine', 'generator:source': 'wind', 'power': 'generator'}",2026-07-01 02:06:25.364042,https://www.openstreetmap.org/node/9890608309,25.9067666,-98.2028271
node/9890608316,9890608316,node,Mexico,generator,Missing output tag,none,"tags: {'generator:method': 'wind_turbine', 'generator:source': 'wind', 'power': 'generator'}",2026-07-01 02:06:25.364115,https://www.openstreetmap.org/node/9890608316,25.8970096,-98.2049249
node/9890637625,9890637625,node,Mexico,generator,Missing output tag,none,"tags: {'generator:method': 'wind_turbine', 'generator:source': 'wind', 'power': 'generator'}",2026-07-01 02:06:25.364188,https://www.openstreetmap.org/node/9890637625,25.9281445,-98.2057022
node/9890637621,9890637621,node,Mexico,generator,Missing output tag,none,"tags: {'generator:method': 'wind_turbine', 'generator:source': 'wind', 'power': 'generator'}",2026-07-01 02:06:25.364261,https://www.openstreetmap.org/node/9890637621,25.9238291,-98.1889892
node/9890608307,9890608307,node,Mexico,generator,Missing output tag,none,"tags: {'generator:method': 'wind_turbine', 'generator:source': 'wind', 'power': 'generator'}",2026-07-01 02:06:25.364333,https://www.openstreetmap.org/node/9890608307,25.9084999,-98.1933637
node/9890608314,9890608314,node,Mexico,generator,Missing output tag,none,"tags: {'generator:method': 'wind_turbine', 'generator:source': 'wind', 'power': 'generator'}",2026-07-01 02:06:25.364406,https://www.openstreetmap.org/node/9890608314,25.8987943,-98.1994934
node/9890608303,9890608303,node,Mexico,generator,Missing output tag,none,"tags: {'generator:method': 'wind_turbine', 'generator:source': 'wind', 'power': 'generator'}",2026-07-01 02:06:25.364489,https://www.openstreetmap.org/node/9890608303,25.9140264,-98.2004601
node/9890608310,9890608310,node,Mexico,generator,Missing output tag,none,"tags: {'generator:method': 'wind_turbine', 'generator:source': 'wind', 'power': 'generator'}",2026-07-01 02:06:25.364562,https://www.openstreetmap.org/node/9890608310,25.9062254,-98.2060145
node/9890637619,9890637619,node,Mexico,generator,Missing output tag,none,"tags: {'generator:method': 'wind_turbine', 'generator:source': 'wind', 'power': 'generator'}",2026-07-01 02:06:25.364634,https://www.openstreetmap.org/node/9890637619,25.9107711,-98.1828763
node/9890608305,9890608305,node,Mexico,generator,Missing output tag,none,"tags: {'generator:method': 'wind_turbine', 'generator:source': 'wind', 'power': 'generator'}",2026-07-01 02:06:25.364707,https://www.openstreetmap.org/node/9890608305,25.9133111,-98.2068425
node/9890637626,9890637626,node,Mexico,generator,Missing output tag,none,"tags: {'generator:method': 'wind_turbine', 'generator:source': 'wind', 'power': 'generator'}",2026-07-01 02:06:25.364779,https://www.openstreetmap.org/node/9890637626,25.9191384,-98.2079793
node/9890608312,9890608312,node,Mexico,generator,Missing output tag,none,"tags: {'generator:method': 'wind_turbine', 'generator:source': 'wind', 'power': 'generator'}",2026-07-01 02:06:25.364852,https://www.openstreetmap.org/node/9890608312,25.9010324,-98.193688
node/9890608301,9890608301,node,Mexico,generator,Missing output tag,none,"tags: {'generator:method': 'wind_turbine', 'generator:source': 'wind', 'power': 'generator'}",2026-07-01 02:06:25.364924,https://www.openstreetmap.org/node/9890608301,25.9208521,-98.20207
node/9890637622,9890637622,node,Mexico,generator,Missing output tag,none,"tags: {'generator:method': 'wind_turbine', 'generator:source': 'wind', 'power': 'generator'}",2026-07-01 02:06:25.364997,https://www.openstreetmap.org/node/9890637622,25.9295484,-98.1942502
node/9890608308,9890608308,node,Mexico,generator,Missing output tag,none,"tags: {'generator:method': 'wind_turbine', 'generator:source': 'wind', 'power': 'generator'}",2026-07-01 02:06:25.365069,https://www.openstreetmap.org/node/9890608308,25.9067374,-98.1995585
node/9890637617,9890637617,node,Mexico,generator,Missing output tag,none,"tags: {'generator:method': 'wind_turbine', 'generator:source': 'wind', 'power': 'generator'}",2026-07-01 02:06:25.365141,https://www.openstreetmap.org/node/9890637617,25.8960441,-98.2077707
node/9890569530,9890569530,node,Mexico,generator,Missing output tag,none,"tags: {'generator:method': 'wind_turbine', 'generator:source': 'wind', 'power': 'generator'}",2026-07-01 02:06:25.369651,https://www.openstreetmap.org/node/9890569530,24.5412359,-99.1670928
node/9890569541,9890569541,node,Mexico,generator,Missing output tag,none,"tags: {'generator:method': 'wind_turbine', 'generator:source': 'wind', 'power': 'generator'}",2026-07-01 02:06:25.369732,https://www.openstreetmap.org/node/9890569541,24.5511041,-99.1388514
node/9890569520,9890569520,node,Mexico,generator,Missing output tag,none,"tags: {'generator:method': 'wind_turbine', 'generator:source': 'wind', 'power': 'generator'}",2026-07-01 02:06:25.369808,https://www.openstreetmap.org/node/9890569520,24.5339549,-99.1980994
node/9890569519,9890569519,node,Mexico,generator,Missing output tag,none,"tags: {'generator:method': 'wind_turbine', 'generator:source': 'wind', 'power': 'generator'}",2026-07-01 02:06:25.369886,https://www.openstreetmap.org/node/9890569519,24.533468,-99.199985
node/9890569531,9890569531,node,Mexico,generator,Missing output tag,none,"tags: {'generator:method': 'wind_turbine', 'generator:source': 'wind', 'power': 'generator'}",2026-07-01 02:06:25.369960,https://www.openstreetmap.org/node/9890569531,24.5417263,-99.1652073
node/9890569526,9890569526,node,Mexico,generator,Missing output tag,none,"tags: {'generator:method': 'wind_turbine', 'generator:source': 'wind', 'power': 'generator'}",2026-07-01 02:06:25.370034,https://www.openstreetmap.org/node/9890569526,24.5343893,-99.1750376
node/9890569538,9890569538,node,Mexico,generator,Missing output tag,none,"tags: {'generator:method': 'wind_turbine', 'generator:source': 'wind', 'power': 'generator'}",2026-07-01 02:06:25.370107,https://www.openstreetmap.org/node/9890569538,24.5455838,-99.1489665
node/9890569521,9890569521,node,Mexico,generator,Missing output tag,none,"tags: {'generator:method': 'wind_turbine', 'generator:source': 'wind', 'power': 'generator'}",2026-07-01 02:06:25.370181,https://www.openstreetmap.org/node/9890569521,24.5298533,-99.1878907
node/9890569528,9890569528,node,Mexico,generator,Missing output tag,none,"tags: {'generator:method': 'wind_turbine', 'generator:source': 'wind', 'power': 'generator'}",2026-07-01 02:06:25.370254,https://www.openstreetmap.org/node/9890569528,24.5353702,-99.1712288
node/9890569527,9890569527,node,Mexico,generator,Missing output tag,none,"tags: {'generator:method': 'wind_turbine', 'generator:source': 'wind', 'power': 'generator'}",2026-07-01 02:06:25.370327,https://www.openstreetmap.org/node/9890569527,24.5348871,-99.1731492
node/9890569539,9890569539,node,Mexico,generator,Missing output tag,none,"tags: {'generator:method': 'wind_turbine', 'generator:source': 'wind', 'power': 'generator'}",2026-07-01 02:06:25.370400,https://www.openstreetmap.org/node/9890569539,24.5498745,-99.142605
node/9890569534,9890569534,node,Mexico,generator,Missing output tag,none,"tags: {'generator:method': 'wind_turbine', 'generator:source': 'wind', 'power': 'generator'}",2026-07-01 02:06:25.370484,https://www.openstreetmap.org/node/9890569534,24.5436319,-99.1565785
node/9890569517,9890569517,node,Mexico,generator,Missing output tag,none,"tags: {'generator:method': 'wind_turbine', 'generator:source': 'wind', 'power': 'generator'}",2026-07-01 02:06:25.370558,https://www.openstreetmap.org/node/9890569517,24.5324896,-99.2038152
node/9890559084,9890559084,node,Mexico,generator,Missing output tag,none,"tags: {'generator:method': 'wind_turbine', 'generator:source': 'wind', 'power': 'generator'}",2026-07-01 02:06:25.370637,https://www.openstreetmap.org/node/9890559084,24.5227313,-99.2157911
node/9890569529,9890569529,node,Mexico,generator,Missing output tag,none,"tags: {'generator:method': 'wind_turbine', 'generator:source': 'wind', 'power': 'generator'}",2026-07-01 02:06:25.370711,https://www.openstreetmap.org/node/9890569529,24.5407454,-99.1690079
node/9890569524,9890569524,node,Mexico,generator,Missing output tag,none,"tags: {'generator:method': 'wind_turbine', 'generator:source': 'wind', 'power': 'generator'}",2026-07-01 02:06:25.370785,https://www.openstreetmap.org/node/9890569524,24.531349,-99.1821829
node/9890569536,9890569536,node,Mexico,generator,Missing output tag,none,"tags: {'generator:method': 'wind_turbine', 'generator:source': 'wind', 'power': 'generator'}",2026-07-01 02:06:25.370859,https://www.openstreetmap.org/node/9890569536,24.5445981,-99.152759
node/9890569535,9890569535,node,Mexico,generator,Missing output tag,none,"tags: {'generator:method': 'wind_turbine', 'generator:source': 'wind', 'power': 'generator'}",2026-07-01 02:06:25.370934,https://www.openstreetmap.org/node/9890569535,24.5441247,-99.1546796
node/9890559085,9890559085,node,Mexico,generator,Missing output tag,none,"tags: {'generator:method': 'wind_turbine', 'generator:source': 'wind', 'power': 'generator'}",2026-07-01 02:06:25.371007,https://www.openstreetmap.org/node/9890559085,24.5232332,-99.2138976
node/9890569542,9890569542,node,Mexico,generator,Missing output tag,none,"tags: {'generator:method': 'wind_turbine', 'generator:source': 'wind', 'power': 'generator'}",2026-07-01 02:06:25.371081,https://www.openstreetmap.org/node/9890569542,24.5516916,-99.1370775
node/9890569525,9890569525,node,Mexico,generator,Missing output tag,none,"tags: {'generator:method': 'wind_turbine', 'generator:source': 'wind', 'power': 'generator'}",2026-07-01 02:06:25.371154,https://www.openstreetmap.org/node/9890569525,24.533894,-99.1769365
node/9890569537,9890569537,node,Mexico,generator,Missing output tag,none,"tags: {'generator:method': 'wind_turbine', 'generator:source': 'wind', 'power': 'generator'}",2026-07-01 02:06:25.371228,https://www.openstreetmap.org/node/9890569537,24.5451031,-99.1509003
node/9890569532,9890569532,node,Mexico,generator,Missing output tag,none,"tags: {'generator:method': 'wind_turbine', 'generator:source': 'wind', 'power': 'generator'}",2026-07-01 02:06:25.371303,https://www.openstreetmap.org/node/9890569532,24.5421972,-99.1632787
node/9890569522,9890569522,node,Mexico,generator,Missing output tag,none,"tags: {'generator:method': 'wind_turbine', 'generator:source': 'wind', 'power': 'generator'}",2026-07-01 02:06:25.371376,https://www.openstreetmap.org/node/9890569522,24.5303486,-99.1859916
node/9890569533,9890569533,node,Mexico,generator,Missing output tag,none,"tags: {'generator:method': 'wind_turbine', 'generator:source': 'wind', 'power': 'generator'}",2026-07-01 02:06:25.371450,https://www.openstreetmap.org/node/9890569533,24.54269,-99.1613958
node/9890559083,9890559083,node,Mexico,generator,Missing output tag,none,"tags: {'generator:method': 'wind_turbine', 'generator:source': 'wind', 'power': 'generator'}",2026-07-01 02:06:25.371533,https://www.openstreetmap.org/node/9890559083,24.5222387,-99.2176902
node/9890569540,9890569540,node,Mexico,generator,Missing output tag,none,"tags: {'generator:method': 'wind_turbine', 'generator:source': 'wind', 'power': 'generator'}",2026-07-01 02:06:25.371608,https://www.openstreetmap.org/node/9890569540,24.5505018,-99.1406992
node/9890569523,9890569523,node,Mexico,generator,Missing output tag,none,"tags: {'generator:method': 'wind_turbine', 'generator:source': 'wind', 'power': 'generator'}",2026-07-01 02:06:25.371682,https://www.openstreetmap.org/node/9890569523,24.5308439,-99.1840926
node/9890569518,9890569518,node,Mexico,generator,Missing output tag,none,"tags: {'generator:method': 'wind_turbine', 'generator:source': 'wind', 'power': 'generator'}",2026-07-01 02:06:25.371756,https://www.openstreetmap.org/node/9890569518,24.5329825,-99.2019028
node/9890559109,9890559109,node,Mexico,generator,Missing output tag,none,"tags: {'generator:method': 'wind_turbine', 'generator:source': 'wind', 'power': 'generator'}",2026-07-01 02:06:25.371829,https://www.openstreetmap.org/node/9890559109,24.5047322,-99.2944552
node/9890559106,9890559106,node,Mexico,generator,Missing output tag,none,"tags: {'generator:method': 'wind_turbine', 'generator:source': 'wind', 'power': 'generator'}",2026-07-01 02:06:25.371903,https://www.openstreetmap.org/node/9890559106,24.505698,-99.2906905
node/9890559107,9890559107,node,Mexico,generator,Missing output tag,none,"tags: {'generator:method': 'wind_turbine', 'generator:source': 'wind', 'power': 'generator'}",2026-07-01 02:06:25.371978,https://www.openstreetmap.org/node/9890559107,24.5052276,-99.2925753
node/9890559104,9890559104,node,Mexico,generator,Missing output tag,none,"tags: {'generator:method': 'wind_turbine', 'generator:source': 'wind', 'power': 'generator'}",2026-07-01 02:06:25.372052,https://www.openstreetmap.org/node/9890559104,24.5066693,-99.2869262
node/9890559105,9890559105,node,Mexico,generator,Missing output tag,none,"tags: {'generator:method': 'wind_turbine', 'generator:source': 'wind', 'power': 'generator'}",2026-07-01 02:06:25.372126,https://www.openstreetmap.org/node/9890559105,24.5061973,-99.2888246
node/9890559108,9890559108,node,Mexico,generator,Missing output tag,none,"tags: {'generator:method': 'wind_turbine', 'generator:source': 'wind', 'power': 'generator'}",2026-07-01 02:06:25.372200,https://www.openstreetmap.org/node/9890559108,24.5042392,-99.2963356
node/9890559101,9890559101,node,Mexico,generator,Missing output tag,none,"tags: {'generator:method': 'wind_turbine', 'generator:source': 'wind', 'power': 'generator'}",2026-07-01 02:06:25.372274,https://www.openstreetmap.org/node/9890559101,24.508147,-99.2812921
node/9890559102,9890559102,node,Mexico,generator,Missing output tag,none,"tags: {'generator:method': 'wind_turbine', 'generator:source': 'wind', 'power': 'generator'}",2026-07-01 02:06:25.372349,https://www.openstreetmap.org/node/9890559102,24.5076579,-99.2831729
node/9890559103,9890559103,node,Mexico,generator,Missing output tag,none,"tags: {'generator:method': 'wind_turbine', 'generator:source': 'wind', 'power': 'generator'}",2026-07-01 02:06:25.372423,https://www.openstreetmap.org/node/9890559103,24.5071832,-99.285053
node/9890559100,9890559100,node,Mexico,generator,Missing output tag,none,"tags: {'generator:method': 'wind_turbine', 'generator:source': 'wind', 'power': 'generator'}",2026-07-01 02:06:25.372508,https://www.openstreetmap.org/node/9890559100,24.5086296,-99.2793942
node/9890559091,9890559091,node,Mexico,generator,Missing output tag,none,"tags: {'generator:method': 'wind_turbine', 'generator:source': 'wind', 'power': 'generator'}",2026-07-01 02:06:25.372583,https://www.openstreetmap.org/node/9890559091,24.5218927,-99.25221
node/9890559086,9890559086,node,Mexico,generator,Missing output tag,none,"tags: {'generator:method': 'wind_turbine', 'generator:source': 'wind', 'power': 'generator'}",2026-07-01 02:06:25.372657,https://www.openstreetmap.org/node/9890559086,24.524329,-99.2428109
node/9890559088,9890559088,node,Mexico,generator,Missing output tag,none,"tags: {'generator:method': 'wind_turbine', 'generator:source': 'wind', 'power': 'generator'}",2026-07-01 02:06:25.372731,https://www.openstreetmap.org/node/9890559088,24.5233607,-99.2465734
node/9890559087,9890559087,node,Mexico,generator,Missing output tag,none,"tags: {'generator:method': 'wind_turbine', 'generator:source': 'wind', 'power': 'generator'}",2026-07-01 02:06:25.372805,https://www.openstreetmap.org/node/9890559087,24.5238571,-99.2446827
node/9890559094,9890559094,node,Mexico,generator,Missing output tag,none,"tags: {'generator:method': 'wind_turbine', 'generator:source': 'wind', 'power': 'generator'}",2026-07-01 02:06:25.372879,https://www.openstreetmap.org/node/9890559094,24.5204378,-99.2578448
node/9890559089,9890559089,node,Mexico,generator,Missing output tag,none,"tags: {'generator:method': 'wind_turbine', 'generator:source': 'wind', 'power': 'generator'}",2026-07-01 02:06:25.372953,https://www.openstreetmap.org/node/9890559089,24.5228752,-99.2484393
node/9890559096,9890559096,node,Mexico,generator,Missing output tag,none,"tags: {'generator:method': 'wind_turbine', 'generator:source': 'wind', 'power': 'generator'}",2026-07-01 02:06:25.373026,https://www.openstreetmap.org/node/9890559096,24.5189729,-99.2634793
node/9890559095,9890559095,node,Mexico,generator,Missing output tag,none,"tags: {'generator:method': 'wind_turbine', 'generator:source': 'wind', 'power': 'generator'}",2026-07-01 02:06:25.373101,https://www.openstreetmap.org/node/9890559095,24.5194666,-99.2616096
node/9890559097,9890559097,node,Mexico,generator,Missing output tag,none,"tags: {'generator:method': 'wind_turbine', 'generator:source': 'wind', 'power': 'generator'}",2026-07-01 02:06:25.373175,https://www.openstreetmap.org/node/9890559097,24.5184852,-99.2653525
node/9890559092,9890559092,node,Mexico,generator,Missing output tag,none,"tags: {'generator:method': 'wind_turbine', 'generator:source': 'wind', 'power': 'generator'}",2026-07-01 02:06:25.373249,https://www.openstreetmap.org/node/9890559092,24.5214119,-99.2540887
node/9890559093,9890559093,node,Mexico,generator,Missing output tag,none,"tags: {'generator:method': 'wind_turbine', 'generator:source': 'wind', 'power': 'generator'}",2026-07-01 02:06:25.373324,https://www.openstreetmap.org/node/9890559093,24.5209204,-99.2559726
node/9890559090,9890559090,node,Mexico,generator,Missing output tag,none,"tags: {'generator:method': 'wind_turbine', 'generator:source': 'wind', 'power': 'generator'}",2026-07-01 02:06:25.373399,https://www.openstreetmap.org/node/9890559090,24.5223937,-99.2503292
node/9890559098,9890559098,node,Mexico,generator,Missing output tag,none,"tags: {'generator:method': 'wind_turbine', 'generator:source': 'wind', 'power': 'generator'}",2026-07-01 02:06:25.373482,https://www.openstreetmap.org/node/9890559098,24.517989,-99.2672354
node/9890559099,9890559099,node,Mexico,generator,Missing output tag,none,"tags: {'generator:method': 'wind_turbine', 'generator:source': 'wind', 'power': 'generator'}",2026-07-01 02:06:25.373556,https://www.openstreetmap.org/node/9890559099,24.5175102,-99.2691281
node/9890559116,9890559116,node,Mexico,generator,Missing output tag,none,"tags: {'generator:method': 'wind_turbine', 'generator:source': 'wind', 'power': 'generator'}",2026-07-01 02:06:25.373630,https://www.openstreetmap.org/node/9890559116,24.5259875,-99.2357599
node/9890559114,9890559114,node,Mexico,generator,Missing output tag,none,"tags: {'generator:method': 'wind_turbine', 'generator:source': 'wind', 'power': 'generator'}",2026-07-01 02:06:25.373704,https://www.openstreetmap.org/node/9890559114,24.5270415,-99.2317186
node/9890559115,9890559115,node,Mexico,generator,Missing output tag,none,"tags: {'generator:method': 'wind_turbine', 'generator:source': 'wind', 'power': 'generator'}",2026-07-01 02:06:25.373779,https://www.openstreetmap.org/node/9890559115,24.5265766,-99.2336016
node/9890559110,9890559110,node,Mexico,generator,Missing output tag,none,"tags: {'generator:method': 'wind_turbine', 'generator:source': 'wind', 'power': 'generator'}",2026-07-01 02:06:25.373854,https://www.openstreetmap.org/node/9890559110,24.5290451,-99.2242039
node/9890559112,9890559112,node,Mexico,generator,Missing output tag,none,"tags: {'generator:method': 'wind_turbine', 'generator:source': 'wind', 'power': 'generator'}",2026-07-01 02:06:25.373929,https://www.openstreetmap.org/node/9890559112,24.5280251,-99.2279531
node/9890559111,9890559111,node,Mexico,generator,Missing output tag,none,"tags: {'generator:method': 'wind_turbine', 'generator:source': 'wind', 'power': 'generator'}",2026-07-01 02:06:25.374003,https://www.openstreetmap.org/node/9890559111,24.5285471,-99.2260505
node/9890559113,9890559113,node,Mexico,generator,Missing output tag,none,"tags: {'generator:method': 'wind_turbine', 'generator:source': 'wind', 'power': 'generator'}",2026-07-01 02:06:25.374077,https://www.openstreetmap.org/node/9890559113,24.5275314,-99.229835
node/9895765911,9895765911,node,Mexico,generator,Missing output tag,none,"tags: {'generator:method': 'wind_turbine', 'generator:source': 'wind', 'power': 'generator'}",2026-07-01 02:06:25.379559,https://www.openstreetmap.org/node/9895765911,23.8914324,-101.4972385
node/9895765884,9895765884,node,Mexico,generator,Missing output tag,none,"tags: {'generator:method': 'wind_turbine', 'generator:source': 'wind', 'power': 'generator'}",2026-07-01 02:06:25.379641,https://www.openstreetmap.org/node/9895765884,23.8465029,-101.5589509
node/9895765888,9895765888,node,Mexico,generator,Missing output tag,none,"tags: {'generator:method': 'wind_turbine', 'generator:source': 'wind', 'power': 'generator'}",2026-07-01 02:06:25.379720,https://www.openstreetmap.org/node/9895765888,23.8735737,-101.5857722
node/9895765916,9895765916,node,Mexico,generator,Missing output tag,none,"tags: {'generator:method': 'wind_turbine', 'generator:source': 'wind', 'power': 'generator'}",2026-07-01 02:06:25.379797,https://www.openstreetmap.org/node/9895765916,23.9103721,-101.4836394
node/9895766617,9895766617,node,Mexico,generator,Missing output tag,none,"tags: {'generator:method': 'wind_turbine', 'generator:source': 'wind', 'power': 'generator'}",2026-07-01 02:06:25.379873,https://www.openstreetmap.org/node/9895766617,23.9093816,-101.4759059
node/9895765897,9895765897,node,Mexico,generator,Missing output tag,none,"tags: {'generator:method': 'wind_turbine', 'generator:source': 'wind', 'power': 'generator'}",2026-07-01 02:06:25.379950,https://www.openstreetmap.org/node/9895765897,23.8722734,-101.5146088
node/9895765886,9895765886,node,Mexico,generator,Missing output tag,none,"tags: {'generator:method': 'wind_turbine', 'generator:source': 'wind', 'power': 'generator'}",2026-07-01 02:06:25.380026,https://www.openstreetmap.org/node/9895765886,23.865613,-101.5736955
node/9895765890,9895765890,node,Mexico,generator,Missing output tag,none,"tags: {'generator:method': 'wind_turbine', 'generator:source': 'wind', 'power': 'generator'}",2026-07-01 02:06:25.380103,https://www.openstreetmap.org/node/9895765890,23.8791607,-101.5866852
node/9895766619,9895766619,node,Mexico,generator,Missing output tag,none,"tags: {'generator:method': 'wind_turbine', 'generator:source': 'wind', 'power': 'generator'}",2026-07-01 02:06:25.380179,https://www.openstreetmap.org/node/9895766619,23.9140606,-101.4492496
node/9895765899,9895765899,node,Mexico,generator,Missing output tag,none,"tags: {'generator:method': 'wind_turbine', 'generator:source': 'wind', 'power': 'generator'}",2026-07-01 02:06:25.380256,https://www.openstreetmap.org/node/9895765899,23.860606,-101.4842725
node/9895765872,9895765872,node,Mexico,generator,Missing output tag,none,"tags: {'generator:method': 'wind_turbine', 'generator:source': 'wind', 'power': 'generator'}",2026-07-01 02:06:25.380332,https://www.openstreetmap.org/node/9895765872,23.8744079,-101.5319139
node/9895765892,9895765892,node,Mexico,generator,Missing output tag,none,"tags: {'generator:method': 'wind_turbine', 'generator:source': 'wind', 'power': 'generator'}",2026-07-01 02:06:25.380409,https://www.openstreetmap.org/node/9895765892,23.8660723,-101.5610592
node/9895765904,9895765904,node,Mexico,generator,Missing output tag,none,"tags: {'generator:method': 'wind_turbine', 'generator:source': 'wind', 'power': 'generator'}",2026-07-01 02:06:25.380497,https://www.openstreetmap.org/node/9895765904,23.8764072,-101.4752687
node/9895765881,9895765881,node,Mexico,generator,Missing output tag,none,"tags: {'generator:method': 'wind_turbine', 'generator:source': 'wind', 'power': 'generator'}",2026-07-01 02:06:25.380574,https://www.openstreetmap.org/node/9895765881,23.8541033,-101.5599843
node/9895765901,9895765901,node,Mexico,generator,Missing output tag,none,"tags: {'generator:method': 'wind_turbine', 'generator:source': 'wind', 'power': 'generator'}",2026-07-01 02:06:25.380655,https://www.openstreetmap.org/node/9895765901,23.8715047,-101.4884942
node/9895765913,9895765913,node,Mexico,generator,Missing output tag,none,"tags: {'generator:method': 'wind_turbine', 'generator:source': 'wind', 'power': 'generator'}",2026-07-01 02:06:25.380757,https://www.openstreetmap.org/node/9895765913,23.8975637,-101.508704
node/9895765874,9895765874,node,Mexico,generator,Missing output tag,none,"tags: {'generator:method': 'wind_turbine', 'generator:source': 'wind', 'power': 'generator'}",2026-07-01 02:06:25.380832,https://www.openstreetmap.org/node/9895765874,23.887853,-101.5456718
node/9895765894,9895765894,node,Mexico,generator,Missing output tag,none,"tags: {'generator:method': 'wind_turbine', 'generator:source': 'wind', 'power': 'generator'}",2026-07-01 02:06:25.380909,https://www.openstreetmap.org/node/9895765894,23.9070158,-101.5428143
node/9895765906,9895765906,node,Mexico,generator,Missing output tag,none,"tags: {'generator:method': 'wind_turbine', 'generator:source': 'wind', 'power': 'generator'}",2026-07-01 02:06:25.380985,https://www.openstreetmap.org/node/9895765906,23.8661751,-101.4723547
node/9895765871,9895765871,node,Mexico,generator,Missing output tag,none,"tags: {'generator:method': 'wind_turbine', 'generator:source': 'wind', 'power': 'generator'}",2026-07-01 02:06:25.381061,https://www.openstreetmap.org/node/9895765871,23.8773679,-101.5378007
node/9895765883,9895765883,node,Mexico,generator,Missing output tag,none,"tags: {'generator:method': 'wind_turbine', 'generator:source': 'wind', 'power': 'generator'}",2026-07-01 02:06:25.381137,https://www.openstreetmap.org/node/9895765883,23.8593987,-101.566992
node/9895765903,9895765903,node,Mexico,generator,Missing output tag,none,"tags: {'generator:method': 'wind_turbine', 'generator:source': 'wind', 'power': 'generator'}",2026-07-01 02:06:25.381214,https://www.openstreetmap.org/node/9895765903,23.8799601,-101.475138
node/9895765915,9895765915,node,Mexico,generator,Missing output tag,none,"tags: {'generator:method': 'wind_turbine', 'generator:source': 'wind', 'power': 'generator'}",2026-07-01 02:06:25.381291,https://www.openstreetmap.org/node/9895765915,23.9027726,-101.4915971
node/9895765876,9895765876,node,Mexico,generator,Missing output tag,none,"tags: {'generator:method': 'wind_turbine', 'generator:source': 'wind', 'power': 'generator'}",2026-07-01 02:06:25.381368,https://www.openstreetmap.org/node/9895765876,23.8758015,-101.5586678
node/9895765908,9895765908,node,Mexico,generator,Missing output tag,none,"tags: {'generator:method': 'wind_turbine', 'generator:source': 'wind', 'power': 'generator'}",2026-07-01 02:06:25.381445,https://www.openstreetmap.org/node/9895765908,23.8715389,-101.4647706
node/9898114351,9898114351,node,Mexico,generator,Missing output tag,none,"tags: {'generator:method': 'wind_turbine', 'generator:source': 'wind', 'power': 'generator'}",2026-07-01 02:06:25.381531,https://www.openstreetmap.org/node/9898114351,23.8956279,-101.4859585
node/9895765885,9895765885,node,Mexico,generator,Missing output tag,none,"tags: {'generator:method': 'wind_turbine', 'generator:source': 'wind', 'power': 'generator'}",2026-07-01 02:06:25.381607,https://www.openstreetmap.org/node/9895765885,23.8609154,-101.5766964
node/9895765889,9895765889,node,Mexico,generator,Missing output tag,none,"tags: {'generator:method': 'wind_turbine', 'generator:source': 'wind', 'power': 'generator'}",2026-07-01 02:06:25.381683,https://www.openstreetmap.org/node/9895765889,23.8757035,-101.5786627
node/9895765878,9895765878,node,Mexico,generator,Missing output tag,none,"tags: {'generator:method': 'wind_turbine', 'generator:source': 'wind', 'power': 'generator'}",2026-07-01 02:06:25.381760,https://www.openstreetmap.org/node/9895765878,23.8538985,-101.5525701
node/9895765910,9895765910,node,Mexico,generator,Missing output tag,none,"tags: {'generator:method': 'wind_turbine', 'generator:source': 'wind', 'power': 'generator'}",2026-07-01 02:06:25.381836,https://www.openstreetmap.org/node/9895765910,23.8887851,-101.4810242
node/9895765887,9895765887,node,Mexico,generator,Missing output tag,none,"tags: {'generator:method': 'wind_turbine', 'generator:source': 'wind', 'power': 'generator'}",2026-07-01 02:06:25.381912,https://www.openstreetmap.org/node/9895765887,23.868923,-101.5830034
node/9895765891,9895765891,node,Mexico,generator,Missing output tag,none,"tags: {'generator:method': 'wind_turbine', 'generator:source': 'wind', 'power': 'generator'}",2026-07-01 02:06:25.381988,https://www.openstreetmap.org/node/9895765891,23.8849481,-101.5922395
node/9895765896,9895765896,node,Mexico,generator,Missing output tag,none,"tags: {'generator:method': 'wind_turbine', 'generator:source': 'wind', 'power': 'generator'}",2026-07-01 02:06:25.382065,https://www.openstreetmap.org/node/9895765896,23.9081328,-101.5363826
node/9895765873,9895765873,node,Mexico,generator,Missing output tag,none,"tags: {'generator:method': 'wind_turbine', 'generator:source': 'wind', 'power': 'generator'}",2026-07-01 02:06:25.382141,https://www.openstreetmap.org/node/9895765873,23.8823128,-101.5420335
node/9895765893,9895765893,node,Mexico,generator,Missing output tag,none,"tags: {'generator:method': 'wind_turbine', 'generator:source': 'wind', 'power': 'generator'}",2026-07-01 02:06:25.382217,https://www.openstreetmap.org/node/9895765893,23.9023049,-101.5448063
node/9895765905,9895765905,node,Mexico,generator,Missing output tag,none,"tags: {'generator:method': 'wind_turbine', 'generator:source': 'wind', 'power': 'generator'}",2026-07-01 02:06:25.382293,https://www.openstreetmap.org/node/9895765905,23.8728884,-101.4753061
node/9895766618,9895766618,node,Mexico,generator,Missing output tag,none,"tags: {'generator:method': 'wind_turbine', 'generator:source': 'wind', 'power': 'generator'}",2026-07-01 02:06:25.382428,https://www.openstreetmap.org/node/9895766618,23.9096377,-101.4546481
node/9895765898,9895765898,node,Mexico,generator,Missing output tag,none,"tags: {'generator:method': 'wind_turbine', 'generator:source': 'wind', 'power': 'generator'}",2026-07-01 02:06:25.382517,https://www.openstreetmap.org/node/9895765898,23.8675073,-101.5113627
node/9895765875,9895765875,node,Mexico,generator,Missing output tag,none,"tags: {'generator:method': 'wind_turbine', 'generator:source': 'wind', 'power': 'generator'}",2026-07-01 02:06:25.382595,https://www.openstreetmap.org/node/9895765875,23.8910169,-101.55288
node/9895765895,9895765895,node,Mexico,generator,Missing output tag,none,"tags: {'generator:method': 'wind_turbine', 'generator:source': 'wind', 'power': 'generator'}",2026-07-01 02:06:25.382672,https://www.openstreetmap.org/node/9895765895,23.9102787,-101.5426116
node/9895765907,9895765907,node,Mexico,generator,Missing output tag,none,"tags: {'generator:method': 'wind_turbine', 'generator:source': 'wind', 'power': 'generator'}",2026-07-01 02:06:25.382748,https://www.openstreetmap.org/node/9895765907,23.8625705,-101.472392
node/9895765880,9895765880,node,Mexico,generator,Missing output tag,none,"tags: {'generator:method': 'wind_turbine', 'generator:source': 'wind', 'power': 'generator'}",2026-07-01 02:06:25.382826,https://www.openstreetmap.org/node/9895765880,23.8508146,-101.5366964
node/9895765900,9895765900,node,Mexico,generator,Missing output tag,none,"tags: {'generator:method': 'wind_turbine', 'generator:source': 'wind', 'power': 'generator'}",2026-07-01 02:06:25.382902,https://www.openstreetmap.org/node/9895765900,23.8655601,-101.4847021
node/9895765912,9895765912,node,Mexico,generator,Missing output tag,none,"tags: {'generator:method': 'wind_turbine', 'generator:source': 'wind', 'power': 'generator'}",2026-07-01 02:06:25.382979,https://www.openstreetmap.org/node/9895765912,23.8905784,-101.5032534
node/9895765877,9895765877,node,Mexico,generator,Missing output tag,none,"tags: {'generator:method': 'wind_turbine', 'generator:source': 'wind', 'power': 'generator'}",2026-07-01 02:06:25.383056,https://www.openstreetmap.org/node/9895765877,23.8584735,-101.5505975
node/9895765909,9895765909,node,Mexico,generator,Missing output tag,none,"tags: {'generator:method': 'wind_turbine', 'generator:source': 'wind', 'power': 'generator'}",2026-07-01 02:06:25.383132,https://www.openstreetmap.org/node/9895765909,23.888136,-101.4745423
node/9895765882,9895765882,node,Mexico,generator,Missing output tag,none,"tags: {'generator:method': 'wind_turbine', 'generator:source': 'wind', 'power': 'generator'}",2026-07-01 02:06:25.383208,https://www.openstreetmap.org/node/9895765882,23.8517342,-101.5659805
node/9895765902,9895765902,node,Mexico,generator,Missing output tag,none,"tags: {'generator:method': 'wind_turbine', 'generator:source': 'wind', 'power': 'generator'}",2026-07-01 02:06:25.383286,https://www.openstreetmap.org/node/9895765902,23.8748528,-101.4881579
node/9895765914,9895765914,node,Mexico,generator,Missing output tag,none,"tags: {'generator:method': 'wind_turbine', 'generator:source': 'wind', 'power': 'generator'}",2026-07-01 02:06:25.383362,https://www.openstreetmap.org/node/9895765914,23.903729,-101.5106881
node/9895765879,9895765879,node,Mexico,generator,Missing output tag,none,"tags: {'generator:method': 'wind_turbine', 'generator:source': 'wind', 'power': 'generator'}",2026-07-01 02:06:25.383439,https://www.openstreetmap.org/node/9895765879,23.8519281,-101.5417221
node/9895794174,9895794174,node,Mexico,generator,Missing output tag,none,"tags: {'generator:method': 'wind_turbine', 'generator:source': 'wind', 'power': 'generator'}",2026-07-01 02:06:25.388251,https://www.openstreetmap.org/node/9895794174,21.8673596,-101.8604091
node/9895794147,9895794147,node,Mexico,generator,Missing output tag,none,"tags: {'generator:method': 'wind_turbine', 'generator:source': 'wind', 'power': 'generator'}",2026-07-01 02:06:25.388335,https://www.openstreetmap.org/node/9895794147,21.8438957,-101.8434288
node/9895794179,9895794179,node,Mexico,generator,Missing output tag,none,"tags: {'generator:method': 'wind_turbine', 'generator:source': 'wind', 'power': 'generator'}",2026-07-01 02:06:25.388416,https://www.openstreetmap.org/node/9895794179,21.8545824,-101.8534788
node/9895794165,9895794165,node,Mexico,generator,Missing output tag,none,"tags: {'generator:method': 'wind_turbine', 'generator:source': 'wind', 'power': 'generator'}",2026-07-01 02:06:25.388517,https://www.openstreetmap.org/node/9895794165,21.8989578,-101.8431442
node/9895794150,9895794150,node,Mexico,generator,Missing output tag,none,"tags: {'generator:method': 'wind_turbine', 'generator:source': 'wind', 'power': 'generator'}",2026-07-01 02:06:25.388598,https://www.openstreetmap.org/node/9895794150,21.8671668,-101.8379571
node/9895794152,9895794152,node,Mexico,generator,Missing output tag,none,"tags: {'generator:method': 'wind_turbine', 'generator:source': 'wind', 'power': 'generator'}",2026-07-01 02:06:25.388677,https://www.openstreetmap.org/node/9895794152,21.8592309,-101.8372919
node/9895794141,9895794141,node,Mexico,generator,Missing output tag,none,"tags: {'generator:method': 'wind_turbine', 'generator:source': 'wind', 'power': 'generator'}",2026-07-01 02:06:25.388755,https://www.openstreetmap.org/node/9895794141,21.8654243,-101.8457247
node/9895794170,9895794170,node,Mexico,generator,Missing output tag,none,"tags: {'generator:method': 'wind_turbine', 'generator:source': 'wind', 'power': 'generator'}",2026-07-01 02:06:25.388834,https://www.openstreetmap.org/node/9895794170,21.880869,-101.8414168
node/9895794159,9895794159,node,Mexico,generator,Missing output tag,none,"tags: {'generator:method': 'wind_turbine', 'generator:source': 'wind', 'power': 'generator'}",2026-07-01 02:06:25.388912,https://www.openstreetmap.org/node/9895794159,21.9007895,-101.8581002
node/9895794161,9895794161,node,Mexico,generator,Missing output tag,none,"tags: {'generator:method': 'wind_turbine', 'generator:source': 'wind', 'power': 'generator'}",2026-07-01 02:06:25.388991,https://www.openstreetmap.org/node/9895794161,21.9051097,-101.8588297
node/9895794146,9895794146,node,Mexico,generator,Missing output tag,none,"tags: {'generator:method': 'wind_turbine', 'generator:source': 'wind', 'power': 'generator'}",2026-07-01 02:06:25.389069,https://www.openstreetmap.org/node/9895794146,21.8467039,-101.8446948
node/9895794178,9895794178,node,Mexico,generator,Missing output tag,none,"tags: {'generator:method': 'wind_turbine', 'generator:source': 'wind', 'power': 'generator'}",2026-07-01 02:06:25.389147,https://www.openstreetmap.org/node/9895794178,21.8588994,-101.8531239
node/9895794164,9895794164,node,Mexico,generator,Missing output tag,none,"tags: {'generator:method': 'wind_turbine', 'generator:source': 'wind', 'power': 'generator'}",2026-07-01 02:06:25.389225,https://www.openstreetmap.org/node/9895794164,21.9013469,-101.8468349
node/9895794137,9895794137,node,Mexico,generator,Missing output tag,none,"tags: {'generator:method': 'wind_turbine', 'generator:source': 'wind', 'power': 'generator'}",2026-07-01 02:06:25.389304,https://www.openstreetmap.org/node/9895794137,21.8770138,-101.8558742
node/9895794155,9895794155,node,Mexico,generator,Missing output tag,none,"tags: {'generator:method': 'wind_turbine', 'generator:source': 'wind', 'power': 'generator'}",2026-07-01 02:06:25.389382,https://www.openstreetmap.org/node/9895794155,21.8864144,-101.8572633
node/9895794140,9895794140,node,Mexico,generator,Missing output tag,none,"tags: {'generator:method': 'wind_turbine', 'generator:source': 'wind', 'power': 'generator'}",2026-07-01 02:06:25.389471,https://www.openstreetmap.org/node/9895794140,21.8693474,-101.8465938
node/9895794173,9895794173,node,Mexico,generator,Missing output tag,none,"tags: {'generator:method': 'wind_turbine', 'generator:source': 'wind', 'power': 'generator'}",2026-07-01 02:06:25.389549,https://www.openstreetmap.org/node/9895794173,21.8710694,-101.8602223
node/9895794158,9895794158,node,Mexico,generator,Missing output tag,none,"tags: {'generator:method': 'wind_turbine', 'generator:source': 'wind', 'power': 'generator'}",2026-07-01 02:06:25.389628,https://www.openstreetmap.org/node/9895794158,21.8971062,-101.8579499
node/9895794160,9895794160,node,Mexico,generator,Missing output tag,none,"tags: {'generator:method': 'wind_turbine', 'generator:source': 'wind', 'power': 'generator'}",2026-07-01 02:06:25.389707,https://www.openstreetmap.org/node/9895794160,21.9021433,-101.8651597
node/9895794149,9895794149,node,Mexico,generator,Missing output tag,none,"tags: {'generator:method': 'wind_turbine', 'generator:source': 'wind', 'power': 'generator'}",2026-07-01 02:06:25.389787,https://www.openstreetmap.org/node/9895794149,21.8376515,-101.839502
node/9895794167,9895794167,node,Mexico,generator,Missing output tag,none,"tags: {'generator:method': 'wind_turbine', 'generator:source': 'wind', 'power': 'generator'}",2026-07-01 02:06:25.389865,https://www.openstreetmap.org/node/9895794167,21.8895802,-101.8472426
node/9895794169,9895794169,node,Mexico,generator,Missing output tag,none,"tags: {'generator:method': 'wind_turbine', 'generator:source': 'wind', 'power': 'generator'}",2026-07-01 02:06:25.389943,https://www.openstreetmap.org/node/9895794169,21.8834277,-101.8445604
node/9895794154,9895794154,node,Mexico,generator,Missing output tag,none,"tags: {'generator:method': 'wind_turbine', 'generator:source': 'wind', 'power': 'generator'}",2026-07-01 02:06:25.390022,https://www.openstreetmap.org/node/9895794154,21.8815162,-101.8551819
node/9895794143,9895794143,node,Mexico,generator,Missing output tag,none,"tags: {'generator:method': 'wind_turbine', 'generator:source': 'wind', 'power': 'generator'}",2026-07-01 02:06:25.390100,https://www.openstreetmap.org/node/9895794143,21.8581555,-101.8441369
node/9895794172,9895794172,node,Mexico,generator,Missing output tag,none,"tags: {'generator:method': 'wind_turbine', 'generator:source': 'wind', 'power': 'generator'}",2026-07-01 02:06:25.390179,https://www.openstreetmap.org/node/9895794172,21.8740391,-101.8392389
node/9895794145,9895794145,node,Mexico,generator,Missing output tag,none,"tags: {'generator:method': 'wind_turbine', 'generator:source': 'wind', 'power': 'generator'}",2026-07-01 02:06:25.390258,https://www.openstreetmap.org/node/9895794145,21.8502192,-101.8453063
node/9895794177,9895794177,node,Mexico,generator,Missing output tag,none,"tags: {'generator:method': 'wind_turbine', 'generator:source': 'wind', 'power': 'generator'}",2026-07-01 02:06:25.390433,https://www.openstreetmap.org/node/9895794177,21.8632335,-101.8526756
node/9895794163,9895794163,node,Mexico,generator,Missing output tag,none,"tags: {'generator:method': 'wind_turbine', 'generator:source': 'wind', 'power': 'generator'}",2026-07-01 02:06:25.390522,https://www.openstreetmap.org/node/9895794163,21.904058,-101.8498496
node/9895794148,9895794148,node,Mexico,generator,Missing output tag,none,"tags: {'generator:method': 'wind_turbine', 'generator:source': 'wind', 'power': 'generator'}",2026-07-01 02:06:25.390605,https://www.openstreetmap.org/node/9895794148,21.8403404,-101.8414976
node/9895794166,9895794166,node,Mexico,generator,Missing output tag,none,"tags: {'generator:method': 'wind_turbine', 'generator:source': 'wind', 'power': 'generator'}",2026-07-01 02:06:25.390684,https://www.openstreetmap.org/node/9895794166,21.8932437,-101.8468992
node/9895794139,9895794139,node,Mexico,generator,Missing output tag,none,"tags: {'generator:method': 'wind_turbine', 'generator:source': 'wind', 'power': 'generator'}",2026-07-01 02:06:25.390764,https://www.openstreetmap.org/node/9895794139,21.8721651,-101.8487503
node/9895794168,9895794168,node,Mexico,generator,Missing output tag,none,"tags: {'generator:method': 'wind_turbine', 'generator:source': 'wind', 'power': 'generator'}",2026-07-01 02:06:25.390843,https://www.openstreetmap.org/node/9895794168,21.8858369,-101.84691
node/9895794157,9895794157,node,Mexico,generator,Missing output tag,none,"tags: {'generator:method': 'wind_turbine', 'generator:source': 'wind', 'power': 'generator'}",2026-07-01 02:06:25.390921,https://www.openstreetmap.org/node/9895794157,21.8936021,-101.8571346
node/9895794142,9895794142,node,Mexico,generator,Missing output tag,none,"tags: {'generator:method': 'wind_turbine', 'generator:source': 'wind', 'power': 'generator'}",2026-07-01 02:06:25.391000,https://www.openstreetmap.org/node/9895794142,21.8614315,-101.8460359
node/9895794175,9895794175,node,Mexico,generator,Missing output tag,none,"tags: {'generator:method': 'wind_turbine', 'generator:source': 'wind', 'power': 'generator'}",2026-07-01 02:06:25.391079,https://www.openstreetmap.org/node/9895794175,21.8634589,-101.8604465
node/9895794144,9895794144,node,Mexico,generator,Missing output tag,none,"tags: {'generator:method': 'wind_turbine', 'generator:source': 'wind', 'power': 'generator'}",2026-07-01 02:06:25.391158,https://www.openstreetmap.org/node/9895794144,21.8542621,-101.8450381
node/9895794176,9895794176,node,Mexico,generator,Missing output tag,none,"tags: {'generator:method': 'wind_turbine', 'generator:source': 'wind', 'power': 'generator'}",2026-07-01 02:06:25.391237,https://www.openstreetmap.org/node/9895794176,21.8661981,-101.8538457
node/9895794162,9895794162,node,Mexico,generator,Missing output tag,none,"tags: {'generator:method': 'wind_turbine', 'generator:source': 'wind', 'power': 'generator'}",2026-07-01 02:06:25.391316,https://www.openstreetmap.org/node/9895794162,21.9067123,-101.8522358
node/9895794151,9895794151,node,Mexico,generator,Missing output tag,none,"tags: {'generator:method': 'wind_turbine', 'generator:source': 'wind', 'power': 'generator'}",2026-07-01 02:06:25.391395,https://www.openstreetmap.org/node/9895794151,21.8628853,-101.838633
node/9895794153,9895794153,node,Mexico,generator,Missing output tag,none,"tags: {'generator:method': 'wind_turbine', 'generator:source': 'wind', 'power': 'generator'}",2026-07-01 02:06:25.391483,https://www.openstreetmap.org/node/9895794153,21.8567615,-101.8350925
node/9895794138,9895794138,node,Mexico,generator,Missing output tag,none,"tags: {'generator:method': 'wind_turbine', 'generator:source': 'wind', 'power': 'generator'}",2026-07-01 02:06:25.391562,https://www.openstreetmap.org/node/9895794138,21.8746741,-101.8511643
node/9895794171,9895794171,node,Mexico,generator,Missing output tag,none,"tags: {'generator:method': 'wind_turbine', 'generator:source': 'wind', 'power': 'generator'}",2026-07-01 02:06:25.391640,https://www.openstreetmap.org/node/9895794171,21.8789973,-101.8376939
node/9895794156,9895794156,node,Mexico,generator,Missing output tag,none,"tags: {'generator:method': 'wind_turbine', 'generator:source': 'wind', 'power': 'generator'}",2026-07-01 02:06:25.391719,https://www.openstreetmap.org/node/9895794156,21.8898988,-101.8570702
node/9898116251,9898116251,node,Mexico,generator,Missing output tag,none,"tags: {'generator:method': 'wind_turbine', 'generator:source': 'wind', 'power': 'generator'}",2026-07-01 02:06:25.396639,https://www.openstreetmap.org/node/9898116251,22.6669964,-102.6136926
node/9898116236,9898116236,node,Mexico,generator,Missing output tag,none,"tags: {'generator:method': 'wind_turbine', 'generator:source': 'wind', 'power': 'generator'}",2026-07-01 02:06:25.396725,https://www.openstreetmap.org/node/9898116236,22.72097,-102.6143581
node/9898116269,9898116269,node,Mexico,generator,Missing output tag,none,"tags: {'generator:method': 'wind_turbine', 'generator:source': 'wind', 'power': 'generator'}",2026-07-01 02:06:25.396808,https://www.openstreetmap.org/node/9898116269,22.6260963,-102.6646847
node/9898116254,9898116254,node,Mexico,generator,Missing output tag,none,"tags: {'generator:method': 'wind_turbine', 'generator:source': 'wind', 'power': 'generator'}",2026-07-01 02:06:25.396889,https://www.openstreetmap.org/node/9898116254,22.6482536,-102.5878487
node/9898116256,9898116256,node,Mexico,generator,Missing output tag,none,"tags: {'generator:method': 'wind_turbine', 'generator:source': 'wind', 'power': 'generator'}",2026-07-01 02:06:25.396969,https://www.openstreetmap.org/node/9898116256,22.6481854,-102.5768432
node/9898116245,9898116245,node,Mexico,generator,Missing output tag,none,"tags: {'generator:method': 'wind_turbine', 'generator:source': 'wind', 'power': 'generator'}",2026-07-01 02:06:25.397051,https://www.openstreetmap.org/node/9898116245,22.6963337,-102.6096502
node/9898116274,9898116274,node,Mexico,generator,Missing output tag,none,"tags: {'generator:method': 'wind_turbine', 'generator:source': 'wind', 'power': 'generator'}",2026-07-01 02:06:25.397131,https://www.openstreetmap.org/node/9898116274,22.613367,-102.7049979
node/9898116263,9898116263,node,Mexico,generator,Missing output tag,none,"tags: {'generator:method': 'wind_turbine', 'generator:source': 'wind', 'power': 'generator'}",2026-07-01 02:06:25.397212,https://www.openstreetmap.org/node/9898116263,22.6374835,-102.5738288
node/9898116232,9898116232,node,Mexico,generator,Missing output tag,none,"tags: {'generator:method': 'wind_turbine', 'generator:source': 'wind', 'power': 'generator'}",2026-07-01 02:06:25.397292,https://www.openstreetmap.org/node/9898116232,22.6995968,-102.604585
node/9888394559,9888394559,node,Mexico,generator,Missing output tag,none,"tags: {'generator:method': 'wind_turbine', 'generator:source': 'wind', 'power': 'generator'}",2026-07-01 02:06:25.397373,https://www.openstreetmap.org/node/9888394559,22.7167101,-102.5719141
node/9898116265,9898116265,node,Mexico,generator,Missing output tag,none,"tags: {'generator:method': 'wind_turbine', 'generator:source': 'wind', 'power': 'generator'}",2026-07-01 02:06:25.397454,https://www.openstreetmap.org/node/9898116265,22.6469911,-102.5664662
node/9898116250,9898116250,node,Mexico,generator,Missing output tag,none,"tags: {'generator:method': 'wind_turbine', 'generator:source': 'wind', 'power': 'generator'}",2026-07-01 02:06:25.397546,https://www.openstreetmap.org/node/9898116250,22.6687363,-102.603254
node/9888394561,9888394561,node,Mexico,generator,Missing output tag,none,"tags: {'generator:method': 'wind_turbine', 'generator:source': 'wind', 'power': 'generator'}",2026-07-01 02:06:25.397627,https://www.openstreetmap.org/node/9888394561,22.6996534,-102.565027
node/9898116239,9898116239,node,Mexico,generator,Missing output tag,none,"tags: {'generator:method': 'wind_turbine', 'generator:source': 'wind', 'power': 'generator'}",2026-07-01 02:06:25.397707,https://www.openstreetmap.org/node/9898116239,22.7244144,-102.6051396
node/9898116268,9898116268,node,Mexico,generator,Missing output tag,none,"tags: {'generator:method': 'wind_turbine', 'generator:source': 'wind', 'power': 'generator'}",2026-07-01 02:06:25.397787,https://www.openstreetmap.org/node/9898116268,22.6276186,-102.6712501
node/9898116241,9898116241,node,Mexico,generator,Missing output tag,none,"tags: {'generator:method': 'wind_turbine', 'generator:source': 'wind', 'power': 'generator'}",2026-07-01 02:06:25.397868,https://www.openstreetmap.org/node/9898116241,22.7025651,-102.6237514
node/10651844808,10651844808,node,Mexico,generator,Missing output tag,none,"tags: {'generator:method': 'wind_turbine', 'generator:source': 'wind', 'power': 'generator'}",2026-07-01 02:06:25.397948,https://www.openstreetmap.org/node/10651844808,22.6914479,-102.5709657
node/9888394564,9888394564,node,Mexico,generator,Missing output tag,none,"tags: {'generator:method': 'wind_turbine', 'generator:source': 'wind', 'power': 'generator'}",2026-07-01 02:06:25.398028,https://www.openstreetmap.org/node/9888394564,22.6868952,-102.5633284
node/9898116259,9898116259,node,Mexico,generator,Missing output tag,none,"tags: {'generator:method': 'wind_turbine', 'generator:source': 'wind', 'power': 'generator'}",2026-07-01 02:06:25.398109,https://www.openstreetmap.org/node/9898116259,22.6316923,-102.5846814
node/9898116244,9898116244,node,Mexico,generator,Missing output tag,none,"tags: {'generator:method': 'wind_turbine', 'generator:source': 'wind', 'power': 'generator'}",2026-07-01 02:06:25.398189,https://www.openstreetmap.org/node/9898116244,22.7057476,-102.596069
node/9888394555,9888394555,node,Mexico,generator,Missing output tag,none,"tags: {'generator:method': 'wind_turbine', 'generator:source': 'wind', 'power': 'generator'}",2026-07-01 02:06:25.398269,https://www.openstreetmap.org/node/9888394555,22.7070372,-102.5667317
node/9898116277,9898116277,node,Mexico,generator,Missing output tag,none,"tags: {'generator:method': 'wind_turbine', 'generator:source': 'wind', 'power': 'generator'}",2026-07-01 02:06:25.398350,https://www.openstreetmap.org/node/9898116277,22.6243026,-102.7075895
node/9898116262,9898116262,node,Mexico,generator,Missing output tag,none,"tags: {'generator:method': 'wind_turbine', 'generator:source': 'wind', 'power': 'generator'}",2026-07-01 02:06:25.398430,https://www.openstreetmap.org/node/9898116262,22.6171013,-102.5800827
node/9898116235,9898116235,node,Mexico,generator,Missing output tag,none,"tags: {'generator:method': 'wind_turbine', 'generator:source': 'wind', 'power': 'generator'}",2026-07-01 02:06:25.398522,https://www.openstreetmap.org/node/9898116235,22.7186395,-102.6077769
node/9888394558,9888394558,node,Mexico,generator,Missing output tag,none,"tags: {'generator:method': 'wind_turbine', 'generator:source': 'wind', 'power': 'generator'}",2026-07-01 02:06:25.398603,https://www.openstreetmap.org/node/9888394558,22.7039003,-102.5564315
node/9898116264,9898116264,node,Mexico,generator,Missing output tag,none,"tags: {'generator:method': 'wind_turbine', 'generator:source': 'wind', 'power': 'generator'}",2026-07-01 02:06:25.398683,https://www.openstreetmap.org/node/9898116264,22.6429988,-102.5740949
node/9898116253,9898116253,node,Mexico,generator,Missing output tag,none,"tags: {'generator:method': 'wind_turbine', 'generator:source': 'wind', 'power': 'generator'}",2026-07-01 02:06:25.398763,https://www.openstreetmap.org/node/9898116253,22.6610258,-102.6143211
node/9888394560,9888394560,node,Mexico,generator,Missing output tag,none,"tags: {'generator:method': 'wind_turbine', 'generator:source': 'wind', 'power': 'generator'}",2026-07-01 02:06:25.398844,https://www.openstreetmap.org/node/9888394560,22.7028361,-102.5770839
node/9898116238,9898116238,node,Mexico,generator,Missing output tag,none,"tags: {'generator:method': 'wind_turbine', 'generator:source': 'wind', 'power': 'generator'}",2026-07-01 02:06:25.398925,https://www.openstreetmap.org/node/9898116238,22.7256195,-102.6202463
node/9898116271,9898116271,node,Mexico,generator,Missing output tag,none,"tags: {'generator:method': 'wind_turbine', 'generator:source': 'wind', 'power': 'generator'}",2026-07-01 02:06:25.399005,https://www.openstreetmap.org/node/9898116271,22.6140125,-102.6968182
node/9888382940,9888382940,node,Mexico,generator,Missing output tag,none,"tags: {'generator:method': 'wind_turbine', 'generator:source': 'wind', 'power': 'generator'}",2026-07-01 02:06:25.399085,https://www.openstreetmap.org/node/9888382940,22.6916681,-102.5857606
node/9889967339,9889967339,node,Mexico,generator,Missing output tag,none,"tags: {'generator:method': 'wind_turbine', 'generator:source': 'wind', 'power': 'generator'}",2026-07-01 02:06:25.399165,https://www.openstreetmap.org/node/9889967339,22.7027223,-102.5862822
node/9898116240,9898116240,node,Mexico,generator,Missing output tag,none,"tags: {'generator:method': 'wind_turbine', 'generator:source': 'wind', 'power': 'generator'}",2026-07-01 02:06:25.399246,https://www.openstreetmap.org/node/9898116240,22.7074416,-102.6208776
node/9898116273,9898116273,node,Mexico,generator,Missing output tag,none,"tags: {'generator:method': 'wind_turbine', 'generator:source': 'wind', 'power': 'generator'}",2026-07-01 02:06:25.399326,https://www.openstreetmap.org/node/9898116273,22.6088484,-102.7008837
node/9898116258,9898116258,node,Mexico,generator,Missing output tag,none,"tags: {'generator:method': 'wind_turbine', 'generator:source': 'wind', 'power': 'generator'}",2026-07-01 02:06:25.399406,https://www.openstreetmap.org/node/9898116258,22.6372205,-102.5894016
node/9898116247,9898116247,node,Mexico,generator,Missing output tag,none,"tags: {'generator:method': 'wind_turbine', 'generator:source': 'wind', 'power': 'generator'}",2026-07-01 02:06:25.399498,https://www.openstreetmap.org/node/9898116247,22.6835122,-102.6091863
node/9898116276,9898116276,node,Mexico,generator,Missing output tag,none,"tags: {'generator:method': 'wind_turbine', 'generator:source': 'wind', 'power': 'generator'}",2026-07-01 02:06:25.399579,https://www.openstreetmap.org/node/9898116276,22.6168046,-102.7113563
node/9898116249,9898116249,node,Mexico,generator,Missing output tag,none,"tags: {'generator:method': 'wind_turbine', 'generator:source': 'wind', 'power': 'generator'}",2026-07-01 02:06:25.399660,https://www.openstreetmap.org/node/9898116249,22.6772424,-102.596488
node/9898116234,9898116234,node,Mexico,generator,Missing output tag,none,"tags: {'generator:method': 'wind_turbine', 'generator:source': 'wind', 'power': 'generator'}",2026-07-01 02:06:25.399741,https://www.openstreetmap.org/node/9898116234,22.7081465,-102.6068649
node/9898116267,9898116267,node,Mexico,generator,Missing output tag,none,"tags: {'generator:method': 'wind_turbine', 'generator:source': 'wind', 'power': 'generator'}",2026-07-01 02:06:25.399822,https://www.openstreetmap.org/node/9898116267,22.6222104,-102.6754218
node/9898116252,9898116252,node,Mexico,generator,Missing output tag,none,"tags: {'generator:method': 'wind_turbine', 'generator:source': 'wind', 'power': 'generator'}",2026-07-01 02:06:25.399903,https://www.openstreetmap.org/node/9898116252,22.6722048,-102.6152208
node/10651844807,10651844807,node,Mexico,generator,Missing output tag,none,"tags: {'generator:method': 'wind_turbine', 'generator:source': 'wind', 'power': 'generator'}",2026-07-01 02:06:25.399984,https://www.openstreetmap.org/node/10651844807,22.6807185,-102.5677239
node/9888394563,9888394563,node,Mexico,generator,Missing output tag,none,"tags: {'generator:method': 'wind_turbine', 'generator:source': 'wind', 'power': 'generator'}",2026-07-01 02:06:25.400065,https://www.openstreetmap.org/node/9888394563,22.6846583,-102.5740422
node/9898116270,9898116270,node,Mexico,generator,Missing output tag,none,"tags: {'generator:method': 'wind_turbine', 'generator:source': 'wind', 'power': 'generator'}",2026-07-01 02:06:25.400146,https://www.openstreetmap.org/node/9898116270,22.6167896,-102.6888011
node/9898116243,9898116243,node,Mexico,generator,Missing output tag,none,"tags: {'generator:method': 'wind_turbine', 'generator:source': 'wind', 'power': 'generator'}",2026-07-01 02:06:25.400227,https://www.openstreetmap.org/node/9898116243,22.705543,-102.6350997
node/9898116272,9898116272,node,Mexico,generator,Missing output tag,none,"tags: {'generator:method': 'wind_turbine', 'generator:source': 'wind', 'power': 'generator'}",2026-07-01 02:06:25.400309,https://www.openstreetmap.org/node/9898116272,22.6044202,-102.6939988
node/9898116261,9898116261,node,Mexico,generator,Missing output tag,none,"tags: {'generator:method': 'wind_turbine', 'generator:source': 'wind', 'power': 'generator'}",2026-07-01 02:06:25.400390,https://www.openstreetmap.org/node/9898116261,22.6157159,-102.590849
node/9898116246,9898116246,node,Mexico,generator,Missing output tag,none,"tags: {'generator:method': 'wind_turbine', 'generator:source': 'wind', 'power': 'generator'}",2026-07-01 02:06:25.400481,https://www.openstreetmap.org/node/9898116246,22.6897514,-102.6082204
node/9888394557,9888394557,node,Mexico,generator,Missing output tag,none,"tags: {'generator:method': 'wind_turbine', 'generator:source': 'wind', 'power': 'generator'}",2026-07-01 02:06:25.400562,https://www.openstreetmap.org/node/9888394557,22.7134884,-102.5800995
node/9898116248,9898116248,node,Mexico,generator,Missing output tag,none,"tags: {'generator:method': 'wind_turbine', 'generator:source': 'wind', 'power': 'generator'}",2026-07-01 02:06:25.400648,https://www.openstreetmap.org/node/9898116248,22.6855319,-102.6165025
node/9898116237,9898116237,node,Mexico,generator,Missing output tag,none,"tags: {'generator:method': 'wind_turbine', 'generator:source': 'wind', 'power': 'generator'}",2026-07-01 02:06:25.400729,https://www.openstreetmap.org/node/9898116237,22.7265514,-102.6124232
node/9898116266,9898116266,node,Mexico,generator,Missing output tag,none,"tags: {'generator:method': 'wind_turbine', 'generator:source': 'wind', 'power': 'generator'}",2026-07-01 02:06:25.400810,https://www.openstreetmap.org/node/9898116266,22.6209724,-102.6840907
node/9898116255,9898116255,node,Mexico,generator,Missing output tag,none,"tags: {'generator:method': 'wind_turbine', 'generator:source': 'wind', 'power': 'generator'}",2026-07-01 02:06:25.400893,https://www.openstreetmap.org/node/9898116255,22.6532011,-102.5774964
node/10651844806,10651844806,node,Mexico,generator,Missing output tag,none,"tags: {'generator:method': 'wind_turbine', 'generator:source': 'wind', 'power': 'generator'}",2026-07-01 02:06:25.400974,https://www.openstreetmap.org/node/10651844806,22.7172505,-102.5989283
node/9888394562,9888394562,node,Mexico,generator,Missing output tag,none,"tags: {'generator:method': 'wind_turbine', 'generator:source': 'wind', 'power': 'generator'}",2026-07-01 02:06:25.401055,https://www.openstreetmap.org/node/9888394562,22.6933428,-102.5778608
node/9898116257,9898116257,node,Mexico,generator,Missing output tag,none,"tags: {'generator:method': 'wind_turbine', 'generator:source': 'wind', 'power': 'generator'}",2026-07-01 02:06:25.401136,https://www.openstreetmap.org/node/9898116257,22.6432035,-102.5881815
node/9898116242,9898116242,node,Mexico,generator,Missing output tag,none,"tags: {'generator:method': 'wind_turbine', 'generator:source': 'wind', 'power': 'generator'}",2026-07-01 02:06:25.401217,https://www.openstreetmap.org/node/9898116242,22.7086012,-102.6280502
node/9898116275,9898116275,node,Mexico,generator,Missing output tag,none,"tags: {'generator:method': 'wind_turbine', 'generator:source': 'wind', 'power': 'generator'}",2026-07-01 02:06:25.401298,https://www.openstreetmap.org/node/9898116275,22.6202572,-102.7037783
node/9898116231,9898116231,node,Mexico,generator,Missing output tag,none,"tags: {'generator:method': 'wind_turbine', 'generator:source': 'wind', 'power': 'generator'}",2026-07-01 02:06:25.401380,https://www.openstreetmap.org/node/9898116231,22.6909443,-102.5985338
node/9898116260,9898116260,node,Mexico,generator,Missing output tag,none,"tags: {'generator:method': 'wind_turbine', 'generator:source': 'wind', 'power': 'generator'}",2026-07-01 02:06:25.401470,https://www.openstreetmap.org/node/9898116260,22.630714,-102.5916199
node/9898116233,9898116233,node,Mexico,generator,Missing output tag,none,"tags: {'generator:method': 'wind_turbine', 'generator:source': 'wind', 'power': 'generator'}",2026-07-01 02:06:25.401551,https://www.openstreetmap.org/node/9898116233,22.7003586,-102.5967345
node/9888394556,9888394556,node,Mexico,generator,Missing output tag,none,"tags: {'generator:method': 'wind_turbine', 'generator:source': 'wind', 'power': 'generator'}",2026-07-01 02:06:25.401632,https://www.openstreetmap.org/node/9888394556,22.7095416,-102.5749012
node/9898116278,9898116278,node,Mexico,generator,Missing output tag,none,"tags: {'generator:method': 'wind_turbine', 'generator:source': 'wind', 'power': 'generator'}",2026-07-01 02:06:25.401713,https://www.openstreetmap.org/node/9898116278,22.6274341,-102.7132877
node/10719962437,10719962437,node,Mexico,generator,Missing output tag,none,"tags: {'generator:method': 'wind_turbine', 'generator:source': 'wind', 'power': 'generator'}",2026-07-01 02:06:25.401794,https://www.openstreetmap.org/node/10719962437,22.7118442,-102.5939179
node/8754896564,8754896564,node,Mexico,generator,Missing output tag,none,"tags: {'generator:method': 'wind_turbine', 'generator:source': 'wind', 'power': 'generator'}",2026-07-01 02:06:25.401876,https://www.openstreetmap.org/node/8754896564,22.6535212,-102.5875936
node/9895936713,9895936713,node,Mexico,generator,Missing output tag,none,"tags: {'generator:method': 'wind_turbine', 'generator:source': 'wind', 'power': 'generator'}",2026-07-01 02:06:25.407869,https://www.openstreetmap.org/node/9895936713,22.0525287,-101.4503929
node/9896109617,9896109617,node,Mexico,generator,Missing output tag,none,"tags: {'generator:method': 'wind_turbine', 'generator:source': 'wind', 'power': 'generator'}",2026-07-01 02:06:25.407958,https://www.openstreetmap.org/node/9896109617,22.0099545,-101.4512681
node/9895936710,9895936710,node,Mexico,generator,Missing output tag,none,"tags: {'generator:method': 'wind_turbine', 'generator:source': 'wind', 'power': 'generator'}",2026-07-01 02:06:25.408043,https://www.openstreetmap.org/node/9895936710,22.0429177,-101.4391149
node/9895936707,9895936707,node,Mexico,generator,Missing output tag,none,"tags: {'generator:method': 'wind_turbine', 'generator:source': 'wind', 'power': 'generator'}",2026-07-01 02:06:25.408128,https://www.openstreetmap.org/node/9895936707,22.0307453,-101.4333572
node/9896109624,9896109624,node,Mexico,generator,Missing output tag,none,"tags: {'generator:method': 'wind_turbine', 'generator:source': 'wind', 'power': 'generator'}",2026-07-01 02:06:25.408211,https://www.openstreetmap.org/node/9896109624,22.0163458,-101.4350607
node/9896109621,9896109621,node,Mexico,generator,Missing output tag,none,"tags: {'generator:method': 'wind_turbine', 'generator:source': 'wind', 'power': 'generator'}",2026-07-01 02:06:25.408294,https://www.openstreetmap.org/node/9896109621,21.9968599,-101.454954
node/9895936714,9895936714,node,Mexico,generator,Missing output tag,none,"tags: {'generator:method': 'wind_turbine', 'generator:source': 'wind', 'power': 'generator'}",2026-07-01 02:06:25.408377,https://www.openstreetmap.org/node/9895936714,22.057242,-101.450706
node/9896109618,9896109618,node,Mexico,generator,Missing output tag,none,"tags: {'generator:method': 'wind_turbine', 'generator:source': 'wind', 'power': 'generator'}",2026-07-01 02:06:25.408471,https://www.openstreetmap.org/node/9896109618,21.9862215,-101.4521673
node/9895936711,9895936711,node,Mexico,generator,Missing output tag,none,"tags: {'generator:method': 'wind_turbine', 'generator:source': 'wind', 'power': 'generator'}",2026-07-01 02:06:25.408555,https://www.openstreetmap.org/node/9895936711,22.0462405,-101.4421854
node/9896109628,9896109628,node,Mexico,generator,Missing output tag,none,"tags: {'generator:method': 'wind_turbine', 'generator:source': 'wind', 'power': 'generator'}",2026-07-01 02:06:25.408638,https://www.openstreetmap.org/node/9896109628,22.0121485,-101.4327587
node/9896109625,9896109625,node,Mexico,generator,Missing output tag,none,"tags: {'generator:method': 'wind_turbine', 'generator:source': 'wind', 'power': 'generator'}",2026-07-01 02:06:25.408721,https://www.openstreetmap.org/node/9896109625,21.9974686,-101.4330781
node/9896109622,9896109622,node,Mexico,generator,Missing output tag,none,"tags: {'generator:method': 'wind_turbine', 'generator:source': 'wind', 'power': 'generator'}",2026-07-01 02:06:25.408804,https://www.openstreetmap.org/node/9896109622,21.9931111,-101.432236
node/9895936715,9895936715,node,Mexico,generator,Missing output tag,none,"tags: {'generator:method': 'wind_turbine', 'generator:source': 'wind', 'power': 'generator'}",2026-07-01 02:06:25.408887,https://www.openstreetmap.org/node/9895936715,22.0611757,-101.4536586
node/9896109619,9896109619,node,Mexico,generator,Missing output tag,none,"tags: {'generator:method': 'wind_turbine', 'generator:source': 'wind', 'power': 'generator'}",2026-07-01 02:06:25.408970,https://www.openstreetmap.org/node/9896109619,21.9912746,-101.4521744
node/9896109626,9896109626,node,Mexico,generator,Missing output tag,none,"tags: {'generator:method': 'wind_turbine', 'generator:source': 'wind', 'power': 'generator'}",2026-07-01 02:06:25.409053,https://www.openstreetmap.org/node/9896109626,22.0012321,-101.4359599
node/9896109623,9896109623,node,Mexico,generator,Missing output tag,none,"tags: {'generator:method': 'wind_turbine', 'generator:source': 'wind', 'power': 'generator'}",2026-07-01 02:06:25.409136,https://www.openstreetmap.org/node/9896109623,21.9878161,-101.430635
node/9895936708,9895936708,node,Mexico,generator,Missing output tag,none,"tags: {'generator:method': 'wind_turbine', 'generator:source': 'wind', 'power': 'generator'}",2026-07-01 02:06:25.409219,https://www.openstreetmap.org/node/9895936708,22.034497,-101.4359032
node/9896109627,9896109627,node,Mexico,generator,Missing output tag,none,"tags: {'generator:method': 'wind_turbine', 'generator:source': 'wind', 'power': 'generator'}",2026-07-01 02:06:25.409302,https://www.openstreetmap.org/node/9896109627,22.0058887,-101.4352796
node/9895936712,9895936712,node,Mexico,generator,Missing output tag,none,"tags: {'generator:method': 'wind_turbine', 'generator:source': 'wind', 'power': 'generator'}",2026-07-01 02:06:25.409385,https://www.openstreetmap.org/node/9895936712,22.0489448,-101.4459253
node/9895936709,9895936709,node,Mexico,generator,Missing output tag,none,"tags: {'generator:method': 'wind_turbine', 'generator:source': 'wind', 'power': 'generator'}",2026-07-01 02:06:25.409477,https://www.openstreetmap.org/node/9895936709,22.0382193,-101.4382768
node/9895936716,9895936716,node,Mexico,generator,Missing output tag,none,"tags: {'generator:method': 'wind_turbine', 'generator:source': 'wind', 'power': 'generator'}",2026-07-01 02:06:25.409560,https://www.openstreetmap.org/node/9895936716,22.0143733,-101.4508213
node/9896109620,9896109620,node,Mexico,generator,Missing output tag,none,"tags: {'generator:method': 'wind_turbine', 'generator:source': 'wind', 'power': 'generator'}",2026-07-01 02:06:25.409644,https://www.openstreetmap.org/node/9896109620,22.0027408,-101.4548491
node/9895936560,9895936560,node,Mexico,generator,Missing output tag,none,"tags: {'generator:method': 'wind_turbine', 'generator:source': 'wind', 'generator:type': 'wind_turbine', 'power': 'generator'}",2026-07-01 02:06:25.427799,https://www.openstreetmap.org/node/9895936560,21.2382379,-89.6489486
node/9895936561,9895936561,node,Mexico,generator,Missing output tag,none,"tags: {'generator:method': 'wind_turbine', 'generator:source': 'wind', 'power': 'generator'}",2026-07-01 02:06:25.427894,https://www.openstreetmap.org/node/9895936561,21.2413512,-89.649772
node/9895936562,9895936562,node,Mexico,generator,Missing output tag,none,"tags: {'generator:method': 'wind_turbine', 'generator:source': 'wind', 'power': 'generator'}",2026-07-01 02:06:25.427984,https://www.openstreetmap.org/node/9895936562,21.2424847,-89.6459109
node/9895936563,9895936563,node,Mexico,generator,Missing output tag,none,"tags: {'generator:method': 'wind_turbine', 'generator:source': 'wind', 'power': 'generator'}",2026-07-01 02:06:25.428072,https://www.openstreetmap.org/node/9895936563,21.2448234,-89.6415701
node/9895936564,9895936564,node,Mexico,generator,Missing output tag,none,"tags: {'generator:method': 'wind_turbine', 'generator:source': 'wind', 'power': 'generator'}",2026-07-01 02:06:25.428159,https://www.openstreetmap.org/node/9895936564,21.2454224,-89.6380107
node/9895936565,9895936565,node,Mexico,generator,Missing output tag,none,"tags: {'generator:method': 'wind_turbine', 'generator:source': 'wind', 'power': 'generator'}",2026-07-01 02:06:25.428248,https://www.openstreetmap.org/node/9895936565,21.2468467,-89.6312662
node/9895936566,9895936566,node,Mexico,generator,Missing output tag,none,"tags: {'generator:method': 'wind_turbine', 'generator:source': 'wind', 'power': 'generator'}",2026-07-01 02:06:25.428336,https://www.openstreetmap.org/node/9895936566,21.2523408,-89.6167965
node/9895936567,9895936567,node,Mexico,generator,Missing output tag,none,"tags: {'generator:method': 'wind_turbine', 'generator:source': 'wind', 'power': 'generator'}",2026-07-01 02:06:25.428423,https://www.openstreetmap.org/node/9895936567,21.2532193,-89.6133803
node/9895936568,9895936568,node,Mexico,generator,Missing output tag,none,"tags: {'generator:method': 'wind_turbine', 'generator:source': 'wind', 'power': 'generator'}",2026-07-01 02:06:25.428536,https://www.openstreetmap.org/node/9895936568,21.2517444,-89.6078255
node/9895936571,9895936571,node,Mexico,generator,Missing output tag,none,"tags: {'generator:method': 'wind_turbine', 'generator:source': 'wind', 'power': 'generator'}",2026-07-01 02:06:25.428624,https://www.openstreetmap.org/node/9895936571,21.2507622,-89.6029138
node/9895936570,9895936570,node,Mexico,generator,Missing output tag,none,"tags: {'generator:method': 'wind_turbine', 'generator:source': 'wind', 'power': 'generator'}",2026-07-01 02:06:25.428711,https://www.openstreetmap.org/node/9895936570,21.2542409,-89.603299
node/9895936572,9895936572,node,Mexico,generator,Missing output tag,none,"tags: {'generator:method': 'wind_turbine', 'generator:source': 'wind', 'power': 'generator'}",2026-07-01 02:06:25.428798,https://www.openstreetmap.org/node/9895936572,21.251755,-89.5956719
node/9895936574,9895936574,node,Mexico,generator,Missing output tag,none,"tags: {'generator:method': 'wind_turbine', 'generator:source': 'wind', 'power': 'generator'}",2026-07-01 02:06:25.428885,https://www.openstreetmap.org/node/9895936574,21.2479605,-89.5931911
node/9895936573,9895936573,node,Mexico,generator,Missing output tag,none,"tags: {'generator:method': 'wind_turbine', 'generator:source': 'wind', 'power': 'generator'}",2026-07-01 02:06:25.428971,https://www.openstreetmap.org/node/9895936573,21.2531106,-89.5903381
node/9895936575,9895936575,node,Mexico,generator,Missing output tag,none,"tags: {'generator:method': 'wind_turbine', 'generator:source': 'wind', 'power': 'generator'}",2026-07-01 02:06:25.429058,https://www.openstreetmap.org/node/9895936575,21.2457388,-89.5925233
node/9895936577,9895936577,node,Mexico,generator,Missing output tag,none,"tags: {'generator:method': 'wind_turbine', 'generator:source': 'wind', 'power': 'generator'}",2026-07-01 02:06:25.429145,https://www.openstreetmap.org/node/9895936577,21.2483838,-89.5862479
node/9895936576,9895936576,node,Mexico,generator,Missing output tag,none,"tags: {'generator:method': 'wind_turbine', 'generator:source': 'wind', 'power': 'generator'}",2026-07-01 02:06:25.429231,https://www.openstreetmap.org/node/9895936576,21.2442485,-89.5884351
node/9895936578,9895936578,node,Mexico,generator,Missing output tag,none,"tags: {'generator:method': 'wind_turbine', 'generator:source': 'wind', 'power': 'generator'}",2026-07-01 02:06:25.429317,https://www.openstreetmap.org/node/9895936578,21.2422175,-89.5844634
node/9895936583,9895936583,node,Mexico,generator,Missing output tag,none,"tags: {'generator:method': 'wind_turbine', 'generator:source': 'wind', 'power': 'generator'}",2026-07-01 02:06:25.429403,https://www.openstreetmap.org/node/9895936583,21.2374372,-89.5737019
node/9895936579,9895936579,node,Mexico,generator,Missing output tag,none,"tags: {'generator:method': 'wind_turbine', 'generator:source': 'wind', 'power': 'generator'}",2026-07-01 02:06:25.429501,https://www.openstreetmap.org/node/9895936579,21.243349,-89.5794802
node/9895936584,9895936584,node,Mexico,generator,Missing output tag,none,"tags: {'generator:method': 'wind_turbine', 'generator:source': 'wind', 'power': 'generator'}",2026-07-01 02:06:25.429588,https://www.openstreetmap.org/node/9895936584,21.2362566,-89.5694006
node/9895936582,9895936582,node,Mexico,generator,Missing output tag,none,"tags: {'generator:method': 'wind_turbine', 'generator:source': 'wind', 'power': 'generator'}",2026-07-01 02:06:25.429671,https://www.openstreetmap.org/node/9895936582,21.2370003,-89.5772241
node/9895936581,9895936581,node,Mexico,generator,Missing output tag,none,"tags: {'generator:method': 'wind_turbine', 'generator:source': 'wind', 'power': 'generator'}",2026-07-01 02:06:25.429755,https://www.openstreetmap.org/node/9895936581,21.2395027,-89.5776115
node/9895936580,9895936580,node,Mexico,generator,Missing output tag,none,"tags: {'generator:method': 'wind_turbine', 'generator:source': 'wind', 'power': 'generator'}",2026-07-01 02:06:25.429837,https://www.openstreetmap.org/node/9895936580,21.2413566,-89.5787299
node/9895936592,9895936592,node,Mexico,generator,Missing output tag,none,"tags: {'generator:method': 'wind_turbine', 'generator:source': 'wind', 'power': 'generator'}",2026-07-01 02:06:25.429920,https://www.openstreetmap.org/node/9895936592,21.2372991,-89.5852774
node/9895936591,9895936591,node,Mexico,generator,Missing output tag,none,"tags: {'generator:method': 'wind_turbine', 'generator:source': 'wind', 'power': 'generator'}",2026-07-01 02:06:25.430003,https://www.openstreetmap.org/node/9895936591,21.235102,-89.5844705
node/9895936590,9895936590,node,Mexico,generator,Missing output tag,none,"tags: {'generator:method': 'wind_turbine', 'generator:source': 'wind', 'power': 'generator'}",2026-07-01 02:06:25.430085,https://www.openstreetmap.org/node/9895936590,21.2314267,-89.5768907
node/9895936589,9895936589,node,Mexico,generator,Missing output tag,none,"tags: {'generator:method': 'wind_turbine', 'generator:source': 'wind', 'power': 'generator'}",2026-07-01 02:06:25.430178,https://www.openstreetmap.org/node/9895936589,21.228557,-89.5761626
node/9895936594,9895936594,node,Mexico,generator,Missing output tag,none,"tags: {'generator:method': 'wind_turbine', 'generator:source': 'wind', 'power': 'generator'}",2026-07-01 02:06:25.430261,https://www.openstreetmap.org/node/9895936594,21.2218663,-89.5814197
node/9895936593,9895936593,node,Mexico,generator,Missing output tag,none,"tags: {'generator:method': 'wind_turbine', 'generator:source': 'wind', 'power': 'generator'}",2026-07-01 02:06:25.430344,https://www.openstreetmap.org/node/9895936593,21.2229978,-89.5755261
node/9895936587,9895936587,node,Mexico,generator,Missing output tag,none,"tags: {'generator:method': 'wind_turbine', 'generator:source': 'wind', 'power': 'generator'}",2026-07-01 02:06:25.430427,https://www.openstreetmap.org/node/9895936587,21.2239051,-89.5701651
node/9895936586,9895936586,node,Mexico,generator,Missing output tag,none,"tags: {'generator:method': 'wind_turbine', 'generator:source': 'wind', 'power': 'generator'}",2026-07-01 02:06:25.430522,https://www.openstreetmap.org/node/9895936586,21.2293496,-89.5683721
node/9895936585,9895936585,node,Mexico,generator,Missing output tag,none,"tags: {'generator:method': 'wind_turbine', 'generator:source': 'wind', 'power': 'generator'}",2026-07-01 02:06:25.430605,https://www.openstreetmap.org/node/9895936585,21.2336637,-89.5688839
node/9895936588,9895936588,node,Mexico,generator,Missing output tag,none,"tags: {'generator:method': 'wind_turbine', 'generator:source': 'wind', 'power': 'generator'}",2026-07-01 02:06:25.430692,https://www.openstreetmap.org/node/9895936588,21.225977,-89.5753748
node/12136801433,12136801433,node,Mexico,generator,Missing output tag,none,"tags: {'generator:method': 'wind_turbine', 'generator:source': 'wind', 'power': 'generator'}",2026-07-01 02:06:25.430774,https://www.openstreetmap.org/node/12136801433,21.236769,-89.6551816
node/9895916425,9895916425,node,Mexico,generator,Missing output tag,none,"tags: {'generator:method': 'wind_turbine', 'generator:source': 'wind', 'generator:type': 'horizontal_axis', 'power': 'generator'}",2026-07-01 02:06:25.439542,https://www.openstreetmap.org/node/9895916425,26.182684,-100.5708482
node/9895916424,9895916424,node,Mexico,generator,Missing output tag,none,"tags: {'generator:method': 'wind_turbine', 'generator:source': 'wind', 'generator:type': 'horizontal_axis', 'power': 'generator'}",2026-07-01 02:06:25.439641,https://www.openstreetmap.org/node/9895916424,26.1841958,-100.5699847
node/9895916423,9895916423,node,Mexico,generator,Missing output tag,none,"tags: {'generator:method': 'wind_turbine', 'generator:source': 'wind', 'generator:type': 'horizontal_axis', 'power': 'generator'}",2026-07-01 02:06:25.439735,https://www.openstreetmap.org/node/9895916423,26.1855805,-100.5690928
node/9895916422,9895916422,node,Mexico,generator,Missing output tag,none,"tags: {'generator:method': 'wind_turbine', 'generator:source': 'wind', 'generator:type': 'horizontal_axis', 'power': 'generator'}",2026-07-01 02:06:25.439828,https://www.openstreetmap.org/node/9895916422,26.1869906,-100.5681868
node/9895916421,9895916421,node,Mexico,generator,Missing output tag,none,"tags: {'generator:method': 'wind_turbine', 'generator:source': 'wind', 'generator:type': 'horizontal_axis', 'power': 'generator'}",2026-07-01 02:06:25.439920,https://www.openstreetmap.org/node/9895916421,26.1874988,-100.5662614
node/9895916420,9895916420,node,Mexico,generator,Missing output tag,none,"tags: {'generator:method': 'wind_turbine', 'generator:source': 'wind', 'generator:type': 'horizontal_axis', 'power': 'generator'}",2026-07-01 02:06:25.440012,https://www.openstreetmap.org/node/9895916420,26.1886548,-100.5651289
node/9895916419,9895916419,node,Mexico,generator,Missing output tag,none,"tags: {'generator:method': 'wind_turbine', 'generator:source': 'wind', 'generator:type': 'horizontal_axis', 'power': 'generator'}",2026-07-01 02:06:25.440104,https://www.openstreetmap.org/node/9895916419,26.1898616,-100.5636566
node/9895916418,9895916418,node,Mexico,generator,Missing output tag,none,"tags: {'generator:method': 'wind_turbine', 'generator:source': 'wind', 'generator:type': 'horizontal_axis', 'power': 'generator'}",2026-07-01 02:06:25.440196,https://www.openstreetmap.org/node/9895916418,26.1911828,-100.5626798
node/9895916417,9895916417,node,Mexico,generator,Missing output tag,none,"tags: {'generator:method': 'wind_turbine', 'generator:source': 'wind', 'generator:type': 'horizontal_axis', 'power': 'generator'}",2026-07-01 02:06:25.440288,https://www.openstreetmap.org/node/9895916417,26.1937869,-100.5628638
node/9895911516,9895911516,node,Mexico,generator,Missing output tag,none,"tags: {'generator:method': 'wind_turbine', 'generator:source': 'wind', 'generator:type': 'horizontal_axis', 'power': 'generator'}",2026-07-01 02:06:25.440381,https://www.openstreetmap.org/node/9895911516,26.1951461,-100.5618021
node/9895911515,9895911515,node,Mexico,generator,Missing output tag,none,"tags: {'generator:method': 'wind_turbine', 'generator:source': 'wind', 'generator:type': 'horizontal_axis', 'power': 'generator'}",2026-07-01 02:06:25.440486,https://www.openstreetmap.org/node/9895911515,26.1963656,-100.5607828
node/9895911514,9895911514,node,Mexico,generator,Missing output tag,none,"tags: {'generator:method': 'wind_turbine', 'generator:source': 'wind', 'generator:type': 'horizontal_axis', 'power': 'generator'}",2026-07-01 02:06:25.440579,https://www.openstreetmap.org/node/9895911514,26.1977756,-100.5598343
node/9895911513,9895911513,node,Mexico,generator,Missing output tag,none,"tags: {'generator:method': 'wind_turbine', 'generator:source': 'wind', 'generator:type': 'horizontal_axis', 'power': 'generator'}",2026-07-01 02:06:25.440679,https://www.openstreetmap.org/node/9895911513,26.1998588,-100.5576824
node/9895911512,9895911512,node,Mexico,generator,Missing output tag,none,"tags: {'generator:method': 'wind_turbine', 'generator:source': 'wind', 'generator:type': 'horizontal_axis', 'power': 'generator'}",2026-07-01 02:06:25.440772,https://www.openstreetmap.org/node/9895911512,26.2013195,-100.5565924
node/9895911511,9895911511,node,Mexico,generator,Missing output tag,none,"tags: {'generator:method': 'wind_turbine', 'generator:source': 'wind', 'generator:type': 'horizontal_axis', 'power': 'generator'}",2026-07-01 02:06:25.440865,https://www.openstreetmap.org/node/9895911511,26.2027041,-100.5557571
node/9895911510,9895911510,node,Mexico,generator,Missing output tag,none,"tags: {'generator:method': 'wind_turbine', 'generator:source': 'wind', 'generator:type': 'horizontal_axis', 'power': 'generator'}",2026-07-01 02:06:25.440958,https://www.openstreetmap.org/node/9895911510,26.2040505,-100.5547944
node/9895911509,9895911509,node,Mexico,generator,Missing output tag,none,"tags: {'generator:method': 'wind_turbine', 'generator:source': 'wind', 'generator:type': 'horizontal_axis', 'power': 'generator'}",2026-07-01 02:06:25.441052,https://www.openstreetmap.org/node/9895911509,26.2053587,-100.5539167
node/9895911508,9895911508,node,Mexico,generator,Missing output tag,none,"tags: {'generator:method': 'wind_turbine', 'generator:source': 'wind', 'generator:type': 'horizontal_axis', 'power': 'generator'}",2026-07-01 02:06:25.441145,https://www.openstreetmap.org/node/9895911508,26.2067686,-100.5528267
node/9895911507,9895911507,node,Mexico,generator,Missing output tag,none,"tags: {'generator:method': 'wind_turbine', 'generator:source': 'wind', 'generator:type': 'horizontal_axis', 'power': 'generator'}",2026-07-01 02:06:25.441238,https://www.openstreetmap.org/node/9895911507,26.208115,-100.5520197
node/9895911506,9895911506,node,Mexico,generator,Missing output tag,none,"tags: {'generator:method': 'wind_turbine', 'generator:source': 'wind', 'generator:type': 'horizontal_axis', 'power': 'generator'}",2026-07-01 02:06:25.441331,https://www.openstreetmap.org/node/9895911506,26.2097026,-100.5513968
node/9895916446,9895916446,node,Mexico,generator,Missing output tag,none,"tags: {'generator:method': 'wind_turbine', 'generator:source': 'wind', 'generator:type': 'horizontal_axis', 'power': 'generator'}",2026-07-01 02:06:25.441424,https://www.openstreetmap.org/node/9895916446,26.1872522,-100.5348134
node/9895916445,9895916445,node,Mexico,generator,Missing output tag,none,"tags: {'generator:method': 'wind_turbine', 'generator:source': 'wind', 'generator:type': 'horizontal_axis', 'power': 'generator'}",2026-07-01 02:06:25.441529,https://www.openstreetmap.org/node/9895916445,26.1888028,-100.5340102
node/9895916444,9895916444,node,Mexico,generator,Missing output tag,none,"tags: {'generator:method': 'wind_turbine', 'generator:source': 'wind', 'generator:type': 'horizontal_axis', 'power': 'generator'}",2026-07-01 02:06:25.441623,https://www.openstreetmap.org/node/9895916444,26.1903365,-100.533263
node/9895916443,9895916443,node,Mexico,generator,Missing output tag,none,"tags: {'generator:method': 'wind_turbine', 'generator:source': 'wind', 'generator:type': 'horizontal_axis', 'power': 'generator'}",2026-07-01 02:06:25.441716,https://www.openstreetmap.org/node/9895916443,26.1919122,-100.532413
node/9895916442,9895916442,node,Mexico,generator,Missing output tag,none,"tags: {'generator:method': 'wind_turbine', 'generator:source': 'wind', 'generator:type': 'horizontal_axis', 'power': 'generator'}",2026-07-01 02:06:25.441809,https://www.openstreetmap.org/node/9895916442,26.1934626,-100.5316191
node/9895916441,9895916441,node,Mexico,generator,Missing output tag,none,"tags: {'generator:method': 'wind_turbine', 'generator:source': 'wind', 'generator:type': 'horizontal_axis', 'power': 'generator'}",2026-07-01 02:06:25.441902,https://www.openstreetmap.org/node/9895916441,26.1949628,-100.5308906
node/9895916440,9895916440,node,Mexico,generator,Missing output tag,none,"tags: {'generator:method': 'wind_turbine', 'generator:source': 'wind', 'generator:type': 'horizontal_axis', 'power': 'generator'}",2026-07-01 02:06:25.441995,https://www.openstreetmap.org/node/9895916440,26.19653,-100.5300594
node/9895916439,9895916439,node,Mexico,generator,Missing output tag,none,"tags: {'generator:method': 'wind_turbine', 'generator:source': 'wind', 'generator:type': 'horizontal_axis', 'power': 'generator'}",2026-07-01 02:06:25.442087,https://www.openstreetmap.org/node/9895916439,26.1980385,-100.5291908
node/9895916438,9895916438,node,Mexico,generator,Missing output tag,none,"tags: {'generator:method': 'wind_turbine', 'generator:source': 'wind', 'generator:type': 'horizontal_axis', 'power': 'generator'}",2026-07-01 02:06:25.442180,https://www.openstreetmap.org/node/9895916438,26.1996308,-100.5283782
node/9895916437,9895916437,node,Mexico,generator,Missing output tag,none,"tags: {'generator:method': 'wind_turbine', 'generator:source': 'wind', 'generator:type': 'horizontal_axis', 'power': 'generator'}",2026-07-01 02:06:25.442273,https://www.openstreetmap.org/node/9895916437,26.2010973,-100.5274535
node/9895916436,9895916436,node,Mexico,generator,Missing output tag,none,"tags: {'generator:method': 'wind_turbine', 'generator:source': 'wind', 'generator:type': 'horizontal_axis', 'power': 'generator'}",2026-07-01 02:06:25.442366,https://www.openstreetmap.org/node/9895916436,26.2030583,-100.5267157
node/9895916435,9895916435,node,Mexico,generator,Missing output tag,none,"tags: {'generator:method': 'wind_turbine', 'generator:source': 'wind', 'generator:type': 'horizontal_axis', 'power': 'generator'}",2026-07-01 02:06:25.442468,https://www.openstreetmap.org/node/9895916435,26.2047762,-100.5256789
node/9895916434,9895916434,node,Mexico,generator,Missing output tag,none,"tags: {'generator:method': 'wind_turbine', 'generator:source': 'wind', 'generator:type': 'horizontal_axis', 'power': 'generator'}",2026-07-01 02:06:25.442561,https://www.openstreetmap.org/node/9895916434,26.2067097,-100.525295
node/9895916433,9895916433,node,Mexico,generator,Missing output tag,none,"tags: {'generator:method': 'wind_turbine', 'generator:source': 'wind', 'generator:type': 'horizontal_axis', 'power': 'generator'}",2026-07-01 02:06:25.442654,https://www.openstreetmap.org/node/9895916433,26.2082352,-100.5241688
node/9895916432,9895916432,node,Mexico,generator,Missing output tag,none,"tags: {'generator:method': 'wind_turbine', 'generator:source': 'wind', 'generator:type': 'horizontal_axis', 'power': 'generator'}",2026-07-01 02:06:25.442747,https://www.openstreetmap.org/node/9895916432,26.2097958,-100.5233159
node/9895916431,9895916431,node,Mexico,generator,Missing output tag,none,"tags: {'generator:method': 'wind_turbine', 'generator:source': 'wind', 'generator:type': 'horizontal_axis', 'power': 'generator'}",2026-07-01 02:06:25.442841,https://www.openstreetmap.org/node/9895916431,26.2114633,-100.5224099
node/9895916430,9895916430,node,Mexico,generator,Missing output tag,none,"tags: {'generator:method': 'wind_turbine', 'generator:source': 'wind', 'generator:type': 'horizontal_axis', 'power': 'generator'}",2026-07-01 02:06:25.442934,https://www.openstreetmap.org/node/9895916430,26.2129884,-100.5216347
node/9895916429,9895916429,node,Mexico,generator,Missing output tag,none,"tags: {'generator:method': 'wind_turbine', 'generator:source': 'wind', 'generator:type': 'horizontal_axis', 'power': 'generator'}",2026-07-01 02:06:25.443027,https://www.openstreetmap.org/node/9895916429,26.2145805,-100.520682
node/9895916428,9895916428,node,Mexico,generator,Missing output tag,none,"tags: {'generator:method': 'wind_turbine', 'generator:source': 'wind', 'generator:type': 'horizontal_axis', 'power': 'generator'}",2026-07-01 02:06:25.443121,https://www.openstreetmap.org/node/9895916428,26.2170607,-100.5194772
node/9895916427,9895916427,node,Mexico,generator,Missing output tag,none,"tags: {'generator:method': 'wind_turbine', 'generator:source': 'wind', 'generator:type': 'horizontal_axis', 'power': 'generator'}",2026-07-01 02:06:25.443214,https://www.openstreetmap.org/node/9895916427,26.2187952,-100.5185151
node/9895916426,9895916426,node,Mexico,generator,Missing output tag,none,"tags: {'generator:method': 'wind_turbine', 'generator:source': 'wind', 'generator:type': 'horizontal_axis', 'power': 'generator'}",2026-07-01 02:06:25.443307,https://www.openstreetmap.org/node/9895916426,26.2208876,-100.517296
node/9895911505,9895911505,node,Mexico,generator,Missing output tag,none,"tags: {'generator:method': 'wind_turbine', 'generator:source': 'wind', 'generator:type': 'horizontal_axis', 'power': 'generator'}",2026-07-01 02:06:25.443400,https://www.openstreetmap.org/node/9895911505,26.2113284,-100.5508022
node/9895911504,9895911504,node,Mexico,generator,Missing output tag,none,"tags: {'generator:method': 'wind_turbine', 'generator:source': 'wind', 'generator:type': 'horizontal_axis', 'power': 'generator'}",2026-07-01 02:06:25.443507,https://www.openstreetmap.org/node/9895911504,26.2128575,-100.5501746
node/9895911503,9895911503,node,Mexico,generator,Missing output tag,none,"tags: {'generator:method': 'wind_turbine', 'generator:source': 'wind', 'generator:type': 'horizontal_axis', 'power': 'generator'}",2026-07-01 02:06:25.443601,https://www.openstreetmap.org/node/9895911503,26.214402,-100.549698
node/9895911502,9895911502,node,Mexico,generator,Missing output tag,none,"tags: {'generator:method': 'wind_turbine', 'generator:source': 'wind', 'generator:type': 'horizontal_axis', 'power': 'generator'}",2026-07-01 02:06:25.443694,https://www.openstreetmap.org/node/9895911502,26.2159576,-100.5492706
node/9895911487,9895911487,node,Mexico,generator,Missing output tag,none,"tags: {'generator:method': 'wind_turbine', 'generator:source': 'wind', 'generator:type': 'horizontal_axis', 'power': 'generator'}",2026-07-01 02:06:25.443788,https://www.openstreetmap.org/node/9895911487,26.21829,-100.5485829
node/9895911488,9895911488,node,Mexico,generator,Missing output tag,none,"tags: {'generator:method': 'wind_turbine', 'generator:source': 'wind', 'generator:type': 'horizontal_axis', 'power': 'generator'}",2026-07-01 02:06:25.443881,https://www.openstreetmap.org/node/9895911488,26.2203252,-100.5472561
node/9895911489,9895911489,node,Mexico,generator,Missing output tag,none,"tags: {'generator:method': 'wind_turbine', 'generator:source': 'wind', 'generator:type': 'horizontal_axis', 'power': 'generator'}",2026-07-01 02:06:25.443974,https://www.openstreetmap.org/node/9895911489,26.2218327,-100.546538
node/9895911490,9895911490,node,Mexico,generator,Missing output tag,none,"tags: {'generator:method': 'wind_turbine', 'generator:source': 'wind', 'generator:type': 'horizontal_axis', 'power': 'generator'}",2026-07-01 02:06:25.444066,https://www.openstreetmap.org/node/9895911490,26.2232614,-100.5459163
node/9895911491,9895911491,node,Mexico,generator,Missing output tag,none,"tags: {'generator:method': 'wind_turbine', 'generator:source': 'wind', 'generator:type': 'horizontal_axis', 'power': 'generator'}",2026-07-01 02:06:25.444160,https://www.openstreetmap.org/node/9895911491,26.229263,-100.5491656
node/9895911492,9895911492,node,Mexico,generator,Missing output tag,none,"tags: {'generator:method': 'wind_turbine', 'generator:source': 'wind', 'generator:type': 'horizontal_axis', 'power': 'generator'}",2026-07-01 02:06:25.444253,https://www.openstreetmap.org/node/9895911492,26.2303248,-100.5476507
node/9895911493,9895911493,node,Mexico,generator,Missing output tag,none,"tags: {'generator:method': 'wind_turbine', 'generator:source': 'wind', 'generator:type': 'horizontal_axis', 'power': 'generator'}",2026-07-01 02:06:25.444346,https://www.openstreetmap.org/node/9895911493,26.2310865,-100.5459379
node/9895911494,9895911494,node,Mexico,generator,Missing output tag,none,"tags: {'generator:method': 'wind_turbine', 'generator:source': 'wind', 'generator:type': 'horizontal_axis', 'power': 'generator'}",2026-07-01 02:06:25.444440,https://www.openstreetmap.org/node/9895911494,26.231785,-100.544271
node/9895911495,9895911495,node,Mexico,generator,Missing output tag,none,"tags: {'generator:method': 'wind_turbine', 'generator:source': 'wind', 'generator:type': 'horizontal_axis', 'power': 'generator'}",2026-07-01 02:06:25.444544,https://www.openstreetmap.org/node/9895911495,26.2325695,-100.5428434
node/9895911496,9895911496,node,Mexico,generator,Missing output tag,none,"tags: {'generator:method': 'wind_turbine', 'generator:source': 'wind', 'generator:type': 'horizontal_axis', 'power': 'generator'}",2026-07-01 02:06:25.444637,https://www.openstreetmap.org/node/9895911496,26.2332799,-100.5412999
node/9895911497,9895911497,node,Mexico,generator,Missing output tag,none,"tags: {'generator:method': 'wind_turbine', 'generator:source': 'wind', 'generator:type': 'horizontal_axis', 'power': 'generator'}",2026-07-01 02:06:25.444731,https://www.openstreetmap.org/node/9895911497,26.2342699,-100.5391513
node/9895911498,9895911498,node,Mexico,generator,Missing output tag,none,"tags: {'generator:method': 'wind_turbine', 'generator:source': 'wind', 'generator:type': 'horizontal_axis', 'power': 'generator'}",2026-07-01 02:06:25.444824,https://www.openstreetmap.org/node/9895911498,26.2351501,-100.5372209
node/9895911499,9895911499,node,Mexico,generator,Missing output tag,none,"tags: {'generator:method': 'wind_turbine', 'generator:source': 'wind', 'generator:type': 'horizontal_axis', 'power': 'generator'}",2026-07-01 02:06:25.444917,https://www.openstreetmap.org/node/9895911499,26.2359504,-100.5355136
node/9895911500,9895911500,node,Mexico,generator,Missing output tag,none,"tags: {'generator:method': 'wind_turbine', 'generator:source': 'wind', 'generator:type': 'horizontal_axis', 'power': 'generator'}",2026-07-01 02:06:25.445011,https://www.openstreetmap.org/node/9895911500,26.2366835,-100.5337221
node/9895911501,9895911501,node,Mexico,generator,Missing output tag,none,"tags: {'generator:method': 'wind_turbine', 'generator:source': 'wind', 'generator:type': 'horizontal_axis', 'power': 'generator'}",2026-07-01 02:06:25.445105,https://www.openstreetmap.org/node/9895911501,26.2375755,-100.5318772
node/9895916463,9895916463,node,Mexico,generator,Missing output tag,none,"tags: {'generator:method': 'wind_turbine', 'generator:source': 'wind', 'generator:type': 'horizontal_axis', 'power': 'generator'}",2026-07-01 02:06:25.445199,https://www.openstreetmap.org/node/9895916463,26.2748986,-100.5030168
node/9895916462,9895916462,node,Mexico,generator,Missing output tag,none,"tags: {'generator:method': 'wind_turbine', 'generator:source': 'wind', 'generator:type': 'horizontal_axis', 'power': 'generator'}",2026-07-01 02:06:25.445293,https://www.openstreetmap.org/node/9895916462,26.2737671,-100.5042167
node/9895916461,9895916461,node,Mexico,generator,Missing output tag,none,"tags: {'generator:method': 'wind_turbine', 'generator:source': 'wind', 'generator:type': 'horizontal_axis', 'power': 'generator'}",2026-07-01 02:06:25.445387,https://www.openstreetmap.org/node/9895916461,26.2734906,-100.506029
node/9895916460,9895916460,node,Mexico,generator,Missing output tag,none,"tags: {'generator:method': 'wind_turbine', 'generator:source': 'wind', 'generator:type': 'horizontal_axis', 'power': 'generator'}",2026-07-01 02:06:25.445492,https://www.openstreetmap.org/node/9895916460,26.2723632,-100.5073218
node/9895916459,9895916459,node,Mexico,generator,Missing output tag,none,"tags: {'generator:method': 'wind_turbine', 'generator:source': 'wind', 'generator:type': 'horizontal_axis', 'power': 'generator'}",2026-07-01 02:06:25.445586,https://www.openstreetmap.org/node/9895916459,26.2719548,-100.5093683
node/9895916458,9895916458,node,Mexico,generator,Missing output tag,none,"tags: {'generator:method': 'wind_turbine', 'generator:source': 'wind', 'generator:type': 'horizontal_axis', 'power': 'generator'}",2026-07-01 02:06:25.445679,https://www.openstreetmap.org/node/9895916458,26.2710793,-100.5112565
node/9895916457,9895916457,node,Mexico,generator,Missing output tag,none,"tags: {'generator:method': 'wind_turbine', 'generator:source': 'wind', 'generator:type': 'horizontal_axis', 'power': 'generator'}",2026-07-01 02:06:25.445773,https://www.openstreetmap.org/node/9895916457,26.269831,-100.5122298
node/9895916456,9895916456,node,Mexico,generator,Missing output tag,none,"tags: {'generator:method': 'wind_turbine', 'generator:source': 'wind', 'generator:type': 'horizontal_axis', 'power': 'generator'}",2026-07-01 02:06:25.445867,https://www.openstreetmap.org/node/9895916456,26.2688222,-100.5135456
node/9895916455,9895916455,node,Mexico,generator,Missing output tag,none,"tags: {'generator:method': 'wind_turbine', 'generator:source': 'wind', 'generator:type': 'horizontal_axis', 'power': 'generator'}",2026-07-01 02:06:25.445960,https://www.openstreetmap.org/node/9895916455,26.2684004,-100.5152519
node/9895916454,9895916454,node,Mexico,generator,Missing output tag,none,"tags: {'generator:method': 'wind_turbine', 'generator:source': 'wind', 'generator:type': 'horizontal_axis', 'power': 'generator'}",2026-07-01 02:06:25.446054,https://www.openstreetmap.org/node/9895916454,26.2672983,-100.5165244
node/9895916453,9895916453,node,Mexico,generator,Missing output tag,none,"tags: {'generator:method': 'wind_turbine', 'generator:source': 'wind', 'generator:type': 'horizontal_axis', 'power': 'generator'}",2026-07-01 02:06:25.446159,https://www.openstreetmap.org/node/9895916453,26.2667788,-100.5181659
node/9895916452,9895916452,node,Mexico,generator,Missing output tag,none,"tags: {'generator:method': 'wind_turbine', 'generator:source': 'wind', 'generator:type': 'horizontal_axis', 'power': 'generator'}",2026-07-01 02:06:25.446253,https://www.openstreetmap.org/node/9895916452,26.265807,-100.5196143
node/9895916451,9895916451,node,Mexico,generator,Missing output tag,none,"tags: {'generator:method': 'wind_turbine', 'generator:source': 'wind', 'generator:type': 'horizontal_axis', 'power': 'generator'}",2026-07-01 02:06:25.446346,https://www.openstreetmap.org/node/9895916451,26.2651887,-100.5213857
node/9895916450,9895916450,node,Mexico,generator,Missing output tag,none,"tags: {'generator:method': 'wind_turbine', 'generator:source': 'wind', 'generator:type': 'horizontal_axis', 'power': 'generator'}",2026-07-01 02:06:25.446439,https://www.openstreetmap.org/node/9895916450,26.2645467,-100.5232836
node/9895916449,9895916449,node,Mexico,generator,Missing output tag,none,"tags: {'generator:method': 'wind_turbine', 'generator:source': 'wind', 'generator:type': 'horizontal_axis', 'power': 'generator'}",2026-07-01 02:06:25.446542,https://www.openstreetmap.org/node/9895916449,26.2638556,-100.5249339
node/9895916448,9895916448,node,Mexico,generator,Missing output tag,none,"tags: {'generator:method': 'wind_turbine', 'generator:source': 'wind', 'generator:type': 'horizontal_axis', 'power': 'generator'}",2026-07-01 02:06:25.446637,https://www.openstreetmap.org/node/9895916448,26.2630458,-100.5264378
node/9895916447,9895916447,node,Mexico,generator,Missing output tag,none,"tags: {'generator:method': 'wind_turbine', 'generator:source': 'wind', 'generator:type': 'horizontal_axis', 'power': 'generator'}",2026-07-01 02:06:25.446731,https://www.openstreetmap.org/node/9895916447,26.2613716,-100.5291093
node/9895974509,9895974509,node,Mexico,generator,Missing output tag,none,"tags: {'generator:method': 'wind_turbine', 'generator:source': 'wind', 'power': 'generator'}",2026-07-01 02:06:25.456157,https://www.openstreetmap.org/node/9895974509,20.336494,-100.3377083
node/9895974508,9895974508,node,Mexico,generator,Missing output tag,none,"tags: {'generator:method': 'wind_turbine', 'generator:source': 'wind', 'power': 'generator'}",2026-07-01 02:06:25.456257,https://www.openstreetmap.org/node/9895974508,20.3376223,-100.3404972
node/9895974507,9895974507,node,Mexico,generator,Missing output tag,none,"tags: {'generator:method': 'wind_turbine', 'generator:source': 'wind', 'power': 'generator'}",2026-07-01 02:06:25.456353,https://www.openstreetmap.org/node/9895974507,20.3390028,-100.3428047
node/9895974506,9895974506,node,Mexico,generator,Missing output tag,none,"tags: {'generator:method': 'wind_turbine', 'generator:source': 'wind', 'power': 'generator'}",2026-07-01 02:06:25.456447,https://www.openstreetmap.org/node/9895974506,20.3405426,-100.3448433
node/9895974505,9895974505,node,Mexico,generator,Missing output tag,none,"tags: {'generator:method': 'wind_turbine', 'generator:source': 'wind', 'power': 'generator'}",2026-07-01 02:06:25.456560,https://www.openstreetmap.org/node/9895974505,20.3425602,-100.3462024
node/9895974495,9895974495,node,Mexico,generator,Missing output tag,none,"tags: {'generator:method': 'wind_turbine', 'generator:source': 'wind', 'power': 'generator'}",2026-07-01 02:06:25.456654,https://www.openstreetmap.org/node/9895974495,20.3446442,-100.3469385
node/9895974496,9895974496,node,Mexico,generator,Missing output tag,none,"tags: {'generator:method': 'wind_turbine', 'generator:source': 'wind', 'power': 'generator'}",2026-07-01 02:06:25.456748,https://www.openstreetmap.org/node/9895974496,20.3468476,-100.3477313
node/9895974497,9895974497,node,Mexico,generator,Missing output tag,none,"tags: {'generator:method': 'wind_turbine', 'generator:source': 'wind', 'power': 'generator'}",2026-07-01 02:06:25.456842,https://www.openstreetmap.org/node/9895974497,20.3487325,-100.3488497
node/9895974498,9895974498,node,Mexico,generator,Missing output tag,none,"tags: {'generator:method': 'wind_turbine', 'generator:source': 'wind', 'power': 'generator'}",2026-07-01 02:06:25.456936,https://www.openstreetmap.org/node/9895974498,20.3504049,-100.3495717
node/9895974499,9895974499,node,Mexico,generator,Missing output tag,none,"tags: {'generator:method': 'wind_turbine', 'generator:source': 'wind', 'power': 'generator'}",2026-07-01 02:06:25.457030,https://www.openstreetmap.org/node/9895974499,20.3522366,-100.3506051
node/9895974500,9895974500,node,Mexico,generator,Missing output tag,none,"tags: {'generator:method': 'wind_turbine', 'generator:source': 'wind', 'power': 'generator'}",2026-07-01 02:06:25.457123,https://www.openstreetmap.org/node/9895974500,20.3542408,-100.3511997
node/9895974501,9895974501,node,Mexico,generator,Missing output tag,none,"tags: {'generator:method': 'wind_turbine', 'generator:source': 'wind', 'power': 'generator'}",2026-07-01 02:06:25.457216,https://www.openstreetmap.org/node/9895974501,20.3561388,-100.3515112
node/9895974504,9895974504,node,Mexico,generator,Missing output tag,none,"tags: {'generator:method': 'wind_turbine', 'generator:source': 'wind', 'power': 'generator'}",2026-07-01 02:06:25.457310,https://www.openstreetmap.org/node/9895974504,20.3618725,-100.3531958
node/9895974503,9895974503,node,Mexico,generator,Missing output tag,none,"tags: {'generator:method': 'wind_turbine', 'generator:source': 'wind', 'power': 'generator'}",2026-07-01 02:06:25.457403,https://www.openstreetmap.org/node/9895974503,20.359948,-100.3526437
node/9895974502,9895974502,node,Mexico,generator,Missing output tag,none,"tags: {'generator:method': 'wind_turbine', 'generator:source': 'wind', 'power': 'generator'}",2026-07-01 02:06:25.457508,https://www.openstreetmap.org/node/9895974502,20.3580633,-100.35195
node/9788970233,9788970233,node,Mexico,generator,Missing output tag,none,"tags: {'generator:method': 'wind_turbine', 'generator:source': 'wind', 'generator:type': 'horizontal_axis', 'power': 'generator'}",2026-07-01 02:06:25.459592,https://www.openstreetmap.org/node/9788970233,16.1583503,-93.9458728
node/9788970234,9788970234,node,Mexico,generator,Missing output tag,none,"tags: {'generator:method': 'wind_turbine', 'generator:source': 'wind', 'generator:type': 'horizontal_axis', 'power': 'generator'}",2026-07-01 02:06:25.459695,https://www.openstreetmap.org/node/9788970234,16.1573739,-93.9423591
node/9788970235,9788970235,node,Mexico,generator,Missing output tag,none,"tags: {'generator:method': 'wind_turbine', 'generator:source': 'wind', 'generator:type': 'horizontal_axis', 'power': 'generator'}",2026-07-01 02:06:25.459794,https://www.openstreetmap.org/node/9788970235,16.1564799,-93.9388293
node/9788970236,9788970236,node,Mexico,generator,Missing output tag,none,"tags: {'generator:method': 'wind_turbine', 'generator:source': 'wind', 'generator:type': 'horizontal_axis', 'power': 'generator'}",2026-07-01 02:06:25.459893,https://www.openstreetmap.org/node/9788970236,16.1555499,-93.9353237
node/9788970237,9788970237,node,Mexico,generator,Missing output tag,none,"tags: {'generator:method': 'wind_turbine', 'generator:source': 'wind', 'generator:type': 'horizontal_axis', 'power': 'generator'}",2026-07-01 02:06:25.459991,https://www.openstreetmap.org/node/9788970237,16.1546096,-93.9317858
node/9788970238,9788970238,node,Mexico,generator,Missing output tag,none,"tags: {'generator:method': 'wind_turbine', 'generator:source': 'wind', 'generator:type': 'horizontal_axis', 'power': 'generator'}",2026-07-01 02:06:25.460089,https://www.openstreetmap.org/node/9788970238,16.1587213,-93.9293852
node/9788970239,9788970239,node,Mexico,generator,Missing output tag,none,"tags: {'generator:method': 'wind_turbine', 'generator:source': 'wind', 'generator:type': 'horizontal_axis', 'power': 'generator'}",2026-07-01 02:06:25.460187,https://www.openstreetmap.org/node/9788970239,16.1596062,-93.9327756
node/9788970240,9788970240,node,Mexico,generator,Missing output tag,none,"tags: {'generator:method': 'wind_turbine', 'generator:source': 'wind', 'generator:type': 'horizontal_axis', 'power': 'generator'}",2026-07-01 02:06:25.460283,https://www.openstreetmap.org/node/9788970240,16.1604796,-93.9361042
node/9788970241,9788970241,node,Mexico,generator,Missing output tag,none,"tags: {'generator:method': 'wind_turbine', 'generator:source': 'wind', 'generator:type': 'horizontal_axis', 'power': 'generator'}",2026-07-01 02:06:25.460380,https://www.openstreetmap.org/node/9788970241,16.1613259,-93.9394543
node/9788970242,9788970242,node,Mexico,generator,Missing output tag,none,"tags: {'generator:method': 'wind_turbine', 'generator:source': 'wind', 'generator:type': 'horizontal_axis', 'power': 'generator'}",2026-07-01 02:06:25.460488,https://www.openstreetmap.org/node/9788970242,16.1622894,-93.9427909
node/10612921154,10612921154,node,Mexico,generator,Missing output tag,none,"tags: {'generator:method': 'wind_turbine', 'generator:source': 'wind', 'power': 'generator'}",2026-07-01 02:06:25.466395,https://www.openstreetmap.org/node/10612921154,29.5620981,-101.6027695
node/10612921155,10612921155,node,Mexico,generator,Missing output tag,none,"tags: {'generator:method': 'wind_turbine', 'generator:source': 'wind', 'power': 'generator'}",2026-07-01 02:06:25.466516,https://www.openstreetmap.org/node/10612921155,29.5647624,-101.6015491
node/10612921156,10612921156,node,Mexico,generator,Missing output tag,none,"tags: {'generator:method': 'wind_turbine', 'generator:source': 'wind', 'power': 'generator'}",2026-07-01 02:06:25.466618,https://www.openstreetmap.org/node/10612921156,29.567366,-101.6002791
node/10612921157,10612921157,node,Mexico,generator,Missing output tag,none,"tags: {'generator:method': 'wind_turbine', 'generator:source': 'wind', 'power': 'generator'}",2026-07-01 02:06:25.466717,https://www.openstreetmap.org/node/10612921157,29.5775627,-101.6111138
node/10612921158,10612921158,node,Mexico,generator,Missing output tag,none,"tags: {'generator:method': 'wind_turbine', 'generator:source': 'wind', 'power': 'generator'}",2026-07-01 02:06:25.466817,https://www.openstreetmap.org/node/10612921158,29.5754073,-101.6129941
node/10612921159,10612921159,node,Mexico,generator,Missing output tag,none,"tags: {'generator:method': 'wind_turbine', 'generator:source': 'wind', 'power': 'generator'}",2026-07-01 02:06:25.466915,https://www.openstreetmap.org/node/10612921159,29.5733194,-101.6148435
node/10612921160,10612921160,node,Mexico,generator,Missing output tag,none,"tags: {'generator:method': 'wind_turbine', 'generator:source': 'wind', 'power': 'generator'}",2026-07-01 02:06:25.467013,https://www.openstreetmap.org/node/10612921160,29.5711249,-101.6167686
node/10612921161,10612921161,node,Mexico,generator,Missing output tag,none,"tags: {'generator:method': 'wind_turbine', 'generator:source': 'wind', 'power': 'generator'}",2026-07-01 02:06:25.467137,https://www.openstreetmap.org/node/10612921161,29.5694446,-101.619359
node/10612921162,10612921162,node,Mexico,generator,Missing output tag,none,"tags: {'generator:method': 'wind_turbine', 'generator:source': 'wind', 'power': 'generator'}",2026-07-01 02:06:25.467257,https://www.openstreetmap.org/node/10612921162,29.5681289,-101.6224784
node/10612921163,10612921163,node,Mexico,generator,Missing output tag,none,"tags: {'generator:method': 'wind_turbine', 'generator:source': 'wind', 'power': 'generator'}",2026-07-01 02:06:25.467357,https://www.openstreetmap.org/node/10612921163,29.5671467,-101.6262133
node/10612921164,10612921164,node,Mexico,generator,Missing output tag,none,"tags: {'generator:method': 'wind_turbine', 'generator:source': 'wind', 'power': 'generator'}",2026-07-01 02:06:25.467466,https://www.openstreetmap.org/node/10612921164,29.5668026,-101.6307262
node/10612921165,10612921165,node,Mexico,generator,Missing output tag,none,"tags: {'generator:method': 'wind_turbine', 'generator:source': 'wind', 'power': 'generator'}",2026-07-01 02:06:25.467565,https://www.openstreetmap.org/node/10612921165,29.5658204,-101.6347495
node/10612921166,10612921166,node,Mexico,generator,Missing output tag,none,"tags: {'generator:method': 'wind_turbine', 'generator:source': 'wind', 'power': 'generator'}",2026-07-01 02:06:25.467663,https://www.openstreetmap.org/node/10612921166,29.5639575,-101.6371782
node/10612921167,10612921167,node,Mexico,generator,Missing output tag,none,"tags: {'generator:method': 'wind_turbine', 'generator:source': 'wind', 'power': 'generator'}",2026-07-01 02:06:25.467760,https://www.openstreetmap.org/node/10612921167,29.5625274,-101.6404009
node/10612921168,10612921168,node,Mexico,generator,Missing output tag,none,"tags: {'generator:method': 'wind_turbine', 'generator:source': 'wind', 'power': 'generator'}",2026-07-01 02:06:25.467857,https://www.openstreetmap.org/node/10612921168,29.5601325,-101.6428256
node/10612921169,10612921169,node,Mexico,generator,Missing output tag,none,"tags: {'generator:method': 'wind_turbine', 'generator:source': 'wind', 'power': 'generator'}",2026-07-01 02:06:25.467954,https://www.openstreetmap.org/node/10612921169,29.5579872,-101.6446978
node/10612921170,10612921170,node,Mexico,generator,Missing output tag,none,"tags: {'generator:method': 'wind_turbine', 'generator:source': 'wind', 'power': 'generator'}",2026-07-01 02:06:25.468051,https://www.openstreetmap.org/node/10612921170,29.5558804,-101.6468543
node/10612921171,10612921171,node,Mexico,generator,Missing output tag,none,"tags: {'generator:method': 'wind_turbine', 'generator:source': 'wind', 'power': 'generator'}",2026-07-01 02:06:25.468148,https://www.openstreetmap.org/node/10612921171,29.5534958,-101.6487828
node/10612921172,10612921172,node,Mexico,generator,Missing output tag,none,"tags: {'generator:method': 'wind_turbine', 'generator:source': 'wind', 'power': 'generator'}",2026-07-01 02:06:25.468244,https://www.openstreetmap.org/node/10612921172,29.5532438,-101.6526747
node/10612921173,10612921173,node,Mexico,generator,Missing output tag,none,"tags: {'generator:method': 'wind_turbine', 'generator:source': 'wind', 'power': 'generator'}",2026-07-01 02:06:25.468341,https://www.openstreetmap.org/node/10612921173,29.5534655,-101.6588894
node/10612921174,10612921174,node,Mexico,generator,Missing output tag,none,"tags: {'generator:method': 'wind_turbine', 'generator:source': 'wind', 'power': 'generator'}",2026-07-01 02:06:25.468438,https://www.openstreetmap.org/node/10612921174,29.5533465,-101.6643691
node/10612921175,10612921175,node,Mexico,generator,Missing output tag,none,"tags: {'generator:method': 'wind_turbine', 'generator:source': 'wind', 'power': 'generator'}",2026-07-01 02:06:25.468547,https://www.openstreetmap.org/node/10612921175,29.5530502,-101.6696209
node/10612921176,10612921176,node,Mexico,generator,Missing output tag,none,"tags: {'generator:method': 'wind_turbine', 'generator:source': 'wind', 'power': 'generator'}",2026-07-01 02:06:25.468645,https://www.openstreetmap.org/node/10612921176,29.5511486,-101.6730005
node/10612921177,10612921177,node,Mexico,generator,Missing output tag,none,"tags: {'generator:method': 'wind_turbine', 'generator:source': 'wind', 'power': 'generator'}",2026-07-01 02:06:25.468742,https://www.openstreetmap.org/node/10612921177,29.5495479,-101.6767931
node/9890421514,9890421514,node,Mexico,generator,Missing output tag,none,"tags: {'generator:method': 'wind_turbine', 'generator:source': 'wind', 'power': 'generator'}",2026-07-01 02:06:25.468840,https://www.openstreetmap.org/node/9890421514,29.5974625,-101.6502156
node/9890421515,9890421515,node,Mexico,generator,Missing output tag,none,"tags: {'generator:method': 'wind_turbine', 'generator:source': 'wind', 'power': 'generator'}",2026-07-01 02:06:25.468938,https://www.openstreetmap.org/node/9890421515,29.598425,-101.6464692
node/9890421516,9890421516,node,Mexico,generator,Missing output tag,none,"tags: {'generator:method': 'wind_turbine', 'generator:source': 'wind', 'power': 'generator'}",2026-07-01 02:06:25.469035,https://www.openstreetmap.org/node/9890421516,29.5990266,-101.6422546
node/9890421458,9890421458,node,Mexico,generator,Missing output tag,none,"tags: {'generator:method': 'wind_turbine', 'generator:source': 'wind', 'power': 'generator'}",2026-07-01 02:06:25.469133,https://www.openstreetmap.org/node/9890421458,29.6058913,-101.6573391
node/9890421459,9890421459,node,Mexico,generator,Missing output tag,none,"tags: {'generator:method': 'wind_turbine', 'generator:source': 'wind', 'power': 'generator'}",2026-07-01 02:06:25.469230,https://www.openstreetmap.org/node/9890421459,29.6093093,-101.6521849
node/9890421460,9890421460,node,Mexico,generator,Missing output tag,none,"tags: {'generator:method': 'wind_turbine', 'generator:source': 'wind', 'power': 'generator'}",2026-07-01 02:06:25.469327,https://www.openstreetmap.org/node/9890421460,29.611647,-101.650031
node/9890421461,9890421461,node,Mexico,generator,Missing output tag,none,"tags: {'generator:method': 'wind_turbine', 'generator:source': 'wind', 'power': 'generator'}",2026-07-01 02:06:25.469424,https://www.openstreetmap.org/node/9890421461,29.6138894,-101.6694063
node/9890421462,9890421462,node,Mexico,generator,Missing output tag,none,"tags: {'generator:method': 'wind_turbine', 'generator:source': 'wind', 'power': 'generator'}",2026-07-01 02:06:25.469533,https://www.openstreetmap.org/node/9890421462,29.6158195,-101.6664715
node/9890421463,9890421463,node,Mexico,generator,Missing output tag,none,"tags: {'generator:method': 'wind_turbine', 'generator:source': 'wind', 'power': 'generator'}",2026-07-01 02:06:25.469631,https://www.openstreetmap.org/node/9890421463,29.6180403,-101.6645403
node/9890421457,9890421457,node,Mexico,generator,Missing output tag,none,"tags: {'generator:method': 'wind_turbine', 'generator:source': 'wind', 'power': 'generator'}",2026-07-01 02:06:25.469729,https://www.openstreetmap.org/node/9890421457,29.6077665,-101.6685686
node/9890421456,9890421456,node,Mexico,generator,Missing output tag,none,"tags: {'generator:method': 'wind_turbine', 'generator:source': 'wind', 'power': 'generator'}",2026-07-01 02:06:25.469827,https://www.openstreetmap.org/node/9890421456,29.6056974,-101.6706645
node/9890421454,9890421454,node,Mexico,generator,Missing output tag,none,"tags: {'generator:method': 'wind_turbine', 'generator:source': 'wind', 'power': 'generator'}",2026-07-01 02:06:25.469924,https://www.openstreetmap.org/node/9890421454,29.6016647,-101.6723129
node/9890421453,9890421453,node,Mexico,generator,Missing output tag,none,"tags: {'generator:method': 'wind_turbine', 'generator:source': 'wind', 'power': 'generator'}",2026-07-01 02:06:25.470021,https://www.openstreetmap.org/node/9890421453,29.5989911,-101.6733605
node/9890421455,9890421455,node,Mexico,generator,Missing output tag,none,"tags: {'generator:method': 'wind_turbine', 'generator:source': 'wind', 'power': 'generator'}",2026-07-01 02:06:25.470119,https://www.openstreetmap.org/node/9890421455,29.596262,-101.67447
node/9890421512,9890421512,node,Mexico,generator,Missing output tag,none,"tags: {'generator:method': 'wind_turbine', 'generator:source': 'wind', 'power': 'generator'}",2026-07-01 02:06:25.470216,https://www.openstreetmap.org/node/9890421512,29.594129,-101.6764882
node/9890421513,9890421513,node,Mexico,generator,Missing output tag,none,"tags: {'generator:method': 'wind_turbine', 'generator:source': 'wind', 'power': 'generator'}",2026-07-01 02:06:25.470313,https://www.openstreetmap.org/node/9890421513,29.5868603,-101.6751165
node/9890421517,9890421517,node,Mexico,generator,Missing output tag,none,"tags: {'generator:method': 'wind_turbine', 'generator:source': 'wind', 'power': 'generator'}",2026-07-01 02:06:25.470411,https://www.openstreetmap.org/node/9890421517,29.5968935,-101.6854698
node/9890421518,9890421518,node,Mexico,generator,Missing output tag,none,"tags: {'generator:method': 'wind_turbine', 'generator:source': 'wind', 'power': 'generator'}",2026-07-01 02:06:25.470523,https://www.openstreetmap.org/node/9890421518,29.5947729,-101.68756
node/9890421519,9890421519,node,Mexico,generator,Missing output tag,none,"tags: {'generator:method': 'wind_turbine', 'generator:source': 'wind', 'power': 'generator'}",2026-07-01 02:06:25.470625,https://www.openstreetmap.org/node/9890421519,29.5924812,-101.689286
node/9890421520,9890421520,node,Mexico,generator,Missing output tag,none,"tags: {'generator:method': 'wind_turbine', 'generator:source': 'wind', 'power': 'generator'}",2026-07-01 02:06:25.470722,https://www.openstreetmap.org/node/9890421520,29.5887616,-101.6898312
node/9890421521,9890421521,node,Mexico,generator,Missing output tag,none,"tags: {'generator:method': 'wind_turbine', 'generator:source': 'wind', 'power': 'generator'}",2026-07-01 02:06:25.470820,https://www.openstreetmap.org/node/9890421521,29.5846407,-101.6900409
node/9890421522,9890421522,node,Mexico,generator,Missing output tag,none,"tags: {'generator:method': 'wind_turbine', 'generator:source': 'wind', 'power': 'generator'}",2026-07-01 02:06:25.470917,https://www.openstreetmap.org/node/9890421522,29.5813584,-101.691257
node/9890421523,9890421523,node,Mexico,generator,Missing output tag,none,"tags: {'generator:method': 'wind_turbine', 'generator:source': 'wind', 'power': 'generator'}",2026-07-01 02:06:25.471014,https://www.openstreetmap.org/node/9890421523,29.5777661,-101.6923893
node/9890421531,9890421531,node,Mexico,generator,Missing output tag,none,"tags: {'generator:method': 'wind_turbine', 'generator:source': 'wind', 'power': 'generator'}",2026-07-01 02:06:25.471112,https://www.openstreetmap.org/node/9890421531,29.5754314,-101.6952902
node/9890421532,9890421532,node,Mexico,generator,Missing output tag,none,"tags: {'generator:method': 'wind_turbine', 'generator:source': 'wind', 'power': 'generator'}",2026-07-01 02:06:25.471210,https://www.openstreetmap.org/node/9890421532,29.572645,-101.6975368
node/9890421533,9890421533,node,Mexico,generator,Missing output tag,none,"tags: {'generator:method': 'wind_turbine', 'generator:source': 'wind', 'power': 'generator'}",2026-07-01 02:06:25.471308,https://www.openstreetmap.org/node/9890421533,29.5700886,-101.7000427
node/9890421534,9890421534,node,Mexico,generator,Missing output tag,none,"tags: {'generator:method': 'wind_turbine', 'generator:source': 'wind', 'power': 'generator'}",2026-07-01 02:06:25.471405,https://www.openstreetmap.org/node/9890421534,29.5669687,-101.7017064
node/9890421535,9890421535,node,Mexico,generator,Missing output tag,none,"tags: {'generator:method': 'wind_turbine', 'generator:source': 'wind', 'power': 'generator'}",2026-07-01 02:06:25.471514,https://www.openstreetmap.org/node/9890421535,29.5608233,-101.6991998
node/9890421536,9890421536,node,Mexico,generator,Missing output tag,none,"tags: {'generator:method': 'wind_turbine', 'generator:source': 'wind', 'power': 'generator'}",2026-07-01 02:06:25.471614,https://www.openstreetmap.org/node/9890421536,29.5571699,-101.7001172
node/9890421537,9890421537,node,Mexico,generator,Missing output tag,none,"tags: {'generator:method': 'wind_turbine', 'generator:source': 'wind', 'power': 'generator'}",2026-07-01 02:06:25.471714,https://www.openstreetmap.org/node/9890421537,29.5557745,-101.7042114
node/9890421538,9890421538,node,Mexico,generator,Missing output tag,none,"tags: {'generator:method': 'wind_turbine', 'generator:source': 'wind', 'power': 'generator'}",2026-07-01 02:06:25.471813,https://www.openstreetmap.org/node/9890421538,29.5523797,-101.7055722
node/9890421539,9890421539,node,Mexico,generator,Missing output tag,none,"tags: {'generator:method': 'wind_turbine', 'generator:source': 'wind', 'power': 'generator'}",2026-07-01 02:06:25.471912,https://www.openstreetmap.org/node/9890421539,29.5500911,-101.7086747
node/9890421540,9890421540,node,Mexico,generator,Missing output tag,none,"tags: {'generator:method': 'wind_turbine', 'generator:source': 'wind', 'power': 'generator'}",2026-07-01 02:06:25.472010,https://www.openstreetmap.org/node/9890421540,29.5483794,-101.7123163
node/9890421542,9890421542,node,Mexico,generator,Missing output tag,none,"tags: {'generator:method': 'wind_turbine', 'generator:source': 'wind', 'power': 'generator'}",2026-07-01 02:06:25.472109,https://www.openstreetmap.org/node/9890421542,29.546414,-101.7156113
node/9890421541,9890421541,node,Mexico,generator,Missing output tag,none,"tags: {'generator:method': 'wind_turbine', 'generator:source': 'wind', 'power': 'generator'}",2026-07-01 02:06:25.472207,https://www.openstreetmap.org/node/9890421541,29.5437631,-101.7180113
node/9890421543,9890421543,node,Mexico,generator,Missing output tag,none,"tags: {'generator:method': 'wind_turbine', 'generator:source': 'wind', 'power': 'generator'}",2026-07-01 02:06:25.472306,https://www.openstreetmap.org/node/9890421543,29.541566,-101.7207804
node/9890421544,9890421544,node,Mexico,generator,Missing output tag,none,"tags: {'generator:method': 'wind_turbine', 'generator:source': 'wind', 'power': 'generator'}",2026-07-01 02:06:25.472405,https://www.openstreetmap.org/node/9890421544,29.5389569,-101.7232867
node/9890421545,9890421545,node,Mexico,generator,Missing output tag,none,"tags: {'generator:method': 'wind_turbine', 'generator:source': 'wind', 'power': 'generator'}",2026-07-01 02:06:25.472516,https://www.openstreetmap.org/node/9890421545,29.5368393,-101.7262567
node/9890421546,9890421546,node,Mexico,generator,Missing output tag,none,"tags: {'generator:method': 'wind_turbine', 'generator:source': 'wind', 'power': 'generator'}",2026-07-01 02:06:25.472614,https://www.openstreetmap.org/node/9890421546,29.5364051,-101.7312048
node/9890421551,9890421551,node,Mexico,generator,Missing output tag,none,"tags: {'generator:method': 'wind_turbine', 'generator:source': 'wind', 'power': 'generator'}",2026-07-01 02:06:25.472712,https://www.openstreetmap.org/node/9890421551,29.5707196,-101.7271616
node/9890421550,9890421550,node,Mexico,generator,Missing output tag,none,"tags: {'generator:method': 'wind_turbine', 'generator:source': 'wind', 'power': 'generator'}",2026-07-01 02:06:25.472809,https://www.openstreetmap.org/node/9890421550,29.5716767,-101.7225838
node/9890421549,9890421549,node,Mexico,generator,Missing output tag,none,"tags: {'generator:method': 'wind_turbine', 'generator:source': 'wind', 'power': 'generator'}",2026-07-01 02:06:25.472907,https://www.openstreetmap.org/node/9890421549,29.573594,-101.719292
node/9890421548,9890421548,node,Mexico,generator,Missing output tag,none,"tags: {'generator:method': 'wind_turbine', 'generator:source': 'wind', 'power': 'generator'}",2026-07-01 02:06:25.473005,https://www.openstreetmap.org/node/9890421548,29.5753378,-101.7158207
node/9890421547,9890421547,node,Mexico,generator,Missing output tag,none,"tags: {'generator:method': 'wind_turbine', 'generator:source': 'wind', 'power': 'generator'}",2026-07-01 02:06:25.473103,https://www.openstreetmap.org/node/9890421547,29.5773852,-101.7126886
node/9890421530,9890421530,node,Mexico,generator,Missing output tag,none,"tags: {'generator:method': 'wind_turbine', 'generator:source': 'wind', 'power': 'generator'}",2026-07-01 02:06:25.473202,https://www.openstreetmap.org/node/9890421530,29.5825089,-101.7078452
node/9890421529,9890421529,node,Mexico,generator,Missing output tag,none,"tags: {'generator:method': 'wind_turbine', 'generator:source': 'wind', 'power': 'generator'}",2026-07-01 02:06:25.473299,https://www.openstreetmap.org/node/9890421529,29.5879046,-101.708996
node/9890421528,9890421528,node,Mexico,generator,Missing output tag,none,"tags: {'generator:method': 'wind_turbine', 'generator:source': 'wind', 'power': 'generator'}",2026-07-01 02:06:25.473397,https://www.openstreetmap.org/node/9890421528,29.5914754,-101.7080269
node/9890421527,9890421527,node,Mexico,generator,Missing output tag,none,"tags: {'generator:method': 'wind_turbine', 'generator:source': 'wind', 'power': 'generator'}",2026-07-01 02:06:25.473505,https://www.openstreetmap.org/node/9890421527,29.5941338,-101.7058049
node/9890421526,9890421526,node,Mexico,generator,Missing output tag,none,"tags: {'generator:method': 'wind_turbine', 'generator:source': 'wind', 'power': 'generator'}",2026-07-01 02:06:25.473603,https://www.openstreetmap.org/node/9890421526,29.5966138,-101.7034442
node/9890421525,9890421525,node,Mexico,generator,Missing output tag,none,"tags: {'generator:method': 'wind_turbine', 'generator:source': 'wind', 'power': 'generator'}",2026-07-01 02:06:25.473703,https://www.openstreetmap.org/node/9890421525,29.5991555,-101.7010043
node/9890421524,9890421524,node,Mexico,generator,Missing output tag,none,"tags: {'generator:method': 'wind_turbine', 'generator:source': 'wind', 'power': 'generator'}",2026-07-01 02:06:25.473802,https://www.openstreetmap.org/node/9890421524,29.6015909,-101.6982767
node/9890421552,9890421552,node,Mexico,generator,Missing output tag,none,"tags: {'generator:method': 'wind_turbine', 'generator:source': 'wind', 'power': 'generator'}",2026-07-01 02:06:25.473900,https://www.openstreetmap.org/node/9890421552,29.5808475,-101.7459813
node/9890421553,9890421553,node,Mexico,generator,Missing output tag,none,"tags: {'generator:method': 'wind_turbine', 'generator:source': 'wind', 'power': 'generator'}",2026-07-01 02:06:25.473998,https://www.openstreetmap.org/node/9890421553,29.5778546,-101.7484672
node/9890421554,9890421554,node,Mexico,generator,Missing output tag,none,"tags: {'generator:method': 'wind_turbine', 'generator:source': 'wind', 'power': 'generator'}",2026-07-01 02:06:25.474097,https://www.openstreetmap.org/node/9890421554,29.5756987,-101.7516168
node/9890421555,9890421555,node,Mexico,generator,Missing output tag,none,"tags: {'generator:method': 'wind_turbine', 'generator:source': 'wind', 'power': 'generator'}",2026-07-01 02:06:25.474195,https://www.openstreetmap.org/node/9890421555,29.5731518,-101.7553122
node/9890421556,9890421556,node,Mexico,generator,Missing output tag,none,"tags: {'generator:method': 'wind_turbine', 'generator:source': 'wind', 'power': 'generator'}",2026-07-01 02:06:25.474292,https://www.openstreetmap.org/node/9890421556,29.5702965,-101.7576082
node/9890421557,9890421557,node,Mexico,generator,Missing output tag,none,"tags: {'generator:method': 'wind_turbine', 'generator:source': 'wind', 'power': 'generator'}",2026-07-01 02:06:25.474390,https://www.openstreetmap.org/node/9890421557,29.567455,-101.7599148
node/9890421558,9890421558,node,Mexico,generator,Missing output tag,none,"tags: {'generator:method': 'wind_turbine', 'generator:source': 'wind', 'power': 'generator'}",2026-07-01 02:06:25.474497,https://www.openstreetmap.org/node/9890421558,29.5649937,-101.7628143
node/9890421559,9890421559,node,Mexico,generator,Missing output tag,none,"tags: {'generator:method': 'wind_turbine', 'generator:source': 'wind', 'power': 'generator'}",2026-07-01 02:06:25.474596,https://www.openstreetmap.org/node/9890421559,29.5630154,-101.7668188
node/9890421560,9890421560,node,Mexico,generator,Missing output tag,none,"tags: {'generator:method': 'wind_turbine', 'generator:source': 'wind', 'power': 'generator'}",2026-07-01 02:06:25.474697,https://www.openstreetmap.org/node/9890421560,29.5945099,-101.7647238
node/9890421561,9890421561,node,Mexico,generator,Missing output tag,none,"tags: {'generator:method': 'wind_turbine', 'generator:source': 'wind', 'power': 'generator'}",2026-07-01 02:06:25.474796,https://www.openstreetmap.org/node/9890421561,29.5982508,-101.7637046
node/9890421562,9890421562,node,Mexico,generator,Missing output tag,none,"tags: {'generator:method': 'wind_turbine', 'generator:source': 'wind', 'power': 'generator'}",2026-07-01 02:06:25.474895,https://www.openstreetmap.org/node/9890421562,29.6026305,-101.7640103
node/9890421563,9890421563,node,Mexico,generator,Missing output tag,none,"tags: {'generator:method': 'wind_turbine', 'generator:source': 'wind', 'power': 'generator'}",2026-07-01 02:06:25.474994,https://www.openstreetmap.org/node/9890421563,29.6067257,-101.7635651
node/9890421564,9890421564,node,Mexico,generator,Missing output tag,none,"tags: {'generator:method': 'wind_turbine', 'generator:source': 'wind', 'power': 'generator'}",2026-07-01 02:06:25.475093,https://www.openstreetmap.org/node/9890421564,29.6098225,-101.7617841
node/9890421565,9890421565,node,Mexico,generator,Missing output tag,none,"tags: {'generator:method': 'wind_turbine', 'generator:source': 'wind', 'power': 'generator'}",2026-07-01 02:06:25.475191,https://www.openstreetmap.org/node/9890421565,29.6122291,-101.7589946
node/9890421566,9890421566,node,Mexico,generator,Missing output tag,none,"tags: {'generator:method': 'wind_turbine', 'generator:source': 'wind', 'power': 'generator'}",2026-07-01 02:06:25.475289,https://www.openstreetmap.org/node/9890421566,29.6147941,-101.7565324
node/9890421567,9890421567,node,Mexico,generator,Missing output tag,none,"tags: {'generator:method': 'wind_turbine', 'generator:source': 'wind', 'power': 'generator'}",2026-07-01 02:06:25.475387,https://www.openstreetmap.org/node/9890421567,29.6182078,-101.7552127
node/9890421568,9890421568,node,Mexico,generator,Missing output tag,none,"tags: {'generator:method': 'wind_turbine', 'generator:source': 'wind', 'power': 'generator'}",2026-07-01 02:06:25.475496,https://www.openstreetmap.org/node/9890421568,29.6215562,-101.753716
node/9890421569,9890421569,node,Mexico,generator,Missing output tag,none,"tags: {'generator:method': 'wind_turbine', 'generator:source': 'wind', 'power': 'generator'}",2026-07-01 02:06:25.475595,https://www.openstreetmap.org/node/9890421569,29.6238878,-101.7507978
node/9890421570,9890421570,node,Mexico,generator,Missing output tag,none,"tags: {'generator:method': 'wind_turbine', 'generator:source': 'wind', 'power': 'generator'}",2026-07-01 02:06:25.475694,https://www.openstreetmap.org/node/9890421570,29.6270588,-101.7490383
node/9890421571,9890421571,node,Mexico,generator,Missing output tag,none,"tags: {'generator:method': 'wind_turbine', 'generator:source': 'wind', 'power': 'generator'}",2026-07-01 02:06:25.475793,https://www.openstreetmap.org/node/9890421571,29.6299498,-101.7469998
node/9890421572,9890421572,node,Mexico,generator,Missing output tag,none,"tags: {'generator:method': 'wind_turbine', 'generator:source': 'wind', 'power': 'generator'}",2026-07-01 02:06:25.475891,https://www.openstreetmap.org/node/9890421572,29.6335651,-101.7457668
node/9890421573,9890421573,node,Mexico,generator,Missing output tag,none,"tags: {'generator:method': 'wind_turbine', 'generator:source': 'wind', 'power': 'generator'}",2026-07-01 02:06:25.475989,https://www.openstreetmap.org/node/9890421573,29.6360685,-101.7429604
node/9890421574,9890421574,node,Mexico,generator,Missing output tag,none,"tags: {'generator:method': 'wind_turbine', 'generator:source': 'wind', 'power': 'generator'}",2026-07-01 02:06:25.476087,https://www.openstreetmap.org/node/9890421574,29.638505,-101.7404996
node/9890421511,9890421511,node,Mexico,generator,Missing output tag,none,"tags: {'generator:method': 'wind_turbine', 'generator:source': 'wind', 'power': 'generator'}",2026-07-01 02:06:25.476187,https://www.openstreetmap.org/node/9890421511,29.6232356,-101.709667
node/9890421510,9890421510,node,Mexico,generator,Missing output tag,none,"tags: {'generator:method': 'wind_turbine', 'generator:source': 'wind', 'power': 'generator'}",2026-07-01 02:06:25.476285,https://www.openstreetmap.org/node/9890421510,29.6253499,-101.707025
node/9890421509,9890421509,node,Mexico,generator,Missing output tag,none,"tags: {'generator:method': 'wind_turbine', 'generator:source': 'wind', 'power': 'generator'}",2026-07-01 02:06:25.476384,https://www.openstreetmap.org/node/9890421509,29.6276647,-101.705054
node/9890421508,9890421508,node,Mexico,generator,Missing output tag,none,"tags: {'generator:method': 'wind_turbine', 'generator:source': 'wind', 'power': 'generator'}",2026-07-01 02:06:25.476494,https://www.openstreetmap.org/node/9890421508,29.6296023,-101.7023233
node/9890421506,9890421506,node,Mexico,generator,Missing output tag,none,"tags: {'generator:method': 'wind_turbine', 'generator:source': 'wind', 'power': 'generator'}",2026-07-01 02:06:25.476595,https://www.openstreetmap.org/node/9890421506,29.6384397,-101.7028705
node/9890421507,9890421507,node,Mexico,generator,Missing output tag,none,"tags: {'generator:method': 'wind_turbine', 'generator:source': 'wind', 'power': 'generator'}",2026-07-01 02:06:25.476697,https://www.openstreetmap.org/node/9890421507,29.6375249,-101.7082831
node/9890421478,9890421478,node,Mexico,generator,Missing output tag,none,"tags: {'generator:method': 'wind_turbine', 'generator:source': 'wind', 'power': 'generator'}",2026-07-01 02:06:25.476797,https://www.openstreetmap.org/node/9890421478,29.6334724,-101.694315
node/9890421477,9890421477,node,Mexico,generator,Missing output tag,none,"tags: {'generator:method': 'wind_turbine', 'generator:source': 'wind', 'power': 'generator'}",2026-07-01 02:06:25.476897,https://www.openstreetmap.org/node/9890421477,29.6300503,-101.6953448
node/9890421476,9890421476,node,Mexico,generator,Missing output tag,none,"tags: {'generator:method': 'wind_turbine', 'generator:source': 'wind', 'power': 'generator'}",2026-07-01 02:06:25.476996,https://www.openstreetmap.org/node/9890421476,29.6243292,-101.6848408
node/9890421475,9890421475,node,Mexico,generator,Missing output tag,none,"tags: {'generator:method': 'wind_turbine', 'generator:source': 'wind', 'power': 'generator'}",2026-07-01 02:06:25.477094,https://www.openstreetmap.org/node/9890421475,29.6254228,-101.6816117
node/9890421474,9890421474,node,Mexico,generator,Missing output tag,none,"tags: {'generator:method': 'wind_turbine', 'generator:source': 'wind', 'power': 'generator'}",2026-07-01 02:06:25.477193,https://www.openstreetmap.org/node/9890421474,29.6265529,-101.6783407
node/9890421479,9890421479,node,Mexico,generator,Missing output tag,none,"tags: {'generator:method': 'wind_turbine', 'generator:source': 'wind', 'power': 'generator'}",2026-07-01 02:06:25.477292,https://www.openstreetmap.org/node/9890421479,29.6335518,-101.6824714
node/9890421480,9890421480,node,Mexico,generator,Missing output tag,none,"tags: {'generator:method': 'wind_turbine', 'generator:source': 'wind', 'power': 'generator'}",2026-07-01 02:06:25.477392,https://www.openstreetmap.org/node/9890421480,29.6351192,-101.6796617
node/9890421481,9890421481,node,Mexico,generator,Missing output tag,none,"tags: {'generator:method': 'wind_turbine', 'generator:source': 'wind', 'power': 'generator'}",2026-07-01 02:06:25.477502,https://www.openstreetmap.org/node/9890421481,29.6381763,-101.6799262
node/9890421482,9890421482,node,Mexico,generator,Missing output tag,none,"tags: {'generator:method': 'wind_turbine', 'generator:source': 'wind', 'power': 'generator'}",2026-07-01 02:06:25.477602,https://www.openstreetmap.org/node/9890421482,29.6405502,-101.6780891
node/9890421469,9890421469,node,Mexico,generator,Missing output tag,none,"tags: {'generator:method': 'wind_turbine', 'generator:source': 'wind', 'power': 'generator'}",2026-07-01 02:06:25.477701,https://www.openstreetmap.org/node/9890421469,29.6326238,-101.664042
node/9890421467,9890421467,node,Mexico,generator,Missing output tag,none,"tags: {'generator:method': 'wind_turbine', 'generator:source': 'wind', 'power': 'generator'}",2026-07-01 02:06:25.477799,https://www.openstreetmap.org/node/9890421467,29.6266503,-101.6542043
node/9890421468,9890421468,node,Mexico,generator,Missing output tag,none,"tags: {'generator:method': 'wind_turbine', 'generator:source': 'wind', 'power': 'generator'}",2026-07-01 02:06:25.477899,https://www.openstreetmap.org/node/9890421468,29.6286415,-101.6510342
node/9890421470,9890421470,node,Mexico,generator,Missing output tag,none,"tags: {'generator:method': 'wind_turbine', 'generator:source': 'wind', 'power': 'generator'}",2026-07-01 02:06:25.477997,https://www.openstreetmap.org/node/9890421470,29.6347926,-101.6486617
node/9890421466,9890421466,node,Mexico,generator,Missing output tag,none,"tags: {'generator:method': 'wind_turbine', 'generator:source': 'wind', 'power': 'generator'}",2026-07-01 02:06:25.478096,https://www.openstreetmap.org/node/9890421466,29.6272548,-101.661465
node/9890421465,9890421465,node,Mexico,generator,Missing output tag,none,"tags: {'generator:method': 'wind_turbine', 'generator:source': 'wind', 'power': 'generator'}",2026-07-01 02:06:25.478194,https://www.openstreetmap.org/node/9890421465,29.6248369,-101.6631012
node/9890421464,9890421464,node,Mexico,generator,Missing output tag,none,"tags: {'generator:method': 'wind_turbine', 'generator:source': 'wind', 'power': 'generator'}",2026-07-01 02:06:25.478293,https://www.openstreetmap.org/node/9890421464,29.622502,-101.6645342
node/9890421473,9890421473,node,Mexico,generator,Missing output tag,none,"tags: {'generator:method': 'wind_turbine', 'generator:source': 'wind', 'power': 'generator'}",2026-07-01 02:06:25.478392,https://www.openstreetmap.org/node/9890421473,29.6412633,-101.6412988
node/9890421472,9890421472,node,Mexico,generator,Missing output tag,none,"tags: {'generator:method': 'wind_turbine', 'generator:source': 'wind', 'power': 'generator'}",2026-07-01 02:06:25.478501,https://www.openstreetmap.org/node/9890421472,29.6391124,-101.6438349
node/9890421471,9890421471,node,Mexico,generator,Missing output tag,none,"tags: {'generator:method': 'wind_turbine', 'generator:source': 'wind', 'power': 'generator'}",2026-07-01 02:06:25.478600,https://www.openstreetmap.org/node/9890421471,29.636997,-101.6462688
node/9890421486,9890421486,node,Mexico,generator,Missing output tag,none,"tags: {'generator:method': 'wind_turbine', 'generator:source': 'wind', 'power': 'generator'}",2026-07-01 02:06:25.478700,https://www.openstreetmap.org/node/9890421486,29.6439581,-101.6567016
node/9890421485,9890421485,node,Mexico,generator,Missing output tag,none,"tags: {'generator:method': 'wind_turbine', 'generator:source': 'wind', 'power': 'generator'}",2026-07-01 02:06:25.478799,https://www.openstreetmap.org/node/9890421485,29.642245,-101.6598049
node/9890421484,9890421484,node,Mexico,generator,Missing output tag,none,"tags: {'generator:method': 'wind_turbine', 'generator:source': 'wind', 'power': 'generator'}",2026-07-01 02:06:25.478899,https://www.openstreetmap.org/node/9890421484,29.6391651,-101.6610839
node/9890421483,9890421483,node,Mexico,generator,Missing output tag,none,"tags: {'generator:method': 'wind_turbine', 'generator:source': 'wind', 'power': 'generator'}",2026-07-01 02:06:25.478999,https://www.openstreetmap.org/node/9890421483,29.6365043,-101.6629291
node/9890421487,9890421487,node,Mexico,generator,Missing output tag,none,"tags: {'generator:method': 'wind_turbine', 'generator:source': 'wind', 'power': 'generator'}",2026-07-01 02:06:25.479098,https://www.openstreetmap.org/node/9890421487,29.6503179,-101.659721
node/9890421488,9890421488,node,Mexico,generator,Missing output tag,none,"tags: {'generator:method': 'wind_turbine', 'generator:source': 'wind', 'power': 'generator'}",2026-07-01 02:06:25.479198,https://www.openstreetmap.org/node/9890421488,29.6513384,-101.6561145
node/9890421489,9890421489,node,Mexico,generator,Missing output tag,none,"tags: {'generator:method': 'wind_turbine', 'generator:source': 'wind', 'power': 'generator'}",2026-07-01 02:06:25.479299,https://www.openstreetmap.org/node/9890421489,29.6539905,-101.6536127
node/9890421490,9890421490,node,Mexico,generator,Missing output tag,none,"tags: {'generator:method': 'wind_turbine', 'generator:source': 'wind', 'power': 'generator'}",2026-07-01 02:06:25.479398,https://www.openstreetmap.org/node/9890421490,29.6565274,-101.6517637
node/9890421491,9890421491,node,Mexico,generator,Missing output tag,none,"tags: {'generator:method': 'wind_turbine', 'generator:source': 'wind', 'power': 'generator'}",2026-07-01 02:06:25.479509,https://www.openstreetmap.org/node/9890421491,29.6578982,-101.6477273
node/9890421492,9890421492,node,Mexico,generator,Missing output tag,none,"tags: {'generator:method': 'wind_turbine', 'generator:source': 'wind', 'power': 'generator'}",2026-07-01 02:06:25.479608,https://www.openstreetmap.org/node/9890421492,29.6600839,-101.6451348
node/9890421493,9890421493,node,Mexico,generator,Missing output tag,none,"tags: {'generator:method': 'wind_turbine', 'generator:source': 'wind', 'power': 'generator'}",2026-07-01 02:06:25.479708,https://www.openstreetmap.org/node/9890421493,29.6615059,-101.6418772
node/9890421494,9890421494,node,Mexico,generator,Missing output tag,none,"tags: {'generator:method': 'wind_turbine', 'generator:source': 'wind', 'power': 'generator'}",2026-07-01 02:06:25.479807,https://www.openstreetmap.org/node/9890421494,29.6692032,-101.6442797
node/9890421495,9890421495,node,Mexico,generator,Missing output tag,none,"tags: {'generator:method': 'wind_turbine', 'generator:source': 'wind', 'power': 'generator'}",2026-07-01 02:06:25.479907,https://www.openstreetmap.org/node/9890421495,29.6715449,-101.6421015
node/9890421500,9890421500,node,Mexico,generator,Missing output tag,none,"tags: {'generator:method': 'wind_turbine', 'generator:source': 'wind', 'power': 'generator'}",2026-07-01 02:06:25.480006,https://www.openstreetmap.org/node/9890421500,29.671636,-101.6555693
node/9890421501,9890421501,node,Mexico,generator,Missing output tag,none,"tags: {'generator:method': 'wind_turbine', 'generator:source': 'wind', 'power': 'generator'}",2026-07-01 02:06:25.480105,https://www.openstreetmap.org/node/9890421501,29.6698506,-101.6584629
node/9890421502,9890421502,node,Mexico,generator,Missing output tag,none,"tags: {'generator:method': 'wind_turbine', 'generator:source': 'wind', 'power': 'generator'}",2026-07-01 02:06:25.480205,https://www.openstreetmap.org/node/9890421502,29.6670084,-101.6599936
node/9890421503,9890421503,node,Mexico,generator,Missing output tag,none,"tags: {'generator:method': 'wind_turbine', 'generator:source': 'wind', 'power': 'generator'}",2026-07-01 02:06:25.480304,https://www.openstreetmap.org/node/9890421503,29.6644758,-101.6620904
node/9890421504,9890421504,node,Mexico,generator,Missing output tag,none,"tags: {'generator:method': 'wind_turbine', 'generator:source': 'wind', 'power': 'generator'}",2026-07-01 02:06:25.480404,https://www.openstreetmap.org/node/9890421504,29.663492,-101.6689889
node/9890421505,9890421505,node,Mexico,generator,Missing output tag,none,"tags: {'generator:method': 'wind_turbine', 'generator:source': 'wind', 'power': 'generator'}",2026-07-01 02:06:25.480521,https://www.openstreetmap.org/node/9890421505,29.6604856,-101.6704357
node/9890421499,9890421499,node,Mexico,generator,Missing output tag,none,"tags: {'generator:method': 'wind_turbine', 'generator:source': 'wind', 'power': 'generator'}",2026-07-01 02:06:25.480624,https://www.openstreetmap.org/node/9890421499,29.6742131,-101.6533199
node/9890421498,9890421498,node,Mexico,generator,Missing output tag,none,"tags: {'generator:method': 'wind_turbine', 'generator:source': 'wind', 'power': 'generator'}",2026-07-01 02:06:25.480724,https://www.openstreetmap.org/node/9890421498,29.6799981,-101.6371174
node/9890421497,9890421497,node,Mexico,generator,Missing output tag,none,"tags: {'generator:method': 'wind_turbine', 'generator:source': 'wind', 'power': 'generator'}",2026-07-01 02:06:25.480823,https://www.openstreetmap.org/node/9890421497,29.6767736,-101.6382078
node/9890421496,9890421496,node,Mexico,generator,Missing output tag,none,"tags: {'generator:method': 'wind_turbine', 'generator:source': 'wind', 'power': 'generator'}",2026-07-01 02:06:25.480923,https://www.openstreetmap.org/node/9890421496,29.6740591,-101.6398852
relation/15576752,15576752,relation,Mexico,plant,Capacity placeholder value,yes,Tag 'plant:output:electricity' contains placeholder value 'yes' instead of actual capacity,2026-07-01 02:06:25.495781,https://www.openstreetmap.org/relation/15576752,20.9762469,-86.8620102
node/10713233500,10713233500,node,Mexico,generator,Missing output tag,none,"tags: {'generator:method': 'wind_turbine', 'generator:source': 'wind', 'generator:type': 'horizontal_axis', 'manufacturer': 'Acciona', 'manufacturer:type': 'AW132/3000', 'name': 'Parque Eólico Dolores', 'power': 'generator'}",2026-07-01 02:06:25.497249,https://www.openstreetmap.org/node/10713233500,25.5818013,-98.60021
node/10713233499,10713233499,node,Mexico,generator,Missing output tag,none,"tags: {'generator:method': 'wind_turbine', 'generator:source': 'wind', 'generator:type': 'horizontal_axis', 'manufacturer': 'Acciona', 'manufacturer:type': 'AW132/3000', 'name': 'Parque Eólico Dolores', 'power': 'generator'}",2026-07-01 02:06:25.497364,https://www.openstreetmap.org/node/10713233499,25.5792838,-98.6038196
node/10713233498,10713233498,node,Mexico,generator,Missing output tag,none,"tags: {'generator:method': 'wind_turbine', 'generator:source': 'wind', 'generator:type': 'horizontal_axis', 'manufacturer': 'Acciona', 'manufacturer:type': 'AW132/3000', 'name': 'Parque Eólico Dolores', 'power': 'generator'}",2026-07-01 02:06:25.497487,https://www.openstreetmap.org/node/10713233498,25.5757028,-98.6056897
node/10713233497,10713233497,node,Mexico,generator,Missing output tag,none,"tags: {'generator:method': 'wind_turbine', 'generator:source': 'wind', 'generator:type': 'horizontal_axis', 'manufacturer': 'Acciona', 'manufacturer:type': 'AW132/3000', 'name': 'Parque Eólico Dolores', 'power': 'generator'}",2026-07-01 02:06:25.497595,https://www.openstreetmap.org/node/10713233497,25.5752428,-98.6105035
node/10713233496,10713233496,node,Mexico,generator,Missing output tag,none,"tags: {'generator:method': 'wind_turbine', 'generator:source': 'wind', 'generator:type': 'horizontal_axis', 'manufacturer': 'Acciona', 'manufacturer:type': 'AW132/3000', 'name': 'Parque Eólico Dolores', 'power': 'generator'}",2026-07-01 02:06:25.497705,https://www.openstreetmap.org/node/10713233496,25.5728736,-98.6135374
node/10713233495,10713233495,node,Mexico,generator,Missing output tag,none,"tags: {'generator:method': 'wind_turbine', 'generator:source': 'wind', 'generator:type': 'horizontal_axis', 'manufacturer': 'Acciona', 'manufacturer:type': 'AW132/3000', 'name': 'Parque Eólico Dolores', 'power': 'generator'}",2026-07-01 02:06:25.497814,https://www.openstreetmap.org/node/10713233495,25.568481,-98.6140212
node/10713233494,10713233494,node,Mexico,generator,Missing output tag,none,"tags: {'generator:method': 'wind_turbine', 'generator:source': 'wind', 'generator:type': 'horizontal_axis', 'manufacturer': 'Acciona', 'manufacturer:type': 'AW132/3000', 'name': 'Parque Eólico Dolores', 'power': 'generator'}",2026-07-01 02:06:25.497922,https://www.openstreetmap.org/node/10713233494,25.5650405,-98.6156632
node/10713233493,10713233493,node,Mexico,generator,Missing output tag,none,"tags: {'generator:method': 'wind_turbine', 'generator:source': 'wind', 'generator:type': 'horizontal_axis', 'manufacturer': 'Acciona', 'manufacturer:type': 'AW132/3000', 'name': 'Parque Eólico Dolores', 'power': 'generator'}",2026-07-01 02:06:25.498043,https://www.openstreetmap.org/node/10713233493,25.562662,-98.6184638
node/9895974423,9895974423,node,Mexico,generator,Missing output tag,none,"tags: {'generator:method': 'wind_turbine', 'generator:source': 'wind', 'power': 'generator'}",2026-07-01 02:06:25.498147,https://www.openstreetmap.org/node/9895974423,25.5556003,-98.6082407
node/9895974422,9895974422,node,Mexico,generator,Missing output tag,none,"tags: {'generator:method': 'wind_turbine', 'generator:source': 'wind', 'power': 'generator'}",2026-07-01 02:06:25.498253,https://www.openstreetmap.org/node/9895974422,25.5526683,-98.6105514
node/9895974421,9895974421,node,Mexico,generator,Missing output tag,none,"tags: {'generator:method': 'wind_turbine', 'generator:source': 'wind', 'power': 'generator'}",2026-07-01 02:06:25.498358,https://www.openstreetmap.org/node/9895974421,25.5496008,-98.6124889
node/9895974420,9895974420,node,Mexico,generator,Missing output tag,none,"tags: {'generator:method': 'wind_turbine', 'generator:source': 'wind', 'power': 'generator'}",2026-07-01 02:06:25.498472,https://www.openstreetmap.org/node/9895974420,25.5465736,-98.6146435
node/9895974446,9895974446,node,Mexico,generator,Missing output tag,none,"tags: {'generator:method': 'wind_turbine', 'generator:source': 'wind', 'power': 'generator'}",2026-07-01 02:06:25.498577,https://www.openstreetmap.org/node/9895974446,25.5600572,-98.5887293
node/9895974445,9895974445,node,Mexico,generator,Missing output tag,none,"tags: {'generator:method': 'wind_turbine', 'generator:source': 'wind', 'power': 'generator'}",2026-07-01 02:06:25.498681,https://www.openstreetmap.org/node/9895974445,25.5565729,-98.5903636
node/9895974444,9895974444,node,Mexico,generator,Missing output tag,none,"tags: {'generator:method': 'wind_turbine', 'generator:source': 'wind', 'power': 'generator'}",2026-07-01 02:06:25.498786,https://www.openstreetmap.org/node/9895974444,25.5534186,-98.5924451
node/9895974443,9895974443,node,Mexico,generator,Missing output tag,none,"tags: {'generator:method': 'wind_turbine', 'generator:source': 'wind', 'power': 'generator'}",2026-07-01 02:06:25.498889,https://www.openstreetmap.org/node/9895974443,25.5495601,-98.5937786
node/9895974442,9895974442,node,Mexico,generator,Missing output tag,none,"tags: {'generator:method': 'wind_turbine', 'generator:source': 'wind', 'power': 'generator'}",2026-07-01 02:06:25.498994,https://www.openstreetmap.org/node/9895974442,25.5452465,-98.5943965
node/9895974441,9895974441,node,Mexico,generator,Missing output tag,none,"tags: {'generator:method': 'wind_turbine', 'generator:source': 'wind', 'power': 'generator'}",2026-07-01 02:06:25.499098,https://www.openstreetmap.org/node/9895974441,25.5408154,-98.5950063
node/9895974453,9895974453,node,Mexico,generator,Missing output tag,none,"tags: {'generator:method': 'wind_turbine', 'generator:source': 'wind', 'power': 'generator'}",2026-07-01 02:06:25.499202,https://www.openstreetmap.org/node/9895974453,25.5463725,-98.5813166
node/9895974454,9895974454,node,Mexico,generator,Missing output tag,none,"tags: {'generator:method': 'wind_turbine', 'generator:source': 'wind', 'power': 'generator'}",2026-07-01 02:06:25.499306,https://www.openstreetmap.org/node/9895974454,25.5419274,-98.5817271
node/9895974440,9895974440,node,Mexico,generator,Missing output tag,none,"tags: {'generator:method': 'wind_turbine', 'generator:source': 'wind', 'power': 'generator'}",2026-07-01 02:06:25.499411,https://www.openstreetmap.org/node/9895974440,25.5373526,-98.5967138
node/9895974439,9895974439,node,Mexico,generator,Missing output tag,none,"tags: {'generator:method': 'wind_turbine', 'generator:source': 'wind', 'power': 'generator'}",2026-07-01 02:06:25.499527,https://www.openstreetmap.org/node/9895974439,25.5340731,-98.5984782
node/9895974438,9895974438,node,Mexico,generator,Missing output tag,none,"tags: {'generator:method': 'wind_turbine', 'generator:source': 'wind', 'power': 'generator'}",2026-07-01 02:06:25.499632,https://www.openstreetmap.org/node/9895974438,25.5316153,-98.6012509
node/9895974437,9895974437,node,Mexico,generator,Missing output tag,none,"tags: {'generator:method': 'wind_turbine', 'generator:source': 'wind', 'power': 'generator'}",2026-07-01 02:06:25.499736,https://www.openstreetmap.org/node/9895974437,25.5290767,-98.6038691
node/9895974455,9895974455,node,Mexico,generator,Missing output tag,none,"tags: {'generator:method': 'wind_turbine', 'generator:source': 'wind', 'power': 'generator'}",2026-07-01 02:06:25.499840,https://www.openstreetmap.org/node/9895974455,25.5350169,-98.5834118
node/9895974456,9895974456,node,Mexico,generator,Missing output tag,none,"tags: {'generator:method': 'wind_turbine', 'generator:source': 'wind', 'power': 'generator'}",2026-07-01 02:06:25.499944,https://www.openstreetmap.org/node/9895974456,25.5323216,-98.5859317
node/9895974457,9895974457,node,Mexico,generator,Missing output tag,none,"tags: {'generator:method': 'wind_turbine', 'generator:source': 'wind', 'power': 'generator'}",2026-07-01 02:06:25.500048,https://www.openstreetmap.org/node/9895974457,25.5288342,-98.5874323
node/9895974458,9895974458,node,Mexico,generator,Missing output tag,none,"tags: {'generator:method': 'wind_turbine', 'generator:source': 'wind', 'power': 'generator'}",2026-07-01 02:06:25.500153,https://www.openstreetmap.org/node/9895974458,25.5252189,-98.5889612
node/9895974459,9895974459,node,Mexico,generator,Missing output tag,none,"tags: {'generator:method': 'wind_turbine', 'generator:source': 'wind', 'power': 'generator'}",2026-07-01 02:06:25.500259,https://www.openstreetmap.org/node/9895974459,25.5210286,-98.5896549
node/9895974460,9895974460,node,Mexico,generator,Missing output tag,none,"tags: {'generator:method': 'wind_turbine', 'generator:source': 'wind', 'power': 'generator'}",2026-07-01 02:06:25.500364,https://www.openstreetmap.org/node/9895974460,25.5179625,-98.5918634
node/9895974461,9895974461,node,Mexico,generator,Missing output tag,none,"tags: {'generator:method': 'wind_turbine', 'generator:source': 'wind', 'power': 'generator'}",2026-07-01 02:06:25.500479,https://www.openstreetmap.org/node/9895974461,25.5156628,-98.5948788
node/9895974436,9895974436,node,Mexico,generator,Missing output tag,none,"tags: {'generator:method': 'wind_turbine', 'generator:source': 'wind', 'power': 'generator'}",2026-07-01 02:06:25.500584,https://www.openstreetmap.org/node/9895974436,25.5263619,-98.6062921
node/9895974435,9895974435,node,Mexico,generator,Missing output tag,none,"tags: {'generator:method': 'wind_turbine', 'generator:source': 'wind', 'power': 'generator'}",2026-07-01 02:06:25.500694,https://www.openstreetmap.org/node/9895974435,25.5231843,-98.6082727
node/9895974434,9895974434,node,Mexico,generator,Missing output tag,none,"tags: {'generator:method': 'wind_turbine', 'generator:source': 'wind', 'power': 'generator'}",2026-07-01 02:06:25.500800,https://www.openstreetmap.org/node/9895974434,25.5164562,-98.611878
node/9895974433,9895974433,node,Mexico,generator,Missing output tag,none,"tags: {'generator:method': 'wind_turbine', 'generator:source': 'wind', 'power': 'generator'}",2026-07-01 02:06:25.500905,https://www.openstreetmap.org/node/9895974433,25.5131603,-98.6137477
node/9895974462,9895974462,node,Mexico,generator,Missing output tag,none,"tags: {'generator:method': 'wind_turbine', 'generator:source': 'wind', 'power': 'generator'}",2026-07-01 02:06:25.501010,https://www.openstreetmap.org/node/9895974462,25.5130181,-98.5975403
node/9895974463,9895974463,node,Mexico,generator,Missing output tag,none,"tags: {'generator:method': 'wind_turbine', 'generator:source': 'wind', 'power': 'generator'}",2026-07-01 02:06:25.501114,https://www.openstreetmap.org/node/9895974463,25.5102456,-98.5999752
node/9895974464,9895974464,node,Mexico,generator,Missing output tag,none,"tags: {'generator:method': 'wind_turbine', 'generator:source': 'wind', 'power': 'generator'}",2026-07-01 02:06:25.501219,https://www.openstreetmap.org/node/9895974464,25.5077031,-98.6026509
node/9895974465,9895974465,node,Mexico,generator,Missing output tag,none,"tags: {'generator:method': 'wind_turbine', 'generator:source': 'wind', 'power': 'generator'}",2026-07-01 02:06:25.501323,https://www.openstreetmap.org/node/9895974465,25.5044449,-98.6043638
node/9895974432,9895974432,node,Mexico,generator,Missing output tag,none,"tags: {'generator:method': 'wind_turbine', 'generator:source': 'wind', 'power': 'generator'}",2026-07-01 02:06:25.501429,https://www.openstreetmap.org/node/9895974432,25.5106758,-98.6164739
node/9895974431,9895974431,node,Mexico,generator,Missing output tag,none,"tags: {'generator:method': 'wind_turbine', 'generator:source': 'wind', 'power': 'generator'}",2026-07-01 02:06:25.501544,https://www.openstreetmap.org/node/9895974431,25.5092491,-98.620267
node/9895974426,9895974426,node,Mexico,generator,Missing output tag,none,"tags: {'generator:method': 'wind_turbine', 'generator:source': 'wind', 'power': 'generator'}",2026-07-01 02:06:25.501649,https://www.openstreetmap.org/node/9895974426,25.5081475,-98.6246075
node/9895974427,9895974427,node,Mexico,generator,Missing output tag,none,"tags: {'generator:method': 'wind_turbine', 'generator:source': 'wind', 'power': 'generator'}",2026-07-01 02:06:25.501754,https://www.openstreetmap.org/node/9895974427,25.5068264,-98.6284154
node/9895974428,9895974428,node,Mexico,generator,Missing output tag,none,"tags: {'generator:method': 'wind_turbine', 'generator:source': 'wind', 'power': 'generator'}",2026-07-01 02:06:25.501859,https://www.openstreetmap.org/node/9895974428,25.5064094,-98.6332799
node/9895974429,9895974429,node,Mexico,generator,Missing output tag,none,"tags: {'generator:method': 'wind_turbine', 'generator:source': 'wind', 'power': 'generator'}",2026-07-01 02:06:25.501964,https://www.openstreetmap.org/node/9895974429,25.5046438,-98.6366605
node/9895974430,9895974430,node,Mexico,generator,Missing output tag,none,"tags: {'generator:method': 'wind_turbine', 'generator:source': 'wind', 'power': 'generator'}",2026-07-01 02:06:25.502069,https://www.openstreetmap.org/node/9895974430,25.5017183,-98.6389405
node/9895974424,9895974424,node,Mexico,generator,Missing output tag,none,"tags: {'generator:method': 'wind_turbine', 'generator:source': 'wind', 'power': 'generator'}",2026-07-01 02:06:25.502173,https://www.openstreetmap.org/node/9895974424,25.5297017,-98.631546
node/9895974425,9895974425,node,Mexico,generator,Missing output tag,none,"tags: {'generator:method': 'wind_turbine', 'generator:source': 'wind', 'power': 'generator'}",2026-07-01 02:06:25.502278,https://www.openstreetmap.org/node/9895974425,25.5272551,-98.6353911
node/9895974466,9895974466,node,Mexico,generator,Missing output tag,none,"tags: {'generator:method': 'wind_turbine', 'generator:source': 'wind', 'power': 'generator'}",2026-07-01 02:06:25.502382,https://www.openstreetmap.org/node/9895974466,25.4899291,-98.6282322
node/9895974467,9895974467,node,Mexico,generator,Missing output tag,none,"tags: {'generator:method': 'wind_turbine', 'generator:source': 'wind', 'power': 'generator'}",2026-07-01 02:06:25.502497,https://www.openstreetmap.org/node/9895974467,25.4874755,-98.6312476
node/9895974468,9895974468,node,Mexico,generator,Missing output tag,none,"tags: {'generator:method': 'wind_turbine', 'generator:source': 'wind', 'power': 'generator'}",2026-07-01 02:06:25.502602,https://www.openstreetmap.org/node/9895974468,25.4842168,-98.6331304
node/9895974469,9895974469,node,Mexico,generator,Missing output tag,none,"tags: {'generator:method': 'wind_turbine', 'generator:source': 'wind', 'power': 'generator'}",2026-07-01 02:06:25.502707,https://www.openstreetmap.org/node/9895974469,25.4807408,-98.6347726
node/9895974470,9895974470,node,Mexico,generator,Missing output tag,none,"tags: {'generator:method': 'wind_turbine', 'generator:source': 'wind', 'power': 'generator'}",2026-07-01 02:06:25.502812,https://www.openstreetmap.org/node/9895974470,25.4782359,-98.6374907
node/9895974471,9895974471,node,Mexico,generator,Missing output tag,none,"tags: {'generator:method': 'wind_turbine', 'generator:source': 'wind', 'power': 'generator'}",2026-07-01 02:06:25.502917,https://www.openstreetmap.org/node/9895974471,25.4758716,-98.6403504
node/9895974472,9895974472,node,Mexico,generator,Missing output tag,none,"tags: {'generator:method': 'wind_turbine', 'generator:source': 'wind', 'power': 'generator'}",2026-07-01 02:06:25.503022,https://www.openstreetmap.org/node/9895974472,25.4733913,-98.6208061
node/9895974473,9895974473,node,Mexico,generator,Missing output tag,none,"tags: {'generator:method': 'wind_turbine', 'generator:source': 'wind', 'power': 'generator'}",2026-07-01 02:06:25.503126,https://www.openstreetmap.org/node/9895974473,25.4756081,-98.6179033
node/9895974474,9895974474,node,Mexico,generator,Missing output tag,none,"tags: {'generator:method': 'wind_turbine', 'generator:source': 'wind', 'power': 'generator'}",2026-07-01 02:06:25.503232,https://www.openstreetmap.org/node/9895974474,25.4777442,-98.6147973
node/9895974475,9895974475,node,Mexico,generator,Missing output tag,none,"tags: {'generator:method': 'wind_turbine', 'generator:source': 'wind', 'power': 'generator'}",2026-07-01 02:06:25.503336,https://www.openstreetmap.org/node/9895974475,25.4800049,-98.6116506
node/9895974476,9895974476,node,Mexico,generator,Missing output tag,none,"tags: {'generator:method': 'wind_turbine', 'generator:source': 'wind', 'power': 'generator'}",2026-07-01 02:06:25.503441,https://www.openstreetmap.org/node/9895974476,25.4819574,-98.6083495
node/9895974477,9895974477,node,Mexico,generator,Missing output tag,none,"tags: {'generator:method': 'wind_turbine', 'generator:source': 'wind', 'power': 'generator'}",2026-07-01 02:06:25.503555,https://www.openstreetmap.org/node/9895974477,25.4880274,-98.6102846
node/9895974478,9895974478,node,Mexico,generator,Missing output tag,none,"tags: {'generator:method': 'wind_turbine', 'generator:source': 'wind', 'power': 'generator'}",2026-07-01 02:06:25.503660,https://www.openstreetmap.org/node/9895974478,25.4900824,-98.6073087
node/9895974479,9895974479,node,Mexico,generator,Missing output tag,none,"tags: {'generator:method': 'wind_turbine', 'generator:source': 'wind', 'power': 'generator'}",2026-07-01 02:06:25.503764,https://www.openstreetmap.org/node/9895974479,25.4919833,-98.6041295
node/9895974480,9895974480,node,Mexico,generator,Missing output tag,none,"tags: {'generator:method': 'wind_turbine', 'generator:source': 'wind', 'power': 'generator'}",2026-07-01 02:06:25.503869,https://www.openstreetmap.org/node/9895974480,25.4940824,-98.6007877
node/9895974481,9895974481,node,Mexico,generator,Missing output tag,none,"tags: {'generator:method': 'wind_turbine', 'generator:source': 'wind', 'power': 'generator'}",2026-07-01 02:06:25.503974,https://www.openstreetmap.org/node/9895974481,25.494075,-98.5957384
node/9895974482,9895974482,node,Mexico,generator,Missing output tag,none,"tags: {'generator:method': 'wind_turbine', 'generator:source': 'wind', 'power': 'generator'}",2026-07-01 02:06:25.504079,https://www.openstreetmap.org/node/9895974482,25.4978694,-98.5944456
node/9895974483,9895974483,node,Mexico,generator,Missing output tag,none,"tags: {'generator:method': 'wind_turbine', 'generator:source': 'wind', 'power': 'generator'}",2026-07-01 02:06:25.504185,https://www.openstreetmap.org/node/9895974483,25.5014874,-98.5929251
node/9895974484,9895974484,node,Mexico,generator,Missing output tag,none,"tags: {'generator:method': 'wind_turbine', 'generator:source': 'wind', 'power': 'generator'}",2026-07-01 02:06:25.504354,https://www.openstreetmap.org/node/9895974484,25.5043275,-98.5904208
node/9895974485,9895974485,node,Mexico,generator,Missing output tag,none,"tags: {'generator:method': 'wind_turbine', 'generator:source': 'wind', 'power': 'generator'}",2026-07-01 02:06:25.504475,https://www.openstreetmap.org/node/9895974485,25.5039504,-98.5792599
node/9895974486,9895974486,node,Mexico,generator,Missing output tag,none,"tags: {'generator:method': 'wind_turbine', 'generator:source': 'wind', 'power': 'generator'}",2026-07-01 02:06:25.504585,https://www.openstreetmap.org/node/9895974486,25.4992976,-98.5792762
node/9895974487,9895974487,node,Mexico,generator,Missing output tag,none,"tags: {'generator:method': 'wind_turbine', 'generator:source': 'wind', 'power': 'generator'}",2026-07-01 02:06:25.504695,https://www.openstreetmap.org/node/9895974487,25.4945655,-98.5793632
node/9895974488,9895974488,node,Mexico,generator,Missing output tag,none,"tags: {'generator:method': 'wind_turbine', 'generator:source': 'wind', 'power': 'generator'}",2026-07-01 02:06:25.504804,https://www.openstreetmap.org/node/9895974488,25.4900645,-98.5797292
node/9895974489,9895974489,node,Mexico,generator,Missing output tag,none,"tags: {'generator:method': 'wind_turbine', 'generator:source': 'wind', 'power': 'generator'}",2026-07-01 02:06:25.504914,https://www.openstreetmap.org/node/9895974489,25.4859547,-98.5806747
node/9895974490,9895974490,node,Mexico,generator,Missing output tag,none,"tags: {'generator:method': 'wind_turbine', 'generator:source': 'wind', 'power': 'generator'}",2026-07-01 02:06:25.505024,https://www.openstreetmap.org/node/9895974490,25.4829307,-98.5826586
node/9895974491,9895974491,node,Mexico,generator,Missing output tag,none,"tags: {'generator:method': 'wind_turbine', 'generator:source': 'wind', 'power': 'generator'}",2026-07-01 02:06:25.505136,https://www.openstreetmap.org/node/9895974491,25.4784093,-98.5829351
node/9895974492,9895974492,node,Mexico,generator,Missing output tag,none,"tags: {'generator:method': 'wind_turbine', 'generator:source': 'wind', 'power': 'generator'}",2026-07-01 02:06:25.505245,https://www.openstreetmap.org/node/9895974492,25.4745483,-98.5845125
node/9895974493,9895974493,node,Mexico,generator,Missing output tag,none,"tags: {'generator:method': 'wind_turbine', 'generator:source': 'wind', 'power': 'generator'}",2026-07-01 02:06:25.505355,https://www.openstreetmap.org/node/9895974493,25.4729921,-98.5878787
node/9895974494,9895974494,node,Mexico,generator,Missing output tag,none,"tags: {'generator:method': 'wind_turbine', 'generator:source': 'wind', 'power': 'generator'}",2026-07-01 02:06:25.505474,https://www.openstreetmap.org/node/9895974494,25.4709367,-98.5912124
node/9895974447,9895974447,node,Mexico,generator,Missing output tag,none,"tags: {'generator:method': 'wind_turbine', 'generator:source': 'wind', 'power': 'generator'}",2026-07-01 02:06:25.505586,https://www.openstreetmap.org/node/9895974447,25.5632553,-98.5868835
node/9895974448,9895974448,node,Mexico,generator,Missing output tag,none,"tags: {'generator:method': 'wind_turbine', 'generator:source': 'wind', 'power': 'generator'}",2026-07-01 02:06:25.505697,https://www.openstreetmap.org/node/9895974448,25.5654704,-98.583932
node/9895974449,9895974449,node,Mexico,generator,Missing output tag,none,"tags: {'generator:method': 'wind_turbine', 'generator:source': 'wind', 'power': 'generator'}",2026-07-01 02:06:25.505806,https://www.openstreetmap.org/node/9895974449,25.5698639,-98.5832734
node/9895974450,9895974450,node,Mexico,generator,Missing output tag,none,"tags: {'generator:method': 'wind_turbine', 'generator:source': 'wind', 'power': 'generator'}",2026-07-01 02:06:25.505916,https://www.openstreetmap.org/node/9895974450,25.5742426,-98.5827286
node/9895974451,9895974451,node,Mexico,generator,Missing output tag,none,"tags: {'generator:method': 'wind_turbine', 'generator:source': 'wind', 'power': 'generator'}",2026-07-01 02:06:25.506027,https://www.openstreetmap.org/node/9895974451,25.5789365,-98.5825823
node/9895974452,9895974452,node,Mexico,generator,Missing output tag,none,"tags: {'generator:method': 'wind_turbine', 'generator:source': 'wind', 'power': 'generator'}",2026-07-01 02:06:25.506137,https://www.openstreetmap.org/node/9895974452,25.5835422,-98.5823139
node/9896005257,9896005257,node,Mexico,generator,Missing output tag,none,"tags: {'generator:method': 'wind_turbine', 'generator:source': 'wind', 'power': 'generator'}",2026-07-01 02:06:25.517242,https://www.openstreetmap.org/node/9896005257,25.7323756,-98.7256422
node/9896005258,9896005258,node,Mexico,generator,Missing output tag,none,"tags: {'generator:method': 'wind_turbine', 'generator:source': 'wind', 'power': 'generator'}",2026-07-01 02:06:25.517358,https://www.openstreetmap.org/node/9896005258,25.7311555,-98.730492
node/9896005259,9896005259,node,Mexico,generator,Missing output tag,none,"tags: {'generator:method': 'wind_turbine', 'generator:source': 'wind', 'power': 'generator'}",2026-07-01 02:06:25.517484,https://www.openstreetmap.org/node/9896005259,25.7280247,-98.733204
node/9896005260,9896005260,node,Mexico,generator,Missing output tag,none,"tags: {'generator:method': 'wind_turbine', 'generator:source': 'wind', 'power': 'generator'}",2026-07-01 02:06:25.517594,https://www.openstreetmap.org/node/9896005260,25.7256367,-98.7367979
node/9896005261,9896005261,node,Mexico,generator,Missing output tag,none,"tags: {'generator:method': 'wind_turbine', 'generator:source': 'wind', 'power': 'generator'}",2026-07-01 02:06:25.517704,https://www.openstreetmap.org/node/9896005261,25.7233953,-98.7409446
node/9896005262,9896005262,node,Mexico,generator,Missing output tag,none,"tags: {'generator:method': 'wind_turbine', 'generator:source': 'wind', 'power': 'generator'}",2026-07-01 02:06:25.517814,https://www.openstreetmap.org/node/9896005262,25.722736,-98.7446523
node/9896005263,9896005263,node,Mexico,generator,Missing output tag,none,"tags: {'generator:method': 'wind_turbine', 'generator:source': 'wind', 'power': 'generator'}",2026-07-01 02:06:25.517923,https://www.openstreetmap.org/node/9896005263,25.7196887,-98.7488804
node/10601390691,10601390691,node,Mexico,generator,Missing output tag,none,"tags: {'generator:method': 'wind_turbine', 'generator:source': 'wind', 'power': 'generator'}",2026-07-01 02:06:25.518033,https://www.openstreetmap.org/node/10601390691,25.7084154,-98.7396133
node/10601390692,10601390692,node,Mexico,generator,Missing output tag,none,"tags: {'generator:method': 'wind_turbine', 'generator:source': 'wind', 'power': 'generator'}",2026-07-01 02:06:25.518143,https://www.openstreetmap.org/node/10601390692,25.7110158,-98.7343401
node/9896005265,9896005265,node,Mexico,generator,Missing output tag,none,"tags: {'generator:method': 'wind_turbine', 'generator:source': 'wind', 'power': 'generator'}",2026-07-01 02:06:25.518253,https://www.openstreetmap.org/node/9896005265,25.7145828,-98.7290057
node/9896005264,9896005264,node,Mexico,generator,Missing output tag,none,"tags: {'generator:method': 'wind_turbine', 'generator:source': 'wind', 'power': 'generator'}",2026-07-01 02:06:25.518363,https://www.openstreetmap.org/node/9896005264,25.7170724,-98.724775
node/9896005266,9896005266,node,Mexico,generator,Missing output tag,none,"tags: {'generator:method': 'wind_turbine', 'generator:source': 'wind', 'power': 'generator'}",2026-07-01 02:06:25.518482,https://www.openstreetmap.org/node/9896005266,25.7177438,-98.7190851
node/9896005267,9896005267,node,Mexico,generator,Missing output tag,none,"tags: {'generator:method': 'wind_turbine', 'generator:source': 'wind', 'power': 'generator'}",2026-07-01 02:06:25.518593,https://www.openstreetmap.org/node/9896005267,25.7179432,-98.7156369
node/9895983891,9895983891,node,Mexico,generator,Missing output tag,none,"tags: {'generator:method': 'wind_turbine', 'generator:source': 'wind', 'power': 'generator'}",2026-07-01 02:06:25.518704,https://www.openstreetmap.org/node/9895983891,25.7099047,-98.7081797
node/9895983890,9895983890,node,Mexico,generator,Missing output tag,none,"tags: {'generator:method': 'wind_turbine', 'generator:source': 'wind', 'power': 'generator'}",2026-07-01 02:06:25.518813,https://www.openstreetmap.org/node/9895983890,25.7151246,-98.7055189
node/9896005268,9896005268,node,Mexico,generator,Missing output tag,none,"tags: {'generator:method': 'wind_turbine', 'generator:source': 'wind', 'power': 'generator'}",2026-07-01 02:06:25.518923,https://www.openstreetmap.org/node/9896005268,25.7162409,-98.7001683
node/9895983892,9895983892,node,Mexico,generator,Missing output tag,none,"tags: {'generator:method': 'wind_turbine', 'generator:source': 'wind', 'power': 'generator'}",2026-07-01 02:06:25.519033,https://www.openstreetmap.org/node/9895983892,25.7032739,-98.7097099
node/9895983908,9895983908,node,Mexico,generator,Missing output tag,none,"tags: {'generator:method': 'wind_turbine', 'generator:source': 'wind', 'power': 'generator'}",2026-07-01 02:06:25.519142,https://www.openstreetmap.org/node/9895983908,25.7011925,-98.7132672
node/9895983909,9895983909,node,Mexico,generator,Missing output tag,none,"tags: {'generator:method': 'wind_turbine', 'generator:source': 'wind', 'power': 'generator'}",2026-07-01 02:06:25.519252,https://www.openstreetmap.org/node/9895983909,25.6987979,-98.716093
node/9895983910,9895983910,node,Mexico,generator,Missing output tag,none,"tags: {'generator:method': 'wind_turbine', 'generator:source': 'wind', 'power': 'generator'}",2026-07-01 02:06:25.519363,https://www.openstreetmap.org/node/9895983910,25.6965321,-98.7175892
node/9895983912,9895983912,node,Mexico,generator,Missing output tag,none,"tags: {'generator:method': 'wind_turbine', 'generator:source': 'wind', 'power': 'generator'}",2026-07-01 02:06:25.519482,https://www.openstreetmap.org/node/9895983912,25.6901094,-98.7244344
node/9895983903,9895983903,node,Mexico,generator,Missing output tag,none,"tags: {'generator:method': 'wind_turbine', 'generator:source': 'wind', 'power': 'generator'}",2026-07-01 02:06:25.519592,https://www.openstreetmap.org/node/9895983903,25.6856638,-98.7274527
node/9895983904,9895983904,node,Mexico,generator,Missing output tag,none,"tags: {'generator:method': 'wind_turbine', 'generator:source': 'wind', 'power': 'generator'}",2026-07-01 02:06:25.519702,https://www.openstreetmap.org/node/9895983904,25.6842112,-98.7319969
node/9895983905,9895983905,node,Mexico,generator,Missing output tag,none,"tags: {'generator:method': 'wind_turbine', 'generator:source': 'wind', 'power': 'generator'}",2026-07-01 02:06:25.519812,https://www.openstreetmap.org/node/9895983905,25.6808922,-98.7347307
node/9895983906,9895983906,node,Mexico,generator,Missing output tag,none,"tags: {'generator:method': 'wind_turbine', 'generator:source': 'wind', 'power': 'generator'}",2026-07-01 02:06:25.519922,https://www.openstreetmap.org/node/9895983906,25.6785087,-98.7381279
node/9895983907,9895983907,node,Mexico,generator,Missing output tag,none,"tags: {'generator:method': 'wind_turbine', 'generator:source': 'wind', 'power': 'generator'}",2026-07-01 02:06:25.520032,https://www.openstreetmap.org/node/9895983907,25.6757458,-98.741024
node/9895983902,9895983902,node,Mexico,generator,Missing output tag,none,"tags: {'generator:method': 'wind_turbine', 'generator:source': 'wind', 'power': 'generator'}",2026-07-01 02:06:25.520143,https://www.openstreetmap.org/node/9895983902,25.6784258,-98.7201316
node/9895983901,9895983901,node,Mexico,generator,Missing output tag,none,"tags: {'generator:method': 'wind_turbine', 'generator:source': 'wind', 'power': 'generator'}",2026-07-01 02:06:25.520253,https://www.openstreetmap.org/node/9895983901,25.68181,-98.7157757
node/9895983900,9895983900,node,Mexico,generator,Missing output tag,none,"tags: {'generator:method': 'wind_turbine', 'generator:source': 'wind', 'power': 'generator'}",2026-07-01 02:06:25.520363,https://www.openstreetmap.org/node/9895983900,25.6845366,-98.7127716
node/9895983899,9895983899,node,Mexico,generator,Missing output tag,none,"tags: {'generator:method': 'wind_turbine', 'generator:source': 'wind', 'power': 'generator'}",2026-07-01 02:06:25.520482,https://www.openstreetmap.org/node/9895983899,25.6874295,-98.7059341
node/9895983898,9895983898,node,Mexico,generator,Missing output tag,none,"tags: {'generator:method': 'wind_turbine', 'generator:source': 'wind', 'power': 'generator'}",2026-07-01 02:06:25.520592,https://www.openstreetmap.org/node/9895983898,25.6895643,-98.7026865
node/9895983897,9895983897,node,Mexico,generator,Missing output tag,none,"tags: {'generator:method': 'wind_turbine', 'generator:source': 'wind', 'power': 'generator'}",2026-07-01 02:06:25.520706,https://www.openstreetmap.org/node/9895983897,25.6925995,-98.7001077
node/9895983896,9895983896,node,Mexico,generator,Missing output tag,none,"tags: {'generator:method': 'wind_turbine', 'generator:source': 'wind', 'power': 'generator'}",2026-07-01 02:06:25.520816,https://www.openstreetmap.org/node/9895983896,25.6952166,-98.6973045
node/9895983893,9895983893,node,Mexico,generator,Missing output tag,none,"tags: {'generator:method': 'wind_turbine', 'generator:source': 'wind', 'power': 'generator'}",2026-07-01 02:06:25.520926,https://www.openstreetmap.org/node/9895983893,25.6990737,-98.6944996
node/9895983895,9895983895,node,Mexico,generator,Missing output tag,none,"tags: {'generator:method': 'wind_turbine', 'generator:source': 'wind', 'power': 'generator'}",2026-07-01 02:06:25.521036,https://www.openstreetmap.org/node/9895983895,25.7165552,-98.6767657
node/9895983894,9895983894,node,Mexico,generator,Missing output tag,none,"tags: {'generator:method': 'wind_turbine', 'generator:source': 'wind', 'power': 'generator'}",2026-07-01 02:06:25.521146,https://www.openstreetmap.org/node/9895983894,25.713288,-98.6794908
node/9896005256,9896005256,node,Mexico,generator,Missing output tag,none,"tags: {'generator:method': 'wind_turbine', 'generator:source': 'wind', 'power': 'generator'}",2026-07-01 02:06:25.521256,https://www.openstreetmap.org/node/9896005256,25.7340895,-98.7152346
node/9896005255,9896005255,node,Mexico,generator,Missing output tag,none,"tags: {'generator:method': 'wind_turbine', 'generator:source': 'wind', 'power': 'generator'}",2026-07-01 02:06:25.521366,https://www.openstreetmap.org/node/9896005255,25.733987,-98.7082583
node/9896005254,9896005254,node,Mexico,generator,Missing output tag,none,"tags: {'generator:method': 'wind_turbine', 'generator:source': 'wind', 'power': 'generator'}",2026-07-01 02:06:25.521483,https://www.openstreetmap.org/node/9896005254,25.7350228,-98.7018593
node/9896005253,9896005253,node,Mexico,generator,Missing output tag,none,"tags: {'generator:method': 'wind_turbine', 'generator:source': 'wind', 'power': 'generator'}",2026-07-01 02:06:25.521593,https://www.openstreetmap.org/node/9896005253,25.7334743,-98.6939803
node/9896005252,9896005252,node,Mexico,generator,Missing output tag,none,"tags: {'generator:method': 'wind_turbine', 'generator:source': 'wind', 'power': 'generator'}",2026-07-01 02:06:25.521704,https://www.openstreetmap.org/node/9896005252,25.7362283,-98.6904027
node/9895983911,9895983911,node,Mexico,generator,Missing output tag,none,"tags: {'generator:method': 'wind_turbine', 'generator:source': 'wind', 'power': 'generator'}",2026-07-01 02:06:25.521814,https://www.openstreetmap.org/node/9895983911,25.6931235,-98.722166
relation/15577002,15577002,relation,Mexico,plant,Capacity placeholder value,yes,Tag 'plant:output:electricity' contains placeholder value 'yes' instead of actual capacity,2026-07-01 02:06:25.526787,https://www.openstreetmap.org/relation/15577002,32.574481950185564,-116.0935798805837
node/9890280374,9890280374,node,Mexico,generator,Missing output tag,none,"tags: {'generator:method': 'wind_turbine', 'generator:source': 'wind', 'power': 'generator'}",2026-07-01 02:06:25.526985,https://www.openstreetmap.org/node/9890280374,32.5735184,-116.0864541
node/9890280376,9890280376,node,Mexico,generator,Missing output tag,none,"tags: {'generator:method': 'wind_turbine', 'generator:source': 'wind', 'power': 'generator'}",2026-07-01 02:06:25.527100,https://www.openstreetmap.org/node/9890280376,32.5764718,-116.0884314
node/9890280375,9890280375,node,Mexico,generator,Missing output tag,none,"tags: {'generator:method': 'wind_turbine', 'generator:source': 'wind', 'power': 'generator'}",2026-07-01 02:06:25.527212,https://www.openstreetmap.org/node/9890280375,32.5708846,-116.0953071
node/9890280377,9890280377,node,Mexico,generator,Missing output tag,none,"tags: {'generator:method': 'wind_turbine', 'generator:source': 'wind', 'power': 'generator'}",2026-07-01 02:06:25.527323,https://www.openstreetmap.org/node/9890280377,32.5777384,-116.0919296
node/9890280378,9890280378,node,Mexico,generator,Missing output tag,none,"tags: {'generator:method': 'wind_turbine', 'generator:source': 'wind', 'power': 'generator'}",2026-07-01 02:06:25.527434,https://www.openstreetmap.org/node/9890280378,32.5754048,-116.10161
relation/15577574,15577574,relation,Mexico,plant,Capacity placeholder value,yes,Tag 'plant:output:electricity' contains placeholder value 'yes' instead of actual capacity,2026-07-01 02:06:25.528383,https://www.openstreetmap.org/relation/15577574,31.3402682,-113.562145
node/9898077845,9898077845,node,Mexico,generator,Missing output tag,none,"tags: {'generator:method': 'wind_turbine', 'generator:source': 'wind', 'manufacturer': 'Gamesa', 'power': 'generator'}",2026-07-01 02:06:25.528549,https://www.openstreetmap.org/node/9898077845,31.3402682,-113.562145
node/7317521545,7317521545,node,Mexico,generator,Missing output tag,none,"tags: {'generator:method': 'wind_turbine', 'generator:source': 'wind', 'manufacturer': 'Gamesa', 'power': 'generator'}",2026-07-01 02:06:25.528664,https://www.openstreetmap.org/node/7317521545,31.3427551,-113.567653
relation/15579057,15579057,relation,Mexico,plant,Capacity placeholder value,yes,Tag 'plant:output:electricity' contains placeholder value 'yes' instead of actual capacity,2026-07-01 02:06:25.529641,https://www.openstreetmap.org/relation/15579057,16.5457345,-94.9552095
relation/16329431,16329431,relation,Mexico,plant,Capacity placeholder value,yes,Tag 'plant:output:electricity' contains placeholder value 'yes' instead of actual capacity,2026-07-01 02:06:25.566128,https://www.openstreetmap.org/relation/16329431,19.622238943810544,-99.78608772046887
relation/16370496,16370496,relation,Mexico,plant,Capacity placeholder value,yes,Tag 'plant:output:electricity' contains placeholder value 'yes' instead of actual capacity,2026-07-01 02:06:25.566839,https://www.openstreetmap.org/relation/16370496,25.738323208267865,-101.50742367899264
node/11214364972,11214364972,node,Mexico,generator,Capacity placeholder value,yes,Tag 'generator:output:electricity' contains placeholder value 'yes' instead of actual capacity,2026-07-01 02:06:25.567129,https://www.openstreetmap.org/node/11214364972,25.731773,-101.4742541
node/11214364975,11214364975,node,Mexico,generator,Capacity placeholder value,yes,Tag 'generator:output:electricity' contains placeholder value 'yes' instead of actual capacity,2026-07-01 02:06:25.567147,https://www.openstreetmap.org/node/11214364975,25.7787739,-101.5662647
node/11214364978,11214364978,node,Mexico,generator,Capacity placeholder value,yes,Tag 'generator:output:electricity' contains placeholder value 'yes' instead of actual capacity,2026-07-01 02:06:25.567160,https://www.openstreetmap.org/node/11214364978,25.7666776,-101.5525532
node/11214364980,11214364980,node,Mexico,generator,Capacity placeholder value,yes,Tag 'generator:output:electricity' contains placeholder value 'yes' instead of actual capacity,2026-07-01 02:06:25.567171,https://www.openstreetmap.org/node/11214364980,25.7346338,-101.5053034
node/11214364967,11214364967,node,Mexico,generator,Capacity placeholder value,yes,Tag 'generator:output:electricity' contains placeholder value 'yes' instead of actual capacity,2026-07-01 02:06:25.567182,https://www.openstreetmap.org/node/11214364967,25.7215954,-101.4642012
node/11214364970,11214364970,node,Mexico,generator,Capacity placeholder value,yes,Tag 'generator:output:electricity' contains placeholder value 'yes' instead of actual capacity,2026-07-01 02:06:25.567194,https://www.openstreetmap.org/node/11214364970,25.7375042,-101.4826441
node/11214364973,11214364973,node,Mexico,generator,Capacity placeholder value,yes,Tag 'generator:output:electricity' contains placeholder value 'yes' instead of actual capacity,2026-07-01 02:06:25.567205,https://www.openstreetmap.org/node/11214364973,25.7285255,-101.4723122
node/11214364983,11214364983,node,Mexico,generator,Capacity placeholder value,yes,Tag 'generator:output:electricity' contains placeholder value 'yes' instead of actual capacity,2026-07-01 02:06:25.567215,https://www.openstreetmap.org/node/11214364983,25.7241955,-101.4995527
node/11214364976,11214364976,node,Mexico,generator,Capacity placeholder value,yes,Tag 'generator:output:electricity' contains placeholder value 'yes' instead of actual capacity,2026-07-01 02:06:25.567226,https://www.openstreetmap.org/node/11214364976,25.7755664,-101.5589261
node/11214364979,11214364979,node,Mexico,generator,Capacity placeholder value,yes,Tag 'generator:output:electricity' contains placeholder value 'yes' instead of actual capacity,2026-07-01 02:06:25.567237,https://www.openstreetmap.org/node/11214364979,25.7640108,-101.5498495
node/11214364981,11214364981,node,Mexico,generator,Capacity placeholder value,yes,Tag 'generator:output:electricity' contains placeholder value 'yes' instead of actual capacity,2026-07-01 02:06:25.567247,https://www.openstreetmap.org/node/11214364981,25.7308452,-101.503737
node/11214364984,11214364984,node,Mexico,generator,Capacity placeholder value,yes,Tag 'generator:output:electricity' contains placeholder value 'yes' instead of actual capacity,2026-07-01 02:06:25.567257,https://www.openstreetmap.org/node/11214364984,25.7198459,-101.4945746
node/11214364968,11214364968,node,Mexico,generator,Capacity placeholder value,yes,Tag 'generator:output:electricity' contains placeholder value 'yes' instead of actual capacity,2026-07-01 02:06:25.567267,https://www.openstreetmap.org/node/11214364968,25.7250267,-101.4653063
node/11214364971,11214364971,node,Mexico,generator,Capacity placeholder value,yes,Tag 'generator:output:electricity' contains placeholder value 'yes' instead of actual capacity,2026-07-01 02:06:25.567277,https://www.openstreetmap.org/node/11214364971,25.7345468,-101.4803696
node/11214364974,11214364974,node,Mexico,generator,Capacity placeholder value,yes,Tag 'generator:output:electricity' contains placeholder value 'yes' instead of actual capacity,2026-07-01 02:06:25.567287,https://www.openstreetmap.org/node/11214364974,25.7269501,-101.4687288
node/11214364977,11214364977,node,Mexico,generator,Capacity placeholder value,yes,Tag 'generator:output:electricity' contains placeholder value 'yes' instead of actual capacity,2026-07-01 02:06:25.567297,https://www.openstreetmap.org/node/11214364977,25.7699627,-101.5541196
node/11214364966,11214364966,node,Mexico,generator,Capacity placeholder value,yes,Tag 'generator:output:electricity' contains placeholder value 'yes' instead of actual capacity,2026-07-01 02:06:25.567307,https://www.openstreetmap.org/node/11214364966,25.7196139,-101.4603388
node/11214364969,11214364969,node,Mexico,generator,Capacity placeholder value,yes,Tag 'generator:output:electricity' contains placeholder value 'yes' instead of actual capacity,2026-07-01 02:06:25.567318,https://www.openstreetmap.org/node/11214364969,25.7402585,-101.4852083
node/11214364982,11214364982,node,Mexico,generator,Capacity placeholder value,yes,Tag 'generator:output:electricity' contains placeholder value 'yes' instead of actual capacity,2026-07-01 02:06:25.567330,https://www.openstreetmap.org/node/11214364982,25.7277813,-101.5013445
node/11214364985,11214364985,node,Mexico,generator,Capacity placeholder value,yes,Tag 'generator:output:electricity' contains placeholder value 'yes' instead of actual capacity,2026-07-01 02:06:25.567340,https://www.openstreetmap.org/node/11214364985,25.7171007,-101.4904118
relation/17766325,17766325,relation,Mexico,plant,Capacity placeholder value,yes,Tag 'plant:output:electricity' contains placeholder value 'yes' instead of actual capacity,2026-07-01 02:06:25.590385,https://www.openstreetmap.org/relation/17766325,31.316721869304306,-113.26719581446578
way/99900800,99900800,way,Mexico,plant,Capacity placeholder value,yes,Tag 'plant:output:electricity' contains placeholder value 'yes' instead of actual capacity,2026-07-01 02:06:25.595930,https://www.openstreetmap.org/way/99900800,18.925248694429694,-98.34419363690259
way/119152039,119152039,way,Mexico,plant,Capacity placeholder value,yes,Tag 'plant:output:electricity' contains placeholder value 'yes' instead of actual capacity,2026-07-01 02:06:25.600205,https://www.openstreetmap.org/way/119152039,27.936603425468626,-110.86412392782569
way/153402696,153402696,way,Mexico,plant,Capacity regex no match,1.08 GW,Tag 'plant:output:electricity' has value '1.08 GW' which could not be parsed,2026-07-01 02:06:25.602273,https://www.openstreetmap.org/way/153402696,17.176795445083584,-93.59618285067347
way/193506161,193506161,way,Mexico,plant,Capacity placeholder value,yes,Tag 'plant:output:electricity' contains placeholder value 'yes' instead of actual capacity,2026-07-01 02:06:25.607409,https://www.openstreetmap.org/way/193506161,30.49421302051556,-109.63523123979837
way/328371980,328371980,way,Mexico,plant,Capacity placeholder value,yes,Tag 'plant:output:electricity' contains placeholder value 'yes' instead of actual capacity,2026-07-01 02:06:25.614830,https://www.openstreetmap.org/way/328371980,25.678701330360727,-100.3600298109678
way/331470783,331470783,way,Mexico,plant,Capacity placeholder value,yes,Tag 'plant:output:electricity' contains placeholder value 'yes' instead of actual capacity,2026-07-01 02:06:25.615065,https://www.openstreetmap.org/way/331470783,20.72569155079122,-103.33582331733835
way/334053425,334053425,way,Mexico,plant,Missing source tag,none,"tags: {'landuse': 'industrial', 'power': 'plant'}",2026-07-01 02:06:25.615230,https://www.openstreetmap.org/way/334053425,27.640252810536516,-113.41309612962986
way/539895538,539895538,way,Mexico,plant,Missing source tag,none,"tags: {'landuse': 'industrial', 'name': 'Central de Combustión Interna Baja California Sur', 'name:en': 'CFE Baja California Sur Power Plant', 'operator': 'Comisión Federal de Electricidad', 'operator:short': 'CFE', 'operator:wikidata': 'Q1114680', 'plant:output:electricity': '209.6 MW', 'power': 'plant', 'source': 'https://www.energiaadebate.com/electricidad/adiciona-cfe-182-mw-de-capacidad-en-baja-california-sur/'}",2026-07-01 02:06:25.620335,https://www.openstreetmap.org/way/539895538,24.19877995531786,-110.25542734454793
way/692107009,692107009,way,Mexico,plant,Missing output tag,none,"tags: {'industrial': 'factory', 'landuse': 'industrial', 'name': 'Comercializadora El Ingenio', 'plant:source': 'biomass', 'power': 'plant'}",2026-07-01 02:06:25.624244,https://www.openstreetmap.org/way/692107009,18.885322476350062,-96.8169779929328
way/694147233,694147233,way,Mexico,plant,Capacity placeholder value,yes,Tag 'plant:output:electricity' contains placeholder value 'yes' instead of actual capacity,2026-07-01 02:06:25.624445,https://www.openstreetmap.org/way/694147233,25.74538295205515,-100.05761783373852
way/704708465,704708465,way,Mexico,plant,Missing source tag,none,"tags: {'name': 'Antena Telmex', 'operator': 'Telmex', 'power': 'plant'}",2026-07-01 02:06:25.624871,https://www.openstreetmap.org/way/704708465,22.825210241727834,-102.4059485564863
way/738920597,738920597,way,Mexico,plant,Missing source tag,none,tags: {'power': 'plant'},2026-07-01 02:06:25.625123,https://www.openstreetmap.org/way/738920597,19.18184245,-99.55642685
way/823907425,823907425,way,Mexico,plant,Capacity placeholder value,yes,Tag 'plant:output:electricity' contains placeholder value 'yes' instead of actual capacity,2026-07-01 02:06:25.627957,https://www.openstreetmap.org/way/823907425,31.434478819431362,-116.51582840277305
way/823966892,823966892,way,Mexico,plant,Capacity placeholder value,yes,Tag 'plant:output:electricity' contains placeholder value 'yes' instead of actual capacity,2026-07-01 02:06:25.628080,https://www.openstreetmap.org/way/823966892,17.831003187435627,-97.8044417638764
way/862087682,862087682,way,Mexico,plant,Capacity placeholder value,yes,Tag 'plant:output:electricity' contains placeholder value 'yes' instead of actual capacity,2026-07-01 02:06:25.628322,https://www.openstreetmap.org/way/862087682,25.851802006721886,-99.99669590925039
way/880781633,880781633,way,Mexico,plant,Missing source tag,none,"tags: {'landuse': 'industrial', 'name': 'Nitrógeno de Cantarete', 'name:en': 'Cantarell Nitrogen Power Station', 'power': 'plant', 'source': 'https://www.gasworld.com/download?ac=1010339'}",2026-07-01 02:06:25.629212,https://www.openstreetmap.org/way/880781633,18.610536289365974,-92.26392860871191
way/904731618,904731618,way,Mexico,plant,Missing output tag,none,"tags: {'name': 'Planta de Biogás a Energía', 'plant:method': 'combustion', 'plant:source': 'biogas', 'power': 'plant'}",2026-07-01 02:06:25.629720,https://www.openstreetmap.org/way/904731618,25.851956342169913,-100.2956922227347
way/915963078,915963078,way,Mexico,plant,Missing source tag,none,"tags: {'landuse': 'industrial', 'power': 'plant'}",2026-07-01 02:06:25.630577,https://www.openstreetmap.org/way/915963078,20.381185604459674,-99.97777016641821
way/925338063,925338063,way,Mexico,plant,Missing source tag,none,"tags: {'landuse': 'industrial', 'name': 'CFE', 'operator': 'CFE', 'operator:wikidata': 'Q1114680', 'power': 'plant'}",2026-07-01 02:06:25.630903,https://www.openstreetmap.org/way/925338063,14.994330017956939,-92.16476920787706
way/931567936,931567936,way,Mexico,plant,Missing source tag,none,tags: {'power': 'plant'},2026-07-01 02:06:25.631499,https://www.openstreetmap.org/way/931567936,23.626289200000002,-99.04860109999998
way/946660593,946660593,way,Mexico,plant,Capacity placeholder value,yes,Tag 'plant:output:electricity' contains placeholder value 'yes' instead of actual capacity,2026-07-01 02:06:25.633087,https://www.openstreetmap.org/way/946660593,20.15237509155256,-99.18856912058541
way/1017222704,1017222704,way,Mexico,plant,Missing source tag,none,"tags: {'man_made': 'works', 'name': 'Energía de Apizaco', 'plant:output:electricity': '40.5 MW', 'power': 'plant'}",2026-07-01 02:06:25.634805,https://www.openstreetmap.org/way/1017222704,19.410913408756066,-98.16352125001343
way/1056057541,1056057541,way,Mexico,plant,Capacity regex no match,342 KW/h,Tag 'plant:output:electricity' has value '342 KW/h' which could not be parsed,2026-07-01 02:06:25.638246,https://www.openstreetmap.org/way/1056057541,26.822362733758272,-113.14829363232415
way/1059698755,1059698755,way,Mexico,plant,Capacity placeholder value,yes,Tag 'plant:output:electricity' contains placeholder value 'yes' instead of actual capacity,2026-07-01 02:06:25.638657,https://www.openstreetmap.org/way/1059698755,20.565476075849407,-103.22866421595413
way/1071141817,1071141817,way,Mexico,plant,Capacity placeholder value,yes,Tag 'plant:output:electricity' contains placeholder value 'yes' instead of actual capacity,2026-07-01 02:06:25.639049,https://www.openstreetmap.org/way/1071141817,19.726820707426057,-99.04128814235843
way/1071141818,1071141818,way,Mexico,plant,Capacity placeholder value,yes,Tag 'plant:output:electricity' contains placeholder value 'yes' instead of actual capacity,2026-07-01 02:06:25.639214,https://www.openstreetmap.org/way/1071141818,19.726817522050087,-99.04177141990074
way/1075095328,1075095328,way,Mexico,plant,Capacity placeholder value,yes,Tag 'plant:output:electricity' contains placeholder value 'yes' instead of actual capacity,2026-07-01 02:06:25.639424,https://www.openstreetmap.org/way/1075095328,19.736069793333087,-98.98861848862296
way/1081622164,1081622164,way,Mexico,plant,Capacity placeholder value,yes,Tag 'plant:output:electricity' contains placeholder value 'yes' instead of actual capacity,2026-07-01 02:06:25.643842,https://www.openstreetmap.org/way/1081622164,19.539766960424366,-97.32347623913756
way/1082157023,1082157023,way,Mexico,plant,Capacity placeholder value,yes,Tag 'plant:output:electricity' contains placeholder value 'yes' instead of actual capacity,2026-07-01 02:06:25.643981,https://www.openstreetmap.org/way/1082157023,19.579673701379154,-99.76464149812757
way/1082588901,1082588901,way,Mexico,plant,Capacity placeholder value,yes,Tag 'plant:output:electricity' contains placeholder value 'yes' instead of actual capacity,2026-07-01 02:06:25.645600,https://www.openstreetmap.org/way/1082588901,19.761511724623197,-98.99022264651744
way/1102474869,1102474869,way,Mexico,plant,Capacity placeholder value,yes,Tag 'plant:output:electricity' contains placeholder value 'yes' instead of actual capacity,2026-07-01 02:06:25.646413,https://www.openstreetmap.org/way/1102474869,31.10716642303233,-110.44050151104292
way/1102474870,1102474870,way,Mexico,plant,Capacity placeholder value,yes,Tag 'plant:output:electricity' contains placeholder value 'yes' instead of actual capacity,2026-07-01 02:06:25.646564,https://www.openstreetmap.org/way/1102474870,31.10727739219458,-110.43926467651491
way/1102474871,1102474871,way,Mexico,plant,Capacity placeholder value,yes,Tag 'plant:output:electricity' contains placeholder value 'yes' instead of actual capacity,2026-07-01 02:06:25.646688,https://www.openstreetmap.org/way/1102474871,31.107805618291312,-110.44013911451297
way/1102474872,1102474872,way,Mexico,plant,Capacity placeholder value,yes,Tag 'plant:output:electricity' contains placeholder value 'yes' instead of actual capacity,2026-07-01 02:06:25.646844,https://www.openstreetmap.org/way/1102474872,31.107832794348568,-110.43946540823917
way/1120183132,1120183132,way,Mexico,plant,Missing output tag,none,"tags: {'plant:method': 'photovoltaic', 'plant:source': 'solar', 'power': 'plant'}",2026-07-01 02:06:25.648887,https://www.openstreetmap.org/way/1120183132,28.755185443504978,-111.47177290626995
way/1120396540,1120396540,way,Mexico,plant,Missing output tag,none,"tags: {'plant:method': 'photovoltaic', 'plant:source': 'solar', 'power': 'plant'}",2026-07-01 02:06:25.649085,https://www.openstreetmap.org/way/1120396540,28.34386653069936,-111.35270166366502
way/1120396541,1120396541,way,Mexico,plant,Missing output tag,none,"tags: {'plant:method': 'photovoltaic', 'plant:source': 'solar', 'power': 'plant'}",2026-07-01 02:06:25.649381,https://www.openstreetmap.org/way/1120396541,28.345659972529493,-111.34497571471641
way/1120396542,1120396542,way,Mexico,plant,Missing output tag,none,"tags: {'plant:method': 'photovoltaic', 'plant:source': 'solar', 'power': 'plant'}",2026-07-01 02:06:25.649861,https://www.openstreetmap.org/way/1120396542,28.336677714140084,-111.33526337419494
way/1121001676,1121001676,way,Mexico,plant,Capacity placeholder value,yes,Tag 'plant:output:electricity' contains placeholder value 'yes' instead of actual capacity,2026-07-01 02:06:25.650450,https://www.openstreetmap.org/way/1121001676,24.272789440584994,-110.3252091051012
way/1125143834,1125143834,way,Mexico,plant,Missing output tag,none,"tags: {'plant:source': 'solar', 'power': 'plant'}",2026-07-01 02:06:25.650988,https://www.openstreetmap.org/way/1125143834,20.035701014420134,-98.74111195727824
way/1126035430,1126035430,way,Mexico,plant,Capacity placeholder value,yes,Tag 'plant:output:electricity' contains placeholder value 'yes' instead of actual capacity,2026-07-01 02:06:25.651519,https://www.openstreetmap.org/way/1126035430,27.322615884651658,-104.83795477486017
way/1144335709,1144335709,way,Mexico,plant,Capacity placeholder value,yes,Tag 'plant:output:electricity' contains placeholder value 'yes' instead of actual capacity,2026-07-01 02:06:25.652265,https://www.openstreetmap.org/way/1144335709,24.997495629332377,-100.46621484210088
way/1149257021,1149257021,way,Mexico,plant,Missing output tag,none,"tags: {'note': 'I guess this is Parque Solar Calera, 73 MW, oper. Mitre Calera Solar. Can anyone confirm? https://www.pv-magazine-mexico.com/2022/05/19/construyendo-caminos-hacia-calera-solar/, source: only solar park in Calera,the size is about right for power rating.', 'plant:method': 'photovoltaic', 'plant:source': 'solar', 'power': 'plant'}",2026-07-01 02:06:25.653684,https://www.openstreetmap.org/way/1149257021,22.923530090880035,-102.66601343457691
way/1165944448,1165944448,way,Mexico,plant,Capacity placeholder value,yes,Tag 'plant:output:electricity' contains placeholder value 'yes' instead of actual capacity,2026-07-01 02:06:25.655488,https://www.openstreetmap.org/way/1165944448,20.704729318239274,-103.26497260434998
way/1174831424,1174831424,way,Mexico,plant,Missing source tag,none,"tags: {'name': 'Central Electrica', 'operator': 'CFE', 'operator:wikidata': 'Q1114680', 'power': 'plant'}",2026-07-01 02:06:25.656208,https://www.openstreetmap.org/way/1174831424,21.427130934081774,-98.87990236521833
way/1187792751,1187792751,way,Mexico,plant,Missing output tag,none,"tags: {'plant:method': 'photovoltaic', 'plant:source': 'solar', 'power': 'plant'}",2026-07-01 02:06:25.659733,https://www.openstreetmap.org/way/1187792751,18.541356521091465,-99.58830511287854
way/1189496404,1189496404,way,Mexico,plant,Missing source tag,none,"tags: {'landuse': 'industrial', 'power': 'plant'}",2026-07-01 02:06:25.659898,https://www.openstreetmap.org/way/1189496404,29.188499853531134,-102.93204943817896
way/1190225058,1190225058,way,Mexico,plant,Capacity placeholder value,yes,Tag 'plant:output:electricity' contains placeholder value 'yes' instead of actual capacity,2026-07-01 02:06:25.660137,https://www.openstreetmap.org/way/1190225058,19.41773147668946,-102.1129848982559
way/1191933901,1191933901,way,Mexico,plant,Missing source tag,none,"tags: {'name': 'Central de Energía de la Refineria Lázaro Cárdenas', 'plant:method': 'combustion', 'power': 'plant'}",2026-07-01 02:06:25.660393,https://www.openstreetmap.org/way/1191933901,17.983663633218836,-94.53294080867148
way/1207800267,1207800267,way,Mexico,plant,Capacity placeholder value,yes,Tag 'plant:output:electricity' contains placeholder value 'yes' instead of actual capacity,2026-07-01 02:06:25.660977,https://www.openstreetmap.org/way/1207800267,31.127373101928715,-110.94122015989737
way/1210460840,1210460840,way,Mexico,plant,Capacity placeholder value,yes,Tag 'plant:output:electricity' contains placeholder value 'yes' instead of actual capacity,2026-07-01 02:06:25.662893,https://www.openstreetmap.org/way/1210460840,25.59900262864436,-100.92988418082406
way/1212574286,1212574286,way,Mexico,plant,Missing output tag,none,"tags: {'name': 'Central Fotovoltaica Santa Rosalía', 'operator': 'CFE', 'plant:method': 'photovoltaic', 'plant:source': 'solar', 'power': 'plant'}",2026-07-01 02:06:25.665299,https://www.openstreetmap.org/way/1212574286,27.407073732913307,-112.52750870887706
way/1218078821,1218078821,way,Mexico,plant,Missing output tag,none,"tags: {'landuse': 'industrial', 'name:en': 'Ingenio Santa Rosalia Biomass Power Station', 'plant:source': 'biomass', 'power': 'plant'}",2026-07-01 02:06:25.665694,https://www.openstreetmap.org/way/1218078821,18.089534361561885,-93.35646973202043
way/1234642085,1234642085,way,Mexico,plant,Missing output tag,none,"tags: {'operator': 'Comisión Federal de Electricidad', 'plant:source': 'solar', 'power': 'plant'}",2026-07-01 02:06:25.666020,https://www.openstreetmap.org/way/1234642085,21.803669330666825,-104.70601952723459
way/1251490361,1251490361,way,Mexico,plant,Missing output tag,none,"tags: {'operator': 'Comisión Federal de Electricidad', 'plant:source': 'solar', 'power': 'plant'}",2026-07-01 02:06:25.666201,https://www.openstreetmap.org/way/1251490361,22.05481053040984,-104.4514015427794
way/1251919107,1251919107,way,Mexico,plant,Missing output tag,none,"tags: {'operator': 'Comisión Federal de Electricidad', 'plant:source': 'solar', 'power': 'plant'}",2026-07-01 02:06:25.666395,https://www.openstreetmap.org/way/1251919107,22.04044649149807,-104.45573305875395
way/1257210327,1257210327,way,Mexico,plant,Missing output tag,none,"tags: {'landuse': 'industrial', 'name': 'Turbogas Xul-Ha', 'plant:method': 'combustion', 'plant:source': 'diesel', 'power': 'plant', 'source': 'https://www.cre.gob.mx/documento/E_1641_GEN_2015.PDF'}",2026-07-01 02:06:25.666652,https://www.openstreetmap.org/way/1257210327,18.54435000980205,-88.46570633798943
way/1264577610,1264577610,way,Mexico,plant,Missing source tag,none,"tags: {'name': 'Comisión Federal de Electricidad', 'operator': 'CFE', 'operator:wikidata': 'Q1114680', 'power': 'plant'}",2026-07-01 02:06:25.666806,https://www.openstreetmap.org/way/1264577610,17.80335484373743,-97.77854350403152
way/1273430399,1273430399,way,Mexico,plant,Capacity placeholder value,yes,Tag 'plant:output:electricity' contains placeholder value 'yes' instead of actual capacity,2026-07-01 02:06:25.666963,https://www.openstreetmap.org/way/1273430399,20.379762082862264,-102.11668657130718
way/1280951637,1280951637,way,Mexico,plant,Capacity placeholder value,yes,Tag 'plant:output:electricity' contains placeholder value 'yes' instead of actual capacity,2026-07-01 02:06:25.667254,https://www.openstreetmap.org/way/1280951637,28.976672417990795,-109.64209490933129
way/1285349016,1285349016,way,Mexico,plant,Capacity placeholder value,yes,Tag 'plant:output:electricity' contains placeholder value 'yes' instead of actual capacity,2026-07-01 02:06:25.667405,https://www.openstreetmap.org/way/1285349016,17.485424962982673,-99.42300170339016
way/1294794948,1294794948,way,Mexico,plant,Capacity placeholder value,yes,Tag 'plant:output:electricity' contains placeholder value 'yes' instead of actual capacity,2026-07-01 02:06:25.667713,https://www.openstreetmap.org/way/1294794948,18.919083808306258,-98.37324321673297
way/1303572158,1303572158,way,Mexico,plant,Missing source tag,none,"tags: {'landuse': 'industrial', 'name:en': 'Generadora Pondercel power station', 'power': 'plant', 'source': 'https://www.gem.wiki/Generadora_Pondercel_power_station'}",2026-07-01 02:06:25.667874,https://www.openstreetmap.org/way/1303572158,28.480896458574612,-106.72778843244006
way/1304665053,1304665053,way,Mexico,plant,Capacity placeholder value,yes,Tag 'plant:output:electricity' contains placeholder value 'yes' instead of actual capacity,2026-07-01 02:06:25.668293,https://www.openstreetmap.org/way/1304665053,24.350452425804416,-104.64194499929974
way/1307616757,1307616757,way,Mexico,plant,Capacity placeholder value,yes,Tag 'plant:output:electricity' contains placeholder value 'yes' instead of actual capacity,2026-07-01 02:06:25.668411,https://www.openstreetmap.org/way/1307616757,23.17722075043003,-102.8923567404663
way/1311070100,1311070100,way,Mexico,plant,Missing output tag,none,"tags: {'plant:method': 'photovoltaic', 'plant:source': 'solar', 'power': 'plant'}",2026-07-01 02:06:25.668577,https://www.openstreetmap.org/way/1311070100,21.097742199872137,-86.87908233762774
way/1322329666,1322329666,way,Mexico,plant,Capacity placeholder value,yes,Tag 'plant:output:electricity' contains placeholder value 'yes' instead of actual capacity,2026-07-01 02:06:25.669017,https://www.openstreetmap.org/way/1322329666,18.84655783801978,-97.06021833397351
way/1330054246,1330054246,way,Mexico,plant,Capacity placeholder value,yes,Tag 'plant:output:electricity' contains placeholder value 'yes' instead of actual capacity,2026-07-01 02:06:25.669202,https://www.openstreetmap.org/way/1330054246,27.69399308644005,-99.75098309515262
way/1333587582,1333587582,way,Mexico,plant,Capacity placeholder value,yes,Tag 'plant:output:electricity' contains placeholder value 'yes' instead of actual capacity,2026-07-01 02:06:25.669330,https://www.openstreetmap.org/way/1333587582,32.41809751258148,-114.71470686295207
way/1340678023,1340678023,way,Mexico,plant,Capacity placeholder value,yes,Tag 'plant:output:electricity' contains placeholder value 'yes' instead of actual capacity,2026-07-01 02:06:25.669446,https://www.openstreetmap.org/way/1340678023,31.265104450532373,-109.59192202313669
way/1342579415,1342579415,way,Mexico,plant,Missing source tag,none,"tags: {'name': 'Turbogas Chankanaab', 'power': 'plant'}",2026-07-01 02:06:25.669875,https://www.openstreetmap.org/way/1342579415,20.474915456160822,-86.95709462469206
way/1376019284,1376019284,way,Mexico,plant,Missing source tag,none,"tags: {'name': 'Central turbogas Tecnológico', 'plant:method': 'gas_turbine', 'plant:output:electricity': '26 MW', 'power': 'plant'}",2026-07-01 02:06:25.670945,https://www.openstreetmap.org/way/1376019284,25.612464825523915,-100.2728721508393
way/1378738622,1378738622,way,Mexico,plant,Capacity placeholder value,yes,Tag 'plant:output:electricity' contains placeholder value 'yes' instead of actual capacity,2026-07-01 02:06:25.671065,https://www.openstreetmap.org/way/1378738622,25.80017861818612,-108.9449756164593
way/1378738631,1378738631,way,Mexico,plant,Capacity placeholder value,yes,Tag 'plant:output:electricity' contains placeholder value 'yes' instead of actual capacity,2026-07-01 02:06:25.671181,https://www.openstreetmap.org/way/1378738631,25.800599950590662,-108.94514190892585
way/1378738632,1378738632,way,Mexico,plant,Capacity placeholder value,yes,Tag 'plant:output:electricity' contains placeholder value 'yes' instead of actual capacity,2026-07-01 02:06:25.671295,https://www.openstreetmap.org/way/1378738632,25.80048710060973,-108.94487940891582
way/1378738633,1378738633,way,Mexico,plant,Capacity placeholder value,yes,Tag 'plant:output:electricity' contains placeholder value 'yes' instead of actual capacity,2026-07-01 02:06:25.671409,https://www.openstreetmap.org/way/1378738633,25.80037360060973,-108.94461120891582
way/1378738634,1378738634,way,Mexico,plant,Capacity placeholder value,yes,Tag 'plant:output:electricity' contains placeholder value 'yes' instead of actual capacity,2026-07-01 02:06:25.671546,https://www.openstreetmap.org/way/1378738634,25.800547150590663,-108.94517160892586
way/1378738635,1378738635,way,Mexico,plant,Capacity placeholder value,yes,Tag 'plant:output:electricity' contains placeholder value 'yes' instead of actual capacity,2026-07-01 02:06:25.671668,https://www.openstreetmap.org/way/1378738635,25.80043430060973,-108.94490910891584
way/1378738636,1378738636,way,Mexico,plant,Capacity placeholder value,yes,Tag 'plant:output:electricity' contains placeholder value 'yes' instead of actual capacity,2026-07-01 02:06:25.671784,https://www.openstreetmap.org/way/1378738636,25.80032080060973,-108.94464090891582
way/1378738637,1378738637,way,Mexico,plant,Capacity placeholder value,yes,Tag 'plant:output:electricity' contains placeholder value 'yes' instead of actual capacity,2026-07-01 02:06:25.671901,https://www.openstreetmap.org/way/1378738637,25.800498850618634,-108.94519975899932
way/1378738638,1378738638,way,Mexico,plant,Capacity placeholder value,yes,Tag 'plant:output:electricity' contains placeholder value 'yes' instead of actual capacity,2026-07-01 02:06:25.672013,https://www.openstreetmap.org/way/1378738638,25.80038600060973,-108.94493730891581
way/1378738639,1378738639,way,Mexico,plant,Capacity placeholder value,yes,Tag 'plant:output:electricity' contains placeholder value 'yes' instead of actual capacity,2026-07-01 02:06:25.672128,https://www.openstreetmap.org/way/1378738639,25.800272510582353,-108.94466910959102
way/1378738640,1378738640,way,Mexico,plant,Capacity placeholder value,yes,Tag 'plant:output:electricity' contains placeholder value 'yes' instead of actual capacity,2026-07-01 02:06:25.672243,https://www.openstreetmap.org/way/1378738640,25.800431250618637,-108.94523865899933
way/1378738641,1378738641,way,Mexico,plant,Capacity placeholder value,yes,Tag 'plant:output:electricity' contains placeholder value 'yes' instead of actual capacity,2026-07-01 02:06:25.672356,https://www.openstreetmap.org/way/1378738641,25.800318359965345,-108.9449761506504
way/1378738642,1378738642,way,Mexico,plant,Capacity placeholder value,yes,Tag 'plant:output:electricity' contains placeholder value 'yes' instead of actual capacity,2026-07-01 02:06:25.672482,https://www.openstreetmap.org/way/1378738642,25.800204849999993,-108.9447079
way/1378738643,1378738643,way,Mexico,plant,Capacity placeholder value,yes,Tag 'plant:output:electricity' contains placeholder value 'yes' instead of actual capacity,2026-07-01 02:06:25.672612,https://www.openstreetmap.org/way/1378738643,25.800382950618634,-108.94526815899931
way/1378738644,1378738644,way,Mexico,plant,Capacity placeholder value,yes,Tag 'plant:output:electricity' contains placeholder value 'yes' instead of actual capacity,2026-07-01 02:06:25.672726,https://www.openstreetmap.org/way/1378738644,25.800270059965342,-108.9450056506504
way/1378738645,1378738645,way,Mexico,plant,Capacity placeholder value,yes,Tag 'plant:output:electricity' contains placeholder value 'yes' instead of actual capacity,2026-07-01 02:06:25.672839,https://www.openstreetmap.org/way/1378738645,25.800156559965345,-108.94473745065041
way/1378738646,1378738646,way,Mexico,plant,Capacity placeholder value,yes,Tag 'plant:output:electricity' contains placeholder value 'yes' instead of actual capacity,2026-07-01 02:06:25.672951,https://www.openstreetmap.org/way/1378738646,25.800331000000003,-108.9452976
way/1378738647,1378738647,way,Mexico,plant,Capacity placeholder value,yes,Tag 'plant:output:electricity' contains placeholder value 'yes' instead of actual capacity,2026-07-01 02:06:25.673064,https://www.openstreetmap.org/way/1378738647,25.80021815,-108.94503515
way/1378738648,1378738648,way,Mexico,plant,Capacity placeholder value,yes,Tag 'plant:output:electricity' contains placeholder value 'yes' instead of actual capacity,2026-07-01 02:06:25.673177,https://www.openstreetmap.org/way/1378738648,25.800104659965346,-108.9447669506504
way/1383636019,1383636019,way,Mexico,plant,Capacity placeholder value,yes,Tag 'plant:output:electricity' contains placeholder value 'yes' instead of actual capacity,2026-07-01 02:06:25.673410,https://www.openstreetmap.org/way/1383636019,28.451278116829183,-101.90925671610725
way/1392253746,1392253746,way,Mexico,plant,Capacity placeholder value,yes,Tag 'plant:output:electricity' contains placeholder value 'yes' instead of actual capacity,2026-07-01 02:06:25.674658,https://www.openstreetmap.org/way/1392253746,31.325996287708332,-109.93634500541033
way/1392847220,1392847220,way,Mexico,plant,Capacity placeholder value,yes,Tag 'plant:output:electricity' contains placeholder value 'yes' instead of actual capacity,2026-07-01 02:06:25.674783,https://www.openstreetmap.org/way/1392847220,21.3502949,-101.210795
way/1429045196,1429045196,way,Mexico,plant,Capacity placeholder value,yes,Tag 'plant:output:electricity' contains placeholder value 'yes' instead of actual capacity,2026-07-01 02:06:25.675017,https://www.openstreetmap.org/way/1429045196,19.932838164462424,-102.25519067908274
way/1429045198,1429045198,way,Mexico,plant,Capacity placeholder value,yes,Tag 'plant:output:electricity' contains placeholder value 'yes' instead of actual capacity,2026-07-01 02:06:25.675400,https://www.openstreetmap.org/way/1429045198,20.513884053218117,-103.17601250837126
way/1443052463,1443052463,way,Mexico,plant,Capacity placeholder value,yes,Tag 'plant:output:electricity' contains placeholder value 'yes' instead of actual capacity,2026-07-01 02:06:25.675954,https://www.openstreetmap.org/way/1443052463,20.16686020485361,-102.7024459647995
way/1447000999,1447000999,way,Mexico,plant,Capacity placeholder value,yes,Tag 'plant:output:electricity' contains placeholder value 'yes' instead of actual capacity,2026-07-01 02:06:25.677282,https://www.openstreetmap.org/way/1447000999,19.644739583249564,-98.58594412073161
way/1447766884,1447766884,way,Mexico,plant,Missing output tag,none,"tags: {'landuse': 'industrial', 'plant:source': 'solar', 'power': 'plant'}",2026-07-01 02:06:25.677446,https://www.openstreetmap.org/way/1447766884,30.36187022058897,-108.93314225780692
way/1447786244,1447786244,way,Mexico,plant,Missing output tag,none,"tags: {'landuse': 'industrial', 'plant:source': 'solar', 'power': 'plant'}",2026-07-01 02:06:25.677662,https://www.openstreetmap.org/way/1447786244,29.819190129634087,-109.14110335342406
way/1448484065,1448484065,way,Mexico,plant,Capacity placeholder value,yes,Tag 'plant:output:electricity' contains placeholder value 'yes' instead of actual capacity,2026-07-01 02:06:25.677824,https://www.openstreetmap.org/way/1448484065,20.19563898279321,-98.06083447975176
way/1458181006,1458181006,way,Mexico,plant,Capacity placeholder value,yes,Tag 'plant:output:electricity' contains placeholder value 'yes' instead of actual capacity,2026-07-01 02:06:25.677957,https://www.openstreetmap.org/way/1458181006,21.45130726993066,-104.89176063666484
way/1461912042,1461912042,way,Mexico,plant,Missing output tag,none,"tags: {'plant:source': 'solar', 'power': 'plant'}",2026-07-01 02:06:25.678173,https://www.openstreetmap.org/way/1461912042,25.965657188660657,-103.38135636385995
way/1461913244,1461913244,way,Mexico,plant,Missing output tag,none,"tags: {'plant:source': 'hydro', 'power': 'plant'}",2026-07-01 02:06:25.678358,https://www.openstreetmap.org/way/1461913244,20.02813255080393,-104.31680133342834
way/1461913245,1461913245,way,Mexico,plant,Missing output tag,none,"tags: {'name': 'Central Hidroelectria Trigomil', 'plant:source': 'hydro', 'power': 'plant'}",2026-07-01 02:06:25.678567,https://www.openstreetmap.org/way/1461913245,19.976069001053784,-104.3729514
way/1468422066,1468422066,way,Mexico,plant,Missing source tag,none,"tags: {'landuse': 'industrial', 'power': 'plant'}",2026-07-01 02:06:25.678722,https://www.openstreetmap.org/way/1468422066,31.749019316248052,-106.47410062947988
way/1468422067,1468422067,way,Mexico,plant,Missing source tag,none,"tags: {'landuse': 'industrial', 'power': 'plant'}",2026-07-01 02:06:25.678836,https://www.openstreetmap.org/way/1468422067,31.74891912937836,-106.4746019777153
way/1468422068,1468422068,way,Mexico,plant,Missing source tag,none,"tags: {'landuse': 'industrial', 'power': 'plant'}",2026-07-01 02:06:25.678951,https://www.openstreetmap.org/way/1468422068,31.749002600000004,-106.47460830000001
way/1468422069,1468422069,way,Mexico,plant,Missing source tag,none,"tags: {'landuse': 'industrial', 'power': 'plant'}",2026-07-01 02:06:25.679063,https://www.openstreetmap.org/way/1468422069,31.7492599,-106.4732584
way/1491868840,1491868840,way,Mexico,plant,Missing output tag,none,"tags: {'plant:source': 'solar', 'power': 'plant'}",2026-07-01 02:06:25.679208,https://www.openstreetmap.org/way/1491868840,20.901045557638998,-89.76536302818324
way/1504131407,1504131407,way,Mexico,plant,Capacity placeholder value,yes,Tag 'plant:output:electricity' contains placeholder value 'yes' instead of actual capacity,2026-07-01 02:06:25.679372,https://www.openstreetmap.org/way/1504131407,31.650378269771753,-106.48484422698915
way/1508774055,1508774055,way,Mexico,plant,Missing output tag,none,"tags: {'operator': 'Comisión Federal de Electricidad', 'plant:source': 'solar', 'power': 'plant'}",2026-07-01 02:06:25.679541,https://www.openstreetmap.org/way/1508774055,21.854066673866743,-104.70955544144446
way/1510234676,1510234676,way,Mexico,plant,Missing output tag,none,"tags: {'name': 'Boquilla', 'plant:source': 'hydro', 'power': 'plant'}",2026-07-01 02:06:25.679733,https://www.openstreetmap.org/way/1510234676,27.54531535827504,-105.41421983242088
way/1514054776,1514054776,way,Mexico,plant,Missing source tag,none,"tags: {'name': 'Area restringida', 'operator': 'Renewable Energy Systems', 'operator:short': 'RES', 'operator:wikidata': 'Q7313077', 'power': 'plant'}",2026-07-01 02:06:25.679885,https://www.openstreetmap.org/way/1514054776,32.53393908756816,-116.96832280868203
node/6970596063,6970596063,node,Nicaragua,generator,Capacity placeholder value,yes,Tag 'generator:output:electricity' contains placeholder value 'yes' instead of actual capacity,2026-07-01 02:13:35.211917,https://www.openstreetmap.org/node/6970596063,11.4026795,-85.8102849
node/6970596062,6970596062,node,Nicaragua,generator,Capacity placeholder value,yes,Tag 'generator:output:electricity' contains placeholder value 'yes' instead of actual capacity,2026-07-01 02:13:35.211938,https://www.openstreetmap.org/node/6970596062,11.4046331,-85.8118433
node/6970596061,6970596061,node,Nicaragua,generator,Capacity placeholder value,yes,Tag 'generator:output:electricity' contains placeholder value 'yes' instead of actual capacity,2026-07-01 02:13:35.211951,https://www.openstreetmap.org/node/6970596061,11.4064998,-85.8135599
node/6970596060,6970596060,node,Nicaragua,generator,Capacity placeholder value,yes,Tag 'generator:output:electricity' contains placeholder value 'yes' instead of actual capacity,2026-07-01 02:13:35.211962,https://www.openstreetmap.org/node/6970596060,11.4085664,-85.8150351
node/6970596028,6970596028,node,Nicaragua,generator,Capacity placeholder value,yes,Tag 'generator:output:electricity' contains placeholder value 'yes' instead of actual capacity,2026-07-01 02:13:35.211972,https://www.openstreetmap.org/node/6970596028,11.4093552,-85.8087963
node/6970596029,6970596029,node,Nicaragua,generator,Capacity placeholder value,yes,Tag 'generator:output:electricity' contains placeholder value 'yes' instead of actual capacity,2026-07-01 02:13:35.211983,https://www.openstreetmap.org/node/6970596029,11.4117688,-85.8093274
node/6970596037,6970596037,node,Nicaragua,generator,Capacity placeholder value,yes,Tag 'generator:output:electricity' contains placeholder value 'yes' instead of actual capacity,2026-07-01 02:13:35.211993,https://www.openstreetmap.org/node/6970596037,11.4013675,-85.8075786
node/6970596038,6970596038,node,Nicaragua,generator,Capacity placeholder value,yes,Tag 'generator:output:electricity' contains placeholder value 'yes' instead of actual capacity,2026-07-01 02:13:35.212004,https://www.openstreetmap.org/node/6970596038,11.4042808,-85.804714
node/6970596036,6970596036,node,Nicaragua,generator,Capacity placeholder value,yes,Tag 'generator:output:electricity' contains placeholder value 'yes' instead of actual capacity,2026-07-01 02:13:35.212014,https://www.openstreetmap.org/node/6970596036,11.406584,-85.8038557
node/6970596035,6970596035,node,Nicaragua,generator,Capacity placeholder value,yes,Tag 'generator:output:electricity' contains placeholder value 'yes' instead of actual capacity,2026-07-01 02:13:35.212025,https://www.openstreetmap.org/node/6970596035,11.4088977,-85.8030295
node/6970596034,6970596034,node,Nicaragua,generator,Capacity placeholder value,yes,Tag 'generator:output:electricity' contains placeholder value 'yes' instead of actual capacity,2026-07-01 02:13:35.212035,https://www.openstreetmap.org/node/6970596034,11.411264,-85.8035982
node/6970596033,6970596033,node,Nicaragua,generator,Capacity placeholder value,yes,Tag 'generator:output:electricity' contains placeholder value 'yes' instead of actual capacity,2026-07-01 02:13:35.212045,https://www.openstreetmap.org/node/6970596033,11.4134304,-85.8051324
node/6970596032,6970596032,node,Nicaragua,generator,Capacity placeholder value,yes,Tag 'generator:output:electricity' contains placeholder value 'yes' instead of actual capacity,2026-07-01 02:13:35.212058,https://www.openstreetmap.org/node/6970596032,11.4153655,-85.8072245
node/6970596031,6970596031,node,Nicaragua,generator,Capacity placeholder value,yes,Tag 'generator:output:electricity' contains placeholder value 'yes' instead of actual capacity,2026-07-01 02:13:35.212069,https://www.openstreetmap.org/node/6970596031,11.417616,-85.8081901
node/6970596030,6970596030,node,Nicaragua,generator,Capacity placeholder value,yes,Tag 'generator:output:electricity' contains placeholder value 'yes' instead of actual capacity,2026-07-01 02:13:35.212080,https://www.openstreetmap.org/node/6970596030,11.4200085,-85.8087802
node/10616983439,10616983439,node,Nicaragua,generator,Capacity placeholder value,yes,Tag 'generator:output:electricity' contains placeholder value 'yes' instead of actual capacity,2026-07-01 02:13:35.212091,https://www.openstreetmap.org/node/10616983439,11.4035196,-85.7716158
node/10616983440,10616983440,node,Nicaragua,generator,Capacity placeholder value,yes,Tag 'generator:output:electricity' contains placeholder value 'yes' instead of actual capacity,2026-07-01 02:13:35.212101,https://www.openstreetmap.org/node/10616983440,11.3977038,-85.7758053
node/10616983438,10616983438,node,Nicaragua,generator,Capacity placeholder value,yes,Tag 'generator:output:electricity' contains placeholder value 'yes' instead of actual capacity,2026-07-01 02:13:35.212112,https://www.openstreetmap.org/node/10616983438,11.4001709,-85.7762668
node/10616983437,10616983437,node,Nicaragua,generator,Capacity placeholder value,yes,Tag 'generator:output:electricity' contains placeholder value 'yes' instead of actual capacity,2026-07-01 02:13:35.212122,https://www.openstreetmap.org/node/10616983437,11.3956745,-85.7742992
node/6970596050,6970596050,node,Nicaragua,generator,Capacity placeholder value,yes,Tag 'generator:output:electricity' contains placeholder value 'yes' instead of actual capacity,2026-07-01 02:13:35.212134,https://www.openstreetmap.org/node/6970596050,11.3938109,-85.7820386
node/6970596049,6970596049,node,Nicaragua,generator,Capacity placeholder value,yes,Tag 'generator:output:electricity' contains placeholder value 'yes' instead of actual capacity,2026-07-01 02:13:35.212144,https://www.openstreetmap.org/node/6970596049,11.3956146,-85.7833475
node/6970596051,6970596051,node,Nicaragua,generator,Capacity placeholder value,yes,Tag 'generator:output:electricity' contains placeholder value 'yes' instead of actual capacity,2026-07-01 02:13:35.212155,https://www.openstreetmap.org/node/6970596051,11.3917126,-85.7829183
relation/20414064,20414064,relation,Nicaragua,plant,Missing output tag,none,"tags: {'geonames:id': '3616933', 'landuse': 'industrial', 'name': 'Ingenio San Antonio', 'name:en': 'Ingenio San Antonio Power Station', 'plant:source': 'biomass', 'power': 'plant', 'site': 'industrial', 'source': 'https://www.gem.wiki/Ingenio_San_Antonio_power_station', 'type': 'site'}",2026-07-01 02:13:35.213581,https://www.openstreetmap.org/relation/20414064,12.53115053022505,-87.0469235559208
relation/20604497,20604497,relation,Nicaragua,plant,Missing output tag,none,"tags: {'location': 'ground', 'name': 'Planta Solar Novaterra', 'operator': 'Matadero Novaterra', 'plant:method': 'photovoltaic', 'plant:source': 'solar', 'power': 'plant', 'type': 'site', 'wikidata': 'Q139589865'}",2026-07-01 02:13:35.218159,https://www.openstreetmap.org/relation/20604497,12.374444398700025,-86.04307010252445
way/1506317925,1506317925,way,Nicaragua,generator,Missing output tag,none,"tags: {'generator:method': 'photovoltaic', 'generator:source': 'solar', 'power': 'generator', 'source:imagery': 'BingSat, ESRI, and other open satellite imagery available to OSM as of 2026'}",2026-07-01 02:13:35.218651,https://www.openstreetmap.org/way/1506317925,,
way/1506317924,1506317924,way,Nicaragua,generator,Missing output tag,none,"tags: {'generator:method': 'photovoltaic', 'generator:source': 'solar', 'power': 'generator', 'source:imagery': 'BingSat, ESRI, and other open satellite imagery available to OSM as of 2026'}",2026-07-01 02:13:35.218766,https://www.openstreetmap.org/way/1506317924,,
way/1506317923,1506317923,way,Nicaragua,generator,Missing output tag,none,"tags: {'generator:method': 'photovoltaic', 'generator:source': 'solar', 'power': 'generator', 'source:imagery': 'BingSat, ESRI, and other open satellite imagery available to OSM as of 2026'}",2026-07-01 02:13:35.218876,https://www.openstreetmap.org/way/1506317923,,
way/1506317922,1506317922,way,Nicaragua,generator,Missing output tag,none,"tags: {'generator:method': 'photovoltaic', 'generator:source': 'solar', 'power': 'generator', 'source:imagery': 'BingSat, ESRI, and other open satellite imagery available to OSM as of 2026'}",2026-07-01 02:13:35.218985,https://www.openstreetmap.org/way/1506317922,,
way/1506317921,1506317921,way,Nicaragua,generator,Missing output tag,none,"tags: {'generator:method': 'photovoltaic', 'generator:source': 'solar', 'power': 'generator', 'source:imagery': 'BingSat, ESRI, and other open satellite imagery available to OSM as of 2026'}",2026-07-01 02:13:35.219094,https://www.openstreetmap.org/way/1506317921,,
way/1506317920,1506317920,way,Nicaragua,generator,Missing output tag,none,"tags: {'generator:method': 'photovoltaic', 'generator:source': 'solar', 'power': 'generator', 'source:imagery': 'BingSat, ESRI, and other open satellite imagery available to OSM as of 2026'}",2026-07-01 02:13:35.219202,https://www.openstreetmap.org/way/1506317920,,
way/1506317919,1506317919,way,Nicaragua,generator,Missing output tag,none,"tags: {'generator:method': 'photovoltaic', 'generator:source': 'solar', 'power': 'generator', 'source:imagery': 'BingSat, ESRI, and other open satellite imagery available to OSM as of 2026'}",2026-07-01 02:13:35.219309,https://www.openstreetmap.org/way/1506317919,,
way/1506317918,1506317918,way,Nicaragua,generator,Missing output tag,none,"tags: {'generator:method': 'photovoltaic', 'generator:source': 'solar', 'power': 'generator', 'source:imagery': 'BingSat, ESRI, and other open satellite imagery available to OSM as of 2026'}",2026-07-01 02:13:35.219417,https://www.openstreetmap.org/way/1506317918,,
way/1506317917,1506317917,way,Nicaragua,generator,Missing output tag,none,"tags: {'generator:method': 'photovoltaic', 'generator:source': 'solar', 'power': 'generator', 'source:imagery': 'BingSat, ESRI, and other open satellite imagery available to OSM as of 2026'}",2026-07-01 02:13:35.219538,https://www.openstreetmap.org/way/1506317917,,
way/1506317916,1506317916,way,Nicaragua,generator,Missing output tag,none,"tags: {'generator:method': 'photovoltaic', 'generator:source': 'solar', 'power': 'generator', 'source:imagery': 'BingSat, ESRI, and other open satellite imagery available to OSM as of 2026'}",2026-07-01 02:13:35.219647,https://www.openstreetmap.org/way/1506317916,,
way/1506317915,1506317915,way,Nicaragua,generator,Missing output tag,none,"tags: {'generator:method': 'photovoltaic', 'generator:source': 'solar', 'power': 'generator', 'source:imagery': 'BingSat, ESRI, and other open satellite imagery available to OSM as of 2026'}",2026-07-01 02:13:35.219756,https://www.openstreetmap.org/way/1506317915,,
way/1506317914,1506317914,way,Nicaragua,generator,Missing output tag,none,"tags: {'generator:method': 'photovoltaic', 'generator:source': 'solar', 'power': 'generator', 'source:imagery': 'BingSat, ESRI, and other open satellite imagery available to OSM as of 2026'}",2026-07-01 02:13:35.219863,https://www.openstreetmap.org/way/1506317914,,
way/1506317913,1506317913,way,Nicaragua,generator,Missing output tag,none,"tags: {'generator:method': 'photovoltaic', 'generator:source': 'solar', 'power': 'generator', 'source:imagery': 'BingSat, ESRI, and other open satellite imagery available to OSM as of 2026'}",2026-07-01 02:13:35.219970,https://www.openstreetmap.org/way/1506317913,,
way/1506317912,1506317912,way,Nicaragua,generator,Missing output tag,none,"tags: {'generator:method': 'photovoltaic', 'generator:source': 'solar', 'power': 'generator', 'source:imagery': 'BingSat, ESRI, and other open satellite imagery available to OSM as of 2026'}",2026-07-01 02:13:35.220077,https://www.openstreetmap.org/way/1506317912,,
way/1506317911,1506317911,way,Nicaragua,generator,Missing output tag,none,"tags: {'generator:method': 'photovoltaic', 'generator:source': 'solar', 'power': 'generator', 'source:imagery': 'BingSat, ESRI, and other open satellite imagery available to OSM as of 2026'}",2026-07-01 02:13:35.220185,https://www.openstreetmap.org/way/1506317911,,
way/1506317910,1506317910,way,Nicaragua,generator,Missing output tag,none,"tags: {'generator:method': 'photovoltaic', 'generator:source': 'solar', 'power': 'generator', 'source:imagery': 'BingSat, ESRI, and other open satellite imagery available to OSM as of 2026'}",2026-07-01 02:13:35.220292,https://www.openstreetmap.org/way/1506317910,,
way/1506317909,1506317909,way,Nicaragua,generator,Missing output tag,none,"tags: {'generator:method': 'photovoltaic', 'generator:source': 'solar', 'power': 'generator', 'source:imagery': 'BingSat, ESRI, and other open satellite imagery available to OSM as of 2026'}",2026-07-01 02:13:35.220400,https://www.openstreetmap.org/way/1506317909,,
way/1506317908,1506317908,way,Nicaragua,generator,Missing output tag,none,"tags: {'generator:method': 'photovoltaic', 'generator:source': 'solar', 'power': 'generator', 'source:imagery': 'BingSat, ESRI, and other open satellite imagery available to OSM as of 2026'}",2026-07-01 02:13:35.220517,https://www.openstreetmap.org/way/1506317908,,
way/1506317907,1506317907,way,Nicaragua,generator,Missing output tag,none,"tags: {'generator:method': 'photovoltaic', 'generator:source': 'solar', 'power': 'generator', 'source:imagery': 'BingSat, ESRI, and other open satellite imagery available to OSM as of 2026'}",2026-07-01 02:13:35.220626,https://www.openstreetmap.org/way/1506317907,,
way/1506317906,1506317906,way,Nicaragua,generator,Missing output tag,none,"tags: {'generator:method': 'photovoltaic', 'generator:source': 'solar', 'power': 'generator', 'source:imagery': 'BingSat, ESRI, and other open satellite imagery available to OSM as of 2026'}",2026-07-01 02:13:35.220736,https://www.openstreetmap.org/way/1506317906,,
way/1506317905,1506317905,way,Nicaragua,generator,Missing output tag,none,"tags: {'generator:method': 'photovoltaic', 'generator:source': 'solar', 'power': 'generator', 'source:imagery': 'BingSat, ESRI, and other open satellite imagery available to OSM as of 2026'}",2026-07-01 02:13:35.220845,https://www.openstreetmap.org/way/1506317905,,
way/1506317904,1506317904,way,Nicaragua,generator,Missing output tag,none,"tags: {'generator:method': 'photovoltaic', 'generator:source': 'solar', 'power': 'generator', 'source:imagery': 'BingSat, ESRI, and other open satellite imagery available to OSM as of 2026'}",2026-07-01 02:13:35.220953,https://www.openstreetmap.org/way/1506317904,,
way/1506317903,1506317903,way,Nicaragua,generator,Missing output tag,none,"tags: {'generator:method': 'photovoltaic', 'generator:source': 'solar', 'power': 'generator', 'source:imagery': 'BingSat, ESRI, and other open satellite imagery available to OSM as of 2026'}",2026-07-01 02:13:35.221060,https://www.openstreetmap.org/way/1506317903,,
way/1506317902,1506317902,way,Nicaragua,generator,Missing output tag,none,"tags: {'generator:method': 'photovoltaic', 'generator:source': 'solar', 'power': 'generator', 'source:imagery': 'BingSat, ESRI, and other open satellite imagery available to OSM as of 2026'}",2026-07-01 02:13:35.221168,https://www.openstreetmap.org/way/1506317902,,
way/1506317901,1506317901,way,Nicaragua,generator,Missing output tag,none,"tags: {'generator:method': 'photovoltaic', 'generator:source': 'solar', 'power': 'generator', 'source:imagery': 'BingSat, ESRI, and other open satellite imagery available to OSM as of 2026'}",2026-07-01 02:13:35.221276,https://www.openstreetmap.org/way/1506317901,,
way/1506317900,1506317900,way,Nicaragua,generator,Missing output tag,none,"tags: {'generator:method': 'photovoltaic', 'generator:source': 'solar', 'power': 'generator', 'source:imagery': 'BingSat, ESRI, and other open satellite imagery available to OSM as of 2026'}",2026-07-01 02:13:35.221383,https://www.openstreetmap.org/way/1506317900,,
way/1506317899,1506317899,way,Nicaragua,generator,Missing output tag,none,"tags: {'generator:method': 'photovoltaic', 'generator:source': 'solar', 'power': 'generator', 'source:imagery': 'BingSat, ESRI, and other open satellite imagery available to OSM as of 2026'}",2026-07-01 02:13:35.221500,https://www.openstreetmap.org/way/1506317899,,
way/201748041,201748041,way,Nicaragua,plant,Missing source tag,none,"tags: {'barrier': 'wall', 'landuse': 'industrial', 'name': 'Planta Hugo Chávez 2', 'plant:output:electricity': 'yes', 'power': 'plant', 'source': 'Bing'}",2026-07-01 02:13:35.229169,https://www.openstreetmap.org/way/201748041,12.164389477797263,-86.34166183265323
way/273324901,273324901,way,Nicaragua,plant,Capacity placeholder value,yes,Tag 'plant:output:electricity' contains placeholder value 'yes' instead of actual capacity,2026-07-01 02:13:35.229765,https://www.openstreetmap.org/way/273324901,12.014200070007911,-86.08583855171723
way/286832358,286832358,way,Nicaragua,plant,Missing output tag,none,"tags: {'barrier': 'fence', 'landuse': 'industrial', 'name': 'Planta Che Guevara 6 y 7', 'operator': 'Albanisa', 'plant:source': 'diesel', 'power': 'plant', 'source': 'Bing'}",2026-07-01 02:13:35.230043,https://www.openstreetmap.org/way/286832358,12.280403285348545,-86.57656082687663
way/305115950,305115950,way,Nicaragua,plant,Missing output tag,none,"tags: {'alt_name': 'Planta Che Guevara 8', 'barrier': 'fence', 'name': 'Centrales Termoeléctricas Che Guevara León', 'plant:source': 'oil', 'power': 'plant'}",2026-07-01 02:13:35.230249,https://www.openstreetmap.org/way/305115950,12.469945267658542,-86.8847172757725
way/786958402,786958402,way,Nicaragua,plant,Capacity placeholder value,yes,Tag 'plant:output:electricity' contains placeholder value 'yes' instead of actual capacity,2026-07-01 02:13:35.231916,https://www.openstreetmap.org/way/786958402,12.17651922885898,-83.05607015972859
way/927083250,927083250,way,Nicaragua,plant,Missing output tag,none,"tags: {'name': 'Planta Che Guevara 9', 'plant:method': 'combustion', 'plant:source': 'oil', 'power': 'plant'}",2026-07-01 02:13:35.232078,https://www.openstreetmap.org/way/927083250,12.207821181184016,-86.71702457522757
way/1055543484,1055543484,way,Nicaragua,plant,Missing output tag,none,"tags: {'building': 'industrial', 'name': 'Planta Hidro-Electrica Salto Grande', 'plant:method': 'water-pumped-storage', 'plant:source': 'hydro', 'power': 'plant'}",2026-07-01 02:13:35.232353,https://www.openstreetmap.org/way/1055543484,14.063467669301064,-84.62423016446719
way/1163124843,1163124843,way,Nicaragua,plant,Capacity placeholder value,yes,Tag 'plant:output:electricity' contains placeholder value 'yes' instead of actual capacity,2026-07-01 02:13:35.233384,https://www.openstreetmap.org/way/1163124843,12.477269584008694,-86.95676441175833
way/1203987099,1203987099,way,Nicaragua,plant,Capacity placeholder value,yes,Tag 'plant:output:electricity' contains placeholder value 'yes' instead of actual capacity,2026-07-01 02:13:35.233539,https://www.openstreetmap.org/way/1203987099,12.946997764174842,-83.57602521071485
way/1337211580,1337211580,way,Nicaragua,plant,Capacity placeholder value,yes,Tag 'plant:output:electricity' contains placeholder value 'yes' instead of actual capacity,2026-07-01 02:13:35.233682,https://www.openstreetmap.org/way/1337211580,12.167900044841522,-86.10494756248774
way/1337211581,1337211581,way,Nicaragua,plant,Missing output tag,none,"tags: {'barrier': 'wall', 'landuse': 'industrial', 'name': 'Planta Che Guevara 3', 'plant:method': 'combustion', 'plant:source': 'oil', 'power': 'plant'}",2026-07-01 02:13:35.233939,https://www.openstreetmap.org/way/1337211581,12.154270864844829,-86.25866551891656
way/1337211582,1337211582,way,Nicaragua,plant,Missing output tag,none,"tags: {'name': 'Planta Hugo Chávez 1', 'plant:method': 'combustion', 'plant:source': 'oil', 'power': 'plant'}",2026-07-01 02:13:35.234137,https://www.openstreetmap.org/way/1337211582,12.159069946203884,-86.31103743328248
way/1412262986,1412262986,way,Nicaragua,plant,Capacity placeholder value,yes,Tag 'plant:output:electricity' contains placeholder value 'yes' instead of actual capacity,2026-07-01 02:13:35.234297,https://www.openstreetmap.org/way/1412262986,12.52829995,-84.7745385
way/1415894554,1415894554,way,Nicaragua,plant,Capacity placeholder value,yes,Tag 'plant:output:electricity' contains placeholder value 'yes' instead of actual capacity,2026-07-01 02:13:35.234418,https://www.openstreetmap.org/way/1415894554,12.6798566,-83.54492605
way/1419294308,1419294308,way,Nicaragua,plant,Missing output tag,none,"tags: {'name': 'Planta Solar ISA', 'plant:source': 'solar', 'power': 'plant', 'source:note': 'map notes'}",2026-07-01 02:13:35.234623,https://www.openstreetmap.org/way/1419294308,12.437462295122435,-87.08161975269523
way/1441897432,1441897432,way,Nicaragua,plant,Missing output tag,none,"tags: {'plant:method': 'photovoltaic', 'plant:source': 'solar', 'power': 'plant'}",2026-07-01 02:13:35.234877,https://www.openstreetmap.org/way/1441897432,12.275623805425761,-86.50341366186439
way/1473702302,1473702302,way,Nicaragua,plant,Missing output tag,none,"tags: {'landuse': 'industrial', 'name:en': 'Empresa Generadora De Energía Renovable De Rivas, S.A. (EGERSA)', 'plant:source': 'biomass', 'power': 'plant', 'source': 'https://www.gem.wiki/Ingenio_Benjam%C3%ADn_Zeled%C3%B3n_power_station'}",2026-07-01 02:13:35.235084,https://www.openstreetmap.org/way/1473702302,11.485081138566327,-85.83987258753739
way/1473703880,1473703880,way,Nicaragua,plant,Missing output tag,none,"tags: {'landuse': 'industrial', 'name': 'Ingenio San Antonio', 'name:en': 'Ingenio San Antonio power station', 'plant:source': 'biomass', 'power': 'plant', 'source': 'https://www.gem.wiki/Ingenio_San_Antonio_power_station'}",2026-07-01 02:13:35.235342,https://www.openstreetmap.org/way/1473703880,12.530811073984344,-87.04780477905904
way/1473710136,1473710136,way,Nicaragua,plant,Missing output tag,none,"tags: {'landuse': 'industrial', 'name:en': 'Ingenio Montelimar power station', 'plant:source': 'biomass', 'power': 'plant', 'source': 'https://www.gem.wiki/Ingenio_Montelimar_power_station'}",2026-07-01 02:13:35.235572,https://www.openstreetmap.org/way/1473710136,11.817756254470563,-86.51260979701537
way/1489416670,1489416670,way,Nicaragua,plant,Capacity placeholder value,yes,Tag 'plant:output:electricity' contains placeholder value 'yes' instead of actual capacity,2026-07-01 02:13:35.235732,https://www.openstreetmap.org/way/1489416670,13.24567695,-85.90020735000002
way/1506292147,1506292147,way,Nicaragua,plant,Missing output tag,none,"tags: {'location': 'ground', 'name': 'Planta Solar Novaterra', 'operator': 'Matadero Novaterra', 'plant:method': 'photovoltaic', 'plant:source': 'solar', 'power': 'plant', 'wikidata': 'Q139589865'}",2026-07-01 02:13:35.235903,https://www.openstreetmap.org/way/1506292147,12.374444398700025,-86.04307010252444
relation/12873950,12873950,relation,Panama,plant,Capacity placeholder value,yes,Tag 'plant:output:electricity' contains placeholder value 'yes' instead of actual capacity,2026-07-01 02:21:46.546821,https://www.openstreetmap.org/relation/12873950,8.268598985058203,-80.55165670693306
relation/14179193,14179193,relation,Panama,plant,Capacity regex no match,3.780 MWp,Tag 'plant:output:electricity' has value '3.780 MWp' which could not be parsed,2026-07-01 02:21:46.548728,https://www.openstreetmap.org/relation/14179193,9.071814008577059,-79.24578999929754
relation/14180169,14180169,relation,Panama,plant,Capacity placeholder value,yes,Tag 'plant:output:electricity' contains placeholder value 'yes' instead of actual capacity,2026-07-01 02:21:46.550193,https://www.openstreetmap.org/relation/14180169,8.441824449025782,-82.83717697224436
relation/15981278,15981278,relation,Panama,plant,Capacity placeholder value,yes,Tag 'plant:output:electricity' contains placeholder value 'yes' instead of actual capacity,2026-07-01 02:21:46.552018,https://www.openstreetmap.org/relation/15981278,8.363945335776064,-82.3508250453339
relation/16266315,16266315,relation,Panama,plant,Capacity placeholder value,yes,Tag 'plant:output:electricity' contains placeholder value 'yes' instead of actual capacity,2026-07-01 02:21:46.555884,https://www.openstreetmap.org/relation/16266315,8.418994553120699,-82.80692410130045
relation/16328968,16328968,relation,Panama,plant,Capacity placeholder value,yes,Tag 'plant:output:electricity' contains placeholder value 'yes' instead of actual capacity,2026-07-01 02:21:46.557046,https://www.openstreetmap.org/relation/16328968,8.370081272861436,-82.34510477301629
relation/16328969,16328969,relation,Panama,plant,Capacity placeholder value,yes,Tag 'plant:output:electricity' contains placeholder value 'yes' instead of actual capacity,2026-07-01 02:21:46.557970,https://www.openstreetmap.org/relation/16328969,8.373870100000001,-82.3488211
relation/16329060,16329060,relation,Panama,plant,Capacity placeholder value,yes,Tag 'plant:output:electricity' contains placeholder value 'yes' instead of actual capacity,2026-07-01 02:21:46.559387,https://www.openstreetmap.org/relation/16329060,8.190491175640673,-80.7213238665266
relation/18314359,18314359,relation,Panama,plant,Capacity placeholder value,yes,Tag 'plant:output:electricity' contains placeholder value 'yes' instead of actual capacity,2026-07-01 02:21:46.560825,https://www.openstreetmap.org/relation/18314359,8.422308124065934,-82.34178859167193
relation/19756841,19756841,relation,Panama,plant,Capacity placeholder value,yes,Tag 'plant:output:electricity' contains placeholder value 'yes' instead of actual capacity,2026-07-01 02:21:46.562226,https://www.openstreetmap.org/relation/19756841,8.377339775,-82.331171375
relation/19757192,19757192,relation,Panama,plant,Capacity placeholder value,yes,Tag 'plant:output:electricity' contains placeholder value 'yes' instead of actual capacity,2026-07-01 02:21:46.564811,https://www.openstreetmap.org/relation/19757192,8.422292990164737,-82.61288188445474
way/557534946,557534946,way,Panama,plant,Missing source tag,none,"tags: {'landuse': 'industrial', 'power': 'plant'}",2026-07-01 02:21:46.571337,https://www.openstreetmap.org/way/557534946,8.517448833333333,-80.35495019999999
way/771962488,771962488,way,Panama,plant,Missing output tag,none,"tags: {'barrier': 'fence', 'plant:source': 'solar', 'power': 'plant'}",2026-07-01 02:21:46.574210,https://www.openstreetmap.org/way/771962488,8.181605650504796,-80.71344107670353
way/771962489,771962489,way,Panama,plant,Missing output tag,none,"tags: {'barrier': 'fence', 'plant:source': 'solar', 'power': 'plant'}",2026-07-01 02:21:46.574547,https://www.openstreetmap.org/way/771962489,8.185146448151333,-80.71093555668085
way/804943246,804943246,way,Panama,plant,Missing output tag,none,"tags: {'barrier': 'fence', 'plant:source': 'solar', 'power': 'plant'}",2026-07-01 02:21:46.575123,https://www.openstreetmap.org/way/804943246,8.188264598302318,-80.72886902196532
way/804973969,804973969,way,Panama,plant,Missing output tag,none,"tags: {'plant:source': 'solar', 'power': 'plant'}",2026-07-01 02:21:46.575321,https://www.openstreetmap.org/way/804973969,8.155370585001496,-80.94897356052522
way/872795331,872795331,way,Panama,plant,Missing output tag,none,"tags: {'building': 'yes', 'name': 'Edificio de generadorse de la hidroeléctrica de Gatún', 'plant:source': 'hydro', 'power': 'plant'}",2026-07-01 02:21:46.575922,https://www.openstreetmap.org/way/872795331,9.26392682203262,-79.93089482844951
way/896332515,896332515,way,Panama,plant,Capacity placeholder value,yes,Tag 'plant:output:electricity' contains placeholder value 'yes' instead of actual capacity,2026-07-01 02:21:46.576400,https://www.openstreetmap.org/way/896332515,8.45556405345114,-80.4133363126667
way/957195287,957195287,way,Panama,plant,Missing output tag,none,"tags: {'barrier': 'fence', 'plant:source': 'solar', 'power': 'plant'}",2026-07-01 02:21:46.577726,https://www.openstreetmap.org/way/957195287,8.217259340830589,-80.69247255150196
way/957201059,957201059,way,Panama,plant,Capacity placeholder value,yes,Tag 'plant:output:electricity' contains placeholder value 'yes' instead of actual capacity,2026-07-01 02:21:46.578009,https://www.openstreetmap.org/way/957201059,8.171818192227715,-80.6686616869333
way/957583363,957583363,way,Panama,plant,Missing output tag,none,"tags: {'barrier': 'fence', 'plant:source': 'solar', 'power': 'plant'}",2026-07-01 02:21:46.578179,https://www.openstreetmap.org/way/957583363,8.541782306676106,-82.66377601524253
way/1026766755,1026766755,way,Panama,plant,Capacity regex no match,9.89,Tag 'plant:output:electricity' has value '9.89' which could not be parsed,2026-07-01 02:21:46.579505,https://www.openstreetmap.org/way/1026766755,8.690553816494603,-82.29885354978992
way/1116422146,1116422146,way,Panama,plant,Capacity placeholder value,yes,Tag 'plant:output:electricity' contains placeholder value 'yes' instead of actual capacity,2026-07-01 02:21:46.581759,https://www.openstreetmap.org/way/1116422146,8.245583947767834,-81.99055957549795
way/1138379310,1138379310,way,Panama,plant,Missing output tag,none,"tags: {'building': 'yes', 'layer': '1', 'name': 'Edificio de Generadores hidrieléctrica Madden', 'plant:source': 'hydro', 'power': 'plant'}",2026-07-01 02:21:46.581918,https://www.openstreetmap.org/way/1138379310,9.210680055296834,-79.61662707934224
way/1190827483,1190827483,way,Panama,plant,Capacity placeholder value,yes,Tag 'plant:output:electricity' contains placeholder value 'yes' instead of actual capacity,2026-07-01 02:21:46.582104,https://www.openstreetmap.org/way/1190827483,8.565778512103348,-80.58396907650399
way/1190827484,1190827484,way,Panama,plant,Capacity placeholder value,yes,Tag 'plant:output:electricity' contains placeholder value 'yes' instead of actual capacity,2026-07-01 02:21:46.582270,https://www.openstreetmap.org/way/1190827484,8.565044313108285,-80.58355824005072
way/1274643602,1274643602,way,Panama,plant,Capacity placeholder value,yes,Tag 'plant:output:electricity' contains placeholder value 'yes' instead of actual capacity,2026-07-01 02:21:46.583635,https://www.openstreetmap.org/way/1274643602,8.58872626128702,-79.87288889450717
way/1280711852,1280711852,way,Panama,plant,Capacity placeholder value,yes,Tag 'plant:output:electricity' contains placeholder value 'yes' instead of actual capacity,2026-07-01 02:21:46.584109,https://www.openstreetmap.org/way/1280711852,9.378590700628404,-79.8218906789986
way/1284941743,1284941743,way,Panama,plant,Missing source tag,none,"tags: {'landuse': 'industrial', 'power': 'plant'}",2026-07-01 02:21:46.584230,https://www.openstreetmap.org/way/1284941743,8.092911279335423,-80.93357186986141
way/1299838720,1299838720,way,Panama,plant,Missing source tag,none,"tags: {'landuse': 'industrial', 'name': 'Naturgy', 'operator': 'Naturgy', 'operator:wikidata': 'Q474690', 'power': 'plant'}",2026-07-01 02:21:46.584363,https://www.openstreetmap.org/way/1299838720,8.247955838231677,-80.55980562523946
way/1321758059,1321758059,way,Panama,plant,Missing output tag,none,"tags: {'plant:source': 'solar', 'power': 'plant'}",2026-07-01 02:21:46.585614,https://www.openstreetmap.org/way/1321758059,8.6319672461025,-79.92749929710763
way/1380971876,1380971876,way,Panama,plant,Missing output tag,none,"tags: {'plant:source': 'solar', 'power': 'plant'}",2026-07-01 02:21:46.587377,https://www.openstreetmap.org/way/1380971876,8.666836956305572,-77.36967978407839
way/1414510405,1414510405,way,Panama,plant,Capacity placeholder value,yes,Tag 'plant:output:electricity' contains placeholder value 'yes' instead of actual capacity,2026-07-01 02:21:46.587571,https://www.openstreetmap.org/way/1414510405,8.802466949999998,-82.68889349999999
way/1444975705,1444975705,way,Panama,plant,Capacity placeholder value,yes,Tag 'plant:output:electricity' contains placeholder value 'yes' instead of actual capacity,2026-07-01 02:21:46.587767,https://www.openstreetmap.org/way/1444975705,8.433396384601652,-82.82435500006454
way/1444976162,1444976162,way,Panama,plant,Capacity placeholder value,yes,Tag 'plant:output:electricity' contains placeholder value 'yes' instead of actual capacity,2026-07-01 02:21:46.587936,https://www.openstreetmap.org/way/1444976162,8.434914177925634,-82.83108173247004
way/1444980733,1444980733,way,Panama,plant,Capacity placeholder value,yes,Tag 'plant:output:electricity' contains placeholder value 'yes' instead of actual capacity,2026-07-01 02:21:46.588168,https://www.openstreetmap.org/way/1444980733,8.388010925861705,-82.79675314318573
way/1445092740,1445092740,way,Panama,plant,Capacity placeholder value,yes,Tag 'plant:output:electricity' contains placeholder value 'yes' instead of actual capacity,2026-07-01 02:21:46.588333,https://www.openstreetmap.org/way/1445092740,8.25928945326368,-81.97769668034233
way/1464115571,1464115571,way,Panama,plant,Missing output tag,none,"tags: {'plant:source': 'hydro', 'power': 'plant'}",2026-07-01 02:21:46.588557,https://www.openstreetmap.org/way/1464115571,8.67032965742289,-82.35077940214472
way/1474046103,1474046103,way,Panama,plant,Capacity placeholder value,yes,Tag 'plant:output:electricity' contains placeholder value 'yes' instead of actual capacity,2026-07-01 02:21:46.588746,https://www.openstreetmap.org/way/1474046103,9.264591606516248,-79.66926066366928
way/1479867993,1479867993,way,Panama,plant,Capacity placeholder value,yes,Tag 'plant:output:electricity' contains placeholder value 'yes' instead of actual capacity,2026-07-01 02:21:46.588894,https://www.openstreetmap.org/way/1479867993,9.017353420856807,-80.69200179273358
way/1487365132,1487365132,way,Panama,plant,Capacity placeholder value,yes,Tag 'plant:output:electricity' contains placeholder value 'yes' instead of actual capacity,2026-07-01 02:21:46.589273,https://www.openstreetmap.org/way/1487365132,7.899737594455778,-80.32427143982464
way/1499689483,1499689483,way,Panama,plant,Capacity regex no match,24 kW,Tag 'plant:output:electricity' has value '24 kW' which could not be parsed,2026-07-01 02:21:46.589399,https://www.openstreetmap.org/way/1499689483,9.008655004175084,-79.59677329738948
way/1120485494,1120485494,way,Saint Lucia,plant,Capacity placeholder value,yes,Tag 'plant:output:electricity' contains placeholder value 'yes' instead of actual capacity,2026-07-01 02:23:41.186737,https://www.openstreetmap.org/way/1120485494,13.736888403836447,-60.96158731874306
way/1120485495,1120485495,way,Saint Lucia,plant,Capacity placeholder value,yes,Tag 'plant:output:electricity' contains placeholder value 'yes' instead of actual capacity,2026-07-01 02:23:41.186997,https://www.openstreetmap.org/way/1120485495,13.73715047762906,-60.96097047783314
way/1120621848,1120621848,way,Saint Lucia,plant,Capacity placeholder value,yes,Tag 'plant:output:electricity' contains placeholder value 'yes' instead of actual capacity,2026-07-01 02:23:41.187833,https://www.openstreetmap.org/way/1120621848,13.736969840918528,-60.965951527513674
node/4024224243,4024224243,node,Saint Kitts and Nevis,generator,Capacity regex no match,275 kW,Tag 'generator:output:electricity' has value '275 kW' which could not be parsed,2026-07-01 02:31:12.300339,https://www.openstreetmap.org/node/4024224243,17.182817,-62.5490747
node/4024224242,4024224242,node,Saint Kitts and Nevis,generator,Capacity regex no match,275 kW,Tag 'generator:output:electricity' has value '275 kW' which could not be parsed,2026-07-01 02:31:12.300371,https://www.openstreetmap.org/node/4024224242,17.1821957,-62.5501787
node/4024224241,4024224241,node,Saint Kitts and Nevis,generator,Capacity regex no match,275 kW,Tag 'generator:output:electricity' has value '275 kW' which could not be parsed,2026-07-01 02:31:12.300391,https://www.openstreetmap.org/node/4024224241,17.1815438,-62.5510756
node/4024224240,4024224240,node,Saint Kitts and Nevis,generator,Capacity regex no match,275 kW,Tag 'generator:output:electricity' has value '275 kW' which could not be parsed,2026-07-01 02:31:12.300409,https://www.openstreetmap.org/node/4024224240,17.1808746,-62.5518431
node/4024224244,4024224244,node,Saint Kitts and Nevis,generator,Capacity regex no match,275 kW,Tag 'generator:output:electricity' has value '275 kW' which could not be parsed,2026-07-01 02:31:12.300427,https://www.openstreetmap.org/node/4024224244,17.1800745,-62.5511235
node/4024224245,4024224245,node,Saint Kitts and Nevis,generator,Capacity regex no match,275 kW,Tag 'generator:output:electricity' has value '275 kW' which could not be parsed,2026-07-01 02:31:12.300443,https://www.openstreetmap.org/node/4024224245,17.1791691,-62.5496764
node/4024224246,4024224246,node,Saint Kitts and Nevis,generator,Capacity regex no match,275 kW,Tag 'generator:output:electricity' has value '275 kW' which could not be parsed,2026-07-01 02:31:12.300491,https://www.openstreetmap.org/node/4024224246,17.1798415,-62.5490158
node/4024236659,4024236659,node,Saint Kitts and Nevis,generator,Capacity regex no match,275 kW,Tag 'generator:output:electricity' has value '275 kW' which could not be parsed,2026-07-01 02:31:12.300514,https://www.openstreetmap.org/node/4024236659,17.1811605,-62.5476671
way/396800292,396800292,way,Saint Kitts and Nevis,plant,Missing output tag,none,"tags: {'landuse': 'industrial', 'plant:source': 'solar', 'power': 'plant'}",2026-07-01 02:31:12.301013,https://www.openstreetmap.org/way/396800292,17.30033474348156,-62.706600664913324
way/681690775,681690775,way,Saint Kitts and Nevis,plant,Missing source tag,none,"tags: {'landuse': 'industrial', 'power': 'plant'}",2026-07-01 02:31:12.301232,https://www.openstreetmap.org/way/681690775,17.126032041810557,-62.61021417815341
way/1034087584,1034087584,way,Saint Vincent and the Grenadines,plant,Missing source tag,none,"tags: {'contact:phone': '+1784-458-3887', 'contact:website': 'https://vinlec.com/', 'landuse': 'industrial', 'name': 'Bequia Power Station', 'operator': 'VINLEC', 'power': 'plant', 'source': 'Bing'}",2026-07-01 02:36:28.023666,https://www.openstreetmap.org/way/1034087584,13.014163184338265,-61.23738322710314
way/1122439579,1122439579,way,Saint Vincent and the Grenadines,plant,Capacity placeholder value,yes,Tag 'plant:output:electricity' contains placeholder value 'yes' instead of actual capacity,2026-07-01 02:36:28.023898,https://www.openstreetmap.org/way/1122439579,12.599789381240452,-61.419052741722055
way/1486394714,1486394714,way,Saint Vincent and the Grenadines,plant,Capacity placeholder value,yes,Tag 'plant:output:electricity' contains placeholder value 'yes' instead of actual capacity,2026-07-01 02:36:28.024335,https://www.openstreetmap.org/way/1486394714,13.29467417278303,-61.232144976827165
way/165759252,165759252,way,Trinidad and Tobago,plant,Capacity placeholder value,yes,Tag 'plant:output:electricity' contains placeholder value 'yes' instead of actual capacity,2026-07-01 02:40:53.295320,https://www.openstreetmap.org/way/165759252,10.147653979597607,-61.47504839927892
way/168336773,168336773,way,Trinidad and Tobago,plant,Capacity placeholder value,yes,Tag 'plant:output:electricity' contains placeholder value 'yes' instead of actual capacity,2026-07-01 02:40:53.295574,https://www.openstreetmap.org/way/168336773,11.143512023456326,-60.7916836835224
way/815671844,815671844,way,Trinidad and Tobago,plant,Capacity placeholder value,yes,Tag 'plant:output:electricity' contains placeholder value 'yes' instead of actual capacity,2026-07-01 02:40:53.295915,https://www.openstreetmap.org/way/815671844,10.60389543854868,-61.34191321675276
way/913353420,913353420,way,Trinidad and Tobago,plant,Capacity placeholder value,yes,Tag 'plant:output:electricity' contains placeholder value 'yes' instead of actual capacity,2026-07-01 02:40:53.296069,https://www.openstreetmap.org/way/913353420,10.418488205240736,-61.485309971132956
