{
  "type": "FeatureCollection",
  "features": [
    {
      "type": "Feature",
      "geometry": {
        "type": "Point",
        "coordinates": [
          -159.79656991894225,
          -21.199066335422046
        ]
      },
      "properties": {
        "label": "Rejected way 777119283",
        "type": "Capacity placeholder value",
        "osm_element": "https://www.openstreetmap.org/way/777119283",
        "rejection_reason": "Capacity placeholder value",
        "rejection_details": "Tag 'plant:output:electricity' contains placeholder value 'yes' instead of actual capacity",
        "rejection_keywords": "yes",
        "timestamp": "2026-04-24T03:24:38.272526",
        "element_type": "way",
        "element_id": 777119283,
        "country": "Cook Islands",
        "unit_type": "plant"
      }
    },
    {
      "type": "Feature",
      "geometry": {
        "type": "Point",
        "coordinates": [
          -159.79484020595277,
          -21.19923373823414
        ]
      },
      "properties": {
        "label": "Rejected way 777119300",
        "type": "Capacity placeholder value",
        "osm_element": "https://www.openstreetmap.org/way/777119300",
        "rejection_reason": "Capacity placeholder value",
        "rejection_details": "Tag 'plant:output:electricity' contains placeholder value 'yes' instead of actual capacity",
        "rejection_keywords": "yes",
        "timestamp": "2026-04-24T03:24:38.272743",
        "element_type": "way",
        "element_id": 777119300,
        "country": "Cook Islands",
        "unit_type": "plant"
      }
    },
    {
      "type": "Feature",
      "geometry": {
        "type": "Point",
        "coordinates": [
          -159.80018189012986,
          -21.20114763684168
        ]
      },
      "properties": {
        "label": "Rejected way 879303193",
        "type": "Capacity placeholder value",
        "osm_element": "https://www.openstreetmap.org/way/879303193",
        "rejection_reason": "Capacity placeholder value",
        "rejection_details": "Tag 'plant:output:electricity' contains placeholder value 'yes' instead of actual capacity",
        "rejection_keywords": "yes",
        "timestamp": "2026-04-24T03:24:38.273010",
        "element_type": "way",
        "element_id": 879303193,
        "country": "Cook Islands",
        "unit_type": "plant"
      }
    },
    {
      "type": "Feature",
      "geometry": {
        "type": "Point",
        "coordinates": [
          -157.34154939914666,
          -20.158085366188114
        ]
      },
      "properties": {
        "label": "Rejected way 931720012",
        "type": "Capacity placeholder value",
        "osm_element": "https://www.openstreetmap.org/way/931720012",
        "rejection_reason": "Capacity placeholder value",
        "rejection_details": "Tag 'plant:output:electricity' contains placeholder value 'yes' instead of actual capacity",
        "rejection_keywords": "yes",
        "timestamp": "2026-04-24T03:24:38.273196",
        "element_type": "way",
        "element_id": 931720012,
        "country": "Cook Islands",
        "unit_type": "plant"
      }
    },
    {
      "type": "Feature",
      "geometry": {
        "type": "Point",
        "coordinates": [
          -157.34127469999999,
          -20.158257399999997
        ]
      },
      "properties": {
        "label": "Rejected way 931720013",
        "type": "Capacity placeholder value",
        "osm_element": "https://www.openstreetmap.org/way/931720013",
        "rejection_reason": "Capacity placeholder value",
        "rejection_details": "Tag 'plant:output:electricity' contains placeholder value 'yes' instead of actual capacity",
        "rejection_keywords": "yes",
        "timestamp": "2026-04-24T03:24:38.273372",
        "element_type": "way",
        "element_id": 931720013,
        "country": "Cook Islands",
        "unit_type": "plant"
      }
    },
    {
      "type": "Feature",
      "geometry": {
        "type": "Point",
        "coordinates": [
          -165.83782168420507,
          -10.853489100686913
        ]
      },
      "properties": {
        "label": "Rejected way 931911456",
        "type": "Capacity placeholder value",
        "osm_element": "https://www.openstreetmap.org/way/931911456",
        "rejection_reason": "Capacity placeholder value",
        "rejection_details": "Tag 'plant:output:electricity' contains placeholder value 'yes' instead of actual capacity",
        "rejection_keywords": "yes",
        "timestamp": "2026-04-24T03:24:38.273570",
        "element_type": "way",
        "element_id": 931911456,
        "country": "Cook Islands",
        "unit_type": "plant"
      }
    },
    {
      "type": "Feature",
      "geometry": {
        "type": "Point",
        "coordinates": [
          -161.0312255253186,
          -10.409057090605394
        ]
      },
      "properties": {
        "label": "Rejected way 931952203",
        "type": "Capacity placeholder value",
        "osm_element": "https://www.openstreetmap.org/way/931952203",
        "rejection_reason": "Capacity placeholder value",
        "rejection_details": "Tag 'plant:output:electricity' contains placeholder value 'yes' instead of actual capacity",
        "rejection_keywords": "yes",
        "timestamp": "2026-04-24T03:24:38.273762",
        "element_type": "way",
        "element_id": 931952203,
        "country": "Cook Islands",
        "unit_type": "plant"
      }
    },
    {
      "type": "Feature",
      "geometry": {
        "type": "Point",
        "coordinates": [
          -161.00725761327766,
          -10.371315690238209
        ]
      },
      "properties": {
        "label": "Rejected way 931952213",
        "type": "Capacity placeholder value",
        "osm_element": "https://www.openstreetmap.org/way/931952213",
        "rejection_reason": "Capacity placeholder value",
        "rejection_details": "Tag 'plant:output:electricity' contains placeholder value 'yes' instead of actual capacity",
        "rejection_keywords": "yes",
        "timestamp": "2026-04-24T03:24:38.273984",
        "element_type": "way",
        "element_id": 931952213,
        "country": "Cook Islands",
        "unit_type": "plant"
      }
    },
    {
      "type": "Feature",
      "geometry": {
        "type": "Point",
        "coordinates": [
          -157.95154954086524,
          -21.915665642452748
        ]
      },
      "properties": {
        "label": "Rejected way 1055526929",
        "type": "Capacity placeholder value",
        "osm_element": "https://www.openstreetmap.org/way/1055526929",
        "rejection_reason": "Capacity placeholder value",
        "rejection_details": "Tag 'plant:output:electricity' contains placeholder value 'yes' instead of actual capacity",
        "rejection_keywords": "yes",
        "timestamp": "2026-04-24T03:24:38.274181",
        "element_type": "way",
        "element_id": 1055526929,
        "country": "Cook Islands",
        "unit_type": "plant"
      }
    },
    {
      "type": "Feature",
      "geometry": {
        "type": "Point",
        "coordinates": [
          121.7621385,
          -33.876165
        ]
      },
      "properties": {
        "label": "Rejected node 2295500482",
        "type": "Capacity regex no match",
        "osm_element": "https://www.openstreetmap.org/node/2295500482",
        "rejection_reason": "Capacity regex no match",
        "rejection_details": "Tag 'generator:output:electricity' has value '225 kW' which could not be parsed",
        "rejection_keywords": "225 kW",
        "timestamp": "2026-04-24T03:27:04.733800",
        "element_type": "node",
        "element_id": 2295500482,
        "country": "Australia",
        "unit_type": "generator"
      }
    },
    {
      "type": "Feature",
      "geometry": {
        "type": "Point",
        "coordinates": [
          121.7666575,
          -33.8779846
        ]
      },
      "properties": {
        "label": "Rejected node 2295500483",
        "type": "Capacity regex no match",
        "osm_element": "https://www.openstreetmap.org/node/2295500483",
        "rejection_reason": "Capacity regex no match",
        "rejection_details": "Tag 'generator:output:electricity' has value '225 kW' which could not be parsed",
        "rejection_keywords": "225 kW",
        "timestamp": "2026-04-24T03:27:04.733944",
        "element_type": "node",
        "element_id": 2295500483,
        "country": "Australia",
        "unit_type": "generator"
      }
    },
    {
      "type": "Feature",
      "geometry": {
        "type": "Point",
        "coordinates": [
          121.7596166,
          -33.8757122
        ]
      },
      "properties": {
        "label": "Rejected node 2295500481",
        "type": "Capacity regex no match",
        "osm_element": "https://www.openstreetmap.org/node/2295500481",
        "rejection_reason": "Capacity regex no match",
        "rejection_details": "Tag 'generator:output:electricity' has value '225 kW' which could not be parsed",
        "rejection_keywords": "225 kW",
        "timestamp": "2026-04-24T03:27:04.734004",
        "element_type": "node",
        "element_id": 2295500481,
        "country": "Australia",
        "unit_type": "generator"
      }
    },
    {
      "type": "Feature",
      "geometry": {
        "type": "Point",
        "coordinates": [
          121.7690857,
          -33.8810049
        ]
      },
      "properties": {
        "label": "Rejected node 2295500486",
        "type": "Capacity regex no match",
        "osm_element": "https://www.openstreetmap.org/node/2295500486",
        "rejection_reason": "Capacity regex no match",
        "rejection_details": "Tag 'generator:output:electricity' has value '225 kW' which could not be parsed",
        "rejection_keywords": "225 kW",
        "timestamp": "2026-04-24T03:27:04.734031",
        "element_type": "node",
        "element_id": 2295500486,
        "country": "Australia",
        "unit_type": "generator"
      }
    },
    {
      "type": "Feature",
      "geometry": {
        "type": "Point",
        "coordinates": [
          121.7741466,
          -33.881031
        ]
      },
      "properties": {
        "label": "Rejected node 2295500487",
        "type": "Capacity regex no match",
        "osm_element": "https://www.openstreetmap.org/node/2295500487",
        "rejection_reason": "Capacity regex no match",
        "rejection_details": "Tag 'generator:output:electricity' has value '225 kW' which could not be parsed",
        "rejection_keywords": "225 kW",
        "timestamp": "2026-04-24T03:27:04.734061",
        "element_type": "node",
        "element_id": 2295500487,
        "country": "Australia",
        "unit_type": "generator"
      }
    },
    {
      "type": "Feature",
      "geometry": {
        "type": "Point",
        "coordinates": [
          121.7631718,
          -33.8781311
        ]
      },
      "properties": {
        "label": "Rejected node 2295500484",
        "type": "Capacity regex no match",
        "osm_element": "https://www.openstreetmap.org/node/2295500484",
        "rejection_reason": "Capacity regex no match",
        "rejection_details": "Tag 'generator:output:electricity' has value '225 kW' which could not be parsed",
        "rejection_keywords": "225 kW",
        "timestamp": "2026-04-24T03:27:04.734083",
        "element_type": "node",
        "element_id": 2295500484,
        "country": "Australia",
        "unit_type": "generator"
      }
    },
    {
      "type": "Feature",
      "geometry": {
        "type": "Point",
        "coordinates": [
          121.768873,
          -33.8794332
        ]
      },
      "properties": {
        "label": "Rejected node 2295500485",
        "type": "Capacity regex no match",
        "osm_element": "https://www.openstreetmap.org/node/2295500485",
        "rejection_reason": "Capacity regex no match",
        "rejection_details": "Tag 'generator:output:electricity' has value '225 kW' which could not be parsed",
        "rejection_keywords": "225 kW",
        "timestamp": "2026-04-24T03:27:04.734104",
        "element_type": "node",
        "element_id": 2295500485,
        "country": "Australia",
        "unit_type": "generator"
      }
    },
    {
      "type": "Feature",
      "geometry": {
        "type": "Point",
        "coordinates": [
          121.770985,
          -33.8832666
        ]
      },
      "properties": {
        "label": "Rejected node 2295500488",
        "type": "Capacity regex no match",
        "osm_element": "https://www.openstreetmap.org/node/2295500488",
        "rejection_reason": "Capacity regex no match",
        "rejection_details": "Tag 'generator:output:electricity' has value '225 kW' which could not be parsed",
        "rejection_keywords": "225 kW",
        "timestamp": "2026-04-24T03:27:04.734127",
        "element_type": "node",
        "element_id": 2295500488,
        "country": "Australia",
        "unit_type": "generator"
      }
    },
    {
      "type": "Feature",
      "geometry": {
        "type": "Point",
        "coordinates": [
          121.7735736,
          -33.884429
        ]
      },
      "properties": {
        "label": "Rejected node 2295500489",
        "type": "Capacity regex no match",
        "osm_element": "https://www.openstreetmap.org/node/2295500489",
        "rejection_reason": "Capacity regex no match",
        "rejection_details": "Tag 'generator:output:electricity' has value '225 kW' which could not be parsed",
        "rejection_keywords": "225 kW",
        "timestamp": "2026-04-24T03:27:04.734149",
        "element_type": "node",
        "element_id": 2295500489,
        "country": "Australia",
        "unit_type": "generator"
      }
    },
    {
      "type": "Feature",
      "geometry": {
        "type": "Point",
        "coordinates": [
          143.8954608,
          -39.9513036
        ]
      },
      "properties": {
        "label": "Rejected node 1391141350",
        "type": "Capacity regex no match",
        "osm_element": "https://www.openstreetmap.org/node/1391141350",
        "rejection_reason": "Capacity regex no match",
        "rejection_details": "Tag 'generator:output:electricity' has value '850 kW' which could not be parsed",
        "rejection_keywords": "850 kW",
        "timestamp": "2026-04-24T03:27:04.780831",
        "element_type": "node",
        "element_id": 1391141350,
        "country": "Australia",
        "unit_type": "generator"
      }
    },
    {
      "type": "Feature",
      "geometry": {
        "type": "Point",
        "coordinates": [
          143.893536,
          -39.9427382
        ]
      },
      "properties": {
        "label": "Rejected node 1391141316",
        "type": "Capacity regex no match",
        "osm_element": "https://www.openstreetmap.org/node/1391141316",
        "rejection_reason": "Capacity regex no match",
        "rejection_details": "Tag 'generator:output:electricity' has value '250 kW' which could not be parsed",
        "rejection_keywords": "250 kW",
        "timestamp": "2026-04-24T03:27:04.780895",
        "element_type": "node",
        "element_id": 1391141316,
        "country": "Australia",
        "unit_type": "generator"
      }
    },
    {
      "type": "Feature",
      "geometry": {
        "type": "Point",
        "coordinates": [
          143.8889922,
          -39.9468065
        ]
      },
      "properties": {
        "label": "Rejected node 1391141339",
        "type": "Capacity regex no match",
        "osm_element": "https://www.openstreetmap.org/node/1391141339",
        "rejection_reason": "Capacity regex no match",
        "rejection_details": "Tag 'generator:output:electricity' has value '850 kW' which could not be parsed",
        "rejection_keywords": "850 kW",
        "timestamp": "2026-04-24T03:27:04.780979",
        "element_type": "node",
        "element_id": 1391141339,
        "country": "Australia",
        "unit_type": "generator"
      }
    },
    {
      "type": "Feature",
      "geometry": {
        "type": "Point",
        "coordinates": [
          143.8922407,
          -39.9453525
        ]
      },
      "properties": {
        "label": "Rejected node 1391141330",
        "type": "Capacity regex no match",
        "osm_element": "https://www.openstreetmap.org/node/1391141330",
        "rejection_reason": "Capacity regex no match",
        "rejection_details": "Tag 'generator:output:electricity' has value '250 kW' which could not be parsed",
        "rejection_keywords": "250 kW",
        "timestamp": "2026-04-24T03:27:04.781042",
        "element_type": "node",
        "element_id": 1391141330,
        "country": "Australia",
        "unit_type": "generator"
      }
    },
    {
      "type": "Feature",
      "geometry": {
        "type": "Point",
        "coordinates": [
          143.8910101,
          -39.9413418
        ]
      },
      "properties": {
        "label": "Rejected node 1391141309",
        "type": "Capacity regex no match",
        "osm_element": "https://www.openstreetmap.org/node/1391141309",
        "rejection_reason": "Capacity regex no match",
        "rejection_details": "Tag 'generator:output:electricity' has value '250 kW' which could not be parsed",
        "rejection_keywords": "250 kW",
        "timestamp": "2026-04-24T03:27:04.781097",
        "element_type": "node",
        "element_id": 1391141309,
        "country": "Australia",
        "unit_type": "generator"
      }
    },
    {
      "type": "Feature",
      "geometry": {
        "type": "Point",
        "coordinates": [
          140.3686665,
          -37.710978
        ]
      },
      "properties": {
        "label": "Rejected node 1784396281",
        "type": "Missing output tag",
        "osm_element": "https://www.openstreetmap.org/node/1784396281",
        "rejection_reason": "Missing output tag",
        "rejection_details": "tags: {'generator:method': 'wind_turbine', 'generator:source': 'wind', 'power': 'generator', 'source': 'Esri World Imagery'}",
        "rejection_keywords": "none",
        "timestamp": "2026-04-24T03:27:04.822707",
        "element_type": "node",
        "element_id": 1784396281,
        "country": "Australia",
        "unit_type": "generator"
      }
    },
    {
      "type": "Feature",
      "geometry": {
        "type": "Point",
        "coordinates": [
          140.3686203,
          -37.7128553
        ]
      },
      "properties": {
        "label": "Rejected node 1784396282",
        "type": "Missing output tag",
        "osm_element": "https://www.openstreetmap.org/node/1784396282",
        "rejection_reason": "Missing output tag",
        "rejection_details": "tags: {'generator:method': 'wind_turbine', 'generator:source': 'wind', 'power': 'generator', 'source': 'Esri World Imagery'}",
        "rejection_keywords": "none",
        "timestamp": "2026-04-24T03:27:04.822789",
        "element_type": "node",
        "element_id": 1784396282,
        "country": "Australia",
        "unit_type": "generator"
      }
    },
    {
      "type": "Feature",
      "geometry": {
        "type": "Point",
        "coordinates": [
          140.3700687,
          -37.7143668
        ]
      },
      "properties": {
        "label": "Rejected node 1784396283",
        "type": "Missing output tag",
        "osm_element": "https://www.openstreetmap.org/node/1784396283",
        "rejection_reason": "Missing output tag",
        "rejection_details": "tags: {'generator:method': 'wind_turbine', 'generator:source': 'wind', 'power': 'generator', 'source': 'Esri World Imagery'}",
        "rejection_keywords": "none",
        "timestamp": "2026-04-24T03:27:04.822865",
        "element_type": "node",
        "element_id": 1784396283,
        "country": "Australia",
        "unit_type": "generator"
      }
    },
    {
      "type": "Feature",
      "geometry": {
        "type": "Point",
        "coordinates": [
          140.3763092,
          -37.7145984
        ]
      },
      "properties": {
        "label": "Rejected node 1784396284",
        "type": "Missing output tag",
        "osm_element": "https://www.openstreetmap.org/node/1784396284",
        "rejection_reason": "Missing output tag",
        "rejection_details": "tags: {'generator:method': 'wind_turbine', 'generator:source': 'wind', 'power': 'generator', 'source': 'Esri World Imagery'}",
        "rejection_keywords": "none",
        "timestamp": "2026-04-24T03:27:04.822937",
        "element_type": "node",
        "element_id": 1784396284,
        "country": "Australia",
        "unit_type": "generator"
      }
    },
    {
      "type": "Feature",
      "geometry": {
        "type": "Point",
        "coordinates": [
          140.3725803,
          -37.7171093
        ]
      },
      "properties": {
        "label": "Rejected node 1784396285",
        "type": "Missing output tag",
        "osm_element": "https://www.openstreetmap.org/node/1784396285",
        "rejection_reason": "Missing output tag",
        "rejection_details": "tags: {'generator:method': 'wind_turbine', 'generator:source': 'wind', 'power': 'generator', 'source': 'Esri World Imagery'}",
        "rejection_keywords": "none",
        "timestamp": "2026-04-24T03:27:04.823027",
        "element_type": "node",
        "element_id": 1784396285,
        "country": "Australia",
        "unit_type": "generator"
      }
    },
    {
      "type": "Feature",
      "geometry": {
        "type": "Point",
        "coordinates": [
          140.3737514,
          -37.7188157
        ]
      },
      "properties": {
        "label": "Rejected node 1784396286",
        "type": "Missing output tag",
        "osm_element": "https://www.openstreetmap.org/node/1784396286",
        "rejection_reason": "Missing output tag",
        "rejection_details": "tags: {'generator:method': 'wind_turbine', 'generator:source': 'wind', 'power': 'generator', 'source': 'Esri World Imagery'}",
        "rejection_keywords": "none",
        "timestamp": "2026-04-24T03:27:04.823102",
        "element_type": "node",
        "element_id": 1784396286,
        "country": "Australia",
        "unit_type": "generator"
      }
    },
    {
      "type": "Feature",
      "geometry": {
        "type": "Point",
        "coordinates": [
          140.3753077,
          -37.7235082
        ]
      },
      "properties": {
        "label": "Rejected node 1784396288",
        "type": "Missing output tag",
        "osm_element": "https://www.openstreetmap.org/node/1784396288",
        "rejection_reason": "Missing output tag",
        "rejection_details": "tags: {'generator:method': 'wind_turbine', 'generator:source': 'wind', 'power': 'generator', 'source': 'Esri World Imagery'}",
        "rejection_keywords": "none",
        "timestamp": "2026-04-24T03:27:04.823175",
        "element_type": "node",
        "element_id": 1784396288,
        "country": "Australia",
        "unit_type": "generator"
      }
    },
    {
      "type": "Feature",
      "geometry": {
        "type": "Point",
        "coordinates": [
          140.3747222,
          -37.7217897
        ]
      },
      "properties": {
        "label": "Rejected node 1784396287",
        "type": "Missing output tag",
        "osm_element": "https://www.openstreetmap.org/node/1784396287",
        "rejection_reason": "Missing output tag",
        "rejection_details": "tags: {'generator:method': 'wind_turbine', 'generator:source': 'wind', 'power': 'generator', 'source': 'Esri World Imagery'}",
        "rejection_keywords": "none",
        "timestamp": "2026-04-24T03:27:04.823248",
        "element_type": "node",
        "element_id": 1784396287,
        "country": "Australia",
        "unit_type": "generator"
      }
    },
    {
      "type": "Feature",
      "geometry": {
        "type": "Point",
        "coordinates": [
          140.3778039,
          -37.7253364
        ]
      },
      "properties": {
        "label": "Rejected node 1784396289",
        "type": "Missing output tag",
        "osm_element": "https://www.openstreetmap.org/node/1784396289",
        "rejection_reason": "Missing output tag",
        "rejection_details": "tags: {'generator:method': 'wind_turbine', 'generator:source': 'wind', 'power': 'generator', 'source': 'Esri World Imagery'}",
        "rejection_keywords": "none",
        "timestamp": "2026-04-24T03:27:04.823321",
        "element_type": "node",
        "element_id": 1784396289,
        "country": "Australia",
        "unit_type": "generator"
      }
    },
    {
      "type": "Feature",
      "geometry": {
        "type": "Point",
        "coordinates": [
          140.3779272,
          -37.7287854
        ]
      },
      "properties": {
        "label": "Rejected node 1784396292",
        "type": "Missing output tag",
        "osm_element": "https://www.openstreetmap.org/node/1784396292",
        "rejection_reason": "Missing output tag",
        "rejection_details": "tags: {'generator:method': 'wind_turbine', 'generator:source': 'wind', 'power': 'generator', 'source': 'Esri World Imagery'}",
        "rejection_keywords": "none",
        "timestamp": "2026-04-24T03:27:04.823394",
        "element_type": "node",
        "element_id": 1784396292,
        "country": "Australia",
        "unit_type": "generator"
      }
    },
    {
      "type": "Feature",
      "geometry": {
        "type": "Point",
        "coordinates": [
          140.3793448,
          -37.7267989
        ]
      },
      "properties": {
        "label": "Rejected node 1784396291",
        "type": "Missing output tag",
        "osm_element": "https://www.openstreetmap.org/node/1784396291",
        "rejection_reason": "Missing output tag",
        "rejection_details": "tags: {'generator:method': 'wind_turbine', 'generator:source': 'wind', 'power': 'generator', 'source': 'Esri World Imagery'}",
        "rejection_keywords": "none",
        "timestamp": "2026-04-24T03:27:04.823466",
        "element_type": "node",
        "element_id": 1784396291,
        "country": "Australia",
        "unit_type": "generator"
      }
    },
    {
      "type": "Feature",
      "geometry": {
        "type": "Point",
        "coordinates": [
          140.3797707,
          -37.7323928
        ]
      },
      "properties": {
        "label": "Rejected node 1784396296",
        "type": "Missing output tag",
        "osm_element": "https://www.openstreetmap.org/node/1784396296",
        "rejection_reason": "Missing output tag",
        "rejection_details": "tags: {'generator:method': 'wind_turbine', 'generator:source': 'wind', 'power': 'generator', 'source': 'Esri World Imagery'}",
        "rejection_keywords": "none",
        "timestamp": "2026-04-24T03:27:04.823539",
        "element_type": "node",
        "element_id": 1784396296,
        "country": "Australia",
        "unit_type": "generator"
      }
    },
    {
      "type": "Feature",
      "geometry": {
        "type": "Point",
        "coordinates": [
          140.3810379,
          -37.7350105
        ]
      },
      "properties": {
        "label": "Rejected node 1784396297",
        "type": "Missing output tag",
        "osm_element": "https://www.openstreetmap.org/node/1784396297",
        "rejection_reason": "Missing output tag",
        "rejection_details": "tags: {'generator:method': 'wind_turbine', 'generator:source': 'wind', 'power': 'generator', 'source': 'Esri World Imagery'}",
        "rejection_keywords": "none",
        "timestamp": "2026-04-24T03:27:04.823611",
        "element_type": "node",
        "element_id": 1784396297,
        "country": "Australia",
        "unit_type": "generator"
      }
    },
    {
      "type": "Feature",
      "geometry": {
        "type": "Point",
        "coordinates": [
          140.3853928,
          -37.7319619
        ]
      },
      "properties": {
        "label": "Rejected node 1784396295",
        "type": "Missing output tag",
        "osm_element": "https://www.openstreetmap.org/node/1784396295",
        "rejection_reason": "Missing output tag",
        "rejection_details": "tags: {'generator:method': 'wind_turbine', 'generator:source': 'wind', 'power': 'generator', 'source': 'Esri World Imagery'}",
        "rejection_keywords": "none",
        "timestamp": "2026-04-24T03:27:04.823683",
        "element_type": "node",
        "element_id": 1784396295,
        "country": "Australia",
        "unit_type": "generator"
      }
    },
    {
      "type": "Feature",
      "geometry": {
        "type": "Point",
        "coordinates": [
          140.3877899,
          -37.7301437
        ]
      },
      "properties": {
        "label": "Rejected node 1784396293",
        "type": "Missing output tag",
        "osm_element": "https://www.openstreetmap.org/node/1784396293",
        "rejection_reason": "Missing output tag",
        "rejection_details": "tags: {'generator:method': 'wind_turbine', 'generator:source': 'wind', 'power': 'generator', 'source': 'Esri World Imagery'}",
        "rejection_keywords": "none",
        "timestamp": "2026-04-24T03:27:04.823756",
        "element_type": "node",
        "element_id": 1784396293,
        "country": "Australia",
        "unit_type": "generator"
      }
    },
    {
      "type": "Feature",
      "geometry": {
        "type": "Point",
        "coordinates": [
          140.3900118,
          -37.7316565
        ]
      },
      "properties": {
        "label": "Rejected node 1784396294",
        "type": "Missing output tag",
        "osm_element": "https://www.openstreetmap.org/node/1784396294",
        "rejection_reason": "Missing output tag",
        "rejection_details": "tags: {'generator:method': 'wind_turbine', 'generator:source': 'wind', 'power': 'generator', 'source': 'Esri World Imagery'}",
        "rejection_keywords": "none",
        "timestamp": "2026-04-24T03:27:04.823829",
        "element_type": "node",
        "element_id": 1784396294,
        "country": "Australia",
        "unit_type": "generator"
      }
    },
    {
      "type": "Feature",
      "geometry": {
        "type": "Point",
        "coordinates": [
          140.4016164,
          -37.7256539
        ]
      },
      "properties": {
        "label": "Rejected node 1784396290",
        "type": "Missing output tag",
        "osm_element": "https://www.openstreetmap.org/node/1784396290",
        "rejection_reason": "Missing output tag",
        "rejection_details": "tags: {'generator:method': 'wind_turbine', 'generator:source': 'wind', 'power': 'generator', 'source': 'Esri World Imagery'}",
        "rejection_keywords": "none",
        "timestamp": "2026-04-24T03:27:04.823901",
        "element_type": "node",
        "element_id": 1784396290,
        "country": "Australia",
        "unit_type": "generator"
      }
    },
    {
      "type": "Feature",
      "geometry": {
        "type": "Point",
        "coordinates": [
          140.4028217,
          -37.7296616
        ]
      },
      "properties": {
        "label": "Rejected node 1880190337",
        "type": "Missing output tag",
        "osm_element": "https://www.openstreetmap.org/node/1880190337",
        "rejection_reason": "Missing output tag",
        "rejection_details": "tags: {'generator:method': 'wind_turbine', 'generator:source': 'wind', 'power': 'generator', 'source': 'Esri World Imagery'}",
        "rejection_keywords": "none",
        "timestamp": "2026-04-24T03:27:04.823987",
        "element_type": "node",
        "element_id": 1880190337,
        "country": "Australia",
        "unit_type": "generator"
      }
    },
    {
      "type": "Feature",
      "geometry": {
        "type": "Point",
        "coordinates": [
          140.4043238,
          -37.7328896
        ]
      },
      "properties": {
        "label": "Rejected node 1880190338",
        "type": "Missing output tag",
        "osm_element": "https://www.openstreetmap.org/node/1880190338",
        "rejection_reason": "Missing output tag",
        "rejection_details": "tags: {'generator:method': 'wind_turbine', 'generator:source': 'wind', 'power': 'generator', 'source': 'Esri World Imagery'}",
        "rejection_keywords": "none",
        "timestamp": "2026-04-24T03:27:04.824061",
        "element_type": "node",
        "element_id": 1880190338,
        "country": "Australia",
        "unit_type": "generator"
      }
    },
    {
      "type": "Feature",
      "geometry": {
        "type": "Point",
        "coordinates": [
          140.3654615,
          -37.7104783
        ]
      },
      "properties": {
        "label": "Rejected node 1784396280",
        "type": "Missing output tag",
        "osm_element": "https://www.openstreetmap.org/node/1784396280",
        "rejection_reason": "Missing output tag",
        "rejection_details": "tags: {'generator:method': 'wind_turbine', 'generator:source': 'wind', 'power': 'generator', 'source': 'Esri World Imagery'}",
        "rejection_keywords": "none",
        "timestamp": "2026-04-24T03:27:04.824133",
        "element_type": "node",
        "element_id": 1784396280,
        "country": "Australia",
        "unit_type": "generator"
      }
    },
    {
      "type": "Feature",
      "geometry": {
        "type": "Point",
        "coordinates": [
          140.3823806,
          -37.7371511
        ]
      },
      "properties": {
        "label": "Rejected node 1784396301",
        "type": "Missing output tag",
        "osm_element": "https://www.openstreetmap.org/node/1784396301",
        "rejection_reason": "Missing output tag",
        "rejection_details": "tags: {'generator:method': 'wind_turbine', 'generator:source': 'wind', 'power': 'generator', 'source': 'Esri World Imagery'}",
        "rejection_keywords": "none",
        "timestamp": "2026-04-24T03:27:04.824206",
        "element_type": "node",
        "element_id": 1784396301,
        "country": "Australia",
        "unit_type": "generator"
      }
    },
    {
      "type": "Feature",
      "geometry": {
        "type": "Point",
        "coordinates": [
          140.3874744,
          -37.7366286
        ]
      },
      "properties": {
        "label": "Rejected node 1784396299",
        "type": "Missing output tag",
        "osm_element": "https://www.openstreetmap.org/node/1784396299",
        "rejection_reason": "Missing output tag",
        "rejection_details": "tags: {'generator:method': 'wind_turbine', 'generator:source': 'wind', 'power': 'generator', 'source': 'Esri World Imagery'}",
        "rejection_keywords": "none",
        "timestamp": "2026-04-24T03:27:04.824279",
        "element_type": "node",
        "element_id": 1784396299,
        "country": "Australia",
        "unit_type": "generator"
      }
    },
    {
      "type": "Feature",
      "geometry": {
        "type": "Point",
        "coordinates": [
          140.3853218,
          -37.7387859
        ]
      },
      "properties": {
        "label": "Rejected node 1784396302",
        "type": "Missing output tag",
        "osm_element": "https://www.openstreetmap.org/node/1784396302",
        "rejection_reason": "Missing output tag",
        "rejection_details": "tags: {'generator:method': 'wind_turbine', 'generator:source': 'wind', 'power': 'generator', 'source': 'Esri World Imagery'}",
        "rejection_keywords": "none",
        "timestamp": "2026-04-24T03:27:04.824350",
        "element_type": "node",
        "element_id": 1784396302,
        "country": "Australia",
        "unit_type": "generator"
      }
    },
    {
      "type": "Feature",
      "geometry": {
        "type": "Point",
        "coordinates": [
          140.3932288,
          -37.7365611
        ]
      },
      "properties": {
        "label": "Rejected node 1784396298",
        "type": "Missing output tag",
        "osm_element": "https://www.openstreetmap.org/node/1784396298",
        "rejection_reason": "Missing output tag",
        "rejection_details": "tags: {'generator:method': 'wind_turbine', 'generator:source': 'wind', 'power': 'generator', 'source': 'Esri World Imagery'}",
        "rejection_keywords": "none",
        "timestamp": "2026-04-24T03:27:04.824423",
        "element_type": "node",
        "element_id": 1784396298,
        "country": "Australia",
        "unit_type": "generator"
      }
    },
    {
      "type": "Feature",
      "geometry": {
        "type": "Point",
        "coordinates": [
          140.3980455,
          -37.7369825
        ]
      },
      "properties": {
        "label": "Rejected node 1784396300",
        "type": "Missing output tag",
        "osm_element": "https://www.openstreetmap.org/node/1784396300",
        "rejection_reason": "Missing output tag",
        "rejection_details": "tags: {'generator:method': 'wind_turbine', 'generator:source': 'wind', 'power': 'generator', 'source': 'Esri World Imagery'}",
        "rejection_keywords": "none",
        "timestamp": "2026-04-24T03:27:04.824494",
        "element_type": "node",
        "element_id": 1784396300,
        "country": "Australia",
        "unit_type": "generator"
      }
    },
    {
      "type": "Feature",
      "geometry": {
        "type": "Point",
        "coordinates": [
          140.4016474,
          -37.7382972
        ]
      },
      "properties": {
        "label": "Rejected node 1784396335",
        "type": "Missing output tag",
        "osm_element": "https://www.openstreetmap.org/node/1784396335",
        "rejection_reason": "Missing output tag",
        "rejection_details": "tags: {'generator:method': 'wind_turbine', 'generator:source': 'wind', 'power': 'generator', 'source': 'Esri World Imagery'}",
        "rejection_keywords": "none",
        "timestamp": "2026-04-24T03:27:04.824566",
        "element_type": "node",
        "element_id": 1784396335,
        "country": "Australia",
        "unit_type": "generator"
      }
    },
    {
      "type": "Feature",
      "geometry": {
        "type": "Point",
        "coordinates": [
          140.3865153,
          -37.7415332
        ]
      },
      "properties": {
        "label": "Rejected node 1784396304",
        "type": "Missing output tag",
        "osm_element": "https://www.openstreetmap.org/node/1784396304",
        "rejection_reason": "Missing output tag",
        "rejection_details": "tags: {'generator:method': 'wind_turbine', 'generator:source': 'wind', 'power': 'generator', 'source': 'Esri World Imagery'}",
        "rejection_keywords": "none",
        "timestamp": "2026-04-24T03:27:04.824638",
        "element_type": "node",
        "element_id": 1784396304,
        "country": "Australia",
        "unit_type": "generator"
      }
    },
    {
      "type": "Feature",
      "geometry": {
        "type": "Point",
        "coordinates": [
          140.3879646,
          -37.7444656
        ]
      },
      "properties": {
        "label": "Rejected node 1784396306",
        "type": "Missing output tag",
        "osm_element": "https://www.openstreetmap.org/node/1784396306",
        "rejection_reason": "Missing output tag",
        "rejection_details": "tags: {'generator:method': 'wind_turbine', 'generator:source': 'wind', 'power': 'generator', 'source': 'Esri World Imagery'}",
        "rejection_keywords": "none",
        "timestamp": "2026-04-24T03:27:04.824711",
        "element_type": "node",
        "element_id": 1784396306,
        "country": "Australia",
        "unit_type": "generator"
      }
    },
    {
      "type": "Feature",
      "geometry": {
        "type": "Point",
        "coordinates": [
          140.3887744,
          -37.7465385
        ]
      },
      "properties": {
        "label": "Rejected node 1784396308",
        "type": "Missing output tag",
        "osm_element": "https://www.openstreetmap.org/node/1784396308",
        "rejection_reason": "Missing output tag",
        "rejection_details": "tags: {'generator:method': 'wind_turbine', 'generator:source': 'wind', 'power': 'generator', 'source': 'Esri World Imagery'}",
        "rejection_keywords": "none",
        "timestamp": "2026-04-24T03:27:04.824785",
        "element_type": "node",
        "element_id": 1784396308,
        "country": "Australia",
        "unit_type": "generator"
      }
    },
    {
      "type": "Feature",
      "geometry": {
        "type": "Point",
        "coordinates": [
          140.3901598,
          -37.7484092
        ]
      },
      "properties": {
        "label": "Rejected node 1784396309",
        "type": "Missing output tag",
        "osm_element": "https://www.openstreetmap.org/node/1784396309",
        "rejection_reason": "Missing output tag",
        "rejection_details": "tags: {'generator:method': 'wind_turbine', 'generator:source': 'wind', 'power': 'generator', 'source': 'Esri World Imagery'}",
        "rejection_keywords": "none",
        "timestamp": "2026-04-24T03:27:04.824858",
        "element_type": "node",
        "element_id": 1784396309,
        "country": "Australia",
        "unit_type": "generator"
      }
    },
    {
      "type": "Feature",
      "geometry": {
        "type": "Point",
        "coordinates": [
          140.3928239,
          -37.7508021
        ]
      },
      "properties": {
        "label": "Rejected node 1784396311",
        "type": "Missing output tag",
        "osm_element": "https://www.openstreetmap.org/node/1784396311",
        "rejection_reason": "Missing output tag",
        "rejection_details": "tags: {'generator:method': 'wind_turbine', 'generator:source': 'wind', 'power': 'generator', 'source': 'Esri World Imagery'}",
        "rejection_keywords": "none",
        "timestamp": "2026-04-24T03:27:04.824930",
        "element_type": "node",
        "element_id": 1784396311,
        "country": "Australia",
        "unit_type": "generator"
      }
    },
    {
      "type": "Feature",
      "geometry": {
        "type": "Point",
        "coordinates": [
          140.3931009,
          -37.7455948
        ]
      },
      "properties": {
        "label": "Rejected node 1784396307",
        "type": "Missing output tag",
        "osm_element": "https://www.openstreetmap.org/node/1784396307",
        "rejection_reason": "Missing output tag",
        "rejection_details": "tags: {'generator:method': 'wind_turbine', 'generator:source': 'wind', 'power': 'generator', 'source': 'Esri World Imagery'}",
        "rejection_keywords": "none",
        "timestamp": "2026-04-24T03:27:04.825014",
        "element_type": "node",
        "element_id": 1784396307,
        "country": "Australia",
        "unit_type": "generator"
      }
    },
    {
      "type": "Feature",
      "geometry": {
        "type": "Point",
        "coordinates": [
          140.4056162,
          -37.7400785
        ]
      },
      "properties": {
        "label": "Rejected node 1880190341",
        "type": "Missing output tag",
        "osm_element": "https://www.openstreetmap.org/node/1880190341",
        "rejection_reason": "Missing output tag",
        "rejection_details": "tags: {'generator:method': 'wind_turbine', 'generator:source': 'wind', 'power': 'generator', 'source': 'Esri World Imagery'}",
        "rejection_keywords": "none",
        "timestamp": "2026-04-24T03:27:04.825088",
        "element_type": "node",
        "element_id": 1880190341,
        "country": "Australia",
        "unit_type": "generator"
      }
    },
    {
      "type": "Feature",
      "geometry": {
        "type": "Point",
        "coordinates": [
          140.3943797,
          -37.7411961
        ]
      },
      "properties": {
        "label": "Rejected node 1784396303",
        "type": "Missing output tag",
        "osm_element": "https://www.openstreetmap.org/node/1784396303",
        "rejection_reason": "Missing output tag",
        "rejection_details": "tags: {'generator:method': 'wind_turbine', 'generator:source': 'wind', 'power': 'generator', 'source': 'Esri World Imagery'}",
        "rejection_keywords": "none",
        "timestamp": "2026-04-24T03:27:04.825161",
        "element_type": "node",
        "element_id": 1784396303,
        "country": "Australia",
        "unit_type": "generator"
      }
    },
    {
      "type": "Feature",
      "geometry": {
        "type": "Point",
        "coordinates": [
          140.3965749,
          -37.7439938
        ]
      },
      "properties": {
        "label": "Rejected node 1784396305",
        "type": "Missing output tag",
        "osm_element": "https://www.openstreetmap.org/node/1784396305",
        "rejection_reason": "Missing output tag",
        "rejection_details": "tags: {'generator:method': 'wind_turbine', 'generator:source': 'wind', 'power': 'generator', 'source': 'Esri World Imagery'}",
        "rejection_keywords": "none",
        "timestamp": "2026-04-24T03:27:04.825234",
        "element_type": "node",
        "element_id": 1784396305,
        "country": "Australia",
        "unit_type": "generator"
      }
    },
    {
      "type": "Feature",
      "geometry": {
        "type": "Point",
        "coordinates": [
          140.4023087,
          -37.7444277
        ]
      },
      "properties": {
        "label": "Rejected node 1880190343",
        "type": "Missing output tag",
        "osm_element": "https://www.openstreetmap.org/node/1880190343",
        "rejection_reason": "Missing output tag",
        "rejection_details": "tags: {'generator:method': 'wind_turbine', 'generator:source': 'wind', 'power': 'generator', 'source': 'Esri World Imagery'}",
        "rejection_keywords": "none",
        "timestamp": "2026-04-24T03:27:04.825307",
        "element_type": "node",
        "element_id": 1880190343,
        "country": "Australia",
        "unit_type": "generator"
      }
    },
    {
      "type": "Feature",
      "geometry": {
        "type": "Point",
        "coordinates": [
          140.4057704,
          -37.744407
        ]
      },
      "properties": {
        "label": "Rejected node 1880216539",
        "type": "Missing output tag",
        "osm_element": "https://www.openstreetmap.org/node/1880216539",
        "rejection_reason": "Missing output tag",
        "rejection_details": "tags: {'generator:method': 'wind_turbine', 'generator:source': 'wind', 'power': 'generator', 'source': 'Esri World Imagery'}",
        "rejection_keywords": "none",
        "timestamp": "2026-04-24T03:27:04.825380",
        "element_type": "node",
        "element_id": 1880216539,
        "country": "Australia",
        "unit_type": "generator"
      }
    },
    {
      "type": "Feature",
      "geometry": {
        "type": "Point",
        "coordinates": [
          140.4102794,
          -37.7466766
        ]
      },
      "properties": {
        "label": "Rejected node 1880190344",
        "type": "Missing output tag",
        "osm_element": "https://www.openstreetmap.org/node/1880190344",
        "rejection_reason": "Missing output tag",
        "rejection_details": "tags: {'generator:method': 'wind_turbine', 'generator:source': 'wind', 'power': 'generator', 'source': 'Esri World Imagery'}",
        "rejection_keywords": "none",
        "timestamp": "2026-04-24T03:27:04.825452",
        "element_type": "node",
        "element_id": 1880190344,
        "country": "Australia",
        "unit_type": "generator"
      }
    },
    {
      "type": "Feature",
      "geometry": {
        "type": "Point",
        "coordinates": [
          140.3981094,
          -37.7512908
        ]
      },
      "properties": {
        "label": "Rejected node 1784396312",
        "type": "Missing output tag",
        "osm_element": "https://www.openstreetmap.org/node/1784396312",
        "rejection_reason": "Missing output tag",
        "rejection_details": "tags: {'generator:method': 'wind_turbine', 'generator:source': 'wind', 'power': 'generator', 'source': 'Esri World Imagery'}",
        "rejection_keywords": "none",
        "timestamp": "2026-04-24T03:27:04.825525",
        "element_type": "node",
        "element_id": 1784396312,
        "country": "Australia",
        "unit_type": "generator"
      }
    },
    {
      "type": "Feature",
      "geometry": {
        "type": "Point",
        "coordinates": [
          140.4023933,
          -37.7498753
        ]
      },
      "properties": {
        "label": "Rejected node 1784396310",
        "type": "Missing output tag",
        "osm_element": "https://www.openstreetmap.org/node/1784396310",
        "rejection_reason": "Missing output tag",
        "rejection_details": "tags: {'generator:method': 'wind_turbine', 'generator:source': 'wind', 'power': 'generator', 'source': 'Esri World Imagery'}",
        "rejection_keywords": "none",
        "timestamp": "2026-04-24T03:27:04.825598",
        "element_type": "node",
        "element_id": 1784396310,
        "country": "Australia",
        "unit_type": "generator"
      }
    },
    {
      "type": "Feature",
      "geometry": {
        "type": "Point",
        "coordinates": [
          140.4121033,
          -37.7507147
        ]
      },
      "properties": {
        "label": "Rejected node 1880190353",
        "type": "Missing output tag",
        "osm_element": "https://www.openstreetmap.org/node/1880190353",
        "rejection_reason": "Missing output tag",
        "rejection_details": "tags: {'generator:method': 'wind_turbine', 'generator:source': 'wind', 'power': 'generator', 'source': 'Esri World Imagery'}",
        "rejection_keywords": "none",
        "timestamp": "2026-04-24T03:27:04.825670",
        "element_type": "node",
        "element_id": 1880190353,
        "country": "Australia",
        "unit_type": "generator"
      }
    },
    {
      "type": "Feature",
      "geometry": {
        "type": "Point",
        "coordinates": [
          140.4144207,
          -37.7524792
        ]
      },
      "properties": {
        "label": "Rejected node 1880190354",
        "type": "Missing output tag",
        "osm_element": "https://www.openstreetmap.org/node/1880190354",
        "rejection_reason": "Missing output tag",
        "rejection_details": "tags: {'generator:method': 'wind_turbine', 'generator:source': 'wind', 'power': 'generator', 'source': 'Esri World Imagery'}",
        "rejection_keywords": "none",
        "timestamp": "2026-04-24T03:27:04.825743",
        "element_type": "node",
        "element_id": 1880190354,
        "country": "Australia",
        "unit_type": "generator"
      }
    },
    {
      "type": "Feature",
      "geometry": {
        "type": "Point",
        "coordinates": [
          140.3906926,
          -37.7573403
        ]
      },
      "properties": {
        "label": "Rejected node 1784396316",
        "type": "Missing output tag",
        "osm_element": "https://www.openstreetmap.org/node/1784396316",
        "rejection_reason": "Missing output tag",
        "rejection_details": "tags: {'generator:method': 'wind_turbine', 'generator:source': 'wind', 'power': 'generator', 'source': 'Esri World Imagery'}",
        "rejection_keywords": "none",
        "timestamp": "2026-04-24T03:27:04.825816",
        "element_type": "node",
        "element_id": 1784396316,
        "country": "Australia",
        "unit_type": "generator"
      }
    },
    {
      "type": "Feature",
      "geometry": {
        "type": "Point",
        "coordinates": [
          140.3912467,
          -37.7604406
        ]
      },
      "properties": {
        "label": "Rejected node 1784396318",
        "type": "Missing output tag",
        "osm_element": "https://www.openstreetmap.org/node/1784396318",
        "rejection_reason": "Missing output tag",
        "rejection_details": "tags: {'generator:method': 'wind_turbine', 'generator:source': 'wind', 'power': 'generator', 'source': 'Esri World Imagery'}",
        "rejection_keywords": "none",
        "timestamp": "2026-04-24T03:27:04.825889",
        "element_type": "node",
        "element_id": 1784396318,
        "country": "Australia",
        "unit_type": "generator"
      }
    },
    {
      "type": "Feature",
      "geometry": {
        "type": "Point",
        "coordinates": [
          140.3934633,
          -37.7648382
        ]
      },
      "properties": {
        "label": "Rejected node 1784396321",
        "type": "Missing output tag",
        "osm_element": "https://www.openstreetmap.org/node/1784396321",
        "rejection_reason": "Missing output tag",
        "rejection_details": "tags: {'generator:method': 'wind_turbine', 'generator:source': 'wind', 'power': 'generator', 'source': 'Esri World Imagery'}",
        "rejection_keywords": "none",
        "timestamp": "2026-04-24T03:27:04.825972",
        "element_type": "node",
        "element_id": 1784396321,
        "country": "Australia",
        "unit_type": "generator"
      }
    },
    {
      "type": "Feature",
      "geometry": {
        "type": "Point",
        "coordinates": [
          140.3958716,
          -37.7567337
        ]
      },
      "properties": {
        "label": "Rejected node 1784396315",
        "type": "Missing output tag",
        "osm_element": "https://www.openstreetmap.org/node/1784396315",
        "rejection_reason": "Missing output tag",
        "rejection_details": "tags: {'generator:method': 'wind_turbine', 'generator:source': 'wind', 'power': 'generator', 'source': 'Esri World Imagery'}",
        "rejection_keywords": "none",
        "timestamp": "2026-04-24T03:27:04.826047",
        "element_type": "node",
        "element_id": 1784396315,
        "country": "Australia",
        "unit_type": "generator"
      }
    },
    {
      "type": "Feature",
      "geometry": {
        "type": "Point",
        "coordinates": [
          140.3965962,
          -37.7606765
        ]
      },
      "properties": {
        "label": "Rejected node 1784396319",
        "type": "Missing output tag",
        "osm_element": "https://www.openstreetmap.org/node/1784396319",
        "rejection_reason": "Missing output tag",
        "rejection_details": "tags: {'generator:method': 'wind_turbine', 'generator:source': 'wind', 'power': 'generator', 'source': 'Esri World Imagery'}",
        "rejection_keywords": "none",
        "timestamp": "2026-04-24T03:27:04.826120",
        "element_type": "node",
        "element_id": 1784396319,
        "country": "Australia",
        "unit_type": "generator"
      }
    },
    {
      "type": "Feature",
      "geometry": {
        "type": "Point",
        "coordinates": [
          140.3983652,
          -37.7625131
        ]
      },
      "properties": {
        "label": "Rejected node 1784396320",
        "type": "Missing output tag",
        "osm_element": "https://www.openstreetmap.org/node/1784396320",
        "rejection_reason": "Missing output tag",
        "rejection_details": "tags: {'generator:method': 'wind_turbine', 'generator:source': 'wind', 'power': 'generator', 'source': 'Esri World Imagery'}",
        "rejection_keywords": "none",
        "timestamp": "2026-04-24T03:27:04.826194",
        "element_type": "node",
        "element_id": 1784396320,
        "country": "Australia",
        "unit_type": "generator"
      }
    },
    {
      "type": "Feature",
      "geometry": {
        "type": "Point",
        "coordinates": [
          140.4021802,
          -37.7565652
        ]
      },
      "properties": {
        "label": "Rejected node 1784396314",
        "type": "Missing output tag",
        "osm_element": "https://www.openstreetmap.org/node/1784396314",
        "rejection_reason": "Missing output tag",
        "rejection_details": "tags: {'generator:method': 'wind_turbine', 'generator:source': 'wind', 'power': 'generator', 'source': 'Esri World Imagery'}",
        "rejection_keywords": "none",
        "timestamp": "2026-04-24T03:27:04.826267",
        "element_type": "node",
        "element_id": 1784396314,
        "country": "Australia",
        "unit_type": "generator"
      }
    },
    {
      "type": "Feature",
      "geometry": {
        "type": "Point",
        "coordinates": [
          140.4078976,
          -37.7565508
        ]
      },
      "properties": {
        "label": "Rejected node 1880190356",
        "type": "Missing output tag",
        "osm_element": "https://www.openstreetmap.org/node/1880190356",
        "rejection_reason": "Missing output tag",
        "rejection_details": "tags: {'generator:method': 'wind_turbine', 'generator:source': 'wind', 'power': 'generator', 'source': 'Esri World Imagery'}",
        "rejection_keywords": "none",
        "timestamp": "2026-04-24T03:27:04.826340",
        "element_type": "node",
        "element_id": 1880190356,
        "country": "Australia",
        "unit_type": "generator"
      }
    },
    {
      "type": "Feature",
      "geometry": {
        "type": "Point",
        "coordinates": [
          140.4155794,
          -37.7590955
        ]
      },
      "properties": {
        "label": "Rejected node 1880190357",
        "type": "Missing output tag",
        "osm_element": "https://www.openstreetmap.org/node/1880190357",
        "rejection_reason": "Missing output tag",
        "rejection_details": "tags: {'generator:method': 'wind_turbine', 'generator:source': 'wind', 'power': 'generator', 'source': 'Esri World Imagery'}",
        "rejection_keywords": "none",
        "timestamp": "2026-04-24T03:27:04.826412",
        "element_type": "node",
        "element_id": 1880190357,
        "country": "Australia",
        "unit_type": "generator"
      }
    },
    {
      "type": "Feature",
      "geometry": {
        "type": "Point",
        "coordinates": [
          140.4005604,
          -37.7593286
        ]
      },
      "properties": {
        "label": "Rejected node 1784396317",
        "type": "Missing output tag",
        "osm_element": "https://www.openstreetmap.org/node/1784396317",
        "rejection_reason": "Missing output tag",
        "rejection_details": "tags: {'generator:method': 'wind_turbine', 'generator:source': 'wind', 'power': 'generator', 'source': 'Esri World Imagery'}",
        "rejection_keywords": "none",
        "timestamp": "2026-04-24T03:27:04.826492",
        "element_type": "node",
        "element_id": 1784396317,
        "country": "Australia",
        "unit_type": "generator"
      }
    },
    {
      "type": "Feature",
      "geometry": {
        "type": "Point",
        "coordinates": [
          140.4026619,
          -37.7634891
        ]
      },
      "properties": {
        "label": "Rejected node 1880190371",
        "type": "Missing output tag",
        "osm_element": "https://www.openstreetmap.org/node/1880190371",
        "rejection_reason": "Missing output tag",
        "rejection_details": "tags: {'generator:method': 'wind_turbine', 'generator:source': 'wind', 'power': 'generator', 'source': 'Esri World Imagery'}",
        "rejection_keywords": "none",
        "timestamp": "2026-04-24T03:27:04.826564",
        "element_type": "node",
        "element_id": 1880190371,
        "country": "Australia",
        "unit_type": "generator"
      }
    },
    {
      "type": "Feature",
      "geometry": {
        "type": "Point",
        "coordinates": [
          140.4108802,
          -37.7625392
        ]
      },
      "properties": {
        "label": "Rejected node 1880190358",
        "type": "Missing output tag",
        "osm_element": "https://www.openstreetmap.org/node/1880190358",
        "rejection_reason": "Missing output tag",
        "rejection_details": "tags: {'generator:method': 'wind_turbine', 'generator:source': 'wind', 'power': 'generator', 'source': 'Esri World Imagery'}",
        "rejection_keywords": "none",
        "timestamp": "2026-04-24T03:27:04.826637",
        "element_type": "node",
        "element_id": 1880190358,
        "country": "Australia",
        "unit_type": "generator"
      }
    },
    {
      "type": "Feature",
      "geometry": {
        "type": "Point",
        "coordinates": [
          140.3982586,
          -37.7671801
        ]
      },
      "properties": {
        "label": "Rejected node 1784396322",
        "type": "Missing output tag",
        "osm_element": "https://www.openstreetmap.org/node/1784396322",
        "rejection_reason": "Missing output tag",
        "rejection_details": "tags: {'generator:method': 'wind_turbine', 'generator:source': 'wind', 'generator:type': 'horizontal_axis', 'power': 'generator', 'source': 'Esri World Imagery'}",
        "rejection_keywords": "none",
        "timestamp": "2026-04-24T03:27:04.826716",
        "element_type": "node",
        "element_id": 1784396322,
        "country": "Australia",
        "unit_type": "generator"
      }
    },
    {
      "type": "Feature",
      "geometry": {
        "type": "Point",
        "coordinates": [
          140.4041425,
          -37.766288
        ]
      },
      "properties": {
        "label": "Rejected node 1880190373",
        "type": "Missing output tag",
        "osm_element": "https://www.openstreetmap.org/node/1880190373",
        "rejection_reason": "Missing output tag",
        "rejection_details": "tags: {'generator:method': 'wind_turbine', 'generator:source': 'wind', 'power': 'generator', 'source': 'Esri World Imagery'}",
        "rejection_keywords": "none",
        "timestamp": "2026-04-24T03:27:04.826789",
        "element_type": "node",
        "element_id": 1880190373,
        "country": "Australia",
        "unit_type": "generator"
      }
    },
    {
      "type": "Feature",
      "geometry": {
        "type": "Point",
        "coordinates": [
          140.4070549,
          -37.7351095
        ]
      },
      "properties": {
        "label": "Rejected node 1880190339",
        "type": "Missing output tag",
        "osm_element": "https://www.openstreetmap.org/node/1880190339",
        "rejection_reason": "Missing output tag",
        "rejection_details": "tags: {'generator:method': 'wind_turbine', 'generator:source': 'wind', 'power': 'generator', 'source': 'Esri World Imagery'}",
        "rejection_keywords": "none",
        "timestamp": "2026-04-24T03:27:04.827313",
        "element_type": "node",
        "element_id": 1880190339,
        "country": "Australia",
        "unit_type": "generator"
      }
    },
    {
      "type": "Feature",
      "geometry": {
        "type": "Point",
        "coordinates": [
          140.4184119,
          -37.7626579
        ]
      },
      "properties": {
        "label": "Rejected node 1880190359",
        "type": "Missing output tag",
        "osm_element": "https://www.openstreetmap.org/node/1880190359",
        "rejection_reason": "Missing output tag",
        "rejection_details": "tags: {'generator:method': 'wind_turbine', 'generator:source': 'wind', 'power': 'generator', 'source': 'Esri World Imagery'}",
        "rejection_keywords": "none",
        "timestamp": "2026-04-24T03:27:04.827391",
        "element_type": "node",
        "element_id": 1880190359,
        "country": "Australia",
        "unit_type": "generator"
      }
    },
    {
      "type": "Feature",
      "geometry": {
        "type": "Point",
        "coordinates": [
          140.419776,
          -37.7657904
        ]
      },
      "properties": {
        "label": "Rejected node 1880216540",
        "type": "Missing output tag",
        "osm_element": "https://www.openstreetmap.org/node/1880216540",
        "rejection_reason": "Missing output tag",
        "rejection_details": "tags: {'generator:method': 'wind_turbine', 'generator:source': 'wind', 'power': 'generator', 'source': 'Esri World Imagery'}",
        "rejection_keywords": "none",
        "timestamp": "2026-04-24T03:27:04.827467",
        "element_type": "node",
        "element_id": 1880216540,
        "country": "Australia",
        "unit_type": "generator"
      }
    },
    {
      "type": "Feature",
      "geometry": {
        "type": "Point",
        "coordinates": [
          140.3953814,
          -37.7691681
        ]
      },
      "properties": {
        "label": "Rejected node 1784396323",
        "type": "Missing output tag",
        "osm_element": "https://www.openstreetmap.org/node/1784396323",
        "rejection_reason": "Missing output tag",
        "rejection_details": "tags: {'generator:method': 'wind_turbine', 'generator:source': 'wind', 'power': 'generator', 'source': 'Esri World Imagery'}",
        "rejection_keywords": "none",
        "timestamp": "2026-04-24T03:27:04.827552",
        "element_type": "node",
        "element_id": 1784396323,
        "country": "Australia",
        "unit_type": "generator"
      }
    },
    {
      "type": "Feature",
      "geometry": {
        "type": "Point",
        "coordinates": [
          140.3929944,
          -37.7537174
        ]
      },
      "properties": {
        "label": "Rejected node 1784396313",
        "type": "Missing output tag",
        "osm_element": "https://www.openstreetmap.org/node/1784396313",
        "rejection_reason": "Missing output tag",
        "rejection_details": "tags: {'generator:method': 'wind_turbine', 'generator:source': 'wind', 'power': 'generator', 'source': 'Esri World Imagery'}",
        "rejection_keywords": "none",
        "timestamp": "2026-04-24T03:27:04.827628",
        "element_type": "node",
        "element_id": 1784396313,
        "country": "Australia",
        "unit_type": "generator"
      }
    },
    {
      "type": "Feature",
      "geometry": {
        "type": "Point",
        "coordinates": [
          145.5280759,
          -17.5999346
        ]
      },
      "properties": {
        "label": "Rejected node 4167599548",
        "type": "Capacity regex no match",
        "osm_element": "https://www.openstreetmap.org/node/4167599548",
        "rejection_reason": "Capacity regex no match",
        "rejection_details": "Tag 'generator:output:electricity' has value '600 kW' which could not be parsed",
        "rejection_keywords": "600 kW",
        "timestamp": "2026-04-24T03:27:04.963388",
        "element_type": "node",
        "element_id": 4167599548,
        "country": "Australia",
        "unit_type": "generator"
      }
    },
    {
      "type": "Feature",
      "geometry": {
        "type": "Point",
        "coordinates": [
          145.5288615,
          -17.5987771
        ]
      },
      "properties": {
        "label": "Rejected node 4166621522",
        "type": "Capacity regex no match",
        "osm_element": "https://www.openstreetmap.org/node/4166621522",
        "rejection_reason": "Capacity regex no match",
        "rejection_details": "Tag 'generator:output:electricity' has value '600 kW' which could not be parsed",
        "rejection_keywords": "600 kW",
        "timestamp": "2026-04-24T03:27:04.963417",
        "element_type": "node",
        "element_id": 4166621522,
        "country": "Australia",
        "unit_type": "generator"
      }
    },
    {
      "type": "Feature",
      "geometry": {
        "type": "Point",
        "coordinates": [
          145.5283958,
          -17.5975543
        ]
      },
      "properties": {
        "label": "Rejected node 4166621520",
        "type": "Capacity regex no match",
        "osm_element": "https://www.openstreetmap.org/node/4166621520",
        "rejection_reason": "Capacity regex no match",
        "rejection_details": "Tag 'generator:output:electricity' has value '600 kW' which could not be parsed",
        "rejection_keywords": "600 kW",
        "timestamp": "2026-04-24T03:27:04.963442",
        "element_type": "node",
        "element_id": 4166621520,
        "country": "Australia",
        "unit_type": "generator"
      }
    },
    {
      "type": "Feature",
      "geometry": {
        "type": "Point",
        "coordinates": [
          145.5313936,
          -17.5976123
        ]
      },
      "properties": {
        "label": "Rejected node 4166621521",
        "type": "Capacity regex no match",
        "osm_element": "https://www.openstreetmap.org/node/4166621521",
        "rejection_reason": "Capacity regex no match",
        "rejection_details": "Tag 'generator:output:electricity' has value '600 kW' which could not be parsed",
        "rejection_keywords": "600 kW",
        "timestamp": "2026-04-24T03:27:04.963463",
        "element_type": "node",
        "element_id": 4166621521,
        "country": "Australia",
        "unit_type": "generator"
      }
    },
    {
      "type": "Feature",
      "geometry": {
        "type": "Point",
        "coordinates": [
          145.5310264,
          -17.5963267
        ]
      },
      "properties": {
        "label": "Rejected node 4166621499",
        "type": "Capacity regex no match",
        "osm_element": "https://www.openstreetmap.org/node/4166621499",
        "rejection_reason": "Capacity regex no match",
        "rejection_details": "Tag 'generator:output:electricity' has value '600 kW' which could not be parsed",
        "rejection_keywords": "600 kW",
        "timestamp": "2026-04-24T03:27:04.963481",
        "element_type": "node",
        "element_id": 4166621499,
        "country": "Australia",
        "unit_type": "generator"
      }
    },
    {
      "type": "Feature",
      "geometry": {
        "type": "Point",
        "coordinates": [
          145.5297631,
          -17.5951259
        ]
      },
      "properties": {
        "label": "Rejected node 4166621497",
        "type": "Capacity regex no match",
        "osm_element": "https://www.openstreetmap.org/node/4166621497",
        "rejection_reason": "Capacity regex no match",
        "rejection_details": "Tag 'generator:output:electricity' has value '600 kW' which could not be parsed",
        "rejection_keywords": "600 kW",
        "timestamp": "2026-04-24T03:27:04.963501",
        "element_type": "node",
        "element_id": 4166621497,
        "country": "Australia",
        "unit_type": "generator"
      }
    },
    {
      "type": "Feature",
      "geometry": {
        "type": "Point",
        "coordinates": [
          145.5326563,
          -17.5951824
        ]
      },
      "properties": {
        "label": "Rejected node 4166621498",
        "type": "Capacity regex no match",
        "osm_element": "https://www.openstreetmap.org/node/4166621498",
        "rejection_reason": "Capacity regex no match",
        "rejection_details": "Tag 'generator:output:electricity' has value '600 kW' which could not be parsed",
        "rejection_keywords": "600 kW",
        "timestamp": "2026-04-24T03:27:04.963520",
        "element_type": "node",
        "element_id": 4166621498,
        "country": "Australia",
        "unit_type": "generator"
      }
    },
    {
      "type": "Feature",
      "geometry": {
        "type": "Point",
        "coordinates": [
          145.5296892,
          -17.5938968
        ]
      },
      "properties": {
        "label": "Rejected node 4166621475",
        "type": "Capacity regex no match",
        "osm_element": "https://www.openstreetmap.org/node/4166621475",
        "rejection_reason": "Capacity regex no match",
        "rejection_details": "Tag 'generator:output:electricity' has value '600 kW' which could not be parsed",
        "rejection_keywords": "600 kW",
        "timestamp": "2026-04-24T03:27:04.963539",
        "element_type": "node",
        "element_id": 4166621475,
        "country": "Australia",
        "unit_type": "generator"
      }
    },
    {
      "type": "Feature",
      "geometry": {
        "type": "Point",
        "coordinates": [
          145.5303841,
          -17.5927535
        ]
      },
      "properties": {
        "label": "Rejected node 4166621466",
        "type": "Capacity regex no match",
        "osm_element": "https://www.openstreetmap.org/node/4166621466",
        "rejection_reason": "Capacity regex no match",
        "rejection_details": "Tag 'generator:output:electricity' has value '600 kW' which could not be parsed",
        "rejection_keywords": "600 kW",
        "timestamp": "2026-04-24T03:27:04.963557",
        "element_type": "node",
        "element_id": 4166621466,
        "country": "Australia",
        "unit_type": "generator"
      }
    },
    {
      "type": "Feature",
      "geometry": {
        "type": "Point",
        "coordinates": [
          145.5327576,
          -17.5939729
        ]
      },
      "properties": {
        "label": "Rejected node 4166621476",
        "type": "Capacity regex no match",
        "osm_element": "https://www.openstreetmap.org/node/4166621476",
        "rejection_reason": "Capacity regex no match",
        "rejection_details": "Tag 'generator:output:electricity' has value '600 kW' which could not be parsed",
        "rejection_keywords": "600 kW",
        "timestamp": "2026-04-24T03:27:04.963575",
        "element_type": "node",
        "element_id": 4166621476,
        "country": "Australia",
        "unit_type": "generator"
      }
    },
    {
      "type": "Feature",
      "geometry": {
        "type": "Point",
        "coordinates": [
          145.5344245,
          -17.5917667
        ]
      },
      "properties": {
        "label": "Rejected node 4166621457",
        "type": "Capacity regex no match",
        "osm_element": "https://www.openstreetmap.org/node/4166621457",
        "rejection_reason": "Capacity regex no match",
        "rejection_details": "Tag 'generator:output:electricity' has value '600 kW' which could not be parsed",
        "rejection_keywords": "600 kW",
        "timestamp": "2026-04-24T03:27:04.963592",
        "element_type": "node",
        "element_id": 4166621457,
        "country": "Australia",
        "unit_type": "generator"
      }
    },
    {
      "type": "Feature",
      "geometry": {
        "type": "Point",
        "coordinates": [
          145.5303942,
          -17.5899709
        ]
      },
      "properties": {
        "label": "Rejected node 4166621436",
        "type": "Capacity regex no match",
        "osm_element": "https://www.openstreetmap.org/node/4166621436",
        "rejection_reason": "Capacity regex no match",
        "rejection_details": "Tag 'generator:output:electricity' has value '600 kW' which could not be parsed",
        "rejection_keywords": "600 kW",
        "timestamp": "2026-04-24T03:27:04.963613",
        "element_type": "node",
        "element_id": 4166621436,
        "country": "Australia",
        "unit_type": "generator"
      }
    },
    {
      "type": "Feature",
      "geometry": {
        "type": "Point",
        "coordinates": [
          145.5332254,
          -17.5901919
        ]
      },
      "properties": {
        "label": "Rejected node 4166621437",
        "type": "Capacity regex no match",
        "osm_element": "https://www.openstreetmap.org/node/4166621437",
        "rejection_reason": "Capacity regex no match",
        "rejection_details": "Tag 'generator:output:electricity' has value '600 kW' which could not be parsed",
        "rejection_keywords": "600 kW",
        "timestamp": "2026-04-24T03:27:04.963631",
        "element_type": "node",
        "element_id": 4166621437,
        "country": "Australia",
        "unit_type": "generator"
      }
    },
    {
      "type": "Feature",
      "geometry": {
        "type": "Point",
        "coordinates": [
          145.5311186,
          -17.5889499
        ]
      },
      "properties": {
        "label": "Rejected node 4166621435",
        "type": "Capacity regex no match",
        "osm_element": "https://www.openstreetmap.org/node/4166621435",
        "rejection_reason": "Capacity regex no match",
        "rejection_details": "Tag 'generator:output:electricity' has value '600 kW' which could not be parsed",
        "rejection_keywords": "600 kW",
        "timestamp": "2026-04-24T03:27:04.963649",
        "element_type": "node",
        "element_id": 4166621435,
        "country": "Australia",
        "unit_type": "generator"
      }
    },
    {
      "type": "Feature",
      "geometry": {
        "type": "Point",
        "coordinates": [
          145.5334052,
          -17.587915
        ]
      },
      "properties": {
        "label": "Rejected node 4166621434",
        "type": "Capacity regex no match",
        "osm_element": "https://www.openstreetmap.org/node/4166621434",
        "rejection_reason": "Capacity regex no match",
        "rejection_details": "Tag 'generator:output:electricity' has value '600 kW' which could not be parsed",
        "rejection_keywords": "600 kW",
        "timestamp": "2026-04-24T03:27:04.963666",
        "element_type": "node",
        "element_id": 4166621434,
        "country": "Australia",
        "unit_type": "generator"
      }
    },
    {
      "type": "Feature",
      "geometry": {
        "type": "Point",
        "coordinates": [
          145.5353641,
          -17.5869502
        ]
      },
      "properties": {
        "label": "Rejected node 4166621415",
        "type": "Capacity regex no match",
        "osm_element": "https://www.openstreetmap.org/node/4166621415",
        "rejection_reason": "Capacity regex no match",
        "rejection_details": "Tag 'generator:output:electricity' has value '600 kW' which could not be parsed",
        "rejection_keywords": "600 kW",
        "timestamp": "2026-04-24T03:27:04.963683",
        "element_type": "node",
        "element_id": 4166621415,
        "country": "Australia",
        "unit_type": "generator"
      }
    },
    {
      "type": "Feature",
      "geometry": {
        "type": "Point",
        "coordinates": [
          145.5367571,
          -17.5844628
        ]
      },
      "properties": {
        "label": "Rejected node 4166621385",
        "type": "Capacity regex no match",
        "osm_element": "https://www.openstreetmap.org/node/4166621385",
        "rejection_reason": "Capacity regex no match",
        "rejection_details": "Tag 'generator:output:electricity' has value '600 kW' which could not be parsed",
        "rejection_keywords": "600 kW",
        "timestamp": "2026-04-24T03:27:04.963701",
        "element_type": "node",
        "element_id": 4166621385,
        "country": "Australia",
        "unit_type": "generator"
      }
    },
    {
      "type": "Feature",
      "geometry": {
        "type": "Point",
        "coordinates": [
          145.5386865,
          -17.5834385
        ]
      },
      "properties": {
        "label": "Rejected node 4166621365",
        "type": "Capacity regex no match",
        "osm_element": "https://www.openstreetmap.org/node/4166621365",
        "rejection_reason": "Capacity regex no match",
        "rejection_details": "Tag 'generator:output:electricity' has value '600 kW' which could not be parsed",
        "rejection_keywords": "600 kW",
        "timestamp": "2026-04-24T03:27:04.963718",
        "element_type": "node",
        "element_id": 4166621365,
        "country": "Australia",
        "unit_type": "generator"
      }
    },
    {
      "type": "Feature",
      "geometry": {
        "type": "Point",
        "coordinates": [
          145.5299257,
          -17.591113
        ]
      },
      "properties": {
        "label": "Rejected node 4166621452",
        "type": "Capacity regex no match",
        "osm_element": "https://www.openstreetmap.org/node/4166621452",
        "rejection_reason": "Capacity regex no match",
        "rejection_details": "Tag 'generator:output:electricity' has value '600 kW' which could not be parsed",
        "rejection_keywords": "600 kW",
        "timestamp": "2026-04-24T03:27:04.963735",
        "element_type": "node",
        "element_id": 4166621452,
        "country": "Australia",
        "unit_type": "generator"
      }
    },
    {
      "type": "Feature",
      "geometry": {
        "type": "Point",
        "coordinates": [
          145.5359864,
          -17.5857621
        ]
      },
      "properties": {
        "label": "Rejected node 4166621411",
        "type": "Capacity regex no match",
        "osm_element": "https://www.openstreetmap.org/node/4166621411",
        "rejection_reason": "Capacity regex no match",
        "rejection_details": "Tag 'generator:output:electricity' has value '600 kW' which could not be parsed",
        "rejection_keywords": "600 kW",
        "timestamp": "2026-04-24T03:27:04.963752",
        "element_type": "node",
        "element_id": 4166621411,
        "country": "Australia",
        "unit_type": "generator"
      }
    },
    {
      "type": "Feature",
      "geometry": {
        "type": "Point",
        "coordinates": [
          138.8198545,
          -33.4458783
        ]
      },
      "properties": {
        "label": "Rejected node 8808794185",
        "type": "Capacity placeholder value",
        "osm_element": "https://www.openstreetmap.org/node/8808794185",
        "rejection_reason": "Capacity placeholder value",
        "rejection_details": "Tag 'generator:output:electricity' contains placeholder value 'yes' instead of actual capacity",
        "rejection_keywords": "yes",
        "timestamp": "2026-04-24T03:27:04.979080",
        "element_type": "node",
        "element_id": 8808794185,
        "country": "Australia",
        "unit_type": "generator"
      }
    },
    {
      "type": "Feature",
      "geometry": {
        "type": "Point",
        "coordinates": [
          138.824543,
          -33.4424854
        ]
      },
      "properties": {
        "label": "Rejected node 8808794184",
        "type": "Capacity placeholder value",
        "osm_element": "https://www.openstreetmap.org/node/8808794184",
        "rejection_reason": "Capacity placeholder value",
        "rejection_details": "Tag 'generator:output:electricity' contains placeholder value 'yes' instead of actual capacity",
        "rejection_keywords": "yes",
        "timestamp": "2026-04-24T03:27:04.979101",
        "element_type": "node",
        "element_id": 8808794184,
        "country": "Australia",
        "unit_type": "generator"
      }
    },
    {
      "type": "Feature",
      "geometry": {
        "type": "Point",
        "coordinates": [
          138.8254013,
          -33.4401487
        ]
      },
      "properties": {
        "label": "Rejected node 8808794183",
        "type": "Capacity placeholder value",
        "osm_element": "https://www.openstreetmap.org/node/8808794183",
        "rejection_reason": "Capacity placeholder value",
        "rejection_details": "Tag 'generator:output:electricity' contains placeholder value 'yes' instead of actual capacity",
        "rejection_keywords": "yes",
        "timestamp": "2026-04-24T03:27:04.979116",
        "element_type": "node",
        "element_id": 8808794183,
        "country": "Australia",
        "unit_type": "generator"
      }
    },
    {
      "type": "Feature",
      "geometry": {
        "type": "Point",
        "coordinates": [
          138.8290384,
          -33.4350455
        ]
      },
      "properties": {
        "label": "Rejected node 8808794182",
        "type": "Capacity placeholder value",
        "osm_element": "https://www.openstreetmap.org/node/8808794182",
        "rejection_reason": "Capacity placeholder value",
        "rejection_details": "Tag 'generator:output:electricity' contains placeholder value 'yes' instead of actual capacity",
        "rejection_keywords": "yes",
        "timestamp": "2026-04-24T03:27:04.979129",
        "element_type": "node",
        "element_id": 8808794182,
        "country": "Australia",
        "unit_type": "generator"
      }
    },
    {
      "type": "Feature",
      "geometry": {
        "type": "Point",
        "coordinates": [
          138.8304439,
          -33.4320908
        ]
      },
      "properties": {
        "label": "Rejected node 8808794181",
        "type": "Capacity placeholder value",
        "osm_element": "https://www.openstreetmap.org/node/8808794181",
        "rejection_reason": "Capacity placeholder value",
        "rejection_details": "Tag 'generator:output:electricity' contains placeholder value 'yes' instead of actual capacity",
        "rejection_keywords": "yes",
        "timestamp": "2026-04-24T03:27:04.979141",
        "element_type": "node",
        "element_id": 8808794181,
        "country": "Australia",
        "unit_type": "generator"
      }
    },
    {
      "type": "Feature",
      "geometry": {
        "type": "Point",
        "coordinates": [
          138.8353041,
          -33.4304165
        ]
      },
      "properties": {
        "label": "Rejected node 8808794180",
        "type": "Capacity placeholder value",
        "osm_element": "https://www.openstreetmap.org/node/8808794180",
        "rejection_reason": "Capacity placeholder value",
        "rejection_details": "Tag 'generator:output:electricity' contains placeholder value 'yes' instead of actual capacity",
        "rejection_keywords": "yes",
        "timestamp": "2026-04-24T03:27:04.979152",
        "element_type": "node",
        "element_id": 8808794180,
        "country": "Australia",
        "unit_type": "generator"
      }
    },
    {
      "type": "Feature",
      "geometry": {
        "type": "Point",
        "coordinates": [
          138.837246,
          -33.4318401
        ]
      },
      "properties": {
        "label": "Rejected node 8808794179",
        "type": "Capacity placeholder value",
        "osm_element": "https://www.openstreetmap.org/node/8808794179",
        "rejection_reason": "Capacity placeholder value",
        "rejection_details": "Tag 'generator:output:electricity' contains placeholder value 'yes' instead of actual capacity",
        "rejection_keywords": "yes",
        "timestamp": "2026-04-24T03:27:04.979164",
        "element_type": "node",
        "element_id": 8808794179,
        "country": "Australia",
        "unit_type": "generator"
      }
    },
    {
      "type": "Feature",
      "geometry": {
        "type": "Point",
        "coordinates": [
          138.8385012,
          -33.4277213
        ]
      },
      "properties": {
        "label": "Rejected node 8808794178",
        "type": "Capacity placeholder value",
        "osm_element": "https://www.openstreetmap.org/node/8808794178",
        "rejection_reason": "Capacity placeholder value",
        "rejection_details": "Tag 'generator:output:electricity' contains placeholder value 'yes' instead of actual capacity",
        "rejection_keywords": "yes",
        "timestamp": "2026-04-24T03:27:04.979176",
        "element_type": "node",
        "element_id": 8808794178,
        "country": "Australia",
        "unit_type": "generator"
      }
    },
    {
      "type": "Feature",
      "geometry": {
        "type": "Point",
        "coordinates": [
          138.8384476,
          -33.4247217
        ]
      },
      "properties": {
        "label": "Rejected node 8808794176",
        "type": "Capacity placeholder value",
        "osm_element": "https://www.openstreetmap.org/node/8808794176",
        "rejection_reason": "Capacity placeholder value",
        "rejection_details": "Tag 'generator:output:electricity' contains placeholder value 'yes' instead of actual capacity",
        "rejection_keywords": "yes",
        "timestamp": "2026-04-24T03:27:04.979192",
        "element_type": "node",
        "element_id": 8808794176,
        "country": "Australia",
        "unit_type": "generator"
      }
    },
    {
      "type": "Feature",
      "geometry": {
        "type": "Point",
        "coordinates": [
          138.8337913,
          -33.4224562
        ]
      },
      "properties": {
        "label": "Rejected node 8808794177",
        "type": "Capacity placeholder value",
        "osm_element": "https://www.openstreetmap.org/node/8808794177",
        "rejection_reason": "Capacity placeholder value",
        "rejection_details": "Tag 'generator:output:electricity' contains placeholder value 'yes' instead of actual capacity",
        "rejection_keywords": "yes",
        "timestamp": "2026-04-24T03:27:04.979204",
        "element_type": "node",
        "element_id": 8808794177,
        "country": "Australia",
        "unit_type": "generator"
      }
    },
    {
      "type": "Feature",
      "geometry": {
        "type": "Point",
        "coordinates": [
          138.841559,
          -33.4226263
        ]
      },
      "properties": {
        "label": "Rejected node 8808794175",
        "type": "Capacity placeholder value",
        "osm_element": "https://www.openstreetmap.org/node/8808794175",
        "rejection_reason": "Capacity placeholder value",
        "rejection_details": "Tag 'generator:output:electricity' contains placeholder value 'yes' instead of actual capacity",
        "rejection_keywords": "yes",
        "timestamp": "2026-04-24T03:27:04.979216",
        "element_type": "node",
        "element_id": 8808794175,
        "country": "Australia",
        "unit_type": "generator"
      }
    },
    {
      "type": "Feature",
      "geometry": {
        "type": "Point",
        "coordinates": [
          138.8405505,
          -33.4206204
        ]
      },
      "properties": {
        "label": "Rejected node 8808794174",
        "type": "Capacity placeholder value",
        "osm_element": "https://www.openstreetmap.org/node/8808794174",
        "rejection_reason": "Capacity placeholder value",
        "rejection_details": "Tag 'generator:output:electricity' contains placeholder value 'yes' instead of actual capacity",
        "rejection_keywords": "yes",
        "timestamp": "2026-04-24T03:27:04.979227",
        "element_type": "node",
        "element_id": 8808794174,
        "country": "Australia",
        "unit_type": "generator"
      }
    },
    {
      "type": "Feature",
      "geometry": {
        "type": "Point",
        "coordinates": [
          138.839874,
          -33.4158843
        ]
      },
      "properties": {
        "label": "Rejected node 8808794170",
        "type": "Capacity placeholder value",
        "osm_element": "https://www.openstreetmap.org/node/8808794170",
        "rejection_reason": "Capacity placeholder value",
        "rejection_details": "Tag 'generator:output:electricity' contains placeholder value 'yes' instead of actual capacity",
        "rejection_keywords": "yes",
        "timestamp": "2026-04-24T03:27:04.979238",
        "element_type": "node",
        "element_id": 8808794170,
        "country": "Australia",
        "unit_type": "generator"
      }
    },
    {
      "type": "Feature",
      "geometry": {
        "type": "Point",
        "coordinates": [
          138.8379824,
          -33.4138481
        ]
      },
      "properties": {
        "label": "Rejected node 8808794171",
        "type": "Capacity placeholder value",
        "osm_element": "https://www.openstreetmap.org/node/8808794171",
        "rejection_reason": "Capacity placeholder value",
        "rejection_details": "Tag 'generator:output:electricity' contains placeholder value 'yes' instead of actual capacity",
        "rejection_keywords": "yes",
        "timestamp": "2026-04-24T03:27:04.979248",
        "element_type": "node",
        "element_id": 8808794171,
        "country": "Australia",
        "unit_type": "generator"
      }
    },
    {
      "type": "Feature",
      "geometry": {
        "type": "Point",
        "coordinates": [
          138.8361537,
          -33.4109659
        ]
      },
      "properties": {
        "label": "Rejected node 8808794172",
        "type": "Capacity placeholder value",
        "osm_element": "https://www.openstreetmap.org/node/8808794172",
        "rejection_reason": "Capacity placeholder value",
        "rejection_details": "Tag 'generator:output:electricity' contains placeholder value 'yes' instead of actual capacity",
        "rejection_keywords": "yes",
        "timestamp": "2026-04-24T03:27:04.979258",
        "element_type": "node",
        "element_id": 8808794172,
        "country": "Australia",
        "unit_type": "generator"
      }
    },
    {
      "type": "Feature",
      "geometry": {
        "type": "Point",
        "coordinates": [
          138.8327584,
          -33.4076687
        ]
      },
      "properties": {
        "label": "Rejected node 8808794173",
        "type": "Capacity placeholder value",
        "osm_element": "https://www.openstreetmap.org/node/8808794173",
        "rejection_reason": "Capacity placeholder value",
        "rejection_details": "Tag 'generator:output:electricity' contains placeholder value 'yes' instead of actual capacity",
        "rejection_keywords": "yes",
        "timestamp": "2026-04-24T03:27:04.979269",
        "element_type": "node",
        "element_id": 8808794173,
        "country": "Australia",
        "unit_type": "generator"
      }
    },
    {
      "type": "Feature",
      "geometry": {
        "type": "Point",
        "coordinates": [
          138.8447401,
          -33.4178645
        ]
      },
      "properties": {
        "label": "Rejected node 8808794169",
        "type": "Capacity placeholder value",
        "osm_element": "https://www.openstreetmap.org/node/8808794169",
        "rejection_reason": "Capacity placeholder value",
        "rejection_details": "Tag 'generator:output:electricity' contains placeholder value 'yes' instead of actual capacity",
        "rejection_keywords": "yes",
        "timestamp": "2026-04-24T03:27:04.979280",
        "element_type": "node",
        "element_id": 8808794169,
        "country": "Australia",
        "unit_type": "generator"
      }
    },
    {
      "type": "Feature",
      "geometry": {
        "type": "Point",
        "coordinates": [
          138.8441143,
          -33.414785
        ]
      },
      "properties": {
        "label": "Rejected node 8808794168",
        "type": "Capacity placeholder value",
        "osm_element": "https://www.openstreetmap.org/node/8808794168",
        "rejection_reason": "Capacity placeholder value",
        "rejection_details": "Tag 'generator:output:electricity' contains placeholder value 'yes' instead of actual capacity",
        "rejection_keywords": "yes",
        "timestamp": "2026-04-24T03:27:04.979291",
        "element_type": "node",
        "element_id": 8808794168,
        "country": "Australia",
        "unit_type": "generator"
      }
    },
    {
      "type": "Feature",
      "geometry": {
        "type": "Point",
        "coordinates": [
          138.8456461,
          -33.4118536
        ]
      },
      "properties": {
        "label": "Rejected node 8808794167",
        "type": "Capacity placeholder value",
        "osm_element": "https://www.openstreetmap.org/node/8808794167",
        "rejection_reason": "Capacity placeholder value",
        "rejection_details": "Tag 'generator:output:electricity' contains placeholder value 'yes' instead of actual capacity",
        "rejection_keywords": "yes",
        "timestamp": "2026-04-24T03:27:04.979301",
        "element_type": "node",
        "element_id": 8808794167,
        "country": "Australia",
        "unit_type": "generator"
      }
    },
    {
      "type": "Feature",
      "geometry": {
        "type": "Point",
        "coordinates": [
          138.8529592,
          -33.4107676
        ]
      },
      "properties": {
        "label": "Rejected node 8808794186",
        "type": "Capacity placeholder value",
        "osm_element": "https://www.openstreetmap.org/node/8808794186",
        "rejection_reason": "Capacity placeholder value",
        "rejection_details": "Tag 'generator:output:electricity' contains placeholder value 'yes' instead of actual capacity",
        "rejection_keywords": "yes",
        "timestamp": "2026-04-24T03:27:04.979312",
        "element_type": "node",
        "element_id": 8808794186,
        "country": "Australia",
        "unit_type": "generator"
      }
    },
    {
      "type": "Feature",
      "geometry": {
        "type": "Point",
        "coordinates": [
          138.8521581,
          -33.4078922
        ]
      },
      "properties": {
        "label": "Rejected node 8808794187",
        "type": "Capacity placeholder value",
        "osm_element": "https://www.openstreetmap.org/node/8808794187",
        "rejection_reason": "Capacity placeholder value",
        "rejection_details": "Tag 'generator:output:electricity' contains placeholder value 'yes' instead of actual capacity",
        "rejection_keywords": "yes",
        "timestamp": "2026-04-24T03:27:04.979322",
        "element_type": "node",
        "element_id": 8808794187,
        "country": "Australia",
        "unit_type": "generator"
      }
    },
    {
      "type": "Feature",
      "geometry": {
        "type": "Point",
        "coordinates": [
          138.8484574,
          -33.4093899
        ]
      },
      "properties": {
        "label": "Rejected node 8808794166",
        "type": "Capacity placeholder value",
        "osm_element": "https://www.openstreetmap.org/node/8808794166",
        "rejection_reason": "Capacity placeholder value",
        "rejection_details": "Tag 'generator:output:electricity' contains placeholder value 'yes' instead of actual capacity",
        "rejection_keywords": "yes",
        "timestamp": "2026-04-24T03:27:04.979332",
        "element_type": "node",
        "element_id": 8808794166,
        "country": "Australia",
        "unit_type": "generator"
      }
    },
    {
      "type": "Feature",
      "geometry": {
        "type": "Point",
        "coordinates": [
          138.8438995,
          -33.4096706
        ]
      },
      "properties": {
        "label": "Rejected node 8808794165",
        "type": "Capacity placeholder value",
        "osm_element": "https://www.openstreetmap.org/node/8808794165",
        "rejection_reason": "Capacity placeholder value",
        "rejection_details": "Tag 'generator:output:electricity' contains placeholder value 'yes' instead of actual capacity",
        "rejection_keywords": "yes",
        "timestamp": "2026-04-24T03:27:04.979347",
        "element_type": "node",
        "element_id": 8808794165,
        "country": "Australia",
        "unit_type": "generator"
      }
    },
    {
      "type": "Feature",
      "geometry": {
        "type": "Point",
        "coordinates": [
          138.8432551,
          -33.4070899
        ]
      },
      "properties": {
        "label": "Rejected node 8808794164",
        "type": "Capacity placeholder value",
        "osm_element": "https://www.openstreetmap.org/node/8808794164",
        "rejection_reason": "Capacity placeholder value",
        "rejection_details": "Tag 'generator:output:electricity' contains placeholder value 'yes' instead of actual capacity",
        "rejection_keywords": "yes",
        "timestamp": "2026-04-24T03:27:04.979358",
        "element_type": "node",
        "element_id": 8808794164,
        "country": "Australia",
        "unit_type": "generator"
      }
    },
    {
      "type": "Feature",
      "geometry": {
        "type": "Point",
        "coordinates": [
          138.8418762,
          -33.4045196
        ]
      },
      "properties": {
        "label": "Rejected node 8808794163",
        "type": "Capacity placeholder value",
        "osm_element": "https://www.openstreetmap.org/node/8808794163",
        "rejection_reason": "Capacity placeholder value",
        "rejection_details": "Tag 'generator:output:electricity' contains placeholder value 'yes' instead of actual capacity",
        "rejection_keywords": "yes",
        "timestamp": "2026-04-24T03:27:04.979368",
        "element_type": "node",
        "element_id": 8808794163,
        "country": "Australia",
        "unit_type": "generator"
      }
    },
    {
      "type": "Feature",
      "geometry": {
        "type": "Point",
        "coordinates": [
          138.8441517,
          -33.4007898
        ]
      },
      "properties": {
        "label": "Rejected node 8808794162",
        "type": "Capacity placeholder value",
        "osm_element": "https://www.openstreetmap.org/node/8808794162",
        "rejection_reason": "Capacity placeholder value",
        "rejection_details": "Tag 'generator:output:electricity' contains placeholder value 'yes' instead of actual capacity",
        "rejection_keywords": "yes",
        "timestamp": "2026-04-24T03:27:04.979379",
        "element_type": "node",
        "element_id": 8808794162,
        "country": "Australia",
        "unit_type": "generator"
      }
    },
    {
      "type": "Feature",
      "geometry": {
        "type": "Point",
        "coordinates": [
          138.845067,
          -33.3981309
        ]
      },
      "properties": {
        "label": "Rejected node 8808794161",
        "type": "Capacity placeholder value",
        "osm_element": "https://www.openstreetmap.org/node/8808794161",
        "rejection_reason": "Capacity placeholder value",
        "rejection_details": "Tag 'generator:output:electricity' contains placeholder value 'yes' instead of actual capacity",
        "rejection_keywords": "yes",
        "timestamp": "2026-04-24T03:27:04.979390",
        "element_type": "node",
        "element_id": 8808794161,
        "country": "Australia",
        "unit_type": "generator"
      }
    },
    {
      "type": "Feature",
      "geometry": {
        "type": "Point",
        "coordinates": [
          138.8478597,
          -33.3959007
        ]
      },
      "properties": {
        "label": "Rejected node 8808794160",
        "type": "Capacity placeholder value",
        "osm_element": "https://www.openstreetmap.org/node/8808794160",
        "rejection_reason": "Capacity placeholder value",
        "rejection_details": "Tag 'generator:output:electricity' contains placeholder value 'yes' instead of actual capacity",
        "rejection_keywords": "yes",
        "timestamp": "2026-04-24T03:27:04.979401",
        "element_type": "node",
        "element_id": 8808794160,
        "country": "Australia",
        "unit_type": "generator"
      }
    },
    {
      "type": "Feature",
      "geometry": {
        "type": "Point",
        "coordinates": [
          138.8482987,
          -33.3929999
        ]
      },
      "properties": {
        "label": "Rejected node 8808794159",
        "type": "Capacity placeholder value",
        "osm_element": "https://www.openstreetmap.org/node/8808794159",
        "rejection_reason": "Capacity placeholder value",
        "rejection_details": "Tag 'generator:output:electricity' contains placeholder value 'yes' instead of actual capacity",
        "rejection_keywords": "yes",
        "timestamp": "2026-04-24T03:27:04.979412",
        "element_type": "node",
        "element_id": 8808794159,
        "country": "Australia",
        "unit_type": "generator"
      }
    },
    {
      "type": "Feature",
      "geometry": {
        "type": "Point",
        "coordinates": [
          138.849326,
          -33.3908086
        ]
      },
      "properties": {
        "label": "Rejected node 8808794158",
        "type": "Capacity placeholder value",
        "osm_element": "https://www.openstreetmap.org/node/8808794158",
        "rejection_reason": "Capacity placeholder value",
        "rejection_details": "Tag 'generator:output:electricity' contains placeholder value 'yes' instead of actual capacity",
        "rejection_keywords": "yes",
        "timestamp": "2026-04-24T03:27:04.979423",
        "element_type": "node",
        "element_id": 8808794158,
        "country": "Australia",
        "unit_type": "generator"
      }
    },
    {
      "type": "Feature",
      "geometry": {
        "type": "Point",
        "coordinates": [
          138.8518105,
          -33.3872369
        ]
      },
      "properties": {
        "label": "Rejected node 8808794157",
        "type": "Capacity placeholder value",
        "osm_element": "https://www.openstreetmap.org/node/8808794157",
        "rejection_reason": "Capacity placeholder value",
        "rejection_details": "Tag 'generator:output:electricity' contains placeholder value 'yes' instead of actual capacity",
        "rejection_keywords": "yes",
        "timestamp": "2026-04-24T03:27:04.979433",
        "element_type": "node",
        "element_id": 8808794157,
        "country": "Australia",
        "unit_type": "generator"
      }
    },
    {
      "type": "Feature",
      "geometry": {
        "type": "Point",
        "coordinates": [
          138.856666,
          -33.3904415
        ]
      },
      "properties": {
        "label": "Rejected node 8808794156",
        "type": "Capacity placeholder value",
        "osm_element": "https://www.openstreetmap.org/node/8808794156",
        "rejection_reason": "Capacity placeholder value",
        "rejection_details": "Tag 'generator:output:electricity' contains placeholder value 'yes' instead of actual capacity",
        "rejection_keywords": "yes",
        "timestamp": "2026-04-24T03:27:04.979443",
        "element_type": "node",
        "element_id": 8808794156,
        "country": "Australia",
        "unit_type": "generator"
      }
    },
    {
      "type": "Feature",
      "geometry": {
        "type": "Point",
        "coordinates": [
          150.0500782,
          -33.6380617
        ]
      },
      "properties": {
        "label": "Rejected node 4742729851",
        "type": "Capacity regex no match",
        "osm_element": "https://www.openstreetmap.org/node/4742729851",
        "rejection_reason": "Capacity regex no match",
        "rejection_details": "Tag 'generator:output:electricity' has value '660 kW' which could not be parsed",
        "rejection_keywords": "660 kW",
        "timestamp": "2026-04-24T03:27:05.000154",
        "element_type": "node",
        "element_id": 4742729851,
        "country": "Australia",
        "unit_type": "generator"
      }
    },
    {
      "type": "Feature",
      "geometry": {
        "type": "Point",
        "coordinates": [
          150.0492554,
          -33.6394561
        ]
      },
      "properties": {
        "label": "Rejected node 4742729850",
        "type": "Capacity regex no match",
        "osm_element": "https://www.openstreetmap.org/node/4742729850",
        "rejection_reason": "Capacity regex no match",
        "rejection_details": "Tag 'generator:output:electricity' has value '660 kW' which could not be parsed",
        "rejection_keywords": "660 kW",
        "timestamp": "2026-04-24T03:27:05.000228",
        "element_type": "node",
        "element_id": 4742729850,
        "country": "Australia",
        "unit_type": "generator"
      }
    },
    {
      "type": "Feature",
      "geometry": {
        "type": "Point",
        "coordinates": [
          113.5477812,
          -25.9122476
        ]
      },
      "properties": {
        "label": "Rejected node 2503613150",
        "type": "Capacity regex no match",
        "osm_element": "https://www.openstreetmap.org/node/2503613150",
        "rejection_reason": "Capacity regex no match",
        "rejection_details": "Tag 'generator:output:electricity' has value '230 kW' which could not be parsed",
        "rejection_keywords": "230 kW",
        "timestamp": "2026-04-24T03:27:05.117776",
        "element_type": "node",
        "element_id": 2503613150,
        "country": "Australia",
        "unit_type": "generator"
      }
    },
    {
      "type": "Feature",
      "geometry": {
        "type": "Point",
        "coordinates": [
          113.5505621,
          -25.9137202
        ]
      },
      "properties": {
        "label": "Rejected node 4040495901",
        "type": "Capacity regex no match",
        "osm_element": "https://www.openstreetmap.org/node/4040495901",
        "rejection_reason": "Capacity regex no match",
        "rejection_details": "Tag 'generator:output:electricity' has value '230 kW' which could not be parsed",
        "rejection_keywords": "230 kW",
        "timestamp": "2026-04-24T03:27:05.117805",
        "element_type": "node",
        "element_id": 4040495901,
        "country": "Australia",
        "unit_type": "generator"
      }
    },
    {
      "type": "Feature",
      "geometry": {
        "type": "Point",
        "coordinates": [
          113.550668,
          -25.9108598
        ]
      },
      "properties": {
        "label": "Rejected node 2503613146",
        "type": "Capacity regex no match",
        "osm_element": "https://www.openstreetmap.org/node/2503613146",
        "rejection_reason": "Capacity regex no match",
        "rejection_details": "Tag 'generator:output:electricity' has value '230 kW' which could not be parsed",
        "rejection_keywords": "230 kW",
        "timestamp": "2026-04-24T03:27:05.117828",
        "element_type": "node",
        "element_id": 2503613146,
        "country": "Australia",
        "unit_type": "generator"
      }
    },
    {
      "type": "Feature",
      "geometry": {
        "type": "Point",
        "coordinates": [
          113.5479192,
          -25.9094043
        ]
      },
      "properties": {
        "label": "Rejected node 2503613141",
        "type": "Capacity regex no match",
        "osm_element": "https://www.openstreetmap.org/node/2503613141",
        "rejection_reason": "Capacity regex no match",
        "rejection_details": "Tag 'generator:output:electricity' has value '230 kW' which could not be parsed",
        "rejection_keywords": "230 kW",
        "timestamp": "2026-04-24T03:27:05.117849",
        "element_type": "node",
        "element_id": 2503613141,
        "country": "Australia",
        "unit_type": "generator"
      }
    },
    {
      "type": "Feature",
      "geometry": {
        "type": "Point",
        "coordinates": [
          113.7722097,
          -23.1546308
        ]
      },
      "properties": {
        "label": "Rejected node 4697199785",
        "type": "Capacity regex no match",
        "osm_element": "https://www.openstreetmap.org/node/4697199785",
        "rejection_reason": "Capacity regex no match",
        "rejection_details": "Tag 'generator:output:electricity' has value '225 kW' which could not be parsed",
        "rejection_keywords": "225 kW",
        "timestamp": "2026-04-24T03:27:05.119922",
        "element_type": "node",
        "element_id": 4697199785,
        "country": "Australia",
        "unit_type": "generator"
      }
    },
    {
      "type": "Feature",
      "geometry": {
        "type": "Point",
        "coordinates": [
          113.7718233,
          -23.1530515
        ]
      },
      "properties": {
        "label": "Rejected node 4697194073",
        "type": "Capacity regex no match",
        "osm_element": "https://www.openstreetmap.org/node/4697194073",
        "rejection_reason": "Capacity regex no match",
        "rejection_details": "Tag 'generator:output:electricity' has value '225 kW' which could not be parsed",
        "rejection_keywords": "225 kW",
        "timestamp": "2026-04-24T03:27:05.119969",
        "element_type": "node",
        "element_id": 4697194073,
        "country": "Australia",
        "unit_type": "generator"
      }
    },
    {
      "type": "Feature",
      "geometry": {
        "type": "Point",
        "coordinates": [
          113.7727998,
          -23.1563275
        ]
      },
      "properties": {
        "label": "Rejected node 4697199784",
        "type": "Capacity regex no match",
        "osm_element": "https://www.openstreetmap.org/node/4697199784",
        "rejection_reason": "Capacity regex no match",
        "rejection_details": "Tag 'generator:output:electricity' has value '225 kW' which could not be parsed",
        "rejection_keywords": "225 kW",
        "timestamp": "2026-04-24T03:27:05.119996",
        "element_type": "node",
        "element_id": 4697199784,
        "country": "Australia",
        "unit_type": "generator"
      }
    },
    {
      "type": "Feature",
      "geometry": {
        "type": "Point",
        "coordinates": [
          115.3927892,
          -30.8740277
        ]
      },
      "properties": {
        "label": "Rejected node 11363982668",
        "type": "Capacity regex no match",
        "osm_element": "https://www.openstreetmap.org/node/11363982668",
        "rejection_reason": "Capacity regex no match",
        "rejection_details": "Tag 'generator:output:electricity' has value '500 kW' which could not be parsed",
        "rejection_keywords": "500 kW",
        "timestamp": "2026-04-24T03:27:05.120760",
        "element_type": "node",
        "element_id": 11363982668,
        "country": "Australia",
        "unit_type": "generator"
      }
    },
    {
      "type": "Feature",
      "geometry": {
        "type": "Point",
        "coordinates": [
          115.3903162,
          -30.8728444
        ]
      },
      "properties": {
        "label": "Rejected node 11364028969",
        "type": "Capacity regex no match",
        "osm_element": "https://www.openstreetmap.org/node/11364028969",
        "rejection_reason": "Capacity regex no match",
        "rejection_details": "Tag 'generator:output:electricity' has value '500 kW' which could not be parsed",
        "rejection_keywords": "500 kW",
        "timestamp": "2026-04-24T03:27:05.120789",
        "element_type": "node",
        "element_id": 11364028969,
        "country": "Australia",
        "unit_type": "generator"
      }
    },
    {
      "type": "Feature",
      "geometry": {
        "type": "Point",
        "coordinates": [
          115.3904182,
          -30.8751419
        ]
      },
      "properties": {
        "label": "Rejected node 11363982667",
        "type": "Capacity regex no match",
        "osm_element": "https://www.openstreetmap.org/node/11363982667",
        "rejection_reason": "Capacity regex no match",
        "rejection_details": "Tag 'generator:output:electricity' has value '500 kW' which could not be parsed",
        "rejection_keywords": "500 kW",
        "timestamp": "2026-04-24T03:27:05.120813",
        "element_type": "node",
        "element_id": 11363982667,
        "country": "Australia",
        "unit_type": "generator"
      }
    },
    {
      "type": "Feature",
      "geometry": {
        "type": "Point",
        "coordinates": [
          115.3918719,
          -30.8710855
        ]
      },
      "properties": {
        "label": "Rejected node 11364028970",
        "type": "Capacity regex no match",
        "osm_element": "https://www.openstreetmap.org/node/11364028970",
        "rejection_reason": "Capacity regex no match",
        "rejection_details": "Tag 'generator:output:electricity' has value '500 kW' which could not be parsed",
        "rejection_keywords": "500 kW",
        "timestamp": "2026-04-24T03:27:05.120833",
        "element_type": "node",
        "element_id": 11364028970,
        "country": "Australia",
        "unit_type": "generator"
      }
    },
    {
      "type": "Feature",
      "geometry": {
        "type": "Point",
        "coordinates": [
          115.3909707,
          -30.8677565
        ]
      },
      "properties": {
        "label": "Rejected node 11364028971",
        "type": "Capacity regex no match",
        "osm_element": "https://www.openstreetmap.org/node/11364028971",
        "rejection_reason": "Capacity regex no match",
        "rejection_details": "Tag 'generator:output:electricity' has value '500 kW' which could not be parsed",
        "rejection_keywords": "500 kW",
        "timestamp": "2026-04-24T03:27:05.120852",
        "element_type": "node",
        "element_id": 11364028971,
        "country": "Australia",
        "unit_type": "generator"
      }
    },
    {
      "type": "Feature",
      "geometry": {
        "type": "Point",
        "coordinates": [
          115.3934598,
          -30.8687695
        ]
      },
      "properties": {
        "label": "Rejected node 11364024681",
        "type": "Capacity regex no match",
        "osm_element": "https://www.openstreetmap.org/node/11364024681",
        "rejection_reason": "Capacity regex no match",
        "rejection_details": "Tag 'generator:output:electricity' has value '500 kW' which could not be parsed",
        "rejection_keywords": "500 kW",
        "timestamp": "2026-04-24T03:27:05.120871",
        "element_type": "node",
        "element_id": 11364024681,
        "country": "Australia",
        "unit_type": "generator"
      }
    },
    {
      "type": "Feature",
      "geometry": {
        "type": "Point",
        "coordinates": [
          115.3903162,
          -30.8625992
        ]
      },
      "properties": {
        "label": "Rejected node 11364028973",
        "type": "Capacity regex no match",
        "osm_element": "https://www.openstreetmap.org/node/11364028973",
        "rejection_reason": "Capacity regex no match",
        "rejection_details": "Tag 'generator:output:electricity' has value '500 kW' which could not be parsed",
        "rejection_keywords": "500 kW",
        "timestamp": "2026-04-24T03:27:05.120891",
        "element_type": "node",
        "element_id": 11364028973,
        "country": "Australia",
        "unit_type": "generator"
      }
    },
    {
      "type": "Feature",
      "geometry": {
        "type": "Point",
        "coordinates": [
          115.3951389,
          -30.8626361
        ]
      },
      "properties": {
        "label": "Rejected node 11364024679",
        "type": "Capacity regex no match",
        "osm_element": "https://www.openstreetmap.org/node/11364024679",
        "rejection_reason": "Capacity regex no match",
        "rejection_details": "Tag 'generator:output:electricity' has value '500 kW' which could not be parsed",
        "rejection_keywords": "500 kW",
        "timestamp": "2026-04-24T03:27:05.120911",
        "element_type": "node",
        "element_id": 11364024679,
        "country": "Australia",
        "unit_type": "generator"
      }
    },
    {
      "type": "Feature",
      "geometry": {
        "type": "Point",
        "coordinates": [
          115.3935724,
          -30.8642708
        ]
      },
      "properties": {
        "label": "Rejected node 11364024680",
        "type": "Capacity regex no match",
        "osm_element": "https://www.openstreetmap.org/node/11364024680",
        "rejection_reason": "Capacity regex no match",
        "rejection_details": "Tag 'generator:output:electricity' has value '500 kW' which could not be parsed",
        "rejection_keywords": "500 kW",
        "timestamp": "2026-04-24T03:27:05.120931",
        "element_type": "node",
        "element_id": 11364024680,
        "country": "Australia",
        "unit_type": "generator"
      }
    },
    {
      "type": "Feature",
      "geometry": {
        "type": "Point",
        "coordinates": [
          115.3925049,
          -30.8664258
        ]
      },
      "properties": {
        "label": "Rejected node 11364028972",
        "type": "Capacity regex no match",
        "osm_element": "https://www.openstreetmap.org/node/11364028972",
        "rejection_reason": "Capacity regex no match",
        "rejection_details": "Tag 'generator:output:electricity' has value '500 kW' which could not be parsed",
        "rejection_keywords": "500 kW",
        "timestamp": "2026-04-24T03:27:05.120972",
        "element_type": "node",
        "element_id": 11364028972,
        "country": "Australia",
        "unit_type": "generator"
      }
    },
    {
      "type": "Feature",
      "geometry": {
        "type": "Point",
        "coordinates": [
          152.8179325374103,
          -27.655137825246197
        ]
      },
      "properties": {
        "label": "Rejected relation 17100659",
        "type": "Missing source tag",
        "osm_element": "https://www.openstreetmap.org/relation/17100659",
        "rejection_reason": "Missing source tag",
        "rejection_details": "tags: {'landuse': 'industrial', 'name': 'Swanbank Power Plant', 'power': 'plant', 'type': 'site'}",
        "rejection_keywords": "none",
        "timestamp": "2026-04-24T03:27:05.121871",
        "element_type": "relation",
        "element_id": 17100659,
        "country": "Australia",
        "unit_type": "plant"
      }
    },
    {
      "type": "Feature",
      "geometry": {
        "type": "Point",
        "coordinates": [
          116.81632461869947,
          -34.922139083829045
        ]
      },
      "properties": {
        "label": "Rejected relation 19642585",
        "type": "Missing source tag",
        "osm_element": "https://www.openstreetmap.org/relation/19642585",
        "rejection_reason": "Missing source tag",
        "rejection_details": "tags: {'fixme': 'Correctly map and verify location', 'name': 'Walpole Mini-Pumped Hydro', 'power': 'plant', 'type': 'site', 'website': 'https://www.westernpower.com.au/resources-education/network-improvements/network-upgrade-projects/walpole-mini-pumped-hydro/'}",
        "rejection_keywords": "none",
        "timestamp": "2026-04-24T03:27:05.141421",
        "element_type": "relation",
        "element_id": 19642585,
        "country": "Australia",
        "unit_type": "plant"
      }
    },
    {
      "type": "Feature",
      "geometry": {
        "type": "Point",
        "coordinates": [
          116.78206653855239,
          -20.6235863286634
        ]
      },
      "properties": {
        "label": "Rejected relation 19955500",
        "type": "Missing output tag",
        "osm_element": "https://www.openstreetmap.org/relation/19955500",
        "rejection_reason": "Missing output tag",
        "rejection_details": "tags: {'fixme': 'should this also be called \"Yuri Renewable Hydrogen Facility\"', 'landuse': 'industrial', 'operator': 'ENGIE;Mitsui & co;Yara Pilbara', 'plant:method': 'photovoltaic', 'plant:source': 'solar', 'power': 'plant', 'source:geometry': 'Esri World Imagery 2024-06-27', 'type': 'multipolygon', 'website': 'https://engie.com.au/about-us/our-generation-activities/hydrogen/yuri'}",
        "rejection_keywords": "none",
        "timestamp": "2026-04-24T03:27:05.144504",
        "element_type": "relation",
        "element_id": 19955500,
        "country": "Australia",
        "unit_type": "plant"
      }
    },
    {
      "type": "Feature",
      "geometry": {
        "type": "Point",
        "coordinates": [
          144.83094653333333,
          -37.81918446666666
        ]
      },
      "properties": {
        "label": "Rejected way 94325438",
        "type": "Capacity placeholder value",
        "osm_element": "https://www.openstreetmap.org/way/94325438",
        "rejection_reason": "Capacity placeholder value",
        "rejection_details": "Tag 'plant:output:electricity' contains placeholder value 'yes' instead of actual capacity",
        "rejection_keywords": "yes",
        "timestamp": "2026-04-24T03:27:05.152898",
        "element_type": "way",
        "element_id": 94325438,
        "country": "Australia",
        "unit_type": "plant"
      }
    },
    {
      "type": "Feature",
      "geometry": {
        "type": "Point",
        "coordinates": [
          146.8005041149277,
          -37.90441198334271
        ]
      },
      "properties": {
        "label": "Rejected way 188687095",
        "type": "Missing output tag",
        "osm_element": "https://www.openstreetmap.org/way/188687095",
        "rejection_reason": "Missing output tag",
        "rejection_details": "tags: {'name': 'Lake Glenmaggie', 'plant:source': 'hydro', 'power': 'plant', 'waterway': 'dam'}",
        "rejection_keywords": "none",
        "timestamp": "2026-04-24T03:27:05.163739",
        "element_type": "way",
        "element_id": 188687095,
        "country": "Australia",
        "unit_type": "plant"
      }
    },
    {
      "type": "Feature",
      "geometry": {
        "type": "Point",
        "coordinates": [
          142.66048445,
          -25.4137385
        ]
      },
      "properties": {
        "label": "Rejected way 192815999",
        "type": "Capacity regex no match",
        "osm_element": "https://www.openstreetmap.org/way/192815999",
        "rejection_reason": "Capacity regex no match",
        "rejection_details": "Tag 'plant:output:electricity' has value '750 kW' which could not be parsed",
        "rejection_keywords": "750 kW",
        "timestamp": "2026-04-24T03:27:05.163924",
        "element_type": "way",
        "element_id": 192815999,
        "country": "Australia",
        "unit_type": "plant"
      }
    },
    {
      "type": "Feature",
      "geometry": {
        "type": "Point",
        "coordinates": [
          138.1299953142936,
          -19.92158788096081
        ]
      },
      "properties": {
        "label": "Rejected way 193282535",
        "type": "Capacity placeholder value",
        "osm_element": "https://www.openstreetmap.org/way/193282535",
        "rejection_reason": "Capacity placeholder value",
        "rejection_details": "Tag 'plant:output:electricity' contains placeholder value 'yes' instead of actual capacity",
        "rejection_keywords": "yes",
        "timestamp": "2026-04-24T03:27:05.164129",
        "element_type": "way",
        "element_id": 193282535,
        "country": "Australia",
        "unit_type": "plant"
      }
    },
    {
      "type": "Feature",
      "geometry": {
        "type": "Point",
        "coordinates": [
          136.16649897295926,
          -22.787250903665036
        ]
      },
      "properties": {
        "label": "Rejected way 193289923",
        "type": "Capacity placeholder value",
        "osm_element": "https://www.openstreetmap.org/way/193289923",
        "rejection_reason": "Capacity placeholder value",
        "rejection_details": "Tag 'plant:output:electricity' contains placeholder value 'yes' instead of actual capacity",
        "rejection_keywords": "yes",
        "timestamp": "2026-04-24T03:27:05.164291",
        "element_type": "way",
        "element_id": 193289923,
        "country": "Australia",
        "unit_type": "plant"
      }
    },
    {
      "type": "Feature",
      "geometry": {
        "type": "Point",
        "coordinates": [
          121.4239042491489,
          -30.781358723503516
        ]
      },
      "properties": {
        "label": "Rejected way 207397140",
        "type": "Capacity placeholder value",
        "osm_element": "https://www.openstreetmap.org/way/207397140",
        "rejection_reason": "Capacity placeholder value",
        "rejection_details": "Tag 'plant:output:electricity' contains placeholder value 'yes' instead of actual capacity",
        "rejection_keywords": "yes",
        "timestamp": "2026-04-24T03:27:05.164995",
        "element_type": "way",
        "element_id": 207397140,
        "country": "Australia",
        "unit_type": "plant"
      }
    },
    {
      "type": "Feature",
      "geometry": {
        "type": "Point",
        "coordinates": [
          128.05024805143893,
          -17.27438757908327
        ]
      },
      "properties": {
        "label": "Rejected way 210580475",
        "type": "Capacity placeholder value",
        "osm_element": "https://www.openstreetmap.org/way/210580475",
        "rejection_reason": "Capacity placeholder value",
        "rejection_details": "Tag 'plant:output:electricity' contains placeholder value 'yes' instead of actual capacity",
        "rejection_keywords": "yes",
        "timestamp": "2026-04-24T03:27:05.166523",
        "element_type": "way",
        "element_id": 210580475,
        "country": "Australia",
        "unit_type": "plant"
      }
    },
    {
      "type": "Feature",
      "geometry": {
        "type": "Point",
        "coordinates": [
          141.41937415103862,
          -31.986308068525
        ]
      },
      "properties": {
        "label": "Rejected way 219398853",
        "type": "Missing source tag",
        "osm_element": "https://www.openstreetmap.org/way/219398853",
        "rejection_reason": "Missing source tag",
        "rejection_details": "tags: {'landuse': 'industrial', 'name': 'Broken Hill STS Power Plant', 'power': 'plant', 'source': 'Bing'}",
        "rejection_keywords": "none",
        "timestamp": "2026-04-24T03:27:05.167375",
        "element_type": "way",
        "element_id": 219398853,
        "country": "Australia",
        "unit_type": "plant"
      }
    },
    {
      "type": "Feature",
      "geometry": {
        "type": "Point",
        "coordinates": [
          133.89715662562352,
          -23.796603691813655
        ]
      },
      "properties": {
        "label": "Rejected way 220315767",
        "type": "Missing output tag",
        "osm_element": "https://www.openstreetmap.org/way/220315767",
        "rejection_reason": "Missing output tag",
        "rejection_details": "tags: {'name': 'Alice Springs Airport Solar Power Station', 'plant:source': 'solar', 'power': 'plant'}",
        "rejection_keywords": "none",
        "timestamp": "2026-04-24T03:27:05.167546",
        "element_type": "way",
        "element_id": 220315767,
        "country": "Australia",
        "unit_type": "plant"
      }
    },
    {
      "type": "Feature",
      "geometry": {
        "type": "Point",
        "coordinates": [
          133.414674031358,
          -22.12396552721225
        ]
      },
      "properties": {
        "label": "Rejected way 226561270",
        "type": "Capacity placeholder value",
        "osm_element": "https://www.openstreetmap.org/way/226561270",
        "rejection_reason": "Capacity placeholder value",
        "rejection_details": "Tag 'plant:output:electricity' contains placeholder value 'yes' instead of actual capacity",
        "rejection_keywords": "yes",
        "timestamp": "2026-04-24T03:27:05.168283",
        "element_type": "way",
        "element_id": 226561270,
        "country": "Australia",
        "unit_type": "plant"
      }
    },
    {
      "type": "Feature",
      "geometry": {
        "type": "Point",
        "coordinates": [
          143.95347545509395,
          -36.613473790466585
        ]
      },
      "properties": {
        "label": "Rejected way 230296678",
        "type": "Capacity placeholder value",
        "osm_element": "https://www.openstreetmap.org/way/230296678",
        "rejection_reason": "Capacity placeholder value",
        "rejection_details": "Tag 'plant:output:electricity' contains placeholder value 'yes' instead of actual capacity",
        "rejection_keywords": "yes",
        "timestamp": "2026-04-24T03:27:05.168918",
        "element_type": "way",
        "element_id": 230296678,
        "country": "Australia",
        "unit_type": "plant"
      }
    },
    {
      "type": "Feature",
      "geometry": {
        "type": "Point",
        "coordinates": [
          145.74075439992086,
          -16.871380164736074
        ]
      },
      "properties": {
        "label": "Rejected way 281808122",
        "type": "Capacity placeholder value",
        "osm_element": "https://www.openstreetmap.org/way/281808122",
        "rejection_reason": "Capacity placeholder value",
        "rejection_details": "Tag 'plant:output:electricity' contains placeholder value 'yes' instead of actual capacity",
        "rejection_keywords": "yes",
        "timestamp": "2026-04-24T03:27:05.174823",
        "element_type": "way",
        "element_id": 281808122,
        "country": "Australia",
        "unit_type": "plant"
      }
    },
    {
      "type": "Feature",
      "geometry": {
        "type": "Point",
        "coordinates": [
          120.11235524875998,
          -21.879515143992737
        ]
      },
      "properties": {
        "label": "Rejected way 309674950",
        "type": "Missing source tag",
        "osm_element": "https://www.openstreetmap.org/way/309674950",
        "rejection_reason": "Missing source tag",
        "rejection_details": "tags: {'description': 'This power station combines a single axis tracking solar farm with diesel technology and short-term energy storage system', 'landuse': 'industrial', 'name': 'Nullagine Power Station', 'operator': 'Horizon Power', 'power': 'plant'}",
        "rejection_keywords": "none",
        "timestamp": "2026-04-24T03:27:05.175831",
        "element_type": "way",
        "element_id": 309674950,
        "country": "Australia",
        "unit_type": "plant"
      }
    },
    {
      "type": "Feature",
      "geometry": {
        "type": "Point",
        "coordinates": [
          134.07754237481834,
          -15.22275820448614
        ]
      },
      "properties": {
        "label": "Rejected way 327344840",
        "type": "Capacity placeholder value",
        "osm_element": "https://www.openstreetmap.org/way/327344840",
        "rejection_reason": "Capacity placeholder value",
        "rejection_details": "Tag 'plant:output:electricity' contains placeholder value 'yes' instead of actual capacity",
        "rejection_keywords": "yes",
        "timestamp": "2026-04-24T03:27:05.176656",
        "element_type": "way",
        "element_id": 327344840,
        "country": "Australia",
        "unit_type": "plant"
      }
    },
    {
      "type": "Feature",
      "geometry": {
        "type": "Point",
        "coordinates": [
          133.72996502953626,
          -21.74018949262221
        ]
      },
      "properties": {
        "label": "Rejected way 333728840",
        "type": "Capacity placeholder value",
        "osm_element": "https://www.openstreetmap.org/way/333728840",
        "rejection_reason": "Capacity placeholder value",
        "rejection_details": "Tag 'plant:output:electricity' contains placeholder value 'yes' instead of actual capacity",
        "rejection_keywords": "yes",
        "timestamp": "2026-04-24T03:27:05.176819",
        "element_type": "way",
        "element_id": 333728840,
        "country": "Australia",
        "unit_type": "plant"
      }
    },
    {
      "type": "Feature",
      "geometry": {
        "type": "Point",
        "coordinates": [
          150.03097415000002,
          -33.82129415
        ]
      },
      "properties": {
        "label": "Rejected way 383029863",
        "type": "Capacity regex no match",
        "osm_element": "https://www.openstreetmap.org/way/383029863",
        "rejection_reason": "Capacity regex no match",
        "rejection_details": "Tag 'plant:output:electricity' has value '20 kW' which could not be parsed",
        "rejection_keywords": "20 kW",
        "timestamp": "2026-04-24T03:27:05.183805",
        "element_type": "way",
        "element_id": 383029863,
        "country": "Australia",
        "unit_type": "plant"
      }
    },
    {
      "type": "Feature",
      "geometry": {
        "type": "Point",
        "coordinates": [
          134.3086801871121,
          -13.659141796932186
        ]
      },
      "properties": {
        "label": "Rejected way 442897136",
        "type": "Missing output tag",
        "osm_element": "https://www.openstreetmap.org/way/442897136",
        "rejection_reason": "Missing output tag",
        "rejection_details": "tags: {'barrier': 'fence', 'name': 'Solar Power', 'plant:method': 'photovoltaic', 'plant:source': 'solar', 'power': 'plant'}",
        "rejection_keywords": "none",
        "timestamp": "2026-04-24T03:27:05.188757",
        "element_type": "way",
        "element_id": 442897136,
        "country": "Australia",
        "unit_type": "plant"
      }
    },
    {
      "type": "Feature",
      "geometry": {
        "type": "Point",
        "coordinates": [
          134.5270097,
          -12.14394845
        ]
      },
      "properties": {
        "label": "Rejected way 446285233",
        "type": "Capacity placeholder value",
        "osm_element": "https://www.openstreetmap.org/way/446285233",
        "rejection_reason": "Capacity placeholder value",
        "rejection_details": "Tag 'plant:output:electricity' contains placeholder value 'yes' instead of actual capacity",
        "rejection_keywords": "yes",
        "timestamp": "2026-04-24T03:27:05.188942",
        "element_type": "way",
        "element_id": 446285233,
        "country": "Australia",
        "unit_type": "plant"
      }
    },
    {
      "type": "Feature",
      "geometry": {
        "type": "Point",
        "coordinates": [
          134.61493604999998,
          -12.0554657
        ]
      },
      "properties": {
        "label": "Rejected way 446297235",
        "type": "Capacity placeholder value",
        "osm_element": "https://www.openstreetmap.org/way/446297235",
        "rejection_reason": "Capacity placeholder value",
        "rejection_details": "Tag 'plant:output:electricity' contains placeholder value 'yes' instead of actual capacity",
        "rejection_keywords": "yes",
        "timestamp": "2026-04-24T03:27:05.189139",
        "element_type": "way",
        "element_id": 446297235,
        "country": "Australia",
        "unit_type": "plant"
      }
    },
    {
      "type": "Feature",
      "geometry": {
        "type": "Point",
        "coordinates": [
          133.8693470633682,
          -23.7680094752872
        ]
      },
      "properties": {
        "label": "Rejected way 448921551",
        "type": "Missing output tag",
        "osm_element": "https://www.openstreetmap.org/way/448921551",
        "rejection_reason": "Missing output tag",
        "rejection_details": "tags: {'name': 'Uterne Solar Power Plant', 'plant:source': 'solar', 'power': 'plant'}",
        "rejection_keywords": "none",
        "timestamp": "2026-04-24T03:27:05.189456",
        "element_type": "way",
        "element_id": 448921551,
        "country": "Australia",
        "unit_type": "plant"
      }
    },
    {
      "type": "Feature",
      "geometry": {
        "type": "Point",
        "coordinates": [
          133.84467185000003,
          -12.76378175
        ]
      },
      "properties": {
        "label": "Rejected way 449881658",
        "type": "Capacity placeholder value",
        "osm_element": "https://www.openstreetmap.org/way/449881658",
        "rejection_reason": "Capacity placeholder value",
        "rejection_details": "Tag 'plant:output:electricity' contains placeholder value 'yes' instead of actual capacity",
        "rejection_keywords": "yes",
        "timestamp": "2026-04-24T03:27:05.189649",
        "element_type": "way",
        "element_id": 449881658,
        "country": "Australia",
        "unit_type": "plant"
      }
    },
    {
      "type": "Feature",
      "geometry": {
        "type": "Point",
        "coordinates": [
          130.64346092260166,
          -16.487761154450265
        ]
      },
      "properties": {
        "label": "Rejected way 451470910",
        "type": "Missing output tag",
        "osm_element": "https://www.openstreetmap.org/way/451470910",
        "rejection_reason": "Missing output tag",
        "rejection_details": "tags: {'plant:source': 'solar', 'power': 'plant'}",
        "rejection_keywords": "none",
        "timestamp": "2026-04-24T03:27:05.189817",
        "element_type": "way",
        "element_id": 451470910,
        "country": "Australia",
        "unit_type": "plant"
      }
    },
    {
      "type": "Feature",
      "geometry": {
        "type": "Point",
        "coordinates": [
          134.73543595000004,
          -14.727166399999996
        ]
      },
      "properties": {
        "label": "Rejected way 456351230",
        "type": "Capacity placeholder value",
        "osm_element": "https://www.openstreetmap.org/way/456351230",
        "rejection_reason": "Capacity placeholder value",
        "rejection_details": "Tag 'plant:output:electricity' contains placeholder value 'yes' instead of actual capacity",
        "rejection_keywords": "yes",
        "timestamp": "2026-04-24T03:27:05.190018",
        "element_type": "way",
        "element_id": 456351230,
        "country": "Australia",
        "unit_type": "plant"
      }
    },
    {
      "type": "Feature",
      "geometry": {
        "type": "Point",
        "coordinates": [
          136.29566739999999,
          -12.202400149999999
        ]
      },
      "properties": {
        "label": "Rejected way 458789546",
        "type": "Capacity placeholder value",
        "osm_element": "https://www.openstreetmap.org/way/458789546",
        "rejection_reason": "Capacity placeholder value",
        "rejection_details": "Tag 'plant:output:electricity' contains placeholder value 'yes' instead of actual capacity",
        "rejection_keywords": "yes",
        "timestamp": "2026-04-24T03:27:05.190971",
        "element_type": "way",
        "element_id": 458789546,
        "country": "Australia",
        "unit_type": "plant"
      }
    },
    {
      "type": "Feature",
      "geometry": {
        "type": "Point",
        "coordinates": [
          138.39517072663799,
          -31.128237156468003
        ]
      },
      "properties": {
        "label": "Rejected way 478032009",
        "type": "Capacity placeholder value",
        "osm_element": "https://www.openstreetmap.org/way/478032009",
        "rejection_reason": "Capacity placeholder value",
        "rejection_details": "Tag 'plant:output:electricity' contains placeholder value 'yes' instead of actual capacity",
        "rejection_keywords": "yes",
        "timestamp": "2026-04-24T03:27:05.191142",
        "element_type": "way",
        "element_id": 478032009,
        "country": "Australia",
        "unit_type": "plant"
      }
    },
    {
      "type": "Feature",
      "geometry": {
        "type": "Point",
        "coordinates": [
          153.3161237090938,
          -27.88233016235187
        ]
      },
      "properties": {
        "label": "Rejected way 489977199",
        "type": "Missing source tag",
        "osm_element": "https://www.openstreetmap.org/way/489977199",
        "rejection_reason": "Missing source tag",
        "rejection_details": "tags: {'landuse': 'industrial', 'power': 'plant'}",
        "rejection_keywords": "none",
        "timestamp": "2026-04-24T03:27:05.192362",
        "element_type": "way",
        "element_id": 489977199,
        "country": "Australia",
        "unit_type": "plant"
      }
    },
    {
      "type": "Feature",
      "geometry": {
        "type": "Point",
        "coordinates": [
          125.04281875826359,
          -32.3263843744945
        ]
      },
      "properties": {
        "label": "Rejected way 491608072",
        "type": "Capacity placeholder value",
        "osm_element": "https://www.openstreetmap.org/way/491608072",
        "rejection_reason": "Capacity placeholder value",
        "rejection_details": "Tag 'plant:output:electricity' contains placeholder value 'yes' instead of actual capacity",
        "rejection_keywords": "yes",
        "timestamp": "2026-04-24T03:27:05.192528",
        "element_type": "way",
        "element_id": 491608072,
        "country": "Australia",
        "unit_type": "plant"
      }
    },
    {
      "type": "Feature",
      "geometry": {
        "type": "Point",
        "coordinates": [
          125.1129397434784,
          -32.31742607487344
        ]
      },
      "properties": {
        "label": "Rejected way 491608080",
        "type": "Missing output tag",
        "osm_element": "https://www.openstreetmap.org/way/491608080",
        "rejection_reason": "Missing output tag",
        "rejection_details": "tags: {'barrier': 'fence', 'landuse': 'industrial', 'plant:method': 'photovoltaic', 'plant:source': 'solar', 'power': 'plant'}",
        "rejection_keywords": "none",
        "timestamp": "2026-04-24T03:27:05.192697",
        "element_type": "way",
        "element_id": 491608080,
        "country": "Australia",
        "unit_type": "plant"
      }
    },
    {
      "type": "Feature",
      "geometry": {
        "type": "Point",
        "coordinates": [
          125.54923535000002,
          -32.24279550000001
        ]
      },
      "properties": {
        "label": "Rejected way 491899078",
        "type": "Missing output tag",
        "osm_element": "https://www.openstreetmap.org/way/491899078",
        "rejection_reason": "Missing output tag",
        "rejection_details": "tags: {'barrier': 'fence', 'landuse': 'industrial', 'plant:method': 'photovoltaic', 'plant:source': 'solar', 'power': 'plant'}",
        "rejection_keywords": "none",
        "timestamp": "2026-04-24T03:27:05.192883",
        "element_type": "way",
        "element_id": 491899078,
        "country": "Australia",
        "unit_type": "plant"
      }
    },
    {
      "type": "Feature",
      "geometry": {
        "type": "Point",
        "coordinates": [
          125.61338770644076,
          -32.202292475345274
        ]
      },
      "properties": {
        "label": "Rejected way 491899082",
        "type": "Missing source tag",
        "osm_element": "https://www.openstreetmap.org/way/491899082",
        "rejection_reason": "Missing source tag",
        "rejection_details": "tags: {'landuse': 'industrial', 'power': 'plant'}",
        "rejection_keywords": "none",
        "timestamp": "2026-04-24T03:27:05.193103",
        "element_type": "way",
        "element_id": 491899082,
        "country": "Australia",
        "unit_type": "plant"
      }
    },
    {
      "type": "Feature",
      "geometry": {
        "type": "Point",
        "coordinates": [
          126.01281814999999,
          -32.02917545
        ]
      },
      "properties": {
        "label": "Rejected way 491899090",
        "type": "Missing source tag",
        "osm_element": "https://www.openstreetmap.org/way/491899090",
        "rejection_reason": "Missing source tag",
        "rejection_details": "tags: {'landuse': 'industrial', 'power': 'plant'}",
        "rejection_keywords": "none",
        "timestamp": "2026-04-24T03:27:05.193259",
        "element_type": "way",
        "element_id": 491899090,
        "country": "Australia",
        "unit_type": "plant"
      }
    },
    {
      "type": "Feature",
      "geometry": {
        "type": "Point",
        "coordinates": [
          137.84347561471645,
          -32.55149107590233
        ]
      },
      "properties": {
        "label": "Rejected way 495976731",
        "type": "Capacity placeholder value",
        "osm_element": "https://www.openstreetmap.org/way/495976731",
        "rejection_reason": "Capacity placeholder value",
        "rejection_details": "Tag 'plant:output:electricity' contains placeholder value 'yes' instead of actual capacity",
        "rejection_keywords": "yes",
        "timestamp": "2026-04-24T03:27:05.193494",
        "element_type": "way",
        "element_id": 495976731,
        "country": "Australia",
        "unit_type": "plant"
      }
    },
    {
      "type": "Feature",
      "geometry": {
        "type": "Point",
        "coordinates": [
          130.89057115,
          -16.44022515
        ]
      },
      "properties": {
        "label": "Rejected way 506827865",
        "type": "Capacity placeholder value",
        "osm_element": "https://www.openstreetmap.org/way/506827865",
        "rejection_reason": "Capacity placeholder value",
        "rejection_details": "Tag 'plant:output:electricity' contains placeholder value 'yes' instead of actual capacity",
        "rejection_keywords": "yes",
        "timestamp": "2026-04-24T03:27:05.194914",
        "element_type": "way",
        "element_id": 506827865,
        "country": "Australia",
        "unit_type": "plant"
      }
    },
    {
      "type": "Feature",
      "geometry": {
        "type": "Point",
        "coordinates": [
          151.24174348493565,
          -27.14606156127645
        ]
      },
      "properties": {
        "label": "Rejected way 517547973",
        "type": "Missing output tag",
        "osm_element": "https://www.openstreetmap.org/way/517547973",
        "rejection_reason": "Missing output tag",
        "rejection_details": "tags: {'landuse': 'industrial', 'name': 'Dalby Bio-Refinery', 'plant:method': 'combustion', 'plant:source': 'biofuel', 'power': 'plant'}",
        "rejection_keywords": "none",
        "timestamp": "2026-04-24T03:27:05.196854",
        "element_type": "way",
        "element_id": 517547973,
        "country": "Australia",
        "unit_type": "plant"
      }
    },
    {
      "type": "Feature",
      "geometry": {
        "type": "Point",
        "coordinates": [
          119.74131638582817,
          -21.164396717115686
        ]
      },
      "properties": {
        "label": "Rejected way 550003920",
        "type": "Capacity regex no match",
        "osm_element": "https://www.openstreetmap.org/way/550003920",
        "rejection_reason": "Capacity regex no match",
        "rejection_details": "Tag 'plant:output:electricity' has value '300 kW' which could not be parsed",
        "rejection_keywords": "300 kW",
        "timestamp": "2026-04-24T03:27:05.200205",
        "element_type": "way",
        "element_id": 550003920,
        "country": "Australia",
        "unit_type": "plant"
      }
    },
    {
      "type": "Feature",
      "geometry": {
        "type": "Point",
        "coordinates": [
          138.54133339274685,
          -35.02978331399059
        ]
      },
      "properties": {
        "label": "Rejected way 580306992",
        "type": "Missing source tag",
        "osm_element": "https://www.openstreetmap.org/way/580306992",
        "rejection_reason": "Missing source tag",
        "rejection_details": "tags: {'addr:housenumber': '156', 'addr:street': 'Seacombe Road', 'landuse': 'industrial', 'power': 'plant'}",
        "rejection_keywords": "none",
        "timestamp": "2026-04-24T03:27:05.201196",
        "element_type": "way",
        "element_id": 580306992,
        "country": "Australia",
        "unit_type": "plant"
      }
    },
    {
      "type": "Feature",
      "geometry": {
        "type": "Point",
        "coordinates": [
          128.6160835,
          -18.79782015
        ]
      },
      "properties": {
        "label": "Rejected way 617619061",
        "type": "Capacity regex no match",
        "osm_element": "https://www.openstreetmap.org/way/617619061",
        "rejection_reason": "Capacity regex no match",
        "rejection_details": "Tag 'plant:output:electricity' has value '337 KW' which could not be parsed",
        "rejection_keywords": "337 KW",
        "timestamp": "2026-04-24T03:27:05.204047",
        "element_type": "way",
        "element_id": 617619061,
        "country": "Australia",
        "unit_type": "plant"
      }
    },
    {
      "type": "Feature",
      "geometry": {
        "type": "Point",
        "coordinates": [
          119.29486195000001,
          -27.985613349999994
        ]
      },
      "properties": {
        "label": "Rejected way 631201148",
        "type": "Capacity placeholder value",
        "osm_element": "https://www.openstreetmap.org/way/631201148",
        "rejection_reason": "Capacity placeholder value",
        "rejection_details": "Tag 'plant:output:electricity' contains placeholder value 'yes' instead of actual capacity",
        "rejection_keywords": "yes",
        "timestamp": "2026-04-24T03:27:05.204545",
        "element_type": "way",
        "element_id": 631201148,
        "country": "Australia",
        "unit_type": "plant"
      }
    },
    {
      "type": "Feature",
      "geometry": {
        "type": "Point",
        "coordinates": [
          138.734988688675,
          -34.78735650481774
        ]
      },
      "properties": {
        "label": "Rejected way 674422702",
        "type": "Capacity placeholder value",
        "osm_element": "https://www.openstreetmap.org/way/674422702",
        "rejection_reason": "Capacity placeholder value",
        "rejection_details": "Tag 'plant:output:electricity' contains placeholder value 'yes' instead of actual capacity",
        "rejection_keywords": "yes",
        "timestamp": "2026-04-24T03:27:05.207072",
        "element_type": "way",
        "element_id": 674422702,
        "country": "Australia",
        "unit_type": "plant"
      }
    },
    {
      "type": "Feature",
      "geometry": {
        "type": "Point",
        "coordinates": [
          143.34086386387162,
          -12.78675886797958
        ]
      },
      "properties": {
        "label": "Rejected way 677517434",
        "type": "Capacity placeholder value",
        "osm_element": "https://www.openstreetmap.org/way/677517434",
        "rejection_reason": "Capacity placeholder value",
        "rejection_details": "Tag 'plant:output:electricity' contains placeholder value 'yes' instead of actual capacity",
        "rejection_keywords": "yes",
        "timestamp": "2026-04-24T03:27:05.207282",
        "element_type": "way",
        "element_id": 677517434,
        "country": "Australia",
        "unit_type": "plant"
      }
    },
    {
      "type": "Feature",
      "geometry": {
        "type": "Point",
        "coordinates": [
          148.97191953051964,
          -35.247765472405554
        ]
      },
      "properties": {
        "label": "Rejected way 731995659",
        "type": "Capacity regex no match",
        "osm_element": "https://www.openstreetmap.org/way/731995659",
        "rejection_reason": "Capacity regex no match",
        "rejection_details": "Tag 'plant:output:electricity' has value '390 KW' which could not be parsed",
        "rejection_keywords": "390 KW",
        "timestamp": "2026-04-24T03:27:05.219408",
        "element_type": "way",
        "element_id": 731995659,
        "country": "Australia",
        "unit_type": "plant"
      }
    },
    {
      "type": "Feature",
      "geometry": {
        "type": "Point",
        "coordinates": [
          129.173546385217,
          -26.15911598364382
        ]
      },
      "properties": {
        "label": "Rejected way 759341226",
        "type": "Capacity placeholder value",
        "osm_element": "https://www.openstreetmap.org/way/759341226",
        "rejection_reason": "Capacity placeholder value",
        "rejection_details": "Tag 'plant:output:electricity' contains placeholder value 'yes' instead of actual capacity",
        "rejection_keywords": "yes",
        "timestamp": "2026-04-24T03:27:05.221522",
        "element_type": "way",
        "element_id": 759341226,
        "country": "Australia",
        "unit_type": "plant"
      }
    },
    {
      "type": "Feature",
      "geometry": {
        "type": "Point",
        "coordinates": [
          145.526323905508,
          -42.014871827654034
        ]
      },
      "properties": {
        "label": "Rejected way 792848702",
        "type": "Missing output tag",
        "osm_element": "https://www.openstreetmap.org/way/792848702",
        "rejection_reason": "Missing output tag",
        "rejection_details": "tags: {'building': 'yes', 'name': 'Lower Lake Margaret', 'plant:source': 'hydro', 'power': 'plant'}",
        "rejection_keywords": "none",
        "timestamp": "2026-04-24T03:27:05.224052",
        "element_type": "way",
        "element_id": 792848702,
        "country": "Australia",
        "unit_type": "plant"
      }
    },
    {
      "type": "Feature",
      "geometry": {
        "type": "Point",
        "coordinates": [
          136.4207223319559,
          -13.858546696154425
        ]
      },
      "properties": {
        "label": "Rejected way 802897367",
        "type": "Capacity placeholder value",
        "osm_element": "https://www.openstreetmap.org/way/802897367",
        "rejection_reason": "Capacity placeholder value",
        "rejection_details": "Tag 'plant:output:electricity' contains placeholder value 'yes' instead of actual capacity",
        "rejection_keywords": "yes",
        "timestamp": "2026-04-24T03:27:05.225226",
        "element_type": "way",
        "element_id": 802897367,
        "country": "Australia",
        "unit_type": "plant"
      }
    },
    {
      "type": "Feature",
      "geometry": {
        "type": "Point",
        "coordinates": [
          130.97381338201217,
          -25.221721394284106
        ]
      },
      "properties": {
        "label": "Rejected way 805402710",
        "type": "Capacity placeholder value",
        "osm_element": "https://www.openstreetmap.org/way/805402710",
        "rejection_reason": "Capacity placeholder value",
        "rejection_details": "Tag 'plant:output:electricity' contains placeholder value 'yes' instead of actual capacity",
        "rejection_keywords": "yes",
        "timestamp": "2026-04-24T03:27:05.225412",
        "element_type": "way",
        "element_id": 805402710,
        "country": "Australia",
        "unit_type": "plant"
      }
    },
    {
      "type": "Feature",
      "geometry": {
        "type": "Point",
        "coordinates": [
          129.93809871666843,
          -20.53181682607679
        ]
      },
      "properties": {
        "label": "Rejected way 808765164",
        "type": "Missing source tag",
        "osm_element": "https://www.openstreetmap.org/way/808765164",
        "rejection_reason": "Missing source tag",
        "rejection_details": "tags: {'landuse': 'industrial', 'power': 'plant'}",
        "rejection_keywords": "none",
        "timestamp": "2026-04-24T03:27:05.225568",
        "element_type": "way",
        "element_id": 808765164,
        "country": "Australia",
        "unit_type": "plant"
      }
    },
    {
      "type": "Feature",
      "geometry": {
        "type": "Point",
        "coordinates": [
          130.3189757252036,
          -20.540675792746946
        ]
      },
      "properties": {
        "label": "Rejected way 808765166",
        "type": "Missing source tag",
        "osm_element": "https://www.openstreetmap.org/way/808765166",
        "rejection_reason": "Missing source tag",
        "rejection_details": "tags: {'landuse': 'industrial', 'power': 'plant'}",
        "rejection_keywords": "none",
        "timestamp": "2026-04-24T03:27:05.225723",
        "element_type": "way",
        "element_id": 808765166,
        "country": "Australia",
        "unit_type": "plant"
      }
    },
    {
      "type": "Feature",
      "geometry": {
        "type": "Point",
        "coordinates": [
          133.53922534949862,
          -17.55044782089217
        ]
      },
      "properties": {
        "label": "Rejected way 809024770",
        "type": "Capacity placeholder value",
        "osm_element": "https://www.openstreetmap.org/way/809024770",
        "rejection_reason": "Capacity placeholder value",
        "rejection_details": "Tag 'plant:output:electricity' contains placeholder value 'yes' instead of actual capacity",
        "rejection_keywords": "yes",
        "timestamp": "2026-04-24T03:27:05.225896",
        "element_type": "way",
        "element_id": 809024770,
        "country": "Australia",
        "unit_type": "plant"
      }
    },
    {
      "type": "Feature",
      "geometry": {
        "type": "Point",
        "coordinates": [
          133.37566737429546,
          -16.26944590965342
        ]
      },
      "properties": {
        "label": "Rejected way 809045886",
        "type": "Capacity placeholder value",
        "osm_element": "https://www.openstreetmap.org/way/809045886",
        "rejection_reason": "Capacity placeholder value",
        "rejection_details": "Tag 'plant:output:electricity' contains placeholder value 'yes' instead of actual capacity",
        "rejection_keywords": "yes",
        "timestamp": "2026-04-24T03:27:05.226097",
        "element_type": "way",
        "element_id": 809045886,
        "country": "Australia",
        "unit_type": "plant"
      }
    },
    {
      "type": "Feature",
      "geometry": {
        "type": "Point",
        "coordinates": [
          142.02994827313915,
          -34.35400846979056
        ]
      },
      "properties": {
        "label": "Rejected way 812876811",
        "type": "Capacity placeholder value",
        "osm_element": "https://www.openstreetmap.org/way/812876811",
        "rejection_reason": "Capacity placeholder value",
        "rejection_details": "Tag 'plant:output:electricity' contains placeholder value 'yes' instead of actual capacity",
        "rejection_keywords": "yes",
        "timestamp": "2026-04-24T03:27:05.226302",
        "element_type": "way",
        "element_id": 812876811,
        "country": "Australia",
        "unit_type": "plant"
      }
    },
    {
      "type": "Feature",
      "geometry": {
        "type": "Point",
        "coordinates": [
          144.28248990966787,
          -38.19985335540286
        ]
      },
      "properties": {
        "label": "Rejected way 820382925",
        "type": "Capacity placeholder value",
        "osm_element": "https://www.openstreetmap.org/way/820382925",
        "rejection_reason": "Capacity placeholder value",
        "rejection_details": "Tag 'plant:output:electricity' contains placeholder value 'yes' instead of actual capacity",
        "rejection_keywords": "yes",
        "timestamp": "2026-04-24T03:27:05.226534",
        "element_type": "way",
        "element_id": 820382925,
        "country": "Australia",
        "unit_type": "plant"
      }
    },
    {
      "type": "Feature",
      "geometry": {
        "type": "Point",
        "coordinates": [
          129.38715497606384,
          -23.27191444423341
        ]
      },
      "properties": {
        "label": "Rejected way 827012131",
        "type": "Capacity placeholder value",
        "osm_element": "https://www.openstreetmap.org/way/827012131",
        "rejection_reason": "Capacity placeholder value",
        "rejection_details": "Tag 'plant:output:electricity' contains placeholder value 'yes' instead of actual capacity",
        "rejection_keywords": "yes",
        "timestamp": "2026-04-24T03:27:05.227247",
        "element_type": "way",
        "element_id": 827012131,
        "country": "Australia",
        "unit_type": "plant"
      }
    },
    {
      "type": "Feature",
      "geometry": {
        "type": "Point",
        "coordinates": [
          134.67541839999998,
          -21.046701999999993
        ]
      },
      "properties": {
        "label": "Rejected way 846106319",
        "type": "Capacity placeholder value",
        "osm_element": "https://www.openstreetmap.org/way/846106319",
        "rejection_reason": "Capacity placeholder value",
        "rejection_details": "Tag 'plant:output:electricity' contains placeholder value 'yes' instead of actual capacity",
        "rejection_keywords": "yes",
        "timestamp": "2026-04-24T03:27:05.229933",
        "element_type": "way",
        "element_id": 846106319,
        "country": "Australia",
        "unit_type": "plant"
      }
    },
    {
      "type": "Feature",
      "geometry": {
        "type": "Point",
        "coordinates": [
          144.89439285442705,
          -37.83019423684258
        ]
      },
      "properties": {
        "label": "Rejected way 846301015",
        "type": "Capacity placeholder value",
        "osm_element": "https://www.openstreetmap.org/way/846301015",
        "rejection_reason": "Capacity placeholder value",
        "rejection_details": "Tag 'plant:output:electricity' contains placeholder value 'yes' instead of actual capacity",
        "rejection_keywords": "yes",
        "timestamp": "2026-04-24T03:27:05.230149",
        "element_type": "way",
        "element_id": 846301015,
        "country": "Australia",
        "unit_type": "plant"
      }
    },
    {
      "type": "Feature",
      "geometry": {
        "type": "Point",
        "coordinates": [
          146.89511671443844,
          -36.02934227405009
        ]
      },
      "properties": {
        "label": "Rejected way 848775043",
        "type": "Capacity placeholder value",
        "osm_element": "https://www.openstreetmap.org/way/848775043",
        "rejection_reason": "Capacity placeholder value",
        "rejection_details": "Tag 'plant:output:electricity' contains placeholder value 'yes' instead of actual capacity",
        "rejection_keywords": "yes",
        "timestamp": "2026-04-24T03:27:05.230675",
        "element_type": "way",
        "element_id": 848775043,
        "country": "Australia",
        "unit_type": "plant"
      }
    },
    {
      "type": "Feature",
      "geometry": {
        "type": "Point",
        "coordinates": [
          142.3948352151809,
          -10.89268141919508
        ]
      },
      "properties": {
        "label": "Rejected way 866255566",
        "type": "Capacity placeholder value",
        "osm_element": "https://www.openstreetmap.org/way/866255566",
        "rejection_reason": "Capacity placeholder value",
        "rejection_details": "Tag 'plant:output:electricity' contains placeholder value 'yes' instead of actual capacity",
        "rejection_keywords": "yes",
        "timestamp": "2026-04-24T03:27:05.231754",
        "element_type": "way",
        "element_id": 866255566,
        "country": "Australia",
        "unit_type": "plant"
      }
    },
    {
      "type": "Feature",
      "geometry": {
        "type": "Point",
        "coordinates": [
          149.18523754498537,
          -35.3152520636175
        ]
      },
      "properties": {
        "label": "Rejected way 871495125",
        "type": "Capacity placeholder value",
        "osm_element": "https://www.openstreetmap.org/way/871495125",
        "rejection_reason": "Capacity placeholder value",
        "rejection_details": "Tag 'plant:output:electricity' contains placeholder value 'yes' instead of actual capacity",
        "rejection_keywords": "yes",
        "timestamp": "2026-04-24T03:27:05.232465",
        "element_type": "way",
        "element_id": 871495125,
        "country": "Australia",
        "unit_type": "plant"
      }
    },
    {
      "type": "Feature",
      "geometry": {
        "type": "Point",
        "coordinates": [
          116.06975227672572,
          -33.23596374166334
        ]
      },
      "properties": {
        "label": "Rejected way 874624368",
        "type": "Capacity regex no match",
        "osm_element": "https://www.openstreetmap.org/way/874624368",
        "rejection_reason": "Capacity regex no match",
        "rejection_details": "Tag 'plant:output:electricity' has value '120' which could not be parsed",
        "rejection_keywords": "120",
        "timestamp": "2026-04-24T03:27:05.232847",
        "element_type": "way",
        "element_id": 874624368,
        "country": "Australia",
        "unit_type": "plant"
      }
    },
    {
      "type": "Feature",
      "geometry": {
        "type": "Point",
        "coordinates": [
          151.07172798032008,
          -32.57967340931122
        ]
      },
      "properties": {
        "label": "Rejected way 879020826",
        "type": "Missing source tag",
        "osm_element": "https://www.openstreetmap.org/way/879020826",
        "rejection_reason": "Missing source tag",
        "rejection_details": "tags: {'landuse': 'industrial', 'name': 'Redbank Power Station', 'note': 'Retired in 2014: https://www.gem.wiki/Redbank_Power_Station', 'power': 'plant'}",
        "rejection_keywords": "none",
        "timestamp": "2026-04-24T03:27:05.233167",
        "element_type": "way",
        "element_id": 879020826,
        "country": "Australia",
        "unit_type": "plant"
      }
    },
    {
      "type": "Feature",
      "geometry": {
        "type": "Point",
        "coordinates": [
          134.234312619192,
          -12.063642214919962
        ]
      },
      "properties": {
        "label": "Rejected way 887850601",
        "type": "Capacity placeholder value",
        "osm_element": "https://www.openstreetmap.org/way/887850601",
        "rejection_reason": "Capacity placeholder value",
        "rejection_details": "Tag 'plant:output:electricity' contains placeholder value 'yes' instead of actual capacity",
        "rejection_keywords": "yes",
        "timestamp": "2026-04-24T03:27:05.234339",
        "element_type": "way",
        "element_id": 887850601,
        "country": "Australia",
        "unit_type": "plant"
      }
    },
    {
      "type": "Feature",
      "geometry": {
        "type": "Point",
        "coordinates": [
          116.8241641172936,
          -22.4093076943108
        ]
      },
      "properties": {
        "label": "Rejected way 888044295",
        "type": "Missing source tag",
        "osm_element": "https://www.openstreetmap.org/way/888044295",
        "rejection_reason": "Missing source tag",
        "rejection_details": "tags: {'landuse': 'industrial', 'power': 'plant'}",
        "rejection_keywords": "none",
        "timestamp": "2026-04-24T03:27:05.234497",
        "element_type": "way",
        "element_id": 888044295,
        "country": "Australia",
        "unit_type": "plant"
      }
    },
    {
      "type": "Feature",
      "geometry": {
        "type": "Point",
        "coordinates": [
          116.82958097904823,
          -22.462597780641662
        ]
      },
      "properties": {
        "label": "Rejected way 889073278",
        "type": "Missing output tag",
        "osm_element": "https://www.openstreetmap.org/way/889073278",
        "rejection_reason": "Missing output tag",
        "rejection_details": "tags: {'landuse': 'industrial', 'name': 'Eliwana Power Station', 'operator': 'Fortescue', 'plant:method': 'combustion', 'plant:source': 'diesel', 'power': 'plant'}",
        "rejection_keywords": "none",
        "timestamp": "2026-04-24T03:27:05.235169",
        "element_type": "way",
        "element_id": 889073278,
        "country": "Australia",
        "unit_type": "plant"
      }
    },
    {
      "type": "Feature",
      "geometry": {
        "type": "Point",
        "coordinates": [
          150.86161950710553,
          -33.812460557375
        ]
      },
      "properties": {
        "label": "Rejected way 890446825",
        "type": "Missing source tag",
        "osm_element": "https://www.openstreetmap.org/way/890446825",
        "rejection_reason": "Missing source tag",
        "rejection_details": "tags: {'barrier': 'fence', 'landuse': 'industrial', 'power': 'plant'}",
        "rejection_keywords": "none",
        "timestamp": "2026-04-24T03:27:05.235459",
        "element_type": "way",
        "element_id": 890446825,
        "country": "Australia",
        "unit_type": "plant"
      }
    },
    {
      "type": "Feature",
      "geometry": {
        "type": "Point",
        "coordinates": [
          142.2191310005358,
          -10.575016630447216
        ]
      },
      "properties": {
        "label": "Rejected way 904224924",
        "type": "Capacity placeholder value",
        "osm_element": "https://www.openstreetmap.org/way/904224924",
        "rejection_reason": "Capacity placeholder value",
        "rejection_details": "Tag 'plant:output:electricity' contains placeholder value 'yes' instead of actual capacity",
        "rejection_keywords": "yes",
        "timestamp": "2026-04-24T03:27:05.235622",
        "element_type": "way",
        "element_id": 904224924,
        "country": "Australia",
        "unit_type": "plant"
      }
    },
    {
      "type": "Feature",
      "geometry": {
        "type": "Point",
        "coordinates": [
          130.55147085,
          -22.65437625
        ]
      },
      "properties": {
        "label": "Rejected way 909227655",
        "type": "Capacity placeholder value",
        "osm_element": "https://www.openstreetmap.org/way/909227655",
        "rejection_reason": "Capacity placeholder value",
        "rejection_details": "Tag 'plant:output:electricity' contains placeholder value 'yes' instead of actual capacity",
        "rejection_keywords": "yes",
        "timestamp": "2026-04-24T03:27:05.236178",
        "element_type": "way",
        "element_id": 909227655,
        "country": "Australia",
        "unit_type": "plant"
      }
    },
    {
      "type": "Feature",
      "geometry": {
        "type": "Point",
        "coordinates": [
          131.79315764224623,
          -22.242845192867776
        ]
      },
      "properties": {
        "label": "Rejected way 909284873",
        "type": "Capacity placeholder value",
        "osm_element": "https://www.openstreetmap.org/way/909284873",
        "rejection_reason": "Capacity placeholder value",
        "rejection_details": "Tag 'plant:output:electricity' contains placeholder value 'yes' instead of actual capacity",
        "rejection_keywords": "yes",
        "timestamp": "2026-04-24T03:27:05.236340",
        "element_type": "way",
        "element_id": 909284873,
        "country": "Australia",
        "unit_type": "plant"
      }
    },
    {
      "type": "Feature",
      "geometry": {
        "type": "Point",
        "coordinates": [
          131.79908121326878,
          -22.252127769538003
        ]
      },
      "properties": {
        "label": "Rejected way 909284885",
        "type": "Capacity placeholder value",
        "osm_element": "https://www.openstreetmap.org/way/909284885",
        "rejection_reason": "Capacity placeholder value",
        "rejection_details": "Tag 'plant:output:electricity' contains placeholder value 'yes' instead of actual capacity",
        "rejection_keywords": "yes",
        "timestamp": "2026-04-24T03:27:05.236525",
        "element_type": "way",
        "element_id": 909284885,
        "country": "Australia",
        "unit_type": "plant"
      }
    },
    {
      "type": "Feature",
      "geometry": {
        "type": "Point",
        "coordinates": [
          147.92873606310224,
          -22.142401261851987
        ]
      },
      "properties": {
        "label": "Rejected way 910032620",
        "type": "Capacity placeholder value",
        "osm_element": "https://www.openstreetmap.org/way/910032620",
        "rejection_reason": "Capacity placeholder value",
        "rejection_details": "Tag 'plant:output:electricity' contains placeholder value 'yes' instead of actual capacity",
        "rejection_keywords": "yes",
        "timestamp": "2026-04-24T03:27:05.237363",
        "element_type": "way",
        "element_id": 910032620,
        "country": "Australia",
        "unit_type": "plant"
      }
    },
    {
      "type": "Feature",
      "geometry": {
        "type": "Point",
        "coordinates": [
          147.9325940097082,
          -22.12835693605955
        ]
      },
      "properties": {
        "label": "Rejected way 910032621",
        "type": "Capacity placeholder value",
        "osm_element": "https://www.openstreetmap.org/way/910032621",
        "rejection_reason": "Capacity placeholder value",
        "rejection_details": "Tag 'plant:output:electricity' contains placeholder value 'yes' instead of actual capacity",
        "rejection_keywords": "yes",
        "timestamp": "2026-04-24T03:27:05.237602",
        "element_type": "way",
        "element_id": 910032621,
        "country": "Australia",
        "unit_type": "plant"
      }
    },
    {
      "type": "Feature",
      "geometry": {
        "type": "Point",
        "coordinates": [
          116.15910517488047,
          -21.076456640552564
        ]
      },
      "properties": {
        "label": "Rejected way 915630855",
        "type": "Capacity placeholder value",
        "osm_element": "https://www.openstreetmap.org/way/915630855",
        "rejection_reason": "Capacity placeholder value",
        "rejection_details": "Tag 'plant:output:electricity' contains placeholder value 'yes' instead of actual capacity",
        "rejection_keywords": "yes",
        "timestamp": "2026-04-24T03:27:05.238875",
        "element_type": "way",
        "element_id": 915630855,
        "country": "Australia",
        "unit_type": "plant"
      }
    },
    {
      "type": "Feature",
      "geometry": {
        "type": "Point",
        "coordinates": [
          116.72217566604043,
          -20.64885028298555
        ]
      },
      "properties": {
        "label": "Rejected way 921482919",
        "type": "Missing source tag",
        "osm_element": "https://www.openstreetmap.org/way/921482919",
        "rejection_reason": "Missing source tag",
        "rejection_details": "tags: {'landuse': 'industrial', 'name': 'Dampier Hamersley Power Station', 'power': 'plant'}",
        "rejection_keywords": "none",
        "timestamp": "2026-04-24T03:27:05.239712",
        "element_type": "way",
        "element_id": 921482919,
        "country": "Australia",
        "unit_type": "plant"
      }
    },
    {
      "type": "Feature",
      "geometry": {
        "type": "Point",
        "coordinates": [
          136.68653612860598,
          -12.188861885596188
        ]
      },
      "properties": {
        "label": "Rejected way 926903512",
        "type": "Capacity placeholder value",
        "osm_element": "https://www.openstreetmap.org/way/926903512",
        "rejection_reason": "Capacity placeholder value",
        "rejection_details": "Tag 'plant:output:electricity' contains placeholder value 'yes' instead of actual capacity",
        "rejection_keywords": "yes",
        "timestamp": "2026-04-24T03:27:05.240077",
        "element_type": "way",
        "element_id": 926903512,
        "country": "Australia",
        "unit_type": "plant"
      }
    },
    {
      "type": "Feature",
      "geometry": {
        "type": "Point",
        "coordinates": [
          153.426806422713,
          -27.9395644299785
        ]
      },
      "properties": {
        "label": "Rejected way 929024969",
        "type": "Capacity placeholder value",
        "osm_element": "https://www.openstreetmap.org/way/929024969",
        "rejection_reason": "Capacity placeholder value",
        "rejection_details": "Tag 'plant:output:electricity' contains placeholder value 'yes' instead of actual capacity",
        "rejection_keywords": "yes",
        "timestamp": "2026-04-24T03:27:05.240249",
        "element_type": "way",
        "element_id": 929024969,
        "country": "Australia",
        "unit_type": "plant"
      }
    },
    {
      "type": "Feature",
      "geometry": {
        "type": "Point",
        "coordinates": [
          138.50756711155896,
          -34.80592898218876
        ]
      },
      "properties": {
        "label": "Rejected way 932291959",
        "type": "Missing source tag",
        "osm_element": "https://www.openstreetmap.org/way/932291959",
        "rejection_reason": "Missing source tag",
        "rejection_details": "tags: {'power': 'plant'}",
        "rejection_keywords": "none",
        "timestamp": "2026-04-24T03:27:05.240402",
        "element_type": "way",
        "element_id": 932291959,
        "country": "Australia",
        "unit_type": "plant"
      }
    },
    {
      "type": "Feature",
      "geometry": {
        "type": "Point",
        "coordinates": [
          147.65500772328917,
          -33.40909855159824
        ]
      },
      "properties": {
        "label": "Rejected way 934993546",
        "type": "Capacity placeholder value",
        "osm_element": "https://www.openstreetmap.org/way/934993546",
        "rejection_reason": "Capacity placeholder value",
        "rejection_details": "Tag 'plant:output:electricity' contains placeholder value 'yes' instead of actual capacity",
        "rejection_keywords": "yes",
        "timestamp": "2026-04-24T03:27:05.241040",
        "element_type": "way",
        "element_id": 934993546,
        "country": "Australia",
        "unit_type": "plant"
      }
    },
    {
      "type": "Feature",
      "geometry": {
        "type": "Point",
        "coordinates": [
          147.65056895962374,
          -33.40850607415154
        ]
      },
      "properties": {
        "label": "Rejected way 934993547",
        "type": "Capacity placeholder value",
        "osm_element": "https://www.openstreetmap.org/way/934993547",
        "rejection_reason": "Capacity placeholder value",
        "rejection_details": "Tag 'plant:output:electricity' contains placeholder value 'yes' instead of actual capacity",
        "rejection_keywords": "yes",
        "timestamp": "2026-04-24T03:27:05.241315",
        "element_type": "way",
        "element_id": 934993547,
        "country": "Australia",
        "unit_type": "plant"
      }
    },
    {
      "type": "Feature",
      "geometry": {
        "type": "Point",
        "coordinates": [
          147.6463769081783,
          -33.40867888531613
        ]
      },
      "properties": {
        "label": "Rejected way 934993548",
        "type": "Capacity placeholder value",
        "osm_element": "https://www.openstreetmap.org/way/934993548",
        "rejection_reason": "Capacity placeholder value",
        "rejection_details": "Tag 'plant:output:electricity' contains placeholder value 'yes' instead of actual capacity",
        "rejection_keywords": "yes",
        "timestamp": "2026-04-24T03:27:05.241518",
        "element_type": "way",
        "element_id": 934993548,
        "country": "Australia",
        "unit_type": "plant"
      }
    },
    {
      "type": "Feature",
      "geometry": {
        "type": "Point",
        "coordinates": [
          147.64661196205233,
          -33.40682095721844
        ]
      },
      "properties": {
        "label": "Rejected way 934993549",
        "type": "Capacity placeholder value",
        "osm_element": "https://www.openstreetmap.org/way/934993549",
        "rejection_reason": "Capacity placeholder value",
        "rejection_details": "Tag 'plant:output:electricity' contains placeholder value 'yes' instead of actual capacity",
        "rejection_keywords": "yes",
        "timestamp": "2026-04-24T03:27:05.241765",
        "element_type": "way",
        "element_id": 934993549,
        "country": "Australia",
        "unit_type": "plant"
      }
    },
    {
      "type": "Feature",
      "geometry": {
        "type": "Point",
        "coordinates": [
          147.64396214653084,
          -33.40526685079755
        ]
      },
      "properties": {
        "label": "Rejected way 934993550",
        "type": "Capacity placeholder value",
        "osm_element": "https://www.openstreetmap.org/way/934993550",
        "rejection_reason": "Capacity placeholder value",
        "rejection_details": "Tag 'plant:output:electricity' contains placeholder value 'yes' instead of actual capacity",
        "rejection_keywords": "yes",
        "timestamp": "2026-04-24T03:27:05.242019",
        "element_type": "way",
        "element_id": 934993550,
        "country": "Australia",
        "unit_type": "plant"
      }
    },
    {
      "type": "Feature",
      "geometry": {
        "type": "Point",
        "coordinates": [
          147.64051834605775,
          -33.4079350815349
        ]
      },
      "properties": {
        "label": "Rejected way 934993551",
        "type": "Capacity placeholder value",
        "osm_element": "https://www.openstreetmap.org/way/934993551",
        "rejection_reason": "Capacity placeholder value",
        "rejection_details": "Tag 'plant:output:electricity' contains placeholder value 'yes' instead of actual capacity",
        "rejection_keywords": "yes",
        "timestamp": "2026-04-24T03:27:05.242275",
        "element_type": "way",
        "element_id": 934993551,
        "country": "Australia",
        "unit_type": "plant"
      }
    },
    {
      "type": "Feature",
      "geometry": {
        "type": "Point",
        "coordinates": [
          147.6397460653269,
          -33.40618003149556
        ]
      },
      "properties": {
        "label": "Rejected way 934993552",
        "type": "Capacity placeholder value",
        "osm_element": "https://www.openstreetmap.org/way/934993552",
        "rejection_reason": "Capacity placeholder value",
        "rejection_details": "Tag 'plant:output:electricity' contains placeholder value 'yes' instead of actual capacity",
        "rejection_keywords": "yes",
        "timestamp": "2026-04-24T03:27:05.242525",
        "element_type": "way",
        "element_id": 934993552,
        "country": "Australia",
        "unit_type": "plant"
      }
    },
    {
      "type": "Feature",
      "geometry": {
        "type": "Point",
        "coordinates": [
          147.6351009424439,
          -33.40720654063271
        ]
      },
      "properties": {
        "label": "Rejected way 934993553",
        "type": "Capacity placeholder value",
        "osm_element": "https://www.openstreetmap.org/way/934993553",
        "rejection_reason": "Capacity placeholder value",
        "rejection_details": "Tag 'plant:output:electricity' contains placeholder value 'yes' instead of actual capacity",
        "rejection_keywords": "yes",
        "timestamp": "2026-04-24T03:27:05.242729",
        "element_type": "way",
        "element_id": 934993553,
        "country": "Australia",
        "unit_type": "plant"
      }
    },
    {
      "type": "Feature",
      "geometry": {
        "type": "Point",
        "coordinates": [
          147.63507117962968,
          -33.404803782430854
        ]
      },
      "properties": {
        "label": "Rejected way 934993554",
        "type": "Capacity placeholder value",
        "osm_element": "https://www.openstreetmap.org/way/934993554",
        "rejection_reason": "Capacity placeholder value",
        "rejection_details": "Tag 'plant:output:electricity' contains placeholder value 'yes' instead of actual capacity",
        "rejection_keywords": "yes",
        "timestamp": "2026-04-24T03:27:05.243012",
        "element_type": "way",
        "element_id": 934993554,
        "country": "Australia",
        "unit_type": "plant"
      }
    },
    {
      "type": "Feature",
      "geometry": {
        "type": "Point",
        "coordinates": [
          147.63546373013136,
          -33.40217725887291
        ]
      },
      "properties": {
        "label": "Rejected way 934993555",
        "type": "Capacity placeholder value",
        "osm_element": "https://www.openstreetmap.org/way/934993555",
        "rejection_reason": "Capacity placeholder value",
        "rejection_details": "Tag 'plant:output:electricity' contains placeholder value 'yes' instead of actual capacity",
        "rejection_keywords": "yes",
        "timestamp": "2026-04-24T03:27:05.243244",
        "element_type": "way",
        "element_id": 934993555,
        "country": "Australia",
        "unit_type": "plant"
      }
    },
    {
      "type": "Feature",
      "geometry": {
        "type": "Point",
        "coordinates": [
          136.3081340908813,
          -16.053562548225088
        ]
      },
      "properties": {
        "label": "Rejected way 943430789",
        "type": "Capacity regex no match",
        "osm_element": "https://www.openstreetmap.org/way/943430789",
        "rejection_reason": "Capacity regex no match",
        "rejection_details": "Tag 'plant:output:electricity' has value '653 kW' which could not be parsed",
        "rejection_keywords": "653 kW",
        "timestamp": "2026-04-24T03:27:05.243409",
        "element_type": "way",
        "element_id": 943430789,
        "country": "Australia",
        "unit_type": "plant"
      }
    },
    {
      "type": "Feature",
      "geometry": {
        "type": "Point",
        "coordinates": [
          145.42023897025484,
          -36.07217464105116
        ]
      },
      "properties": {
        "label": "Rejected way 948395166",
        "type": "Capacity placeholder value",
        "osm_element": "https://www.openstreetmap.org/way/948395166",
        "rejection_reason": "Capacity placeholder value",
        "rejection_details": "Tag 'plant:output:electricity' contains placeholder value 'yes' instead of actual capacity",
        "rejection_keywords": "yes",
        "timestamp": "2026-04-24T03:27:05.249769",
        "element_type": "way",
        "element_id": 948395166,
        "country": "Australia",
        "unit_type": "plant"
      }
    },
    {
      "type": "Feature",
      "geometry": {
        "type": "Point",
        "coordinates": [
          145.44509019071168,
          -36.06558939368428
        ]
      },
      "properties": {
        "label": "Rejected way 948395167",
        "type": "Capacity placeholder value",
        "osm_element": "https://www.openstreetmap.org/way/948395167",
        "rejection_reason": "Capacity placeholder value",
        "rejection_details": "Tag 'plant:output:electricity' contains placeholder value 'yes' instead of actual capacity",
        "rejection_keywords": "yes",
        "timestamp": "2026-04-24T03:27:05.249930",
        "element_type": "way",
        "element_id": 948395167,
        "country": "Australia",
        "unit_type": "plant"
      }
    },
    {
      "type": "Feature",
      "geometry": {
        "type": "Point",
        "coordinates": [
          145.45308608307667,
          -36.04623407593759
        ]
      },
      "properties": {
        "label": "Rejected way 948395168",
        "type": "Capacity placeholder value",
        "osm_element": "https://www.openstreetmap.org/way/948395168",
        "rejection_reason": "Capacity placeholder value",
        "rejection_details": "Tag 'plant:output:electricity' contains placeholder value 'yes' instead of actual capacity",
        "rejection_keywords": "yes",
        "timestamp": "2026-04-24T03:27:05.250120",
        "element_type": "way",
        "element_id": 948395168,
        "country": "Australia",
        "unit_type": "plant"
      }
    },
    {
      "type": "Feature",
      "geometry": {
        "type": "Point",
        "coordinates": [
          145.42667654899014,
          -36.16923137727133
        ]
      },
      "properties": {
        "label": "Rejected way 948395169",
        "type": "Capacity placeholder value",
        "osm_element": "https://www.openstreetmap.org/way/948395169",
        "rejection_reason": "Capacity placeholder value",
        "rejection_details": "Tag 'plant:output:electricity' contains placeholder value 'yes' instead of actual capacity",
        "rejection_keywords": "yes",
        "timestamp": "2026-04-24T03:27:05.250281",
        "element_type": "way",
        "element_id": 948395169,
        "country": "Australia",
        "unit_type": "plant"
      }
    },
    {
      "type": "Feature",
      "geometry": {
        "type": "Point",
        "coordinates": [
          149.72775176131952,
          -37.546862077900045
        ]
      },
      "properties": {
        "label": "Rejected way 948586724",
        "type": "Capacity placeholder value",
        "osm_element": "https://www.openstreetmap.org/way/948586724",
        "rejection_reason": "Capacity placeholder value",
        "rejection_details": "Tag 'plant:output:electricity' contains placeholder value 'yes' instead of actual capacity",
        "rejection_keywords": "yes",
        "timestamp": "2026-04-24T03:27:05.252531",
        "element_type": "way",
        "element_id": 948586724,
        "country": "Australia",
        "unit_type": "plant"
      }
    },
    {
      "type": "Feature",
      "geometry": {
        "type": "Point",
        "coordinates": [
          150.75616221031103,
          -28.57238321378848
        ]
      },
      "properties": {
        "label": "Rejected way 949279936",
        "type": "Capacity placeholder value",
        "osm_element": "https://www.openstreetmap.org/way/949279936",
        "rejection_reason": "Capacity placeholder value",
        "rejection_details": "Tag 'plant:output:electricity' contains placeholder value 'yes' instead of actual capacity",
        "rejection_keywords": "yes",
        "timestamp": "2026-04-24T03:27:05.255423",
        "element_type": "way",
        "element_id": 949279936,
        "country": "Australia",
        "unit_type": "plant"
      }
    },
    {
      "type": "Feature",
      "geometry": {
        "type": "Point",
        "coordinates": [
          118.27350585296654,
          -31.540383571962018
        ]
      },
      "properties": {
        "label": "Rejected way 949348477",
        "type": "Capacity placeholder value",
        "osm_element": "https://www.openstreetmap.org/way/949348477",
        "rejection_reason": "Capacity placeholder value",
        "rejection_details": "Tag 'plant:output:electricity' contains placeholder value 'yes' instead of actual capacity",
        "rejection_keywords": "yes",
        "timestamp": "2026-04-24T03:27:05.255995",
        "element_type": "way",
        "element_id": 949348477,
        "country": "Australia",
        "unit_type": "plant"
      }
    },
    {
      "type": "Feature",
      "geometry": {
        "type": "Point",
        "coordinates": [
          116.76472736828474,
          -20.613864177116856
        ]
      },
      "properties": {
        "label": "Rejected way 958297120",
        "type": "Capacity placeholder value",
        "osm_element": "https://www.openstreetmap.org/way/958297120",
        "rejection_reason": "Capacity placeholder value",
        "rejection_details": "Tag 'plant:output:electricity' contains placeholder value 'yes' instead of actual capacity",
        "rejection_keywords": "yes",
        "timestamp": "2026-04-24T03:27:05.258971",
        "element_type": "way",
        "element_id": 958297120,
        "country": "Australia",
        "unit_type": "plant"
      }
    },
    {
      "type": "Feature",
      "geometry": {
        "type": "Point",
        "coordinates": [
          139.18974940040255,
          -34.854044089175616
        ]
      },
      "properties": {
        "label": "Rejected way 961320885",
        "type": "Capacity regex no match",
        "osm_element": "https://www.openstreetmap.org/way/961320885",
        "rejection_reason": "Capacity regex no match",
        "rejection_details": "Tag 'plant:output:electricity' has value '13.7256 MW DC' which could not be parsed",
        "rejection_keywords": "13.7256 MW DC",
        "timestamp": "2026-04-24T03:27:05.259814",
        "element_type": "way",
        "element_id": 961320885,
        "country": "Australia",
        "unit_type": "plant"
      }
    },
    {
      "type": "Feature",
      "geometry": {
        "type": "Point",
        "coordinates": [
          139.16683331588865,
          -34.86106741190668
        ]
      },
      "properties": {
        "label": "Rejected way 961616613",
        "type": "Missing output tag",
        "osm_element": "https://www.openstreetmap.org/way/961616613",
        "rejection_reason": "Missing output tag",
        "rejection_details": "tags: {'name': 'Mannum PPS.2 solar farm', 'operator': 'SA Water', 'plant:method': 'photovoltaic', 'plant:source': 'solar', 'power': 'plant'}",
        "rejection_keywords": "none",
        "timestamp": "2026-04-24T03:27:05.260160",
        "element_type": "way",
        "element_id": 961616613,
        "country": "Australia",
        "unit_type": "plant"
      }
    },
    {
      "type": "Feature",
      "geometry": {
        "type": "Point",
        "coordinates": [
          131.2115306668791,
          -16.81817892787375
        ]
      },
      "properties": {
        "label": "Rejected way 965923819",
        "type": "Capacity placeholder value",
        "osm_element": "https://www.openstreetmap.org/way/965923819",
        "rejection_reason": "Capacity placeholder value",
        "rejection_details": "Tag 'plant:output:electricity' contains placeholder value 'yes' instead of actual capacity",
        "rejection_keywords": "yes",
        "timestamp": "2026-04-24T03:27:05.260366",
        "element_type": "way",
        "element_id": 965923819,
        "country": "Australia",
        "unit_type": "plant"
      }
    },
    {
      "type": "Feature",
      "geometry": {
        "type": "Point",
        "coordinates": [
          148.02832565706785,
          -40.116694419240275
        ]
      },
      "properties": {
        "label": "Rejected way 969536502",
        "type": "Capacity placeholder value",
        "osm_element": "https://www.openstreetmap.org/way/969536502",
        "rejection_reason": "Capacity placeholder value",
        "rejection_details": "Tag 'plant:output:electricity' contains placeholder value 'yes' instead of actual capacity",
        "rejection_keywords": "yes",
        "timestamp": "2026-04-24T03:27:05.261094",
        "element_type": "way",
        "element_id": 969536502,
        "country": "Australia",
        "unit_type": "plant"
      }
    },
    {
      "type": "Feature",
      "geometry": {
        "type": "Point",
        "coordinates": [
          139.27998454440197,
          -34.501937398222424
        ]
      },
      "properties": {
        "label": "Rejected way 972230014",
        "type": "Capacity placeholder value",
        "osm_element": "https://www.openstreetmap.org/way/972230014",
        "rejection_reason": "Capacity placeholder value",
        "rejection_details": "Tag 'plant:output:electricity' contains placeholder value 'yes' instead of actual capacity",
        "rejection_keywords": "yes",
        "timestamp": "2026-04-24T03:27:05.261438",
        "element_type": "way",
        "element_id": 972230014,
        "country": "Australia",
        "unit_type": "plant"
      }
    },
    {
      "type": "Feature",
      "geometry": {
        "type": "Point",
        "coordinates": [
          139.57009021972127,
          -34.49739809608699
        ]
      },
      "properties": {
        "label": "Rejected way 973002127",
        "type": "Capacity placeholder value",
        "osm_element": "https://www.openstreetmap.org/way/973002127",
        "rejection_reason": "Capacity placeholder value",
        "rejection_details": "Tag 'plant:output:electricity' contains placeholder value 'yes' instead of actual capacity",
        "rejection_keywords": "yes",
        "timestamp": "2026-04-24T03:27:05.261704",
        "element_type": "way",
        "element_id": 973002127,
        "country": "Australia",
        "unit_type": "plant"
      }
    },
    {
      "type": "Feature",
      "geometry": {
        "type": "Point",
        "coordinates": [
          146.40887557757307,
          -34.56843334802746
        ]
      },
      "properties": {
        "label": "Rejected way 973205797",
        "type": "Capacity placeholder value",
        "osm_element": "https://www.openstreetmap.org/way/973205797",
        "rejection_reason": "Capacity placeholder value",
        "rejection_details": "Tag 'plant:output:electricity' contains placeholder value 'yes' instead of actual capacity",
        "rejection_keywords": "yes",
        "timestamp": "2026-04-24T03:27:05.261864",
        "element_type": "way",
        "element_id": 973205797,
        "country": "Australia",
        "unit_type": "plant"
      }
    },
    {
      "type": "Feature",
      "geometry": {
        "type": "Point",
        "coordinates": [
          115.08322502635461,
          -21.776715049603762
        ]
      },
      "properties": {
        "label": "Rejected way 976639395",
        "type": "Missing source tag",
        "osm_element": "https://www.openstreetmap.org/way/976639395",
        "rejection_reason": "Missing source tag",
        "rejection_details": "tags: {'landuse': 'industrial', 'power': 'plant'}",
        "rejection_keywords": "none",
        "timestamp": "2026-04-24T03:27:05.262249",
        "element_type": "way",
        "element_id": 976639395,
        "country": "Australia",
        "unit_type": "plant"
      }
    },
    {
      "type": "Feature",
      "geometry": {
        "type": "Point",
        "coordinates": [
          136.19387308018455,
          -13.782209243303674
        ]
      },
      "properties": {
        "label": "Rejected way 979925679",
        "type": "Capacity placeholder value",
        "osm_element": "https://www.openstreetmap.org/way/979925679",
        "rejection_reason": "Capacity placeholder value",
        "rejection_details": "Tag 'plant:output:electricity' contains placeholder value 'yes' instead of actual capacity",
        "rejection_keywords": "yes",
        "timestamp": "2026-04-24T03:27:05.262818",
        "element_type": "way",
        "element_id": 979925679,
        "country": "Australia",
        "unit_type": "plant"
      }
    },
    {
      "type": "Feature",
      "geometry": {
        "type": "Point",
        "coordinates": [
          133.99487782811852,
          -21.51218919636379
        ]
      },
      "properties": {
        "label": "Rejected way 979980300",
        "type": "Missing source tag",
        "osm_element": "https://www.openstreetmap.org/way/979980300",
        "rejection_reason": "Missing source tag",
        "rejection_details": "tags: {'landuse': 'industrial', 'power': 'plant'}",
        "rejection_keywords": "none",
        "timestamp": "2026-04-24T03:27:05.262995",
        "element_type": "way",
        "element_id": 979980300,
        "country": "Australia",
        "unit_type": "plant"
      }
    },
    {
      "type": "Feature",
      "geometry": {
        "type": "Point",
        "coordinates": [
          132.77346930518988,
          -23.939378157184727
        ]
      },
      "properties": {
        "label": "Rejected way 980438608",
        "type": "Capacity placeholder value",
        "osm_element": "https://www.openstreetmap.org/way/980438608",
        "rejection_reason": "Capacity placeholder value",
        "rejection_details": "Tag 'plant:output:electricity' contains placeholder value 'yes' instead of actual capacity",
        "rejection_keywords": "yes",
        "timestamp": "2026-04-24T03:27:05.263217",
        "element_type": "way",
        "element_id": 980438608,
        "country": "Australia",
        "unit_type": "plant"
      }
    },
    {
      "type": "Feature",
      "geometry": {
        "type": "Point",
        "coordinates": [
          132.77219576971234,
          -23.93730442883572
        ]
      },
      "properties": {
        "label": "Rejected way 980438610",
        "type": "Capacity placeholder value",
        "osm_element": "https://www.openstreetmap.org/way/980438610",
        "rejection_reason": "Capacity placeholder value",
        "rejection_details": "Tag 'plant:output:electricity' contains placeholder value 'yes' instead of actual capacity",
        "rejection_keywords": "yes",
        "timestamp": "2026-04-24T03:27:05.263390",
        "element_type": "way",
        "element_id": 980438610,
        "country": "Australia",
        "unit_type": "plant"
      }
    },
    {
      "type": "Feature",
      "geometry": {
        "type": "Point",
        "coordinates": [
          131.91274181935893,
          -23.20144386616579
        ]
      },
      "properties": {
        "label": "Rejected way 980491861",
        "type": "Missing source tag",
        "osm_element": "https://www.openstreetmap.org/way/980491861",
        "rejection_reason": "Missing source tag",
        "rejection_details": "tags: {'landuse': 'industrial', 'power': 'plant'}",
        "rejection_keywords": "none",
        "timestamp": "2026-04-24T03:27:05.263549",
        "element_type": "way",
        "element_id": 980491861,
        "country": "Australia",
        "unit_type": "plant"
      }
    },
    {
      "type": "Feature",
      "geometry": {
        "type": "Point",
        "coordinates": [
          130.08247970347364,
          -14.14918571814791
        ]
      },
      "properties": {
        "label": "Rejected way 980497741",
        "type": "Capacity placeholder value",
        "osm_element": "https://www.openstreetmap.org/way/980497741",
        "rejection_reason": "Capacity placeholder value",
        "rejection_details": "Tag 'plant:output:electricity' contains placeholder value 'yes' instead of actual capacity",
        "rejection_keywords": "yes",
        "timestamp": "2026-04-24T03:27:05.263722",
        "element_type": "way",
        "element_id": 980497741,
        "country": "Australia",
        "unit_type": "plant"
      }
    },
    {
      "type": "Feature",
      "geometry": {
        "type": "Point",
        "coordinates": [
          136.98190240579902,
          -16.75661939392864
        ]
      },
      "properties": {
        "label": "Rejected way 980517828",
        "type": "Capacity placeholder value",
        "osm_element": "https://www.openstreetmap.org/way/980517828",
        "rejection_reason": "Capacity placeholder value",
        "rejection_details": "Tag 'plant:output:electricity' contains placeholder value 'yes' instead of actual capacity",
        "rejection_keywords": "yes",
        "timestamp": "2026-04-24T03:27:05.263892",
        "element_type": "way",
        "element_id": 980517828,
        "country": "Australia",
        "unit_type": "plant"
      }
    },
    {
      "type": "Feature",
      "geometry": {
        "type": "Point",
        "coordinates": [
          133.4145113017859,
          -22.12384352325142
        ]
      },
      "properties": {
        "label": "Rejected way 980747604",
        "type": "Capacity placeholder value",
        "osm_element": "https://www.openstreetmap.org/way/980747604",
        "rejection_reason": "Capacity placeholder value",
        "rejection_details": "Tag 'plant:output:electricity' contains placeholder value 'yes' instead of actual capacity",
        "rejection_keywords": "yes",
        "timestamp": "2026-04-24T03:27:05.264084",
        "element_type": "way",
        "element_id": 980747604,
        "country": "Australia",
        "unit_type": "plant"
      }
    },
    {
      "type": "Feature",
      "geometry": {
        "type": "Point",
        "coordinates": [
          133.0871787323899,
          -24.1239643316969
        ]
      },
      "properties": {
        "label": "Rejected way 980814865",
        "type": "Missing source tag",
        "osm_element": "https://www.openstreetmap.org/way/980814865",
        "rejection_reason": "Missing source tag",
        "rejection_details": "tags: {'landuse': 'industrial', 'name': 'Old Power Station', 'power': 'plant'}",
        "rejection_keywords": "none",
        "timestamp": "2026-04-24T03:27:05.264284",
        "element_type": "way",
        "element_id": 980814865,
        "country": "Australia",
        "unit_type": "plant"
      }
    },
    {
      "type": "Feature",
      "geometry": {
        "type": "Point",
        "coordinates": [
          129.3875919931728,
          -23.272632221799828
        ]
      },
      "properties": {
        "label": "Rejected way 980830681",
        "type": "Capacity placeholder value",
        "osm_element": "https://www.openstreetmap.org/way/980830681",
        "rejection_reason": "Capacity placeholder value",
        "rejection_details": "Tag 'plant:output:electricity' contains placeholder value 'yes' instead of actual capacity",
        "rejection_keywords": "yes",
        "timestamp": "2026-04-24T03:27:05.264456",
        "element_type": "way",
        "element_id": 980830681,
        "country": "Australia",
        "unit_type": "plant"
      }
    },
    {
      "type": "Feature",
      "geometry": {
        "type": "Point",
        "coordinates": [
          131.2780483433016,
          -23.264516990900606
        ]
      },
      "properties": {
        "label": "Rejected way 980844968",
        "type": "Missing source tag",
        "osm_element": "https://www.openstreetmap.org/way/980844968",
        "rejection_reason": "Missing source tag",
        "rejection_details": "tags: {'landuse': 'industrial', 'name': 'Mount Liebig Power Station', 'operator': 'Power and Water', 'operator:wikidata': 'Q7236467', 'plant:output:electricity': 'yes', 'power': 'plant'}",
        "rejection_keywords": "none",
        "timestamp": "2026-04-24T03:27:05.264644",
        "element_type": "way",
        "element_id": 980844968,
        "country": "Australia",
        "unit_type": "plant"
      }
    },
    {
      "type": "Feature",
      "geometry": {
        "type": "Point",
        "coordinates": [
          131.2781838852696,
          -23.26454255052603
        ]
      },
      "properties": {
        "label": "Rejected way 980844970",
        "type": "Capacity placeholder value",
        "osm_element": "https://www.openstreetmap.org/way/980844970",
        "rejection_reason": "Capacity placeholder value",
        "rejection_details": "Tag 'plant:output:electricity' contains placeholder value 'yes' instead of actual capacity",
        "rejection_keywords": "yes",
        "timestamp": "2026-04-24T03:27:05.264815",
        "element_type": "way",
        "element_id": 980844970,
        "country": "Australia",
        "unit_type": "plant"
      }
    },
    {
      "type": "Feature",
      "geometry": {
        "type": "Point",
        "coordinates": [
          132.61169980796288,
          -21.244719544721615
        ]
      },
      "properties": {
        "label": "Rejected way 981065558",
        "type": "Capacity placeholder value",
        "osm_element": "https://www.openstreetmap.org/way/981065558",
        "rejection_reason": "Capacity placeholder value",
        "rejection_details": "Tag 'plant:output:electricity' contains placeholder value 'yes' instead of actual capacity",
        "rejection_keywords": "yes",
        "timestamp": "2026-04-24T03:27:05.265073",
        "element_type": "way",
        "element_id": 981065558,
        "country": "Australia",
        "unit_type": "plant"
      }
    },
    {
      "type": "Feature",
      "geometry": {
        "type": "Point",
        "coordinates": [
          130.703917524182,
          -13.721734082705256
        ]
      },
      "properties": {
        "label": "Rejected way 981082656",
        "type": "Capacity placeholder value",
        "osm_element": "https://www.openstreetmap.org/way/981082656",
        "rejection_reason": "Capacity placeholder value",
        "rejection_details": "Tag 'plant:output:electricity' contains placeholder value 'yes' instead of actual capacity",
        "rejection_keywords": "yes",
        "timestamp": "2026-04-24T03:27:05.265231",
        "element_type": "way",
        "element_id": 981082656,
        "country": "Australia",
        "unit_type": "plant"
      }
    },
    {
      "type": "Feature",
      "geometry": {
        "type": "Point",
        "coordinates": [
          130.704380506156,
          -13.721333451165068
        ]
      },
      "properties": {
        "label": "Rejected way 981082657",
        "type": "Missing source tag",
        "osm_element": "https://www.openstreetmap.org/way/981082657",
        "rejection_reason": "Missing source tag",
        "rejection_details": "tags: {'landuse': 'industrial', 'power': 'plant'}",
        "rejection_keywords": "none",
        "timestamp": "2026-04-24T03:27:05.265520",
        "element_type": "way",
        "element_id": 981082657,
        "country": "Australia",
        "unit_type": "plant"
      }
    },
    {
      "type": "Feature",
      "geometry": {
        "type": "Point",
        "coordinates": [
          131.79319800818024,
          -22.242763993932385
        ]
      },
      "properties": {
        "label": "Rejected way 981175121",
        "type": "Missing source tag",
        "osm_element": "https://www.openstreetmap.org/way/981175121",
        "rejection_reason": "Missing source tag",
        "rejection_details": "tags: {'landuse': 'industrial', 'power': 'plant'}",
        "rejection_keywords": "none",
        "timestamp": "2026-04-24T03:27:05.265675",
        "element_type": "way",
        "element_id": 981175121,
        "country": "Australia",
        "unit_type": "plant"
      }
    },
    {
      "type": "Feature",
      "geometry": {
        "type": "Point",
        "coordinates": [
          134.5795459156801,
          -25.591870111292476
        ]
      },
      "properties": {
        "label": "Rejected way 981909566",
        "type": "Capacity placeholder value",
        "osm_element": "https://www.openstreetmap.org/way/981909566",
        "rejection_reason": "Capacity placeholder value",
        "rejection_details": "Tag 'plant:output:electricity' contains placeholder value 'yes' instead of actual capacity",
        "rejection_keywords": "yes",
        "timestamp": "2026-04-24T03:27:05.265836",
        "element_type": "way",
        "element_id": 981909566,
        "country": "Australia",
        "unit_type": "plant"
      }
    },
    {
      "type": "Feature",
      "geometry": {
        "type": "Point",
        "coordinates": [
          134.5803818119628,
          -25.591897417806866
        ]
      },
      "properties": {
        "label": "Rejected way 981909567",
        "type": "Capacity placeholder value",
        "osm_element": "https://www.openstreetmap.org/way/981909567",
        "rejection_reason": "Capacity placeholder value",
        "rejection_details": "Tag 'plant:output:electricity' contains placeholder value 'yes' instead of actual capacity",
        "rejection_keywords": "yes",
        "timestamp": "2026-04-24T03:27:05.266018",
        "element_type": "way",
        "element_id": 981909567,
        "country": "Australia",
        "unit_type": "plant"
      }
    },
    {
      "type": "Feature",
      "geometry": {
        "type": "Point",
        "coordinates": [
          153.12955308559611,
          -27.39546851367305
        ]
      },
      "properties": {
        "label": "Rejected way 987946245",
        "type": "Capacity placeholder value",
        "osm_element": "https://www.openstreetmap.org/way/987946245",
        "rejection_reason": "Capacity placeholder value",
        "rejection_details": "Tag 'plant:output:electricity' contains placeholder value 'yes' instead of actual capacity",
        "rejection_keywords": "yes",
        "timestamp": "2026-04-24T03:27:05.266627",
        "element_type": "way",
        "element_id": 987946245,
        "country": "Australia",
        "unit_type": "plant"
      }
    },
    {
      "type": "Feature",
      "geometry": {
        "type": "Point",
        "coordinates": [
          129.07129240391225,
          -24.877085371940574
        ]
      },
      "properties": {
        "label": "Rejected way 988232331",
        "type": "Capacity placeholder value",
        "osm_element": "https://www.openstreetmap.org/way/988232331",
        "rejection_reason": "Capacity placeholder value",
        "rejection_details": "Tag 'plant:output:electricity' contains placeholder value 'yes' instead of actual capacity",
        "rejection_keywords": "yes",
        "timestamp": "2026-04-24T03:27:05.266788",
        "element_type": "way",
        "element_id": 988232331,
        "country": "Australia",
        "unit_type": "plant"
      }
    },
    {
      "type": "Feature",
      "geometry": {
        "type": "Point",
        "coordinates": [
          132.56933262960555,
          -25.13204567163373
        ]
      },
      "properties": {
        "label": "Rejected way 988249280",
        "type": "Capacity placeholder value",
        "osm_element": "https://www.openstreetmap.org/way/988249280",
        "rejection_reason": "Capacity placeholder value",
        "rejection_details": "Tag 'plant:output:electricity' contains placeholder value 'yes' instead of actual capacity",
        "rejection_keywords": "yes",
        "timestamp": "2026-04-24T03:27:05.266965",
        "element_type": "way",
        "element_id": 988249280,
        "country": "Australia",
        "unit_type": "plant"
      }
    },
    {
      "type": "Feature",
      "geometry": {
        "type": "Point",
        "coordinates": [
          134.6724546736822,
          -12.121936929322164
        ]
      },
      "properties": {
        "label": "Rejected way 988518762",
        "type": "Capacity placeholder value",
        "osm_element": "https://www.openstreetmap.org/way/988518762",
        "rejection_reason": "Capacity placeholder value",
        "rejection_details": "Tag 'plant:output:electricity' contains placeholder value 'yes' instead of actual capacity",
        "rejection_keywords": "yes",
        "timestamp": "2026-04-24T03:27:05.267131",
        "element_type": "way",
        "element_id": 988518762,
        "country": "Australia",
        "unit_type": "plant"
      }
    },
    {
      "type": "Feature",
      "geometry": {
        "type": "Point",
        "coordinates": [
          134.9087784748146,
          -12.106447518755735
        ]
      },
      "properties": {
        "label": "Rejected way 988525618",
        "type": "Capacity placeholder value",
        "osm_element": "https://www.openstreetmap.org/way/988525618",
        "rejection_reason": "Capacity placeholder value",
        "rejection_details": "Tag 'plant:output:electricity' contains placeholder value 'yes' instead of actual capacity",
        "rejection_keywords": "yes",
        "timestamp": "2026-04-24T03:27:05.267288",
        "element_type": "way",
        "element_id": 988525618,
        "country": "Australia",
        "unit_type": "plant"
      }
    },
    {
      "type": "Feature",
      "geometry": {
        "type": "Point",
        "coordinates": [
          138.508294523666,
          -34.96001561033682
        ]
      },
      "properties": {
        "label": "Rejected way 1001028168",
        "type": "Capacity placeholder value",
        "osm_element": "https://www.openstreetmap.org/way/1001028168",
        "rejection_reason": "Capacity placeholder value",
        "rejection_details": "Tag 'plant:output:electricity' contains placeholder value 'yes' instead of actual capacity",
        "rejection_keywords": "yes",
        "timestamp": "2026-04-24T03:27:05.269269",
        "element_type": "way",
        "element_id": 1001028168,
        "country": "Australia",
        "unit_type": "plant"
      }
    },
    {
      "type": "Feature",
      "geometry": {
        "type": "Point",
        "coordinates": [
          115.53998897327736,
          -31.998465196275426
        ]
      },
      "properties": {
        "label": "Rejected way 1006012501",
        "type": "Capacity placeholder value",
        "osm_element": "https://www.openstreetmap.org/way/1006012501",
        "rejection_reason": "Capacity placeholder value",
        "rejection_details": "Tag 'plant:output:electricity' contains placeholder value 'yes' instead of actual capacity",
        "rejection_keywords": "yes",
        "timestamp": "2026-04-24T03:27:05.269796",
        "element_type": "way",
        "element_id": 1006012501,
        "country": "Australia",
        "unit_type": "plant"
      }
    },
    {
      "type": "Feature",
      "geometry": {
        "type": "Point",
        "coordinates": [
          148.95650733583494,
          -32.49607113803277
        ]
      },
      "properties": {
        "label": "Rejected way 1010640605",
        "type": "Capacity regex no match",
        "osm_element": "https://www.openstreetmap.org/way/1010640605",
        "rejection_reason": "Capacity regex no match",
        "rejection_details": "Tag 'plant:output:electricity' has value '425' which could not be parsed",
        "rejection_keywords": "425",
        "timestamp": "2026-04-24T03:27:05.270142",
        "element_type": "way",
        "element_id": 1010640605,
        "country": "Australia",
        "unit_type": "plant"
      }
    },
    {
      "type": "Feature",
      "geometry": {
        "type": "Point",
        "coordinates": [
          138.5639239843863,
          -35.056172252100794
        ]
      },
      "properties": {
        "label": "Rejected way 1011375804",
        "type": "Capacity placeholder value",
        "osm_element": "https://www.openstreetmap.org/way/1011375804",
        "rejection_reason": "Capacity placeholder value",
        "rejection_details": "Tag 'plant:output:electricity' contains placeholder value 'yes' instead of actual capacity",
        "rejection_keywords": "yes",
        "timestamp": "2026-04-24T03:27:05.270373",
        "element_type": "way",
        "element_id": 1011375804,
        "country": "Australia",
        "unit_type": "plant"
      }
    },
    {
      "type": "Feature",
      "geometry": {
        "type": "Point",
        "coordinates": [
          132.01834347511837,
          -26.481298744441773
        ]
      },
      "properties": {
        "label": "Rejected way 1013720771",
        "type": "Missing output tag",
        "osm_element": "https://www.openstreetmap.org/way/1013720771",
        "rejection_reason": "Missing output tag",
        "rejection_details": "tags: {'landuse': 'industrial', 'name': 'Umuwa Central Power House', 'plant:source': 'diesel', 'power': 'plant'}",
        "rejection_keywords": "none",
        "timestamp": "2026-04-24T03:27:05.270548",
        "element_type": "way",
        "element_id": 1013720771,
        "country": "Australia",
        "unit_type": "plant"
      }
    },
    {
      "type": "Feature",
      "geometry": {
        "type": "Point",
        "coordinates": [
          159.07433784064835,
          -31.528676948584913
        ]
      },
      "properties": {
        "label": "Rejected way 1024109803",
        "type": "Capacity placeholder value",
        "osm_element": "https://www.openstreetmap.org/way/1024109803",
        "rejection_reason": "Capacity placeholder value",
        "rejection_details": "Tag 'plant:output:electricity' contains placeholder value 'yes' instead of actual capacity",
        "rejection_keywords": "yes",
        "timestamp": "2026-04-24T03:27:05.272513",
        "element_type": "way",
        "element_id": 1024109803,
        "country": "Australia",
        "unit_type": "plant"
      }
    },
    {
      "type": "Feature",
      "geometry": {
        "type": "Point",
        "coordinates": [
          153.18646598357267,
          -27.57509678054991
        ]
      },
      "properties": {
        "label": "Rejected way 1028297049",
        "type": "Capacity placeholder value",
        "osm_element": "https://www.openstreetmap.org/way/1028297049",
        "rejection_reason": "Capacity placeholder value",
        "rejection_details": "Tag 'plant:output:electricity' contains placeholder value 'yes' instead of actual capacity",
        "rejection_keywords": "yes",
        "timestamp": "2026-04-24T03:27:05.272674",
        "element_type": "way",
        "element_id": 1028297049,
        "country": "Australia",
        "unit_type": "plant"
      }
    },
    {
      "type": "Feature",
      "geometry": {
        "type": "Point",
        "coordinates": [
          116.19172738908186,
          -31.047738750220393
        ]
      },
      "properties": {
        "label": "Rejected way 1033165336",
        "type": "Capacity regex no match",
        "osm_element": "https://www.openstreetmap.org/way/1033165336",
        "rejection_reason": "Capacity regex no match",
        "rejection_details": "Tag 'plant:output:electricity' has value '250 kW' which could not be parsed",
        "rejection_keywords": "250 kW",
        "timestamp": "2026-04-24T03:27:05.272876",
        "element_type": "way",
        "element_id": 1033165336,
        "country": "Australia",
        "unit_type": "plant"
      }
    },
    {
      "type": "Feature",
      "geometry": {
        "type": "Point",
        "coordinates": [
          115.75287839183783,
          -32.048946369690974
        ]
      },
      "properties": {
        "label": "Rejected way 1034620174",
        "type": "Missing output tag",
        "osm_element": "https://www.openstreetmap.org/way/1034620174",
        "rejection_reason": "Missing output tag",
        "rejection_details": "tags: {'building': 'industrial', 'landuse': 'industrial', 'plant:method': 'thermal', 'plant:output:hot_water': 'yes', 'plant:source': 'geothermal', 'power': 'plant'}",
        "rejection_keywords": "none",
        "timestamp": "2026-04-24T03:27:05.273113",
        "element_type": "way",
        "element_id": 1034620174,
        "country": "Australia",
        "unit_type": "plant"
      }
    },
    {
      "type": "Feature",
      "geometry": {
        "type": "Point",
        "coordinates": [
          146.6668211775839,
          -19.241758952252116
        ]
      },
      "properties": {
        "label": "Rejected way 1035314635",
        "type": "Capacity placeholder value",
        "osm_element": "https://www.openstreetmap.org/way/1035314635",
        "rejection_reason": "Capacity placeholder value",
        "rejection_details": "Tag 'plant:output:electricity' contains placeholder value 'yes' instead of actual capacity",
        "rejection_keywords": "yes",
        "timestamp": "2026-04-24T03:27:05.273298",
        "element_type": "way",
        "element_id": 1035314635,
        "country": "Australia",
        "unit_type": "plant"
      }
    },
    {
      "type": "Feature",
      "geometry": {
        "type": "Point",
        "coordinates": [
          130.1812700390598,
          -26.16422767162625
        ]
      },
      "properties": {
        "label": "Rejected way 1043609471",
        "type": "Missing output tag",
        "osm_element": "https://www.openstreetmap.org/way/1043609471",
        "rejection_reason": "Missing output tag",
        "rejection_details": "tags: {'landuse': 'industrial', 'name': 'Murputja Power Station', 'plant:method': 'combustion', 'plant:source': 'diesel', 'power': 'plant'}",
        "rejection_keywords": "none",
        "timestamp": "2026-04-24T03:27:05.275340",
        "element_type": "way",
        "element_id": 1043609471,
        "country": "Australia",
        "unit_type": "plant"
      }
    },
    {
      "type": "Feature",
      "geometry": {
        "type": "Point",
        "coordinates": [
          140.70751392206958,
          -34.28404907046575
        ]
      },
      "properties": {
        "label": "Rejected way 1050581894",
        "type": "Capacity placeholder value",
        "osm_element": "https://www.openstreetmap.org/way/1050581894",
        "rejection_reason": "Capacity placeholder value",
        "rejection_details": "Tag 'plant:output:electricity' contains placeholder value 'yes' instead of actual capacity",
        "rejection_keywords": "yes",
        "timestamp": "2026-04-24T03:27:05.278739",
        "element_type": "way",
        "element_id": 1050581894,
        "country": "Australia",
        "unit_type": "plant"
      }
    },
    {
      "type": "Feature",
      "geometry": {
        "type": "Point",
        "coordinates": [
          144.9867752483368,
          -36.41041496250362
        ]
      },
      "properties": {
        "label": "Rejected way 1050964708",
        "type": "Capacity placeholder value",
        "osm_element": "https://www.openstreetmap.org/way/1050964708",
        "rejection_reason": "Capacity placeholder value",
        "rejection_details": "Tag 'plant:output:electricity' contains placeholder value 'yes' instead of actual capacity",
        "rejection_keywords": "yes",
        "timestamp": "2026-04-24T03:27:05.279416",
        "element_type": "way",
        "element_id": 1050964708,
        "country": "Australia",
        "unit_type": "plant"
      }
    },
    {
      "type": "Feature",
      "geometry": {
        "type": "Point",
        "coordinates": [
          145.02023319089975,
          -36.497490061118285
        ]
      },
      "properties": {
        "label": "Rejected way 1050964709",
        "type": "Capacity placeholder value",
        "osm_element": "https://www.openstreetmap.org/way/1050964709",
        "rejection_reason": "Capacity placeholder value",
        "rejection_details": "Tag 'plant:output:electricity' contains placeholder value 'yes' instead of actual capacity",
        "rejection_keywords": "yes",
        "timestamp": "2026-04-24T03:27:05.279576",
        "element_type": "way",
        "element_id": 1050964709,
        "country": "Australia",
        "unit_type": "plant"
      }
    },
    {
      "type": "Feature",
      "geometry": {
        "type": "Point",
        "coordinates": [
          144.94722750636313,
          -36.4248585460556
        ]
      },
      "properties": {
        "label": "Rejected way 1050964710",
        "type": "Capacity placeholder value",
        "osm_element": "https://www.openstreetmap.org/way/1050964710",
        "rejection_reason": "Capacity placeholder value",
        "rejection_details": "Tag 'plant:output:electricity' contains placeholder value 'yes' instead of actual capacity",
        "rejection_keywords": "yes",
        "timestamp": "2026-04-24T03:27:05.279756",
        "element_type": "way",
        "element_id": 1050964710,
        "country": "Australia",
        "unit_type": "plant"
      }
    },
    {
      "type": "Feature",
      "geometry": {
        "type": "Point",
        "coordinates": [
          152.3386480864106,
          -27.56033114511965
        ]
      },
      "properties": {
        "label": "Rejected way 1066021977",
        "type": "Capacity placeholder value",
        "osm_element": "https://www.openstreetmap.org/way/1066021977",
        "rejection_reason": "Capacity placeholder value",
        "rejection_details": "Tag 'plant:output:electricity' contains placeholder value 'yes' instead of actual capacity",
        "rejection_keywords": "yes",
        "timestamp": "2026-04-24T03:27:05.281529",
        "element_type": "way",
        "element_id": 1066021977,
        "country": "Australia",
        "unit_type": "plant"
      }
    },
    {
      "type": "Feature",
      "geometry": {
        "type": "Point",
        "coordinates": [
          152.34256614287887,
          -27.559826336365127
        ]
      },
      "properties": {
        "label": "Rejected way 1066021979",
        "type": "Capacity placeholder value",
        "osm_element": "https://www.openstreetmap.org/way/1066021979",
        "rejection_reason": "Capacity placeholder value",
        "rejection_details": "Tag 'plant:output:electricity' contains placeholder value 'yes' instead of actual capacity",
        "rejection_keywords": "yes",
        "timestamp": "2026-04-24T03:27:05.281694",
        "element_type": "way",
        "element_id": 1066021979,
        "country": "Australia",
        "unit_type": "plant"
      }
    },
    {
      "type": "Feature",
      "geometry": {
        "type": "Point",
        "coordinates": [
          152.3388545495541,
          -27.5616462578038
        ]
      },
      "properties": {
        "label": "Rejected way 1066021982",
        "type": "Capacity placeholder value",
        "osm_element": "https://www.openstreetmap.org/way/1066021982",
        "rejection_reason": "Capacity placeholder value",
        "rejection_details": "Tag 'plant:output:electricity' contains placeholder value 'yes' instead of actual capacity",
        "rejection_keywords": "yes",
        "timestamp": "2026-04-24T03:27:05.281854",
        "element_type": "way",
        "element_id": 1066021982,
        "country": "Australia",
        "unit_type": "plant"
      }
    },
    {
      "type": "Feature",
      "geometry": {
        "type": "Point",
        "coordinates": [
          115.20826962021728,
          -25.0556205507006
        ]
      },
      "properties": {
        "label": "Rejected way 1098716808",
        "type": "Capacity regex no match",
        "osm_element": "https://www.openstreetmap.org/way/1098716808",
        "rejection_reason": "Capacity regex no match",
        "rejection_details": "Tag 'plant:output:electricity' has value '243 KW' which could not be parsed",
        "rejection_keywords": "243 KW",
        "timestamp": "2026-04-24T03:27:05.284862",
        "element_type": "way",
        "element_id": 1098716808,
        "country": "Australia",
        "unit_type": "plant"
      }
    },
    {
      "type": "Feature",
      "geometry": {
        "type": "Point",
        "coordinates": [
          143.71969030067405,
          -38.53177365804838
        ]
      },
      "properties": {
        "label": "Rejected way 1099935647",
        "type": "Missing output tag",
        "osm_element": "https://www.openstreetmap.org/way/1099935647",
        "rejection_reason": "Missing output tag",
        "rejection_details": "tags: {'landuse': 'industrial', 'plant:method': 'water-storage', 'plant:source': 'hydro', 'power': 'plant'}",
        "rejection_keywords": "none",
        "timestamp": "2026-04-24T03:27:05.285532",
        "element_type": "way",
        "element_id": 1099935647,
        "country": "Australia",
        "unit_type": "plant"
      }
    },
    {
      "type": "Feature",
      "geometry": {
        "type": "Point",
        "coordinates": [
          122.18258760550208,
          -21.7414690251823
        ]
      },
      "properties": {
        "label": "Rejected way 1100679078",
        "type": "Capacity placeholder value",
        "osm_element": "https://www.openstreetmap.org/way/1100679078",
        "rejection_reason": "Capacity placeholder value",
        "rejection_details": "Tag 'plant:output:electricity' contains placeholder value 'yes' instead of actual capacity",
        "rejection_keywords": "yes",
        "timestamp": "2026-04-24T03:27:05.285763",
        "element_type": "way",
        "element_id": 1100679078,
        "country": "Australia",
        "unit_type": "plant"
      }
    },
    {
      "type": "Feature",
      "geometry": {
        "type": "Point",
        "coordinates": [
          148.96511828045365,
          -35.24523397648466
        ]
      },
      "properties": {
        "label": "Rejected way 1100984417",
        "type": "Capacity regex no match",
        "osm_element": "https://www.openstreetmap.org/way/1100984417",
        "rejection_reason": "Capacity regex no match",
        "rejection_details": "Tag 'plant:output:electricity' has value '702 KW' which could not be parsed",
        "rejection_keywords": "702 KW",
        "timestamp": "2026-04-24T03:27:05.286021",
        "element_type": "way",
        "element_id": 1100984417,
        "country": "Australia",
        "unit_type": "plant"
      }
    },
    {
      "type": "Feature",
      "geometry": {
        "type": "Point",
        "coordinates": [
          149.000825045151,
          -35.32649626283926
        ]
      },
      "properties": {
        "label": "Rejected way 1100984418",
        "type": "Capacity placeholder value",
        "osm_element": "https://www.openstreetmap.org/way/1100984418",
        "rejection_reason": "Capacity placeholder value",
        "rejection_details": "Tag 'plant:output:electricity' contains placeholder value 'yes' instead of actual capacity",
        "rejection_keywords": "yes",
        "timestamp": "2026-04-24T03:27:05.286243",
        "element_type": "way",
        "element_id": 1100984418,
        "country": "Australia",
        "unit_type": "plant"
      }
    },
    {
      "type": "Feature",
      "geometry": {
        "type": "Point",
        "coordinates": [
          117.88862700376774,
          -27.42163330084729
        ]
      },
      "properties": {
        "label": "Rejected way 1101027352",
        "type": "Capacity placeholder value",
        "osm_element": "https://www.openstreetmap.org/way/1101027352",
        "rejection_reason": "Capacity placeholder value",
        "rejection_details": "Tag 'plant:output:electricity' contains placeholder value 'yes' instead of actual capacity",
        "rejection_keywords": "yes",
        "timestamp": "2026-04-24T03:27:05.286444",
        "element_type": "way",
        "element_id": 1101027352,
        "country": "Australia",
        "unit_type": "plant"
      }
    },
    {
      "type": "Feature",
      "geometry": {
        "type": "Point",
        "coordinates": [
          138.7355646497508,
          -34.59523419321876
        ]
      },
      "properties": {
        "label": "Rejected way 1101066144",
        "type": "Capacity placeholder value",
        "osm_element": "https://www.openstreetmap.org/way/1101066144",
        "rejection_reason": "Capacity placeholder value",
        "rejection_details": "Tag 'plant:output:electricity' contains placeholder value 'yes' instead of actual capacity",
        "rejection_keywords": "yes",
        "timestamp": "2026-04-24T03:27:05.286615",
        "element_type": "way",
        "element_id": 1101066144,
        "country": "Australia",
        "unit_type": "plant"
      }
    },
    {
      "type": "Feature",
      "geometry": {
        "type": "Point",
        "coordinates": [
          136.81343133377183,
          -31.194525231607578
        ]
      },
      "properties": {
        "label": "Rejected way 1103511170",
        "type": "Capacity placeholder value",
        "osm_element": "https://www.openstreetmap.org/way/1103511170",
        "rejection_reason": "Capacity placeholder value",
        "rejection_details": "Tag 'plant:output:electricity' contains placeholder value 'yes' instead of actual capacity",
        "rejection_keywords": "yes",
        "timestamp": "2026-04-24T03:27:05.286780",
        "element_type": "way",
        "element_id": 1103511170,
        "country": "Australia",
        "unit_type": "plant"
      }
    },
    {
      "type": "Feature",
      "geometry": {
        "type": "Point",
        "coordinates": [
          151.0868371649589,
          -33.72341108113532
        ]
      },
      "properties": {
        "label": "Rejected way 1103728225",
        "type": "Capacity placeholder value",
        "osm_element": "https://www.openstreetmap.org/way/1103728225",
        "rejection_reason": "Capacity placeholder value",
        "rejection_details": "Tag 'plant:output:electricity' contains placeholder value 'yes' instead of actual capacity",
        "rejection_keywords": "yes",
        "timestamp": "2026-04-24T03:27:05.286992",
        "element_type": "way",
        "element_id": 1103728225,
        "country": "Australia",
        "unit_type": "plant"
      }
    },
    {
      "type": "Feature",
      "geometry": {
        "type": "Point",
        "coordinates": [
          152.78612715140613,
          -27.55447422732486
        ]
      },
      "properties": {
        "label": "Rejected way 1107922572",
        "type": "Capacity placeholder value",
        "osm_element": "https://www.openstreetmap.org/way/1107922572",
        "rejection_reason": "Capacity placeholder value",
        "rejection_details": "Tag 'plant:output:electricity' contains placeholder value 'yes' instead of actual capacity",
        "rejection_keywords": "yes",
        "timestamp": "2026-04-24T03:27:05.287171",
        "element_type": "way",
        "element_id": 1107922572,
        "country": "Australia",
        "unit_type": "plant"
      }
    },
    {
      "type": "Feature",
      "geometry": {
        "type": "Point",
        "coordinates": [
          117.9569368404612,
          -22.1475729933822
        ]
      },
      "properties": {
        "label": "Rejected way 1113456284",
        "type": "Capacity placeholder value",
        "osm_element": "https://www.openstreetmap.org/way/1113456284",
        "rejection_reason": "Capacity placeholder value",
        "rejection_details": "Tag 'plant:output:electricity' contains placeholder value 'yes' instead of actual capacity",
        "rejection_keywords": "yes",
        "timestamp": "2026-04-24T03:27:05.287419",
        "element_type": "way",
        "element_id": 1113456284,
        "country": "Australia",
        "unit_type": "plant"
      }
    },
    {
      "type": "Feature",
      "geometry": {
        "type": "Point",
        "coordinates": [
          118.45692617668065,
          -33.10118247158535
        ]
      },
      "properties": {
        "label": "Rejected way 1135903013",
        "type": "Capacity placeholder value",
        "osm_element": "https://www.openstreetmap.org/way/1135903013",
        "rejection_reason": "Capacity placeholder value",
        "rejection_details": "Tag 'plant:output:electricity' contains placeholder value 'yes' instead of actual capacity",
        "rejection_keywords": "yes",
        "timestamp": "2026-04-24T03:27:05.288053",
        "element_type": "way",
        "element_id": 1135903013,
        "country": "Australia",
        "unit_type": "plant"
      }
    },
    {
      "type": "Feature",
      "geometry": {
        "type": "Point",
        "coordinates": [
          146.82352746743592,
          -36.09943432813576
        ]
      },
      "properties": {
        "label": "Rejected way 1149568095",
        "type": "Capacity placeholder value",
        "osm_element": "https://www.openstreetmap.org/way/1149568095",
        "rejection_reason": "Capacity placeholder value",
        "rejection_details": "Tag 'plant:output:electricity' contains placeholder value 'yes' instead of actual capacity",
        "rejection_keywords": "yes",
        "timestamp": "2026-04-24T03:27:05.289134",
        "element_type": "way",
        "element_id": 1149568095,
        "country": "Australia",
        "unit_type": "plant"
      }
    },
    {
      "type": "Feature",
      "geometry": {
        "type": "Point",
        "coordinates": [
          130.8268034177245,
          -17.439525115515725
        ]
      },
      "properties": {
        "label": "Rejected way 1150613271",
        "type": "Missing output tag",
        "osm_element": "https://www.openstreetmap.org/way/1150613271",
        "rejection_reason": "Missing output tag",
        "rejection_details": "tags: {'plant:source': 'solar', 'power': 'plant'}",
        "rejection_keywords": "none",
        "timestamp": "2026-04-24T03:27:05.289309",
        "element_type": "way",
        "element_id": 1150613271,
        "country": "Australia",
        "unit_type": "plant"
      }
    },
    {
      "type": "Feature",
      "geometry": {
        "type": "Point",
        "coordinates": [
          145.70558645620733,
          -36.38105112095273
        ]
      },
      "properties": {
        "label": "Rejected way 1153101879",
        "type": "Capacity placeholder value",
        "osm_element": "https://www.openstreetmap.org/way/1153101879",
        "rejection_reason": "Capacity placeholder value",
        "rejection_details": "Tag 'plant:output:electricity' contains placeholder value 'yes' instead of actual capacity",
        "rejection_keywords": "yes",
        "timestamp": "2026-04-24T03:27:05.289490",
        "element_type": "way",
        "element_id": 1153101879,
        "country": "Australia",
        "unit_type": "plant"
      }
    },
    {
      "type": "Feature",
      "geometry": {
        "type": "Point",
        "coordinates": [
          115.44649637974038,
          -20.791515740808702
        ]
      },
      "properties": {
        "label": "Rejected way 1156465538",
        "type": "Capacity placeholder value",
        "osm_element": "https://www.openstreetmap.org/way/1156465538",
        "rejection_reason": "Capacity placeholder value",
        "rejection_details": "Tag 'plant:output:electricity' contains placeholder value 'yes' instead of actual capacity",
        "rejection_keywords": "yes",
        "timestamp": "2026-04-24T03:27:05.290427",
        "element_type": "way",
        "element_id": 1156465538,
        "country": "Australia",
        "unit_type": "plant"
      }
    },
    {
      "type": "Feature",
      "geometry": {
        "type": "Point",
        "coordinates": [
          136.43077621204498,
          -13.857541002867249
        ]
      },
      "properties": {
        "label": "Rejected way 1158470212",
        "type": "Capacity placeholder value",
        "osm_element": "https://www.openstreetmap.org/way/1158470212",
        "rejection_reason": "Capacity placeholder value",
        "rejection_details": "Tag 'plant:output:electricity' contains placeholder value 'yes' instead of actual capacity",
        "rejection_keywords": "yes",
        "timestamp": "2026-04-24T03:27:05.291083",
        "element_type": "way",
        "element_id": 1158470212,
        "country": "Australia",
        "unit_type": "plant"
      }
    },
    {
      "type": "Feature",
      "geometry": {
        "type": "Point",
        "coordinates": [
          134.07886970507238,
          -24.682629797754064
        ]
      },
      "properties": {
        "label": "Rejected way 1159891295",
        "type": "Capacity placeholder value",
        "osm_element": "https://www.openstreetmap.org/way/1159891295",
        "rejection_reason": "Capacity placeholder value",
        "rejection_details": "Tag 'plant:output:electricity' contains placeholder value 'yes' instead of actual capacity",
        "rejection_keywords": "yes",
        "timestamp": "2026-04-24T03:27:05.291256",
        "element_type": "way",
        "element_id": 1159891295,
        "country": "Australia",
        "unit_type": "plant"
      }
    },
    {
      "type": "Feature",
      "geometry": {
        "type": "Point",
        "coordinates": [
          113.54893199926106,
          -25.91563299896954
        ]
      },
      "properties": {
        "label": "Rejected way 1162630342",
        "type": "Capacity regex no match",
        "osm_element": "https://www.openstreetmap.org/way/1162630342",
        "rejection_reason": "Capacity regex no match",
        "rejection_details": "Tag 'plant:output:electricity' has value '704 kW' which could not be parsed",
        "rejection_keywords": "704 kW",
        "timestamp": "2026-04-24T03:27:05.291420",
        "element_type": "way",
        "element_id": 1162630342,
        "country": "Australia",
        "unit_type": "plant"
      }
    },
    {
      "type": "Feature",
      "geometry": {
        "type": "Point",
        "coordinates": [
          139.51312345,
          -21.6942317
        ]
      },
      "properties": {
        "label": "Rejected way 1164296675",
        "type": "Capacity placeholder value",
        "osm_element": "https://www.openstreetmap.org/way/1164296675",
        "rejection_reason": "Capacity placeholder value",
        "rejection_details": "Tag 'plant:output:electricity' contains placeholder value 'yes' instead of actual capacity",
        "rejection_keywords": "yes",
        "timestamp": "2026-04-24T03:27:05.291592",
        "element_type": "way",
        "element_id": 1164296675,
        "country": "Australia",
        "unit_type": "plant"
      }
    },
    {
      "type": "Feature",
      "geometry": {
        "type": "Point",
        "coordinates": [
          145.49582060006142,
          -38.11106629160867
        ]
      },
      "properties": {
        "label": "Rejected way 1185419283",
        "type": "Missing output tag",
        "osm_element": "https://www.openstreetmap.org/way/1185419283",
        "rejection_reason": "Missing output tag",
        "rejection_details": "tags: {'plant:method': 'photovoltaic', 'plant:source': 'solar', 'power': 'plant'}",
        "rejection_keywords": "none",
        "timestamp": "2026-04-24T03:27:05.293212",
        "element_type": "way",
        "element_id": 1185419283,
        "country": "Australia",
        "unit_type": "plant"
      }
    },
    {
      "type": "Feature",
      "geometry": {
        "type": "Point",
        "coordinates": [
          151.06738432599624,
          -33.857236004939445
        ]
      },
      "properties": {
        "label": "Rejected way 1187233450",
        "type": "Capacity placeholder value",
        "osm_element": "https://www.openstreetmap.org/way/1187233450",
        "rejection_reason": "Capacity placeholder value",
        "rejection_details": "Tag 'plant:output:electricity' contains placeholder value 'yes' instead of actual capacity",
        "rejection_keywords": "yes",
        "timestamp": "2026-04-24T03:27:05.293444",
        "element_type": "way",
        "element_id": 1187233450,
        "country": "Australia",
        "unit_type": "plant"
      }
    },
    {
      "type": "Feature",
      "geometry": {
        "type": "Point",
        "coordinates": [
          140.66501722306853,
          -34.414246341710005
        ]
      },
      "properties": {
        "label": "Rejected way 1189421469",
        "type": "Capacity regex no match",
        "osm_element": "https://www.openstreetmap.org/way/1189421469",
        "rejection_reason": "Capacity regex no match",
        "rejection_details": "Tag 'plant:output:electricity' has value 'small_installation' which could not be parsed",
        "rejection_keywords": "small_installation",
        "timestamp": "2026-04-24T03:27:05.293607",
        "element_type": "way",
        "element_id": 1189421469,
        "country": "Australia",
        "unit_type": "plant"
      }
    },
    {
      "type": "Feature",
      "geometry": {
        "type": "Point",
        "coordinates": [
          116.77901364181463,
          -20.593449536437493
        ]
      },
      "properties": {
        "label": "Rejected way 1190914434",
        "type": "Missing source tag",
        "osm_element": "https://www.openstreetmap.org/way/1190914434",
        "rejection_reason": "Missing source tag",
        "rejection_details": "tags: {'landuse': 'industrial', 'name': 'Karratha Gas Plant', 'power': 'plant'}",
        "rejection_keywords": "none",
        "timestamp": "2026-04-24T03:27:05.294041",
        "element_type": "way",
        "element_id": 1190914434,
        "country": "Australia",
        "unit_type": "plant"
      }
    },
    {
      "type": "Feature",
      "geometry": {
        "type": "Point",
        "coordinates": [
          143.28799606178717,
          -35.040869811257586
        ]
      },
      "properties": {
        "label": "Rejected way 1194054256",
        "type": "Capacity placeholder value",
        "osm_element": "https://www.openstreetmap.org/way/1194054256",
        "rejection_reason": "Capacity placeholder value",
        "rejection_details": "Tag 'plant:output:electricity' contains placeholder value 'yes' instead of actual capacity",
        "rejection_keywords": "yes",
        "timestamp": "2026-04-24T03:27:05.294256",
        "element_type": "way",
        "element_id": 1194054256,
        "country": "Australia",
        "unit_type": "plant"
      }
    },
    {
      "type": "Feature",
      "geometry": {
        "type": "Point",
        "coordinates": [
          128.73915683333334,
          -15.779382365813921
        ]
      },
      "properties": {
        "label": "Rejected way 1201010260",
        "type": "Capacity placeholder value",
        "osm_element": "https://www.openstreetmap.org/way/1201010260",
        "rejection_reason": "Capacity placeholder value",
        "rejection_details": "Tag 'plant:output:electricity' contains placeholder value 'yes' instead of actual capacity",
        "rejection_keywords": "yes",
        "timestamp": "2026-04-24T03:27:05.294601",
        "element_type": "way",
        "element_id": 1201010260,
        "country": "Australia",
        "unit_type": "plant"
      }
    },
    {
      "type": "Feature",
      "geometry": {
        "type": "Point",
        "coordinates": [
          142.1885103431023,
          -34.37929352382331
        ]
      },
      "properties": {
        "label": "Rejected way 1201703259",
        "type": "Capacity placeholder value",
        "osm_element": "https://www.openstreetmap.org/way/1201703259",
        "rejection_reason": "Capacity placeholder value",
        "rejection_details": "Tag 'plant:output:electricity' contains placeholder value 'yes' instead of actual capacity",
        "rejection_keywords": "yes",
        "timestamp": "2026-04-24T03:27:05.294787",
        "element_type": "way",
        "element_id": 1201703259,
        "country": "Australia",
        "unit_type": "plant"
      }
    },
    {
      "type": "Feature",
      "geometry": {
        "type": "Point",
        "coordinates": [
          144.20058588663028,
          -14.925206805196915
        ]
      },
      "properties": {
        "label": "Rejected way 1206779480",
        "type": "Capacity placeholder value",
        "osm_element": "https://www.openstreetmap.org/way/1206779480",
        "rejection_reason": "Capacity placeholder value",
        "rejection_details": "Tag 'plant:output:electricity' contains placeholder value 'yes' instead of actual capacity",
        "rejection_keywords": "yes",
        "timestamp": "2026-04-24T03:27:05.296487",
        "element_type": "way",
        "element_id": 1206779480,
        "country": "Australia",
        "unit_type": "plant"
      }
    },
    {
      "type": "Feature",
      "geometry": {
        "type": "Point",
        "coordinates": [
          133.3949638190046,
          -18.195515248059326
        ]
      },
      "properties": {
        "label": "Rejected way 1206868219",
        "type": "Capacity placeholder value",
        "osm_element": "https://www.openstreetmap.org/way/1206868219",
        "rejection_reason": "Capacity placeholder value",
        "rejection_details": "Tag 'plant:output:electricity' contains placeholder value 'yes' instead of actual capacity",
        "rejection_keywords": "yes",
        "timestamp": "2026-04-24T03:27:05.296717",
        "element_type": "way",
        "element_id": 1206868219,
        "country": "Australia",
        "unit_type": "plant"
      }
    },
    {
      "type": "Feature",
      "geometry": {
        "type": "Point",
        "coordinates": [
          152.71638026442437,
          -24.112953441745617
        ]
      },
      "properties": {
        "label": "Rejected way 1211226620",
        "type": "Capacity placeholder value",
        "osm_element": "https://www.openstreetmap.org/way/1211226620",
        "rejection_reason": "Capacity placeholder value",
        "rejection_details": "Tag 'plant:output:electricity' contains placeholder value 'yes' instead of actual capacity",
        "rejection_keywords": "yes",
        "timestamp": "2026-04-24T03:27:05.297153",
        "element_type": "way",
        "element_id": 1211226620,
        "country": "Australia",
        "unit_type": "plant"
      }
    },
    {
      "type": "Feature",
      "geometry": {
        "type": "Point",
        "coordinates": [
          144.35276312134982,
          -38.06216923654222
        ]
      },
      "properties": {
        "label": "Rejected way 1212412192",
        "type": "Missing output tag",
        "osm_element": "https://www.openstreetmap.org/way/1212412192",
        "rejection_reason": "Missing output tag",
        "rejection_details": "tags: {'barrier': 'fence', 'plant:method': 'photovoltaic', 'plant:source': 'solar', 'power': 'plant'}",
        "rejection_keywords": "none",
        "timestamp": "2026-04-24T03:27:05.297546",
        "element_type": "way",
        "element_id": 1212412192,
        "country": "Australia",
        "unit_type": "plant"
      }
    },
    {
      "type": "Feature",
      "geometry": {
        "type": "Point",
        "coordinates": [
          147.10685499868677,
          -19.51687751193741
        ]
      },
      "properties": {
        "label": "Rejected way 1213170811",
        "type": "Missing output tag",
        "osm_element": "https://www.openstreetmap.org/way/1213170811",
        "rejection_reason": "Missing output tag",
        "rejection_details": "tags: {'landuse': 'industrial', 'name': 'Invicta Sugar Mill Power Station', 'plant:source': 'biomass', 'power': 'plant', 'source': 'https://www.gem.wiki/Invicta_Sugar_Mill_power_station'}",
        "rejection_keywords": "none",
        "timestamp": "2026-04-24T03:27:05.297793",
        "element_type": "way",
        "element_id": 1213170811,
        "country": "Australia",
        "unit_type": "plant"
      }
    },
    {
      "type": "Feature",
      "geometry": {
        "type": "Point",
        "coordinates": [
          142.4262898,
          -35.2784966
        ]
      },
      "properties": {
        "label": "Rejected way 1214099184",
        "type": "Capacity placeholder value",
        "osm_element": "https://www.openstreetmap.org/way/1214099184",
        "rejection_reason": "Capacity placeholder value",
        "rejection_details": "Tag 'plant:output:electricity' contains placeholder value 'yes' instead of actual capacity",
        "rejection_keywords": "yes",
        "timestamp": "2026-04-24T03:27:05.298000",
        "element_type": "way",
        "element_id": 1214099184,
        "country": "Australia",
        "unit_type": "plant"
      }
    },
    {
      "type": "Feature",
      "geometry": {
        "type": "Point",
        "coordinates": [
          133.38345743203746,
          -11.649092759569044
        ]
      },
      "properties": {
        "label": "Rejected way 1220381143",
        "type": "Capacity placeholder value",
        "osm_element": "https://www.openstreetmap.org/way/1220381143",
        "rejection_reason": "Capacity placeholder value",
        "rejection_details": "Tag 'plant:output:electricity' contains placeholder value 'yes' instead of actual capacity",
        "rejection_keywords": "yes",
        "timestamp": "2026-04-24T03:27:05.298585",
        "element_type": "way",
        "element_id": 1220381143,
        "country": "Australia",
        "unit_type": "plant"
      }
    },
    {
      "type": "Feature",
      "geometry": {
        "type": "Point",
        "coordinates": [
          132.57268365000002,
          -11.14415395
        ]
      },
      "properties": {
        "label": "Rejected way 1220381144",
        "type": "Capacity placeholder value",
        "osm_element": "https://www.openstreetmap.org/way/1220381144",
        "rejection_reason": "Capacity placeholder value",
        "rejection_details": "Tag 'plant:output:electricity' contains placeholder value 'yes' instead of actual capacity",
        "rejection_keywords": "yes",
        "timestamp": "2026-04-24T03:27:05.298742",
        "element_type": "way",
        "element_id": 1220381144,
        "country": "Australia",
        "unit_type": "plant"
      }
    },
    {
      "type": "Feature",
      "geometry": {
        "type": "Point",
        "coordinates": [
          145.2731831654168,
          -23.538772713467594
        ]
      },
      "properties": {
        "label": "Rejected way 1221393146",
        "type": "Capacity placeholder value",
        "osm_element": "https://www.openstreetmap.org/way/1221393146",
        "rejection_reason": "Capacity placeholder value",
        "rejection_details": "Tag 'plant:output:electricity' contains placeholder value 'yes' instead of actual capacity",
        "rejection_keywords": "yes",
        "timestamp": "2026-04-24T03:27:05.299122",
        "element_type": "way",
        "element_id": 1221393146,
        "country": "Australia",
        "unit_type": "plant"
      }
    },
    {
      "type": "Feature",
      "geometry": {
        "type": "Point",
        "coordinates": [
          143.81326660134513,
          -37.51660230982442
        ]
      },
      "properties": {
        "label": "Rejected way 1221944212",
        "type": "Capacity placeholder value",
        "osm_element": "https://www.openstreetmap.org/way/1221944212",
        "rejection_reason": "Capacity placeholder value",
        "rejection_details": "Tag 'plant:output:electricity' contains placeholder value 'yes' instead of actual capacity",
        "rejection_keywords": "yes",
        "timestamp": "2026-04-24T03:27:05.299341",
        "element_type": "way",
        "element_id": 1221944212,
        "country": "Australia",
        "unit_type": "plant"
      }
    },
    {
      "type": "Feature",
      "geometry": {
        "type": "Point",
        "coordinates": [
          120.54900758558723,
          -27.215514864636244
        ]
      },
      "properties": {
        "label": "Rejected way 1222311235",
        "type": "Capacity placeholder value",
        "osm_element": "https://www.openstreetmap.org/way/1222311235",
        "rejection_reason": "Capacity placeholder value",
        "rejection_details": "Tag 'plant:output:electricity' contains placeholder value 'yes' instead of actual capacity",
        "rejection_keywords": "yes",
        "timestamp": "2026-04-24T03:27:05.299569",
        "element_type": "way",
        "element_id": 1222311235,
        "country": "Australia",
        "unit_type": "plant"
      }
    },
    {
      "type": "Feature",
      "geometry": {
        "type": "Point",
        "coordinates": [
          115.94651024812313,
          -32.64629952476595
        ]
      },
      "properties": {
        "label": "Rejected way 1223346499",
        "type": "Capacity placeholder value",
        "osm_element": "https://www.openstreetmap.org/way/1223346499",
        "rejection_reason": "Capacity placeholder value",
        "rejection_details": "Tag 'plant:output:electricity' contains placeholder value 'yes' instead of actual capacity",
        "rejection_keywords": "yes",
        "timestamp": "2026-04-24T03:27:05.299729",
        "element_type": "way",
        "element_id": 1223346499,
        "country": "Australia",
        "unit_type": "plant"
      }
    },
    {
      "type": "Feature",
      "geometry": {
        "type": "Point",
        "coordinates": [
          142.39630829892087,
          -36.27009464607718
        ]
      },
      "properties": {
        "label": "Rejected way 1223481955",
        "type": "Capacity placeholder value",
        "osm_element": "https://www.openstreetmap.org/way/1223481955",
        "rejection_reason": "Capacity placeholder value",
        "rejection_details": "Tag 'plant:output:electricity' contains placeholder value 'yes' instead of actual capacity",
        "rejection_keywords": "yes",
        "timestamp": "2026-04-24T03:27:05.299900",
        "element_type": "way",
        "element_id": 1223481955,
        "country": "Australia",
        "unit_type": "plant"
      }
    },
    {
      "type": "Feature",
      "geometry": {
        "type": "Point",
        "coordinates": [
          145.99113280796587,
          -17.606456291355475
        ]
      },
      "properties": {
        "label": "Rejected way 1229557500",
        "type": "Missing output tag",
        "osm_element": "https://www.openstreetmap.org/way/1229557500",
        "rejection_reason": "Missing output tag",
        "rejection_details": "tags: {'landuse': 'industrial', 'name': 'South Johnstone Mill Power Station', 'plant:source': 'biomass', 'power': 'plant'}",
        "rejection_keywords": "none",
        "timestamp": "2026-04-24T03:27:05.315481",
        "element_type": "way",
        "element_id": 1229557500,
        "country": "Australia",
        "unit_type": "plant"
      }
    },
    {
      "type": "Feature",
      "geometry": {
        "type": "Point",
        "coordinates": [
          146.39720988157052,
          -35.98565234272681
        ]
      },
      "properties": {
        "label": "Rejected way 1232861624",
        "type": "Capacity placeholder value",
        "osm_element": "https://www.openstreetmap.org/way/1232861624",
        "rejection_reason": "Capacity placeholder value",
        "rejection_details": "Tag 'plant:output:electricity' contains placeholder value 'yes' instead of actual capacity",
        "rejection_keywords": "yes",
        "timestamp": "2026-04-24T03:27:05.316327",
        "element_type": "way",
        "element_id": 1232861624,
        "country": "Australia",
        "unit_type": "plant"
      }
    },
    {
      "type": "Feature",
      "geometry": {
        "type": "Point",
        "coordinates": [
          121.37567226719722,
          -30.802384075074844
        ]
      },
      "properties": {
        "label": "Rejected way 1234148892",
        "type": "Capacity placeholder value",
        "osm_element": "https://www.openstreetmap.org/way/1234148892",
        "rejection_reason": "Capacity placeholder value",
        "rejection_details": "Tag 'plant:output:electricity' contains placeholder value 'yes' instead of actual capacity",
        "rejection_keywords": "yes",
        "timestamp": "2026-04-24T03:27:05.316497",
        "element_type": "way",
        "element_id": 1234148892,
        "country": "Australia",
        "unit_type": "plant"
      }
    },
    {
      "type": "Feature",
      "geometry": {
        "type": "Point",
        "coordinates": [
          134.568384547131,
          -30.71307122302332
        ]
      },
      "properties": {
        "label": "Rejected way 1236130525",
        "type": "Capacity placeholder value",
        "osm_element": "https://www.openstreetmap.org/way/1236130525",
        "rejection_reason": "Capacity placeholder value",
        "rejection_details": "Tag 'plant:output:electricity' contains placeholder value 'yes' instead of actual capacity",
        "rejection_keywords": "yes",
        "timestamp": "2026-04-24T03:27:05.316671",
        "element_type": "way",
        "element_id": 1236130525,
        "country": "Australia",
        "unit_type": "plant"
      }
    },
    {
      "type": "Feature",
      "geometry": {
        "type": "Point",
        "coordinates": [
          151.0273869271661,
          -33.828110972007885
        ]
      },
      "properties": {
        "label": "Rejected way 1241548554",
        "type": "Capacity placeholder value",
        "osm_element": "https://www.openstreetmap.org/way/1241548554",
        "rejection_reason": "Capacity placeholder value",
        "rejection_details": "Tag 'plant:output:electricity' contains placeholder value 'yes' instead of actual capacity",
        "rejection_keywords": "yes",
        "timestamp": "2026-04-24T03:27:05.317249",
        "element_type": "way",
        "element_id": 1241548554,
        "country": "Australia",
        "unit_type": "plant"
      }
    },
    {
      "type": "Feature",
      "geometry": {
        "type": "Point",
        "coordinates": [
          151.16544295070048,
          -33.922673948008914
        ]
      },
      "properties": {
        "label": "Rejected way 1241913562",
        "type": "Capacity placeholder value",
        "osm_element": "https://www.openstreetmap.org/way/1241913562",
        "rejection_reason": "Capacity placeholder value",
        "rejection_details": "Tag 'plant:output:electricity' contains placeholder value 'yes' instead of actual capacity",
        "rejection_keywords": "yes",
        "timestamp": "2026-04-24T03:27:05.317521",
        "element_type": "way",
        "element_id": 1241913562,
        "country": "Australia",
        "unit_type": "plant"
      }
    },
    {
      "type": "Feature",
      "geometry": {
        "type": "Point",
        "coordinates": [
          142.01329081342035,
          -35.997497848952186
        ]
      },
      "properties": {
        "label": "Rejected way 1251183643",
        "type": "Capacity placeholder value",
        "osm_element": "https://www.openstreetmap.org/way/1251183643",
        "rejection_reason": "Capacity placeholder value",
        "rejection_details": "Tag 'plant:output:electricity' contains placeholder value 'yes' instead of actual capacity",
        "rejection_keywords": "yes",
        "timestamp": "2026-04-24T03:27:05.317707",
        "element_type": "way",
        "element_id": 1251183643,
        "country": "Australia",
        "unit_type": "plant"
      }
    },
    {
      "type": "Feature",
      "geometry": {
        "type": "Point",
        "coordinates": [
          142.46461898616607,
          -10.724238597441035
        ]
      },
      "properties": {
        "label": "Rejected way 1276091024",
        "type": "Capacity placeholder value",
        "osm_element": "https://www.openstreetmap.org/way/1276091024",
        "rejection_reason": "Capacity placeholder value",
        "rejection_details": "Tag 'plant:output:electricity' contains placeholder value 'yes' instead of actual capacity",
        "rejection_keywords": "yes",
        "timestamp": "2026-04-24T03:27:05.318282",
        "element_type": "way",
        "element_id": 1276091024,
        "country": "Australia",
        "unit_type": "plant"
      }
    },
    {
      "type": "Feature",
      "geometry": {
        "type": "Point",
        "coordinates": [
          113.67364770140252,
          -24.89718251866881
        ]
      },
      "properties": {
        "label": "Rejected way 1290568162",
        "type": "Capacity placeholder value",
        "osm_element": "https://www.openstreetmap.org/way/1290568162",
        "rejection_reason": "Capacity placeholder value",
        "rejection_details": "Tag 'plant:output:electricity' contains placeholder value 'yes' instead of actual capacity",
        "rejection_keywords": "yes",
        "timestamp": "2026-04-24T03:27:05.319592",
        "element_type": "way",
        "element_id": 1290568162,
        "country": "Australia",
        "unit_type": "plant"
      }
    },
    {
      "type": "Feature",
      "geometry": {
        "type": "Point",
        "coordinates": [
          143.34091122514866,
          -12.786821925651301
        ]
      },
      "properties": {
        "label": "Rejected way 1292775014",
        "type": "Capacity placeholder value",
        "osm_element": "https://www.openstreetmap.org/way/1292775014",
        "rejection_reason": "Capacity placeholder value",
        "rejection_details": "Tag 'plant:output:electricity' contains placeholder value 'yes' instead of actual capacity",
        "rejection_keywords": "yes",
        "timestamp": "2026-04-24T03:27:05.320005",
        "element_type": "way",
        "element_id": 1292775014,
        "country": "Australia",
        "unit_type": "plant"
      }
    },
    {
      "type": "Feature",
      "geometry": {
        "type": "Point",
        "coordinates": [
          151.906180175864,
          -27.42480708636855
        ]
      },
      "properties": {
        "label": "Rejected way 1292823938",
        "type": "Capacity placeholder value",
        "osm_element": "https://www.openstreetmap.org/way/1292823938",
        "rejection_reason": "Capacity placeholder value",
        "rejection_details": "Tag 'plant:output:electricity' contains placeholder value 'yes' instead of actual capacity",
        "rejection_keywords": "yes",
        "timestamp": "2026-04-24T03:27:05.320178",
        "element_type": "way",
        "element_id": 1292823938,
        "country": "Australia",
        "unit_type": "plant"
      }
    },
    {
      "type": "Feature",
      "geometry": {
        "type": "Point",
        "coordinates": [
          113.77221570822545,
          -23.154711069992775
        ]
      },
      "properties": {
        "label": "Rejected way 1293365724",
        "type": "Capacity regex no match",
        "osm_element": "https://www.openstreetmap.org/way/1293365724",
        "rejection_reason": "Capacity regex no match",
        "rejection_details": "Tag 'plant:output:electricity' has value '825 KW' which could not be parsed",
        "rejection_keywords": "825 KW",
        "timestamp": "2026-04-24T03:27:05.320585",
        "element_type": "way",
        "element_id": 1293365724,
        "country": "Australia",
        "unit_type": "plant"
      }
    },
    {
      "type": "Feature",
      "geometry": {
        "type": "Point",
        "coordinates": [
          115.52891792098401,
          -31.993752399411452
        ]
      },
      "properties": {
        "label": "Rejected way 1293776357",
        "type": "Capacity regex no match",
        "osm_element": "https://www.openstreetmap.org/way/1293776357",
        "rejection_reason": "Capacity regex no match",
        "rejection_details": "Tag 'plant:output:electricity' has value '600 kW' which could not be parsed",
        "rejection_keywords": "600 kW",
        "timestamp": "2026-04-24T03:27:05.321049",
        "element_type": "way",
        "element_id": 1293776357,
        "country": "Australia",
        "unit_type": "plant"
      }
    },
    {
      "type": "Feature",
      "geometry": {
        "type": "Point",
        "coordinates": [
          143.08887531819298,
          -30.85570590227492
        ]
      },
      "properties": {
        "label": "Rejected way 1302838532",
        "type": "Capacity placeholder value",
        "osm_element": "https://www.openstreetmap.org/way/1302838532",
        "rejection_reason": "Capacity placeholder value",
        "rejection_details": "Tag 'plant:output:electricity' contains placeholder value 'yes' instead of actual capacity",
        "rejection_keywords": "yes",
        "timestamp": "2026-04-24T03:27:05.322296",
        "element_type": "way",
        "element_id": 1302838532,
        "country": "Australia",
        "unit_type": "plant"
      }
    },
    {
      "type": "Feature",
      "geometry": {
        "type": "Point",
        "coordinates": [
          125.55954823965537,
          -18.19591430165819
        ]
      },
      "properties": {
        "label": "Rejected way 1302843440",
        "type": "Capacity placeholder value",
        "osm_element": "https://www.openstreetmap.org/way/1302843440",
        "rejection_reason": "Capacity placeholder value",
        "rejection_details": "Tag 'plant:output:electricity' contains placeholder value 'yes' instead of actual capacity",
        "rejection_keywords": "yes",
        "timestamp": "2026-04-24T03:27:05.322494",
        "element_type": "way",
        "element_id": 1302843440,
        "country": "Australia",
        "unit_type": "plant"
      }
    },
    {
      "type": "Feature",
      "geometry": {
        "type": "Point",
        "coordinates": [
          138.61829801565625,
          -34.806482747652026
        ]
      },
      "properties": {
        "label": "Rejected way 1303489889",
        "type": "Capacity placeholder value",
        "osm_element": "https://www.openstreetmap.org/way/1303489889",
        "rejection_reason": "Capacity placeholder value",
        "rejection_details": "Tag 'plant:output:electricity' contains placeholder value 'yes' instead of actual capacity",
        "rejection_keywords": "yes",
        "timestamp": "2026-04-24T03:27:05.323527",
        "element_type": "way",
        "element_id": 1303489889,
        "country": "Australia",
        "unit_type": "plant"
      }
    },
    {
      "type": "Feature",
      "geometry": {
        "type": "Point",
        "coordinates": [
          138.06960698360572,
          -33.20472684909387
        ]
      },
      "properties": {
        "label": "Rejected way 1304018289",
        "type": "Capacity placeholder value",
        "osm_element": "https://www.openstreetmap.org/way/1304018289",
        "rejection_reason": "Capacity placeholder value",
        "rejection_details": "Tag 'plant:output:electricity' contains placeholder value 'yes' instead of actual capacity",
        "rejection_keywords": "yes",
        "timestamp": "2026-04-24T03:27:05.323853",
        "element_type": "way",
        "element_id": 1304018289,
        "country": "Australia",
        "unit_type": "plant"
      }
    },
    {
      "type": "Feature",
      "geometry": {
        "type": "Point",
        "coordinates": [
          138.1085118634591,
          -33.2216384177845
        ]
      },
      "properties": {
        "label": "Rejected way 1304018335",
        "type": "Capacity placeholder value",
        "osm_element": "https://www.openstreetmap.org/way/1304018335",
        "rejection_reason": "Capacity placeholder value",
        "rejection_details": "Tag 'plant:output:electricity' contains placeholder value 'yes' instead of actual capacity",
        "rejection_keywords": "yes",
        "timestamp": "2026-04-24T03:27:05.324067",
        "element_type": "way",
        "element_id": 1304018335,
        "country": "Australia",
        "unit_type": "plant"
      }
    },
    {
      "type": "Feature",
      "geometry": {
        "type": "Point",
        "coordinates": [
          152.39166489087947,
          -24.81669099972075
        ]
      },
      "properties": {
        "label": "Rejected way 1305800076",
        "type": "Capacity placeholder value",
        "osm_element": "https://www.openstreetmap.org/way/1305800076",
        "rejection_reason": "Capacity placeholder value",
        "rejection_details": "Tag 'plant:output:electricity' contains placeholder value 'yes' instead of actual capacity",
        "rejection_keywords": "yes",
        "timestamp": "2026-04-24T03:27:05.325341",
        "element_type": "way",
        "element_id": 1305800076,
        "country": "Australia",
        "unit_type": "plant"
      }
    },
    {
      "type": "Feature",
      "geometry": {
        "type": "Point",
        "coordinates": [
          138.68396874358885,
          -34.528460954701494
        ]
      },
      "properties": {
        "label": "Rejected way 1306363921",
        "type": "Capacity placeholder value",
        "osm_element": "https://www.openstreetmap.org/way/1306363921",
        "rejection_reason": "Capacity placeholder value",
        "rejection_details": "Tag 'plant:output:electricity' contains placeholder value 'yes' instead of actual capacity",
        "rejection_keywords": "yes",
        "timestamp": "2026-04-24T03:27:05.325598",
        "element_type": "way",
        "element_id": 1306363921,
        "country": "Australia",
        "unit_type": "plant"
      }
    },
    {
      "type": "Feature",
      "geometry": {
        "type": "Point",
        "coordinates": [
          134.7736835362003,
          -22.091396365834104
        ]
      },
      "properties": {
        "label": "Rejected way 1312172268",
        "type": "Missing source tag",
        "osm_element": "https://www.openstreetmap.org/way/1312172268",
        "rejection_reason": "Missing source tag",
        "rejection_details": "tags: {'landuse': 'industrial', 'power': 'plant'}",
        "rejection_keywords": "none",
        "timestamp": "2026-04-24T03:27:05.325789",
        "element_type": "way",
        "element_id": 1312172268,
        "country": "Australia",
        "unit_type": "plant"
      }
    },
    {
      "type": "Feature",
      "geometry": {
        "type": "Point",
        "coordinates": [
          134.7735648444136,
          -22.091481934472146
        ]
      },
      "properties": {
        "label": "Rejected way 1312172270",
        "type": "Capacity placeholder value",
        "osm_element": "https://www.openstreetmap.org/way/1312172270",
        "rejection_reason": "Capacity placeholder value",
        "rejection_details": "Tag 'plant:output:electricity' contains placeholder value 'yes' instead of actual capacity",
        "rejection_keywords": "yes",
        "timestamp": "2026-04-24T03:27:05.325970",
        "element_type": "way",
        "element_id": 1312172270,
        "country": "Australia",
        "unit_type": "plant"
      }
    },
    {
      "type": "Feature",
      "geometry": {
        "type": "Point",
        "coordinates": [
          131.0483693041484,
          -13.050323420248867
        ]
      },
      "properties": {
        "label": "Rejected way 1312716446",
        "type": "Capacity placeholder value",
        "osm_element": "https://www.openstreetmap.org/way/1312716446",
        "rejection_reason": "Capacity placeholder value",
        "rejection_details": "Tag 'plant:output:electricity' contains placeholder value 'yes' instead of actual capacity",
        "rejection_keywords": "yes",
        "timestamp": "2026-04-24T03:27:05.326137",
        "element_type": "way",
        "element_id": 1312716446,
        "country": "Australia",
        "unit_type": "plant"
      }
    },
    {
      "type": "Feature",
      "geometry": {
        "type": "Point",
        "coordinates": [
          133.04441663938408,
          -12.328588614504623
        ]
      },
      "properties": {
        "label": "Rejected way 1312741127",
        "type": "Capacity placeholder value",
        "osm_element": "https://www.openstreetmap.org/way/1312741127",
        "rejection_reason": "Capacity placeholder value",
        "rejection_details": "Tag 'plant:output:electricity' contains placeholder value 'yes' instead of actual capacity",
        "rejection_keywords": "yes",
        "timestamp": "2026-04-24T03:27:05.326307",
        "element_type": "way",
        "element_id": 1312741127,
        "country": "Australia",
        "unit_type": "plant"
      }
    },
    {
      "type": "Feature",
      "geometry": {
        "type": "Point",
        "coordinates": [
          146.69278133527632,
          -19.299010518773887
        ]
      },
      "properties": {
        "label": "Rejected way 1319395718",
        "type": "Missing output tag",
        "osm_element": "https://www.openstreetmap.org/way/1319395718",
        "rejection_reason": "Missing output tag",
        "rejection_details": "tags: {'landuse': 'industrial', 'plant:source': 'battery', 'power': 'plant'}",
        "rejection_keywords": "none",
        "timestamp": "2026-04-24T03:27:05.327202",
        "element_type": "way",
        "element_id": 1319395718,
        "country": "Australia",
        "unit_type": "plant"
      }
    },
    {
      "type": "Feature",
      "geometry": {
        "type": "Point",
        "coordinates": [
          118.48346292789958,
          -26.594387062784968
        ]
      },
      "properties": {
        "label": "Rejected way 1330071054",
        "type": "Capacity placeholder value",
        "osm_element": "https://www.openstreetmap.org/way/1330071054",
        "rejection_reason": "Capacity placeholder value",
        "rejection_details": "Tag 'plant:output:electricity' contains placeholder value 'yes' instead of actual capacity",
        "rejection_keywords": "yes",
        "timestamp": "2026-04-24T03:27:05.327815",
        "element_type": "way",
        "element_id": 1330071054,
        "country": "Australia",
        "unit_type": "plant"
      }
    },
    {
      "type": "Feature",
      "geometry": {
        "type": "Point",
        "coordinates": [
          121.45937588308387,
          -30.78539416291714
        ]
      },
      "properties": {
        "label": "Rejected way 1330729798",
        "type": "Capacity placeholder value",
        "osm_element": "https://www.openstreetmap.org/way/1330729798",
        "rejection_reason": "Capacity placeholder value",
        "rejection_details": "Tag 'plant:output:electricity' contains placeholder value 'yes' instead of actual capacity",
        "rejection_keywords": "yes",
        "timestamp": "2026-04-24T03:27:05.328012",
        "element_type": "way",
        "element_id": 1330729798,
        "country": "Australia",
        "unit_type": "plant"
      }
    },
    {
      "type": "Feature",
      "geometry": {
        "type": "Point",
        "coordinates": [
          133.46988969244117,
          -24.339520268404584
        ]
      },
      "properties": {
        "label": "Rejected way 1333763457",
        "type": "Capacity placeholder value",
        "osm_element": "https://www.openstreetmap.org/way/1333763457",
        "rejection_reason": "Capacity placeholder value",
        "rejection_details": "Tag 'plant:output:electricity' contains placeholder value 'yes' instead of actual capacity",
        "rejection_keywords": "yes",
        "timestamp": "2026-04-24T03:27:05.335032",
        "element_type": "way",
        "element_id": 1333763457,
        "country": "Australia",
        "unit_type": "plant"
      }
    },
    {
      "type": "Feature",
      "geometry": {
        "type": "Point",
        "coordinates": [
          133.82419216732342,
          -23.863721444056363
        ]
      },
      "properties": {
        "label": "Rejected way 1333767776",
        "type": "Capacity placeholder value",
        "osm_element": "https://www.openstreetmap.org/way/1333767776",
        "rejection_reason": "Capacity placeholder value",
        "rejection_details": "Tag 'plant:output:electricity' contains placeholder value 'yes' instead of actual capacity",
        "rejection_keywords": "yes",
        "timestamp": "2026-04-24T03:27:05.335203",
        "element_type": "way",
        "element_id": 1333767776,
        "country": "Australia",
        "unit_type": "plant"
      }
    },
    {
      "type": "Feature",
      "geometry": {
        "type": "Point",
        "coordinates": [
          134.93727455624844,
          -22.974265824980638
        ]
      },
      "properties": {
        "label": "Rejected way 1334676701",
        "type": "Capacity placeholder value",
        "osm_element": "https://www.openstreetmap.org/way/1334676701",
        "rejection_reason": "Capacity placeholder value",
        "rejection_details": "Tag 'plant:output:electricity' contains placeholder value 'yes' instead of actual capacity",
        "rejection_keywords": "yes",
        "timestamp": "2026-04-24T03:27:05.335368",
        "element_type": "way",
        "element_id": 1334676701,
        "country": "Australia",
        "unit_type": "plant"
      }
    },
    {
      "type": "Feature",
      "geometry": {
        "type": "Point",
        "coordinates": [
          136.2298118231415,
          -12.209231494500102
        ]
      },
      "properties": {
        "label": "Rejected way 1335590756",
        "type": "Capacity placeholder value",
        "osm_element": "https://www.openstreetmap.org/way/1335590756",
        "rejection_reason": "Capacity placeholder value",
        "rejection_details": "Tag 'plant:output:electricity' contains placeholder value 'yes' instead of actual capacity",
        "rejection_keywords": "yes",
        "timestamp": "2026-04-24T03:27:05.335529",
        "element_type": "way",
        "element_id": 1335590756,
        "country": "Australia",
        "unit_type": "plant"
      }
    },
    {
      "type": "Feature",
      "geometry": {
        "type": "Point",
        "coordinates": [
          136.38783019999997,
          -12.41091055
        ]
      },
      "properties": {
        "label": "Rejected way 1335590980",
        "type": "Capacity placeholder value",
        "osm_element": "https://www.openstreetmap.org/way/1335590980",
        "rejection_reason": "Capacity placeholder value",
        "rejection_details": "Tag 'plant:output:electricity' contains placeholder value 'yes' instead of actual capacity",
        "rejection_keywords": "yes",
        "timestamp": "2026-04-24T03:27:05.335688",
        "element_type": "way",
        "element_id": 1335590980,
        "country": "Australia",
        "unit_type": "plant"
      }
    },
    {
      "type": "Feature",
      "geometry": {
        "type": "Point",
        "coordinates": [
          135.81484755019412,
          -12.504687164934543
        ]
      },
      "properties": {
        "label": "Rejected way 1335597175",
        "type": "Capacity placeholder value",
        "osm_element": "https://www.openstreetmap.org/way/1335597175",
        "rejection_reason": "Capacity placeholder value",
        "rejection_details": "Tag 'plant:output:electricity' contains placeholder value 'yes' instead of actual capacity",
        "rejection_keywords": "yes",
        "timestamp": "2026-04-24T03:27:05.335847",
        "element_type": "way",
        "element_id": 1335597175,
        "country": "Australia",
        "unit_type": "plant"
      }
    },
    {
      "type": "Feature",
      "geometry": {
        "type": "Point",
        "coordinates": [
          122.31036453634911,
          -17.80380527316583
        ]
      },
      "properties": {
        "label": "Rejected way 1336634581",
        "type": "Capacity placeholder value",
        "osm_element": "https://www.openstreetmap.org/way/1336634581",
        "rejection_reason": "Capacity placeholder value",
        "rejection_details": "Tag 'plant:output:electricity' contains placeholder value 'yes' instead of actual capacity",
        "rejection_keywords": "yes",
        "timestamp": "2026-04-24T03:27:05.336031",
        "element_type": "way",
        "element_id": 1336634581,
        "country": "Australia",
        "unit_type": "plant"
      }
    },
    {
      "type": "Feature",
      "geometry": {
        "type": "Point",
        "coordinates": [
          116.77700173372152,
          -20.705961071196732
        ]
      },
      "properties": {
        "label": "Rejected way 1337201959",
        "type": "Capacity placeholder value",
        "osm_element": "https://www.openstreetmap.org/way/1337201959",
        "rejection_reason": "Capacity placeholder value",
        "rejection_details": "Tag 'plant:output:electricity' contains placeholder value 'yes' instead of actual capacity",
        "rejection_keywords": "yes",
        "timestamp": "2026-04-24T03:27:05.336191",
        "element_type": "way",
        "element_id": 1337201959,
        "country": "Australia",
        "unit_type": "plant"
      }
    },
    {
      "type": "Feature",
      "geometry": {
        "type": "Point",
        "coordinates": [
          132.2070095698906,
          -30.90036313916501
        ]
      },
      "properties": {
        "label": "Rejected way 1341450256",
        "type": "Capacity placeholder value",
        "osm_element": "https://www.openstreetmap.org/way/1341450256",
        "rejection_reason": "Capacity placeholder value",
        "rejection_details": "Tag 'plant:output:electricity' contains placeholder value 'yes' instead of actual capacity",
        "rejection_keywords": "yes",
        "timestamp": "2026-04-24T03:27:05.336867",
        "element_type": "way",
        "element_id": 1341450256,
        "country": "Australia",
        "unit_type": "plant"
      }
    },
    {
      "type": "Feature",
      "geometry": {
        "type": "Point",
        "coordinates": [
          137.566151498023,
          -33.004657720569426
        ]
      },
      "properties": {
        "label": "Rejected way 1344918155",
        "type": "Capacity placeholder value",
        "osm_element": "https://www.openstreetmap.org/way/1344918155",
        "rejection_reason": "Capacity placeholder value",
        "rejection_details": "Tag 'plant:output:electricity' contains placeholder value 'yes' instead of actual capacity",
        "rejection_keywords": "yes",
        "timestamp": "2026-04-24T03:27:05.337538",
        "element_type": "way",
        "element_id": 1344918155,
        "country": "Australia",
        "unit_type": "plant"
      }
    },
    {
      "type": "Feature",
      "geometry": {
        "type": "Point",
        "coordinates": [
          142.77340643848717,
          -34.680638168064846
        ]
      },
      "properties": {
        "label": "Rejected way 1347172053",
        "type": "Capacity placeholder value",
        "osm_element": "https://www.openstreetmap.org/way/1347172053",
        "rejection_reason": "Capacity placeholder value",
        "rejection_details": "Tag 'plant:output:electricity' contains placeholder value 'yes' instead of actual capacity",
        "rejection_keywords": "yes",
        "timestamp": "2026-04-24T03:27:05.337889",
        "element_type": "way",
        "element_id": 1347172053,
        "country": "Australia",
        "unit_type": "plant"
      }
    },
    {
      "type": "Feature",
      "geometry": {
        "type": "Point",
        "coordinates": [
          142.76545794855667,
          -34.68939002802489
        ]
      },
      "properties": {
        "label": "Rejected way 1347172054",
        "type": "Capacity placeholder value",
        "osm_element": "https://www.openstreetmap.org/way/1347172054",
        "rejection_reason": "Capacity placeholder value",
        "rejection_details": "Tag 'plant:output:electricity' contains placeholder value 'yes' instead of actual capacity",
        "rejection_keywords": "yes",
        "timestamp": "2026-04-24T03:27:05.338418",
        "element_type": "way",
        "element_id": 1347172054,
        "country": "Australia",
        "unit_type": "plant"
      }
    },
    {
      "type": "Feature",
      "geometry": {
        "type": "Point",
        "coordinates": [
          142.74881622925457,
          -34.68621729611113
        ]
      },
      "properties": {
        "label": "Rejected way 1347172055",
        "type": "Capacity placeholder value",
        "osm_element": "https://www.openstreetmap.org/way/1347172055",
        "rejection_reason": "Capacity placeholder value",
        "rejection_details": "Tag 'plant:output:electricity' contains placeholder value 'yes' instead of actual capacity",
        "rejection_keywords": "yes",
        "timestamp": "2026-04-24T03:27:05.338910",
        "element_type": "way",
        "element_id": 1347172055,
        "country": "Australia",
        "unit_type": "plant"
      }
    },
    {
      "type": "Feature",
      "geometry": {
        "type": "Point",
        "coordinates": [
          142.7371715272041,
          -34.68674124188328
        ]
      },
      "properties": {
        "label": "Rejected way 1347172056",
        "type": "Capacity placeholder value",
        "osm_element": "https://www.openstreetmap.org/way/1347172056",
        "rejection_reason": "Capacity placeholder value",
        "rejection_details": "Tag 'plant:output:electricity' contains placeholder value 'yes' instead of actual capacity",
        "rejection_keywords": "yes",
        "timestamp": "2026-04-24T03:27:05.339187",
        "element_type": "way",
        "element_id": 1347172056,
        "country": "Australia",
        "unit_type": "plant"
      }
    },
    {
      "type": "Feature",
      "geometry": {
        "type": "Point",
        "coordinates": [
          144.42110430281892,
          -38.279216997539955
        ]
      },
      "properties": {
        "label": "Rejected way 1352887094",
        "type": "Capacity regex no match",
        "osm_element": "https://www.openstreetmap.org/way/1352887094",
        "rejection_reason": "Capacity regex no match",
        "rejection_details": "Tag 'plant:output:electricity' has value '60 kW' which could not be parsed",
        "rejection_keywords": "60 kW",
        "timestamp": "2026-04-24T03:27:05.339393",
        "element_type": "way",
        "element_id": 1352887094,
        "country": "Australia",
        "unit_type": "plant"
      }
    },
    {
      "type": "Feature",
      "geometry": {
        "type": "Point",
        "coordinates": [
          127.64861462166435,
          -18.243673620346424
        ]
      },
      "properties": {
        "label": "Rejected way 1354130166",
        "type": "Capacity placeholder value",
        "osm_element": "https://www.openstreetmap.org/way/1354130166",
        "rejection_reason": "Capacity placeholder value",
        "rejection_details": "Tag 'plant:output:electricity' contains placeholder value 'yes' instead of actual capacity",
        "rejection_keywords": "yes",
        "timestamp": "2026-04-24T03:27:05.339578",
        "element_type": "way",
        "element_id": 1354130166,
        "country": "Australia",
        "unit_type": "plant"
      }
    },
    {
      "type": "Feature",
      "geometry": {
        "type": "Point",
        "coordinates": [
          143.20148372593493,
          -13.945080444257815
        ]
      },
      "properties": {
        "label": "Rejected way 1356063113",
        "type": "Capacity placeholder value",
        "osm_element": "https://www.openstreetmap.org/way/1356063113",
        "rejection_reason": "Capacity placeholder value",
        "rejection_details": "Tag 'plant:output:electricity' contains placeholder value 'yes' instead of actual capacity",
        "rejection_keywords": "yes",
        "timestamp": "2026-04-24T03:27:05.339737",
        "element_type": "way",
        "element_id": 1356063113,
        "country": "Australia",
        "unit_type": "plant"
      }
    },
    {
      "type": "Feature",
      "geometry": {
        "type": "Point",
        "coordinates": [
          145.39424451447854,
          -36.164639369674866
        ]
      },
      "properties": {
        "label": "Rejected way 1360858893",
        "type": "Capacity placeholder value",
        "osm_element": "https://www.openstreetmap.org/way/1360858893",
        "rejection_reason": "Capacity placeholder value",
        "rejection_details": "Tag 'plant:output:electricity' contains placeholder value 'yes' instead of actual capacity",
        "rejection_keywords": "yes",
        "timestamp": "2026-04-24T03:27:05.340316",
        "element_type": "way",
        "element_id": 1360858893,
        "country": "Australia",
        "unit_type": "plant"
      }
    },
    {
      "type": "Feature",
      "geometry": {
        "type": "Point",
        "coordinates": [
          143.94027313791116,
          -35.77811738155202
        ]
      },
      "properties": {
        "label": "Rejected way 1360860740",
        "type": "Capacity placeholder value",
        "osm_element": "https://www.openstreetmap.org/way/1360860740",
        "rejection_reason": "Capacity placeholder value",
        "rejection_details": "Tag 'plant:output:electricity' contains placeholder value 'yes' instead of actual capacity",
        "rejection_keywords": "yes",
        "timestamp": "2026-04-24T03:27:05.340534",
        "element_type": "way",
        "element_id": 1360860740,
        "country": "Australia",
        "unit_type": "plant"
      }
    },
    {
      "type": "Feature",
      "geometry": {
        "type": "Point",
        "coordinates": [
          144.35752185,
          -37.9843233
        ]
      },
      "properties": {
        "label": "Rejected way 1369022927",
        "type": "Missing output tag",
        "osm_element": "https://www.openstreetmap.org/way/1369022927",
        "rejection_reason": "Missing output tag",
        "rejection_details": "tags: {'plant:method': 'photovoltaic', 'plant:source': 'solar', 'power': 'plant'}",
        "rejection_keywords": "none",
        "timestamp": "2026-04-24T03:27:05.342493",
        "element_type": "way",
        "element_id": 1369022927,
        "country": "Australia",
        "unit_type": "plant"
      }
    },
    {
      "type": "Feature",
      "geometry": {
        "type": "Point",
        "coordinates": [
          130.98222995616075,
          -25.24269005772934
        ]
      },
      "properties": {
        "label": "Rejected way 1369595827",
        "type": "Capacity placeholder value",
        "osm_element": "https://www.openstreetmap.org/way/1369595827",
        "rejection_reason": "Capacity placeholder value",
        "rejection_details": "Tag 'plant:output:electricity' contains placeholder value 'yes' instead of actual capacity",
        "rejection_keywords": "yes",
        "timestamp": "2026-04-24T03:27:05.342751",
        "element_type": "way",
        "element_id": 1369595827,
        "country": "Australia",
        "unit_type": "plant"
      }
    },
    {
      "type": "Feature",
      "geometry": {
        "type": "Point",
        "coordinates": [
          138.84566256865122,
          -33.41312796376282
        ]
      },
      "properties": {
        "label": "Rejected way 1370740314",
        "type": "Capacity placeholder value",
        "osm_element": "https://www.openstreetmap.org/way/1370740314",
        "rejection_reason": "Capacity placeholder value",
        "rejection_details": "Tag 'plant:output:electricity' contains placeholder value 'yes' instead of actual capacity",
        "rejection_keywords": "yes",
        "timestamp": "2026-04-24T03:27:05.343628",
        "element_type": "way",
        "element_id": 1370740314,
        "country": "Australia",
        "unit_type": "plant"
      }
    },
    {
      "type": "Feature",
      "geometry": {
        "type": "Point",
        "coordinates": [
          144.87952845972183,
          -16.86420473027558
        ]
      },
      "properties": {
        "label": "Rejected way 1370829162",
        "type": "Capacity placeholder value",
        "osm_element": "https://www.openstreetmap.org/way/1370829162",
        "rejection_reason": "Capacity placeholder value",
        "rejection_details": "Tag 'plant:output:electricity' contains placeholder value 'yes' instead of actual capacity",
        "rejection_keywords": "yes",
        "timestamp": "2026-04-24T03:27:05.343798",
        "element_type": "way",
        "element_id": 1370829162,
        "country": "Australia",
        "unit_type": "plant"
      }
    },
    {
      "type": "Feature",
      "geometry": {
        "type": "Point",
        "coordinates": [
          148.0264062678514,
          -34.64859489903111
        ]
      },
      "properties": {
        "label": "Rejected way 1371661299",
        "type": "Capacity placeholder value",
        "osm_element": "https://www.openstreetmap.org/way/1371661299",
        "rejection_reason": "Capacity placeholder value",
        "rejection_details": "Tag 'plant:output:electricity' contains placeholder value 'yes' instead of actual capacity",
        "rejection_keywords": "yes",
        "timestamp": "2026-04-24T03:27:05.344085",
        "element_type": "way",
        "element_id": 1371661299,
        "country": "Australia",
        "unit_type": "plant"
      }
    },
    {
      "type": "Feature",
      "geometry": {
        "type": "Point",
        "coordinates": [
          141.78660795004112,
          -38.07474628995334
        ]
      },
      "properties": {
        "label": "Rejected way 1374087541",
        "type": "Capacity placeholder value",
        "osm_element": "https://www.openstreetmap.org/way/1374087541",
        "rejection_reason": "Capacity placeholder value",
        "rejection_details": "Tag 'plant:output:electricity' contains placeholder value 'yes' instead of actual capacity",
        "rejection_keywords": "yes",
        "timestamp": "2026-04-24T03:27:05.345794",
        "element_type": "way",
        "element_id": 1374087541,
        "country": "Australia",
        "unit_type": "plant"
      }
    },
    {
      "type": "Feature",
      "geometry": {
        "type": "Point",
        "coordinates": [
          150.30935292065502,
          -29.122720477905066
        ]
      },
      "properties": {
        "label": "Rejected way 1374437392",
        "type": "Capacity placeholder value",
        "osm_element": "https://www.openstreetmap.org/way/1374437392",
        "rejection_reason": "Capacity placeholder value",
        "rejection_details": "Tag 'plant:output:electricity' contains placeholder value 'yes' instead of actual capacity",
        "rejection_keywords": "yes",
        "timestamp": "2026-04-24T03:27:05.345979",
        "element_type": "way",
        "element_id": 1374437392,
        "country": "Australia",
        "unit_type": "plant"
      }
    },
    {
      "type": "Feature",
      "geometry": {
        "type": "Point",
        "coordinates": [
          150.3093157735359,
          -29.122810601429922
        ]
      },
      "properties": {
        "label": "Rejected way 1374437393",
        "type": "Capacity placeholder value",
        "osm_element": "https://www.openstreetmap.org/way/1374437393",
        "rejection_reason": "Capacity placeholder value",
        "rejection_details": "Tag 'plant:output:electricity' contains placeholder value 'yes' instead of actual capacity",
        "rejection_keywords": "yes",
        "timestamp": "2026-04-24T03:27:05.346146",
        "element_type": "way",
        "element_id": 1374437393,
        "country": "Australia",
        "unit_type": "plant"
      }
    },
    {
      "type": "Feature",
      "geometry": {
        "type": "Point",
        "coordinates": [
          151.05811004947788,
          -23.815176699710324
        ]
      },
      "properties": {
        "label": "Rejected way 1378855127",
        "type": "Capacity regex no match",
        "osm_element": "https://www.openstreetmap.org/way/1378855127",
        "rejection_reason": "Capacity regex no match",
        "rejection_details": "Tag 'plant:output:electricity' has value '380' which could not be parsed",
        "rejection_keywords": "380",
        "timestamp": "2026-04-24T03:27:05.346370",
        "element_type": "way",
        "element_id": 1378855127,
        "country": "Australia",
        "unit_type": "plant"
      }
    },
    {
      "type": "Feature",
      "geometry": {
        "type": "Point",
        "coordinates": [
          148.09190881894745,
          -33.07971330926723
        ]
      },
      "properties": {
        "label": "Rejected way 1378872767",
        "type": "Capacity regex no match",
        "osm_element": "https://www.openstreetmap.org/way/1378872767",
        "rejection_reason": "Capacity regex no match",
        "rejection_details": "Tag 'plant:output:electricity' has value '97' which could not be parsed",
        "rejection_keywords": "97",
        "timestamp": "2026-04-24T03:27:05.346641",
        "element_type": "way",
        "element_id": 1378872767,
        "country": "Australia",
        "unit_type": "plant"
      }
    },
    {
      "type": "Feature",
      "geometry": {
        "type": "Point",
        "coordinates": [
          151.88127072586295,
          -26.53863938325386
        ]
      },
      "properties": {
        "label": "Rejected way 1384729011",
        "type": "Capacity placeholder value",
        "osm_element": "https://www.openstreetmap.org/way/1384729011",
        "rejection_reason": "Capacity placeholder value",
        "rejection_details": "Tag 'plant:output:electricity' contains placeholder value 'yes' instead of actual capacity",
        "rejection_keywords": "yes",
        "timestamp": "2026-04-24T03:27:05.347390",
        "element_type": "way",
        "element_id": 1384729011,
        "country": "Australia",
        "unit_type": "plant"
      }
    },
    {
      "type": "Feature",
      "geometry": {
        "type": "Point",
        "coordinates": [
          150.27901319999998,
          -28.54581495
        ]
      },
      "properties": {
        "label": "Rejected way 1385081408",
        "type": "Capacity placeholder value",
        "osm_element": "https://www.openstreetmap.org/way/1385081408",
        "rejection_reason": "Capacity placeholder value",
        "rejection_details": "Tag 'plant:output:electricity' contains placeholder value 'yes' instead of actual capacity",
        "rejection_keywords": "yes",
        "timestamp": "2026-04-24T03:27:05.347600",
        "element_type": "way",
        "element_id": 1385081408,
        "country": "Australia",
        "unit_type": "plant"
      }
    },
    {
      "type": "Feature",
      "geometry": {
        "type": "Point",
        "coordinates": [
          149.54615297138594,
          -35.180432565588895
        ]
      },
      "properties": {
        "label": "Rejected way 1386094603",
        "type": "Capacity placeholder value",
        "osm_element": "https://www.openstreetmap.org/way/1386094603",
        "rejection_reason": "Capacity placeholder value",
        "rejection_details": "Tag 'plant:output:electricity' contains placeholder value 'yes' instead of actual capacity",
        "rejection_keywords": "yes",
        "timestamp": "2026-04-24T03:27:05.348319",
        "element_type": "way",
        "element_id": 1386094603,
        "country": "Australia",
        "unit_type": "plant"
      }
    },
    {
      "type": "Feature",
      "geometry": {
        "type": "Point",
        "coordinates": [
          139.56718891915546,
          -34.50316087379114
        ]
      },
      "properties": {
        "label": "Rejected way 1391357699",
        "type": "Capacity placeholder value",
        "osm_element": "https://www.openstreetmap.org/way/1391357699",
        "rejection_reason": "Capacity placeholder value",
        "rejection_details": "Tag 'plant:output:electricity' contains placeholder value 'yes' instead of actual capacity",
        "rejection_keywords": "yes",
        "timestamp": "2026-04-24T03:27:05.348838",
        "element_type": "way",
        "element_id": 1391357699,
        "country": "Australia",
        "unit_type": "plant"
      }
    },
    {
      "type": "Feature",
      "geometry": {
        "type": "Point",
        "coordinates": [
          138.47322278929437,
          -35.12315063104683
        ]
      },
      "properties": {
        "label": "Rejected way 1392664423",
        "type": "Capacity placeholder value",
        "osm_element": "https://www.openstreetmap.org/way/1392664423",
        "rejection_reason": "Capacity placeholder value",
        "rejection_details": "Tag 'plant:output:electricity' contains placeholder value 'yes' instead of actual capacity",
        "rejection_keywords": "yes",
        "timestamp": "2026-04-24T03:27:05.349079",
        "element_type": "way",
        "element_id": 1392664423,
        "country": "Australia",
        "unit_type": "plant"
      }
    },
    {
      "type": "Feature",
      "geometry": {
        "type": "Point",
        "coordinates": [
          139.27315348413316,
          -34.91414479948204
        ]
      },
      "properties": {
        "label": "Rejected way 1392996015",
        "type": "Capacity placeholder value",
        "osm_element": "https://www.openstreetmap.org/way/1392996015",
        "rejection_reason": "Capacity placeholder value",
        "rejection_details": "Tag 'plant:output:electricity' contains placeholder value 'yes' instead of actual capacity",
        "rejection_keywords": "yes",
        "timestamp": "2026-04-24T03:27:05.349545",
        "element_type": "way",
        "element_id": 1392996015,
        "country": "Australia",
        "unit_type": "plant"
      }
    },
    {
      "type": "Feature",
      "geometry": {
        "type": "Point",
        "coordinates": [
          120.56213910792067,
          -27.206676199175003
        ]
      },
      "properties": {
        "label": "Rejected way 1415296821",
        "type": "Missing output tag",
        "osm_element": "https://www.openstreetmap.org/way/1415296821",
        "rejection_reason": "Missing output tag",
        "rejection_details": "tags: {'plant:source': 'solar', 'power': 'plant'}",
        "rejection_keywords": "none",
        "timestamp": "2026-04-24T03:27:05.349780",
        "element_type": "way",
        "element_id": 1415296821,
        "country": "Australia",
        "unit_type": "plant"
      }
    },
    {
      "type": "Feature",
      "geometry": {
        "type": "Point",
        "coordinates": [
          152.37301084746937,
          -24.857288735611043
        ]
      },
      "properties": {
        "label": "Rejected way 1424646947",
        "type": "Capacity placeholder value",
        "osm_element": "https://www.openstreetmap.org/way/1424646947",
        "rejection_reason": "Capacity placeholder value",
        "rejection_details": "Tag 'plant:output:electricity' contains placeholder value 'yes' instead of actual capacity",
        "rejection_keywords": "yes",
        "timestamp": "2026-04-24T03:27:05.350225",
        "element_type": "way",
        "element_id": 1424646947,
        "country": "Australia",
        "unit_type": "plant"
      }
    },
    {
      "type": "Feature",
      "geometry": {
        "type": "Point",
        "coordinates": [
          118.8852034749619,
          -21.078727288883503
        ]
      },
      "properties": {
        "label": "Rejected way 1431694705",
        "type": "Missing output tag",
        "osm_element": "https://www.openstreetmap.org/way/1431694705",
        "rejection_reason": "Missing output tag",
        "rejection_details": "tags: {'plant:source': 'solar', 'power': 'plant'}",
        "rejection_keywords": "none",
        "timestamp": "2026-04-24T03:27:05.350406",
        "element_type": "way",
        "element_id": 1431694705,
        "country": "Australia",
        "unit_type": "plant"
      }
    },
    {
      "type": "Feature",
      "geometry": {
        "type": "Point",
        "coordinates": [
          120.01867511461404,
          -33.560466972643034
        ]
      },
      "properties": {
        "label": "Rejected way 1431807538",
        "type": "Capacity placeholder value",
        "osm_element": "https://www.openstreetmap.org/way/1431807538",
        "rejection_reason": "Capacity placeholder value",
        "rejection_details": "Tag 'plant:output:electricity' contains placeholder value 'yes' instead of actual capacity",
        "rejection_keywords": "yes",
        "timestamp": "2026-04-24T03:27:05.350617",
        "element_type": "way",
        "element_id": 1431807538,
        "country": "Australia",
        "unit_type": "plant"
      }
    },
    {
      "type": "Feature",
      "geometry": {
        "type": "Point",
        "coordinates": [
          145.9231131864889,
          -36.43430433225742
        ]
      },
      "properties": {
        "label": "Rejected way 1441528831",
        "type": "Capacity placeholder value",
        "osm_element": "https://www.openstreetmap.org/way/1441528831",
        "rejection_reason": "Capacity placeholder value",
        "rejection_details": "Tag 'plant:output:electricity' contains placeholder value 'yes' instead of actual capacity",
        "rejection_keywords": "yes",
        "timestamp": "2026-04-24T03:27:05.350774",
        "element_type": "way",
        "element_id": 1441528831,
        "country": "Australia",
        "unit_type": "plant"
      }
    },
    {
      "type": "Feature",
      "geometry": {
        "type": "Point",
        "coordinates": [
          142.0782220638886,
          -34.345773325038664
        ]
      },
      "properties": {
        "label": "Rejected way 1441735537",
        "type": "Capacity placeholder value",
        "osm_element": "https://www.openstreetmap.org/way/1441735537",
        "rejection_reason": "Capacity placeholder value",
        "rejection_details": "Tag 'plant:output:electricity' contains placeholder value 'yes' instead of actual capacity",
        "rejection_keywords": "yes",
        "timestamp": "2026-04-24T03:27:05.351052",
        "element_type": "way",
        "element_id": 1441735537,
        "country": "Australia",
        "unit_type": "plant"
      }
    },
    {
      "type": "Feature",
      "geometry": {
        "type": "Point",
        "coordinates": [
          142.08830511906936,
          -34.344030677948034
        ]
      },
      "properties": {
        "label": "Rejected way 1442551619",
        "type": "Capacity placeholder value",
        "osm_element": "https://www.openstreetmap.org/way/1442551619",
        "rejection_reason": "Capacity placeholder value",
        "rejection_details": "Tag 'plant:output:electricity' contains placeholder value 'yes' instead of actual capacity",
        "rejection_keywords": "yes",
        "timestamp": "2026-04-24T03:27:05.351260",
        "element_type": "way",
        "element_id": 1442551619,
        "country": "Australia",
        "unit_type": "plant"
      }
    },
    {
      "type": "Feature",
      "geometry": {
        "type": "Point",
        "coordinates": [
          142.5804665522948,
          -35.60837798053141
        ]
      },
      "properties": {
        "label": "Rejected way 1444129589",
        "type": "Capacity placeholder value",
        "osm_element": "https://www.openstreetmap.org/way/1444129589",
        "rejection_reason": "Capacity placeholder value",
        "rejection_details": "Tag 'plant:output:electricity' contains placeholder value 'yes' instead of actual capacity",
        "rejection_keywords": "yes",
        "timestamp": "2026-04-24T03:27:05.351418",
        "element_type": "way",
        "element_id": 1444129589,
        "country": "Australia",
        "unit_type": "plant"
      }
    },
    {
      "type": "Feature",
      "geometry": {
        "type": "Point",
        "coordinates": [
          150.48612081208947,
          -23.31737458724914
        ]
      },
      "properties": {
        "label": "Rejected way 1444717483",
        "type": "Capacity placeholder value",
        "osm_element": "https://www.openstreetmap.org/way/1444717483",
        "rejection_reason": "Capacity placeholder value",
        "rejection_details": "Tag 'plant:output:electricity' contains placeholder value 'yes' instead of actual capacity",
        "rejection_keywords": "yes",
        "timestamp": "2026-04-24T03:27:05.351628",
        "element_type": "way",
        "element_id": 1444717483,
        "country": "Australia",
        "unit_type": "plant"
      }
    },
    {
      "type": "Feature",
      "geometry": {
        "type": "Point",
        "coordinates": [
          142.07693917458008,
          -34.330715044826285
        ]
      },
      "properties": {
        "label": "Rejected way 1444820675",
        "type": "Capacity placeholder value",
        "osm_element": "https://www.openstreetmap.org/way/1444820675",
        "rejection_reason": "Capacity placeholder value",
        "rejection_details": "Tag 'plant:output:electricity' contains placeholder value 'yes' instead of actual capacity",
        "rejection_keywords": "yes",
        "timestamp": "2026-04-24T03:27:05.351786",
        "element_type": "way",
        "element_id": 1444820675,
        "country": "Australia",
        "unit_type": "plant"
      }
    },
    {
      "type": "Feature",
      "geometry": {
        "type": "Point",
        "coordinates": [
          152.8147826853725,
          -27.659909314780684
        ]
      },
      "properties": {
        "label": "Rejected way 1451028355",
        "type": "Missing output tag",
        "osm_element": "https://www.openstreetmap.org/way/1451028355",
        "rejection_reason": "Missing output tag",
        "rejection_details": "tags: {'landuse': 'industrial', 'name': 'Swanbank BESS', 'operator': 'CleanCo', 'plant:source': 'battery', 'power': 'plant'}",
        "rejection_keywords": "none",
        "timestamp": "2026-04-24T03:27:05.352212",
        "element_type": "way",
        "element_id": 1451028355,
        "country": "Australia",
        "unit_type": "plant"
      }
    },
    {
      "type": "Feature",
      "geometry": {
        "type": "Point",
        "coordinates": [
          141.59833337493015,
          -34.27931351539935
        ]
      },
      "properties": {
        "label": "Rejected way 1458187408",
        "type": "Capacity placeholder value",
        "osm_element": "https://www.openstreetmap.org/way/1458187408",
        "rejection_reason": "Capacity placeholder value",
        "rejection_details": "Tag 'plant:output:electricity' contains placeholder value 'yes' instead of actual capacity",
        "rejection_keywords": "yes",
        "timestamp": "2026-04-24T03:27:05.352402",
        "element_type": "way",
        "element_id": 1458187408,
        "country": "Australia",
        "unit_type": "plant"
      }
    },
    {
      "type": "Feature",
      "geometry": {
        "type": "Point",
        "coordinates": [
          136.82850952615073,
          -12.259556020717788
        ]
      },
      "properties": {
        "label": "Rejected way 1458388790",
        "type": "Capacity placeholder value",
        "osm_element": "https://www.openstreetmap.org/way/1458388790",
        "rejection_reason": "Capacity placeholder value",
        "rejection_details": "Tag 'plant:output:electricity' contains placeholder value 'yes' instead of actual capacity",
        "rejection_keywords": "yes",
        "timestamp": "2026-04-24T03:27:05.352587",
        "element_type": "way",
        "element_id": 1458388790,
        "country": "Australia",
        "unit_type": "plant"
      }
    },
    {
      "type": "Feature",
      "geometry": {
        "type": "Point",
        "coordinates": [
          147.78279380506322,
          -42.94137389951867
        ]
      },
      "properties": {
        "label": "Rejected way 1459813818",
        "type": "Capacity placeholder value",
        "osm_element": "https://www.openstreetmap.org/way/1459813818",
        "rejection_reason": "Capacity placeholder value",
        "rejection_details": "Tag 'plant:output:electricity' contains placeholder value 'yes' instead of actual capacity",
        "rejection_keywords": "yes",
        "timestamp": "2026-04-24T03:27:05.352980",
        "element_type": "way",
        "element_id": 1459813818,
        "country": "Australia",
        "unit_type": "plant"
      }
    },
    {
      "type": "Feature",
      "geometry": {
        "type": "Point",
        "coordinates": [
          135.43970990830965,
          -27.55594647860296
        ]
      },
      "properties": {
        "label": "Rejected way 1462503270",
        "type": "Capacity regex no match",
        "osm_element": "https://www.openstreetmap.org/way/1462503270",
        "rejection_reason": "Capacity regex no match",
        "rejection_details": "Tag 'plant:output:electricity' has value '569kW' which could not be parsed",
        "rejection_keywords": "569kW",
        "timestamp": "2026-04-24T03:27:05.353173",
        "element_type": "way",
        "element_id": 1462503270,
        "country": "Australia",
        "unit_type": "plant"
      }
    },
    {
      "type": "Feature",
      "geometry": {
        "type": "Point",
        "coordinates": [
          153.10976440000002,
          -27.726862550000003
        ]
      },
      "properties": {
        "label": "Rejected way 1469427100",
        "type": "Capacity placeholder value",
        "osm_element": "https://www.openstreetmap.org/way/1469427100",
        "rejection_reason": "Capacity placeholder value",
        "rejection_details": "Tag 'plant:output:electricity' contains placeholder value 'yes' instead of actual capacity",
        "rejection_keywords": "yes",
        "timestamp": "2026-04-24T03:27:05.353515",
        "element_type": "way",
        "element_id": 1469427100,
        "country": "Australia",
        "unit_type": "plant"
      }
    },
    {
      "type": "Feature",
      "geometry": {
        "type": "Point",
        "coordinates": [
          122.04482503787118,
          -25.264495448852728
        ]
      },
      "properties": {
        "label": "Rejected way 1471629733",
        "type": "Capacity placeholder value",
        "osm_element": "https://www.openstreetmap.org/way/1471629733",
        "rejection_reason": "Capacity placeholder value",
        "rejection_details": "Tag 'plant:output:electricity' contains placeholder value 'yes' instead of actual capacity",
        "rejection_keywords": "yes",
        "timestamp": "2026-04-24T03:27:05.353672",
        "element_type": "way",
        "element_id": 1471629733,
        "country": "Australia",
        "unit_type": "plant"
      }
    },
    {
      "type": "Feature",
      "geometry": {
        "type": "Point",
        "coordinates": [
          115.76052190540987,
          -33.21177066442779
        ]
      },
      "properties": {
        "label": "Rejected way 1472071376",
        "type": "Missing output tag",
        "osm_element": "https://www.openstreetmap.org/way/1472071376",
        "rejection_reason": "Missing output tag",
        "rejection_details": "tags: {'landuse': 'industrial', 'name:en': 'Tesla Kemerton power station', 'operator': 'Tesla Kemerton Pty Ltd', 'plant:source': 'diesel', 'power': 'plant', 'website': 'https://www.teslacorp.com.au/'}",
        "rejection_keywords": "none",
        "timestamp": "2026-04-24T03:27:05.353856",
        "element_type": "way",
        "element_id": 1472071376,
        "country": "Australia",
        "unit_type": "plant"
      }
    },
    {
      "type": "Feature",
      "geometry": {
        "type": "Point",
        "coordinates": [
          116.84744193818699,
          -31.643044002520977
        ]
      },
      "properties": {
        "label": "Rejected way 1472071696",
        "type": "Missing source tag",
        "osm_element": "https://www.openstreetmap.org/way/1472071696",
        "rejection_reason": "Missing source tag",
        "rejection_details": "tags: {'landuse': 'industrial', 'name:en': 'Tesla Northam power station', 'operator': 'Tesla Northam Pty Ltd', 'power': 'plant', 'website': 'https://www.teslacorp.com.au/'}",
        "rejection_keywords": "none",
        "timestamp": "2026-04-24T03:27:05.354080",
        "element_type": "way",
        "element_id": 1472071696,
        "country": "Australia",
        "unit_type": "plant"
      }
    },
    {
      "type": "Feature",
      "geometry": {
        "type": "Point",
        "coordinates": [
          143.24988726680536,
          -34.776444822780434
        ]
      },
      "properties": {
        "label": "Rejected way 1472637667",
        "type": "Capacity placeholder value",
        "osm_element": "https://www.openstreetmap.org/way/1472637667",
        "rejection_reason": "Capacity placeholder value",
        "rejection_details": "Tag 'plant:output:electricity' contains placeholder value 'yes' instead of actual capacity",
        "rejection_keywords": "yes",
        "timestamp": "2026-04-24T03:27:05.354432",
        "element_type": "way",
        "element_id": 1472637667,
        "country": "Australia",
        "unit_type": "plant"
      }
    },
    {
      "type": "Feature",
      "geometry": {
        "type": "Point",
        "coordinates": [
          143.14629742375334,
          -34.71712211376015
        ]
      },
      "properties": {
        "label": "Rejected way 1473562654",
        "type": "Missing output tag",
        "osm_element": "https://www.openstreetmap.org/way/1473562654",
        "rejection_reason": "Missing output tag",
        "rejection_details": "tags: {'plant:source': 'solar', 'power': 'plant'}",
        "rejection_keywords": "none",
        "timestamp": "2026-04-24T03:27:05.354610",
        "element_type": "way",
        "element_id": 1473562654,
        "country": "Australia",
        "unit_type": "plant"
      }
    },
    {
      "type": "Feature",
      "geometry": {
        "type": "Point",
        "coordinates": [
          143.09463630837462,
          -34.70229560505495
        ]
      },
      "properties": {
        "label": "Rejected way 1474465790",
        "type": "Missing output tag",
        "osm_element": "https://www.openstreetmap.org/way/1474465790",
        "rejection_reason": "Missing output tag",
        "rejection_details": "tags: {'plant:source': 'solar', 'power': 'plant'}",
        "rejection_keywords": "none",
        "timestamp": "2026-04-24T03:27:05.354816",
        "element_type": "way",
        "element_id": 1474465790,
        "country": "Australia",
        "unit_type": "plant"
      }
    },
    {
      "type": "Feature",
      "geometry": {
        "type": "Point",
        "coordinates": [
          143.16782574602988,
          -34.72004861854726
        ]
      },
      "properties": {
        "label": "Rejected way 1474744322",
        "type": "Missing output tag",
        "osm_element": "https://www.openstreetmap.org/way/1474744322",
        "rejection_reason": "Missing output tag",
        "rejection_details": "tags: {'plant:source': 'solar', 'power': 'plant'}",
        "rejection_keywords": "none",
        "timestamp": "2026-04-24T03:27:05.355046",
        "element_type": "way",
        "element_id": 1474744322,
        "country": "Australia",
        "unit_type": "plant"
      }
    },
    {
      "type": "Feature",
      "geometry": {
        "type": "Point",
        "coordinates": [
          151.7677870733796,
          -32.88148033823989
        ]
      },
      "properties": {
        "label": "Rejected way 1476497707",
        "type": "Capacity placeholder value",
        "osm_element": "https://www.openstreetmap.org/way/1476497707",
        "rejection_reason": "Capacity placeholder value",
        "rejection_details": "Tag 'plant:output:electricity' contains placeholder value 'yes' instead of actual capacity",
        "rejection_keywords": "yes",
        "timestamp": "2026-04-24T03:27:05.355306",
        "element_type": "way",
        "element_id": 1476497707,
        "country": "Australia",
        "unit_type": "plant"
      }
    },
    {
      "type": "Feature",
      "geometry": {
        "type": "Point",
        "coordinates": [
          131.60081254317342,
          -24.301095607318768
        ]
      },
      "properties": {
        "label": "Rejected way 1479476933",
        "type": "Capacity placeholder value",
        "osm_element": "https://www.openstreetmap.org/way/1479476933",
        "rejection_reason": "Capacity placeholder value",
        "rejection_details": "Tag 'plant:output:electricity' contains placeholder value 'yes' instead of actual capacity",
        "rejection_keywords": "yes",
        "timestamp": "2026-04-24T03:27:05.355464",
        "element_type": "way",
        "element_id": 1479476933,
        "country": "Australia",
        "unit_type": "plant"
      }
    },
    {
      "type": "Feature",
      "geometry": {
        "type": "Point",
        "coordinates": [
          142.85602848363573,
          -34.69721684550401
        ]
      },
      "properties": {
        "label": "Rejected way 1480016178",
        "type": "Missing output tag",
        "osm_element": "https://www.openstreetmap.org/way/1480016178",
        "rejection_reason": "Missing output tag",
        "rejection_details": "tags: {'plant:source': 'solar', 'power': 'plant'}",
        "rejection_keywords": "none",
        "timestamp": "2026-04-24T03:27:05.355669",
        "element_type": "way",
        "element_id": 1480016178,
        "country": "Australia",
        "unit_type": "plant"
      }
    },
    {
      "type": "Feature",
      "geometry": {
        "type": "Point",
        "coordinates": [
          138.0806563888667,
          -33.18585509106381
        ]
      },
      "properties": {
        "label": "Rejected way 1481618586",
        "type": "Capacity placeholder value",
        "osm_element": "https://www.openstreetmap.org/way/1481618586",
        "rejection_reason": "Capacity placeholder value",
        "rejection_details": "Tag 'plant:output:electricity' contains placeholder value 'yes' instead of actual capacity",
        "rejection_keywords": "yes",
        "timestamp": "2026-04-24T03:27:05.355868",
        "element_type": "way",
        "element_id": 1481618586,
        "country": "Australia",
        "unit_type": "plant"
      }
    },
    {
      "type": "Feature",
      "geometry": {
        "type": "Point",
        "coordinates": [
          139.54621315,
          -17.74015105
        ]
      },
      "properties": {
        "label": "Rejected way 1483426135",
        "type": "Capacity placeholder value",
        "osm_element": "https://www.openstreetmap.org/way/1483426135",
        "rejection_reason": "Capacity placeholder value",
        "rejection_details": "Tag 'plant:output:electricity' contains placeholder value 'yes' instead of actual capacity",
        "rejection_keywords": "yes",
        "timestamp": "2026-04-24T03:27:05.356052",
        "element_type": "way",
        "element_id": 1483426135,
        "country": "Australia",
        "unit_type": "plant"
      }
    },
    {
      "type": "Feature",
      "geometry": {
        "type": "Point",
        "coordinates": [
          139.1777823,
          -16.6647901
        ]
      },
      "properties": {
        "label": "Rejected way 1483426136",
        "type": "Capacity placeholder value",
        "osm_element": "https://www.openstreetmap.org/way/1483426136",
        "rejection_reason": "Capacity placeholder value",
        "rejection_details": "Tag 'plant:output:electricity' contains placeholder value 'yes' instead of actual capacity",
        "rejection_keywords": "yes",
        "timestamp": "2026-04-24T03:27:05.356214",
        "element_type": "way",
        "element_id": 1483426136,
        "country": "Australia",
        "unit_type": "plant"
      }
    },
    {
      "type": "Feature",
      "geometry": {
        "type": "Point",
        "coordinates": [
          140.03475304999998,
          -20.0343271
        ]
      },
      "properties": {
        "label": "Rejected way 1483426143",
        "type": "Capacity placeholder value",
        "osm_element": "https://www.openstreetmap.org/way/1483426143",
        "rejection_reason": "Capacity placeholder value",
        "rejection_details": "Tag 'plant:output:electricity' contains placeholder value 'yes' instead of actual capacity",
        "rejection_keywords": "yes",
        "timestamp": "2026-04-24T03:27:05.356384",
        "element_type": "way",
        "element_id": 1483426143,
        "country": "Australia",
        "unit_type": "plant"
      }
    },
    {
      "type": "Feature",
      "geometry": {
        "type": "Point",
        "coordinates": [
          139.90786557075046,
          -22.896477708551185
        ]
      },
      "properties": {
        "label": "Rejected way 1483426150",
        "type": "Capacity placeholder value",
        "osm_element": "https://www.openstreetmap.org/way/1483426150",
        "rejection_reason": "Capacity placeholder value",
        "rejection_details": "Tag 'plant:output:electricity' contains placeholder value 'yes' instead of actual capacity",
        "rejection_keywords": "yes",
        "timestamp": "2026-04-24T03:27:05.356542",
        "element_type": "way",
        "element_id": 1483426150,
        "country": "Australia",
        "unit_type": "plant"
      }
    },
    {
      "type": "Feature",
      "geometry": {
        "type": "Point",
        "coordinates": [
          146.5668746336314,
          -23.636050517120974
        ]
      },
      "properties": {
        "label": "Rejected way 1483426152",
        "type": "Capacity placeholder value",
        "osm_element": "https://www.openstreetmap.org/way/1483426152",
        "rejection_reason": "Capacity placeholder value",
        "rejection_details": "Tag 'plant:output:electricity' contains placeholder value 'yes' instead of actual capacity",
        "rejection_keywords": "yes",
        "timestamp": "2026-04-24T03:27:05.356699",
        "element_type": "way",
        "element_id": 1483426152,
        "country": "Australia",
        "unit_type": "plant"
      }
    },
    {
      "type": "Feature",
      "geometry": {
        "type": "Point",
        "coordinates": [
          139.35168753266365,
          -25.897455512467218
        ]
      },
      "properties": {
        "label": "Rejected way 1483426156",
        "type": "Capacity placeholder value",
        "osm_element": "https://www.openstreetmap.org/way/1483426156",
        "rejection_reason": "Capacity placeholder value",
        "rejection_details": "Tag 'plant:output:electricity' contains placeholder value 'yes' instead of actual capacity",
        "rejection_keywords": "yes",
        "timestamp": "2026-04-24T03:27:05.356858",
        "element_type": "way",
        "element_id": 1483426156,
        "country": "Australia",
        "unit_type": "plant"
      }
    },
    {
      "type": "Feature",
      "geometry": {
        "type": "Point",
        "coordinates": [
          139.34976853385896,
          -25.888131741383283
        ]
      },
      "properties": {
        "label": "Rejected way 1483426157",
        "type": "Capacity placeholder value",
        "osm_element": "https://www.openstreetmap.org/way/1483426157",
        "rejection_reason": "Capacity placeholder value",
        "rejection_details": "Tag 'plant:output:electricity' contains placeholder value 'yes' instead of actual capacity",
        "rejection_keywords": "yes",
        "timestamp": "2026-04-24T03:27:05.357041",
        "element_type": "way",
        "element_id": 1483426157,
        "country": "Australia",
        "unit_type": "plant"
      }
    },
    {
      "type": "Feature",
      "geometry": {
        "type": "Point",
        "coordinates": [
          142.6607409636121,
          -25.412674854666285
        ]
      },
      "properties": {
        "label": "Rejected way 1483426158",
        "type": "Capacity placeholder value",
        "osm_element": "https://www.openstreetmap.org/way/1483426158",
        "rejection_reason": "Capacity placeholder value",
        "rejection_details": "Tag 'plant:output:electricity' contains placeholder value 'yes' instead of actual capacity",
        "rejection_keywords": "yes",
        "timestamp": "2026-04-24T03:27:05.357202",
        "element_type": "way",
        "element_id": 1483426158,
        "country": "Australia",
        "unit_type": "plant"
      }
    },
    {
      "type": "Feature",
      "geometry": {
        "type": "Point",
        "coordinates": [
          152.74045463169554,
          -27.6488030155097
        ]
      },
      "properties": {
        "label": "Rejected way 1483969561",
        "type": "Capacity placeholder value",
        "osm_element": "https://www.openstreetmap.org/way/1483969561",
        "rejection_reason": "Capacity placeholder value",
        "rejection_details": "Tag 'plant:output:electricity' contains placeholder value 'yes' instead of actual capacity",
        "rejection_keywords": "yes",
        "timestamp": "2026-04-24T03:27:05.357360",
        "element_type": "way",
        "element_id": 1483969561,
        "country": "Australia",
        "unit_type": "plant"
      }
    },
    {
      "type": "Feature",
      "geometry": {
        "type": "Point",
        "coordinates": [
          142.72302640512666,
          -34.69425986602135
        ]
      },
      "properties": {
        "label": "Rejected way 1484502539",
        "type": "Capacity placeholder value",
        "osm_element": "https://www.openstreetmap.org/way/1484502539",
        "rejection_reason": "Capacity placeholder value",
        "rejection_details": "Tag 'plant:output:electricity' contains placeholder value 'yes' instead of actual capacity",
        "rejection_keywords": "yes",
        "timestamp": "2026-04-24T03:27:05.357518",
        "element_type": "way",
        "element_id": 1484502539,
        "country": "Australia",
        "unit_type": "plant"
      }
    },
    {
      "type": "Feature",
      "geometry": {
        "type": "Point",
        "coordinates": [
          153.28835363161386,
          -28.844166446336793
        ]
      },
      "properties": {
        "label": "Rejected way 1494562723",
        "type": "Capacity regex no match",
        "osm_element": "https://www.openstreetmap.org/way/1494562723",
        "rejection_reason": "Capacity regex no match",
        "rejection_details": "Tag 'plant:output:electricity' has value '100 kW' which could not be parsed",
        "rejection_keywords": "100 kW",
        "timestamp": "2026-04-24T03:27:05.357681",
        "element_type": "way",
        "element_id": 1494562723,
        "country": "Australia",
        "unit_type": "plant"
      }
    },
    {
      "type": "Feature",
      "geometry": {
        "type": "Point",
        "coordinates": [
          145.46836465,
          -36.053364650000006
        ]
      },
      "properties": {
        "label": "Rejected way 1494785369",
        "type": "Capacity placeholder value",
        "osm_element": "https://www.openstreetmap.org/way/1494785369",
        "rejection_reason": "Capacity placeholder value",
        "rejection_details": "Tag 'plant:output:electricity' contains placeholder value 'yes' instead of actual capacity",
        "rejection_keywords": "yes",
        "timestamp": "2026-04-24T03:27:05.357852",
        "element_type": "way",
        "element_id": 1494785369,
        "country": "Australia",
        "unit_type": "plant"
      }
    },
    {
      "type": "Feature",
      "geometry": {
        "type": "Point",
        "coordinates": [
          128.8865432243869,
          -31.676511992537968
        ]
      },
      "properties": {
        "label": "Rejected way 1496150403",
        "type": "Capacity placeholder value",
        "osm_element": "https://www.openstreetmap.org/way/1496150403",
        "rejection_reason": "Capacity placeholder value",
        "rejection_details": "Tag 'plant:output:electricity' contains placeholder value 'yes' instead of actual capacity",
        "rejection_keywords": "yes",
        "timestamp": "2026-04-24T03:27:05.358042",
        "element_type": "way",
        "element_id": 1496150403,
        "country": "Australia",
        "unit_type": "plant"
      }
    },
    {
      "type": "Feature",
      "geometry": {
        "type": "Point",
        "coordinates": [
          151.34179442124253,
          -32.76999203248868
        ]
      },
      "properties": {
        "label": "Rejected way 1496828692",
        "type": "Missing output tag",
        "osm_element": "https://www.openstreetmap.org/way/1496828692",
        "rejection_reason": "Missing output tag",
        "rejection_details": "tags: {'barrier': 'fence', 'plant:source': 'solar', 'power': 'plant'}",
        "rejection_keywords": "none",
        "timestamp": "2026-04-24T03:27:05.358510",
        "element_type": "way",
        "element_id": 1496828692,
        "country": "Australia",
        "unit_type": "plant"
      }
    },
    {
      "type": "Feature",
      "geometry": {
        "type": "Point",
        "coordinates": [
          145.86878697143015,
          -38.20012150529514
        ]
      },
      "properties": {
        "label": "Rejected way 1497658911",
        "type": "Capacity placeholder value",
        "osm_element": "https://www.openstreetmap.org/way/1497658911",
        "rejection_reason": "Capacity placeholder value",
        "rejection_details": "Tag 'plant:output:electricity' contains placeholder value 'yes' instead of actual capacity",
        "rejection_keywords": "yes",
        "timestamp": "2026-04-24T03:27:05.358697",
        "element_type": "way",
        "element_id": 1497658911,
        "country": "Australia",
        "unit_type": "plant"
      }
    },
    {
      "type": "Feature",
      "geometry": {
        "type": "Point",
        "coordinates": [
          145.83574237649412,
          -38.13793193433349
        ]
      },
      "properties": {
        "label": "Rejected way 1497659200",
        "type": "Capacity regex no match",
        "osm_element": "https://www.openstreetmap.org/way/1497659200",
        "rejection_reason": "Capacity regex no match",
        "rejection_details": "Tag 'plant:output:electricity' has value '350 kW' which could not be parsed",
        "rejection_keywords": "350 kW",
        "timestamp": "2026-04-24T03:27:05.358858",
        "element_type": "way",
        "element_id": 1497659200,
        "country": "Australia",
        "unit_type": "plant"
      }
    },
    {
      "type": "Feature",
      "geometry": {
        "type": "Point",
        "coordinates": [
          145.318850984453,
          -37.85339599574233
        ]
      },
      "properties": {
        "label": "Rejected way 1497801797",
        "type": "Capacity placeholder value",
        "osm_element": "https://www.openstreetmap.org/way/1497801797",
        "rejection_reason": "Capacity placeholder value",
        "rejection_details": "Tag 'plant:output:electricity' contains placeholder value 'yes' instead of actual capacity",
        "rejection_keywords": "yes",
        "timestamp": "2026-04-24T03:27:05.359080",
        "element_type": "way",
        "element_id": 1497801797,
        "country": "Australia",
        "unit_type": "plant"
      }
    },
    {
      "type": "Feature",
      "geometry": {
        "type": "Point",
        "coordinates": [
          145.31985867194766,
          -37.854701733314215
        ]
      },
      "properties": {
        "label": "Rejected way 1497801798",
        "type": "Capacity placeholder value",
        "osm_element": "https://www.openstreetmap.org/way/1497801798",
        "rejection_reason": "Capacity placeholder value",
        "rejection_details": "Tag 'plant:output:electricity' contains placeholder value 'yes' instead of actual capacity",
        "rejection_keywords": "yes",
        "timestamp": "2026-04-24T03:27:05.359310",
        "element_type": "way",
        "element_id": 1497801798,
        "country": "Australia",
        "unit_type": "plant"
      }
    },
    {
      "type": "Feature",
      "geometry": {
        "type": "Point",
        "coordinates": [
          120.21864856045174,
          -26.59205391861621
        ]
      },
      "properties": {
        "label": "Rejected way 1499011428",
        "type": "Capacity placeholder value",
        "osm_element": "https://www.openstreetmap.org/way/1499011428",
        "rejection_reason": "Capacity placeholder value",
        "rejection_details": "Tag 'plant:output:electricity' contains placeholder value 'yes' instead of actual capacity",
        "rejection_keywords": "yes",
        "timestamp": "2026-04-24T03:27:05.359468",
        "element_type": "way",
        "element_id": 1499011428,
        "country": "Australia",
        "unit_type": "plant"
      }
    },
    {
      "type": "Feature",
      "geometry": {
        "type": "Point",
        "coordinates": [
          120.2183710501425,
          -26.59206052060699
        ]
      },
      "properties": {
        "label": "Rejected way 1499011429",
        "type": "Capacity placeholder value",
        "osm_element": "https://www.openstreetmap.org/way/1499011429",
        "rejection_reason": "Capacity placeholder value",
        "rejection_details": "Tag 'plant:output:electricity' contains placeholder value 'yes' instead of actual capacity",
        "rejection_keywords": "yes",
        "timestamp": "2026-04-24T03:27:05.359624",
        "element_type": "way",
        "element_id": 1499011429,
        "country": "Australia",
        "unit_type": "plant"
      }
    },
    {
      "type": "Feature",
      "geometry": {
        "type": "Point",
        "coordinates": [
          151.9127989,
          -23.4419135
        ]
      },
      "properties": {
        "label": "Rejected node 5261661192",
        "type": "Missing source tag",
        "osm_element": "https://www.openstreetmap.org/node/5261661192",
        "rejection_reason": "Missing source tag",
        "rejection_details": "tags: {'power': 'plant'}",
        "rejection_keywords": "none",
        "timestamp": "2026-04-24T03:27:05.359676",
        "element_type": "node",
        "element_id": 5261661192,
        "country": "Australia",
        "unit_type": "plant"
      }
    },
    {
      "type": "Feature",
      "geometry": {
        "type": "Point",
        "coordinates": [
          151.2304762,
          -33.9188609
        ]
      },
      "properties": {
        "label": "Rejected node 8597066292",
        "type": "Missing output tag",
        "osm_element": "https://www.openstreetmap.org/node/8597066292",
        "rejection_reason": "Missing output tag",
        "rejection_details": "tags: {'description': 'Tesla powerpacks', 'manufacturer': 'Tesla', 'plant:source': 'battery', 'plant:storage': '500 kWh', 'power': 'plant'}",
        "rejection_keywords": "none",
        "timestamp": "2026-04-24T03:27:05.359749",
        "element_type": "node",
        "element_id": 8597066292,
        "country": "Australia",
        "unit_type": "plant"
      }
    },
    {
      "type": "Feature",
      "geometry": {
        "type": "Point",
        "coordinates": [
          177.4310176569308,
          -17.68168686544873
        ]
      },
      "properties": {
        "label": "Rejected way 399732661",
        "type": "Missing source tag",
        "osm_element": "https://www.openstreetmap.org/way/399732661",
        "rejection_reason": "Missing source tag",
        "rejection_details": "tags: {'landuse': 'industrial', 'name': 'EFL NCC', 'operator': 'Energy Fiji Limited', 'power': 'plant'}",
        "rejection_keywords": "none",
        "timestamp": "2026-04-24T03:27:24.238089",
        "element_type": "way",
        "element_id": 399732661,
        "country": "Fiji",
        "unit_type": "plant"
      }
    },
    {
      "type": "Feature",
      "geometry": {
        "type": "Point",
        "coordinates": [
          178.47944314100914,
          -18.112476396668786
        ]
      },
      "properties": {
        "label": "Rejected way 505952740",
        "type": "Capacity placeholder value",
        "osm_element": "https://www.openstreetmap.org/way/505952740",
        "rejection_reason": "Capacity placeholder value",
        "rejection_details": "Tag 'plant:output:electricity' contains placeholder value 'yes' instead of actual capacity",
        "rejection_keywords": "yes",
        "timestamp": "2026-04-24T03:27:24.238386",
        "element_type": "way",
        "element_id": 505952740,
        "country": "Fiji",
        "unit_type": "plant"
      }
    },
    {
      "type": "Feature",
      "geometry": {
        "type": "Point",
        "coordinates": [
          178.09285814962095,
          -18.237957447385572
        ]
      },
      "properties": {
        "label": "Rejected way 516293551",
        "type": "Missing source tag",
        "osm_element": "https://www.openstreetmap.org/way/516293551",
        "rejection_reason": "Missing source tag",
        "rejection_details": "tags: {'landuse': 'industrial', 'name': 'Deuba Powerstation', 'power': 'plant'}",
        "rejection_keywords": "none",
        "timestamp": "2026-04-24T03:27:24.238590",
        "element_type": "way",
        "element_id": 516293551,
        "country": "Fiji",
        "unit_type": "plant"
      }
    },
    {
      "type": "Feature",
      "geometry": {
        "type": "Point",
        "coordinates": [
          177.4985755047258,
          -18.149720734723946
        ]
      },
      "properties": {
        "label": "Rejected way 772283325",
        "type": "Missing source tag",
        "osm_element": "https://www.openstreetmap.org/way/772283325",
        "rejection_reason": "Missing source tag",
        "rejection_details": "tags: {'landuse': 'industrial', 'name': 'Sigatoka EFL Power Station', 'power': 'plant'}",
        "rejection_keywords": "none",
        "timestamp": "2026-04-24T03:27:24.238937",
        "element_type": "way",
        "element_id": 772283325,
        "country": "Fiji",
        "unit_type": "plant"
      }
    },
    {
      "type": "Feature",
      "geometry": {
        "type": "Point",
        "coordinates": [
          178.72229339197654,
          -17.809007838993995
        ]
      },
      "properties": {
        "label": "Rejected way 1013515023",
        "type": "Capacity placeholder value",
        "osm_element": "https://www.openstreetmap.org/way/1013515023",
        "rejection_reason": "Capacity placeholder value",
        "rejection_details": "Tag 'plant:output:electricity' contains placeholder value 'yes' instead of actual capacity",
        "rejection_keywords": "yes",
        "timestamp": "2026-04-24T03:27:24.239123",
        "element_type": "way",
        "element_id": 1013515023,
        "country": "Fiji",
        "unit_type": "plant"
      }
    },
    {
      "type": "Feature",
      "geometry": {
        "type": "Point",
        "coordinates": [
          177.8555884342131,
          -17.50714453231649
        ]
      },
      "properties": {
        "label": "Rejected way 1049498759",
        "type": "Missing source tag",
        "osm_element": "https://www.openstreetmap.org/way/1049498759",
        "rejection_reason": "Missing source tag",
        "rejection_details": "tags: {'landuse': 'industrial', 'name': 'Korowere Powerstation', 'power': 'plant'}",
        "rejection_keywords": "none",
        "timestamp": "2026-04-24T03:27:24.241660",
        "element_type": "way",
        "element_id": 1049498759,
        "country": "Fiji",
        "unit_type": "plant"
      }
    },
    {
      "type": "Feature",
      "geometry": {
        "type": "Point",
        "coordinates": [
          179.81497145278914,
          -16.643890148558246
        ]
      },
      "properties": {
        "label": "Rejected way 1271067289",
        "type": "Capacity placeholder value",
        "osm_element": "https://www.openstreetmap.org/way/1271067289",
        "rejection_reason": "Capacity placeholder value",
        "rejection_details": "Tag 'plant:output:electricity' contains placeholder value 'yes' instead of actual capacity",
        "rejection_keywords": "yes",
        "timestamp": "2026-04-24T03:27:24.241823",
        "element_type": "way",
        "element_id": 1271067289,
        "country": "Fiji",
        "unit_type": "plant"
      }
    },
    {
      "type": "Feature",
      "geometry": {
        "type": "Point",
        "coordinates": [
          177.4360249809167,
          -17.62232985012622
        ]
      },
      "properties": {
        "label": "Rejected way 1361264077",
        "type": "Capacity placeholder value",
        "osm_element": "https://www.openstreetmap.org/way/1361264077",
        "rejection_reason": "Capacity placeholder value",
        "rejection_details": "Tag 'plant:output:electricity' contains placeholder value 'yes' instead of actual capacity",
        "rejection_keywords": "yes",
        "timestamp": "2026-04-24T03:27:24.242018",
        "element_type": "way",
        "element_id": 1361264077,
        "country": "Fiji",
        "unit_type": "plant"
      }
    },
    {
      "type": "Feature",
      "geometry": {
        "type": "Point",
        "coordinates": [
          177.4357418179452,
          -17.62273718051107
        ]
      },
      "properties": {
        "label": "Rejected way 1361266109",
        "type": "Missing source tag",
        "osm_element": "https://www.openstreetmap.org/way/1361266109",
        "rejection_reason": "Missing source tag",
        "rejection_details": "tags: {'landuse': 'industrial', 'name': 'Pineapple Corner EFL 33kV Substation', 'operator': 'EFL', 'plant:output:electricity': 'yes', 'power': 'plant'}",
        "rejection_keywords": "none",
        "timestamp": "2026-04-24T03:27:24.242174",
        "element_type": "way",
        "element_id": 1361266109,
        "country": "Fiji",
        "unit_type": "plant"
      }
    },
    {
      "type": "Feature",
      "geometry": {
        "type": "Point",
        "coordinates": [
          177.45631938280343,
          -17.743148631467307
        ]
      },
      "properties": {
        "label": "Rejected way 1361278651",
        "type": "Missing source tag",
        "osm_element": "https://www.openstreetmap.org/way/1361278651",
        "rejection_reason": "Missing source tag",
        "rejection_details": "tags: {'landuse': 'industrial', 'name': 'Nasoso EFL 33kV Substation', 'operator': 'Energy Fiji Limited', 'power': 'plant'}",
        "rejection_keywords": "none",
        "timestamp": "2026-04-24T03:27:24.242481",
        "element_type": "way",
        "element_id": 1361278651,
        "country": "Fiji",
        "unit_type": "plant"
      }
    },
    {
      "type": "Feature",
      "geometry": {
        "type": "Point",
        "coordinates": [
          -178.80258378315546,
          -18.24315110045205
        ]
      },
      "properties": {
        "label": "Rejected way 1387136380",
        "type": "Capacity placeholder value",
        "osm_element": "https://www.openstreetmap.org/way/1387136380",
        "rejection_reason": "Capacity placeholder value",
        "rejection_details": "Tag 'plant:output:electricity' contains placeholder value 'yes' instead of actual capacity",
        "rejection_keywords": "yes",
        "timestamp": "2026-04-24T03:27:24.242640",
        "element_type": "way",
        "element_id": 1387136380,
        "country": "Fiji",
        "unit_type": "plant"
      }
    },
    {
      "type": "Feature",
      "geometry": {
        "type": "Point",
        "coordinates": [
          179.3809139160198,
          -16.415861183402708
        ]
      },
      "properties": {
        "label": "Rejected way 1462475680",
        "type": "Capacity placeholder value",
        "osm_element": "https://www.openstreetmap.org/way/1462475680",
        "rejection_reason": "Capacity placeholder value",
        "rejection_details": "Tag 'plant:output:electricity' contains placeholder value 'yes' instead of actual capacity",
        "rejection_keywords": "yes",
        "timestamp": "2026-04-24T03:27:24.242853",
        "element_type": "way",
        "element_id": 1462475680,
        "country": "Fiji",
        "unit_type": "plant"
      }
    },
    {
      "type": "Feature",
      "geometry": {
        "type": "Point",
        "coordinates": [
          177.2257187,
          -17.7047928
        ]
      },
      "properties": {
        "label": "Rejected node 4234617732",
        "type": "Missing source tag",
        "osm_element": "https://www.openstreetmap.org/node/4234617732",
        "rejection_reason": "Missing source tag",
        "rejection_details": "tags: {'power': 'plant'}",
        "rejection_keywords": "none",
        "timestamp": "2026-04-24T03:27:24.242906",
        "element_type": "node",
        "element_id": 4234617732,
        "country": "Fiji",
        "unit_type": "plant"
      }
    },
    {
      "type": "Feature",
      "geometry": {
        "type": "Point",
        "coordinates": [
          172.93068373326597,
          1.3576545240628433
        ]
      },
      "properties": {
        "label": "Rejected way 498147326",
        "type": "Missing source tag",
        "osm_element": "https://www.openstreetmap.org/way/498147326",
        "rejection_reason": "Missing source tag",
        "rejection_details": "tags: {'addr:city': 'Temakin', 'landuse': 'industrial', 'name': 'Public Utilities Board', 'power': 'plant'}",
        "rejection_keywords": "none",
        "timestamp": "2026-04-24T03:31:51.413151",
        "element_type": "way",
        "element_id": 498147326,
        "country": "Kiribati",
        "unit_type": "plant"
      }
    },
    {
      "type": "Feature",
      "geometry": {
        "type": "Point",
        "coordinates": [
          -157.47970263316094,
          1.9936774048736245
        ]
      },
      "properties": {
        "label": "Rejected way 706723403",
        "type": "Capacity placeholder value",
        "osm_element": "https://www.openstreetmap.org/way/706723403",
        "rejection_reason": "Capacity placeholder value",
        "rejection_details": "Tag 'plant:output:electricity' contains placeholder value 'yes' instead of actual capacity",
        "rejection_keywords": "yes",
        "timestamp": "2026-04-24T03:31:51.413352",
        "element_type": "way",
        "element_id": 706723403,
        "country": "Kiribati",
        "unit_type": "plant"
      }
    },
    {
      "type": "Feature",
      "geometry": {
        "type": "Point",
        "coordinates": [
          173.14482867677668,
          1.3845010905622654
        ]
      },
      "properties": {
        "label": "Rejected way 1176849117",
        "type": "Capacity placeholder value",
        "osm_element": "https://www.openstreetmap.org/way/1176849117",
        "rejection_reason": "Capacity placeholder value",
        "rejection_details": "Tag 'plant:output:electricity' contains placeholder value 'yes' instead of actual capacity",
        "rejection_keywords": "yes",
        "timestamp": "2026-04-24T03:31:51.413531",
        "element_type": "way",
        "element_id": 1176849117,
        "country": "Kiribati",
        "unit_type": "plant"
      }
    },
    {
      "type": "Feature",
      "geometry": {
        "type": "Point",
        "coordinates": [
          138.1129532,
          9.5282511
        ]
      },
      "properties": {
        "label": "Rejected node 10650286655",
        "type": "Capacity regex no match",
        "osm_element": "https://www.openstreetmap.org/node/10650286655",
        "rejection_reason": "Capacity regex no match",
        "rejection_details": "Tag 'generator:output:electricity' has value '275 kW' which could not be parsed",
        "rejection_keywords": "275 kW",
        "timestamp": "2026-04-24T03:34:02.574600",
        "element_type": "node",
        "element_id": 10650286655,
        "country": "Micronesia, Federated States of",
        "unit_type": "generator"
      }
    },
    {
      "type": "Feature",
      "geometry": {
        "type": "Point",
        "coordinates": [
          138.1120467,
          9.5285673
        ]
      },
      "properties": {
        "label": "Rejected node 10650286656",
        "type": "Capacity regex no match",
        "osm_element": "https://www.openstreetmap.org/node/10650286656",
        "rejection_reason": "Capacity regex no match",
        "rejection_details": "Tag 'generator:output:electricity' has value '275 kW' which could not be parsed",
        "rejection_keywords": "275 kW",
        "timestamp": "2026-04-24T03:34:02.574627",
        "element_type": "node",
        "element_id": 10650286656,
        "country": "Micronesia, Federated States of",
        "unit_type": "generator"
      }
    },
    {
      "type": "Feature",
      "geometry": {
        "type": "Point",
        "coordinates": [
          138.1113667,
          9.5290182
        ]
      },
      "properties": {
        "label": "Rejected node 10650286657",
        "type": "Capacity regex no match",
        "osm_element": "https://www.openstreetmap.org/node/10650286657",
        "rejection_reason": "Capacity regex no match",
        "rejection_details": "Tag 'generator:output:electricity' has value '275 kW' which could not be parsed",
        "rejection_keywords": "275 kW",
        "timestamp": "2026-04-24T03:34:02.574649",
        "element_type": "node",
        "element_id": 10650286657,
        "country": "Micronesia, Federated States of",
        "unit_type": "generator"
      }
    },
    {
      "type": "Feature",
      "geometry": {
        "type": "Point",
        "coordinates": [
          139.76357159999998,
          10.031916349999998
        ]
      },
      "properties": {
        "label": "Rejected way 339252974",
        "type": "Missing output tag",
        "osm_element": "https://www.openstreetmap.org/way/339252974",
        "rejection_reason": "Missing output tag",
        "rejection_details": "tags: {'building': 'yes', 'name': 'YSPSC', 'operator': 'YSPSC', 'plant:source': 'solar', 'power': 'plant'}",
        "rejection_keywords": "none",
        "timestamp": "2026-04-24T03:34:02.575072",
        "element_type": "way",
        "element_id": 339252974,
        "country": "Micronesia, Federated States of",
        "unit_type": "plant"
      }
    },
    {
      "type": "Feature",
      "geometry": {
        "type": "Point",
        "coordinates": [
          158.2915061969035,
          6.836671090420038
        ]
      },
      "properties": {
        "label": "Rejected way 1292782033",
        "type": "Capacity placeholder value",
        "osm_element": "https://www.openstreetmap.org/way/1292782033",
        "rejection_reason": "Capacity placeholder value",
        "rejection_details": "Tag 'plant:output:electricity' contains placeholder value 'yes' instead of actual capacity",
        "rejection_keywords": "yes",
        "timestamp": "2026-04-24T03:34:02.575323",
        "element_type": "way",
        "element_id": 1292782033,
        "country": "Micronesia, Federated States of",
        "unit_type": "plant"
      }
    },
    {
      "type": "Feature",
      "geometry": {
        "type": "Point",
        "coordinates": [
          167.73685113060537,
          8.72449476059949
        ]
      },
      "properties": {
        "label": "Rejected way 1375771475",
        "type": "Capacity placeholder value",
        "osm_element": "https://www.openstreetmap.org/way/1375771475",
        "rejection_reason": "Capacity placeholder value",
        "rejection_details": "Tag 'plant:output:electricity' contains placeholder value 'yes' instead of actual capacity",
        "rejection_keywords": "yes",
        "timestamp": "2026-04-24T03:34:17.508604",
        "element_type": "way",
        "element_id": 1375771475,
        "country": "Marshall Islands",
        "unit_type": "plant"
      }
    },
    {
      "type": "Feature",
      "geometry": {
        "type": "Point",
        "coordinates": [
          166.9121777414723,
          -0.5288724438060853
        ]
      },
      "properties": {
        "label": "Rejected way 133391325",
        "type": "Capacity placeholder value",
        "osm_element": "https://www.openstreetmap.org/way/133391325",
        "rejection_reason": "Capacity placeholder value",
        "rejection_details": "Tag 'plant:output:electricity' contains placeholder value 'yes' instead of actual capacity",
        "rejection_keywords": "yes",
        "timestamp": "2026-04-24T03:38:43.224264",
        "element_type": "way",
        "element_id": 133391325,
        "country": "Nauru",
        "unit_type": "plant"
      }
    },
    {
      "type": "Feature",
      "geometry": {
        "type": "Point",
        "coordinates": [
          166.91755659181104,
          -0.5419401166711719
        ]
      },
      "properties": {
        "label": "Rejected way 903157847",
        "type": "Capacity placeholder value",
        "osm_element": "https://www.openstreetmap.org/way/903157847",
        "rejection_reason": "Capacity placeholder value",
        "rejection_details": "Tag 'plant:output:electricity' contains placeholder value 'yes' instead of actual capacity",
        "rejection_keywords": "yes",
        "timestamp": "2026-04-24T03:38:43.224457",
        "element_type": "way",
        "element_id": 903157847,
        "country": "Nauru",
        "unit_type": "plant"
      }
    },
    {
      "type": "Feature",
      "geometry": {
        "type": "Point",
        "coordinates": [
          -169.91138856190332,
          -19.059350687231138
        ]
      },
      "properties": {
        "label": "Rejected way 110072473",
        "type": "Missing source tag",
        "osm_element": "https://www.openstreetmap.org/way/110072473",
        "rejection_reason": "Missing source tag",
        "rejection_details": "tags: {'landuse': 'industrial', 'power': 'plant'}",
        "rejection_keywords": "none",
        "timestamp": "2026-04-24T03:41:06.345545",
        "element_type": "way",
        "element_id": 110072473,
        "country": "Niue",
        "unit_type": "plant"
      }
    },
    {
      "type": "Feature",
      "geometry": {
        "type": "Point",
        "coordinates": [
          -169.92691653043804,
          -19.075705636809058
        ]
      },
      "properties": {
        "label": "Rejected way 1388086766",
        "type": "Capacity placeholder value",
        "osm_element": "https://www.openstreetmap.org/way/1388086766",
        "rejection_reason": "Capacity placeholder value",
        "rejection_details": "Tag 'plant:output:electricity' contains placeholder value 'yes' instead of actual capacity",
        "rejection_keywords": "yes",
        "timestamp": "2026-04-24T03:41:06.345808",
        "element_type": "way",
        "element_id": 1388086766,
        "country": "Niue",
        "unit_type": "plant"
      }
    },
    {
      "type": "Feature",
      "geometry": {
        "type": "Point",
        "coordinates": [
          -169.91615487648934,
          -19.072171047308206
        ]
      },
      "properties": {
        "label": "Rejected way 1458613561",
        "type": "Capacity placeholder value",
        "osm_element": "https://www.openstreetmap.org/way/1458613561",
        "rejection_reason": "Capacity placeholder value",
        "rejection_details": "Tag 'plant:output:electricity' contains placeholder value 'yes' instead of actual capacity",
        "rejection_keywords": "yes",
        "timestamp": "2026-04-24T03:41:06.346017",
        "element_type": "way",
        "element_id": 1458613561,
        "country": "Niue",
        "unit_type": "plant"
      }
    },
    {
      "type": "Feature",
      "geometry": {
        "type": "Point",
        "coordinates": [
          151.11248272828456,
          -5.243610829459466
        ]
      },
      "properties": {
        "label": "Rejected way 285711060",
        "type": "Missing source tag",
        "osm_element": "https://www.openstreetmap.org/way/285711060",
        "rejection_reason": "Missing source tag",
        "rejection_details": "tags: {'building': 'yes', 'frequency': '50', 'power': 'plant'}",
        "rejection_keywords": "none",
        "timestamp": "2026-04-24T03:45:54.466674",
        "element_type": "way",
        "element_id": 285711060,
        "country": "Papua New Guinea",
        "unit_type": "plant"
      }
    },
    {
      "type": "Feature",
      "geometry": {
        "type": "Point",
        "coordinates": [
          145.770774975104,
          -7.961065136574278
        ]
      },
      "properties": {
        "label": "Rejected way 286845905",
        "type": "Capacity placeholder value",
        "osm_element": "https://www.openstreetmap.org/way/286845905",
        "rejection_reason": "Capacity placeholder value",
        "rejection_details": "Tag 'plant:output:electricity' contains placeholder value 'yes' instead of actual capacity",
        "rejection_keywords": "yes",
        "timestamp": "2026-04-24T03:45:54.466869",
        "element_type": "way",
        "element_id": 286845905,
        "country": "Papua New Guinea",
        "unit_type": "plant"
      }
    },
    {
      "type": "Feature",
      "geometry": {
        "type": "Point",
        "coordinates": [
          142.77129456912292,
          -5.911862212233289
        ]
      },
      "properties": {
        "label": "Rejected way 564427865",
        "type": "Missing output tag",
        "osm_element": "https://www.openstreetmap.org/way/564427865",
        "rejection_reason": "Missing output tag",
        "rejection_details": "tags: {'landuse': 'industrial', 'name': 'Hides GTE', 'plant:source': 'gas', 'power': 'plant'}",
        "rejection_keywords": "none",
        "timestamp": "2026-04-24T03:45:54.467120",
        "element_type": "way",
        "element_id": 564427865,
        "country": "Papua New Guinea",
        "unit_type": "plant"
      }
    },
    {
      "type": "Feature",
      "geometry": {
        "type": "Point",
        "coordinates": [
          145.96674814924893,
          -6.2400381061698065
        ]
      },
      "properties": {
        "label": "Rejected way 759156578",
        "type": "Capacity placeholder value",
        "osm_element": "https://www.openstreetmap.org/way/759156578",
        "rejection_reason": "Capacity placeholder value",
        "rejection_details": "Tag 'plant:output:electricity' contains placeholder value 'yes' instead of actual capacity",
        "rejection_keywords": "yes",
        "timestamp": "2026-04-24T03:45:54.467664",
        "element_type": "way",
        "element_id": 759156578,
        "country": "Papua New Guinea",
        "unit_type": "plant"
      }
    },
    {
      "type": "Feature",
      "geometry": {
        "type": "Point",
        "coordinates": [
          145.80468432284326,
          -5.2175086684033705
        ]
      },
      "properties": {
        "label": "Rejected way 776764834",
        "type": "Missing output tag",
        "osm_element": "https://www.openstreetmap.org/way/776764834",
        "rejection_reason": "Missing output tag",
        "rejection_details": "tags: {'building': 'industrial', 'landuse': 'industrial', 'name': 'Madang Power Plant', 'operator': 'PNG Power', 'plant:source': 'diesel', 'power': 'plant'}",
        "rejection_keywords": "none",
        "timestamp": "2026-04-24T03:45:54.468206",
        "element_type": "way",
        "element_id": 776764834,
        "country": "Papua New Guinea",
        "unit_type": "plant"
      }
    },
    {
      "type": "Feature",
      "geometry": {
        "type": "Point",
        "coordinates": [
          152.6294116746801,
          -3.065128860541481
        ]
      },
      "properties": {
        "label": "Rejected way 808015640",
        "type": "Capacity placeholder value",
        "osm_element": "https://www.openstreetmap.org/way/808015640",
        "rejection_reason": "Capacity placeholder value",
        "rejection_details": "Tag 'plant:output:electricity' contains placeholder value 'yes' instead of actual capacity",
        "rejection_keywords": "yes",
        "timestamp": "2026-04-24T03:45:54.468659",
        "element_type": "way",
        "element_id": 808015640,
        "country": "Papua New Guinea",
        "unit_type": "plant"
      }
    },
    {
      "type": "Feature",
      "geometry": {
        "type": "Point",
        "coordinates": [
          144.1267020484366,
          -6.092547153754289
        ]
      },
      "properties": {
        "label": "Rejected way 864209612",
        "type": "Missing output tag",
        "osm_element": "https://www.openstreetmap.org/way/864209612",
        "rejection_reason": "Missing output tag",
        "rejection_details": "tags: {'area': 'yes', 'plant:source': 'hydro', 'power': 'plant', 'waterway': 'dam'}",
        "rejection_keywords": "none",
        "timestamp": "2026-04-24T03:45:54.468837",
        "element_type": "way",
        "element_id": 864209612,
        "country": "Papua New Guinea",
        "unit_type": "plant"
      }
    },
    {
      "type": "Feature",
      "geometry": {
        "type": "Point",
        "coordinates": [
          150.45925855908254,
          -10.31484072929824
        ]
      },
      "properties": {
        "label": "Rejected way 894255194",
        "type": "Missing output tag",
        "osm_element": "https://www.openstreetmap.org/way/894255194",
        "rejection_reason": "Missing output tag",
        "rejection_details": "tags: {'landuse': 'industrial', 'name': 'Alotau Power Station', 'plant:source': 'diesel', 'power': 'plant'}",
        "rejection_keywords": "none",
        "timestamp": "2026-04-24T03:45:54.469116",
        "element_type": "way",
        "element_id": 894255194,
        "country": "Papua New Guinea",
        "unit_type": "plant"
      }
    },
    {
      "type": "Feature",
      "geometry": {
        "type": "Point",
        "coordinates": [
          152.24732753537089,
          -4.331453084840493
        ]
      },
      "properties": {
        "label": "Rejected way 896082925",
        "type": "Missing output tag",
        "osm_element": "https://www.openstreetmap.org/way/896082925",
        "rejection_reason": "Missing output tag",
        "rejection_details": "tags: {'landuse': 'industrial', 'name': 'Kokopo Power Plant', 'plant:source': 'diesel', 'power': 'plant'}",
        "rejection_keywords": "none",
        "timestamp": "2026-04-24T03:45:54.469321",
        "element_type": "way",
        "element_id": 896082925,
        "country": "Papua New Guinea",
        "unit_type": "plant"
      }
    },
    {
      "type": "Feature",
      "geometry": {
        "type": "Point",
        "coordinates": [
          143.65718669742884,
          -6.134089090704495
        ]
      },
      "properties": {
        "label": "Rejected way 1023123441",
        "type": "Capacity placeholder value",
        "osm_element": "https://www.openstreetmap.org/way/1023123441",
        "rejection_reason": "Capacity placeholder value",
        "rejection_details": "Tag 'plant:output:electricity' contains placeholder value 'yes' instead of actual capacity",
        "rejection_keywords": "yes",
        "timestamp": "2026-04-24T03:45:54.469502",
        "element_type": "way",
        "element_id": 1023123441,
        "country": "Papua New Guinea",
        "unit_type": "plant"
      }
    },
    {
      "type": "Feature",
      "geometry": {
        "type": "Point",
        "coordinates": [
          152.0215657873888,
          -2.638923555128341
        ]
      },
      "properties": {
        "label": "Rejected way 1265739698",
        "type": "Capacity placeholder value",
        "osm_element": "https://www.openstreetmap.org/way/1265739698",
        "rejection_reason": "Capacity placeholder value",
        "rejection_details": "Tag 'plant:output:electricity' contains placeholder value 'yes' instead of actual capacity",
        "rejection_keywords": "yes",
        "timestamp": "2026-04-24T03:45:54.470480",
        "element_type": "way",
        "element_id": 1265739698,
        "country": "Papua New Guinea",
        "unit_type": "plant"
      }
    },
    {
      "type": "Feature",
      "geometry": {
        "type": "Point",
        "coordinates": [
          152.02143063249676,
          -2.638862974247245
        ]
      },
      "properties": {
        "label": "Rejected way 1266092170",
        "type": "Capacity placeholder value",
        "osm_element": "https://www.openstreetmap.org/way/1266092170",
        "rejection_reason": "Capacity placeholder value",
        "rejection_details": "Tag 'plant:output:electricity' contains placeholder value 'yes' instead of actual capacity",
        "rejection_keywords": "yes",
        "timestamp": "2026-04-24T03:45:54.470656",
        "element_type": "way",
        "element_id": 1266092170,
        "country": "Papua New Guinea",
        "unit_type": "plant"
      }
    },
    {
      "type": "Feature",
      "geometry": {
        "type": "Point",
        "coordinates": [
          143.6589872763451,
          -3.5733690974639996
        ]
      },
      "properties": {
        "label": "Rejected way 1271101238",
        "type": "Capacity placeholder value",
        "osm_element": "https://www.openstreetmap.org/way/1271101238",
        "rejection_reason": "Capacity placeholder value",
        "rejection_details": "Tag 'plant:output:electricity' contains placeholder value 'yes' instead of actual capacity",
        "rejection_keywords": "yes",
        "timestamp": "2026-04-24T03:45:54.470808",
        "element_type": "way",
        "element_id": 1271101238,
        "country": "Papua New Guinea",
        "unit_type": "plant"
      }
    },
    {
      "type": "Feature",
      "geometry": {
        "type": "Point",
        "coordinates": [
          143.58311948148932,
          -4.071334780682335
        ]
      },
      "properties": {
        "label": "Rejected way 1280580042",
        "type": "Capacity placeholder value",
        "osm_element": "https://www.openstreetmap.org/way/1280580042",
        "rejection_reason": "Capacity placeholder value",
        "rejection_details": "Tag 'plant:output:electricity' contains placeholder value 'yes' instead of actual capacity",
        "rejection_keywords": "yes",
        "timestamp": "2026-04-24T03:45:54.471004",
        "element_type": "way",
        "element_id": 1280580042,
        "country": "Papua New Guinea",
        "unit_type": "plant"
      }
    },
    {
      "type": "Feature",
      "geometry": {
        "type": "Point",
        "coordinates": [
          141.29696398487965,
          -6.123218710786888
        ]
      },
      "properties": {
        "label": "Rejected way 1372092021",
        "type": "Capacity placeholder value",
        "osm_element": "https://www.openstreetmap.org/way/1372092021",
        "rejection_reason": "Capacity placeholder value",
        "rejection_details": "Tag 'plant:output:electricity' contains placeholder value 'yes' instead of actual capacity",
        "rejection_keywords": "yes",
        "timestamp": "2026-04-24T03:45:54.471199",
        "element_type": "way",
        "element_id": 1372092021,
        "country": "Papua New Guinea",
        "unit_type": "plant"
      }
    },
    {
      "type": "Feature",
      "geometry": {
        "type": "Point",
        "coordinates": [
          141.22932933564817,
          -5.269625864475638
        ]
      },
      "properties": {
        "label": "Rejected way 1372107618",
        "type": "Capacity placeholder value",
        "osm_element": "https://www.openstreetmap.org/way/1372107618",
        "rejection_reason": "Capacity placeholder value",
        "rejection_details": "Tag 'plant:output:electricity' contains placeholder value 'yes' instead of actual capacity",
        "rejection_keywords": "yes",
        "timestamp": "2026-04-24T03:45:54.471378",
        "element_type": "way",
        "element_id": 1372107618,
        "country": "Papua New Guinea",
        "unit_type": "plant"
      }
    },
    {
      "type": "Feature",
      "geometry": {
        "type": "Point",
        "coordinates": [
          146.99615966504032,
          -6.725502052157856
        ]
      },
      "properties": {
        "label": "Rejected way 1373697812",
        "type": "Capacity placeholder value",
        "osm_element": "https://www.openstreetmap.org/way/1373697812",
        "rejection_reason": "Capacity placeholder value",
        "rejection_details": "Tag 'plant:output:electricity' contains placeholder value 'yes' instead of actual capacity",
        "rejection_keywords": "yes",
        "timestamp": "2026-04-24T03:45:54.471543",
        "element_type": "way",
        "element_id": 1373697812,
        "country": "Papua New Guinea",
        "unit_type": "plant"
      }
    },
    {
      "type": "Feature",
      "geometry": {
        "type": "Point",
        "coordinates": [
          148.2536245333118,
          -8.746906910881894
        ]
      },
      "properties": {
        "label": "Rejected way 1381078567",
        "type": "Capacity placeholder value",
        "osm_element": "https://www.openstreetmap.org/way/1381078567",
        "rejection_reason": "Capacity placeholder value",
        "rejection_details": "Tag 'plant:output:electricity' contains placeholder value 'yes' instead of actual capacity",
        "rejection_keywords": "yes",
        "timestamp": "2026-04-24T03:45:54.471694",
        "element_type": "way",
        "element_id": 1381078567,
        "country": "Papua New Guinea",
        "unit_type": "plant"
      }
    },
    {
      "type": "Feature",
      "geometry": {
        "type": "Point",
        "coordinates": [
          150.7973135636956,
          -2.587021829255366
        ]
      },
      "properties": {
        "label": "Rejected way 1382976108",
        "type": "Capacity placeholder value",
        "osm_element": "https://www.openstreetmap.org/way/1382976108",
        "rejection_reason": "Capacity placeholder value",
        "rejection_details": "Tag 'plant:output:electricity' contains placeholder value 'yes' instead of actual capacity",
        "rejection_keywords": "yes",
        "timestamp": "2026-04-24T03:45:54.471847",
        "element_type": "way",
        "element_id": 1382976108,
        "country": "Papua New Guinea",
        "unit_type": "plant"
      }
    },
    {
      "type": "Feature",
      "geometry": {
        "type": "Point",
        "coordinates": [
          147.26829354794975,
          -9.385452277135066
        ]
      },
      "properties": {
        "label": "Rejected way 1478773945",
        "type": "Capacity placeholder value",
        "osm_element": "https://www.openstreetmap.org/way/1478773945",
        "rejection_reason": "Capacity placeholder value",
        "rejection_details": "Tag 'plant:output:electricity' contains placeholder value 'yes' instead of actual capacity",
        "rejection_keywords": "yes",
        "timestamp": "2026-04-24T03:45:54.472028",
        "element_type": "way",
        "element_id": 1478773945,
        "country": "Papua New Guinea",
        "unit_type": "plant"
      }
    },
    {
      "type": "Feature",
      "geometry": {
        "type": "Point",
        "coordinates": [
          143.2116816096897,
          -9.087935367754445
        ]
      },
      "properties": {
        "label": "Rejected way 1483334852",
        "type": "Capacity placeholder value",
        "osm_element": "https://www.openstreetmap.org/way/1483334852",
        "rejection_reason": "Capacity placeholder value",
        "rejection_details": "Tag 'plant:output:electricity' contains placeholder value 'yes' instead of actual capacity",
        "rejection_keywords": "yes",
        "timestamp": "2026-04-24T03:45:54.472206",
        "element_type": "way",
        "element_id": 1483334852,
        "country": "Papua New Guinea",
        "unit_type": "plant"
      }
    },
    {
      "type": "Feature",
      "geometry": {
        "type": "Point",
        "coordinates": [
          175.4659356,
          -41.3857221
        ]
      },
      "properties": {
        "label": "Rejected node 1787090150",
        "type": "Capacity regex no match",
        "osm_element": "https://www.openstreetmap.org/node/1787090150",
        "rejection_reason": "Capacity regex no match",
        "rejection_details": "Tag 'generator:output:electricity' has value '600 kW' which could not be parsed",
        "rejection_keywords": "600 kW",
        "timestamp": "2026-04-24T03:47:34.258001",
        "element_type": "node",
        "element_id": 1787090150,
        "country": "New Zealand",
        "unit_type": "generator"
      }
    },
    {
      "type": "Feature",
      "geometry": {
        "type": "Point",
        "coordinates": [
          175.4670505,
          -41.3854079
        ]
      },
      "properties": {
        "label": "Rejected node 1787090165",
        "type": "Capacity regex no match",
        "osm_element": "https://www.openstreetmap.org/node/1787090165",
        "rejection_reason": "Capacity regex no match",
        "rejection_details": "Tag 'generator:output:electricity' has value '600 kW' which could not be parsed",
        "rejection_keywords": "600 kW",
        "timestamp": "2026-04-24T03:47:34.258036",
        "element_type": "node",
        "element_id": 1787090165,
        "country": "New Zealand",
        "unit_type": "generator"
      }
    },
    {
      "type": "Feature",
      "geometry": {
        "type": "Point",
        "coordinates": [
          175.4674207,
          -41.3844769
        ]
      },
      "properties": {
        "label": "Rejected node 1787090147",
        "type": "Capacity regex no match",
        "osm_element": "https://www.openstreetmap.org/node/1787090147",
        "rejection_reason": "Capacity regex no match",
        "rejection_details": "Tag 'generator:output:electricity' has value '600 kW' which could not be parsed",
        "rejection_keywords": "600 kW",
        "timestamp": "2026-04-24T03:47:34.258060",
        "element_type": "node",
        "element_id": 1787090147,
        "country": "New Zealand",
        "unit_type": "generator"
      }
    },
    {
      "type": "Feature",
      "geometry": {
        "type": "Point",
        "coordinates": [
          175.469166,
          -41.3797106
        ]
      },
      "properties": {
        "label": "Rejected node 1787090141",
        "type": "Capacity regex no match",
        "osm_element": "https://www.openstreetmap.org/node/1787090141",
        "rejection_reason": "Capacity regex no match",
        "rejection_details": "Tag 'generator:output:electricity' has value '600 kW' which could not be parsed",
        "rejection_keywords": "600 kW",
        "timestamp": "2026-04-24T03:47:34.258080",
        "element_type": "node",
        "element_id": 1787090141,
        "country": "New Zealand",
        "unit_type": "generator"
      }
    },
    {
      "type": "Feature",
      "geometry": {
        "type": "Point",
        "coordinates": [
          175.4700721,
          -41.3791945
        ]
      },
      "properties": {
        "label": "Rejected node 1787090175",
        "type": "Capacity regex no match",
        "osm_element": "https://www.openstreetmap.org/node/1787090175",
        "rejection_reason": "Capacity regex no match",
        "rejection_details": "Tag 'generator:output:electricity' has value '600 kW' which could not be parsed",
        "rejection_keywords": "600 kW",
        "timestamp": "2026-04-24T03:47:34.258100",
        "element_type": "node",
        "element_id": 1787090175,
        "country": "New Zealand",
        "unit_type": "generator"
      }
    },
    {
      "type": "Feature",
      "geometry": {
        "type": "Point",
        "coordinates": [
          175.4709449,
          -41.3787507
        ]
      },
      "properties": {
        "label": "Rejected node 1787090162",
        "type": "Capacity regex no match",
        "osm_element": "https://www.openstreetmap.org/node/1787090162",
        "rejection_reason": "Capacity regex no match",
        "rejection_details": "Tag 'generator:output:electricity' has value '600 kW' which could not be parsed",
        "rejection_keywords": "600 kW",
        "timestamp": "2026-04-24T03:47:34.258120",
        "element_type": "node",
        "element_id": 1787090162,
        "country": "New Zealand",
        "unit_type": "generator"
      }
    },
    {
      "type": "Feature",
      "geometry": {
        "type": "Point",
        "coordinates": [
          175.4721769,
          -41.3750674
        ]
      },
      "properties": {
        "label": "Rejected node 1787090176",
        "type": "Capacity regex no match",
        "osm_element": "https://www.openstreetmap.org/node/1787090176",
        "rejection_reason": "Capacity regex no match",
        "rejection_details": "Tag 'generator:output:electricity' has value '600 kW' which could not be parsed",
        "rejection_keywords": "600 kW",
        "timestamp": "2026-04-24T03:47:34.258139",
        "element_type": "node",
        "element_id": 1787090176,
        "country": "New Zealand",
        "unit_type": "generator"
      }
    },
    {
      "type": "Feature",
      "geometry": {
        "type": "Point",
        "coordinates": [
          175.4728781,
          -41.3747349
        ]
      },
      "properties": {
        "label": "Rejected node 1787090173",
        "type": "Capacity regex no match",
        "osm_element": "https://www.openstreetmap.org/node/1787090173",
        "rejection_reason": "Capacity regex no match",
        "rejection_details": "Tag 'generator:output:electricity' has value '600 kW' which could not be parsed",
        "rejection_keywords": "600 kW",
        "timestamp": "2026-04-24T03:47:34.258158",
        "element_type": "node",
        "element_id": 1787090173,
        "country": "New Zealand",
        "unit_type": "generator"
      }
    },
    {
      "type": "Feature",
      "geometry": {
        "type": "Point",
        "coordinates": [
          175.4813761,
          -41.3631584
        ]
      },
      "properties": {
        "label": "Rejected node 1787090139",
        "type": "Capacity regex no match",
        "osm_element": "https://www.openstreetmap.org/node/1787090139",
        "rejection_reason": "Capacity regex no match",
        "rejection_details": "Tag 'generator:output:electricity' has value '550 kW' which could not be parsed",
        "rejection_keywords": "550 kW",
        "timestamp": "2026-04-24T03:47:34.258178",
        "element_type": "node",
        "element_id": 1787090139,
        "country": "New Zealand",
        "unit_type": "generator"
      }
    },
    {
      "type": "Feature",
      "geometry": {
        "type": "Point",
        "coordinates": [
          175.4821643,
          -41.3628088
        ]
      },
      "properties": {
        "label": "Rejected node 1787090142",
        "type": "Capacity regex no match",
        "osm_element": "https://www.openstreetmap.org/node/1787090142",
        "rejection_reason": "Capacity regex no match",
        "rejection_details": "Tag 'generator:output:electricity' has value '550 kW' which could not be parsed",
        "rejection_keywords": "550 kW",
        "timestamp": "2026-04-24T03:47:34.258197",
        "element_type": "node",
        "element_id": 1787090142,
        "country": "New Zealand",
        "unit_type": "generator"
      }
    },
    {
      "type": "Feature",
      "geometry": {
        "type": "Point",
        "coordinates": [
          175.4829549,
          -41.3622308
        ]
      },
      "properties": {
        "label": "Rejected node 1787090143",
        "type": "Capacity regex no match",
        "osm_element": "https://www.openstreetmap.org/node/1787090143",
        "rejection_reason": "Capacity regex no match",
        "rejection_details": "Tag 'generator:output:electricity' has value '550 kW' which could not be parsed",
        "rejection_keywords": "550 kW",
        "timestamp": "2026-04-24T03:47:34.258216",
        "element_type": "node",
        "element_id": 1787090143,
        "country": "New Zealand",
        "unit_type": "generator"
      }
    },
    {
      "type": "Feature",
      "geometry": {
        "type": "Point",
        "coordinates": [
          175.4839764,
          -41.3619784
        ]
      },
      "properties": {
        "label": "Rejected node 1787090167",
        "type": "Capacity regex no match",
        "osm_element": "https://www.openstreetmap.org/node/1787090167",
        "rejection_reason": "Capacity regex no match",
        "rejection_details": "Tag 'generator:output:electricity' has value '550 kW' which could not be parsed",
        "rejection_keywords": "550 kW",
        "timestamp": "2026-04-24T03:47:34.258234",
        "element_type": "node",
        "element_id": 1787090167,
        "country": "New Zealand",
        "unit_type": "generator"
      }
    },
    {
      "type": "Feature",
      "geometry": {
        "type": "Point",
        "coordinates": [
          175.4849949,
          -41.3616174
        ]
      },
      "properties": {
        "label": "Rejected node 1787090145",
        "type": "Capacity regex no match",
        "osm_element": "https://www.openstreetmap.org/node/1787090145",
        "rejection_reason": "Capacity regex no match",
        "rejection_details": "Tag 'generator:output:electricity' has value '550 kW' which could not be parsed",
        "rejection_keywords": "550 kW",
        "timestamp": "2026-04-24T03:47:34.258252",
        "element_type": "node",
        "element_id": 1787090145,
        "country": "New Zealand",
        "unit_type": "generator"
      }
    },
    {
      "type": "Feature",
      "geometry": {
        "type": "Point",
        "coordinates": [
          175.4861413,
          -41.3615882
        ]
      },
      "properties": {
        "label": "Rejected node 1787090140",
        "type": "Capacity regex no match",
        "osm_element": "https://www.openstreetmap.org/node/1787090140",
        "rejection_reason": "Capacity regex no match",
        "rejection_details": "Tag 'generator:output:electricity' has value '550 kW' which could not be parsed",
        "rejection_keywords": "550 kW",
        "timestamp": "2026-04-24T03:47:34.258270",
        "element_type": "node",
        "element_id": 1787090140,
        "country": "New Zealand",
        "unit_type": "generator"
      }
    },
    {
      "type": "Feature",
      "geometry": {
        "type": "Point",
        "coordinates": [
          175.486546,
          -41.3607783
        ]
      },
      "properties": {
        "label": "Rejected node 1787090152",
        "type": "Capacity regex no match",
        "osm_element": "https://www.openstreetmap.org/node/1787090152",
        "rejection_reason": "Capacity regex no match",
        "rejection_details": "Tag 'generator:output:electricity' has value '550 kW' which could not be parsed",
        "rejection_keywords": "550 kW",
        "timestamp": "2026-04-24T03:47:34.258288",
        "element_type": "node",
        "element_id": 1787090152,
        "country": "New Zealand",
        "unit_type": "generator"
      }
    },
    {
      "type": "Feature",
      "geometry": {
        "type": "Point",
        "coordinates": [
          175.7521756,
          -40.384711
        ]
      },
      "properties": {
        "label": "Rejected node 1913903494",
        "type": "Capacity regex no match",
        "osm_element": "https://www.openstreetmap.org/node/1913903494",
        "rejection_reason": "Capacity regex no match",
        "rejection_details": "Tag 'generator:output:electricity' has value '500 kW' which could not be parsed",
        "rejection_keywords": "500 kW",
        "timestamp": "2026-04-24T03:47:34.263085",
        "element_type": "node",
        "element_id": 1913903494,
        "country": "New Zealand",
        "unit_type": "generator"
      }
    },
    {
      "type": "Feature",
      "geometry": {
        "type": "Point",
        "coordinates": [
          175.7503737,
          -40.3836398
        ]
      },
      "properties": {
        "label": "Rejected node 4109297984",
        "type": "Capacity regex no match",
        "osm_element": "https://www.openstreetmap.org/node/4109297984",
        "rejection_reason": "Capacity regex no match",
        "rejection_details": "Tag 'generator:output:electricity' has value '500 kW' which could not be parsed",
        "rejection_keywords": "500 kW",
        "timestamp": "2026-04-24T03:47:34.263117",
        "element_type": "node",
        "element_id": 4109297984,
        "country": "New Zealand",
        "unit_type": "generator"
      }
    },
    {
      "type": "Feature",
      "geometry": {
        "type": "Point",
        "coordinates": [
          175.7517465,
          -40.3854951
        ]
      },
      "properties": {
        "label": "Rejected node 1913903462",
        "type": "Capacity regex no match",
        "osm_element": "https://www.openstreetmap.org/node/1913903462",
        "rejection_reason": "Capacity regex no match",
        "rejection_details": "Tag 'generator:output:electricity' has value '500 kW' which could not be parsed",
        "rejection_keywords": "500 kW",
        "timestamp": "2026-04-24T03:47:34.263140",
        "element_type": "node",
        "element_id": 1913903462,
        "country": "New Zealand",
        "unit_type": "generator"
      }
    },
    {
      "type": "Feature",
      "geometry": {
        "type": "Point",
        "coordinates": [
          175.7501479,
          -40.3844818
        ]
      },
      "properties": {
        "label": "Rejected node 1913903486",
        "type": "Capacity regex no match",
        "osm_element": "https://www.openstreetmap.org/node/1913903486",
        "rejection_reason": "Capacity regex no match",
        "rejection_details": "Tag 'generator:output:electricity' has value '500 kW' which could not be parsed",
        "rejection_keywords": "500 kW",
        "timestamp": "2026-04-24T03:47:34.263161",
        "element_type": "node",
        "element_id": 1913903486,
        "country": "New Zealand",
        "unit_type": "generator"
      }
    },
    {
      "type": "Feature",
      "geometry": {
        "type": "Point",
        "coordinates": [
          175.7515105,
          -40.3903329
        ]
      },
      "properties": {
        "label": "Rejected node 1913903519",
        "type": "Capacity regex no match",
        "osm_element": "https://www.openstreetmap.org/node/1913903519",
        "rejection_reason": "Capacity regex no match",
        "rejection_details": "Tag 'generator:output:electricity' has value '500 kW' which could not be parsed",
        "rejection_keywords": "500 kW",
        "timestamp": "2026-04-24T03:47:34.263182",
        "element_type": "node",
        "element_id": 1913903519,
        "country": "New Zealand",
        "unit_type": "generator"
      }
    },
    {
      "type": "Feature",
      "geometry": {
        "type": "Point",
        "coordinates": [
          175.7510166,
          -40.3889523
        ]
      },
      "properties": {
        "label": "Rejected node 1789674090",
        "type": "Capacity regex no match",
        "osm_element": "https://www.openstreetmap.org/node/1789674090",
        "rejection_reason": "Capacity regex no match",
        "rejection_details": "Tag 'generator:output:electricity' has value '500 kW' which could not be parsed",
        "rejection_keywords": "500 kW",
        "timestamp": "2026-04-24T03:47:34.263203",
        "element_type": "node",
        "element_id": 1789674090,
        "country": "New Zealand",
        "unit_type": "generator"
      }
    },
    {
      "type": "Feature",
      "geometry": {
        "type": "Point",
        "coordinates": [
          175.75114,
          -40.3879841
        ]
      },
      "properties": {
        "label": "Rejected node 1789674123",
        "type": "Capacity regex no match",
        "osm_element": "https://www.openstreetmap.org/node/1789674123",
        "rejection_reason": "Capacity regex no match",
        "rejection_details": "Tag 'generator:output:electricity' has value '500 kW' which could not be parsed",
        "rejection_keywords": "500 kW",
        "timestamp": "2026-04-24T03:47:34.263223",
        "element_type": "node",
        "element_id": 1789674123,
        "country": "New Zealand",
        "unit_type": "generator"
      }
    },
    {
      "type": "Feature",
      "geometry": {
        "type": "Point",
        "coordinates": [
          175.7504963,
          -40.3868891
        ]
      },
      "properties": {
        "label": "Rejected node 1789674073",
        "type": "Capacity regex no match",
        "osm_element": "https://www.openstreetmap.org/node/1789674073",
        "rejection_reason": "Capacity regex no match",
        "rejection_details": "Tag 'generator:output:electricity' has value '500 kW' which could not be parsed",
        "rejection_keywords": "500 kW",
        "timestamp": "2026-04-24T03:47:34.263242",
        "element_type": "node",
        "element_id": 1789674073,
        "country": "New Zealand",
        "unit_type": "generator"
      }
    },
    {
      "type": "Feature",
      "geometry": {
        "type": "Point",
        "coordinates": [
          175.751253,
          -40.386296
        ]
      },
      "properties": {
        "label": "Rejected node 1913903488",
        "type": "Capacity regex no match",
        "osm_element": "https://www.openstreetmap.org/node/1913903488",
        "rejection_reason": "Capacity regex no match",
        "rejection_details": "Tag 'generator:output:electricity' has value '500 kW' which could not be parsed",
        "rejection_keywords": "500 kW",
        "timestamp": "2026-04-24T03:47:34.263261",
        "element_type": "node",
        "element_id": 1913903488,
        "country": "New Zealand",
        "unit_type": "generator"
      }
    },
    {
      "type": "Feature",
      "geometry": {
        "type": "Point",
        "coordinates": [
          175.7492681,
          -40.385348
        ]
      },
      "properties": {
        "label": "Rejected node 1913903526",
        "type": "Capacity regex no match",
        "osm_element": "https://www.openstreetmap.org/node/1913903526",
        "rejection_reason": "Capacity regex no match",
        "rejection_details": "Tag 'generator:output:electricity' has value '500 kW' which could not be parsed",
        "rejection_keywords": "500 kW",
        "timestamp": "2026-04-24T03:47:34.263280",
        "element_type": "node",
        "element_id": 1913903526,
        "country": "New Zealand",
        "unit_type": "generator"
      }
    },
    {
      "type": "Feature",
      "geometry": {
        "type": "Point",
        "coordinates": [
          175.7481631,
          -40.3858629
        ]
      },
      "properties": {
        "label": "Rejected node 1913903492",
        "type": "Capacity regex no match",
        "osm_element": "https://www.openstreetmap.org/node/1913903492",
        "rejection_reason": "Capacity regex no match",
        "rejection_details": "Tag 'generator:output:electricity' has value '500 kW' which could not be parsed",
        "rejection_keywords": "500 kW",
        "timestamp": "2026-04-24T03:47:34.263298",
        "element_type": "node",
        "element_id": 1913903492,
        "country": "New Zealand",
        "unit_type": "generator"
      }
    },
    {
      "type": "Feature",
      "geometry": {
        "type": "Point",
        "coordinates": [
          175.7425998,
          -40.388119
        ]
      },
      "properties": {
        "label": "Rejected node 1789674058",
        "type": "Capacity regex no match",
        "osm_element": "https://www.openstreetmap.org/node/1789674058",
        "rejection_reason": "Capacity regex no match",
        "rejection_details": "Tag 'generator:output:electricity' has value '500 kW' which could not be parsed",
        "rejection_keywords": "500 kW",
        "timestamp": "2026-04-24T03:47:34.263317",
        "element_type": "node",
        "element_id": 1789674058,
        "country": "New Zealand",
        "unit_type": "generator"
      }
    },
    {
      "type": "Feature",
      "geometry": {
        "type": "Point",
        "coordinates": [
          175.7451372,
          -40.3882659
        ]
      },
      "properties": {
        "label": "Rejected node 1789674071",
        "type": "Capacity regex no match",
        "osm_element": "https://www.openstreetmap.org/node/1789674071",
        "rejection_reason": "Capacity regex no match",
        "rejection_details": "Tag 'generator:output:electricity' has value '500 kW' which could not be parsed",
        "rejection_keywords": "500 kW",
        "timestamp": "2026-04-24T03:47:34.263335",
        "element_type": "node",
        "element_id": 1789674071,
        "country": "New Zealand",
        "unit_type": "generator"
      }
    },
    {
      "type": "Feature",
      "geometry": {
        "type": "Point",
        "coordinates": [
          175.7467519,
          -40.3880209
        ]
      },
      "properties": {
        "label": "Rejected node 1789674028",
        "type": "Capacity regex no match",
        "osm_element": "https://www.openstreetmap.org/node/1789674028",
        "rejection_reason": "Capacity regex no match",
        "rejection_details": "Tag 'generator:output:electricity' has value '500 kW' which could not be parsed",
        "rejection_keywords": "500 kW",
        "timestamp": "2026-04-24T03:47:34.263352",
        "element_type": "node",
        "element_id": 1789674028,
        "country": "New Zealand",
        "unit_type": "generator"
      }
    },
    {
      "type": "Feature",
      "geometry": {
        "type": "Point",
        "coordinates": [
          175.747283,
          -40.3872893
        ]
      },
      "properties": {
        "label": "Rejected node 1789674080",
        "type": "Capacity regex no match",
        "osm_element": "https://www.openstreetmap.org/node/1789674080",
        "rejection_reason": "Capacity regex no match",
        "rejection_details": "Tag 'generator:output:electricity' has value '500 kW' which could not be parsed",
        "rejection_keywords": "500 kW",
        "timestamp": "2026-04-24T03:47:34.263370",
        "element_type": "node",
        "element_id": 1789674080,
        "country": "New Zealand",
        "unit_type": "generator"
      }
    },
    {
      "type": "Feature",
      "geometry": {
        "type": "Point",
        "coordinates": [
          175.7477604,
          -40.386656
        ]
      },
      "properties": {
        "label": "Rejected node 1789674074",
        "type": "Capacity regex no match",
        "osm_element": "https://www.openstreetmap.org/node/1789674074",
        "rejection_reason": "Capacity regex no match",
        "rejection_details": "Tag 'generator:output:electricity' has value '500 kW' which could not be parsed",
        "rejection_keywords": "500 kW",
        "timestamp": "2026-04-24T03:47:34.263388",
        "element_type": "node",
        "element_id": 1789674074,
        "country": "New Zealand",
        "unit_type": "generator"
      }
    },
    {
      "type": "Feature",
      "geometry": {
        "type": "Point",
        "coordinates": [
          175.7397624,
          -40.3878325
        ]
      },
      "properties": {
        "label": "Rejected node 1789674062",
        "type": "Capacity regex no match",
        "osm_element": "https://www.openstreetmap.org/node/1789674062",
        "rejection_reason": "Capacity regex no match",
        "rejection_details": "Tag 'generator:output:electricity' has value '500 kW' which could not be parsed",
        "rejection_keywords": "500 kW",
        "timestamp": "2026-04-24T03:47:34.263406",
        "element_type": "node",
        "element_id": 1789674062,
        "country": "New Zealand",
        "unit_type": "generator"
      }
    },
    {
      "type": "Feature",
      "geometry": {
        "type": "Point",
        "coordinates": [
          175.7400091,
          -40.3872037
        ]
      },
      "properties": {
        "label": "Rejected node 1789674079",
        "type": "Capacity regex no match",
        "osm_element": "https://www.openstreetmap.org/node/1789674079",
        "rejection_reason": "Capacity regex no match",
        "rejection_details": "Tag 'generator:output:electricity' has value '500 kW' which could not be parsed",
        "rejection_keywords": "500 kW",
        "timestamp": "2026-04-24T03:47:34.263423",
        "element_type": "node",
        "element_id": 1789674079,
        "country": "New Zealand",
        "unit_type": "generator"
      }
    },
    {
      "type": "Feature",
      "geometry": {
        "type": "Point",
        "coordinates": [
          175.7400091,
          -40.38655
        ]
      },
      "properties": {
        "label": "Rejected node 1789674051",
        "type": "Capacity regex no match",
        "osm_element": "https://www.openstreetmap.org/node/1789674051",
        "rejection_reason": "Capacity regex no match",
        "rejection_details": "Tag 'generator:output:electricity' has value '500 kW' which could not be parsed",
        "rejection_keywords": "500 kW",
        "timestamp": "2026-04-24T03:47:34.263440",
        "element_type": "node",
        "element_id": 1789674051,
        "country": "New Zealand",
        "unit_type": "generator"
      }
    },
    {
      "type": "Feature",
      "geometry": {
        "type": "Point",
        "coordinates": [
          175.7368012,
          -40.3911503
        ]
      },
      "properties": {
        "label": "Rejected node 1789674116",
        "type": "Capacity regex no match",
        "osm_element": "https://www.openstreetmap.org/node/1789674116",
        "rejection_reason": "Capacity regex no match",
        "rejection_details": "Tag 'generator:output:electricity' has value '500 kW' which could not be parsed",
        "rejection_keywords": "500 kW",
        "timestamp": "2026-04-24T03:47:34.263458",
        "element_type": "node",
        "element_id": 1789674116,
        "country": "New Zealand",
        "unit_type": "generator"
      }
    },
    {
      "type": "Feature",
      "geometry": {
        "type": "Point",
        "coordinates": [
          175.7370802,
          -40.3905864
        ]
      },
      "properties": {
        "label": "Rejected node 1789674114",
        "type": "Capacity regex no match",
        "osm_element": "https://www.openstreetmap.org/node/1789674114",
        "rejection_reason": "Capacity regex no match",
        "rejection_details": "Tag 'generator:output:electricity' has value '500 kW' which could not be parsed",
        "rejection_keywords": "500 kW",
        "timestamp": "2026-04-24T03:47:34.263476",
        "element_type": "node",
        "element_id": 1789674114,
        "country": "New Zealand",
        "unit_type": "generator"
      }
    },
    {
      "type": "Feature",
      "geometry": {
        "type": "Point",
        "coordinates": [
          175.7373377,
          -40.3900471
        ]
      },
      "properties": {
        "label": "Rejected node 1789674054",
        "type": "Capacity regex no match",
        "osm_element": "https://www.openstreetmap.org/node/1789674054",
        "rejection_reason": "Capacity regex no match",
        "rejection_details": "Tag 'generator:output:electricity' has value '500 kW' which could not be parsed",
        "rejection_keywords": "500 kW",
        "timestamp": "2026-04-24T03:47:34.263493",
        "element_type": "node",
        "element_id": 1789674054,
        "country": "New Zealand",
        "unit_type": "generator"
      }
    },
    {
      "type": "Feature",
      "geometry": {
        "type": "Point",
        "coordinates": [
          175.7376702,
          -40.3894996
        ]
      },
      "properties": {
        "label": "Rejected node 1789674025",
        "type": "Capacity regex no match",
        "osm_element": "https://www.openstreetmap.org/node/1789674025",
        "rejection_reason": "Capacity regex no match",
        "rejection_details": "Tag 'generator:output:electricity' has value '500 kW' which could not be parsed",
        "rejection_keywords": "500 kW",
        "timestamp": "2026-04-24T03:47:34.263511",
        "element_type": "node",
        "element_id": 1789674025,
        "country": "New Zealand",
        "unit_type": "generator"
      }
    },
    {
      "type": "Feature",
      "geometry": {
        "type": "Point",
        "coordinates": [
          175.7381316,
          -40.3889848
        ]
      },
      "properties": {
        "label": "Rejected node 1789674092",
        "type": "Capacity regex no match",
        "osm_element": "https://www.openstreetmap.org/node/1789674092",
        "rejection_reason": "Capacity regex no match",
        "rejection_details": "Tag 'generator:output:electricity' has value '500 kW' which could not be parsed",
        "rejection_keywords": "500 kW",
        "timestamp": "2026-04-24T03:47:34.263528",
        "element_type": "node",
        "element_id": 1789674092,
        "country": "New Zealand",
        "unit_type": "generator"
      }
    },
    {
      "type": "Feature",
      "geometry": {
        "type": "Point",
        "coordinates": [
          175.7387324,
          -40.3884291
        ]
      },
      "properties": {
        "label": "Rejected node 1789674064",
        "type": "Capacity regex no match",
        "osm_element": "https://www.openstreetmap.org/node/1789674064",
        "rejection_reason": "Capacity regex no match",
        "rejection_details": "Tag 'generator:output:electricity' has value '500 kW' which could not be parsed",
        "rejection_keywords": "500 kW",
        "timestamp": "2026-04-24T03:47:34.263547",
        "element_type": "node",
        "element_id": 1789674064,
        "country": "New Zealand",
        "unit_type": "generator"
      }
    },
    {
      "type": "Feature",
      "geometry": {
        "type": "Point",
        "coordinates": [
          175.7329925,
          -40.3922861
        ]
      },
      "properties": {
        "label": "Rejected node 1789674033",
        "type": "Capacity regex no match",
        "osm_element": "https://www.openstreetmap.org/node/1789674033",
        "rejection_reason": "Capacity regex no match",
        "rejection_details": "Tag 'generator:output:electricity' has value '500 kW' which could not be parsed",
        "rejection_keywords": "500 kW",
        "timestamp": "2026-04-24T03:47:34.263565",
        "element_type": "node",
        "element_id": 1789674033,
        "country": "New Zealand",
        "unit_type": "generator"
      }
    },
    {
      "type": "Feature",
      "geometry": {
        "type": "Point",
        "coordinates": [
          175.7326256,
          -40.3928678
        ]
      },
      "properties": {
        "label": "Rejected node 2436325284",
        "type": "Capacity regex no match",
        "osm_element": "https://www.openstreetmap.org/node/2436325284",
        "rejection_reason": "Capacity regex no match",
        "rejection_details": "Tag 'generator:output:electricity' has value '500 kW' which could not be parsed",
        "rejection_keywords": "500 kW",
        "timestamp": "2026-04-24T03:47:34.263583",
        "element_type": "node",
        "element_id": 2436325284,
        "country": "New Zealand",
        "unit_type": "generator"
      }
    },
    {
      "type": "Feature",
      "geometry": {
        "type": "Point",
        "coordinates": [
          175.7323211,
          -40.3934214
        ]
      },
      "properties": {
        "label": "Rejected node 2436325290",
        "type": "Capacity regex no match",
        "osm_element": "https://www.openstreetmap.org/node/2436325290",
        "rejection_reason": "Capacity regex no match",
        "rejection_details": "Tag 'generator:output:electricity' has value '500 kW' which could not be parsed",
        "rejection_keywords": "500 kW",
        "timestamp": "2026-04-24T03:47:34.263601",
        "element_type": "node",
        "element_id": 2436325290,
        "country": "New Zealand",
        "unit_type": "generator"
      }
    },
    {
      "type": "Feature",
      "geometry": {
        "type": "Point",
        "coordinates": [
          175.7320913,
          -40.3940351
        ]
      },
      "properties": {
        "label": "Rejected node 1789674107",
        "type": "Capacity regex no match",
        "osm_element": "https://www.openstreetmap.org/node/1789674107",
        "rejection_reason": "Capacity regex no match",
        "rejection_details": "Tag 'generator:output:electricity' has value '500 kW' which could not be parsed",
        "rejection_keywords": "500 kW",
        "timestamp": "2026-04-24T03:47:34.263620",
        "element_type": "node",
        "element_id": 1789674107,
        "country": "New Zealand",
        "unit_type": "generator"
      }
    },
    {
      "type": "Feature",
      "geometry": {
        "type": "Point",
        "coordinates": [
          175.7318016,
          -40.3946071
        ]
      },
      "properties": {
        "label": "Rejected node 1789674066",
        "type": "Capacity regex no match",
        "osm_element": "https://www.openstreetmap.org/node/1789674066",
        "rejection_reason": "Capacity regex no match",
        "rejection_details": "Tag 'generator:output:electricity' has value '500 kW' which could not be parsed",
        "rejection_keywords": "500 kW",
        "timestamp": "2026-04-24T03:47:34.263638",
        "element_type": "node",
        "element_id": 1789674066,
        "country": "New Zealand",
        "unit_type": "generator"
      }
    },
    {
      "type": "Feature",
      "geometry": {
        "type": "Point",
        "coordinates": [
          175.7311042,
          -40.3949503
        ]
      },
      "properties": {
        "label": "Rejected node 1789674115",
        "type": "Capacity regex no match",
        "osm_element": "https://www.openstreetmap.org/node/1789674115",
        "rejection_reason": "Capacity regex no match",
        "rejection_details": "Tag 'generator:output:electricity' has value '500 kW' which could not be parsed",
        "rejection_keywords": "500 kW",
        "timestamp": "2026-04-24T03:47:34.263656",
        "element_type": "node",
        "element_id": 1789674115,
        "country": "New Zealand",
        "unit_type": "generator"
      }
    },
    {
      "type": "Feature",
      "geometry": {
        "type": "Point",
        "coordinates": [
          175.7300214,
          -40.3950921
        ]
      },
      "properties": {
        "label": "Rejected node 2436325301",
        "type": "Capacity regex no match",
        "osm_element": "https://www.openstreetmap.org/node/2436325301",
        "rejection_reason": "Capacity regex no match",
        "rejection_details": "Tag 'generator:output:electricity' has value '500 kW' which could not be parsed",
        "rejection_keywords": "500 kW",
        "timestamp": "2026-04-24T03:47:34.263674",
        "element_type": "node",
        "element_id": 2436325301,
        "country": "New Zealand",
        "unit_type": "generator"
      }
    },
    {
      "type": "Feature",
      "geometry": {
        "type": "Point",
        "coordinates": [
          175.7276173,
          -40.3930133
        ]
      },
      "properties": {
        "label": "Rejected node 1789674121",
        "type": "Capacity regex no match",
        "osm_element": "https://www.openstreetmap.org/node/1789674121",
        "rejection_reason": "Capacity regex no match",
        "rejection_details": "Tag 'generator:output:electricity' has value '500 kW' which could not be parsed",
        "rejection_keywords": "500 kW",
        "timestamp": "2026-04-24T03:47:34.263692",
        "element_type": "node",
        "element_id": 1789674121,
        "country": "New Zealand",
        "unit_type": "generator"
      }
    },
    {
      "type": "Feature",
      "geometry": {
        "type": "Point",
        "coordinates": [
          175.7280894,
          -40.3926293
        ]
      },
      "properties": {
        "label": "Rejected node 1789674122",
        "type": "Capacity regex no match",
        "osm_element": "https://www.openstreetmap.org/node/1789674122",
        "rejection_reason": "Capacity regex no match",
        "rejection_details": "Tag 'generator:output:electricity' has value '500 kW' which could not be parsed",
        "rejection_keywords": "500 kW",
        "timestamp": "2026-04-24T03:47:34.263709",
        "element_type": "node",
        "element_id": 1789674122,
        "country": "New Zealand",
        "unit_type": "generator"
      }
    },
    {
      "type": "Feature",
      "geometry": {
        "type": "Point",
        "coordinates": [
          175.7288082,
          -40.3921717
        ]
      },
      "properties": {
        "label": "Rejected node 1789674125",
        "type": "Capacity regex no match",
        "osm_element": "https://www.openstreetmap.org/node/1789674125",
        "rejection_reason": "Capacity regex no match",
        "rejection_details": "Tag 'generator:output:electricity' has value '500 kW' which could not be parsed",
        "rejection_keywords": "500 kW",
        "timestamp": "2026-04-24T03:47:34.263726",
        "element_type": "node",
        "element_id": 1789674125,
        "country": "New Zealand",
        "unit_type": "generator"
      }
    },
    {
      "type": "Feature",
      "geometry": {
        "type": "Point",
        "coordinates": [
          175.7295271,
          -40.3917631
        ]
      },
      "properties": {
        "label": "Rejected node 1789674106",
        "type": "Capacity regex no match",
        "osm_element": "https://www.openstreetmap.org/node/1789674106",
        "rejection_reason": "Capacity regex no match",
        "rejection_details": "Tag 'generator:output:electricity' has value '500 kW' which could not be parsed",
        "rejection_keywords": "500 kW",
        "timestamp": "2026-04-24T03:47:34.263744",
        "element_type": "node",
        "element_id": 1789674106,
        "country": "New Zealand",
        "unit_type": "generator"
      }
    },
    {
      "type": "Feature",
      "geometry": {
        "type": "Point",
        "coordinates": [
          175.7294198,
          -40.3909215
        ]
      },
      "properties": {
        "label": "Rejected node 1789674084",
        "type": "Capacity regex no match",
        "osm_element": "https://www.openstreetmap.org/node/1789674084",
        "rejection_reason": "Capacity regex no match",
        "rejection_details": "Tag 'generator:output:electricity' has value '500 kW' which could not be parsed",
        "rejection_keywords": "500 kW",
        "timestamp": "2026-04-24T03:47:34.263762",
        "element_type": "node",
        "element_id": 1789674084,
        "country": "New Zealand",
        "unit_type": "generator"
      }
    },
    {
      "type": "Feature",
      "geometry": {
        "type": "Point",
        "coordinates": [
          175.7292159,
          -40.3902514
        ]
      },
      "properties": {
        "label": "Rejected node 1789674018",
        "type": "Capacity regex no match",
        "osm_element": "https://www.openstreetmap.org/node/1789674018",
        "rejection_reason": "Capacity regex no match",
        "rejection_details": "Tag 'generator:output:electricity' has value '500 kW' which could not be parsed",
        "rejection_keywords": "500 kW",
        "timestamp": "2026-04-24T03:47:34.263779",
        "element_type": "node",
        "element_id": 1789674018,
        "country": "New Zealand",
        "unit_type": "generator"
      }
    },
    {
      "type": "Feature",
      "geometry": {
        "type": "Point",
        "coordinates": [
          175.731812,
          -40.3909012
        ]
      },
      "properties": {
        "label": "Rejected node 1789674024",
        "type": "Capacity regex no match",
        "osm_element": "https://www.openstreetmap.org/node/1789674024",
        "rejection_reason": "Capacity regex no match",
        "rejection_details": "Tag 'generator:output:electricity' has value '500 kW' which could not be parsed",
        "rejection_keywords": "500 kW",
        "timestamp": "2026-04-24T03:47:34.263797",
        "element_type": "node",
        "element_id": 1789674024,
        "country": "New Zealand",
        "unit_type": "generator"
      }
    },
    {
      "type": "Feature",
      "geometry": {
        "type": "Point",
        "coordinates": [
          175.7320266,
          -40.3902886
        ]
      },
      "properties": {
        "label": "Rejected node 1789674085",
        "type": "Capacity regex no match",
        "osm_element": "https://www.openstreetmap.org/node/1789674085",
        "rejection_reason": "Capacity regex no match",
        "rejection_details": "Tag 'generator:output:electricity' has value '500 kW' which could not be parsed",
        "rejection_keywords": "500 kW",
        "timestamp": "2026-04-24T03:47:34.263814",
        "element_type": "node",
        "element_id": 1789674085,
        "country": "New Zealand",
        "unit_type": "generator"
      }
    },
    {
      "type": "Feature",
      "geometry": {
        "type": "Point",
        "coordinates": [
          175.7327937,
          -40.389888
        ]
      },
      "properties": {
        "label": "Rejected node 1789674027",
        "type": "Capacity regex no match",
        "osm_element": "https://www.openstreetmap.org/node/1789674027",
        "rejection_reason": "Capacity regex no match",
        "rejection_details": "Tag 'generator:output:electricity' has value '500 kW' which could not be parsed",
        "rejection_keywords": "500 kW",
        "timestamp": "2026-04-24T03:47:34.263831",
        "element_type": "node",
        "element_id": 1789674027,
        "country": "New Zealand",
        "unit_type": "generator"
      }
    },
    {
      "type": "Feature",
      "geometry": {
        "type": "Point",
        "coordinates": [
          175.7333731,
          -40.389557
        ]
      },
      "properties": {
        "label": "Rejected node 1789674076",
        "type": "Capacity regex no match",
        "osm_element": "https://www.openstreetmap.org/node/1789674076",
        "rejection_reason": "Capacity regex no match",
        "rejection_details": "Tag 'generator:output:electricity' has value '500 kW' which could not be parsed",
        "rejection_keywords": "500 kW",
        "timestamp": "2026-04-24T03:47:34.263849",
        "element_type": "node",
        "element_id": 1789674076,
        "country": "New Zealand",
        "unit_type": "generator"
      }
    },
    {
      "type": "Feature",
      "geometry": {
        "type": "Point",
        "coordinates": [
          175.7340222,
          -40.3892385
        ]
      },
      "properties": {
        "label": "Rejected node 1789674067",
        "type": "Capacity regex no match",
        "osm_element": "https://www.openstreetmap.org/node/1789674067",
        "rejection_reason": "Capacity regex no match",
        "rejection_details": "Tag 'generator:output:electricity' has value '500 kW' which could not be parsed",
        "rejection_keywords": "500 kW",
        "timestamp": "2026-04-24T03:47:34.263867",
        "element_type": "node",
        "element_id": 1789674067,
        "country": "New Zealand",
        "unit_type": "generator"
      }
    },
    {
      "type": "Feature",
      "geometry": {
        "type": "Point",
        "coordinates": [
          175.7342636,
          -40.3886009
        ]
      },
      "properties": {
        "label": "Rejected node 1789674070",
        "type": "Capacity regex no match",
        "osm_element": "https://www.openstreetmap.org/node/1789674070",
        "rejection_reason": "Capacity regex no match",
        "rejection_details": "Tag 'generator:output:electricity' has value '500 kW' which could not be parsed",
        "rejection_keywords": "500 kW",
        "timestamp": "2026-04-24T03:47:34.263884",
        "element_type": "node",
        "element_id": 1789674070,
        "country": "New Zealand",
        "unit_type": "generator"
      }
    },
    {
      "type": "Feature",
      "geometry": {
        "type": "Point",
        "coordinates": [
          175.7342904,
          -40.387894
        ]
      },
      "properties": {
        "label": "Rejected node 1789674124",
        "type": "Capacity regex no match",
        "osm_element": "https://www.openstreetmap.org/node/1789674124",
        "rejection_reason": "Capacity regex no match",
        "rejection_details": "Tag 'generator:output:electricity' has value '500 kW' which could not be parsed",
        "rejection_keywords": "500 kW",
        "timestamp": "2026-04-24T03:47:34.263901",
        "element_type": "node",
        "element_id": 1789674124,
        "country": "New Zealand",
        "unit_type": "generator"
      }
    },
    {
      "type": "Feature",
      "geometry": {
        "type": "Point",
        "coordinates": [
          175.7343709,
          -40.3873179
        ]
      },
      "properties": {
        "label": "Rejected node 1789674031",
        "type": "Capacity regex no match",
        "osm_element": "https://www.openstreetmap.org/node/1789674031",
        "rejection_reason": "Capacity regex no match",
        "rejection_details": "Tag 'generator:output:electricity' has value '500 kW' which could not be parsed",
        "rejection_keywords": "500 kW",
        "timestamp": "2026-04-24T03:47:34.263918",
        "element_type": "node",
        "element_id": 1789674031,
        "country": "New Zealand",
        "unit_type": "generator"
      }
    },
    {
      "type": "Feature",
      "geometry": {
        "type": "Point",
        "coordinates": [
          175.7344513,
          -40.3866153
        ]
      },
      "properties": {
        "label": "Rejected node 1789674026",
        "type": "Capacity regex no match",
        "osm_element": "https://www.openstreetmap.org/node/1789674026",
        "rejection_reason": "Capacity regex no match",
        "rejection_details": "Tag 'generator:output:electricity' has value '500 kW' which could not be parsed",
        "rejection_keywords": "500 kW",
        "timestamp": "2026-04-24T03:47:34.263936",
        "element_type": "node",
        "element_id": 1789674026,
        "country": "New Zealand",
        "unit_type": "generator"
      }
    },
    {
      "type": "Feature",
      "geometry": {
        "type": "Point",
        "coordinates": [
          175.734446,
          -40.3857611
        ]
      },
      "properties": {
        "label": "Rejected node 1789674061",
        "type": "Capacity regex no match",
        "osm_element": "https://www.openstreetmap.org/node/1789674061",
        "rejection_reason": "Capacity regex no match",
        "rejection_details": "Tag 'generator:output:electricity' has value '500 kW' which could not be parsed",
        "rejection_keywords": "500 kW",
        "timestamp": "2026-04-24T03:47:34.263974",
        "element_type": "node",
        "element_id": 1789674061,
        "country": "New Zealand",
        "unit_type": "generator"
      }
    },
    {
      "type": "Feature",
      "geometry": {
        "type": "Point",
        "coordinates": [
          175.7246669,
          -40.3921962
        ]
      },
      "properties": {
        "label": "Rejected node 1789674021",
        "type": "Capacity regex no match",
        "osm_element": "https://www.openstreetmap.org/node/1789674021",
        "rejection_reason": "Capacity regex no match",
        "rejection_details": "Tag 'generator:output:electricity' has value '500 kW' which could not be parsed",
        "rejection_keywords": "500 kW",
        "timestamp": "2026-04-24T03:47:34.263993",
        "element_type": "node",
        "element_id": 1789674021,
        "country": "New Zealand",
        "unit_type": "generator"
      }
    },
    {
      "type": "Feature",
      "geometry": {
        "type": "Point",
        "coordinates": [
          175.7247956,
          -40.3915261
        ]
      },
      "properties": {
        "label": "Rejected node 1789674082",
        "type": "Capacity regex no match",
        "osm_element": "https://www.openstreetmap.org/node/1789674082",
        "rejection_reason": "Capacity regex no match",
        "rejection_details": "Tag 'generator:output:electricity' has value '500 kW' which could not be parsed",
        "rejection_keywords": "500 kW",
        "timestamp": "2026-04-24T03:47:34.264011",
        "element_type": "node",
        "element_id": 1789674082,
        "country": "New Zealand",
        "unit_type": "generator"
      }
    },
    {
      "type": "Feature",
      "geometry": {
        "type": "Point",
        "coordinates": [
          175.7251712,
          -40.3910113
        ]
      },
      "properties": {
        "label": "Rejected node 1789674096",
        "type": "Capacity regex no match",
        "osm_element": "https://www.openstreetmap.org/node/1789674096",
        "rejection_reason": "Capacity regex no match",
        "rejection_details": "Tag 'generator:output:electricity' has value '500 kW' which could not be parsed",
        "rejection_keywords": "500 kW",
        "timestamp": "2026-04-24T03:47:34.264029",
        "element_type": "node",
        "element_id": 1789674096,
        "country": "New Zealand",
        "unit_type": "generator"
      }
    },
    {
      "type": "Feature",
      "geometry": {
        "type": "Point",
        "coordinates": [
          175.7255681,
          -40.3904638
        ]
      },
      "properties": {
        "label": "Rejected node 1789674060",
        "type": "Capacity regex no match",
        "osm_element": "https://www.openstreetmap.org/node/1789674060",
        "rejection_reason": "Capacity regex no match",
        "rejection_details": "Tag 'generator:output:electricity' has value '500 kW' which could not be parsed",
        "rejection_keywords": "500 kW",
        "timestamp": "2026-04-24T03:47:34.264047",
        "element_type": "node",
        "element_id": 1789674060,
        "country": "New Zealand",
        "unit_type": "generator"
      }
    },
    {
      "type": "Feature",
      "geometry": {
        "type": "Point",
        "coordinates": [
          175.7262706,
          -40.3902109
        ]
      },
      "properties": {
        "label": "Rejected node 1789674044",
        "type": "Capacity regex no match",
        "osm_element": "https://www.openstreetmap.org/node/1789674044",
        "rejection_reason": "Capacity regex no match",
        "rejection_details": "Tag 'generator:output:electricity' has value '500 kW' which could not be parsed",
        "rejection_keywords": "500 kW",
        "timestamp": "2026-04-24T03:47:34.264064",
        "element_type": "node",
        "element_id": 1789674044,
        "country": "New Zealand",
        "unit_type": "generator"
      }
    },
    {
      "type": "Feature",
      "geometry": {
        "type": "Point",
        "coordinates": [
          175.7268449,
          -40.3897447
        ]
      },
      "properties": {
        "label": "Rejected node 1789674030",
        "type": "Capacity regex no match",
        "osm_element": "https://www.openstreetmap.org/node/1789674030",
        "rejection_reason": "Capacity regex no match",
        "rejection_details": "Tag 'generator:output:electricity' has value '500 kW' which could not be parsed",
        "rejection_keywords": "500 kW",
        "timestamp": "2026-04-24T03:47:34.264081",
        "element_type": "node",
        "element_id": 1789674030,
        "country": "New Zealand",
        "unit_type": "generator"
      }
    },
    {
      "type": "Feature",
      "geometry": {
        "type": "Point",
        "coordinates": [
          175.7273491,
          -40.3892385
        ]
      },
      "properties": {
        "label": "Rejected node 1789674099",
        "type": "Capacity regex no match",
        "osm_element": "https://www.openstreetmap.org/node/1789674099",
        "rejection_reason": "Capacity regex no match",
        "rejection_details": "Tag 'generator:output:electricity' has value '500 kW' which could not be parsed",
        "rejection_keywords": "500 kW",
        "timestamp": "2026-04-24T03:47:34.264099",
        "element_type": "node",
        "element_id": 1789674099,
        "country": "New Zealand",
        "unit_type": "generator"
      }
    },
    {
      "type": "Feature",
      "geometry": {
        "type": "Point",
        "coordinates": [
          175.7275851,
          -40.3886742
        ]
      },
      "properties": {
        "label": "Rejected node 1789674077",
        "type": "Capacity regex no match",
        "osm_element": "https://www.openstreetmap.org/node/1789674077",
        "rejection_reason": "Capacity regex no match",
        "rejection_details": "Tag 'generator:output:electricity' has value '500 kW' which could not be parsed",
        "rejection_keywords": "500 kW",
        "timestamp": "2026-04-24T03:47:34.264117",
        "element_type": "node",
        "element_id": 1789674077,
        "country": "New Zealand",
        "unit_type": "generator"
      }
    },
    {
      "type": "Feature",
      "geometry": {
        "type": "Point",
        "coordinates": [
          175.7278534,
          -40.3880781
        ]
      },
      "properties": {
        "label": "Rejected node 1789674112",
        "type": "Capacity regex no match",
        "osm_element": "https://www.openstreetmap.org/node/1789674112",
        "rejection_reason": "Capacity regex no match",
        "rejection_details": "Tag 'generator:output:electricity' has value '500 kW' which could not be parsed",
        "rejection_keywords": "500 kW",
        "timestamp": "2026-04-24T03:47:34.264135",
        "element_type": "node",
        "element_id": 1789674112,
        "country": "New Zealand",
        "unit_type": "generator"
      }
    },
    {
      "type": "Feature",
      "geometry": {
        "type": "Point",
        "coordinates": [
          175.7280465,
          -40.3874566
        ]
      },
      "properties": {
        "label": "Rejected node 1789674052",
        "type": "Capacity regex no match",
        "osm_element": "https://www.openstreetmap.org/node/1789674052",
        "rejection_reason": "Capacity regex no match",
        "rejection_details": "Tag 'generator:output:electricity' has value '500 kW' which could not be parsed",
        "rejection_keywords": "500 kW",
        "timestamp": "2026-04-24T03:47:34.264152",
        "element_type": "node",
        "element_id": 1789674052,
        "country": "New Zealand",
        "unit_type": "generator"
      }
    },
    {
      "type": "Feature",
      "geometry": {
        "type": "Point",
        "coordinates": [
          175.7282503,
          -40.3869009
        ]
      },
      "properties": {
        "label": "Rejected node 1789674047",
        "type": "Capacity regex no match",
        "osm_element": "https://www.openstreetmap.org/node/1789674047",
        "rejection_reason": "Capacity regex no match",
        "rejection_details": "Tag 'generator:output:electricity' has value '500 kW' which could not be parsed",
        "rejection_keywords": "500 kW",
        "timestamp": "2026-04-24T03:47:34.264169",
        "element_type": "node",
        "element_id": 1789674047,
        "country": "New Zealand",
        "unit_type": "generator"
      }
    },
    {
      "type": "Feature",
      "geometry": {
        "type": "Point",
        "coordinates": [
          175.7283898,
          -40.3862231
        ]
      },
      "properties": {
        "label": "Rejected node 1789674056",
        "type": "Capacity regex no match",
        "osm_element": "https://www.openstreetmap.org/node/1789674056",
        "rejection_reason": "Capacity regex no match",
        "rejection_details": "Tag 'generator:output:electricity' has value '500 kW' which could not be parsed",
        "rejection_keywords": "500 kW",
        "timestamp": "2026-04-24T03:47:34.264187",
        "element_type": "node",
        "element_id": 1789674056,
        "country": "New Zealand",
        "unit_type": "generator"
      }
    },
    {
      "type": "Feature",
      "geometry": {
        "type": "Point",
        "coordinates": [
          175.7286795,
          -40.3856506
        ]
      },
      "properties": {
        "label": "Rejected node 1789674105",
        "type": "Capacity regex no match",
        "osm_element": "https://www.openstreetmap.org/node/1789674105",
        "rejection_reason": "Capacity regex no match",
        "rejection_details": "Tag 'generator:output:electricity' has value '500 kW' which could not be parsed",
        "rejection_keywords": "500 kW",
        "timestamp": "2026-04-24T03:47:34.264203",
        "element_type": "node",
        "element_id": 1789674105,
        "country": "New Zealand",
        "unit_type": "generator"
      }
    },
    {
      "type": "Feature",
      "geometry": {
        "type": "Point",
        "coordinates": [
          175.7289906,
          -40.3850949
        ]
      },
      "properties": {
        "label": "Rejected node 1789674118",
        "type": "Capacity regex no match",
        "osm_element": "https://www.openstreetmap.org/node/1789674118",
        "rejection_reason": "Capacity regex no match",
        "rejection_details": "Tag 'generator:output:electricity' has value '500 kW' which could not be parsed",
        "rejection_keywords": "500 kW",
        "timestamp": "2026-04-24T03:47:34.264221",
        "element_type": "node",
        "element_id": 1789674118,
        "country": "New Zealand",
        "unit_type": "generator"
      }
    },
    {
      "type": "Feature",
      "geometry": {
        "type": "Point",
        "coordinates": [
          175.7179292,
          -40.3886334
        ]
      },
      "properties": {
        "label": "Rejected node 1789674045",
        "type": "Missing output tag",
        "osm_element": "https://www.openstreetmap.org/node/1789674045",
        "rejection_reason": "Missing output tag",
        "rejection_details": "tags: {'generator:method': 'wind_turbine', 'generator:source': 'wind', 'power': 'generator'}",
        "rejection_keywords": "none",
        "timestamp": "2026-04-24T03:47:34.264378",
        "element_type": "node",
        "element_id": 1789674045,
        "country": "New Zealand",
        "unit_type": "generator"
      }
    },
    {
      "type": "Feature",
      "geometry": {
        "type": "Point",
        "coordinates": [
          175.7185729,
          -40.3882738
        ]
      },
      "properties": {
        "label": "Rejected node 1789674078",
        "type": "Missing output tag",
        "osm_element": "https://www.openstreetmap.org/node/1789674078",
        "rejection_reason": "Missing output tag",
        "rejection_details": "tags: {'generator:method': 'wind_turbine', 'generator:source': 'wind', 'power': 'generator'}",
        "rejection_keywords": "none",
        "timestamp": "2026-04-24T03:47:34.264528",
        "element_type": "node",
        "element_id": 1789674078,
        "country": "New Zealand",
        "unit_type": "generator"
      }
    },
    {
      "type": "Feature",
      "geometry": {
        "type": "Point",
        "coordinates": [
          175.7192917,
          -40.3879061
        ]
      },
      "properties": {
        "label": "Rejected node 1789674063",
        "type": "Missing output tag",
        "osm_element": "https://www.openstreetmap.org/node/1789674063",
        "rejection_reason": "Missing output tag",
        "rejection_details": "tags: {'generator:method': 'wind_turbine', 'generator:source': 'wind', 'power': 'generator'}",
        "rejection_keywords": "none",
        "timestamp": "2026-04-24T03:47:34.264679",
        "element_type": "node",
        "element_id": 1789674063,
        "country": "New Zealand",
        "unit_type": "generator"
      }
    },
    {
      "type": "Feature",
      "geometry": {
        "type": "Point",
        "coordinates": [
          175.7198818,
          -40.3875138
        ]
      },
      "properties": {
        "label": "Rejected node 1789674108",
        "type": "Missing output tag",
        "osm_element": "https://www.openstreetmap.org/node/1789674108",
        "rejection_reason": "Missing output tag",
        "rejection_details": "tags: {'generator:method': 'wind_turbine', 'generator:source': 'wind', 'power': 'generator'}",
        "rejection_keywords": "none",
        "timestamp": "2026-04-24T03:47:34.264828",
        "element_type": "node",
        "element_id": 1789674108,
        "country": "New Zealand",
        "unit_type": "generator"
      }
    },
    {
      "type": "Feature",
      "geometry": {
        "type": "Point",
        "coordinates": [
          175.720193,
          -40.3869831
        ]
      },
      "properties": {
        "label": "Rejected node 1789674094",
        "type": "Missing output tag",
        "osm_element": "https://www.openstreetmap.org/node/1789674094",
        "rejection_reason": "Missing output tag",
        "rejection_details": "tags: {'generator:method': 'wind_turbine', 'generator:source': 'wind', 'power': 'generator'}",
        "rejection_keywords": "none",
        "timestamp": "2026-04-24T03:47:34.264992",
        "element_type": "node",
        "element_id": 1789674094,
        "country": "New Zealand",
        "unit_type": "generator"
      }
    },
    {
      "type": "Feature",
      "geometry": {
        "type": "Point",
        "coordinates": [
          175.7156976,
          -40.3873747
        ]
      },
      "properties": {
        "label": "Rejected node 1913903474",
        "type": "Missing output tag",
        "osm_element": "https://www.openstreetmap.org/node/1913903474",
        "rejection_reason": "Missing output tag",
        "rejection_details": "tags: {'generator:method': 'wind_turbine', 'generator:source': 'wind', 'power': 'generator'}",
        "rejection_keywords": "none",
        "timestamp": "2026-04-24T03:47:34.265143",
        "element_type": "node",
        "element_id": 1913903474,
        "country": "New Zealand",
        "unit_type": "generator"
      }
    },
    {
      "type": "Feature",
      "geometry": {
        "type": "Point",
        "coordinates": [
          175.7160034,
          -40.3868846
        ]
      },
      "properties": {
        "label": "Rejected node 1789674098",
        "type": "Missing output tag",
        "osm_element": "https://www.openstreetmap.org/node/1789674098",
        "rejection_reason": "Missing output tag",
        "rejection_details": "tags: {'generator:method': 'wind_turbine', 'generator:source': 'wind', 'power': 'generator'}",
        "rejection_keywords": "none",
        "timestamp": "2026-04-24T03:47:34.265292",
        "element_type": "node",
        "element_id": 1789674098,
        "country": "New Zealand",
        "unit_type": "generator"
      }
    },
    {
      "type": "Feature",
      "geometry": {
        "type": "Point",
        "coordinates": [
          175.7233472,
          -40.383485
        ]
      },
      "properties": {
        "label": "Rejected node 1789674086",
        "type": "Capacity regex no match",
        "osm_element": "https://www.openstreetmap.org/node/1789674086",
        "rejection_reason": "Capacity regex no match",
        "rejection_details": "Tag 'generator:output:electricity' has value '500 kW' which could not be parsed",
        "rejection_keywords": "500 kW",
        "timestamp": "2026-04-24T03:47:34.265307",
        "element_type": "node",
        "element_id": 1789674086,
        "country": "New Zealand",
        "unit_type": "generator"
      }
    },
    {
      "type": "Feature",
      "geometry": {
        "type": "Point",
        "coordinates": [
          175.7236584,
          -40.3829701
        ]
      },
      "properties": {
        "label": "Rejected node 1789674097",
        "type": "Capacity regex no match",
        "osm_element": "https://www.openstreetmap.org/node/1789674097",
        "rejection_reason": "Capacity regex no match",
        "rejection_details": "Tag 'generator:output:electricity' has value '500 kW' which could not be parsed",
        "rejection_keywords": "500 kW",
        "timestamp": "2026-04-24T03:47:34.265327",
        "element_type": "node",
        "element_id": 1789674097,
        "country": "New Zealand",
        "unit_type": "generator"
      }
    },
    {
      "type": "Feature",
      "geometry": {
        "type": "Point",
        "coordinates": [
          175.724109,
          -40.3824797
        ]
      },
      "properties": {
        "label": "Rejected node 1789674040",
        "type": "Capacity regex no match",
        "osm_element": "https://www.openstreetmap.org/node/1789674040",
        "rejection_reason": "Capacity regex no match",
        "rejection_details": "Tag 'generator:output:electricity' has value '500 kW' which could not be parsed",
        "rejection_keywords": "500 kW",
        "timestamp": "2026-04-24T03:47:34.265347",
        "element_type": "node",
        "element_id": 1789674040,
        "country": "New Zealand",
        "unit_type": "generator"
      }
    },
    {
      "type": "Feature",
      "geometry": {
        "type": "Point",
        "coordinates": [
          175.7245274,
          -40.3820057
        ]
      },
      "properties": {
        "label": "Rejected node 1789674034",
        "type": "Capacity regex no match",
        "osm_element": "https://www.openstreetmap.org/node/1789674034",
        "rejection_reason": "Capacity regex no match",
        "rejection_details": "Tag 'generator:output:electricity' has value '500 kW' which could not be parsed",
        "rejection_keywords": "500 kW",
        "timestamp": "2026-04-24T03:47:34.265366",
        "element_type": "node",
        "element_id": 1789674034,
        "country": "New Zealand",
        "unit_type": "generator"
      }
    },
    {
      "type": "Feature",
      "geometry": {
        "type": "Point",
        "coordinates": [
          175.7249566,
          -40.3815399
        ]
      },
      "properties": {
        "label": "Rejected node 1789674075",
        "type": "Capacity regex no match",
        "osm_element": "https://www.openstreetmap.org/node/1789674075",
        "rejection_reason": "Capacity regex no match",
        "rejection_details": "Tag 'generator:output:electricity' has value '500 kW' which could not be parsed",
        "rejection_keywords": "500 kW",
        "timestamp": "2026-04-24T03:47:34.265384",
        "element_type": "node",
        "element_id": 1789674075,
        "country": "New Zealand",
        "unit_type": "generator"
      }
    },
    {
      "type": "Feature",
      "geometry": {
        "type": "Point",
        "coordinates": [
          175.7254286,
          -40.3810822
        ]
      },
      "properties": {
        "label": "Rejected node 1789674095",
        "type": "Capacity regex no match",
        "osm_element": "https://www.openstreetmap.org/node/1789674095",
        "rejection_reason": "Capacity regex no match",
        "rejection_details": "Tag 'generator:output:electricity' has value '500 kW' which could not be parsed",
        "rejection_keywords": "500 kW",
        "timestamp": "2026-04-24T03:47:34.265402",
        "element_type": "node",
        "element_id": 1789674095,
        "country": "New Zealand",
        "unit_type": "generator"
      }
    },
    {
      "type": "Feature",
      "geometry": {
        "type": "Point",
        "coordinates": [
          175.7258793,
          -40.3805755
        ]
      },
      "properties": {
        "label": "Rejected node 1789674117",
        "type": "Capacity regex no match",
        "osm_element": "https://www.openstreetmap.org/node/1789674117",
        "rejection_reason": "Capacity regex no match",
        "rejection_details": "Tag 'generator:output:electricity' has value '500 kW' which could not be parsed",
        "rejection_keywords": "500 kW",
        "timestamp": "2026-04-24T03:47:34.265419",
        "element_type": "node",
        "element_id": 1789674117,
        "country": "New Zealand",
        "unit_type": "generator"
      }
    },
    {
      "type": "Feature",
      "geometry": {
        "type": "Point",
        "coordinates": [
          175.726287,
          -40.380126
        ]
      },
      "properties": {
        "label": "Rejected node 1789674109",
        "type": "Capacity regex no match",
        "osm_element": "https://www.openstreetmap.org/node/1789674109",
        "rejection_reason": "Capacity regex no match",
        "rejection_details": "Tag 'generator:output:electricity' has value '500 kW' which could not be parsed",
        "rejection_keywords": "500 kW",
        "timestamp": "2026-04-24T03:47:34.265436",
        "element_type": "node",
        "element_id": 1789674109,
        "country": "New Zealand",
        "unit_type": "generator"
      }
    },
    {
      "type": "Feature",
      "geometry": {
        "type": "Point",
        "coordinates": [
          175.7267805,
          -40.3796275
        ]
      },
      "properties": {
        "label": "Rejected node 1789674032",
        "type": "Capacity regex no match",
        "osm_element": "https://www.openstreetmap.org/node/1789674032",
        "rejection_reason": "Capacity regex no match",
        "rejection_details": "Tag 'generator:output:electricity' has value '500 kW' which could not be parsed",
        "rejection_keywords": "500 kW",
        "timestamp": "2026-04-24T03:47:34.265454",
        "element_type": "node",
        "element_id": 1789674032,
        "country": "New Zealand",
        "unit_type": "generator"
      }
    },
    {
      "type": "Feature",
      "geometry": {
        "type": "Point",
        "coordinates": [
          175.7211693,
          -40.381687
        ]
      },
      "properties": {
        "label": "Rejected node 1789674091",
        "type": "Capacity regex no match",
        "osm_element": "https://www.openstreetmap.org/node/1789674091",
        "rejection_reason": "Capacity regex no match",
        "rejection_details": "Tag 'generator:output:electricity' has value '500 kW' which could not be parsed",
        "rejection_keywords": "500 kW",
        "timestamp": "2026-04-24T03:47:34.265472",
        "element_type": "node",
        "element_id": 1789674091,
        "country": "New Zealand",
        "unit_type": "generator"
      }
    },
    {
      "type": "Feature",
      "geometry": {
        "type": "Point",
        "coordinates": [
          175.7206436,
          -40.3824879
        ]
      },
      "properties": {
        "label": "Rejected node 1789674022",
        "type": "Capacity regex no match",
        "osm_element": "https://www.openstreetmap.org/node/1789674022",
        "rejection_reason": "Capacity regex no match",
        "rejection_details": "Tag 'generator:output:electricity' has value '500 kW' which could not be parsed",
        "rejection_keywords": "500 kW",
        "timestamp": "2026-04-24T03:47:34.265491",
        "element_type": "node",
        "element_id": 1789674022,
        "country": "New Zealand",
        "unit_type": "generator"
      }
    },
    {
      "type": "Feature",
      "geometry": {
        "type": "Point",
        "coordinates": [
          175.7427557,
          -40.4050892
        ]
      },
      "properties": {
        "label": "Rejected node 1913903532",
        "type": "Missing output tag",
        "osm_element": "https://www.openstreetmap.org/node/1913903532",
        "rejection_reason": "Missing output tag",
        "rejection_details": "tags: {'generator:method': 'wind_turbine', 'generator:source': 'wind', 'power': 'generator'}",
        "rejection_keywords": "none",
        "timestamp": "2026-04-24T03:47:34.265645",
        "element_type": "node",
        "element_id": 1913903532,
        "country": "New Zealand",
        "unit_type": "generator"
      }
    },
    {
      "type": "Feature",
      "geometry": {
        "type": "Point",
        "coordinates": [
          175.742112,
          -40.4037987
        ]
      },
      "properties": {
        "label": "Rejected node 1913903512",
        "type": "Missing output tag",
        "osm_element": "https://www.openstreetmap.org/node/1913903512",
        "rejection_reason": "Missing output tag",
        "rejection_details": "tags: {'generator:method': 'wind_turbine', 'generator:source': 'wind', 'power': 'generator'}",
        "rejection_keywords": "none",
        "timestamp": "2026-04-24T03:47:34.265796",
        "element_type": "node",
        "element_id": 1913903512,
        "country": "New Zealand",
        "unit_type": "generator"
      }
    },
    {
      "type": "Feature",
      "geometry": {
        "type": "Point",
        "coordinates": [
          175.7419511,
          -40.4026627
        ]
      },
      "properties": {
        "label": "Rejected node 1913903482",
        "type": "Missing output tag",
        "osm_element": "https://www.openstreetmap.org/node/1913903482",
        "rejection_reason": "Missing output tag",
        "rejection_details": "tags: {'generator:method': 'wind_turbine', 'generator:source': 'wind', 'power': 'generator'}",
        "rejection_keywords": "none",
        "timestamp": "2026-04-24T03:47:34.265958",
        "element_type": "node",
        "element_id": 1913903482,
        "country": "New Zealand",
        "unit_type": "generator"
      }
    },
    {
      "type": "Feature",
      "geometry": {
        "type": "Point",
        "coordinates": [
          175.7412966,
          -40.401552
        ]
      },
      "properties": {
        "label": "Rejected node 1913903497",
        "type": "Missing output tag",
        "osm_element": "https://www.openstreetmap.org/node/1913903497",
        "rejection_reason": "Missing output tag",
        "rejection_details": "tags: {'generator:method': 'wind_turbine', 'generator:source': 'wind', 'power': 'generator'}",
        "rejection_keywords": "none",
        "timestamp": "2026-04-24T03:47:34.266122",
        "element_type": "node",
        "element_id": 1913903497,
        "country": "New Zealand",
        "unit_type": "generator"
      }
    },
    {
      "type": "Feature",
      "geometry": {
        "type": "Point",
        "coordinates": [
          175.7415112,
          -40.400612
        ]
      },
      "properties": {
        "label": "Rejected node 1913903531",
        "type": "Missing output tag",
        "osm_element": "https://www.openstreetmap.org/node/1913903531",
        "rejection_reason": "Missing output tag",
        "rejection_details": "tags: {'generator:method': 'wind_turbine', 'generator:source': 'wind', 'power': 'generator'}",
        "rejection_keywords": "none",
        "timestamp": "2026-04-24T03:47:34.266272",
        "element_type": "node",
        "element_id": 1913903531,
        "country": "New Zealand",
        "unit_type": "generator"
      }
    },
    {
      "type": "Feature",
      "geometry": {
        "type": "Point",
        "coordinates": [
          175.7418652,
          -40.399942
        ]
      },
      "properties": {
        "label": "Rejected node 1913903484",
        "type": "Missing output tag",
        "osm_element": "https://www.openstreetmap.org/node/1913903484",
        "rejection_reason": "Missing output tag",
        "rejection_details": "tags: {'generator:method': 'wind_turbine', 'generator:source': 'wind', 'power': 'generator'}",
        "rejection_keywords": "none",
        "timestamp": "2026-04-24T03:47:34.266434",
        "element_type": "node",
        "element_id": 1913903484,
        "country": "New Zealand",
        "unit_type": "generator"
      }
    },
    {
      "type": "Feature",
      "geometry": {
        "type": "Point",
        "coordinates": [
          175.7441612,
          -40.4005552
        ]
      },
      "properties": {
        "label": "Rejected node 1913903527",
        "type": "Missing output tag",
        "osm_element": "https://www.openstreetmap.org/node/1913903527",
        "rejection_reason": "Missing output tag",
        "rejection_details": "tags: {'generator:method': 'wind_turbine', 'generator:source': 'wind', 'power': 'generator'}",
        "rejection_keywords": "none",
        "timestamp": "2026-04-24T03:47:34.266583",
        "element_type": "node",
        "element_id": 1913903527,
        "country": "New Zealand",
        "unit_type": "generator"
      }
    },
    {
      "type": "Feature",
      "geometry": {
        "type": "Point",
        "coordinates": [
          175.7446547,
          -40.399844
        ]
      },
      "properties": {
        "label": "Rejected node 1913903476",
        "type": "Missing output tag",
        "osm_element": "https://www.openstreetmap.org/node/1913903476",
        "rejection_reason": "Missing output tag",
        "rejection_details": "tags: {'generator:method': 'wind_turbine', 'generator:source': 'wind', 'power': 'generator'}",
        "rejection_keywords": "none",
        "timestamp": "2026-04-24T03:47:34.266730",
        "element_type": "node",
        "element_id": 1913903476,
        "country": "New Zealand",
        "unit_type": "generator"
      }
    },
    {
      "type": "Feature",
      "geometry": {
        "type": "Point",
        "coordinates": [
          175.7481309,
          -40.3991826
        ]
      },
      "properties": {
        "label": "Rejected node 1913903478",
        "type": "Missing output tag",
        "osm_element": "https://www.openstreetmap.org/node/1913903478",
        "rejection_reason": "Missing output tag",
        "rejection_details": "tags: {'generator:method': 'wind_turbine', 'generator:source': 'wind', 'power': 'generator'}",
        "rejection_keywords": "none",
        "timestamp": "2026-04-24T03:47:34.266879",
        "element_type": "node",
        "element_id": 1913903478,
        "country": "New Zealand",
        "unit_type": "generator"
      }
    },
    {
      "type": "Feature",
      "geometry": {
        "type": "Point",
        "coordinates": [
          175.7448264,
          -40.3990682
        ]
      },
      "properties": {
        "label": "Rejected node 1913903514",
        "type": "Missing output tag",
        "osm_element": "https://www.openstreetmap.org/node/1913903514",
        "rejection_reason": "Missing output tag",
        "rejection_details": "tags: {'generator:method': 'wind_turbine', 'generator:source': 'wind', 'power': 'generator'}",
        "rejection_keywords": "none",
        "timestamp": "2026-04-24T03:47:34.267039",
        "element_type": "node",
        "element_id": 1913903514,
        "country": "New Zealand",
        "unit_type": "generator"
      }
    },
    {
      "type": "Feature",
      "geometry": {
        "type": "Point",
        "coordinates": [
          175.7457062,
          -40.3983569
        ]
      },
      "properties": {
        "label": "Rejected node 1913903529",
        "type": "Missing output tag",
        "osm_element": "https://www.openstreetmap.org/node/1913903529",
        "rejection_reason": "Missing output tag",
        "rejection_details": "tags: {'generator:method': 'wind_turbine', 'generator:source': 'wind', 'power': 'generator'}",
        "rejection_keywords": "none",
        "timestamp": "2026-04-24T03:47:34.267189",
        "element_type": "node",
        "element_id": 1913903529,
        "country": "New Zealand",
        "unit_type": "generator"
      }
    },
    {
      "type": "Feature",
      "geometry": {
        "type": "Point",
        "coordinates": [
          175.7461031,
          -40.3974177
        ]
      },
      "properties": {
        "label": "Rejected node 1913903472",
        "type": "Missing output tag",
        "osm_element": "https://www.openstreetmap.org/node/1913903472",
        "rejection_reason": "Missing output tag",
        "rejection_details": "tags: {'generator:method': 'wind_turbine', 'generator:source': 'wind', 'power': 'generator'}",
        "rejection_keywords": "none",
        "timestamp": "2026-04-24T03:47:34.267336",
        "element_type": "node",
        "element_id": 1913903472,
        "country": "New Zealand",
        "unit_type": "generator"
      }
    },
    {
      "type": "Feature",
      "geometry": {
        "type": "Point",
        "coordinates": [
          175.7425519,
          -40.399223
        ]
      },
      "properties": {
        "label": "Rejected node 1913903517",
        "type": "Missing output tag",
        "osm_element": "https://www.openstreetmap.org/node/1913903517",
        "rejection_reason": "Missing output tag",
        "rejection_details": "tags: {'generator:method': 'wind_turbine', 'generator:source': 'wind', 'power': 'generator'}",
        "rejection_keywords": "none",
        "timestamp": "2026-04-24T03:47:34.267485",
        "element_type": "node",
        "element_id": 1913903517,
        "country": "New Zealand",
        "unit_type": "generator"
      }
    },
    {
      "type": "Feature",
      "geometry": {
        "type": "Point",
        "coordinates": [
          175.7418545,
          -40.3978099
        ]
      },
      "properties": {
        "label": "Rejected node 1913903470",
        "type": "Missing output tag",
        "osm_element": "https://www.openstreetmap.org/node/1913903470",
        "rejection_reason": "Missing output tag",
        "rejection_details": "tags: {'generator:method': 'wind_turbine', 'generator:source': 'wind', 'power': 'generator'}",
        "rejection_keywords": "none",
        "timestamp": "2026-04-24T03:47:34.267634",
        "element_type": "node",
        "element_id": 1913903470,
        "country": "New Zealand",
        "unit_type": "generator"
      }
    },
    {
      "type": "Feature",
      "geometry": {
        "type": "Point",
        "coordinates": [
          175.737563,
          -40.395873
        ]
      },
      "properties": {
        "label": "Rejected node 1913903499",
        "type": "Missing output tag",
        "osm_element": "https://www.openstreetmap.org/node/1913903499",
        "rejection_reason": "Missing output tag",
        "rejection_details": "tags: {'generator:method': 'wind_turbine', 'generator:source': 'wind', 'power': 'generator'}",
        "rejection_keywords": "none",
        "timestamp": "2026-04-24T03:47:34.267783",
        "element_type": "node",
        "element_id": 1913903499,
        "country": "New Zealand",
        "unit_type": "generator"
      }
    },
    {
      "type": "Feature",
      "geometry": {
        "type": "Point",
        "coordinates": [
          175.7351275,
          -40.3958812
        ]
      },
      "properties": {
        "label": "Rejected node 1913903515",
        "type": "Missing output tag",
        "osm_element": "https://www.openstreetmap.org/node/1913903515",
        "rejection_reason": "Missing output tag",
        "rejection_details": "tags: {'generator:method': 'wind_turbine', 'generator:source': 'wind', 'power': 'generator'}",
        "rejection_keywords": "none",
        "timestamp": "2026-04-24T03:47:34.267934",
        "element_type": "node",
        "element_id": 1913903515,
        "country": "New Zealand",
        "unit_type": "generator"
      }
    },
    {
      "type": "Feature",
      "geometry": {
        "type": "Point",
        "coordinates": [
          175.7326833,
          -40.3964709
        ]
      },
      "properties": {
        "label": "Rejected node 2436325304",
        "type": "Missing output tag",
        "osm_element": "https://www.openstreetmap.org/node/2436325304",
        "rejection_reason": "Missing output tag",
        "rejection_details": "tags: {'LINZ:dataset': 'mainland', 'LINZ:layer': 'windmill_pnt', 'LINZ:source_version': '2012-06-06', 'attribution': 'http://wiki.osm.org/wiki/Attribution#LINZ', 'generator:method': 'wind_turbine', 'generator:source': 'wind', 'power': 'generator', 'source_ref': 'http://www.linz.govt.nz/topography/topo-maps/'}",
        "rejection_keywords": "none",
        "timestamp": "2026-04-24T03:47:34.268097",
        "element_type": "node",
        "element_id": 2436325304,
        "country": "New Zealand",
        "unit_type": "generator"
      }
    },
    {
      "type": "Feature",
      "geometry": {
        "type": "Point",
        "coordinates": [
          175.7814896,
          -40.3422568
        ]
      },
      "properties": {
        "label": "Rejected node 2436325174",
        "type": "Capacity regex no match",
        "osm_element": "https://www.openstreetmap.org/node/2436325174",
        "rejection_reason": "Capacity regex no match",
        "rejection_details": "Tag 'generator:output:electricity' has value '660 kW' which could not be parsed",
        "rejection_keywords": "660 kW",
        "timestamp": "2026-04-24T03:47:34.278857",
        "element_type": "node",
        "element_id": 2436325174,
        "country": "New Zealand",
        "unit_type": "generator"
      }
    },
    {
      "type": "Feature",
      "geometry": {
        "type": "Point",
        "coordinates": [
          175.778835,
          -40.3432398
        ]
      },
      "properties": {
        "label": "Rejected node 1785949102",
        "type": "Capacity regex no match",
        "osm_element": "https://www.openstreetmap.org/node/1785949102",
        "rejection_reason": "Capacity regex no match",
        "rejection_details": "Tag 'generator:output:electricity' has value '660 kW' which could not be parsed",
        "rejection_keywords": "660 kW",
        "timestamp": "2026-04-24T03:47:34.278887",
        "element_type": "node",
        "element_id": 1785949102,
        "country": "New Zealand",
        "unit_type": "generator"
      }
    },
    {
      "type": "Feature",
      "geometry": {
        "type": "Point",
        "coordinates": [
          175.7780298,
          -40.3412445
        ]
      },
      "properties": {
        "label": "Rejected node 1785948859",
        "type": "Capacity regex no match",
        "osm_element": "https://www.openstreetmap.org/node/1785948859",
        "rejection_reason": "Capacity regex no match",
        "rejection_details": "Tag 'generator:output:electricity' has value '660 kW' which could not be parsed",
        "rejection_keywords": "660 kW",
        "timestamp": "2026-04-24T03:47:34.278909",
        "element_type": "node",
        "element_id": 1785948859,
        "country": "New Zealand",
        "unit_type": "generator"
      }
    },
    {
      "type": "Feature",
      "geometry": {
        "type": "Point",
        "coordinates": [
          175.7770422,
          -40.34472
        ]
      },
      "properties": {
        "label": "Rejected node 2436325192",
        "type": "Capacity regex no match",
        "osm_element": "https://www.openstreetmap.org/node/2436325192",
        "rejection_reason": "Capacity regex no match",
        "rejection_details": "Tag 'generator:output:electricity' has value '660 kW' which could not be parsed",
        "rejection_keywords": "660 kW",
        "timestamp": "2026-04-24T03:47:34.278929",
        "element_type": "node",
        "element_id": 2436325192,
        "country": "New Zealand",
        "unit_type": "generator"
      }
    },
    {
      "type": "Feature",
      "geometry": {
        "type": "Point",
        "coordinates": [
          175.7746608,
          -40.3441746
        ]
      },
      "properties": {
        "label": "Rejected node 2436325186",
        "type": "Missing output tag",
        "osm_element": "https://www.openstreetmap.org/node/2436325186",
        "rejection_reason": "Missing output tag",
        "rejection_details": "tags: {'generator:method': 'wind_turbine', 'generator:source': 'wind', 'power': 'generator', 'source': 'LINZ'}",
        "rejection_keywords": "none",
        "timestamp": "2026-04-24T03:47:34.279101",
        "element_type": "node",
        "element_id": 2436325186,
        "country": "New Zealand",
        "unit_type": "generator"
      }
    },
    {
      "type": "Feature",
      "geometry": {
        "type": "Point",
        "coordinates": [
          175.7765921,
          -40.3458883
        ]
      },
      "properties": {
        "label": "Rejected node 1785948940",
        "type": "Capacity regex no match",
        "osm_element": "https://www.openstreetmap.org/node/1785948940",
        "rejection_reason": "Capacity regex no match",
        "rejection_details": "Tag 'generator:output:electricity' has value '660 kW' which could not be parsed",
        "rejection_keywords": "660 kW",
        "timestamp": "2026-04-24T03:47:34.279119",
        "element_type": "node",
        "element_id": 1785948940,
        "country": "New Zealand",
        "unit_type": "generator"
      }
    },
    {
      "type": "Feature",
      "geometry": {
        "type": "Point",
        "coordinates": [
          175.7798764,
          -40.3460995
        ]
      },
      "properties": {
        "label": "Rejected node 2436325201",
        "type": "Capacity regex no match",
        "osm_element": "https://www.openstreetmap.org/node/2436325201",
        "rejection_reason": "Capacity regex no match",
        "rejection_details": "Tag 'generator:output:electricity' has value '660 kW' which could not be parsed",
        "rejection_keywords": "660 kW",
        "timestamp": "2026-04-24T03:47:34.279140",
        "element_type": "node",
        "element_id": 2436325201,
        "country": "New Zealand",
        "unit_type": "generator"
      }
    },
    {
      "type": "Feature",
      "geometry": {
        "type": "Point",
        "coordinates": [
          175.7807946,
          -40.345294
        ]
      },
      "properties": {
        "label": "Rejected node 2436325198",
        "type": "Capacity regex no match",
        "osm_element": "https://www.openstreetmap.org/node/2436325198",
        "rejection_reason": "Capacity regex no match",
        "rejection_details": "Tag 'generator:output:electricity' has value '660 kW' which could not be parsed",
        "rejection_keywords": "660 kW",
        "timestamp": "2026-04-24T03:47:34.279159",
        "element_type": "node",
        "element_id": 2436325198,
        "country": "New Zealand",
        "unit_type": "generator"
      }
    },
    {
      "type": "Feature",
      "geometry": {
        "type": "Point",
        "coordinates": [
          175.7815362,
          -40.3444256
        ]
      },
      "properties": {
        "label": "Rejected node 2436325188",
        "type": "Capacity regex no match",
        "osm_element": "https://www.openstreetmap.org/node/2436325188",
        "rejection_reason": "Capacity regex no match",
        "rejection_details": "Tag 'generator:output:electricity' has value '660 kW' which could not be parsed",
        "rejection_keywords": "660 kW",
        "timestamp": "2026-04-24T03:47:34.279177",
        "element_type": "node",
        "element_id": 2436325188,
        "country": "New Zealand",
        "unit_type": "generator"
      }
    },
    {
      "type": "Feature",
      "geometry": {
        "type": "Point",
        "coordinates": [
          175.7841882,
          -40.3451197
        ]
      },
      "properties": {
        "label": "Rejected node 2436325195",
        "type": "Capacity regex no match",
        "osm_element": "https://www.openstreetmap.org/node/2436325195",
        "rejection_reason": "Capacity regex no match",
        "rejection_details": "Tag 'generator:output:electricity' has value '660 kW' which could not be parsed",
        "rejection_keywords": "660 kW",
        "timestamp": "2026-04-24T03:47:34.279195",
        "element_type": "node",
        "element_id": 2436325195,
        "country": "New Zealand",
        "unit_type": "generator"
      }
    },
    {
      "type": "Feature",
      "geometry": {
        "type": "Point",
        "coordinates": [
          175.7853749,
          -40.3441729
        ]
      },
      "properties": {
        "label": "Rejected node 2436325183",
        "type": "Capacity regex no match",
        "osm_element": "https://www.openstreetmap.org/node/2436325183",
        "rejection_reason": "Capacity regex no match",
        "rejection_details": "Tag 'generator:output:electricity' has value '660 kW' which could not be parsed",
        "rejection_keywords": "660 kW",
        "timestamp": "2026-04-24T03:47:34.279214",
        "element_type": "node",
        "element_id": 2436325183,
        "country": "New Zealand",
        "unit_type": "generator"
      }
    },
    {
      "type": "Feature",
      "geometry": {
        "type": "Point",
        "coordinates": [
          175.786532,
          -40.343385
        ]
      },
      "properties": {
        "label": "Rejected node 2436325179",
        "type": "Capacity regex no match",
        "osm_element": "https://www.openstreetmap.org/node/2436325179",
        "rejection_reason": "Capacity regex no match",
        "rejection_details": "Tag 'generator:output:electricity' has value '660 kW' which could not be parsed",
        "rejection_keywords": "660 kW",
        "timestamp": "2026-04-24T03:47:34.279233",
        "element_type": "node",
        "element_id": 2436325179,
        "country": "New Zealand",
        "unit_type": "generator"
      }
    },
    {
      "type": "Feature",
      "geometry": {
        "type": "Point",
        "coordinates": [
          175.7880097,
          -40.3425998
        ]
      },
      "properties": {
        "label": "Rejected node 2436325176",
        "type": "Capacity regex no match",
        "osm_element": "https://www.openstreetmap.org/node/2436325176",
        "rejection_reason": "Capacity regex no match",
        "rejection_details": "Tag 'generator:output:electricity' has value '660 kW' which could not be parsed",
        "rejection_keywords": "660 kW",
        "timestamp": "2026-04-24T03:47:34.279251",
        "element_type": "node",
        "element_id": 2436325176,
        "country": "New Zealand",
        "unit_type": "generator"
      }
    },
    {
      "type": "Feature",
      "geometry": {
        "type": "Point",
        "coordinates": [
          175.7889373,
          -40.3415782
        ]
      },
      "properties": {
        "label": "Rejected node 2436325169",
        "type": "Capacity regex no match",
        "osm_element": "https://www.openstreetmap.org/node/2436325169",
        "rejection_reason": "Capacity regex no match",
        "rejection_details": "Tag 'generator:output:electricity' has value '660 kW' which could not be parsed",
        "rejection_keywords": "660 kW",
        "timestamp": "2026-04-24T03:47:34.279269",
        "element_type": "node",
        "element_id": 2436325169,
        "country": "New Zealand",
        "unit_type": "generator"
      }
    },
    {
      "type": "Feature",
      "geometry": {
        "type": "Point",
        "coordinates": [
          175.7897028,
          -40.3405567
        ]
      },
      "properties": {
        "label": "Rejected node 1785949212",
        "type": "Capacity regex no match",
        "osm_element": "https://www.openstreetmap.org/node/1785949212",
        "rejection_reason": "Capacity regex no match",
        "rejection_details": "Tag 'generator:output:electricity' has value '660 kW' which could not be parsed",
        "rejection_keywords": "660 kW",
        "timestamp": "2026-04-24T03:47:34.279287",
        "element_type": "node",
        "element_id": 1785949212,
        "country": "New Zealand",
        "unit_type": "generator"
      }
    },
    {
      "type": "Feature",
      "geometry": {
        "type": "Point",
        "coordinates": [
          175.7919218,
          -40.3361669
        ]
      },
      "properties": {
        "label": "Rejected node 2436325167",
        "type": "Capacity regex no match",
        "osm_element": "https://www.openstreetmap.org/node/2436325167",
        "rejection_reason": "Capacity regex no match",
        "rejection_details": "Tag 'generator:output:electricity' has value '660 kW' which could not be parsed",
        "rejection_keywords": "660 kW",
        "timestamp": "2026-04-24T03:47:34.279304",
        "element_type": "node",
        "element_id": 2436325167,
        "country": "New Zealand",
        "unit_type": "generator"
      }
    },
    {
      "type": "Feature",
      "geometry": {
        "type": "Point",
        "coordinates": [
          175.787815,
          -40.3380637
        ]
      },
      "properties": {
        "label": "Rejected node 1785949117",
        "type": "Capacity regex no match",
        "osm_element": "https://www.openstreetmap.org/node/1785949117",
        "rejection_reason": "Capacity regex no match",
        "rejection_details": "Tag 'generator:output:electricity' has value '660 kW' which could not be parsed",
        "rejection_keywords": "660 kW",
        "timestamp": "2026-04-24T03:47:34.279321",
        "element_type": "node",
        "element_id": 1785949117,
        "country": "New Zealand",
        "unit_type": "generator"
      }
    },
    {
      "type": "Feature",
      "geometry": {
        "type": "Point",
        "coordinates": [
          175.7867851,
          -40.3388729
        ]
      },
      "properties": {
        "label": "Rejected node 1785948722",
        "type": "Capacity regex no match",
        "osm_element": "https://www.openstreetmap.org/node/1785948722",
        "rejection_reason": "Capacity regex no match",
        "rejection_details": "Tag 'generator:output:electricity' has value '660 kW' which could not be parsed",
        "rejection_keywords": "660 kW",
        "timestamp": "2026-04-24T03:47:34.279338",
        "element_type": "node",
        "element_id": 1785948722,
        "country": "New Zealand",
        "unit_type": "generator"
      }
    },
    {
      "type": "Feature",
      "geometry": {
        "type": "Point",
        "coordinates": [
          175.7856049,
          -40.3396989
        ]
      },
      "properties": {
        "label": "Rejected node 1785949168",
        "type": "Capacity regex no match",
        "osm_element": "https://www.openstreetmap.org/node/1785949168",
        "rejection_reason": "Capacity regex no match",
        "rejection_details": "Tag 'generator:output:electricity' has value '660 kW' which could not be parsed",
        "rejection_keywords": "660 kW",
        "timestamp": "2026-04-24T03:47:34.279355",
        "element_type": "node",
        "element_id": 1785949168,
        "country": "New Zealand",
        "unit_type": "generator"
      }
    },
    {
      "type": "Feature",
      "geometry": {
        "type": "Point",
        "coordinates": [
          175.7812275,
          -40.3376957
        ]
      },
      "properties": {
        "label": "Rejected node 1785949328",
        "type": "Missing output tag",
        "osm_element": "https://www.openstreetmap.org/node/1785949328",
        "rejection_reason": "Missing output tag",
        "rejection_details": "tags: {'generator:method': 'wind_turbine', 'generator:source': 'wind', 'generator:type': 'horizontal_axis', 'power': 'generator'}",
        "rejection_keywords": "none",
        "timestamp": "2026-04-24T03:47:34.279502",
        "element_type": "node",
        "element_id": 1785949328,
        "country": "New Zealand",
        "unit_type": "generator"
      }
    },
    {
      "type": "Feature",
      "geometry": {
        "type": "Point",
        "coordinates": [
          175.7942053,
          -40.3339284
        ]
      },
      "properties": {
        "label": "Rejected node 2436325125",
        "type": "Capacity regex no match",
        "osm_element": "https://www.openstreetmap.org/node/2436325125",
        "rejection_reason": "Capacity regex no match",
        "rejection_details": "Tag 'generator:output:electricity' has value '660 kW' which could not be parsed",
        "rejection_keywords": "660 kW",
        "timestamp": "2026-04-24T03:47:34.279517",
        "element_type": "node",
        "element_id": 2436325125,
        "country": "New Zealand",
        "unit_type": "generator"
      }
    },
    {
      "type": "Feature",
      "geometry": {
        "type": "Point",
        "coordinates": [
          175.7953323,
          -40.3324582
        ]
      },
      "properties": {
        "label": "Rejected node 2436325123",
        "type": "Capacity regex no match",
        "osm_element": "https://www.openstreetmap.org/node/2436325123",
        "rejection_reason": "Capacity regex no match",
        "rejection_details": "Tag 'generator:output:electricity' has value '660 kW' which could not be parsed",
        "rejection_keywords": "660 kW",
        "timestamp": "2026-04-24T03:47:34.279534",
        "element_type": "node",
        "element_id": 2436325123,
        "country": "New Zealand",
        "unit_type": "generator"
      }
    },
    {
      "type": "Feature",
      "geometry": {
        "type": "Point",
        "coordinates": [
          175.7962952,
          -40.3313007
        ]
      },
      "properties": {
        "label": "Rejected node 2436325121",
        "type": "Capacity regex no match",
        "osm_element": "https://www.openstreetmap.org/node/2436325121",
        "rejection_reason": "Capacity regex no match",
        "rejection_details": "Tag 'generator:output:electricity' has value '660 kW' which could not be parsed",
        "rejection_keywords": "660 kW",
        "timestamp": "2026-04-24T03:47:34.279551",
        "element_type": "node",
        "element_id": 2436325121,
        "country": "New Zealand",
        "unit_type": "generator"
      }
    },
    {
      "type": "Feature",
      "geometry": {
        "type": "Point",
        "coordinates": [
          175.7972707,
          -40.3304366
        ]
      },
      "properties": {
        "label": "Rejected node 2436325120",
        "type": "Capacity regex no match",
        "osm_element": "https://www.openstreetmap.org/node/2436325120",
        "rejection_reason": "Capacity regex no match",
        "rejection_details": "Tag 'generator:output:electricity' has value '660 kW' which could not be parsed",
        "rejection_keywords": "660 kW",
        "timestamp": "2026-04-24T03:47:34.279568",
        "element_type": "node",
        "element_id": 2436325120,
        "country": "New Zealand",
        "unit_type": "generator"
      }
    },
    {
      "type": "Feature",
      "geometry": {
        "type": "Point",
        "coordinates": [
          175.7973852,
          -40.3289693
        ]
      },
      "properties": {
        "label": "Rejected node 1785948789",
        "type": "Capacity regex no match",
        "osm_element": "https://www.openstreetmap.org/node/1785948789",
        "rejection_reason": "Capacity regex no match",
        "rejection_details": "Tag 'generator:output:electricity' has value '660 kW' which could not be parsed",
        "rejection_keywords": "660 kW",
        "timestamp": "2026-04-24T03:47:34.279585",
        "element_type": "node",
        "element_id": 1785948789,
        "country": "New Zealand",
        "unit_type": "generator"
      }
    },
    {
      "type": "Feature",
      "geometry": {
        "type": "Point",
        "coordinates": [
          175.7985546,
          -40.3283881
        ]
      },
      "properties": {
        "label": "Rejected node 1785949368",
        "type": "Capacity regex no match",
        "osm_element": "https://www.openstreetmap.org/node/1785949368",
        "rejection_reason": "Capacity regex no match",
        "rejection_details": "Tag 'generator:output:electricity' has value '660 kW' which could not be parsed",
        "rejection_keywords": "660 kW",
        "timestamp": "2026-04-24T03:47:34.279601",
        "element_type": "node",
        "element_id": 1785949368,
        "country": "New Zealand",
        "unit_type": "generator"
      }
    },
    {
      "type": "Feature",
      "geometry": {
        "type": "Point",
        "coordinates": [
          175.7994987,
          -40.3271204
        ]
      },
      "properties": {
        "label": "Rejected node 1785949313",
        "type": "Capacity regex no match",
        "osm_element": "https://www.openstreetmap.org/node/1785949313",
        "rejection_reason": "Capacity regex no match",
        "rejection_details": "Tag 'generator:output:electricity' has value '660 kW' which could not be parsed",
        "rejection_keywords": "660 kW",
        "timestamp": "2026-04-24T03:47:34.279618",
        "element_type": "node",
        "element_id": 1785949313,
        "country": "New Zealand",
        "unit_type": "generator"
      }
    },
    {
      "type": "Feature",
      "geometry": {
        "type": "Point",
        "coordinates": [
          175.8004751,
          -40.3263597
        ]
      },
      "properties": {
        "label": "Rejected node 1785949409",
        "type": "Capacity regex no match",
        "osm_element": "https://www.openstreetmap.org/node/1785949409",
        "rejection_reason": "Capacity regex no match",
        "rejection_details": "Tag 'generator:output:electricity' has value '660 kW' which could not be parsed",
        "rejection_keywords": "660 kW",
        "timestamp": "2026-04-24T03:47:34.279636",
        "element_type": "node",
        "element_id": 1785949409,
        "country": "New Zealand",
        "unit_type": "generator"
      }
    },
    {
      "type": "Feature",
      "geometry": {
        "type": "Point",
        "coordinates": [
          175.7958188,
          -40.3353564
        ]
      },
      "properties": {
        "label": "Rejected node 1785949434",
        "type": "Capacity regex no match",
        "osm_element": "https://www.openstreetmap.org/node/1785949434",
        "rejection_reason": "Capacity regex no match",
        "rejection_details": "Tag 'generator:output:electricity' has value '660 kW' which could not be parsed",
        "rejection_keywords": "660 kW",
        "timestamp": "2026-04-24T03:47:34.279653",
        "element_type": "node",
        "element_id": 1785949434,
        "country": "New Zealand",
        "unit_type": "generator"
      }
    },
    {
      "type": "Feature",
      "geometry": {
        "type": "Point",
        "coordinates": [
          175.7977722,
          -40.3342327
        ]
      },
      "properties": {
        "label": "Rejected node 2436325127",
        "type": "Capacity regex no match",
        "osm_element": "https://www.openstreetmap.org/node/2436325127",
        "rejection_reason": "Capacity regex no match",
        "rejection_details": "Tag 'generator:output:electricity' has value '660 kW' which could not be parsed",
        "rejection_keywords": "660 kW",
        "timestamp": "2026-04-24T03:47:34.279670",
        "element_type": "node",
        "element_id": 2436325127,
        "country": "New Zealand",
        "unit_type": "generator"
      }
    },
    {
      "type": "Feature",
      "geometry": {
        "type": "Point",
        "coordinates": [
          175.7983722,
          -40.33314
        ]
      },
      "properties": {
        "label": "Rejected node 1785949369",
        "type": "Capacity regex no match",
        "osm_element": "https://www.openstreetmap.org/node/1785949369",
        "rejection_reason": "Capacity regex no match",
        "rejection_details": "Tag 'generator:output:electricity' has value '660 kW' which could not be parsed",
        "rejection_keywords": "660 kW",
        "timestamp": "2026-04-24T03:47:34.279686",
        "element_type": "node",
        "element_id": 1785949369,
        "country": "New Zealand",
        "unit_type": "generator"
      }
    },
    {
      "type": "Feature",
      "geometry": {
        "type": "Point",
        "coordinates": [
          175.7971384,
          -40.3265315
        ]
      },
      "properties": {
        "label": "Rejected node 1785949266",
        "type": "Capacity regex no match",
        "osm_element": "https://www.openstreetmap.org/node/1785949266",
        "rejection_reason": "Capacity regex no match",
        "rejection_details": "Tag 'generator:output:electricity' has value '660 kW' which could not be parsed",
        "rejection_keywords": "660 kW",
        "timestamp": "2026-04-24T03:47:34.279703",
        "element_type": "node",
        "element_id": 1785949266,
        "country": "New Zealand",
        "unit_type": "generator"
      }
    },
    {
      "type": "Feature",
      "geometry": {
        "type": "Point",
        "coordinates": [
          175.7942845,
          -40.3301057
        ]
      },
      "properties": {
        "label": "Rejected node 1785949173",
        "type": "Capacity regex no match",
        "osm_element": "https://www.openstreetmap.org/node/1785949173",
        "rejection_reason": "Capacity regex no match",
        "rejection_details": "Tag 'generator:output:electricity' has value '660 kW' which could not be parsed",
        "rejection_keywords": "660 kW",
        "timestamp": "2026-04-24T03:47:34.279719",
        "element_type": "node",
        "element_id": 1785949173,
        "country": "New Zealand",
        "unit_type": "generator"
      }
    },
    {
      "type": "Feature",
      "geometry": {
        "type": "Point",
        "coordinates": [
          175.7932975,
          -40.32838
        ]
      },
      "properties": {
        "label": "Rejected node 1785949129",
        "type": "Capacity regex no match",
        "osm_element": "https://www.openstreetmap.org/node/1785949129",
        "rejection_reason": "Capacity regex no match",
        "rejection_details": "Tag 'generator:output:electricity' has value '660 kW' which could not be parsed",
        "rejection_keywords": "660 kW",
        "timestamp": "2026-04-24T03:47:34.279736",
        "element_type": "node",
        "element_id": 1785949129,
        "country": "New Zealand",
        "unit_type": "generator"
      }
    },
    {
      "type": "Feature",
      "geometry": {
        "type": "Point",
        "coordinates": [
          175.7946708,
          -40.3274561
        ]
      },
      "properties": {
        "label": "Rejected node 1785949316",
        "type": "Capacity regex no match",
        "osm_element": "https://www.openstreetmap.org/node/1785949316",
        "rejection_reason": "Capacity regex no match",
        "rejection_details": "Tag 'generator:output:electricity' has value '660 kW' which could not be parsed",
        "rejection_keywords": "660 kW",
        "timestamp": "2026-04-24T03:47:34.279753",
        "element_type": "node",
        "element_id": 1785949316,
        "country": "New Zealand",
        "unit_type": "generator"
      }
    },
    {
      "type": "Feature",
      "geometry": {
        "type": "Point",
        "coordinates": [
          175.7920637,
          -40.3291733
        ]
      },
      "properties": {
        "label": "Rejected node 1785949147",
        "type": "Capacity regex no match",
        "osm_element": "https://www.openstreetmap.org/node/1785949147",
        "rejection_reason": "Capacity regex no match",
        "rejection_details": "Tag 'generator:output:electricity' has value '660 kW' which could not be parsed",
        "rejection_keywords": "660 kW",
        "timestamp": "2026-04-24T03:47:34.279770",
        "element_type": "node",
        "element_id": 1785949147,
        "country": "New Zealand",
        "unit_type": "generator"
      }
    },
    {
      "type": "Feature",
      "geometry": {
        "type": "Point",
        "coordinates": [
          175.7902719,
          -40.3294514
        ]
      },
      "properties": {
        "label": "Rejected node 1785949237",
        "type": "Capacity regex no match",
        "osm_element": "https://www.openstreetmap.org/node/1785949237",
        "rejection_reason": "Capacity regex no match",
        "rejection_details": "Tag 'generator:output:electricity' has value '660 kW' which could not be parsed",
        "rejection_keywords": "660 kW",
        "timestamp": "2026-04-24T03:47:34.279786",
        "element_type": "node",
        "element_id": 1785949237,
        "country": "New Zealand",
        "unit_type": "generator"
      }
    },
    {
      "type": "Feature",
      "geometry": {
        "type": "Point",
        "coordinates": [
          175.789081,
          -40.3300485
        ]
      },
      "properties": {
        "label": "Rejected node 1785949162",
        "type": "Capacity regex no match",
        "osm_element": "https://www.openstreetmap.org/node/1785949162",
        "rejection_reason": "Capacity regex no match",
        "rejection_details": "Tag 'generator:output:electricity' has value '660 kW' which could not be parsed",
        "rejection_keywords": "660 kW",
        "timestamp": "2026-04-24T03:47:34.279804",
        "element_type": "node",
        "element_id": 1785949162,
        "country": "New Zealand",
        "unit_type": "generator"
      }
    },
    {
      "type": "Feature",
      "geometry": {
        "type": "Point",
        "coordinates": [
          175.7885017,
          -40.3312998
        ]
      },
      "properties": {
        "label": "Rejected node 1785949366",
        "type": "Capacity regex no match",
        "osm_element": "https://www.openstreetmap.org/node/1785949366",
        "rejection_reason": "Capacity regex no match",
        "rejection_details": "Tag 'generator:output:electricity' has value '660 kW' which could not be parsed",
        "rejection_keywords": "660 kW",
        "timestamp": "2026-04-24T03:47:34.279820",
        "element_type": "node",
        "element_id": 1785949366,
        "country": "New Zealand",
        "unit_type": "generator"
      }
    },
    {
      "type": "Feature",
      "geometry": {
        "type": "Point",
        "coordinates": [
          175.7859268,
          -40.3299671
        ]
      },
      "properties": {
        "label": "Rejected node 1785949274",
        "type": "Capacity regex no match",
        "osm_element": "https://www.openstreetmap.org/node/1785949274",
        "rejection_reason": "Capacity regex no match",
        "rejection_details": "Tag 'generator:output:electricity' has value '660 kW' which could not be parsed",
        "rejection_keywords": "660 kW",
        "timestamp": "2026-04-24T03:47:34.279837",
        "element_type": "node",
        "element_id": 1785949274,
        "country": "New Zealand",
        "unit_type": "generator"
      }
    },
    {
      "type": "Feature",
      "geometry": {
        "type": "Point",
        "coordinates": [
          175.7861324,
          -40.3286174
        ]
      },
      "properties": {
        "label": "Rejected node 1785934043",
        "type": "Capacity regex no match",
        "osm_element": "https://www.openstreetmap.org/node/1785934043",
        "rejection_reason": "Capacity regex no match",
        "rejection_details": "Tag 'generator:output:electricity' has value '660 kW' which could not be parsed",
        "rejection_keywords": "660 kW",
        "timestamp": "2026-04-24T03:47:34.279855",
        "element_type": "node",
        "element_id": 1785934043,
        "country": "New Zealand",
        "unit_type": "generator"
      }
    },
    {
      "type": "Feature",
      "geometry": {
        "type": "Point",
        "coordinates": [
          175.7869889,
          -40.3277829
        ]
      },
      "properties": {
        "label": "Rejected node 1785949165",
        "type": "Capacity regex no match",
        "osm_element": "https://www.openstreetmap.org/node/1785949165",
        "rejection_reason": "Capacity regex no match",
        "rejection_details": "Tag 'generator:output:electricity' has value '660 kW' which could not be parsed",
        "rejection_keywords": "660 kW",
        "timestamp": "2026-04-24T03:47:34.279872",
        "element_type": "node",
        "element_id": 1785949165,
        "country": "New Zealand",
        "unit_type": "generator"
      }
    },
    {
      "type": "Feature",
      "geometry": {
        "type": "Point",
        "coordinates": [
          175.7899072,
          -40.3275457
        ]
      },
      "properties": {
        "label": "Rejected node 1785949276",
        "type": "Capacity regex no match",
        "osm_element": "https://www.openstreetmap.org/node/1785949276",
        "rejection_reason": "Capacity regex no match",
        "rejection_details": "Tag 'generator:output:electricity' has value '660 kW' which could not be parsed",
        "rejection_keywords": "660 kW",
        "timestamp": "2026-04-24T03:47:34.279889",
        "element_type": "node",
        "element_id": 1785949276,
        "country": "New Zealand",
        "unit_type": "generator"
      }
    },
    {
      "type": "Feature",
      "geometry": {
        "type": "Point",
        "coordinates": [
          175.7879438,
          -40.325763
        ]
      },
      "properties": {
        "label": "Rejected node 1785949171",
        "type": "Capacity regex no match",
        "osm_element": "https://www.openstreetmap.org/node/1785949171",
        "rejection_reason": "Capacity regex no match",
        "rejection_details": "Tag 'generator:output:electricity' has value '660 kW' which could not be parsed",
        "rejection_keywords": "660 kW",
        "timestamp": "2026-04-24T03:47:34.279906",
        "element_type": "node",
        "element_id": 1785949171,
        "country": "New Zealand",
        "unit_type": "generator"
      }
    },
    {
      "type": "Feature",
      "geometry": {
        "type": "Point",
        "coordinates": [
          175.7892634,
          -40.3250755
        ]
      },
      "properties": {
        "label": "Rejected node 1785949189",
        "type": "Capacity regex no match",
        "osm_element": "https://www.openstreetmap.org/node/1785949189",
        "rejection_reason": "Capacity regex no match",
        "rejection_details": "Tag 'generator:output:electricity' has value '660 kW' which could not be parsed",
        "rejection_keywords": "660 kW",
        "timestamp": "2026-04-24T03:47:34.279923",
        "element_type": "node",
        "element_id": 1785949189,
        "country": "New Zealand",
        "unit_type": "generator"
      }
    },
    {
      "type": "Feature",
      "geometry": {
        "type": "Point",
        "coordinates": [
          175.7921602,
          -40.3262779
        ]
      },
      "properties": {
        "label": "Rejected node 1785949058",
        "type": "Capacity regex no match",
        "osm_element": "https://www.openstreetmap.org/node/1785949058",
        "rejection_reason": "Capacity regex no match",
        "rejection_details": "Tag 'generator:output:electricity' has value '660 kW' which could not be parsed",
        "rejection_keywords": "660 kW",
        "timestamp": "2026-04-24T03:47:34.279939",
        "element_type": "node",
        "element_id": 1785949058,
        "country": "New Zealand",
        "unit_type": "generator"
      }
    },
    {
      "type": "Feature",
      "geometry": {
        "type": "Point",
        "coordinates": [
          175.7929005,
          -40.3253454
        ]
      },
      "properties": {
        "label": "Rejected node 1785949043",
        "type": "Capacity regex no match",
        "osm_element": "https://www.openstreetmap.org/node/1785949043",
        "rejection_reason": "Capacity regex no match",
        "rejection_details": "Tag 'generator:output:electricity' has value '660 kW' which could not be parsed",
        "rejection_keywords": "660 kW",
        "timestamp": "2026-04-24T03:47:34.279971",
        "element_type": "node",
        "element_id": 1785949043,
        "country": "New Zealand",
        "unit_type": "generator"
      }
    },
    {
      "type": "Feature",
      "geometry": {
        "type": "Point",
        "coordinates": [
          175.7938232,
          -40.3245357
        ]
      },
      "properties": {
        "label": "Rejected node 1785949153",
        "type": "Capacity regex no match",
        "osm_element": "https://www.openstreetmap.org/node/1785949153",
        "rejection_reason": "Capacity regex no match",
        "rejection_details": "Tag 'generator:output:electricity' has value '660 kW' which could not be parsed",
        "rejection_keywords": "660 kW",
        "timestamp": "2026-04-24T03:47:34.279989",
        "element_type": "node",
        "element_id": 1785949153,
        "country": "New Zealand",
        "unit_type": "generator"
      }
    },
    {
      "type": "Feature",
      "geometry": {
        "type": "Point",
        "coordinates": [
          175.7948445,
          -40.3365258
        ]
      },
      "properties": {
        "label": "Rejected node 2436325149",
        "type": "Capacity regex no match",
        "osm_element": "https://www.openstreetmap.org/node/2436325149",
        "rejection_reason": "Capacity regex no match",
        "rejection_details": "Tag 'generator:output:electricity' has value '660 kW' which could not be parsed",
        "rejection_keywords": "660 kW",
        "timestamp": "2026-04-24T03:47:34.280006",
        "element_type": "node",
        "element_id": 2436325149,
        "country": "New Zealand",
        "unit_type": "generator"
      }
    },
    {
      "type": "Feature",
      "geometry": {
        "type": "Point",
        "coordinates": [
          175.7925727,
          -40.3352516
        ]
      },
      "properties": {
        "label": "Rejected node 2436325142",
        "type": "Capacity regex no match",
        "osm_element": "https://www.openstreetmap.org/node/2436325142",
        "rejection_reason": "Capacity regex no match",
        "rejection_details": "Tag 'generator:output:electricity' has value '660 kW' which could not be parsed",
        "rejection_keywords": "660 kW",
        "timestamp": "2026-04-24T03:47:34.280024",
        "element_type": "node",
        "element_id": 2436325142,
        "country": "New Zealand",
        "unit_type": "generator"
      }
    },
    {
      "type": "Feature",
      "geometry": {
        "type": "Point",
        "coordinates": [
          175.7938794,
          -40.3373424
        ]
      },
      "properties": {
        "label": "Rejected node 2436325153",
        "type": "Capacity regex no match",
        "osm_element": "https://www.openstreetmap.org/node/2436325153",
        "rejection_reason": "Capacity regex no match",
        "rejection_details": "Tag 'generator:output:electricity' has value '660 kW' which could not be parsed",
        "rejection_keywords": "660 kW",
        "timestamp": "2026-04-24T03:47:34.280041",
        "element_type": "node",
        "element_id": 2436325153,
        "country": "New Zealand",
        "unit_type": "generator"
      }
    },
    {
      "type": "Feature",
      "geometry": {
        "type": "Point",
        "coordinates": [
          175.7929988,
          -40.3382963
        ]
      },
      "properties": {
        "label": "Rejected node 2436325162",
        "type": "Capacity regex no match",
        "osm_element": "https://www.openstreetmap.org/node/2436325162",
        "rejection_reason": "Capacity regex no match",
        "rejection_details": "Tag 'generator:output:electricity' has value '660 kW' which could not be parsed",
        "rejection_keywords": "660 kW",
        "timestamp": "2026-04-24T03:47:34.280059",
        "element_type": "node",
        "element_id": 2436325162,
        "country": "New Zealand",
        "unit_type": "generator"
      }
    },
    {
      "type": "Feature",
      "geometry": {
        "type": "Point",
        "coordinates": [
          175.79204,
          -40.3390841
        ]
      },
      "properties": {
        "label": "Rejected node 2436325164",
        "type": "Capacity regex no match",
        "osm_element": "https://www.openstreetmap.org/node/2436325164",
        "rejection_reason": "Capacity regex no match",
        "rejection_details": "Tag 'generator:output:electricity' has value '660 kW' which could not be parsed",
        "rejection_keywords": "660 kW",
        "timestamp": "2026-04-24T03:47:34.280075",
        "element_type": "node",
        "element_id": 2436325164,
        "country": "New Zealand",
        "unit_type": "generator"
      }
    },
    {
      "type": "Feature",
      "geometry": {
        "type": "Point",
        "coordinates": [
          175.7911624,
          -40.339936
        ]
      },
      "properties": {
        "label": "Rejected node 1785949224",
        "type": "Capacity regex no match",
        "osm_element": "https://www.openstreetmap.org/node/1785949224",
        "rejection_reason": "Capacity regex no match",
        "rejection_details": "Tag 'generator:output:electricity' has value '660 kW' which could not be parsed",
        "rejection_keywords": "660 kW",
        "timestamp": "2026-04-24T03:47:34.280092",
        "element_type": "node",
        "element_id": 1785949224,
        "country": "New Zealand",
        "unit_type": "generator"
      }
    },
    {
      "type": "Feature",
      "geometry": {
        "type": "Point",
        "coordinates": [
          175.7892038,
          -40.3375777
        ]
      },
      "properties": {
        "label": "Rejected node 2436325159",
        "type": "Capacity regex no match",
        "osm_element": "https://www.openstreetmap.org/node/2436325159",
        "rejection_reason": "Capacity regex no match",
        "rejection_details": "Tag 'generator:output:electricity' has value '660 kW' which could not be parsed",
        "rejection_keywords": "660 kW",
        "timestamp": "2026-04-24T03:47:34.280108",
        "element_type": "node",
        "element_id": 2436325159,
        "country": "New Zealand",
        "unit_type": "generator"
      }
    },
    {
      "type": "Feature",
      "geometry": {
        "type": "Point",
        "coordinates": [
          175.7899836,
          -40.3366102
        ]
      },
      "properties": {
        "label": "Rejected node 2436325151",
        "type": "Capacity regex no match",
        "osm_element": "https://www.openstreetmap.org/node/2436325151",
        "rejection_reason": "Capacity regex no match",
        "rejection_details": "Tag 'generator:output:electricity' has value '660 kW' which could not be parsed",
        "rejection_keywords": "660 kW",
        "timestamp": "2026-04-24T03:47:34.280125",
        "element_type": "node",
        "element_id": 2436325151,
        "country": "New Zealand",
        "unit_type": "generator"
      }
    },
    {
      "type": "Feature",
      "geometry": {
        "type": "Point",
        "coordinates": [
          175.785241,
          -40.3372791
        ]
      },
      "properties": {
        "label": "Rejected node 1481622677",
        "type": "Missing output tag",
        "osm_element": "https://www.openstreetmap.org/node/1481622677",
        "rejection_reason": "Missing output tag",
        "rejection_details": "tags: {'generator:method': 'wind_turbine', 'generator:source': 'wind', 'generator:type': 'horizontal_axis', 'power': 'generator'}",
        "rejection_keywords": "none",
        "timestamp": "2026-04-24T03:47:34.280272",
        "element_type": "node",
        "element_id": 1481622677,
        "country": "New Zealand",
        "unit_type": "generator"
      }
    },
    {
      "type": "Feature",
      "geometry": {
        "type": "Point",
        "coordinates": [
          175.7834484,
          -40.3375669
        ]
      },
      "properties": {
        "label": "Rejected node 2436325156",
        "type": "Missing output tag",
        "osm_element": "https://www.openstreetmap.org/node/2436325156",
        "rejection_reason": "Missing output tag",
        "rejection_details": "tags: {'generator:method': 'wind_turbine', 'generator:source': 'wind', 'generator:type': 'horizontal_axis', 'power': 'generator', 'source': 'LINZ'}",
        "rejection_keywords": "none",
        "timestamp": "2026-04-24T03:47:34.280420",
        "element_type": "node",
        "element_id": 2436325156,
        "country": "New Zealand",
        "unit_type": "generator"
      }
    },
    {
      "type": "Feature",
      "geometry": {
        "type": "Point",
        "coordinates": [
          175.7819391,
          -40.3362052
        ]
      },
      "properties": {
        "label": "Rejected node 2436325145",
        "type": "Missing output tag",
        "osm_element": "https://www.openstreetmap.org/node/2436325145",
        "rejection_reason": "Missing output tag",
        "rejection_details": "tags: {'generator:method': 'wind_turbine', 'generator:source': 'wind', 'power': 'generator', 'source': 'LINZ'}",
        "rejection_keywords": "none",
        "timestamp": "2026-04-24T03:47:34.280570",
        "element_type": "node",
        "element_id": 2436325145,
        "country": "New Zealand",
        "unit_type": "generator"
      }
    },
    {
      "type": "Feature",
      "geometry": {
        "type": "Point",
        "coordinates": [
          175.7837166,
          -40.3355281
        ]
      },
      "properties": {
        "label": "Rejected node 1785949232",
        "type": "Missing output tag",
        "osm_element": "https://www.openstreetmap.org/node/1785949232",
        "rejection_reason": "Missing output tag",
        "rejection_details": "tags: {'generator:source': 'wind', 'power': 'generator'}",
        "rejection_keywords": "none",
        "timestamp": "2026-04-24T03:47:34.280715",
        "element_type": "node",
        "element_id": 1785949232,
        "country": "New Zealand",
        "unit_type": "generator"
      }
    },
    {
      "type": "Feature",
      "geometry": {
        "type": "Point",
        "coordinates": [
          175.7845572,
          -40.3346606
        ]
      },
      "properties": {
        "label": "Rejected node 2436325140",
        "type": "Missing output tag",
        "osm_element": "https://www.openstreetmap.org/node/2436325140",
        "rejection_reason": "Missing output tag",
        "rejection_details": "tags: {'generator:method': 'wind_turbine', 'generator:source': 'wind', 'power': 'generator', 'source': 'LINZ'}",
        "rejection_keywords": "none",
        "timestamp": "2026-04-24T03:47:34.280865",
        "element_type": "node",
        "element_id": 2436325140,
        "country": "New Zealand",
        "unit_type": "generator"
      }
    },
    {
      "type": "Feature",
      "geometry": {
        "type": "Point",
        "coordinates": [
          175.766755,
          -40.3470187
        ]
      },
      "properties": {
        "label": "Rejected node 1789674020",
        "type": "Capacity regex no match",
        "osm_element": "https://www.openstreetmap.org/node/1789674020",
        "rejection_reason": "Capacity regex no match",
        "rejection_details": "Tag 'generator:output:electricity' has value '660 kW' which could not be parsed",
        "rejection_keywords": "660 kW",
        "timestamp": "2026-04-24T03:47:34.280880",
        "element_type": "node",
        "element_id": 1789674020,
        "country": "New Zealand",
        "unit_type": "generator"
      }
    },
    {
      "type": "Feature",
      "geometry": {
        "type": "Point",
        "coordinates": [
          175.7666585,
          -40.3484905
        ]
      },
      "properties": {
        "label": "Rejected node 1789674113",
        "type": "Capacity regex no match",
        "osm_element": "https://www.openstreetmap.org/node/1789674113",
        "rejection_reason": "Capacity regex no match",
        "rejection_details": "Tag 'generator:output:electricity' has value '660 kW' which could not be parsed",
        "rejection_keywords": "660 kW",
        "timestamp": "2026-04-24T03:47:34.280898",
        "element_type": "node",
        "element_id": 1789674113,
        "country": "New Zealand",
        "unit_type": "generator"
      }
    },
    {
      "type": "Feature",
      "geometry": {
        "type": "Point",
        "coordinates": [
          175.7722368,
          -40.3528311
        ]
      },
      "properties": {
        "label": "Rejected node 1785949073",
        "type": "Capacity regex no match",
        "osm_element": "https://www.openstreetmap.org/node/1785949073",
        "rejection_reason": "Capacity regex no match",
        "rejection_details": "Tag 'generator:output:electricity' has value '660 kW' which could not be parsed",
        "rejection_keywords": "660 kW",
        "timestamp": "2026-04-24T03:47:34.280915",
        "element_type": "node",
        "element_id": 1785949073,
        "country": "New Zealand",
        "unit_type": "generator"
      }
    },
    {
      "type": "Feature",
      "geometry": {
        "type": "Point",
        "coordinates": [
          175.7746078,
          -40.3528065
        ]
      },
      "properties": {
        "label": "Rejected node 1785949048",
        "type": "Capacity regex no match",
        "osm_element": "https://www.openstreetmap.org/node/1785949048",
        "rejection_reason": "Capacity regex no match",
        "rejection_details": "Tag 'generator:output:electricity' has value '660 kW' which could not be parsed",
        "rejection_keywords": "660 kW",
        "timestamp": "2026-04-24T03:47:34.280932",
        "element_type": "node",
        "element_id": 1785949048,
        "country": "New Zealand",
        "unit_type": "generator"
      }
    },
    {
      "type": "Feature",
      "geometry": {
        "type": "Point",
        "coordinates": [
          175.772709,
          -40.3505752
        ]
      },
      "properties": {
        "label": "Rejected node 1789674126",
        "type": "Capacity regex no match",
        "osm_element": "https://www.openstreetmap.org/node/1789674126",
        "rejection_reason": "Capacity regex no match",
        "rejection_details": "Tag 'generator:output:electricity' has value '660 kW' which could not be parsed",
        "rejection_keywords": "660 kW",
        "timestamp": "2026-04-24T03:47:34.280962",
        "element_type": "node",
        "element_id": 1789674126,
        "country": "New Zealand",
        "unit_type": "generator"
      }
    },
    {
      "type": "Feature",
      "geometry": {
        "type": "Point",
        "coordinates": [
          175.7736746,
          -40.3497906
        ]
      },
      "properties": {
        "label": "Rejected node 1789674049",
        "type": "Capacity regex no match",
        "osm_element": "https://www.openstreetmap.org/node/1789674049",
        "rejection_reason": "Capacity regex no match",
        "rejection_details": "Tag 'generator:output:electricity' has value '660 kW' which could not be parsed",
        "rejection_keywords": "660 kW",
        "timestamp": "2026-04-24T03:47:34.280982",
        "element_type": "node",
        "element_id": 1789674049,
        "country": "New Zealand",
        "unit_type": "generator"
      }
    },
    {
      "type": "Feature",
      "geometry": {
        "type": "Point",
        "coordinates": [
          175.7744256,
          -40.3488834
        ]
      },
      "properties": {
        "label": "Rejected node 1789674101",
        "type": "Capacity regex no match",
        "osm_element": "https://www.openstreetmap.org/node/1789674101",
        "rejection_reason": "Capacity regex no match",
        "rejection_details": "Tag 'generator:output:electricity' has value '660 kW' which could not be parsed",
        "rejection_keywords": "660 kW",
        "timestamp": "2026-04-24T03:47:34.281074",
        "element_type": "node",
        "element_id": 1789674101,
        "country": "New Zealand",
        "unit_type": "generator"
      }
    },
    {
      "type": "Feature",
      "geometry": {
        "type": "Point",
        "coordinates": [
          175.77346,
          -40.347199
        ]
      },
      "properties": {
        "label": "Rejected node 1789674110",
        "type": "Capacity regex no match",
        "osm_element": "https://www.openstreetmap.org/node/1789674110",
        "rejection_reason": "Capacity regex no match",
        "rejection_details": "Tag 'generator:output:electricity' has value '660 kW' which could not be parsed",
        "rejection_keywords": "660 kW",
        "timestamp": "2026-04-24T03:47:34.281095",
        "element_type": "node",
        "element_id": 1789674110,
        "country": "New Zealand",
        "unit_type": "generator"
      }
    },
    {
      "type": "Feature",
      "geometry": {
        "type": "Point",
        "coordinates": [
          175.776035,
          -40.3485318
        ]
      },
      "properties": {
        "label": "Rejected node 1789674081",
        "type": "Capacity regex no match",
        "osm_element": "https://www.openstreetmap.org/node/1789674081",
        "rejection_reason": "Capacity regex no match",
        "rejection_details": "Tag 'generator:output:electricity' has value '660 kW' which could not be parsed",
        "rejection_keywords": "660 kW",
        "timestamp": "2026-04-24T03:47:34.281113",
        "element_type": "node",
        "element_id": 1789674081,
        "country": "New Zealand",
        "unit_type": "generator"
      }
    },
    {
      "type": "Feature",
      "geometry": {
        "type": "Point",
        "coordinates": [
          175.7779018,
          -40.3478695
        ]
      },
      "properties": {
        "label": "Rejected node 1789674111",
        "type": "Capacity regex no match",
        "osm_element": "https://www.openstreetmap.org/node/1789674111",
        "rejection_reason": "Capacity regex no match",
        "rejection_details": "Tag 'generator:output:electricity' has value '660 kW' which could not be parsed",
        "rejection_keywords": "660 kW",
        "timestamp": "2026-04-24T03:47:34.281130",
        "element_type": "node",
        "element_id": 1789674111,
        "country": "New Zealand",
        "unit_type": "generator"
      }
    },
    {
      "type": "Feature",
      "geometry": {
        "type": "Point",
        "coordinates": [
          175.7788781,
          -40.3470269
        ]
      },
      "properties": {
        "label": "Rejected node 1789674037",
        "type": "Capacity regex no match",
        "osm_element": "https://www.openstreetmap.org/node/1789674037",
        "rejection_reason": "Capacity regex no match",
        "rejection_details": "Tag 'generator:output:electricity' has value '660 kW' which could not be parsed",
        "rejection_keywords": "660 kW",
        "timestamp": "2026-04-24T03:47:34.281147",
        "element_type": "node",
        "element_id": 1789674037,
        "country": "New Zealand",
        "unit_type": "generator"
      }
    },
    {
      "type": "Feature",
      "geometry": {
        "type": "Point",
        "coordinates": [
          175.7778221,
          -40.3534958
        ]
      },
      "properties": {
        "label": "Rejected node 2436325216",
        "type": "Capacity regex no match",
        "osm_element": "https://www.openstreetmap.org/node/2436325216",
        "rejection_reason": "Capacity regex no match",
        "rejection_details": "Tag 'generator:output:electricity' has value '660 kW' which could not be parsed",
        "rejection_keywords": "660 kW",
        "timestamp": "2026-04-24T03:47:34.281164",
        "element_type": "node",
        "element_id": 2436325216,
        "country": "New Zealand",
        "unit_type": "generator"
      }
    },
    {
      "type": "Feature",
      "geometry": {
        "type": "Point",
        "coordinates": [
          175.7783061,
          -40.3517533
        ]
      },
      "properties": {
        "label": "Rejected node 2436325213",
        "type": "Capacity regex no match",
        "osm_element": "https://www.openstreetmap.org/node/2436325213",
        "rejection_reason": "Capacity regex no match",
        "rejection_details": "Tag 'generator:output:electricity' has value '660 kW' which could not be parsed",
        "rejection_keywords": "660 kW",
        "timestamp": "2026-04-24T03:47:34.281180",
        "element_type": "node",
        "element_id": 2436325213,
        "country": "New Zealand",
        "unit_type": "generator"
      }
    },
    {
      "type": "Feature",
      "geometry": {
        "type": "Point",
        "coordinates": [
          175.7789966,
          -40.3507605
        ]
      },
      "properties": {
        "label": "Rejected node 2436325210",
        "type": "Capacity regex no match",
        "osm_element": "https://www.openstreetmap.org/node/2436325210",
        "rejection_reason": "Capacity regex no match",
        "rejection_details": "Tag 'generator:output:electricity' has value '660 kW' which could not be parsed",
        "rejection_keywords": "660 kW",
        "timestamp": "2026-04-24T03:47:34.281197",
        "element_type": "node",
        "element_id": 2436325210,
        "country": "New Zealand",
        "unit_type": "generator"
      }
    },
    {
      "type": "Feature",
      "geometry": {
        "type": "Point",
        "coordinates": [
          175.7800235,
          -40.3500227
        ]
      },
      "properties": {
        "label": "Rejected node 2436325207",
        "type": "Capacity regex no match",
        "osm_element": "https://www.openstreetmap.org/node/2436325207",
        "rejection_reason": "Capacity regex no match",
        "rejection_details": "Tag 'generator:output:electricity' has value '660 kW' which could not be parsed",
        "rejection_keywords": "660 kW",
        "timestamp": "2026-04-24T03:47:34.281214",
        "element_type": "node",
        "element_id": 2436325207,
        "country": "New Zealand",
        "unit_type": "generator"
      }
    },
    {
      "type": "Feature",
      "geometry": {
        "type": "Point",
        "coordinates": [
          175.7813718,
          -40.3495134
        ]
      },
      "properties": {
        "label": "Rejected node 2436325203",
        "type": "Capacity regex no match",
        "osm_element": "https://www.openstreetmap.org/node/2436325203",
        "rejection_reason": "Capacity regex no match",
        "rejection_details": "Tag 'generator:output:electricity' has value '660 kW' which could not be parsed",
        "rejection_keywords": "660 kW",
        "timestamp": "2026-04-24T03:47:34.281230",
        "element_type": "node",
        "element_id": 2436325203,
        "country": "New Zealand",
        "unit_type": "generator"
      }
    },
    {
      "type": "Feature",
      "geometry": {
        "type": "Point",
        "coordinates": [
          175.7680527,
          -40.350706
        ]
      },
      "properties": {
        "label": "Rejected node 1789674029",
        "type": "Capacity regex no match",
        "osm_element": "https://www.openstreetmap.org/node/1789674029",
        "rejection_reason": "Capacity regex no match",
        "rejection_details": "Tag 'generator:output:electricity' has value '660 kW' which could not be parsed",
        "rejection_keywords": "660 kW",
        "timestamp": "2026-04-24T03:47:34.281248",
        "element_type": "node",
        "element_id": 1789674029,
        "country": "New Zealand",
        "unit_type": "generator"
      }
    },
    {
      "type": "Feature",
      "geometry": {
        "type": "Point",
        "coordinates": [
          175.7695333,
          -40.3493487
        ]
      },
      "properties": {
        "label": "Rejected node 1789674055",
        "type": "Capacity regex no match",
        "osm_element": "https://www.openstreetmap.org/node/1789674055",
        "rejection_reason": "Capacity regex no match",
        "rejection_details": "Tag 'generator:output:electricity' has value '660 kW' which could not be parsed",
        "rejection_keywords": "660 kW",
        "timestamp": "2026-04-24T03:47:34.281264",
        "element_type": "node",
        "element_id": 1789674055,
        "country": "New Zealand",
        "unit_type": "generator"
      }
    },
    {
      "type": "Feature",
      "geometry": {
        "type": "Point",
        "coordinates": [
          175.7704774,
          -40.3484174
        ]
      },
      "properties": {
        "label": "Rejected node 1789674019",
        "type": "Capacity regex no match",
        "osm_element": "https://www.openstreetmap.org/node/1789674019",
        "rejection_reason": "Capacity regex no match",
        "rejection_details": "Tag 'generator:output:electricity' has value '660 kW' which could not be parsed",
        "rejection_keywords": "660 kW",
        "timestamp": "2026-04-24T03:47:34.281281",
        "element_type": "node",
        "element_id": 1789674019,
        "country": "New Zealand",
        "unit_type": "generator"
      }
    },
    {
      "type": "Feature",
      "geometry": {
        "type": "Point",
        "coordinates": [
          175.7707456,
          -40.3471414
        ]
      },
      "properties": {
        "label": "Rejected node 1789674017",
        "type": "Capacity regex no match",
        "osm_element": "https://www.openstreetmap.org/node/1789674017",
        "rejection_reason": "Capacity regex no match",
        "rejection_details": "Tag 'generator:output:electricity' has value '660 kW' which could not be parsed",
        "rejection_keywords": "660 kW",
        "timestamp": "2026-04-24T03:47:34.281298",
        "element_type": "node",
        "element_id": 1789674017,
        "country": "New Zealand",
        "unit_type": "generator"
      }
    },
    {
      "type": "Feature",
      "geometry": {
        "type": "Point",
        "coordinates": [
          175.7599737,
          -40.3638843
        ]
      },
      "properties": {
        "label": "Rejected node 1785948958",
        "type": "Capacity regex no match",
        "osm_element": "https://www.openstreetmap.org/node/1785948958",
        "rejection_reason": "Capacity regex no match",
        "rejection_details": "Tag 'generator:output:electricity' has value '660 kW' which could not be parsed",
        "rejection_keywords": "660 kW",
        "timestamp": "2026-04-24T03:47:34.281316",
        "element_type": "node",
        "element_id": 1785948958,
        "country": "New Zealand",
        "unit_type": "generator"
      }
    },
    {
      "type": "Feature",
      "geometry": {
        "type": "Point",
        "coordinates": [
          175.7605423,
          -40.3628547
        ]
      },
      "properties": {
        "label": "Rejected node 1785949279",
        "type": "Capacity regex no match",
        "osm_element": "https://www.openstreetmap.org/node/1785949279",
        "rejection_reason": "Capacity regex no match",
        "rejection_details": "Tag 'generator:output:electricity' has value '660 kW' which could not be parsed",
        "rejection_keywords": "660 kW",
        "timestamp": "2026-04-24T03:47:34.281333",
        "element_type": "node",
        "element_id": 1785949279,
        "country": "New Zealand",
        "unit_type": "generator"
      }
    },
    {
      "type": "Feature",
      "geometry": {
        "type": "Point",
        "coordinates": [
          175.761387,
          -40.361989
        ]
      },
      "properties": {
        "label": "Rejected node 2436325272",
        "type": "Capacity regex no match",
        "osm_element": "https://www.openstreetmap.org/node/2436325272",
        "rejection_reason": "Capacity regex no match",
        "rejection_details": "Tag 'generator:output:electricity' has value '660 kW' which could not be parsed",
        "rejection_keywords": "660 kW",
        "timestamp": "2026-04-24T03:47:34.281349",
        "element_type": "node",
        "element_id": 2436325272,
        "country": "New Zealand",
        "unit_type": "generator"
      }
    },
    {
      "type": "Feature",
      "geometry": {
        "type": "Point",
        "coordinates": [
          175.7626822,
          -40.3614019
        ]
      },
      "properties": {
        "label": "Rejected node 2436325261",
        "type": "Capacity regex no match",
        "osm_element": "https://www.openstreetmap.org/node/2436325261",
        "rejection_reason": "Capacity regex no match",
        "rejection_details": "Tag 'generator:output:electricity' has value '660 kW' which could not be parsed",
        "rejection_keywords": "660 kW",
        "timestamp": "2026-04-24T03:47:34.281366",
        "element_type": "node",
        "element_id": 2436325261,
        "country": "New Zealand",
        "unit_type": "generator"
      }
    },
    {
      "type": "Feature",
      "geometry": {
        "type": "Point",
        "coordinates": [
          175.7645764,
          -40.3608109
        ]
      },
      "properties": {
        "label": "Rejected node 1785949087",
        "type": "Capacity regex no match",
        "osm_element": "https://www.openstreetmap.org/node/1785949087",
        "rejection_reason": "Capacity regex no match",
        "rejection_details": "Tag 'generator:output:electricity' has value '660 kW' which could not be parsed",
        "rejection_keywords": "660 kW",
        "timestamp": "2026-04-24T03:47:34.281383",
        "element_type": "node",
        "element_id": 1785949087,
        "country": "New Zealand",
        "unit_type": "generator"
      }
    },
    {
      "type": "Feature",
      "geometry": {
        "type": "Point",
        "coordinates": [
          175.7662823,
          -40.3606306
        ]
      },
      "properties": {
        "label": "Rejected node 1785949193",
        "type": "Capacity regex no match",
        "osm_element": "https://www.openstreetmap.org/node/1785949193",
        "rejection_reason": "Capacity regex no match",
        "rejection_details": "Tag 'generator:output:electricity' has value '660 kW' which could not be parsed",
        "rejection_keywords": "660 kW",
        "timestamp": "2026-04-24T03:47:34.281399",
        "element_type": "node",
        "element_id": 1785949193,
        "country": "New Zealand",
        "unit_type": "generator"
      }
    },
    {
      "type": "Feature",
      "geometry": {
        "type": "Point",
        "coordinates": [
          175.7670655,
          -40.3622493
        ]
      },
      "properties": {
        "label": "Rejected node 1785949096",
        "type": "Capacity regex no match",
        "osm_element": "https://www.openstreetmap.org/node/1785949096",
        "rejection_reason": "Capacity regex no match",
        "rejection_details": "Tag 'generator:output:electricity' has value '660 kW' which could not be parsed",
        "rejection_keywords": "660 kW",
        "timestamp": "2026-04-24T03:47:34.281416",
        "element_type": "node",
        "element_id": 1785949096,
        "country": "New Zealand",
        "unit_type": "generator"
      }
    },
    {
      "type": "Feature",
      "geometry": {
        "type": "Point",
        "coordinates": [
          175.767044,
          -40.363664
        ]
      },
      "properties": {
        "label": "Rejected node 1785949417",
        "type": "Capacity regex no match",
        "osm_element": "https://www.openstreetmap.org/node/1785949417",
        "rejection_reason": "Capacity regex no match",
        "rejection_details": "Tag 'generator:output:electricity' has value '660 kW' which could not be parsed",
        "rejection_keywords": "660 kW",
        "timestamp": "2026-04-24T03:47:34.281433",
        "element_type": "node",
        "element_id": 1785949417,
        "country": "New Zealand",
        "unit_type": "generator"
      }
    },
    {
      "type": "Feature",
      "geometry": {
        "type": "Point",
        "coordinates": [
          175.7686553,
          -40.3615105
        ]
      },
      "properties": {
        "label": "Rejected node 2436325266",
        "type": "Capacity regex no match",
        "osm_element": "https://www.openstreetmap.org/node/2436325266",
        "rejection_reason": "Capacity regex no match",
        "rejection_details": "Tag 'generator:output:electricity' has value '660 kW' which could not be parsed",
        "rejection_keywords": "660 kW",
        "timestamp": "2026-04-24T03:47:34.281450",
        "element_type": "node",
        "element_id": 2436325266,
        "country": "New Zealand",
        "unit_type": "generator"
      }
    },
    {
      "type": "Feature",
      "geometry": {
        "type": "Point",
        "coordinates": [
          175.7676033,
          -40.3595503
        ]
      },
      "properties": {
        "label": "Rejected node 2436325250",
        "type": "Capacity regex no match",
        "osm_element": "https://www.openstreetmap.org/node/2436325250",
        "rejection_reason": "Capacity regex no match",
        "rejection_details": "Tag 'generator:output:electricity' has value '660 kW' which could not be parsed",
        "rejection_keywords": "660 kW",
        "timestamp": "2026-04-24T03:47:34.281468",
        "element_type": "node",
        "element_id": 2436325250,
        "country": "New Zealand",
        "unit_type": "generator"
      }
    },
    {
      "type": "Feature",
      "geometry": {
        "type": "Point",
        "coordinates": [
          175.7690161,
          -40.3591133
        ]
      },
      "properties": {
        "label": "Rejected node 2436325244",
        "type": "Capacity regex no match",
        "osm_element": "https://www.openstreetmap.org/node/2436325244",
        "rejection_reason": "Capacity regex no match",
        "rejection_details": "Tag 'generator:output:electricity' has value '660 kW' which could not be parsed",
        "rejection_keywords": "660 kW",
        "timestamp": "2026-04-24T03:47:34.281484",
        "element_type": "node",
        "element_id": 2436325244,
        "country": "New Zealand",
        "unit_type": "generator"
      }
    },
    {
      "type": "Feature",
      "geometry": {
        "type": "Point",
        "coordinates": [
          175.7719491,
          -40.3599916
        ]
      },
      "properties": {
        "label": "Rejected node 2436325259",
        "type": "Capacity regex no match",
        "osm_element": "https://www.openstreetmap.org/node/2436325259",
        "rejection_reason": "Capacity regex no match",
        "rejection_details": "Tag 'generator:output:electricity' has value '660 kW' which could not be parsed",
        "rejection_keywords": "660 kW",
        "timestamp": "2026-04-24T03:47:34.281501",
        "element_type": "node",
        "element_id": 2436325259,
        "country": "New Zealand",
        "unit_type": "generator"
      }
    },
    {
      "type": "Feature",
      "geometry": {
        "type": "Point",
        "coordinates": [
          175.7736571,
          -40.3593487
        ]
      },
      "properties": {
        "label": "Rejected node 2436325247",
        "type": "Capacity regex no match",
        "osm_element": "https://www.openstreetmap.org/node/2436325247",
        "rejection_reason": "Capacity regex no match",
        "rejection_details": "Tag 'generator:output:electricity' has value '660 kW' which could not be parsed",
        "rejection_keywords": "660 kW",
        "timestamp": "2026-04-24T03:47:34.281518",
        "element_type": "node",
        "element_id": 2436325247,
        "country": "New Zealand",
        "unit_type": "generator"
      }
    },
    {
      "type": "Feature",
      "geometry": {
        "type": "Point",
        "coordinates": [
          175.7748398,
          -40.3585841
        ]
      },
      "properties": {
        "label": "Rejected node 2436325241",
        "type": "Capacity regex no match",
        "osm_element": "https://www.openstreetmap.org/node/2436325241",
        "rejection_reason": "Capacity regex no match",
        "rejection_details": "Tag 'generator:output:electricity' has value '660 kW' which could not be parsed",
        "rejection_keywords": "660 kW",
        "timestamp": "2026-04-24T03:47:34.281535",
        "element_type": "node",
        "element_id": 2436325241,
        "country": "New Zealand",
        "unit_type": "generator"
      }
    },
    {
      "type": "Feature",
      "geometry": {
        "type": "Point",
        "coordinates": [
          175.7759753,
          -40.3574922
        ]
      },
      "properties": {
        "label": "Rejected node 2436325235",
        "type": "Capacity regex no match",
        "osm_element": "https://www.openstreetmap.org/node/2436325235",
        "rejection_reason": "Capacity regex no match",
        "rejection_details": "Tag 'generator:output:electricity' has value '660 kW' which could not be parsed",
        "rejection_keywords": "660 kW",
        "timestamp": "2026-04-24T03:47:34.281551",
        "element_type": "node",
        "element_id": 2436325235,
        "country": "New Zealand",
        "unit_type": "generator"
      }
    },
    {
      "type": "Feature",
      "geometry": {
        "type": "Point",
        "coordinates": [
          175.7698668,
          -40.3581424
        ]
      },
      "properties": {
        "label": "Rejected node 2436325238",
        "type": "Capacity regex no match",
        "osm_element": "https://www.openstreetmap.org/node/2436325238",
        "rejection_reason": "Capacity regex no match",
        "rejection_details": "Tag 'generator:output:electricity' has value '660 kW' which could not be parsed",
        "rejection_keywords": "660 kW",
        "timestamp": "2026-04-24T03:47:34.281568",
        "element_type": "node",
        "element_id": 2436325238,
        "country": "New Zealand",
        "unit_type": "generator"
      }
    },
    {
      "type": "Feature",
      "geometry": {
        "type": "Point",
        "coordinates": [
          175.7707149,
          -40.35729
        ]
      },
      "properties": {
        "label": "Rejected node 2436325232",
        "type": "Capacity regex no match",
        "osm_element": "https://www.openstreetmap.org/node/2436325232",
        "rejection_reason": "Capacity regex no match",
        "rejection_details": "Tag 'generator:output:electricity' has value '660 kW' which could not be parsed",
        "rejection_keywords": "660 kW",
        "timestamp": "2026-04-24T03:47:34.281585",
        "element_type": "node",
        "element_id": 2436325232,
        "country": "New Zealand",
        "unit_type": "generator"
      }
    },
    {
      "type": "Feature",
      "geometry": {
        "type": "Point",
        "coordinates": [
          175.7724232,
          -40.3570902
        ]
      },
      "properties": {
        "label": "Rejected node 2436325229",
        "type": "Capacity regex no match",
        "osm_element": "https://www.openstreetmap.org/node/2436325229",
        "rejection_reason": "Capacity regex no match",
        "rejection_details": "Tag 'generator:output:electricity' has value '660 kW' which could not be parsed",
        "rejection_keywords": "660 kW",
        "timestamp": "2026-04-24T03:47:34.281602",
        "element_type": "node",
        "element_id": 2436325229,
        "country": "New Zealand",
        "unit_type": "generator"
      }
    },
    {
      "type": "Feature",
      "geometry": {
        "type": "Point",
        "coordinates": [
          175.7731058,
          -40.3561182
        ]
      },
      "properties": {
        "label": "Rejected node 1785949002",
        "type": "Capacity regex no match",
        "osm_element": "https://www.openstreetmap.org/node/1785949002",
        "rejection_reason": "Capacity regex no match",
        "rejection_details": "Tag 'generator:output:electricity' has value '660 kW' which could not be parsed",
        "rejection_keywords": "660 kW",
        "timestamp": "2026-04-24T03:47:34.281618",
        "element_type": "node",
        "element_id": 1785949002,
        "country": "New Zealand",
        "unit_type": "generator"
      }
    },
    {
      "type": "Feature",
      "geometry": {
        "type": "Point",
        "coordinates": [
          175.773959,
          -40.3552586
        ]
      },
      "properties": {
        "label": "Rejected node 2436325226",
        "type": "Capacity regex no match",
        "osm_element": "https://www.openstreetmap.org/node/2436325226",
        "rejection_reason": "Capacity regex no match",
        "rejection_details": "Tag 'generator:output:electricity' has value '660 kW' which could not be parsed",
        "rejection_keywords": "660 kW",
        "timestamp": "2026-04-24T03:47:34.281634",
        "element_type": "node",
        "element_id": 2436325226,
        "country": "New Zealand",
        "unit_type": "generator"
      }
    },
    {
      "type": "Feature",
      "geometry": {
        "type": "Point",
        "coordinates": [
          175.774271,
          -40.3540446
        ]
      },
      "properties": {
        "label": "Rejected node 2436325220",
        "type": "Capacity regex no match",
        "osm_element": "https://www.openstreetmap.org/node/2436325220",
        "rejection_reason": "Capacity regex no match",
        "rejection_details": "Tag 'generator:output:electricity' has value '660 kW' which could not be parsed",
        "rejection_keywords": "660 kW",
        "timestamp": "2026-04-24T03:47:34.281651",
        "element_type": "node",
        "element_id": 2436325220,
        "country": "New Zealand",
        "unit_type": "generator"
      }
    },
    {
      "type": "Feature",
      "geometry": {
        "type": "Point",
        "coordinates": [
          175.7769162,
          -40.3552282
        ]
      },
      "properties": {
        "label": "Rejected node 2436325222",
        "type": "Capacity regex no match",
        "osm_element": "https://www.openstreetmap.org/node/2436325222",
        "rejection_reason": "Capacity regex no match",
        "rejection_details": "Tag 'generator:output:electricity' has value '660 kW' which could not be parsed",
        "rejection_keywords": "660 kW",
        "timestamp": "2026-04-24T03:47:34.281667",
        "element_type": "node",
        "element_id": 2436325222,
        "country": "New Zealand",
        "unit_type": "generator"
      }
    },
    {
      "type": "Feature",
      "geometry": {
        "type": "Point",
        "coordinates": [
          174.669979,
          -41.2928655
        ]
      },
      "properties": {
        "label": "Rejected node 2436269893",
        "type": "Missing output tag",
        "osm_element": "https://www.openstreetmap.org/node/2436269893",
        "rejection_reason": "Missing output tag",
        "rejection_details": "tags: {'generator:method': 'wind_turbine', 'generator:source': 'wind', 'power': 'generator', 'source': 'LINZ'}",
        "rejection_keywords": "none",
        "timestamp": "2026-04-24T03:47:34.288176",
        "element_type": "node",
        "element_id": 2436269893,
        "country": "New Zealand",
        "unit_type": "generator"
      }
    },
    {
      "type": "Feature",
      "geometry": {
        "type": "Point",
        "coordinates": [
          174.6745594,
          -41.2982572
        ]
      },
      "properties": {
        "label": "Rejected node 2436269895",
        "type": "Missing output tag",
        "osm_element": "https://www.openstreetmap.org/node/2436269895",
        "rejection_reason": "Missing output tag",
        "rejection_details": "tags: {'generator:method': 'wind_turbine', 'generator:source': 'wind', 'power': 'generator', 'source': 'LINZ'}",
        "rejection_keywords": "none",
        "timestamp": "2026-04-24T03:47:34.288341",
        "element_type": "node",
        "element_id": 2436269895,
        "country": "New Zealand",
        "unit_type": "generator"
      }
    },
    {
      "type": "Feature",
      "geometry": {
        "type": "Point",
        "coordinates": [
          174.6748756,
          -41.3013315
        ]
      },
      "properties": {
        "label": "Rejected node 2436269901",
        "type": "Missing output tag",
        "osm_element": "https://www.openstreetmap.org/node/2436269901",
        "rejection_reason": "Missing output tag",
        "rejection_details": "tags: {'generator:method': 'wind_turbine', 'generator:source': 'wind', 'power': 'generator', 'source': 'LINZ'}",
        "rejection_keywords": "none",
        "timestamp": "2026-04-24T03:47:34.288502",
        "element_type": "node",
        "element_id": 2436269901,
        "country": "New Zealand",
        "unit_type": "generator"
      }
    },
    {
      "type": "Feature",
      "geometry": {
        "type": "Point",
        "coordinates": [
          174.6728093,
          -41.3035561
        ]
      },
      "properties": {
        "label": "Rejected node 2436269903",
        "type": "Missing output tag",
        "osm_element": "https://www.openstreetmap.org/node/2436269903",
        "rejection_reason": "Missing output tag",
        "rejection_details": "tags: {'generator:method': 'wind_turbine', 'generator:source': 'wind', 'power': 'generator', 'source': 'LINZ'}",
        "rejection_keywords": "none",
        "timestamp": "2026-04-24T03:47:34.288662",
        "element_type": "node",
        "element_id": 2436269903,
        "country": "New Zealand",
        "unit_type": "generator"
      }
    },
    {
      "type": "Feature",
      "geometry": {
        "type": "Point",
        "coordinates": [
          174.671021,
          -41.3067842
        ]
      },
      "properties": {
        "label": "Rejected node 2436269906",
        "type": "Missing output tag",
        "osm_element": "https://www.openstreetmap.org/node/2436269906",
        "rejection_reason": "Missing output tag",
        "rejection_details": "tags: {'LINZ:dataset': 'mainland', 'LINZ:layer': 'windmill_pnt', 'LINZ:source_version': '2012-06-06', 'attribution': 'http://wiki.osm.org/wiki/Attribution#LINZ', 'generator:source': 'wind', 'power': 'generator', 'source_ref': 'http://www.linz.govt.nz/topography/topo-maps/'}",
        "rejection_keywords": "none",
        "timestamp": "2026-04-24T03:47:34.288813",
        "element_type": "node",
        "element_id": 2436269906,
        "country": "New Zealand",
        "unit_type": "generator"
      }
    },
    {
      "type": "Feature",
      "geometry": {
        "type": "Point",
        "coordinates": [
          174.6712153,
          -41.3097468
        ]
      },
      "properties": {
        "label": "Rejected node 2436269909",
        "type": "Missing output tag",
        "osm_element": "https://www.openstreetmap.org/node/2436269909",
        "rejection_reason": "Missing output tag",
        "rejection_details": "tags: {'generator:method': 'wind_turbine', 'generator:source': 'wind', 'power': 'generator', 'source': 'LINZ'}",
        "rejection_keywords": "none",
        "timestamp": "2026-04-24T03:47:34.288986",
        "element_type": "node",
        "element_id": 2436269909,
        "country": "New Zealand",
        "unit_type": "generator"
      }
    },
    {
      "type": "Feature",
      "geometry": {
        "type": "Point",
        "coordinates": [
          174.6719924,
          -41.3134207
        ]
      },
      "properties": {
        "label": "Rejected node 2436269915",
        "type": "Missing output tag",
        "osm_element": "https://www.openstreetmap.org/node/2436269915",
        "rejection_reason": "Missing output tag",
        "rejection_details": "tags: {'LINZ:dataset': 'mainland', 'LINZ:layer': 'windmill_pnt', 'LINZ:source_version': '2012-06-06', 'attribution': 'http://wiki.osm.org/wiki/Attribution#LINZ', 'generator:source': 'wind', 'power': 'generator', 'source_ref': 'http://www.linz.govt.nz/topography/topo-maps/'}",
        "rejection_keywords": "none",
        "timestamp": "2026-04-24T03:47:34.289140",
        "element_type": "node",
        "element_id": 2436269915,
        "country": "New Zealand",
        "unit_type": "generator"
      }
    },
    {
      "type": "Feature",
      "geometry": {
        "type": "Point",
        "coordinates": [
          174.6706454,
          -41.3164968
        ]
      },
      "properties": {
        "label": "Rejected node 2436269918",
        "type": "Missing output tag",
        "osm_element": "https://www.openstreetmap.org/node/2436269918",
        "rejection_reason": "Missing output tag",
        "rejection_details": "tags: {'LINZ:dataset': 'mainland', 'LINZ:layer': 'windmill_pnt', 'LINZ:source_version': '2012-06-06', 'attribution': 'http://wiki.osm.org/wiki/Attribution#LINZ', 'generator:source': 'wind', 'power': 'generator', 'source_ref': 'http://www.linz.govt.nz/topography/topo-maps/'}",
        "rejection_keywords": "none",
        "timestamp": "2026-04-24T03:47:34.289293",
        "element_type": "node",
        "element_id": 2436269918,
        "country": "New Zealand",
        "unit_type": "generator"
      }
    },
    {
      "type": "Feature",
      "geometry": {
        "type": "Point",
        "coordinates": [
          174.6687817,
          -41.3191214
        ]
      },
      "properties": {
        "label": "Rejected node 2436269921",
        "type": "Missing output tag",
        "osm_element": "https://www.openstreetmap.org/node/2436269921",
        "rejection_reason": "Missing output tag",
        "rejection_details": "tags: {'LINZ:dataset': 'mainland', 'LINZ:layer': 'windmill_pnt', 'LINZ:source_version': '2012-06-06', 'attribution': 'http://wiki.osm.org/wiki/Attribution#LINZ', 'generator:source': 'wind', 'power': 'generator', 'source_ref': 'http://www.linz.govt.nz/topography/topo-maps/'}",
        "rejection_keywords": "none",
        "timestamp": "2026-04-24T03:47:34.289443",
        "element_type": "node",
        "element_id": 2436269921,
        "country": "New Zealand",
        "unit_type": "generator"
      }
    },
    {
      "type": "Feature",
      "geometry": {
        "type": "Point",
        "coordinates": [
          174.6676783,
          -41.3230225
        ]
      },
      "properties": {
        "label": "Rejected node 2436269923",
        "type": "Missing output tag",
        "osm_element": "https://www.openstreetmap.org/node/2436269923",
        "rejection_reason": "Missing output tag",
        "rejection_details": "tags: {'LINZ:dataset': 'mainland', 'LINZ:layer': 'windmill_pnt', 'LINZ:source_version': '2012-06-06', 'attribution': 'http://wiki.osm.org/wiki/Attribution#LINZ', 'generator:source': 'wind', 'power': 'generator', 'source_ref': 'http://www.linz.govt.nz/topography/topo-maps/'}",
        "rejection_keywords": "none",
        "timestamp": "2026-04-24T03:47:34.289594",
        "element_type": "node",
        "element_id": 2436269923,
        "country": "New Zealand",
        "unit_type": "generator"
      }
    },
    {
      "type": "Feature",
      "geometry": {
        "type": "Point",
        "coordinates": [
          174.6712589,
          -41.3242358
        ]
      },
      "properties": {
        "label": "Rejected node 2436269926",
        "type": "Missing output tag",
        "osm_element": "https://www.openstreetmap.org/node/2436269926",
        "rejection_reason": "Missing output tag",
        "rejection_details": "tags: {'generator:method': 'wind_turbine', 'generator:source': 'wind', 'power': 'generator', 'source': 'LINZ'}",
        "rejection_keywords": "none",
        "timestamp": "2026-04-24T03:47:34.289752",
        "element_type": "node",
        "element_id": 2436269926,
        "country": "New Zealand",
        "unit_type": "generator"
      }
    },
    {
      "type": "Feature",
      "geometry": {
        "type": "Point",
        "coordinates": [
          174.6658061,
          -41.3247403
        ]
      },
      "properties": {
        "label": "Rejected node 2436269930",
        "type": "Missing output tag",
        "osm_element": "https://www.openstreetmap.org/node/2436269930",
        "rejection_reason": "Missing output tag",
        "rejection_details": "tags: {'LINZ:dataset': 'mainland', 'LINZ:layer': 'windmill_pnt', 'LINZ:source_version': '2012-06-06', 'attribution': 'http://wiki.osm.org/wiki/Attribution#LINZ', 'generator:source': 'wind', 'power': 'generator', 'source_ref': 'http://www.linz.govt.nz/topography/topo-maps/'}",
        "rejection_keywords": "none",
        "timestamp": "2026-04-24T03:47:34.289903",
        "element_type": "node",
        "element_id": 2436269930,
        "country": "New Zealand",
        "unit_type": "generator"
      }
    },
    {
      "type": "Feature",
      "geometry": {
        "type": "Point",
        "coordinates": [
          174.6653012,
          -41.3276586
        ]
      },
      "properties": {
        "label": "Rejected node 2436269932",
        "type": "Missing output tag",
        "osm_element": "https://www.openstreetmap.org/node/2436269932",
        "rejection_reason": "Missing output tag",
        "rejection_details": "tags: {'LINZ:dataset': 'mainland', 'LINZ:layer': 'windmill_pnt', 'LINZ:source_version': '2012-06-06', 'attribution': 'http://wiki.osm.org/wiki/Attribution#LINZ', 'generator:source': 'wind', 'power': 'generator', 'source_ref': 'http://www.linz.govt.nz/topography/topo-maps/'}",
        "rejection_keywords": "none",
        "timestamp": "2026-04-24T03:47:34.290067",
        "element_type": "node",
        "element_id": 2436269932,
        "country": "New Zealand",
        "unit_type": "generator"
      }
    },
    {
      "type": "Feature",
      "geometry": {
        "type": "Point",
        "coordinates": [
          174.6633515,
          -41.3292543
        ]
      },
      "properties": {
        "label": "Rejected node 2436269933",
        "type": "Missing output tag",
        "osm_element": "https://www.openstreetmap.org/node/2436269933",
        "rejection_reason": "Missing output tag",
        "rejection_details": "tags: {'LINZ:dataset': 'mainland', 'LINZ:layer': 'windmill_pnt', 'LINZ:source_version': '2012-06-06', 'attribution': 'http://wiki.osm.org/wiki/Attribution#LINZ', 'generator:source': 'wind', 'power': 'generator', 'source_ref': 'http://www.linz.govt.nz/topography/topo-maps/'}",
        "rejection_keywords": "none",
        "timestamp": "2026-04-24T03:47:34.290219",
        "element_type": "node",
        "element_id": 2436269933,
        "country": "New Zealand",
        "unit_type": "generator"
      }
    },
    {
      "type": "Feature",
      "geometry": {
        "type": "Point",
        "coordinates": [
          174.6673713,
          -41.3302038
        ]
      },
      "properties": {
        "label": "Rejected node 2436269934",
        "type": "Missing output tag",
        "osm_element": "https://www.openstreetmap.org/node/2436269934",
        "rejection_reason": "Missing output tag",
        "rejection_details": "tags: {'LINZ:dataset': 'mainland', 'LINZ:layer': 'windmill_pnt', 'LINZ:source_version': '2012-06-06', 'attribution': 'http://wiki.osm.org/wiki/Attribution#LINZ', 'generator:source': 'wind', 'power': 'generator', 'source_ref': 'http://www.linz.govt.nz/topography/topo-maps/'}",
        "rejection_keywords": "none",
        "timestamp": "2026-04-24T03:47:34.290370",
        "element_type": "node",
        "element_id": 2436269934,
        "country": "New Zealand",
        "unit_type": "generator"
      }
    },
    {
      "type": "Feature",
      "geometry": {
        "type": "Point",
        "coordinates": [
          174.699975,
          -41.2262798
        ]
      },
      "properties": {
        "label": "Rejected node 2436269766",
        "type": "Capacity placeholder value",
        "osm_element": "https://www.openstreetmap.org/node/2436269766",
        "rejection_reason": "Capacity placeholder value",
        "rejection_details": "Tag 'generator:output:electricity' contains placeholder value 'yes' instead of actual capacity",
        "rejection_keywords": "yes",
        "timestamp": "2026-04-24T03:47:34.290596",
        "element_type": "node",
        "element_id": 2436269766,
        "country": "New Zealand",
        "unit_type": "generator"
      }
    },
    {
      "type": "Feature",
      "geometry": {
        "type": "Point",
        "coordinates": [
          174.7263946,
          -41.2160988
        ]
      },
      "properties": {
        "label": "Rejected node 4512701024",
        "type": "Missing output tag",
        "osm_element": "https://www.openstreetmap.org/node/4512701024",
        "rejection_reason": "Missing output tag",
        "rejection_details": "tags: {'generator:method': 'wind_turbine', 'generator:source': 'wind', 'generator:type': 'horizontal_axis', 'power': 'generator'}",
        "rejection_keywords": "none",
        "timestamp": "2026-04-24T03:47:34.294694",
        "element_type": "node",
        "element_id": 4512701024,
        "country": "New Zealand",
        "unit_type": "generator"
      }
    },
    {
      "type": "Feature",
      "geometry": {
        "type": "Point",
        "coordinates": [
          174.1253296,
          -41.8887003
        ]
      },
      "properties": {
        "label": "Rejected node 5006520839",
        "type": "Capacity regex no match",
        "osm_element": "https://www.openstreetmap.org/node/5006520839",
        "rejection_reason": "Capacity regex no match",
        "rejection_details": "Tag 'generator:output:electricity' has value '250 kW' which could not be parsed",
        "rejection_keywords": "250 kW",
        "timestamp": "2026-04-24T03:47:34.303693",
        "element_type": "node",
        "element_id": 5006520839,
        "country": "New Zealand",
        "unit_type": "generator"
      }
    },
    {
      "type": "Feature",
      "geometry": {
        "type": "Point",
        "coordinates": [
          174.1242024,
          -41.8900501
        ]
      },
      "properties": {
        "label": "Rejected node 5006518375",
        "type": "Capacity regex no match",
        "osm_element": "https://www.openstreetmap.org/node/5006518375",
        "rejection_reason": "Capacity regex no match",
        "rejection_details": "Tag 'generator:output:electricity' has value '250 kW' which could not be parsed",
        "rejection_keywords": "250 kW",
        "timestamp": "2026-04-24T03:47:34.303720",
        "element_type": "node",
        "element_id": 5006518375,
        "country": "New Zealand",
        "unit_type": "generator"
      }
    },
    {
      "type": "Feature",
      "geometry": {
        "type": "Point",
        "coordinates": [
          174.1251787,
          -41.8918833
        ]
      },
      "properties": {
        "label": "Rejected node 5006518371",
        "type": "Capacity regex no match",
        "osm_element": "https://www.openstreetmap.org/node/5006518371",
        "rejection_reason": "Capacity regex no match",
        "rejection_details": "Tag 'generator:output:electricity' has value '250 kW' which could not be parsed",
        "rejection_keywords": "250 kW",
        "timestamp": "2026-04-24T03:47:34.303742",
        "element_type": "node",
        "element_id": 5006518371,
        "country": "New Zealand",
        "unit_type": "generator"
      }
    },
    {
      "type": "Feature",
      "geometry": {
        "type": "Point",
        "coordinates": [
          174.12196,
          -41.8890456
        ]
      },
      "properties": {
        "label": "Rejected node 5006518369",
        "type": "Capacity regex no match",
        "osm_element": "https://www.openstreetmap.org/node/5006518369",
        "rejection_reason": "Capacity regex no match",
        "rejection_details": "Tag 'generator:output:electricity' has value '250 kW' which could not be parsed",
        "rejection_keywords": "250 kW",
        "timestamp": "2026-04-24T03:47:34.303762",
        "element_type": "node",
        "element_id": 5006518369,
        "country": "New Zealand",
        "unit_type": "generator"
      }
    },
    {
      "type": "Feature",
      "geometry": {
        "type": "Point",
        "coordinates": [
          174.1620808,
          -41.8453922
        ]
      },
      "properties": {
        "label": "Rejected node 5645482519",
        "type": "Capacity placeholder value",
        "osm_element": "https://www.openstreetmap.org/node/5645482519",
        "rejection_reason": "Capacity placeholder value",
        "rejection_details": "Tag 'generator:output:electricity' contains placeholder value 'yes' instead of actual capacity",
        "rejection_keywords": "yes",
        "timestamp": "2026-04-24T03:47:34.319925",
        "element_type": "node",
        "element_id": 5645482519,
        "country": "New Zealand",
        "unit_type": "generator"
      }
    },
    {
      "type": "Feature",
      "geometry": {
        "type": "Point",
        "coordinates": [
          174.1620754,
          -41.8463593
        ]
      },
      "properties": {
        "label": "Rejected node 5645482518",
        "type": "Capacity placeholder value",
        "osm_element": "https://www.openstreetmap.org/node/5645482518",
        "rejection_reason": "Capacity placeholder value",
        "rejection_details": "Tag 'generator:output:electricity' contains placeholder value 'yes' instead of actual capacity",
        "rejection_keywords": "yes",
        "timestamp": "2026-04-24T03:47:34.319944",
        "element_type": "node",
        "element_id": 5645482518,
        "country": "New Zealand",
        "unit_type": "generator"
      }
    },
    {
      "type": "Feature",
      "geometry": {
        "type": "Point",
        "coordinates": [
          174.1626065,
          -41.8447927
        ]
      },
      "properties": {
        "label": "Rejected node 5645482520",
        "type": "Capacity placeholder value",
        "osm_element": "https://www.openstreetmap.org/node/5645482520",
        "rejection_reason": "Capacity placeholder value",
        "rejection_details": "Tag 'generator:output:electricity' contains placeholder value 'yes' instead of actual capacity",
        "rejection_keywords": "yes",
        "timestamp": "2026-04-24T03:47:34.319980",
        "element_type": "node",
        "element_id": 5645482520,
        "country": "New Zealand",
        "unit_type": "generator"
      }
    },
    {
      "type": "Feature",
      "geometry": {
        "type": "Point",
        "coordinates": [
          169.7751214,
          -46.057442
        ]
      },
      "properties": {
        "label": "Rejected node 4170914169",
        "type": "Capacity regex no match",
        "osm_element": "https://www.openstreetmap.org/node/4170914169",
        "rejection_reason": "Capacity regex no match",
        "rejection_details": "Tag 'generator:output:electricity' has value '850 kW' which could not be parsed",
        "rejection_keywords": "850 kW",
        "timestamp": "2026-04-24T03:47:34.326473",
        "element_type": "node",
        "element_id": 4170914169,
        "country": "New Zealand",
        "unit_type": "generator"
      }
    },
    {
      "type": "Feature",
      "geometry": {
        "type": "Point",
        "coordinates": [
          169.7751774,
          -46.056099
        ]
      },
      "properties": {
        "label": "Rejected node 4170914167",
        "type": "Capacity regex no match",
        "osm_element": "https://www.openstreetmap.org/node/4170914167",
        "rejection_reason": "Capacity regex no match",
        "rejection_details": "Tag 'generator:output:electricity' has value '850 kW' which could not be parsed",
        "rejection_keywords": "850 kW",
        "timestamp": "2026-04-24T03:47:34.326504",
        "element_type": "node",
        "element_id": 4170914167,
        "country": "New Zealand",
        "unit_type": "generator"
      }
    },
    {
      "type": "Feature",
      "geometry": {
        "type": "Point",
        "coordinates": [
          169.7752515,
          -46.0551981
        ]
      },
      "properties": {
        "label": "Rejected node 4170914389",
        "type": "Capacity regex no match",
        "osm_element": "https://www.openstreetmap.org/node/4170914389",
        "rejection_reason": "Capacity regex no match",
        "rejection_details": "Tag 'generator:output:electricity' has value '850 kW' which could not be parsed",
        "rejection_keywords": "850 kW",
        "timestamp": "2026-04-24T03:47:34.326528",
        "element_type": "node",
        "element_id": 4170914389,
        "country": "New Zealand",
        "unit_type": "generator"
      }
    },
    {
      "type": "Feature",
      "geometry": {
        "type": "Point",
        "coordinates": [
          169.7749043,
          -46.0543012
        ]
      },
      "properties": {
        "label": "Rejected node 4170914394",
        "type": "Capacity regex no match",
        "osm_element": "https://www.openstreetmap.org/node/4170914394",
        "rejection_reason": "Capacity regex no match",
        "rejection_details": "Tag 'generator:output:electricity' has value '850 kW' which could not be parsed",
        "rejection_keywords": "850 kW",
        "timestamp": "2026-04-24T03:47:34.326549",
        "element_type": "node",
        "element_id": 4170914394,
        "country": "New Zealand",
        "unit_type": "generator"
      }
    },
    {
      "type": "Feature",
      "geometry": {
        "type": "Point",
        "coordinates": [
          169.775347,
          -46.0533919
        ]
      },
      "properties": {
        "label": "Rejected node 4170914171",
        "type": "Capacity regex no match",
        "osm_element": "https://www.openstreetmap.org/node/4170914171",
        "rejection_reason": "Capacity regex no match",
        "rejection_details": "Tag 'generator:output:electricity' has value '850 kW' which could not be parsed",
        "rejection_keywords": "850 kW",
        "timestamp": "2026-04-24T03:47:34.326568",
        "element_type": "node",
        "element_id": 4170914171,
        "country": "New Zealand",
        "unit_type": "generator"
      }
    },
    {
      "type": "Feature",
      "geometry": {
        "type": "Point",
        "coordinates": [
          169.7760503,
          -46.0525183
        ]
      },
      "properties": {
        "label": "Rejected node 4170914168",
        "type": "Capacity regex no match",
        "osm_element": "https://www.openstreetmap.org/node/4170914168",
        "rejection_reason": "Capacity regex no match",
        "rejection_details": "Tag 'generator:output:electricity' has value '850 kW' which could not be parsed",
        "rejection_keywords": "850 kW",
        "timestamp": "2026-04-24T03:47:34.326586",
        "element_type": "node",
        "element_id": 4170914168,
        "country": "New Zealand",
        "unit_type": "generator"
      }
    },
    {
      "type": "Feature",
      "geometry": {
        "type": "Point",
        "coordinates": [
          169.7760776,
          -46.0516347
        ]
      },
      "properties": {
        "label": "Rejected node 4170914185",
        "type": "Capacity regex no match",
        "osm_element": "https://www.openstreetmap.org/node/4170914185",
        "rejection_reason": "Capacity regex no match",
        "rejection_details": "Tag 'generator:output:electricity' has value '850 kW' which could not be parsed",
        "rejection_keywords": "850 kW",
        "timestamp": "2026-04-24T03:47:34.326604",
        "element_type": "node",
        "element_id": 4170914185,
        "country": "New Zealand",
        "unit_type": "generator"
      }
    },
    {
      "type": "Feature",
      "geometry": {
        "type": "Point",
        "coordinates": [
          169.7767857,
          -46.0507404
        ]
      },
      "properties": {
        "label": "Rejected node 4170914395",
        "type": "Capacity regex no match",
        "osm_element": "https://www.openstreetmap.org/node/4170914395",
        "rejection_reason": "Capacity regex no match",
        "rejection_details": "Tag 'generator:output:electricity' has value '850 kW' which could not be parsed",
        "rejection_keywords": "850 kW",
        "timestamp": "2026-04-24T03:47:34.326623",
        "element_type": "node",
        "element_id": 4170914395,
        "country": "New Zealand",
        "unit_type": "generator"
      }
    },
    {
      "type": "Feature",
      "geometry": {
        "type": "Point",
        "coordinates": [
          169.7768247,
          -46.0498375
        ]
      },
      "properties": {
        "label": "Rejected node 4170914391",
        "type": "Capacity regex no match",
        "osm_element": "https://www.openstreetmap.org/node/4170914391",
        "rejection_reason": "Capacity regex no match",
        "rejection_details": "Tag 'generator:output:electricity' has value '850 kW' which could not be parsed",
        "rejection_keywords": "850 kW",
        "timestamp": "2026-04-24T03:47:34.326642",
        "element_type": "node",
        "element_id": 4170914391,
        "country": "New Zealand",
        "unit_type": "generator"
      }
    },
    {
      "type": "Feature",
      "geometry": {
        "type": "Point",
        "coordinates": [
          168.2871893,
          -46.5810965
        ]
      },
      "properties": {
        "label": "Rejected node 5951172512",
        "type": "Capacity regex no match",
        "osm_element": "https://www.openstreetmap.org/node/5951172512",
        "rejection_reason": "Capacity regex no match",
        "rejection_details": "Tag 'generator:output:electricity' has value '850 kW' which could not be parsed",
        "rejection_keywords": "850 kW",
        "timestamp": "2026-04-24T03:47:34.331743",
        "element_type": "node",
        "element_id": 5951172512,
        "country": "New Zealand",
        "unit_type": "generator"
      }
    },
    {
      "type": "Feature",
      "geometry": {
        "type": "Point",
        "coordinates": [
          168.2873908,
          -46.5843574
        ]
      },
      "properties": {
        "label": "Rejected node 5951172509",
        "type": "Capacity regex no match",
        "osm_element": "https://www.openstreetmap.org/node/5951172509",
        "rejection_reason": "Capacity regex no match",
        "rejection_details": "Tag 'generator:output:electricity' has value '850 kW' which could not be parsed",
        "rejection_keywords": "850 kW",
        "timestamp": "2026-04-24T03:47:34.331774",
        "element_type": "node",
        "element_id": 5951172509,
        "country": "New Zealand",
        "unit_type": "generator"
      }
    },
    {
      "type": "Feature",
      "geometry": {
        "type": "Point",
        "coordinates": [
          168.2842663,
          -46.5843596
        ]
      },
      "properties": {
        "label": "Rejected node 5951172506",
        "type": "Capacity regex no match",
        "osm_element": "https://www.openstreetmap.org/node/5951172506",
        "rejection_reason": "Capacity regex no match",
        "rejection_details": "Tag 'generator:output:electricity' has value '850 kW' which could not be parsed",
        "rejection_keywords": "850 kW",
        "timestamp": "2026-04-24T03:47:34.331798",
        "element_type": "node",
        "element_id": 5951172506,
        "country": "New Zealand",
        "unit_type": "generator"
      }
    },
    {
      "type": "Feature",
      "geometry": {
        "type": "Point",
        "coordinates": [
          168.2828704,
          -46.5815618
        ]
      },
      "properties": {
        "label": "Rejected node 5951172505",
        "type": "Capacity regex no match",
        "osm_element": "https://www.openstreetmap.org/node/5951172505",
        "rejection_reason": "Capacity regex no match",
        "rejection_details": "Tag 'generator:output:electricity' has value '850 kW' which could not be parsed",
        "rejection_keywords": "850 kW",
        "timestamp": "2026-04-24T03:47:34.331819",
        "element_type": "node",
        "element_id": 5951172505,
        "country": "New Zealand",
        "unit_type": "generator"
      }
    },
    {
      "type": "Feature",
      "geometry": {
        "type": "Point",
        "coordinates": [
          168.2834668,
          -46.5801805
        ]
      },
      "properties": {
        "label": "Rejected node 5951172511",
        "type": "Capacity regex no match",
        "osm_element": "https://www.openstreetmap.org/node/5951172511",
        "rejection_reason": "Capacity regex no match",
        "rejection_details": "Tag 'generator:output:electricity' has value '850 kW' which could not be parsed",
        "rejection_keywords": "850 kW",
        "timestamp": "2026-04-24T03:47:34.331839",
        "element_type": "node",
        "element_id": 5951172511,
        "country": "New Zealand",
        "unit_type": "generator"
      }
    },
    {
      "type": "Feature",
      "geometry": {
        "type": "Point",
        "coordinates": [
          168.2819924,
          -46.5790296
        ]
      },
      "properties": {
        "label": "Rejected node 5951172507",
        "type": "Capacity regex no match",
        "osm_element": "https://www.openstreetmap.org/node/5951172507",
        "rejection_reason": "Capacity regex no match",
        "rejection_details": "Tag 'generator:output:electricity' has value '850 kW' which could not be parsed",
        "rejection_keywords": "850 kW",
        "timestamp": "2026-04-24T03:47:34.331858",
        "element_type": "node",
        "element_id": 5951172507,
        "country": "New Zealand",
        "unit_type": "generator"
      }
    },
    {
      "type": "Feature",
      "geometry": {
        "type": "Point",
        "coordinates": [
          168.2828768,
          -46.5775687
        ]
      },
      "properties": {
        "label": "Rejected node 5951172508",
        "type": "Capacity regex no match",
        "osm_element": "https://www.openstreetmap.org/node/5951172508",
        "rejection_reason": "Capacity regex no match",
        "rejection_details": "Tag 'generator:output:electricity' has value '850 kW' which could not be parsed",
        "rejection_keywords": "850 kW",
        "timestamp": "2026-04-24T03:47:34.331878",
        "element_type": "node",
        "element_id": 5951172508,
        "country": "New Zealand",
        "unit_type": "generator"
      }
    },
    {
      "type": "Feature",
      "geometry": {
        "type": "Point",
        "coordinates": [
          168.2843537,
          -46.5762514
        ]
      },
      "properties": {
        "label": "Rejected node 5951172510",
        "type": "Capacity regex no match",
        "osm_element": "https://www.openstreetmap.org/node/5951172510",
        "rejection_reason": "Capacity regex no match",
        "rejection_details": "Tag 'generator:output:electricity' has value '850 kW' which could not be parsed",
        "rejection_keywords": "850 kW",
        "timestamp": "2026-04-24T03:47:34.331897",
        "element_type": "node",
        "element_id": 5951172510,
        "country": "New Zealand",
        "unit_type": "generator"
      }
    },
    {
      "type": "Feature",
      "geometry": {
        "type": "Point",
        "coordinates": [
          171.20561855116063,
          -42.72987120041471
        ]
      },
      "properties": {
        "label": "Rejected relation 12568801",
        "type": "Capacity regex no match",
        "osm_element": "https://www.openstreetmap.org/relation/12568801",
        "rejection_reason": "Capacity regex no match",
        "rejection_details": "Tag 'plant:output:electricity' has value '600 kW' which could not be parsed",
        "rejection_keywords": "600 kW",
        "timestamp": "2026-04-24T03:47:34.337537",
        "element_type": "relation",
        "element_id": 12568801,
        "country": "New Zealand",
        "unit_type": "plant"
      }
    },
    {
      "type": "Feature",
      "geometry": {
        "type": "Point",
        "coordinates": [
          -176.3840438,
          -44.0364208
        ]
      },
      "properties": {
        "label": "Rejected node 9695998305",
        "type": "Capacity regex no match",
        "osm_element": "https://www.openstreetmap.org/node/9695998305",
        "rejection_reason": "Capacity regex no match",
        "rejection_details": "Tag 'generator:output:electricity' has value '225 kW' which could not be parsed",
        "rejection_keywords": "225 kW",
        "timestamp": "2026-04-24T03:47:34.357317",
        "element_type": "node",
        "element_id": 9695998305,
        "country": "New Zealand",
        "unit_type": "generator"
      }
    },
    {
      "type": "Feature",
      "geometry": {
        "type": "Point",
        "coordinates": [
          -176.3833372,
          -44.0372715
        ]
      },
      "properties": {
        "label": "Rejected node 9695998304",
        "type": "Capacity regex no match",
        "osm_element": "https://www.openstreetmap.org/node/9695998304",
        "rejection_reason": "Capacity regex no match",
        "rejection_details": "Tag 'generator:output:electricity' has value '225 kW' which could not be parsed",
        "rejection_keywords": "225 kW",
        "timestamp": "2026-04-24T03:47:34.357343",
        "element_type": "node",
        "element_id": 9695998304,
        "country": "New Zealand",
        "unit_type": "generator"
      }
    },
    {
      "type": "Feature",
      "geometry": {
        "type": "Point",
        "coordinates": [
          174.92512307032493,
          -41.05492408401305
        ]
      },
      "properties": {
        "label": "Rejected relation 18133312",
        "type": "Capacity placeholder value",
        "osm_element": "https://www.openstreetmap.org/relation/18133312",
        "rejection_reason": "Capacity placeholder value",
        "rejection_details": "Tag 'plant:output:electricity' contains placeholder value 'yes' instead of actual capacity",
        "rejection_keywords": "yes",
        "timestamp": "2026-04-24T03:47:34.361702",
        "element_type": "relation",
        "element_id": 18133312,
        "country": "New Zealand",
        "unit_type": "plant"
      }
    },
    {
      "type": "Feature",
      "geometry": {
        "type": "Point",
        "coordinates": [
          174.91120208532567,
          -37.26437687929602
        ]
      },
      "properties": {
        "label": "Rejected way 854065629",
        "type": "Capacity regex no match",
        "osm_element": "https://www.openstreetmap.org/way/854065629",
        "rejection_reason": "Capacity regex no match",
        "rejection_details": "Tag 'plant:output:electricity' has value '120kW' which could not be parsed",
        "rejection_keywords": "120kW",
        "timestamp": "2026-04-24T03:47:34.379461",
        "element_type": "way",
        "element_id": 854065629,
        "country": "New Zealand",
        "unit_type": "plant"
      }
    },
    {
      "type": "Feature",
      "geometry": {
        "type": "Point",
        "coordinates": [
          174.71629337655054,
          -36.745905727800235
        ]
      },
      "properties": {
        "label": "Rejected way 929005360",
        "type": "Capacity regex no match",
        "osm_element": "https://www.openstreetmap.org/way/929005360",
        "rejection_reason": "Capacity regex no match",
        "rejection_details": "Tag 'plant:output:electricity' has value '1039 kW' which could not be parsed",
        "rejection_keywords": "1039 kW",
        "timestamp": "2026-04-24T03:47:34.379647",
        "element_type": "way",
        "element_id": 929005360,
        "country": "New Zealand",
        "unit_type": "plant"
      }
    },
    {
      "type": "Feature",
      "geometry": {
        "type": "Point",
        "coordinates": [
          174.744576682024,
          -41.328332478003134
        ]
      },
      "properties": {
        "label": "Rejected way 972284346",
        "type": "Missing output tag",
        "osm_element": "https://www.openstreetmap.org/way/972284346",
        "rejection_reason": "Missing output tag",
        "rejection_details": "tags: {'landuse': 'industrial', 'plant:source': 'biogas', 'power': 'plant'}",
        "rejection_keywords": "none",
        "timestamp": "2026-04-24T03:47:34.384394",
        "element_type": "way",
        "element_id": 972284346,
        "country": "New Zealand",
        "unit_type": "plant"
      }
    },
    {
      "type": "Feature",
      "geometry": {
        "type": "Point",
        "coordinates": [
          168.1273702520473,
          -46.89046615875878
        ]
      },
      "properties": {
        "label": "Rejected way 991405103",
        "type": "Capacity regex no match",
        "osm_element": "https://www.openstreetmap.org/way/991405103",
        "rejection_reason": "Capacity regex no match",
        "rejection_details": "Tag 'plant:output:electricity' has value '916 kW' which could not be parsed",
        "rejection_keywords": "916 kW",
        "timestamp": "2026-04-24T03:47:34.386644",
        "element_type": "way",
        "element_id": 991405103,
        "country": "New Zealand",
        "unit_type": "plant"
      }
    },
    {
      "type": "Feature",
      "geometry": {
        "type": "Point",
        "coordinates": [
          171.64738369223656,
          -43.62363589449352
        ]
      },
      "properties": {
        "label": "Rejected way 1083946469",
        "type": "Capacity placeholder value",
        "osm_element": "https://www.openstreetmap.org/way/1083946469",
        "rejection_reason": "Capacity placeholder value",
        "rejection_details": "Tag 'plant:output:electricity' contains placeholder value 'yes' instead of actual capacity",
        "rejection_keywords": "yes",
        "timestamp": "2026-04-24T03:47:34.388170",
        "element_type": "way",
        "element_id": 1083946469,
        "country": "New Zealand",
        "unit_type": "plant"
      }
    },
    {
      "type": "Feature",
      "geometry": {
        "type": "Point",
        "coordinates": [
          174.76197983546336,
          -36.85099126161054
        ]
      },
      "properties": {
        "label": "Rejected way 1091972898",
        "type": "Missing source tag",
        "osm_element": "https://www.openstreetmap.org/way/1091972898",
        "rejection_reason": "Missing source tag",
        "rejection_details": "tags: {'building': 'yes', 'content': 'water', 'man_made': 'storage_tank', 'plant:output:hot_water': 'yes', 'plant:type': 'boiler', 'power': 'plant'}",
        "rejection_keywords": "none",
        "timestamp": "2026-04-24T03:47:34.388498",
        "element_type": "way",
        "element_id": 1091972898,
        "country": "New Zealand",
        "unit_type": "plant"
      }
    },
    {
      "type": "Feature",
      "geometry": {
        "type": "Point",
        "coordinates": [
          174.78445809673488,
          -36.82187255523604
        ]
      },
      "properties": {
        "label": "Rejected way 1135396115",
        "type": "Capacity placeholder value",
        "osm_element": "https://www.openstreetmap.org/way/1135396115",
        "rejection_reason": "Capacity placeholder value",
        "rejection_details": "Tag 'plant:output:electricity' contains placeholder value 'yes' instead of actual capacity",
        "rejection_keywords": "yes",
        "timestamp": "2026-04-24T03:47:34.389484",
        "element_type": "way",
        "element_id": 1135396115,
        "country": "New Zealand",
        "unit_type": "plant"
      }
    },
    {
      "type": "Feature",
      "geometry": {
        "type": "Point",
        "coordinates": [
          172.49636798596762,
          -43.544205872894686
        ]
      },
      "properties": {
        "label": "Rejected way 1166009853",
        "type": "Capacity regex no match",
        "osm_element": "https://www.openstreetmap.org/way/1166009853",
        "rejection_reason": "Capacity regex no match",
        "rejection_details": "Tag 'plant:output:electricity' has value '285 kW' which could not be parsed",
        "rejection_keywords": "285 kW",
        "timestamp": "2026-04-24T03:47:34.389667",
        "element_type": "way",
        "element_id": 1166009853,
        "country": "New Zealand",
        "unit_type": "plant"
      }
    },
    {
      "type": "Feature",
      "geometry": {
        "type": "Point",
        "coordinates": [
          172.707738552737,
          -43.46398157129379
        ]
      },
      "properties": {
        "label": "Rejected way 1178250807",
        "type": "Missing output tag",
        "osm_element": "https://www.openstreetmap.org/way/1178250807",
        "rejection_reason": "Missing output tag",
        "rejection_details": "tags: {'landuse': 'industrial', 'plant:method': 'gasification', 'plant:source': 'biogas', 'power': 'plant'}",
        "rejection_keywords": "none",
        "timestamp": "2026-04-24T03:47:34.389863",
        "element_type": "way",
        "element_id": 1178250807,
        "country": "New Zealand",
        "unit_type": "plant"
      }
    },
    {
      "type": "Feature",
      "geometry": {
        "type": "Point",
        "coordinates": [
          174.7244405043951,
          -37.20647918553441
        ]
      },
      "properties": {
        "label": "Rejected way 1196861316",
        "type": "Capacity placeholder value",
        "osm_element": "https://www.openstreetmap.org/way/1196861316",
        "rejection_reason": "Capacity placeholder value",
        "rejection_details": "Tag 'plant:output:electricity' contains placeholder value 'yes' instead of actual capacity",
        "rejection_keywords": "yes",
        "timestamp": "2026-04-24T03:47:34.390137",
        "element_type": "way",
        "element_id": 1196861316,
        "country": "New Zealand",
        "unit_type": "plant"
      }
    },
    {
      "type": "Feature",
      "geometry": {
        "type": "Point",
        "coordinates": [
          173.93789873208874,
          -41.538641796463004
        ]
      },
      "properties": {
        "label": "Rejected way 1257309180",
        "type": "Capacity regex no match",
        "osm_element": "https://www.openstreetmap.org/way/1257309180",
        "rejection_reason": "Capacity regex no match",
        "rejection_details": "Tag 'plant:output:electricity' has value '852 kW' which could not be parsed",
        "rejection_keywords": "852 kW",
        "timestamp": "2026-04-24T03:47:34.390337",
        "element_type": "way",
        "element_id": 1257309180,
        "country": "New Zealand",
        "unit_type": "plant"
      }
    },
    {
      "type": "Feature",
      "geometry": {
        "type": "Point",
        "coordinates": [
          168.3901483893133,
          -44.852684109761995
        ]
      },
      "properties": {
        "label": "Rejected way 1289096086",
        "type": "Capacity placeholder value",
        "osm_element": "https://www.openstreetmap.org/way/1289096086",
        "rejection_reason": "Capacity placeholder value",
        "rejection_details": "Tag 'plant:output:electricity' contains placeholder value 'yes' instead of actual capacity",
        "rejection_keywords": "yes",
        "timestamp": "2026-04-24T03:47:34.390578",
        "element_type": "way",
        "element_id": 1289096086,
        "country": "New Zealand",
        "unit_type": "plant"
      }
    },
    {
      "type": "Feature",
      "geometry": {
        "type": "Point",
        "coordinates": [
          174.9235502,
          -41.056019299999996
        ]
      },
      "properties": {
        "label": "Rejected way 1317531463",
        "type": "Capacity placeholder value",
        "osm_element": "https://www.openstreetmap.org/way/1317531463",
        "rejection_reason": "Capacity placeholder value",
        "rejection_details": "Tag 'plant:output:electricity' contains placeholder value 'yes' instead of actual capacity",
        "rejection_keywords": "yes",
        "timestamp": "2026-04-24T03:47:34.391143",
        "element_type": "way",
        "element_id": 1317531463,
        "country": "New Zealand",
        "unit_type": "plant"
      }
    },
    {
      "type": "Feature",
      "geometry": {
        "type": "Point",
        "coordinates": [
          174.9241897841899,
          -41.05594783346349
        ]
      },
      "properties": {
        "label": "Rejected way 1321738577",
        "type": "Capacity placeholder value",
        "osm_element": "https://www.openstreetmap.org/way/1321738577",
        "rejection_reason": "Capacity placeholder value",
        "rejection_details": "Tag 'plant:output:electricity' contains placeholder value 'yes' instead of actual capacity",
        "rejection_keywords": "yes",
        "timestamp": "2026-04-24T03:47:34.391361",
        "element_type": "way",
        "element_id": 1321738577,
        "country": "New Zealand",
        "unit_type": "plant"
      }
    },
    {
      "type": "Feature",
      "geometry": {
        "type": "Point",
        "coordinates": [
          174.99249801943543,
          -36.93574926655627
        ]
      },
      "properties": {
        "label": "Rejected way 1339362415",
        "type": "Capacity placeholder value",
        "osm_element": "https://www.openstreetmap.org/way/1339362415",
        "rejection_reason": "Capacity placeholder value",
        "rejection_details": "Tag 'plant:output:electricity' contains placeholder value 'yes' instead of actual capacity",
        "rejection_keywords": "yes",
        "timestamp": "2026-04-24T03:47:34.391603",
        "element_type": "way",
        "element_id": 1339362415,
        "country": "New Zealand",
        "unit_type": "plant"
      }
    },
    {
      "type": "Feature",
      "geometry": {
        "type": "Point",
        "coordinates": [
          174.6288202254338,
          -36.66422844579145
        ]
      },
      "properties": {
        "label": "Rejected way 1339362692",
        "type": "Capacity placeholder value",
        "osm_element": "https://www.openstreetmap.org/way/1339362692",
        "rejection_reason": "Capacity placeholder value",
        "rejection_details": "Tag 'plant:output:electricity' contains placeholder value 'yes' instead of actual capacity",
        "rejection_keywords": "yes",
        "timestamp": "2026-04-24T03:47:34.391799",
        "element_type": "way",
        "element_id": 1339362692,
        "country": "New Zealand",
        "unit_type": "plant"
      }
    },
    {
      "type": "Feature",
      "geometry": {
        "type": "Point",
        "coordinates": [
          174.89650079999998,
          -36.6054102
        ]
      },
      "properties": {
        "label": "Rejected way 1382348473",
        "type": "Capacity placeholder value",
        "osm_element": "https://www.openstreetmap.org/way/1382348473",
        "rejection_reason": "Capacity placeholder value",
        "rejection_details": "Tag 'plant:output:electricity' contains placeholder value 'yes' instead of actual capacity",
        "rejection_keywords": "yes",
        "timestamp": "2026-04-24T03:47:34.393364",
        "element_type": "way",
        "element_id": 1382348473,
        "country": "New Zealand",
        "unit_type": "plant"
      }
    },
    {
      "type": "Feature",
      "geometry": {
        "type": "Point",
        "coordinates": [
          167.4733736699516,
          -46.14801358939286
        ]
      },
      "properties": {
        "label": "Rejected way 1427657424",
        "type": "Missing output tag",
        "osm_element": "https://www.openstreetmap.org/way/1427657424",
        "rejection_reason": "Missing output tag",
        "rejection_details": "tags: {'barrier': 'fence', 'plant:source': 'solar', 'power': 'plant'}",
        "rejection_keywords": "none",
        "timestamp": "2026-04-24T03:47:34.398231",
        "element_type": "way",
        "element_id": 1427657424,
        "country": "New Zealand",
        "unit_type": "plant"
      }
    },
    {
      "type": "Feature",
      "geometry": {
        "type": "Point",
        "coordinates": [
          175.21671863375755,
          -37.716431363031134
        ]
      },
      "properties": {
        "label": "Rejected way 1441871200",
        "type": "Capacity placeholder value",
        "osm_element": "https://www.openstreetmap.org/way/1441871200",
        "rejection_reason": "Capacity placeholder value",
        "rejection_details": "Tag 'plant:output:electricity' contains placeholder value 'yes' instead of actual capacity",
        "rejection_keywords": "yes",
        "timestamp": "2026-04-24T03:47:34.399508",
        "element_type": "way",
        "element_id": 1441871200,
        "country": "New Zealand",
        "unit_type": "plant"
      }
    },
    {
      "type": "Feature",
      "geometry": {
        "type": "Point",
        "coordinates": [
          169.24648491195686,
          -44.66608806842809
        ]
      },
      "properties": {
        "label": "Rejected way 1449986455",
        "type": "Capacity placeholder value",
        "osm_element": "https://www.openstreetmap.org/way/1449986455",
        "rejection_reason": "Capacity placeholder value",
        "rejection_details": "Tag 'plant:output:electricity' contains placeholder value 'yes' instead of actual capacity",
        "rejection_keywords": "yes",
        "timestamp": "2026-04-24T03:47:34.399733",
        "element_type": "way",
        "element_id": 1449986455,
        "country": "New Zealand",
        "unit_type": "plant"
      }
    },
    {
      "type": "Feature",
      "geometry": {
        "type": "Point",
        "coordinates": [
          171.68850150000003,
          -43.11335665000001
        ]
      },
      "properties": {
        "label": "Rejected way 1450022364",
        "type": "Capacity placeholder value",
        "osm_element": "https://www.openstreetmap.org/way/1450022364",
        "rejection_reason": "Capacity placeholder value",
        "rejection_details": "Tag 'plant:output:electricity' contains placeholder value 'yes' instead of actual capacity",
        "rejection_keywords": "yes",
        "timestamp": "2026-04-24T03:47:34.399898",
        "element_type": "way",
        "element_id": 1450022364,
        "country": "New Zealand",
        "unit_type": "plant"
      }
    },
    {
      "type": "Feature",
      "geometry": {
        "type": "Point",
        "coordinates": [
          168.40847296842102,
          -44.87873774869893
        ]
      },
      "properties": {
        "label": "Rejected way 1467583897",
        "type": "Capacity placeholder value",
        "osm_element": "https://www.openstreetmap.org/way/1467583897",
        "rejection_reason": "Capacity placeholder value",
        "rejection_details": "Tag 'plant:output:electricity' contains placeholder value 'yes' instead of actual capacity",
        "rejection_keywords": "yes",
        "timestamp": "2026-04-24T03:47:34.400918",
        "element_type": "way",
        "element_id": 1467583897,
        "country": "New Zealand",
        "unit_type": "plant"
      }
    },
    {
      "type": "Feature",
      "geometry": {
        "type": "Point",
        "coordinates": [
          171.64373737406436,
          -43.99896541531171
        ]
      },
      "properties": {
        "label": "Rejected way 1482732522",
        "type": "Capacity placeholder value",
        "osm_element": "https://www.openstreetmap.org/way/1482732522",
        "rejection_reason": "Capacity placeholder value",
        "rejection_details": "Tag 'plant:output:electricity' contains placeholder value 'yes' instead of actual capacity",
        "rejection_keywords": "yes",
        "timestamp": "2026-04-24T03:47:34.401112",
        "element_type": "way",
        "element_id": 1482732522,
        "country": "New Zealand",
        "unit_type": "plant"
      }
    },
    {
      "type": "Feature",
      "geometry": {
        "type": "Point",
        "coordinates": [
          169.5196836614289,
          -44.75582922807311
        ]
      },
      "properties": {
        "label": "Rejected way 1495414302",
        "type": "Capacity placeholder value",
        "osm_element": "https://www.openstreetmap.org/way/1495414302",
        "rejection_reason": "Capacity placeholder value",
        "rejection_details": "Tag 'plant:output:electricity' contains placeholder value 'yes' instead of actual capacity",
        "rejection_keywords": "yes",
        "timestamp": "2026-04-24T03:47:34.401300",
        "element_type": "way",
        "element_id": 1495414302,
        "country": "New Zealand",
        "unit_type": "plant"
      }
    },
    {
      "type": "Feature",
      "geometry": {
        "type": "Point",
        "coordinates": [
          170.6285018,
          -43.1589072
        ]
      },
      "properties": {
        "label": "Rejected node 10571698079",
        "type": "Missing source tag",
        "osm_element": "https://www.openstreetmap.org/node/10571698079",
        "rejection_reason": "Missing source tag",
        "rejection_details": "tags: {'name': 'Amethyst Hydro Electric Power Scheme', 'power': 'plant'}",
        "rejection_keywords": "none",
        "timestamp": "2026-04-24T03:47:34.401353",
        "element_type": "node",
        "element_id": 10571698079,
        "country": "New Zealand",
        "unit_type": "plant"
      }
    },
    {
      "type": "Feature",
      "geometry": {
        "type": "Point",
        "coordinates": [
          134.2320247,
          7.012660350000002
        ]
      },
      "properties": {
        "label": "Rejected way 281392889",
        "type": "Missing output tag",
        "osm_element": "https://www.openstreetmap.org/way/281392889",
        "rejection_reason": "Missing output tag",
        "rejection_details": "tags: {'building': 'yes', 'name': 'Solar Diesel Hybrid Power Plant', 'plant:method': 'combustion', 'plant:source': 'diesel', 'power': 'plant'}",
        "rejection_keywords": "none",
        "timestamp": "2026-04-24T03:50:00.055539",
        "element_type": "way",
        "element_id": 281392889,
        "country": "Palau",
        "unit_type": "plant"
      }
    },
    {
      "type": "Feature",
      "geometry": {
        "type": "Point",
        "coordinates": [
          134.71652409584132,
          8.086853619998255
        ]
      },
      "properties": {
        "label": "Rejected way 493764891",
        "type": "Missing source tag",
        "osm_element": "https://www.openstreetmap.org/way/493764891",
        "rejection_reason": "Missing source tag",
        "rejection_details": "tags: {'landuse': 'industrial', 'name': 'Kayangel Power System', 'power': 'plant'}",
        "rejection_keywords": "none",
        "timestamp": "2026-04-24T03:50:00.055744",
        "element_type": "way",
        "element_id": 493764891,
        "country": "Palau",
        "unit_type": "plant"
      }
    },
    {
      "type": "Feature",
      "geometry": {
        "type": "Point",
        "coordinates": [
          134.53579182210385,
          7.447829858010791
        ]
      },
      "properties": {
        "label": "Rejected way 1493810457",
        "type": "Missing output tag",
        "osm_element": "https://www.openstreetmap.org/way/1493810457",
        "rejection_reason": "Missing output tag",
        "rejection_details": "tags: {'plant:source': 'solar', 'power': 'plant'}",
        "rejection_keywords": "none",
        "timestamp": "2026-04-24T03:50:00.056286",
        "element_type": "way",
        "element_id": 1493810457,
        "country": "Palau",
        "unit_type": "plant"
      }
    },
    {
      "type": "Feature",
      "geometry": {
        "type": "Point",
        "coordinates": [
          -171.85250118322546,
          -9.196764616702993
        ]
      },
      "properties": {
        "label": "Rejected way 549285061",
        "type": "Capacity placeholder value",
        "osm_element": "https://www.openstreetmap.org/way/549285061",
        "rejection_reason": "Capacity placeholder value",
        "rejection_details": "Tag 'plant:output:electricity' contains placeholder value 'yes' instead of actual capacity",
        "rejection_keywords": "yes",
        "timestamp": "2026-04-24T03:52:14.416381",
        "element_type": "way",
        "element_id": 549285061,
        "country": "Tokelau",
        "unit_type": "plant"
      }
    },
    {
      "type": "Feature",
      "geometry": {
        "type": "Point",
        "coordinates": [
          -172.51895257192206,
          -8.534607616262985
        ]
      },
      "properties": {
        "label": "Rejected way 843572026",
        "type": "Capacity placeholder value",
        "osm_element": "https://www.openstreetmap.org/way/843572026",
        "rejection_reason": "Capacity placeholder value",
        "rejection_details": "Tag 'plant:output:electricity' contains placeholder value 'yes' instead of actual capacity",
        "rejection_keywords": "yes",
        "timestamp": "2026-04-24T03:52:14.416566",
        "element_type": "way",
        "element_id": 843572026,
        "country": "Tokelau",
        "unit_type": "plant"
      }
    },
    {
      "type": "Feature",
      "geometry": {
        "type": "Point",
        "coordinates": [
          -172.51861410000004,
          -8.534738500000001
        ]
      },
      "properties": {
        "label": "Rejected way 1227454305",
        "type": "Capacity placeholder value",
        "osm_element": "https://www.openstreetmap.org/way/1227454305",
        "rejection_reason": "Capacity placeholder value",
        "rejection_details": "Tag 'plant:output:electricity' contains placeholder value 'yes' instead of actual capacity",
        "rejection_keywords": "yes",
        "timestamp": "2026-04-24T03:52:14.416730",
        "element_type": "way",
        "element_id": 1227454305,
        "country": "Tokelau",
        "unit_type": "plant"
      }
    },
    {
      "type": "Feature",
      "geometry": {
        "type": "Point",
        "coordinates": [
          -171.4522599,
          -14.0376532
        ]
      },
      "properties": {
        "label": "Rejected node 9241033673",
        "type": "Capacity regex no match",
        "osm_element": "https://www.openstreetmap.org/node/9241033673",
        "rejection_reason": "Capacity regex no match",
        "rejection_details": "Tag 'generator:output:electricity' has value '275 kW' which could not be parsed",
        "rejection_keywords": "275 kW",
        "timestamp": "2026-04-24T03:52:52.480595",
        "element_type": "node",
        "element_id": 9241033673,
        "country": "Samoa",
        "unit_type": "generator"
      }
    },
    {
      "type": "Feature",
      "geometry": {
        "type": "Point",
        "coordinates": [
          -171.4524174,
          -14.0369415
        ]
      },
      "properties": {
        "label": "Rejected node 9241033674",
        "type": "Capacity regex no match",
        "osm_element": "https://www.openstreetmap.org/node/9241033674",
        "rejection_reason": "Capacity regex no match",
        "rejection_details": "Tag 'generator:output:electricity' has value '275 kW' which could not be parsed",
        "rejection_keywords": "275 kW",
        "timestamp": "2026-04-24T03:52:52.480623",
        "element_type": "node",
        "element_id": 9241033674,
        "country": "Samoa",
        "unit_type": "generator"
      }
    },
    {
      "type": "Feature",
      "geometry": {
        "type": "Point",
        "coordinates": [
          -171.80928726438913,
          -13.839914805225314
        ]
      },
      "properties": {
        "label": "Rejected relation 19860831",
        "type": "Capacity placeholder value",
        "osm_element": "https://www.openstreetmap.org/relation/19860831",
        "rejection_reason": "Capacity placeholder value",
        "rejection_details": "Tag 'plant:output:electricity' contains placeholder value 'yes' instead of actual capacity",
        "rejection_keywords": "yes",
        "timestamp": "2026-04-24T03:52:52.481235",
        "element_type": "relation",
        "element_id": 19860831,
        "country": "Samoa",
        "unit_type": "plant"
      }
    },
    {
      "type": "Feature",
      "geometry": {
        "type": "Point",
        "coordinates": [
          -171.5703970478602,
          -13.94416592779776
        ]
      },
      "properties": {
        "label": "Rejected way 139731024",
        "type": "Capacity placeholder value",
        "osm_element": "https://www.openstreetmap.org/way/139731024",
        "rejection_reason": "Capacity placeholder value",
        "rejection_details": "Tag 'plant:output:electricity' contains placeholder value 'yes' instead of actual capacity",
        "rejection_keywords": "yes",
        "timestamp": "2026-04-24T03:52:52.481736",
        "element_type": "way",
        "element_id": 139731024,
        "country": "Samoa",
        "unit_type": "plant"
      }
    },
    {
      "type": "Feature",
      "geometry": {
        "type": "Point",
        "coordinates": [
          -172.22924856885265,
          -13.731622846040294
        ]
      },
      "properties": {
        "label": "Rejected way 1054501356",
        "type": "Capacity placeholder value",
        "osm_element": "https://www.openstreetmap.org/way/1054501356",
        "rejection_reason": "Capacity placeholder value",
        "rejection_details": "Tag 'plant:output:electricity' contains placeholder value 'yes' instead of actual capacity",
        "rejection_keywords": "yes",
        "timestamp": "2026-04-24T03:52:52.482004",
        "element_type": "way",
        "element_id": 1054501356,
        "country": "Samoa",
        "unit_type": "plant"
      }
    },
    {
      "type": "Feature",
      "geometry": {
        "type": "Point",
        "coordinates": [
          -172.02522020508175,
          -13.851292540898154
        ]
      },
      "properties": {
        "label": "Rejected way 1379558895",
        "type": "Missing source tag",
        "osm_element": "https://www.openstreetmap.org/way/1379558895",
        "rejection_reason": "Missing source tag",
        "rejection_details": "tags: {'landuse': 'industrial', 'name': 'Afolau Gasification Plant', 'operator': 'Ministry of Natural Resources and Environment', 'power': 'plant'}",
        "rejection_keywords": "none",
        "timestamp": "2026-04-24T03:52:52.482350",
        "element_type": "way",
        "element_id": 1379558895,
        "country": "Samoa",
        "unit_type": "plant"
      }
    },
    {
      "type": "Feature",
      "geometry": {
        "type": "Point",
        "coordinates": [
          -171.4525642038722,
          -14.0373603865165
        ]
      },
      "properties": {
        "label": "Rejected way 1382653995",
        "type": "Capacity placeholder value",
        "osm_element": "https://www.openstreetmap.org/way/1382653995",
        "rejection_reason": "Capacity placeholder value",
        "rejection_details": "Tag 'plant:output:electricity' contains placeholder value 'yes' instead of actual capacity",
        "rejection_keywords": "yes",
        "timestamp": "2026-04-24T03:52:52.482941",
        "element_type": "way",
        "element_id": 1382653995,
        "country": "Samoa",
        "unit_type": "plant"
      }
    },
    {
      "type": "Feature",
      "geometry": {
        "type": "Point",
        "coordinates": [
          -171.57043460267377,
          -13.944180763726429
        ]
      },
      "properties": {
        "label": "Rejected way 1383856509",
        "type": "Capacity placeholder value",
        "osm_element": "https://www.openstreetmap.org/way/1383856509",
        "rejection_reason": "Capacity placeholder value",
        "rejection_details": "Tag 'plant:output:electricity' contains placeholder value 'yes' instead of actual capacity",
        "rejection_keywords": "yes",
        "timestamp": "2026-04-24T03:52:52.483156",
        "element_type": "way",
        "element_id": 1383856509,
        "country": "Samoa",
        "unit_type": "plant"
      }
    },
    {
      "type": "Feature",
      "geometry": {
        "type": "Point",
        "coordinates": [
          -171.80966919691545,
          -13.99872175723215
        ]
      },
      "properties": {
        "label": "Rejected way 1384196600",
        "type": "Capacity placeholder value",
        "osm_element": "https://www.openstreetmap.org/way/1384196600",
        "rejection_reason": "Capacity placeholder value",
        "rejection_details": "Tag 'plant:output:electricity' contains placeholder value 'yes' instead of actual capacity",
        "rejection_keywords": "yes",
        "timestamp": "2026-04-24T03:52:52.483359",
        "element_type": "way",
        "element_id": 1384196600,
        "country": "Samoa",
        "unit_type": "plant"
      }
    },
    {
      "type": "Feature",
      "geometry": {
        "type": "Point",
        "coordinates": [
          -171.75846475831008,
          -13.839098451827372
        ]
      },
      "properties": {
        "label": "Rejected way 1384905581",
        "type": "Capacity placeholder value",
        "osm_element": "https://www.openstreetmap.org/way/1384905581",
        "rejection_reason": "Capacity placeholder value",
        "rejection_details": "Tag 'plant:output:electricity' contains placeholder value 'yes' instead of actual capacity",
        "rejection_keywords": "yes",
        "timestamp": "2026-04-24T03:52:52.483538",
        "element_type": "way",
        "element_id": 1384905581,
        "country": "Samoa",
        "unit_type": "plant"
      }
    },
    {
      "type": "Feature",
      "geometry": {
        "type": "Point",
        "coordinates": [
          -171.75849829952477,
          -13.83909694916302
        ]
      },
      "properties": {
        "label": "Rejected way 1384905710",
        "type": "Missing source tag",
        "osm_element": "https://www.openstreetmap.org/way/1384905710",
        "rejection_reason": "Missing source tag",
        "rejection_details": "tags: {'landuse': 'industrial', 'power': 'plant'}",
        "rejection_keywords": "none",
        "timestamp": "2026-04-24T03:52:52.483713",
        "element_type": "way",
        "element_id": 1384905710,
        "country": "Samoa",
        "unit_type": "plant"
      }
    },
    {
      "type": "Feature",
      "geometry": {
        "type": "Point",
        "coordinates": [
          -171.99179965920354,
          -13.832507581414879
        ]
      },
      "properties": {
        "label": "Rejected way 1386015012",
        "type": "Capacity placeholder value",
        "osm_element": "https://www.openstreetmap.org/way/1386015012",
        "rejection_reason": "Capacity placeholder value",
        "rejection_details": "Tag 'plant:output:electricity' contains placeholder value 'yes' instead of actual capacity",
        "rejection_keywords": "yes",
        "timestamp": "2026-04-24T03:52:52.483970",
        "element_type": "way",
        "element_id": 1386015012,
        "country": "Samoa",
        "unit_type": "plant"
      }
    },
    {
      "type": "Feature",
      "geometry": {
        "type": "Point",
        "coordinates": [
          -171.98945568563278,
          -13.831753664508051
        ]
      },
      "properties": {
        "label": "Rejected way 1386015013",
        "type": "Capacity placeholder value",
        "osm_element": "https://www.openstreetmap.org/way/1386015013",
        "rejection_reason": "Capacity placeholder value",
        "rejection_details": "Tag 'plant:output:electricity' contains placeholder value 'yes' instead of actual capacity",
        "rejection_keywords": "yes",
        "timestamp": "2026-04-24T03:52:52.484149",
        "element_type": "way",
        "element_id": 1386015013,
        "country": "Samoa",
        "unit_type": "plant"
      }
    },
    {
      "type": "Feature",
      "geometry": {
        "type": "Point",
        "coordinates": [
          -171.98734043320576,
          -13.831389474242362
        ]
      },
      "properties": {
        "label": "Rejected way 1386015014",
        "type": "Capacity placeholder value",
        "osm_element": "https://www.openstreetmap.org/way/1386015014",
        "rejection_reason": "Capacity placeholder value",
        "rejection_details": "Tag 'plant:output:electricity' contains placeholder value 'yes' instead of actual capacity",
        "rejection_keywords": "yes",
        "timestamp": "2026-04-24T03:52:52.484307",
        "element_type": "way",
        "element_id": 1386015014,
        "country": "Samoa",
        "unit_type": "plant"
      }
    },
    {
      "type": "Feature",
      "geometry": {
        "type": "Point",
        "coordinates": [
          -171.7994521109954,
          -13.82391643520836
        ]
      },
      "properties": {
        "label": "Rejected way 1388907479",
        "type": "Capacity placeholder value",
        "osm_element": "https://www.openstreetmap.org/way/1388907479",
        "rejection_reason": "Capacity placeholder value",
        "rejection_details": "Tag 'plant:output:electricity' contains placeholder value 'yes' instead of actual capacity",
        "rejection_keywords": "yes",
        "timestamp": "2026-04-24T03:52:52.484552",
        "element_type": "way",
        "element_id": 1388907479,
        "country": "Samoa",
        "unit_type": "plant"
      }
    },
    {
      "type": "Feature",
      "geometry": {
        "type": "Point",
        "coordinates": [
          -171.75796463401463,
          -13.852561249339772
        ]
      },
      "properties": {
        "label": "Rejected way 1389952604",
        "type": "Missing output tag",
        "osm_element": "https://www.openstreetmap.org/way/1389952604",
        "rejection_reason": "Missing output tag",
        "rejection_details": "tags: {'name': 'Tanugamanono Solar Farm', 'plant:source': 'solar', 'power': 'plant'}",
        "rejection_keywords": "none",
        "timestamp": "2026-04-24T03:52:52.484765",
        "element_type": "way",
        "element_id": 1389952604,
        "country": "Samoa",
        "unit_type": "plant"
      }
    },
    {
      "type": "Feature",
      "geometry": {
        "type": "Point",
        "coordinates": [
          -171.7575667891844,
          -13.852335763446472
        ]
      },
      "properties": {
        "label": "Rejected way 1389954297",
        "type": "Missing source tag",
        "osm_element": "https://www.openstreetmap.org/way/1389954297",
        "rejection_reason": "Missing source tag",
        "rejection_details": "tags: {'landuse': 'industrial', 'name': 'Tanugamanono Power Station', 'power': 'plant'}",
        "rejection_keywords": "none",
        "timestamp": "2026-04-24T03:52:52.485112",
        "element_type": "way",
        "element_id": 1389954297,
        "country": "Samoa",
        "unit_type": "plant"
      }
    },
    {
      "type": "Feature",
      "geometry": {
        "type": "Point",
        "coordinates": [
          -171.7525926151814,
          -13.872452015172417
        ]
      },
      "properties": {
        "label": "Rejected way 1391918884",
        "type": "Missing source tag",
        "osm_element": "https://www.openstreetmap.org/way/1391918884",
        "rejection_reason": "Missing source tag",
        "rejection_details": "tags: {'landuse': 'industrial', 'name': \"Fale ole Fe'e Hydro Station\", 'power': 'plant'}",
        "rejection_keywords": "none",
        "timestamp": "2026-04-24T03:52:52.485292",
        "element_type": "way",
        "element_id": 1391918884,
        "country": "Samoa",
        "unit_type": "plant"
      }
    },
    {
      "type": "Feature",
      "geometry": {
        "type": "Point",
        "coordinates": [
          -171.7540340094158,
          -13.879409653947603
        ]
      },
      "properties": {
        "label": "Rejected way 1391920280",
        "type": "Missing source tag",
        "osm_element": "https://www.openstreetmap.org/way/1391920280",
        "rejection_reason": "Missing source tag",
        "rejection_details": "tags: {'landuse': 'industrial', 'name': 'Alaoa Hydro Station Compound', 'power': 'plant'}",
        "rejection_keywords": "none",
        "timestamp": "2026-04-24T03:52:52.485469",
        "element_type": "way",
        "element_id": 1391920280,
        "country": "Samoa",
        "unit_type": "plant"
      }
    },
    {
      "type": "Feature",
      "geometry": {
        "type": "Point",
        "coordinates": [
          -171.60846095785516,
          -13.927324114445222
        ]
      },
      "properties": {
        "label": "Rejected way 1422208195",
        "type": "Capacity placeholder value",
        "osm_element": "https://www.openstreetmap.org/way/1422208195",
        "rejection_reason": "Capacity placeholder value",
        "rejection_details": "Tag 'plant:output:electricity' contains placeholder value 'yes' instead of actual capacity",
        "rejection_keywords": "yes",
        "timestamp": "2026-04-24T03:52:52.485647",
        "element_type": "way",
        "element_id": 1422208195,
        "country": "Samoa",
        "unit_type": "plant"
      }
    },
    {
      "type": "Feature",
      "geometry": {
        "type": "Point",
        "coordinates": [
          -171.60813767722937,
          -13.92729182388515
        ]
      },
      "properties": {
        "label": "Rejected way 1422208197",
        "type": "Missing source tag",
        "osm_element": "https://www.openstreetmap.org/way/1422208197",
        "rejection_reason": "Missing source tag",
        "rejection_details": "tags: {'landuse': 'industrial', 'name': 'Lalomauga Hydro Powerstation', 'power': 'plant'}",
        "rejection_keywords": "none",
        "timestamp": "2026-04-24T03:52:52.485855",
        "element_type": "way",
        "element_id": 1422208197,
        "country": "Samoa",
        "unit_type": "plant"
      }
    },
    {
      "type": "Feature",
      "geometry": {
        "type": "Point",
        "coordinates": [
          -171.61897934171526,
          -13.928850520347897
        ]
      },
      "properties": {
        "label": "Rejected way 1422208201",
        "type": "Missing source tag",
        "osm_element": "https://www.openstreetmap.org/way/1422208201",
        "rejection_reason": "Missing source tag",
        "rejection_details": "tags: {'landuse': 'industrial', 'name': 'Lalomauga Headpond Grounds', 'power': 'plant'}",
        "rejection_keywords": "none",
        "timestamp": "2026-04-24T03:52:52.486093",
        "element_type": "way",
        "element_id": 1422208201,
        "country": "Samoa",
        "unit_type": "plant"
      }
    },
    {
      "type": "Feature",
      "geometry": {
        "type": "Point",
        "coordinates": [
          -171.9905287645284,
          -13.833162249635777
        ]
      },
      "properties": {
        "label": "Rejected way 1444078398",
        "type": "Missing source tag",
        "osm_element": "https://www.openstreetmap.org/way/1444078398",
        "rejection_reason": "Missing source tag",
        "rejection_details": "tags: {'name': 'Tesla Battery Storage Station Faleolo', 'operator': 'Tesla', 'operator:wikidata': 'Q478214', 'power': 'plant'}",
        "rejection_keywords": "none",
        "timestamp": "2026-04-24T03:52:52.486276",
        "element_type": "way",
        "element_id": 1444078398,
        "country": "Samoa",
        "unit_type": "plant"
      }
    },
    {
      "type": "Feature",
      "geometry": {
        "type": "Point",
        "coordinates": [
          -171.80812615371642,
          -13.840498675265657
        ]
      },
      "properties": {
        "label": "Rejected way 1452470221",
        "type": "Capacity placeholder value",
        "osm_element": "https://www.openstreetmap.org/way/1452470221",
        "rejection_reason": "Capacity placeholder value",
        "rejection_details": "Tag 'plant:output:electricity' contains placeholder value 'yes' instead of actual capacity",
        "rejection_keywords": "yes",
        "timestamp": "2026-04-24T03:52:52.486470",
        "element_type": "way",
        "element_id": 1452470221,
        "country": "Samoa",
        "unit_type": "plant"
      }
    },
    {
      "type": "Feature",
      "geometry": {
        "type": "Point",
        "coordinates": [
          -171.80688871134632,
          -13.84068089819596
        ]
      },
      "properties": {
        "label": "Rejected way 1452472899",
        "type": "Capacity placeholder value",
        "osm_element": "https://www.openstreetmap.org/way/1452472899",
        "rejection_reason": "Capacity placeholder value",
        "rejection_details": "Tag 'plant:output:electricity' contains placeholder value 'yes' instead of actual capacity",
        "rejection_keywords": "yes",
        "timestamp": "2026-04-24T03:52:52.486742",
        "element_type": "way",
        "element_id": 1452472899,
        "country": "Samoa",
        "unit_type": "plant"
      }
    },
    {
      "type": "Feature",
      "geometry": {
        "type": "Point",
        "coordinates": [
          -171.762683933109,
          -13.868342533655648
        ]
      },
      "properties": {
        "label": "Rejected way 1453211336",
        "type": "Missing source tag",
        "osm_element": "https://www.openstreetmap.org/way/1453211336",
        "rejection_reason": "Missing source tag",
        "rejection_details": "tags: {'landuse': 'industrial', 'name': 'Medcen Transformer', 'power': 'plant'}",
        "rejection_keywords": "none",
        "timestamp": "2026-04-24T03:52:52.486894",
        "element_type": "way",
        "element_id": 1453211336,
        "country": "Samoa",
        "unit_type": "plant"
      }
    },
    {
      "type": "Feature",
      "geometry": {
        "type": "Point",
        "coordinates": [
          -172.15000359151335,
          -13.820893510179877
        ]
      },
      "properties": {
        "label": "Rejected way 1455845172",
        "type": "Capacity placeholder value",
        "osm_element": "https://www.openstreetmap.org/way/1455845172",
        "rejection_reason": "Capacity placeholder value",
        "rejection_details": "Tag 'plant:output:electricity' contains placeholder value 'yes' instead of actual capacity",
        "rejection_keywords": "yes",
        "timestamp": "2026-04-24T03:52:52.487085",
        "element_type": "way",
        "element_id": 1455845172,
        "country": "Samoa",
        "unit_type": "plant"
      }
    },
    {
      "type": "Feature",
      "geometry": {
        "type": "Point",
        "coordinates": [
          -171.88449375,
          -13.884765549999997
        ]
      },
      "properties": {
        "label": "Rejected way 1459710029",
        "type": "Missing source tag",
        "osm_element": "https://www.openstreetmap.org/way/1459710029",
        "rejection_reason": "Missing source tag",
        "rejection_details": "tags: {'operator': 'Tesla', 'operator:wikidata': 'Q478214', 'power': 'plant'}",
        "rejection_keywords": "none",
        "timestamp": "2026-04-24T03:52:52.487241",
        "element_type": "way",
        "element_id": 1459710029,
        "country": "Samoa",
        "unit_type": "plant"
      }
    },
    {
      "type": "Feature",
      "geometry": {
        "type": "Point",
        "coordinates": [
          -171.8847675041825,
          -13.884766225010562
        ]
      },
      "properties": {
        "label": "Rejected way 1459710030",
        "type": "Missing source tag",
        "osm_element": "https://www.openstreetmap.org/way/1459710030",
        "rejection_reason": "Missing source tag",
        "rejection_details": "tags: {'operator': 'Tesla', 'operator:wikidata': 'Q478214', 'power': 'plant'}",
        "rejection_keywords": "none",
        "timestamp": "2026-04-24T03:52:52.487397",
        "element_type": "way",
        "element_id": 1459710030,
        "country": "Samoa",
        "unit_type": "plant"
      }
    },
    {
      "type": "Feature",
      "geometry": {
        "type": "Point",
        "coordinates": [
          -171.79712700790552,
          -13.848194850670685
        ]
      },
      "properties": {
        "label": "Rejected way 1474037051",
        "type": "Missing source tag",
        "osm_element": "https://www.openstreetmap.org/way/1474037051",
        "rejection_reason": "Missing source tag",
        "rejection_details": "tags: {'landuse': 'industrial', 'name': 'Fuluaso Hydro Station', 'power': 'plant'}",
        "rejection_keywords": "none",
        "timestamp": "2026-04-24T03:52:52.487561",
        "element_type": "way",
        "element_id": 1474037051,
        "country": "Samoa",
        "unit_type": "plant"
      }
    },
    {
      "type": "Feature",
      "geometry": {
        "type": "Point",
        "coordinates": [
          -171.88332358633303,
          -13.883095478138909
        ]
      },
      "properties": {
        "label": "Rejected way 1492942704",
        "type": "Capacity placeholder value",
        "osm_element": "https://www.openstreetmap.org/way/1492942704",
        "rejection_reason": "Capacity placeholder value",
        "rejection_details": "Tag 'plant:output:electricity' contains placeholder value 'yes' instead of actual capacity",
        "rejection_keywords": "yes",
        "timestamp": "2026-04-24T03:52:52.487754",
        "element_type": "way",
        "element_id": 1492942704,
        "country": "Samoa",
        "unit_type": "plant"
      }
    },
    {
      "type": "Feature",
      "geometry": {
        "type": "Point",
        "coordinates": [
          -171.8841478272971,
          -13.884347350532096
        ]
      },
      "properties": {
        "label": "Rejected way 1496309291",
        "type": "Missing source tag",
        "osm_element": "https://www.openstreetmap.org/way/1496309291",
        "rejection_reason": "Missing source tag",
        "rejection_details": "tags: {'landuse': 'industrial', 'name': 'Temporary Power Station Grounds', 'power': 'plant'}",
        "rejection_keywords": "none",
        "timestamp": "2026-04-24T03:52:52.487903",
        "element_type": "way",
        "element_id": 1496309291,
        "country": "Samoa",
        "unit_type": "plant"
      }
    },
    {
      "type": "Feature",
      "geometry": {
        "type": "Point",
        "coordinates": [
          -175.0339962,
          -21.1518233
        ]
      },
      "properties": {
        "label": "Rejected node 10650320545",
        "type": "Capacity regex no match",
        "osm_element": "https://www.openstreetmap.org/node/10650320545",
        "rejection_reason": "Capacity regex no match",
        "rejection_details": "Tag 'generator:output:electricity' has value '275 kW' which could not be parsed",
        "rejection_keywords": "275 kW",
        "timestamp": "2026-04-24T03:57:26.552558",
        "element_type": "node",
        "element_id": 10650320545,
        "country": "Tonga",
        "unit_type": "generator"
      }
    },
    {
      "type": "Feature",
      "geometry": {
        "type": "Point",
        "coordinates": [
          -175.0344045,
          -21.1526495
        ]
      },
      "properties": {
        "label": "Rejected node 10650320546",
        "type": "Capacity regex no match",
        "osm_element": "https://www.openstreetmap.org/node/10650320546",
        "rejection_reason": "Capacity regex no match",
        "rejection_details": "Tag 'generator:output:electricity' has value '275 kW' which could not be parsed",
        "rejection_keywords": "275 kW",
        "timestamp": "2026-04-24T03:57:26.552591",
        "element_type": "node",
        "element_id": 10650320546,
        "country": "Tonga",
        "unit_type": "generator"
      }
    },
    {
      "type": "Feature",
      "geometry": {
        "type": "Point",
        "coordinates": [
          -175.0348706,
          -21.1534506
        ]
      },
      "properties": {
        "label": "Rejected node 10650320547",
        "type": "Capacity regex no match",
        "osm_element": "https://www.openstreetmap.org/node/10650320547",
        "rejection_reason": "Capacity regex no match",
        "rejection_details": "Tag 'generator:output:electricity' has value '275 kW' which could not be parsed",
        "rejection_keywords": "275 kW",
        "timestamp": "2026-04-24T03:57:26.552613",
        "element_type": "node",
        "element_id": 10650320547,
        "country": "Tonga",
        "unit_type": "generator"
      }
    },
    {
      "type": "Feature",
      "geometry": {
        "type": "Point",
        "coordinates": [
          -175.0353829,
          -21.1542085
        ]
      },
      "properties": {
        "label": "Rejected node 10650320548",
        "type": "Capacity regex no match",
        "osm_element": "https://www.openstreetmap.org/node/10650320548",
        "rejection_reason": "Capacity regex no match",
        "rejection_details": "Tag 'generator:output:electricity' has value '275 kW' which could not be parsed",
        "rejection_keywords": "275 kW",
        "timestamp": "2026-04-24T03:57:26.552633",
        "element_type": "node",
        "element_id": 10650320548,
        "country": "Tonga",
        "unit_type": "generator"
      }
    },
    {
      "type": "Feature",
      "geometry": {
        "type": "Point",
        "coordinates": [
          -175.0360069,
          -21.154918
        ]
      },
      "properties": {
        "label": "Rejected node 10650320549",
        "type": "Capacity regex no match",
        "osm_element": "https://www.openstreetmap.org/node/10650320549",
        "rejection_reason": "Capacity regex no match",
        "rejection_details": "Tag 'generator:output:electricity' has value '275 kW' which could not be parsed",
        "rejection_keywords": "275 kW",
        "timestamp": "2026-04-24T03:57:26.552653",
        "element_type": "node",
        "element_id": 10650320549,
        "country": "Tonga",
        "unit_type": "generator"
      }
    },
    {
      "type": "Feature",
      "geometry": {
        "type": "Point",
        "coordinates": [
          -175.21041487984692,
          -21.142428450976304
        ]
      },
      "properties": {
        "label": "Rejected way 864506946",
        "type": "Capacity placeholder value",
        "osm_element": "https://www.openstreetmap.org/way/864506946",
        "rejection_reason": "Capacity placeholder value",
        "rejection_details": "Tag 'plant:output:electricity' contains placeholder value 'yes' instead of actual capacity",
        "rejection_keywords": "yes",
        "timestamp": "2026-04-24T03:57:26.553191",
        "element_type": "way",
        "element_id": 864506946,
        "country": "Tonga",
        "unit_type": "plant"
      }
    },
    {
      "type": "Feature",
      "geometry": {
        "type": "Point",
        "coordinates": [
          -175.21093837682866,
          -21.142113401871754
        ]
      },
      "properties": {
        "label": "Rejected way 864506948",
        "type": "Capacity placeholder value",
        "osm_element": "https://www.openstreetmap.org/way/864506948",
        "rejection_reason": "Capacity placeholder value",
        "rejection_details": "Tag 'plant:output:electricity' contains placeholder value 'yes' instead of actual capacity",
        "rejection_keywords": "yes",
        "timestamp": "2026-04-24T03:57:26.553370",
        "element_type": "way",
        "element_id": 864506948,
        "country": "Tonga",
        "unit_type": "plant"
      }
    },
    {
      "type": "Feature",
      "geometry": {
        "type": "Point",
        "coordinates": [
          -174.35038882413951,
          -19.814586888924865
        ]
      },
      "properties": {
        "label": "Rejected way 1054269013",
        "type": "Capacity placeholder value",
        "osm_element": "https://www.openstreetmap.org/way/1054269013",
        "rejection_reason": "Capacity placeholder value",
        "rejection_details": "Tag 'plant:output:electricity' contains placeholder value 'yes' instead of actual capacity",
        "rejection_keywords": "yes",
        "timestamp": "2026-04-24T03:57:26.553553",
        "element_type": "way",
        "element_id": 1054269013,
        "country": "Tonga",
        "unit_type": "plant"
      }
    },
    {
      "type": "Feature",
      "geometry": {
        "type": "Point",
        "coordinates": [
          -174.28330812317262,
          -19.674264630400277
        ]
      },
      "properties": {
        "label": "Rejected way 1226003170",
        "type": "Capacity placeholder value",
        "osm_element": "https://www.openstreetmap.org/way/1226003170",
        "rejection_reason": "Capacity placeholder value",
        "rejection_details": "Tag 'plant:output:electricity' contains placeholder value 'yes' instead of actual capacity",
        "rejection_keywords": "yes",
        "timestamp": "2026-04-24T03:57:26.553735",
        "element_type": "way",
        "element_id": 1226003170,
        "country": "Tonga",
        "unit_type": "plant"
      }
    },
    {
      "type": "Feature",
      "geometry": {
        "type": "Point",
        "coordinates": [
          -174.40490183392578,
          -19.89626962367805
        ]
      },
      "properties": {
        "label": "Rejected way 1241997935",
        "type": "Capacity placeholder value",
        "osm_element": "https://www.openstreetmap.org/way/1241997935",
        "rejection_reason": "Capacity placeholder value",
        "rejection_details": "Tag 'plant:output:electricity' contains placeholder value 'yes' instead of actual capacity",
        "rejection_keywords": "yes",
        "timestamp": "2026-04-24T03:57:26.553892",
        "element_type": "way",
        "element_id": 1241997935,
        "country": "Tonga",
        "unit_type": "plant"
      }
    },
    {
      "type": "Feature",
      "geometry": {
        "type": "Point",
        "coordinates": [
          160.0018735700124,
          -9.432264471025713
        ]
      },
      "properties": {
        "label": "Rejected way 745490625",
        "type": "Missing source tag",
        "osm_element": "https://www.openstreetmap.org/way/745490625",
        "rejection_reason": "Missing source tag",
        "rejection_details": "tags: {'landuse': 'industrial', 'name': 'Solomon Power', 'power': 'plant'}",
        "rejection_keywords": "none",
        "timestamp": "2026-04-24T03:57:26.870770",
        "element_type": "way",
        "element_id": 745490625,
        "country": "Solomon Islands",
        "unit_type": "plant"
      }
    },
    {
      "type": "Feature",
      "geometry": {
        "type": "Point",
        "coordinates": [
          160.06253548459094,
          -9.437972814107676
        ]
      },
      "properties": {
        "label": "Rejected way 747751675",
        "type": "Missing source tag",
        "osm_element": "https://www.openstreetmap.org/way/747751675",
        "rejection_reason": "Missing source tag",
        "rejection_details": "tags: {'landuse': 'industrial', 'power': 'plant'}",
        "rejection_keywords": "none",
        "timestamp": "2026-04-24T03:57:26.871111",
        "element_type": "way",
        "element_id": 747751675,
        "country": "Solomon Islands",
        "unit_type": "plant"
      }
    },
    {
      "type": "Feature",
      "geometry": {
        "type": "Point",
        "coordinates": [
          160.0625286100106,
          -9.437973031738137
        ]
      },
      "properties": {
        "label": "Rejected way 748628112",
        "type": "Capacity placeholder value",
        "osm_element": "https://www.openstreetmap.org/way/748628112",
        "rejection_reason": "Capacity placeholder value",
        "rejection_details": "Tag 'plant:output:electricity' contains placeholder value 'yes' instead of actual capacity",
        "rejection_keywords": "yes",
        "timestamp": "2026-04-24T03:57:26.871296",
        "element_type": "way",
        "element_id": 748628112,
        "country": "Solomon Islands",
        "unit_type": "plant"
      }
    },
    {
      "type": "Feature",
      "geometry": {
        "type": "Point",
        "coordinates": [
          157.87270492775988,
          -8.57671443496792
        ]
      },
      "properties": {
        "label": "Rejected way 1034251912",
        "type": "Capacity placeholder value",
        "osm_element": "https://www.openstreetmap.org/way/1034251912",
        "rejection_reason": "Capacity placeholder value",
        "rejection_details": "Tag 'plant:output:electricity' contains placeholder value 'yes' instead of actual capacity",
        "rejection_keywords": "yes",
        "timestamp": "2026-04-24T03:57:26.871460",
        "element_type": "way",
        "element_id": 1034251912,
        "country": "Solomon Islands",
        "unit_type": "plant"
      }
    },
    {
      "type": "Feature",
      "geometry": {
        "type": "Point",
        "coordinates": [
          157.25544517478536,
          -8.330376725985492
        ]
      },
      "properties": {
        "label": "Rejected way 1103419094",
        "type": "Capacity placeholder value",
        "osm_element": "https://www.openstreetmap.org/way/1103419094",
        "rejection_reason": "Capacity placeholder value",
        "rejection_details": "Tag 'plant:output:electricity' contains placeholder value 'yes' instead of actual capacity",
        "rejection_keywords": "yes",
        "timestamp": "2026-04-24T03:57:26.871653",
        "element_type": "way",
        "element_id": 1103419094,
        "country": "Solomon Islands",
        "unit_type": "plant"
      }
    },
    {
      "type": "Feature",
      "geometry": {
        "type": "Point",
        "coordinates": [
          179.19642149999999,
          -8.52611285
        ]
      },
      "properties": {
        "label": "Rejected way 136840113",
        "type": "Missing source tag",
        "osm_element": "https://www.openstreetmap.org/way/136840113",
        "rejection_reason": "Missing source tag",
        "rejection_details": "tags: {'landuse': 'industrial', 'power': 'plant', 'source': 'Bing'}",
        "rejection_keywords": "none",
        "timestamp": "2026-04-24T03:58:31.557107",
        "element_type": "way",
        "element_id": 136840113,
        "country": "Tuvalu",
        "unit_type": "plant"
      }
    },
    {
      "type": "Feature",
      "geometry": {
        "type": "Point",
        "coordinates": [
          179.19630510374068,
          -8.525889371538131
        ]
      },
      "properties": {
        "label": "Rejected way 751105246",
        "type": "Missing source tag",
        "osm_element": "https://www.openstreetmap.org/way/751105246",
        "rejection_reason": "Missing source tag",
        "rejection_details": "tags: {'landuse': 'industrial', 'power': 'plant'}",
        "rejection_keywords": "none",
        "timestamp": "2026-04-24T03:58:31.557333",
        "element_type": "way",
        "element_id": 751105246,
        "country": "Tuvalu",
        "unit_type": "plant"
      }
    },
    {
      "type": "Feature",
      "geometry": {
        "type": "Point",
        "coordinates": [
          179.20203320000002,
          -8.519721950000003
        ]
      },
      "properties": {
        "label": "Rejected way 1451424176",
        "type": "Capacity placeholder value",
        "osm_element": "https://www.openstreetmap.org/way/1451424176",
        "rejection_reason": "Capacity placeholder value",
        "rejection_details": "Tag 'plant:output:electricity' contains placeholder value 'yes' instead of actual capacity",
        "rejection_keywords": "yes",
        "timestamp": "2026-04-24T03:58:31.557509",
        "element_type": "way",
        "element_id": 1451424176,
        "country": "Tuvalu",
        "unit_type": "plant"
      }
    },
    {
      "type": "Feature",
      "geometry": {
        "type": "Point",
        "coordinates": [
          168.2112036,
          -17.7119322
        ]
      },
      "properties": {
        "label": "Rejected node 7662645535",
        "type": "Capacity regex no match",
        "osm_element": "https://www.openstreetmap.org/node/7662645535",
        "rejection_reason": "Capacity regex no match",
        "rejection_details": "Tag 'generator:output:electricity' has value '275 kW' which could not be parsed",
        "rejection_keywords": "275 kW",
        "timestamp": "2026-04-24T04:01:50.249783",
        "element_type": "node",
        "element_id": 7662645535,
        "country": "Vanuatu",
        "unit_type": "generator"
      }
    },
    {
      "type": "Feature",
      "geometry": {
        "type": "Point",
        "coordinates": [
          168.2111132,
          -17.7110566
        ]
      },
      "properties": {
        "label": "Rejected node 7662645534",
        "type": "Capacity regex no match",
        "osm_element": "https://www.openstreetmap.org/node/7662645534",
        "rejection_reason": "Capacity regex no match",
        "rejection_details": "Tag 'generator:output:electricity' has value '275 kW' which could not be parsed",
        "rejection_keywords": "275 kW",
        "timestamp": "2026-04-24T04:01:50.249811",
        "element_type": "node",
        "element_id": 7662645534,
        "country": "Vanuatu",
        "unit_type": "generator"
      }
    },
    {
      "type": "Feature",
      "geometry": {
        "type": "Point",
        "coordinates": [
          168.2102473,
          -17.7129824
        ]
      },
      "properties": {
        "label": "Rejected node 2094124957",
        "type": "Capacity regex no match",
        "osm_element": "https://www.openstreetmap.org/node/2094124957",
        "rejection_reason": "Capacity regex no match",
        "rejection_details": "Tag 'generator:output:electricity' has value '275 kW' which could not be parsed",
        "rejection_keywords": "275 kW",
        "timestamp": "2026-04-24T04:01:50.249832",
        "element_type": "node",
        "element_id": 2094124957,
        "country": "Vanuatu",
        "unit_type": "generator"
      }
    },
    {
      "type": "Feature",
      "geometry": {
        "type": "Point",
        "coordinates": [
          168.2107736,
          -17.7124241
        ]
      },
      "properties": {
        "label": "Rejected node 2094124956",
        "type": "Capacity regex no match",
        "osm_element": "https://www.openstreetmap.org/node/2094124956",
        "rejection_reason": "Capacity regex no match",
        "rejection_details": "Tag 'generator:output:electricity' has value '275 kW' which could not be parsed",
        "rejection_keywords": "275 kW",
        "timestamp": "2026-04-24T04:01:50.249852",
        "element_type": "node",
        "element_id": 2094124956,
        "country": "Vanuatu",
        "unit_type": "generator"
      }
    },
    {
      "type": "Feature",
      "geometry": {
        "type": "Point",
        "coordinates": [
          168.2089436,
          -17.7140478
        ]
      },
      "properties": {
        "label": "Rejected node 2094124959",
        "type": "Capacity regex no match",
        "osm_element": "https://www.openstreetmap.org/node/2094124959",
        "rejection_reason": "Capacity regex no match",
        "rejection_details": "Tag 'generator:output:electricity' has value '275 kW' which could not be parsed",
        "rejection_keywords": "275 kW",
        "timestamp": "2026-04-24T04:01:50.249872",
        "element_type": "node",
        "element_id": 2094124959,
        "country": "Vanuatu",
        "unit_type": "generator"
      }
    },
    {
      "type": "Feature",
      "geometry": {
        "type": "Point",
        "coordinates": [
          168.2095655,
          -17.7135123
        ]
      },
      "properties": {
        "label": "Rejected node 2094124958",
        "type": "Capacity regex no match",
        "osm_element": "https://www.openstreetmap.org/node/2094124958",
        "rejection_reason": "Capacity regex no match",
        "rejection_details": "Tag 'generator:output:electricity' has value '275 kW' which could not be parsed",
        "rejection_keywords": "275 kW",
        "timestamp": "2026-04-24T04:01:50.249892",
        "element_type": "node",
        "element_id": 2094124958,
        "country": "Vanuatu",
        "unit_type": "generator"
      }
    },
    {
      "type": "Feature",
      "geometry": {
        "type": "Point",
        "coordinates": [
          168.2076518,
          -17.7150732
        ]
      },
      "properties": {
        "label": "Rejected node 2094124961",
        "type": "Capacity regex no match",
        "osm_element": "https://www.openstreetmap.org/node/2094124961",
        "rejection_reason": "Capacity regex no match",
        "rejection_details": "Tag 'generator:output:electricity' has value '275 kW' which could not be parsed",
        "rejection_keywords": "275 kW",
        "timestamp": "2026-04-24T04:01:50.249911",
        "element_type": "node",
        "element_id": 2094124961,
        "country": "Vanuatu",
        "unit_type": "generator"
      }
    },
    {
      "type": "Feature",
      "geometry": {
        "type": "Point",
        "coordinates": [
          168.2083396,
          -17.7145833
        ]
      },
      "properties": {
        "label": "Rejected node 2094124960",
        "type": "Capacity regex no match",
        "osm_element": "https://www.openstreetmap.org/node/2094124960",
        "rejection_reason": "Capacity regex no match",
        "rejection_details": "Tag 'generator:output:electricity' has value '275 kW' which could not be parsed",
        "rejection_keywords": "275 kW",
        "timestamp": "2026-04-24T04:01:50.249930",
        "element_type": "node",
        "element_id": 2094124960,
        "country": "Vanuatu",
        "unit_type": "generator"
      }
    },
    {
      "type": "Feature",
      "geometry": {
        "type": "Point",
        "coordinates": [
          168.2064378,
          -17.7161157
        ]
      },
      "properties": {
        "label": "Rejected node 2094124963",
        "type": "Capacity regex no match",
        "osm_element": "https://www.openstreetmap.org/node/2094124963",
        "rejection_reason": "Capacity regex no match",
        "rejection_details": "Tag 'generator:output:electricity' has value '275 kW' which could not be parsed",
        "rejection_keywords": "275 kW",
        "timestamp": "2026-04-24T04:01:50.249978",
        "element_type": "node",
        "element_id": 2094124963,
        "country": "Vanuatu",
        "unit_type": "generator"
      }
    },
    {
      "type": "Feature",
      "geometry": {
        "type": "Point",
        "coordinates": [
          168.2072571,
          -17.7156885
        ]
      },
      "properties": {
        "label": "Rejected node 2094124962",
        "type": "Capacity regex no match",
        "osm_element": "https://www.openstreetmap.org/node/2094124962",
        "rejection_reason": "Capacity regex no match",
        "rejection_details": "Tag 'generator:output:electricity' has value '275 kW' which could not be parsed",
        "rejection_keywords": "275 kW",
        "timestamp": "2026-04-24T04:01:50.250006",
        "element_type": "node",
        "element_id": 2094124962,
        "country": "Vanuatu",
        "unit_type": "generator"
      }
    },
    {
      "type": "Feature",
      "geometry": {
        "type": "Point",
        "coordinates": [
          168.2050623,
          -17.7170158
        ]
      },
      "properties": {
        "label": "Rejected node 2094124965",
        "type": "Capacity regex no match",
        "osm_element": "https://www.openstreetmap.org/node/2094124965",
        "rejection_reason": "Capacity regex no match",
        "rejection_details": "Tag 'generator:output:electricity' has value '275 kW' which could not be parsed",
        "rejection_keywords": "275 kW",
        "timestamp": "2026-04-24T04:01:50.250030",
        "element_type": "node",
        "element_id": 2094124965,
        "country": "Vanuatu",
        "unit_type": "generator"
      }
    },
    {
      "type": "Feature",
      "geometry": {
        "type": "Point",
        "coordinates": [
          168.205756,
          -17.7165487
        ]
      },
      "properties": {
        "label": "Rejected node 2094124964",
        "type": "Capacity regex no match",
        "osm_element": "https://www.openstreetmap.org/node/2094124964",
        "rejection_reason": "Capacity regex no match",
        "rejection_details": "Tag 'generator:output:electricity' has value '275 kW' which could not be parsed",
        "rejection_keywords": "275 kW",
        "timestamp": "2026-04-24T04:01:50.250048",
        "element_type": "node",
        "element_id": 2094124964,
        "country": "Vanuatu",
        "unit_type": "generator"
      }
    },
    {
      "type": "Feature",
      "geometry": {
        "type": "Point",
        "coordinates": [
          168.2043993,
          -17.717435
        ]
      },
      "properties": {
        "label": "Rejected node 2094124966",
        "type": "Capacity regex no match",
        "osm_element": "https://www.openstreetmap.org/node/2094124966",
        "rejection_reason": "Capacity regex no match",
        "rejection_details": "Tag 'generator:output:electricity' has value '275 kW' which could not be parsed",
        "rejection_keywords": "275 kW",
        "timestamp": "2026-04-24T04:01:50.250066",
        "element_type": "node",
        "element_id": 2094124966,
        "country": "Vanuatu",
        "unit_type": "generator"
      }
    },
    {
      "type": "Feature",
      "geometry": {
        "type": "Point",
        "coordinates": [
          168.3157927505554,
          -17.704451126706868
        ]
      },
      "properties": {
        "label": "Rejected way 332900587",
        "type": "Capacity placeholder value",
        "osm_element": "https://www.openstreetmap.org/way/332900587",
        "rejection_reason": "Capacity placeholder value",
        "rejection_details": "Tag 'plant:output:electricity' contains placeholder value 'yes' instead of actual capacity",
        "rejection_keywords": "yes",
        "timestamp": "2026-04-24T04:01:50.250657",
        "element_type": "way",
        "element_id": 332900587,
        "country": "Vanuatu",
        "unit_type": "plant"
      }
    },
    {
      "type": "Feature",
      "geometry": {
        "type": "Point",
        "coordinates": [
          168.3156756810435,
          -17.705116896838543
        ]
      },
      "properties": {
        "label": "Rejected way 332900979",
        "type": "Capacity placeholder value",
        "osm_element": "https://www.openstreetmap.org/way/332900979",
        "rejection_reason": "Capacity placeholder value",
        "rejection_details": "Tag 'plant:output:electricity' contains placeholder value 'yes' instead of actual capacity",
        "rejection_keywords": "yes",
        "timestamp": "2026-04-24T04:01:50.250838",
        "element_type": "way",
        "element_id": 332900979,
        "country": "Vanuatu",
        "unit_type": "plant"
      }
    },
    {
      "type": "Feature",
      "geometry": {
        "type": "Point",
        "coordinates": [
          168.33477077736399,
          -17.546661837301013
        ]
      },
      "properties": {
        "label": "Rejected way 553287665",
        "type": "Missing output tag",
        "osm_element": "https://www.openstreetmap.org/way/553287665",
        "rejection_reason": "Missing output tag",
        "rejection_details": "tags: {'plant:method': 'photovoltaic', 'plant:source': 'solar', 'power': 'plant'}",
        "rejection_keywords": "none",
        "timestamp": "2026-04-24T04:01:50.251510",
        "element_type": "way",
        "element_id": 553287665,
        "country": "Vanuatu",
        "unit_type": "plant"
      }
    },
    {
      "type": "Feature",
      "geometry": {
        "type": "Point",
        "coordinates": [
          169.25927371978307,
          -19.52577308106202
        ]
      },
      "properties": {
        "label": "Rejected way 572194001",
        "type": "Missing source tag",
        "osm_element": "https://www.openstreetmap.org/way/572194001",
        "rejection_reason": "Missing source tag",
        "rejection_details": "tags: {'landuse': 'industrial', 'name': 'UNELCO', 'power': 'plant'}",
        "rejection_keywords": "none",
        "timestamp": "2026-04-24T04:01:50.251746",
        "element_type": "way",
        "element_id": 572194001,
        "country": "Vanuatu",
        "unit_type": "plant"
      }
    },
    {
      "type": "Feature",
      "geometry": {
        "type": "Point",
        "coordinates": [
          168.20390690225008,
          -17.719080053357445
        ]
      },
      "properties": {
        "label": "Rejected way 1126128720",
        "type": "Capacity placeholder value",
        "osm_element": "https://www.openstreetmap.org/way/1126128720",
        "rejection_reason": "Capacity placeholder value",
        "rejection_details": "Tag 'plant:output:electricity' contains placeholder value 'yes' instead of actual capacity",
        "rejection_keywords": "yes",
        "timestamp": "2026-04-24T04:01:50.251910",
        "element_type": "way",
        "element_id": 1126128720,
        "country": "Vanuatu",
        "unit_type": "plant"
      }
    }
  ]
}