id,element_id,element_type,country,unit_type,reason,keywords,details,timestamp,url,lat,lon
way/1047425252,1047425252,way,Namibia,plant,Capacity placeholder value,yes,Tag 'plant:output:electricity' contains placeholder value 'yes' instead of actual capacity,2026-07-01 00:46:08.486359,https://www.openstreetmap.org/way/1047425252,-23.562073631709563,15.042621410908058
way/1073032545,1073032545,way,Namibia,plant,Capacity placeholder value,yes,Tag 'plant:output:electricity' contains placeholder value 'yes' instead of actual capacity,2026-07-01 00:46:08.487050,https://www.openstreetmap.org/way/1073032545,-20.392922027708153,15.43110497990013
way/1080196149,1080196149,way,Namibia,plant,Missing output tag,none,"tags: {'landuse': 'industrial', 'name': 'Paratus Powerstation', 'plant:method': 'combustion', 'plant:source': 'diesel', 'power': 'plant', 'source': 'https://www.nampower.com.na/Page.aspx?p=186', 'start_date': '1976'}",2026-07-01 00:46:08.487491,https://www.openstreetmap.org/way/1080196149,-22.938659174796797,14.516908062768072
way/1115240963,1115240963,way,Namibia,plant,Capacity placeholder value,yes,Tag 'plant:output:electricity' contains placeholder value 'yes' instead of actual capacity,2026-07-01 00:46:08.489277,https://www.openstreetmap.org/way/1115240963,-28.430100185281507,17.42342731135402
way/1115241028,1115241028,way,Namibia,plant,Capacity placeholder value,yes,Tag 'plant:output:electricity' contains placeholder value 'yes' instead of actual capacity,2026-07-01 00:46:08.489486,https://www.openstreetmap.org/way/1115241028,-28.35105074247506,17.401423425507172
way/1115241044,1115241044,way,Namibia,plant,Capacity placeholder value,yes,Tag 'plant:output:electricity' contains placeholder value 'yes' instead of actual capacity,2026-07-01 00:46:08.489614,https://www.openstreetmap.org/way/1115241044,-28.347244677378736,17.398715711167398
way/1115508263,1115508263,way,Namibia,plant,Capacity placeholder value,yes,Tag 'plant:output:electricity' contains placeholder value 'yes' instead of actual capacity,2026-07-01 00:46:08.489725,https://www.openstreetmap.org/way/1115508263,-28.66921367514685,19.48946825178833
way/1116631495,1116631495,way,Namibia,plant,Capacity placeholder value,yes,Tag 'plant:output:electricity' contains placeholder value 'yes' instead of actual capacity,2026-07-01 00:46:08.489952,https://www.openstreetmap.org/way/1116631495,-28.415344214068114,17.404552858005534
way/1205447518,1205447518,way,Namibia,plant,Capacity placeholder value,yes,Tag 'plant:output:electricity' contains placeholder value 'yes' instead of actual capacity,2026-07-01 00:46:08.490604,https://www.openstreetmap.org/way/1205447518,-22.37890617718268,17.32985789828399
way/1212192865,1212192865,way,Namibia,plant,Capacity regex no match,0.128Mw,Tag 'plant:output:electricity' has value '0.128Mw' which could not be parsed,2026-07-01 00:46:08.490735,https://www.openstreetmap.org/way/1212192865,-22.045869602929777,17.367797886378984
way/1212196634,1212196634,way,Namibia,plant,Capacity placeholder value,yes,Tag 'plant:output:electricity' contains placeholder value 'yes' instead of actual capacity,2026-07-01 00:46:08.491004,https://www.openstreetmap.org/way/1212196634,-22.584589399234524,17.128689707433363
way/1212201784,1212201784,way,Namibia,plant,Capacity placeholder value,yes,Tag 'plant:output:electricity' contains placeholder value 'yes' instead of actual capacity,2026-07-01 00:46:08.491206,https://www.openstreetmap.org/way/1212201784,-28.401276008997897,17.410864550097866
way/1216059983,1216059983,way,Namibia,plant,Capacity placeholder value,yes,Tag 'plant:output:electricity' contains placeholder value 'yes' instead of actual capacity,2026-07-01 00:46:08.491511,https://www.openstreetmap.org/way/1216059983,-17.39766335254029,14.22201752158213
way/1223756155,1223756155,way,Namibia,plant,Missing output tag,none,"tags: {'plant:source': 'solar', 'power': 'plant'}",2026-07-01 00:46:08.491656,https://www.openstreetmap.org/way/1223756155,-24.4902186732258,15.797269155306854
way/1223756899,1223756899,way,Namibia,plant,Missing output tag,none,"tags: {'plant:source': 'solar', 'power': 'plant'}",2026-07-01 00:46:08.491768,https://www.openstreetmap.org/way/1223756899,-24.484485877319578,15.804873096016477
way/1227333657,1227333657,way,Namibia,plant,Capacity placeholder value,yes,Tag 'plant:output:electricity' contains placeholder value 'yes' instead of actual capacity,2026-07-01 00:46:08.492103,https://www.openstreetmap.org/way/1227333657,-22.840282857019112,17.557775460341375
way/1247135540,1247135540,way,Namibia,plant,Capacity placeholder value,yes,Tag 'plant:output:electricity' contains placeholder value 'yes' instead of actual capacity,2026-07-01 00:46:08.492587,https://www.openstreetmap.org/way/1247135540,-24.64221572099411,17.94701361925512
way/1303144227,1303144227,way,Namibia,plant,Capacity placeholder value,yes,Tag 'plant:output:electricity' contains placeholder value 'yes' instead of actual capacity,2026-07-01 00:46:08.492697,https://www.openstreetmap.org/way/1303144227,-22.76532275,17.510184400000004
way/1303144228,1303144228,way,Namibia,plant,Capacity placeholder value,yes,Tag 'plant:output:electricity' contains placeholder value 'yes' instead of actual capacity,2026-07-01 00:46:08.492802,https://www.openstreetmap.org/way/1303144228,-22.76535375,17.510191499999998
way/1303144229,1303144229,way,Namibia,plant,Capacity placeholder value,yes,Tag 'plant:output:electricity' contains placeholder value 'yes' instead of actual capacity,2026-07-01 00:46:08.492929,https://www.openstreetmap.org/way/1303144229,-22.765382300000002,17.510200349999998
way/1303144230,1303144230,way,Namibia,plant,Capacity placeholder value,yes,Tag 'plant:output:electricity' contains placeholder value 'yes' instead of actual capacity,2026-07-01 00:46:08.493031,https://www.openstreetmap.org/way/1303144230,-22.765412499999996,17.5102074
way/1303144231,1303144231,way,Namibia,plant,Capacity placeholder value,yes,Tag 'plant:output:electricity' contains placeholder value 'yes' instead of actual capacity,2026-07-01 00:46:08.493135,https://www.openstreetmap.org/way/1303144231,-22.765441884795322,17.5102135619883
way/1303144232,1303144232,way,Namibia,plant,Capacity placeholder value,yes,Tag 'plant:output:electricity' contains placeholder value 'yes' instead of actual capacity,2026-07-01 00:46:08.493237,https://www.openstreetmap.org/way/1303144232,-22.765472050000003,17.5102207
way/1303144233,1303144233,way,Namibia,plant,Capacity placeholder value,yes,Tag 'plant:output:electricity' contains placeholder value 'yes' instead of actual capacity,2026-07-01 00:46:08.493335,https://www.openstreetmap.org/way/1303144233,-22.76550388479516,17.510229512025212
way/1303144234,1303144234,way,Namibia,plant,Capacity placeholder value,yes,Tag 'plant:output:electricity' contains placeholder value 'yes' instead of actual capacity,2026-07-01 00:46:08.493433,https://www.openstreetmap.org/way/1303144234,-22.765536500681065,17.51023526523862
way/1303144235,1303144235,way,Namibia,plant,Capacity placeholder value,yes,Tag 'plant:output:electricity' contains placeholder value 'yes' instead of actual capacity,2026-07-01 00:46:08.493535,https://www.openstreetmap.org/way/1303144235,-22.765567500000003,17.510241899999997
way/1303144236,1303144236,way,Namibia,plant,Capacity placeholder value,yes,Tag 'plant:output:electricity' contains placeholder value 'yes' instead of actual capacity,2026-07-01 00:46:08.493636,https://www.openstreetmap.org/way/1303144236,-22.765597284795156,17.510249412025207
way/1303144237,1303144237,way,Namibia,plant,Capacity placeholder value,yes,Tag 'plant:output:electricity' contains placeholder value 'yes' instead of actual capacity,2026-07-01 00:46:08.493735,https://www.openstreetmap.org/way/1303144237,-22.7656295,17.51025875
way/1303144238,1303144238,way,Namibia,plant,Capacity placeholder value,yes,Tag 'plant:output:electricity' contains placeholder value 'yes' instead of actual capacity,2026-07-01 00:46:08.493851,https://www.openstreetmap.org/way/1303144238,-22.765707915204853,17.51033748797479
way/1303144239,1303144239,way,Namibia,plant,Capacity placeholder value,yes,Tag 'plant:output:electricity' contains placeholder value 'yes' instead of actual capacity,2026-07-01 00:46:08.493955,https://www.openstreetmap.org/way/1303144239,-22.76567691520468,17.5103286380117
way/1303144240,1303144240,way,Namibia,plant,Capacity placeholder value,yes,Tag 'plant:output:electricity' contains placeholder value 'yes' instead of actual capacity,2026-07-01 00:46:08.494054,https://www.openstreetmap.org/way/1303144240,-22.76564878479532,17.510320161988307
way/1303144241,1303144241,way,Namibia,plant,Capacity placeholder value,yes,Tag 'plant:output:electricity' contains placeholder value 'yes' instead of actual capacity,2026-07-01 00:46:08.494153,https://www.openstreetmap.org/way/1303144241,-22.765599400000006,17.510400249999993
way/1303144242,1303144242,way,Namibia,plant,Capacity placeholder value,yes,Tag 'plant:output:electricity' contains placeholder value 'yes' instead of actual capacity,2026-07-01 00:46:08.494252,https://www.openstreetmap.org/way/1303144242,-22.76557045,17.51039275
way/1303144243,1303144243,way,Namibia,plant,Capacity placeholder value,yes,Tag 'plant:output:electricity' contains placeholder value 'yes' instead of actual capacity,2026-07-01 00:46:08.494351,https://www.openstreetmap.org/way/1303144243,-22.765537400000003,17.510385649999996
way/1303144244,1303144244,way,Namibia,plant,Capacity placeholder value,yes,Tag 'plant:output:electricity' contains placeholder value 'yes' instead of actual capacity,2026-07-01 00:46:08.494448,https://www.openstreetmap.org/way/1303144244,-22.765508049999998,17.510378150000005
way/1303144245,1303144245,way,Namibia,plant,Capacity placeholder value,yes,Tag 'plant:output:electricity' contains placeholder value 'yes' instead of actual capacity,2026-07-01 00:46:08.494545,https://www.openstreetmap.org/way/1303144245,-22.765476615204683,17.5103693380117
way/1303144246,1303144246,way,Namibia,plant,Capacity placeholder value,yes,Tag 'plant:output:electricity' contains placeholder value 'yes' instead of actual capacity,2026-07-01 00:46:08.494642,https://www.openstreetmap.org/way/1303144246,-22.76529145069707,17.510328615209406
way/1303144247,1303144247,way,Namibia,plant,Capacity placeholder value,yes,Tag 'plant:output:electricity' contains placeholder value 'yes' instead of actual capacity,2026-07-01 00:46:08.494740,https://www.openstreetmap.org/way/1303144247,-22.765321450000002,17.5103347
way/1303144248,1303144248,way,Namibia,plant,Capacity placeholder value,yes,Tag 'plant:output:electricity' contains placeholder value 'yes' instead of actual capacity,2026-07-01 00:46:08.494856,https://www.openstreetmap.org/way/1303144248,-22.765351900000002,17.510342350000002
way/1303144249,1303144249,way,Namibia,plant,Capacity placeholder value,yes,Tag 'plant:output:electricity' contains placeholder value 'yes' instead of actual capacity,2026-07-01 00:46:08.494965,https://www.openstreetmap.org/way/1303144249,-22.765382384795153,17.51034941202521
way/1303144250,1303144250,way,Namibia,plant,Capacity placeholder value,yes,Tag 'plant:output:electricity' contains placeholder value 'yes' instead of actual capacity,2026-07-01 00:46:08.495063,https://www.openstreetmap.org/way/1303144250,-22.76541235,17.51035705
way/1303144251,1303144251,way,Namibia,plant,Capacity placeholder value,yes,Tag 'plant:output:electricity' contains placeholder value 'yes' instead of actual capacity,2026-07-01 00:46:08.495159,https://www.openstreetmap.org/way/1303144251,-22.765443749999996,17.510363700000003
way/1303144252,1303144252,way,Namibia,plant,Capacity placeholder value,yes,Tag 'plant:output:electricity' contains placeholder value 'yes' instead of actual capacity,2026-07-01 00:46:08.495256,https://www.openstreetmap.org/way/1303144252,-22.76550738479532,17.510522961988304
way/1303144253,1303144253,way,Namibia,plant,Capacity placeholder value,yes,Tag 'plant:output:electricity' contains placeholder value 'yes' instead of actual capacity,2026-07-01 00:46:08.495356,https://www.openstreetmap.org/way/1303144253,-22.7655372,17.510532250000004
way/1303144254,1303144254,way,Namibia,plant,Capacity placeholder value,yes,Tag 'plant:output:electricity' contains placeholder value 'yes' instead of actual capacity,2026-07-01 00:46:08.495451,https://www.openstreetmap.org/way/1303144254,-22.76556845,17.51053995
way/1303144255,1303144255,way,Namibia,plant,Capacity placeholder value,yes,Tag 'plant:output:electricity' contains placeholder value 'yes' instead of actual capacity,2026-07-01 00:46:08.495548,https://www.openstreetmap.org/way/1303144255,-22.7656185,17.510458649999997
way/1303144256,1303144256,way,Namibia,plant,Capacity placeholder value,yes,Tag 'plant:output:electricity' contains placeholder value 'yes' instead of actual capacity,2026-07-01 00:46:08.495644,https://www.openstreetmap.org/way/1303144256,-22.765647650697073,17.510467915209404
way/1303144257,1303144257,way,Namibia,plant,Capacity placeholder value,yes,Tag 'plant:output:electricity' contains placeholder value 'yes' instead of actual capacity,2026-07-01 00:46:08.495738,https://www.openstreetmap.org/way/1303144257,-22.76511045,17.51049725
way/1303144258,1303144258,way,Namibia,plant,Capacity placeholder value,yes,Tag 'plant:output:electricity' contains placeholder value 'yes' instead of actual capacity,2026-07-01 00:46:08.495851,https://www.openstreetmap.org/way/1303144258,-22.76513956946691,17.510493010147695
way/1303144259,1303144259,way,Namibia,plant,Capacity placeholder value,yes,Tag 'plant:output:electricity' contains placeholder value 'yes' instead of actual capacity,2026-07-01 00:46:08.495955,https://www.openstreetmap.org/way/1303144259,-22.765171170443224,17.510489129586464
way/1303144260,1303144260,way,Namibia,plant,Capacity placeholder value,yes,Tag 'plant:output:electricity' contains placeholder value 'yes' instead of actual capacity,2026-07-01 00:46:08.496052,https://www.openstreetmap.org/way/1303144260,-22.765200649999997,17.510484149999996
way/1303144261,1303144261,way,Namibia,plant,Capacity placeholder value,yes,Tag 'plant:output:electricity' contains placeholder value 'yes' instead of actual capacity,2026-07-01 00:46:08.496148,https://www.openstreetmap.org/way/1303144261,-22.765131769466915,17.510642810147694
way/1303144262,1303144262,way,Namibia,plant,Capacity placeholder value,yes,Tag 'plant:output:electricity' contains placeholder value 'yes' instead of actual capacity,2026-07-01 00:46:08.496244,https://www.openstreetmap.org/way/1303144262,-22.765163,17.51063825
way/1303144263,1303144263,way,Namibia,plant,Capacity placeholder value,yes,Tag 'plant:output:electricity' contains placeholder value 'yes' instead of actual capacity,2026-07-01 00:46:08.496341,https://www.openstreetmap.org/way/1303144263,-22.765193550000003,17.510633249999998
way/1303144264,1303144264,way,Namibia,plant,Capacity placeholder value,yes,Tag 'plant:output:electricity' contains placeholder value 'yes' instead of actual capacity,2026-07-01 00:46:08.496439,https://www.openstreetmap.org/way/1303144264,-22.765222668494857,17.510628590648377
way/1303144265,1303144265,way,Namibia,plant,Capacity placeholder value,yes,Tag 'plant:output:electricity' contains placeholder value 'yes' instead of actual capacity,2026-07-01 00:46:08.496538,https://www.openstreetmap.org/way/1303144265,-22.765182550000002,17.51078305
way/1303144266,1303144266,way,Namibia,plant,Capacity placeholder value,yes,Tag 'plant:output:electricity' contains placeholder value 'yes' instead of actual capacity,2026-07-01 00:46:08.496642,https://www.openstreetmap.org/way/1303144266,-22.76521306946691,17.510778410147694
way/1303144267,1303144267,way,Namibia,plant,Capacity placeholder value,yes,Tag 'plant:output:electricity' contains placeholder value 'yes' instead of actual capacity,2026-07-01 00:46:08.496742,https://www.openstreetmap.org/way/1303144267,-22.765245049999997,17.510773450000006
way/1303144268,1303144268,way,Namibia,plant,Capacity placeholder value,yes,Tag 'plant:output:electricity' contains placeholder value 'yes' instead of actual capacity,2026-07-01 00:46:08.496858,https://www.openstreetmap.org/way/1303144268,-22.765240530533088,17.510539589852307
way/1303144269,1303144269,way,Namibia,plant,Capacity placeholder value,yes,Tag 'plant:output:electricity' contains placeholder value 'yes' instead of actual capacity,2026-07-01 00:46:08.496964,https://www.openstreetmap.org/way/1303144269,-22.765270830533083,17.510535589852303
way/1303144270,1303144270,way,Namibia,plant,Capacity placeholder value,yes,Tag 'plant:output:electricity' contains placeholder value 'yes' instead of actual capacity,2026-07-01 00:46:08.497064,https://www.openstreetmap.org/way/1303144270,-22.765301130533086,17.510530889852305
way/1303144271,1303144271,way,Namibia,plant,Capacity placeholder value,yes,Tag 'plant:output:electricity' contains placeholder value 'yes' instead of actual capacity,2026-07-01 00:46:08.497162,https://www.openstreetmap.org/way/1303144271,-22.765262169466922,17.510683010147698
way/1303144272,1303144272,way,Namibia,plant,Capacity placeholder value,yes,Tag 'plant:output:electricity' contains placeholder value 'yes' instead of actual capacity,2026-07-01 00:46:08.497259,https://www.openstreetmap.org/way/1303144272,-22.7652906,17.51067835
way/1303144273,1303144273,way,Namibia,plant,Capacity placeholder value,yes,Tag 'plant:output:electricity' contains placeholder value 'yes' instead of actual capacity,2026-07-01 00:46:08.497358,https://www.openstreetmap.org/way/1303144273,-22.765320299999996,17.51067365
way/1307971636,1307971636,way,Namibia,plant,Missing output tag,none,"tags: {'plant:source': 'solar', 'power': 'plant'}",2026-07-01 00:46:08.497459,https://www.openstreetmap.org/way/1307971636,-18.495584273661727,16.729910788475653
way/1322586861,1322586861,way,Namibia,plant,Capacity placeholder value,yes,Tag 'plant:output:electricity' contains placeholder value 'yes' instead of actual capacity,2026-07-01 00:46:08.497567,https://www.openstreetmap.org/way/1322586861,-24.875947476283788,15.900545425980349
way/1324052776,1324052776,way,Namibia,plant,Capacity placeholder value,yes,Tag 'plant:output:electricity' contains placeholder value 'yes' instead of actual capacity,2026-07-01 00:46:08.497740,https://www.openstreetmap.org/way/1324052776,-19.211164474185722,17.633939869920162
way/1330168075,1330168075,way,Namibia,plant,Capacity placeholder value,yes,Tag 'plant:output:electricity' contains placeholder value 'yes' instead of actual capacity,2026-07-01 00:46:08.497964,https://www.openstreetmap.org/way/1330168075,-28.381643043466948,17.414745963804407
way/1346768181,1346768181,way,Namibia,plant,Missing source tag,none,"tags: {'landuse': 'industrial', 'name': 'Cleanergy Solutions', 'power': 'plant', 'website': 'https://www.cleanergynamibia.com/'}",2026-07-01 00:46:08.498068,https://www.openstreetmap.org/way/1346768181,-22.954596350977944,14.609603841495373
way/1354922540,1354922540,way,Namibia,plant,Capacity placeholder value,yes,Tag 'plant:output:electricity' contains placeholder value 'yes' instead of actual capacity,2026-07-01 00:46:08.498171,https://www.openstreetmap.org/way/1354922540,-19.743795545884836,17.855498167041617
way/1354926908,1354926908,way,Namibia,plant,Capacity placeholder value,yes,Tag 'plant:output:electricity' contains placeholder value 'yes' instead of actual capacity,2026-07-01 00:46:08.498270,https://www.openstreetmap.org/way/1354926908,-19.71298291809835,17.738183386866048
way/1377221525,1377221525,way,Namibia,plant,Capacity regex no match,385kw,Tag 'plant:output:electricity' has value '385kw' which could not be parsed,2026-07-01 00:46:08.498898,https://www.openstreetmap.org/way/1377221525,-22.101516368615975,15.814838347223846
way/1381086985,1381086985,way,Namibia,plant,Capacity placeholder value,yes,Tag 'plant:output:electricity' contains placeholder value 'yes' instead of actual capacity,2026-07-01 00:46:08.499014,https://www.openstreetmap.org/way/1381086985,-19.470870648404272,17.74937126964421
way/1412132577,1412132577,way,Namibia,plant,Capacity placeholder value,yes,Tag 'plant:output:electricity' contains placeholder value 'yes' instead of actual capacity,2026-07-01 00:46:08.499132,https://www.openstreetmap.org/way/1412132577,-19.698955641487153,17.40097043033122
way/1412132578,1412132578,way,Namibia,plant,Capacity placeholder value,yes,Tag 'plant:output:electricity' contains placeholder value 'yes' instead of actual capacity,2026-07-01 00:46:08.499242,https://www.openstreetmap.org/way/1412132578,-19.700724995480936,17.400735590717392
way/1490543199,1490543199,way,Namibia,plant,Capacity placeholder value,yes,Tag 'plant:output:electricity' contains placeholder value 'yes' instead of actual capacity,2026-07-01 00:46:08.499364,https://www.openstreetmap.org/way/1490543199,-23.925413612638614,18.048032823746627
way/1490543717,1490543717,way,Namibia,plant,Capacity placeholder value,yes,Tag 'plant:output:electricity' contains placeholder value 'yes' instead of actual capacity,2026-07-01 00:46:08.499464,https://www.openstreetmap.org/way/1490543717,-24.092136016985993,17.64523960393491
way/896653467,896653467,way,Botswana,plant,Capacity placeholder value,yes,Tag 'plant:output:electricity' contains placeholder value 'yes' instead of actual capacity,2026-07-01 00:52:53.884419,https://www.openstreetmap.org/way/896653467,-19.416883618015355,22.585621529892904
way/1116494721,1116494721,way,Botswana,plant,Capacity regex no match,460kW,Tag 'plant:output:electricity' has value '460kW' which could not be parsed,2026-07-01 00:52:53.884565,https://www.openstreetmap.org/way/1116494721,-19.395898373746494,22.755298304805045
way/1116495202,1116495202,way,Botswana,plant,Capacity placeholder value,yes,Tag 'plant:output:electricity' contains placeholder value 'yes' instead of actual capacity,2026-07-01 00:52:53.884684,https://www.openstreetmap.org/way/1116495202,-19.451667001552963,23.301367995195378
way/1116500142,1116500142,way,Botswana,plant,Capacity placeholder value,yes,Tag 'plant:output:electricity' contains placeholder value 'yes' instead of actual capacity,2026-07-01 00:52:53.884787,https://www.openstreetmap.org/way/1116500142,-18.320021920692305,24.884551804848247
way/1116500148,1116500148,way,Botswana,plant,Capacity placeholder value,yes,Tag 'plant:output:electricity' contains placeholder value 'yes' instead of actual capacity,2026-07-01 00:52:53.884964,https://www.openstreetmap.org/way/1116500148,-19.406026827500575,22.560903654046438
way/1116500158,1116500158,way,Botswana,plant,Capacity placeholder value,yes,Tag 'plant:output:electricity' contains placeholder value 'yes' instead of actual capacity,2026-07-01 00:52:53.885068,https://www.openstreetmap.org/way/1116500158,-19.543923763576696,22.861670664193184
way/1116500162,1116500162,way,Botswana,plant,Capacity placeholder value,yes,Tag 'plant:output:electricity' contains placeholder value 'yes' instead of actual capacity,2026-07-01 00:52:53.885167,https://www.openstreetmap.org/way/1116500162,-19.486443577787846,22.79454824622055
way/1116507453,1116507453,way,Botswana,plant,Capacity placeholder value,yes,Tag 'plant:output:electricity' contains placeholder value 'yes' instead of actual capacity,2026-07-01 00:52:53.885264,https://www.openstreetmap.org/way/1116507453,-18.888716180971702,22.587667779062034
way/1116507458,1116507458,way,Botswana,plant,Capacity placeholder value,yes,Tag 'plant:output:electricity' contains placeholder value 'yes' instead of actual capacity,2026-07-01 00:52:53.885386,https://www.openstreetmap.org/way/1116507458,-19.017654068044802,22.696652412533336
way/1116507467,1116507467,way,Botswana,plant,Capacity placeholder value,yes,Tag 'plant:output:electricity' contains placeholder value 'yes' instead of actual capacity,2026-07-01 00:52:53.885484,https://www.openstreetmap.org/way/1116507467,-19.22140014261131,22.777373017700295
way/1116507474,1116507474,way,Botswana,plant,Capacity placeholder value,yes,Tag 'plant:output:electricity' contains placeholder value 'yes' instead of actual capacity,2026-07-01 00:52:53.885578,https://www.openstreetmap.org/way/1116507474,-19.134895359319984,23.101893242832205
way/1116507478,1116507478,way,Botswana,plant,Capacity placeholder value,yes,Tag 'plant:output:electricity' contains placeholder value 'yes' instead of actual capacity,2026-07-01 00:52:53.885693,https://www.openstreetmap.org/way/1116507478,-19.108669472468726,23.26769726763944
way/1116507488,1116507488,way,Botswana,plant,Capacity placeholder value,yes,Tag 'plant:output:electricity' contains placeholder value 'yes' instead of actual capacity,2026-07-01 00:52:53.885798,https://www.openstreetmap.org/way/1116507488,-19.120945249469777,23.155603778634937
way/1116507489,1116507489,way,Botswana,plant,Capacity placeholder value,yes,Tag 'plant:output:electricity' contains placeholder value 'yes' instead of actual capacity,2026-07-01 00:52:53.885946,https://www.openstreetmap.org/way/1116507489,-18.98248150886297,22.891190400454708
way/1116507497,1116507497,way,Botswana,plant,Capacity placeholder value,yes,Tag 'plant:output:electricity' contains placeholder value 'yes' instead of actual capacity,2026-07-01 00:52:53.886092,https://www.openstreetmap.org/way/1116507497,-18.97353141831966,22.894158141733584
way/1116507504,1116507504,way,Botswana,plant,Capacity placeholder value,yes,Tag 'plant:output:electricity' contains placeholder value 'yes' instead of actual capacity,2026-07-01 00:52:53.886190,https://www.openstreetmap.org/way/1116507504,-19.30453628350463,22.603692248640634
way/1116507513,1116507513,way,Botswana,plant,Capacity placeholder value,yes,Tag 'plant:output:electricity' contains placeholder value 'yes' instead of actual capacity,2026-07-01 00:52:53.886289,https://www.openstreetmap.org/way/1116507513,-19.1225841,23.812642
way/1116507518,1116507518,way,Botswana,plant,Capacity placeholder value,yes,Tag 'plant:output:electricity' contains placeholder value 'yes' instead of actual capacity,2026-07-01 00:52:53.886385,https://www.openstreetmap.org/way/1116507518,-19.127323675504353,23.661240262619923
way/1116507523,1116507523,way,Botswana,plant,Capacity placeholder value,yes,Tag 'plant:output:electricity' contains placeholder value 'yes' instead of actual capacity,2026-07-01 00:52:53.886480,https://www.openstreetmap.org/way/1116507523,-19.13832242655052,23.568955386454757
way/1116508216,1116508216,way,Botswana,plant,Capacity placeholder value,yes,Tag 'plant:output:electricity' contains placeholder value 'yes' instead of actual capacity,2026-07-01 00:52:53.886577,https://www.openstreetmap.org/way/1116508216,-19.280763249999996,22.608259949999997
way/1116508220,1116508220,way,Botswana,plant,Capacity placeholder value,yes,Tag 'plant:output:electricity' contains placeholder value 'yes' instead of actual capacity,2026-07-01 00:52:53.886673,https://www.openstreetmap.org/way/1116508220,-19.25135229468774,22.596483529610744
way/1116519255,1116519255,way,Botswana,plant,Capacity placeholder value,yes,Tag 'plant:output:electricity' contains placeholder value 'yes' instead of actual capacity,2026-07-01 00:52:53.886767,https://www.openstreetmap.org/way/1116519255,-19.526193554662427,23.142182072127852
way/1116522272,1116522272,way,Botswana,plant,Capacity placeholder value,yes,Tag 'plant:output:electricity' contains placeholder value 'yes' instead of actual capacity,2026-07-01 00:52:53.886895,https://www.openstreetmap.org/way/1116522272,-19.580906174259237,23.218947710935982
way/1116522818,1116522818,way,Botswana,plant,Capacity placeholder value,yes,Tag 'plant:output:electricity' contains placeholder value 'yes' instead of actual capacity,2026-07-01 00:52:53.886992,https://www.openstreetmap.org/way/1116522818,-19.595937011759286,23.2495902771983
way/1116524915,1116524915,way,Botswana,plant,Capacity placeholder value,yes,Tag 'plant:output:electricity' contains placeholder value 'yes' instead of actual capacity,2026-07-01 00:52:53.887088,https://www.openstreetmap.org/way/1116524915,-19.58565885968894,23.54517090738255
way/1116524918,1116524918,way,Botswana,plant,Capacity placeholder value,yes,Tag 'plant:output:electricity' contains placeholder value 'yes' instead of actual capacity,2026-07-01 00:52:53.887183,https://www.openstreetmap.org/way/1116524918,-19.58553824290913,23.575707074545537
way/1116524923,1116524923,way,Botswana,plant,Capacity placeholder value,yes,Tag 'plant:output:electricity' contains placeholder value 'yes' instead of actual capacity,2026-07-01 00:52:53.887278,https://www.openstreetmap.org/way/1116524923,-19.554934426173972,23.572199842019426
way/1116576365,1116576365,way,Botswana,plant,Capacity placeholder value,yes,Tag 'plant:output:electricity' contains placeholder value 'yes' instead of actual capacity,2026-07-01 00:52:53.887382,https://www.openstreetmap.org/way/1116576365,-19.746533802625418,23.604213308458938
way/1116579729,1116579729,way,Botswana,plant,Capacity placeholder value,yes,Tag 'plant:output:electricity' contains placeholder value 'yes' instead of actual capacity,2026-07-01 00:52:53.887477,https://www.openstreetmap.org/way/1116579729,-19.5747844733183,23.381478985022905
way/1116586290,1116586290,way,Botswana,plant,Capacity placeholder value,yes,Tag 'plant:output:electricity' contains placeholder value 'yes' instead of actual capacity,2026-07-01 00:52:53.887570,https://www.openstreetmap.org/way/1116586290,-19.151199868988613,23.763098713637042
way/1116589707,1116589707,way,Botswana,plant,Capacity placeholder value,yes,Tag 'plant:output:electricity' contains placeholder value 'yes' instead of actual capacity,2026-07-01 00:52:53.887669,https://www.openstreetmap.org/way/1116589707,-18.565480663472485,24.06019150897416
way/1116589711,1116589711,way,Botswana,plant,Capacity placeholder value,yes,Tag 'plant:output:electricity' contains placeholder value 'yes' instead of actual capacity,2026-07-01 00:52:53.887764,https://www.openstreetmap.org/way/1116589711,-18.570791004506756,24.05561641442641
way/1116604395,1116604395,way,Botswana,plant,Capacity placeholder value,yes,Tag 'plant:output:electricity' contains placeholder value 'yes' instead of actual capacity,2026-07-01 00:52:53.887899,https://www.openstreetmap.org/way/1116604395,-19.075256371654394,23.371731086778826
way/1116605361,1116605361,way,Botswana,plant,Capacity placeholder value,yes,Tag 'plant:output:electricity' contains placeholder value 'yes' instead of actual capacity,2026-07-01 00:52:53.887999,https://www.openstreetmap.org/way/1116605361,-18.588445412195068,23.533823696943912
way/1116606407,1116606407,way,Botswana,plant,Capacity placeholder value,yes,Tag 'plant:output:electricity' contains placeholder value 'yes' instead of actual capacity,2026-07-01 00:52:53.888096,https://www.openstreetmap.org/way/1116606407,-18.52699428866577,23.578937859089347
way/1116609315,1116609315,way,Botswana,plant,Capacity placeholder value,yes,Tag 'plant:output:electricity' contains placeholder value 'yes' instead of actual capacity,2026-07-01 00:52:53.888198,https://www.openstreetmap.org/way/1116609315,-18.43829281556865,23.708801938466642
way/1167683165,1167683165,way,Botswana,plant,Capacity placeholder value,yes,Tag 'plant:output:electricity' contains placeholder value 'yes' instead of actual capacity,2026-07-01 00:52:53.888294,https://www.openstreetmap.org/way/1167683165,-24.53127526581058,24.713945466566454
way/1167756945,1167756945,way,Botswana,plant,Capacity placeholder value,yes,Tag 'plant:output:electricity' contains placeholder value 'yes' instead of actual capacity,2026-07-01 00:52:53.888389,https://www.openstreetmap.org/way/1167756945,-22.956072191077823,27.938635422800402
way/1182850312,1182850312,way,Botswana,plant,Capacity placeholder value,yes,Tag 'plant:output:electricity' contains placeholder value 'yes' instead of actual capacity,2026-07-01 00:52:53.888483,https://www.openstreetmap.org/way/1182850312,-22.206789292194536,29.037009436003423
way/1244111947,1244111947,way,Botswana,plant,Capacity placeholder value,yes,Tag 'plant:output:electricity' contains placeholder value 'yes' instead of actual capacity,2026-07-01 00:52:53.889064,https://www.openstreetmap.org/way/1244111947,-22.524714294950247,28.69682228322761
way/1254916646,1254916646,way,Botswana,plant,Capacity placeholder value,yes,Tag 'plant:output:electricity' contains placeholder value 'yes' instead of actual capacity,2026-07-01 00:52:53.889172,https://www.openstreetmap.org/way/1254916646,-22.7353848562022,28.160186748345158
way/1332944443,1332944443,way,Botswana,plant,Capacity placeholder value,yes,Tag 'plant:output:electricity' contains placeholder value 'yes' instead of actual capacity,2026-07-01 00:52:53.889477,https://www.openstreetmap.org/way/1332944443,-19.632401857820938,22.89847144279957
way/1349841660,1349841660,way,Botswana,plant,Capacity placeholder value,yes,Tag 'plant:output:electricity' contains placeholder value 'yes' instead of actual capacity,2026-07-01 00:52:53.889577,https://www.openstreetmap.org/way/1349841660,-19.187464354890007,23.410667824348025
way/1349888358,1349888358,way,Botswana,plant,Capacity placeholder value,yes,Tag 'plant:output:electricity' contains placeholder value 'yes' instead of actual capacity,2026-07-01 00:52:53.889684,https://www.openstreetmap.org/way/1349888358,-19.49221314017534,23.511915198013163
way/1349993257,1349993257,way,Botswana,plant,Capacity placeholder value,yes,Tag 'plant:output:electricity' contains placeholder value 'yes' instead of actual capacity,2026-07-01 00:52:53.889782,https://www.openstreetmap.org/way/1349993257,-19.869455300000002,23.432486400000002
way/1350450609,1350450609,way,Botswana,plant,Capacity placeholder value,yes,Tag 'plant:output:electricity' contains placeholder value 'yes' instead of actual capacity,2026-07-01 00:52:53.889919,https://www.openstreetmap.org/way/1350450609,-19.29078725,22.465325399999998
way/320276380,320276380,way,Lesotho,plant,Capacity regex no match,small_installation,Tag 'plant:output:electricity' has value 'small_installation' which could not be parsed,2026-07-01 00:53:08.732574,https://www.openstreetmap.org/way/320276380,-29.827613484421803,28.03969265887076
way/759476803,759476803,way,Lesotho,plant,Capacity regex no match,small_installation,Tag 'plant:output:electricity' has value 'small_installation' which could not be parsed,2026-07-01 00:53:08.733479,https://www.openstreetmap.org/way/759476803,-29.241676745851894,28.890424937275032
way/1395395969,1395395969,way,Lesotho,plant,Capacity regex no match,small_installation,Tag 'plant:output:electricity' has value 'small_installation' which could not be parsed,2026-07-01 00:53:08.734740,https://www.openstreetmap.org/way/1395395969,-28.964128284110163,28.593461377559308
way/1395412945,1395412945,way,Lesotho,plant,Capacity regex no match,small_installation,Tag 'plant:output:electricity' has value 'small_installation' which could not be parsed,2026-07-01 00:53:08.734952,https://www.openstreetmap.org/way/1395412945,-29.17972904654714,27.59006128478491
way/1408857170,1408857170,way,Lesotho,plant,Capacity regex no match,small_installation,Tag 'plant:output:electricity' has value 'small_installation' which could not be parsed,2026-07-01 00:53:08.735080,https://www.openstreetmap.org/way/1408857170,-29.593110352906937,28.256512646879028
way/1144447282,1144447282,way,Eswatini,plant,Capacity placeholder value,yes,Tag 'plant:output:electricity' contains placeholder value 'yes' instead of actual capacity,2026-07-01 00:55:20.896409,https://www.openstreetmap.org/way/1144447282,-26.510524816509687,31.295043654502894
way/1190930117,1190930117,way,Eswatini,plant,Missing source tag,none,"tags: {'landuse': 'industrial', 'name': 'Ubombo Sugar Mill power station', 'power': 'plant'}",2026-07-01 00:55:20.896637,https://www.openstreetmap.org/way/1190930117,-26.772549871731204,31.942063392088574
way/1228180570,1228180570,way,Eswatini,plant,Capacity regex no match,100kW,Tag 'plant:output:electricity' has value '100kW' which could not be parsed,2026-07-01 00:55:20.896901,https://www.openstreetmap.org/way/1228180570,-26.438375087674206,31.91325992342842
way/1323385435,1323385435,way,Eswatini,plant,Missing source tag,none,"tags: {'landuse': 'industrial', 'power': 'plant'}",2026-07-01 00:55:20.897007,https://www.openstreetmap.org/way/1323385435,-26.504766859926885,31.384807393778534
way/1325617017,1325617017,way,Eswatini,plant,Capacity placeholder value,yes,Tag 'plant:output:electricity' contains placeholder value 'yes' instead of actual capacity,2026-07-01 00:55:20.897105,https://www.openstreetmap.org/way/1325617017,-26.517199899072306,31.291524800628963
way/1330351590,1330351590,way,Eswatini,plant,Capacity placeholder value,yes,Tag 'plant:output:electricity' contains placeholder value 'yes' instead of actual capacity,2026-07-01 00:55:20.897202,https://www.openstreetmap.org/way/1330351590,-26.558334494117158,31.269354701144728
way/1330351617,1330351617,way,Eswatini,plant,Capacity placeholder value,yes,Tag 'plant:output:electricity' contains placeholder value 'yes' instead of actual capacity,2026-07-01 00:55:20.897339,https://www.openstreetmap.org/way/1330351617,-26.673905844116522,31.554939923579642
way/1330351626,1330351626,way,Eswatini,plant,Capacity placeholder value,yes,Tag 'plant:output:electricity' contains placeholder value 'yes' instead of actual capacity,2026-07-01 00:55:20.897436,https://www.openstreetmap.org/way/1330351626,-26.721716028529272,31.696601659379233
way/1513984155,1513984155,way,Eswatini,plant,Capacity placeholder value,yes,Tag 'plant:output:electricity' contains placeholder value 'yes' instead of actual capacity,2026-07-01 00:55:20.897865,https://www.openstreetmap.org/way/1513984155,-26.824854864473078,31.867841379563597
way/1513998822,1513998822,way,Eswatini,plant,Capacity placeholder value,yes,Tag 'plant:output:electricity' contains placeholder value 'yes' instead of actual capacity,2026-07-01 00:55:20.898086,https://www.openstreetmap.org/way/1513998822,-26.841865214149838,31.972598264095964
way/1513998831,1513998831,way,Eswatini,plant,Capacity placeholder value,yes,Tag 'plant:output:electricity' contains placeholder value 'yes' instead of actual capacity,2026-07-01 00:55:20.898197,https://www.openstreetmap.org/way/1513998831,-26.79046301873605,31.823171195878636
way/1513998855,1513998855,way,Eswatini,plant,Capacity placeholder value,yes,Tag 'plant:output:electricity' contains placeholder value 'yes' instead of actual capacity,2026-07-01 00:55:20.898299,https://www.openstreetmap.org/way/1513998855,-26.772577081513873,31.831349938573855
way/1513998862,1513998862,way,Eswatini,plant,Capacity placeholder value,yes,Tag 'plant:output:electricity' contains placeholder value 'yes' instead of actual capacity,2026-07-01 00:55:20.898395,https://www.openstreetmap.org/way/1513998862,-26.794524305931645,31.83645381845993
node/9993829823,9993829823,node,South Africa,generator,Missing output tag,none,"tags: {'generator:method': 'wind_turbine', 'generator:source': 'wind', 'name': 'Roggeveld Wind Farm', 'power': 'generator', 'start_date': 'March 2022'}",2026-07-01 00:57:56.155078,https://www.openstreetmap.org/node/9993829823,-32.9496049,20.4918945
node/9993829822,9993829822,node,South Africa,generator,Missing output tag,none,"tags: {'generator:method': 'wind_turbine', 'generator:source': 'wind', 'name': 'Roggeveld Wind Farm', 'power': 'generator', 'start_date': 'March 2022'}",2026-07-01 00:57:56.155150,https://www.openstreetmap.org/node/9993829822,-32.9453734,20.4915726
node/9993829821,9993829821,node,South Africa,generator,Missing output tag,none,"tags: {'generator:method': 'wind_turbine', 'generator:source': 'wind', 'name': 'Roggeveld Wind Farm', 'power': 'generator', 'start_date': 'March 2022'}",2026-07-01 00:57:56.155208,https://www.openstreetmap.org/node/9993829821,-32.9421681,20.4968727
node/9993829820,9993829820,node,South Africa,generator,Missing output tag,none,"tags: {'generator:method': 'wind_turbine', 'generator:source': 'wind', 'name': 'Roggeveld Wind Farm', 'power': 'generator', 'start_date': 'March 2022'}",2026-07-01 00:57:56.155263,https://www.openstreetmap.org/node/9993829820,-32.9400881,20.4998231
node/9993829819,9993829819,node,South Africa,generator,Missing output tag,none,"tags: {'generator:method': 'wind_turbine', 'generator:source': 'wind', 'name': 'Roggeveld Wind Farm', 'power': 'generator', 'start_date': 'March 2022'}",2026-07-01 00:57:56.155316,https://www.openstreetmap.org/node/9993829819,-32.9384674,20.503428
node/9993829818,9993829818,node,South Africa,generator,Missing output tag,none,"tags: {'generator:method': 'wind_turbine', 'generator:source': 'wind', 'name': 'Roggeveld Wind Farm', 'power': 'generator', 'start_date': 'March 2022'}",2026-07-01 00:57:56.155369,https://www.openstreetmap.org/node/9993829818,-32.9357211,20.5054557
node/9993829817,9993829817,node,South Africa,generator,Missing output tag,none,"tags: {'generator:method': 'wind_turbine', 'generator:source': 'wind', 'name': 'Roggeveld Wind Farm', 'power': 'generator', 'start_date': 'March 2022'}",2026-07-01 00:57:56.155422,https://www.openstreetmap.org/node/9993829817,-32.9329161,20.5073225
node/9993829816,9993829816,node,South Africa,generator,Missing output tag,none,"tags: {'generator:method': 'wind_turbine', 'generator:source': 'wind', 'name': 'Roggeveld Wind Farm', 'power': 'generator', 'start_date': 'March 2022'}",2026-07-01 00:57:56.155474,https://www.openstreetmap.org/node/9993829816,-32.929071,20.5056274
node/9993829815,9993829815,node,South Africa,generator,Missing output tag,none,"tags: {'generator:method': 'wind_turbine', 'generator:source': 'wind', 'name': 'Roggeveld Wind Farm', 'power': 'generator', 'start_date': 'March 2022'}",2026-07-01 00:57:56.155525,https://www.openstreetmap.org/node/9993829815,-32.9261172,20.5070329
node/9993829814,9993829814,node,South Africa,generator,Missing output tag,none,"tags: {'generator:method': 'wind_turbine', 'generator:source': 'wind', 'name': 'Roggeveld Wind Farm', 'power': 'generator', 'start_date': 'March 2022'}",2026-07-01 00:57:56.155576,https://www.openstreetmap.org/node/9993829814,-32.9231859,20.5084652
node/9993829812,9993829812,node,South Africa,generator,Missing output tag,none,"tags: {'generator:method': 'wind_turbine', 'generator:source': 'wind', 'name': 'Roggeveld Wind Farm', 'power': 'generator', 'start_date': 'March 2022'}",2026-07-01 00:57:56.155627,https://www.openstreetmap.org/node/9993829812,-32.9200293,20.5096346
node/9993829813,9993829813,node,South Africa,generator,Missing output tag,none,"tags: {'generator:method': 'wind_turbine', 'generator:source': 'wind', 'name': 'Roggeveld Wind Farm', 'power': 'generator', 'start_date': 'March 2022'}",2026-07-01 00:57:56.155679,https://www.openstreetmap.org/node/9993829813,-32.9235957,20.513792
node/9993829811,9993829811,node,South Africa,generator,Missing output tag,none,"tags: {'generator:method': 'wind_turbine', 'generator:source': 'wind', 'name': 'Roggeveld Wind Farm', 'power': 'generator', 'start_date': 'March 2022'}",2026-07-01 00:57:56.155730,https://www.openstreetmap.org/node/9993829811,-32.9215603,20.5169356
node/9993829810,9993829810,node,South Africa,generator,Missing output tag,none,"tags: {'generator:method': 'wind_turbine', 'generator:source': 'wind', 'name': 'Roggeveld Wind Farm', 'power': 'generator', 'start_date': 'March 2022'}",2026-07-01 00:57:56.155782,https://www.openstreetmap.org/node/9993829810,-32.9191467,20.5192047
node/9993829809,9993829809,node,South Africa,generator,Missing output tag,none,"tags: {'generator:method': 'wind_turbine', 'generator:source': 'wind', 'name': 'Roggeveld Wind Farm', 'power': 'generator', 'start_date': 'March 2022'}",2026-07-01 00:57:56.155875,https://www.openstreetmap.org/node/9993829809,-32.9163818,20.5088192
node/9993829808,9993829808,node,South Africa,generator,Missing output tag,none,"tags: {'generator:method': 'wind_turbine', 'generator:source': 'wind', 'name': 'Roggeveld Wind Farm', 'power': 'generator', 'start_date': 'March 2022'}",2026-07-01 00:57:56.155932,https://www.openstreetmap.org/node/9993829808,-32.912599,20.5092376
node/9993829807,9993829807,node,South Africa,generator,Missing output tag,none,"tags: {'generator:method': 'wind_turbine', 'generator:source': 'wind', 'name': 'Roggeveld Wind Farm', 'power': 'generator', 'start_date': 'March 2022'}",2026-07-01 00:57:56.155989,https://www.openstreetmap.org/node/9993829807,-32.9113875,20.5131215
node/9993829806,9993829806,node,South Africa,generator,Missing output tag,none,"tags: {'generator:method': 'wind_turbine', 'generator:source': 'wind', 'name': 'Roggeveld Wind Farm', 'power': 'generator', 'start_date': 'March 2022'}",2026-07-01 00:57:56.156044,https://www.openstreetmap.org/node/9993829806,-32.9096627,20.5166244
node/9993829805,9993829805,node,South Africa,generator,Missing output tag,none,"tags: {'generator:method': 'wind_turbine', 'generator:source': 'wind', 'name': 'Roggeveld Wind Farm', 'power': 'generator', 'start_date': 'March 2022'}",2026-07-01 00:57:56.156097,https://www.openstreetmap.org/node/9993829805,-32.907001,20.5187595
node/9993829787,9993829787,node,South Africa,generator,Missing output tag,none,"tags: {'generator:method': 'wind_turbine', 'generator:source': 'wind', 'name': 'Roggeveld Wind Farm', 'power': 'generator', 'start_date': 'March 2022'}",2026-07-01 00:57:56.156151,https://www.openstreetmap.org/node/9993829787,-32.9060462,20.5014753
node/9993829786,9993829786,node,South Africa,generator,Missing output tag,none,"tags: {'generator:method': 'wind_turbine', 'generator:source': 'wind', 'name': 'Roggeveld Wind Farm', 'power': 'generator', 'start_date': 'March 2022'}",2026-07-01 00:57:56.156203,https://www.openstreetmap.org/node/9993829786,-32.9015153,20.4978812
node/9993829785,9993829785,node,South Africa,generator,Missing output tag,none,"tags: {'generator:method': 'wind_turbine', 'generator:source': 'wind', 'name': 'Roggeveld Wind Farm', 'power': 'generator', 'start_date': 'March 2022'}",2026-07-01 00:57:56.156253,https://www.openstreetmap.org/node/9993829785,-32.9001461,20.5010569
node/9993829784,9993829784,node,South Africa,generator,Missing output tag,none,"tags: {'generator:method': 'wind_turbine', 'generator:source': 'wind', 'name': 'Roggeveld Wind Farm', 'power': 'generator', 'start_date': 'March 2022'}",2026-07-01 00:57:56.156304,https://www.openstreetmap.org/node/9993829784,-32.8972995,20.5029988
node/9993829783,9993829783,node,South Africa,generator,Missing output tag,none,"tags: {'generator:method': 'wind_turbine', 'generator:source': 'wind', 'name': 'Roggeveld Wind Farm', 'power': 'generator', 'start_date': 'March 2022'}",2026-07-01 00:57:56.156356,https://www.openstreetmap.org/node/9993829783,-32.8941105,20.503841
node/9993829782,9993829782,node,South Africa,generator,Missing output tag,none,"tags: {'generator:method': 'wind_turbine', 'generator:source': 'wind', 'name': 'Roggeveld Wind Farm', 'power': 'generator', 'start_date': 'March 2022'}",2026-07-01 00:57:56.156408,https://www.openstreetmap.org/node/9993829782,-32.8906195,20.5058366
node/9993829781,9993829781,node,South Africa,generator,Missing output tag,none,"tags: {'generator:method': 'wind_turbine', 'generator:source': 'wind', 'name': 'Roggeveld Wind Farm', 'power': 'generator', 'start_date': 'March 2022'}",2026-07-01 00:57:56.156463,https://www.openstreetmap.org/node/9993829781,-32.8876239,20.5071294
node/9993829780,9993829780,node,South Africa,generator,Missing output tag,none,"tags: {'generator:method': 'wind_turbine', 'generator:source': 'wind', 'name': 'Roggeveld Wind Farm', 'power': 'generator', 'start_date': 'March 2022'}",2026-07-01 00:57:56.156518,https://www.openstreetmap.org/node/9993829780,-32.8844571,20.5068344
node/9993829778,9993829778,node,South Africa,generator,Missing output tag,none,"tags: {'generator:method': 'wind_turbine', 'generator:source': 'wind', 'name': 'Roggeveld Wind Farm', 'power': 'generator', 'start_date': 'March 2022'}",2026-07-01 00:57:56.156571,https://www.openstreetmap.org/node/9993829778,-32.8796683,20.5013949
node/9993829779,9993829779,node,South Africa,generator,Missing output tag,none,"tags: {'generator:method': 'wind_turbine', 'generator:source': 'wind', 'name': 'Roggeveld Wind Farm', 'power': 'generator', 'start_date': 'March 2022'}",2026-07-01 00:57:56.156624,https://www.openstreetmap.org/node/9993829779,-32.8790285,20.5050909
node/9993829777,9993829777,node,South Africa,generator,Missing output tag,none,"tags: {'generator:method': 'wind_turbine', 'generator:source': 'wind', 'name': 'Roggeveld Wind Farm', 'power': 'generator', 'start_date': 'March 2022'}",2026-07-01 00:57:56.156677,https://www.openstreetmap.org/node/9993829777,-32.8781816,20.5094737
node/9993829804,9993829804,node,South Africa,generator,Missing output tag,none,"tags: {'generator:method': 'wind_turbine', 'generator:source': 'wind', 'name': 'Roggeveld Wind Farm', 'power': 'generator', 'start_date': 'March 2022'}",2026-07-01 00:57:56.156730,https://www.openstreetmap.org/node/9993829804,-32.9053617,20.5224448
node/9993829803,9993829803,node,South Africa,generator,Missing output tag,none,"tags: {'generator:method': 'wind_turbine', 'generator:source': 'wind', 'name': 'Roggeveld Wind Farm', 'power': 'generator', 'start_date': 'March 2022'}",2026-07-01 00:57:56.156784,https://www.openstreetmap.org/node/9993829803,-32.9029566,20.5249608
node/9993829802,9993829802,node,South Africa,generator,Missing output tag,none,"tags: {'generator:method': 'wind_turbine', 'generator:source': 'wind', 'name': 'Roggeveld Wind Farm', 'power': 'generator', 'start_date': 'March 2022'}",2026-07-01 00:57:56.156862,https://www.openstreetmap.org/node/9993829802,-32.8991372,20.5251807
node/9993829801,9993829801,node,South Africa,generator,Missing output tag,none,"tags: {'generator:method': 'wind_turbine', 'generator:source': 'wind', 'name': 'Roggeveld Wind Farm', 'power': 'generator', 'start_date': 'March 2022'}",2026-07-01 00:57:56.156919,https://www.openstreetmap.org/node/9993829801,-32.8958852,20.5265969
node/9993829800,9993829800,node,South Africa,generator,Missing output tag,none,"tags: {'generator:method': 'wind_turbine', 'generator:source': 'wind', 'name': 'Roggeveld Wind Farm', 'power': 'generator', 'start_date': 'March 2022'}",2026-07-01 00:57:56.156973,https://www.openstreetmap.org/node/9993829800,-32.8929618,20.5280936
node/9993829799,9993829799,node,South Africa,generator,Missing output tag,none,"tags: {'generator:method': 'wind_turbine', 'generator:source': 'wind', 'name': 'Roggeveld Wind Farm', 'power': 'generator', 'start_date': 'March 2022'}",2026-07-01 00:57:56.157026,https://www.openstreetmap.org/node/9993829799,-32.890133,20.5298048
node/9993829798,9993829798,node,South Africa,generator,Missing output tag,none,"tags: {'generator:method': 'wind_turbine', 'generator:source': 'wind', 'name': 'Roggeveld Wind Farm', 'power': 'generator', 'start_date': 'March 2022'}",2026-07-01 00:57:56.157078,https://www.openstreetmap.org/node/9993829798,-32.8875834,20.5320311
node/9993829797,9993829797,node,South Africa,generator,Missing output tag,none,"tags: {'generator:method': 'wind_turbine', 'generator:source': 'wind', 'name': 'Roggeveld Wind Farm', 'power': 'generator', 'start_date': 'March 2022'}",2026-07-01 00:57:56.157132,https://www.openstreetmap.org/node/9993829797,-32.8852364,20.5346489
node/9993829796,9993829796,node,South Africa,generator,Missing output tag,none,"tags: {'generator:method': 'wind_turbine', 'generator:source': 'wind', 'name': 'Roggeveld Wind Farm', 'power': 'generator', 'start_date': 'March 2022'}",2026-07-01 00:57:56.157189,https://www.openstreetmap.org/node/9993829796,-32.8827137,20.5373311
node/9993829795,9993829795,node,South Africa,generator,Missing output tag,none,"tags: {'generator:method': 'wind_turbine', 'generator:source': 'wind', 'name': 'Roggeveld Wind Farm', 'power': 'generator', 'start_date': 'March 2022'}",2026-07-01 00:57:56.157241,https://www.openstreetmap.org/node/9993829795,-32.8803215,20.5398685
node/9993829794,9993829794,node,South Africa,generator,Missing output tag,none,"tags: {'generator:method': 'wind_turbine', 'generator:source': 'wind', 'name': 'Roggeveld Wind Farm', 'power': 'generator', 'start_date': 'March 2022'}",2026-07-01 00:57:56.157296,https://www.openstreetmap.org/node/9993829794,-32.8773932,20.5414563
node/9993829793,9993829793,node,South Africa,generator,Missing output tag,none,"tags: {'generator:method': 'wind_turbine', 'generator:source': 'wind', 'name': 'Roggeveld Wind Farm', 'power': 'generator', 'start_date': 'March 2022'}",2026-07-01 00:57:56.157349,https://www.openstreetmap.org/node/9993829793,-32.8744197,20.543527
node/9993829792,9993829792,node,South Africa,generator,Missing output tag,none,"tags: {'generator:method': 'wind_turbine', 'generator:source': 'wind', 'name': 'Roggeveld Wind Farm', 'power': 'generator', 'start_date': 'March 2022'}",2026-07-01 00:57:56.157401,https://www.openstreetmap.org/node/9993829792,-32.8730095,20.5468905
node/9993829791,9993829791,node,South Africa,generator,Missing output tag,none,"tags: {'generator:method': 'wind_turbine', 'generator:source': 'wind', 'name': 'Roggeveld Wind Farm', 'power': 'generator', 'start_date': 'March 2022'}",2026-07-01 00:57:56.157454,https://www.openstreetmap.org/node/9993829791,-32.8704774,20.5491918
node/9993829790,9993829790,node,South Africa,generator,Missing output tag,none,"tags: {'generator:method': 'wind_turbine', 'generator:source': 'wind', 'name': 'Roggeveld Wind Farm', 'power': 'generator', 'start_date': 'March 2022'}",2026-07-01 00:57:56.157505,https://www.openstreetmap.org/node/9993829790,-32.8596453,20.5403674
node/9993829789,9993829789,node,South Africa,generator,Missing output tag,none,"tags: {'generator:method': 'wind_turbine', 'generator:source': 'wind', 'name': 'Roggeveld Wind Farm', 'power': 'generator', 'start_date': 'March 2022'}",2026-07-01 00:57:56.157556,https://www.openstreetmap.org/node/9993829789,-32.8564549,20.5411881
node/9993829788,9993829788,node,South Africa,generator,Missing output tag,none,"tags: {'generator:method': 'wind_turbine', 'generator:source': 'wind', 'name': 'Roggeveld Wind Farm', 'power': 'generator', 'start_date': 'March 2022'}",2026-07-01 00:57:56.157607,https://www.openstreetmap.org/node/9993829788,-32.8535168,20.5426258
node/10005398472,10005398472,node,South Africa,generator,Capacity placeholder value,yes,Tag 'generator:output:electricity' contains placeholder value 'yes' instead of actual capacity,2026-07-01 00:57:56.160637,https://www.openstreetmap.org/node/10005398472,-34.2414262,20.2384579
node/10005398471,10005398471,node,South Africa,generator,Capacity placeholder value,yes,Tag 'generator:output:electricity' contains placeholder value 'yes' instead of actual capacity,2026-07-01 00:57:56.160657,https://www.openstreetmap.org/node/10005398471,-34.234672,20.2417731
node/10005398470,10005398470,node,South Africa,generator,Capacity placeholder value,yes,Tag 'generator:output:electricity' contains placeholder value 'yes' instead of actual capacity,2026-07-01 00:57:56.160670,https://www.openstreetmap.org/node/10005398470,-34.2319134,20.2340108
node/10650861960,10650861960,node,South Africa,generator,Capacity placeholder value,yes,Tag 'generator:output:electricity' contains placeholder value 'yes' instead of actual capacity,2026-07-01 00:57:56.160681,https://www.openstreetmap.org/node/10650861960,-34.2461312,20.2216673
node/10650861959,10650861959,node,South Africa,generator,Capacity placeholder value,yes,Tag 'generator:output:electricity' contains placeholder value 'yes' instead of actual capacity,2026-07-01 00:57:56.160692,https://www.openstreetmap.org/node/10650861959,-34.2339801,20.2267098
node/10650861958,10650861958,node,South Africa,generator,Capacity placeholder value,yes,Tag 'generator:output:electricity' contains placeholder value 'yes' instead of actual capacity,2026-07-01 00:57:56.160703,https://www.openstreetmap.org/node/10650861958,-34.2426546,20.2234912
node/10650861957,10650861957,node,South Africa,generator,Capacity placeholder value,yes,Tag 'generator:output:electricity' contains placeholder value 'yes' instead of actual capacity,2026-07-01 00:57:56.160713,https://www.openstreetmap.org/node/10650861957,-34.2383796,20.2235341
node/10650861956,10650861956,node,South Africa,generator,Capacity placeholder value,yes,Tag 'generator:output:electricity' contains placeholder value 'yes' instead of actual capacity,2026-07-01 00:57:56.160724,https://www.openstreetmap.org/node/10650861956,-34.2280902,20.2219677
node/10650861955,10650861955,node,South Africa,generator,Capacity placeholder value,yes,Tag 'generator:output:electricity' contains placeholder value 'yes' instead of actual capacity,2026-07-01 00:57:56.160734,https://www.openstreetmap.org/node/10650861955,-34.217569,20.2170968
node/10650861954,10650861954,node,South Africa,generator,Capacity placeholder value,yes,Tag 'generator:output:electricity' contains placeholder value 'yes' instead of actual capacity,2026-07-01 00:57:56.160743,https://www.openstreetmap.org/node/10650861954,-34.2189707,20.2257442
node/10650861953,10650861953,node,South Africa,generator,Capacity placeholder value,yes,Tag 'generator:output:electricity' contains placeholder value 'yes' instead of actual capacity,2026-07-01 00:57:56.160754,https://www.openstreetmap.org/node/10650861953,-34.2266354,20.2282333
node/10650861952,10650861952,node,South Africa,generator,Capacity placeholder value,yes,Tag 'generator:output:electricity' contains placeholder value 'yes' instead of actual capacity,2026-07-01 00:57:56.160764,https://www.openstreetmap.org/node/10650861952,-34.2232999,20.2222037
node/10650861951,10650861951,node,South Africa,generator,Capacity placeholder value,yes,Tag 'generator:output:electricity' contains placeholder value 'yes' instead of actual capacity,2026-07-01 00:57:56.160774,https://www.openstreetmap.org/node/10650861951,-34.23767,20.2275467
node/9993853956,9993853956,node,South Africa,generator,Missing output tag,none,"tags: {'generator:method': 'wind_turbine', 'generator:source': 'wind', 'power': 'generator'}",2026-07-01 00:57:56.162526,https://www.openstreetmap.org/node/9993853956,-33.0481878,20.0793278
node/9993853967,9993853967,node,South Africa,generator,Missing output tag,none,"tags: {'generator:method': 'wind_turbine', 'generator:source': 'wind', 'power': 'generator'}",2026-07-01 00:57:56.162552,https://www.openstreetmap.org/node/9993853967,-33.0775452,20.1273501
node/9993853948,9993853948,node,South Africa,generator,Missing output tag,none,"tags: {'generator:method': 'wind_turbine', 'generator:source': 'wind', 'power': 'generator'}",2026-07-01 00:57:56.162572,https://www.openstreetmap.org/node/9993853948,-33.0670532,20.0681913
node/9993853977,9993853977,node,South Africa,generator,Missing output tag,none,"tags: {'generator:method': 'wind_turbine', 'generator:source': 'wind', 'power': 'generator'}",2026-07-01 00:57:56.162591,https://www.openstreetmap.org/node/9993853977,-33.0568117,20.1179087
node/9993853927,9993853927,node,South Africa,generator,Missing output tag,none,"tags: {'generator:method': 'wind_turbine', 'generator:source': 'wind', 'power': 'generator'}",2026-07-01 00:57:56.162609,https://www.openstreetmap.org/node/9993853927,-33.0578817,20.1440227
node/9993853952,9993853952,node,South Africa,generator,Missing output tag,none,"tags: {'generator:method': 'wind_turbine', 'generator:source': 'wind', 'power': 'generator'}",2026-07-01 00:57:56.162628,https://www.openstreetmap.org/node/9993853952,-33.0653538,20.0776219
node/9993853963,9993853963,node,South Africa,generator,Missing output tag,none,"tags: {'generator:method': 'wind_turbine', 'generator:source': 'wind', 'power': 'generator'}",2026-07-01 00:57:56.162647,https://www.openstreetmap.org/node/9993853963,-33.0522525,20.0864839
node/9993853944,9993853944,node,South Africa,generator,Missing output tag,none,"tags: {'generator:method': 'wind_turbine', 'generator:source': 'wind', 'power': 'generator'}",2026-07-01 00:57:56.162665,https://www.openstreetmap.org/node/9993853944,-33.064131,20.0873852
node/9993853973,9993853973,node,South Africa,generator,Missing output tag,none,"tags: {'generator:method': 'wind_turbine', 'generator:source': 'wind', 'power': 'generator'}",2026-07-01 00:57:56.162684,https://www.openstreetmap.org/node/9993853973,-33.0693548,20.1126087
node/9993853980,9993853980,node,South Africa,generator,Missing output tag,none,"tags: {'generator:method': 'wind_turbine', 'generator:source': 'wind', 'power': 'generator'}",2026-07-01 00:57:56.162702,https://www.openstreetmap.org/node/9993853980,-33.0561013,20.1011395
node/9993853930,9993853930,node,South Africa,generator,Missing output tag,none,"tags: {'generator:method': 'wind_turbine', 'generator:source': 'wind', 'power': 'generator'}",2026-07-01 00:57:56.162721,https://www.openstreetmap.org/node/9993853930,-33.0531878,20.133723
node/9993853959,9993853959,node,South Africa,generator,Missing output tag,none,"tags: {'generator:method': 'wind_turbine', 'generator:source': 'wind', 'power': 'generator'}",2026-07-01 00:57:56.162741,https://www.openstreetmap.org/node/9993853959,-33.0444916,20.0943696
node/9993853966,9993853966,node,South Africa,generator,Missing output tag,none,"tags: {'generator:method': 'wind_turbine', 'generator:source': 'wind', 'power': 'generator'}",2026-07-01 00:57:56.162759,https://www.openstreetmap.org/node/9993853966,-33.0814827,20.1222861
node/9993853969,9993853969,node,South Africa,generator,Missing output tag,none,"tags: {'generator:method': 'wind_turbine', 'generator:source': 'wind', 'power': 'generator'}",2026-07-01 00:57:56.162776,https://www.openstreetmap.org/node/9993853969,-33.0727174,20.1347422
node/9993853951,9993853951,node,South Africa,generator,Missing output tag,none,"tags: {'generator:method': 'wind_turbine', 'generator:source': 'wind', 'power': 'generator'}",2026-07-01 00:57:56.162795,https://www.openstreetmap.org/node/9993853951,-33.0636275,20.0679982
node/9993853976,9993853976,node,South Africa,generator,Missing output tag,none,"tags: {'generator:method': 'wind_turbine', 'generator:source': 'wind', 'power': 'generator'}",2026-07-01 00:57:56.162841,https://www.openstreetmap.org/node/9993853976,-33.0620854,20.1161599
node/9993853926,9993853926,node,South Africa,generator,Missing output tag,none,"tags: {'generator:method': 'wind_turbine', 'generator:source': 'wind', 'power': 'generator'}",2026-07-01 00:57:56.162862,https://www.openstreetmap.org/node/9993853926,-33.052864,20.1432931
node/9993853955,9993853955,node,South Africa,generator,Missing output tag,none,"tags: {'generator:method': 'wind_turbine', 'generator:source': 'wind', 'power': 'generator'}",2026-07-01 00:57:56.162884,https://www.openstreetmap.org/node/9993853955,-33.0502112,20.0765705
node/9993853962,9993853962,node,South Africa,generator,Missing output tag,none,"tags: {'generator:method': 'wind_turbine', 'generator:source': 'wind', 'power': 'generator'}",2026-07-01 00:57:56.162903,https://www.openstreetmap.org/node/9993853962,-33.0496536,20.0890589
node/9993853947,9993853947,node,South Africa,generator,Missing output tag,none,"tags: {'generator:method': 'wind_turbine', 'generator:source': 'wind', 'power': 'generator'}",2026-07-01 00:57:56.162922,https://www.openstreetmap.org/node/9993853947,-33.0712429,20.0703263
node/9993853972,9993853972,node,South Africa,generator,Missing output tag,none,"tags: {'generator:method': 'wind_turbine', 'generator:source': 'wind', 'power': 'generator'}",2026-07-01 00:57:56.162940,https://www.openstreetmap.org/node/9993853972,-33.0662439,20.1222968
node/9993853958,9993853958,node,South Africa,generator,Missing output tag,none,"tags: {'generator:method': 'wind_turbine', 'generator:source': 'wind', 'power': 'generator'}",2026-07-01 00:57:56.162959,https://www.openstreetmap.org/node/9993853958,-33.0441318,20.0882649
node/9993853943,9993853943,node,South Africa,generator,Missing output tag,none,"tags: {'generator:method': 'wind_turbine', 'generator:source': 'wind', 'power': 'generator'}",2026-07-01 00:57:56.162977,https://www.openstreetmap.org/node/9993853943,-33.0628812,20.0916016
node/9993853968,9993853968,node,South Africa,generator,Missing output tag,none,"tags: {'generator:method': 'wind_turbine', 'generator:source': 'wind', 'power': 'generator'}",2026-07-01 00:57:56.162996,https://www.openstreetmap.org/node/9993853968,-33.0752527,20.1322746
node/9993853950,9993853950,node,South Africa,generator,Missing output tag,none,"tags: {'generator:method': 'wind_turbine', 'generator:source': 'wind', 'power': 'generator'}",2026-07-01 00:57:56.163015,https://www.openstreetmap.org/node/9993853950,-33.0607771,20.0697899
node/9993853979,9993853979,node,South Africa,generator,Missing output tag,none,"tags: {'generator:method': 'wind_turbine', 'generator:source': 'wind', 'power': 'generator'}",2026-07-01 00:57:56.163035,https://www.openstreetmap.org/node/9993853979,-33.0584932,20.1085693
node/9993853929,9993853929,node,South Africa,generator,Missing output tag,none,"tags: {'generator:method': 'wind_turbine', 'generator:source': 'wind', 'power': 'generator'}",2026-07-01 00:57:56.163056,https://www.openstreetmap.org/node/9993853929,-33.0505889,20.1355684
node/9993853954,9993853954,node,South Africa,generator,Missing output tag,none,"tags: {'generator:method': 'wind_turbine', 'generator:source': 'wind', 'power': 'generator'}",2026-07-01 00:57:56.163076,https://www.openstreetmap.org/node/9993853954,-33.0560833,20.0746715
node/9993853965,9993853965,node,South Africa,generator,Missing output tag,none,"tags: {'generator:method': 'wind_turbine', 'generator:source': 'wind', 'power': 'generator'}",2026-07-01 00:57:56.163095,https://www.openstreetmap.org/node/9993853965,-33.0775811,20.1215887
node/9993853946,9993853946,node,South Africa,generator,Missing output tag,none,"tags: {'generator:method': 'wind_turbine', 'generator:source': 'wind', 'power': 'generator'}",2026-07-01 00:57:56.163115,https://www.openstreetmap.org/node/9993853946,-33.0680332,20.0757766
node/9993853975,9993853975,node,South Africa,generator,Missing output tag,none,"tags: {'generator:method': 'wind_turbine', 'generator:source': 'wind', 'power': 'generator'}",2026-07-01 00:57:56.163135,https://www.openstreetmap.org/node/9993853975,-33.0627014,20.1112622
node/9993853925,9993853925,node,South Africa,generator,Missing output tag,none,"tags: {'generator:method': 'wind_turbine', 'generator:source': 'wind', 'power': 'generator'}",2026-07-01 00:57:56.163154,https://www.openstreetmap.org/node/9993853925,-33.0433224,20.0743067
node/9993853932,9993853932,node,South Africa,generator,Missing output tag,none,"tags: {'generator:method': 'wind_turbine', 'generator:source': 'wind', 'power': 'generator'}",2026-07-01 00:57:56.163173,https://www.openstreetmap.org/node/9993853932,-33.0490061,20.1273286
node/9993853961,9993853961,node,South Africa,generator,Missing output tag,none,"tags: {'generator:method': 'wind_turbine', 'generator:source': 'wind', 'power': 'generator'}",2026-07-01 00:57:56.163192,https://www.openstreetmap.org/node/9993853961,-33.0487274,20.0942516
node/9993853971,9993853971,node,South Africa,generator,Missing output tag,none,"tags: {'generator:method': 'wind_turbine', 'generator:source': 'wind', 'power': 'generator'}",2026-07-01 00:57:56.163211,https://www.openstreetmap.org/node/9993853971,-33.0631689,20.1288199
node/9993853978,9993853978,node,South Africa,generator,Missing output tag,none,"tags: {'generator:method': 'wind_turbine', 'generator:source': 'wind', 'power': 'generator'}",2026-07-01 00:57:56.163230,https://www.openstreetmap.org/node/9993853978,-33.0578997,20.1139122
node/9993853928,9993853928,node,South Africa,generator,Missing output tag,none,"tags: {'generator:method': 'wind_turbine', 'generator:source': 'wind', 'power': 'generator'}",2026-07-01 00:57:56.163249,https://www.openstreetmap.org/node/9993853928,-33.0584033,20.138272
node/9993853957,9993853957,node,South Africa,generator,Missing output tag,none,"tags: {'generator:method': 'wind_turbine', 'generator:source': 'wind', 'power': 'generator'}",2026-07-01 00:57:56.163268,https://www.openstreetmap.org/node/9993853957,-33.0459125,20.0821173
node/9993853964,9993853964,node,South Africa,generator,Missing output tag,none,"tags: {'generator:method': 'wind_turbine', 'generator:source': 'wind', 'power': 'generator'}",2026-07-01 00:57:56.163287,https://www.openstreetmap.org/node/9993853964,-33.0864898,20.1197648
node/9993853949,9993853949,node,South Africa,generator,Missing output tag,none,"tags: {'generator:method': 'wind_turbine', 'generator:source': 'wind', 'power': 'generator'}",2026-07-01 00:57:56.163307,https://www.openstreetmap.org/node/9993853949,-33.0570365,20.0699401
node/9993853974,9993853974,node,South Africa,generator,Missing output tag,none,"tags: {'generator:method': 'wind_turbine', 'generator:source': 'wind', 'power': 'generator'}",2026-07-01 00:57:56.163332,https://www.openstreetmap.org/node/9993853974,-33.068204,20.1169753
node/9993853924,9993853924,node,South Africa,generator,Missing output tag,none,"tags: {'generator:method': 'wind_turbine', 'generator:source': 'wind', 'power': 'generator'}",2026-07-01 00:57:56.163350,https://www.openstreetmap.org/node/9993853924,-33.0415147,20.0778043
node/9993853953,9993853953,node,South Africa,generator,Missing output tag,none,"tags: {'generator:method': 'wind_turbine', 'generator:source': 'wind', 'power': 'generator'}",2026-07-01 00:57:56.163370,https://www.openstreetmap.org/node/9993853953,-33.0616403,20.0782978
node/9993853960,9993853960,node,South Africa,generator,Missing output tag,none,"tags: {'generator:method': 'wind_turbine', 'generator:source': 'wind', 'power': 'generator'}",2026-07-01 00:57:56.163388,https://www.openstreetmap.org/node/9993853960,-33.0487903,20.100131
node/9993853945,9993853945,node,South Africa,generator,Missing output tag,none,"tags: {'generator:method': 'wind_turbine', 'generator:source': 'wind', 'power': 'generator'}",2026-07-01 00:57:56.163407,https://www.openstreetmap.org/node/9993853945,-33.0659293,20.0839841
node/9993853970,9993853970,node,South Africa,generator,Missing output tag,none,"tags: {'generator:method': 'wind_turbine', 'generator:source': 'wind', 'power': 'generator'}",2026-07-01 00:57:56.163427,https://www.openstreetmap.org/node/9993853970,-33.0629801,20.122962
node/9993853981,9993853981,node,South Africa,generator,Missing output tag,none,"tags: {'generator:method': 'wind_turbine', 'generator:source': 'wind', 'power': 'generator'}",2026-07-01 00:57:56.163445,https://www.openstreetmap.org/node/9993853981,-33.0537858,20.1035052
node/9993853931,9993853931,node,South Africa,generator,Missing output tag,none,"tags: {'generator:method': 'wind_turbine', 'generator:source': 'wind', 'power': 'generator'}",2026-07-01 00:57:56.163464,https://www.openstreetmap.org/node/9993853931,-33.0462812,20.1293349
node/10005398498,10005398498,node,South Africa,generator,Capacity placeholder value,yes,Tag 'generator:output:electricity' contains placeholder value 'yes' instead of actual capacity,2026-07-01 00:57:56.166137,https://www.openstreetmap.org/node/10005398498,-33.0912719,18.4174901
node/10005398477,10005398477,node,South Africa,generator,Capacity placeholder value,yes,Tag 'generator:output:electricity' contains placeholder value 'yes' instead of actual capacity,2026-07-01 00:57:56.166155,https://www.openstreetmap.org/node/10005398477,-33.0915157,18.368737
node/10005398484,10005398484,node,South Africa,generator,Capacity placeholder value,yes,Tag 'generator:output:electricity' contains placeholder value 'yes' instead of actual capacity,2026-07-01 00:57:56.166167,https://www.openstreetmap.org/node/10005398484,-33.0875146,18.3881655
node/10005398494,10005398494,node,South Africa,generator,Capacity placeholder value,yes,Tag 'generator:output:electricity' contains placeholder value 'yes' instead of actual capacity,2026-07-01 00:57:56.166178,https://www.openstreetmap.org/node/10005398494,-33.0837795,18.4134775
node/10005398473,10005398473,node,South Africa,generator,Capacity placeholder value,yes,Tag 'generator:output:electricity' contains placeholder value 'yes' instead of actual capacity,2026-07-01 00:57:56.166188,https://www.openstreetmap.org/node/10005398473,-33.1040888,18.3863872
node/10005398480,10005398480,node,South Africa,generator,Capacity placeholder value,yes,Tag 'generator:output:electricity' contains placeholder value 'yes' instead of actual capacity,2026-07-01 00:57:56.166197,https://www.openstreetmap.org/node/10005398480,-33.0859055,18.3725014
node/10005398506,10005398506,node,South Africa,generator,Capacity placeholder value,yes,Tag 'generator:output:electricity' contains placeholder value 'yes' instead of actual capacity,2026-07-01 00:57:56.166208,https://www.openstreetmap.org/node/10005398506,-33.1015498,18.3915049
node/10005398490,10005398490,node,South Africa,generator,Capacity placeholder value,yes,Tag 'generator:output:electricity' contains placeholder value 'yes' instead of actual capacity,2026-07-01 00:57:56.166219,https://www.openstreetmap.org/node/10005398490,-33.0827817,18.4006405
node/10005398501,10005398501,node,South Africa,generator,Capacity placeholder value,yes,Tag 'generator:output:electricity' contains placeholder value 'yes' instead of actual capacity,2026-07-01 00:57:56.166229,https://www.openstreetmap.org/node/10005398501,-33.0959009,18.408376
node/10005398476,10005398476,node,South Africa,generator,Capacity placeholder value,yes,Tag 'generator:output:electricity' contains placeholder value 'yes' instead of actual capacity,2026-07-01 00:57:56.166240,https://www.openstreetmap.org/node/10005398476,-33.0925719,18.3719489
node/10005398487,10005398487,node,South Africa,generator,Capacity placeholder value,yes,Tag 'generator:output:electricity' contains placeholder value 'yes' instead of actual capacity,2026-07-01 00:57:56.166250,https://www.openstreetmap.org/node/10005398487,-33.0907416,18.3966547
node/10005398497,10005398497,node,South Africa,generator,Capacity placeholder value,yes,Tag 'generator:output:electricity' contains placeholder value 'yes' instead of actual capacity,2026-07-01 00:57:56.166259,https://www.openstreetmap.org/node/10005398497,-33.0904225,18.4207517
node/10005398483,10005398483,node,South Africa,generator,Capacity placeholder value,yes,Tag 'generator:output:electricity' contains placeholder value 'yes' instead of actual capacity,2026-07-01 00:57:56.166268,https://www.openstreetmap.org/node/10005398483,-33.0869864,18.3849657
node/10005398493,10005398493,node,South Africa,generator,Capacity placeholder value,yes,Tag 'generator:output:electricity' contains placeholder value 'yes' instead of actual capacity,2026-07-01 00:57:56.166278,https://www.openstreetmap.org/node/10005398493,-33.0816131,18.4097707
node/10005398500,10005398500,node,South Africa,generator,Capacity placeholder value,yes,Tag 'generator:output:electricity' contains placeholder value 'yes' instead of actual capacity,2026-07-01 00:57:56.166287,https://www.openstreetmap.org/node/10005398500,-33.0906517,18.4110957
node/10005398479,10005398479,node,South Africa,generator,Capacity placeholder value,yes,Tag 'generator:output:electricity' contains placeholder value 'yes' instead of actual capacity,2026-07-01 00:57:56.166297,https://www.openstreetmap.org/node/10005398479,-33.0906292,18.3655559
node/10005398505,10005398505,node,South Africa,generator,Capacity placeholder value,yes,Tag 'generator:output:electricity' contains placeholder value 'yes' instead of actual capacity,2026-07-01 00:57:56.166307,https://www.openstreetmap.org/node/10005398505,-33.1020553,18.3946994
node/10005398486,10005398486,node,South Africa,generator,Capacity placeholder value,yes,Tag 'generator:output:electricity' contains placeholder value 'yes' instead of actual capacity,2026-07-01 00:57:56.166317,https://www.openstreetmap.org/node/10005398486,-33.0903101,18.3934361
node/10005398489,10005398489,node,South Africa,generator,Capacity placeholder value,yes,Tag 'generator:output:electricity' contains placeholder value 'yes' instead of actual capacity,2026-07-01 00:57:56.166326,https://www.openstreetmap.org/node/10005398489,-33.0828986,18.39688
node/10005398496,10005398496,node,South Africa,generator,Capacity placeholder value,yes,Tag 'generator:output:electricity' contains placeholder value 'yes' instead of actual capacity,2026-07-01 00:57:56.166336,https://www.openstreetmap.org/node/10005398496,-33.0903146,18.4240293
node/10005398475,10005398475,node,South Africa,generator,Capacity placeholder value,yes,Tag 'generator:output:electricity' contains placeholder value 'yes' instead of actual capacity,2026-07-01 00:57:56.166346,https://www.openstreetmap.org/node/10005398475,-33.0930943,18.3756798
node/10005398482,10005398482,node,South Africa,generator,Capacity placeholder value,yes,Tag 'generator:output:electricity' contains placeholder value 'yes' instead of actual capacity,2026-07-01 00:57:56.166356,https://www.openstreetmap.org/node/10005398482,-33.0853145,18.3799499
node/10005398492,10005398492,node,South Africa,generator,Capacity placeholder value,yes,Tag 'generator:output:electricity' contains placeholder value 'yes' instead of actual capacity,2026-07-01 00:57:56.166365,https://www.openstreetmap.org/node/10005398492,-33.0820041,18.4060156
node/10005398503,10005398503,node,South Africa,generator,Capacity placeholder value,yes,Tag 'generator:output:electricity' contains placeholder value 'yes' instead of actual capacity,2026-07-01 00:57:56.166375,https://www.openstreetmap.org/node/10005398503,-33.0940044,18.4014988
node/10005398478,10005398478,node,South Africa,generator,Capacity placeholder value,yes,Tag 'generator:output:electricity' contains placeholder value 'yes' instead of actual capacity,2026-07-01 00:57:56.166384,https://www.openstreetmap.org/node/10005398478,-33.0944752,18.3649001
node/10005398504,10005398504,node,South Africa,generator,Capacity placeholder value,yes,Tag 'generator:output:electricity' contains placeholder value 'yes' instead of actual capacity,2026-07-01 00:57:56.166394,https://www.openstreetmap.org/node/10005398504,-33.098303,18.3979797
node/10005398488,10005398488,node,South Africa,generator,Capacity placeholder value,yes,Tag 'generator:output:electricity' contains placeholder value 'yes' instead of actual capacity,2026-07-01 00:57:56.166403,https://www.openstreetmap.org/node/10005398488,-33.0850201,18.391462
node/10005398499,10005398499,node,South Africa,generator,Capacity placeholder value,yes,Tag 'generator:output:electricity' contains placeholder value 'yes' instead of actual capacity,2026-07-01 00:57:56.166412,https://www.openstreetmap.org/node/10005398499,-33.0910562,18.4142929
node/10005398474,10005398474,node,South Africa,generator,Capacity placeholder value,yes,Tag 'generator:output:electricity' contains placeholder value 'yes' instead of actual capacity,2026-07-01 00:57:56.166422,https://www.openstreetmap.org/node/10005398474,-33.0931685,18.3788958
node/10005398485,10005398485,node,South Africa,generator,Capacity placeholder value,yes,Tag 'generator:output:electricity' contains placeholder value 'yes' instead of actual capacity,2026-07-01 00:57:56.166431,https://www.openstreetmap.org/node/10005398485,-33.0914562,18.3826885
node/10005398495,10005398495,node,South Africa,generator,Capacity placeholder value,yes,Tag 'generator:output:electricity' contains placeholder value 'yes' instead of actual capacity,2026-07-01 00:57:56.166441,https://www.openstreetmap.org/node/10005398495,-33.086346,18.4176028
node/10005398502,10005398502,node,South Africa,generator,Capacity placeholder value,yes,Tag 'generator:output:electricity' contains placeholder value 'yes' instead of actual capacity,2026-07-01 00:57:56.166450,https://www.openstreetmap.org/node/10005398502,-33.0944268,18.4049427
node/10005398481,10005398481,node,South Africa,generator,Capacity placeholder value,yes,Tag 'generator:output:electricity' contains placeholder value 'yes' instead of actual capacity,2026-07-01 00:57:56.166460,https://www.openstreetmap.org/node/10005398481,-33.0835031,18.3764926
node/10005398507,10005398507,node,South Africa,generator,Capacity placeholder value,yes,Tag 'generator:output:electricity' contains placeholder value 'yes' instead of actual capacity,2026-07-01 00:57:56.166469,https://www.openstreetmap.org/node/10005398507,-33.0996399,18.3881253
node/10005398491,10005398491,node,South Africa,generator,Capacity placeholder value,yes,Tag 'generator:output:electricity' contains placeholder value 'yes' instead of actual capacity,2026-07-01 00:57:56.166478,https://www.openstreetmap.org/node/10005398491,-33.084193,18.4038055
node/10005398509,10005398509,node,South Africa,generator,Capacity placeholder value,yes,Tag 'generator:output:electricity' contains placeholder value 'yes' instead of actual capacity,2026-07-01 00:57:56.166487,https://www.openstreetmap.org/node/10005398509,-33.0995096,18.3797836
node/10005398508,10005398508,node,South Africa,generator,Capacity placeholder value,yes,Tag 'generator:output:electricity' contains placeholder value 'yes' instead of actual capacity,2026-07-01 00:57:56.166497,https://www.openstreetmap.org/node/10005398508,-33.0991276,18.3830076
node/9406788795,9406788795,node,South Africa,generator,Missing output tag,none,"tags: {'generator:method': 'wind_turbine', 'generator:source': 'wind', 'generator:type': 'horizontal_axis', 'power': 'generator'}",2026-07-01 00:57:56.168375,https://www.openstreetmap.org/node/9406788795,-32.8486418,17.9847747
node/9406794123,9406794123,node,South Africa,generator,Missing output tag,none,"tags: {'generator:method': 'wind_turbine', 'generator:source': 'wind', 'generator:type': 'horizontal_axis', 'power': 'generator'}",2026-07-01 00:57:56.168407,https://www.openstreetmap.org/node/9406794123,-32.8301805,18.002885
node/9406788781,9406788781,node,South Africa,generator,Missing output tag,none,"tags: {'generator:method': 'wind_turbine', 'generator:source': 'wind', 'generator:type': 'horizontal_axis', 'power': 'generator'}",2026-07-01 00:57:56.168431,https://www.openstreetmap.org/node/9406788781,-32.8251893,18.0350997
node/9406788807,9406788807,node,South Africa,generator,Missing output tag,none,"tags: {'generator:method': 'wind_turbine', 'generator:source': 'wind', 'generator:type': 'horizontal_axis', 'power': 'generator'}",2026-07-01 00:57:56.168454,https://www.openstreetmap.org/node/9406788807,-32.8409756,18.023361
node/9406788814,9406788814,node,South Africa,generator,Missing output tag,none,"tags: {'generator:method': 'wind_turbine', 'generator:source': 'wind', 'generator:type': 'horizontal_axis', 'power': 'generator'}",2026-07-01 00:57:56.168476,https://www.openstreetmap.org/node/9406788814,-32.8410218,17.9962841
node/9406788791,9406788791,node,South Africa,generator,Missing output tag,none,"tags: {'generator:method': 'wind_turbine', 'generator:source': 'wind', 'generator:type': 'horizontal_axis', 'power': 'generator'}",2026-07-01 00:57:56.168498,https://www.openstreetmap.org/node/9406788791,-32.823962,17.9873872
node/9406788798,9406788798,node,South Africa,generator,Missing output tag,none,"tags: {'generator:method': 'wind_turbine', 'generator:source': 'wind', 'generator:type': 'horizontal_axis', 'power': 'generator'}",2026-07-01 00:57:56.168520,https://www.openstreetmap.org/node/9406788798,-32.8489483,17.9955719
node/9406794119,9406794119,node,South Africa,generator,Missing output tag,none,"tags: {'generator:method': 'wind_turbine', 'generator:source': 'wind', 'generator:type': 'horizontal_axis', 'power': 'generator'}",2026-07-01 00:57:56.168543,https://www.openstreetmap.org/node/9406794119,-32.8347601,17.982873
node/9406788803,9406788803,node,South Africa,generator,Missing output tag,none,"tags: {'generator:method': 'wind_turbine', 'generator:source': 'wind', 'generator:type': 'horizontal_axis', 'power': 'generator'}",2026-07-01 00:57:56.168565,https://www.openstreetmap.org/node/9406788803,-32.8451175,18.0096897
node/9406788810,9406788810,node,South Africa,generator,Missing output tag,none,"tags: {'generator:method': 'wind_turbine', 'generator:source': 'wind', 'generator:type': 'horizontal_axis', 'power': 'generator'}",2026-07-01 00:57:56.168587,https://www.openstreetmap.org/node/9406788810,-32.8390443,18.0120662
node/9406788787,9406788787,node,South Africa,generator,Missing output tag,none,"tags: {'generator:method': 'wind_turbine', 'generator:source': 'wind', 'generator:type': 'horizontal_axis', 'power': 'generator'}",2026-07-01 00:57:56.168609,https://www.openstreetmap.org/node/9406788787,-32.8124931,17.9978371
node/9406788794,9406788794,node,South Africa,generator,Missing output tag,none,"tags: {'generator:method': 'wind_turbine', 'generator:source': 'wind', 'generator:type': 'horizontal_axis', 'power': 'generator'}",2026-07-01 00:57:56.168631,https://www.openstreetmap.org/node/9406788794,-32.8478689,17.9809499
node/9406794122,9406794122,node,South Africa,generator,Missing output tag,none,"tags: {'generator:method': 'wind_turbine', 'generator:source': 'wind', 'generator:type': 'horizontal_axis', 'power': 'generator'}",2026-07-01 00:57:56.168652,https://www.openstreetmap.org/node/9406794122,-32.8307282,17.9985291
node/9406788780,9406788780,node,South Africa,generator,Missing output tag,none,"tags: {'generator:method': 'wind_turbine', 'generator:source': 'wind', 'generator:type': 'horizontal_axis', 'power': 'generator'}",2026-07-01 00:57:56.168675,https://www.openstreetmap.org/node/9406788780,-32.8208955,18.0327272
node/9406788806,9406788806,node,South Africa,generator,Missing output tag,none,"tags: {'generator:method': 'wind_turbine', 'generator:source': 'wind', 'generator:type': 'horizontal_axis', 'power': 'generator'}",2026-07-01 00:57:56.168696,https://www.openstreetmap.org/node/9406788806,-32.8424528,18.0198446
node/9406788790,9406788790,node,South Africa,generator,Missing output tag,none,"tags: {'generator:method': 'wind_turbine', 'generator:source': 'wind', 'generator:type': 'horizontal_axis', 'power': 'generator'}",2026-07-01 00:57:56.168720,https://www.openstreetmap.org/node/9406788790,-32.8291584,17.9851623
node/9406788816,9406788816,node,South Africa,generator,Missing output tag,none,"tags: {'generator:method': 'wind_turbine', 'generator:source': 'wind', 'generator:type': 'horizontal_axis', 'power': 'generator'}",2026-07-01 00:57:56.168742,https://www.openstreetmap.org/node/9406788816,-32.8408438,17.9886183
node/9406794118,9406794118,node,South Africa,generator,Missing output tag,none,"tags: {'generator:method': 'wind_turbine', 'generator:source': 'wind', 'generator:type': 'horizontal_axis', 'power': 'generator'}",2026-07-01 00:57:56.168764,https://www.openstreetmap.org/node/9406794118,-32.8398488,17.9808319
node/9406788802,9406788802,node,South Africa,generator,Missing output tag,none,"tags: {'generator:method': 'wind_turbine', 'generator:source': 'wind', 'generator:type': 'horizontal_axis', 'power': 'generator'}",2026-07-01 00:57:56.168785,https://www.openstreetmap.org/node/9406788802,-32.846082,18.0061278
node/9406788813,9406788813,node,South Africa,generator,Missing output tag,none,"tags: {'generator:method': 'wind_turbine', 'generator:source': 'wind', 'generator:type': 'horizontal_axis', 'power': 'generator'}",2026-07-01 00:57:56.168842,https://www.openstreetmap.org/node/9406788813,-32.8384494,18.000074
node/9406788786,9406788786,node,South Africa,generator,Missing output tag,none,"tags: {'generator:method': 'wind_turbine', 'generator:source': 'wind', 'generator:type': 'horizontal_axis', 'power': 'generator'}",2026-07-01 00:57:56.168866,https://www.openstreetmap.org/node/9406788786,-32.8168279,18.001847
node/9406788797,9406788797,node,South Africa,generator,Missing output tag,none,"tags: {'generator:method': 'wind_turbine', 'generator:source': 'wind', 'generator:type': 'horizontal_axis', 'power': 'generator'}",2026-07-01 00:57:56.168888,https://www.openstreetmap.org/node/9406788797,-32.8481596,17.9919872
node/9406794125,9406794125,node,South Africa,generator,Missing output tag,none,"tags: {'generator:method': 'wind_turbine', 'generator:source': 'wind', 'generator:type': 'horizontal_axis', 'power': 'generator'}",2026-07-01 00:57:56.168911,https://www.openstreetmap.org/node/9406794125,-32.8313412,18.0059776
node/9406788783,9406788783,node,South Africa,generator,Missing output tag,none,"tags: {'generator:method': 'wind_turbine', 'generator:source': 'wind', 'generator:type': 'horizontal_axis', 'power': 'generator'}",2026-07-01 00:57:56.168933,https://www.openstreetmap.org/node/9406788783,-32.8254294,18.0283686
node/9406788809,9406788809,node,South Africa,generator,Missing output tag,none,"tags: {'generator:method': 'wind_turbine', 'generator:source': 'wind', 'generator:type': 'horizontal_axis', 'power': 'generator'}",2026-07-01 00:57:56.168956,https://www.openstreetmap.org/node/9406788809,-32.8351726,18.0147725
node/9406788793,9406788793,node,South Africa,generator,Missing output tag,none,"tags: {'generator:method': 'wind_turbine', 'generator:source': 'wind', 'generator:type': 'horizontal_axis', 'power': 'generator'}",2026-07-01 00:57:56.168985,https://www.openstreetmap.org/node/9406788793,-32.8452752,17.9785748
node/9406794121,9406794121,node,South Africa,generator,Missing output tag,none,"tags: {'generator:method': 'wind_turbine', 'generator:source': 'wind', 'generator:type': 'horizontal_axis', 'power': 'generator'}",2026-07-01 00:57:56.169013,https://www.openstreetmap.org/node/9406794121,-32.8320309,17.994377
node/9406788779,9406788779,node,South Africa,generator,Missing output tag,none,"tags: {'generator:method': 'wind_turbine', 'generator:source': 'wind', 'generator:type': 'horizontal_axis', 'power': 'generator'}",2026-07-01 00:57:56.169036,https://www.openstreetmap.org/node/9406788779,-32.818931,18.0354711
node/9406788805,9406788805,node,South Africa,generator,Missing output tag,none,"tags: {'generator:method': 'wind_turbine', 'generator:source': 'wind', 'generator:type': 'horizontal_axis', 'power': 'generator'}",2026-07-01 00:57:56.169058,https://www.openstreetmap.org/node/9406788805,-32.842046,18.0159983
node/9406788812,9406788812,node,South Africa,generator,Missing output tag,none,"tags: {'generator:method': 'wind_turbine', 'generator:source': 'wind', 'generator:type': 'horizontal_axis', 'power': 'generator'}",2026-07-01 00:57:56.169080,https://www.openstreetmap.org/node/9406788812,-32.8405846,18.0036762
node/9406788789,9406788789,node,South Africa,generator,Missing output tag,none,"tags: {'generator:method': 'wind_turbine', 'generator:source': 'wind', 'generator:type': 'horizontal_axis', 'power': 'generator'}",2026-07-01 00:57:56.169103,https://www.openstreetmap.org/node/9406788789,-32.8202677,17.9938513
node/9406788796,9406788796,node,South Africa,generator,Missing output tag,none,"tags: {'generator:method': 'wind_turbine', 'generator:source': 'wind', 'generator:type': 'horizontal_axis', 'power': 'generator'}",2026-07-01 00:57:56.169125,https://www.openstreetmap.org/node/9406788796,-32.848768,17.9884359
node/9406794117,9406794117,node,South Africa,generator,Missing output tag,none,"tags: {'generator:method': 'wind_turbine', 'generator:source': 'wind', 'generator:type': 'horizontal_axis', 'power': 'generator'}",2026-07-01 00:57:56.169148,https://www.openstreetmap.org/node/9406794117,-32.8399007,17.9848525
node/9406794124,9406794124,node,South Africa,generator,Missing output tag,none,"tags: {'generator:method': 'wind_turbine', 'generator:source': 'wind', 'generator:type': 'horizontal_axis', 'power': 'generator'}",2026-07-01 00:57:56.169170,https://www.openstreetmap.org/node/9406794124,-32.8315643,18.0098936
node/9406788801,9406788801,node,South Africa,generator,Missing output tag,none,"tags: {'generator:method': 'wind_turbine', 'generator:source': 'wind', 'generator:type': 'horizontal_axis', 'power': 'generator'}",2026-07-01 00:57:56.169192,https://www.openstreetmap.org/node/9406788801,-32.851357,18.0081609
node/9406788782,9406788782,node,South Africa,generator,Missing output tag,none,"tags: {'generator:method': 'wind_turbine', 'generator:source': 'wind', 'generator:type': 'horizontal_axis', 'power': 'generator'}",2026-07-01 00:57:56.169215,https://www.openstreetmap.org/node/9406788782,-32.8266206,18.0317911
node/9406788808,9406788808,node,South Africa,generator,Missing output tag,none,"tags: {'generator:method': 'wind_turbine', 'generator:source': 'wind', 'generator:type': 'horizontal_axis', 'power': 'generator'}",2026-07-01 00:57:56.169237,https://www.openstreetmap.org/node/9406788808,-32.8356977,18.0183265
node/9406788785,9406788785,node,South Africa,generator,Missing output tag,none,"tags: {'generator:method': 'wind_turbine', 'generator:source': 'wind', 'generator:type': 'horizontal_axis', 'power': 'generator'}",2026-07-01 00:57:56.169260,https://www.openstreetmap.org/node/9406788785,-32.8177071,18.0055538
node/9406788792,9406788792,node,South Africa,generator,Missing output tag,none,"tags: {'generator:method': 'wind_turbine', 'generator:source': 'wind', 'generator:type': 'horizontal_axis', 'power': 'generator'}",2026-07-01 00:57:56.169282,https://www.openstreetmap.org/node/9406788792,-32.8265338,17.9910752
node/9406794120,9406794120,node,South Africa,generator,Missing output tag,none,"tags: {'generator:method': 'wind_turbine', 'generator:source': 'wind', 'generator:type': 'horizontal_axis', 'power': 'generator'}",2026-07-01 00:57:56.169305,https://www.openstreetmap.org/node/9406794120,-32.8342869,17.9871458
node/9406788804,9406788804,node,South Africa,generator,Missing output tag,none,"tags: {'generator:method': 'wind_turbine', 'generator:source': 'wind', 'generator:type': 'horizontal_axis', 'power': 'generator'}",2026-07-01 00:57:56.169328,https://www.openstreetmap.org/node/9406788804,-32.8467738,18.0130774
node/9406788815,9406788815,node,South Africa,generator,Missing output tag,none,"tags: {'generator:method': 'wind_turbine', 'generator:source': 'wind', 'generator:type': 'horizontal_axis', 'power': 'generator'}",2026-07-01 00:57:56.169350,https://www.openstreetmap.org/node/9406788815,-32.8414556,17.9922185
node/9406788788,9406788788,node,South Africa,generator,Missing output tag,none,"tags: {'generator:method': 'wind_turbine', 'generator:source': 'wind', 'generator:type': 'horizontal_axis', 'power': 'generator'}",2026-07-01 00:57:56.169373,https://www.openstreetmap.org/node/9406788788,-32.8169159,17.9901847
node/9406788799,9406788799,node,South Africa,generator,Missing output tag,none,"tags: {'generator:method': 'wind_turbine', 'generator:source': 'wind', 'generator:type': 'horizontal_axis', 'power': 'generator'}",2026-07-01 00:57:56.169396,https://www.openstreetmap.org/node/9406788799,-32.8510067,17.9996395
node/9406788800,9406788800,node,South Africa,generator,Missing output tag,none,"tags: {'generator:method': 'wind_turbine', 'generator:source': 'wind', 'generator:type': 'horizontal_axis', 'power': 'generator'}",2026-07-01 00:57:56.169419,https://www.openstreetmap.org/node/9406788800,-32.8513097,18.0035542
node/9406788811,9406788811,node,South Africa,generator,Missing output tag,none,"tags: {'generator:method': 'wind_turbine', 'generator:source': 'wind', 'generator:type': 'horizontal_axis', 'power': 'generator'}",2026-07-01 00:57:56.169442,https://www.openstreetmap.org/node/9406788811,-32.8385136,18.0071886
node/9406788784,9406788784,node,South Africa,generator,Missing output tag,none,"tags: {'generator:method': 'wind_turbine', 'generator:source': 'wind', 'generator:type': 'horizontal_axis', 'power': 'generator'}",2026-07-01 00:57:56.169465,https://www.openstreetmap.org/node/9406788784,-32.8238741,18.0104434
node/10005398598,10005398598,node,South Africa,generator,Capacity placeholder value,yes,Tag 'generator:output:electricity' contains placeholder value 'yes' instead of actual capacity,2026-07-01 00:57:56.172631,https://www.openstreetmap.org/node/10005398598,-29.6202511,18.3325338
node/10005398606,10005398606,node,South Africa,generator,Capacity placeholder value,yes,Tag 'generator:output:electricity' contains placeholder value 'yes' instead of actual capacity,2026-07-01 00:57:56.172650,https://www.openstreetmap.org/node/10005398606,-29.6357511,18.3631325
node/10005398573,10005398573,node,South Africa,generator,Capacity placeholder value,yes,Tag 'generator:output:electricity' contains placeholder value 'yes' instead of actual capacity,2026-07-01 00:57:56.172663,https://www.openstreetmap.org/node/10005398573,-29.6063299,18.3183128
node/10005398613,10005398613,node,South Africa,generator,Capacity placeholder value,yes,Tag 'generator:output:electricity' contains placeholder value 'yes' instead of actual capacity,2026-07-01 00:57:56.172674,https://www.openstreetmap.org/node/10005398613,-29.6298852,18.3793652
node/10005398584,10005398584,node,South Africa,generator,Capacity placeholder value,yes,Tag 'generator:output:electricity' contains placeholder value 'yes' instead of actual capacity,2026-07-01 00:57:56.172684,https://www.openstreetmap.org/node/10005398584,-29.6221538,18.3884096
node/10005398623,10005398623,node,South Africa,generator,Capacity placeholder value,yes,Tag 'generator:output:electricity' contains placeholder value 'yes' instead of actual capacity,2026-07-01 00:57:56.172695,https://www.openstreetmap.org/node/10005398623,-29.6513232,18.4077322
node/10005398568,10005398568,node,South Africa,generator,Capacity placeholder value,yes,Tag 'generator:output:electricity' contains placeholder value 'yes' instead of actual capacity,2026-07-01 00:57:56.172705,https://www.openstreetmap.org/node/10005398568,-29.6228906,18.3664691
node/10005398594,10005398594,node,South Africa,generator,Capacity placeholder value,yes,Tag 'generator:output:electricity' contains placeholder value 'yes' instead of actual capacity,2026-07-01 00:57:56.172714,https://www.openstreetmap.org/node/10005398594,-29.6091983,18.3464813
node/10005398602,10005398602,node,South Africa,generator,Capacity placeholder value,yes,Tag 'generator:output:electricity' contains placeholder value 'yes' instead of actual capacity,2026-07-01 00:57:56.172723,https://www.openstreetmap.org/node/10005398602,-29.6287941,18.347522
node/10005398569,10005398569,node,South Africa,generator,Capacity placeholder value,yes,Tag 'generator:output:electricity' contains placeholder value 'yes' instead of actual capacity,2026-07-01 00:57:56.172733,https://www.openstreetmap.org/node/10005398569,-29.6246626,18.3700418
node/10005398609,10005398609,node,South Africa,generator,Capacity placeholder value,yes,Tag 'generator:output:electricity' contains placeholder value 'yes' instead of actual capacity,2026-07-01 00:57:56.172742,https://www.openstreetmap.org/node/10005398609,-29.6403017,18.3735394
node/10005398580,10005398580,node,South Africa,generator,Capacity placeholder value,yes,Tag 'generator:output:electricity' contains placeholder value 'yes' instead of actual capacity,2026-07-01 00:57:56.172751,https://www.openstreetmap.org/node/10005398580,-29.6268916,18.3210325
node/10005398619,10005398619,node,South Africa,generator,Capacity placeholder value,yes,Tag 'generator:output:electricity' contains placeholder value 'yes' instead of actual capacity,2026-07-01 00:57:56.172761,https://www.openstreetmap.org/node/10005398619,-29.6393786,18.3985269
node/10005398590,10005398590,node,South Africa,generator,Capacity placeholder value,yes,Tag 'generator:output:electricity' contains placeholder value 'yes' instead of actual capacity,2026-07-01 00:57:56.172771,https://www.openstreetmap.org/node/10005398590,-29.6083774,18.3617914
node/10005398597,10005398597,node,South Africa,generator,Capacity placeholder value,yes,Tag 'generator:output:electricity' contains placeholder value 'yes' instead of actual capacity,2026-07-01 00:57:56.172779,https://www.openstreetmap.org/node/10005398597,-29.6181013,18.3287358
node/10005398605,10005398605,node,South Africa,generator,Capacity placeholder value,yes,Tag 'generator:output:electricity' contains placeholder value 'yes' instead of actual capacity,2026-07-01 00:57:56.172788,https://www.openstreetmap.org/node/10005398605,-29.631797,18.3600855
node/10005398576,10005398576,node,South Africa,generator,Capacity placeholder value,yes,Tag 'generator:output:electricity' contains placeholder value 'yes' instead of actual capacity,2026-07-01 00:57:56.172798,https://www.openstreetmap.org/node/10005398576,-29.6093195,18.3063984
node/10005398616,10005398616,node,South Africa,generator,Capacity placeholder value,yes,Tag 'generator:output:electricity' contains placeholder value 'yes' instead of actual capacity,2026-07-01 00:57:56.172831,https://www.openstreetmap.org/node/10005398616,-29.6348465,18.3887958
node/10005398583,10005398583,node,South Africa,generator,Capacity placeholder value,yes,Tag 'generator:output:electricity' contains placeholder value 'yes' instead of actual capacity,2026-07-01 00:57:56.172844,https://www.openstreetmap.org/node/10005398583,-29.622303,18.3941173
node/10005398586,10005398586,node,South Africa,generator,Capacity placeholder value,yes,Tag 'generator:output:electricity' contains placeholder value 'yes' instead of actual capacity,2026-07-01 00:57:56.172855,https://www.openstreetmap.org/node/10005398586,-29.6146829,18.3824229
node/10005398626,10005398626,node,South Africa,generator,Capacity placeholder value,yes,Tag 'generator:output:electricity' contains placeholder value 'yes' instead of actual capacity,2026-07-01 00:57:56.172865,https://www.openstreetmap.org/node/10005398626,-29.6508663,18.3959627
node/10005398593,10005398593,node,South Africa,generator,Capacity placeholder value,yes,Tag 'generator:output:electricity' contains placeholder value 'yes' instead of actual capacity,2026-07-01 00:57:56.172875,https://www.openstreetmap.org/node/10005398593,-29.6081162,18.3412027
node/10005398601,10005398601,node,South Africa,generator,Capacity placeholder value,yes,Tag 'generator:output:electricity' contains placeholder value 'yes' instead of actual capacity,2026-07-01 00:57:56.172884,https://www.openstreetmap.org/node/10005398601,-29.6269755,18.3439064
node/10005398572,10005398572,node,South Africa,generator,Capacity placeholder value,yes,Tag 'generator:output:electricity' contains placeholder value 'yes' instead of actual capacity,2026-07-01 00:57:56.172894,https://www.openstreetmap.org/node/10005398572,-29.5982002,18.3115804
node/10005398612,10005398612,node,South Africa,generator,Capacity placeholder value,yes,Tag 'generator:output:electricity' contains placeholder value 'yes' instead of actual capacity,2026-07-01 00:57:56.172903,https://www.openstreetmap.org/node/10005398612,-29.6452065,18.3835602
node/10005398579,10005398579,node,South Africa,generator,Capacity placeholder value,yes,Tag 'generator:output:electricity' contains placeholder value 'yes' instead of actual capacity,2026-07-01 00:57:56.172913,https://www.openstreetmap.org/node/10005398579,-29.6226294,18.3173525
node/10005398622,10005398622,node,South Africa,generator,Capacity placeholder value,yes,Tag 'generator:output:electricity' contains placeholder value 'yes' instead of actual capacity,2026-07-01 00:57:56.172923,https://www.openstreetmap.org/node/10005398622,-29.6443487,18.4077966
node/10005398589,10005398589,node,South Africa,generator,Capacity placeholder value,yes,Tag 'generator:output:electricity' contains placeholder value 'yes' instead of actual capacity,2026-07-01 00:57:56.172931,https://www.openstreetmap.org/node/10005398589,-29.609646,18.3670056
node/10005398600,10005398600,node,South Africa,generator,Capacity placeholder value,yes,Tag 'generator:output:electricity' contains placeholder value 'yes' instead of actual capacity,2026-07-01 00:57:56.172941,https://www.openstreetmap.org/node/10005398600,-29.6252035,18.3400065
node/10005398608,10005398608,node,South Africa,generator,Capacity placeholder value,yes,Tag 'generator:output:electricity' contains placeholder value 'yes' instead of actual capacity,2026-07-01 00:57:56.172951,https://www.openstreetmap.org/node/10005398608,-29.638847,18.3699667
node/10005398575,10005398575,node,South Africa,generator,Capacity placeholder value,yes,Tag 'generator:output:electricity' contains placeholder value 'yes' instead of actual capacity,2026-07-01 00:57:56.172960,https://www.openstreetmap.org/node/10005398575,-29.6049447,18.302772
node/10005398615,10005398615,node,South Africa,generator,Capacity placeholder value,yes,Tag 'generator:output:electricity' contains placeholder value 'yes' instead of actual capacity,2026-07-01 00:57:56.172969,https://www.openstreetmap.org/node/10005398615,-29.6331213,18.3856416
node/10005398618,10005398618,node,South Africa,generator,Capacity placeholder value,yes,Tag 'generator:output:electricity' contains placeholder value 'yes' instead of actual capacity,2026-07-01 00:57:56.172978,https://www.openstreetmap.org/node/10005398618,-29.6380264,18.3950078
node/10005398585,10005398585,node,South Africa,generator,Capacity placeholder value,yes,Tag 'generator:output:electricity' contains placeholder value 'yes' instead of actual capacity,2026-07-01 00:57:56.172988,https://www.openstreetmap.org/node/10005398585,-29.619477,18.3845901
node/10005398625,10005398625,node,South Africa,generator,Capacity placeholder value,yes,Tag 'generator:output:electricity' contains placeholder value 'yes' instead of actual capacity,2026-07-01 00:57:56.172997,https://www.openstreetmap.org/node/10005398625,-29.6521437,18.3992994
node/10005398596,10005398596,node,South Africa,generator,Capacity placeholder value,yes,Tag 'generator:output:electricity' contains placeholder value 'yes' instead of actual capacity,2026-07-01 00:57:56.173008,https://www.openstreetmap.org/node/10005398596,-29.6174157,18.3533692
node/10005398604,10005398604,node,South Africa,generator,Capacity placeholder value,yes,Tag 'generator:output:electricity' contains placeholder value 'yes' instead of actual capacity,2026-07-01 00:57:56.173017,https://www.openstreetmap.org/node/10005398604,-29.6321421,18.3546567
node/10005398571,10005398571,node,South Africa,generator,Capacity placeholder value,yes,Tag 'generator:output:electricity' contains placeholder value 'yes' instead of actual capacity,2026-07-01 00:57:56.173026,https://www.openstreetmap.org/node/10005398571,-29.6102057,18.3220947
node/10005398611,10005398611,node,South Africa,generator,Capacity placeholder value,yes,Tag 'generator:output:electricity' contains placeholder value 'yes' instead of actual capacity,2026-07-01 00:57:56.173035,https://www.openstreetmap.org/node/10005398611,-29.64364,18.3802664
node/10005398582,10005398582,node,South Africa,generator,Capacity placeholder value,yes,Tag 'generator:output:electricity' contains placeholder value 'yes' instead of actual capacity,2026-07-01 00:57:56.173045,https://www.openstreetmap.org/node/10005398582,-29.6181712,18.4008765
node/10005398621,10005398621,node,South Africa,generator,Capacity placeholder value,yes,Tag 'generator:output:electricity' contains placeholder value 'yes' instead of actual capacity,2026-07-01 00:57:56.173055,https://www.openstreetmap.org/node/10005398621,-29.6448429,18.4114551
node/10005398592,10005398592,node,South Africa,generator,Capacity placeholder value,yes,Tag 'generator:output:electricity' contains placeholder value 'yes' instead of actual capacity,2026-07-01 00:57:56.173064,https://www.openstreetmap.org/node/10005398592,-29.6049913,18.3360636
node/10005398599,10005398599,node,South Africa,generator,Capacity placeholder value,yes,Tag 'generator:output:electricity' contains placeholder value 'yes' instead of actual capacity,2026-07-01 00:57:56.173073,https://www.openstreetmap.org/node/10005398599,-29.6231937,18.3360529
node/10005398607,10005398607,node,South Africa,generator,Capacity placeholder value,yes,Tag 'generator:output:electricity' contains placeholder value 'yes' instead of actual capacity,2026-07-01 00:57:56.173083,https://www.openstreetmap.org/node/10005398607,-29.6373364,18.3665442
node/10005398578,10005398578,node,South Africa,generator,Capacity placeholder value,yes,Tag 'generator:output:electricity' contains placeholder value 'yes' instead of actual capacity,2026-07-01 00:57:56.173092,https://www.openstreetmap.org/node/10005398578,-29.6182925,18.3136833
node/10005398617,10005398617,node,South Africa,generator,Capacity placeholder value,yes,Tag 'generator:output:electricity' contains placeholder value 'yes' instead of actual capacity,2026-07-01 00:57:56.173102,https://www.openstreetmap.org/node/10005398617,-29.6363852,18.3919501
node/10005398588,10005398588,node,South Africa,generator,Capacity placeholder value,yes,Tag 'generator:output:electricity' contains placeholder value 'yes' instead of actual capacity,2026-07-01 00:57:56.173112,https://www.openstreetmap.org/node/10005398588,-29.6110731,18.3728742
node/10005398628,10005398628,node,South Africa,generator,Capacity placeholder value,yes,Tag 'generator:output:electricity' contains placeholder value 'yes' instead of actual capacity,2026-07-01 00:57:56.173121,https://www.openstreetmap.org/node/10005398628,-29.6477428,18.3892143
node/10005398595,10005398595,node,South Africa,generator,Capacity placeholder value,yes,Tag 'generator:output:electricity' contains placeholder value 'yes' instead of actual capacity,2026-07-01 00:57:56.173131,https://www.openstreetmap.org/node/10005398595,-29.6151586,18.3488846
node/10005398603,10005398603,node,South Africa,generator,Capacity placeholder value,yes,Tag 'generator:output:electricity' contains placeholder value 'yes' instead of actual capacity,2026-07-01 00:57:56.173140,https://www.openstreetmap.org/node/10005398603,-29.630249,18.3512771
node/10005398574,10005398574,node,South Africa,generator,Capacity placeholder value,yes,Tag 'generator:output:electricity' contains placeholder value 'yes' instead of actual capacity,2026-07-01 00:57:56.173149,https://www.openstreetmap.org/node/10005398574,-29.6020902,18.3147347
node/10005398614,10005398614,node,South Africa,generator,Capacity placeholder value,yes,Tag 'generator:output:electricity' contains placeholder value 'yes' instead of actual capacity,2026-07-01 00:57:56.173158,https://www.openstreetmap.org/node/10005398614,-29.6316478,18.3825195
node/10005398581,10005398581,node,South Africa,generator,Capacity placeholder value,yes,Tag 'generator:output:electricity' contains placeholder value 'yes' instead of actual capacity,2026-07-01 00:57:56.173167,https://www.openstreetmap.org/node/10005398581,-29.6285889,18.4029794
node/10005398624,10005398624,node,South Africa,generator,Capacity placeholder value,yes,Tag 'generator:output:electricity' contains placeholder value 'yes' instead of actual capacity,2026-07-01 00:57:56.173177,https://www.openstreetmap.org/node/10005398624,-29.6536728,18.4024
node/10005398591,10005398591,node,South Africa,generator,Capacity placeholder value,yes,Tag 'generator:output:electricity' contains placeholder value 'yes' instead of actual capacity,2026-07-01 00:57:56.173187,https://www.openstreetmap.org/node/10005398591,-29.600551,18.3322763
node/10005398570,10005398570,node,South Africa,generator,Capacity placeholder value,yes,Tag 'generator:output:electricity' contains placeholder value 'yes' instead of actual capacity,2026-07-01 00:57:56.173195,https://www.openstreetmap.org/node/10005398570,-29.6137128,18.3257961
node/10005398610,10005398610,node,South Africa,generator,Capacity placeholder value,yes,Tag 'generator:output:electricity' contains placeholder value 'yes' instead of actual capacity,2026-07-01 00:57:56.173204,https://www.openstreetmap.org/node/10005398610,-29.6419429,18.376919
node/10005398577,10005398577,node,South Africa,generator,Capacity placeholder value,yes,Tag 'generator:output:electricity' contains placeholder value 'yes' instead of actual capacity,2026-07-01 00:57:56.173214,https://www.openstreetmap.org/node/10005398577,-29.6139647,18.3100676
node/10005398620,10005398620,node,South Africa,generator,Capacity placeholder value,yes,Tag 'generator:output:electricity' contains placeholder value 'yes' instead of actual capacity,2026-07-01 00:57:56.173224,https://www.openstreetmap.org/node/10005398620,-29.6410104,18.4016061
node/10005398587,10005398587,node,South Africa,generator,Capacity placeholder value,yes,Tag 'generator:output:electricity' contains placeholder value 'yes' instead of actual capacity,2026-07-01 00:57:56.173233,https://www.openstreetmap.org/node/10005398587,-29.612407,18.378346
node/10005398627,10005398627,node,South Africa,generator,Capacity placeholder value,yes,Tag 'generator:output:electricity' contains placeholder value 'yes' instead of actual capacity,2026-07-01 00:57:56.173241,https://www.openstreetmap.org/node/10005398627,-29.6494677,18.3926904
node/9416060308,9416060308,node,South Africa,generator,Missing output tag,none,"tags: {'generator:method': 'wind_turbine', 'generator:source': 'wind', 'generator:type': 'horizontal_axis', 'power': 'generator'}",2026-07-01 00:57:56.175531,https://www.openstreetmap.org/node/9416060308,-30.4127434,19.612083
node/9416086729,9416086729,node,South Africa,generator,Missing output tag,none,"tags: {'generator:method': 'wind_turbine', 'generator:source': 'wind', 'generator:type': 'horizontal_axis', 'power': 'generator'}",2026-07-01 00:57:56.175563,https://www.openstreetmap.org/node/9416086729,-30.402676,19.5729013
node/9416060294,9416060294,node,South Africa,generator,Missing output tag,none,"tags: {'generator:method': 'wind_turbine', 'generator:source': 'wind', 'generator:type': 'horizontal_axis', 'power': 'generator'}",2026-07-01 00:57:56.175590,https://www.openstreetmap.org/node/9416060294,-30.3975564,19.6155538
node/9416086739,9416086739,node,South Africa,generator,Missing output tag,none,"tags: {'generator:method': 'wind_turbine', 'generator:source': 'wind', 'generator:type': 'horizontal_axis', 'power': 'generator'}",2026-07-01 00:57:56.175617,https://www.openstreetmap.org/node/9416086739,-30.4204689,19.5674564
node/9416060304,9416060304,node,South Africa,generator,Missing output tag,none,"tags: {'generator:method': 'wind_turbine', 'generator:source': 'wind', 'generator:type': 'horizontal_axis', 'power': 'generator'}",2026-07-01 00:57:56.175642,https://www.openstreetmap.org/node/9416060304,-30.4208251,19.601389
node/9416060315,9416060315,node,South Africa,generator,Missing output tag,none,"tags: {'generator:method': 'wind_turbine', 'generator:source': 'wind', 'generator:type': 'horizontal_axis', 'power': 'generator'}",2026-07-01 00:57:56.175668,https://www.openstreetmap.org/node/9416060315,-30.4089289,19.6027113
node/9416086725,9416086725,node,South Africa,generator,Missing output tag,none,"tags: {'generator:method': 'wind_turbine', 'generator:source': 'wind', 'generator:type': 'horizontal_axis', 'power': 'generator'}",2026-07-01 00:57:56.175693,https://www.openstreetmap.org/node/9416086725,-30.3936211,19.5760328
node/9416060290,9416060290,node,South Africa,generator,Missing output tag,none,"tags: {'generator:method': 'wind_turbine', 'generator:source': 'wind', 'generator:type': 'horizontal_axis', 'power': 'generator'}",2026-07-01 00:57:56.175718,https://www.openstreetmap.org/node/9416060290,-30.3915272,19.6018638
node/9416086732,9416086732,node,South Africa,generator,Missing output tag,none,"tags: {'generator:method': 'wind_turbine', 'generator:source': 'wind', 'generator:type': 'horizontal_axis', 'power': 'generator'}",2026-07-01 00:57:56.175743,https://www.openstreetmap.org/node/9416086732,-30.4069233,19.5844509
node/9416060301,9416060301,node,South Africa,generator,Missing output tag,none,"tags: {'generator:method': 'wind_turbine', 'generator:source': 'wind', 'generator:type': 'horizontal_axis', 'power': 'generator'}",2026-07-01 00:57:56.175768,https://www.openstreetmap.org/node/9416060301,-30.4175985,19.587412
node/9416060285,9416060285,node,South Africa,generator,Missing output tag,none,"tags: {'generator:method': 'wind_turbine', 'generator:source': 'wind', 'generator:type': 'horizontal_axis', 'power': 'generator'}",2026-07-01 00:57:56.175793,https://www.openstreetmap.org/node/9416060285,-30.3848452,19.5868166
node/9416060311,9416060311,node,South Africa,generator,Missing output tag,none,"tags: {'generator:method': 'wind_turbine', 'generator:source': 'wind', 'generator:type': 'horizontal_axis', 'power': 'generator'}",2026-07-01 00:57:56.175831,https://www.openstreetmap.org/node/9416060311,-30.407386,19.5882623
node/9416086721,9416086721,node,South Africa,generator,Missing output tag,none,"tags: {'generator:method': 'wind_turbine', 'generator:source': 'wind', 'generator:type': 'horizontal_axis', 'power': 'generator'}",2026-07-01 00:57:56.175858,https://www.openstreetmap.org/node/9416086721,-30.3988219,19.5911215
node/9416086728,9416086728,node,South Africa,generator,Missing output tag,none,"tags: {'generator:method': 'wind_turbine', 'generator:source': 'wind', 'generator:type': 'horizontal_axis', 'power': 'generator'}",2026-07-01 00:57:56.175884,https://www.openstreetmap.org/node/9416086728,-30.4014823,19.5696934
node/9416060297,9416060297,node,South Africa,generator,Missing output tag,none,"tags: {'generator:method': 'wind_turbine', 'generator:source': 'wind', 'generator:type': 'horizontal_axis', 'power': 'generator'}",2026-07-01 00:57:56.175910,https://www.openstreetmap.org/node/9416060297,-30.4016986,19.6248879
node/9416086738,9416086738,node,South Africa,generator,Missing output tag,none,"tags: {'generator:method': 'wind_turbine', 'generator:source': 'wind', 'generator:type': 'horizontal_axis', 'power': 'generator'}",2026-07-01 00:57:56.175935,https://www.openstreetmap.org/node/9416086738,-30.4186856,19.5647286
node/9416060307,9416060307,node,South Africa,generator,Missing output tag,none,"tags: {'generator:method': 'wind_turbine', 'generator:source': 'wind', 'generator:type': 'horizontal_axis', 'power': 'generator'}",2026-07-01 00:57:56.175961,https://www.openstreetmap.org/node/9416060307,-30.4114642,19.6167071
node/9416060314,9416060314,node,South Africa,generator,Missing output tag,none,"tags: {'generator:method': 'wind_turbine', 'generator:source': 'wind', 'generator:type': 'horizontal_axis', 'power': 'generator'}",2026-07-01 00:57:56.175987,https://www.openstreetmap.org/node/9416060314,-30.4119106,19.5975454
node/9416086724,9416086724,node,South Africa,generator,Missing output tag,none,"tags: {'generator:method': 'wind_turbine', 'generator:source': 'wind', 'generator:type': 'horizontal_axis', 'power': 'generator'}",2026-07-01 00:57:56.176014,https://www.openstreetmap.org/node/9416086724,-30.3926725,19.5808513
node/9416060293,9416060293,node,South Africa,generator,Missing output tag,none,"tags: {'generator:method': 'wind_turbine', 'generator:source': 'wind', 'generator:type': 'horizontal_axis', 'power': 'generator'}",2026-07-01 00:57:56.176040,https://www.openstreetmap.org/node/9416060293,-30.3961521,19.6124424
node/9416086735,9416086735,node,South Africa,generator,Missing output tag,none,"tags: {'generator:method': 'wind_turbine', 'generator:source': 'wind', 'generator:type': 'horizontal_axis', 'power': 'generator'}",2026-07-01 00:57:56.176066,https://www.openstreetmap.org/node/9416086735,-30.4138976,19.5739366
node/9416060300,9416060300,node,South Africa,generator,Missing output tag,none,"tags: {'generator:method': 'wind_turbine', 'generator:source': 'wind', 'generator:type': 'horizontal_axis', 'power': 'generator'}",2026-07-01 00:57:56.176093,https://www.openstreetmap.org/node/9416060300,-30.4251433,19.5886029
node/9416086719,9416086719,node,South Africa,generator,Missing output tag,none,"tags: {'generator:method': 'wind_turbine', 'generator:source': 'wind', 'generator:type': 'horizontal_axis', 'power': 'generator'}",2026-07-01 00:57:56.176120,https://www.openstreetmap.org/node/9416086719,-30.4010775,19.5976822
node/9416060284,9416060284,node,South Africa,generator,Missing output tag,none,"tags: {'generator:method': 'wind_turbine', 'generator:source': 'wind', 'generator:type': 'horizontal_axis', 'power': 'generator'}",2026-07-01 00:57:56.176147,https://www.openstreetmap.org/node/9416060284,-30.3837068,19.5820852
node/9416060310,9416060310,node,South Africa,generator,Missing output tag,none,"tags: {'generator:method': 'wind_turbine', 'generator:source': 'wind', 'generator:type': 'horizontal_axis', 'power': 'generator'}",2026-07-01 00:57:56.176173,https://www.openstreetmap.org/node/9416060310,-30.4155954,19.6012683
node/9416086720,9416086720,node,South Africa,generator,Missing output tag,none,"tags: {'generator:method': 'wind_turbine', 'generator:source': 'wind', 'generator:type': 'horizontal_axis', 'power': 'generator'}",2026-07-01 00:57:56.176200,https://www.openstreetmap.org/node/9416086720,-30.3996177,19.5946728
node/9416060289,9416060289,node,South Africa,generator,Missing output tag,none,"tags: {'generator:method': 'wind_turbine', 'generator:source': 'wind', 'generator:type': 'horizontal_axis', 'power': 'generator'}",2026-07-01 00:57:56.176226,https://www.openstreetmap.org/node/9416060289,-30.3901414,19.598739
node/9416086731,9416086731,node,South Africa,generator,Missing output tag,none,"tags: {'generator:method': 'wind_turbine', 'generator:source': 'wind', 'generator:type': 'horizontal_axis', 'power': 'generator'}",2026-07-01 00:57:56.176252,https://www.openstreetmap.org/node/9416086731,-30.4061322,19.5810847
node/9416060296,9416060296,node,South Africa,generator,Missing output tag,none,"tags: {'generator:method': 'wind_turbine', 'generator:source': 'wind', 'generator:type': 'horizontal_axis', 'power': 'generator'}",2026-07-01 00:57:56.176278,https://www.openstreetmap.org/node/9416060296,-30.4009896,19.6215753
node/9416060306,9416060306,node,South Africa,generator,Missing output tag,none,"tags: {'generator:method': 'wind_turbine', 'generator:source': 'wind', 'generator:type': 'horizontal_axis', 'power': 'generator'}",2026-07-01 00:57:56.176304,https://www.openstreetmap.org/node/9416060306,-30.4103608,19.6212454
node/9416086727,9416086727,node,South Africa,generator,Missing output tag,none,"tags: {'generator:method': 'wind_turbine', 'generator:source': 'wind', 'generator:type': 'horizontal_axis', 'power': 'generator'}",2026-07-01 00:57:56.176330,https://www.openstreetmap.org/node/9416086727,-30.3994858,19.5788102
node/9416060292,9416060292,node,South Africa,generator,Missing output tag,none,"tags: {'generator:method': 'wind_turbine', 'generator:source': 'wind', 'generator:type': 'horizontal_axis', 'power': 'generator'}",2026-07-01 00:57:56.176357,https://www.openstreetmap.org/node/9416060292,-30.3942087,19.6080624
node/9416086734,9416086734,node,South Africa,generator,Missing output tag,none,"tags: {'generator:method': 'wind_turbine', 'generator:source': 'wind', 'generator:type': 'horizontal_axis', 'power': 'generator'}",2026-07-01 00:57:56.176383,https://www.openstreetmap.org/node/9416086734,-30.4139832,19.5777748
node/9416086737,9416086737,node,South Africa,generator,Missing output tag,none,"tags: {'generator:method': 'wind_turbine', 'generator:source': 'wind', 'generator:type': 'horizontal_axis', 'power': 'generator'}",2026-07-01 00:57:56.176409,https://www.openstreetmap.org/node/9416086737,-30.4114919,19.5672874
node/9416060303,9416060303,node,South Africa,generator,Missing output tag,none,"tags: {'generator:method': 'wind_turbine', 'generator:source': 'wind', 'generator:type': 'horizontal_axis', 'power': 'generator'}",2026-07-01 00:57:56.176435,https://www.openstreetmap.org/node/9416060303,-30.4194327,19.5948471
node/9416086718,9416086718,node,South Africa,generator,Missing output tag,none,"tags: {'generator:method': 'wind_turbine', 'generator:source': 'wind', 'generator:type': 'horizontal_axis', 'power': 'generator'}",2026-07-01 00:57:56.176462,https://www.openstreetmap.org/node/9416086718,-30.4016674,19.6013863
node/9416060287,9416060287,node,South Africa,generator,Missing output tag,none,"tags: {'generator:method': 'wind_turbine', 'generator:source': 'wind', 'generator:type': 'horizontal_axis', 'power': 'generator'}",2026-07-01 00:57:56.176488,https://www.openstreetmap.org/node/9416060287,-30.3904097,19.590569
node/9416060313,9416060313,node,South Africa,generator,Missing output tag,none,"tags: {'generator:method': 'wind_turbine', 'generator:source': 'wind', 'generator:type': 'horizontal_axis', 'power': 'generator'}",2026-07-01 00:57:56.176514,https://www.openstreetmap.org/node/9416060313,-30.4097987,19.59489
node/9416086723,9416086723,node,South Africa,generator,Missing output tag,none,"tags: {'generator:method': 'wind_turbine', 'generator:source': 'wind', 'generator:type': 'horizontal_axis', 'power': 'generator'}",2026-07-01 00:57:56.176540,https://www.openstreetmap.org/node/9416086723,-30.3978664,19.583834
node/9416060288,9416060288,node,South Africa,generator,Missing output tag,none,"tags: {'generator:method': 'wind_turbine', 'generator:source': 'wind', 'generator:type': 'horizontal_axis', 'power': 'generator'}",2026-07-01 00:57:56.176566,https://www.openstreetmap.org/node/9416060288,-30.3902061,19.5946768
node/9416086730,9416086730,node,South Africa,generator,Missing output tag,none,"tags: {'generator:method': 'wind_turbine', 'generator:source': 'wind', 'generator:type': 'horizontal_axis', 'power': 'generator'}",2026-07-01 00:57:56.176593,https://www.openstreetmap.org/node/9416086730,-30.4060304,19.5772733
node/9416060299,9416060299,node,South Africa,generator,Missing output tag,none,"tags: {'generator:method': 'wind_turbine', 'generator:source': 'wind', 'generator:type': 'horizontal_axis', 'power': 'generator'}",2026-07-01 00:57:56.176620,https://www.openstreetmap.org/node/9416060299,-30.4256706,19.5940103
node/9416060283,9416060283,node,South Africa,generator,Missing output tag,none,"tags: {'generator:method': 'wind_turbine', 'generator:source': 'wind', 'generator:type': 'horizontal_axis', 'power': 'generator'}",2026-07-01 00:57:56.176646,https://www.openstreetmap.org/node/9416060283,-30.3827165,19.5781101
node/9416060309,9416060309,node,South Africa,generator,Missing output tag,none,"tags: {'generator:method': 'wind_turbine', 'generator:source': 'wind', 'generator:type': 'horizontal_axis', 'power': 'generator'}",2026-07-01 00:57:56.176671,https://www.openstreetmap.org/node/9416060309,-30.4136917,19.6077244
node/9416060316,9416060316,node,South Africa,generator,Missing output tag,none,"tags: {'generator:method': 'wind_turbine', 'generator:source': 'wind', 'generator:type': 'horizontal_axis', 'power': 'generator'}",2026-07-01 00:57:56.176698,https://www.openstreetmap.org/node/9416060316,-30.4084593,19.6077432
node/9416086726,9416086726,node,South Africa,generator,Missing output tag,none,"tags: {'generator:method': 'wind_turbine', 'generator:source': 'wind', 'generator:type': 'horizontal_axis', 'power': 'generator'}",2026-07-01 00:57:56.176725,https://www.openstreetmap.org/node/9416086726,-30.3912658,19.573824
node/9416060295,9416060295,node,South Africa,generator,Missing output tag,none,"tags: {'generator:method': 'wind_turbine', 'generator:source': 'wind', 'generator:type': 'horizontal_axis', 'power': 'generator'}",2026-07-01 00:57:56.176751,https://www.openstreetmap.org/node/9416060295,-30.3989537,19.6186624
node/9416086736,9416086736,node,South Africa,generator,Missing output tag,none,"tags: {'generator:method': 'wind_turbine', 'generator:source': 'wind', 'generator:type': 'horizontal_axis', 'power': 'generator'}",2026-07-01 00:57:56.176777,https://www.openstreetmap.org/node/9416086736,-30.412246,19.5708333
node/9416060302,9416060302,node,South Africa,generator,Missing output tag,none,"tags: {'generator:method': 'wind_turbine', 'generator:source': 'wind', 'generator:type': 'horizontal_axis', 'power': 'generator'}",2026-07-01 00:57:56.176814,https://www.openstreetmap.org/node/9416060302,-30.4177928,19.591151
node/9416060305,9416060305,node,South Africa,generator,Missing output tag,none,"tags: {'generator:method': 'wind_turbine', 'generator:source': 'wind', 'generator:type': 'horizontal_axis', 'power': 'generator'}",2026-07-01 00:57:56.176845,https://www.openstreetmap.org/node/9416060305,-30.4205985,19.6056645
node/9416060286,9416060286,node,South Africa,generator,Missing output tag,none,"tags: {'generator:method': 'wind_turbine', 'generator:source': 'wind', 'generator:type': 'horizontal_axis', 'power': 'generator'}",2026-07-01 00:57:56.176872,https://www.openstreetmap.org/node/9416060286,-30.3899216,19.5868783
node/9416060312,9416060312,node,South Africa,generator,Missing output tag,none,"tags: {'generator:method': 'wind_turbine', 'generator:source': 'wind', 'generator:type': 'horizontal_axis', 'power': 'generator'}",2026-07-01 00:57:56.176899,https://www.openstreetmap.org/node/9416060312,-30.4090423,19.5913951
node/9416086722,9416086722,node,South Africa,generator,Missing output tag,none,"tags: {'generator:method': 'wind_turbine', 'generator:source': 'wind', 'generator:type': 'horizontal_axis', 'power': 'generator'}",2026-07-01 00:57:56.176926,https://www.openstreetmap.org/node/9416086722,-30.3982944,19.5875971
node/9416060291,9416060291,node,South Africa,generator,Missing output tag,none,"tags: {'generator:method': 'wind_turbine', 'generator:source': 'wind', 'generator:type': 'horizontal_axis', 'power': 'generator'}",2026-07-01 00:57:56.176953,https://www.openstreetmap.org/node/9416060291,-30.39289,19.6049765
node/9416086733,9416086733,node,South Africa,generator,Missing output tag,none,"tags: {'generator:method': 'wind_turbine', 'generator:source': 'wind', 'generator:type': 'horizontal_axis', 'power': 'generator'}",2026-07-01 00:57:56.176987,https://www.openstreetmap.org/node/9416086733,-30.4145915,19.5813905
node/9416060298,9416060298,node,South Africa,generator,Missing output tag,none,"tags: {'generator:method': 'wind_turbine', 'generator:source': 'wind', 'generator:type': 'horizontal_axis', 'power': 'generator'}",2026-07-01 00:57:56.177014,https://www.openstreetmap.org/node/9416060298,-30.4029629,19.6279241
node/9416086717,9416086717,node,South Africa,generator,Missing output tag,none,"tags: {'generator:method': 'wind_turbine', 'generator:source': 'wind', 'generator:type': 'horizontal_axis', 'power': 'generator'}",2026-07-01 00:57:56.177040,https://www.openstreetmap.org/node/9416086717,-30.4010567,19.6062519
node/9416060282,9416060282,node,South Africa,generator,Missing output tag,none,"tags: {'generator:method': 'wind_turbine', 'generator:source': 'wind', 'generator:type': 'horizontal_axis', 'power': 'generator'}",2026-07-01 00:57:56.177067,https://www.openstreetmap.org/node/9416060282,-30.3800764,19.5756908
node/9416086750,9416086750,node,South Africa,generator,Missing output tag,none,"tags: {'generator:method': 'wind_turbine', 'generator:source': 'wind', 'generator:type': 'horizontal_axis', 'power': 'generator'}",2026-07-01 00:57:56.180540,https://www.openstreetmap.org/node/9416086750,-30.4341641,19.4794652
node/9416086793,9416086793,node,South Africa,generator,Missing output tag,none,"tags: {'generator:method': 'wind_turbine', 'generator:source': 'wind', 'generator:type': 'horizontal_axis', 'power': 'generator'}",2026-07-01 00:57:56.180574,https://www.openstreetmap.org/node/9416086793,-30.43312,19.5431381
node/9416086758,9416086758,node,South Africa,generator,Missing output tag,none,"tags: {'generator:method': 'wind_turbine', 'generator:source': 'wind', 'generator:type': 'horizontal_axis', 'power': 'generator'}",2026-07-01 00:57:56.180604,https://www.openstreetmap.org/node/9416086758,-30.4414348,19.5087683
node/9416086768,9416086768,node,South Africa,generator,Missing output tag,none,"tags: {'generator:method': 'wind_turbine', 'generator:source': 'wind', 'generator:type': 'horizontal_axis', 'power': 'generator'}",2026-07-01 00:57:56.180633,https://www.openstreetmap.org/node/9416086768,-30.4370399,19.5301321
node/9416086779,9416086779,node,South Africa,generator,Missing output tag,none,"tags: {'generator:method': 'wind_turbine', 'generator:source': 'wind', 'generator:type': 'horizontal_axis', 'power': 'generator'}",2026-07-01 00:57:56.180663,https://www.openstreetmap.org/node/9416086779,-30.4261147,19.4869995
node/9416086746,9416086746,node,South Africa,generator,Missing output tag,none,"tags: {'generator:method': 'wind_turbine', 'generator:source': 'wind', 'generator:type': 'horizontal_axis', 'power': 'generator'}",2026-07-01 00:57:56.180691,https://www.openstreetmap.org/node/9416086746,-30.4215456,19.470524
node/9416086789,9416086789,node,South Africa,generator,Missing output tag,none,"tags: {'generator:method': 'wind_turbine', 'generator:source': 'wind', 'generator:type': 'horizontal_axis', 'power': 'generator'}",2026-07-01 00:57:56.180719,https://www.openstreetmap.org/node/9416086789,-30.424446,19.5121519
node/9416086754,9416086754,node,South Africa,generator,Missing output tag,none,"tags: {'generator:method': 'wind_turbine', 'generator:source': 'wind', 'generator:type': 'horizontal_axis', 'power': 'generator'}",2026-07-01 00:57:56.180747,https://www.openstreetmap.org/node/9416086754,-30.4380655,19.4947994
node/9416086796,9416086796,node,South Africa,generator,Missing output tag,none,"tags: {'generator:method': 'wind_turbine', 'generator:source': 'wind', 'generator:type': 'horizontal_axis', 'power': 'generator'}",2026-07-01 00:57:56.180775,https://www.openstreetmap.org/node/9416086796,-30.4337698,19.5515361
node/9416086765,9416086765,node,South Africa,generator,Missing output tag,none,"tags: {'generator:method': 'wind_turbine', 'generator:source': 'wind', 'generator:type': 'horizontal_axis', 'power': 'generator'}",2026-07-01 00:57:56.180803,https://www.openstreetmap.org/node/9416086765,-30.4403098,19.5411989
node/9416086775,9416086775,node,South Africa,generator,Missing output tag,none,"tags: {'generator:method': 'wind_turbine', 'generator:source': 'wind', 'generator:type': 'horizontal_axis', 'power': 'generator'}",2026-07-01 00:57:56.180855,https://www.openstreetmap.org/node/9416086775,-30.4297296,19.5023659
node/9416086742,9416086742,node,South Africa,generator,Missing output tag,none,"tags: {'generator:method': 'wind_turbine', 'generator:source': 'wind', 'generator:type': 'horizontal_axis', 'power': 'generator'}",2026-07-01 00:57:56.180884,https://www.openstreetmap.org/node/9416086742,-30.4266351,19.4643295
node/9416086785,9416086785,node,South Africa,generator,Missing output tag,none,"tags: {'generator:method': 'wind_turbine', 'generator:source': 'wind', 'generator:type': 'horizontal_axis', 'power': 'generator'}",2026-07-01 00:57:56.180911,https://www.openstreetmap.org/node/9416086785,-30.4207303,19.4977565
node/9416086782,9416086782,node,South Africa,generator,Missing output tag,none,"tags: {'generator:method': 'wind_turbine', 'generator:source': 'wind', 'generator:type': 'horizontal_axis', 'power': 'generator'}",2026-07-01 00:57:56.180939,https://www.openstreetmap.org/node/9416086782,-30.4192026,19.4792573
node/9416086792,9416086792,node,South Africa,generator,Missing output tag,none,"tags: {'generator:method': 'wind_turbine', 'generator:source': 'wind', 'generator:type': 'horizontal_axis', 'power': 'generator'}",2026-07-01 00:57:56.180967,https://www.openstreetmap.org/node/9416086792,-30.4270283,19.5226058
node/9416086761,9416086761,node,South Africa,generator,Missing output tag,none,"tags: {'generator:method': 'wind_turbine', 'generator:source': 'wind', 'generator:type': 'horizontal_axis', 'power': 'generator'}",2026-07-01 00:57:56.180997,https://www.openstreetmap.org/node/9416086761,-30.443013,19.5203233
node/9416086771,9416086771,node,South Africa,generator,Missing output tag,none,"tags: {'generator:method': 'wind_turbine', 'generator:source': 'wind', 'generator:type': 'horizontal_axis', 'power': 'generator'}",2026-07-01 00:57:56.181024,https://www.openstreetmap.org/node/9416086771,-30.4346128,19.5155784
node/9416086778,9416086778,node,South Africa,generator,Missing output tag,none,"tags: {'generator:method': 'wind_turbine', 'generator:source': 'wind', 'generator:type': 'horizontal_axis', 'power': 'generator'}",2026-07-01 00:57:56.181053,https://www.openstreetmap.org/node/9416086778,-30.4270676,19.4910631
node/9416086749,9416086749,node,South Africa,generator,Missing output tag,none,"tags: {'generator:method': 'wind_turbine', 'generator:source': 'wind', 'generator:type': 'horizontal_axis', 'power': 'generator'}",2026-07-01 00:57:56.181081,https://www.openstreetmap.org/node/9416086749,-30.4322666,19.4758335
node/9416086788,9416086788,node,South Africa,generator,Missing output tag,none,"tags: {'generator:method': 'wind_turbine', 'generator:source': 'wind', 'generator:type': 'horizontal_axis', 'power': 'generator'}",2026-07-01 00:57:56.181108,https://www.openstreetmap.org/node/9416086788,-30.4234376,19.5086704
node/9416086757,9416086757,node,South Africa,generator,Missing output tag,none,"tags: {'generator:method': 'wind_turbine', 'generator:source': 'wind', 'generator:type': 'horizontal_axis', 'power': 'generator'}",2026-07-01 00:57:56.181137,https://www.openstreetmap.org/node/9416086757,-30.4414151,19.5048201
node/9416086799,9416086799,node,South Africa,generator,Missing output tag,none,"tags: {'generator:method': 'wind_turbine', 'generator:source': 'wind', 'generator:type': 'horizontal_axis', 'power': 'generator'}",2026-07-01 00:57:56.181166,https://www.openstreetmap.org/node/9416086799,-30.4302187,19.5366392
node/9416086764,9416086764,node,South Africa,generator,Missing output tag,none,"tags: {'generator:method': 'wind_turbine', 'generator:source': 'wind', 'generator:type': 'horizontal_axis', 'power': 'generator'}",2026-07-01 00:57:56.181194,https://www.openstreetmap.org/node/9416086764,-30.4465706,19.5301294
node/9416086774,9416086774,node,South Africa,generator,Missing output tag,none,"tags: {'generator:method': 'wind_turbine', 'generator:source': 'wind', 'generator:type': 'horizontal_axis', 'power': 'generator'}",2026-07-01 00:57:56.181222,https://www.openstreetmap.org/node/9416086774,-30.4317809,19.5050696
node/9416086745,9416086745,node,South Africa,generator,Missing output tag,none,"tags: {'generator:method': 'wind_turbine', 'generator:source': 'wind', 'generator:type': 'horizontal_axis', 'power': 'generator'}",2026-07-01 00:57:56.181251,https://www.openstreetmap.org/node/9416086745,-30.4183583,19.4683434
node/9416086784,9416086784,node,South Africa,generator,Missing output tag,none,"tags: {'generator:method': 'wind_turbine', 'generator:source': 'wind', 'generator:type': 'horizontal_axis', 'power': 'generator'}",2026-07-01 00:57:56.181280,https://www.openstreetmap.org/node/9416086784,-30.4197184,19.4935401
node/9416086753,9416086753,node,South Africa,generator,Missing output tag,none,"tags: {'generator:method': 'wind_turbine', 'generator:source': 'wind', 'generator:type': 'horizontal_axis', 'power': 'generator'}",2026-07-01 00:57:56.181309,https://www.openstreetmap.org/node/9416086753,-30.4366444,19.4913729
node/9416086795,9416086795,node,South Africa,generator,Missing output tag,none,"tags: {'generator:method': 'wind_turbine', 'generator:source': 'wind', 'generator:type': 'horizontal_axis', 'power': 'generator'}",2026-07-01 00:57:56.181337,https://www.openstreetmap.org/node/9416086795,-30.4283986,19.5296842
node/9416086760,9416086760,node,South Africa,generator,Missing output tag,none,"tags: {'generator:method': 'wind_turbine', 'generator:source': 'wind', 'generator:type': 'horizontal_axis', 'power': 'generator'}",2026-07-01 00:57:56.181365,https://www.openstreetmap.org/node/9416086760,-30.442206,19.5167385
node/9416086770,9416086770,node,South Africa,generator,Missing output tag,none,"tags: {'generator:method': 'wind_turbine', 'generator:source': 'wind', 'generator:type': 'horizontal_axis', 'power': 'generator'}",2026-07-01 00:57:56.181394,https://www.openstreetmap.org/node/9416086770,-30.4354303,19.5231503
node/9416086741,9416086741,node,South Africa,generator,Missing output tag,none,"tags: {'generator:method': 'wind_turbine', 'generator:source': 'wind', 'generator:type': 'horizontal_axis', 'power': 'generator'}",2026-07-01 00:57:56.181423,https://www.openstreetmap.org/node/9416086741,-30.429799,19.4665074
node/9416086781,9416086781,node,South Africa,generator,Missing output tag,none,"tags: {'generator:method': 'wind_turbine', 'generator:source': 'wind', 'generator:type': 'horizontal_axis', 'power': 'generator'}",2026-07-01 00:57:56.181458,https://www.openstreetmap.org/node/9416086781,-30.4227321,19.4808197
node/9416086748,9416086748,node,South Africa,generator,Missing output tag,none,"tags: {'generator:method': 'wind_turbine', 'generator:source': 'wind', 'generator:type': 'horizontal_axis', 'power': 'generator'}",2026-07-01 00:57:56.181487,https://www.openstreetmap.org/node/9416086748,-30.429607,19.4737521
node/9416086791,9416086791,node,South Africa,generator,Missing output tag,none,"tags: {'generator:method': 'wind_turbine', 'generator:source': 'wind', 'generator:type': 'horizontal_axis', 'power': 'generator'}",2026-07-01 00:57:56.181515,https://www.openstreetmap.org/node/9416086791,-30.4260106,19.5193429
node/9416086756,9416086756,node,South Africa,generator,Missing output tag,none,"tags: {'generator:method': 'wind_turbine', 'generator:source': 'wind', 'generator:type': 'horizontal_axis', 'power': 'generator'}",2026-07-01 00:57:56.181543,https://www.openstreetmap.org/node/9416086756,-30.4400646,19.5015559
node/9416086798,9416086798,node,South Africa,generator,Missing output tag,none,"tags: {'generator:method': 'wind_turbine', 'generator:source': 'wind', 'generator:type': 'horizontal_axis', 'power': 'generator'}",2026-07-01 00:57:56.181573,https://www.openstreetmap.org/node/9416086798,-30.432935,19.5476899
node/9416086767,9416086767,node,South Africa,generator,Missing output tag,none,"tags: {'generator:method': 'wind_turbine', 'generator:source': 'wind', 'generator:type': 'horizontal_axis', 'power': 'generator'}",2026-07-01 00:57:56.181602,https://www.openstreetmap.org/node/9416086767,-30.4379048,19.533855
node/9416086777,9416086777,node,South Africa,generator,Missing output tag,none,"tags: {'generator:method': 'wind_turbine', 'generator:source': 'wind', 'generator:type': 'horizontal_axis', 'power': 'generator'}",2026-07-01 00:57:56.181631,https://www.openstreetmap.org/node/9416086777,-30.4285154,19.494617
node/9416086744,9416086744,node,South Africa,generator,Missing output tag,none,"tags: {'generator:method': 'wind_turbine', 'generator:source': 'wind', 'generator:type': 'horizontal_axis', 'power': 'generator'}",2026-07-01 00:57:56.181659,https://www.openstreetmap.org/node/9416086744,-30.4147627,19.4653916
node/9416086787,9416086787,node,South Africa,generator,Missing output tag,none,"tags: {'generator:method': 'wind_turbine', 'generator:source': 'wind', 'generator:type': 'horizontal_axis', 'power': 'generator'}",2026-07-01 00:57:56.181688,https://www.openstreetmap.org/node/9416086787,-30.4224754,19.5048952
node/9416086752,9416086752,node,South Africa,generator,Missing output tag,none,"tags: {'generator:method': 'wind_turbine', 'generator:source': 'wind', 'generator:type': 'horizontal_axis', 'power': 'generator'}",2026-07-01 00:57:56.181716,https://www.openstreetmap.org/node/9416086752,-30.4348926,19.4879879
node/9416086794,9416086794,node,South Africa,generator,Missing output tag,none,"tags: {'generator:method': 'wind_turbine', 'generator:source': 'wind', 'generator:type': 'horizontal_axis', 'power': 'generator'}",2026-07-01 00:57:56.181746,https://www.openstreetmap.org/node/9416086794,-30.431071,19.5404345
node/9416086763,9416086763,node,South Africa,generator,Missing output tag,none,"tags: {'generator:method': 'wind_turbine', 'generator:source': 'wind', 'generator:type': 'horizontal_axis', 'power': 'generator'}",2026-07-01 00:57:56.181774,https://www.openstreetmap.org/node/9416086763,-30.4447855,19.527293
node/9416086773,9416086773,node,South Africa,generator,Missing output tag,none,"tags: {'generator:method': 'wind_turbine', 'generator:source': 'wind', 'generator:type': 'horizontal_axis', 'power': 'generator'}",2026-07-01 00:57:56.181803,https://www.openstreetmap.org/node/9416086773,-30.432935,19.5087066
node/9416086740,9416086740,node,South Africa,generator,Missing output tag,none,"tags: {'generator:method': 'wind_turbine', 'generator:source': 'wind', 'generator:type': 'horizontal_axis', 'power': 'generator'}",2026-07-01 00:57:56.181859,https://www.openstreetmap.org/node/9416086740,-30.4224904,19.4624305
node/9416086780,9416086780,node,South Africa,generator,Missing output tag,none,"tags: {'generator:method': 'wind_turbine', 'generator:source': 'wind', 'generator:type': 'horizontal_axis', 'power': 'generator'}",2026-07-01 00:57:56.181888,https://www.openstreetmap.org/node/9416086780,-30.4262639,19.4823056
node/9416086751,9416086751,node,South Africa,generator,Missing output tag,none,"tags: {'generator:method': 'wind_turbine', 'generator:source': 'wind', 'generator:type': 'horizontal_axis', 'power': 'generator'}",2026-07-01 00:57:56.181917,https://www.openstreetmap.org/node/9416086751,-30.4340289,19.4838238
node/9416086790,9416086790,node,South Africa,generator,Missing output tag,none,"tags: {'generator:method': 'wind_turbine', 'generator:source': 'wind', 'generator:type': 'horizontal_axis', 'power': 'generator'}",2026-07-01 00:57:56.181946,https://www.openstreetmap.org/node/9416086790,-30.4250392,19.5159271
node/9416086759,9416086759,node,South Africa,generator,Missing output tag,none,"tags: {'generator:method': 'wind_turbine', 'generator:source': 'wind', 'generator:type': 'horizontal_axis', 'power': 'generator'}",2026-07-01 00:57:56.181974,https://www.openstreetmap.org/node/9416086759,-30.4429101,19.5124
node/9416086766,9416086766,node,South Africa,generator,Missing output tag,none,"tags: {'generator:method': 'wind_turbine', 'generator:source': 'wind', 'generator:type': 'horizontal_axis', 'power': 'generator'}",2026-07-01 00:57:56.182003,https://www.openstreetmap.org/node/9416086766,-30.439512,19.5366445
node/9416086800,9416086800,node,South Africa,generator,Missing output tag,none,"tags: {'generator:method': 'wind_turbine', 'generator:source': 'wind', 'generator:type': 'horizontal_axis', 'power': 'generator'}",2026-07-01 00:57:56.182032,https://www.openstreetmap.org/node/9416086800,-30.4292855,19.5332032
node/9416086769,9416086769,node,South Africa,generator,Missing output tag,none,"tags: {'generator:method': 'wind_turbine', 'generator:source': 'wind', 'generator:type': 'horizontal_axis', 'power': 'generator'}",2026-07-01 00:57:56.182060,https://www.openstreetmap.org/node/9416086769,-30.4361646,19.526656
node/9416086776,9416086776,node,South Africa,generator,Missing output tag,none,"tags: {'generator:method': 'wind_turbine', 'generator:source': 'wind', 'generator:type': 'horizontal_axis', 'power': 'generator'}",2026-07-01 00:57:56.182089,https://www.openstreetmap.org/node/9416086776,-30.429866,19.4980234
node/9416086747,9416086747,node,South Africa,generator,Missing output tag,none,"tags: {'generator:method': 'wind_turbine', 'generator:source': 'wind', 'generator:type': 'horizontal_axis', 'power': 'generator'}",2026-07-01 00:57:56.182118,https://www.openstreetmap.org/node/9416086747,-30.4253445,19.4725974
node/9416086786,9416086786,node,South Africa,generator,Missing output tag,none,"tags: {'generator:method': 'wind_turbine', 'generator:source': 'wind', 'generator:type': 'horizontal_axis', 'power': 'generator'}",2026-07-01 00:57:56.182147,https://www.openstreetmap.org/node/9416086786,-30.4217804,19.5011696
node/9416086755,9416086755,node,South Africa,generator,Missing output tag,none,"tags: {'generator:method': 'wind_turbine', 'generator:source': 'wind', 'generator:type': 'horizontal_axis', 'power': 'generator'}",2026-07-01 00:57:56.182175,https://www.openstreetmap.org/node/9416086755,-30.4389408,19.4982836
node/9416086797,9416086797,node,South Africa,generator,Missing output tag,none,"tags: {'generator:method': 'wind_turbine', 'generator:source': 'wind', 'generator:type': 'horizontal_axis', 'power': 'generator'}",2026-07-01 00:57:56.182204,https://www.openstreetmap.org/node/9416086797,-30.4276065,19.5262027
node/9416086762,9416086762,node,South Africa,generator,Missing output tag,none,"tags: {'generator:method': 'wind_turbine', 'generator:source': 'wind', 'generator:type': 'horizontal_axis', 'power': 'generator'}",2026-07-01 00:57:56.182233,https://www.openstreetmap.org/node/9416086762,-30.4440941,19.5235607
node/9416086772,9416086772,node,South Africa,generator,Missing output tag,none,"tags: {'generator:method': 'wind_turbine', 'generator:source': 'wind', 'generator:type': 'horizontal_axis', 'power': 'generator'}",2026-07-01 00:57:56.182262,https://www.openstreetmap.org/node/9416086772,-30.433061,19.5126267
node/9416086743,9416086743,node,South Africa,generator,Missing output tag,none,"tags: {'generator:method': 'wind_turbine', 'generator:source': 'wind', 'generator:type': 'horizontal_axis', 'power': 'generator'}",2026-07-01 00:57:56.182291,https://www.openstreetmap.org/node/9416086743,-30.4212068,19.4589114
node/9416086783,9416086783,node,South Africa,generator,Missing output tag,none,"tags: {'generator:method': 'wind_turbine', 'generator:source': 'wind', 'generator:type': 'horizontal_axis', 'power': 'generator'}",2026-07-01 00:57:56.182319,https://www.openstreetmap.org/node/9416086783,-30.41908,19.4888891
node/5596124945,5596124945,node,South Africa,generator,Missing output tag,none,"tags: {'generator:method': 'wind_turbine', 'generator:source': 'wind', 'generator:type': 'horizontal_axis', 'power': 'generator'}",2026-07-01 00:57:56.188964,https://www.openstreetmap.org/node/5596124945,-31.7640323,23.1590187
node/5596124952,5596124952,node,South Africa,generator,Missing output tag,none,"tags: {'generator:method': 'wind_turbine', 'generator:source': 'wind', 'generator:type': 'horizontal_axis', 'power': 'generator'}",2026-07-01 00:57:56.189008,https://www.openstreetmap.org/node/5596124952,-31.7695235,23.1345677
node/5596124960,5596124960,node,South Africa,generator,Missing output tag,none,"tags: {'generator:method': 'wind_turbine', 'generator:source': 'wind', 'generator:type': 'horizontal_axis', 'power': 'generator'}",2026-07-01 00:57:56.189045,https://www.openstreetmap.org/node/5596124960,-31.7566889,23.1544804
node/5596124971,5596124971,node,South Africa,generator,Missing output tag,none,"tags: {'generator:method': 'wind_turbine', 'generator:source': 'wind', 'generator:type': 'horizontal_axis', 'power': 'generator'}",2026-07-01 00:57:56.189079,https://www.openstreetmap.org/node/5596124971,-31.7525745,23.1569159
node/5596124981,5596124981,node,South Africa,generator,Missing output tag,none,"tags: {'generator:method': 'wind_turbine', 'generator:source': 'wind', 'generator:type': 'horizontal_axis', 'power': 'generator'}",2026-07-01 00:57:56.189114,https://www.openstreetmap.org/node/5596124981,-31.7288972,23.1866455
node/5596124948,5596124948,node,South Africa,generator,Missing output tag,none,"tags: {'generator:method': 'wind_turbine', 'generator:source': 'wind', 'generator:type': 'horizontal_axis', 'power': 'generator'}",2026-07-01 00:57:56.189146,https://www.openstreetmap.org/node/5596124948,-31.7673344,23.1501245
node/5596124959,5596124959,node,South Africa,generator,Missing output tag,none,"tags: {'generator:method': 'wind_turbine', 'generator:source': 'wind', 'generator:type': 'horizontal_axis', 'power': 'generator'}",2026-07-01 00:57:56.189179,https://www.openstreetmap.org/node/5596124959,-31.7581394,23.15153
node/5596124974,5596124974,node,South Africa,generator,Missing output tag,none,"tags: {'generator:method': 'wind_turbine', 'generator:source': 'wind', 'generator:type': 'horizontal_axis', 'power': 'generator'}",2026-07-01 00:57:56.189213,https://www.openstreetmap.org/node/5596124974,-31.741024,23.1598878
node/5596124977,5596124977,node,South Africa,generator,Missing output tag,none,"tags: {'generator:method': 'wind_turbine', 'generator:source': 'wind', 'generator:type': 'horizontal_axis', 'power': 'generator'}",2026-07-01 00:57:56.189247,https://www.openstreetmap.org/node/5596124977,-31.7376571,23.1756377
node/5596124944,5596124944,node,South Africa,generator,Missing output tag,none,"tags: {'generator:method': 'wind_turbine', 'generator:source': 'wind', 'generator:type': 'horizontal_axis', 'power': 'generator'}",2026-07-01 00:57:56.189280,https://www.openstreetmap.org/node/5596124944,-31.7701081,23.1672605
node/5596124955,5596124955,node,South Africa,generator,Missing output tag,none,"tags: {'generator:method': 'wind_turbine', 'generator:source': 'wind', 'generator:type': 'horizontal_axis', 'power': 'generator'}",2026-07-01 00:57:56.189315,https://www.openstreetmap.org/node/5596124955,-31.7658749,23.1410801
node/5596124941,5596124941,node,South Africa,generator,Missing output tag,none,"tags: {'generator:method': 'wind_turbine', 'generator:source': 'wind', 'generator:type': 'horizontal_axis', 'power': 'generator'}",2026-07-01 00:57:56.189348,https://www.openstreetmap.org/node/5596124941,-31.7639684,23.1763565
node/5596124980,5596124980,node,South Africa,generator,Missing output tag,none,"tags: {'generator:method': 'wind_turbine', 'generator:source': 'wind', 'generator:type': 'horizontal_axis', 'power': 'generator'}",2026-07-01 00:57:56.189381,https://www.openstreetmap.org/node/5596124980,-31.731215,23.1844246
node/5596124951,5596124951,node,South Africa,generator,Missing output tag,none,"tags: {'generator:method': 'wind_turbine', 'generator:source': 'wind', 'generator:type': 'horizontal_axis', 'power': 'generator'}",2026-07-01 00:57:56.189415,https://www.openstreetmap.org/node/5596124951,-31.770837,23.1317031
node/5596124958,5596124958,node,South Africa,generator,Missing output tag,none,"tags: {'generator:method': 'wind_turbine', 'generator:source': 'wind', 'generator:type': 'horizontal_axis', 'power': 'generator'}",2026-07-01 00:57:56.189447,https://www.openstreetmap.org/node/5596124958,-31.7596263,23.1486332
node/5596124976,5596124976,node,South Africa,generator,Missing output tag,none,"tags: {'generator:method': 'wind_turbine', 'generator:source': 'wind', 'generator:type': 'horizontal_axis', 'power': 'generator'}",2026-07-01 00:57:56.189481,https://www.openstreetmap.org/node/5596124976,-31.7381407,23.1714857
node/5596124947,5596124947,node,South Africa,generator,Missing output tag,none,"tags: {'generator:method': 'wind_turbine', 'generator:source': 'wind', 'generator:type': 'horizontal_axis', 'power': 'generator'}",2026-07-01 00:57:56.189514,https://www.openstreetmap.org/node/5596124947,-31.7663948,23.1531823
node/5596124954,5596124954,node,South Africa,generator,Missing output tag,none,"tags: {'generator:method': 'wind_turbine', 'generator:source': 'wind', 'generator:type': 'horizontal_axis', 'power': 'generator'}",2026-07-01 00:57:56.189547,https://www.openstreetmap.org/node/5596124954,-31.7680276,23.1469703
node/5596124973,5596124973,node,South Africa,generator,Missing output tag,none,"tags: {'generator:method': 'wind_turbine', 'generator:source': 'wind', 'generator:type': 'horizontal_axis', 'power': 'generator'}",2026-07-01 00:57:56.189580,https://www.openstreetmap.org/node/5596124973,-31.7431408,23.1574309
node/5596124940,5596124940,node,South Africa,generator,Missing output tag,none,"tags: {'generator:method': 'wind_turbine', 'generator:source': 'wind', 'generator:type': 'horizontal_axis', 'power': 'generator'}",2026-07-01 00:57:56.189613,https://www.openstreetmap.org/node/5596124940,-31.7603196,23.1780088
node/5596124950,5596124950,node,South Africa,generator,Missing output tag,none,"tags: {'generator:method': 'wind_turbine', 'generator:source': 'wind', 'generator:type': 'horizontal_axis', 'power': 'generator'}",2026-07-01 00:57:56.189645,https://www.openstreetmap.org/node/5596124950,-31.7744763,23.1553817
node/5596124979,5596124979,node,South Africa,generator,Missing output tag,none,"tags: {'generator:method': 'wind_turbine', 'generator:source': 'wind', 'generator:type': 'horizontal_axis', 'power': 'generator'}",2026-07-01 00:57:56.189678,https://www.openstreetmap.org/node/5596124979,-31.7337882,23.1816244
node/5596124946,5596124946,node,South Africa,generator,Missing output tag,none,"tags: {'generator:method': 'wind_turbine', 'generator:source': 'wind', 'generator:type': 'horizontal_axis', 'power': 'generator'}",2026-07-01 00:57:56.189711,https://www.openstreetmap.org/node/5596124946,-31.7654279,23.1561971
node/5596124957,5596124957,node,South Africa,generator,Missing output tag,none,"tags: {'generator:method': 'wind_turbine', 'generator:source': 'wind', 'generator:type': 'horizontal_axis', 'power': 'generator'}",2026-07-01 00:57:56.189744,https://www.openstreetmap.org/node/5596124957,-31.7618613,23.146069
node/5596124972,5596124972,node,South Africa,generator,Missing output tag,none,"tags: {'generator:method': 'wind_turbine', 'generator:source': 'wind', 'generator:type': 'horizontal_axis', 'power': 'generator'}",2026-07-01 00:57:56.189776,https://www.openstreetmap.org/node/5596124972,-31.7498193,23.1590509
node/5596124943,5596124943,node,South Africa,generator,Missing output tag,none,"tags: {'generator:method': 'wind_turbine', 'generator:source': 'wind', 'generator:type': 'horizontal_axis', 'power': 'generator'}",2026-07-01 00:57:56.189842,https://www.openstreetmap.org/node/5596124943,-31.7674073,23.1695759
node/5596124953,5596124953,node,South Africa,generator,Missing output tag,none,"tags: {'generator:method': 'wind_turbine', 'generator:source': 'wind', 'generator:type': 'horizontal_axis', 'power': 'generator'}",2026-07-01 00:57:56.189879,https://www.openstreetmap.org/node/5596124953,-31.7687573,23.1377435
node/5596124978,5596124978,node,South Africa,generator,Missing output tag,none,"tags: {'generator:method': 'wind_turbine', 'generator:source': 'wind', 'generator:type': 'horizontal_axis', 'power': 'generator'}",2026-07-01 00:57:56.189913,https://www.openstreetmap.org/node/5596124978,-31.7353577,23.1784701
node/5596124949,5596124949,node,South Africa,generator,Missing output tag,none,"tags: {'generator:method': 'wind_turbine', 'generator:source': 'wind', 'generator:type': 'horizontal_axis', 'power': 'generator'}",2026-07-01 00:57:56.189945,https://www.openstreetmap.org/node/5596124949,-31.7733088,23.1582892
node/5596124956,5596124956,node,South Africa,generator,Missing output tag,none,"tags: {'generator:method': 'wind_turbine', 'generator:source': 'wind', 'generator:type': 'horizontal_axis', 'power': 'generator'}",2026-07-01 00:57:56.189979,https://www.openstreetmap.org/node/5596124956,-31.7643516,23.1437945
node/5596124975,5596124975,node,South Africa,generator,Missing output tag,none,"tags: {'generator:method': 'wind_turbine', 'generator:source': 'wind', 'generator:type': 'horizontal_axis', 'power': 'generator'}",2026-07-01 00:57:56.190012,https://www.openstreetmap.org/node/5596124975,-31.7402028,23.1629884
node/5596124942,5596124942,node,South Africa,generator,Missing output tag,none,"tags: {'generator:method': 'wind_turbine', 'generator:source': 'wind', 'generator:type': 'horizontal_axis', 'power': 'generator'}",2026-07-01 00:57:56.190046,https://www.openstreetmap.org/node/5596124942,-31.7650357,23.1734383
node/10650861946,10650861946,node,South Africa,generator,Missing output tag,none,"tags: {'generator:method': 'wind_turbine', 'generator:source': 'wind', 'generator:type': 'horizontal_axis', 'power': 'generator'}",2026-07-01 00:57:56.190079,https://www.openstreetmap.org/node/10650861946,-31.8040323,23.1862807
node/10650861942,10650861942,node,South Africa,generator,Missing output tag,none,"tags: {'generator:method': 'wind_turbine', 'generator:source': 'wind', 'generator:type': 'horizontal_axis', 'power': 'generator'}",2026-07-01 00:57:56.190113,https://www.openstreetmap.org/node/10650861942,-31.8037132,23.171196
node/10650861948,10650861948,node,South Africa,generator,Missing output tag,none,"tags: {'generator:method': 'wind_turbine', 'generator:source': 'wind', 'generator:type': 'horizontal_axis', 'power': 'generator'}",2026-07-01 00:57:56.190146,https://www.openstreetmap.org/node/10650861948,-31.8165869,23.1811094
node/10650861944,10650861944,node,South Africa,generator,Missing output tag,none,"tags: {'generator:method': 'wind_turbine', 'generator:source': 'wind', 'generator:type': 'horizontal_axis', 'power': 'generator'}",2026-07-01 00:57:56.190180,https://www.openstreetmap.org/node/10650861944,-31.8042056,23.1793284
node/10650861950,10650861950,node,South Africa,generator,Missing output tag,none,"tags: {'generator:method': 'wind_turbine', 'generator:source': 'wind', 'generator:type': 'horizontal_axis', 'power': 'generator'}",2026-07-01 00:57:56.190213,https://www.openstreetmap.org/node/10650861950,-31.8212637,23.1764531
node/10650861947,10650861947,node,South Africa,generator,Missing output tag,none,"tags: {'generator:method': 'wind_turbine', 'generator:source': 'wind', 'generator:type': 'horizontal_axis', 'power': 'generator'}",2026-07-01 00:57:56.190246,https://www.openstreetmap.org/node/10650861947,-31.8142074,23.1834268
node/10650861943,10650861943,node,South Africa,generator,Missing output tag,none,"tags: {'generator:method': 'wind_turbine', 'generator:source': 'wind', 'generator:type': 'horizontal_axis', 'power': 'generator'}",2026-07-01 00:57:56.190281,https://www.openstreetmap.org/node/10650861943,-31.8016525,23.1736743
node/10650861949,10650861949,node,South Africa,generator,Missing output tag,none,"tags: {'generator:method': 'wind_turbine', 'generator:source': 'wind', 'generator:type': 'horizontal_axis', 'power': 'generator'}",2026-07-01 00:57:56.190314,https://www.openstreetmap.org/node/10650861949,-31.8186017,23.1786096
node/10650861945,10650861945,node,South Africa,generator,Missing output tag,none,"tags: {'generator:method': 'wind_turbine', 'generator:source': 'wind', 'generator:type': 'horizontal_axis', 'power': 'generator'}",2026-07-01 00:57:56.190348,https://www.openstreetmap.org/node/10650861945,-31.803932,23.1827509
node/5910577552,5910577552,node,South Africa,generator,Missing output tag,none,"tags: {'generator:method': 'wind_turbine', 'generator:source': 'wind', 'power': 'generator', 'source': 'Bing arial Image 16-09-18'}",2026-07-01 00:57:56.193800,https://www.openstreetmap.org/node/5910577552,-32.7390563,25.8943194
node/5910578088,5910578088,node,South Africa,generator,Missing output tag,none,"tags: {'generator:method': 'wind_turbine', 'generator:source': 'wind', 'power': 'generator', 'source': 'Bing arial Image 16-09-18'}",2026-07-01 00:57:56.193860,https://www.openstreetmap.org/node/5910578088,-32.7503181,25.9025699
node/5910577522,5910577522,node,South Africa,generator,Missing output tag,none,"tags: {'generator:method': 'wind_turbine', 'generator:source': 'wind', 'power': 'generator', 'source': 'Bing arial Image 16-09-18'}",2026-07-01 00:57:56.193895,https://www.openstreetmap.org/node/5910577522,-32.7516851,25.8983159
node/5910578105,5910578105,node,South Africa,generator,Missing output tag,none,"tags: {'generator:method': 'wind_turbine', 'generator:source': 'wind', 'power': 'generator', 'source': 'Bing arial Image 16-09-18'}",2026-07-01 00:57:56.193929,https://www.openstreetmap.org/node/5910578105,-32.7345755,25.9012127
node/5910577555,5910577555,node,South Africa,generator,Missing output tag,none,"tags: {'generator:method': 'wind_turbine', 'generator:source': 'wind', 'power': 'generator', 'source': 'Bing arial Image 16-09-18'}",2026-07-01 00:57:56.193962,https://www.openstreetmap.org/node/5910577555,-32.7432841,25.8859026
node/5910578091,5910578091,node,South Africa,generator,Missing output tag,none,"tags: {'generator:method': 'wind_turbine', 'generator:source': 'wind', 'power': 'generator', 'source': 'Bing arial Image 16-09-18'}",2026-07-01 00:57:56.193996,https://www.openstreetmap.org/node/5910578091,-32.7438571,25.9031707
node/5910578094,5910578094,node,South Africa,generator,Missing output tag,none,"tags: {'generator:method': 'wind_turbine', 'generator:source': 'wind', 'power': 'generator', 'source': 'Bing arial Image 16-09-18'}",2026-07-01 00:57:56.194028,https://www.openstreetmap.org/node/5910578094,-32.7448362,25.9130251
node/5910577521,5910577521,node,South Africa,generator,Missing output tag,none,"tags: {'generator:method': 'wind_turbine', 'generator:source': 'wind', 'power': 'generator', 'source': 'Bing arial Image 16-09-18'}",2026-07-01 00:57:56.194060,https://www.openstreetmap.org/node/5910577521,-32.7520438,25.907076
node/5910577554,5910577554,node,South Africa,generator,Missing output tag,none,"tags: {'generator:method': 'wind_turbine', 'generator:source': 'wind', 'power': 'generator', 'source': 'Bing arial Image 16-09-18'}",2026-07-01 00:57:56.194093,https://www.openstreetmap.org/node/5910577554,-32.7393631,25.8850121
node/5910578090,5910578090,node,South Africa,generator,Missing output tag,none,"tags: {'generator:method': 'wind_turbine', 'generator:source': 'wind', 'power': 'generator', 'source': 'Bing arial Image 16-09-18'}",2026-07-01 00:57:56.194125,https://www.openstreetmap.org/node/5910578090,-32.7459326,25.900982
node/5910578086,5910578086,node,South Africa,generator,Missing output tag,none,"tags: {'generator:method': 'wind_turbine', 'generator:source': 'wind', 'power': 'generator', 'source': 'Bing arial Image 16-09-18'}",2026-07-01 00:57:56.194158,https://www.openstreetmap.org/node/5910578086,-32.7432931,25.8932465
node/5910578093,5910578093,node,South Africa,generator,Missing output tag,none,"tags: {'generator:method': 'wind_turbine', 'generator:source': 'wind', 'power': 'generator', 'source': 'Bing arial Image 16-09-18'}",2026-07-01 00:57:56.194190,https://www.openstreetmap.org/node/5910578093,-32.7449671,25.9069741
node/5910577553,5910577553,node,South Africa,generator,Missing output tag,none,"tags: {'generator:method': 'wind_turbine', 'generator:source': 'wind', 'power': 'generator', 'source': 'Bing arial Image 16-09-18'}",2026-07-01 00:57:56.194222,https://www.openstreetmap.org/node/5910577553,-32.7395526,25.8898777
node/5910578089,5910578089,node,South Africa,generator,Missing output tag,none,"tags: {'generator:method': 'wind_turbine', 'generator:source': 'wind', 'power': 'generator', 'source': 'Bing arial Image 16-09-18'}",2026-07-01 00:57:56.194256,https://www.openstreetmap.org/node/5910578089,-32.7445565,25.8971733
node/5910578106,5910578106,node,South Africa,generator,Missing output tag,none,"tags: {'generator:method': 'wind_turbine', 'generator:source': 'wind', 'power': 'generator', 'source': 'Bing arial Image 16-09-18'}",2026-07-01 00:57:56.194289,https://www.openstreetmap.org/node/5910578106,-32.7353065,25.8968031
node/5910577556,5910577556,node,South Africa,generator,Missing output tag,none,"tags: {'generator:method': 'wind_turbine', 'generator:source': 'wind', 'power': 'generator', 'source': 'Bing arial Image 16-09-18'}",2026-07-01 00:57:56.194322,https://www.openstreetmap.org/node/5910577556,-32.7421651,25.8887297
node/5910578092,5910578092,node,South Africa,generator,Missing output tag,none,"tags: {'generator:method': 'wind_turbine', 'generator:source': 'wind', 'power': 'generator', 'source': 'Bing arial Image 16-09-18'}",2026-07-01 00:57:56.194355,https://www.openstreetmap.org/node/5910578092,-32.7426705,25.9089374
node/5910578102,5910578102,node,South Africa,generator,Missing output tag,none,"tags: {'generator:method': 'wind_turbine', 'generator:source': 'wind', 'power': 'generator', 'source': 'Bing arial Image 16-09-18'}",2026-07-01 00:57:56.194388,https://www.openstreetmap.org/node/5910578102,-32.7307646,25.9094927
node/5910578098,5910578098,node,South Africa,generator,Missing output tag,none,"tags: {'generator:method': 'wind_turbine', 'generator:source': 'wind', 'power': 'generator', 'source': 'Bing arial Image 16-09-18'}",2026-07-01 00:57:56.194421,https://www.openstreetmap.org/node/5910578098,-32.7271702,25.9166086
node/5910577549,5910577549,node,South Africa,generator,Missing output tag,none,"tags: {'generator:method': 'wind_turbine', 'generator:source': 'wind', 'power': 'generator', 'source': 'Bing arial Image 16-09-18'}",2026-07-01 00:57:56.194453,https://www.openstreetmap.org/node/5910577549,-32.7278562,25.8854628
node/5910578095,5910578095,node,South Africa,generator,Missing output tag,none,"tags: {'generator:method': 'wind_turbine', 'generator:source': 'wind', 'power': 'generator', 'source': 'Bing arial Image 16-09-18'}",2026-07-01 00:57:56.194485,https://www.openstreetmap.org/node/5910578095,-32.7429412,25.91582
node/5910578101,5910578101,node,South Africa,generator,Missing output tag,none,"tags: {'generator:method': 'wind_turbine', 'generator:source': 'wind', 'power': 'generator', 'source': 'Bing arial Image 16-09-18'}",2026-07-01 00:57:56.194517,https://www.openstreetmap.org/node/5910578101,-32.7282781,25.9107828
node/5910577548,5910577548,node,South Africa,generator,Missing output tag,none,"tags: {'generator:method': 'wind_turbine', 'generator:source': 'wind', 'power': 'generator', 'source': 'Bing arial Image 16-09-18'}",2026-07-01 00:57:56.194550,https://www.openstreetmap.org/node/5910577548,-32.7269265,25.8882254
node/5910578097,5910578097,node,South Africa,generator,Missing output tag,none,"tags: {'generator:method': 'wind_turbine', 'generator:source': 'wind', 'power': 'generator', 'source': 'Bing arial Image 16-09-18'}",2026-07-01 00:57:56.194582,https://www.openstreetmap.org/node/5910578097,-32.7303607,25.9200901
node/5910578104,5910578104,node,South Africa,generator,Missing output tag,none,"tags: {'generator:method': 'wind_turbine', 'generator:source': 'wind', 'power': 'generator', 'source': 'Bing arial Image 16-09-18'}",2026-07-01 00:57:56.194615,https://www.openstreetmap.org/node/5910578104,-32.7334744,25.9042382
node/5910577551,5910577551,node,South Africa,generator,Missing output tag,none,"tags: {'generator:method': 'wind_turbine', 'generator:source': 'wind', 'power': 'generator', 'source': 'Bing arial Image 16-09-18'}",2026-07-01 00:57:56.194647,https://www.openstreetmap.org/node/5910577551,-32.7327434,25.8873564
node/5910578096,5910578096,node,South Africa,generator,Missing output tag,none,"tags: {'generator:method': 'wind_turbine', 'generator:source': 'wind', 'power': 'generator', 'source': 'Bing arial Image 16-09-18'}",2026-07-01 00:57:56.194679,https://www.openstreetmap.org/node/5910578096,-32.7413078,25.9189153
node/5910578103,5910578103,node,South Africa,generator,Missing output tag,none,"tags: {'generator:method': 'wind_turbine', 'generator:source': 'wind', 'power': 'generator', 'source': 'Bing arial Image 16-09-18'}",2026-07-01 00:57:56.194712,https://www.openstreetmap.org/node/5910578103,-32.7319988,25.9068507
node/5910577550,5910577550,node,South Africa,generator,Missing output tag,none,"tags: {'generator:method': 'wind_turbine', 'generator:source': 'wind', 'operator': 'InnoWind', 'power': 'generator'}",2026-07-01 00:57:56.194745,https://www.openstreetmap.org/node/5910577550,-32.7322876,25.8832741
node/5910578099,5910578099,node,South Africa,generator,Missing output tag,none,"tags: {'generator:method': 'wind_turbine', 'generator:source': 'wind', 'power': 'generator', 'source': 'Bing arial Image 16-09-18'}",2026-07-01 00:57:56.194779,https://www.openstreetmap.org/node/5910578099,-32.7300426,25.914664
node/5910577542,5910577542,node,South Africa,generator,Missing output tag,none,"tags: {'generator:method': 'wind_turbine', 'generator:source': 'wind', 'power': 'generator', 'source': 'Bing arial Image 16-09-18'}",2026-07-01 00:57:56.194824,https://www.openstreetmap.org/node/5910577542,-32.719462,25.8964759
node/5910577545,5910577545,node,South Africa,generator,Missing output tag,none,"tags: {'generator:method': 'wind_turbine', 'generator:source': 'wind', 'power': 'generator', 'source': 'Bing arial Image 16-09-18'}",2026-07-01 00:57:56.194859,https://www.openstreetmap.org/node/5910577545,-32.7190783,25.8926779
node/5910577541,5910577541,node,South Africa,generator,Missing output tag,none,"tags: {'generator:method': 'wind_turbine', 'generator:source': 'wind', 'power': 'generator', 'source': 'Bing arial Image 16-09-18'}",2026-07-01 00:57:56.194892,https://www.openstreetmap.org/node/5910577541,-32.7124617,25.8930802
node/5910577544,5910577544,node,South Africa,generator,Missing output tag,none,"tags: {'generator:method': 'wind_turbine', 'generator:source': 'wind', 'power': 'generator', 'source': 'Bing arial Image 16-09-18'}",2026-07-01 00:57:56.194924,https://www.openstreetmap.org/node/5910577544,-32.7152465,25.891782
node/5910577547,5910577547,node,South Africa,generator,Missing output tag,none,"tags: {'generator:method': 'wind_turbine', 'generator:source': 'wind', 'power': 'generator', 'source': 'Bing arial Image 16-09-18'}",2026-07-01 00:57:56.194957,https://www.openstreetmap.org/node/5910577547,-32.7241674,25.8896081
node/5910577543,5910577543,node,South Africa,generator,Missing output tag,none,"tags: {'generator:method': 'wind_turbine', 'generator:source': 'wind', 'power': 'generator', 'source': 'Bing arial Image 16-09-18'}",2026-07-01 00:57:56.194989,https://www.openstreetmap.org/node/5910577543,-32.7153142,25.8971733
node/5910577546,5910577546,node,South Africa,generator,Missing output tag,none,"tags: {'generator:method': 'wind_turbine', 'generator:source': 'wind', 'power': 'generator', 'source': 'Bing arial Image 16-09-18'}",2026-07-01 00:57:56.195022,https://www.openstreetmap.org/node/5910577546,-32.7220254,25.8915514
node/5910577538,5910577538,node,South Africa,generator,Missing output tag,none,"tags: {'generator:method': 'wind_turbine', 'generator:source': 'wind', 'power': 'generator', 'source': 'Bing arial Image 16-09-18'}",2026-07-01 00:57:56.195055,https://www.openstreetmap.org/node/5910577538,-32.7053841,25.8962452
node/5910577537,5910577537,node,South Africa,generator,Missing output tag,none,"tags: {'generator:method': 'wind_turbine', 'generator:source': 'wind', 'power': 'generator', 'source': 'Bing arial Image 16-09-18'}",2026-07-01 00:57:56.195087,https://www.openstreetmap.org/node/5910577537,-32.7048695,25.8991152
node/5910577540,5910577540,node,South Africa,generator,Missing output tag,none,"tags: {'generator:method': 'wind_turbine', 'generator:source': 'wind', 'power': 'generator', 'source': 'Bing arial Image 16-09-18'}",2026-07-01 00:57:56.195119,https://www.openstreetmap.org/node/5910577540,-32.708616,25.8919644
node/5910577536,5910577536,node,South Africa,generator,Missing output tag,none,"tags: {'generator:method': 'wind_turbine', 'generator:source': 'wind', 'power': 'generator', 'source': 'Bing arial Image 16-09-18'}",2026-07-01 00:57:56.195152,https://www.openstreetmap.org/node/5910577536,-32.7043594,25.9020549
node/5910577539,5910577539,node,South Africa,generator,Missing output tag,none,"tags: {'generator:method': 'wind_turbine', 'generator:source': 'wind', 'power': 'generator', 'source': 'Bing arial Image 16-09-18'}",2026-07-01 00:57:56.195184,https://www.openstreetmap.org/node/5910577539,-32.7059348,25.8933324
node/5910577526,5910577526,node,South Africa,generator,Missing output tag,none,"tags: {'generator:method': 'wind_turbine', 'generator:source': 'wind', 'power': 'generator'}",2026-07-01 00:57:56.195216,https://www.openstreetmap.org/node/5910577526,-32.6928819,25.9468612
node/5910577525,5910577525,node,South Africa,generator,Missing output tag,none,"tags: {'generator:method': 'wind_turbine', 'generator:source': 'wind', 'power': 'generator'}",2026-07-01 00:57:56.195249,https://www.openstreetmap.org/node/5910577525,-32.6960307,25.9386188
node/5910577533,5910577533,node,South Africa,generator,Missing output tag,none,"tags: {'generator:method': 'wind_turbine', 'generator:source': 'wind', 'power': 'generator', 'source': 'Bing arial Image 16-09-18'}",2026-07-01 00:57:56.195281,https://www.openstreetmap.org/node/5910577533,-32.6935387,25.9193391
node/5910577519,5910577519,node,South Africa,generator,Missing output tag,none,"tags: {'generator:method': 'wind_turbine', 'generator:source': 'wind', 'power': 'generator', 'source': 'Bing arial Image 16-09-18'}",2026-07-01 00:57:56.195314,https://www.openstreetmap.org/node/5910577519,-32.6983375,25.9250575
node/5910577529,5910577529,node,South Africa,generator,Missing output tag,none,"tags: {'generator:method': 'wind_turbine', 'generator:source': 'wind', 'power': 'generator', 'source': 'Bing arial Image 16-09-18'}",2026-07-01 00:57:56.195347,https://www.openstreetmap.org/node/5910577529,-32.6920308,25.9340858
node/5910577532,5910577532,node,South Africa,generator,Missing output tag,none,"tags: {'generator:method': 'wind_turbine', 'generator:source': 'wind', 'power': 'generator', 'source': 'Bing arial Image 16-09-18'}",2026-07-01 00:57:56.195379,https://www.openstreetmap.org/node/5910577532,-32.6939495,25.9228098
node/5910577507,5910577507,node,South Africa,generator,Missing output tag,none,"tags: {'generator:method': 'wind_turbine', 'generator:source': 'wind', 'power': 'generator'}",2026-07-01 00:57:56.195412,https://www.openstreetmap.org/node/5910577507,-32.6986242,25.9368995
node/5910577518,5910577518,node,South Africa,generator,Missing output tag,none,"tags: {'generator:method': 'wind_turbine', 'generator:source': 'wind', 'power': 'generator', 'source': 'Bing arial Image 16-09-18'}",2026-07-01 00:57:56.195444,https://www.openstreetmap.org/node/5910577518,-32.6976243,25.9194356
node/5910577528,5910577528,node,South Africa,generator,Missing output tag,none,"tags: {'generator:method': 'wind_turbine', 'generator:source': 'wind', 'power': 'generator'}",2026-07-01 00:57:56.195477,https://www.openstreetmap.org/node/5910577528,-32.6928751,25.9395683
node/5910577523,5910577523,node,South Africa,generator,Missing output tag,none,"tags: {'generator:method': 'wind_turbine', 'generator:source': 'wind', 'power': 'generator'}",2026-07-01 00:57:56.195509,https://www.openstreetmap.org/node/5910577523,-32.6978996,25.9472501
node/5910577535,5910577535,node,South Africa,generator,Missing output tag,none,"tags: {'generator:method': 'wind_turbine', 'generator:source': 'wind', 'power': 'generator', 'source': 'Bing arial Image 16-09-18'}",2026-07-01 00:57:56.195542,https://www.openstreetmap.org/node/5910577535,-32.6950195,25.9113032
node/5910577520,5910577520,node,South Africa,generator,Missing output tag,none,"tags: {'generator:method': 'wind_turbine', 'generator:source': 'wind', 'power': 'generator'}",2026-07-01 00:57:56.195575,https://www.openstreetmap.org/node/5910577520,-32.6954393,25.9302396
node/5910577531,5910577531,node,South Africa,generator,Missing output tag,none,"tags: {'generator:method': 'wind_turbine', 'generator:source': 'wind', 'power': 'generator', 'source': 'Bing arial Image 16-09-18'}",2026-07-01 00:57:56.195607,https://www.openstreetmap.org/node/5910577531,-32.6923198,25.9263664
node/5910577527,5910577527,node,South Africa,generator,Missing output tag,none,"tags: {'generator:method': 'wind_turbine', 'generator:source': 'wind', 'power': 'generator'}",2026-07-01 00:57:56.195640,https://www.openstreetmap.org/node/5910577527,-32.6922746,25.9433958
node/5910577534,5910577534,node,South Africa,generator,Missing output tag,none,"tags: {'generator:method': 'wind_turbine', 'generator:source': 'wind', 'power': 'generator', 'source': 'Bing arial Image 16-09-18'}",2026-07-01 00:57:56.195673,https://www.openstreetmap.org/node/5910577534,-32.6937825,25.914377
node/5910577524,5910577524,node,South Africa,generator,Missing output tag,none,"tags: {'generator:method': 'wind_turbine', 'generator:source': 'wind', 'power': 'generator'}",2026-07-01 00:57:56.195705,https://www.openstreetmap.org/node/5910577524,-32.6958411,25.9432965
node/5910577530,5910577530,node,South Africa,generator,Missing output tag,none,"tags: {'generator:method': 'wind_turbine', 'generator:source': 'wind', 'power': 'generator', 'source': 'Bing arial Image 16-09-18'}",2026-07-01 00:57:56.195739,https://www.openstreetmap.org/node/5910577530,-32.691918,25.9305346
node/5910577508,5910577508,node,South Africa,generator,Missing output tag,none,"tags: {'generator:method': 'wind_turbine', 'generator:source': 'wind', 'power': 'generator', 'source': 'Bing arial Image 16-09-18'}",2026-07-01 00:57:56.195772,https://www.openstreetmap.org/node/5910577508,-32.6999198,25.922838
node/5910577514,5910577514,node,South Africa,generator,Missing output tag,none,"tags: {'generator:method': 'wind_turbine', 'generator:source': 'wind', 'power': 'generator', 'source': 'Bing arial Image 16-09-18'}",2026-07-01 00:57:56.195815,https://www.openstreetmap.org/node/5910577514,-32.710167,25.9162543
node/5910577510,5910577510,node,South Africa,generator,Missing output tag,none,"tags: {'generator:method': 'wind_turbine', 'generator:source': 'wind', 'power': 'generator', 'source': 'Bing arial Image 16-09-18'}",2026-07-01 00:57:56.195851,https://www.openstreetmap.org/node/5910577510,-32.7059122,25.9161258
node/5910577517,5910577517,node,South Africa,generator,Missing output tag,none,"tags: {'generator:method': 'wind_turbine', 'generator:source': 'wind', 'power': 'generator', 'source': 'Bing arial Image 16-09-18'}",2026-07-01 00:57:56.195884,https://www.openstreetmap.org/node/5910577517,-32.7012447,25.9196126
node/5910577516,5910577516,node,South Africa,generator,Missing output tag,none,"tags: {'generator:method': 'wind_turbine', 'generator:source': 'wind', 'power': 'generator', 'source': 'Bing arial Image 16-09-18'}",2026-07-01 00:57:56.195917,https://www.openstreetmap.org/node/5910577516,-32.7018812,25.916445
node/5910578100,5910578100,node,South Africa,generator,Missing output tag,none,"tags: {'generator:method': 'wind_turbine', 'generator:source': 'wind', 'power': 'generator', 'source': 'Bing arial Image 16-09-18'}",2026-07-01 00:57:56.195951,https://www.openstreetmap.org/node/5910578100,-32.7245821,25.9111878
node/5910578087,5910578087,node,South Africa,generator,Missing output tag,none,"tags: {'generator:method': 'wind_turbine', 'generator:source': 'wind', 'power': 'generator', 'source': 'Bing arial Image 16-09-18'}",2026-07-01 00:57:56.195984,https://www.openstreetmap.org/node/5910578087,-32.7540807,25.902468
node/6053397382,6053397382,node,South Africa,generator,Missing output tag,none,"tags: {'generator:method': 'wind_turbine', 'generator:source': 'wind', 'power': 'generator'}",2026-07-01 00:57:56.199618,https://www.openstreetmap.org/node/6053397382,-32.7587049,25.9001934
node/6053397381,6053397381,node,South Africa,generator,Missing output tag,none,"tags: {'generator:method': 'wind_turbine', 'generator:source': 'wind', 'power': 'generator'}",2026-07-01 00:57:56.199661,https://www.openstreetmap.org/node/6053397381,-32.7609244,25.8982515
node/6053397364,6053397364,node,South Africa,generator,Missing output tag,none,"tags: {'generator:method': 'wind_turbine', 'generator:source': 'wind', 'power': 'generator'}",2026-07-01 00:57:56.199698,https://www.openstreetmap.org/node/6053397364,-32.7509723,25.9187329
node/6053397365,6053397365,node,South Africa,generator,Missing output tag,none,"tags: {'generator:method': 'wind_turbine', 'generator:source': 'wind', 'power': 'generator'}",2026-07-01 00:57:56.199733,https://www.openstreetmap.org/node/6053397365,-32.7488608,25.9209752
node/6053397375,6053397375,node,South Africa,generator,Missing output tag,none,"tags: {'generator:method': 'wind_turbine', 'generator:source': 'wind', 'power': 'generator'}",2026-07-01 00:57:56.199768,https://www.openstreetmap.org/node/6053397375,-32.7707762,25.9101927
node/6053397376,6053397376,node,South Africa,generator,Missing output tag,none,"tags: {'generator:method': 'wind_turbine', 'generator:source': 'wind', 'power': 'generator'}",2026-07-01 00:57:56.199802,https://www.openstreetmap.org/node/6053397376,-32.7685659,25.9164154
node/6053397360,6053397360,node,South Africa,generator,Missing output tag,none,"tags: {'generator:method': 'wind_turbine', 'generator:source': 'wind', 'power': 'generator'}",2026-07-01 00:57:56.199861,https://www.openstreetmap.org/node/6053397360,-32.7630987,25.930953
node/6053397371,6053397371,node,South Africa,generator,Missing output tag,none,"tags: {'generator:method': 'wind_turbine', 'generator:source': 'wind', 'power': 'generator'}",2026-07-01 00:57:56.199896,https://www.openstreetmap.org/node/6053397371,-32.7763331,25.9260499
node/6053397374,6053397374,node,South Africa,generator,Missing output tag,none,"tags: {'generator:method': 'wind_turbine', 'generator:source': 'wind', 'power': 'generator'}",2026-07-01 00:57:56.199929,https://www.openstreetmap.org/node/6053397374,-32.7728059,25.9065664
node/6053397379,6053397379,node,South Africa,generator,Missing output tag,none,"tags: {'generator:method': 'wind_turbine', 'generator:source': 'wind', 'power': 'generator'}",2026-07-01 00:57:56.199964,https://www.openstreetmap.org/node/6053397379,-32.75995,25.9100532
node/6053397363,6053397363,node,South Africa,generator,Missing output tag,none,"tags: {'generator:method': 'wind_turbine', 'generator:source': 'wind', 'power': 'generator'}",2026-07-01 00:57:56.199998,https://www.openstreetmap.org/node/6053397363,-32.7554026,25.9180462
node/6053397370,6053397370,node,South Africa,generator,Missing output tag,none,"tags: {'generator:method': 'wind_turbine', 'generator:source': 'wind', 'power': 'generator'}",2026-07-01 00:57:56.200031,https://www.openstreetmap.org/node/6053397370,-32.7752325,25.9322941
node/6053397378,6053397378,node,South Africa,generator,Missing output tag,none,"tags: {'generator:method': 'wind_turbine', 'generator:source': 'wind', 'power': 'generator'}",2026-07-01 00:57:56.200065,https://www.openstreetmap.org/node/6053397378,-32.7576312,25.913229
node/6053397362,6053397362,node,South Africa,generator,Missing output tag,none,"tags: {'generator:method': 'wind_turbine', 'generator:source': 'wind', 'power': 'generator'}",2026-07-01 00:57:56.200099,https://www.openstreetmap.org/node/6053397362,-32.7584342,25.9232604
node/6053397373,6053397373,node,South Africa,generator,Missing output tag,none,"tags: {'generator:method': 'wind_turbine', 'generator:source': 'wind', 'power': 'generator'}",2026-07-01 00:57:56.200132,https://www.openstreetmap.org/node/6053397373,-32.7747454,25.9027362
node/6053397359,6053397359,node,South Africa,generator,Missing output tag,none,"tags: {'generator:method': 'wind_turbine', 'generator:source': 'wind', 'power': 'generator'}",2026-07-01 00:57:56.200166,https://www.openstreetmap.org/node/6053397359,-32.7668789,25.9202135
node/6053397372,6053397372,node,South Africa,generator,Missing output tag,none,"tags: {'generator:method': 'wind_turbine', 'generator:source': 'wind', 'power': 'generator'}",2026-07-01 00:57:56.200200,https://www.openstreetmap.org/node/6053397372,-32.7786965,25.9239149
node/6053397377,6053397377,node,South Africa,generator,Missing output tag,none,"tags: {'generator:method': 'wind_turbine', 'generator:source': 'wind', 'power': 'generator'}",2026-07-01 00:57:56.200234,https://www.openstreetmap.org/node/6053397377,-32.7663556,25.9115553
node/6053397361,6053397361,node,South Africa,generator,Missing output tag,none,"tags: {'generator:method': 'wind_turbine', 'generator:source': 'wind', 'power': 'generator'}",2026-07-01 00:57:56.200268,https://www.openstreetmap.org/node/6053397361,-32.7567019,25.9300303
node/6053397380,6053397380,node,South Africa,generator,Missing output tag,none,"tags: {'generator:method': 'wind_turbine', 'generator:source': 'wind', 'power': 'generator'}",2026-07-01 00:57:56.200302,https://www.openstreetmap.org/node/6053397380,-32.7632882,25.9067595
node/6053397367,6053397367,node,South Africa,generator,Missing output tag,none,"tags: {'generator:method': 'wind_turbine', 'generator:source': 'wind', 'power': 'generator'}",2026-07-01 00:57:56.200335,https://www.openstreetmap.org/node/6053397367,-32.7604191,25.9384954
node/6053397366,6053397366,node,South Africa,generator,Missing output tag,none,"tags: {'generator:method': 'wind_turbine', 'generator:source': 'wind', 'power': 'generator'}",2026-07-01 00:57:56.200368,https://www.openstreetmap.org/node/6053397366,-32.7535439,25.935148
node/6053397369,6053397369,node,South Africa,generator,Missing output tag,none,"tags: {'generator:method': 'wind_turbine', 'generator:source': 'wind', 'power': 'generator'}",2026-07-01 00:57:56.200402,https://www.openstreetmap.org/node/6053397369,-32.7781282,25.9400189
node/6053397368,6053397368,node,South Africa,generator,Missing output tag,none,"tags: {'generator:method': 'wind_turbine', 'generator:source': 'wind', 'power': 'generator'}",2026-07-01 00:57:56.200436,https://www.openstreetmap.org/node/6053397368,-32.7746372,25.9417784
node/6053397342,6053397342,node,South Africa,generator,Missing output tag,none,"tags: {'generator:method': 'wind_turbine', 'generator:source': 'wind', 'power': 'generator'}",2026-07-01 00:57:56.200470,https://www.openstreetmap.org/node/6053397342,-32.8211186,25.9602857
node/6053397350,6053397350,node,South Africa,generator,Missing output tag,none,"tags: {'generator:method': 'wind_turbine', 'generator:source': 'wind', 'power': 'generator'}",2026-07-01 00:57:56.200504,https://www.openstreetmap.org/node/6053397350,-32.8041937,25.9389031
node/6053397346,6053397346,node,South Africa,generator,Missing output tag,none,"tags: {'generator:method': 'wind_turbine', 'generator:source': 'wind', 'power': 'generator'}",2026-07-01 00:57:56.200538,https://www.openstreetmap.org/node/6053397346,-32.8081344,25.9511125
node/6053397357,6053397357,node,South Africa,generator,Missing output tag,none,"tags: {'generator:method': 'wind_turbine', 'generator:source': 'wind', 'power': 'generator'}",2026-07-01 00:57:56.200572,https://www.openstreetmap.org/node/6053397357,-32.7886455,25.9321976
node/6053397353,6053397353,node,South Africa,generator,Missing output tag,none,"tags: {'generator:method': 'wind_turbine', 'generator:source': 'wind', 'power': 'generator'}",2026-07-01 00:57:56.200605,https://www.openstreetmap.org/node/6053397353,-32.7994682,25.9286463
node/6053397341,6053397341,node,South Africa,generator,Missing output tag,none,"tags: {'generator:method': 'wind_turbine', 'generator:source': 'wind', 'power': 'generator'}",2026-07-01 00:57:56.200639,https://www.openstreetmap.org/node/6053397341,-32.8181883,25.9635258
node/6053397349,6053397349,node,South Africa,generator,Missing output tag,none,"tags: {'generator:method': 'wind_turbine', 'generator:source': 'wind', 'power': 'generator'}",2026-07-01 00:57:56.200673,https://www.openstreetmap.org/node/6053397349,-32.8099739,25.9402549
node/6053397356,6053397356,node,South Africa,generator,Missing output tag,none,"tags: {'generator:method': 'wind_turbine', 'generator:source': 'wind', 'power': 'generator'}",2026-07-01 00:57:56.200707,https://www.openstreetmap.org/node/6053397356,-32.7892317,25.9256101
node/6053397345,6053397345,node,South Africa,generator,Missing output tag,none,"tags: {'generator:method': 'wind_turbine', 'generator:source': 'wind', 'power': 'generator'}",2026-07-01 00:57:56.200741,https://www.openstreetmap.org/node/6053397345,-32.8177194,25.9488594
node/6053397352,6053397352,node,South Africa,generator,Missing output tag,none,"tags: {'generator:method': 'wind_turbine', 'generator:source': 'wind', 'power': 'generator'}",2026-07-01 00:57:56.200774,https://www.openstreetmap.org/node/6053397352,-32.7986024,25.9369612
node/6053397340,6053397340,node,South Africa,generator,Missing output tag,none,"tags: {'generator:method': 'wind_turbine', 'generator:source': 'wind', 'power': 'generator'}",2026-07-01 00:57:56.200829,https://www.openstreetmap.org/node/6053397340,-32.8205776,25.9676134
node/6053397348,6053397348,node,South Africa,generator,Missing output tag,none,"tags: {'generator:method': 'wind_turbine', 'generator:source': 'wind', 'power': 'generator'}",2026-07-01 00:57:56.200866,https://www.openstreetmap.org/node/6053397348,-32.8123996,25.9449863
node/6053397344,6053397344,node,South Africa,generator,Missing output tag,none,"tags: {'generator:method': 'wind_turbine', 'generator:source': 'wind', 'power': 'generator'}",2026-07-01 00:57:56.200902,https://www.openstreetmap.org/node/6053397344,-32.8187022,25.9559941
node/6053397355,6053397355,node,South Africa,generator,Missing output tag,none,"tags: {'generator:method': 'wind_turbine', 'generator:source': 'wind', 'power': 'generator'}",2026-07-01 00:57:56.200937,https://www.openstreetmap.org/node/6053397355,-32.7925598,25.9240222
node/6053397343,6053397343,node,South Africa,generator,Missing output tag,none,"tags: {'generator:method': 'wind_turbine', 'generator:source': 'wind', 'power': 'generator'}",2026-07-01 00:57:56.200971,https://www.openstreetmap.org/node/6053397343,-32.8216145,25.9531402
node/6053397351,6053397351,node,South Africa,generator,Missing output tag,none,"tags: {'generator:method': 'wind_turbine', 'generator:source': 'wind', 'power': 'generator'}",2026-07-01 00:57:56.201006,https://www.openstreetmap.org/node/6053397351,-32.8057808,25.9355557
node/6053397358,6053397358,node,South Africa,generator,Missing output tag,none,"tags: {'generator:method': 'wind_turbine', 'generator:source': 'wind', 'power': 'generator'}",2026-07-01 00:57:56.201041,https://www.openstreetmap.org/node/6053397358,-32.7866071,25.9348905
node/6053397339,6053397339,node,South Africa,generator,Missing output tag,none,"tags: {'generator:method': 'wind_turbine', 'generator:source': 'wind', 'power': 'generator'}",2026-07-01 00:57:56.201077,https://www.openstreetmap.org/node/6053397339,-32.7904584,25.919221
node/6053397347,6053397347,node,South Africa,generator,Missing output tag,none,"tags: {'generator:method': 'wind_turbine', 'generator:source': 'wind', 'power': 'generator'}",2026-07-01 00:57:56.201112,https://www.openstreetmap.org/node/6053397347,-32.8097485,25.9472179
node/6053397354,6053397354,node,South Africa,generator,Missing output tag,none,"tags: {'generator:method': 'wind_turbine', 'generator:source': 'wind', 'power': 'generator'}",2026-07-01 00:57:56.201146,https://www.openstreetmap.org/node/6053397354,-32.7958698,25.931071
node/8525560079,8525560079,node,South Africa,generator,Missing output tag,none,"tags: {'generator:method': 'wind_turbine', 'generator:source': 'wind', 'power': 'generator'}",2026-07-01 00:57:56.204194,https://www.openstreetmap.org/node/8525560079,-32.7665192,25.9718567
node/8525560089,8525560089,node,South Africa,generator,Missing output tag,none,"tags: {'generator:method': 'wind_turbine', 'generator:source': 'wind', 'power': 'generator'}",2026-07-01 00:57:56.204235,https://www.openstreetmap.org/node/8525560089,-32.777172,25.9882879
node/8525560075,8525560075,node,South Africa,generator,Missing output tag,none,"tags: {'generator:method': 'wind_turbine', 'generator:source': 'wind', 'power': 'generator'}",2026-07-01 00:57:56.204272,https://www.openstreetmap.org/node/8525560075,-32.7550011,25.9645611
node/8525560085,8525560085,node,South Africa,generator,Missing output tag,none,"tags: {'generator:method': 'wind_turbine', 'generator:source': 'wind', 'power': 'generator'}",2026-07-01 00:57:56.204307,https://www.openstreetmap.org/node/8525560085,-32.774123,25.997504
node/8525560071,8525560071,node,South Africa,generator,Missing output tag,none,"tags: {'generator:method': 'wind_turbine', 'generator:source': 'wind', 'power': 'generator'}",2026-07-01 00:57:56.204341,https://www.openstreetmap.org/node/8525560071,-32.7474261,25.9775215
node/8525560078,8525560078,node,South Africa,generator,Missing output tag,none,"tags: {'generator:method': 'wind_turbine', 'generator:source': 'wind', 'power': 'generator'}",2026-07-01 00:57:56.204376,https://www.openstreetmap.org/node/8525560078,-32.7670097,25.9585422
node/8525560081,8525560081,node,South Africa,generator,Missing output tag,none,"tags: {'generator:method': 'wind_turbine', 'generator:source': 'wind', 'power': 'generator'}",2026-07-01 00:57:56.204411,https://www.openstreetmap.org/node/8525560081,-32.7578523,26.0013771
node/8525560088,8525560088,node,South Africa,generator,Missing output tag,none,"tags: {'generator:method': 'wind_turbine', 'generator:source': 'wind', 'power': 'generator'}",2026-07-01 00:57:56.204445,https://www.openstreetmap.org/node/8525560088,-32.7712024,25.9877998
node/8525560074,8525560074,node,South Africa,generator,Missing output tag,none,"tags: {'generator:method': 'wind_turbine', 'generator:source': 'wind', 'power': 'generator'}",2026-07-01 00:57:56.204479,https://www.openstreetmap.org/node/8525560074,-32.7538913,25.9683484
node/8525560084,8525560084,node,South Africa,generator,Missing output tag,none,"tags: {'generator:method': 'wind_turbine', 'generator:source': 'wind', 'power': 'generator'}",2026-07-01 00:57:56.204514,https://www.openstreetmap.org/node/8525560084,-32.7729367,26.0010365
node/8525560080,8525560080,node,South Africa,generator,Missing output tag,none,"tags: {'generator:method': 'wind_turbine', 'generator:source': 'wind', 'power': 'generator'}",2026-07-01 00:57:56.204548,https://www.openstreetmap.org/node/8525560080,-32.7653362,25.9756091
node/8525560077,8525560077,node,South Africa,generator,Missing output tag,none,"tags: {'generator:method': 'wind_turbine', 'generator:source': 'wind', 'power': 'generator'}",2026-07-01 00:57:56.204582,https://www.openstreetmap.org/node/8525560077,-32.7572026,25.9567264
node/8525560087,8525560087,node,South Africa,generator,Missing output tag,none,"tags: {'generator:method': 'wind_turbine', 'generator:source': 'wind', 'power': 'generator'}",2026-07-01 00:57:56.204616,https://www.openstreetmap.org/node/8525560087,-32.7697116,25.9915549
node/8525560073,8525560073,node,South Africa,generator,Missing output tag,none,"tags: {'generator:method': 'wind_turbine', 'generator:source': 'wind', 'power': 'generator'}",2026-07-01 00:57:56.204650,https://www.openstreetmap.org/node/8525560073,-32.7525062,25.9720498
node/8525560083,8525560083,node,South Africa,generator,Missing output tag,none,"tags: {'generator:method': 'wind_turbine', 'generator:source': 'wind', 'power': 'generator'}",2026-07-01 00:57:56.204683,https://www.openstreetmap.org/node/8525560083,-32.7667345,25.9993172
node/8525560090,8525560090,node,South Africa,generator,Missing output tag,none,"tags: {'generator:method': 'wind_turbine', 'generator:source': 'wind', 'power': 'generator'}",2026-07-01 00:57:56.204764,https://www.openstreetmap.org/node/8525560090,-32.7745109,25.9832507
node/8525560076,8525560076,node,South Africa,generator,Missing output tag,none,"tags: {'generator:method': 'wind_turbine', 'generator:source': 'wind', 'power': 'generator'}",2026-07-01 00:57:56.204799,https://www.openstreetmap.org/node/8525560076,-32.7558628,25.9606585
node/8525560086,8525560086,node,South Africa,generator,Missing output tag,none,"tags: {'generator:method': 'wind_turbine', 'generator:source': 'wind', 'power': 'generator'}",2026-07-01 00:57:56.204851,https://www.openstreetmap.org/node/8525560086,-32.767984,25.9953743
node/8525560072,8525560072,node,South Africa,generator,Missing output tag,none,"tags: {'generator:method': 'wind_turbine', 'generator:source': 'wind', 'power': 'generator'}",2026-07-01 00:57:56.204887,https://www.openstreetmap.org/node/8525560072,-32.7509407,25.9756064
node/8525560082,8525560082,node,South Africa,generator,Missing output tag,none,"tags: {'generator:method': 'wind_turbine', 'generator:source': 'wind', 'power': 'generator'}",2026-07-01 00:57:56.204921,https://www.openstreetmap.org/node/8525560082,-32.7626973,26.0009748
node/10116261947,10116261947,node,South Africa,generator,Missing output tag,none,"tags: {'generator:method': 'wind_turbine', 'generator:source': 'wind', 'power': 'generator'}",2026-07-01 00:57:56.204955,https://www.openstreetmap.org/node/10116261947,-32.7738333,25.9595973
node/8525560068,8525560068,node,South Africa,generator,Missing output tag,none,"tags: {'generator:method': 'wind_turbine', 'generator:source': 'wind', 'power': 'generator'}",2026-07-01 00:57:56.204990,https://www.openstreetmap.org/node/8525560068,-32.7444753,25.9371999
node/8525560067,8525560067,node,South Africa,generator,Missing output tag,none,"tags: {'generator:method': 'wind_turbine', 'generator:source': 'wind', 'power': 'generator'}",2026-07-01 00:57:56.205025,https://www.openstreetmap.org/node/8525560067,-32.7451679,25.9322593
node/8525560070,8525560070,node,South Africa,generator,Missing output tag,none,"tags: {'generator:method': 'wind_turbine', 'generator:source': 'wind', 'power': 'generator'}",2026-07-01 00:57:56.205059,https://www.openstreetmap.org/node/8525560070,-32.7403197,25.9435728
node/8525560069,8525560069,node,South Africa,generator,Missing output tag,none,"tags: {'generator:method': 'wind_turbine', 'generator:source': 'wind', 'power': 'generator'}",2026-07-01 00:57:56.205094,https://www.openstreetmap.org/node/8525560069,-32.7425035,25.9405634
node/8525560064,8525560064,node,South Africa,generator,Missing output tag,none,"tags: {'generator:method': 'wind_turbine', 'generator:source': 'wind', 'power': 'generator'}",2026-07-01 00:57:56.205129,https://www.openstreetmap.org/node/8525560064,-32.7176205,25.9455925
node/8525560066,8525560066,node,South Africa,generator,Missing output tag,none,"tags: {'generator:method': 'wind_turbine', 'generator:source': 'wind', 'power': 'generator'}",2026-07-01 00:57:56.205165,https://www.openstreetmap.org/node/8525560066,-32.7253109,25.9424731
node/8525560065,8525560065,node,South Africa,generator,Missing output tag,none,"tags: {'generator:method': 'wind_turbine', 'generator:source': 'wind', 'power': 'generator'}",2026-07-01 00:57:56.205200,https://www.openstreetmap.org/node/8525560065,-32.7221473,25.9448469
node/8525560062,8525560062,node,South Africa,generator,Missing output tag,none,"tags: {'generator:method': 'wind_turbine', 'generator:source': 'wind', 'power': 'generator'}",2026-07-01 00:57:56.205236,https://www.openstreetmap.org/node/8525560062,-32.7197689,25.9346545
node/8525560058,8525560058,node,South Africa,generator,Missing output tag,none,"tags: {'generator:method': 'wind_turbine', 'generator:source': 'wind', 'power': 'generator'}",2026-07-01 00:57:56.205271,https://www.openstreetmap.org/node/8525560058,-32.70649,25.9432214
node/8525560061,8525560061,node,South Africa,generator,Missing output tag,none,"tags: {'generator:method': 'wind_turbine', 'generator:source': 'wind', 'power': 'generator'}",2026-07-01 00:57:56.205307,https://www.openstreetmap.org/node/8525560061,-32.7155624,25.9359044
node/8525560060,8525560060,node,South Africa,generator,Missing output tag,none,"tags: {'generator:method': 'wind_turbine', 'generator:source': 'wind', 'power': 'generator'}",2026-07-01 00:57:56.205343,https://www.openstreetmap.org/node/8525560060,-32.7124594,25.9382406
node/10005398629,10005398629,node,South Africa,generator,Missing output tag,none,"tags: {'generator:method': 'wind_turbine', 'generator:source': 'wind', 'power': 'generator'}",2026-07-01 00:57:56.205379,https://www.openstreetmap.org/node/10005398629,-32.7096,25.9484142
node/8525560063,8525560063,node,South Africa,generator,Missing output tag,none,"tags: {'generator:method': 'wind_turbine', 'generator:source': 'wind', 'power': 'generator'}",2026-07-01 00:57:56.205415,https://www.openstreetmap.org/node/8525560063,-32.7139647,25.9474379
node/8525560059,8525560059,node,South Africa,generator,Missing output tag,none,"tags: {'generator:method': 'wind_turbine', 'generator:source': 'wind', 'power': 'generator'}",2026-07-01 00:57:56.205450,https://www.openstreetmap.org/node/8525560059,-32.7096722,25.9409308
node/8525560057,8525560057,node,South Africa,generator,Missing output tag,none,"tags: {'generator:method': 'wind_turbine', 'generator:source': 'wind', 'power': 'generator'}",2026-07-01 00:57:56.205486,https://www.openstreetmap.org/node/8525560057,-32.7016013,25.9449381
node/8525560047,8525560047,node,South Africa,generator,Missing output tag,none,"tags: {'generator:method': 'wind_turbine', 'generator:source': 'wind', 'power': 'generator'}",2026-07-01 00:57:56.205521,https://www.openstreetmap.org/node/8525560047,-32.6902679,25.9561202
node/8525560046,8525560046,node,South Africa,generator,Missing output tag,none,"tags: {'generator:method': 'wind_turbine', 'generator:source': 'wind', 'power': 'generator'}",2026-07-01 00:57:56.205557,https://www.openstreetmap.org/node/8525560046,-32.6896155,25.9594944
node/8525560049,8525560049,node,South Africa,generator,Missing output tag,none,"tags: {'generator:method': 'wind_turbine', 'generator:source': 'wind', 'power': 'generator'}",2026-07-01 00:57:56.205592,https://www.openstreetmap.org/node/8525560049,-32.6919857,25.9496212
node/8525560048,8525560048,node,South Africa,generator,Missing output tag,none,"tags: {'generator:method': 'wind_turbine', 'generator:source': 'wind', 'power': 'generator'}",2026-07-01 00:57:56.205629,https://www.openstreetmap.org/node/8525560048,-32.6910602,25.9528184
node/8525560044,8525560044,node,South Africa,generator,Missing output tag,none,"tags: {'generator:method': 'wind_turbine', 'generator:source': 'wind', 'power': 'generator'}",2026-07-01 00:57:56.205665,https://www.openstreetmap.org/node/8525560044,-32.6877305,25.965866
node/8525560040,8525560040,node,South Africa,generator,Missing output tag,none,"tags: {'generator:method': 'wind_turbine', 'generator:source': 'wind', 'power': 'generator'}",2026-07-01 00:57:56.205701,https://www.openstreetmap.org/node/8525560040,-32.6843331,25.9858391
node/8525560043,8525560043,node,South Africa,generator,Missing output tag,none,"tags: {'generator:method': 'wind_turbine', 'generator:source': 'wind', 'power': 'generator'}",2026-07-01 00:57:56.205736,https://www.openstreetmap.org/node/8525560043,-32.6870421,25.969212
node/8525560039,8525560039,node,South Africa,generator,Missing output tag,none,"tags: {'generator:method': 'wind_turbine', 'generator:source': 'wind', 'power': 'generator'}",2026-07-01 00:57:56.205772,https://www.openstreetmap.org/node/8525560039,-32.6829233,25.9886393
node/8525560042,8525560042,node,South Africa,generator,Missing output tag,none,"tags: {'generator:method': 'wind_turbine', 'generator:source': 'wind', 'power': 'generator'}",2026-07-01 00:57:56.205819,https://www.openstreetmap.org/node/8525560042,-32.6864134,25.9725648
node/8525560045,8525560045,node,South Africa,generator,Missing output tag,none,"tags: {'generator:method': 'wind_turbine', 'generator:source': 'wind', 'power': 'generator'}",2026-07-01 00:57:56.205855,https://www.openstreetmap.org/node/8525560045,-32.6891911,25.962984
node/8525560041,8525560041,node,South Africa,generator,Missing output tag,none,"tags: {'generator:method': 'wind_turbine', 'generator:source': 'wind', 'power': 'generator'}",2026-07-01 00:57:56.205892,https://www.openstreetmap.org/node/8525560041,-32.6857135,25.9759189
node/8525560134,8525560134,node,South Africa,generator,Missing output tag,none,"tags: {'generator:method': 'wind_turbine', 'generator:source': 'wind', 'power': 'generator'}",2026-07-01 00:57:56.209135,https://www.openstreetmap.org/node/8525560134,-32.9061678,25.9641641
node/8525560092,8525560092,node,South Africa,generator,Missing output tag,none,"tags: {'generator:method': 'wind_turbine', 'generator:source': 'wind', 'power': 'generator'}",2026-07-01 00:57:56.209178,https://www.openstreetmap.org/node/8525560092,-32.9139871,25.9528452
node/8525560133,8525560133,node,South Africa,generator,Missing output tag,none,"tags: {'generator:method': 'wind_turbine', 'generator:source': 'wind', 'power': 'generator'}",2026-07-01 00:57:56.209216,https://www.openstreetmap.org/node/8525560133,-32.9005402,25.9644994
node/8525560136,8525560136,node,South Africa,generator,Missing output tag,none,"tags: {'generator:method': 'wind_turbine', 'generator:source': 'wind', 'power': 'generator'}",2026-07-01 00:57:56.209253,https://www.openstreetmap.org/node/8525560136,-32.901727,25.9735894
node/8525560091,8525560091,node,South Africa,generator,Missing output tag,none,"tags: {'generator:method': 'wind_turbine', 'generator:source': 'wind', 'power': 'generator'}",2026-07-01 00:57:56.209290,https://www.openstreetmap.org/node/8525560091,-32.905168,25.9492108
node/8525560132,8525560132,node,South Africa,generator,Missing output tag,none,"tags: {'generator:method': 'wind_turbine', 'generator:source': 'wind', 'power': 'generator'}",2026-07-01 00:57:56.209327,https://www.openstreetmap.org/node/8525560132,-32.9029656,25.9537786
node/8525560038,8525560038,node,South Africa,generator,Missing output tag,none,"tags: {'generator:method': 'wind_turbine', 'generator:source': 'wind', 'power': 'generator'}",2026-07-01 00:57:56.209362,https://www.openstreetmap.org/node/8525560038,-32.9136877,25.9702286
node/8525560135,8525560135,node,South Africa,generator,Missing output tag,none,"tags: {'generator:method': 'wind_turbine', 'generator:source': 'wind', 'power': 'generator'}",2026-07-01 00:57:56.209398,https://www.openstreetmap.org/node/8525560135,-32.9055778,25.9705692
node/8525560101,8525560101,node,South Africa,generator,Missing output tag,none,"tags: {'generator:method': 'wind_turbine', 'generator:source': 'wind', 'power': 'generator'}",2026-07-01 00:57:56.209435,https://www.openstreetmap.org/node/8525560101,-32.8695988,25.9068721
node/8525560108,8525560108,node,South Africa,generator,Missing output tag,none,"tags: {'generator:method': 'wind_turbine', 'generator:source': 'wind', 'power': 'generator'}",2026-07-01 00:57:56.209471,https://www.openstreetmap.org/node/8525560108,-32.9363424,25.8544457
node/8525560118,8525560118,node,South Africa,generator,Missing output tag,none,"tags: {'generator:method': 'wind_turbine', 'generator:source': 'wind', 'power': 'generator'}",2026-07-01 00:57:56.209507,https://www.openstreetmap.org/node/8525560118,-32.936635,25.9146157
node/8525560097,8525560097,node,South Africa,generator,Missing output tag,none,"tags: {'generator:method': 'wind_turbine', 'generator:source': 'wind', 'power': 'generator'}",2026-07-01 00:57:56.209542,https://www.openstreetmap.org/node/8525560097,-32.8822159,25.9449622
node/8525560104,8525560104,node,South Africa,generator,Missing output tag,none,"tags: {'generator:method': 'wind_turbine', 'generator:source': 'wind', 'power': 'generator'}",2026-07-01 00:57:56.209577,https://www.openstreetmap.org/node/8525560104,-32.8852319,25.9369022
node/8525560130,8525560130,node,South Africa,generator,Missing output tag,none,"tags: {'generator:method': 'wind_turbine', 'generator:source': 'wind', 'power': 'generator'}",2026-07-01 00:57:56.209612,https://www.openstreetmap.org/node/8525560130,-32.8976193,25.9388602
node/8525560114,8525560114,node,South Africa,generator,Missing output tag,none,"tags: {'generator:method': 'wind_turbine', 'generator:source': 'wind', 'power': 'generator'}",2026-07-01 00:57:56.209648,https://www.openstreetmap.org/node/8525560114,-32.942589,25.8971679
node/8525560125,8525560125,node,South Africa,generator,Missing output tag,none,"tags: {'generator:method': 'wind_turbine', 'generator:source': 'wind', 'power': 'generator'}",2026-07-01 00:57:56.209684,https://www.openstreetmap.org/node/8525560125,-32.9144656,25.9293383
node/8525560100,8525560100,node,South Africa,generator,Missing output tag,none,"tags: {'generator:method': 'wind_turbine', 'generator:source': 'wind', 'power': 'generator'}",2026-07-01 00:57:56.209721,https://www.openstreetmap.org/node/8525560100,-32.8792493,25.8995551
node/8525560111,8525560111,node,South Africa,generator,Missing output tag,none,"tags: {'generator:method': 'wind_turbine', 'generator:source': 'wind', 'power': 'generator'}",2026-07-01 00:57:56.209760,https://www.openstreetmap.org/node/8525560111,-32.9349467,25.8742753
node/8525560121,8525560121,node,South Africa,generator,Missing output tag,none,"tags: {'generator:method': 'wind_turbine', 'generator:source': 'wind', 'power': 'generator'}",2026-07-01 00:57:56.209796,https://www.openstreetmap.org/node/8525560121,-32.9239019,25.9243923
node/8525560096,8525560096,node,South Africa,generator,Missing output tag,none,"tags: {'generator:method': 'wind_turbine', 'generator:source': 'wind', 'power': 'generator'}",2026-07-01 00:57:56.209858,https://www.openstreetmap.org/node/8525560096,-32.9309936,25.9360707
node/8525560107,8525560107,node,South Africa,generator,Missing output tag,none,"tags: {'generator:method': 'wind_turbine', 'generator:source': 'wind', 'power': 'generator'}",2026-07-01 00:57:56.209897,https://www.openstreetmap.org/node/8525560107,-32.9273127,25.9291694
node/8525560117,8525560117,node,South Africa,generator,Missing output tag,none,"tags: {'generator:method': 'wind_turbine', 'generator:source': 'wind', 'power': 'generator'}",2026-07-01 00:57:56.209935,https://www.openstreetmap.org/node/8525560117,-32.9407454,25.9107774
node/8525560124,8525560124,node,South Africa,generator,Missing output tag,none,"tags: {'generator:method': 'wind_turbine', 'generator:source': 'wind', 'power': 'generator'}",2026-07-01 00:57:56.209972,https://www.openstreetmap.org/node/8525560124,-32.9135987,25.9192438
node/8525560095,8525560095,node,South Africa,generator,Missing output tag,none,"tags: {'generator:method': 'wind_turbine', 'generator:source': 'wind', 'power': 'generator'}",2026-07-01 00:57:56.210009,https://www.openstreetmap.org/node/8525560095,-32.9379519,25.9442648
node/8525560103,8525560103,node,South Africa,generator,Missing output tag,none,"tags: {'generator:method': 'wind_turbine', 'generator:source': 'wind', 'power': 'generator'}",2026-07-01 00:57:56.210046,https://www.openstreetmap.org/node/8525560103,-32.8780104,25.915069
node/8525560129,8525560129,node,South Africa,generator,Missing output tag,none,"tags: {'generator:method': 'wind_turbine', 'generator:source': 'wind', 'power': 'generator'}",2026-07-01 00:57:56.210084,https://www.openstreetmap.org/node/8525560129,-32.8959978,25.9332785
node/8525560110,8525560110,node,South Africa,generator,Missing output tag,none,"tags: {'generator:method': 'wind_turbine', 'generator:source': 'wind', 'power': 'generator'}",2026-07-01 00:57:56.210121,https://www.openstreetmap.org/node/8525560110,-32.9342725,25.8686493
node/8525560113,8525560113,node,South Africa,generator,Missing output tag,none,"tags: {'generator:method': 'wind_turbine', 'generator:source': 'wind', 'power': 'generator'}",2026-07-01 00:57:56.210158,https://www.openstreetmap.org/node/8525560113,-32.9396143,25.89212
node/8525560120,8525560120,node,South Africa,generator,Missing output tag,none,"tags: {'generator:method': 'wind_turbine', 'generator:source': 'wind', 'power': 'generator'}",2026-07-01 00:57:56.210195,https://www.openstreetmap.org/node/8525560120,-32.9224474,25.9184217
node/8525560099,8525560099,node,South Africa,generator,Missing output tag,none,"tags: {'generator:method': 'wind_turbine', 'generator:source': 'wind', 'power': 'generator'}",2026-07-01 00:57:56.210233,https://www.openstreetmap.org/node/8525560099,-32.8797223,25.8943945
node/8525560106,8525560106,node,South Africa,generator,Missing output tag,none,"tags: {'generator:method': 'wind_turbine', 'generator:source': 'wind', 'power': 'generator'}",2026-07-01 00:57:56.210269,https://www.openstreetmap.org/node/8525560106,-32.8997385,25.9471402
node/8525560116,8525560116,node,South Africa,generator,Missing output tag,none,"tags: {'generator:method': 'wind_turbine', 'generator:source': 'wind', 'power': 'generator'}",2026-07-01 00:57:56.210306,https://www.openstreetmap.org/node/8525560116,-32.9400544,25.9051931
node/8525560127,8525560127,node,South Africa,generator,Missing output tag,none,"tags: {'generator:method': 'wind_turbine', 'generator:source': 'wind', 'power': 'generator'}",2026-07-01 00:57:56.210343,https://www.openstreetmap.org/node/8525560127,-32.9110903,25.9328413
node/8525560094,8525560094,node,South Africa,generator,Missing output tag,none,"tags: {'generator:method': 'wind_turbine', 'generator:source': 'wind', 'power': 'generator'}",2026-07-01 00:57:56.210382,https://www.openstreetmap.org/node/8525560094,-32.9422153,25.9575927
node/8525560102,8525560102,node,South Africa,generator,Missing output tag,none,"tags: {'generator:method': 'wind_turbine', 'generator:source': 'wind', 'power': 'generator'}",2026-07-01 00:57:56.210421,https://www.openstreetmap.org/node/8525560102,-32.8728473,25.914613
node/8525560128,8525560128,node,South Africa,generator,Missing output tag,none,"tags: {'generator:method': 'wind_turbine', 'generator:source': 'wind', 'power': 'generator'}",2026-07-01 00:57:56.210459,https://www.openstreetmap.org/node/8525560128,-32.8946172,25.9276834
node/8525560112,8525560112,node,South Africa,generator,Missing output tag,none,"tags: {'generator:method': 'wind_turbine', 'generator:source': 'wind', 'power': 'generator'}",2026-07-01 00:57:56.210496,https://www.openstreetmap.org/node/8525560112,-32.9384426,25.8865249
node/8525560123,8525560123,node,South Africa,generator,Missing output tag,none,"tags: {'generator:method': 'wind_turbine', 'generator:source': 'wind', 'power': 'generator'}",2026-07-01 00:57:56.210534,https://www.openstreetmap.org/node/8525560123,-32.9237555,25.9323987
node/8525560098,8525560098,node,South Africa,generator,Missing output tag,none,"tags: {'generator:method': 'wind_turbine', 'generator:source': 'wind', 'power': 'generator'}",2026-07-01 00:57:56.210572,https://www.openstreetmap.org/node/8525560098,-32.8823015,25.8877587
node/8525560109,8525560109,node,South Africa,generator,Missing output tag,none,"tags: {'generator:method': 'wind_turbine', 'generator:source': 'wind', 'power': 'generator'}",2026-07-01 00:57:56.210609,https://www.openstreetmap.org/node/8525560109,-32.9355252,25.8635464
node/8525560119,8525560119,node,South Africa,generator,Missing output tag,none,"tags: {'generator:method': 'wind_turbine', 'generator:source': 'wind', 'power': 'generator'}",2026-07-01 00:57:56.210647,https://www.openstreetmap.org/node/8525560119,-32.9321282,25.9285846
node/8525560126,8525560126,node,South Africa,generator,Missing output tag,none,"tags: {'generator:method': 'wind_turbine', 'generator:source': 'wind', 'power': 'generator'}",2026-07-01 00:57:56.210684,https://www.openstreetmap.org/node/8525560126,-32.9136122,25.9240222
node/8525560105,8525560105,node,South Africa,generator,Missing output tag,none,"tags: {'generator:method': 'wind_turbine', 'generator:source': 'wind', 'power': 'generator'}",2026-07-01 00:57:56.210721,https://www.openstreetmap.org/node/8525560105,-32.8909055,25.9429586
node/8525560131,8525560131,node,South Africa,generator,Missing output tag,none,"tags: {'generator:method': 'wind_turbine', 'generator:source': 'wind', 'power': 'generator'}",2026-07-01 00:57:56.210759,https://www.openstreetmap.org/node/8525560131,-32.9059764,25.9398472
node/8525560115,8525560115,node,South Africa,generator,Missing output tag,none,"tags: {'generator:method': 'wind_turbine', 'generator:source': 'wind', 'power': 'generator'}",2026-07-01 00:57:56.210795,https://www.openstreetmap.org/node/8525560115,-32.9453126,25.9060594
node/8525560122,8525560122,node,South Africa,generator,Missing output tag,none,"tags: {'generator:method': 'wind_turbine', 'generator:source': 'wind', 'power': 'generator'}",2026-07-01 00:57:56.210858,https://www.openstreetmap.org/node/8525560122,-32.9194146,25.9284881
node/8525560093,8525560093,node,South Africa,generator,Missing output tag,none,"tags: {'generator:method': 'wind_turbine', 'generator:source': 'wind', 'power': 'generator'}",2026-07-01 00:57:56.210896,https://www.openstreetmap.org/node/8525560093,-32.9465168,25.9641239
node/10650861963,10650861963,node,South Africa,generator,Missing output tag,none,"tags: {'generator:method': 'wind_turbine', 'generator:source': 'wind', 'power': 'generator'}",2026-07-01 00:57:56.210934,https://www.openstreetmap.org/node/10650861963,-32.9021549,25.9428191
node/6053397335,6053397335,node,South Africa,generator,Missing output tag,none,"tags: {'generator:method': 'wind_turbine', 'generator:source': 'wind', 'power': 'generator'}",2026-07-01 00:57:56.214593,https://www.openstreetmap.org/node/6053397335,-32.8788754,25.9813678
node/6053397305,6053397305,node,South Africa,generator,Missing output tag,none,"tags: {'generator:method': 'wind_turbine', 'generator:source': 'wind', 'power': 'generator'}",2026-07-01 00:57:56.214640,https://www.openstreetmap.org/node/6053397305,-32.8807224,26.0124385
node/6053397331,6053397331,node,South Africa,generator,Missing output tag,none,"tags: {'generator:method': 'wind_turbine', 'generator:source': 'wind', 'power': 'generator'}",2026-07-01 00:57:56.214681,https://www.openstreetmap.org/node/6053397331,-32.8865608,25.9813088
node/6053397643,6053397643,node,South Africa,generator,Missing output tag,none,"tags: {'generator:method': 'wind_turbine', 'generator:source': 'wind', 'power': 'generator'}",2026-07-01 00:57:56.214721,https://www.openstreetmap.org/node/6053397643,-32.8622228,25.9973806
node/6053397334,6053397334,node,South Africa,generator,Missing output tag,none,"tags: {'generator:method': 'wind_turbine', 'generator:source': 'wind', 'power': 'generator'}",2026-07-01 00:57:56.214759,https://www.openstreetmap.org/node/6053397334,-32.8815649,25.9872097
node/6053397320,6053397320,node,South Africa,generator,Missing output tag,none,"tags: {'generator:method': 'wind_turbine', 'generator:source': 'wind', 'power': 'generator'}",2026-07-01 00:57:56.214799,https://www.openstreetmap.org/node/6053397320,-32.8873672,25.9935719
node/6053397989,6053397989,node,South Africa,generator,Missing output tag,none,"tags: {'generator:method': 'wind_turbine', 'generator:source': 'wind', 'power': 'generator'}",2026-07-01 00:57:56.214854,https://www.openstreetmap.org/node/6053397989,-32.868549,25.9979385
node/6053397304,6053397304,node,South Africa,generator,Missing output tag,none,"tags: {'generator:method': 'wind_turbine', 'generator:source': 'wind', 'power': 'generator'}",2026-07-01 00:57:56.214894,https://www.openstreetmap.org/node/6053397304,-32.8776139,26.0148847
node/6053397330,6053397330,node,South Africa,generator,Missing output tag,none,"tags: {'generator:method': 'wind_turbine', 'generator:source': 'wind', 'power': 'generator'}",2026-07-01 00:57:56.214932,https://www.openstreetmap.org/node/6053397330,-32.8918627,25.9858686
node/6053397337,6053397337,node,South Africa,generator,Missing output tag,none,"tags: {'generator:method': 'wind_turbine', 'generator:source': 'wind', 'power': 'generator'}",2026-07-01 00:57:56.214971,https://www.openstreetmap.org/node/6053397337,-32.8692451,25.9814054
node/6053397333,6053397333,node,South Africa,generator,Missing output tag,none,"tags: {'generator:method': 'wind_turbine', 'generator:source': 'wind', 'power': 'generator'}",2026-07-01 00:57:56.215009,https://www.openstreetmap.org/node/6053397333,-32.8783302,25.990364
node/6053397634,6053397634,node,South Africa,generator,Missing output tag,none,"tags: {'generator:method': 'wind_turbine', 'generator:source': 'wind', 'power': 'generator'}",2026-07-01 00:57:56.215048,https://www.openstreetmap.org/node/6053397634,-32.8695582,26.0219979
node/6053397319,6053397319,node,South Africa,generator,Missing output tag,none,"tags: {'generator:method': 'wind_turbine', 'generator:source': 'wind', 'power': 'generator'}",2026-07-01 00:57:56.215087,https://www.openstreetmap.org/node/6053397319,-32.874744,25.9930301
node/6053397329,6053397329,node,South Africa,generator,Missing output tag,none,"tags: {'generator:method': 'wind_turbine', 'generator:source': 'wind', 'power': 'generator'}",2026-07-01 00:57:56.215127,https://www.openstreetmap.org/node/6053397329,-32.8934573,25.9820545
node/6053397336,6053397336,node,South Africa,generator,Missing output tag,none,"tags: {'generator:method': 'wind_turbine', 'generator:source': 'wind', 'power': 'generator'}",2026-07-01 00:57:56.215166,https://www.openstreetmap.org/node/6053397336,-32.8750279,25.9829235
node/6053397306,6053397306,node,South Africa,generator,Missing output tag,none,"tags: {'generator:method': 'wind_turbine', 'generator:source': 'wind', 'power': 'generator'}",2026-07-01 00:57:56.215205,https://www.openstreetmap.org/node/6053397306,-32.8759109,26.0073638
node/6053397332,6053397332,node,South Africa,generator,Missing output tag,none,"tags: {'generator:method': 'wind_turbine', 'generator:source': 'wind', 'power': 'generator'}",2026-07-01 00:57:56.215244,https://www.openstreetmap.org/node/6053397332,-32.8846598,25.984801
node/6053397318,6053397318,node,South Africa,generator,Missing output tag,none,"tags: {'generator:method': 'wind_turbine', 'generator:source': 'wind', 'power': 'generator'}",2026-07-01 00:57:56.215282,https://www.openstreetmap.org/node/6053397318,-32.8719236,25.9957445
node/6053397328,6053397328,node,South Africa,generator,Missing output tag,none,"tags: {'generator:method': 'wind_turbine', 'generator:source': 'wind', 'power': 'generator'}",2026-07-01 00:57:56.215321,https://www.openstreetmap.org/node/6053397328,-32.8900069,25.9894091
node/6053397321,6053397321,node,South Africa,generator,Missing output tag,none,"tags: {'generator:method': 'wind_turbine', 'generator:source': 'wind', 'power': 'generator'}",2026-07-01 00:57:56.215360,https://www.openstreetmap.org/node/6053397321,-32.8984526,26.0097456
node/6053397324,6053397324,node,South Africa,generator,Missing output tag,none,"tags: {'generator:method': 'wind_turbine', 'generator:source': 'wind', 'power': 'generator'}",2026-07-01 00:57:56.215399,https://www.openstreetmap.org/node/6053397324,-32.9031728,25.998078
node/6053397327,6053397327,node,South Africa,generator,Missing output tag,none,"tags: {'generator:method': 'wind_turbine', 'generator:source': 'wind', 'power': 'generator'}",2026-07-01 00:57:56.215437,https://www.openstreetmap.org/node/6053397327,-32.8988309,25.9874135
node/6053397323,6053397323,node,South Africa,generator,Missing output tag,none,"tags: {'generator:method': 'wind_turbine', 'generator:source': 'wind', 'power': 'generator'}",2026-07-01 00:57:56.215476,https://www.openstreetmap.org/node/6053397323,-32.901736,26.0023481
node/6053397326,6053397326,node,South Africa,generator,Missing output tag,none,"tags: {'generator:method': 'wind_turbine', 'generator:source': 'wind', 'power': 'generator'}",2026-07-01 00:57:56.215514,https://www.openstreetmap.org/node/6053397326,-32.9043573,25.9927833
node/6053397322,6053397322,node,South Africa,generator,Missing output tag,none,"tags: {'generator:method': 'wind_turbine', 'generator:source': 'wind', 'power': 'generator'}",2026-07-01 00:57:56.215553,https://www.openstreetmap.org/node/6053397322,-32.9001011,26.0060495
node/6053397325,6053397325,node,South Africa,generator,Missing output tag,none,"tags: {'generator:method': 'wind_turbine', 'generator:source': 'wind', 'power': 'generator'}",2026-07-01 00:57:56.215592,https://www.openstreetmap.org/node/6053397325,-32.9082801,25.9982228
node/6053397636,6053397636,node,South Africa,generator,Missing output tag,none,"tags: {'generator:method': 'wind_turbine', 'generator:source': 'wind', 'power': 'generator'}",2026-07-01 00:57:56.215628,https://www.openstreetmap.org/node/6053397636,-32.8524442,25.9964257
node/6053397632,6053397632,node,South Africa,generator,Missing output tag,none,"tags: {'generator:method': 'wind_turbine', 'generator:source': 'wind', 'power': 'generator'}",2026-07-01 00:57:56.215665,https://www.openstreetmap.org/node/6053397632,-32.8672964,26.0294759
node/6053397639,6053397639,node,South Africa,generator,Missing output tag,none,"tags: {'generator:method': 'wind_turbine', 'generator:source': 'wind', 'power': 'generator'}",2026-07-01 00:57:56.215702,https://www.openstreetmap.org/node/6053397639,-32.8428449,26.0073531
node/6053397635,6053397635,node,South Africa,generator,Missing output tag,none,"tags: {'generator:method': 'wind_turbine', 'generator:source': 'wind', 'power': 'generator'}",2026-07-01 00:57:56.215740,https://www.openstreetmap.org/node/6053397635,-32.8415919,25.9928369
node/6053397642,6053397642,node,South Africa,generator,Missing output tag,none,"tags: {'generator:method': 'wind_turbine', 'generator:source': 'wind', 'power': 'generator'}",2026-07-01 00:57:56.215777,https://www.openstreetmap.org/node/6053397642,-32.8583025,25.9990328
node/6053397619,6053397619,node,South Africa,generator,Missing output tag,none,"tags: {'generator:method': 'wind_turbine', 'generator:source': 'wind', 'power': 'generator'}",2026-07-01 00:57:56.215826,https://www.openstreetmap.org/node/6053397619,-32.8729148,26.04595
node/6053397638,6053397638,node,South Africa,generator,Missing output tag,none,"tags: {'generator:method': 'wind_turbine', 'generator:source': 'wind', 'power': 'generator'}",2026-07-01 00:57:56.215863,https://www.openstreetmap.org/node/6053397638,-32.8402579,26.0105073
node/6053397641,6053397641,node,South Africa,generator,Missing output tag,none,"tags: {'generator:method': 'wind_turbine', 'generator:source': 'wind', 'power': 'generator'}",2026-07-01 00:57:56.215901,https://www.openstreetmap.org/node/6053397641,-32.8536024,26.00164
node/6053397637,6053397637,node,South Africa,generator,Missing output tag,none,"tags: {'generator:method': 'wind_turbine', 'generator:source': 'wind', 'power': 'generator'}",2026-07-01 00:57:56.215938,https://www.openstreetmap.org/node/6053397637,-32.8379772,26.0168105
node/6053397621,6053397621,node,South Africa,generator,Missing output tag,none,"tags: {'generator:method': 'wind_turbine', 'generator:source': 'wind', 'power': 'generator'}",2026-07-01 00:57:56.215976,https://www.openstreetmap.org/node/6053397621,-32.8684093,26.0467145
node/6053397633,6053397633,node,South Africa,generator,Missing output tag,none,"tags: {'generator:method': 'wind_turbine', 'generator:source': 'wind', 'power': 'generator'}",2026-07-01 00:57:56.216014,https://www.openstreetmap.org/node/6053397633,-32.870973,26.0272872
node/6053397640,6053397640,node,South Africa,generator,Missing output tag,none,"tags: {'generator:method': 'wind_turbine', 'generator:source': 'wind', 'power': 'generator'}",2026-07-01 00:57:56.216051,https://www.openstreetmap.org/node/6053397640,-32.8486136,26.0046226
node/6053397620,6053397620,node,South Africa,generator,Missing output tag,none,"tags: {'generator:method': 'wind_turbine', 'generator:source': 'wind', 'power': 'generator'}",2026-07-01 00:57:56.216088,https://www.openstreetmap.org/node/6053397620,-32.8626373,26.0471356
node/6053397631,6053397631,node,South Africa,generator,Missing output tag,none,"tags: {'generator:method': 'wind_turbine', 'generator:source': 'wind', 'power': 'generator'}",2026-07-01 00:57:56.216125,https://www.openstreetmap.org/node/6053397631,-32.8773121,26.0291862
node/6053397627,6053397627,node,South Africa,generator,Missing output tag,none,"tags: {'generator:method': 'wind_turbine', 'generator:source': 'wind', 'power': 'generator'}",2026-07-01 00:57:56.216164,https://www.openstreetmap.org/node/6053397627,-32.8847589,26.050306
node/6053397623,6053397623,node,South Africa,generator,Missing output tag,none,"tags: {'generator:method': 'wind_turbine', 'generator:source': 'wind', 'power': 'generator'}",2026-07-01 00:57:56.216201,https://www.openstreetmap.org/node/6053397623,-32.9007361,26.0466099
node/6053397630,6053397630,node,South Africa,generator,Missing output tag,none,"tags: {'generator:method': 'wind_turbine', 'generator:source': 'wind', 'power': 'generator'}",2026-07-01 00:57:56.216238,https://www.openstreetmap.org/node/6053397630,-32.8809657,26.0371524
node/6053397626,6053397626,node,South Africa,generator,Missing output tag,none,"tags: {'generator:method': 'wind_turbine', 'generator:source': 'wind', 'power': 'generator'}",2026-07-01 00:57:56.216276,https://www.openstreetmap.org/node/6053397626,-32.8878852,26.0480851
node/6053397622,6053397622,node,South Africa,generator,Missing output tag,none,"tags: {'generator:method': 'wind_turbine', 'generator:source': 'wind', 'power': 'generator'}",2026-07-01 00:57:56.216313,https://www.openstreetmap.org/node/6053397622,-32.9039812,26.0443327
node/6053397629,6053397629,node,South Africa,generator,Missing output tag,none,"tags: {'generator:method': 'wind_turbine', 'generator:source': 'wind', 'power': 'generator'}",2026-07-01 00:57:56.216350,https://www.openstreetmap.org/node/6053397629,-32.8778392,26.0396147
node/6053397625,6053397625,node,South Africa,generator,Missing output tag,none,"tags: {'generator:method': 'wind_turbine', 'generator:source': 'wind', 'power': 'generator'}",2026-07-01 00:57:56.216387,https://www.openstreetmap.org/node/6053397625,-32.8933177,26.0514325
node/6053397644,6053397644,node,South Africa,generator,Missing output tag,none,"tags: {'generator:method': 'wind_turbine', 'generator:source': 'wind', 'power': 'generator'}",2026-07-01 00:57:56.216425,https://www.openstreetmap.org/node/6053397644,-32.9073613,26.0421199
node/6053397628,6053397628,node,South Africa,generator,Missing output tag,none,"tags: {'generator:method': 'wind_turbine', 'generator:source': 'wind', 'power': 'generator'}",2026-07-01 00:57:56.216462,https://www.openstreetmap.org/node/6053397628,-32.8796728,26.0453948
node/6053397624,6053397624,node,South Africa,generator,Missing output tag,none,"tags: {'generator:method': 'wind_turbine', 'generator:source': 'wind', 'power': 'generator'}",2026-07-01 00:57:56.216499,https://www.openstreetmap.org/node/6053397624,-32.8971103,26.0484284
node/6053397990,6053397990,node,South Africa,generator,Missing output tag,none,"tags: {'generator:method': 'wind_turbine', 'generator:source': 'wind', 'power': 'generator'}",2026-07-01 00:57:56.216537,https://www.openstreetmap.org/node/6053397990,-32.8904281,26.0540423
node/6053397111,6053397111,node,South Africa,generator,Missing output tag,none,"tags: {'generator:method': 'wind_turbine', 'generator:source': 'wind', 'power': 'generator'}",2026-07-01 00:57:56.216574,https://www.openstreetmap.org/node/6053397111,-32.8597805,25.9564447
node/6053397113,6053397113,node,South Africa,generator,Missing output tag,none,"tags: {'generator:method': 'wind_turbine', 'generator:source': 'wind', 'power': 'generator'}",2026-07-01 00:57:56.216613,https://www.openstreetmap.org/node/6053397113,-32.8680984,25.9548461
node/6053397112,6053397112,node,South Africa,generator,Missing output tag,none,"tags: {'generator:method': 'wind_turbine', 'generator:source': 'wind', 'power': 'generator'}",2026-07-01 00:57:56.216651,https://www.openstreetmap.org/node/6053397112,-32.863151,25.954653
node/10650861962,10650861962,node,South Africa,generator,Missing output tag,none,"tags: {'generator:method': 'wind_turbine', 'generator:source': 'wind', 'power': 'generator'}",2026-07-01 00:57:56.216688,https://www.openstreetmap.org/node/10650861962,-32.8840651,26.0347867
node/10650861961,10650861961,node,South Africa,generator,Missing output tag,none,"tags: {'generator:method': 'wind_turbine', 'generator:source': 'wind', 'power': 'generator'}",2026-07-01 00:57:56.216727,https://www.openstreetmap.org/node/10650861961,-32.8853715,26.0308707
node/10005398631,10005398631,node,South Africa,generator,Capacity placeholder value,yes,Tag 'generator:output:electricity' contains placeholder value 'yes' instead of actual capacity,2026-07-01 00:57:56.221773,https://www.openstreetmap.org/node/10005398631,-33.2760274,27.3871404
node/10005398639,10005398639,node,South Africa,generator,Capacity placeholder value,yes,Tag 'generator:output:electricity' contains placeholder value 'yes' instead of actual capacity,2026-07-01 00:57:56.221792,https://www.openstreetmap.org/node/10005398639,-33.3112667,27.3605972
node/10005398635,10005398635,node,South Africa,generator,Capacity placeholder value,yes,Tag 'generator:output:electricity' contains placeholder value 'yes' instead of actual capacity,2026-07-01 00:57:56.221830,https://www.openstreetmap.org/node/10005398635,-33.2958706,27.371369
node/10005398630,10005398630,node,South Africa,generator,Capacity placeholder value,yes,Tag 'generator:output:electricity' contains placeholder value 'yes' instead of actual capacity,2026-07-01 00:57:56.221849,https://www.openstreetmap.org/node/10005398630,-33.2886155,27.3583925
node/10005398638,10005398638,node,South Africa,generator,Capacity placeholder value,yes,Tag 'generator:output:electricity' contains placeholder value 'yes' instead of actual capacity,2026-07-01 00:57:56.221864,https://www.openstreetmap.org/node/10005398638,-33.304311,27.3587278
node/10005398634,10005398634,node,South Africa,generator,Capacity placeholder value,yes,Tag 'generator:output:electricity' contains placeholder value 'yes' instead of actual capacity,2026-07-01 00:57:56.221874,https://www.openstreetmap.org/node/10005398634,-33.2922252,27.3779672
node/10005398633,10005398633,node,South Africa,generator,Capacity placeholder value,yes,Tag 'generator:output:electricity' contains placeholder value 'yes' instead of actual capacity,2026-07-01 00:57:56.221885,https://www.openstreetmap.org/node/10005398633,-33.2853106,27.3904878
node/10005398637,10005398637,node,South Africa,generator,Capacity placeholder value,yes,Tag 'generator:output:electricity' contains placeholder value 'yes' instead of actual capacity,2026-07-01 00:57:56.221897,https://www.openstreetmap.org/node/10005398637,-33.305266,27.3671606
node/10005398632,10005398632,node,South Africa,generator,Capacity placeholder value,yes,Tag 'generator:output:electricity' contains placeholder value 'yes' instead of actual capacity,2026-07-01 00:57:56.221908,https://www.openstreetmap.org/node/10005398632,-33.2803328,27.3804536
node/10005398636,10005398636,node,South Africa,generator,Capacity placeholder value,yes,Tag 'generator:output:electricity' contains placeholder value 'yes' instead of actual capacity,2026-07-01 00:57:56.221928,https://www.openstreetmap.org/node/10005398636,-33.3010493,27.370559
node/7983185339,7983185339,node,South Africa,generator,Capacity placeholder value,yes,Tag 'generator:output:electricity' contains placeholder value 'yes' instead of actual capacity,2026-07-01 00:57:56.222541,https://www.openstreetmap.org/node/7983185339,-33.3262433,26.4689237
node/7983185342,7983185342,node,South Africa,generator,Capacity placeholder value,yes,Tag 'generator:output:electricity' contains placeholder value 'yes' instead of actual capacity,2026-07-01 00:57:56.222566,https://www.openstreetmap.org/node/7983185342,-33.3158617,26.4528465
node/7983185338,7983185338,node,South Africa,generator,Capacity placeholder value,yes,Tag 'generator:output:electricity' contains placeholder value 'yes' instead of actual capacity,2026-07-01 00:57:56.222582,https://www.openstreetmap.org/node/7983185338,-33.3382919,26.458691
node/7983185341,7983185341,node,South Africa,generator,Capacity placeholder value,yes,Tag 'generator:output:electricity' contains placeholder value 'yes' instead of actual capacity,2026-07-01 00:57:56.222597,https://www.openstreetmap.org/node/7983185341,-33.3191745,26.4589459
node/7983185337,7983185337,node,South Africa,generator,Capacity placeholder value,yes,Tag 'generator:output:electricity' contains placeholder value 'yes' instead of actual capacity,2026-07-01 00:57:56.222613,https://www.openstreetmap.org/node/7983185337,-33.3401059,26.4741982
node/7983185340,7983185340,node,South Africa,generator,Capacity placeholder value,yes,Tag 'generator:output:electricity' contains placeholder value 'yes' instead of actual capacity,2026-07-01 00:57:56.222628,https://www.openstreetmap.org/node/7983185340,-33.3238273,26.4640528
node/7983185336,7983185336,node,South Africa,generator,Capacity placeholder value,yes,Tag 'generator:output:electricity' contains placeholder value 'yes' instead of actual capacity,2026-07-01 00:57:56.222646,https://www.openstreetmap.org/node/7983185336,-33.3423612,26.4771085
node/7983185343,7983185343,node,South Africa,generator,Capacity placeholder value,yes,Tag 'generator:output:electricity' contains placeholder value 'yes' instead of actual capacity,2026-07-01 00:57:56.222657,https://www.openstreetmap.org/node/7983185343,-33.313051,26.4463073
node/4888000848,4888000848,node,South Africa,generator,Capacity placeholder value,yes,Tag 'generator:output:electricity' contains placeholder value 'yes' instead of actual capacity,2026-07-01 00:57:56.223627,https://www.openstreetmap.org/node/4888000848,-33.6707817,25.6169991
node/5350897756,5350897756,node,South Africa,generator,Capacity placeholder value,yes,Tag 'generator:output:electricity' contains placeholder value 'yes' instead of actual capacity,2026-07-01 00:57:56.223643,https://www.openstreetmap.org/node/5350897756,-33.6499512,25.5954999
node/4888000845,4888000845,node,South Africa,generator,Capacity placeholder value,yes,Tag 'generator:output:electricity' contains placeholder value 'yes' instead of actual capacity,2026-07-01 00:57:56.223655,https://www.openstreetmap.org/node/4888000845,-33.6705328,25.590688
node/5350897760,5350897760,node,South Africa,generator,Capacity placeholder value,yes,Tag 'generator:output:electricity' contains placeholder value 'yes' instead of actual capacity,2026-07-01 00:57:56.223665,https://www.openstreetmap.org/node/5350897760,-33.6354302,25.5606768
node/4888000841,4888000841,node,South Africa,generator,Capacity placeholder value,yes,Tag 'generator:output:electricity' contains placeholder value 'yes' instead of actual capacity,2026-07-01 00:57:56.223676,https://www.openstreetmap.org/node/4888000841,-33.6698297,25.5636594
node/5350897759,5350897759,node,South Africa,generator,Capacity placeholder value,yes,Tag 'generator:output:electricity' contains placeholder value 'yes' instead of actual capacity,2026-07-01 00:57:56.223685,https://www.openstreetmap.org/node/5350897759,-33.6470653,25.5753612
node/4888000844,4888000844,node,South Africa,generator,Capacity placeholder value,yes,Tag 'generator:output:electricity' contains placeholder value 'yes' instead of actual capacity,2026-07-01 00:57:56.223695,https://www.openstreetmap.org/node/4888000844,-33.6681198,25.5792591
node/5350897755,5350897755,node,South Africa,generator,Capacity placeholder value,yes,Tag 'generator:output:electricity' contains placeholder value 'yes' instead of actual capacity,2026-07-01 00:57:56.223704,https://www.openstreetmap.org/node/5350897755,-33.6512067,25.6033869
node/5350897758,5350897758,node,South Africa,generator,Capacity placeholder value,yes,Tag 'generator:output:electricity' contains placeholder value 'yes' instead of actual capacity,2026-07-01 00:57:56.223714,https://www.openstreetmap.org/node/5350897758,-33.6389363,25.5779797
node/4888000847,4888000847,node,South Africa,generator,Capacity placeholder value,yes,Tag 'generator:output:electricity' contains placeholder value 'yes' instead of actual capacity,2026-07-01 00:57:56.223723,https://www.openstreetmap.org/node/4888000847,-33.6716858,25.6068101
node/5350897754,5350897754,node,South Africa,generator,Capacity placeholder value,yes,Tag 'generator:output:electricity' contains placeholder value 'yes' instead of actual capacity,2026-07-01 00:57:56.223733,https://www.openstreetmap.org/node/5350897754,-33.6531976,25.611691
node/5350897740,5350897740,node,South Africa,generator,Capacity placeholder value,yes,Tag 'generator:output:electricity' contains placeholder value 'yes' instead of actual capacity,2026-07-01 00:57:56.223743,https://www.openstreetmap.org/node/5350897740,-33.6615609,25.5765447
node/4888000843,4888000843,node,South Africa,generator,Capacity placeholder value,yes,Tag 'generator:output:electricity' contains placeholder value 'yes' instead of actual capacity,2026-07-01 00:57:56.223752,https://www.openstreetmap.org/node/4888000843,-33.675794,25.5548671
node/4888000846,4888000846,node,South Africa,generator,Capacity placeholder value,yes,Tag 'generator:output:electricity' contains placeholder value 'yes' instead of actual capacity,2026-07-01 00:57:56.223761,https://www.openstreetmap.org/node/4888000846,-33.6784379,25.6043807
node/4888000849,4888000849,node,South Africa,generator,Capacity placeholder value,yes,Tag 'generator:output:electricity' contains placeholder value 'yes' instead of actual capacity,2026-07-01 00:57:56.223771,https://www.openstreetmap.org/node/4888000849,-33.6646261,25.6301271
node/5350897757,5350897757,node,South Africa,generator,Capacity placeholder value,yes,Tag 'generator:output:electricity' contains placeholder value 'yes' instead of actual capacity,2026-07-01 00:57:56.223781,https://www.openstreetmap.org/node/5350897757,-33.6462158,25.5870107
node/5350897732,5350897732,node,South Africa,generator,Capacity placeholder value,yes,Tag 'generator:output:electricity' contains placeholder value 'yes' instead of actual capacity,2026-07-01 00:57:56.223789,https://www.openstreetmap.org/node/5350897732,-33.6546935,25.5746376
node/4888000842,4888000842,node,South Africa,generator,Capacity placeholder value,yes,Tag 'generator:output:electricity' contains placeholder value 'yes' instead of actual capacity,2026-07-01 00:57:56.223799,https://www.openstreetmap.org/node/4888000842,-33.67414,25.5665427
node/5350897753,5350897753,node,South Africa,generator,Capacity placeholder value,yes,Tag 'generator:output:electricity' contains placeholder value 'yes' instead of actual capacity,2026-07-01 00:57:56.223844,https://www.openstreetmap.org/node/5350897753,-33.6547973,25.6202117
node/5350897761,5350897761,node,South Africa,generator,Capacity placeholder value,yes,Tag 'generator:output:electricity' contains placeholder value 'yes' instead of actual capacity,2026-07-01 00:57:56.223856,https://www.openstreetmap.org/node/5350897761,-33.6441526,25.563583
node/4066559004,4066559004,node,South Africa,generator,Missing output tag,none,"tags: {'generator:method': 'wind_turbine', 'generator:source': 'wind', 'generator:type': 'horizontal_axis', 'name': 'Van Stadens Wind Farm', 'operator': 'MetroWind', 'power': 'generator'}",2026-07-01 00:57:56.224542,https://www.openstreetmap.org/node/4066559004,-33.9622865,25.2490138
node/4066559000,4066559000,node,South Africa,generator,Missing output tag,none,"tags: {'generator:method': 'wind_turbine', 'generator:source': 'wind', 'generator:type': 'horizontal_axis', 'name': 'Van Stadens Wind Farm', 'operator': 'MetroWind', 'power': 'generator'}",2026-07-01 00:57:56.224593,https://www.openstreetmap.org/node/4066559000,-33.9600405,25.2401847
node/4066559003,4066559003,node,South Africa,generator,Missing output tag,none,"tags: {'generator:method': 'wind_turbine', 'generator:source': 'wind', 'generator:type': 'horizontal_axis', 'name': 'Van Stadens Wind Farm', 'operator': 'MetroWind', 'power': 'generator'}",2026-07-01 00:57:56.224641,https://www.openstreetmap.org/node/4066559003,-33.9574149,25.252014
node/4066558999,4066558999,node,South Africa,generator,Missing output tag,none,"tags: {'generator:method': 'wind_turbine', 'generator:source': 'wind', 'generator:type': 'horizontal_axis', 'name': 'Van Stadens Wind Farm', 'operator': 'MetroWind', 'power': 'generator'}",2026-07-01 00:57:56.224686,https://www.openstreetmap.org/node/4066558999,-33.9630143,25.2421702
node/4066559006,4066559006,node,South Africa,generator,Missing output tag,none,"tags: {'generator:method': 'wind_turbine', 'generator:source': 'wind', 'generator:type': 'horizontal_axis', 'name': 'Van Stadens Wind Farm', 'operator': 'MetroWind', 'power': 'generator', 'wikidata': 'Q7913671'}",2026-07-01 00:57:56.224731,https://www.openstreetmap.org/node/4066559006,-33.9595837,25.2464462
node/4066559002,4066559002,node,South Africa,generator,Missing output tag,none,"tags: {'generator:method': 'wind_turbine', 'generator:source': 'wind', 'generator:type': 'horizontal_axis', 'name': 'Van Stadens Wind Farm', 'operator': 'MetroWind', 'power': 'generator'}",2026-07-01 00:57:56.224775,https://www.openstreetmap.org/node/4066559002,-33.9528557,25.2502741
node/4066558998,4066558998,node,South Africa,generator,Missing output tag,none,"tags: {'generator:method': 'wind_turbine', 'generator:source': 'wind', 'generator:type': 'horizontal_axis', 'name': 'Van Stadens Wind Farm', 'operator': 'MetroWind', 'power': 'generator'}",2026-07-01 00:57:56.224846,https://www.openstreetmap.org/node/4066558998,-33.9635657,25.235278
node/4066559005,4066559005,node,South Africa,generator,Missing output tag,none,"tags: {'generator:method': 'wind_turbine', 'generator:source': 'wind', 'generator:type': 'horizontal_axis', 'name': 'Van Stadens Wind Farm', 'operator': 'MetroWind', 'power': 'generator'}",2026-07-01 00:57:56.224892,https://www.openstreetmap.org/node/4066559005,-33.9622267,25.2552502
node/4066559001,4066559001,node,South Africa,generator,Missing output tag,none,"tags: {'generator:method': 'wind_turbine', 'generator:source': 'wind', 'generator:type': 'horizontal_axis', 'name': 'Van Stadens Wind Farm', 'operator': 'MetroWind', 'power': 'generator'}",2026-07-01 00:57:56.224937,https://www.openstreetmap.org/node/4066559001,-33.956116,25.2460667
node/6053446762,6053446762,node,South Africa,generator,Missing output tag,none,"tags: {'generator:method': 'wind_turbine', 'generator:source': 'wind', 'generator:type': 'horizontal_axis', 'name': 'Jeffreys Bay Wind Farm', 'power': 'generator'}",2026-07-01 00:57:56.227323,https://www.openstreetmap.org/node/6053446762,-34.0089672,24.8707724
node/6053446733,6053446733,node,South Africa,generator,Missing output tag,none,"tags: {'generator:method': 'wind_turbine', 'generator:source': 'wind', 'generator:type': 'horizontal_axis', 'name': 'Jeffreys Bay Wind Farm', 'power': 'generator'}",2026-07-01 00:57:56.227381,https://www.openstreetmap.org/node/6053446733,-34.0217064,24.8602796
node/6053446772,6053446772,node,South Africa,generator,Missing output tag,none,"tags: {'generator:method': 'wind_turbine', 'generator:source': 'wind', 'generator:type': 'horizontal_axis', 'name': 'Jeffreys Bay Wind Farm', 'power': 'generator'}",2026-07-01 00:57:56.227432,https://www.openstreetmap.org/node/6053446772,-34.0297758,24.8381674
node/6053446743,6053446743,node,South Africa,generator,Missing output tag,none,"tags: {'generator:method': 'wind_turbine', 'generator:source': 'wind', 'generator:type': 'horizontal_axis', 'name': 'Jeffreys Bay Wind Farm', 'power': 'generator'}",2026-07-01 00:57:56.227482,https://www.openstreetmap.org/node/6053446743,-33.9810631,24.8403025
node/6053446783,6053446783,node,South Africa,generator,Missing output tag,none,"tags: {'generator:method': 'wind_turbine', 'generator:source': 'wind', 'generator:type': 'horizontal_axis', 'name': 'Jeffreys Bay Wind Farm', 'power': 'generator'}",2026-07-01 00:57:56.227531,https://www.openstreetmap.org/node/6053446783,-34.0058099,24.874109
node/6053446750,6053446750,node,South Africa,generator,Missing output tag,none,"tags: {'generator:method': 'wind_turbine', 'generator:source': 'wind', 'generator:type': 'horizontal_axis', 'name': 'Jeffreys Bay Wind Farm', 'power': 'generator'}",2026-07-01 00:57:56.227581,https://www.openstreetmap.org/node/6053446750,-33.9882691,24.826237
node/6053446758,6053446758,node,South Africa,generator,Missing output tag,none,"tags: {'generator:method': 'wind_turbine', 'generator:source': 'wind', 'generator:type': 'horizontal_axis', 'name': 'Jeffreys Bay Wind Farm', 'power': 'generator'}",2026-07-01 00:57:56.227629,https://www.openstreetmap.org/node/6053446758,-34.0037909,24.853692
node/9400548715,9400548715,node,South Africa,generator,Missing output tag,none,"tags: {'generator:method': 'wind_turbine', 'generator:source': 'wind', 'generator:type': 'horizontal_axis', 'name': 'Jeffreys Bay Wind Farm', 'power': 'generator'}",2026-07-01 00:57:56.227679,https://www.openstreetmap.org/node/9400548715,-34.0125601,24.822801
node/6053446768,6053446768,node,South Africa,generator,Missing output tag,none,"tags: {'generator:method': 'wind_turbine', 'generator:source': 'wind', 'generator:type': 'horizontal_axis', 'name': 'Jeffreys Bay Wind Farm', 'power': 'generator'}",2026-07-01 00:57:56.227729,https://www.openstreetmap.org/node/6053446768,-34.0180204,24.8351312
node/6053446739,6053446739,node,South Africa,generator,Missing output tag,none,"tags: {'generator:method': 'wind_turbine', 'generator:source': 'wind', 'generator:type': 'horizontal_axis', 'name': 'Jeffreys Bay Wind Farm', 'power': 'generator'}",2026-07-01 00:57:56.227778,https://www.openstreetmap.org/node/6053446739,-33.9889007,24.8571682
node/6053446779,6053446779,node,South Africa,generator,Missing output tag,none,"tags: {'generator:method': 'wind_turbine', 'generator:source': 'wind', 'generator:type': 'horizontal_axis', 'name': 'Jeffreys Bay Wind Farm', 'power': 'generator'}",2026-07-01 00:57:56.227857,https://www.openstreetmap.org/node/6053446779,-34.030007,24.8296702
node/6053446746,6053446746,node,South Africa,generator,Missing output tag,none,"tags: {'generator:method': 'wind_turbine', 'generator:source': 'wind', 'generator:type': 'horizontal_axis', 'name': 'Jeffreys Bay Wind Farm', 'power': 'generator'}",2026-07-01 00:57:56.227910,https://www.openstreetmap.org/node/6053446746,-33.9763745,24.8234582
node/6053446754,6053446754,node,South Africa,generator,Missing output tag,none,"tags: {'generator:method': 'wind_turbine', 'generator:source': 'wind', 'generator:type': 'horizontal_axis', 'name': 'Jeffreys Bay Wind Farm', 'power': 'generator'}",2026-07-01 00:57:56.227962,https://www.openstreetmap.org/node/6053446754,-33.9958569,24.8310435
node/9400548711,9400548711,node,South Africa,generator,Missing output tag,none,"tags: {'generator:method': 'wind_turbine', 'generator:source': 'wind', 'generator:type': 'horizontal_axis', 'name': 'Jeffreys Bay Wind Farm', 'power': 'generator'}",2026-07-01 00:57:56.228013,https://www.openstreetmap.org/node/9400548711,-34.0161352,24.8199096
node/4034763783,4034763783,node,South Africa,generator,Missing output tag,none,"tags: {'generator:method': 'wind_turbine', 'generator:source': 'wind', 'generator:type': 'horizontal_axis', 'name': 'Jeffreys Bay Wind Farm', 'power': 'generator'}",2026-07-01 00:57:56.228064,https://www.openstreetmap.org/node/4034763783,-33.9976164,24.8082849
node/6053446765,6053446765,node,South Africa,generator,Missing output tag,none,"tags: {'generator:method': 'wind_turbine', 'generator:source': 'wind', 'generator:type': 'horizontal_axis', 'name': 'Jeffreys Bay Wind Farm', 'power': 'generator'}",2026-07-01 00:57:56.228116,https://www.openstreetmap.org/node/6053446765,-34.0186696,24.8454094
node/6053446732,6053446732,node,South Africa,generator,Missing output tag,none,"tags: {'generator:method': 'wind_turbine', 'generator:source': 'wind', 'generator:type': 'horizontal_axis', 'name': 'Jeffreys Bay Wind Farm', 'power': 'generator'}",2026-07-01 00:57:56.228169,https://www.openstreetmap.org/node/6053446732,-34.018843,24.8598236
node/6053446775,6053446775,node,South Africa,generator,Missing output tag,none,"tags: {'generator:method': 'wind_turbine', 'generator:source': 'wind', 'generator:type': 'horizontal_axis', 'name': 'Jeffreys Bay Wind Farm', 'power': 'generator'}",2026-07-01 00:57:56.228221,https://www.openstreetmap.org/node/6053446775,-34.0180027,24.8265803
node/6053446742,6053446742,node,South Africa,generator,Missing output tag,none,"tags: {'generator:method': 'wind_turbine', 'generator:source': 'wind', 'generator:type': 'horizontal_axis', 'name': 'Jeffreys Bay Wind Farm', 'power': 'generator'}",2026-07-01 00:57:56.228272,https://www.openstreetmap.org/node/6053446742,-33.9774333,24.8424053
node/6053446782,6053446782,node,South Africa,generator,Missing output tag,none,"tags: {'generator:method': 'wind_turbine', 'generator:source': 'wind', 'generator:type': 'horizontal_axis', 'name': 'Jeffreys Bay Wind Farm', 'power': 'generator'}",2026-07-01 00:57:56.228324,https://www.openstreetmap.org/node/6053446782,-34.0027014,24.879747
node/6053446761,6053446761,node,South Africa,generator,Missing output tag,none,"tags: {'generator:method': 'wind_turbine', 'generator:source': 'wind', 'generator:type': 'horizontal_axis', 'name': 'Jeffreys Bay Wind Farm', 'power': 'generator'}",2026-07-01 00:57:56.228375,https://www.openstreetmap.org/node/6053446761,-34.0151303,24.8738086
node/9400548714,9400548714,node,South Africa,generator,Missing output tag,none,"tags: {'generator:method': 'wind_turbine', 'generator:source': 'wind', 'generator:type': 'horizontal_axis', 'name': 'Jeffreys Bay Wind Farm', 'power': 'generator'}",2026-07-01 00:57:56.228426,https://www.openstreetmap.org/node/9400548714,-34.0088115,24.824059
node/6053446771,6053446771,node,South Africa,generator,Missing output tag,none,"tags: {'generator:method': 'wind_turbine', 'generator:source': 'wind', 'generator:type': 'horizontal_axis', 'name': 'Jeffreys Bay Wind Farm', 'power': 'generator'}",2026-07-01 00:57:56.228478,https://www.openstreetmap.org/node/6053446771,-34.0265126,24.8399377
node/6053446738,6053446738,node,South Africa,generator,Missing output tag,none,"tags: {'generator:method': 'wind_turbine', 'generator:source': 'wind', 'generator:type': 'horizontal_axis', 'name': 'Jeffreys Bay Wind Farm', 'power': 'generator'}",2026-07-01 00:57:56.228528,https://www.openstreetmap.org/node/6053446738,-33.9821218,24.8480594
node/6053446778,6053446778,node,South Africa,generator,Missing output tag,none,"tags: {'generator:method': 'wind_turbine', 'generator:source': 'wind', 'generator:type': 'horizontal_axis', 'name': 'Jeffreys Bay Wind Farm', 'power': 'generator'}",2026-07-01 00:57:56.228579,https://www.openstreetmap.org/node/6053446778,-34.0258457,24.8163342
node/6053446749,6053446749,node,South Africa,generator,Missing output tag,none,"tags: {'generator:method': 'wind_turbine', 'generator:source': 'wind', 'generator:type': 'horizontal_axis', 'name': 'Jeffreys Bay Wind Farm', 'power': 'generator'}",2026-07-01 00:57:56.228631,https://www.openstreetmap.org/node/6053446749,-33.9837054,24.8208725
node/6053446757,6053446757,node,South Africa,generator,Missing output tag,none,"tags: {'generator:method': 'wind_turbine', 'generator:source': 'wind', 'generator:type': 'horizontal_axis', 'name': 'Jeffreys Bay Wind Farm', 'power': 'generator'}",2026-07-01 00:57:56.228682,https://www.openstreetmap.org/node/6053446757,-33.9996417,24.8468685
node/9400548710,9400548710,node,South Africa,generator,Missing output tag,none,"tags: {'generator:method': 'wind_turbine', 'generator:source': 'wind', 'generator:type': 'horizontal_axis', 'name': 'Jeffreys Bay Wind Farm', 'power': 'generator'}",2026-07-01 00:57:56.228797,https://www.openstreetmap.org/node/9400548710,-34.0007535,24.8272991
node/4034763782,4034763782,node,South Africa,generator,Missing output tag,none,"tags: {'generator:method': 'wind_turbine', 'generator:source': 'wind', 'generator:type': 'horizontal_axis', 'name': 'Jeffreys Bay Wind Farm', 'power': 'generator'}",2026-07-01 00:57:56.228875,https://www.openstreetmap.org/node/4034763782,-33.9906294,24.8119754
node/6053446764,6053446764,node,South Africa,generator,Missing output tag,none,"tags: {'generator:method': 'wind_turbine', 'generator:source': 'wind', 'generator:type': 'horizontal_axis', 'name': 'Jeffreys Bay Wind Farm', 'power': 'generator'}",2026-07-01 00:57:56.228934,https://www.openstreetmap.org/node/6053446764,-34.0149079,24.8476517
node/6053446735,6053446735,node,South Africa,generator,Missing output tag,none,"tags: {'generator:method': 'wind_turbine', 'generator:source': 'wind', 'generator:type': 'horizontal_axis', 'name': 'Jeffreys Bay Wind Farm', 'power': 'generator'}",2026-07-01 00:57:56.228986,https://www.openstreetmap.org/node/6053446735,-33.985627,24.8630369
node/6053446774,6053446774,node,South Africa,generator,Missing output tag,none,"tags: {'generator:method': 'wind_turbine', 'generator:source': 'wind', 'generator:type': 'horizontal_axis', 'name': 'Jeffreys Bay Wind Farm', 'power': 'generator'}",2026-07-01 00:57:56.229037,https://www.openstreetmap.org/node/6053446774,-34.0233559,24.8286402
node/6053446745,6053446745,node,South Africa,generator,Missing output tag,none,"tags: {'generator:method': 'wind_turbine', 'generator:source': 'wind', 'generator:type': 'horizontal_axis', 'name': 'Jeffreys Bay Wind Farm', 'power': 'generator'}",2026-07-01 00:57:56.229088,https://www.openstreetmap.org/node/6053446745,-33.9821574,24.8294878
node/6053446753,6053446753,node,South Africa,generator,Missing output tag,none,"tags: {'generator:method': 'wind_turbine', 'generator:source': 'wind', 'generator:type': 'horizontal_axis', 'name': 'Jeffreys Bay Wind Farm', 'power': 'generator'}",2026-07-01 00:57:56.229139,https://www.openstreetmap.org/node/6053446753,-33.9922988,24.8290264
node/6053446760,6053446760,node,South Africa,generator,Missing output tag,none,"tags: {'generator:method': 'wind_turbine', 'generator:source': 'wind', 'generator:type': 'horizontal_axis', 'name': 'Jeffreys Bay Wind Farm', 'power': 'generator'}",2026-07-01 00:57:56.229190,https://www.openstreetmap.org/node/6053446760,-34.0191498,24.8700321
node/6053446770,6053446770,node,South Africa,generator,Missing output tag,none,"tags: {'generator:method': 'wind_turbine', 'generator:source': 'wind', 'generator:type': 'horizontal_axis', 'name': 'Jeffreys Bay Wind Farm', 'power': 'generator'}",2026-07-01 00:57:56.229241,https://www.openstreetmap.org/node/6053446770,-34.0228579,24.845463
node/6053446741,6053446741,node,South Africa,generator,Missing output tag,none,"tags: {'generator:method': 'wind_turbine', 'generator:source': 'wind', 'generator:type': 'horizontal_axis', 'name': 'Jeffreys Bay Wind Farm', 'power': 'generator'}",2026-07-01 00:57:56.229292,https://www.openstreetmap.org/node/6053446741,-33.974693,24.8378563
node/6053446781,6053446781,node,South Africa,generator,Missing output tag,none,"tags: {'generator:method': 'wind_turbine', 'generator:source': 'wind', 'generator:type': 'horizontal_axis', 'name': 'Jeffreys Bay Wind Farm', 'power': 'generator'}",2026-07-01 00:57:56.229343,https://www.openstreetmap.org/node/6053446781,-34.0070995,24.8823005
node/6053446748,6053446748,node,South Africa,generator,Missing output tag,none,"tags: {'generator:method': 'wind_turbine', 'generator:source': 'wind', 'generator:type': 'horizontal_axis', 'name': 'Jeffreys Bay Wind Farm', 'power': 'generator'}",2026-07-01 00:57:56.229394,https://www.openstreetmap.org/node/6053446748,-33.9874685,24.817847
node/6053446756,6053446756,node,South Africa,generator,Missing output tag,none,"tags: {'generator:method': 'wind_turbine', 'generator:source': 'wind', 'generator:type': 'horizontal_axis', 'name': 'Jeffreys Bay Wind Farm', 'power': 'generator', 'wikidata': 'Q113696435'}",2026-07-01 00:57:56.229440,https://www.openstreetmap.org/node/6053446756,-33.9956301,24.8401791
node/9400548713,9400548713,node,South Africa,generator,Missing output tag,none,"tags: {'generator:method': 'wind_turbine', 'generator:source': 'wind', 'generator:type': 'horizontal_axis', 'name': 'Jeffreys Bay Wind Farm', 'power': 'generator'}",2026-07-01 00:57:56.229491,https://www.openstreetmap.org/node/9400548713,-34.0061501,24.8193464
node/6053446767,6053446767,node,South Africa,generator,Missing output tag,none,"tags: {'generator:method': 'wind_turbine', 'generator:source': 'wind', 'generator:type': 'horizontal_axis', 'name': 'Jeffreys Bay Wind Farm', 'power': 'generator'}",2026-07-01 00:57:56.229550,https://www.openstreetmap.org/node/6053446767,-34.0138674,24.8300779
node/6053446737,6053446737,node,South Africa,generator,Missing output tag,none,"tags: {'generator:method': 'wind_turbine', 'generator:source': 'wind', 'generator:type': 'horizontal_axis', 'name': 'Jeffreys Bay Wind Farm', 'power': 'generator'}",2026-07-01 00:57:56.229602,https://www.openstreetmap.org/node/6053446737,-33.9781005,24.850527
node/6053446777,6053446777,node,South Africa,generator,Missing output tag,none,"tags: {'generator:method': 'wind_turbine', 'generator:source': 'wind', 'generator:type': 'horizontal_axis', 'name': 'Jeffreys Bay Wind Farm', 'power': 'generator'}",2026-07-01 00:57:56.229653,https://www.openstreetmap.org/node/6053446777,-34.0225645,24.8208296
node/6053446744,6053446744,node,South Africa,generator,Missing output tag,none,"tags: {'generator:method': 'wind_turbine', 'generator:source': 'wind', 'generator:type': 'horizontal_axis', 'name': 'Jeffreys Bay Wind Farm', 'power': 'generator'}",2026-07-01 00:57:56.229704,https://www.openstreetmap.org/node/6053446744,-33.978323,24.833436
node/6053446752,6053446752,node,South Africa,generator,Missing output tag,none,"tags: {'generator:method': 'wind_turbine', 'generator:source': 'wind', 'generator:type': 'horizontal_axis', 'name': 'Jeffreys Bay Wind Farm', 'power': 'generator'}",2026-07-01 00:57:56.229755,https://www.openstreetmap.org/node/6053446752,-33.9966308,24.8198533
node/9400548709,9400548709,node,South Africa,generator,Missing output tag,none,"tags: {'generator:method': 'wind_turbine', 'generator:source': 'wind', 'generator:type': 'horizontal_axis', 'name': 'Jeffreys Bay Wind Farm', 'power': 'generator'}",2026-07-01 00:57:56.229822,https://www.openstreetmap.org/node/9400548709,-33.9932751,24.8149797
node/6053446763,6053446763,node,South Africa,generator,Missing output tag,none,"tags: {'generator:method': 'wind_turbine', 'generator:source': 'wind', 'generator:type': 'horizontal_axis', 'name': 'Jeffreys Bay Wind Farm', 'power': 'generator'}",2026-07-01 00:57:56.229891,https://www.openstreetmap.org/node/6053446763,-34.0121955,24.8661804
node/6053446773,6053446773,node,South Africa,generator,Missing output tag,none,"tags: {'generator:method': 'wind_turbine', 'generator:source': 'wind', 'generator:type': 'horizontal_axis', 'name': 'Jeffreys Bay Wind Farm', 'power': 'generator'}",2026-07-01 00:57:56.229943,https://www.openstreetmap.org/node/6053446773,-34.0257034,24.8330176
node/6053446740,6053446740,node,South Africa,generator,Missing output tag,none,"tags: {'generator:method': 'wind_turbine', 'generator:source': 'wind', 'generator:type': 'horizontal_axis', 'name': 'Jeffreys Bay Wind Farm', 'power': 'generator'}",2026-07-01 00:57:56.229993,https://www.openstreetmap.org/node/6053446740,-33.9869347,24.8521578
node/6053446780,6053446780,node,South Africa,generator,Missing output tag,none,"tags: {'generator:method': 'wind_turbine', 'generator:source': 'wind', 'generator:type': 'horizontal_axis', 'name': 'Jeffreys Bay Wind Farm', 'power': 'generator'}",2026-07-01 00:57:56.230044,https://www.openstreetmap.org/node/6053446780,-34.0109593,24.8769414
node/6053446751,6053446751,node,South Africa,generator,Missing output tag,none,"tags: {'generator:method': 'wind_turbine', 'generator:source': 'wind', 'generator:type': 'horizontal_axis', 'name': 'Jeffreys Bay Wind Farm', 'power': 'generator'}",2026-07-01 00:57:56.230096,https://www.openstreetmap.org/node/6053446751,-33.9910445,24.8217738
node/6053446759,6053446759,node,South Africa,generator,Missing output tag,none,"tags: {'generator:method': 'wind_turbine', 'generator:source': 'wind', 'generator:type': 'horizontal_axis', 'name': 'Jeffreys Bay Wind Farm', 'power': 'generator'}",2026-07-01 00:57:56.230146,https://www.openstreetmap.org/node/6053446759,-34.0065925,24.8585522
node/9400548712,9400548712,node,South Africa,generator,Missing output tag,none,"tags: {'generator:method': 'wind_turbine', 'generator:source': 'wind', 'generator:type': 'horizontal_axis', 'name': 'Jeffreys Bay Wind Farm', 'power': 'generator'}",2026-07-01 00:57:56.230198,https://www.openstreetmap.org/node/9400548712,-34.0027881,24.8154491
node/6053446766,6053446766,node,South Africa,generator,Missing output tag,none,"tags: {'generator:method': 'wind_turbine', 'generator:source': 'wind', 'generator:type': 'horizontal_axis', 'name': 'Jeffreys Bay Wind Farm', 'power': 'generator'}",2026-07-01 00:57:56.230250,https://www.openstreetmap.org/node/6053446766,-34.0143388,24.838264
node/6053446769,6053446769,node,South Africa,generator,Missing output tag,none,"tags: {'generator:method': 'wind_turbine', 'generator:source': 'wind', 'power': 'generator'}",2026-07-01 00:57:56.230293,https://www.openstreetmap.org/node/6053446769,-34.0210706,24.8376524
node/6053446736,6053446736,node,South Africa,generator,Missing output tag,none,"tags: {'generator:method': 'wind_turbine', 'generator:source': 'wind', 'generator:type': 'horizontal_axis', 'name': 'Jeffreys Bay Wind Farm', 'power': 'generator'}",2026-07-01 00:57:56.230344,https://www.openstreetmap.org/node/6053446736,-33.9804849,24.856739
node/6053446776,6053446776,node,South Africa,generator,Missing output tag,none,"tags: {'generator:method': 'wind_turbine', 'generator:source': 'wind', 'generator:type': 'horizontal_axis', 'name': 'Jeffreys Bay Wind Farm', 'power': 'generator'}",2026-07-01 00:57:56.230395,https://www.openstreetmap.org/node/6053446776,-34.0198879,24.8166239
node/6053446747,6053446747,node,South Africa,generator,Missing output tag,none,"tags: {'generator:method': 'wind_turbine', 'generator:source': 'wind', 'generator:type': 'horizontal_axis', 'name': 'Jeffreys Bay Wind Farm', 'power': 'generator'}",2026-07-01 00:57:56.230446,https://www.openstreetmap.org/node/6053446747,-33.9800934,24.8236191
node/6053446755,6053446755,node,South Africa,generator,Missing output tag,none,"tags: {'generator:method': 'wind_turbine', 'generator:source': 'wind', 'generator:type': 'horizontal_axis', 'name': 'Jeffreys Bay Wind Farm', 'power': 'generator'}",2026-07-01 00:57:56.230497,https://www.openstreetmap.org/node/6053446755,-33.9923522,24.8376417
node/6053446553,6053446553,node,South Africa,generator,Missing output tag,none,"tags: {'generator:method': 'wind_turbine', 'generator:source': 'wind', 'power': 'generator'}",2026-07-01 00:57:56.234802,https://www.openstreetmap.org/node/6053446553,-34.077403,24.4948768
node/6053446561,6053446561,node,South Africa,generator,Missing output tag,none,"tags: {'generator:method': 'wind_turbine', 'generator:source': 'wind', 'power': 'generator'}",2026-07-01 00:57:56.234888,https://www.openstreetmap.org/node/6053446561,-34.0784427,24.5098221
node/6053446539,6053446539,node,South Africa,generator,Missing output tag,none,"tags: {'generator:method': 'wind_turbine', 'generator:source': 'wind', 'power': 'generator'}",2026-07-01 00:57:56.234936,https://www.openstreetmap.org/node/6053446539,-34.0761856,24.5054984
node/6053446549,6053446549,node,South Africa,generator,Missing output tag,none,"tags: {'generator:method': 'wind_turbine', 'generator:source': 'wind', 'power': 'generator'}",2026-07-01 00:57:56.234980,https://www.openstreetmap.org/node/6053446549,-34.0636989,24.4873559
node/6053446556,6053446556,node,South Africa,generator,Missing output tag,none,"tags: {'generator:method': 'wind_turbine', 'generator:source': 'wind', 'power': 'generator'}",2026-07-01 00:57:56.235024,https://www.openstreetmap.org/node/6053446556,-34.084352,24.491272
node/6053446564,6053446564,node,South Africa,generator,Missing output tag,none,"tags: {'generator:method': 'wind_turbine', 'generator:source': 'wind', 'power': 'generator'}",2026-07-01 00:57:56.235068,https://www.openstreetmap.org/node/6053446564,-34.0775808,24.5161629
node/6053446542,6053446542,node,South Africa,generator,Missing output tag,none,"tags: {'generator:method': 'wind_turbine', 'generator:source': 'wind', 'power': 'generator'}",2026-07-01 00:57:56.235112,https://www.openstreetmap.org/node/6053446542,-34.0661164,24.507451
node/6053446545,6053446545,node,South Africa,generator,Missing output tag,none,"tags: {'generator:method': 'wind_turbine', 'generator:source': 'wind', 'power': 'generator'}",2026-07-01 00:57:56.235156,https://www.openstreetmap.org/node/6053446545,-34.0598148,24.5033097
node/6053446552,6053446552,node,South Africa,generator,Missing output tag,none,"tags: {'generator:method': 'wind_turbine', 'generator:source': 'wind', 'power': 'generator'}",2026-07-01 00:57:56.235200,https://www.openstreetmap.org/node/6053446552,-34.0736884,24.490124
node/6053446560,6053446560,node,South Africa,generator,Missing output tag,none,"tags: {'generator:method': 'wind_turbine', 'generator:source': 'wind', 'power': 'generator'}",2026-07-01 00:57:56.235245,https://www.openstreetmap.org/node/6053446560,-34.085365,24.5072257
node/5908850423,5908850423,node,South Africa,generator,Missing output tag,none,"tags: {'generator:method': 'wind_turbine', 'generator:source': 'wind', 'power': 'generator'}",2026-07-01 00:57:56.235289,https://www.openstreetmap.org/node/5908850423,-34.0565283,24.4851699
node/6053446548,6053446548,node,South Africa,generator,Missing output tag,none,"tags: {'generator:method': 'wind_turbine', 'generator:source': 'wind', 'power': 'generator'}",2026-07-01 00:57:56.235333,https://www.openstreetmap.org/node/6053446548,-34.0619125,24.49301
node/6053446559,6053446559,node,South Africa,generator,Missing output tag,none,"tags: {'generator:method': 'wind_turbine', 'generator:source': 'wind', 'power': 'generator'}",2026-07-01 00:57:56.235378,https://www.openstreetmap.org/node/6053446559,-34.0901808,24.5120323
node/6053446567,6053446567,node,South Africa,generator,Missing output tag,none,"tags: {'generator:method': 'wind_turbine', 'generator:source': 'wind', 'power': 'generator'}",2026-07-01 00:57:56.235421,https://www.openstreetmap.org/node/6053446567,-34.0894212,24.518137
node/6053446544,6053446544,node,South Africa,generator,Missing output tag,none,"tags: {'generator:method': 'wind_turbine', 'generator:source': 'wind', 'power': 'generator'}",2026-07-01 00:57:56.235465,https://www.openstreetmap.org/node/6053446544,-34.062899,24.5057559
node/6053446555,6053446555,node,South Africa,generator,Missing output tag,none,"tags: {'generator:method': 'wind_turbine', 'generator:source': 'wind', 'power': 'generator'}",2026-07-01 00:57:56.235509,https://www.openstreetmap.org/node/6053446555,-34.0801756,24.4885897
node/6053446563,6053446563,node,South Africa,generator,Missing output tag,none,"tags: {'generator:method': 'wind_turbine', 'generator:source': 'wind', 'power': 'generator'}",2026-07-01 00:57:56.235553,https://www.openstreetmap.org/node/6053446563,-34.0743194,24.5140278
node/6053446541,6053446541,node,South Africa,generator,Missing output tag,none,"tags: {'generator:method': 'wind_turbine', 'generator:source': 'wind', 'power': 'generator'}",2026-07-01 00:57:56.235597,https://www.openstreetmap.org/node/6053446541,-34.0691826,24.5091033
node/5908850422,5908850422,node,South Africa,generator,Missing output tag,none,"tags: {'generator:method': 'wind_turbine', 'generator:source': 'wind', 'power': 'generator'}",2026-07-01 00:57:56.235641,https://www.openstreetmap.org/node/5908850422,-34.0595637,24.4862804
node/6053446551,6053446551,node,South Africa,generator,Missing output tag,none,"tags: {'generator:method': 'wind_turbine', 'generator:source': 'wind', 'power': 'generator'}",2026-07-01 00:57:56.235684,https://www.openstreetmap.org/node/6053446551,-34.0702669,24.4875598
node/6053446558,6053446558,node,South Africa,generator,Missing output tag,none,"tags: {'generator:method': 'wind_turbine', 'generator:source': 'wind', 'power': 'generator'}",2026-07-01 00:57:56.235728,https://www.openstreetmap.org/node/6053446558,-34.0943834,24.5138991
node/6053446566,6053446566,node,South Africa,generator,Missing output tag,none,"tags: {'generator:method': 'wind_turbine', 'generator:source': 'wind', 'power': 'generator'}",2026-07-01 00:57:56.235771,https://www.openstreetmap.org/node/6053446566,-34.0862891,24.5180833
node/6053446547,6053446547,node,South Africa,generator,Missing output tag,none,"tags: {'generator:method': 'wind_turbine', 'generator:source': 'wind', 'power': 'generator'}",2026-07-01 00:57:56.235838,https://www.openstreetmap.org/node/6053446547,-34.0577794,24.4925058
node/6053446554,6053446554,node,South Africa,generator,Missing output tag,none,"tags: {'generator:method': 'wind_turbine', 'generator:source': 'wind', 'power': 'generator'}",2026-07-01 00:57:56.235884,https://www.openstreetmap.org/node/6053446554,-34.0771364,24.4882679
node/6053446562,6053446562,node,South Africa,generator,Missing output tag,none,"tags: {'generator:method': 'wind_turbine', 'generator:source': 'wind', 'power': 'generator'}",2026-07-01 00:57:56.235928,https://www.openstreetmap.org/node/6053446562,-34.0815529,24.5118499
node/6053446540,6053446540,node,South Africa,generator,Missing output tag,none,"tags: {'generator:method': 'wind_turbine', 'generator:source': 'wind', 'power': 'generator'}",2026-07-01 00:57:56.235972,https://www.openstreetmap.org/node/6053446540,-34.0722576,24.5079982
node/6053446550,6053446550,node,South Africa,generator,Missing output tag,none,"tags: {'generator:method': 'wind_turbine', 'generator:source': 'wind', 'power': 'generator'}",2026-07-01 00:57:56.236016,https://www.openstreetmap.org/node/6053446550,-34.0671652,24.4877958
node/6053446546,6053446546,node,South Africa,generator,Missing output tag,none,"tags: {'generator:method': 'wind_turbine', 'generator:source': 'wind', 'power': 'generator'}",2026-07-01 00:57:56.236060,https://www.openstreetmap.org/node/6053446546,-34.0576727,24.4989753
node/6053446557,6053446557,node,South Africa,generator,Missing output tag,none,"tags: {'generator:method': 'wind_turbine', 'generator:source': 'wind', 'power': 'generator'}",2026-07-01 00:57:56.236105,https://www.openstreetmap.org/node/6053446557,-34.0864312,24.4980955
node/6053446565,6053446565,node,South Africa,generator,Missing output tag,none,"tags: {'generator:method': 'wind_turbine', 'generator:source': 'wind', 'power': 'generator'}",2026-07-01 00:57:56.236149,https://www.openstreetmap.org/node/6053446565,-34.0809753,24.5182174
node/6053446543,6053446543,node,South Africa,generator,Missing output tag,none,"tags: {'generator:method': 'wind_turbine', 'generator:source': 'wind', 'power': 'generator'}",2026-07-01 00:57:56.236193,https://www.openstreetmap.org/node/6053446543,-34.0643833,24.4998443
node/6053446696,6053446696,node,South Africa,generator,Missing output tag,none,"tags: {'generator:method': 'wind_turbine', 'generator:source': 'wind', 'generator:type': 'horizontal_axis', 'name': 'Red Cap - Gibson Bay', 'operator': 'Red Cap', 'power': 'generator'}",2026-07-01 00:57:56.239063,https://www.openstreetmap.org/node/6053446696,-34.1474796,24.519875
node/6053446582,6053446582,node,South Africa,generator,Missing output tag,none,"tags: {'generator:method': 'wind_turbine', 'generator:source': 'wind', 'generator:type': 'horizontal_axis', 'name': 'Red Cap - Gibson Bay', 'operator': 'Red Cap', 'power': 'generator'}",2026-07-01 00:57:56.239121,https://www.openstreetmap.org/node/6053446582,-34.1389996,24.5194995
node/9983901765,9983901765,node,South Africa,generator,Missing output tag,none,"tags: {'generator:method': 'wind_turbine', 'generator:source': 'wind', 'generator:type': 'horizontal_axis', 'name': 'Red Cap - Gibson Bay', 'operator': 'Red Cap', 'power': 'generator'}",2026-07-01 00:57:56.239172,https://www.openstreetmap.org/node/9983901765,-34.1393015,24.5126599
node/6053446568,6053446568,node,South Africa,generator,Missing output tag,none,"tags: {'generator:method': 'wind_turbine', 'generator:source': 'wind', 'generator:type': 'horizontal_axis', 'name': 'Red Cap - Gibson Bay', 'operator': 'Red Cap', 'power': 'generator'}",2026-07-01 00:57:56.239222,https://www.openstreetmap.org/node/6053446568,-34.1430488,24.4682801
node/6053446692,6053446692,node,South Africa,generator,Missing output tag,none,"tags: {'generator:method': 'wind_turbine', 'generator:source': 'wind', 'generator:type': 'horizontal_axis', 'name': 'Red Cap - Gibson Bay', 'operator': 'Red Cap', 'power': 'generator'}",2026-07-01 00:57:56.239272,https://www.openstreetmap.org/node/6053446692,-34.1515284,24.5386505
node/6053446578,6053446578,node,South Africa,generator,Missing output tag,none,"tags: {'generator:method': 'wind_turbine', 'generator:source': 'wind', 'generator:type': 'horizontal_axis', 'name': 'Red Cap - Gibson Bay', 'operator': 'Red Cap', 'power': 'generator'}",2026-07-01 00:57:56.239321,https://www.openstreetmap.org/node/6053446578,-34.1430932,24.499619
node/6053446688,6053446688,node,South Africa,generator,Missing output tag,none,"tags: {'generator:method': 'wind_turbine', 'generator:source': 'wind', 'generator:type': 'horizontal_axis', 'name': 'Red Cap - Gibson Bay', 'operator': 'Red Cap', 'power': 'generator'}",2026-07-01 00:57:56.239371,https://www.openstreetmap.org/node/6053446688,-34.1547601,24.571057
node/6053446575,6053446575,node,South Africa,generator,Missing output tag,none,"tags: {'generator:method': 'wind_turbine', 'generator:source': 'wind', 'power': 'generator'}",2026-07-01 00:57:56.239417,https://www.openstreetmap.org/node/6053446575,-34.1523363,24.4909179
node/6053446699,6053446699,node,South Africa,generator,Missing output tag,none,"tags: {'generator:method': 'wind_turbine', 'generator:source': 'wind', 'generator:type': 'horizontal_axis', 'name': 'Red Cap - Gibson Bay', 'operator': 'Red Cap', 'power': 'generator'}",2026-07-01 00:57:56.239467,https://www.openstreetmap.org/node/6053446699,-34.1550265,24.5207441
node/9983901764,9983901764,node,South Africa,generator,Missing output tag,none,"tags: {'generator:method': 'wind_turbine', 'generator:source': 'wind', 'generator:type': 'horizontal_axis', 'name': 'Red Cap - Gibson Bay', 'operator': 'Red Cap', 'power': 'generator'}",2026-07-01 00:57:56.239516,https://www.openstreetmap.org/node/9983901764,-34.1586577,24.5406997
node/6053446571,6053446571,node,South Africa,generator,Missing output tag,none,"tags: {'generator:method': 'wind_turbine', 'generator:source': 'wind', 'generator:type': 'horizontal_axis', 'name': 'Red Cap - Gibson Bay', 'operator': 'Red Cap', 'power': 'generator'}",2026-07-01 00:57:56.239565,https://www.openstreetmap.org/node/6053446571,-34.1473109,24.483
node/6053446687,6053446687,node,South Africa,generator,Missing output tag,none,"tags: {'generator:method': 'wind_turbine', 'generator:source': 'wind', 'generator:type': 'horizontal_axis', 'name': 'Red Cap - Gibson Bay', 'operator': 'Red Cap', 'power': 'generator'}",2026-07-01 00:57:56.239613,https://www.openstreetmap.org/node/6053446687,-34.1500989,24.5729023
node/6053446538,6053446538,node,South Africa,generator,Missing output tag,none,"tags: {'generator:method': 'wind_turbine', 'generator:source': 'wind', 'generator:type': 'horizontal_axis', 'name': 'Red Cap - Gibson Bay', 'operator': 'Red Cap', 'power': 'generator'}",2026-07-01 00:57:56.239662,https://www.openstreetmap.org/node/6053446538,-34.1310871,24.4646966
node/6053446695,6053446695,node,South Africa,generator,Missing output tag,none,"tags: {'generator:method': 'wind_turbine', 'generator:source': 'wind', 'generator:type': 'horizontal_axis', 'name': 'Red Cap - Gibson Bay', 'operator': 'Red Cap', 'power': 'generator'}",2026-07-01 00:57:56.239711,https://www.openstreetmap.org/node/6053446695,-34.1480034,24.5135558
node/6053446581,6053446581,node,South Africa,generator,Missing output tag,none,"tags: {'generator:method': 'wind_turbine', 'generator:source': 'wind', 'generator:type': 'horizontal_axis', 'name': 'Red Cap - Gibson Bay', 'operator': 'Red Cap', 'power': 'generator'}",2026-07-01 00:57:56.239760,https://www.openstreetmap.org/node/6053446581,-34.1387864,24.5253789
node/6053446691,6053446691,node,South Africa,generator,Missing output tag,none,"tags: {'generator:method': 'wind_turbine', 'generator:source': 'wind', 'generator:type': 'horizontal_axis', 'name': 'Red Cap - Gibson Bay', 'operator': 'Red Cap', 'power': 'generator'}",2026-07-01 00:57:56.239845,https://www.openstreetmap.org/node/6053446691,-34.1474263,24.5354104
node/6053446574,6053446574,node,South Africa,generator,Missing output tag,none,"tags: {'generator:method': 'wind_turbine', 'generator:source': 'wind', 'generator:type': 'horizontal_axis', 'name': 'Red Cap - Gibson Bay', 'operator': 'Red Cap', 'power': 'generator'}",2026-07-01 00:57:56.239897,https://www.openstreetmap.org/node/6053446574,-34.1476305,24.4971299
node/6053446577,6053446577,node,South Africa,generator,Missing output tag,none,"tags: {'generator:method': 'wind_turbine', 'generator:source': 'wind', 'generator:type': 'horizontal_axis', 'name': 'Red Cap - Gibson Bay', 'operator': 'Red Cap', 'power': 'generator'}",2026-07-01 00:57:56.239945,https://www.openstreetmap.org/node/6053446577,-34.1432974,24.4931066
node/6053446698,6053446698,node,South Africa,generator,Missing output tag,none,"tags: {'generator:method': 'wind_turbine', 'generator:source': 'wind', 'generator:type': 'horizontal_axis', 'name': 'Red Cap - Gibson Bay', 'operator': 'Red Cap', 'power': 'generator'}",2026-07-01 00:57:56.239994,https://www.openstreetmap.org/node/6053446698,-34.1526737,24.5248961
node/6053446584,6053446584,node,South Africa,generator,Missing output tag,none,"tags: {'generator:method': 'wind_turbine', 'generator:source': 'wind', 'generator:type': 'horizontal_axis', 'name': 'Red Cap - Gibson Bay', 'operator': 'Red Cap', 'power': 'generator'}",2026-07-01 00:57:56.240041,https://www.openstreetmap.org/node/6053446584,-34.1389729,24.533329
node/6053446570,6053446570,node,South Africa,generator,Missing output tag,none,"tags: {'generator:method': 'wind_turbine', 'generator:source': 'wind', 'generator:type': 'horizontal_axis', 'name': 'Red Cap - Gibson Bay', 'operator': 'Red Cap', 'power': 'generator'}",2026-07-01 00:57:56.240090,https://www.openstreetmap.org/node/6053446570,-34.1436437,24.4782901
node/6053446686,6053446686,node,South Africa,generator,Missing output tag,none,"tags: {'generator:method': 'wind_turbine', 'generator:source': 'wind', 'generator:type': 'horizontal_axis', 'name': 'Red Cap - Gibson Bay', 'operator': 'Red Cap', 'power': 'generator'}",2026-07-01 00:57:56.240137,https://www.openstreetmap.org/node/6053446686,-34.1459257,24.570483
node/6053446694,6053446694,node,South Africa,generator,Missing output tag,none,"tags: {'generator:method': 'wind_turbine', 'generator:source': 'wind', 'generator:type': 'horizontal_axis', 'name': 'Red Cap - Gibson Bay', 'operator': 'Red Cap', 'power': 'generator'}",2026-07-01 00:57:56.240185,https://www.openstreetmap.org/node/6053446694,-34.1497704,24.5285439
node/6053446580,6053446580,node,South Africa,generator,Missing output tag,none,"tags: {'generator:method': 'wind_turbine', 'generator:source': 'wind', 'generator:type': 'horizontal_axis', 'name': 'Red Cap - Gibson Bay', 'operator': 'Red Cap', 'power': 'generator'}",2026-07-01 00:57:56.240232,https://www.openstreetmap.org/node/6053446580,-34.1432796,24.5143282
node/9983901763,9983901763,node,South Africa,generator,Missing output tag,none,"tags: {'generator:method': 'wind_turbine', 'generator:source': 'wind', 'generator:type': 'horizontal_axis', 'name': 'Red Cap - Gibson Bay', 'operator': 'Red Cap', 'power': 'generator'}",2026-07-01 00:57:56.240280,https://www.openstreetmap.org/node/9983901763,-34.156578,24.5453346
node/6053446537,6053446537,node,South Africa,generator,Missing output tag,none,"tags: {'generator:method': 'wind_turbine', 'generator:source': 'wind', 'generator:type': 'horizontal_axis', 'name': 'Red Cap - Gibson Bay', 'operator': 'Red Cap', 'power': 'generator'}",2026-07-01 00:57:56.240328,https://www.openstreetmap.org/node/6053446537,-34.1261625,24.4602388
node/6053446690,6053446690,node,South Africa,generator,Missing output tag,none,"tags: {'generator:method': 'wind_turbine', 'generator:source': 'wind', 'generator:type': 'horizontal_axis', 'name': 'Red Cap - Gibson Bay', 'operator': 'Red Cap', 'power': 'generator'}",2026-07-01 00:57:56.240375,https://www.openstreetmap.org/node/6053446690,-34.1502143,24.5458657
node/6053446576,6053446576,node,South Africa,generator,Missing output tag,none,"tags: {'generator:method': 'wind_turbine', 'generator:source': 'wind', 'power': 'generator'}",2026-07-01 00:57:56.240420,https://www.openstreetmap.org/node/6053446576,-34.1517503,24.4981062
node/6053446573,6053446573,node,South Africa,generator,Missing output tag,none,"tags: {'generator:method': 'wind_turbine', 'generator:source': 'wind', 'generator:type': 'horizontal_axis', 'name': 'Red Cap - Gibson Bay', 'operator': 'Red Cap', 'power': 'generator'}",2026-07-01 00:57:56.240468,https://www.openstreetmap.org/node/6053446573,-34.1475506,24.4906175
node/6053446697,6053446697,node,South Africa,generator,Missing output tag,none,"tags: {'generator:method': 'wind_turbine', 'generator:source': 'wind', 'generator:type': 'horizontal_axis', 'name': 'Red Cap - Gibson Bay', 'operator': 'Red Cap', 'power': 'generator'}",2026-07-01 00:57:56.240516,https://www.openstreetmap.org/node/6053446697,-34.1532419,24.5113456
node/6053446583,6053446583,node,South Africa,generator,Missing output tag,none,"tags: {'generator:method': 'wind_turbine', 'generator:source': 'wind', 'generator:type': 'horizontal_axis', 'name': 'Red Cap - Gibson Bay', 'operator': 'Red Cap', 'power': 'generator'}",2026-07-01 00:57:56.240563,https://www.openstreetmap.org/node/6053446583,-34.1428534,24.5244992
node/6053446569,6053446569,node,South Africa,generator,Missing output tag,none,"tags: {'generator:method': 'wind_turbine', 'generator:source': 'wind', 'generator:type': 'horizontal_axis', 'name': 'Red Cap - Gibson Bay', 'operator': 'Red Cap', 'power': 'generator'}",2026-07-01 00:57:56.240611,https://www.openstreetmap.org/node/6053446569,-34.1400119,24.4600886
node/6053446685,6053446685,node,South Africa,generator,Missing output tag,none,"tags: {'generator:method': 'wind_turbine', 'generator:source': 'wind', 'generator:type': 'horizontal_axis', 'name': 'Red Cap - Gibson Bay', 'operator': 'Red Cap', 'power': 'generator'}",2026-07-01 00:57:56.240658,https://www.openstreetmap.org/node/6053446685,-34.1395679,24.540807
node/6053446693,6053446693,node,South Africa,generator,Missing output tag,none,"tags: {'generator:method': 'wind_turbine', 'generator:source': 'wind', 'generator:type': 'horizontal_axis', 'name': 'Red Cap - Gibson Bay', 'operator': 'Red Cap', 'power': 'generator'}",2026-07-01 00:57:56.240706,https://www.openstreetmap.org/node/6053446693,-34.1470534,24.5272457
node/6053446579,6053446579,node,South Africa,generator,Missing output tag,none,"tags: {'generator:method': 'wind_turbine', 'generator:source': 'wind', 'generator:type': 'horizontal_axis', 'name': 'Red Cap - Gibson Bay', 'operator': 'Red Cap', 'power': 'generator'}",2026-07-01 00:57:56.240754,https://www.openstreetmap.org/node/6053446579,-34.1420542,24.5067322
node/6053446689,6053446689,node,South Africa,generator,Missing output tag,none,"tags: {'generator:method': 'wind_turbine', 'generator:source': 'wind', 'generator:type': 'horizontal_axis', 'name': 'Red Cap - Gibson Bay', 'operator': 'Red Cap', 'power': 'generator'}",2026-07-01 00:57:56.240801,https://www.openstreetmap.org/node/6053446689,-34.1581072,24.5522654
node/6053446572,6053446572,node,South Africa,generator,Missing output tag,none,"tags: {'generator:method': 'wind_turbine', 'generator:source': 'wind', 'generator:type': 'horizontal_axis', 'name': 'Red Cap - Gibson Bay', 'operator': 'Red Cap', 'power': 'generator'}",2026-07-01 00:57:56.240865,https://www.openstreetmap.org/node/6053446572,-34.1422674,24.4864225
node/9983901908,9983901908,node,South Africa,generator,Capacity placeholder value,yes,Tag 'generator:output:electricity' contains placeholder value 'yes' instead of actual capacity,2026-07-01 00:57:56.245782,https://www.openstreetmap.org/node/9983901908,-34.1164879,24.6293682
node/9983901909,9983901909,node,South Africa,generator,Capacity placeholder value,yes,Tag 'generator:output:electricity' contains placeholder value 'yes' instead of actual capacity,2026-07-01 00:57:56.245802,https://www.openstreetmap.org/node/9983901909,-34.1148735,24.6240359
node/9983901910,9983901910,node,South Africa,generator,Capacity placeholder value,yes,Tag 'generator:output:electricity' contains placeholder value 'yes' instead of actual capacity,2026-07-01 00:57:56.245840,https://www.openstreetmap.org/node/9983901910,-34.1117024,24.6245992
node/9983901911,9983901911,node,South Africa,generator,Capacity placeholder value,yes,Tag 'generator:output:electricity' contains placeholder value 'yes' instead of actual capacity,2026-07-01 00:57:56.245853,https://www.openstreetmap.org/node/9983901911,-34.106981,24.6315032
node/9983901904,9983901904,node,South Africa,generator,Capacity placeholder value,yes,Tag 'generator:output:electricity' contains placeholder value 'yes' instead of actual capacity,2026-07-01 00:57:56.245865,https://www.openstreetmap.org/node/9983901904,-34.1181955,24.6546453
node/9983901905,9983901905,node,South Africa,generator,Capacity placeholder value,yes,Tag 'generator:output:electricity' contains placeholder value 'yes' instead of actual capacity,2026-07-01 00:57:56.245876,https://www.openstreetmap.org/node/9983901905,-34.1169387,24.6484494
node/9983901906,9983901906,node,South Africa,generator,Capacity placeholder value,yes,Tag 'generator:output:electricity' contains placeholder value 'yes' instead of actual capacity,2026-07-01 00:57:56.245888,https://www.openstreetmap.org/node/9983901906,-34.1201674,24.6491522
node/9983901907,9983901907,node,South Africa,generator,Capacity placeholder value,yes,Tag 'generator:output:electricity' contains placeholder value 'yes' instead of actual capacity,2026-07-01 00:57:56.245899,https://www.openstreetmap.org/node/9983901907,-34.1133102,24.6301353
node/9983901916,9983901916,node,South Africa,generator,Capacity placeholder value,yes,Tag 'generator:output:electricity' contains placeholder value 'yes' instead of actual capacity,2026-07-01 00:57:56.245909,https://www.openstreetmap.org/node/9983901916,-34.1197233,24.6303767
node/9983901917,9983901917,node,South Africa,generator,Capacity placeholder value,yes,Tag 'generator:output:electricity' contains placeholder value 'yes' instead of actual capacity,2026-07-01 00:57:56.245920,https://www.openstreetmap.org/node/9983901917,-34.120989,24.6363097
node/9983901918,9983901918,node,South Africa,generator,Capacity placeholder value,yes,Tag 'generator:output:electricity' contains placeholder value 'yes' instead of actual capacity,2026-07-01 00:57:56.245930,https://www.openstreetmap.org/node/9983901918,-34.1230895,24.6308863
node/9983901919,9983901919,node,South Africa,generator,Capacity placeholder value,yes,Tag 'generator:output:electricity' contains placeholder value 'yes' instead of actual capacity,2026-07-01 00:57:56.245941,https://www.openstreetmap.org/node/9983901919,-34.1262602,24.6308434
node/9983901912,9983901912,node,South Africa,generator,Capacity placeholder value,yes,Tag 'generator:output:electricity' contains placeholder value 'yes' instead of actual capacity,2026-07-01 00:57:56.245951,https://www.openstreetmap.org/node/9983901912,-34.1101656,24.630484
node/9983901913,9983901913,node,South Africa,generator,Capacity placeholder value,yes,Tag 'generator:output:electricity' contains placeholder value 'yes' instead of actual capacity,2026-07-01 00:57:56.245963,https://www.openstreetmap.org/node/9983901913,-34.1113426,24.6371251
node/9983901914,9983901914,node,South Africa,generator,Capacity placeholder value,yes,Tag 'generator:output:electricity' contains placeholder value 'yes' instead of actual capacity,2026-07-01 00:57:56.245974,https://www.openstreetmap.org/node/9983901914,-34.1145449,24.6359879
node/9983901915,9983901915,node,South Africa,generator,Capacity placeholder value,yes,Tag 'generator:output:electricity' contains placeholder value 'yes' instead of actual capacity,2026-07-01 00:57:56.245984,https://www.openstreetmap.org/node/9983901915,-34.117787,24.6359503
node/9983901892,9983901892,node,South Africa,generator,Capacity placeholder value,yes,Tag 'generator:output:electricity' contains placeholder value 'yes' instead of actual capacity,2026-07-01 00:57:56.245994,https://www.openstreetmap.org/node/9983901892,-34.121473,24.6750355
node/9983901893,9983901893,node,South Africa,generator,Capacity placeholder value,yes,Tag 'generator:output:electricity' contains placeholder value 'yes' instead of actual capacity,2026-07-01 00:57:56.246006,https://www.openstreetmap.org/node/9983901893,-34.1182977,24.6762747
node/9983901894,9983901894,node,South Africa,generator,Capacity placeholder value,yes,Tag 'generator:output:electricity' contains placeholder value 'yes' instead of actual capacity,2026-07-01 00:57:56.246016,https://www.openstreetmap.org/node/9983901894,-34.1144694,24.6760547
node/9983901895,9983901895,node,South Africa,generator,Capacity placeholder value,yes,Tag 'generator:output:electricity' contains placeholder value 'yes' instead of actual capacity,2026-07-01 00:57:56.246026,https://www.openstreetmap.org/node/9983901895,-34.1171963,24.6706098
node/9983901888,9983901888,node,South Africa,generator,Capacity placeholder value,yes,Tag 'generator:output:electricity' contains placeholder value 'yes' instead of actual capacity,2026-07-01 00:57:56.246035,https://www.openstreetmap.org/node/9983901888,-34.11025,24.6673912
node/9983901889,9983901889,node,South Africa,generator,Capacity placeholder value,yes,Tag 'generator:output:electricity' contains placeholder value 'yes' instead of actual capacity,2026-07-01 00:57:56.246046,https://www.openstreetmap.org/node/9983901889,-34.111437,24.6728629
node/9983901890,9983901890,node,South Africa,generator,Capacity placeholder value,yes,Tag 'generator:output:electricity' contains placeholder value 'yes' instead of actual capacity,2026-07-01 00:57:56.246056,https://www.openstreetmap.org/node/9983901890,-34.1246771,24.6798688
node/9983901891,9983901891,node,South Africa,generator,Capacity placeholder value,yes,Tag 'generator:output:electricity' contains placeholder value 'yes' instead of actual capacity,2026-07-01 00:57:56.246066,https://www.openstreetmap.org/node/9983901891,-34.1215618,24.6818215
node/9983901900,9983901900,node,South Africa,generator,Capacity placeholder value,yes,Tag 'generator:output:electricity' contains placeholder value 'yes' instead of actual capacity,2026-07-01 00:57:56.246077,https://www.openstreetmap.org/node/9983901900,-34.1197721,24.6663612
node/9983901901,9983901901,node,South Africa,generator,Capacity placeholder value,yes,Tag 'generator:output:electricity' contains placeholder value 'yes' instead of actual capacity,2026-07-01 00:57:56.246087,https://www.openstreetmap.org/node/9983901901,-34.1228763,24.6618551
node/9983901902,9983901902,node,South Africa,generator,Capacity placeholder value,yes,Tag 'generator:output:electricity' contains placeholder value 'yes' instead of actual capacity,2026-07-01 00:57:56.246096,https://www.openstreetmap.org/node/9983901902,-34.1199054,24.6598488
node/9983901903,9983901903,node,South Africa,generator,Capacity placeholder value,yes,Tag 'generator:output:electricity' contains placeholder value 'yes' instead of actual capacity,2026-07-01 00:57:56.246106,https://www.openstreetmap.org/node/9983901903,-34.1150023,24.6541625
node/9983901896,9983901896,node,South Africa,generator,Capacity placeholder value,yes,Tag 'generator:output:electricity' contains placeholder value 'yes' instead of actual capacity,2026-07-01 00:57:56.246115,https://www.openstreetmap.org/node/9983901896,-34.1145316,24.667359
node/9983901897,9983901897,node,South Africa,generator,Capacity placeholder value,yes,Tag 'generator:output:electricity' contains placeholder value 'yes' instead of actual capacity,2026-07-01 00:57:56.246125,https://www.openstreetmap.org/node/9983901897,-34.1124974,24.6623808
node/9983901898,9983901898,node,South Africa,generator,Capacity placeholder value,yes,Tag 'generator:output:electricity' contains placeholder value 'yes' instead of actual capacity,2026-07-01 00:57:56.246135,https://www.openstreetmap.org/node/9983901898,-34.1156374,24.6607447
node/9983901899,9983901899,node,South Africa,generator,Capacity placeholder value,yes,Tag 'generator:output:electricity' contains placeholder value 'yes' instead of actual capacity,2026-07-01 00:57:56.246145,https://www.openstreetmap.org/node/9983901899,-34.1226499,24.6686894
node/9983901884,9983901884,node,South Africa,generator,Capacity placeholder value,yes,Tag 'generator:output:electricity' contains placeholder value 'yes' instead of actual capacity,2026-07-01 00:57:56.246155,https://www.openstreetmap.org/node/9983901884,-34.1278544,24.6676111
node/9983901885,9983901885,node,South Africa,generator,Capacity placeholder value,yes,Tag 'generator:output:electricity' contains placeholder value 'yes' instead of actual capacity,2026-07-01 00:57:56.246165,https://www.openstreetmap.org/node/9983901885,-34.1299326,24.6731177
node/9983901886,9983901886,node,South Africa,generator,Capacity placeholder value,yes,Tag 'generator:output:electricity' contains placeholder value 'yes' instead of actual capacity,2026-07-01 00:57:56.246175,https://www.openstreetmap.org/node/9983901886,-34.103854,24.6710819
node/9983901887,9983901887,node,South Africa,generator,Capacity placeholder value,yes,Tag 'generator:output:electricity' contains placeholder value 'yes' instead of actual capacity,2026-07-01 00:57:56.246185,https://www.openstreetmap.org/node/9983901887,-34.1072164,24.6699715
node/9983901883,9983901883,node,South Africa,generator,Capacity placeholder value,yes,Tag 'generator:output:electricity' contains placeholder value 'yes' instead of actual capacity,2026-07-01 00:57:56.246195,https://www.openstreetmap.org/node/9983901883,-34.1252966,24.6719134
node/9983901920,9983901920,node,South Africa,generator,Capacity placeholder value,yes,Tag 'generator:output:electricity' contains placeholder value 'yes' instead of actual capacity,2026-07-01 00:57:56.246205,https://www.openstreetmap.org/node/9983901920,-34.1241331,24.6368998
node/9983901921,9983901921,node,South Africa,generator,Capacity placeholder value,yes,Tag 'generator:output:electricity' contains placeholder value 'yes' instead of actual capacity,2026-07-01 00:57:56.246215,https://www.openstreetmap.org/node/9983901921,-34.127286,24.6369803
node/10042877576,10042877576,node,South Africa,generator,Capacity placeholder value,yes,Tag 'generator:output:electricity' contains placeholder value 'yes' instead of actual capacity,2026-07-01 00:57:56.246224,https://www.openstreetmap.org/node/10042877576,-34.1083757,24.6400219
node/10042877575,10042877575,node,South Africa,generator,Capacity placeholder value,yes,Tag 'generator:output:electricity' contains placeholder value 'yes' instead of actual capacity,2026-07-01 00:57:56.246234,https://www.openstreetmap.org/node/10042877575,-34.104578,24.6399039
node/6053446709,6053446709,node,South Africa,generator,Missing output tag,none,"tags: {'generator:method': 'wind_turbine', 'generator:source': 'wind', 'power': 'generator'}",2026-07-01 00:57:56.247764,https://www.openstreetmap.org/node/6053446709,-34.1377141,24.7084518
node/6053446721,6053446721,node,South Africa,generator,Missing output tag,none,"tags: {'generator:method': 'wind_turbine', 'generator:source': 'wind', 'power': 'generator'}",2026-07-01 00:57:56.247846,https://www.openstreetmap.org/node/6053446721,-34.1457126,24.7013855
node/6053446720,6053446720,node,South Africa,generator,Missing output tag,none,"tags: {'generator:method': 'wind_turbine', 'generator:source': 'wind', 'power': 'generator'}",2026-07-01 00:57:56.247896,https://www.openstreetmap.org/node/6053446720,-34.1496372,24.7040892
node/6053446723,6053446723,node,South Africa,generator,Missing output tag,none,"tags: {'generator:method': 'wind_turbine', 'generator:source': 'wind', 'power': 'generator'}",2026-07-01 00:57:56.247943,https://www.openstreetmap.org/node/6053446723,-34.1353942,24.6977323
node/6053446722,6053446722,node,South Africa,generator,Missing output tag,none,"tags: {'generator:method': 'wind_turbine', 'generator:source': 'wind', 'power': 'generator'}",2026-07-01 00:57:56.247990,https://www.openstreetmap.org/node/6053446722,-34.1408866,24.7009724
node/6053446725,6053446725,node,South Africa,generator,Missing output tag,none,"tags: {'generator:method': 'wind_turbine', 'generator:source': 'wind', 'power': 'generator'}",2026-07-01 00:57:56.248037,https://www.openstreetmap.org/node/6053446725,-34.1418411,24.6756899
node/6053446724,6053446724,node,South Africa,generator,Missing output tag,none,"tags: {'generator:method': 'wind_turbine', 'generator:source': 'wind', 'power': 'generator'}",2026-07-01 00:57:56.248082,https://www.openstreetmap.org/node/6053446724,-34.1398476,24.6939182
node/6053446726,6053446726,node,South Africa,generator,Missing output tag,none,"tags: {'generator:method': 'wind_turbine', 'generator:source': 'wind', 'power': 'generator'}",2026-07-01 00:57:56.248128,https://www.openstreetmap.org/node/6053446726,-34.1419477,24.6854639
node/6053446729,6053446729,node,South Africa,generator,Missing output tag,none,"tags: {'generator:method': 'wind_turbine', 'generator:source': 'wind', 'power': 'generator'}",2026-07-01 00:57:56.248173,https://www.openstreetmap.org/node/6053446729,-34.1466571,24.6734744
node/6053446731,6053446731,node,South Africa,generator,Missing output tag,none,"tags: {'generator:method': 'wind_turbine', 'generator:source': 'wind', 'power': 'generator'}",2026-07-01 00:57:56.248219,https://www.openstreetmap.org/node/6053446731,-34.1459213,24.6886074
node/6053446701,6053446701,node,South Africa,generator,Missing output tag,none,"tags: {'generator:method': 'wind_turbine', 'generator:source': 'wind', 'power': 'generator'}",2026-07-01 00:57:56.248265,https://www.openstreetmap.org/node/6053446701,-34.1307807,24.683581
node/6053446700,6053446700,node,South Africa,generator,Missing output tag,none,"tags: {'generator:method': 'wind_turbine', 'generator:source': 'wind', 'power': 'generator'}",2026-07-01 00:57:56.248311,https://www.openstreetmap.org/node/6053446700,-34.136855,24.6782058
node/6053446703,6053446703,node,South Africa,generator,Missing output tag,none,"tags: {'generator:method': 'wind_turbine', 'generator:source': 'wind', 'power': 'generator'}",2026-07-01 00:57:56.248357,https://www.openstreetmap.org/node/6053446703,-34.1371547,24.6860594
node/6053446702,6053446702,node,South Africa,generator,Missing output tag,none,"tags: {'generator:method': 'wind_turbine', 'generator:source': 'wind', 'power': 'generator'}",2026-07-01 00:57:56.248403,https://www.openstreetmap.org/node/6053446702,-34.1324769,24.6894658
node/6053446708,6053446708,node,South Africa,generator,Missing output tag,none,"tags: {'generator:method': 'wind_turbine', 'generator:source': 'wind', 'power': 'generator'}",2026-07-01 00:57:56.248449,https://www.openstreetmap.org/node/6053446708,-34.1376764,24.7155583
node/6053446710,6053446710,node,South Africa,generator,Missing output tag,none,"tags: {'generator:method': 'wind_turbine', 'generator:source': 'wind', 'power': 'generator'}",2026-07-01 00:57:56.248495,https://www.openstreetmap.org/node/6053446710,-34.143031,24.7159606
node/6053446707,6053446707,node,South Africa,generator,Missing output tag,none,"tags: {'generator:method': 'wind_turbine', 'generator:source': 'wind', 'power': 'generator'}",2026-07-01 00:57:56.248541,https://www.openstreetmap.org/node/6053446707,-34.1334582,24.7202361
node/6053446706,6053446706,node,South Africa,generator,Missing output tag,none,"tags: {'generator:method': 'wind_turbine', 'generator:source': 'wind', 'power': 'generator'}",2026-07-01 00:57:56.248589,https://www.openstreetmap.org/node/6053446706,-34.1290978,24.7184014
node/6053446719,6053446719,node,South Africa,generator,Missing output tag,none,"tags: {'generator:method': 'wind_turbine', 'generator:source': 'wind', 'power': 'generator'}",2026-07-01 00:57:56.248635,https://www.openstreetmap.org/node/6053446719,-34.161028,24.7159231
node/6053446718,6053446718,node,South Africa,generator,Missing output tag,none,"tags: {'generator:method': 'wind_turbine', 'generator:source': 'wind', 'power': 'generator'}",2026-07-01 00:57:56.248683,https://www.openstreetmap.org/node/6053446718,-34.1588263,24.7281754
node/6053446717,6053446717,node,South Africa,generator,Missing output tag,none,"tags: {'generator:method': 'wind_turbine', 'generator:source': 'wind', 'power': 'generator'}",2026-07-01 00:57:56.248729,https://www.openstreetmap.org/node/6053446717,-34.1555503,24.739505
node/6053446727,6053446727,node,South Africa,generator,Missing output tag,none,"tags: {'generator:method': 'wind_turbine', 'generator:source': 'wind', 'power': 'generator'}",2026-07-01 00:57:56.248774,https://www.openstreetmap.org/node/6053446727,-34.1627592,24.6830821
node/6053446704,6053446704,node,South Africa,generator,Missing output tag,none,"tags: {'generator:method': 'wind_turbine', 'generator:source': 'wind', 'power': 'generator'}",2026-07-01 00:57:56.248841,https://www.openstreetmap.org/node/6053446704,-34.1220637,24.7161913
node/6053446705,6053446705,node,South Africa,generator,Missing output tag,none,"tags: {'generator:method': 'wind_turbine', 'generator:source': 'wind', 'power': 'generator'}",2026-07-01 00:57:56.248895,https://www.openstreetmap.org/node/6053446705,-34.1198698,24.7063637
node/6053446712,6053446712,node,South Africa,generator,Missing output tag,none,"tags: {'generator:method': 'wind_turbine', 'generator:source': 'wind', 'power': 'generator'}",2026-07-01 00:57:56.248942,https://www.openstreetmap.org/node/6053446712,-34.1328455,24.7441292
node/6053446714,6053446714,node,South Africa,generator,Missing output tag,none,"tags: {'generator:method': 'wind_turbine', 'generator:source': 'wind', 'power': 'generator'}",2026-07-01 00:57:56.248987,https://www.openstreetmap.org/node/6053446714,-34.1388486,24.753356
node/6053446715,6053446715,node,South Africa,generator,Missing output tag,none,"tags: {'generator:method': 'wind_turbine', 'generator:source': 'wind', 'power': 'generator'}",2026-07-01 00:57:56.249033,https://www.openstreetmap.org/node/6053446715,-34.1439545,24.7539139
node/6053446728,6053446728,node,South Africa,generator,Missing output tag,none,"tags: {'generator:method': 'wind_turbine', 'generator:source': 'wind', 'power': 'generator'}",2026-07-01 00:57:56.249079,https://www.openstreetmap.org/node/6053446728,-34.1594655,24.6680725
node/6053446730,6053446730,node,South Africa,generator,Missing output tag,none,"tags: {'generator:method': 'wind_turbine', 'generator:source': 'wind', 'power': 'generator'}",2026-07-01 00:57:56.249125,https://www.openstreetmap.org/node/6053446730,-34.145091,24.6806145
node/6053446716,6053446716,node,South Africa,generator,Missing output tag,none,"tags: {'generator:method': 'wind_turbine', 'generator:source': 'wind', 'power': 'generator'}",2026-07-01 00:57:56.249172,https://www.openstreetmap.org/node/6053446716,-34.1384756,24.7424233
node/6053446713,6053446713,node,South Africa,generator,Missing output tag,none,"tags: {'generator:method': 'wind_turbine', 'generator:source': 'wind', 'power': 'generator'}",2026-07-01 00:57:56.249218,https://www.openstreetmap.org/node/6053446713,-34.1359981,24.7489142
node/6053446711,6053446711,node,South Africa,generator,Missing output tag,none,"tags: {'generator:method': 'wind_turbine', 'generator:source': 'wind', 'power': 'generator'}",2026-07-01 00:57:56.249264,https://www.openstreetmap.org/node/6053446711,-34.1294441,24.7389579
relation/15600074,15600074,relation,South Africa,plant,Capacity placeholder value,yes,Tag 'plant:output:electricity' contains placeholder value 'yes' instead of actual capacity,2026-07-01 00:57:56.254254,https://www.openstreetmap.org/relation/15600074,-26.561523926664332,29.159821306737452
relation/15874130,15874130,relation,South Africa,plant,Capacity placeholder value,yes,Tag 'plant:output:electricity' contains placeholder value 'yes' instead of actual capacity,2026-07-01 00:57:56.254961,https://www.openstreetmap.org/relation/15874130,-26.820931192783522,27.848202209052427
node/11446843704,11446843704,node,South Africa,generator,Capacity placeholder value,yes,Tag 'generator:output:electricity' contains placeholder value 'yes' instead of actual capacity,2026-07-01 00:57:56.256192,https://www.openstreetmap.org/node/11446843704,-31.2195536,25.0511491
node/11446843710,11446843710,node,South Africa,generator,Capacity placeholder value,yes,Tag 'generator:output:electricity' contains placeholder value 'yes' instead of actual capacity,2026-07-01 00:57:56.256211,https://www.openstreetmap.org/node/11446843710,-31.212813,25.0272694
node/11446843698,11446843698,node,South Africa,generator,Capacity placeholder value,yes,Tag 'generator:output:electricity' contains placeholder value 'yes' instead of actual capacity,2026-07-01 00:57:56.256224,https://www.openstreetmap.org/node/11446843698,-31.2128969,25.0327975
node/11446843699,11446843699,node,South Africa,generator,Capacity placeholder value,yes,Tag 'generator:output:electricity' contains placeholder value 'yes' instead of actual capacity,2026-07-01 00:57:56.256236,https://www.openstreetmap.org/node/11446843699,-31.2114954,25.0381611
node/11446843700,11446843700,node,South Africa,generator,Capacity placeholder value,yes,Tag 'generator:output:electricity' contains placeholder value 'yes' instead of actual capacity,2026-07-01 00:57:56.256247,https://www.openstreetmap.org/node/11446843700,-31.208608,25.0472193
node/11446843705,11446843705,node,South Africa,generator,Capacity placeholder value,yes,Tag 'generator:output:electricity' contains placeholder value 'yes' instead of actual capacity,2026-07-01 00:57:56.256258,https://www.openstreetmap.org/node/11446843705,-31.2218178,25.0468173
node/11446843706,11446843706,node,South Africa,generator,Capacity placeholder value,yes,Tag 'generator:output:electricity' contains placeholder value 'yes' instead of actual capacity,2026-07-01 00:57:56.256268,https://www.openstreetmap.org/node/11446843706,-31.2273387,25.040164
node/11446843707,11446843707,node,South Africa,generator,Capacity placeholder value,yes,Tag 'generator:output:electricity' contains placeholder value 'yes' instead of actual capacity,2026-07-01 00:57:56.256278,https://www.openstreetmap.org/node/11446843707,-31.2342474,25.0350962
node/11446843708,11446843708,node,South Africa,generator,Capacity placeholder value,yes,Tag 'generator:output:electricity' contains placeholder value 'yes' instead of actual capacity,2026-07-01 00:57:56.256288,https://www.openstreetmap.org/node/11446843708,-31.2391902,25.0106072
node/11446843709,11446843709,node,South Africa,generator,Capacity placeholder value,yes,Tag 'generator:output:electricity' contains placeholder value 'yes' instead of actual capacity,2026-07-01 00:57:56.256298,https://www.openstreetmap.org/node/11446843709,-31.2396637,25.0037263
node/11446843702,11446843702,node,South Africa,generator,Missing output tag,none,"tags: {'generator:method': 'wind_turbine', 'generator:source': 'wind', 'power': 'generator'}",2026-07-01 00:57:56.256352,https://www.openstreetmap.org/node/11446843702,-31.2231867,25.0620129
node/11446843701,11446843701,node,South Africa,generator,Missing output tag,none,"tags: {'generator:method': 'wind_turbine', 'generator:source': 'wind', 'power': 'generator'}",2026-07-01 00:57:56.256402,https://www.openstreetmap.org/node/11446843701,-31.2300179,25.0682565
node/11446843703,11446843703,node,South Africa,generator,Missing output tag,none,"tags: {'generator:method': 'wind_turbine', 'generator:source': 'wind', 'power': 'generator'}",2026-07-01 00:57:56.256451,https://www.openstreetmap.org/node/11446843703,-31.2375945,25.0736505
node/12723117671,12723117671,node,South Africa,generator,Capacity placeholder value,yes,Tag 'generator:output:electricity' contains placeholder value 'yes' instead of actual capacity,2026-07-01 00:57:56.256460,https://www.openstreetmap.org/node/12723117671,-31.226772,25.0281039
node/12723117672,12723117672,node,South Africa,generator,Capacity placeholder value,yes,Tag 'generator:output:electricity' contains placeholder value 'yes' instead of actual capacity,2026-07-01 00:57:56.256471,https://www.openstreetmap.org/node/12723117672,-31.2268087,25.0219885
node/12723117673,12723117673,node,South Africa,generator,Capacity placeholder value,yes,Tag 'generator:output:electricity' contains placeholder value 'yes' instead of actual capacity,2026-07-01 00:57:56.256481,https://www.openstreetmap.org/node/12723117673,-31.2288821,25.0185552
node/12723117674,12723117674,node,South Africa,generator,Capacity placeholder value,yes,Tag 'generator:output:electricity' contains placeholder value 'yes' instead of actual capacity,2026-07-01 00:57:56.256491,https://www.openstreetmap.org/node/12723117674,-31.2273408,25.0078908
node/12723117675,12723117675,node,South Africa,generator,Capacity placeholder value,yes,Tag 'generator:output:electricity' contains placeholder value 'yes' instead of actual capacity,2026-07-01 00:57:56.256502,https://www.openstreetmap.org/node/12723117675,-31.2277995,25.0030199
node/12723117650,12723117650,node,South Africa,generator,Capacity placeholder value,yes,Tag 'generator:output:electricity' contains placeholder value 'yes' instead of actual capacity,2026-07-01 00:57:56.256513,https://www.openstreetmap.org/node/12723117650,-31.2410858,25.0345391
node/12723117651,12723117651,node,South Africa,generator,Capacity placeholder value,yes,Tag 'generator:output:electricity' contains placeholder value 'yes' instead of actual capacity,2026-07-01 00:57:56.256523,https://www.openstreetmap.org/node/12723117651,-31.2488724,25.029135
node/12723117652,12723117652,node,South Africa,generator,Capacity placeholder value,yes,Tag 'generator:output:electricity' contains placeholder value 'yes' instead of actual capacity,2026-07-01 00:57:56.256534,https://www.openstreetmap.org/node/12723117652,-31.2575381,25.0299853
node/12723117653,12723117653,node,South Africa,generator,Capacity placeholder value,yes,Tag 'generator:output:electricity' contains placeholder value 'yes' instead of actual capacity,2026-07-01 00:57:56.256544,https://www.openstreetmap.org/node/12723117653,-31.2623947,25.0413236
node/12723117654,12723117654,node,South Africa,generator,Capacity placeholder value,yes,Tag 'generator:output:electricity' contains placeholder value 'yes' instead of actual capacity,2026-07-01 00:57:56.256554,https://www.openstreetmap.org/node/12723117654,-31.247292,25.0638153
node/12723117655,12723117655,node,South Africa,generator,Capacity placeholder value,yes,Tag 'generator:output:electricity' contains placeholder value 'yes' instead of actual capacity,2026-07-01 00:57:56.256565,https://www.openstreetmap.org/node/12723117655,-31.2485616,25.0721896
node/12723117656,12723117656,node,South Africa,generator,Capacity placeholder value,yes,Tag 'generator:output:electricity' contains placeholder value 'yes' instead of actual capacity,2026-07-01 00:57:56.256576,https://www.openstreetmap.org/node/12723117656,-31.2499893,25.0797073
node/11446843711,11446843711,node,South Africa,generator,Capacity placeholder value,yes,Tag 'generator:output:electricity' contains placeholder value 'yes' instead of actual capacity,2026-07-01 00:57:56.256587,https://www.openstreetmap.org/node/11446843711,-31.214461,25.0227555
node/11673199503,11673199503,node,South Africa,generator,Missing output tag,none,"tags: {'generator:method': 'wind_turbine', 'generator:source': 'wind', 'power': 'generator'}",2026-07-01 00:57:56.258235,https://www.openstreetmap.org/node/11673199503,-31.2716472,24.8956713
node/11446843720,11446843720,node,South Africa,generator,Missing output tag,none,"tags: {'generator:method': 'wind_turbine', 'generator:source': 'wind', 'power': 'generator'}",2026-07-01 00:57:56.258296,https://www.openstreetmap.org/node/11446843720,-31.2690187,24.899244
node/11446843721,11446843721,node,South Africa,generator,Missing output tag,none,"tags: {'generator:method': 'wind_turbine', 'generator:source': 'wind', 'power': 'generator'}",2026-07-01 00:57:56.258350,https://www.openstreetmap.org/node/11446843721,-31.2662791,24.9031361
node/11446843722,11446843722,node,South Africa,generator,Missing output tag,none,"tags: {'generator:method': 'wind_turbine', 'generator:source': 'wind', 'power': 'generator'}",2026-07-01 00:57:56.258402,https://www.openstreetmap.org/node/11446843722,-31.2636186,24.9070799
node/11446843723,11446843723,node,South Africa,generator,Missing output tag,none,"tags: {'generator:method': 'wind_turbine', 'generator:source': 'wind', 'power': 'generator'}",2026-07-01 00:57:56.258453,https://www.openstreetmap.org/node/11446843723,-31.263079,24.9154452
node/11446843832,11446843832,node,South Africa,generator,Missing output tag,none,"tags: {'generator:method': 'wind_turbine', 'generator:source': 'wind', 'power': 'generator'}",2026-07-01 00:57:56.258504,https://www.openstreetmap.org/node/11446843832,-31.2636104,24.9244491
node/11446843724,11446843724,node,South Africa,generator,Missing output tag,none,"tags: {'generator:method': 'wind_turbine', 'generator:source': 'wind', 'power': 'generator'}",2026-07-01 00:57:56.258556,https://www.openstreetmap.org/node/11446843724,-31.2609291,24.9279589
node/11446843719,11446843719,node,South Africa,generator,Missing output tag,none,"tags: {'generator:method': 'wind_turbine', 'generator:source': 'wind', 'power': 'generator'}",2026-07-01 00:57:56.258607,https://www.openstreetmap.org/node/11446843719,-31.2579723,24.889724
node/11446843718,11446843718,node,South Africa,generator,Missing output tag,none,"tags: {'generator:method': 'wind_turbine', 'generator:source': 'wind', 'power': 'generator'}",2026-07-01 00:57:56.258658,https://www.openstreetmap.org/node/11446843718,-31.2544784,24.8929953
node/11446843717,11446843717,node,South Africa,generator,Missing output tag,none,"tags: {'generator:method': 'wind_turbine', 'generator:source': 'wind', 'power': 'generator'}",2026-07-01 00:57:56.258709,https://www.openstreetmap.org/node/11446843717,-31.2498636,24.8936393
node/11446843809,11446843809,node,South Africa,generator,Missing output tag,none,"tags: {'generator:method': 'wind_turbine', 'generator:source': 'wind', 'power': 'generator'}",2026-07-01 00:57:56.258762,https://www.openstreetmap.org/node/11446843809,-31.2468846,24.8819971
node/11446843810,11446843810,node,South Africa,generator,Missing output tag,none,"tags: {'generator:method': 'wind_turbine', 'generator:source': 'wind', 'power': 'generator'}",2026-07-01 00:57:56.258835,https://www.openstreetmap.org/node/11446843810,-31.2414542,24.8717669
node/11446843716,11446843716,node,South Africa,generator,Missing output tag,none,"tags: {'generator:method': 'wind_turbine', 'generator:source': 'wind', 'power': 'generator'}",2026-07-01 00:57:56.258893,https://www.openstreetmap.org/node/11446843716,-31.2423971,24.9076412
node/11446843715,11446843715,node,South Africa,generator,Missing output tag,none,"tags: {'generator:method': 'wind_turbine', 'generator:source': 'wind', 'power': 'generator'}",2026-07-01 00:57:56.258945,https://www.openstreetmap.org/node/11446843715,-31.235314,24.9072428
node/11446843714,11446843714,node,South Africa,generator,Missing output tag,none,"tags: {'generator:method': 'wind_turbine', 'generator:source': 'wind', 'power': 'generator'}",2026-07-01 00:57:56.258995,https://www.openstreetmap.org/node/11446843714,-31.2330051,24.9119103
node/11446843713,11446843713,node,South Africa,generator,Missing output tag,none,"tags: {'generator:method': 'wind_turbine', 'generator:source': 'wind', 'power': 'generator'}",2026-07-01 00:57:56.259045,https://www.openstreetmap.org/node/11446843713,-31.2316604,24.917128
node/11446843712,11446843712,node,South Africa,generator,Missing output tag,none,"tags: {'generator:method': 'wind_turbine', 'generator:source': 'wind', 'power': 'generator'}",2026-07-01 00:57:56.259094,https://www.openstreetmap.org/node/11446843712,-31.2290751,24.9214587
node/12723071345,12723071345,node,South Africa,generator,Missing output tag,none,"tags: {'generator:method': 'wind_turbine', 'generator:source': 'wind', 'power': 'generator'}",2026-07-01 00:57:56.259144,https://www.openstreetmap.org/node/12723071345,-31.2351265,24.9003683
node/13750346707,13750346707,node,South Africa,generator,Missing output tag,none,"tags: {'generator:method': 'wind_turbine', 'generator:source': 'wind', 'power': 'generator'}",2026-07-01 00:57:56.259194,https://www.openstreetmap.org/node/13750346707,-31.2262916,24.9133674
node/13750346708,13750346708,node,South Africa,generator,Missing output tag,none,"tags: {'generator:method': 'wind_turbine', 'generator:source': 'wind', 'power': 'generator'}",2026-07-01 00:57:56.259244,https://www.openstreetmap.org/node/13750346708,-31.2251293,24.9158898
node/12723071347,12723071347,node,South Africa,generator,Missing output tag,none,"tags: {'generator:method': 'wind_turbine', 'generator:source': 'wind', 'power': 'generator'}",2026-07-01 00:57:56.259294,https://www.openstreetmap.org/node/12723071347,-31.2221309,24.9178691
node/13750359528,13750359528,node,South Africa,generator,Missing output tag,none,"tags: {'generator:method': 'wind_turbine', 'generator:source': 'wind', 'power': 'generator'}",2026-07-01 00:57:56.259343,https://www.openstreetmap.org/node/13750359528,-31.2556209,24.9494995
node/13750359529,13750359529,node,South Africa,generator,Missing output tag,none,"tags: {'generator:method': 'wind_turbine', 'generator:source': 'wind', 'power': 'generator'}",2026-07-01 00:57:56.259392,https://www.openstreetmap.org/node/13750359529,-31.2532914,24.9531785
node/13750359530,13750359530,node,South Africa,generator,Missing output tag,none,"tags: {'generator:method': 'wind_turbine', 'generator:source': 'wind', 'power': 'generator'}",2026-07-01 00:57:56.259442,https://www.openstreetmap.org/node/13750359530,-31.2500506,24.9550918
node/13750359531,13750359531,node,South Africa,generator,Missing output tag,none,"tags: {'generator:method': 'wind_turbine', 'generator:source': 'wind', 'power': 'generator'}",2026-07-01 00:57:56.259492,https://www.openstreetmap.org/node/13750359531,-31.248178,24.9583462
node/13750359532,13750359532,node,South Africa,generator,Missing output tag,none,"tags: {'generator:method': 'wind_turbine', 'generator:source': 'wind', 'power': 'generator'}",2026-07-01 00:57:56.259543,https://www.openstreetmap.org/node/13750359532,-31.2549351,24.970144
node/13750359533,13750359533,node,South Africa,generator,Missing output tag,none,"tags: {'generator:method': 'wind_turbine', 'generator:source': 'wind', 'power': 'generator'}",2026-07-01 00:57:56.259593,https://www.openstreetmap.org/node/13750359533,-31.2462068,24.9677533
node/12719554233,12719554233,node,South Africa,generator,Missing output tag,none,"tags: {'generator:method': 'wind_turbine', 'generator:source': 'wind', 'power': 'generator'}",2026-07-01 00:57:56.261650,https://www.openstreetmap.org/node/12719554233,-30.5783522,24.2905759
node/12719554234,12719554234,node,South Africa,generator,Missing output tag,none,"tags: {'generator:method': 'wind_turbine', 'generator:source': 'wind', 'power': 'generator'}",2026-07-01 00:57:56.261706,https://www.openstreetmap.org/node/12719554234,-30.5749882,24.2956724
node/12719554232,12719554232,node,South Africa,generator,Missing output tag,none,"tags: {'generator:method': 'wind_turbine', 'generator:source': 'wind', 'power': 'generator'}",2026-07-01 00:57:56.261756,https://www.openstreetmap.org/node/12719554232,-30.57007,24.2928481
node/12719554231,12719554231,node,South Africa,generator,Missing output tag,none,"tags: {'generator:method': 'wind_turbine', 'generator:source': 'wind', 'power': 'generator'}",2026-07-01 00:57:56.261822,https://www.openstreetmap.org/node/12719554231,-30.5713316,24.2993461
node/12719554230,12719554230,node,South Africa,generator,Missing output tag,none,"tags: {'generator:method': 'wind_turbine', 'generator:source': 'wind', 'power': 'generator'}",2026-07-01 00:57:56.261876,https://www.openstreetmap.org/node/12719554230,-30.5720812,24.3067996
node/12719566904,12719566904,node,South Africa,generator,Missing output tag,none,"tags: {'generator:method': 'wind_turbine', 'generator:source': 'wind', 'power': 'generator'}",2026-07-01 00:57:56.261925,https://www.openstreetmap.org/node/12719566904,-30.5794619,24.3061119
node/12719554229,12719554229,node,South Africa,generator,Missing output tag,none,"tags: {'generator:method': 'wind_turbine', 'generator:source': 'wind', 'power': 'generator'}",2026-07-01 00:57:56.261974,https://www.openstreetmap.org/node/12719554229,-30.5844091,24.2970226
node/12719554228,12719554228,node,South Africa,generator,Missing output tag,none,"tags: {'generator:method': 'wind_turbine', 'generator:source': 'wind', 'power': 'generator'}",2026-07-01 00:57:56.262023,https://www.openstreetmap.org/node/12719554228,-30.5890641,24.2963467
node/12928106437,12928106437,node,South Africa,generator,Missing output tag,none,"tags: {'generator:method': 'wind_turbine', 'generator:source': 'wind', 'power': 'generator'}",2026-07-01 00:57:56.262072,https://www.openstreetmap.org/node/12928106437,-30.592201,24.303517
node/12719554227,12719554227,node,South Africa,generator,Missing output tag,none,"tags: {'generator:method': 'wind_turbine', 'generator:source': 'wind', 'power': 'generator'}",2026-07-01 00:57:56.262122,https://www.openstreetmap.org/node/12719554227,-30.5967069,24.3019965
node/13749472256,13749472256,node,South Africa,generator,Missing output tag,none,"tags: {'generator:method': 'wind_turbine', 'generator:source': 'wind', 'power': 'generator'}",2026-07-01 00:57:56.262172,https://www.openstreetmap.org/node/13749472256,-30.6012968,24.3007385
node/13749472257,13749472257,node,South Africa,generator,Missing output tag,none,"tags: {'generator:method': 'wind_turbine', 'generator:source': 'wind', 'power': 'generator'}",2026-07-01 00:57:56.262223,https://www.openstreetmap.org/node/13749472257,-30.6092921,24.3000321
node/13749472258,13749472258,node,South Africa,generator,Missing output tag,none,"tags: {'generator:method': 'wind_turbine', 'generator:source': 'wind', 'power': 'generator'}",2026-07-01 00:57:56.262273,https://www.openstreetmap.org/node/13749472258,-30.6173253,24.3147038
node/13749472287,13749472287,node,South Africa,generator,Missing output tag,none,"tags: {'generator:method': 'wind_turbine', 'generator:source': 'wind', 'power': 'generator'}",2026-07-01 00:57:56.262324,https://www.openstreetmap.org/node/13749472287,-30.6036747,24.3079715
node/13749472288,13749472288,node,South Africa,generator,Missing output tag,none,"tags: {'generator:method': 'wind_turbine', 'generator:source': 'wind', 'power': 'generator'}",2026-07-01 00:57:56.262373,https://www.openstreetmap.org/node/13749472288,-30.5704163,24.2834656
node/13749490746,13749490746,node,South Africa,generator,Missing output tag,none,"tags: {'generator:method': 'wind_turbine', 'generator:source': 'wind', 'power': 'generator'}",2026-07-01 00:57:56.262424,https://www.openstreetmap.org/node/13749490746,-30.6083901,24.3232159
node/12597979714,12597979714,node,South Africa,generator,Missing output tag,none,"tags: {'generator:method': 'wind_turbine', 'generator:source': 'wind', 'power': 'generator', 'ref': '01'}",2026-07-01 00:57:56.264047,https://www.openstreetmap.org/node/12597979714,-32.8731226,20.2264551
node/12597979715,12597979715,node,South Africa,generator,Missing output tag,none,"tags: {'generator:method': 'wind_turbine', 'generator:source': 'wind', 'power': 'generator', 'ref': '02'}",2026-07-01 00:57:56.264108,https://www.openstreetmap.org/node/12597979715,-32.8712323,20.2440167
node/12597979716,12597979716,node,South Africa,generator,Missing output tag,none,"tags: {'generator:method': 'wind_turbine', 'generator:source': 'wind', 'power': 'generator', 'ref': '03'}",2026-07-01 00:57:56.264165,https://www.openstreetmap.org/node/12597979716,-32.8695114,20.2492215
node/12597949271,12597949271,node,South Africa,generator,Missing output tag,none,"tags: {'generator:method': 'wind_turbine', 'generator:source': 'wind', 'power': 'generator', 'ref': '04'}",2026-07-01 00:57:56.264221,https://www.openstreetmap.org/node/12597949271,-32.8665382,20.2666801
node/12597949270,12597949270,node,South Africa,generator,Missing output tag,none,"tags: {'generator:method': 'wind_turbine', 'generator:source': 'wind', 'power': 'generator', 'ref': '05'}",2026-07-01 00:57:56.264275,https://www.openstreetmap.org/node/12597949270,-32.8623799,20.2810531
node/12597949264,12597949264,node,South Africa,generator,Missing output tag,none,"tags: {'generator:method': 'wind_turbine', 'generator:source': 'wind', 'power': 'generator', 'ref': '06'}",2026-07-01 00:57:56.264328,https://www.openstreetmap.org/node/12597949264,-32.8601364,20.2850684
node/12597949263,12597949263,node,South Africa,generator,Missing output tag,none,"tags: {'generator:method': 'wind_turbine', 'generator:source': 'wind', 'power': 'generator', 'ref': '07'}",2026-07-01 00:57:56.264383,https://www.openstreetmap.org/node/12597949263,-32.8573977,20.2886395
node/12597949262,12597949262,node,South Africa,generator,Missing output tag,none,"tags: {'generator:method': 'wind_turbine', 'generator:source': 'wind', 'power': 'generator', 'ref': '08'}",2026-07-01 00:57:56.264437,https://www.openstreetmap.org/node/12597949262,-32.8631872,20.2980226
node/12597949261,12597949261,node,South Africa,generator,Missing output tag,none,"tags: {'generator:method': 'wind_turbine', 'generator:source': 'wind', 'power': 'generator', 'ref': '09'}",2026-07-01 00:57:56.264492,https://www.openstreetmap.org/node/12597949261,-32.8644062,20.3179249
node/12597949260,12597949260,node,South Africa,generator,Missing output tag,none,"tags: {'generator:method': 'wind_turbine', 'generator:source': 'wind', 'power': 'generator', 'ref': '10'}",2026-07-01 00:57:56.264545,https://www.openstreetmap.org/node/12597949260,-32.8620153,20.3226513
node/12597949259,12597949259,node,South Africa,generator,Missing output tag,none,"tags: {'generator:method': 'wind_turbine', 'generator:source': 'wind', 'power': 'generator', 'ref': '11'}",2026-07-01 00:57:56.264600,https://www.openstreetmap.org/node/12597949259,-32.8608936,20.3266166
node/12597949258,12597949258,node,South Africa,generator,Missing output tag,none,"tags: {'generator:method': 'wind_turbine', 'generator:source': 'wind', 'power': 'generator', 'ref': '12'}",2026-07-01 00:57:56.264654,https://www.openstreetmap.org/node/12597949258,-32.8586466,20.3415892
node/12597949257,12597949257,node,South Africa,generator,Missing output tag,none,"tags: {'generator:method': 'wind_turbine', 'generator:source': 'wind', 'power': 'generator', 'ref': '13'}",2026-07-01 00:57:56.264708,https://www.openstreetmap.org/node/12597949257,-32.8450415,20.3317209
node/12597949256,12597949256,node,South Africa,generator,Missing output tag,none,"tags: {'generator:method': 'wind_turbine', 'generator:source': 'wind', 'power': 'generator', 'ref': '14'}",2026-07-01 00:57:56.264762,https://www.openstreetmap.org/node/12597949256,-32.8377245,20.3231852
node/12597949238,12597949238,node,South Africa,generator,Missing output tag,none,"tags: {'generator:method': 'wind_turbine', 'generator:source': 'wind', 'power': 'generator', 'ref': '15'}",2026-07-01 00:57:56.264831,https://www.openstreetmap.org/node/12597949238,-32.8376304,20.3368047
node/12597949237,12597949237,node,South Africa,generator,Missing output tag,none,"tags: {'generator:method': 'wind_turbine', 'generator:source': 'wind', 'power': 'generator', 'ref': '16'}",2026-07-01 00:57:56.264888,https://www.openstreetmap.org/node/12597949237,-32.8361171,20.3405034
node/12597949236,12597949236,node,South Africa,generator,Missing output tag,none,"tags: {'generator:method': 'wind_turbine', 'generator:source': 'wind', 'power': 'generator', 'ref': '17'}",2026-07-01 00:57:56.264942,https://www.openstreetmap.org/node/12597949236,-32.8347226,20.3570448
node/12597939938,12597939938,node,South Africa,generator,Missing output tag,none,"tags: {'generator:method': 'wind_turbine', 'generator:source': 'wind', 'power': 'generator', 'ref': '18'}",2026-07-01 00:57:56.264996,https://www.openstreetmap.org/node/12597939938,-32.8325509,20.3611439
node/13749468662,13749468662,node,South Africa,generator,Missing output tag,none,"tags: {'generator:method': 'wind_turbine', 'generator:source': 'wind', 'power': 'generator'}",2026-07-01 00:57:56.267490,https://www.openstreetmap.org/node/13749468662,-30.5717475,24.2716692
node/13749468661,13749468661,node,South Africa,generator,Missing output tag,none,"tags: {'generator:method': 'wind_turbine', 'generator:source': 'wind', 'power': 'generator'}",2026-07-01 00:57:56.267548,https://www.openstreetmap.org/node/13749468661,-30.5669131,24.2724739
node/13749893339,13749893339,node,South Africa,generator,Missing output tag,none,"tags: {'generator:method': 'wind_turbine', 'generator:source': 'wind', 'power': 'generator'}",2026-07-01 00:57:56.267602,https://www.openstreetmap.org/node/13749893339,-30.5643807,24.2551489
node/13749893340,13749893340,node,South Africa,generator,Missing output tag,none,"tags: {'generator:method': 'wind_turbine', 'generator:source': 'wind', 'power': 'generator'}",2026-07-01 00:57:56.267653,https://www.openstreetmap.org/node/13749893340,-30.6039964,24.2945236
node/13749472298,13749472298,node,South Africa,generator,Missing output tag,none,"tags: {'generator:method': 'wind_turbine', 'generator:source': 'wind', 'power': 'generator'}",2026-07-01 00:57:56.267706,https://www.openstreetmap.org/node/13749472298,-30.6088144,24.2928804
node/13749472979,13749472979,node,South Africa,generator,Missing output tag,none,"tags: {'generator:method': 'wind_turbine', 'generator:source': 'wind', 'power': 'generator'}",2026-07-01 00:57:56.267758,https://www.openstreetmap.org/node/13749472979,-30.6134406,24.291375
node/13749493168,13749493168,node,South Africa,generator,Missing output tag,none,"tags: {'generator:method': 'wind_turbine', 'generator:source': 'wind', 'power': 'generator'}",2026-07-01 00:57:56.267833,https://www.openstreetmap.org/node/13749493168,-30.6221178,24.2886843
node/13749493169,13749493169,node,South Africa,generator,Missing output tag,none,"tags: {'generator:method': 'wind_turbine', 'generator:source': 'wind', 'power': 'generator'}",2026-07-01 00:57:56.267884,https://www.openstreetmap.org/node/13749493169,-30.6265003,24.2866536
node/13749493170,13749493170,node,South Africa,generator,Missing output tag,none,"tags: {'generator:method': 'wind_turbine', 'generator:source': 'wind', 'power': 'generator'}",2026-07-01 00:57:56.267935,https://www.openstreetmap.org/node/13749493170,-30.6296659,24.2834958
node/13749468659,13749468659,node,South Africa,generator,Missing output tag,none,"tags: {'generator:method': 'wind_turbine', 'generator:source': 'wind', 'power': 'generator'}",2026-07-01 00:57:56.267986,https://www.openstreetmap.org/node/13749468659,-30.564171,24.3010448
node/13749893341,13749893341,node,South Africa,generator,Missing output tag,none,"tags: {'generator:method': 'wind_turbine', 'generator:source': 'wind', 'power': 'generator'}",2026-07-01 00:57:56.268037,https://www.openstreetmap.org/node/13749893341,-30.5885296,24.3126875
node/13749893342,13749893342,node,South Africa,generator,Missing output tag,none,"tags: {'generator:method': 'wind_turbine', 'generator:source': 'wind', 'power': 'generator'}",2026-07-01 00:57:56.268088,https://www.openstreetmap.org/node/13749893342,-30.5835978,24.3246415
node/13749468664,13749468664,node,South Africa,generator,Missing output tag,none,"tags: {'generator:method': 'wind_turbine', 'generator:source': 'wind', 'power': 'generator'}",2026-07-01 00:57:56.268140,https://www.openstreetmap.org/node/13749468664,-30.5913081,24.3314531
node/13749468665,13749468665,node,South Africa,generator,Missing output tag,none,"tags: {'generator:method': 'wind_turbine', 'generator:source': 'wind', 'power': 'generator'}",2026-07-01 00:57:56.268190,https://www.openstreetmap.org/node/13749468665,-30.5953168,24.3292735
node/13749468666,13749468666,node,South Africa,generator,Missing output tag,none,"tags: {'generator:method': 'wind_turbine', 'generator:source': 'wind', 'power': 'generator'}",2026-07-01 00:57:56.268242,https://www.openstreetmap.org/node/13749468666,-30.5999385,24.3395762
node/13749468660,13749468660,node,South Africa,generator,Missing output tag,none,"tags: {'generator:method': 'wind_turbine', 'generator:source': 'wind', 'power': 'generator'}",2026-07-01 00:57:56.268292,https://www.openstreetmap.org/node/13749468660,-30.5587372,24.288281
node/13275750166,13275750166,node,South Africa,generator,Missing output tag,none,"tags: {'generator:method': 'wind_turbine', 'generator:source': 'wind', 'power': 'generator'}",2026-07-01 00:57:56.270028,https://www.openstreetmap.org/node/13275750166,-31.4043499,24.7904333
node/13275749959,13275749959,node,South Africa,generator,Missing output tag,none,"tags: {'generator:method': 'wind_turbine', 'generator:source': 'wind', 'power': 'generator'}",2026-07-01 00:57:56.270084,https://www.openstreetmap.org/node/13275749959,-31.40132,24.7924919
node/13275749960,13275749960,node,South Africa,generator,Missing output tag,none,"tags: {'generator:method': 'wind_turbine', 'generator:source': 'wind', 'power': 'generator'}",2026-07-01 00:57:56.270137,https://www.openstreetmap.org/node/13275749960,-31.3982007,24.7943069
node/13750417479,13750417479,node,South Africa,generator,Missing output tag,none,"tags: {'generator:method': 'wind_turbine', 'generator:source': 'wind', 'power': 'generator'}",2026-07-01 00:57:56.270188,https://www.openstreetmap.org/node/13750417479,-31.3926064,24.7954615
node/13275749962,13275749962,node,South Africa,generator,Missing output tag,none,"tags: {'generator:method': 'wind_turbine', 'generator:source': 'wind', 'power': 'generator'}",2026-07-01 00:57:56.270238,https://www.openstreetmap.org/node/13275749962,-31.3898959,24.7991422
node/13750417480,13750417480,node,South Africa,generator,Missing output tag,none,"tags: {'generator:method': 'wind_turbine', 'generator:source': 'wind', 'power': 'generator'}",2026-07-01 00:57:56.270289,https://www.openstreetmap.org/node/13750417480,-31.4148037,24.7906379
node/13275749958,13275749958,node,South Africa,generator,Missing output tag,none,"tags: {'generator:method': 'wind_turbine', 'generator:source': 'wind', 'power': 'generator'}",2026-07-01 00:57:56.270340,https://www.openstreetmap.org/node/13275749958,-31.4137306,24.7971773
node/13463999767,13463999767,node,South Africa,generator,Missing output tag,none,"tags: {'generator:method': 'wind_turbine', 'generator:source': 'wind', 'power': 'generator'}",2026-07-01 00:57:56.270390,https://www.openstreetmap.org/node/13463999767,-31.4146713,24.8080311
node/13463999768,13463999768,node,South Africa,generator,Missing output tag,none,"tags: {'generator:method': 'wind_turbine', 'generator:source': 'wind', 'power': 'generator'}",2026-07-01 00:57:56.270440,https://www.openstreetmap.org/node/13463999768,-31.4140939,24.8166771
node/13750417481,13750417481,node,South Africa,generator,Missing output tag,none,"tags: {'generator:method': 'wind_turbine', 'generator:source': 'wind', 'power': 'generator'}",2026-07-01 00:57:56.270490,https://www.openstreetmap.org/node/13750417481,-31.4268268,24.8226354
node/13463999794,13463999794,node,South Africa,generator,Missing output tag,none,"tags: {'generator:method': 'wind_turbine', 'generator:source': 'wind', 'power': 'generator'}",2026-07-01 00:57:56.270540,https://www.openstreetmap.org/node/13463999794,-31.4262881,24.8378017
node/13463999795,13463999795,node,South Africa,generator,Missing output tag,none,"tags: {'generator:method': 'wind_turbine', 'generator:source': 'wind', 'power': 'generator'}",2026-07-01 00:57:56.270589,https://www.openstreetmap.org/node/13463999795,-31.4375764,24.8319892
node/13463999796,13463999796,node,South Africa,generator,Missing output tag,none,"tags: {'generator:method': 'wind_turbine', 'generator:source': 'wind', 'power': 'generator'}",2026-07-01 00:57:56.270639,https://www.openstreetmap.org/node/13463999796,-31.4364887,24.8423185
node/13275750019,13275750019,node,South Africa,generator,Missing output tag,none,"tags: {'generator:method': 'wind_turbine', 'generator:source': 'wind', 'power': 'generator'}",2026-07-01 00:57:56.270689,https://www.openstreetmap.org/node/13275750019,-31.4026363,24.8130256
node/13275655298,13275655298,node,South Africa,generator,Missing output tag,none,"tags: {'generator:method': 'wind_turbine', 'generator:source': 'wind', 'power': 'generator'}",2026-07-01 00:57:56.270738,https://www.openstreetmap.org/node/13275655298,-31.387287,24.8120922
node/13275750122,13275750122,node,South Africa,generator,Missing output tag,none,"tags: {'generator:method': 'wind_turbine', 'generator:source': 'wind', 'power': 'generator'}",2026-07-01 00:57:56.270787,https://www.openstreetmap.org/node/13275750122,-31.40562,24.7732425
node/13275750123,13275750123,node,South Africa,generator,Missing output tag,none,"tags: {'generator:method': 'wind_turbine', 'generator:source': 'wind', 'power': 'generator'}",2026-07-01 00:57:56.270849,https://www.openstreetmap.org/node/13275750123,-31.4007124,24.776513
node/13275750121,13275750121,node,South Africa,generator,Missing output tag,none,"tags: {'generator:method': 'wind_turbine', 'generator:source': 'wind', 'power': 'generator'}",2026-07-01 00:57:56.270901,https://www.openstreetmap.org/node/13275750121,-31.4034054,24.76219
node/13275750120,13275750120,node,South Africa,generator,Missing output tag,none,"tags: {'generator:method': 'wind_turbine', 'generator:source': 'wind', 'power': 'generator'}",2026-07-01 00:57:56.270951,https://www.openstreetmap.org/node/13275750120,-31.4036267,24.7563607
node/13275750119,13275750119,node,South Africa,generator,Missing output tag,none,"tags: {'generator:method': 'wind_turbine', 'generator:source': 'wind', 'power': 'generator'}",2026-07-01 00:57:56.271001,https://www.openstreetmap.org/node/13275750119,-31.3991548,24.745158
node/13275750118,13275750118,node,South Africa,generator,Missing output tag,none,"tags: {'generator:method': 'wind_turbine', 'generator:source': 'wind', 'power': 'generator'}",2026-07-01 00:57:56.271051,https://www.openstreetmap.org/node/13275750118,-31.4040007,24.7425473
node/13275750117,13275750117,node,South Africa,generator,Missing output tag,none,"tags: {'generator:method': 'wind_turbine', 'generator:source': 'wind', 'power': 'generator'}",2026-07-01 00:57:56.271102,https://www.openstreetmap.org/node/13275750117,-31.4070683,24.7398919
node/13811764918,13811764918,node,South Africa,generator,Missing output tag,none,"tags: {'generator:method': 'wind_turbine', 'generator:source': 'wind', 'power': 'generator'}",2026-07-01 00:57:56.271152,https://www.openstreetmap.org/node/13811764918,-31.4161047,24.7792596
node/13275750175,13275750175,node,South Africa,generator,Missing output tag,none,"tags: {'generator:method': 'wind_turbine', 'generator:source': 'wind', 'power': 'generator'}",2026-07-01 00:57:56.271202,https://www.openstreetmap.org/node/13275750175,-31.4166667,24.7851374
node/13750463072,13750463072,node,South Africa,generator,Missing output tag,none,"tags: {'generator:method': 'wind_turbine', 'generator:source': 'wind', 'power': 'generator'}",2026-07-01 00:57:56.273091,https://www.openstreetmap.org/node/13750463072,-32.8748191,26.0932033
node/12723125783,12723125783,node,South Africa,generator,Missing output tag,none,"tags: {'generator:method': 'wind_turbine', 'generator:source': 'wind', 'power': 'generator'}",2026-07-01 00:57:56.273147,https://www.openstreetmap.org/node/12723125783,-32.8810958,26.0909388
node/12723125782,12723125782,node,South Africa,generator,Missing output tag,none,"tags: {'generator:method': 'wind_turbine', 'generator:source': 'wind', 'power': 'generator'}",2026-07-01 00:57:56.273200,https://www.openstreetmap.org/node/12723125782,-32.8845548,26.085559
node/12723125775,12723125775,node,South Africa,generator,Missing output tag,none,"tags: {'generator:method': 'wind_turbine', 'generator:source': 'wind', 'power': 'generator'}",2026-07-01 00:57:56.273252,https://www.openstreetmap.org/node/12723125775,-32.8893706,26.0785073
node/12723125774,12723125774,node,South Africa,generator,Missing output tag,none,"tags: {'generator:method': 'wind_turbine', 'generator:source': 'wind', 'power': 'generator'}",2026-07-01 00:57:56.273302,https://www.openstreetmap.org/node/12723125774,-32.8940056,26.0730714
node/12723125773,12723125773,node,South Africa,generator,Missing output tag,none,"tags: {'generator:method': 'wind_turbine', 'generator:source': 'wind', 'power': 'generator'}",2026-07-01 00:57:56.273353,https://www.openstreetmap.org/node/12723125773,-32.8974563,26.0681586
node/13750601874,13750601874,node,South Africa,generator,Missing output tag,none,"tags: {'generator:method': 'wind_turbine', 'generator:source': 'wind', 'power': 'generator'}",2026-07-01 00:57:56.273404,https://www.openstreetmap.org/node/13750601874,-32.8691301,26.0742816
node/12723125785,12723125785,node,South Africa,generator,Missing output tag,none,"tags: {'generator:method': 'wind_turbine', 'generator:source': 'wind', 'power': 'generator'}",2026-07-01 00:57:56.273454,https://www.openstreetmap.org/node/12723125785,-32.873691,26.0687937
node/12723125786,12723125786,node,South Africa,generator,Missing output tag,none,"tags: {'generator:method': 'wind_turbine', 'generator:source': 'wind', 'power': 'generator'}",2026-07-01 00:57:56.273503,https://www.openstreetmap.org/node/12723125786,-32.8768444,26.0660758
node/13750601880,13750601880,node,South Africa,generator,Missing output tag,none,"tags: {'generator:method': 'wind_turbine', 'generator:source': 'wind', 'power': 'generator'}",2026-07-01 00:57:56.273554,https://www.openstreetmap.org/node/13750601880,-32.9247139,26.1149736
node/13750601881,13750601881,node,South Africa,generator,Missing output tag,none,"tags: {'generator:method': 'wind_turbine', 'generator:source': 'wind', 'power': 'generator'}",2026-07-01 00:57:56.273604,https://www.openstreetmap.org/node/13750601881,-32.9290623,26.1248036
node/13750601882,13750601882,node,South Africa,generator,Missing output tag,none,"tags: {'generator:method': 'wind_turbine', 'generator:source': 'wind', 'power': 'generator'}",2026-07-01 00:57:56.273655,https://www.openstreetmap.org/node/13750601882,-32.9393197,26.1267548
node/13026742979,13026742979,node,South Africa,generator,Capacity placeholder value,yes,Tag 'generator:output:electricity' contains placeholder value 'yes' instead of actual capacity,2026-07-01 00:57:56.273666,https://www.openstreetmap.org/node/13026742979,-32.9464448,26.132741
node/13026742978,13026742978,node,South Africa,generator,Capacity placeholder value,yes,Tag 'generator:output:electricity' contains placeholder value 'yes' instead of actual capacity,2026-07-01 00:57:56.273677,https://www.openstreetmap.org/node/13026742978,-32.9393948,26.1406374
node/13026742977,13026742977,node,South Africa,generator,Capacity placeholder value,yes,Tag 'generator:output:electricity' contains placeholder value 'yes' instead of actual capacity,2026-07-01 00:57:56.273687,https://www.openstreetmap.org/node/13026742977,-32.9328396,26.1437702
node/13026742976,13026742976,node,South Africa,generator,Capacity placeholder value,yes,Tag 'generator:output:electricity' contains placeholder value 'yes' instead of actual capacity,2026-07-01 00:57:56.273697,https://www.openstreetmap.org/node/13026742976,-32.9258606,26.1506367
node/12270818965,12270818965,node,South Africa,generator,Missing output tag,none,"tags: {'generator:method': 'wind_turbine', 'generator:source': 'wind', 'power': 'generator'}",2026-07-01 00:57:56.275032,https://www.openstreetmap.org/node/12270818965,-33.2496689,24.8635979
node/13750603482,13750603482,node,South Africa,generator,Missing output tag,none,"tags: {'generator:method': 'wind_turbine', 'generator:source': 'wind', 'power': 'generator'}",2026-07-01 00:57:56.275087,https://www.openstreetmap.org/node/13750603482,-33.2491705,24.8701928
node/13750603483,13750603483,node,South Africa,generator,Missing output tag,none,"tags: {'generator:method': 'wind_turbine', 'generator:source': 'wind', 'power': 'generator'}",2026-07-01 00:57:56.275141,https://www.openstreetmap.org/node/13750603483,-33.2513863,24.8786158
node/12270818962,12270818962,node,South Africa,generator,Missing output tag,none,"tags: {'generator:method': 'wind_turbine', 'generator:source': 'wind', 'power': 'generator'}",2026-07-01 00:57:56.275193,https://www.openstreetmap.org/node/12270818962,-33.2518559,24.8843716
node/12270818961,12270818961,node,South Africa,generator,Missing output tag,none,"tags: {'generator:method': 'wind_turbine', 'generator:source': 'wind', 'power': 'generator'}",2026-07-01 00:57:56.275245,https://www.openstreetmap.org/node/12270818961,-33.2526522,24.8913722
node/12270818960,12270818960,node,South Africa,generator,Missing output tag,none,"tags: {'generator:method': 'wind_turbine', 'generator:source': 'wind', 'power': 'generator'}",2026-07-01 00:57:56.275296,https://www.openstreetmap.org/node/12270818960,-33.2524054,24.8976351
node/12270818959,12270818959,node,South Africa,generator,Missing output tag,none,"tags: {'generator:method': 'wind_turbine', 'generator:source': 'wind', 'power': 'generator'}",2026-07-01 00:57:56.275347,https://www.openstreetmap.org/node/12270818959,-33.252955,24.9023692
node/12270818958,12270818958,node,South Africa,generator,Missing output tag,none,"tags: {'generator:method': 'wind_turbine', 'generator:source': 'wind', 'power': 'generator'}",2026-07-01 00:57:56.275398,https://www.openstreetmap.org/node/12270818958,-33.2541438,24.9065535
node/13750603484,13750603484,node,South Africa,generator,Missing output tag,none,"tags: {'generator:method': 'wind_turbine', 'generator:source': 'wind', 'power': 'generator'}",2026-07-01 00:57:56.275449,https://www.openstreetmap.org/node/13750603484,-33.2562678,24.9414128
node/12270818951,12270818951,node,South Africa,generator,Missing output tag,none,"tags: {'generator:method': 'wind_turbine', 'generator:source': 'wind', 'power': 'generator'}",2026-07-01 00:57:56.275500,https://www.openstreetmap.org/node/12270818951,-33.2573481,24.945647
node/13750603485,13750603485,node,South Africa,generator,Missing output tag,none,"tags: {'generator:method': 'wind_turbine', 'generator:source': 'wind', 'power': 'generator'}",2026-07-01 00:57:56.275552,https://www.openstreetmap.org/node/13750603485,-33.2591301,24.9562686
node/13750603486,13750603486,node,South Africa,generator,Missing output tag,none,"tags: {'generator:method': 'wind_turbine', 'generator:source': 'wind', 'power': 'generator'}",2026-07-01 00:57:56.275602,https://www.openstreetmap.org/node/13750603486,-33.2616008,24.9637495
node/12270818948,12270818948,node,South Africa,generator,Missing output tag,none,"tags: {'generator:method': 'wind_turbine', 'generator:source': 'wind', 'power': 'generator'}",2026-07-01 00:57:56.275653,https://www.openstreetmap.org/node/12270818948,-33.2627438,24.9698181
node/12270818947,12270818947,node,South Africa,generator,Missing output tag,none,"tags: {'generator:method': 'wind_turbine', 'generator:source': 'wind', 'power': 'generator'}",2026-07-01 00:57:56.275704,https://www.openstreetmap.org/node/12270818947,-33.2631092,24.9759953
node/12270818946,12270818946,node,South Africa,generator,Missing output tag,none,"tags: {'generator:method': 'wind_turbine', 'generator:source': 'wind', 'power': 'generator'}",2026-07-01 00:57:56.275754,https://www.openstreetmap.org/node/12270818946,-33.2646435,24.982932
node/13750603487,13750603487,node,South Africa,generator,Missing output tag,none,"tags: {'generator:method': 'wind_turbine', 'generator:source': 'wind', 'power': 'generator'}",2026-07-01 00:57:56.275815,https://www.openstreetmap.org/node/13750603487,-33.2659037,24.9893309
node/12270818944,12270818944,node,South Africa,generator,Missing output tag,none,"tags: {'generator:method': 'wind_turbine', 'generator:source': 'wind', 'power': 'generator'}",2026-07-01 00:57:56.275868,https://www.openstreetmap.org/node/12270818944,-33.2685214,24.9954074
node/12061881262,12061881262,node,South Africa,generator,Missing output tag,none,"tags: {'generator:method': 'wind_turbine', 'generator:source': 'wind', 'power': 'generator'}",2026-07-01 00:57:56.277213,https://www.openstreetmap.org/node/12061881262,-33.5802175,25.4411428
node/13750658108,13750658108,node,South Africa,generator,Missing output tag,none,"tags: {'generator:method': 'wind_turbine', 'generator:source': 'wind', 'power': 'generator'}",2026-07-01 00:57:56.277271,https://www.openstreetmap.org/node/13750658108,-33.5803073,25.4524188
node/13750699846,13750699846,node,South Africa,generator,Missing output tag,none,"tags: {'generator:method': 'wind_turbine', 'generator:source': 'wind', 'power': 'generator'}",2026-07-01 00:57:56.277328,https://www.openstreetmap.org/node/13750699846,-33.5715023,25.4375193
node/13750699847,13750699847,node,South Africa,generator,Missing output tag,none,"tags: {'generator:method': 'wind_turbine', 'generator:source': 'wind', 'power': 'generator'}",2026-07-01 00:57:56.277384,https://www.openstreetmap.org/node/13750699847,-33.5707359,25.4481545
node/13750699848,13750699848,node,South Africa,generator,Missing output tag,none,"tags: {'generator:method': 'wind_turbine', 'generator:source': 'wind', 'power': 'generator'}",2026-07-01 00:57:56.277439,https://www.openstreetmap.org/node/13750699848,-33.5740881,25.4564515
node/13750699849,13750699849,node,South Africa,generator,Missing output tag,none,"tags: {'generator:method': 'wind_turbine', 'generator:source': 'wind', 'power': 'generator'}",2026-07-01 00:57:56.277495,https://www.openstreetmap.org/node/13750699849,-33.5750412,25.4735806
node/13750699850,13750699850,node,South Africa,generator,Missing output tag,none,"tags: {'generator:method': 'wind_turbine', 'generator:source': 'wind', 'power': 'generator'}",2026-07-01 00:57:56.277550,https://www.openstreetmap.org/node/13750699850,-33.5666078,25.4795688
node/12061881260,12061881260,node,South Africa,generator,Missing output tag,none,"tags: {'generator:method': 'wind_turbine', 'generator:source': 'wind', 'power': 'generator'}",2026-07-01 00:57:56.277606,https://www.openstreetmap.org/node/12061881260,-33.5676292,25.4849408
node/12061881261,12061881261,node,South Africa,generator,Missing output tag,none,"tags: {'generator:method': 'wind_turbine', 'generator:source': 'wind', 'power': 'generator'}",2026-07-01 00:57:56.277661,https://www.openstreetmap.org/node/12061881261,-33.5689567,25.4908772
node/12404313134,12404313134,node,South Africa,generator,Missing output tag,none,"tags: {'generator:method': 'wind_turbine', 'generator:source': 'wind', 'power': 'generator'}",2026-07-01 00:57:56.279370,https://www.openstreetmap.org/node/12404313134,-33.0245511,20.474248
node/13751177642,13751177642,node,South Africa,generator,Missing output tag,none,"tags: {'generator:method': 'wind_turbine', 'generator:source': 'wind', 'power': 'generator'}",2026-07-01 00:57:56.279432,https://www.openstreetmap.org/node/13751177642,-33.0207741,20.4725412
node/12404313132,12404313132,node,South Africa,generator,Missing output tag,none,"tags: {'generator:method': 'wind_turbine', 'generator:source': 'wind', 'power': 'generator'}",2026-07-01 00:57:56.279490,https://www.openstreetmap.org/node/12404313132,-33.0179841,20.4749453
node/13751177643,13751177643,node,South Africa,generator,Missing output tag,none,"tags: {'generator:method': 'wind_turbine', 'generator:source': 'wind', 'power': 'generator'}",2026-07-01 00:57:56.279547,https://www.openstreetmap.org/node/13751177643,-33.0123833,20.4729322
node/12404313131,12404313131,node,South Africa,generator,Missing output tag,none,"tags: {'generator:method': 'wind_turbine', 'generator:source': 'wind', 'power': 'generator'}",2026-07-01 00:57:56.279603,https://www.openstreetmap.org/node/12404313131,-33.0094074,20.4753387
node/13751198303,13751198303,node,South Africa,generator,Missing output tag,none,"tags: {'generator:method': 'wind_turbine', 'generator:source': 'wind', 'power': 'generator'}",2026-07-01 00:57:56.279658,https://www.openstreetmap.org/node/13751198303,-33.0175594,20.4980734
node/12404313127,12404313127,node,South Africa,generator,Missing output tag,none,"tags: {'generator:method': 'wind_turbine', 'generator:source': 'wind', 'power': 'generator'}",2026-07-01 00:57:56.279713,https://www.openstreetmap.org/node/12404313127,-33.0139058,20.4974401
node/12404313125,12404313125,node,South Africa,generator,Missing output tag,none,"tags: {'generator:method': 'wind_turbine', 'generator:source': 'wind', 'power': 'generator'}",2026-07-01 00:57:56.279768,https://www.openstreetmap.org/node/12404313125,-33.0106556,20.4989919
node/12404313126,12404313126,node,South Africa,generator,Missing output tag,none,"tags: {'generator:method': 'wind_turbine', 'generator:source': 'wind', 'power': 'generator'}",2026-07-01 00:57:56.279836,https://www.openstreetmap.org/node/12404313126,-33.0072562,20.5004897
node/12404313124,12404313124,node,South Africa,generator,Missing output tag,none,"tags: {'generator:method': 'wind_turbine', 'generator:source': 'wind', 'power': 'generator'}",2026-07-01 00:57:56.279895,https://www.openstreetmap.org/node/12404313124,-33.0040922,20.502428
node/13751198304,13751198304,node,South Africa,generator,Missing output tag,none,"tags: {'generator:method': 'wind_turbine', 'generator:source': 'wind', 'power': 'generator'}",2026-07-01 00:57:56.279950,https://www.openstreetmap.org/node/13751198304,-32.9960519,20.5055949
node/12404313122,12404313122,node,South Africa,generator,Missing output tag,none,"tags: {'generator:method': 'wind_turbine', 'generator:source': 'wind', 'power': 'generator'}",2026-07-01 00:57:56.280005,https://www.openstreetmap.org/node/12404313122,-32.9965708,20.5127108
node/12404313120,12404313120,node,South Africa,generator,Missing output tag,none,"tags: {'generator:method': 'wind_turbine', 'generator:source': 'wind', 'power': 'generator'}",2026-07-01 00:57:56.280060,https://www.openstreetmap.org/node/12404313120,-32.995206,20.4962421
node/12404313123,12404313123,node,South Africa,generator,Missing output tag,none,"tags: {'generator:method': 'wind_turbine', 'generator:source': 'wind', 'power': 'generator'}",2026-07-01 00:57:56.280116,https://www.openstreetmap.org/node/12404313123,-32.9962994,20.5197533
node/13751198305,13751198305,node,South Africa,generator,Missing output tag,none,"tags: {'generator:method': 'wind_turbine', 'generator:source': 'wind', 'power': 'generator'}",2026-07-01 00:57:56.280171,https://www.openstreetmap.org/node/13751198305,-33.005977,20.538862
node/13629666649,13629666649,node,South Africa,generator,Missing output tag,none,"tags: {'generator:method': 'wind_turbine', 'generator:source': 'wind', 'power': 'generator'}",2026-07-01 00:57:56.280227,https://www.openstreetmap.org/node/13629666649,-33.0088052,20.5363396
node/13629666648,13629666648,node,South Africa,generator,Missing output tag,none,"tags: {'generator:method': 'wind_turbine', 'generator:source': 'wind', 'power': 'generator'}",2026-07-01 00:57:56.280281,https://www.openstreetmap.org/node/13629666648,-33.0114049,20.5327793
node/13629666647,13629666647,node,South Africa,generator,Missing output tag,none,"tags: {'generator:method': 'wind_turbine', 'generator:source': 'wind', 'power': 'generator'}",2026-07-01 00:57:56.280337,https://www.openstreetmap.org/node/13629666647,-33.0169808,20.5421676
node/13629666646,13629666646,node,South Africa,generator,Missing output tag,none,"tags: {'generator:method': 'wind_turbine', 'generator:source': 'wind', 'power': 'generator'}",2026-07-01 00:57:56.280393,https://www.openstreetmap.org/node/13629666646,-33.0192313,20.5388592
node/13629666645,13629666645,node,South Africa,generator,Missing output tag,none,"tags: {'generator:method': 'wind_turbine', 'generator:source': 'wind', 'power': 'generator'}",2026-07-01 00:57:56.280448,https://www.openstreetmap.org/node/13629666645,-33.0228136,20.5390345
node/13629666644,13629666644,node,South Africa,generator,Missing output tag,none,"tags: {'generator:method': 'wind_turbine', 'generator:source': 'wind', 'power': 'generator'}",2026-07-01 00:57:56.280503,https://www.openstreetmap.org/node/13629666644,-33.0273785,20.5403053
node/13629666643,13629666643,node,South Africa,generator,Missing output tag,none,"tags: {'generator:method': 'wind_turbine', 'generator:source': 'wind', 'power': 'generator'}",2026-07-01 00:57:56.280560,https://www.openstreetmap.org/node/13629666643,-33.032136,20.5343787
node/13629666642,13629666642,node,South Africa,generator,Missing output tag,none,"tags: {'generator:method': 'wind_turbine', 'generator:source': 'wind', 'power': 'generator'}",2026-07-01 00:57:56.280613,https://www.openstreetmap.org/node/13629666642,-33.0398136,20.5296352
node/13751198306,13751198306,node,South Africa,generator,Missing output tag,none,"tags: {'generator:method': 'wind_turbine', 'generator:source': 'wind', 'power': 'generator'}",2026-07-01 00:57:56.280668,https://www.openstreetmap.org/node/13751198306,-33.0476561,20.5275366
node/13629666640,13629666640,node,South Africa,generator,Missing output tag,none,"tags: {'generator:method': 'wind_turbine', 'generator:source': 'wind', 'power': 'generator'}",2026-07-01 00:57:56.280722,https://www.openstreetmap.org/node/13629666640,-33.0508054,20.5252204
node/13629666639,13629666639,node,South Africa,generator,Missing output tag,none,"tags: {'generator:method': 'wind_turbine', 'generator:source': 'wind', 'power': 'generator'}",2026-07-01 00:57:56.280775,https://www.openstreetmap.org/node/13629666639,-33.0554699,20.522175
node/13629666654,13629666654,node,South Africa,generator,Missing output tag,none,"tags: {'generator:method': 'wind_turbine', 'generator:source': 'wind', 'power': 'generator'}",2026-07-01 00:57:56.280847,https://www.openstreetmap.org/node/13629666654,-33.0388971,20.5463851
node/13629666651,13629666651,node,South Africa,generator,Missing output tag,none,"tags: {'generator:method': 'wind_turbine', 'generator:source': 'wind', 'power': 'generator'}",2026-07-01 00:57:56.280903,https://www.openstreetmap.org/node/13629666651,-33.0498649,20.5506219
node/13629666652,13629666652,node,South Africa,generator,Missing output tag,none,"tags: {'generator:method': 'wind_turbine', 'generator:source': 'wind', 'power': 'generator'}",2026-07-01 00:57:56.280956,https://www.openstreetmap.org/node/13629666652,-33.0547256,20.5515174
node/13629666653,13629666653,node,South Africa,generator,Missing output tag,none,"tags: {'generator:method': 'wind_turbine', 'generator:source': 'wind', 'power': 'generator'}",2026-07-01 00:57:56.281010,https://www.openstreetmap.org/node/13629666653,-33.0577625,20.5505561
node/13751194707,13751194707,node,South Africa,generator,Missing output tag,none,"tags: {'generator:method': 'wind_turbine', 'generator:source': 'wind', 'power': 'generator'}",2026-07-01 00:57:56.281077,https://www.openstreetmap.org/node/13751194707,-33.0753358,20.5254834
node/13751194708,13751194708,node,South Africa,generator,Missing output tag,none,"tags: {'generator:method': 'wind_turbine', 'generator:source': 'wind', 'power': 'generator'}",2026-07-01 00:57:56.281132,https://www.openstreetmap.org/node/13751194708,-33.0805979,20.512147
node/13629666635,13629666635,node,South Africa,generator,Missing output tag,none,"tags: {'generator:method': 'wind_turbine', 'generator:source': 'wind', 'power': 'generator'}",2026-07-01 00:57:56.281585,https://www.openstreetmap.org/node/13629666635,-33.0839196,20.50812
node/13629666638,13629666638,node,South Africa,generator,Missing output tag,none,"tags: {'generator:method': 'wind_turbine', 'generator:source': 'wind', 'power': 'generator'}",2026-07-01 00:57:56.281644,https://www.openstreetmap.org/node/13629666638,-33.0856937,20.5014554
node/12404313170,12404313170,node,South Africa,generator,Missing output tag,none,"tags: {'generator:method': 'wind_turbine', 'generator:source': 'wind', 'power': 'generator'}",2026-07-01 00:57:56.284697,https://www.openstreetmap.org/node/12404313170,-33.0199033,20.3934241
node/12404313169,12404313169,node,South Africa,generator,Missing output tag,none,"tags: {'generator:method': 'wind_turbine', 'generator:source': 'wind', 'power': 'generator'}",2026-07-01 00:57:56.284757,https://www.openstreetmap.org/node/12404313169,-33.0163048,20.3937996
node/12404313171,12404313171,node,South Africa,generator,Missing output tag,none,"tags: {'generator:method': 'wind_turbine', 'generator:source': 'wind', 'power': 'generator'}",2026-07-01 00:57:56.284831,https://www.openstreetmap.org/node/12404313171,-33.0192886,20.4034734
node/12404313168,12404313168,node,South Africa,generator,Missing output tag,none,"tags: {'generator:method': 'wind_turbine', 'generator:source': 'wind', 'power': 'generator'}",2026-07-01 00:57:56.284887,https://www.openstreetmap.org/node/12404313168,-33.013246,20.3961599
node/12404313172,12404313172,node,South Africa,generator,Missing output tag,none,"tags: {'generator:method': 'wind_turbine', 'generator:source': 'wind', 'power': 'generator'}",2026-07-01 00:57:56.284943,https://www.openstreetmap.org/node/12404313172,-33.0172794,20.4067815
node/13751400251,13751400251,node,South Africa,generator,Missing output tag,none,"tags: {'generator:method': 'wind_turbine', 'generator:source': 'wind', 'power': 'generator'}",2026-07-01 00:57:56.284998,https://www.openstreetmap.org/node/13751400251,-32.9953622,20.3967684
node/12404313166,12404313166,node,South Africa,generator,Missing output tag,none,"tags: {'generator:method': 'wind_turbine', 'generator:source': 'wind', 'power': 'generator'}",2026-07-01 00:57:56.285053,https://www.openstreetmap.org/node/12404313166,-32.9934213,20.4007376
node/12404313164,12404313164,node,South Africa,generator,Missing output tag,none,"tags: {'generator:method': 'wind_turbine', 'generator:source': 'wind', 'power': 'generator'}",2026-07-01 00:57:56.285108,https://www.openstreetmap.org/node/12404313164,-32.9912766,20.4083372
node/12404313165,12404313165,node,South Africa,generator,Missing output tag,none,"tags: {'generator:method': 'wind_turbine', 'generator:source': 'wind', 'power': 'generator'}",2026-07-01 00:57:56.285162,https://www.openstreetmap.org/node/12404313165,-32.9897468,20.4117167
node/12404313163,12404313163,node,South Africa,generator,Missing output tag,none,"tags: {'generator:method': 'wind_turbine', 'generator:source': 'wind', 'power': 'generator'}",2026-07-01 00:57:56.285218,https://www.openstreetmap.org/node/12404313163,-32.9865521,20.4148281
node/12404313162,12404313162,node,South Africa,generator,Missing output tag,none,"tags: {'generator:method': 'wind_turbine', 'generator:source': 'wind', 'power': 'generator'}",2026-07-01 00:57:56.285272,https://www.openstreetmap.org/node/12404313162,-32.9849472,20.4204429
node/13751400252,13751400252,node,South Africa,generator,Missing output tag,none,"tags: {'generator:method': 'wind_turbine', 'generator:source': 'wind', 'power': 'generator'}",2026-07-01 00:57:56.285326,https://www.openstreetmap.org/node/13751400252,-32.9761063,20.4248888
node/13751400253,13751400253,node,South Africa,generator,Missing output tag,none,"tags: {'generator:method': 'wind_turbine', 'generator:source': 'wind', 'power': 'generator'}",2026-07-01 00:57:56.285381,https://www.openstreetmap.org/node/13751400253,-32.9667712,20.4094036
node/12404313159,12404313159,node,South Africa,generator,Missing output tag,none,"tags: {'generator:method': 'wind_turbine', 'generator:source': 'wind', 'power': 'generator'}",2026-07-01 00:57:56.285436,https://www.openstreetmap.org/node/12404313159,-32.9631357,20.4094458
node/12404313158,12404313158,node,South Africa,generator,Missing output tag,none,"tags: {'generator:method': 'wind_turbine', 'generator:source': 'wind', 'power': 'generator'}",2026-07-01 00:57:56.285491,https://www.openstreetmap.org/node/12404313158,-32.95958,20.4103756
node/12404313291,12404313291,node,South Africa,generator,Missing output tag,none,"tags: {'generator:method': 'wind_turbine', 'generator:source': 'wind', 'power': 'generator'}",2026-07-01 00:57:56.285546,https://www.openstreetmap.org/node/12404313291,-32.9560091,20.409714
node/12404313292,12404313292,node,South Africa,generator,Missing output tag,none,"tags: {'generator:method': 'wind_turbine', 'generator:source': 'wind', 'power': 'generator'}",2026-07-01 00:57:56.285601,https://www.openstreetmap.org/node/12404313292,-32.9527231,20.4115916
node/13751400254,13751400254,node,South Africa,generator,Missing output tag,none,"tags: {'generator:method': 'wind_turbine', 'generator:source': 'wind', 'power': 'generator'}",2026-07-01 00:57:56.285656,https://www.openstreetmap.org/node/13751400254,-32.9607116,20.4884286
node/12404308167,12404308167,node,South Africa,generator,Missing output tag,none,"tags: {'generator:method': 'wind_turbine', 'generator:source': 'wind', 'power': 'generator'}",2026-07-01 00:57:56.285711,https://www.openstreetmap.org/node/12404308167,-32.9650936,20.4852986
node/12404308166,12404308166,node,South Africa,generator,Missing output tag,none,"tags: {'generator:method': 'wind_turbine', 'generator:source': 'wind', 'power': 'generator'}",2026-07-01 00:57:56.285766,https://www.openstreetmap.org/node/12404308166,-32.967779,20.4877663
node/12404308168,12404308168,node,South Africa,generator,Missing output tag,none,"tags: {'generator:method': 'wind_turbine', 'generator:source': 'wind', 'power': 'generator'}",2026-07-01 00:57:56.285839,https://www.openstreetmap.org/node/12404308168,-32.9721745,20.4857457
node/12404313157,12404313157,node,South Africa,generator,Missing output tag,none,"tags: {'generator:method': 'wind_turbine', 'generator:source': 'wind', 'power': 'generator'}",2026-07-01 00:57:56.285896,https://www.openstreetmap.org/node/12404313157,-32.9704718,20.4797018
node/12404308169,12404308169,node,South Africa,generator,Missing output tag,none,"tags: {'generator:method': 'wind_turbine', 'generator:source': 'wind', 'power': 'generator'}",2026-07-01 00:57:56.285951,https://www.openstreetmap.org/node/12404308169,-32.9749572,20.4808372
node/12404308170,12404308170,node,South Africa,generator,Missing output tag,none,"tags: {'generator:method': 'wind_turbine', 'generator:source': 'wind', 'power': 'generator'}",2026-07-01 00:57:56.286007,https://www.openstreetmap.org/node/12404308170,-32.9772748,20.4776454
node/12404308171,12404308171,node,South Africa,generator,Missing output tag,none,"tags: {'generator:method': 'wind_turbine', 'generator:source': 'wind', 'power': 'generator'}",2026-07-01 00:57:56.286061,https://www.openstreetmap.org/node/12404308171,-32.9799298,20.4754013
node/12404308172,12404308172,node,South Africa,generator,Missing output tag,none,"tags: {'generator:method': 'wind_turbine', 'generator:source': 'wind', 'power': 'generator'}",2026-07-01 00:57:56.286116,https://www.openstreetmap.org/node/12404308172,-32.9804698,20.4674798
node/12404308173,12404308173,node,South Africa,generator,Missing output tag,none,"tags: {'generator:method': 'wind_turbine', 'generator:source': 'wind', 'power': 'generator'}",2026-07-01 00:57:56.286171,https://www.openstreetmap.org/node/12404308173,-32.9820748,20.4640198
node/12404308174,12404308174,node,South Africa,generator,Missing output tag,none,"tags: {'generator:method': 'wind_turbine', 'generator:source': 'wind', 'power': 'generator'}",2026-07-01 00:57:56.286226,https://www.openstreetmap.org/node/12404308174,-32.9849547,20.4569477
node/13751400255,13751400255,node,South Africa,generator,Missing output tag,none,"tags: {'generator:method': 'wind_turbine', 'generator:source': 'wind', 'power': 'generator'}",2026-07-01 00:57:56.286280,https://www.openstreetmap.org/node/13751400255,-32.9635539,20.5055993
node/13751400256,13751400256,node,South Africa,generator,Missing output tag,none,"tags: {'generator:method': 'wind_turbine', 'generator:source': 'wind', 'power': 'generator'}",2026-07-01 00:57:56.286335,https://www.openstreetmap.org/node/13751400256,-32.9696614,20.5115413
node/12404308164,12404308164,node,South Africa,generator,Missing output tag,none,"tags: {'generator:method': 'wind_turbine', 'generator:source': 'wind', 'power': 'generator'}",2026-07-01 00:57:56.286390,https://www.openstreetmap.org/node/12404308164,-32.967809,20.5148029
node/13751400257,13751400257,node,South Africa,generator,Missing output tag,none,"tags: {'generator:method': 'wind_turbine', 'generator:source': 'wind', 'power': 'generator'}",2026-07-01 00:57:56.286445,https://www.openstreetmap.org/node/13751400257,-32.9655218,20.5294204
node/12404308160,12404308160,node,South Africa,generator,Missing output tag,none,"tags: {'generator:method': 'wind_turbine', 'generator:source': 'wind', 'power': 'generator'}",2026-07-01 00:57:56.286500,https://www.openstreetmap.org/node/12404308160,-32.9630832,20.5322731
node/12404308159,12404308159,node,South Africa,generator,Missing output tag,none,"tags: {'generator:method': 'wind_turbine', 'generator:source': 'wind', 'power': 'generator'}",2026-07-01 00:57:56.286555,https://www.openstreetmap.org/node/12404308159,-32.9609678,20.5358046
relation/20572165,20572165,relation,South Africa,plant,Missing output tag,none,"tags: {'name': 'Ummbila Emoyeni phase 1', 'plant:source': 'wind', 'power': 'plant', 'site': 'wind_farm', 'type': 'site'}",2026-07-01 00:57:56.288698,https://www.openstreetmap.org/relation/20572165,-26.578580076556616,29.56164188410235
node/13699094656,13699094656,node,South Africa,generator,Missing output tag,none,"tags: {'generator:method': 'wind_turbine', 'generator:source': 'wind', 'power': 'generator'}",2026-07-01 00:57:56.288838,https://www.openstreetmap.org/node/13699094656,-26.5732904,29.5484824
node/13699094655,13699094655,node,South Africa,generator,Missing output tag,none,"tags: {'generator:method': 'wind_turbine', 'generator:source': 'wind', 'power': 'generator'}",2026-07-01 00:57:56.288905,https://www.openstreetmap.org/node/13699094655,-26.5778194,29.5443411
node/13751419308,13751419308,node,South Africa,generator,Missing output tag,none,"tags: {'generator:method': 'wind_turbine', 'generator:source': 'wind', 'power': 'generator'}",2026-07-01 00:57:56.288964,https://www.openstreetmap.org/node/13751419308,-26.5828778,29.5519287
node/13699094658,13699094658,node,South Africa,generator,Missing output tag,none,"tags: {'generator:method': 'wind_turbine', 'generator:source': 'wind', 'power': 'generator'}",2026-07-01 00:57:56.289021,https://www.openstreetmap.org/node/13699094658,-26.5798727,29.5602627
node/13699094659,13699094659,node,South Africa,generator,Missing output tag,none,"tags: {'generator:method': 'wind_turbine', 'generator:source': 'wind', 'power': 'generator'}",2026-07-01 00:57:56.289076,https://www.openstreetmap.org/node/13699094659,-26.5751136,29.5712061
node/13784396315,13784396315,node,South Africa,generator,Missing output tag,none,"tags: {'generator:method': 'wind_turbine', 'generator:source': 'wind', 'power': 'generator'}",2026-07-01 00:57:56.289131,https://www.openstreetmap.org/node/13784396315,-26.5822259,29.5834731
node/13751862275,13751862275,node,South Africa,generator,Missing output tag,none,"tags: {'generator:method': 'wind_turbine', 'generator:source': 'wind', 'name': '29', 'power': 'generator'}",2026-07-01 00:57:56.290406,https://www.openstreetmap.org/node/13751862275,-34.1272411,24.5120263
node/13751862276,13751862276,node,South Africa,generator,Missing output tag,none,"tags: {'generator:method': 'wind_turbine', 'generator:source': 'wind', 'name': '28', 'power': 'generator'}",2026-07-01 00:57:56.290468,https://www.openstreetmap.org/node/13751862276,-34.1226968,24.5130724
node/13751862277,13751862277,node,South Africa,generator,Missing output tag,none,"tags: {'generator:method': 'wind_turbine', 'generator:source': 'wind', 'name': '27', 'power': 'generator'}",2026-07-01 00:57:56.290527,https://www.openstreetmap.org/node/13751862277,-34.1187073,24.5136088
node/13751862278,13751862278,node,South Africa,generator,Missing output tag,none,"tags: {'generator:method': 'wind_turbine', 'generator:source': 'wind', 'name': '25', 'power': 'generator'}",2026-07-01 00:57:56.290583,https://www.openstreetmap.org/node/13751862278,-34.1148805,24.5144582
node/13751862279,13751862279,node,South Africa,generator,Missing output tag,none,"tags: {'generator:method': 'wind_turbine', 'generator:source': 'wind', 'name': '23', 'power': 'generator'}",2026-07-01 00:57:56.290640,https://www.openstreetmap.org/node/13751862279,-34.1111645,24.5173728
node/13751862280,13751862280,node,South Africa,generator,Missing output tag,none,"tags: {'generator:method': 'wind_turbine', 'generator:source': 'wind', 'name': '21', 'power': 'generator'}",2026-07-01 00:57:56.290696,https://www.openstreetmap.org/node/13751862280,-34.1076187,24.5185709
node/13753620701,13753620701,node,South Africa,generator,Missing output tag,none,"tags: {'generator:method': 'wind_turbine', 'generator:source': 'wind', 'name': '10', 'power': 'generator'}",2026-07-01 00:57:56.290752,https://www.openstreetmap.org/node/13753620701,-34.0948316,24.540659
node/13753620702,13753620702,node,South Africa,generator,Missing output tag,none,"tags: {'generator:method': 'wind_turbine', 'generator:source': 'wind', 'name': '11', 'power': 'generator'}",2026-07-01 00:57:56.290832,https://www.openstreetmap.org/node/13753620702,-34.089724,24.5534578
node/13753620703,13753620703,node,South Africa,generator,Missing output tag,none,"tags: {'generator:method': 'wind_turbine', 'generator:source': 'wind', 'name': '7', 'power': 'generator'}",2026-07-01 00:57:56.290889,https://www.openstreetmap.org/node/13753620703,-34.0818684,24.5393056
node/13751838738,13751838738,node,South Africa,generator,Missing output tag,none,"tags: {'generator:method': 'wind_turbine', 'generator:source': 'wind', 'name': '4', 'power': 'generator'}",2026-07-01 00:57:56.290946,https://www.openstreetmap.org/node/13751838738,-34.0782663,24.5377022
node/13751861824,13751861824,node,South Africa,generator,Missing output tag,none,"tags: {'generator:method': 'wind_turbine', 'generator:source': 'wind', 'name': '8', 'power': 'generator'}",2026-07-01 00:57:56.291002,https://www.openstreetmap.org/node/13751861824,-34.076397,24.5473504
node/13751838756,13751838756,node,South Africa,generator,Missing output tag,none,"tags: {'generator:method': 'wind_turbine', 'generator:source': 'wind', 'name': '13', 'power': 'generator'}",2026-07-01 00:57:56.291059,https://www.openstreetmap.org/node/13751838756,-34.0827399,24.560498
node/13751838735,13751838735,node,South Africa,generator,Missing output tag,none,"tags: {'generator:method': 'wind_turbine', 'generator:source': 'wind', 'name': '16', 'power': 'generator'}",2026-07-01 00:57:56.291115,https://www.openstreetmap.org/node/13751838735,-34.0946183,24.5634325
node/13751838734,13751838734,node,South Africa,generator,Missing output tag,none,"tags: {'generator:method': 'wind_turbine', 'generator:source': 'wind', 'name': '18', 'power': 'generator'}",2026-07-01 00:57:56.291172,https://www.openstreetmap.org/node/13751838734,-34.0877415,24.5707369
node/13751838733,13751838733,node,South Africa,generator,Missing output tag,none,"tags: {'generator:method': 'wind_turbine', 'generator:source': 'wind', 'name': '20', 'power': 'generator'}",2026-07-01 00:57:56.291227,https://www.openstreetmap.org/node/13751838733,-34.095173,24.5747028
node/13751838732,13751838732,node,South Africa,generator,Missing output tag,none,"tags: {'generator:method': 'wind_turbine', 'generator:source': 'wind', 'name': '1a', 'power': 'generator'}",2026-07-01 00:57:56.291283,https://www.openstreetmap.org/node/13751838732,-34.0914133,24.578137
node/13751838743,13751838743,node,South Africa,generator,Missing output tag,none,"tags: {'generator:method': 'wind_turbine', 'generator:source': 'wind', 'name': '2a', 'power': 'generator'}",2026-07-01 00:57:56.291339,https://www.openstreetmap.org/node/13751838743,-34.0876447,24.5826239
node/13751838753,13751838753,node,South Africa,generator,Missing output tag,none,"tags: {'generator:method': 'wind_turbine', 'generator:source': 'wind', 'name': '19', 'power': 'generator'}",2026-07-01 00:57:56.291395,https://www.openstreetmap.org/node/13751838753,-34.0836028,24.5747453
node/13751838754,13751838754,node,South Africa,generator,Missing output tag,none,"tags: {'generator:method': 'wind_turbine', 'generator:source': 'wind', 'name': '15', 'power': 'generator'}",2026-07-01 00:57:56.291451,https://www.openstreetmap.org/node/13751838754,-34.0765842,24.5715875
node/13751838755,13751838755,node,South Africa,generator,Missing output tag,none,"tags: {'generator:method': 'wind_turbine', 'generator:source': 'wind', 'name': '9', 'power': 'generator'}",2026-07-01 00:57:56.291508,https://www.openstreetmap.org/node/13751838755,-34.0743473,24.5619971
node/13751861876,13751861876,node,South Africa,generator,Missing output tag,none,"tags: {'generator:method': 'wind_turbine', 'generator:source': 'wind', 'power': 'generator'}",2026-07-01 00:57:56.293433,https://www.openstreetmap.org/node/13751861876,-34.0762624,24.5274784
node/13751861875,13751861875,node,South Africa,generator,Missing output tag,none,"tags: {'generator:method': 'wind_turbine', 'generator:source': 'wind', 'power': 'generator'}",2026-07-01 00:57:56.293494,https://www.openstreetmap.org/node/13751861875,-34.072604,24.5251538
node/13751861874,13751861874,node,South Africa,generator,Missing output tag,none,"tags: {'generator:method': 'wind_turbine', 'generator:source': 'wind', 'power': 'generator'}",2026-07-01 00:57:56.293552,https://www.openstreetmap.org/node/13751861874,-34.0691084,24.526638
node/13751861829,13751861829,node,South Africa,generator,Missing output tag,none,"tags: {'generator:method': 'wind_turbine', 'generator:source': 'wind', 'power': 'generator'}",2026-07-01 00:57:56.293610,https://www.openstreetmap.org/node/13751861829,-34.0646266,24.5264648
node/13751861828,13751861828,node,South Africa,generator,Missing output tag,none,"tags: {'generator:method': 'wind_turbine', 'generator:source': 'wind', 'power': 'generator'}",2026-07-01 00:57:56.293667,https://www.openstreetmap.org/node/13751861828,-34.0610267,24.5242996
node/13751838740,13751838740,node,South Africa,generator,Missing output tag,none,"tags: {'generator:method': 'wind_turbine', 'generator:source': 'wind', 'power': 'generator'}",2026-07-01 00:57:56.293723,https://www.openstreetmap.org/node/13751838740,-34.067143,24.5373407
node/13751861869,13751861869,node,South Africa,generator,Missing output tag,none,"tags: {'generator:method': 'wind_turbine', 'generator:source': 'wind', 'power': 'generator'}",2026-07-01 00:57:56.293779,https://www.openstreetmap.org/node/13751861869,-34.0617003,24.5359807
node/13751861825,13751861825,node,South Africa,generator,Missing output tag,none,"tags: {'generator:method': 'wind_turbine', 'generator:source': 'wind', 'power': 'generator'}",2026-07-01 00:57:56.293853,https://www.openstreetmap.org/node/13751861825,-34.0560328,24.5403885
node/13751861826,13751861826,node,South Africa,generator,Missing output tag,none,"tags: {'generator:method': 'wind_turbine', 'generator:source': 'wind', 'power': 'generator'}",2026-07-01 00:57:56.293910,https://www.openstreetmap.org/node/13751861826,-34.0521445,24.5411704
node/13751861827,13751861827,node,South Africa,generator,Missing output tag,none,"tags: {'generator:method': 'wind_turbine', 'generator:source': 'wind', 'power': 'generator'}",2026-07-01 00:57:56.293966,https://www.openstreetmap.org/node/13751861827,-34.052892,24.5301788
node/13751861830,13751861830,node,South Africa,generator,Missing output tag,none,"tags: {'generator:method': 'wind_turbine', 'generator:source': 'wind', 'power': 'generator'}",2026-07-01 00:57:56.294023,https://www.openstreetmap.org/node/13751861830,-34.0586474,24.5152326
node/13751838739,13751838739,node,South Africa,generator,Missing output tag,none,"tags: {'generator:method': 'wind_turbine', 'generator:source': 'wind', 'power': 'generator'}",2026-07-01 00:57:56.294080,https://www.openstreetmap.org/node/13751838739,-34.0708333,24.5419126
node/13754393670,13754393670,node,South Africa,generator,Missing output tag,none,"tags: {'generator:method': 'wind_turbine', 'generator:source': 'wind', 'power': 'generator'}",2026-07-01 00:57:56.294136,https://www.openstreetmap.org/node/13754393670,-34.0626969,24.5638666
node/13751838742,13751838742,node,South Africa,generator,Missing output tag,none,"tags: {'generator:method': 'wind_turbine', 'generator:source': 'wind', 'power': 'generator'}",2026-07-01 00:57:56.294194,https://www.openstreetmap.org/node/13751838742,-34.0572074,24.5633474
way/104729631,104729631,way,South Africa,plant,Capacity regex no match,240,Tag 'plant:output:electricity' has value '240' which could not be parsed,2026-07-01 00:57:56.295946,https://www.openstreetmap.org/way/104729631,-33.871005765477264,25.597710829173128
way/362669079,362669079,way,South Africa,plant,Capacity regex no match,750kW,Tag 'plant:output:electricity' has value '750kW' which could not be parsed,2026-07-01 00:57:56.302243,https://www.openstreetmap.org/way/362669079,-34.00206120368048,22.38679930593391
way/469700754,469700754,way,South Africa,plant,Capacity regex no match,90kW,Tag 'plant:output:electricity' has value '90kW' which could not be parsed,2026-07-01 00:57:56.308541,https://www.openstreetmap.org/way/469700754,-24.71666769541109,30.832917566666666
way/609946147,609946147,way,South Africa,plant,Capacity placeholder value,yes,Tag 'plant:output:electricity' contains placeholder value 'yes' instead of actual capacity,2026-07-01 00:57:56.310695,https://www.openstreetmap.org/way/609946147,-29.599309752310525,24.14002845803532
way/792056746,792056746,way,South Africa,plant,Capacity placeholder value,yes,Tag 'plant:output:electricity' contains placeholder value 'yes' instead of actual capacity,2026-07-01 00:57:56.319042,https://www.openstreetmap.org/way/792056746,-32.340274047561415,19.029473469138622
way/814750749,814750749,way,South Africa,plant,Capacity placeholder value,yes,Tag 'plant:output:electricity' contains placeholder value 'yes' instead of actual capacity,2026-07-01 00:57:56.320038,https://www.openstreetmap.org/way/814750749,-33.94814955677781,18.512722025680443
way/968888363,968888363,way,South Africa,plant,Capacity regex no match,146,Tag 'plant:output:electricity' has value '146' which could not be parsed,2026-07-01 00:57:56.323088,https://www.openstreetmap.org/way/968888363,-28.761198950054425,31.99394667007163
way/977517516,977517516,way,South Africa,plant,Capacity placeholder value,yes,Tag 'plant:output:electricity' contains placeholder value 'yes' instead of actual capacity,2026-07-01 00:57:56.323262,https://www.openstreetmap.org/way/977517516,-25.819295194180548,28.05542270251661
way/1066115308,1066115308,way,South Africa,plant,Capacity placeholder value,yes,Tag 'plant:output:electricity' contains placeholder value 'yes' instead of actual capacity,2026-07-01 00:57:56.324749,https://www.openstreetmap.org/way/1066115308,-33.846737833220864,18.556168361755333
way/1082252211,1082252211,way,South Africa,plant,Capacity regex no match,315kW,Tag 'plant:output:electricity' has value '315kW' which could not be parsed,2026-07-01 00:57:56.326202,https://www.openstreetmap.org/way/1082252211,-33.90242991343716,19.01309860077852
way/1086723707,1086723707,way,South Africa,plant,Capacity placeholder value,yes,Tag 'plant:output:electricity' contains placeholder value 'yes' instead of actual capacity,2026-07-01 00:57:56.326310,https://www.openstreetmap.org/way/1086723707,-27.03024420031303,28.653817475692335
way/1086774297,1086774297,way,South Africa,plant,Capacity placeholder value,yes,Tag 'plant:output:electricity' contains placeholder value 'yes' instead of actual capacity,2026-07-01 00:57:56.326412,https://www.openstreetmap.org/way/1086774297,-29.332454823106797,22.259305364165506
way/1086861760,1086861760,way,South Africa,plant,Capacity placeholder value,yes,Tag 'plant:output:electricity' contains placeholder value 'yes' instead of actual capacity,2026-07-01 00:57:56.326521,https://www.openstreetmap.org/way/1086861760,-27.76222198125276,24.72593037244803
way/1086915710,1086915710,way,South Africa,plant,Capacity placeholder value,yes,Tag 'plant:output:electricity' contains placeholder value 'yes' instead of actual capacity,2026-07-01 00:57:56.326618,https://www.openstreetmap.org/way/1086915710,-27.686388050581698,24.75489124641917
way/1086915717,1086915717,way,South Africa,plant,Capacity placeholder value,yes,Tag 'plant:output:electricity' contains placeholder value 'yes' instead of actual capacity,2026-07-01 00:57:56.326714,https://www.openstreetmap.org/way/1086915717,-27.696803446862525,24.710898595372473
way/1086959440,1086959440,way,South Africa,plant,Capacity placeholder value,yes,Tag 'plant:output:electricity' contains placeholder value 'yes' instead of actual capacity,2026-07-01 00:57:56.326842,https://www.openstreetmap.org/way/1086959440,-27.65233298568428,24.761555574299265
way/1087081468,1087081468,way,South Africa,plant,Capacity placeholder value,yes,Tag 'plant:output:electricity' contains placeholder value 'yes' instead of actual capacity,2026-07-01 00:57:56.326948,https://www.openstreetmap.org/way/1087081468,-27.797748798987012,24.74851244796106
way/1087226684,1087226684,way,South Africa,plant,Capacity placeholder value,yes,Tag 'plant:output:electricity' contains placeholder value 'yes' instead of actual capacity,2026-07-01 00:57:56.327047,https://www.openstreetmap.org/way/1087226684,-31.4580387,22.752626199999998
way/1087243469,1087243469,way,South Africa,plant,Capacity placeholder value,yes,Tag 'plant:output:electricity' contains placeholder value 'yes' instead of actual capacity,2026-07-01 00:57:56.327142,https://www.openstreetmap.org/way/1087243469,-29.434694177531906,24.591378349241023
way/1087324006,1087324006,way,South Africa,plant,Capacity placeholder value,yes,Tag 'plant:output:electricity' contains placeholder value 'yes' instead of actual capacity,2026-07-01 00:57:56.327238,https://www.openstreetmap.org/way/1087324006,-29.88510020105266,24.701311149907866
way/1087324010,1087324010,way,South Africa,plant,Capacity placeholder value,yes,Tag 'plant:output:electricity' contains placeholder value 'yes' instead of actual capacity,2026-07-01 00:57:56.327334,https://www.openstreetmap.org/way/1087324010,-29.878079830026167,24.706759515771246
way/1087591937,1087591937,way,South Africa,plant,Capacity placeholder value,yes,Tag 'plant:output:electricity' contains placeholder value 'yes' instead of actual capacity,2026-07-01 00:57:56.327448,https://www.openstreetmap.org/way/1087591937,-27.676534898059465,24.756153341129714
way/1090271361,1090271361,way,South Africa,plant,Capacity placeholder value,yes,Tag 'plant:output:electricity' contains placeholder value 'yes' instead of actual capacity,2026-07-01 00:57:56.327780,https://www.openstreetmap.org/way/1090271361,-27.865682928868495,24.674914520252845
way/1090363130,1090363130,way,South Africa,plant,Capacity regex no match,480kW,Tag 'plant:output:electricity' has value '480kW' which could not be parsed,2026-07-01 00:57:56.327909,https://www.openstreetmap.org/way/1090363130,-27.547121404464946,28.500391034898445
way/1091062837,1091062837,way,South Africa,plant,Capacity placeholder value,yes,Tag 'plant:output:electricity' contains placeholder value 'yes' instead of actual capacity,2026-07-01 00:57:56.329192,https://www.openstreetmap.org/way/1091062837,-25.44210246590624,31.76647648538448
way/1092150302,1092150302,way,South Africa,plant,Capacity placeholder value,yes,Tag 'plant:output:electricity' contains placeholder value 'yes' instead of actual capacity,2026-07-01 00:57:56.329329,https://www.openstreetmap.org/way/1092150302,-25.53117004012908,31.59060092261143
way/1095767983,1095767983,way,South Africa,plant,Capacity placeholder value,yes,Tag 'plant:output:electricity' contains placeholder value 'yes' instead of actual capacity,2026-07-01 00:57:56.331038,https://www.openstreetmap.org/way/1095767983,-33.99396355900408,22.011614469244194
way/1095768097,1095768097,way,South Africa,plant,Capacity placeholder value,yes,Tag 'plant:output:electricity' contains placeholder value 'yes' instead of actual capacity,2026-07-01 00:57:56.331143,https://www.openstreetmap.org/way/1095768097,-34.05793438546472,22.082600223614456
way/1101041319,1101041319,way,South Africa,plant,Capacity placeholder value,yes,Tag 'plant:output:electricity' contains placeholder value 'yes' instead of actual capacity,2026-07-01 00:57:56.331524,https://www.openstreetmap.org/way/1101041319,-25.70087736034819,27.863862982459853
way/1104146393,1104146393,way,South Africa,plant,Capacity placeholder value,yes,Tag 'plant:output:electricity' contains placeholder value 'yes' instead of actual capacity,2026-07-01 00:57:56.332129,https://www.openstreetmap.org/way/1104146393,-29.58009855076838,26.67259472240143
way/1104449887,1104449887,way,South Africa,plant,Capacity placeholder value,yes,Tag 'plant:output:electricity' contains placeholder value 'yes' instead of actual capacity,2026-07-01 00:57:56.332295,https://www.openstreetmap.org/way/1104449887,-31.511867155868334,25.573060560954332
way/1106679587,1106679587,way,South Africa,plant,Capacity placeholder value,yes,Tag 'plant:output:electricity' contains placeholder value 'yes' instead of actual capacity,2026-07-01 00:57:56.332672,https://www.openstreetmap.org/way/1106679587,-24.54805119901943,27.196895158425196
way/1106679591,1106679591,way,South Africa,plant,Capacity placeholder value,yes,Tag 'plant:output:electricity' contains placeholder value 'yes' instead of actual capacity,2026-07-01 00:57:56.332774,https://www.openstreetmap.org/way/1106679591,-24.542223380977546,27.203998688958432
way/1106679594,1106679594,way,South Africa,plant,Capacity placeholder value,yes,Tag 'plant:output:electricity' contains placeholder value 'yes' instead of actual capacity,2026-07-01 00:57:56.332897,https://www.openstreetmap.org/way/1106679594,-24.536253014058236,27.210082726661536
way/1106679597,1106679597,way,South Africa,plant,Capacity placeholder value,yes,Tag 'plant:output:electricity' contains placeholder value 'yes' instead of actual capacity,2026-07-01 00:57:56.332997,https://www.openstreetmap.org/way/1106679597,-24.530366356842705,27.216922839874872
way/1106679619,1106679619,way,South Africa,plant,Capacity placeholder value,yes,Tag 'plant:output:electricity' contains placeholder value 'yes' instead of actual capacity,2026-07-01 00:57:56.333152,https://www.openstreetmap.org/way/1106679619,-24.509612921628005,27.131218865378123
way/1106679643,1106679643,way,South Africa,plant,Capacity placeholder value,yes,Tag 'plant:output:electricity' contains placeholder value 'yes' instead of actual capacity,2026-07-01 00:57:56.333277,https://www.openstreetmap.org/way/1106679643,-24.74634762468359,27.426925731055135
way/1106679649,1106679649,way,South Africa,plant,Capacity placeholder value,yes,Tag 'plant:output:electricity' contains placeholder value 'yes' instead of actual capacity,2026-07-01 00:57:56.333559,https://www.openstreetmap.org/way/1106679649,-24.769795054112347,27.41725031743059
way/1106685896,1106685896,way,South Africa,plant,Capacity placeholder value,yes,Tag 'plant:output:electricity' contains placeholder value 'yes' instead of actual capacity,2026-07-01 00:57:56.333655,https://www.openstreetmap.org/way/1106685896,-24.58757948368872,27.252409965282354
way/1106685897,1106685897,way,South Africa,plant,Capacity placeholder value,yes,Tag 'plant:output:electricity' contains placeholder value 'yes' instead of actual capacity,2026-07-01 00:57:56.333754,https://www.openstreetmap.org/way/1106685897,-24.583355682691977,27.261474695044555
way/1106685917,1106685917,way,South Africa,plant,Capacity placeholder value,yes,Tag 'plant:output:electricity' contains placeholder value 'yes' instead of actual capacity,2026-07-01 00:57:56.333869,https://www.openstreetmap.org/way/1106685917,-23.082127760191604,27.91560253919203
way/1106685918,1106685918,way,South Africa,plant,Capacity placeholder value,yes,Tag 'plant:output:electricity' contains placeholder value 'yes' instead of actual capacity,2026-07-01 00:57:56.333984,https://www.openstreetmap.org/way/1106685918,-22.976601307119044,27.9854377407696
way/1106685919,1106685919,way,South Africa,plant,Capacity placeholder value,yes,Tag 'plant:output:electricity' contains placeholder value 'yes' instead of actual capacity,2026-07-01 00:57:56.334102,https://www.openstreetmap.org/way/1106685919,-22.781484050083563,28.150073340287477
way/1106913904,1106913904,way,South Africa,plant,Capacity placeholder value,yes,Tag 'plant:output:electricity' contains placeholder value 'yes' instead of actual capacity,2026-07-01 00:57:56.334200,https://www.openstreetmap.org/way/1106913904,-24.52762576681018,27.229680692841676
way/1106943562,1106943562,way,South Africa,plant,Capacity placeholder value,yes,Tag 'plant:output:electricity' contains placeholder value 'yes' instead of actual capacity,2026-07-01 00:57:56.334457,https://www.openstreetmap.org/way/1106943562,-26.25428788694181,28.428026718822437
way/1107169644,1107169644,way,South Africa,plant,Capacity regex no match,0.209Mw,Tag 'plant:output:electricity' has value '0.209Mw' which could not be parsed,2026-07-01 00:57:56.334563,https://www.openstreetmap.org/way/1107169644,-27.009924566192442,27.376397383710223
way/1107323569,1107323569,way,South Africa,plant,Capacity regex no match,500kW,Tag 'plant:output:electricity' has value '500kW' which could not be parsed,2026-07-01 00:57:56.334674,https://www.openstreetmap.org/way/1107323569,-28.417298836129152,21.25559306626055
way/1109699001,1109699001,way,South Africa,plant,Missing output tag,none,"tags: {'man_made': 'pumping_station', 'name': ""Jager's Rust Pump Station"", 'plant:source': 'hydro', 'power': 'plant'}",2026-07-01 00:57:56.335570,https://www.openstreetmap.org/way/1109699001,-28.598005349999998,29.1169622
way/1113542492,1113542492,way,South Africa,plant,Missing output tag,none,"tags: {'landuse': 'industrial', 'name': 'UWC Backup Generators', 'plant:source': 'diesel', 'power': 'plant'}",2026-07-01 00:57:56.335718,https://www.openstreetmap.org/way/1113542492,-33.935927467497905,18.63285286954277
way/1114882949,1114882949,way,South Africa,plant,Capacity placeholder value,yes,Tag 'plant:output:electricity' contains placeholder value 'yes' instead of actual capacity,2026-07-01 00:57:56.336045,https://www.openstreetmap.org/way/1114882949,-33.84128712473986,25.560110486899116
way/1115572042,1115572042,way,South Africa,plant,Capacity placeholder value,yes,Tag 'plant:output:electricity' contains placeholder value 'yes' instead of actual capacity,2026-07-01 00:57:56.336545,https://www.openstreetmap.org/way/1115572042,-28.991775194194208,24.47675196084175
way/1115572063,1115572063,way,South Africa,plant,Capacity placeholder value,yes,Tag 'plant:output:electricity' contains placeholder value 'yes' instead of actual capacity,2026-07-01 00:57:56.336644,https://www.openstreetmap.org/way/1115572063,-29.054612394357218,24.609777505249376
way/1115572078,1115572078,way,South Africa,plant,Capacity placeholder value,yes,Tag 'plant:output:electricity' contains placeholder value 'yes' instead of actual capacity,2026-07-01 00:57:56.336742,https://www.openstreetmap.org/way/1115572078,-29.13107871649529,24.721519096672843
way/1115579493,1115579493,way,South Africa,plant,Capacity placeholder value,yes,Tag 'plant:output:electricity' contains placeholder value 'yes' instead of actual capacity,2026-07-01 00:57:56.336858,https://www.openstreetmap.org/way/1115579493,-29.083363756796874,24.56098694310314
way/1115662555,1115662555,way,South Africa,plant,Capacity placeholder value,yes,Tag 'plant:output:electricity' contains placeholder value 'yes' instead of actual capacity,2026-07-01 00:57:56.336989,https://www.openstreetmap.org/way/1115662555,-29.66452851330496,22.834147959883897
way/1115662572,1115662572,way,South Africa,plant,Capacity placeholder value,yes,Tag 'plant:output:electricity' contains placeholder value 'yes' instead of actual capacity,2026-07-01 00:57:56.337096,https://www.openstreetmap.org/way/1115662572,-29.660095028313982,22.833491075060135
way/1115662596,1115662596,way,South Africa,plant,Capacity placeholder value,yes,Tag 'plant:output:electricity' contains placeholder value 'yes' instead of actual capacity,2026-07-01 00:57:56.337195,https://www.openstreetmap.org/way/1115662596,-29.651787324382674,22.767682924842585
way/1115662620,1115662620,way,South Africa,plant,Capacity placeholder value,yes,Tag 'plant:output:electricity' contains placeholder value 'yes' instead of actual capacity,2026-07-01 00:57:56.337293,https://www.openstreetmap.org/way/1115662620,-29.541533441097634,22.87422341429219
way/1115662628,1115662628,way,South Africa,plant,Capacity placeholder value,yes,Tag 'plant:output:electricity' contains placeholder value 'yes' instead of actual capacity,2026-07-01 00:57:56.337390,https://www.openstreetmap.org/way/1115662628,-29.562792927558608,22.911147557637666
way/1115662658,1115662658,way,South Africa,plant,Capacity placeholder value,yes,Tag 'plant:output:electricity' contains placeholder value 'yes' instead of actual capacity,2026-07-01 00:57:56.337496,https://www.openstreetmap.org/way/1115662658,-29.54903159764041,22.917801207891355
way/1115662683,1115662683,way,South Africa,plant,Capacity placeholder value,yes,Tag 'plant:output:electricity' contains placeholder value 'yes' instead of actual capacity,2026-07-01 00:57:56.337594,https://www.openstreetmap.org/way/1115662683,-29.509854052602822,22.941113316514564
way/1115662691,1115662691,way,South Africa,plant,Capacity placeholder value,yes,Tag 'plant:output:electricity' contains placeholder value 'yes' instead of actual capacity,2026-07-01 00:57:56.337730,https://www.openstreetmap.org/way/1115662691,-29.524339255072913,22.97381054292919
way/1115662692,1115662692,way,South Africa,plant,Capacity placeholder value,yes,Tag 'plant:output:electricity' contains placeholder value 'yes' instead of actual capacity,2026-07-01 00:57:56.337861,https://www.openstreetmap.org/way/1115662692,-29.527628453282194,22.97897263180745
way/1115684738,1115684738,way,South Africa,plant,Capacity placeholder value,yes,Tag 'plant:output:electricity' contains placeholder value 'yes' instead of actual capacity,2026-07-01 00:57:56.337972,https://www.openstreetmap.org/way/1115684738,-29.534175764069868,22.99624927257877
way/1115687824,1115687824,way,South Africa,plant,Capacity placeholder value,yes,Tag 'plant:output:electricity' contains placeholder value 'yes' instead of actual capacity,2026-07-01 00:57:56.338076,https://www.openstreetmap.org/way/1115687824,-25.210631049192013,29.414852597894058
way/1115687831,1115687831,way,South Africa,plant,Capacity placeholder value,yes,Tag 'plant:output:electricity' contains placeholder value 'yes' instead of actual capacity,2026-07-01 00:57:56.338176,https://www.openstreetmap.org/way/1115687831,-25.13339013460359,29.41333067298883
way/1115687836,1115687836,way,South Africa,plant,Capacity placeholder value,yes,Tag 'plant:output:electricity' contains placeholder value 'yes' instead of actual capacity,2026-07-01 00:57:56.338276,https://www.openstreetmap.org/way/1115687836,-25.02546386020513,29.366291285712663
way/1115704926,1115704926,way,South Africa,plant,Capacity placeholder value,yes,Tag 'plant:output:electricity' contains placeholder value 'yes' instead of actual capacity,2026-07-01 00:57:56.338394,https://www.openstreetmap.org/way/1115704926,-25.07082887176728,29.183109717572215
way/1115709630,1115709630,way,South Africa,plant,Capacity placeholder value,yes,Tag 'plant:output:electricity' contains placeholder value 'yes' instead of actual capacity,2026-07-01 00:57:56.338499,https://www.openstreetmap.org/way/1115709630,-23.060295150718744,30.15359785388327
way/1115792538,1115792538,way,South Africa,plant,Capacity placeholder value,yes,Tag 'plant:output:electricity' contains placeholder value 'yes' instead of actual capacity,2026-07-01 00:57:56.339239,https://www.openstreetmap.org/way/1115792538,-33.60779252157288,22.232075648381127
way/1116086487,1116086487,way,South Africa,plant,Capacity placeholder value,yes,Tag 'plant:output:electricity' contains placeholder value 'yes' instead of actual capacity,2026-07-01 00:57:56.339560,https://www.openstreetmap.org/way/1116086487,-30.6739801297859,26.709416147965563
way/1116086494,1116086494,way,South Africa,plant,Capacity placeholder value,yes,Tag 'plant:output:electricity' contains placeholder value 'yes' instead of actual capacity,2026-07-01 00:57:56.339657,https://www.openstreetmap.org/way/1116086494,-30.680503346319625,26.70166854042643
way/1116086518,1116086518,way,South Africa,plant,Capacity placeholder value,yes,Tag 'plant:output:electricity' contains placeholder value 'yes' instead of actual capacity,2026-07-01 00:57:56.339755,https://www.openstreetmap.org/way/1116086518,-30.59871683623701,25.440977771679435
way/1116086553,1116086553,way,South Africa,plant,Capacity placeholder value,yes,Tag 'plant:output:electricity' contains placeholder value 'yes' instead of actual capacity,2026-07-01 00:57:56.339899,https://www.openstreetmap.org/way/1116086553,-30.568512670674792,25.292762356183257
way/1116086581,1116086581,way,South Africa,plant,Capacity placeholder value,yes,Tag 'plant:output:electricity' contains placeholder value 'yes' instead of actual capacity,2026-07-01 00:57:56.340026,https://www.openstreetmap.org/way/1116086581,-29.84704836277961,24.528965007444565
way/1116086590,1116086590,way,South Africa,plant,Capacity placeholder value,yes,Tag 'plant:output:electricity' contains placeholder value 'yes' instead of actual capacity,2026-07-01 00:57:56.340125,https://www.openstreetmap.org/way/1116086590,-29.738529165373734,24.383159181366747
way/1116090377,1116090377,way,South Africa,plant,Capacity placeholder value,yes,Tag 'plant:output:electricity' contains placeholder value 'yes' instead of actual capacity,2026-07-01 00:57:56.340250,https://www.openstreetmap.org/way/1116090377,-29.550961180449338,24.002186220233625
way/1116090393,1116090393,way,South Africa,plant,Capacity placeholder value,yes,Tag 'plant:output:electricity' contains placeholder value 'yes' instead of actual capacity,2026-07-01 00:57:56.340366,https://www.openstreetmap.org/way/1116090393,-29.50734714583018,23.93518455681225
way/1116272520,1116272520,way,South Africa,plant,Capacity placeholder value,yes,Tag 'plant:output:electricity' contains placeholder value 'yes' instead of actual capacity,2026-07-01 00:57:56.340489,https://www.openstreetmap.org/way/1116272520,-27.844072729134,24.84892618719997
way/1116272527,1116272527,way,South Africa,plant,Capacity placeholder value,yes,Tag 'plant:output:electricity' contains placeholder value 'yes' instead of actual capacity,2026-07-01 00:57:56.340585,https://www.openstreetmap.org/way/1116272527,-27.858606999688515,24.851186068723578
way/1116272543,1116272543,way,South Africa,plant,Capacity placeholder value,yes,Tag 'plant:output:electricity' contains placeholder value 'yes' instead of actual capacity,2026-07-01 00:57:56.340687,https://www.openstreetmap.org/way/1116272543,-27.735316376851472,24.776608342238177
way/1116280750,1116280750,way,South Africa,plant,Capacity placeholder value,yes,Tag 'plant:output:electricity' contains placeholder value 'yes' instead of actual capacity,2026-07-01 00:57:56.340780,https://www.openstreetmap.org/way/1116280750,-27.72772586523358,24.748715053086322
way/1116309962,1116309962,way,South Africa,plant,Capacity placeholder value,yes,Tag 'plant:output:electricity' contains placeholder value 'yes' instead of actual capacity,2026-07-01 00:57:56.340895,https://www.openstreetmap.org/way/1116309962,-27.959301198881278,24.62457353027735
way/1116445860,1116445860,way,South Africa,plant,Capacity placeholder value,yes,Tag 'plant:output:electricity' contains placeholder value 'yes' instead of actual capacity,2026-07-01 00:57:56.341047,https://www.openstreetmap.org/way/1116445860,-27.933663377434023,25.165544873139687
way/1116452949,1116452949,way,South Africa,plant,Capacity placeholder value,yes,Tag 'plant:output:electricity' contains placeholder value 'yes' instead of actual capacity,2026-07-01 00:57:56.341143,https://www.openstreetmap.org/way/1116452949,-27.97512034117176,25.12166126962148
way/1116452956,1116452956,way,South Africa,plant,Capacity placeholder value,yes,Tag 'plant:output:electricity' contains placeholder value 'yes' instead of actual capacity,2026-07-01 00:57:56.341256,https://www.openstreetmap.org/way/1116452956,-28.04318789923864,25.088422668668024
way/1116452964,1116452964,way,South Africa,plant,Capacity placeholder value,yes,Tag 'plant:output:electricity' contains placeholder value 'yes' instead of actual capacity,2026-07-01 00:57:56.341351,https://www.openstreetmap.org/way/1116452964,-28.127052109435045,25.063659828094565
way/1116452995,1116452995,way,South Africa,plant,Capacity placeholder value,yes,Tag 'plant:output:electricity' contains placeholder value 'yes' instead of actual capacity,2026-07-01 00:57:56.341460,https://www.openstreetmap.org/way/1116452995,-27.663768404191412,25.604712927070814
way/1116637128,1116637128,way,South Africa,plant,Capacity placeholder value,yes,Tag 'plant:output:electricity' contains placeholder value 'yes' instead of actual capacity,2026-07-01 00:57:56.341659,https://www.openstreetmap.org/way/1116637128,-28.641976587577123,20.304583288150628
way/1116637191,1116637191,way,South Africa,plant,Capacity placeholder value,yes,Tag 'plant:output:electricity' contains placeholder value 'yes' instead of actual capacity,2026-07-01 00:57:56.341886,https://www.openstreetmap.org/way/1116637191,-28.682260857105614,20.43521099903857
way/1116637211,1116637211,way,South Africa,plant,Capacity placeholder value,yes,Tag 'plant:output:electricity' contains placeholder value 'yes' instead of actual capacity,2026-07-01 00:57:56.341985,https://www.openstreetmap.org/way/1116637211,-28.69763484450045,20.463869974986036
way/1116782654,1116782654,way,South Africa,plant,Capacity placeholder value,yes,Tag 'plant:output:electricity' contains placeholder value 'yes' instead of actual capacity,2026-07-01 00:57:56.342098,https://www.openstreetmap.org/way/1116782654,-25.12886900394717,31.914134755242536
way/1116782683,1116782683,way,South Africa,plant,Capacity placeholder value,yes,Tag 'plant:output:electricity' contains placeholder value 'yes' instead of actual capacity,2026-07-01 00:57:56.342217,https://www.openstreetmap.org/way/1116782683,-24.99788559016133,31.58953715556756
way/1116846820,1116846820,way,South Africa,plant,Capacity placeholder value,yes,Tag 'plant:output:electricity' contains placeholder value 'yes' instead of actual capacity,2026-07-01 00:57:56.342311,https://www.openstreetmap.org/way/1116846820,-23.71396274913882,31.26543339861565
way/1116848390,1116848390,way,South Africa,plant,Capacity placeholder value,yes,Tag 'plant:output:electricity' contains placeholder value 'yes' instead of actual capacity,2026-07-01 00:57:56.342417,https://www.openstreetmap.org/way/1116848390,-22.94526818104551,31.220564183558327
way/1116868750,1116868750,way,South Africa,plant,Capacity placeholder value,yes,Tag 'plant:output:electricity' contains placeholder value 'yes' instead of actual capacity,2026-07-01 00:57:56.342610,https://www.openstreetmap.org/way/1116868750,-22.74677263379633,28.16977166706125
way/1116975255,1116975255,way,South Africa,plant,Capacity placeholder value,yes,Tag 'plant:output:electricity' contains placeholder value 'yes' instead of actual capacity,2026-07-01 00:57:56.342707,https://www.openstreetmap.org/way/1116975255,-23.11475229091078,27.83140979744066
way/1117408224,1117408224,way,South Africa,plant,Capacity placeholder value,yes,Tag 'plant:output:electricity' contains placeholder value 'yes' instead of actual capacity,2026-07-01 00:57:56.343090,https://www.openstreetmap.org/way/1117408224,-33.35186357108975,18.524796592644527
way/1118328727,1118328727,way,South Africa,plant,Capacity placeholder value,yes,Tag 'plant:output:electricity' contains placeholder value 'yes' instead of actual capacity,2026-07-01 00:57:56.343191,https://www.openstreetmap.org/way/1118328727,-28.045958544866053,25.0909225295992
way/1118400880,1118400880,way,South Africa,plant,Capacity placeholder value,yes,Tag 'plant:output:electricity' contains placeholder value 'yes' instead of actual capacity,2026-07-01 00:57:56.343289,https://www.openstreetmap.org/way/1118400880,-27.794593695261227,25.33393888486469
way/1118722055,1118722055,way,South Africa,plant,Capacity placeholder value,yes,Tag 'plant:output:electricity' contains placeholder value 'yes' instead of actual capacity,2026-07-01 00:57:56.343385,https://www.openstreetmap.org/way/1118722055,-27.80088597699706,25.271490922023045
way/1118906373,1118906373,way,South Africa,plant,Capacity placeholder value,yes,Tag 'plant:output:electricity' contains placeholder value 'yes' instead of actual capacity,2026-07-01 00:57:56.343483,https://www.openstreetmap.org/way/1118906373,-27.686788571165856,24.733492300645644
way/1118929384,1118929384,way,South Africa,plant,Capacity placeholder value,yes,Tag 'plant:output:electricity' contains placeholder value 'yes' instead of actual capacity,2026-07-01 00:57:56.343580,https://www.openstreetmap.org/way/1118929384,-32.06313344619807,25.583275996309418
way/1118929391,1118929391,way,South Africa,plant,Capacity placeholder value,yes,Tag 'plant:output:electricity' contains placeholder value 'yes' instead of actual capacity,2026-07-01 00:57:56.343677,https://www.openstreetmap.org/way/1118929391,-32.05713442782203,25.56432306085259
way/1118929396,1118929396,way,South Africa,plant,Capacity placeholder value,yes,Tag 'plant:output:electricity' contains placeholder value 'yes' instead of actual capacity,2026-07-01 00:57:56.343779,https://www.openstreetmap.org/way/1118929396,-32.04054094132055,25.517252285912072
way/1118929399,1118929399,way,South Africa,plant,Capacity placeholder value,yes,Tag 'plant:output:electricity' contains placeholder value 'yes' instead of actual capacity,2026-07-01 00:57:56.343929,https://www.openstreetmap.org/way/1118929399,-32.04160619017544,25.51740075790477
way/1118929407,1118929407,way,South Africa,plant,Capacity placeholder value,yes,Tag 'plant:output:electricity' contains placeholder value 'yes' instead of actual capacity,2026-07-01 00:57:56.344032,https://www.openstreetmap.org/way/1118929407,-32.034568182647305,25.48594362272718
way/1118929419,1118929419,way,South Africa,plant,Capacity placeholder value,yes,Tag 'plant:output:electricity' contains placeholder value 'yes' instead of actual capacity,2026-07-01 00:57:56.344133,https://www.openstreetmap.org/way/1118929419,-32.057767440983305,25.525415743129365
way/1118972359,1118972359,way,South Africa,plant,Capacity placeholder value,yes,Tag 'plant:output:electricity' contains placeholder value 'yes' instead of actual capacity,2026-07-01 00:57:56.344232,https://www.openstreetmap.org/way/1118972359,-32.0469073453043,25.568272037627786
way/1118972383,1118972383,way,South Africa,plant,Capacity placeholder value,yes,Tag 'plant:output:electricity' contains placeholder value 'yes' instead of actual capacity,2026-07-01 00:57:56.344343,https://www.openstreetmap.org/way/1118972383,-31.907564396338696,25.52618801655871
way/1119013885,1119013885,way,South Africa,plant,Capacity placeholder value,yes,Tag 'plant:output:electricity' contains placeholder value 'yes' instead of actual capacity,2026-07-01 00:57:56.344445,https://www.openstreetmap.org/way/1119013885,-31.493481929523377,25.52482558227547
way/1119013898,1119013898,way,South Africa,plant,Capacity placeholder value,yes,Tag 'plant:output:electricity' contains placeholder value 'yes' instead of actual capacity,2026-07-01 00:57:56.344555,https://www.openstreetmap.org/way/1119013898,-31.498979541810616,25.54433727223261
way/1119162754,1119162754,way,South Africa,plant,Capacity placeholder value,yes,Tag 'plant:output:electricity' contains placeholder value 'yes' instead of actual capacity,2026-07-01 00:57:56.344655,https://www.openstreetmap.org/way/1119162754,-33.34616047258607,18.53020369527659
way/1119221546,1119221546,way,South Africa,plant,Capacity placeholder value,yes,Tag 'plant:output:electricity' contains placeholder value 'yes' instead of actual capacity,2026-07-01 00:57:56.344823,https://www.openstreetmap.org/way/1119221546,-26.071050181342372,28.183765499030677
way/1119244430,1119244430,way,South Africa,plant,Capacity placeholder value,yes,Tag 'plant:output:electricity' contains placeholder value 'yes' instead of actual capacity,2026-07-01 00:57:56.344935,https://www.openstreetmap.org/way/1119244430,-26.144333673377936,27.924825543059875
way/1119364385,1119364385,way,South Africa,plant,Capacity placeholder value,yes,Tag 'plant:output:electricity' contains placeholder value 'yes' instead of actual capacity,2026-07-01 00:57:56.345038,https://www.openstreetmap.org/way/1119364385,-25.87736378772239,28.20934155398107
way/1119456196,1119456196,way,South Africa,plant,Missing output tag,none,"tags: {'landuse': 'industrial', 'name': '1 Shaft Emergency Generators', 'plant:method': 'combustion', 'plant:source': 'diesel', 'power': 'plant'}",2026-07-01 00:57:56.345181,https://www.openstreetmap.org/way/1119456196,-24.820615643424663,27.28777109680811
way/1119465425,1119465425,way,South Africa,plant,Capacity placeholder value,yes,Tag 'plant:output:electricity' contains placeholder value 'yes' instead of actual capacity,2026-07-01 00:57:56.345310,https://www.openstreetmap.org/way/1119465425,-24.76284516674248,27.3884224631876
way/1120706966,1120706966,way,South Africa,plant,Capacity placeholder value,yes,Tag 'plant:output:electricity' contains placeholder value 'yes' instead of actual capacity,2026-07-01 00:57:56.345443,https://www.openstreetmap.org/way/1120706966,-28.39960607031441,21.26841359059263
way/1120843288,1120843288,way,South Africa,plant,Capacity placeholder value,yes,Tag 'plant:output:electricity' contains placeholder value 'yes' instead of actual capacity,2026-07-01 00:57:56.345541,https://www.openstreetmap.org/way/1120843288,-29.221055930304903,26.205796932211165
way/1120847123,1120847123,way,South Africa,plant,Capacity placeholder value,yes,Tag 'plant:output:electricity' contains placeholder value 'yes' instead of actual capacity,2026-07-01 00:57:56.345642,https://www.openstreetmap.org/way/1120847123,-29.096293641592215,26.252718361941593
way/1123315937,1123315937,way,South Africa,plant,Capacity placeholder value,yes,Tag 'plant:output:electricity' contains placeholder value 'yes' instead of actual capacity,2026-07-01 00:57:56.345770,https://www.openstreetmap.org/way/1123315937,-24.55192614660548,31.106542587912134
way/1123352990,1123352990,way,South Africa,plant,Capacity placeholder value,yes,Tag 'plant:output:electricity' contains placeholder value 'yes' instead of actual capacity,2026-07-01 00:57:56.345894,https://www.openstreetmap.org/way/1123352990,-34.064706654759846,18.895789275493925
way/1125106097,1125106097,way,South Africa,plant,Capacity placeholder value,yes,Tag 'plant:output:electricity' contains placeholder value 'yes' instead of actual capacity,2026-07-01 00:57:56.346060,https://www.openstreetmap.org/way/1125106097,-29.02691957683965,26.328921457197417
way/1125876150,1125876150,way,South Africa,plant,Capacity placeholder value,yes,Tag 'plant:output:electricity' contains placeholder value 'yes' instead of actual capacity,2026-07-01 00:57:56.346267,https://www.openstreetmap.org/way/1125876150,-28.76546997265137,20.58270722090968
way/1125879032,1125879032,way,South Africa,plant,Capacity placeholder value,yes,Tag 'plant:output:electricity' contains placeholder value 'yes' instead of actual capacity,2026-07-01 00:57:56.346437,https://www.openstreetmap.org/way/1125879032,-27.668067465550948,27.201885778092
way/1125879992,1125879992,way,South Africa,plant,Capacity placeholder value,yes,Tag 'plant:output:electricity' contains placeholder value 'yes' instead of actual capacity,2026-07-01 00:57:56.346546,https://www.openstreetmap.org/way/1125879992,-27.66521873946479,27.274218915384182
way/1126467937,1126467937,way,South Africa,plant,Capacity placeholder value,yes,Tag 'plant:output:electricity' contains placeholder value 'yes' instead of actual capacity,2026-07-01 00:57:56.346878,https://www.openstreetmap.org/way/1126467937,-29.611568317080916,31.09085499890491
way/1132396431,1132396431,way,South Africa,plant,Capacity placeholder value,yes,Tag 'plant:output:electricity' contains placeholder value 'yes' instead of actual capacity,2026-07-01 00:57:56.347078,https://www.openstreetmap.org/way/1132396431,-25.986924672076707,28.126077203871635
way/1132396490,1132396490,way,South Africa,plant,Capacity placeholder value,yes,Tag 'plant:output:electricity' contains placeholder value 'yes' instead of actual capacity,2026-07-01 00:57:56.347205,https://www.openstreetmap.org/way/1132396490,-25.93908335959012,28.135926970557524
way/1132400770,1132400770,way,South Africa,plant,Capacity placeholder value,yes,Tag 'plant:output:electricity' contains placeholder value 'yes' instead of actual capacity,2026-07-01 00:57:56.347303,https://www.openstreetmap.org/way/1132400770,-28.950091348145595,29.44144838449765
way/1132401002,1132401002,way,South Africa,plant,Capacity placeholder value,yes,Tag 'plant:output:electricity' contains placeholder value 'yes' instead of actual capacity,2026-07-01 00:57:56.347401,https://www.openstreetmap.org/way/1132401002,-28.506887055215188,28.562419611122603
way/1132663791,1132663791,way,South Africa,plant,Capacity placeholder value,yes,Tag 'plant:output:electricity' contains placeholder value 'yes' instead of actual capacity,2026-07-01 00:57:56.347707,https://www.openstreetmap.org/way/1132663791,-33.650067648631776,25.392299043573313
way/1132972603,1132972603,way,South Africa,plant,Capacity placeholder value,yes,Tag 'plant:output:electricity' contains placeholder value 'yes' instead of actual capacity,2026-07-01 00:57:56.347924,https://www.openstreetmap.org/way/1132972603,-32.784374911042,25.807919596421137
way/1136107997,1136107997,way,South Africa,plant,Missing output tag,none,"tags: {'plant:source': 'solar', 'power': 'plant'}",2026-07-01 00:57:56.348495,https://www.openstreetmap.org/way/1136107997,-29.108530708105704,23.74564654311982
way/1136172042,1136172042,way,South Africa,plant,Capacity placeholder value,yes,Tag 'plant:output:electricity' contains placeholder value 'yes' instead of actual capacity,2026-07-01 00:57:56.348925,https://www.openstreetmap.org/way/1136172042,-25.07477871887176,29.292395615176005
way/1136172057,1136172057,way,South Africa,plant,Capacity placeholder value,yes,Tag 'plant:output:electricity' contains placeholder value 'yes' instead of actual capacity,2026-07-01 00:57:56.349099,https://www.openstreetmap.org/way/1136172057,-25.054556725474928,29.33595481572088
way/1136173746,1136173746,way,South Africa,plant,Capacity placeholder value,yes,Tag 'plant:output:electricity' contains placeholder value 'yes' instead of actual capacity,2026-07-01 00:57:56.349200,https://www.openstreetmap.org/way/1136173746,-25.09102666436727,29.14760441901742
way/1136532326,1136532326,way,South Africa,plant,Capacity regex no match,2 Mw,Tag 'plant:output:electricity' has value '2 Mw' which could not be parsed,2026-07-01 00:57:56.349439,https://www.openstreetmap.org/way/1136532326,-23.751162375131038,29.418859791404415
way/1136934821,1136934821,way,South Africa,plant,Capacity placeholder value,yes,Tag 'plant:output:electricity' contains placeholder value 'yes' instead of actual capacity,2026-07-01 00:57:56.349697,https://www.openstreetmap.org/way/1136934821,-26.23223385502398,28.11377195671833
way/1148339494,1148339494,way,South Africa,plant,Capacity regex no match,0.115,Tag 'plant:output:electricity' has value '0.115' which could not be parsed,2026-07-01 00:57:56.351330,https://www.openstreetmap.org/way/1148339494,-33.38871459008356,19.37865215267004
way/1148814693,1148814693,way,South Africa,plant,Capacity placeholder value,yes,Tag 'plant:output:electricity' contains placeholder value 'yes' instead of actual capacity,2026-07-01 00:57:56.351746,https://www.openstreetmap.org/way/1148814693,-25.816269970302944,28.734032227892765
way/1152007207,1152007207,way,South Africa,plant,Capacity placeholder value,yes,Tag 'plant:output:electricity' contains placeholder value 'yes' instead of actual capacity,2026-07-01 00:57:56.351876,https://www.openstreetmap.org/way/1152007207,-24.315546020837576,29.97951034439503
way/1163027447,1163027447,way,South Africa,plant,Capacity placeholder value,yes,Tag 'plant:output:electricity' contains placeholder value 'yes' instead of actual capacity,2026-07-01 00:57:56.352267,https://www.openstreetmap.org/way/1163027447,-26.260226176301085,29.187144182436768
way/1174217610,1174217610,way,South Africa,plant,Capacity placeholder value,yes,Tag 'plant:output:electricity' contains placeholder value 'yes' instead of actual capacity,2026-07-01 00:57:56.352731,https://www.openstreetmap.org/way/1174217610,-27.6014915963542,30.13501049247764
way/1174293762,1174293762,way,South Africa,plant,Capacity regex no match,200kw,Tag 'plant:output:electricity' has value '200kw' which could not be parsed,2026-07-01 00:57:56.352904,https://www.openstreetmap.org/way/1174293762,-31.67208941761909,29.45687751325819
way/1175272154,1175272154,way,South Africa,plant,Capacity placeholder value,yes,Tag 'plant:output:electricity' contains placeholder value 'yes' instead of actual capacity,2026-07-01 00:57:56.353110,https://www.openstreetmap.org/way/1175272154,-28.807446662196277,29.539935032256565
way/1178488653,1178488653,way,South Africa,plant,Capacity placeholder value,yes,Tag 'plant:output:electricity' contains placeholder value 'yes' instead of actual capacity,2026-07-01 00:57:56.353323,https://www.openstreetmap.org/way/1178488653,-29.82604071686906,24.420729179698185
way/1196057844,1196057844,way,South Africa,plant,Capacity placeholder value,yes,Tag 'plant:output:electricity' contains placeholder value 'yes' instead of actual capacity,2026-07-01 00:57:56.353574,https://www.openstreetmap.org/way/1196057844,-26.126078104781694,28.682546455664085
way/1196057845,1196057845,way,South Africa,plant,Capacity placeholder value,yes,Tag 'plant:output:electricity' contains placeholder value 'yes' instead of actual capacity,2026-07-01 00:57:56.353681,https://www.openstreetmap.org/way/1196057845,-26.124735654770667,28.67997029847426
way/1196057846,1196057846,way,South Africa,plant,Capacity placeholder value,yes,Tag 'plant:output:electricity' contains placeholder value 'yes' instead of actual capacity,2026-07-01 00:57:56.353820,https://www.openstreetmap.org/way/1196057846,-26.12807201300079,28.677948086721862
way/1203502388,1203502388,way,South Africa,plant,Capacity regex no match,2 Mw,Tag 'plant:output:electricity' has value '2 Mw' which could not be parsed,2026-07-01 00:57:56.355086,https://www.openstreetmap.org/way/1203502388,-23.863866618718227,30.29340885998758
way/1203785558,1203785558,way,South Africa,plant,Capacity placeholder value,yes,Tag 'plant:output:electricity' contains placeholder value 'yes' instead of actual capacity,2026-07-01 00:57:56.355197,https://www.openstreetmap.org/way/1203785558,-24.49007671700332,30.82971028508455
way/1208048801,1208048801,way,South Africa,plant,Capacity placeholder value,yes,Tag 'plant:output:electricity' contains placeholder value 'yes' instead of actual capacity,2026-07-01 00:57:56.355297,https://www.openstreetmap.org/way/1208048801,-25.758816228699125,27.485463049794458
way/1208048810,1208048810,way,South Africa,plant,Capacity placeholder value,yes,Tag 'plant:output:electricity' contains placeholder value 'yes' instead of actual capacity,2026-07-01 00:57:56.355395,https://www.openstreetmap.org/way/1208048810,-25.75998677470132,27.49025357669267
way/1208049856,1208049856,way,South Africa,plant,Capacity placeholder value,yes,Tag 'plant:output:electricity' contains placeholder value 'yes' instead of actual capacity,2026-07-01 00:57:56.355502,https://www.openstreetmap.org/way/1208049856,-28.451772368185612,21.22478030080293
way/1209479990,1209479990,way,South Africa,plant,Capacity placeholder value,yes,Tag 'plant:output:electricity' contains placeholder value 'yes' instead of actual capacity,2026-07-01 00:57:56.355600,https://www.openstreetmap.org/way/1209479990,-33.7003487512708,19.46447888580764
way/1210680794,1210680794,way,South Africa,plant,Capacity placeholder value,yes,Tag 'plant:output:electricity' contains placeholder value 'yes' instead of actual capacity,2026-07-01 00:57:56.356313,https://www.openstreetmap.org/way/1210680794,-26.148167749925165,28.6077000316622
way/1210694140,1210694140,way,South Africa,plant,Capacity placeholder value,yes,Tag 'plant:output:electricity' contains placeholder value 'yes' instead of actual capacity,2026-07-01 00:57:56.356411,https://www.openstreetmap.org/way/1210694140,-28.941753766975246,18.99037616240086
way/1210694442,1210694442,way,South Africa,plant,Capacity placeholder value,yes,Tag 'plant:output:electricity' contains placeholder value 'yes' instead of actual capacity,2026-07-01 00:57:56.356506,https://www.openstreetmap.org/way/1210694442,-28.63965387369825,20.34658366570296
way/1210730007,1210730007,way,South Africa,plant,Capacity placeholder value,yes,Tag 'plant:output:electricity' contains placeholder value 'yes' instead of actual capacity,2026-07-01 00:57:56.356612,https://www.openstreetmap.org/way/1210730007,-28.784932800195737,20.658118730354087
way/1210833882,1210833882,way,South Africa,plant,Capacity placeholder value,yes,Tag 'plant:output:electricity' contains placeholder value 'yes' instead of actual capacity,2026-07-01 00:57:56.356709,https://www.openstreetmap.org/way/1210833882,-27.216585389825706,23.224650932010412
way/1211669324,1211669324,way,South Africa,plant,Capacity placeholder value,yes,Tag 'plant:output:electricity' contains placeholder value 'yes' instead of actual capacity,2026-07-01 00:57:56.356896,https://www.openstreetmap.org/way/1211669324,-28.526067135979407,19.717648380315893
way/1213983572,1213983572,way,South Africa,plant,Capacity placeholder value,yes,Tag 'plant:output:electricity' contains placeholder value 'yes' instead of actual capacity,2026-07-01 00:57:56.356996,https://www.openstreetmap.org/way/1213983572,-33.61619820263826,19.4527026250054
way/1214608799,1214608799,way,South Africa,plant,Capacity placeholder value,yes,Tag 'plant:output:electricity' contains placeholder value 'yes' instead of actual capacity,2026-07-01 00:57:56.357103,https://www.openstreetmap.org/way/1214608799,-32.96227079338938,25.827028210545908
way/1214608814,1214608814,way,South Africa,plant,Capacity placeholder value,yes,Tag 'plant:output:electricity' contains placeholder value 'yes' instead of actual capacity,2026-07-01 00:57:56.357197,https://www.openstreetmap.org/way/1214608814,-32.970137906181066,25.840425020110075
way/1214608821,1214608821,way,South Africa,plant,Capacity placeholder value,yes,Tag 'plant:output:electricity' contains placeholder value 'yes' instead of actual capacity,2026-07-01 00:57:56.357307,https://www.openstreetmap.org/way/1214608821,-32.89075512062249,25.81006845490896
way/1214608878,1214608878,way,South Africa,plant,Capacity placeholder value,yes,Tag 'plant:output:electricity' contains placeholder value 'yes' instead of actual capacity,2026-07-01 00:57:56.357418,https://www.openstreetmap.org/way/1214608878,-32.85409627610336,25.786582196415356
way/1215120035,1215120035,way,South Africa,plant,Capacity placeholder value,yes,Tag 'plant:output:electricity' contains placeholder value 'yes' instead of actual capacity,2026-07-01 00:57:56.357512,https://www.openstreetmap.org/way/1215120035,-26.432544204957644,29.303324014560584
way/1215129006,1215129006,way,South Africa,plant,Capacity placeholder value,yes,Tag 'plant:output:electricity' contains placeholder value 'yes' instead of actual capacity,2026-07-01 00:57:56.357615,https://www.openstreetmap.org/way/1215129006,-23.129016245233682,29.50373615537906
way/1216405819,1216405819,way,South Africa,plant,Capacity placeholder value,yes,Tag 'plant:output:electricity' contains placeholder value 'yes' instead of actual capacity,2026-07-01 00:57:56.357856,https://www.openstreetmap.org/way/1216405819,-27.749559421425378,30.71134398255153
way/1216746993,1216746993,way,South Africa,plant,Capacity placeholder value,yes,Tag 'plant:output:electricity' contains placeholder value 'yes' instead of actual capacity,2026-07-01 00:57:56.357961,https://www.openstreetmap.org/way/1216746993,-22.97939307898328,29.23192130036598
way/1219878972,1219878972,way,South Africa,plant,Capacity placeholder value,yes,Tag 'plant:output:electricity' contains placeholder value 'yes' instead of actual capacity,2026-07-01 00:57:56.358077,https://www.openstreetmap.org/way/1219878972,-25.176019253135447,29.356478459905116
way/1227569196,1227569196,way,South Africa,plant,Capacity placeholder value,yes,Tag 'plant:output:electricity' contains placeholder value 'yes' instead of actual capacity,2026-07-01 00:57:56.358183,https://www.openstreetmap.org/way/1227569196,-27.92682123587992,25.127703672944545
way/1227724298,1227724298,way,South Africa,plant,Capacity placeholder value,yes,Tag 'plant:output:electricity' contains placeholder value 'yes' instead of actual capacity,2026-07-01 00:57:56.358299,https://www.openstreetmap.org/way/1227724298,-28.019009446986445,25.108370051760517
way/1227961914,1227961914,way,South Africa,plant,Capacity placeholder value,yes,Tag 'plant:output:electricity' contains placeholder value 'yes' instead of actual capacity,2026-07-01 00:57:56.358420,https://www.openstreetmap.org/way/1227961914,-29.10595523222213,24.67714528789138
way/1228608079,1228608079,way,South Africa,plant,Capacity placeholder value,yes,Tag 'plant:output:electricity' contains placeholder value 'yes' instead of actual capacity,2026-07-01 00:57:56.358519,https://www.openstreetmap.org/way/1228608079,-24.071125083249196,30.410274338712533
way/1228726136,1228726136,way,South Africa,plant,Capacity placeholder value,yes,Tag 'plant:output:electricity' contains placeholder value 'yes' instead of actual capacity,2026-07-01 00:57:56.358616,https://www.openstreetmap.org/way/1228726136,-24.125038760650693,30.41957801313897
way/1231459964,1231459964,way,South Africa,plant,Capacity placeholder value,yes,Tag 'plant:output:electricity' contains placeholder value 'yes' instead of actual capacity,2026-07-01 00:57:56.359246,https://www.openstreetmap.org/way/1231459964,-24.04725689589245,29.275122090748127
way/1231459965,1231459965,way,South Africa,plant,Capacity placeholder value,yes,Tag 'plant:output:electricity' contains placeholder value 'yes' instead of actual capacity,2026-07-01 00:57:56.359359,https://www.openstreetmap.org/way/1231459965,-24.04426271124584,29.27732735088226
way/1231694682,1231694682,way,South Africa,plant,Capacity placeholder value,yes,Tag 'plant:output:electricity' contains placeholder value 'yes' instead of actual capacity,2026-07-01 00:57:56.359458,https://www.openstreetmap.org/way/1231694682,-29.228427129449205,26.76196074028998
way/1233239017,1233239017,way,South Africa,plant,Capacity placeholder value,yes,Tag 'plant:output:electricity' contains placeholder value 'yes' instead of actual capacity,2026-07-01 00:57:56.359555,https://www.openstreetmap.org/way/1233239017,-32.29159583286772,24.54709388540804
way/1235806883,1235806883,way,South Africa,plant,Capacity placeholder value,yes,Tag 'plant:output:electricity' contains placeholder value 'yes' instead of actual capacity,2026-07-01 00:57:56.359663,https://www.openstreetmap.org/way/1235806883,-32.142077196987834,18.920516985436983
way/1245227847,1245227847,way,South Africa,plant,Capacity placeholder value,yes,Tag 'plant:output:electricity' contains placeholder value 'yes' instead of actual capacity,2026-07-01 00:57:56.360193,https://www.openstreetmap.org/way/1245227847,-25.7996591813765,28.49565166271866
way/1247198825,1247198825,way,South Africa,plant,Capacity placeholder value,yes,Tag 'plant:output:electricity' contains placeholder value 'yes' instead of actual capacity,2026-07-01 00:57:56.360411,https://www.openstreetmap.org/way/1247198825,-31.95658867632712,26.829370516560168
way/1247583565,1247583565,way,South Africa,plant,Capacity placeholder value,yes,Tag 'plant:output:electricity' contains placeholder value 'yes' instead of actual capacity,2026-07-01 00:57:56.360620,https://www.openstreetmap.org/way/1247583565,-29.384163457936822,26.080554748774123
way/1254619914,1254619914,way,South Africa,plant,Capacity placeholder value,yes,Tag 'plant:output:electricity' contains placeholder value 'yes' instead of actual capacity,2026-07-01 00:57:56.360844,https://www.openstreetmap.org/way/1254619914,-27.704988592640657,28.350491482107135
way/1254619921,1254619921,way,South Africa,plant,Capacity placeholder value,yes,Tag 'plant:output:electricity' contains placeholder value 'yes' instead of actual capacity,2026-07-01 00:57:56.360949,https://www.openstreetmap.org/way/1254619921,-27.701991500366145,28.338882510336283
way/1254619933,1254619933,way,South Africa,plant,Capacity placeholder value,yes,Tag 'plant:output:electricity' contains placeholder value 'yes' instead of actual capacity,2026-07-01 00:57:56.361049,https://www.openstreetmap.org/way/1254619933,-27.698580321469855,28.321541739743857
way/1254619966,1254619966,way,South Africa,plant,Capacity placeholder value,yes,Tag 'plant:output:electricity' contains placeholder value 'yes' instead of actual capacity,2026-07-01 00:57:56.361147,https://www.openstreetmap.org/way/1254619966,-27.689307454369914,28.346950826491966
way/1254620028,1254620028,way,South Africa,plant,Capacity placeholder value,yes,Tag 'plant:output:electricity' contains placeholder value 'yes' instead of actual capacity,2026-07-01 00:57:56.361245,https://www.openstreetmap.org/way/1254620028,-27.70596021902273,28.313349206602787
way/1254696829,1254696829,way,South Africa,plant,Capacity placeholder value,yes,Tag 'plant:output:electricity' contains placeholder value 'yes' instead of actual capacity,2026-07-01 00:57:56.361367,https://www.openstreetmap.org/way/1254696829,-24.53924726457238,27.189615174068617
way/1254696842,1254696842,way,South Africa,plant,Capacity placeholder value,yes,Tag 'plant:output:electricity' contains placeholder value 'yes' instead of actual capacity,2026-07-01 00:57:56.361474,https://www.openstreetmap.org/way/1254696842,-24.52267815366589,27.17647345216362
way/1254696872,1254696872,way,South Africa,plant,Capacity placeholder value,yes,Tag 'plant:output:electricity' contains placeholder value 'yes' instead of actual capacity,2026-07-01 00:57:56.361597,https://www.openstreetmap.org/way/1254696872,-24.516543134050046,27.156535760315283
way/1254705558,1254705558,way,South Africa,plant,Capacity placeholder value,yes,Tag 'plant:output:electricity' contains placeholder value 'yes' instead of actual capacity,2026-07-01 00:57:56.361697,https://www.openstreetmap.org/way/1254705558,-24.90632112596361,27.490196121894186
way/1254705561,1254705561,way,South Africa,plant,Capacity placeholder value,yes,Tag 'plant:output:electricity' contains placeholder value 'yes' instead of actual capacity,2026-07-01 00:57:56.362073,https://www.openstreetmap.org/way/1254705561,-24.922816833111312,27.524560035027914
way/1254705589,1254705589,way,South Africa,plant,Capacity placeholder value,yes,Tag 'plant:output:electricity' contains placeholder value 'yes' instead of actual capacity,2026-07-01 00:57:56.362173,https://www.openstreetmap.org/way/1254705589,-24.91403734355608,27.511930108085505
way/1254705604,1254705604,way,South Africa,plant,Capacity placeholder value,yes,Tag 'plant:output:electricity' contains placeholder value 'yes' instead of actual capacity,2026-07-01 00:57:56.362273,https://www.openstreetmap.org/way/1254705604,-24.897446442461874,27.52902742817028
way/1254705616,1254705616,way,South Africa,plant,Capacity placeholder value,yes,Tag 'plant:output:electricity' contains placeholder value 'yes' instead of actual capacity,2026-07-01 00:57:56.362432,https://www.openstreetmap.org/way/1254705616,-24.858566118815567,27.472544729972654
way/1254705617,1254705617,way,South Africa,plant,Capacity placeholder value,yes,Tag 'plant:output:electricity' contains placeholder value 'yes' instead of actual capacity,2026-07-01 00:57:56.362528,https://www.openstreetmap.org/way/1254705617,-24.82750282018097,27.460130279066174
way/1254705637,1254705637,way,South Africa,plant,Capacity placeholder value,yes,Tag 'plant:output:electricity' contains placeholder value 'yes' instead of actual capacity,2026-07-01 00:57:56.362622,https://www.openstreetmap.org/way/1254705637,-24.78255324886268,27.4473033064935
way/1254705647,1254705647,way,South Africa,plant,Capacity placeholder value,yes,Tag 'plant:output:electricity' contains placeholder value 'yes' instead of actual capacity,2026-07-01 00:57:56.362719,https://www.openstreetmap.org/way/1254705647,-24.77556874532128,27.427232884908893
way/1254705653,1254705653,way,South Africa,plant,Capacity placeholder value,yes,Tag 'plant:output:electricity' contains placeholder value 'yes' instead of actual capacity,2026-07-01 00:57:56.362859,https://www.openstreetmap.org/way/1254705653,-24.852360661004912,27.467049926386792
way/1254916587,1254916587,way,South Africa,plant,Capacity placeholder value,yes,Tag 'plant:output:electricity' contains placeholder value 'yes' instead of actual capacity,2026-07-01 00:57:56.363051,https://www.openstreetmap.org/way/1254916587,-22.839868205430108,28.050886403931436
way/1255352926,1255352926,way,South Africa,plant,Capacity placeholder value,yes,Tag 'plant:output:electricity' contains placeholder value 'yes' instead of actual capacity,2026-07-01 00:57:56.363155,https://www.openstreetmap.org/way/1255352926,-27.26021504317785,27.51315398586744
way/1255352930,1255352930,way,South Africa,plant,Capacity placeholder value,yes,Tag 'plant:output:electricity' contains placeholder value 'yes' instead of actual capacity,2026-07-01 00:57:56.363256,https://www.openstreetmap.org/way/1255352930,-27.26490640871345,27.511826252365207
way/1256663583,1256663583,way,South Africa,plant,Capacity placeholder value,yes,Tag 'plant:output:electricity' contains placeholder value 'yes' instead of actual capacity,2026-07-01 00:57:56.363483,https://www.openstreetmap.org/way/1256663583,-28.100264639438873,27.805411121555963
way/1257101383,1257101383,way,South Africa,plant,Capacity placeholder value,yes,Tag 'plant:output:electricity' contains placeholder value 'yes' instead of actual capacity,2026-07-01 00:57:56.363774,https://www.openstreetmap.org/way/1257101383,-29.762282397669757,24.39041506604532
way/1257101388,1257101388,way,South Africa,plant,Capacity placeholder value,yes,Tag 'plant:output:electricity' contains placeholder value 'yes' instead of actual capacity,2026-07-01 00:57:56.363898,https://www.openstreetmap.org/way/1257101388,-29.75685474218193,24.386258424577996
way/1257101392,1257101392,way,South Africa,plant,Capacity placeholder value,yes,Tag 'plant:output:electricity' contains placeholder value 'yes' instead of actual capacity,2026-07-01 00:57:56.364043,https://www.openstreetmap.org/way/1257101392,-29.74939429636337,24.38327594972724
way/1257101402,1257101402,way,South Africa,plant,Capacity placeholder value,yes,Tag 'plant:output:electricity' contains placeholder value 'yes' instead of actual capacity,2026-07-01 00:57:56.364184,https://www.openstreetmap.org/way/1257101402,-29.754883753566574,24.390342282249517
way/1257101416,1257101416,way,South Africa,plant,Capacity placeholder value,yes,Tag 'plant:output:electricity' contains placeholder value 'yes' instead of actual capacity,2026-07-01 00:57:56.364336,https://www.openstreetmap.org/way/1257101416,-29.770360375249076,24.39642725736749
way/1257101497,1257101497,way,South Africa,plant,Capacity placeholder value,yes,Tag 'plant:output:electricity' contains placeholder value 'yes' instead of actual capacity,2026-07-01 00:57:56.364492,https://www.openstreetmap.org/way/1257101497,-29.892712078560773,24.62098156717208
way/1257101501,1257101501,way,South Africa,plant,Capacity placeholder value,yes,Tag 'plant:output:electricity' contains placeholder value 'yes' instead of actual capacity,2026-07-01 00:57:56.364654,https://www.openstreetmap.org/way/1257101501,-29.57674958943841,24.034374742912636
way/1257101556,1257101556,way,South Africa,plant,Capacity placeholder value,yes,Tag 'plant:output:electricity' contains placeholder value 'yes' instead of actual capacity,2026-07-01 00:57:56.364793,https://www.openstreetmap.org/way/1257101556,-29.112389016302803,23.777863347048857
way/1257118805,1257118805,way,South Africa,plant,Capacity placeholder value,yes,Tag 'plant:output:electricity' contains placeholder value 'yes' instead of actual capacity,2026-07-01 00:57:56.364925,https://www.openstreetmap.org/way/1257118805,-29.42233288069747,23.07764299667116
way/1257118817,1257118817,way,South Africa,plant,Capacity placeholder value,yes,Tag 'plant:output:electricity' contains placeholder value 'yes' instead of actual capacity,2026-07-01 00:57:56.365026,https://www.openstreetmap.org/way/1257118817,-29.462126603843075,23.005302979122373
way/1257118827,1257118827,way,South Africa,plant,Capacity placeholder value,yes,Tag 'plant:output:electricity' contains placeholder value 'yes' instead of actual capacity,2026-07-01 00:57:56.365125,https://www.openstreetmap.org/way/1257118827,-29.47111307190707,23.011168587365788
way/1257118844,1257118844,way,South Africa,plant,Capacity placeholder value,yes,Tag 'plant:output:electricity' contains placeholder value 'yes' instead of actual capacity,2026-07-01 00:57:56.365223,https://www.openstreetmap.org/way/1257118844,-29.474117809031814,23.011535416702973
way/1257118847,1257118847,way,South Africa,plant,Capacity placeholder value,yes,Tag 'plant:output:electricity' contains placeholder value 'yes' instead of actual capacity,2026-07-01 00:57:56.365323,https://www.openstreetmap.org/way/1257118847,-29.5567386584284,22.874366068694954
way/1257118862,1257118862,way,South Africa,plant,Capacity placeholder value,yes,Tag 'plant:output:electricity' contains placeholder value 'yes' instead of actual capacity,2026-07-01 00:57:56.365440,https://www.openstreetmap.org/way/1257118862,-29.548371291786015,22.867548892988193
way/1257118874,1257118874,way,South Africa,plant,Capacity placeholder value,yes,Tag 'plant:output:electricity' contains placeholder value 'yes' instead of actual capacity,2026-07-01 00:57:56.365539,https://www.openstreetmap.org/way/1257118874,-29.581206365119222,22.847670378283446
way/1257118885,1257118885,way,South Africa,plant,Capacity placeholder value,yes,Tag 'plant:output:electricity' contains placeholder value 'yes' instead of actual capacity,2026-07-01 00:57:56.365655,https://www.openstreetmap.org/way/1257118885,-29.58759796874692,22.87194835149493
way/1257118892,1257118892,way,South Africa,plant,Capacity placeholder value,yes,Tag 'plant:output:electricity' contains placeholder value 'yes' instead of actual capacity,2026-07-01 00:57:56.365762,https://www.openstreetmap.org/way/1257118892,-29.58168371459241,22.868389496851854
way/1257118908,1257118908,way,South Africa,plant,Capacity placeholder value,yes,Tag 'plant:output:electricity' contains placeholder value 'yes' instead of actual capacity,2026-07-01 00:57:56.365891,https://www.openstreetmap.org/way/1257118908,-29.62466579086566,22.86299663310032
way/1257118929,1257118929,way,South Africa,plant,Capacity placeholder value,yes,Tag 'plant:output:electricity' contains placeholder value 'yes' instead of actual capacity,2026-07-01 00:57:56.366000,https://www.openstreetmap.org/way/1257118929,-29.675728851159896,22.830788613316166
way/1257118990,1257118990,way,South Africa,plant,Capacity placeholder value,yes,Tag 'plant:output:electricity' contains placeholder value 'yes' instead of actual capacity,2026-07-01 00:57:56.366098,https://www.openstreetmap.org/way/1257118990,-28.74582889423846,20.708292583004027
way/1257140658,1257140658,way,South Africa,plant,Capacity placeholder value,yes,Tag 'plant:output:electricity' contains placeholder value 'yes' instead of actual capacity,2026-07-01 00:57:56.366196,https://www.openstreetmap.org/way/1257140658,-30.64394166225257,26.536913862477626
way/1257140672,1257140672,way,South Africa,plant,Capacity placeholder value,yes,Tag 'plant:output:electricity' contains placeholder value 'yes' instead of actual capacity,2026-07-01 00:57:56.366303,https://www.openstreetmap.org/way/1257140672,-30.670447611914472,26.63184884009435
way/1257151742,1257151742,way,South Africa,plant,Capacity placeholder value,yes,Tag 'plant:output:electricity' contains placeholder value 'yes' instead of actual capacity,2026-07-01 00:57:56.366401,https://www.openstreetmap.org/way/1257151742,-28.07127595875952,25.07997736512496
way/1257151799,1257151799,way,South Africa,plant,Capacity placeholder value,yes,Tag 'plant:output:electricity' contains placeholder value 'yes' instead of actual capacity,2026-07-01 00:57:56.366497,https://www.openstreetmap.org/way/1257151799,-27.97291115079871,25.111834812885625
way/1257151809,1257151809,way,South Africa,plant,Capacity placeholder value,yes,Tag 'plant:output:electricity' contains placeholder value 'yes' instead of actual capacity,2026-07-01 00:57:56.366594,https://www.openstreetmap.org/way/1257151809,-27.97075224506987,25.11277178543172
way/1257151880,1257151880,way,South Africa,plant,Capacity placeholder value,yes,Tag 'plant:output:electricity' contains placeholder value 'yes' instead of actual capacity,2026-07-01 00:57:56.366691,https://www.openstreetmap.org/way/1257151880,-28.047672678305034,25.246776030148087
way/1257197793,1257197793,way,South Africa,plant,Capacity regex no match,370kW,Tag 'plant:output:electricity' has value '370kW' which could not be parsed,2026-07-01 00:57:56.366815,https://www.openstreetmap.org/way/1257197793,-34.02995097521566,22.222813755529934
way/1257211038,1257211038,way,South Africa,plant,Capacity regex no match,765kW,Tag 'plant:output:electricity' has value '765kW' which could not be parsed,2026-07-01 00:57:56.366994,https://www.openstreetmap.org/way/1257211038,-32.570062852091645,25.77724005922865
way/1257411737,1257411737,way,South Africa,plant,Capacity placeholder value,yes,Tag 'plant:output:electricity' contains placeholder value 'yes' instead of actual capacity,2026-07-01 00:57:56.367103,https://www.openstreetmap.org/way/1257411737,-27.229417139077025,26.23704724897345
way/1260680105,1260680105,way,South Africa,plant,Capacity placeholder value,yes,Tag 'plant:output:electricity' contains placeholder value 'yes' instead of actual capacity,2026-07-01 00:57:56.367202,https://www.openstreetmap.org/way/1260680105,-29.752312374973176,30.58410265449551
way/1262664077,1262664077,way,South Africa,plant,Capacity placeholder value,yes,Tag 'plant:output:electricity' contains placeholder value 'yes' instead of actual capacity,2026-07-01 00:57:56.367415,https://www.openstreetmap.org/way/1262664077,-29.13797967296036,26.204361147613497
way/1262664912,1262664912,way,South Africa,plant,Capacity placeholder value,yes,Tag 'plant:output:electricity' contains placeholder value 'yes' instead of actual capacity,2026-07-01 00:57:56.367513,https://www.openstreetmap.org/way/1262664912,-29.682537703687274,22.779145821118274
way/1262667239,1262667239,way,South Africa,plant,Capacity placeholder value,yes,Tag 'plant:output:electricity' contains placeholder value 'yes' instead of actual capacity,2026-07-01 00:57:56.367610,https://www.openstreetmap.org/way/1262667239,-27.852297361289086,25.25872441121631
way/1262672288,1262672288,way,South Africa,plant,Capacity placeholder value,yes,Tag 'plant:output:electricity' contains placeholder value 'yes' instead of actual capacity,2026-07-01 00:57:56.367707,https://www.openstreetmap.org/way/1262672288,-28.07304351891151,25.049535465185716
way/1265736900,1265736900,way,South Africa,plant,Capacity placeholder value,yes,Tag 'plant:output:electricity' contains placeholder value 'yes' instead of actual capacity,2026-07-01 00:57:56.367828,https://www.openstreetmap.org/way/1265736900,-24.387110017456862,27.074700835154704
way/1265736998,1265736998,way,South Africa,plant,Capacity placeholder value,yes,Tag 'plant:output:electricity' contains placeholder value 'yes' instead of actual capacity,2026-07-01 00:57:56.367949,https://www.openstreetmap.org/way/1265736998,-23.23455432424508,27.744075013579817
way/1266855912,1266855912,way,South Africa,plant,Capacity placeholder value,yes,Tag 'plant:output:electricity' contains placeholder value 'yes' instead of actual capacity,2026-07-01 00:57:56.368061,https://www.openstreetmap.org/way/1266855912,-28.03097643629607,23.448757274956336
way/1266855935,1266855935,way,South Africa,plant,Capacity placeholder value,yes,Tag 'plant:output:electricity' contains placeholder value 'yes' instead of actual capacity,2026-07-01 00:57:56.368162,https://www.openstreetmap.org/way/1266855935,-28.03261375273372,23.46471480653783
way/1266855962,1266855962,way,South Africa,plant,Capacity placeholder value,yes,Tag 'plant:output:electricity' contains placeholder value 'yes' instead of actual capacity,2026-07-01 00:57:56.368260,https://www.openstreetmap.org/way/1266855962,-27.462989769885603,23.68783027983238
way/1268153500,1268153500,way,South Africa,plant,Capacity placeholder value,yes,Tag 'plant:output:electricity' contains placeholder value 'yes' instead of actual capacity,2026-07-01 00:57:56.368355,https://www.openstreetmap.org/way/1268153500,-26.22157191944967,28.552397086371798
way/1268426653,1268426653,way,South Africa,plant,Capacity placeholder value,yes,Tag 'plant:output:electricity' contains placeholder value 'yes' instead of actual capacity,2026-07-01 00:57:56.368461,https://www.openstreetmap.org/way/1268426653,-22.989217893634084,28.04443442227252
way/1268464752,1268464752,way,South Africa,plant,Capacity placeholder value,yes,Tag 'plant:output:electricity' contains placeholder value 'yes' instead of actual capacity,2026-07-01 00:57:56.368564,https://www.openstreetmap.org/way/1268464752,-24.315392906321655,30.855543711554606
way/1268812581,1268812581,way,South Africa,plant,Capacity placeholder value,yes,Tag 'plant:output:electricity' contains placeholder value 'yes' instead of actual capacity,2026-07-01 00:57:56.368792,https://www.openstreetmap.org/way/1268812581,-26.11237372740015,27.776473136749384
way/1269015222,1269015222,way,South Africa,plant,Capacity placeholder value,yes,Tag 'plant:output:electricity' contains placeholder value 'yes' instead of actual capacity,2026-07-01 00:57:56.368946,https://www.openstreetmap.org/way/1269015222,-29.051336766076442,26.210057733990283
way/1270432785,1270432785,way,South Africa,plant,Capacity placeholder value,yes,Tag 'plant:output:electricity' contains placeholder value 'yes' instead of actual capacity,2026-07-01 00:57:56.369070,https://www.openstreetmap.org/way/1270432785,-32.91773287140534,27.98493689746384
way/1271150063,1271150063,way,South Africa,plant,Capacity placeholder value,yes,Tag 'plant:output:electricity' contains placeholder value 'yes' instead of actual capacity,2026-07-01 00:57:56.369375,https://www.openstreetmap.org/way/1271150063,-29.912074159245716,24.653063784041986
way/1271153117,1271153117,way,South Africa,plant,Capacity placeholder value,yes,Tag 'plant:output:electricity' contains placeholder value 'yes' instead of actual capacity,2026-07-01 00:57:56.369491,https://www.openstreetmap.org/way/1271153117,-29.767010115907045,24.378869046420856
way/1271153120,1271153120,way,South Africa,plant,Capacity placeholder value,yes,Tag 'plant:output:electricity' contains placeholder value 'yes' instead of actual capacity,2026-07-01 00:57:56.369590,https://www.openstreetmap.org/way/1271153120,-29.763623650799744,24.371659918706413
way/1271153123,1271153123,way,South Africa,plant,Capacity placeholder value,yes,Tag 'plant:output:electricity' contains placeholder value 'yes' instead of actual capacity,2026-07-01 00:57:56.369689,https://www.openstreetmap.org/way/1271153123,-29.731632025982357,24.375821818412273
way/1271153127,1271153127,way,South Africa,plant,Capacity placeholder value,yes,Tag 'plant:output:electricity' contains placeholder value 'yes' instead of actual capacity,2026-07-01 00:57:56.369788,https://www.openstreetmap.org/way/1271153127,-29.7318794296511,24.37489147969867
way/1271153130,1271153130,way,South Africa,plant,Capacity placeholder value,yes,Tag 'plant:output:electricity' contains placeholder value 'yes' instead of actual capacity,2026-07-01 00:57:56.369912,https://www.openstreetmap.org/way/1271153130,-29.73424270339483,24.369270730719375
way/1271153133,1271153133,way,South Africa,plant,Capacity placeholder value,yes,Tag 'plant:output:electricity' contains placeholder value 'yes' instead of actual capacity,2026-07-01 00:57:56.370017,https://www.openstreetmap.org/way/1271153133,-29.731421230301056,24.367084532729013
way/1271169526,1271169526,way,South Africa,plant,Capacity placeholder value,yes,Tag 'plant:output:electricity' contains placeholder value 'yes' instead of actual capacity,2026-07-01 00:57:56.370118,https://www.openstreetmap.org/way/1271169526,-29.858939789787613,24.52758500495227
way/1271169533,1271169533,way,South Africa,plant,Capacity placeholder value,yes,Tag 'plant:output:electricity' contains placeholder value 'yes' instead of actual capacity,2026-07-01 00:57:56.370217,https://www.openstreetmap.org/way/1271169533,-29.85211411560443,24.599826716937304
way/1271830531,1271830531,way,South Africa,plant,Capacity placeholder value,yes,Tag 'plant:output:electricity' contains placeholder value 'yes' instead of actual capacity,2026-07-01 00:57:56.370314,https://www.openstreetmap.org/way/1271830531,-26.029626705360307,27.724693695453684
way/1272068971,1272068971,way,South Africa,plant,Capacity placeholder value,yes,Tag 'plant:output:electricity' contains placeholder value 'yes' instead of actual capacity,2026-07-01 00:57:56.370410,https://www.openstreetmap.org/way/1272068971,-24.168542968081134,29.006605851081982
way/1273297588,1273297588,way,South Africa,plant,Capacity placeholder value,yes,Tag 'plant:output:electricity' contains placeholder value 'yes' instead of actual capacity,2026-07-01 00:57:56.370733,https://www.openstreetmap.org/way/1273297588,-26.10518265707284,27.914524535438932
way/1274706856,1274706856,way,South Africa,plant,Capacity placeholder value,yes,Tag 'plant:output:electricity' contains placeholder value 'yes' instead of actual capacity,2026-07-01 00:57:56.370888,https://www.openstreetmap.org/way/1274706856,-26.209065897728138,28.104266927382838
way/1274706857,1274706857,way,South Africa,plant,Capacity placeholder value,yes,Tag 'plant:output:electricity' contains placeholder value 'yes' instead of actual capacity,2026-07-01 00:57:56.370990,https://www.openstreetmap.org/way/1274706857,-26.20889516566858,28.116067485374597
way/1282096791,1282096791,way,South Africa,plant,Capacity placeholder value,yes,Tag 'plant:output:electricity' contains placeholder value 'yes' instead of actual capacity,2026-07-01 00:57:56.372668,https://www.openstreetmap.org/way/1282096791,-29.68536098487969,22.811463076682198
way/1282096803,1282096803,way,South Africa,plant,Capacity placeholder value,yes,Tag 'plant:output:electricity' contains placeholder value 'yes' instead of actual capacity,2026-07-01 00:57:56.372780,https://www.openstreetmap.org/way/1282096803,-29.47337478265844,22.99201953393043
way/1282096816,1282096816,way,South Africa,plant,Capacity placeholder value,yes,Tag 'plant:output:electricity' contains placeholder value 'yes' instead of actual capacity,2026-07-01 00:57:56.372906,https://www.openstreetmap.org/way/1282096816,-29.194038949320994,23.369444128707237
way/1282439790,1282439790,way,South Africa,plant,Capacity placeholder value,yes,Tag 'plant:output:electricity' contains placeholder value 'yes' instead of actual capacity,2026-07-01 00:57:56.373013,https://www.openstreetmap.org/way/1282439790,-22.135706594971044,29.663710613016733
way/1282560340,1282560340,way,South Africa,plant,Capacity placeholder value,yes,Tag 'plant:output:electricity' contains placeholder value 'yes' instead of actual capacity,2026-07-01 00:57:56.373113,https://www.openstreetmap.org/way/1282560340,-29.517717257223705,22.931704302158984
way/1282560401,1282560401,way,South Africa,plant,Capacity placeholder value,yes,Tag 'plant:output:electricity' contains placeholder value 'yes' instead of actual capacity,2026-07-01 00:57:56.373213,https://www.openstreetmap.org/way/1282560401,-29.67775931005523,22.809857943338912
way/1282560404,1282560404,way,South Africa,plant,Capacity placeholder value,yes,Tag 'plant:output:electricity' contains placeholder value 'yes' instead of actual capacity,2026-07-01 00:57:56.373322,https://www.openstreetmap.org/way/1282560404,-29.676864819063514,22.80794772631789
way/1282560407,1282560407,way,South Africa,plant,Capacity placeholder value,yes,Tag 'plant:output:electricity' contains placeholder value 'yes' instead of actual capacity,2026-07-01 00:57:56.373429,https://www.openstreetmap.org/way/1282560407,-29.66511619953958,22.790093033686738
way/1282560409,1282560409,way,South Africa,plant,Capacity placeholder value,yes,Tag 'plant:output:electricity' contains placeholder value 'yes' instead of actual capacity,2026-07-01 00:57:56.373527,https://www.openstreetmap.org/way/1282560409,-29.665087196153547,22.790097953516224
way/1282560426,1282560426,way,South Africa,plant,Capacity placeholder value,yes,Tag 'plant:output:electricity' contains placeholder value 'yes' instead of actual capacity,2026-07-01 00:57:56.373634,https://www.openstreetmap.org/way/1282560426,-28.389061355737258,21.486162552751427
way/1284772263,1284772263,way,South Africa,plant,Missing output tag,none,"tags: {'plant:source': 'solar', 'power': 'plant'}",2026-07-01 00:57:56.373755,https://www.openstreetmap.org/way/1284772263,-26.9478747697853,24.77504095581983
way/1285719973,1285719973,way,South Africa,plant,Capacity placeholder value,yes,Tag 'plant:output:electricity' contains placeholder value 'yes' instead of actual capacity,2026-07-01 00:57:56.374215,https://www.openstreetmap.org/way/1285719973,-33.74577144381997,19.781839570803598
way/1285732722,1285732722,way,South Africa,plant,Capacity placeholder value,yes,Tag 'plant:output:electricity' contains placeholder value 'yes' instead of actual capacity,2026-07-01 00:57:56.374347,https://www.openstreetmap.org/way/1285732722,-25.69249556197183,26.9089083110167
way/1286216165,1286216165,way,South Africa,plant,Capacity regex no match,301KW,Tag 'plant:output:electricity' has value '301KW' which could not be parsed,2026-07-01 00:57:56.374470,https://www.openstreetmap.org/way/1286216165,-32.683871849531116,19.05085479002136
way/1286253698,1286253698,way,South Africa,plant,Capacity placeholder value,yes,Tag 'plant:output:electricity' contains placeholder value 'yes' instead of actual capacity,2026-07-01 00:57:56.374592,https://www.openstreetmap.org/way/1286253698,-32.606172080993325,18.995687371494707
way/1286300003,1286300003,way,South Africa,plant,Capacity regex no match,220kW,Tag 'plant:output:electricity' has value '220kW' which could not be parsed,2026-07-01 00:57:56.374696,https://www.openstreetmap.org/way/1286300003,-31.74636221300209,18.534808844537686
way/1286304916,1286304916,way,South Africa,plant,Capacity placeholder value,yes,Tag 'plant:output:electricity' contains placeholder value 'yes' instead of actual capacity,2026-07-01 00:57:56.374818,https://www.openstreetmap.org/way/1286304916,-31.371674984713874,19.122824798123577
way/1286537135,1286537135,way,South Africa,plant,Capacity regex no match,300kW,Tag 'plant:output:electricity' has value '300kW' which could not be parsed,2026-07-01 00:57:56.374944,https://www.openstreetmap.org/way/1286537135,-32.18374069516727,18.8745936517365
way/1286553891,1286553891,way,South Africa,plant,Capacity regex no match,500kW,Tag 'plant:output:electricity' has value '500kW' which could not be parsed,2026-07-01 00:57:56.375083,https://www.openstreetmap.org/way/1286553891,-33.9950989348101,22.42539620277777
way/1286553933,1286553933,way,South Africa,plant,Capacity regex no match,400 kW,Tag 'plant:output:electricity' has value '400 kW' which could not be parsed,2026-07-01 00:57:56.375259,https://www.openstreetmap.org/way/1286553933,-34.004528054497186,22.464050219654265
way/1286565125,1286565125,way,South Africa,plant,Capacity regex no match,400kW,Tag 'plant:output:electricity' has value '400kW' which could not be parsed,2026-07-01 00:57:56.375378,https://www.openstreetmap.org/way/1286565125,-33.94478925336285,22.485010411962957
way/1286592906,1286592906,way,South Africa,plant,Capacity placeholder value,yes,Tag 'plant:output:electricity' contains placeholder value 'yes' instead of actual capacity,2026-07-01 00:57:56.375685,https://www.openstreetmap.org/way/1286592906,-34.16400579822198,22.004735492922265
way/1286679471,1286679471,way,South Africa,plant,Capacity regex no match,500kW,Tag 'plant:output:electricity' has value '500kW' which could not be parsed,2026-07-01 00:57:56.375789,https://www.openstreetmap.org/way/1286679471,-33.032074407206544,27.83216429700527
way/1286721607,1286721607,way,South Africa,plant,Capacity regex no match,388kW,Tag 'plant:output:electricity' has value '388kW' which could not be parsed,2026-07-01 00:57:56.375929,https://www.openstreetmap.org/way/1286721607,-33.08767112374085,27.799692102496152
way/1287476071,1287476071,way,South Africa,plant,Capacity placeholder value,yes,Tag 'plant:output:electricity' contains placeholder value 'yes' instead of actual capacity,2026-07-01 00:57:56.376293,https://www.openstreetmap.org/way/1287476071,-25.51886749007541,27.803282057249945
way/1287683555,1287683555,way,South Africa,plant,Capacity placeholder value,yes,Tag 'plant:output:electricity' contains placeholder value 'yes' instead of actual capacity,2026-07-01 00:57:56.376393,https://www.openstreetmap.org/way/1287683555,-34.00164556886224,25.678058010366314
way/1287992894,1287992894,way,South Africa,plant,Capacity regex no match,850kw,Tag 'plant:output:electricity' has value '850kw' which could not be parsed,2026-07-01 00:57:56.376495,https://www.openstreetmap.org/way/1287992894,-25.58097880355286,31.866103173764774
way/1293646183,1293646183,way,South Africa,plant,Capacity regex no match,315kW,Tag 'plant:output:electricity' has value '315kW' which could not be parsed,2026-07-01 00:57:56.376737,https://www.openstreetmap.org/way/1293646183,-27.65233191916717,28.146215058750414
way/1293742501,1293742501,way,South Africa,plant,Capacity placeholder value,yes,Tag 'plant:output:electricity' contains placeholder value 'yes' instead of actual capacity,2026-07-01 00:57:56.376860,https://www.openstreetmap.org/way/1293742501,-29.82626872531034,24.4207623406359
way/1296074306,1296074306,way,South Africa,plant,Capacity placeholder value,yes,Tag 'plant:output:electricity' contains placeholder value 'yes' instead of actual capacity,2026-07-01 00:57:56.376965,https://www.openstreetmap.org/way/1296074306,-29.350148566021097,24.620078761509387
way/1296074308,1296074308,way,South Africa,plant,Capacity placeholder value,yes,Tag 'plant:output:electricity' contains placeholder value 'yes' instead of actual capacity,2026-07-01 00:57:56.377067,https://www.openstreetmap.org/way/1296074308,-29.3471939826407,24.61411622722164
way/1296074314,1296074314,way,South Africa,plant,Capacity placeholder value,yes,Tag 'plant:output:electricity' contains placeholder value 'yes' instead of actual capacity,2026-07-01 00:57:56.377171,https://www.openstreetmap.org/way/1296074314,-29.341273759170534,24.612579339496662
way/1296074321,1296074321,way,South Africa,plant,Capacity placeholder value,yes,Tag 'plant:output:electricity' contains placeholder value 'yes' instead of actual capacity,2026-07-01 00:57:56.377269,https://www.openstreetmap.org/way/1296074321,-29.339191049683304,24.594744281396295
way/1296074323,1296074323,way,South Africa,plant,Capacity placeholder value,yes,Tag 'plant:output:electricity' contains placeholder value 'yes' instead of actual capacity,2026-07-01 00:57:56.377367,https://www.openstreetmap.org/way/1296074323,-29.320105674155734,24.617551551360787
way/1296074330,1296074330,way,South Africa,plant,Capacity placeholder value,yes,Tag 'plant:output:electricity' contains placeholder value 'yes' instead of actual capacity,2026-07-01 00:57:56.377464,https://www.openstreetmap.org/way/1296074330,-29.311615226604278,24.6132591032462
way/1296074334,1296074334,way,South Africa,plant,Capacity placeholder value,yes,Tag 'plant:output:electricity' contains placeholder value 'yes' instead of actual capacity,2026-07-01 00:57:56.377560,https://www.openstreetmap.org/way/1296074334,-29.271167109524665,24.60322569834388
way/1296074339,1296074339,way,South Africa,plant,Capacity placeholder value,yes,Tag 'plant:output:electricity' contains placeholder value 'yes' instead of actual capacity,2026-07-01 00:57:56.377656,https://www.openstreetmap.org/way/1296074339,-29.26096859427711,24.604219248583906
way/1296074344,1296074344,way,South Africa,plant,Capacity placeholder value,yes,Tag 'plant:output:electricity' contains placeholder value 'yes' instead of actual capacity,2026-07-01 00:57:56.377753,https://www.openstreetmap.org/way/1296074344,-29.25552126819308,24.60213340502876
way/1296074347,1296074347,way,South Africa,plant,Capacity placeholder value,yes,Tag 'plant:output:electricity' contains placeholder value 'yes' instead of actual capacity,2026-07-01 00:57:56.377868,https://www.openstreetmap.org/way/1296074347,-29.24443970200323,24.60590030342058
way/1296074351,1296074351,way,South Africa,plant,Capacity placeholder value,yes,Tag 'plant:output:electricity' contains placeholder value 'yes' instead of actual capacity,2026-07-01 00:57:56.377991,https://www.openstreetmap.org/way/1296074351,-29.200703679911133,24.647395467159104
way/1296086132,1296086132,way,South Africa,plant,Capacity placeholder value,yes,Tag 'plant:output:electricity' contains placeholder value 'yes' instead of actual capacity,2026-07-01 00:57:56.378089,https://www.openstreetmap.org/way/1296086132,-28.86957271738696,24.01513262652632
way/1296086150,1296086150,way,South Africa,plant,Capacity placeholder value,yes,Tag 'plant:output:electricity' contains placeholder value 'yes' instead of actual capacity,2026-07-01 00:57:56.378210,https://www.openstreetmap.org/way/1296086150,-28.83173930570084,24.026728552913617
way/1299446562,1299446562,way,South Africa,plant,Capacity placeholder value,yes,Tag 'plant:output:electricity' contains placeholder value 'yes' instead of actual capacity,2026-07-01 00:57:56.378318,https://www.openstreetmap.org/way/1299446562,-29.331376529082576,30.25992668706584
way/1299502663,1299502663,way,South Africa,plant,Capacity placeholder value,yes,Tag 'plant:output:electricity' contains placeholder value 'yes' instead of actual capacity,2026-07-01 00:57:56.378413,https://www.openstreetmap.org/way/1299502663,-29.30843125737991,29.768107130389428
way/1299799508,1299799508,way,South Africa,plant,Capacity placeholder value,yes,Tag 'plant:output:electricity' contains placeholder value 'yes' instead of actual capacity,2026-07-01 00:57:56.378519,https://www.openstreetmap.org/way/1299799508,-31.874297230202927,25.403147158884614
way/1299841550,1299841550,way,South Africa,plant,Capacity placeholder value,yes,Tag 'plant:output:electricity' contains placeholder value 'yes' instead of actual capacity,2026-07-01 00:57:56.378626,https://www.openstreetmap.org/way/1299841550,-29.342958451959714,30.26379138902955
way/1299841590,1299841590,way,South Africa,plant,Capacity placeholder value,yes,Tag 'plant:output:electricity' contains placeholder value 'yes' instead of actual capacity,2026-07-01 00:57:56.378723,https://www.openstreetmap.org/way/1299841590,-29.376174794628298,30.453465874215134
way/1302353139,1302353139,way,South Africa,plant,Capacity placeholder value,yes,Tag 'plant:output:electricity' contains placeholder value 'yes' instead of actual capacity,2026-07-01 00:57:56.378990,https://www.openstreetmap.org/way/1302353139,-30.57522802894816,25.42305849787484
way/1303765957,1303765957,way,South Africa,plant,Capacity regex no match,611kw,Tag 'plant:output:electricity' has value '611kw' which could not be parsed,2026-07-01 00:57:56.379145,https://www.openstreetmap.org/way/1303765957,-25.410998134913566,27.742725529456806
way/1303832998,1303832998,way,South Africa,plant,Capacity regex no match,280kwh,Tag 'plant:output:electricity' has value '280kwh' which could not be parsed,2026-07-01 00:57:56.379285,https://www.openstreetmap.org/way/1303832998,-29.400139237041227,30.04101416406305
way/1303832998,1303832998,way,South Africa,plant,Unsupported capacity unit,280kwh,Tag 'plant:output:electricity' has value '280kwh' which could not be parsed,2026-07-01 00:57:56.379299,https://www.openstreetmap.org/way/1303832998,-29.400139237041227,30.04101416406305
way/1304780317,1304780317,way,South Africa,plant,Capacity placeholder value,yes,Tag 'plant:output:electricity' contains placeholder value 'yes' instead of actual capacity,2026-07-01 00:57:56.380065,https://www.openstreetmap.org/way/1304780317,-26.963938459623563,30.79264379977891
way/1305681642,1305681642,way,South Africa,plant,Capacity placeholder value,yes,Tag 'plant:output:electricity' contains placeholder value 'yes' instead of actual capacity,2026-07-01 00:57:56.380167,https://www.openstreetmap.org/way/1305681642,-33.94642455720443,22.399972180608682
way/1307309700,1307309700,way,South Africa,plant,Capacity placeholder value,yes,Tag 'plant:output:electricity' contains placeholder value 'yes' instead of actual capacity,2026-07-01 00:57:56.380368,https://www.openstreetmap.org/way/1307309700,-25.773844160665092,27.968858270870054
way/1310795195,1310795195,way,South Africa,plant,Capacity regex no match,248kw,Tag 'plant:output:electricity' has value '248kw' which could not be parsed,2026-07-01 00:57:56.380489,https://www.openstreetmap.org/way/1310795195,-26.526655058047986,29.976458566390445
way/1315570202,1315570202,way,South Africa,plant,Capacity placeholder value,yes,Tag 'plant:output:electricity' contains placeholder value 'yes' instead of actual capacity,2026-07-01 00:57:56.380882,https://www.openstreetmap.org/way/1315570202,-26.511807142731953,29.064973728642382
way/1316528066,1316528066,way,South Africa,plant,Capacity placeholder value,yes,Tag 'plant:output:electricity' contains placeholder value 'yes' instead of actual capacity,2026-07-01 00:57:56.380986,https://www.openstreetmap.org/way/1316528066,-29.811266249617677,24.41428562819395
way/1318376696,1318376696,way,South Africa,plant,Capacity placeholder value,yes,Tag 'plant:output:electricity' contains placeholder value 'yes' instead of actual capacity,2026-07-01 00:57:56.381123,https://www.openstreetmap.org/way/1318376696,-23.76072615787373,29.46755731726723
way/1318381208,1318381208,way,South Africa,plant,Capacity placeholder value,yes,Tag 'plant:output:electricity' contains placeholder value 'yes' instead of actual capacity,2026-07-01 00:57:56.381222,https://www.openstreetmap.org/way/1318381208,-22.821346072933526,29.687433135494434
way/1318504174,1318504174,way,South Africa,plant,Capacity placeholder value,yes,Tag 'plant:output:electricity' contains placeholder value 'yes' instead of actual capacity,2026-07-01 00:57:56.381320,https://www.openstreetmap.org/way/1318504174,-22.849933957582056,29.640740133728066
way/1321666526,1321666526,way,South Africa,plant,Capacity regex no match,90kW,Tag 'plant:output:electricity' has value '90kW' which could not be parsed,2026-07-01 00:57:56.381507,https://www.openstreetmap.org/way/1321666526,-25.95831269437277,29.177316799037946
way/1321768904,1321768904,way,South Africa,plant,Capacity placeholder value,yes,Tag 'plant:output:electricity' contains placeholder value 'yes' instead of actual capacity,2026-07-01 00:57:56.381616,https://www.openstreetmap.org/way/1321768904,-25.940312332527593,29.194775031790055
way/1322483088,1322483088,way,South Africa,plant,Capacity placeholder value,yes,Tag 'plant:output:electricity' contains placeholder value 'yes' instead of actual capacity,2026-07-01 00:57:56.381749,https://www.openstreetmap.org/way/1322483088,-26.475959162194926,29.230235798502193
way/1324385603,1324385603,way,South Africa,plant,Capacity placeholder value,yes,Tag 'plant:output:electricity' contains placeholder value 'yes' instead of actual capacity,2026-07-01 00:57:56.382221,https://www.openstreetmap.org/way/1324385603,-26.66673828856893,27.80827968033796
way/1324451965,1324451965,way,South Africa,plant,Capacity placeholder value,yes,Tag 'plant:output:electricity' contains placeholder value 'yes' instead of actual capacity,2026-07-01 00:57:56.382328,https://www.openstreetmap.org/way/1324451965,-26.670452223760304,27.805776550078694
way/1326207093,1326207093,way,South Africa,plant,Capacity placeholder value,yes,Tag 'plant:output:electricity' contains placeholder value 'yes' instead of actual capacity,2026-07-01 00:57:56.382775,https://www.openstreetmap.org/way/1326207093,-23.49486638593071,30.368236772464268
way/1326207094,1326207094,way,South Africa,plant,Capacity placeholder value,yes,Tag 'plant:output:electricity' contains placeholder value 'yes' instead of actual capacity,2026-07-01 00:57:56.382979,https://www.openstreetmap.org/way/1326207094,-23.486665153982127,30.369679795134182
way/1326207095,1326207095,way,South Africa,plant,Capacity placeholder value,yes,Tag 'plant:output:electricity' contains placeholder value 'yes' instead of actual capacity,2026-07-01 00:57:56.383229,https://www.openstreetmap.org/way/1326207095,-23.493570012835438,30.359802450393044
way/1328835761,1328835761,way,South Africa,plant,Capacity placeholder value,yes,Tag 'plant:output:electricity' contains placeholder value 'yes' instead of actual capacity,2026-07-01 00:57:56.384632,https://www.openstreetmap.org/way/1328835761,-24.610325395944994,26.464113862990594
way/1328856274,1328856274,way,South Africa,plant,Capacity placeholder value,yes,Tag 'plant:output:electricity' contains placeholder value 'yes' instead of actual capacity,2026-07-01 00:57:56.384742,https://www.openstreetmap.org/way/1328856274,-25.22276688676159,27.537488958954096
way/1328856286,1328856286,way,South Africa,plant,Capacity placeholder value,yes,Tag 'plant:output:electricity' contains placeholder value 'yes' instead of actual capacity,2026-07-01 00:57:56.384872,https://www.openstreetmap.org/way/1328856286,-25.232257451441605,27.534097234089106
way/1328881828,1328881828,way,South Africa,plant,Capacity placeholder value,yes,Tag 'plant:output:electricity' contains placeholder value 'yes' instead of actual capacity,2026-07-01 00:57:56.384976,https://www.openstreetmap.org/way/1328881828,-22.23634987904998,29.037316484533626
way/1328881834,1328881834,way,South Africa,plant,Capacity placeholder value,yes,Tag 'plant:output:electricity' contains placeholder value 'yes' instead of actual capacity,2026-07-01 00:57:56.385076,https://www.openstreetmap.org/way/1328881834,-22.20840438735263,29.17094865455508
way/1328894859,1328894859,way,South Africa,plant,Capacity placeholder value,yes,Tag 'plant:output:electricity' contains placeholder value 'yes' instead of actual capacity,2026-07-01 00:57:56.385176,https://www.openstreetmap.org/way/1328894859,-24.89371157954221,27.532742250822523
way/1329313987,1329313987,way,South Africa,plant,Capacity placeholder value,yes,Tag 'plant:output:electricity' contains placeholder value 'yes' instead of actual capacity,2026-07-01 00:57:56.385546,https://www.openstreetmap.org/way/1329313987,-26.83009504492292,27.875170210602942
way/1329313988,1329313988,way,South Africa,plant,Capacity placeholder value,yes,Tag 'plant:output:electricity' contains placeholder value 'yes' instead of actual capacity,2026-07-01 00:57:56.385648,https://www.openstreetmap.org/way/1329313988,-26.82240585761335,27.852270196018328
way/1329452356,1329452356,way,South Africa,plant,Capacity placeholder value,yes,Tag 'plant:output:electricity' contains placeholder value 'yes' instead of actual capacity,2026-07-01 00:57:56.385907,https://www.openstreetmap.org/way/1329452356,-26.06202015895157,28.189898319145723
way/1329826813,1329826813,way,South Africa,plant,Capacity placeholder value,yes,Tag 'plant:output:electricity' contains placeholder value 'yes' instead of actual capacity,2026-07-01 00:57:56.386263,https://www.openstreetmap.org/way/1329826813,-31.535148175135195,25.572641090572365
way/1329826837,1329826837,way,South Africa,plant,Capacity regex no match,306kW,Tag 'plant:output:electricity' has value '306kW' which could not be parsed,2026-07-01 00:57:56.386367,https://www.openstreetmap.org/way/1329826837,-31.551018526965656,25.537300584079993
way/1329826842,1329826842,way,South Africa,plant,Capacity placeholder value,yes,Tag 'plant:output:electricity' contains placeholder value 'yes' instead of actual capacity,2026-07-01 00:57:56.386476,https://www.openstreetmap.org/way/1329826842,-31.593472914492416,25.58219983737172
way/1329826851,1329826851,way,South Africa,plant,Capacity placeholder value,yes,Tag 'plant:output:electricity' contains placeholder value 'yes' instead of actual capacity,2026-07-01 00:57:56.386584,https://www.openstreetmap.org/way/1329826851,-31.789893169463422,25.43843903567376
way/1329826869,1329826869,way,South Africa,plant,Capacity placeholder value,yes,Tag 'plant:output:electricity' contains placeholder value 'yes' instead of actual capacity,2026-07-01 00:57:56.386706,https://www.openstreetmap.org/way/1329826869,-31.893998571772354,25.459429056419495
way/1329826877,1329826877,way,South Africa,plant,Capacity placeholder value,yes,Tag 'plant:output:electricity' contains placeholder value 'yes' instead of actual capacity,2026-07-01 00:57:56.386815,https://www.openstreetmap.org/way/1329826877,-31.994931988519944,25.56023707682375
way/1329826883,1329826883,way,South Africa,plant,Capacity placeholder value,yes,Tag 'plant:output:electricity' contains placeholder value 'yes' instead of actual capacity,2026-07-01 00:57:56.386938,https://www.openstreetmap.org/way/1329826883,-32.00174497124876,25.493019634589693
way/1329826896,1329826896,way,South Africa,plant,Capacity placeholder value,yes,Tag 'plant:output:electricity' contains placeholder value 'yes' instead of actual capacity,2026-07-01 00:57:56.387047,https://www.openstreetmap.org/way/1329826896,-32.05053646727977,25.465890092305695
way/1329826908,1329826908,way,South Africa,plant,Capacity placeholder value,yes,Tag 'plant:output:electricity' contains placeholder value 'yes' instead of actual capacity,2026-07-01 00:57:56.387147,https://www.openstreetmap.org/way/1329826908,-32.28362809211997,25.7775191727892
way/1329826917,1329826917,way,South Africa,plant,Capacity placeholder value,yes,Tag 'plant:output:electricity' contains placeholder value 'yes' instead of actual capacity,2026-07-01 00:57:56.387246,https://www.openstreetmap.org/way/1329826917,-32.30984060790736,25.776677721619087
way/1329945845,1329945845,way,South Africa,plant,Capacity placeholder value,yes,Tag 'plant:output:electricity' contains placeholder value 'yes' instead of actual capacity,2026-07-01 00:57:56.387390,https://www.openstreetmap.org/way/1329945845,-32.65471453176118,25.439358113873276
way/1329945869,1329945869,way,South Africa,plant,Capacity placeholder value,yes,Tag 'plant:output:electricity' contains placeholder value 'yes' instead of actual capacity,2026-07-01 00:57:56.387502,https://www.openstreetmap.org/way/1329945869,-32.57132853065897,25.445278100300104
way/1330098081,1330098081,way,South Africa,plant,Capacity placeholder value,yes,Tag 'plant:output:electricity' contains placeholder value 'yes' instead of actual capacity,2026-07-01 00:57:56.387707,https://www.openstreetmap.org/way/1330098081,-25.178827771082602,29.410446729907047
way/1330135106,1330135106,way,South Africa,plant,Capacity placeholder value,yes,Tag 'plant:output:electricity' contains placeholder value 'yes' instead of actual capacity,2026-07-01 00:57:56.387818,https://www.openstreetmap.org/way/1330135106,-25.094208355639157,29.257842811462925
way/1330135127,1330135127,way,South Africa,plant,Capacity placeholder value,yes,Tag 'plant:output:electricity' contains placeholder value 'yes' instead of actual capacity,2026-07-01 00:57:56.387939,https://www.openstreetmap.org/way/1330135127,-25.09159335049273,29.26184977363267
way/1330135135,1330135135,way,South Africa,plant,Capacity placeholder value,yes,Tag 'plant:output:electricity' contains placeholder value 'yes' instead of actual capacity,2026-07-01 00:57:56.388041,https://www.openstreetmap.org/way/1330135135,-25.096257273972224,29.25658532949682
way/1330135144,1330135144,way,South Africa,plant,Capacity placeholder value,yes,Tag 'plant:output:electricity' contains placeholder value 'yes' instead of actual capacity,2026-07-01 00:57:56.388143,https://www.openstreetmap.org/way/1330135144,-25.087362195204758,29.32722308943233
way/1330139695,1330139695,way,South Africa,plant,Capacity placeholder value,yes,Tag 'plant:output:electricity' contains placeholder value 'yes' instead of actual capacity,2026-07-01 00:57:56.388243,https://www.openstreetmap.org/way/1330139695,-25.037164275202922,29.200593759590763
way/1330139738,1330139738,way,South Africa,plant,Capacity placeholder value,yes,Tag 'plant:output:electricity' contains placeholder value 'yes' instead of actual capacity,2026-07-01 00:57:56.388351,https://www.openstreetmap.org/way/1330139738,-25.220923062945328,29.2836237461616
way/1330151341,1330151341,way,South Africa,plant,Capacity placeholder value,yes,Tag 'plant:output:electricity' contains placeholder value 'yes' instead of actual capacity,2026-07-01 00:57:56.388459,https://www.openstreetmap.org/way/1330151341,-27.890862612747014,25.335164839920218
way/1330151382,1330151382,way,South Africa,plant,Capacity placeholder value,yes,Tag 'plant:output:electricity' contains placeholder value 'yes' instead of actual capacity,2026-07-01 00:57:56.388584,https://www.openstreetmap.org/way/1330151382,-27.710574203373625,25.562173654813456
way/1330151412,1330151412,way,South Africa,plant,Capacity placeholder value,yes,Tag 'plant:output:electricity' contains placeholder value 'yes' instead of actual capacity,2026-07-01 00:57:56.388684,https://www.openstreetmap.org/way/1330151412,-27.718027731267213,25.626091076381556
way/1330151493,1330151493,way,South Africa,plant,Capacity placeholder value,yes,Tag 'plant:output:electricity' contains placeholder value 'yes' instead of actual capacity,2026-07-01 00:57:56.388780,https://www.openstreetmap.org/way/1330151493,-28.81321765017225,24.045187500893707
way/1330151513,1330151513,way,South Africa,plant,Capacity placeholder value,yes,Tag 'plant:output:electricity' contains placeholder value 'yes' instead of actual capacity,2026-07-01 00:57:56.388919,https://www.openstreetmap.org/way/1330151513,-28.901998337988243,23.961488362497793
way/1330151518,1330151518,way,South Africa,plant,Capacity placeholder value,yes,Tag 'plant:output:electricity' contains placeholder value 'yes' instead of actual capacity,2026-07-01 00:57:56.389037,https://www.openstreetmap.org/way/1330151518,-28.923355133354857,23.972578338210653
way/1330151526,1330151526,way,South Africa,plant,Capacity placeholder value,yes,Tag 'plant:output:electricity' contains placeholder value 'yes' instead of actual capacity,2026-07-01 00:57:56.389157,https://www.openstreetmap.org/way/1330151526,-29.027529334163077,24.02399933394364
way/1330153412,1330153412,way,South Africa,plant,Capacity placeholder value,yes,Tag 'plant:output:electricity' contains placeholder value 'yes' instead of actual capacity,2026-07-01 00:57:56.389265,https://www.openstreetmap.org/way/1330153412,-29.589669096919177,24.109832957971456
way/1330153418,1330153418,way,South Africa,plant,Capacity placeholder value,yes,Tag 'plant:output:electricity' contains placeholder value 'yes' instead of actual capacity,2026-07-01 00:57:56.389366,https://www.openstreetmap.org/way/1330153418,-29.680122125847724,24.364467289394458
way/1330153429,1330153429,way,South Africa,plant,Capacity placeholder value,yes,Tag 'plant:output:electricity' contains placeholder value 'yes' instead of actual capacity,2026-07-01 00:57:56.389464,https://www.openstreetmap.org/way/1330153429,-29.758673645039018,24.407338409792008
way/1330159458,1330159458,way,South Africa,plant,Capacity placeholder value,yes,Tag 'plant:output:electricity' contains placeholder value 'yes' instead of actual capacity,2026-07-01 00:57:56.389571,https://www.openstreetmap.org/way/1330159458,-29.857687055550205,24.568242574374896
way/1330159467,1330159467,way,South Africa,plant,Capacity placeholder value,yes,Tag 'plant:output:electricity' contains placeholder value 'yes' instead of actual capacity,2026-07-01 00:57:56.389710,https://www.openstreetmap.org/way/1330159467,-29.857290653998966,24.551450921745467
way/1330159480,1330159480,way,South Africa,plant,Capacity placeholder value,yes,Tag 'plant:output:electricity' contains placeholder value 'yes' instead of actual capacity,2026-07-01 00:57:56.389817,https://www.openstreetmap.org/way/1330159480,-29.400466501193247,24.60505451630304
way/1330159490,1330159490,way,South Africa,plant,Capacity placeholder value,yes,Tag 'plant:output:electricity' contains placeholder value 'yes' instead of actual capacity,2026-07-01 00:57:56.389926,https://www.openstreetmap.org/way/1330159490,-29.388027088786853,24.610461830863496
way/1330159495,1330159495,way,South Africa,plant,Capacity placeholder value,yes,Tag 'plant:output:electricity' contains placeholder value 'yes' instead of actual capacity,2026-07-01 00:57:56.390022,https://www.openstreetmap.org/way/1330159495,-29.36958435595234,24.60989500836254
way/1330159501,1330159501,way,South Africa,plant,Capacity placeholder value,yes,Tag 'plant:output:electricity' contains placeholder value 'yes' instead of actual capacity,2026-07-01 00:57:56.390119,https://www.openstreetmap.org/way/1330159501,-29.366943778575273,24.611637012132284
way/1330159506,1330159506,way,South Africa,plant,Capacity placeholder value,yes,Tag 'plant:output:electricity' contains placeholder value 'yes' instead of actual capacity,2026-07-01 00:57:56.390222,https://www.openstreetmap.org/way/1330159506,-30.56906216939394,25.324317461052484
way/1330159510,1330159510,way,South Africa,plant,Capacity placeholder value,yes,Tag 'plant:output:electricity' contains placeholder value 'yes' instead of actual capacity,2026-07-01 00:57:56.390334,https://www.openstreetmap.org/way/1330159510,-29.943980625391067,24.661542113209737
way/1330159524,1330159524,way,South Africa,plant,Capacity placeholder value,yes,Tag 'plant:output:electricity' contains placeholder value 'yes' instead of actual capacity,2026-07-01 00:57:56.390437,https://www.openstreetmap.org/way/1330159524,-29.913266128877556,24.665604021738538
way/1330159534,1330159534,way,South Africa,plant,Capacity placeholder value,yes,Tag 'plant:output:electricity' contains placeholder value 'yes' instead of actual capacity,2026-07-01 00:57:56.390555,https://www.openstreetmap.org/way/1330159534,-29.83972753493649,24.503603428339744
way/1330159542,1330159542,way,South Africa,plant,Capacity placeholder value,yes,Tag 'plant:output:electricity' contains placeholder value 'yes' instead of actual capacity,2026-07-01 00:57:56.390650,https://www.openstreetmap.org/way/1330159542,-29.801278558894364,24.42769887942606
way/1330160929,1330160929,way,South Africa,plant,Capacity placeholder value,yes,Tag 'plant:output:electricity' contains placeholder value 'yes' instead of actual capacity,2026-07-01 00:57:56.390769,https://www.openstreetmap.org/way/1330160929,-28.80060868307147,24.064498248145867
way/1330164515,1330164515,way,South Africa,plant,Capacity placeholder value,yes,Tag 'plant:output:electricity' contains placeholder value 'yes' instead of actual capacity,2026-07-01 00:57:56.390889,https://www.openstreetmap.org/way/1330164515,-28.22114063245216,24.460623908769477
way/1330168050,1330168050,way,South Africa,plant,Capacity placeholder value,yes,Tag 'plant:output:electricity' contains placeholder value 'yes' instead of actual capacity,2026-07-01 00:57:56.390986,https://www.openstreetmap.org/way/1330168050,-28.753548758517198,19.281154943172627
way/1330214773,1330214773,way,South Africa,plant,Capacity placeholder value,yes,Tag 'plant:output:electricity' contains placeholder value 'yes' instead of actual capacity,2026-07-01 00:57:56.391090,https://www.openstreetmap.org/way/1330214773,-29.01366900248538,24.949564298782366
way/1330214782,1330214782,way,South Africa,plant,Capacity placeholder value,yes,Tag 'plant:output:electricity' contains placeholder value 'yes' instead of actual capacity,2026-07-01 00:57:56.391197,https://www.openstreetmap.org/way/1330214782,-28.96878022044092,25.113534734469713
way/1330214788,1330214788,way,South Africa,plant,Capacity placeholder value,yes,Tag 'plant:output:electricity' contains placeholder value 'yes' instead of actual capacity,2026-07-01 00:57:56.391295,https://www.openstreetmap.org/way/1330214788,-28.959574210250707,25.1435305424201
way/1330214797,1330214797,way,South Africa,plant,Capacity placeholder value,yes,Tag 'plant:output:electricity' contains placeholder value 'yes' instead of actual capacity,2026-07-01 00:57:56.391389,https://www.openstreetmap.org/way/1330214797,-28.898710433500977,25.31523634202051
way/1330214801,1330214801,way,South Africa,plant,Capacity placeholder value,yes,Tag 'plant:output:electricity' contains placeholder value 'yes' instead of actual capacity,2026-07-01 00:57:56.391486,https://www.openstreetmap.org/way/1330214801,-28.89838516874713,25.331575724311246
way/1330214807,1330214807,way,South Africa,plant,Capacity placeholder value,yes,Tag 'plant:output:electricity' contains placeholder value 'yes' instead of actual capacity,2026-07-01 00:57:56.391581,https://www.openstreetmap.org/way/1330214807,-28.900860565574135,25.345197833478533
way/1330214829,1330214829,way,South Africa,plant,Capacity placeholder value,yes,Tag 'plant:output:electricity' contains placeholder value 'yes' instead of actual capacity,2026-07-01 00:57:56.391675,https://www.openstreetmap.org/way/1330214829,-28.991838383817065,26.341031887789402
way/1330214841,1330214841,way,South Africa,plant,Capacity placeholder value,yes,Tag 'plant:output:electricity' contains placeholder value 'yes' instead of actual capacity,2026-07-01 00:57:56.391768,https://www.openstreetmap.org/way/1330214841,-29.04559255687089,26.222879530290363
way/1330232140,1330232140,way,South Africa,plant,Capacity placeholder value,yes,Tag 'plant:output:electricity' contains placeholder value 'yes' instead of actual capacity,2026-07-01 00:57:56.391883,https://www.openstreetmap.org/way/1330232140,-28.464033026983845,21.282757788350516
way/1330241469,1330241469,way,South Africa,plant,Capacity placeholder value,yes,Tag 'plant:output:electricity' contains placeholder value 'yes' instead of actual capacity,2026-07-01 00:57:56.391989,https://www.openstreetmap.org/way/1330241469,-29.424144992876084,23.091466666090344
way/1330241474,1330241474,way,South Africa,plant,Capacity placeholder value,yes,Tag 'plant:output:electricity' contains placeholder value 'yes' instead of actual capacity,2026-07-01 00:57:56.392084,https://www.openstreetmap.org/way/1330241474,-29.288456182650936,23.250537832550858
way/1330241482,1330241482,way,South Africa,plant,Capacity placeholder value,yes,Tag 'plant:output:electricity' contains placeholder value 'yes' instead of actual capacity,2026-07-01 00:57:56.392179,https://www.openstreetmap.org/way/1330241482,-29.274278290990374,23.28425263554166
way/1330241496,1330241496,way,South Africa,plant,Capacity placeholder value,yes,Tag 'plant:output:electricity' contains placeholder value 'yes' instead of actual capacity,2026-07-01 00:57:56.392272,https://www.openstreetmap.org/way/1330241496,-29.273980912401427,23.290128847852447
way/1330241497,1330241497,way,South Africa,plant,Capacity placeholder value,yes,Tag 'plant:output:electricity' contains placeholder value 'yes' instead of actual capacity,2026-07-01 00:57:56.392366,https://www.openstreetmap.org/way/1330241497,-29.278936645984672,23.270678144526467
way/1330247249,1330247249,way,South Africa,plant,Capacity placeholder value,yes,Tag 'plant:output:electricity' contains placeholder value 'yes' instead of actual capacity,2026-07-01 00:57:56.392458,https://www.openstreetmap.org/way/1330247249,-28.25474753593291,26.47798129348389
way/1330247262,1330247262,way,South Africa,plant,Capacity placeholder value,yes,Tag 'plant:output:electricity' contains placeholder value 'yes' instead of actual capacity,2026-07-01 00:57:56.392551,https://www.openstreetmap.org/way/1330247262,-27.93853982436327,26.163654854680985
way/1330247270,1330247270,way,South Africa,plant,Capacity placeholder value,yes,Tag 'plant:output:electricity' contains placeholder value 'yes' instead of actual capacity,2026-07-01 00:57:56.392644,https://www.openstreetmap.org/way/1330247270,-28.023839921626955,26.308020778056886
way/1330254131,1330254131,way,South Africa,plant,Capacity placeholder value,yes,Tag 'plant:output:electricity' contains placeholder value 'yes' instead of actual capacity,2026-07-01 00:57:56.392739,https://www.openstreetmap.org/way/1330254131,-28.133424955401356,26.524226495463875
way/1330254185,1330254185,way,South Africa,plant,Capacity placeholder value,yes,Tag 'plant:output:electricity' contains placeholder value 'yes' instead of actual capacity,2026-07-01 00:57:56.392848,https://www.openstreetmap.org/way/1330254185,-28.018238261745744,26.12836775163174
way/1330346106,1330346106,way,South Africa,plant,Capacity placeholder value,yes,Tag 'plant:output:electricity' contains placeholder value 'yes' instead of actual capacity,2026-07-01 00:57:56.392949,https://www.openstreetmap.org/way/1330346106,-27.893487449802254,25.19817740756226
way/1330428432,1330428432,way,South Africa,plant,Capacity placeholder value,yes,Tag 'plant:output:electricity' contains placeholder value 'yes' instead of actual capacity,2026-07-01 00:57:56.393122,https://www.openstreetmap.org/way/1330428432,-32.578970451847674,19.010887459616605
way/1330709734,1330709734,way,South Africa,plant,Capacity placeholder value,yes,Tag 'plant:output:electricity' contains placeholder value 'yes' instead of actual capacity,2026-07-01 00:57:56.393217,https://www.openstreetmap.org/way/1330709734,-26.107461646404346,27.666565576138016
way/1330733710,1330733710,way,South Africa,plant,Capacity placeholder value,yes,Tag 'plant:output:electricity' contains placeholder value 'yes' instead of actual capacity,2026-07-01 00:57:56.393318,https://www.openstreetmap.org/way/1330733710,-33.02790005912145,25.59926007370652
way/1330934850,1330934850,way,South Africa,plant,Capacity placeholder value,yes,Tag 'plant:output:electricity' contains placeholder value 'yes' instead of actual capacity,2026-07-01 00:57:56.393435,https://www.openstreetmap.org/way/1330934850,-28.116746001916933,25.301489193711994
way/1332426006,1332426006,way,South Africa,plant,Capacity placeholder value,yes,Tag 'plant:output:electricity' contains placeholder value 'yes' instead of actual capacity,2026-07-01 00:57:56.393571,https://www.openstreetmap.org/way/1332426006,-33.77238385577704,19.542710895707103
way/1332426032,1332426032,way,South Africa,plant,Capacity placeholder value,yes,Tag 'plant:output:electricity' contains placeholder value 'yes' instead of actual capacity,2026-07-01 00:57:56.393674,https://www.openstreetmap.org/way/1332426032,-33.83492836644793,19.690722869940142
way/1332426043,1332426043,way,South Africa,plant,Capacity placeholder value,yes,Tag 'plant:output:electricity' contains placeholder value 'yes' instead of actual capacity,2026-07-01 00:57:56.393768,https://www.openstreetmap.org/way/1332426043,-33.87817943088919,19.71068873558839
way/1332426048,1332426048,way,South Africa,plant,Capacity placeholder value,yes,Tag 'plant:output:electricity' contains placeholder value 'yes' instead of actual capacity,2026-07-01 00:57:56.393908,https://www.openstreetmap.org/way/1332426048,-33.88573338322324,19.72153254680111
way/1332429812,1332429812,way,South Africa,plant,Capacity placeholder value,yes,Tag 'plant:output:electricity' contains placeholder value 'yes' instead of actual capacity,2026-07-01 00:57:56.394004,https://www.openstreetmap.org/way/1332429812,-34.07537336016421,20.305441902774103
way/1332429821,1332429821,way,South Africa,plant,Capacity placeholder value,yes,Tag 'plant:output:electricity' contains placeholder value 'yes' instead of actual capacity,2026-07-01 00:57:56.394099,https://www.openstreetmap.org/way/1332429821,-34.07494329664277,20.215007479452407
way/1332431319,1332431319,way,South Africa,plant,Capacity placeholder value,yes,Tag 'plant:output:electricity' contains placeholder value 'yes' instead of actual capacity,2026-07-01 00:57:56.394210,https://www.openstreetmap.org/way/1332431319,-33.88300496298403,19.385935112913476
way/1332436930,1332436930,way,South Africa,plant,Capacity placeholder value,yes,Tag 'plant:output:electricity' contains placeholder value 'yes' instead of actual capacity,2026-07-01 00:57:56.394311,https://www.openstreetmap.org/way/1332436930,-33.82904404090622,19.42947948490024
way/1332436937,1332436937,way,South Africa,plant,Capacity placeholder value,yes,Tag 'plant:output:electricity' contains placeholder value 'yes' instead of actual capacity,2026-07-01 00:57:56.394403,https://www.openstreetmap.org/way/1332436937,-33.821306650665996,19.423439803069247
way/1332436965,1332436965,way,South Africa,plant,Capacity placeholder value,yes,Tag 'plant:output:electricity' contains placeholder value 'yes' instead of actual capacity,2026-07-01 00:57:56.394497,https://www.openstreetmap.org/way/1332436965,-33.63231875113746,19.5408088857713
way/1332446170,1332446170,way,South Africa,plant,Capacity placeholder value,yes,Tag 'plant:output:electricity' contains placeholder value 'yes' instead of actual capacity,2026-07-01 00:57:56.394593,https://www.openstreetmap.org/way/1332446170,-33.32013792474573,19.329564692741286
way/1332446198,1332446198,way,South Africa,plant,Capacity placeholder value,yes,Tag 'plant:output:electricity' contains placeholder value 'yes' instead of actual capacity,2026-07-01 00:57:56.394698,https://www.openstreetmap.org/way/1332446198,-33.082064784399236,19.32686159813163
way/1332446218,1332446218,way,South Africa,plant,Capacity placeholder value,yes,Tag 'plant:output:electricity' contains placeholder value 'yes' instead of actual capacity,2026-07-01 00:57:56.394800,https://www.openstreetmap.org/way/1332446218,-32.639170486843554,19.409400527478645
way/1332446247,1332446247,way,South Africa,plant,Capacity placeholder value,yes,Tag 'plant:output:electricity' contains placeholder value 'yes' instead of actual capacity,2026-07-01 00:57:56.394927,https://www.openstreetmap.org/way/1332446247,-32.33788743378981,19.52262360326841
way/1332882077,1332882077,way,South Africa,plant,Capacity placeholder value,yes,Tag 'plant:output:electricity' contains placeholder value 'yes' instead of actual capacity,2026-07-01 00:57:56.395372,https://www.openstreetmap.org/way/1332882077,-26.119140077111116,28.60799709068039
way/1332942957,1332942957,way,South Africa,plant,Capacity placeholder value,yes,Tag 'plant:output:electricity' contains placeholder value 'yes' instead of actual capacity,2026-07-01 00:57:56.395472,https://www.openstreetmap.org/way/1332942957,-27.302803721293557,22.4554208744788
way/1333177981,1333177981,way,South Africa,plant,Capacity regex no match,633kw,Tag 'plant:output:electricity' has value '633kw' which could not be parsed,2026-07-01 00:57:56.395584,https://www.openstreetmap.org/way/1333177981,-28.25468288302418,29.11406128922213
way/1333313706,1333313706,way,South Africa,plant,Capacity placeholder value,yes,Tag 'plant:output:electricity' contains placeholder value 'yes' instead of actual capacity,2026-07-01 00:57:56.395711,https://www.openstreetmap.org/way/1333313706,-32.906143373042774,18.768190777501434
way/1333561581,1333561581,way,South Africa,plant,Capacity placeholder value,yes,Tag 'plant:output:electricity' contains placeholder value 'yes' instead of actual capacity,2026-07-01 00:57:56.395830,https://www.openstreetmap.org/way/1333561581,-33.50834567516567,18.62722612651611
way/1333654539,1333654539,way,South Africa,plant,Capacity placeholder value,yes,Tag 'plant:output:electricity' contains placeholder value 'yes' instead of actual capacity,2026-07-01 00:57:56.395939,https://www.openstreetmap.org/way/1333654539,-24.33186144708922,30.748804591416704
way/1334182546,1334182546,way,South Africa,plant,Capacity placeholder value,yes,Tag 'plant:output:electricity' contains placeholder value 'yes' instead of actual capacity,2026-07-01 00:57:56.396777,https://www.openstreetmap.org/way/1334182546,-28.429208140277265,21.2198923016948
way/1334198857,1334198857,way,South Africa,plant,Capacity placeholder value,yes,Tag 'plant:output:electricity' contains placeholder value 'yes' instead of actual capacity,2026-07-01 00:57:56.396912,https://www.openstreetmap.org/way/1334198857,-33.04879055570106,18.813131018522576
way/1334260988,1334260988,way,South Africa,plant,Capacity placeholder value,yes,Tag 'plant:output:electricity' contains placeholder value 'yes' instead of actual capacity,2026-07-01 00:57:56.397019,https://www.openstreetmap.org/way/1334260988,-28.38828259059918,21.564276386719232
way/1334269018,1334269018,way,South Africa,plant,Capacity placeholder value,yes,Tag 'plant:output:electricity' contains placeholder value 'yes' instead of actual capacity,2026-07-01 00:57:56.397208,https://www.openstreetmap.org/way/1334269018,-29.405975461878633,22.41859693038227
way/1334269022,1334269022,way,South Africa,plant,Capacity placeholder value,yes,Tag 'plant:output:electricity' contains placeholder value 'yes' instead of actual capacity,2026-07-01 00:57:56.397330,https://www.openstreetmap.org/way/1334269022,-29.654889325372967,22.87380072348333
way/1334269035,1334269035,way,South Africa,plant,Capacity placeholder value,yes,Tag 'plant:output:electricity' contains placeholder value 'yes' instead of actual capacity,2026-07-01 00:57:56.397440,https://www.openstreetmap.org/way/1334269035,-29.645108198526707,22.86045070075003
way/1334269064,1334269064,way,South Africa,plant,Capacity placeholder value,yes,Tag 'plant:output:electricity' contains placeholder value 'yes' instead of actual capacity,2026-07-01 00:57:56.397549,https://www.openstreetmap.org/way/1334269064,-29.642429589396468,22.864579299939162
way/1334270490,1334270490,way,South Africa,plant,Capacity placeholder value,yes,Tag 'plant:output:electricity' contains placeholder value 'yes' instead of actual capacity,2026-07-01 00:57:56.397646,https://www.openstreetmap.org/way/1334270490,-29.609287012138353,22.869747022201228
way/1334270497,1334270497,way,South Africa,plant,Capacity placeholder value,yes,Tag 'plant:output:electricity' contains placeholder value 'yes' instead of actual capacity,2026-07-01 00:57:56.397744,https://www.openstreetmap.org/way/1334270497,-29.542038006437796,22.879402138500254
way/1334294893,1334294893,way,South Africa,plant,Capacity placeholder value,yes,Tag 'plant:output:electricity' contains placeholder value 'yes' instead of actual capacity,2026-07-01 00:57:56.397863,https://www.openstreetmap.org/way/1334294893,-29.570411878573243,22.89775884179286
way/1334294904,1334294904,way,South Africa,plant,Capacity placeholder value,yes,Tag 'plant:output:electricity' contains placeholder value 'yes' instead of actual capacity,2026-07-01 00:57:56.397968,https://www.openstreetmap.org/way/1334294904,-29.53438633235167,22.94125786037004
way/1334294913,1334294913,way,South Africa,plant,Capacity placeholder value,yes,Tag 'plant:output:electricity' contains placeholder value 'yes' instead of actual capacity,2026-07-01 00:57:56.398067,https://www.openstreetmap.org/way/1334294913,-29.53214583127984,22.95099606983949
way/1334294917,1334294917,way,South Africa,plant,Capacity placeholder value,yes,Tag 'plant:output:electricity' contains placeholder value 'yes' instead of actual capacity,2026-07-01 00:57:56.398185,https://www.openstreetmap.org/way/1334294917,-29.52582815078713,23.007286618848948
way/1334294935,1334294935,way,South Africa,plant,Capacity placeholder value,yes,Tag 'plant:output:electricity' contains placeholder value 'yes' instead of actual capacity,2026-07-01 00:57:56.398316,https://www.openstreetmap.org/way/1334294935,-29.49695022958611,23.01755032090378
way/1334294949,1334294949,way,South Africa,plant,Capacity placeholder value,yes,Tag 'plant:output:electricity' contains placeholder value 'yes' instead of actual capacity,2026-07-01 00:57:56.398415,https://www.openstreetmap.org/way/1334294949,-29.434019610889294,23.03628922086991
way/1334294954,1334294954,way,South Africa,plant,Capacity placeholder value,yes,Tag 'plant:output:electricity' contains placeholder value 'yes' instead of actual capacity,2026-07-01 00:57:56.398512,https://www.openstreetmap.org/way/1334294954,-29.42088671781042,23.03793372936875
way/1334294959,1334294959,way,South Africa,plant,Capacity placeholder value,yes,Tag 'plant:output:electricity' contains placeholder value 'yes' instead of actual capacity,2026-07-01 00:57:56.398614,https://www.openstreetmap.org/way/1334294959,-29.416894015608936,23.037911247202935
way/1334294964,1334294964,way,South Africa,plant,Capacity placeholder value,yes,Tag 'plant:output:electricity' contains placeholder value 'yes' instead of actual capacity,2026-07-01 00:57:56.398710,https://www.openstreetmap.org/way/1334294964,-29.412896085737422,23.025518683202108
way/1334294975,1334294975,way,South Africa,plant,Capacity placeholder value,yes,Tag 'plant:output:electricity' contains placeholder value 'yes' instead of actual capacity,2026-07-01 00:57:56.398828,https://www.openstreetmap.org/way/1334294975,-29.35278029507012,23.127296357329666
way/1334294980,1334294980,way,South Africa,plant,Capacity placeholder value,yes,Tag 'plant:output:electricity' contains placeholder value 'yes' instead of actual capacity,2026-07-01 00:57:56.398946,https://www.openstreetmap.org/way/1334294980,-29.353240925216017,23.13700910526274
way/1334294985,1334294985,way,South Africa,plant,Capacity placeholder value,yes,Tag 'plant:output:electricity' contains placeholder value 'yes' instead of actual capacity,2026-07-01 00:57:56.399052,https://www.openstreetmap.org/way/1334294985,-29.346068492643024,23.1386503867917
way/1334294989,1334294989,way,South Africa,plant,Capacity placeholder value,yes,Tag 'plant:output:electricity' contains placeholder value 'yes' instead of actual capacity,2026-07-01 00:57:56.399173,https://www.openstreetmap.org/way/1334294989,-28.970398287477234,23.986928696071146
way/1334295002,1334295002,way,South Africa,plant,Capacity placeholder value,yes,Tag 'plant:output:electricity' contains placeholder value 'yes' instead of actual capacity,2026-07-01 00:57:56.399269,https://www.openstreetmap.org/way/1334295002,-28.824993261182673,24.045154185293065
way/1334352037,1334352037,way,South Africa,plant,Capacity placeholder value,yes,Tag 'plant:output:electricity' contains placeholder value 'yes' instead of actual capacity,2026-07-01 00:57:56.399401,https://www.openstreetmap.org/way/1334352037,-32.71928885095164,25.84052656312101
way/1334352047,1334352047,way,South Africa,plant,Capacity placeholder value,yes,Tag 'plant:output:electricity' contains placeholder value 'yes' instead of actual capacity,2026-07-01 00:57:56.399498,https://www.openstreetmap.org/way/1334352047,-32.652598114686654,25.868081052745033
way/1334352057,1334352057,way,South Africa,plant,Capacity placeholder value,yes,Tag 'plant:output:electricity' contains placeholder value 'yes' instead of actual capacity,2026-07-01 00:57:56.399598,https://www.openstreetmap.org/way/1334352057,-32.64443946523775,25.82799562836462
way/1334858061,1334858061,way,South Africa,plant,Capacity regex no match,980kW,Tag 'plant:output:electricity' has value '980kW' which could not be parsed,2026-07-01 00:57:56.399717,https://www.openstreetmap.org/way/1334858061,-27.04253375904368,28.645714407826357
way/1335055421,1335055421,way,South Africa,plant,Capacity regex no match,127.92kW,Tag 'plant:output:electricity' has value '127.92kW' which could not be parsed,2026-07-01 00:57:56.399846,https://www.openstreetmap.org/way/1335055421,-25.83979010581732,28.25396707087919
way/1335333283,1335333283,way,South Africa,plant,Capacity regex no match,140kW,Tag 'plant:output:electricity' has value '140kW' which could not be parsed,2026-07-01 00:57:56.400080,https://www.openstreetmap.org/way/1335333283,-25.36221213788797,27.15730617229748
way/1335887554,1335887554,way,South Africa,plant,Capacity placeholder value,yes,Tag 'plant:output:electricity' contains placeholder value 'yes' instead of actual capacity,2026-07-01 00:57:56.400185,https://www.openstreetmap.org/way/1335887554,-22.784991899006446,29.608581662719935
way/1335986982,1335986982,way,South Africa,plant,Capacity placeholder value,yes,Tag 'plant:output:electricity' contains placeholder value 'yes' instead of actual capacity,2026-07-01 00:57:56.400293,https://www.openstreetmap.org/way/1335986982,-33.05725956453953,27.813805444199925
way/1336078965,1336078965,way,South Africa,plant,Capacity placeholder value,yes,Tag 'plant:output:electricity' contains placeholder value 'yes' instead of actual capacity,2026-07-01 00:57:56.400398,https://www.openstreetmap.org/way/1336078965,-32.590675490166696,27.892597755969554
way/1337455291,1337455291,way,South Africa,plant,Capacity placeholder value,yes,Tag 'plant:output:electricity' contains placeholder value 'yes' instead of actual capacity,2026-07-01 00:57:56.400511,https://www.openstreetmap.org/way/1337455291,-25.843568616294174,27.633198534595653
way/1343513110,1343513110,way,South Africa,plant,Capacity placeholder value,yes,Tag 'plant:output:electricity' contains placeholder value 'yes' instead of actual capacity,2026-07-01 00:57:56.400817,https://www.openstreetmap.org/way/1343513110,-31.902655624784728,23.053484294627825
way/1343513116,1343513116,way,South Africa,plant,Capacity placeholder value,yes,Tag 'plant:output:electricity' contains placeholder value 'yes' instead of actual capacity,2026-07-01 00:57:56.400936,https://www.openstreetmap.org/way/1343513116,-31.902323505316154,23.049337258491626
way/1346649332,1346649332,way,South Africa,plant,Capacity regex no match,148.2kw,Tag 'plant:output:electricity' has value '148.2kw' which could not be parsed,2026-07-01 00:57:56.401039,https://www.openstreetmap.org/way/1346649332,-24.551306830798886,31.096313640845302
way/1349162313,1349162313,way,South Africa,plant,Capacity placeholder value,yes,Tag 'plant:output:electricity' contains placeholder value 'yes' instead of actual capacity,2026-07-01 00:57:56.401162,https://www.openstreetmap.org/way/1349162313,-34.441401517792904,19.410608084495667
way/1350671385,1350671385,way,South Africa,plant,Capacity placeholder value,yes,Tag 'plant:output:electricity' contains placeholder value 'yes' instead of actual capacity,2026-07-01 00:57:56.401290,https://www.openstreetmap.org/way/1350671385,-24.471802858629456,31.114988686441425
way/1350671401,1350671401,way,South Africa,plant,Capacity placeholder value,yes,Tag 'plant:output:electricity' contains placeholder value 'yes' instead of actual capacity,2026-07-01 00:57:56.401416,https://www.openstreetmap.org/way/1350671401,-24.447774472715814,31.133504386794534
way/1350671416,1350671416,way,South Africa,plant,Capacity placeholder value,yes,Tag 'plant:output:electricity' contains placeholder value 'yes' instead of actual capacity,2026-07-01 00:57:56.401555,https://www.openstreetmap.org/way/1350671416,-24.411022760976326,31.166021599500564
way/1350675545,1350675545,way,South Africa,plant,Capacity placeholder value,yes,Tag 'plant:output:electricity' contains placeholder value 'yes' instead of actual capacity,2026-07-01 00:57:56.401662,https://www.openstreetmap.org/way/1350675545,-24.334363302689688,31.253367797078372
way/1350984847,1350984847,way,South Africa,plant,Capacity placeholder value,yes,Tag 'plant:output:electricity' contains placeholder value 'yes' instead of actual capacity,2026-07-01 00:57:56.401759,https://www.openstreetmap.org/way/1350984847,-24.472906868413705,31.098790696350182
way/1352912870,1352912870,way,South Africa,plant,Capacity regex no match,316kw,Tag 'plant:output:electricity' has value '316kw' which could not be parsed,2026-07-01 00:57:56.402004,https://www.openstreetmap.org/way/1352912870,-33.33857264589207,18.85403268501654
way/1353224668,1353224668,way,South Africa,plant,Capacity placeholder value,yes,Tag 'plant:output:electricity' contains placeholder value 'yes' instead of actual capacity,2026-07-01 00:57:56.402119,https://www.openstreetmap.org/way/1353224668,-29.746387256712268,24.441554814868976
way/1353232206,1353232206,way,South Africa,plant,Capacity placeholder value,yes,Tag 'plant:output:electricity' contains placeholder value 'yes' instead of actual capacity,2026-07-01 00:57:56.402217,https://www.openstreetmap.org/way/1353232206,-29.844910703705892,24.60207714176414
way/1353232210,1353232210,way,South Africa,plant,Capacity placeholder value,yes,Tag 'plant:output:electricity' contains placeholder value 'yes' instead of actual capacity,2026-07-01 00:57:56.402320,https://www.openstreetmap.org/way/1353232210,-29.847378595789475,24.56492325112782
way/1353232214,1353232214,way,South Africa,plant,Capacity placeholder value,yes,Tag 'plant:output:electricity' contains placeholder value 'yes' instead of actual capacity,2026-07-01 00:57:56.402429,https://www.openstreetmap.org/way/1353232214,-29.79286108149768,24.42793101260168
way/1353232220,1353232220,way,South Africa,plant,Capacity placeholder value,yes,Tag 'plant:output:electricity' contains placeholder value 'yes' instead of actual capacity,2026-07-01 00:57:56.402525,https://www.openstreetmap.org/way/1353232220,-29.65934325922238,24.70540735498837
way/1353232231,1353232231,way,South Africa,plant,Capacity placeholder value,yes,Tag 'plant:output:electricity' contains placeholder value 'yes' instead of actual capacity,2026-07-01 00:57:56.402622,https://www.openstreetmap.org/way/1353232231,-29.34185329378535,24.62327210357194
way/1353232234,1353232234,way,South Africa,plant,Capacity placeholder value,yes,Tag 'plant:output:electricity' contains placeholder value 'yes' instead of actual capacity,2026-07-01 00:57:56.402737,https://www.openstreetmap.org/way/1353232234,-29.1133138187546,24.622833713954048
way/1353232248,1353232248,way,South Africa,plant,Capacity placeholder value,yes,Tag 'plant:output:electricity' contains placeholder value 'yes' instead of actual capacity,2026-07-01 00:57:56.402886,https://www.openstreetmap.org/way/1353232248,-29.105439205921215,24.673163219454278
way/1353461402,1353461402,way,South Africa,plant,Capacity placeholder value,yes,Tag 'plant:output:electricity' contains placeholder value 'yes' instead of actual capacity,2026-07-01 00:57:56.402984,https://www.openstreetmap.org/way/1353461402,-24.120316216451034,27.811048522824322
way/1353491005,1353491005,way,South Africa,plant,Capacity placeholder value,yes,Tag 'plant:output:electricity' contains placeholder value 'yes' instead of actual capacity,2026-07-01 00:57:56.403083,https://www.openstreetmap.org/way/1353491005,-29.682661491240175,22.72182124187277
way/1353737977,1353737977,way,South Africa,plant,Capacity regex no match,200kW,Tag 'plant:output:electricity' has value '200kW' which could not be parsed,2026-07-01 00:57:56.403186,https://www.openstreetmap.org/way/1353737977,-26.03875321175349,28.020535497257573
way/1354228514,1354228514,way,South Africa,plant,Capacity placeholder value,yes,Tag 'plant:output:electricity' contains placeholder value 'yes' instead of actual capacity,2026-07-01 00:57:56.403293,https://www.openstreetmap.org/way/1354228514,-30.28288203712592,26.65717500223857
way/1355898175,1355898175,way,South Africa,plant,Capacity placeholder value,yes,Tag 'plant:output:electricity' contains placeholder value 'yes' instead of actual capacity,2026-07-01 00:57:56.403845,https://www.openstreetmap.org/way/1355898175,-23.88241964362915,29.514196072659693
way/1358849683,1358849683,way,South Africa,plant,Capacity placeholder value,yes,Tag 'plant:output:electricity' contains placeholder value 'yes' instead of actual capacity,2026-07-01 00:57:56.403958,https://www.openstreetmap.org/way/1358849683,-23.937497501409734,28.364256725374666
way/1359911790,1359911790,way,South Africa,plant,Capacity placeholder value,yes,Tag 'plant:output:electricity' contains placeholder value 'yes' instead of actual capacity,2026-07-01 00:57:56.404432,https://www.openstreetmap.org/way/1359911790,-26.50378826229715,24.787220763902543
way/1359911831,1359911831,way,South Africa,plant,Capacity placeholder value,yes,Tag 'plant:output:electricity' contains placeholder value 'yes' instead of actual capacity,2026-07-01 00:57:56.404549,https://www.openstreetmap.org/way/1359911831,-26.071369343051543,24.935651360868466
way/1360044229,1360044229,way,South Africa,plant,Capacity placeholder value,yes,Tag 'plant:output:electricity' contains placeholder value 'yes' instead of actual capacity,2026-07-01 00:57:56.404649,https://www.openstreetmap.org/way/1360044229,-26.581669791966956,24.89159735051728
way/1360044238,1360044238,way,South Africa,plant,Capacity placeholder value,yes,Tag 'plant:output:electricity' contains placeholder value 'yes' instead of actual capacity,2026-07-01 00:57:56.404752,https://www.openstreetmap.org/way/1360044238,-26.545189906473183,24.854879749785326
way/1361387440,1361387440,way,South Africa,plant,Capacity placeholder value,yes,Tag 'plant:output:electricity' contains placeholder value 'yes' instead of actual capacity,2026-07-01 00:57:56.404887,https://www.openstreetmap.org/way/1361387440,-26.474974054044242,28.008822599993525
way/1361896897,1361896897,way,South Africa,plant,Capacity placeholder value,yes,Tag 'plant:output:electricity' contains placeholder value 'yes' instead of actual capacity,2026-07-01 00:57:56.405055,https://www.openstreetmap.org/way/1361896897,-26.794456183969718,27.04206569724302
way/1363146372,1363146372,way,South Africa,plant,Capacity placeholder value,yes,Tag 'plant:output:electricity' contains placeholder value 'yes' instead of actual capacity,2026-07-01 00:57:56.405155,https://www.openstreetmap.org/way/1363146372,-27.02421716136836,26.22932608858706
way/1363798951,1363798951,way,South Africa,plant,Capacity placeholder value,yes,Tag 'plant:output:electricity' contains placeholder value 'yes' instead of actual capacity,2026-07-01 00:57:56.405251,https://www.openstreetmap.org/way/1363798951,-22.79113363255166,28.139034936476477
way/1363798988,1363798988,way,South Africa,plant,Capacity placeholder value,yes,Tag 'plant:output:electricity' contains placeholder value 'yes' instead of actual capacity,2026-07-01 00:57:56.405346,https://www.openstreetmap.org/way/1363798988,-23.325730251320905,27.710165471537803
way/1363799017,1363799017,way,South Africa,plant,Capacity placeholder value,yes,Tag 'plant:output:electricity' contains placeholder value 'yes' instead of actual capacity,2026-07-01 00:57:56.405441,https://www.openstreetmap.org/way/1363799017,-23.412900244396212,27.721475693228626
way/1363799018,1363799018,way,South Africa,plant,Capacity placeholder value,yes,Tag 'plant:output:electricity' contains placeholder value 'yes' instead of actual capacity,2026-07-01 00:57:56.405533,https://www.openstreetmap.org/way/1363799018,-23.412751277551354,27.70404110683288
way/1363839104,1363839104,way,South Africa,plant,Capacity placeholder value,yes,Tag 'plant:output:electricity' contains placeholder value 'yes' instead of actual capacity,2026-07-01 00:57:56.405644,https://www.openstreetmap.org/way/1363839104,-29.02383258292851,29.469043575643923
way/1363860712,1363860712,way,South Africa,plant,Capacity regex no match,204.6kw,Tag 'plant:output:electricity' has value '204.6kw' which could not be parsed,2026-07-01 00:57:56.405743,https://www.openstreetmap.org/way/1363860712,-27.93657391509842,23.009200596385238
way/1365346850,1365346850,way,South Africa,plant,Capacity placeholder value,yes,Tag 'plant:output:electricity' contains placeholder value 'yes' instead of actual capacity,2026-07-01 00:57:56.405974,https://www.openstreetmap.org/way/1365346850,-23.591929741391077,30.204847292801265
way/1366180117,1366180117,way,South Africa,plant,Capacity placeholder value,yes,Tag 'plant:output:electricity' contains placeholder value 'yes' instead of actual capacity,2026-07-01 00:57:56.406088,https://www.openstreetmap.org/way/1366180117,-31.34447350175133,20.91131099535304
way/1366194850,1366194850,way,South Africa,plant,Capacity regex no match,306kW,Tag 'plant:output:electricity' has value '306kW' which could not be parsed,2026-07-01 00:57:56.406179,https://www.openstreetmap.org/way/1366194850,-32.55848963333334,27.97486436666667
way/1366199928,1366199928,way,South Africa,plant,Capacity placeholder value,yes,Tag 'plant:output:electricity' contains placeholder value 'yes' instead of actual capacity,2026-07-01 00:57:56.406282,https://www.openstreetmap.org/way/1366199928,-29.746333392914583,30.38704854672839
way/1366674965,1366674965,way,South Africa,plant,Capacity placeholder value,yes,Tag 'plant:output:electricity' contains placeholder value 'yes' instead of actual capacity,2026-07-01 00:57:56.406379,https://www.openstreetmap.org/way/1366674965,-26.55641052239762,30.63289647364908
way/1367126672,1367126672,way,South Africa,plant,Capacity placeholder value,yes,Tag 'plant:output:electricity' contains placeholder value 'yes' instead of actual capacity,2026-07-01 00:57:56.406483,https://www.openstreetmap.org/way/1367126672,-30.431765125278456,25.93933461506575
way/1367157094,1367157094,way,South Africa,plant,Capacity placeholder value,yes,Tag 'plant:output:electricity' contains placeholder value 'yes' instead of actual capacity,2026-07-01 00:57:56.406576,https://www.openstreetmap.org/way/1367157094,-27.43198761230261,30.606659207636454
way/1367157098,1367157098,way,South Africa,plant,Capacity placeholder value,yes,Tag 'plant:output:electricity' contains placeholder value 'yes' instead of actual capacity,2026-07-01 00:57:56.406676,https://www.openstreetmap.org/way/1367157098,-27.42953631371933,30.609661509666672
way/1367607445,1367607445,way,South Africa,plant,Capacity placeholder value,yes,Tag 'plant:output:electricity' contains placeholder value 'yes' instead of actual capacity,2026-07-01 00:57:56.406786,https://www.openstreetmap.org/way/1367607445,-33.766898879984836,18.798008133942982
way/1367607447,1367607447,way,South Africa,plant,Capacity placeholder value,yes,Tag 'plant:output:electricity' contains placeholder value 'yes' instead of actual capacity,2026-07-01 00:57:56.406920,https://www.openstreetmap.org/way/1367607447,-33.76799957214442,18.80485407987012
way/1367975658,1367975658,way,South Africa,plant,Capacity placeholder value,yes,Tag 'plant:output:electricity' contains placeholder value 'yes' instead of actual capacity,2026-07-01 00:57:56.407134,https://www.openstreetmap.org/way/1367975658,-34.023731877350734,23.229855415519086
way/1367987019,1367987019,way,South Africa,plant,Capacity placeholder value,yes,Tag 'plant:output:electricity' contains placeholder value 'yes' instead of actual capacity,2026-07-01 00:57:56.407230,https://www.openstreetmap.org/way/1367987019,-29.029534223071,26.096282133314915
way/1367987031,1367987031,way,South Africa,plant,Capacity placeholder value,yes,Tag 'plant:output:electricity' contains placeholder value 'yes' instead of actual capacity,2026-07-01 00:57:56.407324,https://www.openstreetmap.org/way/1367987031,-29.02016816407068,26.119030587935715
way/1370086204,1370086204,way,South Africa,plant,Capacity placeholder value,yes,Tag 'plant:output:electricity' contains placeholder value 'yes' instead of actual capacity,2026-07-01 00:57:56.407419,https://www.openstreetmap.org/way/1370086204,-24.80699929045083,28.45990938665324
way/1370363452,1370363452,way,South Africa,plant,Capacity placeholder value,yes,Tag 'plant:output:electricity' contains placeholder value 'yes' instead of actual capacity,2026-07-01 00:57:56.407517,https://www.openstreetmap.org/way/1370363452,-24.731497020943973,30.563322955206306
way/1370387508,1370387508,way,South Africa,plant,Capacity placeholder value,yes,Tag 'plant:output:electricity' contains placeholder value 'yes' instead of actual capacity,2026-07-01 00:57:56.407623,https://www.openstreetmap.org/way/1370387508,-24.738248433419226,30.55148382080523
way/1370387574,1370387574,way,South Africa,plant,Capacity placeholder value,yes,Tag 'plant:output:electricity' contains placeholder value 'yes' instead of actual capacity,2026-07-01 00:57:56.407720,https://www.openstreetmap.org/way/1370387574,-24.888535073115886,30.516183339399333
way/1370387587,1370387587,way,South Africa,plant,Capacity placeholder value,yes,Tag 'plant:output:electricity' contains placeholder value 'yes' instead of actual capacity,2026-07-01 00:57:56.407831,https://www.openstreetmap.org/way/1370387587,-24.906460157721654,30.531718874655027
way/1370395439,1370395439,way,South Africa,plant,Capacity placeholder value,yes,Tag 'plant:output:electricity' contains placeholder value 'yes' instead of actual capacity,2026-07-01 00:57:56.407940,https://www.openstreetmap.org/way/1370395439,-24.433449239563316,30.87383099317472
way/1370663377,1370663377,way,South Africa,plant,Capacity placeholder value,yes,Tag 'plant:output:electricity' contains placeholder value 'yes' instead of actual capacity,2026-07-01 00:57:56.408054,https://www.openstreetmap.org/way/1370663377,-24.796017991425465,30.34680085313097
way/1370963332,1370963332,way,South Africa,plant,Capacity placeholder value,yes,Tag 'plant:output:electricity' contains placeholder value 'yes' instead of actual capacity,2026-07-01 00:57:56.408149,https://www.openstreetmap.org/way/1370963332,-24.12052448752688,30.437078951397847
way/1372167960,1372167960,way,South Africa,plant,Capacity placeholder value,yes,Tag 'plant:output:electricity' contains placeholder value 'yes' instead of actual capacity,2026-07-01 00:57:56.408259,https://www.openstreetmap.org/way/1372167960,-25.416917396666626,31.094558873760345
way/1372167977,1372167977,way,South Africa,plant,Capacity placeholder value,yes,Tag 'plant:output:electricity' contains placeholder value 'yes' instead of actual capacity,2026-07-01 00:57:56.408369,https://www.openstreetmap.org/way/1372167977,-25.41508068580047,31.09089995221932
way/1374085502,1374085502,way,South Africa,plant,Capacity regex no match,350kW,Tag 'plant:output:electricity' has value '350kW' which could not be parsed,2026-07-01 00:57:56.408471,https://www.openstreetmap.org/way/1374085502,-25.681135805802064,27.357990004243263
way/1374201803,1374201803,way,South Africa,plant,Capacity placeholder value,yes,Tag 'plant:output:electricity' contains placeholder value 'yes' instead of actual capacity,2026-07-01 00:57:56.408576,https://www.openstreetmap.org/way/1374201803,-32.80011542818608,26.016307106972064
way/1375615995,1375615995,way,South Africa,plant,Capacity placeholder value,yes,Tag 'plant:output:electricity' contains placeholder value 'yes' instead of actual capacity,2026-07-01 00:57:56.408688,https://www.openstreetmap.org/way/1375615995,-24.156804609959845,29.235667380970057
way/1382717498,1382717498,way,South Africa,plant,Capacity placeholder value,yes,Tag 'plant:output:electricity' contains placeholder value 'yes' instead of actual capacity,2026-07-01 00:57:56.408783,https://www.openstreetmap.org/way/1382717498,-26.565858046301425,29.49309483239979
way/1383220668,1383220668,way,South Africa,plant,Capacity placeholder value,yes,Tag 'plant:output:electricity' contains placeholder value 'yes' instead of actual capacity,2026-07-01 00:57:56.408898,https://www.openstreetmap.org/way/1383220668,-27.889064433999206,32.384559050251504
way/1383220683,1383220683,way,South Africa,plant,Capacity placeholder value,yes,Tag 'plant:output:electricity' contains placeholder value 'yes' instead of actual capacity,2026-07-01 00:57:56.409012,https://www.openstreetmap.org/way/1383220683,-27.888136412422018,32.390247212826104
way/1383220688,1383220688,way,South Africa,plant,Capacity placeholder value,yes,Tag 'plant:output:electricity' contains placeholder value 'yes' instead of actual capacity,2026-07-01 00:57:56.409119,https://www.openstreetmap.org/way/1383220688,-27.890307069632932,32.38885899439892
way/1383220716,1383220716,way,South Africa,plant,Capacity placeholder value,yes,Tag 'plant:output:electricity' contains placeholder value 'yes' instead of actual capacity,2026-07-01 00:57:56.409215,https://www.openstreetmap.org/way/1383220716,-27.982021258458108,32.33709314603292
way/1384087250,1384087250,way,South Africa,plant,Capacity placeholder value,yes,Tag 'plant:output:electricity' contains placeholder value 'yes' instead of actual capacity,2026-07-01 00:57:56.409366,https://www.openstreetmap.org/way/1384087250,-32.54556373592838,20.728490192910645
way/1385918681,1385918681,way,South Africa,plant,Capacity placeholder value,yes,Tag 'plant:output:electricity' contains placeholder value 'yes' instead of actual capacity,2026-07-01 00:57:56.409463,https://www.openstreetmap.org/way/1385918681,-33.779062659731174,18.793890082114842
way/1385971557,1385971557,way,South Africa,plant,Capacity placeholder value,yes,Tag 'plant:output:electricity' contains placeholder value 'yes' instead of actual capacity,2026-07-01 00:57:56.409595,https://www.openstreetmap.org/way/1385971557,-33.805938834262086,24.849499479598883
way/1385971562,1385971562,way,South Africa,plant,Capacity placeholder value,yes,Tag 'plant:output:electricity' contains placeholder value 'yes' instead of actual capacity,2026-07-01 00:57:56.409705,https://www.openstreetmap.org/way/1385971562,-33.80681976479064,24.84854787519527
way/1387499735,1387499735,way,South Africa,plant,Capacity placeholder value,yes,Tag 'plant:output:electricity' contains placeholder value 'yes' instead of actual capacity,2026-07-01 00:57:56.409798,https://www.openstreetmap.org/way/1387499735,-29.268026812637437,30.5772548103224
way/1387534374,1387534374,way,South Africa,plant,Capacity placeholder value,yes,Tag 'plant:output:electricity' contains placeholder value 'yes' instead of actual capacity,2026-07-01 00:57:56.409915,https://www.openstreetmap.org/way/1387534374,-29.28320096390897,30.64540670048032
way/1387538037,1387538037,way,South Africa,plant,Capacity placeholder value,yes,Tag 'plant:output:electricity' contains placeholder value 'yes' instead of actual capacity,2026-07-01 00:57:56.410014,https://www.openstreetmap.org/way/1387538037,-29.35718021279175,30.717240714194457
way/1387869319,1387869319,way,South Africa,plant,Capacity placeholder value,yes,Tag 'plant:output:electricity' contains placeholder value 'yes' instead of actual capacity,2026-07-01 00:57:56.410109,https://www.openstreetmap.org/way/1387869319,-29.442939610006192,30.56112321302195
way/1391662787,1391662787,way,South Africa,plant,Capacity placeholder value,yes,Tag 'plant:output:electricity' contains placeholder value 'yes' instead of actual capacity,2026-07-01 00:57:56.410206,https://www.openstreetmap.org/way/1391662787,-30.04969559355049,29.787157369449012
way/1393365943,1393365943,way,South Africa,plant,Capacity placeholder value,yes,Tag 'plant:output:electricity' contains placeholder value 'yes' instead of actual capacity,2026-07-01 00:57:56.410301,https://www.openstreetmap.org/way/1393365943,-30.32360054697282,30.3677195896338
way/1394831811,1394831811,way,South Africa,plant,Capacity placeholder value,yes,Tag 'plant:output:electricity' contains placeholder value 'yes' instead of actual capacity,2026-07-01 00:57:56.410524,https://www.openstreetmap.org/way/1394831811,-26.169626605554793,28.047276777949556
way/1395718132,1395718132,way,South Africa,plant,Capacity placeholder value,yes,Tag 'plant:output:electricity' contains placeholder value 'yes' instead of actual capacity,2026-07-01 00:57:56.410617,https://www.openstreetmap.org/way/1395718132,-26.35990264052408,28.031820307168374
way/1395718139,1395718139,way,South Africa,plant,Capacity placeholder value,yes,Tag 'plant:output:electricity' contains placeholder value 'yes' instead of actual capacity,2026-07-01 00:57:56.410711,https://www.openstreetmap.org/way/1395718139,-26.360470465582193,28.031443673481153
way/1395736606,1395736606,way,South Africa,plant,Missing output tag,none,"tags: {'fixme': 'Needs better position', 'landuse': 'industrial', 'name': 'Paleisheuwel BESS', 'plant:source': 'battery', 'power': 'plant', 'power:source': 'battery'}",2026-07-01 00:57:56.411016,https://www.openstreetmap.org/way/1395736606,-32.42257123328385,18.735253337670684
way/1396154421,1396154421,way,South Africa,plant,Capacity placeholder value,yes,Tag 'plant:output:electricity' contains placeholder value 'yes' instead of actual capacity,2026-07-01 00:57:56.411391,https://www.openstreetmap.org/way/1396154421,-25.61936367455187,28.107791177124387
way/1396154422,1396154422,way,South Africa,plant,Capacity placeholder value,yes,Tag 'plant:output:electricity' contains placeholder value 'yes' instead of actual capacity,2026-07-01 00:57:56.411535,https://www.openstreetmap.org/way/1396154422,-25.634096398292623,28.09888418958326
way/1396650790,1396650790,way,South Africa,plant,Capacity placeholder value,yes,Tag 'plant:output:electricity' contains placeholder value 'yes' instead of actual capacity,2026-07-01 00:57:56.412397,https://www.openstreetmap.org/way/1396650790,-25.46379724598197,31.11483857535634
way/1409192069,1409192069,way,South Africa,plant,Capacity regex no match,400kW,Tag 'plant:output:electricity' has value '400kW' which could not be parsed,2026-07-01 00:57:56.412530,https://www.openstreetmap.org/way/1409192069,-33.90212078667957,18.71886292636493
way/1409730614,1409730614,way,South Africa,plant,Capacity regex no match,1040kW,Tag 'plant:output:electricity' has value '1040kW' which could not be parsed,2026-07-01 00:57:56.412743,https://www.openstreetmap.org/way/1409730614,-25.958227194073142,28.35922325296462
way/1409733003,1409733003,way,South Africa,plant,Capacity placeholder value,yes,Tag 'plant:output:electricity' contains placeholder value 'yes' instead of actual capacity,2026-07-01 00:57:56.412903,https://www.openstreetmap.org/way/1409733003,-25.992727019870692,28.366617481245157
way/1410404975,1410404975,way,South Africa,plant,Capacity placeholder value,yes,Tag 'plant:output:electricity' contains placeholder value 'yes' instead of actual capacity,2026-07-01 00:57:56.413017,https://www.openstreetmap.org/way/1410404975,-25.409424949349734,30.6241909861144
way/1410404988,1410404988,way,South Africa,plant,Capacity placeholder value,yes,Tag 'plant:output:electricity' contains placeholder value 'yes' instead of actual capacity,2026-07-01 00:57:56.413116,https://www.openstreetmap.org/way/1410404988,-25.39441582704444,30.6029384466568
way/1417011741,1417011741,way,South Africa,plant,Capacity placeholder value,yes,Tag 'plant:output:electricity' contains placeholder value 'yes' instead of actual capacity,2026-07-01 00:57:56.413678,https://www.openstreetmap.org/way/1417011741,-25.99289828417755,28.121215275048673
way/1417601852,1417601852,way,South Africa,plant,Capacity placeholder value,yes,Tag 'plant:output:electricity' contains placeholder value 'yes' instead of actual capacity,2026-07-01 00:57:56.413783,https://www.openstreetmap.org/way/1417601852,-25.2880734401305,31.053356005339168
way/1417667615,1417667615,way,South Africa,plant,Capacity placeholder value,yes,Tag 'plant:output:electricity' contains placeholder value 'yes' instead of actual capacity,2026-07-01 00:57:56.413936,https://www.openstreetmap.org/way/1417667615,-25.314499042799593,30.9978202976998
way/1420599637,1420599637,way,South Africa,plant,Capacity placeholder value,yes,Tag 'plant:output:electricity' contains placeholder value 'yes' instead of actual capacity,2026-07-01 00:57:56.414041,https://www.openstreetmap.org/way/1420599637,-32.85878482465411,26.655783191460102
way/1422163953,1422163953,way,South Africa,plant,Capacity placeholder value,yes,Tag 'plant:output:electricity' contains placeholder value 'yes' instead of actual capacity,2026-07-01 00:57:56.414144,https://www.openstreetmap.org/way/1422163953,-27.45094633636085,31.641299110330788
way/1422603059,1422603059,way,South Africa,plant,Capacity placeholder value,yes,Tag 'plant:output:electricity' contains placeholder value 'yes' instead of actual capacity,2026-07-01 00:57:56.414244,https://www.openstreetmap.org/way/1422603059,-32.57601021882844,26.557010700833786
way/1423356053,1423356053,way,South Africa,plant,Capacity placeholder value,yes,Tag 'plant:output:electricity' contains placeholder value 'yes' instead of actual capacity,2026-07-01 00:57:56.414353,https://www.openstreetmap.org/way/1423356053,-25.13533519071639,31.19664498511723
way/1424051458,1424051458,way,South Africa,plant,Capacity placeholder value,yes,Tag 'plant:output:electricity' contains placeholder value 'yes' instead of actual capacity,2026-07-01 00:57:56.414454,https://www.openstreetmap.org/way/1424051458,-28.255657967484755,23.419750290991956
way/1424959138,1424959138,way,South Africa,plant,Capacity placeholder value,yes,Tag 'plant:output:electricity' contains placeholder value 'yes' instead of actual capacity,2026-07-01 00:57:56.414572,https://www.openstreetmap.org/way/1424959138,-28.796785320926503,29.306844722040196
way/1424959157,1424959157,way,South Africa,plant,Capacity placeholder value,yes,Tag 'plant:output:electricity' contains placeholder value 'yes' instead of actual capacity,2026-07-01 00:57:56.414674,https://www.openstreetmap.org/way/1424959157,-28.79033997736165,29.298451659030444
way/1424959167,1424959167,way,South Africa,plant,Capacity placeholder value,yes,Tag 'plant:output:electricity' contains placeholder value 'yes' instead of actual capacity,2026-07-01 00:57:56.414774,https://www.openstreetmap.org/way/1424959167,-28.794412889602043,29.29611363159021
way/1424959172,1424959172,way,South Africa,plant,Capacity placeholder value,yes,Tag 'plant:output:electricity' contains placeholder value 'yes' instead of actual capacity,2026-07-01 00:57:56.414898,https://www.openstreetmap.org/way/1424959172,-28.779746203924688,29.313074994390547
way/1424959177,1424959177,way,South Africa,plant,Capacity placeholder value,yes,Tag 'plant:output:electricity' contains placeholder value 'yes' instead of actual capacity,2026-07-01 00:57:56.415002,https://www.openstreetmap.org/way/1424959177,-28.776533234072247,29.35028386305981
way/1427056383,1427056383,way,South Africa,plant,Capacity placeholder value,yes,Tag 'plant:output:electricity' contains placeholder value 'yes' instead of actual capacity,2026-07-01 00:57:56.415687,https://www.openstreetmap.org/way/1427056383,-32.725551589999625,25.853048946938713
way/1427056396,1427056396,way,South Africa,plant,Capacity placeholder value,yes,Tag 'plant:output:electricity' contains placeholder value 'yes' instead of actual capacity,2026-07-01 00:57:56.415786,https://www.openstreetmap.org/way/1427056396,-32.626931560037086,25.83780408884318
way/1427056402,1427056402,way,South Africa,plant,Capacity placeholder value,yes,Tag 'plant:output:electricity' contains placeholder value 'yes' instead of actual capacity,2026-07-01 00:57:56.415909,https://www.openstreetmap.org/way/1427056402,-32.6313906026722,25.828649563390574
way/1427062510,1427062510,way,South Africa,plant,Capacity placeholder value,yes,Tag 'plant:output:electricity' contains placeholder value 'yes' instead of actual capacity,2026-07-01 00:57:56.416021,https://www.openstreetmap.org/way/1427062510,-32.51762452643086,25.994024853445588
way/1427144698,1427144698,way,South Africa,plant,Capacity placeholder value,yes,Tag 'plant:output:electricity' contains placeholder value 'yes' instead of actual capacity,2026-07-01 00:57:56.416123,https://www.openstreetmap.org/way/1427144698,-33.07753580504642,25.734184198079795
way/1427261656,1427261656,way,South Africa,plant,Capacity placeholder value,yes,Tag 'plant:output:electricity' contains placeholder value 'yes' instead of actual capacity,2026-07-01 00:57:56.416223,https://www.openstreetmap.org/way/1427261656,-27.815351736944177,29.850387341851135
way/1428116642,1428116642,way,South Africa,plant,Missing output tag,none,"tags: {'landuse': 'industrial', 'name': 'Goldi Abattoir', 'plant:method': 'combustion', 'plant:source': 'diesel', 'power': 'plant'}",2026-07-01 00:57:56.416361,https://www.openstreetmap.org/way/1428116642,-26.928516712134986,29.219405756889337
way/1428448597,1428448597,way,South Africa,plant,Capacity placeholder value,yes,Tag 'plant:output:electricity' contains placeholder value 'yes' instead of actual capacity,2026-07-01 00:57:56.416507,https://www.openstreetmap.org/way/1428448597,-25.536137679866034,31.01781139866306
way/1432130977,1432130977,way,South Africa,plant,Capacity placeholder value,yes,Tag 'plant:output:electricity' contains placeholder value 'yes' instead of actual capacity,2026-07-01 00:57:56.416631,https://www.openstreetmap.org/way/1432130977,-25.58155541243626,31.884657857349847
way/1434894358,1434894358,way,South Africa,plant,Capacity placeholder value,yes,Tag 'plant:output:electricity' contains placeholder value 'yes' instead of actual capacity,2026-07-01 00:57:56.416901,https://www.openstreetmap.org/way/1434894358,-22.604794132774753,28.400897120229416
way/1434894398,1434894398,way,South Africa,plant,Capacity placeholder value,yes,Tag 'plant:output:electricity' contains placeholder value 'yes' instead of actual capacity,2026-07-01 00:57:56.417002,https://www.openstreetmap.org/way/1434894398,-22.907102830959666,28.070351206634705
way/1434894415,1434894415,way,South Africa,plant,Capacity placeholder value,yes,Tag 'plant:output:electricity' contains placeholder value 'yes' instead of actual capacity,2026-07-01 00:57:56.417115,https://www.openstreetmap.org/way/1434894415,-22.968192270093304,27.9543020608274
way/1434930713,1434930713,way,South Africa,plant,Capacity placeholder value,yes,Tag 'plant:output:electricity' contains placeholder value 'yes' instead of actual capacity,2026-07-01 00:57:56.417222,https://www.openstreetmap.org/way/1434930713,-23.572989268364157,27.718280197867095
way/1434930757,1434930757,way,South Africa,plant,Capacity placeholder value,yes,Tag 'plant:output:electricity' contains placeholder value 'yes' instead of actual capacity,2026-07-01 00:57:56.417367,https://www.openstreetmap.org/way/1434930757,-23.27542223409229,27.726437726256144
way/1434938339,1434938339,way,South Africa,plant,Capacity placeholder value,yes,Tag 'plant:output:electricity' contains placeholder value 'yes' instead of actual capacity,2026-07-01 00:57:56.417473,https://www.openstreetmap.org/way/1434938339,-23.109059128812397,28.07560371126398
way/1434938354,1434938354,way,South Africa,plant,Capacity placeholder value,yes,Tag 'plant:output:electricity' contains placeholder value 'yes' instead of actual capacity,2026-07-01 00:57:56.417571,https://www.openstreetmap.org/way/1434938354,-23.138284222059937,28.062182115439317
way/1434938358,1434938358,way,South Africa,plant,Capacity placeholder value,yes,Tag 'plant:output:electricity' contains placeholder value 'yes' instead of actual capacity,2026-07-01 00:57:56.417667,https://www.openstreetmap.org/way/1434938358,-23.135844954848956,28.0648009978288
way/1434938361,1434938361,way,South Africa,plant,Capacity placeholder value,yes,Tag 'plant:output:electricity' contains placeholder value 'yes' instead of actual capacity,2026-07-01 00:57:56.417788,https://www.openstreetmap.org/way/1434938361,-23.131186522605635,28.100891124371174
way/1434938388,1434938388,way,South Africa,plant,Capacity placeholder value,yes,Tag 'plant:output:electricity' contains placeholder value 'yes' instead of actual capacity,2026-07-01 00:57:56.417918,https://www.openstreetmap.org/way/1434938388,-24.325244836735713,27.04118537937769
way/1434938407,1434938407,way,South Africa,plant,Capacity placeholder value,yes,Tag 'plant:output:electricity' contains placeholder value 'yes' instead of actual capacity,2026-07-01 00:57:56.418018,https://www.openstreetmap.org/way/1434938407,-24.484314187730202,27.1728800292964
way/1434938481,1434938481,way,South Africa,plant,Capacity placeholder value,yes,Tag 'plant:output:electricity' contains placeholder value 'yes' instead of actual capacity,2026-07-01 00:57:56.418140,https://www.openstreetmap.org/way/1434938481,-24.571159513620284,27.227789257481454
way/1434950788,1434950788,way,South Africa,plant,Capacity placeholder value,yes,Tag 'plant:output:electricity' contains placeholder value 'yes' instead of actual capacity,2026-07-01 00:57:56.418238,https://www.openstreetmap.org/way/1434950788,-25.265873335804702,29.40262697225635
way/1434961314,1434961314,way,South Africa,plant,Capacity placeholder value,yes,Tag 'plant:output:electricity' contains placeholder value 'yes' instead of actual capacity,2026-07-01 00:57:56.418335,https://www.openstreetmap.org/way/1434961314,-25.15036003768325,29.340192220369307
way/1434961364,1434961364,way,South Africa,plant,Capacity placeholder value,yes,Tag 'plant:output:electricity' contains placeholder value 'yes' instead of actual capacity,2026-07-01 00:57:56.418461,https://www.openstreetmap.org/way/1434961364,-25.135310264496834,29.427798993284952
way/1435031749,1435031749,way,South Africa,plant,Capacity placeholder value,yes,Tag 'plant:output:electricity' contains placeholder value 'yes' instead of actual capacity,2026-07-01 00:57:56.418585,https://www.openstreetmap.org/way/1435031749,-29.562951683364126,22.880135578835137
way/1435031825,1435031825,way,South Africa,plant,Capacity placeholder value,yes,Tag 'plant:output:electricity' contains placeholder value 'yes' instead of actual capacity,2026-07-01 00:57:56.418685,https://www.openstreetmap.org/way/1435031825,-29.17842413932676,23.740517429037247
way/1435031847,1435031847,way,South Africa,plant,Capacity placeholder value,yes,Tag 'plant:output:electricity' contains placeholder value 'yes' instead of actual capacity,2026-07-01 00:57:56.418785,https://www.openstreetmap.org/way/1435031847,-28.928278442218204,23.984296556104304
way/1435031863,1435031863,way,South Africa,plant,Capacity placeholder value,yes,Tag 'plant:output:electricity' contains placeholder value 'yes' instead of actual capacity,2026-07-01 00:57:56.418916,https://www.openstreetmap.org/way/1435031863,-28.590518182389914,24.605159823245057
way/1435031864,1435031864,way,South Africa,plant,Capacity placeholder value,yes,Tag 'plant:output:electricity' contains placeholder value 'yes' instead of actual capacity,2026-07-01 00:57:56.419035,https://www.openstreetmap.org/way/1435031864,-28.568420278807032,24.598853135642923
way/1435031865,1435031865,way,South Africa,plant,Capacity placeholder value,yes,Tag 'plant:output:electricity' contains placeholder value 'yes' instead of actual capacity,2026-07-01 00:57:56.419135,https://www.openstreetmap.org/way/1435031865,-28.554662796287495,24.57845318271685
way/1435031866,1435031866,way,South Africa,plant,Capacity placeholder value,yes,Tag 'plant:output:electricity' contains placeholder value 'yes' instead of actual capacity,2026-07-01 00:57:56.419232,https://www.openstreetmap.org/way/1435031866,-28.554762220733974,24.574662973342665
way/1435031867,1435031867,way,South Africa,plant,Capacity placeholder value,yes,Tag 'plant:output:electricity' contains placeholder value 'yes' instead of actual capacity,2026-07-01 00:57:56.419338,https://www.openstreetmap.org/way/1435031867,-28.581953027171625,24.570624169346736
way/1435031868,1435031868,way,South Africa,plant,Capacity placeholder value,yes,Tag 'plant:output:electricity' contains placeholder value 'yes' instead of actual capacity,2026-07-01 00:57:56.419435,https://www.openstreetmap.org/way/1435031868,-28.510385362006783,24.683958496589593
way/1435031869,1435031869,way,South Africa,plant,Capacity placeholder value,yes,Tag 'plant:output:electricity' contains placeholder value 'yes' instead of actual capacity,2026-07-01 00:57:56.419531,https://www.openstreetmap.org/way/1435031869,-28.098704810371327,24.96678272700172
way/1435031870,1435031870,way,South Africa,plant,Capacity placeholder value,yes,Tag 'plant:output:electricity' contains placeholder value 'yes' instead of actual capacity,2026-07-01 00:57:56.419628,https://www.openstreetmap.org/way/1435031870,-28.02176683291328,25.109238912865763
way/1435031871,1435031871,way,South Africa,plant,Capacity placeholder value,yes,Tag 'plant:output:electricity' contains placeholder value 'yes' instead of actual capacity,2026-07-01 00:57:56.419735,https://www.openstreetmap.org/way/1435031871,-28.006785794098914,25.109728034436785
way/1435031872,1435031872,way,South Africa,plant,Capacity placeholder value,yes,Tag 'plant:output:electricity' contains placeholder value 'yes' instead of actual capacity,2026-07-01 00:57:56.419850,https://www.openstreetmap.org/way/1435031872,-27.935240337792276,25.13669297537892
way/1435031873,1435031873,way,South Africa,plant,Capacity placeholder value,yes,Tag 'plant:output:electricity' contains placeholder value 'yes' instead of actual capacity,2026-07-01 00:57:56.419974,https://www.openstreetmap.org/way/1435031873,-27.920564782829324,25.17549063486627
way/1435031874,1435031874,way,South Africa,plant,Capacity placeholder value,yes,Tag 'plant:output:electricity' contains placeholder value 'yes' instead of actual capacity,2026-07-01 00:57:56.420079,https://www.openstreetmap.org/way/1435031874,-27.719111650998183,25.443616710433055
way/1435031875,1435031875,way,South Africa,plant,Capacity placeholder value,yes,Tag 'plant:output:electricity' contains placeholder value 'yes' instead of actual capacity,2026-07-01 00:57:56.420204,https://www.openstreetmap.org/way/1435031875,-27.712393825442877,25.46177032072665
way/1435031876,1435031876,way,South Africa,plant,Capacity placeholder value,yes,Tag 'plant:output:electricity' contains placeholder value 'yes' instead of actual capacity,2026-07-01 00:57:56.420301,https://www.openstreetmap.org/way/1435031876,-27.710766427211084,25.47237495151207
way/1435031877,1435031877,way,South Africa,plant,Capacity placeholder value,yes,Tag 'plant:output:electricity' contains placeholder value 'yes' instead of actual capacity,2026-07-01 00:57:56.420398,https://www.openstreetmap.org/way/1435031877,-27.66232582718543,25.599628431811414
way/1435037213,1435037213,way,South Africa,plant,Capacity placeholder value,yes,Tag 'plant:output:electricity' contains placeholder value 'yes' instead of actual capacity,2026-07-01 00:57:56.420514,https://www.openstreetmap.org/way/1435037213,-27.80398138917487,25.273184945727944
way/1435037231,1435037231,way,South Africa,plant,Capacity placeholder value,yes,Tag 'plant:output:electricity' contains placeholder value 'yes' instead of actual capacity,2026-07-01 00:57:56.420692,https://www.openstreetmap.org/way/1435037231,-27.80509423047521,25.274450515314197
way/1435037276,1435037276,way,South Africa,plant,Capacity placeholder value,yes,Tag 'plant:output:electricity' contains placeholder value 'yes' instead of actual capacity,2026-07-01 00:57:56.420825,https://www.openstreetmap.org/way/1435037276,-27.962175654721396,25.1213459613499
way/1435109159,1435109159,way,South Africa,plant,Capacity placeholder value,yes,Tag 'plant:output:electricity' contains placeholder value 'yes' instead of actual capacity,2026-07-01 00:57:56.420944,https://www.openstreetmap.org/way/1435109159,-28.874750503024607,25.550233304681065
way/1435109163,1435109163,way,South Africa,plant,Capacity placeholder value,yes,Tag 'plant:output:electricity' contains placeholder value 'yes' instead of actual capacity,2026-07-01 00:57:56.421044,https://www.openstreetmap.org/way/1435109163,-28.97036887887609,26.379538755592442
way/1435154781,1435154781,way,South Africa,plant,Capacity placeholder value,yes,Tag 'plant:output:electricity' contains placeholder value 'yes' instead of actual capacity,2026-07-01 00:57:56.421143,https://www.openstreetmap.org/way/1435154781,-23.16146916963767,29.50438280180235
way/1435840823,1435840823,way,South Africa,plant,Capacity placeholder value,yes,Tag 'plant:output:electricity' contains placeholder value 'yes' instead of actual capacity,2026-07-01 00:57:56.421357,https://www.openstreetmap.org/way/1435840823,-30.555866724592338,25.332754087773075
way/1435840834,1435840834,way,South Africa,plant,Capacity placeholder value,yes,Tag 'plant:output:electricity' contains placeholder value 'yes' instead of actual capacity,2026-07-01 00:57:56.421463,https://www.openstreetmap.org/way/1435840834,-30.58075851752277,26.394648348576936
way/1435840848,1435840848,way,South Africa,plant,Capacity placeholder value,yes,Tag 'plant:output:electricity' contains placeholder value 'yes' instead of actual capacity,2026-07-01 00:57:56.421560,https://www.openstreetmap.org/way/1435840848,-30.587867806797853,26.473854419221517
way/1435840860,1435840860,way,South Africa,plant,Capacity placeholder value,yes,Tag 'plant:output:electricity' contains placeholder value 'yes' instead of actual capacity,2026-07-01 00:57:56.421655,https://www.openstreetmap.org/way/1435840860,-30.59312725892083,26.47514112457333
way/1435840876,1435840876,way,South Africa,plant,Capacity placeholder value,yes,Tag 'plant:output:electricity' contains placeholder value 'yes' instead of actual capacity,2026-07-01 00:57:56.421751,https://www.openstreetmap.org/way/1435840876,-30.65877266337798,26.557830351408786
way/1435840880,1435840880,way,South Africa,plant,Capacity placeholder value,yes,Tag 'plant:output:electricity' contains placeholder value 'yes' instead of actual capacity,2026-07-01 00:57:56.421866,https://www.openstreetmap.org/way/1435840880,-30.66246603731216,26.556843767885713
way/1435840885,1435840885,way,South Africa,plant,Capacity placeholder value,yes,Tag 'plant:output:electricity' contains placeholder value 'yes' instead of actual capacity,2026-07-01 00:57:56.421969,https://www.openstreetmap.org/way/1435840885,-30.653571555471352,26.821258446767928
way/1435858736,1435858736,way,South Africa,plant,Capacity placeholder value,yes,Tag 'plant:output:electricity' contains placeholder value 'yes' instead of actual capacity,2026-07-01 00:57:56.422067,https://www.openstreetmap.org/way/1435858736,-27.691918140198126,24.71166482256418
way/1435858743,1435858743,way,South Africa,plant,Capacity placeholder value,yes,Tag 'plant:output:electricity' contains placeholder value 'yes' instead of actual capacity,2026-07-01 00:57:56.422182,https://www.openstreetmap.org/way/1435858743,-27.653284865073054,24.713522455572182
way/1435858753,1435858753,way,South Africa,plant,Capacity placeholder value,yes,Tag 'plant:output:electricity' contains placeholder value 'yes' instead of actual capacity,2026-07-01 00:57:56.422278,https://www.openstreetmap.org/way/1435858753,-27.74954953926119,24.760155946804986
way/1435858756,1435858756,way,South Africa,plant,Capacity placeholder value,yes,Tag 'plant:output:electricity' contains placeholder value 'yes' instead of actual capacity,2026-07-01 00:57:56.422375,https://www.openstreetmap.org/way/1435858756,-27.793529382814416,24.79389136106801
way/1435858761,1435858761,way,South Africa,plant,Capacity placeholder value,yes,Tag 'plant:output:electricity' contains placeholder value 'yes' instead of actual capacity,2026-07-01 00:57:56.422491,https://www.openstreetmap.org/way/1435858761,-27.863196245957536,24.806246869085104
way/1435858772,1435858772,way,South Africa,plant,Capacity placeholder value,yes,Tag 'plant:output:electricity' contains placeholder value 'yes' instead of actual capacity,2026-07-01 00:57:56.422596,https://www.openstreetmap.org/way/1435858772,-27.762951749828446,24.74257908060348
way/1435858780,1435858780,way,South Africa,plant,Capacity placeholder value,yes,Tag 'plant:output:electricity' contains placeholder value 'yes' instead of actual capacity,2026-07-01 00:57:56.422692,https://www.openstreetmap.org/way/1435858780,-27.74905441434034,24.7320142155351
way/1435858794,1435858794,way,South Africa,plant,Capacity placeholder value,yes,Tag 'plant:output:electricity' contains placeholder value 'yes' instead of actual capacity,2026-07-01 00:57:56.422789,https://www.openstreetmap.org/way/1435858794,-27.779768042632814,24.79334760059813
way/1435858798,1435858798,way,South Africa,plant,Capacity placeholder value,yes,Tag 'plant:output:electricity' contains placeholder value 'yes' instead of actual capacity,2026-07-01 00:57:56.422909,https://www.openstreetmap.org/way/1435858798,-27.784093499726467,24.79433831783979
way/1435858802,1435858802,way,South Africa,plant,Capacity placeholder value,yes,Tag 'plant:output:electricity' contains placeholder value 'yes' instead of actual capacity,2026-07-01 00:57:56.423009,https://www.openstreetmap.org/way/1435858802,-27.932765430446878,24.844138331716696
way/1435858816,1435858816,way,South Africa,plant,Capacity placeholder value,yes,Tag 'plant:output:electricity' contains placeholder value 'yes' instead of actual capacity,2026-07-01 00:57:56.423107,https://www.openstreetmap.org/way/1435858816,-27.734551858674337,24.762450442619386
way/1435858819,1435858819,way,South Africa,plant,Capacity placeholder value,yes,Tag 'plant:output:electricity' contains placeholder value 'yes' instead of actual capacity,2026-07-01 00:57:56.423204,https://www.openstreetmap.org/way/1435858819,-27.66011415881676,24.76551075047092
way/1435982975,1435982975,way,South Africa,plant,Capacity placeholder value,yes,Tag 'plant:output:electricity' contains placeholder value 'yes' instead of actual capacity,2026-07-01 00:57:56.423320,https://www.openstreetmap.org/way/1435982975,-26.03733353241209,28.31335013444284
way/1436133032,1436133032,way,South Africa,plant,Capacity placeholder value,yes,Tag 'plant:output:electricity' contains placeholder value 'yes' instead of actual capacity,2026-07-01 00:57:56.423429,https://www.openstreetmap.org/way/1436133032,-26.778487152330985,27.63412638913676
way/1436153503,1436153503,way,South Africa,plant,Capacity regex no match,216MW PV 560MWh BESS,Tag 'plant:output:electricity' has value '216MW PV 560MWh BESS' which could not be parsed,2026-07-01 00:57:56.424090,https://www.openstreetmap.org/way/1436153503,-30.672602012368305,24.063593513149765
way/1436763056,1436763056,way,South Africa,plant,Capacity placeholder value,yes,Tag 'plant:output:electricity' contains placeholder value 'yes' instead of actual capacity,2026-07-01 00:57:56.424684,https://www.openstreetmap.org/way/1436763056,-25.74810645856836,30.973291615031894
way/1436778193,1436778193,way,South Africa,plant,Capacity placeholder value,yes,Tag 'plant:output:electricity' contains placeholder value 'yes' instead of actual capacity,2026-07-01 00:57:56.424930,https://www.openstreetmap.org/way/1436778193,-23.54577630752082,30.2474482003421
way/1436778211,1436778211,way,South Africa,plant,Capacity placeholder value,yes,Tag 'plant:output:electricity' contains placeholder value 'yes' instead of actual capacity,2026-07-01 00:57:56.425031,https://www.openstreetmap.org/way/1436778211,-23.83645591483183,30.429989949881122
way/1436778858,1436778858,way,South Africa,plant,Capacity placeholder value,yes,Tag 'plant:output:electricity' contains placeholder value 'yes' instead of actual capacity,2026-07-01 00:57:56.425128,https://www.openstreetmap.org/way/1436778858,-22.329331980452686,30.473921992936216
way/1436783445,1436783445,way,South Africa,plant,Capacity placeholder value,yes,Tag 'plant:output:electricity' contains placeholder value 'yes' instead of actual capacity,2026-07-01 00:57:56.425243,https://www.openstreetmap.org/way/1436783445,-25.13055765079387,31.00906422172303
way/1436924332,1436924332,way,South Africa,plant,Capacity placeholder value,yes,Tag 'plant:output:electricity' contains placeholder value 'yes' instead of actual capacity,2026-07-01 00:57:56.425350,https://www.openstreetmap.org/way/1436924332,-25.630204945705017,30.807266056400334
way/1441592565,1441592565,way,South Africa,plant,Capacity placeholder value,yes,Tag 'plant:output:electricity' contains placeholder value 'yes' instead of actual capacity,2026-07-01 00:57:56.425446,https://www.openstreetmap.org/way/1441592565,-23.08825319665816,29.531058594537058
way/1441601640,1441601640,way,South Africa,plant,Capacity placeholder value,yes,Tag 'plant:output:electricity' contains placeholder value 'yes' instead of actual capacity,2026-07-01 00:57:56.425552,https://www.openstreetmap.org/way/1441601640,-23.059125916467327,30.181646299581008
way/1441725369,1441725369,way,South Africa,plant,Capacity placeholder value,yes,Tag 'plant:output:electricity' contains placeholder value 'yes' instead of actual capacity,2026-07-01 00:57:56.425649,https://www.openstreetmap.org/way/1441725369,-34.07883544752252,23.304123334559797
way/1441824830,1441824830,way,South Africa,plant,Capacity placeholder value,yes,Tag 'plant:output:electricity' contains placeholder value 'yes' instead of actual capacity,2026-07-01 00:57:56.425746,https://www.openstreetmap.org/way/1441824830,-34.071955082626246,23.29602423891077
way/1441824839,1441824839,way,South Africa,plant,Capacity placeholder value,yes,Tag 'plant:output:electricity' contains placeholder value 'yes' instead of actual capacity,2026-07-01 00:57:56.425860,https://www.openstreetmap.org/way/1441824839,-34.067749333106136,23.311636433596924
way/1442233673,1442233673,way,South Africa,plant,Capacity placeholder value,yes,Tag 'plant:output:electricity' contains placeholder value 'yes' instead of actual capacity,2026-07-01 00:57:56.425979,https://www.openstreetmap.org/way/1442233673,-24.40044206489468,30.831513612557885
way/1442238471,1442238471,way,South Africa,plant,Capacity placeholder value,yes,Tag 'plant:output:electricity' contains placeholder value 'yes' instead of actual capacity,2026-07-01 00:57:56.426079,https://www.openstreetmap.org/way/1442238471,-25.02881240096931,29.20962114621925
way/1442572746,1442572746,way,South Africa,plant,Capacity placeholder value,yes,Tag 'plant:output:electricity' contains placeholder value 'yes' instead of actual capacity,2026-07-01 00:57:56.426182,https://www.openstreetmap.org/way/1442572746,-27.674578274332486,24.71381789759434
way/1442572751,1442572751,way,South Africa,plant,Capacity placeholder value,yes,Tag 'plant:output:electricity' contains placeholder value 'yes' instead of actual capacity,2026-07-01 00:57:56.426279,https://www.openstreetmap.org/way/1442572751,-27.679277454706806,24.72030269760075
way/1442572781,1442572781,way,South Africa,plant,Capacity placeholder value,yes,Tag 'plant:output:electricity' contains placeholder value 'yes' instead of actual capacity,2026-07-01 00:57:56.426425,https://www.openstreetmap.org/way/1442572781,-27.69332036981411,24.784384996940524
way/1442583701,1442583701,way,South Africa,plant,Capacity placeholder value,yes,Tag 'plant:output:electricity' contains placeholder value 'yes' instead of actual capacity,2026-07-01 00:57:56.426532,https://www.openstreetmap.org/way/1442583701,-27.69988150793631,24.793618191052847
way/1442583730,1442583730,way,South Africa,plant,Capacity placeholder value,yes,Tag 'plant:output:electricity' contains placeholder value 'yes' instead of actual capacity,2026-07-01 00:57:56.426655,https://www.openstreetmap.org/way/1442583730,-27.78369575491321,24.787979466810608
way/1442761161,1442761161,way,South Africa,plant,Capacity placeholder value,yes,Tag 'plant:output:electricity' contains placeholder value 'yes' instead of actual capacity,2026-07-01 00:57:56.426762,https://www.openstreetmap.org/way/1442761161,-28.306570247274582,29.14608315588231
way/1443276477,1443276477,way,South Africa,plant,Capacity placeholder value,yes,Tag 'plant:output:electricity' contains placeholder value 'yes' instead of actual capacity,2026-07-01 00:57:56.426983,https://www.openstreetmap.org/way/1443276477,-27.73851977770313,24.747764905317833
way/1443276546,1443276546,way,South Africa,plant,Capacity placeholder value,yes,Tag 'plant:output:electricity' contains placeholder value 'yes' instead of actual capacity,2026-07-01 00:57:56.427082,https://www.openstreetmap.org/way/1443276546,-27.612517842738658,24.778337965230453
way/1443554951,1443554951,way,South Africa,plant,Capacity placeholder value,yes,Tag 'plant:output:electricity' contains placeholder value 'yes' instead of actual capacity,2026-07-01 00:57:56.427186,https://www.openstreetmap.org/way/1443554951,-26.04367096684418,30.718653573881138
way/1443787354,1443787354,way,South Africa,plant,Capacity placeholder value,yes,Tag 'plant:output:electricity' contains placeholder value 'yes' instead of actual capacity,2026-07-01 00:57:56.427291,https://www.openstreetmap.org/way/1443787354,-25.037257796042944,31.067854707868594
way/1443794825,1443794825,way,South Africa,plant,Capacity placeholder value,yes,Tag 'plant:output:electricity' contains placeholder value 'yes' instead of actual capacity,2026-07-01 00:57:56.427397,https://www.openstreetmap.org/way/1443794825,-25.03741884384802,31.12400335849955
way/1444148941,1444148941,way,South Africa,plant,Capacity placeholder value,yes,Tag 'plant:output:electricity' contains placeholder value 'yes' instead of actual capacity,2026-07-01 00:57:56.427493,https://www.openstreetmap.org/way/1444148941,-23.819457789267467,30.371716088327947
way/1444148946,1444148946,way,South Africa,plant,Capacity placeholder value,yes,Tag 'plant:output:electricity' contains placeholder value 'yes' instead of actual capacity,2026-07-01 00:57:56.427617,https://www.openstreetmap.org/way/1444148946,-23.824593418833825,30.365614090410947
way/1444376887,1444376887,way,South Africa,plant,Capacity placeholder value,yes,Tag 'plant:output:electricity' contains placeholder value 'yes' instead of actual capacity,2026-07-01 00:57:56.427739,https://www.openstreetmap.org/way/1444376887,-23.6461908752684,30.70681126871402
way/1444376907,1444376907,way,South Africa,plant,Capacity placeholder value,yes,Tag 'plant:output:electricity' contains placeholder value 'yes' instead of actual capacity,2026-07-01 00:57:56.427859,https://www.openstreetmap.org/way/1444376907,-23.87513480224714,30.454210188730944
way/1444376940,1444376940,way,South Africa,plant,Capacity placeholder value,yes,Tag 'plant:output:electricity' contains placeholder value 'yes' instead of actual capacity,2026-07-01 00:57:56.427965,https://www.openstreetmap.org/way/1444376940,-23.704039949199164,30.79643885539844
way/1444391407,1444391407,way,South Africa,plant,Capacity placeholder value,yes,Tag 'plant:output:electricity' contains placeholder value 'yes' instead of actual capacity,2026-07-01 00:57:56.428063,https://www.openstreetmap.org/way/1444391407,-23.818544390183654,30.177465327304446
way/1444600951,1444600951,way,South Africa,plant,Capacity placeholder value,yes,Tag 'plant:output:electricity' contains placeholder value 'yes' instead of actual capacity,2026-07-01 00:57:56.428182,https://www.openstreetmap.org/way/1444600951,-22.984389006541047,29.96037786717407
way/1444652843,1444652843,way,South Africa,plant,Capacity placeholder value,yes,Tag 'plant:output:electricity' contains placeholder value 'yes' instead of actual capacity,2026-07-01 00:57:56.428280,https://www.openstreetmap.org/way/1444652843,-24.681928013458116,28.3829116179797
way/1444655435,1444655435,way,South Africa,plant,Capacity placeholder value,yes,Tag 'plant:output:electricity' contains placeholder value 'yes' instead of actual capacity,2026-07-01 00:57:56.428376,https://www.openstreetmap.org/way/1444655435,-24.596321325848958,28.24054418338125
way/1444655447,1444655447,way,South Africa,plant,Capacity placeholder value,yes,Tag 'plant:output:electricity' contains placeholder value 'yes' instead of actual capacity,2026-07-01 00:57:56.428473,https://www.openstreetmap.org/way/1444655447,-24.53159179410729,28.11190645359504
way/1444655456,1444655456,way,South Africa,plant,Capacity placeholder value,yes,Tag 'plant:output:electricity' contains placeholder value 'yes' instead of actual capacity,2026-07-01 00:57:56.428580,https://www.openstreetmap.org/way/1444655456,-24.46021273952927,28.1646467447741
way/1444714639,1444714639,way,South Africa,plant,Capacity placeholder value,yes,Tag 'plant:output:electricity' contains placeholder value 'yes' instead of actual capacity,2026-07-01 00:57:56.428676,https://www.openstreetmap.org/way/1444714639,-24.147020345716843,28.05806141226588
way/1444853373,1444853373,way,South Africa,plant,Capacity placeholder value,yes,Tag 'plant:output:electricity' contains placeholder value 'yes' instead of actual capacity,2026-07-01 00:57:56.428860,https://www.openstreetmap.org/way/1444853373,-26.78861026343067,27.14884937082421
way/1447343655,1447343655,way,South Africa,plant,Capacity placeholder value,yes,Tag 'plant:output:electricity' contains placeholder value 'yes' instead of actual capacity,2026-07-01 00:57:56.430954,https://www.openstreetmap.org/way/1447343655,-24.380114033846912,31.319395801694853
way/1447807323,1447807323,way,South Africa,plant,Capacity placeholder value,yes,Tag 'plant:output:electricity' contains placeholder value 'yes' instead of actual capacity,2026-07-01 00:57:56.431059,https://www.openstreetmap.org/way/1447807323,-23.318795767926105,29.803711871087835
way/1448301884,1448301884,way,South Africa,plant,Capacity placeholder value,yes,Tag 'plant:output:electricity' contains placeholder value 'yes' instead of actual capacity,2026-07-01 00:57:56.431161,https://www.openstreetmap.org/way/1448301884,-23.778784363281794,29.47777913479418
way/1448301904,1448301904,way,South Africa,plant,Capacity placeholder value,yes,Tag 'plant:output:electricity' contains placeholder value 'yes' instead of actual capacity,2026-07-01 00:57:56.431260,https://www.openstreetmap.org/way/1448301904,-23.176107937531945,29.385698175560954
way/1448301910,1448301910,way,South Africa,plant,Capacity placeholder value,yes,Tag 'plant:output:electricity' contains placeholder value 'yes' instead of actual capacity,2026-07-01 00:57:56.431359,https://www.openstreetmap.org/way/1448301910,-23.080470021012573,29.188348380065385
way/1448301930,1448301930,way,South Africa,plant,Capacity placeholder value,yes,Tag 'plant:output:electricity' contains placeholder value 'yes' instead of actual capacity,2026-07-01 00:57:56.431459,https://www.openstreetmap.org/way/1448301930,-22.950885671251775,29.152104333292765
way/1448301940,1448301940,way,South Africa,plant,Capacity placeholder value,yes,Tag 'plant:output:electricity' contains placeholder value 'yes' instead of actual capacity,2026-07-01 00:57:56.431557,https://www.openstreetmap.org/way/1448301940,-22.949807888458807,29.146846181247664
way/1448301957,1448301957,way,South Africa,plant,Capacity placeholder value,yes,Tag 'plant:output:electricity' contains placeholder value 'yes' instead of actual capacity,2026-07-01 00:57:56.431691,https://www.openstreetmap.org/way/1448301957,-22.93170160991101,29.147320115685037
way/1448375076,1448375076,way,South Africa,plant,Capacity placeholder value,yes,Tag 'plant:output:electricity' contains placeholder value 'yes' instead of actual capacity,2026-07-01 00:57:56.431787,https://www.openstreetmap.org/way/1448375076,-31.57097424106509,18.35279373622444
way/1448584986,1448584986,way,South Africa,plant,Capacity placeholder value,yes,Tag 'plant:output:electricity' contains placeholder value 'yes' instead of actual capacity,2026-07-01 00:57:56.431929,https://www.openstreetmap.org/way/1448584986,-25.91148609932322,26.623150050052633
way/1450118973,1450118973,way,South Africa,plant,Capacity placeholder value,yes,Tag 'plant:output:electricity' contains placeholder value 'yes' instead of actual capacity,2026-07-01 00:57:56.432267,https://www.openstreetmap.org/way/1450118973,-34.066000690089794,22.145802868292723
way/1450823136,1450823136,way,South Africa,plant,Capacity placeholder value,yes,Tag 'plant:output:electricity' contains placeholder value 'yes' instead of actual capacity,2026-07-01 00:57:56.432368,https://www.openstreetmap.org/way/1450823136,-23.001170373961966,29.75768386279786
way/1451100168,1451100168,way,South Africa,plant,Capacity placeholder value,yes,Tag 'plant:output:electricity' contains placeholder value 'yes' instead of actual capacity,2026-07-01 00:57:56.432752,https://www.openstreetmap.org/way/1451100168,-25.774422691093438,27.60606583333333
way/1452678060,1452678060,way,South Africa,plant,Capacity placeholder value,yes,Tag 'plant:output:electricity' contains placeholder value 'yes' instead of actual capacity,2026-07-01 00:57:56.432876,https://www.openstreetmap.org/way/1452678060,-22.952443309929627,28.106436086838183
way/1452978777,1452978777,way,South Africa,plant,Capacity placeholder value,yes,Tag 'plant:output:electricity' contains placeholder value 'yes' instead of actual capacity,2026-07-01 00:57:56.432985,https://www.openstreetmap.org/way/1452978777,-26.374391493019065,27.883220300644307
way/1454860092,1454860092,way,South Africa,plant,Capacity placeholder value,yes,Tag 'plant:output:electricity' contains placeholder value 'yes' instead of actual capacity,2026-07-01 00:57:56.433518,https://www.openstreetmap.org/way/1454860092,-32.549165216460786,24.543252860780637
way/1458094940,1458094940,way,South Africa,plant,Capacity regex no match,240kW,Tag 'plant:output:electricity' has value '240kW' which could not be parsed,2026-07-01 00:57:56.433686,https://www.openstreetmap.org/way/1458094940,-33.92260416275621,18.68344536244393
way/1460101734,1460101734,way,South Africa,plant,Capacity placeholder value,yes,Tag 'plant:output:electricity' contains placeholder value 'yes' instead of actual capacity,2026-07-01 00:57:56.433921,https://www.openstreetmap.org/way/1460101734,-25.07089979707783,29.199680552979984
way/1461796522,1461796522,way,South Africa,plant,Capacity placeholder value,yes,Tag 'plant:output:electricity' contains placeholder value 'yes' instead of actual capacity,2026-07-01 00:57:56.434049,https://www.openstreetmap.org/way/1461796522,-28.517002340227425,29.738756995794958
way/1461828882,1461828882,way,South Africa,plant,Capacity placeholder value,yes,Tag 'plant:output:electricity' contains placeholder value 'yes' instead of actual capacity,2026-07-01 00:57:56.434148,https://www.openstreetmap.org/way/1461828882,-31.44720958902174,25.592775499273294
way/1461828910,1461828910,way,South Africa,plant,Capacity placeholder value,yes,Tag 'plant:output:electricity' contains placeholder value 'yes' instead of actual capacity,2026-07-01 00:57:56.434247,https://www.openstreetmap.org/way/1461828910,-32.087863553746345,25.58852780506156
way/1461832273,1461832273,way,South Africa,plant,Capacity placeholder value,yes,Tag 'plant:output:electricity' contains placeholder value 'yes' instead of actual capacity,2026-07-01 00:57:56.434345,https://www.openstreetmap.org/way/1461832273,-32.243588988243246,25.731782555778558
way/1462281534,1462281534,way,South Africa,plant,Missing output tag,none,"tags: {'plant:source': 'solar', 'power': 'plant'}",2026-07-01 00:57:56.434532,https://www.openstreetmap.org/way/1462281534,-25.987389918986125,28.12796659761397
way/1464386591,1464386591,way,South Africa,plant,Capacity placeholder value,yes,Tag 'plant:output:electricity' contains placeholder value 'yes' instead of actual capacity,2026-07-01 00:57:56.434674,https://www.openstreetmap.org/way/1464386591,-25.44239589430412,30.686324540732755
way/1464442539,1464442539,way,South Africa,plant,Capacity placeholder value,yes,Tag 'plant:output:electricity' contains placeholder value 'yes' instead of actual capacity,2026-07-01 00:57:56.434781,https://www.openstreetmap.org/way/1464442539,-25.39053574203668,30.781569032863985
way/1465057717,1465057717,way,South Africa,plant,Capacity placeholder value,yes,Tag 'plant:output:electricity' contains placeholder value 'yes' instead of actual capacity,2026-07-01 00:57:56.434921,https://www.openstreetmap.org/way/1465057717,-25.52591289020941,31.455424851450843
way/1465184773,1465184773,way,South Africa,plant,Capacity placeholder value,yes,Tag 'plant:output:electricity' contains placeholder value 'yes' instead of actual capacity,2026-07-01 00:57:56.435023,https://www.openstreetmap.org/way/1465184773,-25.097300513178137,30.36038274427561
way/1466117386,1466117386,way,South Africa,plant,Capacity placeholder value,yes,Tag 'plant:output:electricity' contains placeholder value 'yes' instead of actual capacity,2026-07-01 00:57:56.435130,https://www.openstreetmap.org/way/1466117386,-24.519254327623187,30.9375379212914
way/1467081058,1467081058,way,South Africa,plant,Capacity placeholder value,yes,Tag 'plant:output:electricity' contains placeholder value 'yes' instead of actual capacity,2026-07-01 00:57:56.435229,https://www.openstreetmap.org/way/1467081058,-29.800963426843396,24.417918330736647
way/1467225606,1467225606,way,South Africa,plant,Capacity placeholder value,yes,Tag 'plant:output:electricity' contains placeholder value 'yes' instead of actual capacity,2026-07-01 00:57:56.435327,https://www.openstreetmap.org/way/1467225606,-34.3554438036549,20.524474199750102
way/1467562795,1467562795,way,South Africa,plant,Capacity placeholder value,yes,Tag 'plant:output:electricity' contains placeholder value 'yes' instead of actual capacity,2026-07-01 00:57:56.435433,https://www.openstreetmap.org/way/1467562795,-25.41047935400966,30.77475568204608
way/1467617197,1467617197,way,South Africa,plant,Capacity regex no match,190kW,Tag 'plant:output:electricity' has value '190kW' which could not be parsed,2026-07-01 00:57:56.435542,https://www.openstreetmap.org/way/1467617197,-25.307100371891302,30.82024925885061
way/1467700784,1467700784,way,South Africa,plant,Capacity placeholder value,yes,Tag 'plant:output:electricity' contains placeholder value 'yes' instead of actual capacity,2026-07-01 00:57:56.435772,https://www.openstreetmap.org/way/1467700784,-25.458644536312423,31.538960006677666
way/1467889576,1467889576,way,South Africa,plant,Capacity regex no match,500kW,Tag 'plant:output:electricity' has value '500kW' which could not be parsed,2026-07-01 00:57:56.436022,https://www.openstreetmap.org/way/1467889576,-32.65891268364264,25.822740687038277
way/1467947004,1467947004,way,South Africa,plant,Capacity placeholder value,yes,Tag 'plant:output:electricity' contains placeholder value 'yes' instead of actual capacity,2026-07-01 00:57:56.436146,https://www.openstreetmap.org/way/1467947004,-32.65811459569091,25.861935764363714
way/1467947041,1467947041,way,South Africa,plant,Capacity placeholder value,yes,Tag 'plant:output:electricity' contains placeholder value 'yes' instead of actual capacity,2026-07-01 00:57:56.436244,https://www.openstreetmap.org/way/1467947041,-32.901631193244874,25.816769789208617
way/1467951795,1467951795,way,South Africa,plant,Capacity placeholder value,yes,Tag 'plant:output:electricity' contains placeholder value 'yes' instead of actual capacity,2026-07-01 00:57:56.436349,https://www.openstreetmap.org/way/1467951795,-32.36315030673655,25.729894746049602
way/1467976199,1467976199,way,South Africa,plant,Capacity placeholder value,yes,Tag 'plant:output:electricity' contains placeholder value 'yes' instead of actual capacity,2026-07-01 00:57:56.436446,https://www.openstreetmap.org/way/1467976199,-31.31841817032122,24.692692683790078
way/1468426739,1468426739,way,South Africa,plant,Capacity placeholder value,yes,Tag 'plant:output:electricity' contains placeholder value 'yes' instead of actual capacity,2026-07-01 00:57:56.436812,https://www.openstreetmap.org/way/1468426739,-31.950920005500823,25.530430562141433
way/1470408317,1470408317,way,South Africa,plant,Capacity placeholder value,yes,Tag 'plant:output:electricity' contains placeholder value 'yes' instead of actual capacity,2026-07-01 00:57:56.437214,https://www.openstreetmap.org/way/1470408317,-30.79525675917076,30.21440400266918
way/1470408335,1470408335,way,South Africa,plant,Capacity placeholder value,yes,Tag 'plant:output:electricity' contains placeholder value 'yes' instead of actual capacity,2026-07-01 00:57:56.437340,https://www.openstreetmap.org/way/1470408335,-30.796585121175152,30.216122367430234
way/1470408357,1470408357,way,South Africa,plant,Capacity placeholder value,yes,Tag 'plant:output:electricity' contains placeholder value 'yes' instead of actual capacity,2026-07-01 00:57:56.437440,https://www.openstreetmap.org/way/1470408357,-30.784481414027816,30.234127083067396
way/1471464379,1471464379,way,South Africa,plant,Capacity placeholder value,yes,Tag 'plant:output:electricity' contains placeholder value 'yes' instead of actual capacity,2026-07-01 00:57:56.437538,https://www.openstreetmap.org/way/1471464379,-23.843649126169193,30.14467643485449
way/1471470678,1471470678,way,South Africa,plant,Capacity placeholder value,yes,Tag 'plant:output:electricity' contains placeholder value 'yes' instead of actual capacity,2026-07-01 00:57:56.437633,https://www.openstreetmap.org/way/1471470678,-23.913642367080055,30.04784965646876
way/1472690449,1472690449,way,South Africa,plant,Capacity placeholder value,yes,Tag 'plant:output:electricity' contains placeholder value 'yes' instead of actual capacity,2026-07-01 00:57:56.437727,https://www.openstreetmap.org/way/1472690449,-23.693510267352927,30.79691334722427
way/1472754658,1472754658,way,South Africa,plant,Capacity placeholder value,yes,Tag 'plant:output:electricity' contains placeholder value 'yes' instead of actual capacity,2026-07-01 00:57:56.437890,https://www.openstreetmap.org/way/1472754658,-25.743446793700773,28.72597725339749
way/1473235052,1473235052,way,South Africa,plant,Capacity placeholder value,yes,Tag 'plant:output:electricity' contains placeholder value 'yes' instead of actual capacity,2026-07-01 00:57:56.437991,https://www.openstreetmap.org/way/1473235052,-27.875361549617697,32.23191145231705
way/1479424151,1479424151,way,South Africa,plant,Capacity placeholder value,yes,Tag 'plant:output:electricity' contains placeholder value 'yes' instead of actual capacity,2026-07-01 00:57:56.438250,https://www.openstreetmap.org/way/1479424151,-28.84750969475411,24.034216549316575
way/1479424165,1479424165,way,South Africa,plant,Capacity placeholder value,yes,Tag 'plant:output:electricity' contains placeholder value 'yes' instead of actual capacity,2026-07-01 00:57:56.438349,https://www.openstreetmap.org/way/1479424165,-28.986820173170692,24.13281523150369
way/1479424208,1479424208,way,South Africa,plant,Capacity placeholder value,yes,Tag 'plant:output:electricity' contains placeholder value 'yes' instead of actual capacity,2026-07-01 00:57:56.438474,https://www.openstreetmap.org/way/1479424208,-29.04348707828928,24.600455447461513
way/1484227250,1484227250,way,South Africa,plant,Capacity placeholder value,yes,Tag 'plant:output:electricity' contains placeholder value 'yes' instead of actual capacity,2026-07-01 00:57:56.438571,https://www.openstreetmap.org/way/1484227250,-28.85682952708487,30.048247545108026
way/1484227251,1484227251,way,South Africa,plant,Capacity placeholder value,yes,Tag 'plant:output:electricity' contains placeholder value 'yes' instead of actual capacity,2026-07-01 00:57:56.438667,https://www.openstreetmap.org/way/1484227251,-28.856945553727204,30.048235519179446
way/1484689260,1484689260,way,South Africa,plant,Capacity placeholder value,yes,Tag 'plant:output:electricity' contains placeholder value 'yes' instead of actual capacity,2026-07-01 00:57:56.438765,https://www.openstreetmap.org/way/1484689260,-29.61303225,30.92794335
way/1484689261,1484689261,way,South Africa,plant,Capacity placeholder value,yes,Tag 'plant:output:electricity' contains placeholder value 'yes' instead of actual capacity,2026-07-01 00:57:56.438886,https://www.openstreetmap.org/way/1484689261,-29.612984555648588,30.92792622616748
way/1486179174,1486179174,way,South Africa,plant,Capacity placeholder value,yes,Tag 'plant:output:electricity' contains placeholder value 'yes' instead of actual capacity,2026-07-01 00:57:56.439014,https://www.openstreetmap.org/way/1486179174,-28.422348084496345,29.168475226079213
way/1486287992,1486287992,way,South Africa,plant,Capacity placeholder value,yes,Tag 'plant:output:electricity' contains placeholder value 'yes' instead of actual capacity,2026-07-01 00:57:56.439125,https://www.openstreetmap.org/way/1486287992,-28.562910563400745,29.291825613623228
way/1488969287,1488969287,way,South Africa,plant,Capacity placeholder value,yes,Tag 'plant:output:electricity' contains placeholder value 'yes' instead of actual capacity,2026-07-01 00:57:56.439233,https://www.openstreetmap.org/way/1488969287,-28.316279869604205,30.175596237943292
way/1493513324,1493513324,way,South Africa,plant,Capacity placeholder value,yes,Tag 'plant:output:electricity' contains placeholder value 'yes' instead of actual capacity,2026-07-01 00:57:56.439339,https://www.openstreetmap.org/way/1493513324,-29.935927472236365,30.32355869551738
way/1495479914,1495479914,way,South Africa,plant,Capacity placeholder value,yes,Tag 'plant:output:electricity' contains placeholder value 'yes' instead of actual capacity,2026-07-01 00:57:56.439453,https://www.openstreetmap.org/way/1495479914,-29.074923322539124,23.724921227550666
way/1495479947,1495479947,way,South Africa,plant,Capacity placeholder value,yes,Tag 'plant:output:electricity' contains placeholder value 'yes' instead of actual capacity,2026-07-01 00:57:56.439571,https://www.openstreetmap.org/way/1495479947,-28.50352060598064,24.65947857993953
way/1495479982,1495479982,way,South Africa,plant,Capacity placeholder value,yes,Tag 'plant:output:electricity' contains placeholder value 'yes' instead of actual capacity,2026-07-01 00:57:56.439779,https://www.openstreetmap.org/way/1495479982,-27.711467915780258,25.620416223570437
way/1495558203,1495558203,way,South Africa,plant,Capacity placeholder value,yes,Tag 'plant:output:electricity' contains placeholder value 'yes' instead of actual capacity,2026-07-01 00:57:56.439899,https://www.openstreetmap.org/way/1495558203,-23.1810373361956,28.35782328613243
way/1495877457,1495877457,way,South Africa,plant,Capacity placeholder value,yes,Tag 'plant:output:electricity' contains placeholder value 'yes' instead of actual capacity,2026-07-01 00:57:56.440000,https://www.openstreetmap.org/way/1495877457,-29.770036090154935,30.717233507858545
way/1495890666,1495890666,way,South Africa,plant,Capacity placeholder value,yes,Tag 'plant:output:electricity' contains placeholder value 'yes' instead of actual capacity,2026-07-01 00:57:56.440098,https://www.openstreetmap.org/way/1495890666,-30.463650921618417,23.9862652068582
way/1495891506,1495891506,way,South Africa,plant,Capacity placeholder value,yes,Tag 'plant:output:electricity' contains placeholder value 'yes' instead of actual capacity,2026-07-01 00:57:56.440198,https://www.openstreetmap.org/way/1495891506,-31.754314917026946,18.689644386731366
way/1499003736,1499003736,way,South Africa,plant,Capacity placeholder value,yes,Tag 'plant:output:electricity' contains placeholder value 'yes' instead of actual capacity,2026-07-01 00:57:56.440516,https://www.openstreetmap.org/way/1499003736,-33.86755508379381,19.01207307557272
way/1502388407,1502388407,way,South Africa,plant,Capacity placeholder value,yes,Tag 'plant:output:electricity' contains placeholder value 'yes' instead of actual capacity,2026-07-01 00:57:56.440634,https://www.openstreetmap.org/way/1502388407,-34.115345588026415,24.562725895282835
way/1502388425,1502388425,way,South Africa,plant,Capacity placeholder value,yes,Tag 'plant:output:electricity' contains placeholder value 'yes' instead of actual capacity,2026-07-01 00:57:56.440753,https://www.openstreetmap.org/way/1502388425,-34.06283032884148,24.517102041219115
way/1502388438,1502388438,way,South Africa,plant,Capacity placeholder value,yes,Tag 'plant:output:electricity' contains placeholder value 'yes' instead of actual capacity,2026-07-01 00:57:56.440871,https://www.openstreetmap.org/way/1502388438,-34.10422205877459,24.750365027641955
way/1503538864,1503538864,way,South Africa,plant,Capacity placeholder value,yes,Tag 'plant:output:electricity' contains placeholder value 'yes' instead of actual capacity,2026-07-01 00:57:56.440975,https://www.openstreetmap.org/way/1503538864,-30.341567829081093,29.484653301767377
way/1507937752,1507937752,way,South Africa,plant,Capacity placeholder value,yes,Tag 'plant:output:electricity' contains placeholder value 'yes' instead of actual capacity,2026-07-01 00:57:56.441081,https://www.openstreetmap.org/way/1507937752,-32.06204038311534,26.14244526272084
way/1507937791,1507937791,way,South Africa,plant,Capacity placeholder value,yes,Tag 'plant:output:electricity' contains placeholder value 'yes' instead of actual capacity,2026-07-01 00:57:56.441189,https://www.openstreetmap.org/way/1507937791,-32.180581569699704,26.268978291189935
way/1508259717,1508259717,way,South Africa,plant,Capacity placeholder value,yes,Tag 'plant:output:electricity' contains placeholder value 'yes' instead of actual capacity,2026-07-01 00:57:56.441292,https://www.openstreetmap.org/way/1508259717,-29.38992703768018,30.767627739567303
way/1508259724,1508259724,way,South Africa,plant,Capacity placeholder value,yes,Tag 'plant:output:electricity' contains placeholder value 'yes' instead of actual capacity,2026-07-01 00:57:56.441489,https://www.openstreetmap.org/way/1508259724,-29.387507833836256,30.76399562507368
way/1509301858,1509301858,way,South Africa,plant,Capacity placeholder value,yes,Tag 'plant:output:electricity' contains placeholder value 'yes' instead of actual capacity,2026-07-01 00:57:56.441597,https://www.openstreetmap.org/way/1509301858,-29.46983622308821,31.226275272251634
way/1509519562,1509519562,way,South Africa,plant,Capacity placeholder value,yes,Tag 'plant:output:electricity' contains placeholder value 'yes' instead of actual capacity,2026-07-01 00:57:56.441695,https://www.openstreetmap.org/way/1509519562,-33.83521399204711,20.27619678032985
way/1510256327,1510256327,way,South Africa,plant,Capacity placeholder value,yes,Tag 'plant:output:electricity' contains placeholder value 'yes' instead of actual capacity,2026-07-01 00:57:56.441793,https://www.openstreetmap.org/way/1510256327,-33.64806430539393,20.3378632540076
way/1510961275,1510961275,way,South Africa,plant,Capacity placeholder value,yes,Tag 'plant:output:electricity' contains placeholder value 'yes' instead of actual capacity,2026-07-01 00:57:56.441911,https://www.openstreetmap.org/way/1510961275,-28.90818270037698,25.332107918923377
way/1510988383,1510988383,way,South Africa,plant,Capacity placeholder value,yes,Tag 'plant:output:electricity' contains placeholder value 'yes' instead of actual capacity,2026-07-01 00:57:56.442022,https://www.openstreetmap.org/way/1510988383,-29.09772624610009,23.751543912723314
way/1510988388,1510988388,way,South Africa,plant,Capacity placeholder value,yes,Tag 'plant:output:electricity' contains placeholder value 'yes' instead of actual capacity,2026-07-01 00:57:56.442156,https://www.openstreetmap.org/way/1510988388,-29.117265381625558,23.743883603663583
way/1510988400,1510988400,way,South Africa,plant,Capacity placeholder value,yes,Tag 'plant:output:electricity' contains placeholder value 'yes' instead of actual capacity,2026-07-01 00:57:56.442254,https://www.openstreetmap.org/way/1510988400,-29.109969077473483,23.764713619227745
way/1510988435,1510988435,way,South Africa,plant,Capacity placeholder value,yes,Tag 'plant:output:electricity' contains placeholder value 'yes' instead of actual capacity,2026-07-01 00:57:56.442369,https://www.openstreetmap.org/way/1510988435,-29.13248933020918,23.75998159959894
way/1510988453,1510988453,way,South Africa,plant,Capacity placeholder value,yes,Tag 'plant:output:electricity' contains placeholder value 'yes' instead of actual capacity,2026-07-01 00:57:56.442475,https://www.openstreetmap.org/way/1510988453,-27.756499610517224,25.656740441605685
way/1510988470,1510988470,way,South Africa,plant,Capacity placeholder value,yes,Tag 'plant:output:electricity' contains placeholder value 'yes' instead of actual capacity,2026-07-01 00:57:56.442572,https://www.openstreetmap.org/way/1510988470,-27.72330038142654,25.60406166058351
way/1510988478,1510988478,way,South Africa,plant,Capacity placeholder value,yes,Tag 'plant:output:electricity' contains placeholder value 'yes' instead of actual capacity,2026-07-01 00:57:56.442669,https://www.openstreetmap.org/way/1510988478,-27.73710140275254,25.59365070812275
way/1511040225,1511040225,way,South Africa,plant,Capacity placeholder value,yes,Tag 'plant:output:electricity' contains placeholder value 'yes' instead of actual capacity,2026-07-01 00:57:56.442774,https://www.openstreetmap.org/way/1511040225,-29.042370432174767,23.942168711557674
way/1511049484,1511049484,way,South Africa,plant,Capacity placeholder value,yes,Tag 'plant:output:electricity' contains placeholder value 'yes' instead of actual capacity,2026-07-01 00:57:56.442893,https://www.openstreetmap.org/way/1511049484,-30.64874346229743,26.521712786360947
way/1511285265,1511285265,way,South Africa,plant,Capacity placeholder value,yes,Tag 'plant:output:electricity' contains placeholder value 'yes' instead of actual capacity,2026-07-01 00:57:56.443018,https://www.openstreetmap.org/way/1511285265,-32.95280932141267,25.82601078594657
way/1511285319,1511285319,way,South Africa,plant,Capacity placeholder value,yes,Tag 'plant:output:electricity' contains placeholder value 'yes' instead of actual capacity,2026-07-01 00:57:56.443118,https://www.openstreetmap.org/way/1511285319,-32.813937721125065,25.766610938995544
way/1511295451,1511295451,way,South Africa,plant,Capacity placeholder value,yes,Tag 'plant:output:electricity' contains placeholder value 'yes' instead of actual capacity,2026-07-01 00:57:56.443217,https://www.openstreetmap.org/way/1511295451,-32.794561204775334,25.775694598274303
way/1511295464,1511295464,way,South Africa,plant,Capacity placeholder value,yes,Tag 'plant:output:electricity' contains placeholder value 'yes' instead of actual capacity,2026-07-01 00:57:56.443314,https://www.openstreetmap.org/way/1511295464,-32.725571063374645,25.850952732925936
way/1511334637,1511334637,way,South Africa,plant,Capacity placeholder value,yes,Tag 'plant:output:electricity' contains placeholder value 'yes' instead of actual capacity,2026-07-01 00:57:56.443417,https://www.openstreetmap.org/way/1511334637,-31.489051820141704,25.551931998964942
way/1511334647,1511334647,way,South Africa,plant,Capacity placeholder value,yes,Tag 'plant:output:electricity' contains placeholder value 'yes' instead of actual capacity,2026-07-01 00:57:56.443526,https://www.openstreetmap.org/way/1511334647,-31.451670180849522,25.582812054638467
way/1511334656,1511334656,way,South Africa,plant,Capacity placeholder value,yes,Tag 'plant:output:electricity' contains placeholder value 'yes' instead of actual capacity,2026-07-01 00:57:56.443619,https://www.openstreetmap.org/way/1511334656,-31.502421100496736,25.521786353656967
way/1511463591,1511463591,way,South Africa,plant,Capacity placeholder value,yes,Tag 'plant:output:electricity' contains placeholder value 'yes' instead of actual capacity,2026-07-01 00:57:56.443712,https://www.openstreetmap.org/way/1511463591,-32.32339092135577,25.704732932055176
way/1511463606,1511463606,way,South Africa,plant,Capacity placeholder value,yes,Tag 'plant:output:electricity' contains placeholder value 'yes' instead of actual capacity,2026-07-01 00:57:56.443803,https://www.openstreetmap.org/way/1511463606,-32.235875431155804,25.67031651629432
way/1511463611,1511463611,way,South Africa,plant,Capacity placeholder value,yes,Tag 'plant:output:electricity' contains placeholder value 'yes' instead of actual capacity,2026-07-01 00:57:56.443925,https://www.openstreetmap.org/way/1511463611,-32.1059171037421,25.588670540614128
way/1511463634,1511463634,way,South Africa,plant,Capacity placeholder value,yes,Tag 'plant:output:electricity' contains placeholder value 'yes' instead of actual capacity,2026-07-01 00:57:56.444036,https://www.openstreetmap.org/way/1511463634,-31.491655730909155,25.596114086007354
way/1511463642,1511463642,way,South Africa,plant,Capacity placeholder value,yes,Tag 'plant:output:electricity' contains placeholder value 'yes' instead of actual capacity,2026-07-01 00:57:56.444159,https://www.openstreetmap.org/way/1511463642,-31.451226307588765,25.630703736167977
way/1511463643,1511463643,way,South Africa,plant,Capacity placeholder value,yes,Tag 'plant:output:electricity' contains placeholder value 'yes' instead of actual capacity,2026-07-01 00:57:56.444255,https://www.openstreetmap.org/way/1511463643,-31.43832256193629,25.622286063986117
way/1511463648,1511463648,way,South Africa,plant,Capacity placeholder value,yes,Tag 'plant:output:electricity' contains placeholder value 'yes' instead of actual capacity,2026-07-01 00:57:56.444353,https://www.openstreetmap.org/way/1511463648,-31.42831915515473,25.633717821279152
way/1511463652,1511463652,way,South Africa,plant,Capacity placeholder value,yes,Tag 'plant:output:electricity' contains placeholder value 'yes' instead of actual capacity,2026-07-01 00:57:56.444451,https://www.openstreetmap.org/way/1511463652,-31.43075290320438,25.60854118892933
way/1511691632,1511691632,way,South Africa,plant,Capacity placeholder value,yes,Tag 'plant:output:electricity' contains placeholder value 'yes' instead of actual capacity,2026-07-01 00:57:56.444573,https://www.openstreetmap.org/way/1511691632,-28.867427568874152,29.552689242401982
way/1511691640,1511691640,way,South Africa,plant,Capacity placeholder value,yes,Tag 'plant:output:electricity' contains placeholder value 'yes' instead of actual capacity,2026-07-01 00:57:56.444668,https://www.openstreetmap.org/way/1511691640,-28.830414812515723,29.46626594194214
way/1511691649,1511691649,way,South Africa,plant,Capacity placeholder value,yes,Tag 'plant:output:electricity' contains placeholder value 'yes' instead of actual capacity,2026-07-01 00:57:56.444765,https://www.openstreetmap.org/way/1511691649,-28.789769068622732,29.333729618597555
way/1511730270,1511730270,way,South Africa,plant,Capacity placeholder value,yes,Tag 'plant:output:electricity' contains placeholder value 'yes' instead of actual capacity,2026-07-01 00:57:56.444905,https://www.openstreetmap.org/way/1511730270,-28.66408614091891,29.28392066439973
way/1513425732,1513425732,way,South Africa,plant,Capacity placeholder value,yes,Tag 'plant:output:electricity' contains placeholder value 'yes' instead of actual capacity,2026-07-01 00:57:56.445007,https://www.openstreetmap.org/way/1513425732,-33.1453915492202,21.932039990439335
way/1513482010,1513482010,way,South Africa,plant,Capacity placeholder value,yes,Tag 'plant:output:electricity' contains placeholder value 'yes' instead of actual capacity,2026-07-01 00:57:56.445105,https://www.openstreetmap.org/way/1513482010,-34.07259543972482,21.73884841959738
way/1513582582,1513582582,way,South Africa,plant,Capacity placeholder value,yes,Tag 'plant:output:electricity' contains placeholder value 'yes' instead of actual capacity,2026-07-01 00:57:56.445203,https://www.openstreetmap.org/way/1513582582,-23.650740908831963,30.058517044189223
way/1513582586,1513582586,way,South Africa,plant,Capacity placeholder value,yes,Tag 'plant:output:electricity' contains placeholder value 'yes' instead of actual capacity,2026-07-01 00:57:56.445301,https://www.openstreetmap.org/way/1513582586,-23.682226859885503,30.009188117243824
way/1513582594,1513582594,way,South Africa,plant,Capacity placeholder value,yes,Tag 'plant:output:electricity' contains placeholder value 'yes' instead of actual capacity,2026-07-01 00:57:56.445408,https://www.openstreetmap.org/way/1513582594,-23.67875284054641,30.00099164706083
way/1513582612,1513582612,way,South Africa,plant,Capacity placeholder value,yes,Tag 'plant:output:electricity' contains placeholder value 'yes' instead of actual capacity,2026-07-01 00:57:56.445522,https://www.openstreetmap.org/way/1513582612,-23.476016791002912,30.145587802412255
way/1513582625,1513582625,way,South Africa,plant,Capacity placeholder value,yes,Tag 'plant:output:electricity' contains placeholder value 'yes' instead of actual capacity,2026-07-01 00:57:56.445627,https://www.openstreetmap.org/way/1513582625,-23.487940681671994,30.156581693619756
way/1513726855,1513726855,way,South Africa,plant,Capacity placeholder value,yes,Tag 'plant:output:electricity' contains placeholder value 'yes' instead of actual capacity,2026-07-01 00:57:56.445724,https://www.openstreetmap.org/way/1513726855,-23.181139782191863,29.455674831266908
way/1513726856,1513726856,way,South Africa,plant,Capacity placeholder value,yes,Tag 'plant:output:electricity' contains placeholder value 'yes' instead of actual capacity,2026-07-01 00:57:56.445832,https://www.openstreetmap.org/way/1513726856,-23.178553711986673,29.438771643394134
way/1513726891,1513726891,way,South Africa,plant,Capacity placeholder value,yes,Tag 'plant:output:electricity' contains placeholder value 'yes' instead of actual capacity,2026-07-01 00:57:56.445946,https://www.openstreetmap.org/way/1513726891,-24.24588056012888,26.95956786827465
way/1513750255,1513750255,way,South Africa,plant,Capacity placeholder value,yes,Tag 'plant:output:electricity' contains placeholder value 'yes' instead of actual capacity,2026-07-01 00:57:56.446056,https://www.openstreetmap.org/way/1513750255,-23.66902722950728,29.735530747888447
way/1513824110,1513824110,way,South Africa,plant,Capacity placeholder value,yes,Tag 'plant:output:electricity' contains placeholder value 'yes' instead of actual capacity,2026-07-01 00:57:56.446156,https://www.openstreetmap.org/way/1513824110,-24.060771319178603,29.279045174296336
way/1513824136,1513824136,way,South Africa,plant,Capacity placeholder value,yes,Tag 'plant:output:electricity' contains placeholder value 'yes' instead of actual capacity,2026-07-01 00:57:56.446255,https://www.openstreetmap.org/way/1513824136,-24.055940671857424,29.28566700915084
way/1517239232,1517239232,way,South Africa,plant,Capacity placeholder value,yes,Tag 'plant:output:electricity' contains placeholder value 'yes' instead of actual capacity,2026-07-01 00:57:56.446352,https://www.openstreetmap.org/way/1517239232,-33.35771935507489,18.55143127028053
way/1517240138,1517240138,way,South Africa,plant,Capacity placeholder value,yes,Tag 'plant:output:electricity' contains placeholder value 'yes' instead of actual capacity,2026-07-01 00:57:56.446457,https://www.openstreetmap.org/way/1517240138,-33.52775732322796,18.63061069999893
way/1518057731,1518057731,way,South Africa,plant,Capacity placeholder value,yes,Tag 'plant:output:electricity' contains placeholder value 'yes' instead of actual capacity,2026-07-01 00:57:56.446563,https://www.openstreetmap.org/way/1518057731,-25.624154488146758,28.197609783093117
way/1524557755,1524557755,way,South Africa,plant,Capacity placeholder value,yes,Tag 'plant:output:electricity' contains placeholder value 'yes' instead of actual capacity,2026-07-01 00:57:56.446659,https://www.openstreetmap.org/way/1524557755,-25.5994972677553,28.560307997999686
way/1525451774,1525451774,way,South Africa,plant,Could not determine coordinates,none,Could not determine coordinates for element,2026-07-01 00:57:56.446882,https://www.openstreetmap.org/way/1525451774,,
way/1525464458,1525464458,way,South Africa,plant,Could not determine coordinates,none,Could not determine coordinates for element,2026-07-01 00:57:56.446968,https://www.openstreetmap.org/way/1525464458,,
way/1525464468,1525464468,way,South Africa,plant,Could not determine coordinates,none,Could not determine coordinates for element,2026-07-01 00:57:56.447036,https://www.openstreetmap.org/way/1525464468,,
way/1525464475,1525464475,way,South Africa,plant,Could not determine coordinates,none,Could not determine coordinates for element,2026-07-01 00:57:56.447099,https://www.openstreetmap.org/way/1525464475,,
way/1525464480,1525464480,way,South Africa,plant,Could not determine coordinates,none,Could not determine coordinates for element,2026-07-01 00:57:56.447163,https://www.openstreetmap.org/way/1525464480,,
way/1525464487,1525464487,way,South Africa,plant,Could not determine coordinates,none,Could not determine coordinates for element,2026-07-01 00:57:56.447225,https://www.openstreetmap.org/way/1525464487,,
way/1525464493,1525464493,way,South Africa,plant,Could not determine coordinates,none,Could not determine coordinates for element,2026-07-01 00:57:56.447289,https://www.openstreetmap.org/way/1525464493,,
way/1525464499,1525464499,way,South Africa,plant,Could not determine coordinates,none,Could not determine coordinates for element,2026-07-01 00:57:56.447355,https://www.openstreetmap.org/way/1525464499,,
way/1525467896,1525467896,way,South Africa,plant,Could not determine coordinates,none,Could not determine coordinates for element,2026-07-01 00:57:56.447418,https://www.openstreetmap.org/way/1525467896,,
way/1525467935,1525467935,way,South Africa,plant,Could not determine coordinates,none,Could not determine coordinates for element,2026-07-01 00:57:56.447478,https://www.openstreetmap.org/way/1525467935,,
way/1525561006,1525561006,way,South Africa,plant,Could not determine coordinates,none,Could not determine coordinates for element,2026-07-01 00:57:56.447539,https://www.openstreetmap.org/way/1525561006,,
way/1525561023,1525561023,way,South Africa,plant,Could not determine coordinates,none,Could not determine coordinates for element,2026-07-01 00:57:56.447608,https://www.openstreetmap.org/way/1525561023,,
way/1525561033,1525561033,way,South Africa,plant,Could not determine coordinates,none,Could not determine coordinates for element,2026-07-01 00:57:56.447669,https://www.openstreetmap.org/way/1525561033,,
way/1525561047,1525561047,way,South Africa,plant,Could not determine coordinates,none,Could not determine coordinates for element,2026-07-01 00:57:56.447731,https://www.openstreetmap.org/way/1525561047,,
way/1525573735,1525573735,way,South Africa,plant,Could not determine coordinates,none,Could not determine coordinates for element,2026-07-01 00:57:56.447791,https://www.openstreetmap.org/way/1525573735,,
way/1525891476,1525891476,way,South Africa,plant,Could not determine coordinates,none,Could not determine coordinates for element,2026-07-01 00:57:56.447878,https://www.openstreetmap.org/way/1525891476,,
way/1525891489,1525891489,way,South Africa,plant,Could not determine coordinates,none,Could not determine coordinates for element,2026-07-01 00:57:56.447947,https://www.openstreetmap.org/way/1525891489,,
way/1525891501,1525891501,way,South Africa,plant,Could not determine coordinates,none,Could not determine coordinates for element,2026-07-01 00:57:56.448015,https://www.openstreetmap.org/way/1525891501,,
way/1525891519,1525891519,way,South Africa,plant,Could not determine coordinates,none,Could not determine coordinates for element,2026-07-01 00:57:56.448086,https://www.openstreetmap.org/way/1525891519,,
way/1525933851,1525933851,way,South Africa,plant,Could not determine coordinates,none,Could not determine coordinates for element,2026-07-01 00:57:56.448156,https://www.openstreetmap.org/way/1525933851,,
way/1527481349,1527481349,way,South Africa,plant,Could not determine coordinates,none,Could not determine coordinates for element,2026-07-01 00:57:56.448217,https://www.openstreetmap.org/way/1527481349,,
way/1527487737,1527487737,way,South Africa,plant,Could not determine coordinates,none,Could not determine coordinates for element,2026-07-01 00:57:56.448287,https://www.openstreetmap.org/way/1527487737,,
way/1527487875,1527487875,way,South Africa,plant,Could not determine coordinates,none,Could not determine coordinates for element,2026-07-01 00:57:56.448352,https://www.openstreetmap.org/way/1527487875,,
way/1527665875,1527665875,way,South Africa,plant,Could not determine coordinates,none,Could not determine coordinates for element,2026-07-01 00:57:56.448412,https://www.openstreetmap.org/way/1527665875,,
way/1527665884,1527665884,way,South Africa,plant,Could not determine coordinates,none,Could not determine coordinates for element,2026-07-01 00:57:56.448490,https://www.openstreetmap.org/way/1527665884,,
way/1527665887,1527665887,way,South Africa,plant,Could not determine coordinates,none,Could not determine coordinates for element,2026-07-01 00:57:56.448554,https://www.openstreetmap.org/way/1527665887,,
way/1527665891,1527665891,way,South Africa,plant,Could not determine coordinates,none,Could not determine coordinates for element,2026-07-01 00:57:56.448615,https://www.openstreetmap.org/way/1527665891,,
way/1527665895,1527665895,way,South Africa,plant,Could not determine coordinates,none,Could not determine coordinates for element,2026-07-01 00:57:56.448674,https://www.openstreetmap.org/way/1527665895,,
way/1527665899,1527665899,way,South Africa,plant,Could not determine coordinates,none,Could not determine coordinates for element,2026-07-01 00:57:56.448733,https://www.openstreetmap.org/way/1527665899,,
way/1527665903,1527665903,way,South Africa,plant,Could not determine coordinates,none,Could not determine coordinates for element,2026-07-01 00:57:56.448793,https://www.openstreetmap.org/way/1527665903,,
way/1527665908,1527665908,way,South Africa,plant,Could not determine coordinates,none,Could not determine coordinates for element,2026-07-01 00:57:56.448880,https://www.openstreetmap.org/way/1527665908,,
way/1527665913,1527665913,way,South Africa,plant,Could not determine coordinates,none,Could not determine coordinates for element,2026-07-01 00:57:56.448958,https://www.openstreetmap.org/way/1527665913,,
way/1527665920,1527665920,way,South Africa,plant,Could not determine coordinates,none,Could not determine coordinates for element,2026-07-01 00:57:56.449025,https://www.openstreetmap.org/way/1527665920,,
way/1527665927,1527665927,way,South Africa,plant,Could not determine coordinates,none,Could not determine coordinates for element,2026-07-01 00:57:56.449093,https://www.openstreetmap.org/way/1527665927,,
way/1527665933,1527665933,way,South Africa,plant,Could not determine coordinates,none,Could not determine coordinates for element,2026-07-01 00:57:56.449155,https://www.openstreetmap.org/way/1527665933,,
way/1527665934,1527665934,way,South Africa,plant,Could not determine coordinates,none,Could not determine coordinates for element,2026-07-01 00:57:56.449230,https://www.openstreetmap.org/way/1527665934,,
way/1527665956,1527665956,way,South Africa,plant,Could not determine coordinates,none,Could not determine coordinates for element,2026-07-01 00:57:56.449295,https://www.openstreetmap.org/way/1527665956,,
way/1527670411,1527670411,way,South Africa,plant,Could not determine coordinates,none,Could not determine coordinates for element,2026-07-01 00:57:56.449362,https://www.openstreetmap.org/way/1527670411,,
way/1527670440,1527670440,way,South Africa,plant,Could not determine coordinates,none,Could not determine coordinates for element,2026-07-01 00:57:56.449424,https://www.openstreetmap.org/way/1527670440,,
way/1527670444,1527670444,way,South Africa,plant,Could not determine coordinates,none,Could not determine coordinates for element,2026-07-01 00:57:56.449492,https://www.openstreetmap.org/way/1527670444,,
way/1527670455,1527670455,way,South Africa,plant,Could not determine coordinates,none,Could not determine coordinates for element,2026-07-01 00:57:56.449569,https://www.openstreetmap.org/way/1527670455,,
way/1527670457,1527670457,way,South Africa,plant,Could not determine coordinates,none,Could not determine coordinates for element,2026-07-01 00:57:56.449637,https://www.openstreetmap.org/way/1527670457,,
way/1527670464,1527670464,way,South Africa,plant,Could not determine coordinates,none,Could not determine coordinates for element,2026-07-01 00:57:56.449711,https://www.openstreetmap.org/way/1527670464,,
way/1527670496,1527670496,way,South Africa,plant,Capacity placeholder value,yes,Tag 'plant:output:electricity' contains placeholder value 'yes' instead of actual capacity,2026-07-01 00:57:56.449881,https://www.openstreetmap.org/way/1527670496,-27.5072017,31.647952266666667
way/1527670506,1527670506,way,South Africa,plant,Could not determine coordinates,none,Could not determine coordinates for element,2026-07-01 00:57:56.449958,https://www.openstreetmap.org/way/1527670506,,
way/1527670510,1527670510,way,South Africa,plant,Could not determine coordinates,none,Could not determine coordinates for element,2026-07-01 00:57:56.450024,https://www.openstreetmap.org/way/1527670510,,
way/1527822611,1527822611,way,South Africa,plant,Could not determine coordinates,none,Could not determine coordinates for element,2026-07-01 00:57:56.450088,https://www.openstreetmap.org/way/1527822611,,
way/1527867186,1527867186,way,South Africa,plant,Could not determine coordinates,none,Could not determine coordinates for element,2026-07-01 00:57:56.450164,https://www.openstreetmap.org/way/1527867186,,
way/1527867217,1527867217,way,South Africa,plant,Could not determine coordinates,none,Could not determine coordinates for element,2026-07-01 00:57:56.450225,https://www.openstreetmap.org/way/1527867217,,
way/1527867220,1527867220,way,South Africa,plant,Could not determine coordinates,none,Could not determine coordinates for element,2026-07-01 00:57:56.450293,https://www.openstreetmap.org/way/1527867220,,
way/1527867230,1527867230,way,South Africa,plant,Could not determine coordinates,none,Could not determine coordinates for element,2026-07-01 00:57:56.450354,https://www.openstreetmap.org/way/1527867230,,
way/1527985683,1527985683,way,South Africa,plant,Could not determine coordinates,none,Could not determine coordinates for element,2026-07-01 00:57:56.450419,https://www.openstreetmap.org/way/1527985683,,
way/1527985690,1527985690,way,South Africa,plant,Could not determine coordinates,none,Could not determine coordinates for element,2026-07-01 00:57:56.450485,https://www.openstreetmap.org/way/1527985690,,
way/1527988022,1527988022,way,South Africa,plant,Could not determine coordinates,none,Could not determine coordinates for element,2026-07-01 00:57:56.450546,https://www.openstreetmap.org/way/1527988022,,
way/1528145464,1528145464,way,South Africa,plant,Could not determine coordinates,none,Could not determine coordinates for element,2026-07-01 00:57:56.450612,https://www.openstreetmap.org/way/1528145464,,
way/1528410763,1528410763,way,South Africa,plant,Could not determine coordinates,none,Could not determine coordinates for element,2026-07-01 00:57:56.450675,https://www.openstreetmap.org/way/1528410763,,
way/1528716286,1528716286,way,South Africa,plant,Could not determine coordinates,none,Could not determine coordinates for element,2026-07-01 00:57:56.450742,https://www.openstreetmap.org/way/1528716286,,
way/1528716296,1528716296,way,South Africa,plant,Could not determine coordinates,none,Could not determine coordinates for element,2026-07-01 00:57:56.450828,https://www.openstreetmap.org/way/1528716296,,
way/1528723524,1528723524,way,South Africa,plant,Could not determine coordinates,none,Could not determine coordinates for element,2026-07-01 00:57:56.450940,https://www.openstreetmap.org/way/1528723524,,
way/1528723529,1528723529,way,South Africa,plant,Could not determine coordinates,none,Could not determine coordinates for element,2026-07-01 00:57:56.451005,https://www.openstreetmap.org/way/1528723529,,
way/1528723532,1528723532,way,South Africa,plant,Could not determine coordinates,none,Could not determine coordinates for element,2026-07-01 00:57:56.451074,https://www.openstreetmap.org/way/1528723532,,
way/1528726097,1528726097,way,South Africa,plant,Could not determine coordinates,none,Could not determine coordinates for element,2026-07-01 00:57:56.451138,https://www.openstreetmap.org/way/1528726097,,
way/1528755780,1528755780,way,South Africa,plant,Could not determine coordinates,none,Could not determine coordinates for element,2026-07-01 00:57:56.451209,https://www.openstreetmap.org/way/1528755780,,
way/1528755783,1528755783,way,South Africa,plant,Could not determine coordinates,none,Could not determine coordinates for element,2026-07-01 00:57:56.451275,https://www.openstreetmap.org/way/1528755783,,
