id,element_id,element_type,country,unit_type,reason,keywords,details,timestamp,url,lat,lon
relation/2106123,2106123,relation,Kazakhstan,plant,Capacity placeholder value,yes,Tag 'plant:output:electricity' contains placeholder value 'yes' instead of actual capacity,2026-04-24 03:20:40.043218,https://www.openstreetmap.org/relation/2106123,50.23694726164396,66.9121620846372
node/9690032618,9690032618,node,Kazakhstan,generator,Capacity regex no match,750 kW,Tag 'generator:output:electricity' has value '750 kW' which could not be parsed,2026-04-24 03:20:40.052635,https://www.openstreetmap.org/node/9690032618,53.3055386,69.2354059
node/9690032619,9690032619,node,Kazakhstan,generator,Capacity regex no match,750 kW,Tag 'generator:output:electricity' has value '750 kW' which could not be parsed,2026-04-24 03:20:40.052669,https://www.openstreetmap.org/node/9690032619,53.3046379,69.2333467
node/9689883616,9689883616,node,Kazakhstan,generator,Capacity regex no match,750 kW,Tag 'generator:output:electricity' has value '750 kW' which could not be parsed,2026-04-24 03:20:40.052695,https://www.openstreetmap.org/node/9689883616,53.3070988,69.2356763
node/9690032617,9690032617,node,Kazakhstan,generator,Capacity regex no match,750 kW,Tag 'generator:output:electricity' has value '750 kW' which could not be parsed,2026-04-24 03:20:40.052722,https://www.openstreetmap.org/node/9690032617,53.3061339,69.2336319
node/9689883614,9689883614,node,Kazakhstan,generator,Capacity regex no match,750 kW,Tag 'generator:output:electricity' has value '750 kW' which could not be parsed,2026-04-24 03:20:40.052746,https://www.openstreetmap.org/node/9689883614,53.3079774,69.2377355
node/9689883615,9689883615,node,Kazakhstan,generator,Capacity regex no match,750 kW,Tag 'generator:output:electricity' has value '750 kW' which could not be parsed,2026-04-24 03:20:40.052768,https://www.openstreetmap.org/node/9689883615,53.3064327,69.2374799
node/9689883612,9689883612,node,Kazakhstan,generator,Capacity regex no match,750 kW,Tag 'generator:output:electricity' has value '750 kW' which could not be parsed,2026-04-24 03:20:40.052791,https://www.openstreetmap.org/node/9689883612,53.3095707,69.2378688
node/9689883613,9689883613,node,Kazakhstan,generator,Capacity regex no match,750 kW,Tag 'generator:output:electricity' has value '750 kW' which could not be parsed,2026-04-24 03:20:40.052814,https://www.openstreetmap.org/node/9689883613,53.3085959,69.2359003
node/9689883610,9689883610,node,Kazakhstan,generator,Capacity regex no match,750 kW,Tag 'generator:output:electricity' has value '750 kW' which could not be parsed,2026-04-24 03:20:40.052834,https://www.openstreetmap.org/node/9689883610,53.30736,69.2395577
node/9689883611,9689883611,node,Kazakhstan,generator,Capacity regex no match,750 kW,Tag 'generator:output:electricity' has value '750 kW' which could not be parsed,2026-04-24 03:20:40.052854,https://www.openstreetmap.org/node/9689883611,53.3089455,69.2396855
node/9690032621,9690032621,node,Kazakhstan,generator,Capacity regex no match,750 kW,Tag 'generator:output:electricity' has value '750 kW' which could not be parsed,2026-04-24 03:20:40.052873,https://www.openstreetmap.org/node/9690032621,53.3049123,69.2372614
node/9690032620,9690032620,node,Kazakhstan,generator,Capacity regex no match,750 kW,Tag 'generator:output:electricity' has value '750 kW' which could not be parsed,2026-04-24 03:20:40.052892,https://www.openstreetmap.org/node/9690032620,53.3039828,69.2351355
node/9690047722,9690047722,node,Kazakhstan,generator,Capacity regex no match,3000 kW,Tag 'generator:output:electricity' has value '3000 kW' which could not be parsed,2026-04-24 03:20:40.054915,https://www.openstreetmap.org/node/9690047722,51.2511734,71.8581165
node/9690047723,9690047723,node,Kazakhstan,generator,Capacity regex no match,3000 kW,Tag 'generator:output:electricity' has value '3000 kW' which could not be parsed,2026-04-24 03:20:40.054942,https://www.openstreetmap.org/node/9690047723,51.2470529,71.8473894
node/9690047720,9690047720,node,Kazakhstan,generator,Capacity regex no match,3000 kW,Tag 'generator:output:electricity' has value '3000 kW' which could not be parsed,2026-04-24 03:20:40.054987,https://www.openstreetmap.org/node/9690047720,51.2562386,71.8500065
node/9690047721,9690047721,node,Kazakhstan,generator,Capacity regex no match,3000 kW,Tag 'generator:output:electricity' has value '3000 kW' which could not be parsed,2026-04-24 03:20:40.055010,https://www.openstreetmap.org/node/9690047721,51.2537167,71.8540445
node/9690047725,9690047725,node,Kazakhstan,generator,Capacity regex no match,3000 kW,Tag 'generator:output:electricity' has value '3000 kW' which could not be parsed,2026-04-24 03:20:40.055031,https://www.openstreetmap.org/node/9690047725,51.2422867,71.8549989
node/9690012214,9690012214,node,Kazakhstan,generator,Capacity regex no match,3000 kW,Tag 'generator:output:electricity' has value '3000 kW' which could not be parsed,2026-04-24 03:20:40.055051,https://www.openstreetmap.org/node/9690012214,51.2694008,71.8621503
node/9690012215,9690012215,node,Kazakhstan,generator,Capacity regex no match,3000 kW,Tag 'generator:output:electricity' has value '3000 kW' which could not be parsed,2026-04-24 03:20:40.055071,https://www.openstreetmap.org/node/9690012215,51.2653854,71.8627695
node/9690012213,9690012213,node,Kazakhstan,generator,Capacity regex no match,3000 kW,Tag 'generator:output:electricity' has value '3000 kW' which could not be parsed,2026-04-24 03:20:40.055090,https://www.openstreetmap.org/node/9690012213,51.2722642,71.857582
node/9690012212,9690012212,node,Kazakhstan,generator,Capacity regex no match,3000 kW,Tag 'generator:output:electricity' has value '3000 kW' which could not be parsed,2026-04-24 03:20:40.055110,https://www.openstreetmap.org/node/9690012212,51.2611892,71.859249
node/9690012211,9690012211,node,Kazakhstan,generator,Capacity regex no match,3000 kW,Tag 'generator:output:electricity' has value '3000 kW' which could not be parsed,2026-04-24 03:20:40.055128,https://www.openstreetmap.org/node/9690012211,51.2737024,71.8743704
node/9690012209,9690012209,node,Kazakhstan,generator,Capacity regex no match,3000 kW,Tag 'generator:output:electricity' has value '3000 kW' which could not be parsed,2026-04-24 03:20:40.055147,https://www.openstreetmap.org/node/9690012209,51.2823549,71.8782346
node/9690012210,9690012210,node,Kazakhstan,generator,Capacity regex no match,3000 kW,Tag 'generator:output:electricity' has value '3000 kW' which could not be parsed,2026-04-24 03:20:40.055166,https://www.openstreetmap.org/node/9690012210,51.279126,71.880139
node/9690012207,9690012207,node,Kazakhstan,generator,Capacity regex no match,3000 kW,Tag 'generator:output:electricity' has value '3000 kW' which could not be parsed,2026-04-24 03:20:40.055184,https://www.openstreetmap.org/node/9690012207,51.2848036,71.8887581
node/9690012208,9690012208,node,Kazakhstan,generator,Capacity regex no match,3000 kW,Tag 'generator:output:electricity' has value '3000 kW' which could not be parsed,2026-04-24 03:20:40.055202,https://www.openstreetmap.org/node/9690012208,51.283562,71.8730301
node/9690047724,9690047724,node,Kazakhstan,generator,Capacity regex no match,3000 kW,Tag 'generator:output:electricity' has value '3000 kW' which could not be parsed,2026-04-24 03:20:40.055220,https://www.openstreetmap.org/node/9690047724,51.2421287,71.8471582
node/9690012914,9690012914,node,Kazakhstan,generator,Capacity regex no match,2500 kW,Tag 'generator:output:electricity' has value '2500 kW' which could not be parsed,2026-04-24 03:20:40.055884,https://www.openstreetmap.org/node/9690012914,43.6452141,78.535541
node/9690012913,9690012913,node,Kazakhstan,generator,Capacity regex no match,2500 kW,Tag 'generator:output:electricity' has value '2500 kW' which could not be parsed,2026-04-24 03:20:40.055914,https://www.openstreetmap.org/node/9690012913,43.6432764,78.5387743
node/5634118267,5634118267,node,Kazakhstan,generator,Capacity regex no match,750 kW,Tag 'generator:output:electricity' has value '750 kW' which could not be parsed,2026-04-24 03:20:40.056333,https://www.openstreetmap.org/node/5634118267,54.5267695,68.666439
node/5634118266,5634118266,node,Kazakhstan,generator,Capacity regex no match,750 kW,Tag 'generator:output:electricity' has value '750 kW' which could not be parsed,2026-04-24 03:20:40.056370,https://www.openstreetmap.org/node/5634118266,54.5250541,68.6685687
relation/16166575,16166575,relation,Kazakhstan,plant,Missing source tag,none,"tags: {'contact:fax': '+7 727 2569429', 'contact:phone': '+7 727 2565678', 'description': 'Западный тепловой комплекс', 'landuse': 'industrial', 'name:kk': 'Батыс жылу кешені', 'name:ru': 'ЗТК', 'operator': 'АО «Алматинские электрические станции»', 'plant:output:hot_water': 'yes', 'power': 'plant', 'short_name': 'ЗТК', 'start_date': '1963-11-26', 'type': 'multipolygon'}",2026-04-24 03:20:40.057838,https://www.openstreetmap.org/relation/16166575,43.239333239521876,76.84937641748758
relation/18987558,18987558,relation,Kazakhstan,plant,Capacity placeholder value,yes,Tag 'plant:output:electricity' contains placeholder value 'yes' instead of actual capacity,2026-04-24 03:20:40.061670,https://www.openstreetmap.org/relation/18987558,46.88205456209323,79.73782763258815
node/12752996367,12752996367,node,Kazakhstan,generator,Capacity placeholder value,yes,Tag 'generator:output:electricity' contains placeholder value 'yes' instead of actual capacity,2026-04-24 03:20:40.062321,https://www.openstreetmap.org/node/12752996367,46.8135714,79.7524166
node/12752996366,12752996366,node,Kazakhstan,generator,Capacity placeholder value,yes,Tag 'generator:output:electricity' contains placeholder value 'yes' instead of actual capacity,2026-04-24 03:20:40.062342,https://www.openstreetmap.org/node/12752996366,46.8161266,79.7472453
node/12752996365,12752996365,node,Kazakhstan,generator,Capacity placeholder value,yes,Tag 'generator:output:electricity' contains placeholder value 'yes' instead of actual capacity,2026-04-24 03:20:40.062357,https://www.openstreetmap.org/node/12752996365,46.8182998,79.741559
node/12752996364,12752996364,node,Kazakhstan,generator,Capacity placeholder value,yes,Tag 'generator:output:electricity' contains placeholder value 'yes' instead of actual capacity,2026-04-24 03:20:40.062371,https://www.openstreetmap.org/node/12752996364,46.8207226,79.7361946
node/12752996363,12752996363,node,Kazakhstan,generator,Capacity placeholder value,yes,Tag 'generator:output:electricity' contains placeholder value 'yes' instead of actual capacity,2026-04-24 03:20:40.062384,https://www.openstreetmap.org/node/12752996363,46.8229691,79.7305083
node/12752996362,12752996362,node,Kazakhstan,generator,Capacity placeholder value,yes,Tag 'generator:output:electricity' contains placeholder value 'yes' instead of actual capacity,2026-04-24 03:20:40.062398,https://www.openstreetmap.org/node/12752996362,46.8252888,79.7248328
node/12752996361,12752996361,node,Kazakhstan,generator,Capacity placeholder value,yes,Tag 'generator:output:electricity' contains placeholder value 'yes' instead of actual capacity,2026-04-24 03:20:40.062411,https://www.openstreetmap.org/node/12752996361,46.8276012,79.7191894
node/12752996360,12752996360,node,Kazakhstan,generator,Capacity placeholder value,yes,Tag 'generator:output:electricity' contains placeholder value 'yes' instead of actual capacity,2026-04-24 03:20:40.062423,https://www.openstreetmap.org/node/12752996360,46.8299208,79.7135782
node/12752996375,12752996375,node,Kazakhstan,generator,Capacity placeholder value,yes,Tag 'generator:output:electricity' contains placeholder value 'yes' instead of actual capacity,2026-04-24 03:20:40.062435,https://www.openstreetmap.org/node/12752996375,46.8225286,79.6751153
node/12752996374,12752996374,node,Kazakhstan,generator,Capacity placeholder value,yes,Tag 'generator:output:electricity' contains placeholder value 'yes' instead of actual capacity,2026-04-24 03:20:40.062447,https://www.openstreetmap.org/node/12752996374,46.8202674,79.6807802
node/12752996373,12752996373,node,Kazakhstan,generator,Capacity placeholder value,yes,Tag 'generator:output:electricity' contains placeholder value 'yes' instead of actual capacity,2026-04-24 03:20:40.062459,https://www.openstreetmap.org/node/12752996373,46.8179988,79.6864664
node/12752996372,12752996372,node,Kazakhstan,generator,Capacity placeholder value,yes,Tag 'generator:output:electricity' contains placeholder value 'yes' instead of actual capacity,2026-04-24 03:20:40.062470,https://www.openstreetmap.org/node/12752996372,46.8157668,79.692142
node/12752996371,12752996371,node,Kazakhstan,generator,Capacity placeholder value,yes,Tag 'generator:output:electricity' contains placeholder value 'yes' instead of actual capacity,2026-04-24 03:20:40.062482,https://www.openstreetmap.org/node/12752996371,46.8135053,79.6978819
node/12752996370,12752996370,node,Kazakhstan,generator,Capacity placeholder value,yes,Tag 'generator:output:electricity' contains placeholder value 'yes' instead of actual capacity,2026-04-24 03:20:40.062493,https://www.openstreetmap.org/node/12752996370,46.8112805,79.7035897
node/12752996369,12752996369,node,Kazakhstan,generator,Capacity placeholder value,yes,Tag 'generator:output:electricity' contains placeholder value 'yes' instead of actual capacity,2026-04-24 03:20:40.062506,https://www.openstreetmap.org/node/12752996369,46.8089381,79.7092867
node/12752996368,12752996368,node,Kazakhstan,generator,Capacity placeholder value,yes,Tag 'generator:output:electricity' contains placeholder value 'yes' instead of actual capacity,2026-04-24 03:20:40.062519,https://www.openstreetmap.org/node/12752996368,46.8067498,79.7149086
node/12752996525,12752996525,node,Kazakhstan,generator,Capacity placeholder value,yes,Tag 'generator:output:electricity' contains placeholder value 'yes' instead of actual capacity,2026-04-24 03:20:40.062533,https://www.openstreetmap.org/node/12752996525,46.9049304,79.7681183
node/12752996524,12752996524,node,Kazakhstan,generator,Capacity placeholder value,yes,Tag 'generator:output:electricity' contains placeholder value 'yes' instead of actual capacity,2026-04-24 03:20:40.062545,https://www.openstreetmap.org/node/12752996524,46.907877,79.7602379
node/12752996523,12752996523,node,Kazakhstan,generator,Capacity placeholder value,yes,Tag 'generator:output:electricity' contains placeholder value 'yes' instead of actual capacity,2026-04-24 03:20:40.062557,https://www.openstreetmap.org/node/12752996523,46.9108454,79.7522771
node/12752996522,12752996522,node,Kazakhstan,generator,Capacity placeholder value,yes,Tag 'generator:output:electricity' contains placeholder value 'yes' instead of actual capacity,2026-04-24 03:20:40.062569,https://www.openstreetmap.org/node/12752996522,46.9136817,79.7449386
node/12752996521,12752996521,node,Kazakhstan,generator,Capacity placeholder value,yes,Tag 'generator:output:electricity' contains placeholder value 'yes' instead of actual capacity,2026-04-24 03:20:40.062580,https://www.openstreetmap.org/node/12752996521,46.9166352,79.7370207
node/12752996520,12752996520,node,Kazakhstan,generator,Capacity placeholder value,yes,Tag 'generator:output:electricity' contains placeholder value 'yes' instead of actual capacity,2026-04-24 03:20:40.062594,https://www.openstreetmap.org/node/12752996520,46.9196691,79.7290921
node/12752996519,12752996519,node,Kazakhstan,generator,Capacity placeholder value,yes,Tag 'generator:output:electricity' contains placeholder value 'yes' instead of actual capacity,2026-04-24 03:20:40.062607,https://www.openstreetmap.org/node/12752996519,46.9226149,79.721185
node/12752996518,12752996518,node,Kazakhstan,generator,Capacity placeholder value,yes,Tag 'generator:output:electricity' contains placeholder value 'yes' instead of actual capacity,2026-04-24 03:20:40.062619,https://www.openstreetmap.org/node/12752996518,46.9255752,79.7132671
node/12752996517,12752996517,node,Kazakhstan,generator,Capacity placeholder value,yes,Tag 'generator:output:electricity' contains placeholder value 'yes' instead of actual capacity,2026-04-24 03:20:40.062630,https://www.openstreetmap.org/node/12752996517,46.9221166,79.7974348
node/12752996516,12752996516,node,Kazakhstan,generator,Capacity placeholder value,yes,Tag 'generator:output:electricity' contains placeholder value 'yes' instead of actual capacity,2026-04-24 03:20:40.062642,https://www.openstreetmap.org/node/12752996516,46.9246739,79.7890234
node/12752996515,12752996515,node,Kazakhstan,generator,Capacity placeholder value,yes,Tag 'generator:output:electricity' contains placeholder value 'yes' instead of actual capacity,2026-04-24 03:20:40.062654,https://www.openstreetmap.org/node/12752996515,46.9274436,79.7807729
node/12752996514,12752996514,node,Kazakhstan,generator,Capacity placeholder value,yes,Tag 'generator:output:electricity' contains placeholder value 'yes' instead of actual capacity,2026-04-24 03:20:40.062666,https://www.openstreetmap.org/node/12752996514,46.929964,79.77234
node/12752996513,12752996513,node,Kazakhstan,generator,Capacity placeholder value,yes,Tag 'generator:output:electricity' contains placeholder value 'yes' instead of actual capacity,2026-04-24 03:20:40.062677,https://www.openstreetmap.org/node/12752996513,46.9325502,79.7640145
node/12752996512,12752996512,node,Kazakhstan,generator,Capacity placeholder value,yes,Tag 'generator:output:electricity' contains placeholder value 'yes' instead of actual capacity,2026-04-24 03:20:40.062689,https://www.openstreetmap.org/node/12752996512,46.935129,79.7556782
node/12752996511,12752996511,node,Kazakhstan,generator,Capacity placeholder value,yes,Tag 'generator:output:electricity' contains placeholder value 'yes' instead of actual capacity,2026-04-24 03:20:40.062701,https://www.openstreetmap.org/node/12752996511,46.937693,79.7472238
node/12752996510,12752996510,node,Kazakhstan,generator,Capacity placeholder value,yes,Tag 'generator:output:electricity' contains placeholder value 'yes' instead of actual capacity,2026-04-24 03:20:40.062712,https://www.openstreetmap.org/node/12752996510,46.9403448,79.7388554
node/12752996509,12752996509,node,Kazakhstan,generator,Capacity placeholder value,yes,Tag 'generator:output:electricity' contains placeholder value 'yes' instead of actual capacity,2026-04-24 03:20:40.062723,https://www.openstreetmap.org/node/12752996509,46.8914634,79.742589
node/12752996508,12752996508,node,Kazakhstan,generator,Capacity placeholder value,yes,Tag 'generator:output:electricity' contains placeholder value 'yes' instead of actual capacity,2026-04-24 03:20:40.062734,https://www.openstreetmap.org/node/12752996508,46.8943521,79.7348428
node/12752996507,12752996507,node,Kazakhstan,generator,Capacity placeholder value,yes,Tag 'generator:output:electricity' contains placeholder value 'yes' instead of actual capacity,2026-04-24 03:20:40.062745,https://www.openstreetmap.org/node/12752996507,46.8973286,79.7267318
node/12752996506,12752996506,node,Kazakhstan,generator,Capacity placeholder value,yes,Tag 'generator:output:electricity' contains placeholder value 'yes' instead of actual capacity,2026-04-24 03:20:40.062756,https://www.openstreetmap.org/node/12752996506,46.9002902,79.7188782
node/12752996505,12752996505,node,Kazakhstan,generator,Capacity placeholder value,yes,Tag 'generator:output:electricity' contains placeholder value 'yes' instead of actual capacity,2026-04-24 03:20:40.062767,https://www.openstreetmap.org/node/12752996505,46.9040581,79.7087073
node/12752996504,12752996504,node,Kazakhstan,generator,Capacity placeholder value,yes,Tag 'generator:output:electricity' contains placeholder value 'yes' instead of actual capacity,2026-04-24 03:20:40.062778,https://www.openstreetmap.org/node/12752996504,46.907122,79.7006178
node/12752996503,12752996503,node,Kazakhstan,generator,Capacity placeholder value,yes,Tag 'generator:output:electricity' contains placeholder value 'yes' instead of actual capacity,2026-04-24 03:20:40.062788,https://www.openstreetmap.org/node/12752996503,46.9100685,79.6927428
node/12752996502,12752996502,node,Kazakhstan,generator,Capacity placeholder value,yes,Tag 'generator:output:electricity' contains placeholder value 'yes' instead of actual capacity,2026-04-24 03:20:40.062801,https://www.openstreetmap.org/node/12752996502,46.9446226,79.8097944
node/12752996501,12752996501,node,Kazakhstan,generator,Capacity placeholder value,yes,Tag 'generator:output:electricity' contains placeholder value 'yes' instead of actual capacity,2026-04-24 03:20:40.062812,https://www.openstreetmap.org/node/12752996501,46.946483,79.8020911
node/12752996500,12752996500,node,Kazakhstan,generator,Capacity placeholder value,yes,Tag 'generator:output:electricity' contains placeholder value 'yes' instead of actual capacity,2026-04-24 03:20:40.062824,https://www.openstreetmap.org/node/12752996500,46.9484313,79.7941518
node/12752996499,12752996499,node,Kazakhstan,generator,Capacity placeholder value,yes,Tag 'generator:output:electricity' contains placeholder value 'yes' instead of actual capacity,2026-04-24 03:20:40.062835,https://www.openstreetmap.org/node/12752996499,46.9505259,79.7857833
node/12752996498,12752996498,node,Kazakhstan,generator,Capacity placeholder value,yes,Tag 'generator:output:electricity' contains placeholder value 'yes' instead of actual capacity,2026-04-24 03:20:40.062845,https://www.openstreetmap.org/node/12752996498,46.9524154,79.7780156
node/12752996497,12752996497,node,Kazakhstan,generator,Capacity placeholder value,yes,Tag 'generator:output:electricity' contains placeholder value 'yes' instead of actual capacity,2026-04-24 03:20:40.062856,https://www.openstreetmap.org/node/12752996497,46.9540852,79.7708058
node/12752996496,12752996496,node,Kazakhstan,generator,Capacity placeholder value,yes,Tag 'generator:output:electricity' contains placeholder value 'yes' instead of actual capacity,2026-04-24 03:20:40.062867,https://www.openstreetmap.org/node/12752996496,46.9562528,79.7624802
node/12752996495,12752996495,node,Kazakhstan,generator,Capacity placeholder value,yes,Tag 'generator:output:electricity' contains placeholder value 'yes' instead of actual capacity,2026-04-24 03:20:40.062878,https://www.openstreetmap.org/node/12752996495,46.9579225,79.7553348
node/11944828453,11944828453,node,Kazakhstan,generator,Missing output tag,none,"tags: {'generator:method': 'wind_turbine', 'generator:source': 'wind', 'power': 'generator'}",2026-04-24 03:20:40.065861,https://www.openstreetmap.org/node/11944828453,53.2825277,63.8087725
node/11944828452,11944828452,node,Kazakhstan,generator,Missing output tag,none,"tags: {'generator:method': 'wind_turbine', 'generator:source': 'wind', 'power': 'generator'}",2026-04-24 03:20:40.065888,https://www.openstreetmap.org/node/11944828452,53.2882746,63.8101673
node/11944828455,11944828455,node,Kazakhstan,generator,Missing output tag,none,"tags: {'generator:method': 'wind_turbine', 'generator:source': 'wind', 'power': 'generator'}",2026-04-24 03:20:40.065908,https://www.openstreetmap.org/node/11944828455,53.2658469,63.8356375
node/11944828454,11944828454,node,Kazakhstan,generator,Missing output tag,none,"tags: {'generator:method': 'wind_turbine', 'generator:source': 'wind', 'power': 'generator'}",2026-04-24 03:20:40.065926,https://www.openstreetmap.org/node/11944828454,53.2737903,63.8365816
node/11944828449,11944828449,node,Kazakhstan,generator,Missing output tag,none,"tags: {'generator:method': 'wind_turbine', 'generator:source': 'wind', 'power': 'generator'}",2026-04-24 03:20:40.065943,https://www.openstreetmap.org/node/11944828449,53.2894419,63.8476967
node/11944828448,11944828448,node,Kazakhstan,generator,Missing output tag,none,"tags: {'generator:method': 'wind_turbine', 'generator:source': 'wind', 'power': 'generator'}",2026-04-24 03:20:40.065982,https://www.openstreetmap.org/node/11944828448,53.2859015,63.855164
node/11944828451,11944828451,node,Kazakhstan,generator,Missing output tag,none,"tags: {'generator:method': 'wind_turbine', 'generator:source': 'wind', 'power': 'generator'}",2026-04-24 03:20:40.065999,https://www.openstreetmap.org/node/11944828451,53.2939054,63.8254666
node/11944828450,11944828450,node,Kazakhstan,generator,Missing output tag,none,"tags: {'generator:method': 'wind_turbine', 'generator:source': 'wind', 'power': 'generator'}",2026-04-24 03:20:40.066015,https://www.openstreetmap.org/node/11944828450,53.2971629,63.8368177
node/11944828461,11944828461,node,Kazakhstan,generator,Missing output tag,none,"tags: {'generator:method': 'wind_turbine', 'generator:source': 'wind', 'power': 'generator'}",2026-04-24 03:20:40.066032,https://www.openstreetmap.org/node/11944828461,53.2664629,63.7973999
node/11944828460,11944828460,node,Kazakhstan,generator,Missing output tag,none,"tags: {'generator:method': 'wind_turbine', 'generator:source': 'wind', 'power': 'generator'}",2026-04-24 03:20:40.066049,https://www.openstreetmap.org/node/11944828460,53.2731615,63.7963914
node/11944828457,11944828457,node,Kazakhstan,generator,Missing output tag,none,"tags: {'generator:method': 'wind_turbine', 'generator:source': 'wind', 'power': 'generator'}",2026-04-24 03:20:40.066065,https://www.openstreetmap.org/node/11944828457,53.2603536,63.8120555
node/11944828456,11944828456,node,Kazakhstan,generator,Missing output tag,none,"tags: {'generator:method': 'wind_turbine', 'generator:source': 'wind', 'power': 'generator'}",2026-04-24 03:20:40.066080,https://www.openstreetmap.org/node/11944828456,53.2689397,63.8169693
node/11944828459,11944828459,node,Kazakhstan,generator,Missing output tag,none,"tags: {'generator:method': 'wind_turbine', 'generator:source': 'wind', 'power': 'generator'}",2026-04-24 03:20:40.066096,https://www.openstreetmap.org/node/11944828459,53.2591599,63.8238358
node/11944828458,11944828458,node,Kazakhstan,generator,Missing output tag,none,"tags: {'generator:method': 'wind_turbine', 'generator:source': 'wind', 'power': 'generator'}",2026-04-24 03:20:40.066111,https://www.openstreetmap.org/node/11944828458,53.2516759,63.8095879
node/11944828447,11944828447,node,Kazakhstan,generator,Missing output tag,none,"tags: {'generator:method': 'wind_turbine', 'generator:source': 'wind', 'power': 'generator'}",2026-04-24 03:20:40.066127,https://www.openstreetmap.org/node/11944828447,53.2762539,63.8573527
node/11944828446,11944828446,node,Kazakhstan,generator,Missing output tag,none,"tags: {'generator:method': 'wind_turbine', 'generator:source': 'wind', 'power': 'generator'}",2026-04-24 03:20:40.066143,https://www.openstreetmap.org/node/11944828446,53.2811421,63.865807
node/9571571660,9571571660,node,Kazakhstan,generator,Missing output tag,none,"tags: {'generator:method': 'wind_turbine', 'generator:source': 'wind', 'power': 'generator'}",2026-04-24 03:20:40.067700,https://www.openstreetmap.org/node/9571571660,47.5840701,53.0758746
node/9571571661,9571571661,node,Kazakhstan,generator,Missing output tag,none,"tags: {'generator:method': 'wind_turbine', 'generator:source': 'wind', 'power': 'generator'}",2026-04-24 03:20:40.067724,https://www.openstreetmap.org/node/9571571661,47.5850145,53.0805814
node/9571571662,9571571662,node,Kazakhstan,generator,Missing output tag,none,"tags: {'generator:method': 'wind_turbine', 'generator:source': 'wind', 'power': 'generator'}",2026-04-24 03:20:40.067743,https://www.openstreetmap.org/node/9571571662,47.5860649,53.0849629
node/9571571663,9571571663,node,Kazakhstan,generator,Missing output tag,none,"tags: {'generator:method': 'wind_turbine', 'generator:source': 'wind', 'power': 'generator'}",2026-04-24 03:20:40.067760,https://www.openstreetmap.org/node/9571571663,47.5831048,53.0865343
node/9571571664,9571571664,node,Kazakhstan,generator,Missing output tag,none,"tags: {'generator:method': 'wind_turbine', 'generator:source': 'wind', 'power': 'generator'}",2026-04-24 03:20:40.067777,https://www.openstreetmap.org/node/9571571664,47.5820303,53.0821601
node/9571571665,9571571665,node,Kazakhstan,generator,Missing output tag,none,"tags: {'generator:method': 'wind_turbine', 'generator:source': 'wind', 'power': 'generator'}",2026-04-24 03:20:40.067794,https://www.openstreetmap.org/node/9571571665,47.5810135,53.07775
node/9571571666,9571571666,node,Kazakhstan,generator,Missing output tag,none,"tags: {'generator:method': 'wind_turbine', 'generator:source': 'wind', 'power': 'generator'}",2026-04-24 03:20:40.067811,https://www.openstreetmap.org/node/9571571666,47.5777618,53.0771271
node/9571571667,9571571667,node,Kazakhstan,generator,Missing output tag,none,"tags: {'generator:method': 'wind_turbine', 'generator:source': 'wind', 'power': 'generator'}",2026-04-24 03:20:40.067827,https://www.openstreetmap.org/node/9571571667,47.5788123,53.081544
node/9571571668,9571571668,node,Kazakhstan,generator,Missing output tag,none,"tags: {'generator:method': 'wind_turbine', 'generator:source': 'wind', 'power': 'generator'}",2026-04-24 03:20:40.067843,https://www.openstreetmap.org/node/9571571668,47.5798437,53.0859255
node/9571571669,9571571669,node,Kazakhstan,generator,Missing output tag,none,"tags: {'generator:method': 'wind_turbine', 'generator:source': 'wind', 'power': 'generator'}",2026-04-24 03:20:40.067859,https://www.openstreetmap.org/node/9571571669,47.577036,53.0880845
node/9571571670,9571571670,node,Kazakhstan,generator,Missing output tag,none,"tags: {'generator:method': 'wind_turbine', 'generator:source': 'wind', 'power': 'generator'}",2026-04-24 03:20:40.067876,https://www.openstreetmap.org/node/9571571670,47.5759998,53.0837029
node/9571571671,9571571671,node,Kazakhstan,generator,Missing output tag,none,"tags: {'generator:method': 'wind_turbine', 'generator:source': 'wind', 'power': 'generator'}",2026-04-24 03:20:40.067891,https://www.openstreetmap.org/node/9571571671,47.5749492,53.0793072
node/9571571672,9571571672,node,Kazakhstan,generator,Missing output tag,none,"tags: {'generator:method': 'wind_turbine', 'generator:source': 'wind', 'power': 'generator'}",2026-04-24 03:20:40.067907,https://www.openstreetmap.org/node/9571571672,47.5717593,53.0798664
node/9571571673,9571571673,node,Kazakhstan,generator,Missing output tag,none,"tags: {'generator:method': 'wind_turbine', 'generator:source': 'wind', 'power': 'generator'}",2026-04-24 03:20:40.067923,https://www.openstreetmap.org/node/9571571673,47.5728003,53.084248
node/9571571674,9571571674,node,Kazakhstan,generator,Missing output tag,none,"tags: {'generator:method': 'wind_turbine', 'generator:source': 'wind', 'power': 'generator'}",2026-04-24 03:20:40.067939,https://www.openstreetmap.org/node/9571571674,47.5738461,53.0886224
node/9571571675,9571571675,node,Kazakhstan,generator,Missing output tag,none,"tags: {'generator:method': 'wind_turbine', 'generator:source': 'wind', 'power': 'generator'}",2026-04-24 03:20:40.067976,https://www.openstreetmap.org/node/9571571675,47.5727191,53.0930252
node/9571571676,9571571676,node,Kazakhstan,generator,Missing output tag,none,"tags: {'generator:method': 'wind_turbine', 'generator:source': 'wind', 'power': 'generator'}",2026-04-24 03:20:40.067994,https://www.openstreetmap.org/node/9571571676,47.5663531,53.0849627
node/9571571677,9571571677,node,Kazakhstan,generator,Missing output tag,none,"tags: {'generator:method': 'wind_turbine', 'generator:source': 'wind', 'power': 'generator'}",2026-04-24 03:20:40.068012,https://www.openstreetmap.org/node/9571571677,47.5648828,53.0808241
node/9571571678,9571571678,node,Kazakhstan,generator,Missing output tag,none,"tags: {'generator:method': 'wind_turbine', 'generator:source': 'wind', 'power': 'generator'}",2026-04-24 03:20:40.068029,https://www.openstreetmap.org/node/9571571678,47.5625675,53.0846375
node/9571571679,9571571679,node,Kazakhstan,generator,Missing output tag,none,"tags: {'generator:method': 'wind_turbine', 'generator:source': 'wind', 'power': 'generator'}",2026-04-24 03:20:40.068045,https://www.openstreetmap.org/node/9571571679,47.559391,53.0860442
node/9571571680,9571571680,node,Kazakhstan,generator,Missing output tag,none,"tags: {'generator:method': 'wind_turbine', 'generator:source': 'wind', 'power': 'generator'}",2026-04-24 03:20:40.068061,https://www.openstreetmap.org/node/9571571680,47.5565584,53.0882244
node/9571571681,9571571681,node,Kazakhstan,generator,Missing output tag,none,"tags: {'generator:method': 'wind_turbine', 'generator:source': 'wind', 'power': 'generator'}",2026-04-24 03:20:40.068077,https://www.openstreetmap.org/node/9571571681,47.56405,53.0887504
node/9571571682,9571571682,node,Kazakhstan,generator,Missing output tag,none,"tags: {'generator:method': 'wind_turbine', 'generator:source': 'wind', 'power': 'generator'}",2026-04-24 03:20:40.068092,https://www.openstreetmap.org/node/9571571682,47.5609188,53.090467
node/9571571683,9571571683,node,Kazakhstan,generator,Missing output tag,none,"tags: {'generator:method': 'wind_turbine', 'generator:source': 'wind', 'power': 'generator'}",2026-04-24 03:20:40.068108,https://www.openstreetmap.org/node/9571571683,47.5672535,53.0895662
relation/18995531,18995531,relation,Kazakhstan,plant,Capacity placeholder value,yes,Tag 'plant:output:electricity' contains placeholder value 'yes' instead of actual capacity,2026-04-24 03:20:40.069430,https://www.openstreetmap.org/relation/18995531,43.655558643029714,78.71047723111487
node/12552195049,12552195049,node,Kazakhstan,generator,Missing output tag,none,"tags: {'generator:method': 'wind_turbine', 'generator:source': 'wind', 'generator:type': 'horizontal_axis', 'power': 'generator'}",2026-04-24 03:20:40.069751,https://www.openstreetmap.org/node/12552195049,43.6583251,78.6728382
node/12552195048,12552195048,node,Kazakhstan,generator,Missing output tag,none,"tags: {'generator:method': 'wind_turbine', 'generator:source': 'wind', 'generator:type': 'horizontal_axis', 'power': 'generator'}",2026-04-24 03:20:40.069775,https://www.openstreetmap.org/node/12552195048,43.6612281,78.6703276
node/12552195051,12552195051,node,Kazakhstan,generator,Missing output tag,none,"tags: {'generator:method': 'wind_turbine', 'generator:source': 'wind', 'generator:type': 'horizontal_axis', 'power': 'generator'}",2026-04-24 03:20:40.069795,https://www.openstreetmap.org/node/12552195051,43.6445383,78.6848759
node/12552195050,12552195050,node,Kazakhstan,generator,Missing output tag,none,"tags: {'generator:method': 'wind_turbine', 'generator:source': 'wind', 'generator:type': 'horizontal_axis', 'power': 'generator'}",2026-04-24 03:20:40.069813,https://www.openstreetmap.org/node/12552195050,43.6557481,78.6756277
node/12552195053,12552195053,node,Kazakhstan,generator,Missing output tag,none,"tags: {'generator:method': 'wind_turbine', 'generator:source': 'wind', 'generator:type': 'horizontal_axis', 'power': 'generator'}",2026-04-24 03:20:40.069831,https://www.openstreetmap.org/node/12552195053,43.6395925,78.7059796
node/12552195052,12552195052,node,Kazakhstan,generator,Missing output tag,none,"tags: {'generator:method': 'wind_turbine', 'generator:source': 'wind', 'generator:type': 'horizontal_axis', 'power': 'generator'}",2026-04-24 03:20:40.069849,https://www.openstreetmap.org/node/12552195052,43.6414482,78.6865067
node/12552195055,12552195055,node,Kazakhstan,generator,Missing output tag,none,"tags: {'generator:method': 'wind_turbine', 'generator:source': 'wind', 'generator:type': 'horizontal_axis', 'power': 'generator'}",2026-04-24 03:20:40.069867,https://www.openstreetmap.org/node/12552195055,43.6323945,78.7063014
node/12552195054,12552195054,node,Kazakhstan,generator,Missing output tag,none,"tags: {'generator:method': 'wind_turbine', 'generator:source': 'wind', 'generator:type': 'horizontal_axis', 'power': 'generator'}",2026-04-24 03:20:40.069891,https://www.openstreetmap.org/node/12552195054,43.6359665,78.70628
node/11951910251,11951910251,node,Kazakhstan,generator,Missing output tag,none,"tags: {'generator:method': 'wind_turbine', 'generator:source': 'wind', 'power': 'generator'}",2026-04-24 03:20:40.069908,https://www.openstreetmap.org/node/11951910251,43.6695097,78.7250661
node/11951910250,11951910250,node,Kazakhstan,generator,Missing output tag,none,"tags: {'generator:method': 'wind_turbine', 'generator:source': 'wind', 'power': 'generator'}",2026-04-24 03:20:40.069926,https://www.openstreetmap.org/node/11951910250,43.6667047,78.727932
node/12552195045,12552195045,node,Kazakhstan,generator,Missing output tag,none,"tags: {'generator:method': 'wind_turbine', 'generator:source': 'wind', 'generator:type': 'horizontal_axis', 'power': 'generator'}",2026-04-24 03:20:40.069963,https://www.openstreetmap.org/node/12552195045,43.6770286,78.728435
node/12552195044,12552195044,node,Kazakhstan,generator,Missing output tag,none,"tags: {'generator:method': 'wind_turbine', 'generator:source': 'wind', 'generator:type': 'horizontal_axis', 'power': 'generator'}",2026-04-24 03:20:40.069987,https://www.openstreetmap.org/node/12552195044,43.6740799,78.7306666
node/12552195047,12552195047,node,Kazakhstan,generator,Missing output tag,none,"tags: {'generator:method': 'wind_turbine', 'generator:source': 'wind', 'generator:type': 'horizontal_axis', 'power': 'generator'}",2026-04-24 03:20:40.070015,https://www.openstreetmap.org/node/12552195047,43.6778511,78.7173414
node/12552195046,12552195046,node,Kazakhstan,generator,Missing output tag,none,"tags: {'generator:method': 'wind_turbine', 'generator:source': 'wind', 'generator:type': 'horizontal_axis', 'power': 'generator'}",2026-04-24 03:20:40.070033,https://www.openstreetmap.org/node/12552195046,43.6751663,78.7197876
node/12552195065,12552195065,node,Kazakhstan,generator,Missing output tag,none,"tags: {'generator:method': 'wind_turbine', 'generator:source': 'wind', 'generator:type': 'horizontal_axis', 'power': 'generator'}",2026-04-24 03:20:40.070050,https://www.openstreetmap.org/node/12552195065,43.6724348,78.722502
node/12552195064,12552195064,node,Kazakhstan,generator,Missing output tag,none,"tags: {'generator:method': 'wind_turbine', 'generator:source': 'wind', 'generator:type': 'horizontal_axis', 'power': 'generator'}",2026-04-24 03:20:40.070067,https://www.openstreetmap.org/node/12552195064,43.6637117,78.729701
node/12552195057,12552195057,node,Kazakhstan,generator,Missing output tag,none,"tags: {'generator:method': 'wind_turbine', 'generator:source': 'wind', 'generator:type': 'horizontal_axis', 'power': 'generator'}",2026-04-24 03:20:40.070084,https://www.openstreetmap.org/node/12552195057,43.6514476,78.732984
node/12552195056,12552195056,node,Kazakhstan,generator,Missing output tag,none,"tags: {'generator:method': 'wind_turbine', 'generator:source': 'wind', 'generator:type': 'horizontal_axis', 'power': 'generator'}",2026-04-24 03:20:40.070102,https://www.openstreetmap.org/node/12552195056,43.6537143,78.7301945
node/12552195059,12552195059,node,Kazakhstan,generator,Missing output tag,none,"tags: {'generator:method': 'wind_turbine', 'generator:source': 'wind', 'generator:type': 'horizontal_axis', 'power': 'generator'}",2026-04-24 03:20:40.070125,https://www.openstreetmap.org/node/12552195059,43.6516883,78.7458479
node/12552195058,12552195058,node,Kazakhstan,generator,Missing output tag,none,"tags: {'generator:method': 'wind_turbine', 'generator:source': 'wind', 'generator:type': 'horizontal_axis', 'power': 'generator'}",2026-04-24 03:20:40.070143,https://www.openstreetmap.org/node/12552195058,43.6491808,78.7487125
node/12552195061,12552195061,node,Kazakhstan,generator,Missing output tag,none,"tags: {'generator:method': 'wind_turbine', 'generator:source': 'wind', 'generator:type': 'horizontal_axis', 'power': 'generator'}",2026-04-24 03:20:40.070160,https://www.openstreetmap.org/node/12552195061,43.6569435,78.7401402
node/12552195060,12552195060,node,Kazakhstan,generator,Missing output tag,none,"tags: {'generator:method': 'wind_turbine', 'generator:source': 'wind', 'generator:type': 'horizontal_axis', 'power': 'generator'}",2026-04-24 03:20:40.070177,https://www.openstreetmap.org/node/12552195060,43.6544207,78.7431013
node/12552195063,12552195063,node,Kazakhstan,generator,Missing output tag,none,"tags: {'generator:method': 'wind_turbine', 'generator:source': 'wind', 'generator:type': 'horizontal_axis', 'power': 'generator'}",2026-04-24 03:20:40.070194,https://www.openstreetmap.org/node/12552195063,43.6616472,78.733499
node/12552195062,12552195062,node,Kazakhstan,generator,Missing output tag,none,"tags: {'generator:method': 'wind_turbine', 'generator:source': 'wind', 'generator:type': 'horizontal_axis', 'power': 'generator'}",2026-04-24 03:20:40.070211,https://www.openstreetmap.org/node/12552195062,43.6593419,78.7369752
relation/18995532,18995532,relation,Kazakhstan,plant,Capacity placeholder value,yes,Tag 'plant:output:electricity' contains placeholder value 'yes' instead of actual capacity,2026-04-24 03:20:40.072413,https://www.openstreetmap.org/relation/18995532,43.71127579559778,78.74138611203398
node/12552195041,12552195041,node,Kazakhstan,generator,Missing output tag,none,"tags: {'generator:method': 'wind_turbine', 'generator:source': 'wind', 'power': 'generator'}",2026-04-24 03:20:40.072747,https://www.openstreetmap.org/node/12552195041,43.7154727,78.7801051
node/12552195040,12552195040,node,Kazakhstan,generator,Missing output tag,none,"tags: {'generator:method': 'wind_turbine', 'generator:source': 'wind', 'power': 'generator'}",2026-04-24 03:20:40.072770,https://www.openstreetmap.org/node/12552195040,43.7233741,78.7666565
node/12552195043,12552195043,node,Kazakhstan,generator,Missing output tag,none,"tags: {'generator:method': 'wind_turbine', 'generator:source': 'wind', 'power': 'generator'}",2026-04-24 03:20:40.072792,https://www.openstreetmap.org/node/12552195043,43.7206525,78.7792146
node/12552195042,12552195042,node,Kazakhstan,generator,Missing output tag,none,"tags: {'generator:method': 'wind_turbine', 'generator:source': 'wind', 'power': 'generator'}",2026-04-24 03:20:40.072812,https://www.openstreetmap.org/node/12552195042,43.7177448,78.7796652
node/12552195021,12552195021,node,Kazakhstan,generator,Missing output tag,none,"tags: {'generator:method': 'wind_turbine', 'generator:source': 'wind', 'power': 'generator'}",2026-04-24 03:20:40.072831,https://www.openstreetmap.org/node/12552195021,43.7087181,78.7206244
node/12552195020,12552195020,node,Kazakhstan,generator,Missing output tag,none,"tags: {'generator:method': 'wind_turbine', 'generator:source': 'wind', 'power': 'generator'}",2026-04-24 03:20:40.072850,https://www.openstreetmap.org/node/12552195020,43.7113471,78.7195194
node/12552195023,12552195023,node,Kazakhstan,generator,Missing output tag,none,"tags: {'generator:method': 'wind_turbine', 'generator:source': 'wind', 'power': 'generator'}",2026-04-24 03:20:40.072868,https://www.openstreetmap.org/node/12552195023,43.7035372,78.7225878
node/12552195022,12552195022,node,Kazakhstan,generator,Missing output tag,none,"tags: {'generator:method': 'wind_turbine', 'generator:source': 'wind', 'power': 'generator'}",2026-04-24 03:20:40.072886,https://www.openstreetmap.org/node/12552195022,43.706151,78.7216115
node/12552195033,12552195033,node,Kazakhstan,generator,Missing output tag,none,"tags: {'generator:method': 'wind_turbine', 'generator:source': 'wind', 'power': 'generator'}",2026-04-24 03:20:40.072905,https://www.openstreetmap.org/node/12552195033,43.7123436,78.7554288
node/12552195032,12552195032,node,Kazakhstan,generator,Missing output tag,none,"tags: {'generator:method': 'wind_turbine', 'generator:source': 'wind', 'power': 'generator'}",2026-04-24 03:20:40.072924,https://www.openstreetmap.org/node/12552195032,43.7157208,78.735913
node/12552195035,12552195035,node,Kazakhstan,generator,Missing output tag,none,"tags: {'generator:method': 'wind_turbine', 'generator:source': 'wind', 'power': 'generator'}",2026-04-24 03:20:40.072942,https://www.openstreetmap.org/node/12552195035,43.7175237,78.7534815
node/12552195034,12552195034,node,Kazakhstan,generator,Missing output tag,none,"tags: {'generator:method': 'wind_turbine', 'generator:source': 'wind', 'power': 'generator'}",2026-04-24 03:20:40.072981,https://www.openstreetmap.org/node/12552195034,43.7149648,78.7544471
node/12552195037,12552195037,node,Kazakhstan,generator,Missing output tag,none,"tags: {'generator:method': 'wind_turbine', 'generator:source': 'wind', 'power': 'generator'}",2026-04-24 03:20:40.073001,https://www.openstreetmap.org/node/12552195037,43.7139062,78.7702453
node/12552195036,12552195036,node,Kazakhstan,generator,Missing output tag,none,"tags: {'generator:method': 'wind_turbine', 'generator:source': 'wind', 'power': 'generator'}",2026-04-24 03:20:40.073020,https://www.openstreetmap.org/node/12552195036,43.7201563,78.7524944
node/12552195039,12552195039,node,Kazakhstan,generator,Missing output tag,none,"tags: {'generator:method': 'wind_turbine', 'generator:source': 'wind', 'power': 'generator'}",2026-04-24 03:20:40.073039,https://www.openstreetmap.org/node/12552195039,43.7201796,78.7678635
node/12552195038,12552195038,node,Kazakhstan,generator,Missing output tag,none,"tags: {'generator:method': 'wind_turbine', 'generator:source': 'wind', 'power': 'generator'}",2026-04-24 03:20:40.073057,https://www.openstreetmap.org/node/12552195038,43.7169848,78.7690437
node/12552195025,12552195025,node,Kazakhstan,generator,Missing output tag,none,"tags: {'generator:method': 'wind_turbine', 'generator:source': 'wind', 'power': 'generator'}",2026-04-24 03:20:40.073075,https://www.openstreetmap.org/node/12552195025,43.6979137,78.7094879
node/12552195024,12552195024,node,Kazakhstan,generator,Missing output tag,none,"tags: {'generator:method': 'wind_turbine', 'generator:source': 'wind', 'power': 'generator'}",2026-04-24 03:20:40.073093,https://www.openstreetmap.org/node/12552195024,43.6959279,78.7010229
node/12552195027,12552195027,node,Kazakhstan,generator,Missing output tag,none,"tags: {'generator:method': 'wind_turbine', 'generator:source': 'wind', 'power': 'generator'}",2026-04-24 03:20:40.073111,https://www.openstreetmap.org/node/12552195027,43.7041538,78.7070739
node/11980026920,11980026920,node,Kazakhstan,generator,Missing output tag,none,"tags: {'generator:method': 'wind_turbine', 'generator:source': 'wind', 'power': 'generator'}",2026-04-24 03:20:40.073129,https://www.openstreetmap.org/node/11980026920,43.7244653,78.7783199
node/12552195026,12552195026,node,Kazakhstan,generator,Missing output tag,none,"tags: {'generator:method': 'wind_turbine', 'generator:source': 'wind', 'power': 'generator'}",2026-04-24 03:20:40.073150,https://www.openstreetmap.org/node/12552195026,43.7010241,78.7082541
node/12552195029,12552195029,node,Kazakhstan,generator,Missing output tag,none,"tags: {'generator:method': 'wind_turbine', 'generator:source': 'wind', 'power': 'generator'}",2026-04-24 03:20:40.073168,https://www.openstreetmap.org/node/12552195029,43.7061975,78.7395716
node/12552195028,12552195028,node,Kazakhstan,generator,Missing output tag,none,"tags: {'generator:method': 'wind_turbine', 'generator:source': 'wind', 'power': 'generator'}",2026-04-24 03:20:40.073186,https://www.openstreetmap.org/node/12552195028,43.7073104,78.7058884
node/12552195031,12552195031,node,Kazakhstan,generator,Missing output tag,none,"tags: {'generator:method': 'wind_turbine', 'generator:source': 'wind', 'power': 'generator'}",2026-04-24 03:20:40.073205,https://www.openstreetmap.org/node/12552195031,43.7125491,78.737179
node/12552195030,12552195030,node,Kazakhstan,generator,Missing output tag,none,"tags: {'generator:method': 'wind_turbine', 'generator:source': 'wind', 'power': 'generator'}",2026-04-24 03:20:40.073223,https://www.openstreetmap.org/node/12552195030,43.709354,78.7383807
relation/18995937,18995937,relation,Kazakhstan,plant,Capacity placeholder value,yes,Tag 'plant:output:electricity' contains placeholder value 'yes' instead of actual capacity,2026-04-24 03:20:40.074997,https://www.openstreetmap.org/relation/18995937,50.32877453470555,66.8510549761465
node/12662562901,12662562901,node,Kazakhstan,generator,Missing output tag,none,"tags: {'generator:method': 'wind_turbine', 'generator:source': 'wind', 'power': 'generator'}",2026-04-24 03:20:40.075164,https://www.openstreetmap.org/node/12662562901,50.3493191,66.8612512
node/12662562700,12662562700,node,Kazakhstan,generator,Missing output tag,none,"tags: {'generator:method': 'wind_turbine', 'generator:source': 'wind', 'power': 'generator'}",2026-04-24 03:20:40.075189,https://www.openstreetmap.org/node/12662562700,50.3410928,66.8536509
node/12662562697,12662562697,node,Kazakhstan,generator,Missing output tag,none,"tags: {'generator:method': 'wind_turbine', 'generator:source': 'wind', 'power': 'generator'}",2026-04-24 03:20:40.075211,https://www.openstreetmap.org/node/12662562697,50.3374264,66.8388699
node/12662562696,12662562696,node,Kazakhstan,generator,Missing output tag,none,"tags: {'generator:method': 'wind_turbine', 'generator:source': 'wind', 'power': 'generator'}",2026-04-24 03:20:40.075231,https://www.openstreetmap.org/node/12662562696,50.3321677,66.8414938
node/12662562699,12662562699,node,Kazakhstan,generator,Missing output tag,none,"tags: {'generator:method': 'wind_turbine', 'generator:source': 'wind', 'power': 'generator'}",2026-04-24 03:20:40.075251,https://www.openstreetmap.org/node/12662562699,50.3461571,66.8430887
node/12662562698,12662562698,node,Kazakhstan,generator,Missing output tag,none,"tags: {'generator:method': 'wind_turbine', 'generator:source': 'wind', 'power': 'generator'}",2026-04-24 03:20:40.075270,https://www.openstreetmap.org/node/12662562698,50.3431748,66.8360658
node/12662562693,12662562693,node,Kazakhstan,generator,Missing output tag,none,"tags: {'generator:method': 'wind_turbine', 'generator:source': 'wind', 'power': 'generator'}",2026-04-24 03:20:40.075290,https://www.openstreetmap.org/node/12662562693,50.3027268,66.8519633
node/12662562692,12662562692,node,Kazakhstan,generator,Missing output tag,none,"tags: {'generator:method': 'wind_turbine', 'generator:source': 'wind', 'power': 'generator'}",2026-04-24 03:20:40.075309,https://www.openstreetmap.org/node/12662562692,50.2990548,66.8540165
node/12662562695,12662562695,node,Kazakhstan,generator,Missing output tag,none,"tags: {'generator:method': 'wind_turbine', 'generator:source': 'wind', 'power': 'generator'}",2026-04-24 03:20:40.075329,https://www.openstreetmap.org/node/12662562695,50.2953106,66.8566659
node/12662562694,12662562694,node,Kazakhstan,generator,Missing output tag,none,"tags: {'generator:method': 'wind_turbine', 'generator:source': 'wind', 'power': 'generator'}",2026-04-24 03:20:40.075348,https://www.openstreetmap.org/node/12662562694,50.3067138,66.850249
node/12552195007,12552195007,node,Kazakhstan,generator,Capacity regex no match,3800 kW,Tag 'generator:output:electricity' has value '3800 kW' which could not be parsed,2026-04-24 03:20:40.076592,https://www.openstreetmap.org/node/12552195007,50.5505397,58.2264232
node/12552195006,12552195006,node,Kazakhstan,generator,Capacity regex no match,3800 kW,Tag 'generator:output:electricity' has value '3800 kW' which could not be parsed,2026-04-24 03:20:40.076623,https://www.openstreetmap.org/node/12552195006,50.5549705,58.2399201
node/12552195009,12552195009,node,Kazakhstan,generator,Capacity regex no match,3800 kW,Tag 'generator:output:electricity' has value '3800 kW' which could not be parsed,2026-04-24 03:20:40.076646,https://www.openstreetmap.org/node/12552195009,50.5459038,58.2323241
node/12552195008,12552195008,node,Kazakhstan,generator,Capacity regex no match,3800 kW,Tag 'generator:output:electricity' has value '3800 kW' which could not be parsed,2026-04-24 03:20:40.076667,https://www.openstreetmap.org/node/12552195008,50.5429448,58.2205009
node/12552195011,12552195011,node,Kazakhstan,generator,Capacity regex no match,3800 kW,Tag 'generator:output:electricity' has value '3800 kW' which could not be parsed,2026-04-24 03:20:40.076686,https://www.openstreetmap.org/node/12552195011,50.5343941,58.2338691
node/12552195010,12552195010,node,Kazakhstan,generator,Capacity regex no match,3800 kW,Tag 'generator:output:electricity' has value '3800 kW' which could not be parsed,2026-04-24 03:20:40.076705,https://www.openstreetmap.org/node/12552195010,50.541213,58.2335901
node/12552195013,12552195013,node,Kazakhstan,generator,Capacity regex no match,3800 kW,Tag 'generator:output:electricity' has value '3800 kW' which could not be parsed,2026-04-24 03:20:40.076726,https://www.openstreetmap.org/node/12552195013,50.5267148,58.2206297
node/12552195012,12552195012,node,Kazakhstan,generator,Capacity regex no match,3800 kW,Tag 'generator:output:electricity' has value '3800 kW' which could not be parsed,2026-04-24 03:20:40.076744,https://www.openstreetmap.org/node/12552195012,50.5306978,58.2271957
node/12552195015,12552195015,node,Kazakhstan,generator,Capacity regex no match,3800 kW,Tag 'generator:output:electricity' has value '3800 kW' which could not be parsed,2026-04-24 03:20:40.076763,https://www.openstreetmap.org/node/12552195015,50.5144499,58.2387185
node/12552195014,12552195014,node,Kazakhstan,generator,Capacity regex no match,3800 kW,Tag 'generator:output:electricity' has value '3800 kW' which could not be parsed,2026-04-24 03:20:40.076783,https://www.openstreetmap.org/node/12552195014,50.5211489,58.2337618
relation/19431823,19431823,relation,Kazakhstan,plant,Missing output tag,none,"tags: {'name': 'Ақмола жел электр станциясы', 'name:en': 'Akmola Wind Farm', 'name:kk': 'Ақмола жел электр станциясы', 'name:ru': 'Акмолинская ветряная электростанция', 'plant:method': 'wind_turbine', 'plant:source': 'wind', 'power': 'plant', 'site': 'wind_farm', 'type': 'site'}",2026-04-24 03:20:40.077554,https://www.openstreetmap.org/relation/19431823,51.28756399363178,72.06493217768136
node/13052275132,13052275132,node,Kazakhstan,generator,Missing output tag,none,"tags: {'generator:method': 'wind_turbine', 'generator:source': 'wind', 'power': 'generator'}",2026-04-24 03:20:40.078127,https://www.openstreetmap.org/node/13052275132,51.2971403,72.0762048
node/13052275131,13052275131,node,Kazakhstan,generator,Missing output tag,none,"tags: {'generator:method': 'wind_turbine', 'generator:source': 'wind', 'power': 'generator'}",2026-04-24 03:20:40.078155,https://www.openstreetmap.org/node/13052275131,51.2899494,72.0719116
node/13050293588,13050293588,node,Kazakhstan,generator,Missing output tag,none,"tags: {'generator:method': 'wind_turbine', 'generator:source': 'wind', 'power': 'generator'}",2026-04-24 03:20:40.078178,https://www.openstreetmap.org/node/13050293588,51.2913515,72.054285
node/13050293590,13050293590,node,Kazakhstan,generator,Missing output tag,none,"tags: {'generator:method': 'wind_turbine', 'generator:source': 'wind', 'power': 'generator'}",2026-04-24 03:20:40.078201,https://www.openstreetmap.org/node/13050293590,51.2947198,72.0532607
node/13050293589,13050293589,node,Kazakhstan,generator,Missing output tag,none,"tags: {'generator:method': 'wind_turbine', 'generator:source': 'wind', 'power': 'generator'}",2026-04-24 03:20:40.078223,https://www.openstreetmap.org/node/13050293589,51.2939223,72.0467405
node/13050293591,13050293591,node,Kazakhstan,generator,Missing output tag,none,"tags: {'generator:method': 'wind_turbine', 'generator:source': 'wind', 'power': 'generator'}",2026-04-24 03:20:40.078245,https://www.openstreetmap.org/node/13050293591,51.2955065,72.0415826
node/13050293598,13050293598,node,Kazakhstan,generator,Missing output tag,none,"tags: {'generator:method': 'wind_turbine', 'generator:source': 'wind', 'power': 'generator'}",2026-04-24 03:20:40.078266,https://www.openstreetmap.org/node/13050293598,51.3012752,72.0403475
node/13050293597,13050293597,node,Kazakhstan,generator,Missing output tag,none,"tags: {'generator:method': 'wind_turbine', 'generator:source': 'wind', 'power': 'generator'}",2026-04-24 03:20:40.078290,https://www.openstreetmap.org/node/13050293597,51.2979148,72.0255934
node/13050293592,13050293592,node,Kazakhstan,generator,Missing output tag,none,"tags: {'generator:method': 'wind_turbine', 'generator:source': 'wind', 'power': 'generator'}",2026-04-24 03:20:40.078310,https://www.openstreetmap.org/node/13050293592,51.2937901,72.0256593
node/13050293596,13050293596,node,Kazakhstan,generator,Missing output tag,none,"tags: {'generator:method': 'wind_turbine', 'generator:source': 'wind', 'power': 'generator'}",2026-04-24 03:20:40.078332,https://www.openstreetmap.org/node/13050293596,51.2873774,72.0220043
node/13050293595,13050293595,node,Kazakhstan,generator,Missing output tag,none,"tags: {'generator:method': 'wind_turbine', 'generator:source': 'wind', 'power': 'generator'}",2026-04-24 03:20:40.078354,https://www.openstreetmap.org/node/13050293595,51.2834167,72.0255804
node/13050293594,13050293594,node,Kazakhstan,generator,Missing output tag,none,"tags: {'generator:method': 'wind_turbine', 'generator:source': 'wind', 'power': 'generator'}",2026-04-24 03:20:40.078375,https://www.openstreetmap.org/node/13050293594,51.2797614,72.031862
node/13050293593,13050293593,node,Kazakhstan,generator,Missing output tag,none,"tags: {'generator:method': 'wind_turbine', 'generator:source': 'wind', 'power': 'generator'}",2026-04-24 03:20:40.078397,https://www.openstreetmap.org/node/13050293593,51.2754448,72.045112
node/13050293587,13050293587,node,Kazakhstan,generator,Missing output tag,none,"tags: {'generator:method': 'wind_turbine', 'generator:source': 'wind', 'power': 'generator'}",2026-04-24 03:20:40.078417,https://www.openstreetmap.org/node/13050293587,51.2836321,72.0586165
node/13050293586,13050293586,node,Kazakhstan,generator,Missing output tag,none,"tags: {'generator:method': 'wind_turbine', 'generator:source': 'wind', 'power': 'generator'}",2026-04-24 03:20:40.078438,https://www.openstreetmap.org/node/13050293586,51.2790947,72.0633548
node/13050293585,13050293585,node,Kazakhstan,generator,Missing output tag,none,"tags: {'generator:method': 'wind_turbine', 'generator:source': 'wind', 'power': 'generator'}",2026-04-24 03:20:40.078460,https://www.openstreetmap.org/node/13050293585,51.2761789,72.0693756
node/13050293584,13050293584,node,Kazakhstan,generator,Missing output tag,none,"tags: {'generator:method': 'wind_turbine', 'generator:source': 'wind', 'power': 'generator'}",2026-04-24 03:20:40.078480,https://www.openstreetmap.org/node/13050293584,51.2721478,72.0718076
node/13050293583,13050293583,node,Kazakhstan,generator,Missing output tag,none,"tags: {'generator:method': 'wind_turbine', 'generator:source': 'wind', 'power': 'generator'}",2026-04-24 03:20:40.078501,https://www.openstreetmap.org/node/13050293583,51.2682753,72.0721785
node/13050293582,13050293582,node,Kazakhstan,generator,Missing output tag,none,"tags: {'generator:method': 'wind_turbine', 'generator:source': 'wind', 'power': 'generator'}",2026-04-24 03:20:40.078522,https://www.openstreetmap.org/node/13050293582,51.2645594,72.0714933
node/13052275174,13052275174,node,Kazakhstan,generator,Missing output tag,none,"tags: {'generator:method': 'wind_turbine', 'generator:source': 'wind', 'power': 'generator'}",2026-04-24 03:20:40.078542,https://www.openstreetmap.org/node/13052275174,51.2684147,72.0856607
node/13052299818,13052299818,node,Kazakhstan,generator,Missing output tag,none,"tags: {'generator:method': 'wind_turbine', 'generator:source': 'wind', 'power': 'generator'}",2026-04-24 03:20:40.078562,https://www.openstreetmap.org/node/13052299818,51.2627436,72.090495
node/13052275173,13052275173,node,Kazakhstan,generator,Missing output tag,none,"tags: {'generator:method': 'wind_turbine', 'generator:source': 'wind', 'power': 'generator'}",2026-04-24 03:20:40.078583,https://www.openstreetmap.org/node/13052275173,51.2710399,72.0967048
node/13052275172,13052275172,node,Kazakhstan,generator,Missing output tag,none,"tags: {'generator:method': 'wind_turbine', 'generator:source': 'wind', 'power': 'generator'}",2026-04-24 03:20:40.078603,https://www.openstreetmap.org/node/13052275172,51.2777312,72.1100698
node/13052275143,13052275143,node,Kazakhstan,generator,Missing output tag,none,"tags: {'generator:method': 'wind_turbine', 'generator:source': 'wind', 'power': 'generator'}",2026-04-24 03:20:40.078624,https://www.openstreetmap.org/node/13052275143,51.2810357,72.1218108
node/13052275142,13052275142,node,Kazakhstan,generator,Missing output tag,none,"tags: {'generator:method': 'wind_turbine', 'generator:source': 'wind', 'power': 'generator'}",2026-04-24 03:20:40.078645,https://www.openstreetmap.org/node/13052275142,51.2817678,72.1315099
node/13050293581,13050293581,node,Kazakhstan,generator,Missing output tag,none,"tags: {'generator:method': 'wind_turbine', 'generator:source': 'wind', 'power': 'generator'}",2026-04-24 03:20:40.078665,https://www.openstreetmap.org/node/13050293581,51.2582598,72.0782002
node/13052299820,13052299820,node,Kazakhstan,generator,Missing output tag,none,"tags: {'generator:method': 'wind_turbine', 'generator:source': 'wind', 'power': 'generator'}",2026-04-24 03:20:40.078686,https://www.openstreetmap.org/node/13052299820,51.2580368,72.0902859
node/13052299819,13052299819,node,Kazakhstan,generator,Missing output tag,none,"tags: {'generator:method': 'wind_turbine', 'generator:source': 'wind', 'power': 'generator'}",2026-04-24 03:20:40.078706,https://www.openstreetmap.org/node/13052299819,51.2572267,72.0966735
node/13052299821,13052299821,node,Kazakhstan,generator,Missing output tag,none,"tags: {'generator:method': 'wind_turbine', 'generator:source': 'wind', 'power': 'generator'}",2026-04-24 03:20:40.078726,https://www.openstreetmap.org/node/13052299821,51.2534057,72.0900718
node/13050359410,13050359410,node,Kazakhstan,generator,Missing output tag,none,"tags: {'generator:method': 'wind_turbine', 'generator:source': 'wind', 'power': 'generator'}",2026-04-24 03:20:40.078746,https://www.openstreetmap.org/node/13050359410,51.2718596,72.1664564
node/13050359409,13050359409,node,Kazakhstan,generator,Missing output tag,none,"tags: {'generator:method': 'wind_turbine', 'generator:source': 'wind', 'power': 'generator'}",2026-04-24 03:20:40.078767,https://www.openstreetmap.org/node/13050359409,51.2680502,72.1706324
node/13050359408,13050359408,node,Kazakhstan,generator,Missing output tag,none,"tags: {'generator:method': 'wind_turbine', 'generator:source': 'wind', 'power': 'generator'}",2026-04-24 03:20:40.078787,https://www.openstreetmap.org/node/13050359408,51.2644527,72.1754299
node/13050359407,13050359407,node,Kazakhstan,generator,Missing output tag,none,"tags: {'generator:method': 'wind_turbine', 'generator:source': 'wind', 'power': 'generator'}",2026-04-24 03:20:40.078807,https://www.openstreetmap.org/node/13050359407,51.259757,72.1788665
node/13050359406,13050359406,node,Kazakhstan,generator,Missing output tag,none,"tags: {'generator:method': 'wind_turbine', 'generator:source': 'wind', 'power': 'generator'}",2026-04-24 03:20:40.078828,https://www.openstreetmap.org/node/13050359406,51.2552236,72.1820481
node/13050359403,13050359403,node,Kazakhstan,generator,Missing output tag,none,"tags: {'generator:method': 'wind_turbine', 'generator:source': 'wind', 'power': 'generator'}",2026-04-24 03:20:40.078849,https://www.openstreetmap.org/node/13050359403,51.2517618,72.1634269
node/13050359402,13050359402,node,Kazakhstan,generator,Missing output tag,none,"tags: {'generator:method': 'wind_turbine', 'generator:source': 'wind', 'power': 'generator'}",2026-04-24 03:20:40.078870,https://www.openstreetmap.org/node/13050359402,51.2531025,72.1559712
node/13050293599,13050293599,node,Kazakhstan,generator,Missing output tag,none,"tags: {'generator:method': 'wind_turbine', 'generator:source': 'wind', 'power': 'generator'}",2026-04-24 03:20:40.078891,https://www.openstreetmap.org/node/13050293599,51.2524786,72.132176
node/13050293600,13050293600,node,Kazakhstan,generator,Missing output tag,none,"tags: {'generator:method': 'wind_turbine', 'generator:source': 'wind', 'power': 'generator'}",2026-04-24 03:20:40.078913,https://www.openstreetmap.org/node/13050293600,51.2565676,72.1418455
node/13050359401,13050359401,node,Kazakhstan,generator,Missing output tag,none,"tags: {'generator:method': 'wind_turbine', 'generator:source': 'wind', 'power': 'generator'}",2026-04-24 03:20:40.078934,https://www.openstreetmap.org/node/13050359401,51.2526484,72.1482003
node/13050359404,13050359404,node,Kazakhstan,generator,Missing output tag,none,"tags: {'generator:method': 'wind_turbine', 'generator:source': 'wind', 'power': 'generator'}",2026-04-24 03:20:40.078971,https://www.openstreetmap.org/node/13050359404,51.2350671,72.1594171
node/13050359405,13050359405,node,Kazakhstan,generator,Missing output tag,none,"tags: {'generator:method': 'wind_turbine', 'generator:source': 'wind', 'power': 'generator'}",2026-04-24 03:20:40.078994,https://www.openstreetmap.org/node/13050359405,51.2347379,72.1510871
relation/19949799,19949799,relation,Kazakhstan,plant,Capacity placeholder value,yes,Tag 'plant:output:electricity' contains placeholder value 'yes' instead of actual capacity,2026-04-24 03:20:40.081893,https://www.openstreetmap.org/relation/19949799,51.65835027661591,73.0530382775793
node/13369713314,13369713314,node,Kazakhstan,generator,Missing output tag,none,"tags: {'generator:method': 'wind_turbine', 'generator:source': 'wind', 'generator:type': 'horizontal_axis', 'power': 'generator'}",2026-04-24 03:20:40.082184,https://www.openstreetmap.org/node/13369713314,51.6592195,73.0408859
node/13369713313,13369713313,node,Kazakhstan,generator,Missing output tag,none,"tags: {'generator:method': 'wind_turbine', 'generator:source': 'wind', 'generator:type': 'horizontal_axis', 'power': 'generator'}",2026-04-24 03:20:40.082214,https://www.openstreetmap.org/node/13369713313,51.6618018,73.040843
node/13369713316,13369713316,node,Kazakhstan,generator,Missing output tag,none,"tags: {'generator:method': 'wind_turbine', 'generator:source': 'wind', 'generator:type': 'horizontal_axis', 'power': 'generator'}",2026-04-24 03:20:40.082240,https://www.openstreetmap.org/node/13369713316,51.6588468,73.0509281
node/13369713315,13369713315,node,Kazakhstan,generator,Missing output tag,none,"tags: {'generator:method': 'wind_turbine', 'generator:source': 'wind', 'generator:type': 'horizontal_axis', 'power': 'generator'}",2026-04-24 03:20:40.082264,https://www.openstreetmap.org/node/13369713315,51.6598318,73.0462074
node/13369713318,13369713318,node,Kazakhstan,generator,Missing output tag,none,"tags: {'generator:method': 'wind_turbine', 'generator:source': 'wind', 'generator:type': 'horizontal_axis', 'power': 'generator'}",2026-04-24 03:20:40.082288,https://www.openstreetmap.org/node/13369713318,51.6565306,73.0587816
node/13369713317,13369713317,node,Kazakhstan,generator,Missing output tag,none,"tags: {'generator:method': 'wind_turbine', 'generator:source': 'wind', 'generator:type': 'horizontal_axis', 'power': 'generator'}",2026-04-24 03:20:40.082313,https://www.openstreetmap.org/node/13369713317,51.6581546,73.0549621
node/13369713320,13369713320,node,Kazakhstan,generator,Missing output tag,none,"tags: {'generator:method': 'wind_turbine', 'generator:source': 'wind', 'generator:type': 'horizontal_axis', 'power': 'generator'}",2026-04-24 03:20:40.082336,https://www.openstreetmap.org/node/13369713320,51.6543741,73.0624723
node/13369713319,13369713319,node,Kazakhstan,generator,Missing output tag,none,"tags: {'generator:method': 'wind_turbine', 'generator:source': 'wind', 'generator:type': 'horizontal_axis', 'power': 'generator'}",2026-04-24 03:20:40.082359,https://www.openstreetmap.org/node/13369713319,51.6535221,73.0586958
node/13369713329,13369713329,node,Kazakhstan,generator,Missing output tag,none,"tags: {'generator:method': 'wind_turbine', 'generator:source': 'wind', 'generator:type': 'horizontal_axis', 'power': 'generator'}",2026-04-24 03:20:40.082381,https://www.openstreetmap.org/node/13369713329,51.6662738,73.0468511
node/13369713330,13369713330,node,Kazakhstan,generator,Missing output tag,none,"tags: {'generator:method': 'wind_turbine', 'generator:source': 'wind', 'generator:type': 'horizontal_axis', 'power': 'generator'}",2026-04-24 03:20:40.082404,https://www.openstreetmap.org/node/13369713330,51.6649429,73.04286
node/13369713322,13369713322,node,Kazakhstan,generator,Missing output tag,none,"tags: {'generator:method': 'wind_turbine', 'generator:source': 'wind', 'generator:type': 'horizontal_axis', 'power': 'generator'}",2026-04-24 03:20:40.082427,https://www.openstreetmap.org/node/13369713322,51.6522706,73.0643177
node/13369713321,13369713321,node,Kazakhstan,generator,Missing output tag,none,"tags: {'generator:method': 'wind_turbine', 'generator:source': 'wind', 'generator:type': 'horizontal_axis', 'power': 'generator'}",2026-04-24 03:20:40.082449,https://www.openstreetmap.org/node/13369713321,51.6493417,73.061614
node/13369713324,13369713324,node,Kazakhstan,generator,Missing output tag,none,"tags: {'generator:method': 'wind_turbine', 'generator:source': 'wind', 'generator:type': 'horizontal_axis', 'power': 'generator'}",2026-04-24 03:20:40.082472,https://www.openstreetmap.org/node/13369713324,51.6572761,73.062129
node/13369713323,13369713323,node,Kazakhstan,generator,Missing output tag,none,"tags: {'generator:method': 'wind_turbine', 'generator:source': 'wind', 'generator:type': 'horizontal_axis', 'power': 'generator'}",2026-04-24 03:20:40.082496,https://www.openstreetmap.org/node/13369713323,51.6559715,73.0652189
node/13369713326,13369713326,node,Kazakhstan,generator,Missing output tag,none,"tags: {'generator:method': 'wind_turbine', 'generator:source': 'wind', 'generator:type': 'horizontal_axis', 'power': 'generator'}",2026-04-24 03:20:40.082520,https://www.openstreetmap.org/node/13369713326,51.6606571,73.057065
node/13369713325,13369713325,node,Kazakhstan,generator,Missing output tag,none,"tags: {'generator:method': 'wind_turbine', 'generator:source': 'wind', 'generator:type': 'horizontal_axis', 'power': 'generator'}",2026-04-24 03:20:40.082544,https://www.openstreetmap.org/node/13369713325,51.6587669,73.0589532
node/13369713328,13369713328,node,Kazakhstan,generator,Missing output tag,none,"tags: {'generator:method': 'wind_turbine', 'generator:source': 'wind', 'generator:type': 'horizontal_axis', 'power': 'generator'}",2026-04-24 03:20:40.082567,https://www.openstreetmap.org/node/13369713328,51.6650227,73.0510568
node/13369713327,13369713327,node,Kazakhstan,generator,Missing output tag,none,"tags: {'generator:method': 'wind_turbine', 'generator:source': 'wind', 'generator:type': 'horizontal_axis', 'power': 'generator'}",2026-04-24 03:20:40.082591,https://www.openstreetmap.org/node/13369713327,51.6635321,73.0546188
relation/19949801,19949801,relation,Kazakhstan,plant,Capacity placeholder value,yes,Tag 'plant:output:electricity' contains placeholder value 'yes' instead of actual capacity,2026-04-24 03:20:40.084170,https://www.openstreetmap.org/relation/19949801,51.78206333700154,72.77001284382384
node/13369717408,13369717408,node,Kazakhstan,generator,Missing output tag,none,"tags: {'generator:method': 'wind_turbine', 'generator:source': 'wind', 'generator:type': 'horizontal_axis', 'power': 'generator'}",2026-04-24 03:20:40.084353,https://www.openstreetmap.org/node/13369717408,51.7738948,72.7495765
node/13369717407,13369717407,node,Kazakhstan,generator,Missing output tag,none,"tags: {'generator:method': 'wind_turbine', 'generator:source': 'wind', 'generator:type': 'horizontal_axis', 'power': 'generator'}",2026-04-24 03:20:40.084382,https://www.openstreetmap.org/node/13369717407,51.7758332,72.7538251
node/13369704800,13369704800,node,Kazakhstan,generator,Missing output tag,none,"tags: {'generator:method': 'wind_turbine', 'generator:source': 'wind', 'generator:type': 'horizontal_axis', 'power': 'generator'}",2026-04-24 03:20:40.084407,https://www.openstreetmap.org/node/13369704800,51.7875683,72.7786731
node/13369704799,13369704799,node,Kazakhstan,generator,Missing output tag,none,"tags: {'generator:method': 'wind_turbine', 'generator:source': 'wind', 'generator:type': 'horizontal_axis', 'power': 'generator'}",2026-04-24 03:20:40.084432,https://www.openstreetmap.org/node/13369704799,51.7875152,72.7722787
node/13369717402,13369717402,node,Kazakhstan,generator,Missing output tag,none,"tags: {'generator:method': 'wind_turbine', 'generator:source': 'wind', 'generator:type': 'horizontal_axis', 'power': 'generator'}",2026-04-24 03:20:40.084455,https://www.openstreetmap.org/node/13369717402,51.7835065,72.7809047
node/13369717401,13369717401,node,Kazakhstan,generator,Missing output tag,none,"tags: {'generator:method': 'wind_turbine', 'generator:source': 'wind', 'generator:type': 'horizontal_axis', 'power': 'generator'}",2026-04-24 03:20:40.084477,https://www.openstreetmap.org/node/13369717401,51.7872497,72.7865696
node/13369717404,13369717404,node,Kazakhstan,generator,Missing output tag,none,"tags: {'generator:method': 'wind_turbine', 'generator:source': 'wind', 'generator:type': 'horizontal_axis', 'power': 'generator'}",2026-04-24 03:20:40.084500,https://www.openstreetmap.org/node/13369717404,51.7802409,72.7715063
node/13369717403,13369717403,node,Kazakhstan,generator,Missing output tag,none,"tags: {'generator:method': 'wind_turbine', 'generator:source': 'wind', 'generator:type': 'horizontal_axis', 'power': 'generator'}",2026-04-24 03:20:40.084523,https://www.openstreetmap.org/node/13369717403,51.7803471,72.7760124
node/13369717406,13369717406,node,Kazakhstan,generator,Missing output tag,none,"tags: {'generator:method': 'wind_turbine', 'generator:source': 'wind', 'generator:type': 'horizontal_axis', 'power': 'generator'}",2026-04-24 03:20:40.084546,https://www.openstreetmap.org/node/13369717406,51.7784088,72.7596616
node/13369717405,13369717405,node,Kazakhstan,generator,Missing output tag,none,"tags: {'generator:method': 'wind_turbine', 'generator:source': 'wind', 'generator:type': 'horizontal_axis', 'power': 'generator'}",2026-04-24 03:20:40.084568,https://www.openstreetmap.org/node/13369717405,51.7799753,72.7670002
node/13369704798,13369704798,node,Kazakhstan,generator,Missing output tag,none,"tags: {'generator:method': 'wind_turbine', 'generator:source': 'wind', 'generator:type': 'horizontal_axis', 'power': 'generator'}",2026-04-24 03:20:40.084596,https://www.openstreetmap.org/node/13369704798,51.7835065,72.7725362
way/47883793,47883793,way,Kazakhstan,plant,Missing source tag,none,"tags: {'addr:country': 'KZ', 'building:levels': '5', 'landuse': 'industrial', 'name': 'Теплопункт', 'power': 'plant'}",2026-04-24 03:20:40.089337,https://www.openstreetmap.org/way/47883793,50.39715659632502,80.2076251928137
way/124996354,124996354,way,Kazakhstan,plant,Missing source tag,none,"tags: {'building': 'yes', 'landuse': 'industrial', 'power': 'plant'}",2026-04-24 03:20:40.090114,https://www.openstreetmap.org/way/124996354,47.1111688977702,51.931880558406654
way/178324891,178324891,way,Kazakhstan,plant,Missing source tag,none,"tags: {'description': 'Локальная котельная', 'landuse': 'industrial', 'name': 'Окжетпес', 'power': 'plant'}",2026-04-24 03:20:40.093148,https://www.openstreetmap.org/way/178324891,50.089852872993646,72.90518419638681
way/206247703,206247703,way,Kazakhstan,plant,Missing source tag,none,"tags: {'barrier': 'fence', 'int_name': 'Transénergo qazandığı', 'landuse': 'industrial', 'name': 'Трансэнерго қазандығы', 'name:kk': 'Трансэнерго қазандығы', 'name:ru': 'Котельная Трансэнерго', 'power': 'plant'}",2026-04-24 03:20:40.094231,https://www.openstreetmap.org/way/206247703,50.2741754335964,57.127994479668565
way/224369643,224369643,way,Kazakhstan,plant,Missing output tag,none,"tags: {'barrier': 'wall', 'landuse': 'industrial', 'name': 'ТЭЦ-3', 'plant:source': 'gas', 'power': 'plant'}",2026-04-24 03:20:40.095704,https://www.openstreetmap.org/way/224369643,43.59702059648308,51.289477476486574
way/227669794,227669794,way,Kazakhstan,plant,Missing source tag,none,"tags: {'alt_name': 'Tengiz Field Power Plant', 'landuse': 'industrial', 'name': 'ЗВП / SGP', 'power': 'plant'}",2026-04-24 03:20:40.096424,https://www.openstreetmap.org/way/227669794,46.150577946868204,53.40874072101361
way/228992266,228992266,way,Kazakhstan,plant,Capacity placeholder value,yes,Tag 'plant:output:electricity' contains placeholder value 'yes' instead of actual capacity,2026-04-24 03:20:40.096643,https://www.openstreetmap.org/way/228992266,51.27341020537469,51.482980351474104
way/235606906,235606906,way,Kazakhstan,plant,Missing output tag,none,"tags: {'addr:city': 'Алматы', 'addr:country': 'KZ', 'building': 'yes', 'name': 'ГЭС 7', 'plant:source': 'hydro', 'power': 'plant'}",2026-04-24 03:20:40.097235,https://www.openstreetmap.org/way/235606906,43.16412688150469,76.8952648951853
way/273639982,273639982,way,Kazakhstan,plant,Missing source tag,none,"tags: {'landuse': 'industrial', 'name': 'ТЭЦ', 'power': 'plant'}",2026-04-24 03:20:40.098488,https://www.openstreetmap.org/way/273639982,47.89282872224895,67.51669205621629
way/280175799,280175799,way,Kazakhstan,plant,Missing source tag,none,"tags: {'barrier': 'fence', 'landuse': 'industrial', 'power': 'plant'}",2026-04-24 03:20:40.098763,https://www.openstreetmap.org/way/280175799,46.173108735018346,53.4088534313429
way/288740360,288740360,way,Kazakhstan,plant,Missing source tag,none,"tags: {'addr:housenumber': '1Б', 'addr:street': 'Олимпийская', 'landuse': 'industrial', 'power': 'plant'}",2026-04-24 03:20:40.098935,https://www.openstreetmap.org/way/288740360,43.192061908937895,76.9683603747895
way/292268792,292268792,way,Kazakhstan,plant,Missing output tag,none,"tags: {'building': 'yes', 'name': 'Uspenovskaya HPS', 'plant:source': 'hydro', 'power': 'plant'}",2026-04-24 03:20:40.099151,https://www.openstreetmap.org/way/292268792,45.78943419994279,80.99029722155753
way/304261407,304261407,way,Kazakhstan,plant,Capacity placeholder value,yes,Tag 'plant:output:electricity' contains placeholder value 'yes' instead of actual capacity,2026-04-24 03:20:40.100067,https://www.openstreetmap.org/way/304261407,46.178388782688074,53.41009625410456
way/328327402,328327402,way,Kazakhstan,plant,Missing source tag,none,"tags: {'landuse': 'industrial', 'power': 'plant'}",2026-04-24 03:20:40.101391,https://www.openstreetmap.org/way/328327402,51.674288698993436,71.01707560573098
way/334515716,334515716,way,Kazakhstan,plant,Missing source tag,none,"tags: {'landuse': 'industrial', 'power': 'plant'}",2026-04-24 03:20:40.102637,https://www.openstreetmap.org/way/334515716,47.10432309714096,51.90209422532941
way/360851906,360851906,way,Kazakhstan,plant,Missing source tag,none,"tags: {'addr:city': 'Зачаганск', 'addr:place': 'Новый Микрорайон', 'addr:postcode': '090009', 'building': 'yes', 'building:levels': '1.5', 'landuse': 'industrial', 'plant:output:hot_water': 'yes', 'power': 'plant'}",2026-04-24 03:20:40.103459,https://www.openstreetmap.org/way/360851906,51.182322299999996,51.29711299999999
way/361903823,361903823,way,Kazakhstan,plant,Missing source tag,none,"tags: {'landuse': 'industrial', 'power': 'plant'}",2026-04-24 03:20:40.104024,https://www.openstreetmap.org/way/361903823,43.86842326950029,68.74548199109354
way/405371219,405371219,way,Kazakhstan,plant,Missing source tag,none,"tags: {'plant:output:hot_water': 'yes', 'power': 'plant'}",2026-04-24 03:20:40.104185,https://www.openstreetmap.org/way/405371219,43.16252433204756,76.41053465996477
way/440170055,440170055,way,Kazakhstan,plant,Missing source tag,none,"tags: {'area': 'yes', 'name': 'ТЭЦ', 'power': 'plant'}",2026-04-24 03:20:40.104377,https://www.openstreetmap.org/way/440170055,44.860265997611265,78.74284809826077
way/459220882,459220882,way,Kazakhstan,plant,Missing source tag,none,"tags: {'landuse': 'industrial', 'name': 'Котельная родильного дома', 'power': 'plant', 'power:output:hot_water': 'yes'}",2026-04-24 03:20:40.105082,https://www.openstreetmap.org/way/459220882,49.907553047502624,73.08637093192105
way/496083531,496083531,way,Kazakhstan,plant,Missing source tag,none,"tags: {'landuse': 'industrial', 'power': 'plant'}",2026-04-24 03:20:40.106874,https://www.openstreetmap.org/way/496083531,51.29015762926722,70.13652748085711
way/498312703,498312703,way,Kazakhstan,plant,Missing source tag,none,"tags: {'landuse': 'industrial', 'power': 'plant'}",2026-04-24 03:20:40.107064,https://www.openstreetmap.org/way/498312703,50.951384350000005,53.073452900000014
way/525117998,525117998,way,Kazakhstan,plant,Missing source tag,none,"tags: {'landuse': 'industrial', 'operator': 'Кочегарка', 'power': 'plant'}",2026-04-24 03:20:40.107224,https://www.openstreetmap.org/way/525117998,52.550857520490524,64.85887955836154
way/542275676,542275676,way,Kazakhstan,plant,Missing source tag,none,"tags: {'landuse': 'industrial', 'power': 'plant'}",2026-04-24 03:20:40.108890,https://www.openstreetmap.org/way/542275676,49.902417329446926,73.09535678186343
way/551742165,551742165,way,Kazakhstan,plant,Missing source tag,none,"tags: {'addr:housenumber': '309', 'addr:street': 'улица Керей-Жанибек хандар', 'landuse': 'industrial', 'name': 'ГЭС №12', 'power': 'plant'}",2026-04-24 03:20:40.109354,https://www.openstreetmap.org/way/551742165,43.173402149999994,77.0140066
way/555086268,555086268,way,Kazakhstan,plant,Missing source tag,none,"tags: {'landuse': 'industrial', 'power': 'plant'}",2026-04-24 03:20:40.109513,https://www.openstreetmap.org/way/555086268,51.30693944999999,70.074324
way/592249195,592249195,way,Kazakhstan,plant,Missing source tag,none,"tags: {'landuse': 'industrial', 'power': 'plant'}",2026-04-24 03:20:40.109854,https://www.openstreetmap.org/way/592249195,52.19908570106823,61.184459496488095
way/594831259,594831259,way,Kazakhstan,plant,Missing source tag,none,"tags: {'landuse': 'industrial', 'power': 'plant'}",2026-04-24 03:20:40.110041,https://www.openstreetmap.org/way/594831259,51.678284549999994,71.01934205
way/622731379,622731379,way,Kazakhstan,plant,Capacity zero,0 MW,Tag 'plant:output:electricity' parsed to zero capacity from value '0 MW',2026-04-24 03:20:40.110336,https://www.openstreetmap.org/way/622731379,51.20989529507572,71.42912420944391
way/650727860,650727860,way,Kazakhstan,plant,Missing source tag,none,"tags: {'building': 'service', 'building:levels': '1', 'landuse': 'industrial', 'plant:output:hot_water': 'yes', 'power': 'plant'}",2026-04-24 03:20:40.110511,https://www.openstreetmap.org/way/650727860,47.107808176155714,51.905602418517276
way/652311659,652311659,way,Kazakhstan,plant,Missing source tag,none,"tags: {'landuse': 'industrial', 'power': 'plant'}",2026-04-24 03:20:40.110670,https://www.openstreetmap.org/way/652311659,49.90121571250035,73.08893667337611
way/654643972,654643972,way,Kazakhstan,plant,Missing source tag,none,"tags: {'landuse': 'industrial', 'power': 'plant'}",2026-04-24 03:20:40.110827,https://www.openstreetmap.org/way/654643972,47.1119941,51.86705215
way/654643973,654643973,way,Kazakhstan,plant,Missing source tag,none,"tags: {'landuse': 'industrial', 'power': 'plant'}",2026-04-24 03:20:40.111007,https://www.openstreetmap.org/way/654643973,47.11202437716395,51.866802643196436
way/680721926,680721926,way,Kazakhstan,plant,Missing source tag,none,"tags: {'landuse': 'industrial', 'power': 'plant'}",2026-04-24 03:20:40.111659,https://www.openstreetmap.org/way/680721926,44.91578482726666,78.47484289347784
way/712568117,712568117,way,Kazakhstan,plant,Missing source tag,none,"tags: {'landuse': 'industrial', 'power': 'plant'}",2026-04-24 03:20:40.111815,https://www.openstreetmap.org/way/712568117,47.104254575499866,51.90180582970348
way/730656156,730656156,way,Kazakhstan,plant,Missing source tag,none,"tags: {'landuse': 'industrial', 'name': 'котельная', 'power': 'plant'}",2026-04-24 03:20:40.112013,https://www.openstreetmap.org/way/730656156,44.31325798380511,66.45919879244548
way/757299446,757299446,way,Kazakhstan,plant,Missing source tag,none,"tags: {'landuse': 'industrial', 'name': 'улица Котельная', 'power': 'plant'}",2026-04-24 03:20:40.113733,https://www.openstreetmap.org/way/757299446,45.40798545987721,79.93397959514323
way/761633367,761633367,way,Kazakhstan,plant,Missing source tag,none,"tags: {'landuse': 'industrial', 'power': 'plant'}",2026-04-24 03:20:40.113894,https://www.openstreetmap.org/way/761633367,47.102713508796825,51.905811224136656
way/761641102,761641102,way,Kazakhstan,plant,Missing source tag,none,"tags: {'landuse': 'industrial', 'power': 'plant'}",2026-04-24 03:20:40.114083,https://www.openstreetmap.org/way/761641102,47.10431950000001,51.90325384999999
way/762640606,762640606,way,Kazakhstan,plant,Missing output tag,none,"tags: {'landuse': 'industrial', 'plant:source': 'coal', 'power': 'plant'}",2026-04-24 03:20:40.114341,https://www.openstreetmap.org/way/762640606,52.060335239775064,72.02392118566169
way/766144773,766144773,way,Kazakhstan,plant,Missing output tag,none,"tags: {'building': 'yes', 'name': 'Antonovskaya', 'plant:source': 'hydro', 'power': 'plant'}",2026-04-24 03:20:40.114513,https://www.openstreetmap.org/way/766144773,45.700626118339216,80.28978201361473
way/774937728,774937728,way,Kazakhstan,plant,Missing source tag,none,"tags: {'landuse': 'industrial', 'name': 'котельный', 'power': 'plant'}",2026-04-24 03:20:40.114687,https://www.openstreetmap.org/way/774937728,46.79098120293002,61.6638924331856
way/775681562,775681562,way,Kazakhstan,plant,Missing output tag,none,"tags: {'building': 'yes', 'layer': '1', 'name': 'Sarkand', 'plant:source': 'hydro', 'power': 'plant'}",2026-04-24 03:20:40.114851,https://www.openstreetmap.org/way/775681562,45.38885036071744,79.91966403867507
way/780739499,780739499,way,Kazakhstan,plant,Missing output tag,none,"tags: {'name': 'Nizhne-Baskansk HPP-1', 'plant:source': 'hydro', 'power': 'plant', 'waterway': 'dam'}",2026-04-24 03:20:40.115088,https://www.openstreetmap.org/way/780739499,45.428255020605135,80.04896692755625
way/815433221,815433221,way,Kazakhstan,plant,Capacity placeholder value,yes,Tag 'plant:output:electricity' contains placeholder value 'yes' instead of actual capacity,2026-04-24 03:20:40.115648,https://www.openstreetmap.org/way/815433221,42.721980295152996,70.8118216384888
way/838650437,838650437,way,Kazakhstan,plant,Missing source tag,none,"tags: {'landuse': 'industrial', 'name': 'Котельная', 'power': 'plant'}",2026-04-24 03:20:40.115806,https://www.openstreetmap.org/way/838650437,43.178962537037364,76.96563444932414
way/849698011,849698011,way,Kazakhstan,plant,Missing source tag,none,"tags: {'addr:country': 'KZ', 'building': 'yes', 'power': 'plant'}",2026-04-24 03:20:40.116404,https://www.openstreetmap.org/way/849698011,49.20792278187912,84.50239554663614
way/864295614,864295614,way,Kazakhstan,plant,Capacity regex no match,50 MWp,Tag 'plant:output:electricity' has value '50 MWp' which could not be parsed,2026-04-24 03:20:40.119846,https://www.openstreetmap.org/way/864295614,48.287070432399936,72.90923289004844
way/890783019,890783019,way,Kazakhstan,plant,Missing source tag,none,"tags: {'landuse': 'industrial', 'power': 'plant'}",2026-04-24 03:20:40.120493,https://www.openstreetmap.org/way/890783019,44.92291570124971,78.47902213142966
way/905558594,905558594,way,Kazakhstan,plant,Capacity placeholder value,yes,Tag 'plant:output:electricity' contains placeholder value 'yes' instead of actual capacity,2026-04-24 03:20:40.120736,https://www.openstreetmap.org/way/905558594,50.30566866755258,83.52591263114084
way/905560573,905560573,way,Kazakhstan,plant,Capacity placeholder value,yes,Tag 'plant:output:electricity' contains placeholder value 'yes' instead of actual capacity,2026-04-24 03:20:40.120986,https://www.openstreetmap.org/way/905560573,50.34569579835527,83.46896058148587
way/945660241,945660241,way,Kazakhstan,plant,Missing source tag,none,"tags: {'landuse': 'industrial', 'name': 'АБУ Котельная', 'power': 'plant'}",2026-04-24 03:20:40.121309,https://www.openstreetmap.org/way/945660241,48.645538296629574,73.91999117397587
way/945690461,945690461,way,Kazakhstan,plant,Missing source tag,none,"tags: {'int_name': 'Qazandıq', 'landuse': 'industrial', 'name': 'Қазандық', 'name:kk': 'Қазандық', 'name:ru': 'Котельная', 'power': 'plant'}",2026-04-24 03:20:40.121467,https://www.openstreetmap.org/way/945690461,48.6434206782858,73.93049588303133
way/945690462,945690462,way,Kazakhstan,plant,Missing source tag,none,"tags: {'landuse': 'industrial', 'name': 'ГПП', 'power': 'plant'}",2026-04-24 03:20:40.121630,https://www.openstreetmap.org/way/945690462,48.64289849508314,73.93033293319449
way/954857252,954857252,way,Kazakhstan,plant,Missing source tag,none,"tags: {'landuse': 'industrial', 'power': 'plant'}",2026-04-24 03:20:40.122039,https://www.openstreetmap.org/way/954857252,50.24155676871309,73.40226447346103
way/958364723,958364723,way,Kazakhstan,plant,Missing source tag,none,"tags: {'addr:housenumber': '1б', 'addr:street': 'Мустафы Шокай', 'building': 'yes', 'landuse': 'industrial', 'power': 'plant'}",2026-04-24 03:20:40.122211,https://www.openstreetmap.org/way/958364723,44.16701718777891,66.736828661831
way/974864420,974864420,way,Kazakhstan,plant,Missing source tag,none,"tags: {'landuse': 'industrial', 'name': 'АБУ подстанция', 'power': 'plant', 'substation': 'yes'}",2026-04-24 03:20:40.122366,https://www.openstreetmap.org/way/974864420,48.64536023598168,73.91991577110427
way/975117657,975117657,way,Kazakhstan,plant,Missing source tag,none,"tags: {'landuse': 'industrial', 'power': 'plant'}",2026-04-24 03:20:40.122542,https://www.openstreetmap.org/way/975117657,47.638963791224114,51.64986829078146
way/1024500421,1024500421,way,Kazakhstan,plant,Missing output tag,none,"tags: {'plant:source': 'solar', 'power': 'plant'}",2026-04-24 03:20:40.123797,https://www.openstreetmap.org/way/1024500421,42.39854408824029,69.35736602001832
way/1031905821,1031905821,way,Kazakhstan,plant,Missing source tag,none,"tags: {'landuse': 'industrial', 'layer': '-1', 'name': 'АлматыЭнергоСбыт', 'power': 'plant'}",2026-04-24 03:20:40.123988,https://www.openstreetmap.org/way/1031905821,43.594974156472325,78.2554438813806
way/1054469775,1054469775,way,Kazakhstan,plant,Capacity regex no match,43200 kW,Tag 'plant:output:electricity' has value '43200 kW' which could not be parsed,2026-04-24 03:20:40.124229,https://www.openstreetmap.org/way/1054469775,44.456423064672585,50.3046514150047
way/1059363795,1059363795,way,Kazakhstan,plant,Capacity placeholder value,yes,Tag 'plant:output:electricity' contains placeholder value 'yes' instead of actual capacity,2026-04-24 03:20:40.124401,https://www.openstreetmap.org/way/1059363795,45.621973197129314,63.323081024891586
way/1074847202,1074847202,way,Kazakhstan,plant,Capacity placeholder value,yes,Tag 'plant:output:electricity' contains placeholder value 'yes' instead of actual capacity,2026-04-24 03:20:40.126058,https://www.openstreetmap.org/way/1074847202,43.9065659863373,77.70149529488349
way/1085062648,1085062648,way,Kazakhstan,plant,Missing source tag,none,"tags: {'addr:housenumber': '37', 'addr:street': 'улица Ходжанова', 'landuse': 'industrial', 'name': 'Южная', 'operator': 'ЮРК', 'plant:output:hot_water': 'yes', 'power': 'plant'}",2026-04-24 03:20:40.126264,https://www.openstreetmap.org/way/1085062648,43.21070761812657,76.90136036296586
way/1085846654,1085846654,way,Kazakhstan,plant,Capacity placeholder value,yes,Tag 'plant:output:electricity' contains placeholder value 'yes' instead of actual capacity,2026-04-24 03:20:40.126553,https://www.openstreetmap.org/way/1085846654,43.43926988867308,68.52816491149233
way/1090817608,1090817608,way,Kazakhstan,plant,Missing source tag,none,"tags: {'landuse': 'industrial', 'power': 'plant'}",2026-04-24 03:20:40.126913,https://www.openstreetmap.org/way/1090817608,43.30822928950231,76.80379178024774
way/1091160135,1091160135,way,Kazakhstan,plant,Missing output tag,none,"tags: {'plant:source': 'hydro', 'power': 'plant', 'waterway': 'dam'}",2026-04-24 03:20:40.127108,https://www.openstreetmap.org/way/1091160135,53.87273315390276,67.43363592420351
way/1093501412,1093501412,way,Kazakhstan,plant,Missing source tag,none,"tags: {'building:levels': '1', 'description': 'Котельная школы', 'landuse': 'industrial', 'power': 'plant'}",2026-04-24 03:20:40.127274,https://www.openstreetmap.org/way/1093501412,48.80750813056683,81.53576670230818
way/1094107515,1094107515,way,Kazakhstan,plant,Missing source tag,none,"tags: {'landuse': 'industrial', 'name': 'Мектептің жылу беретін жері', 'power': 'plant'}",2026-04-24 03:20:40.127476,https://www.openstreetmap.org/way/1094107515,44.62903016593288,66.04736041378845
way/1094113018,1094113018,way,Kazakhstan,plant,Missing source tag,none,"tags: {'landuse': 'industrial', 'name': 'Котельная', 'power': 'plant'}",2026-04-24 03:20:40.127642,https://www.openstreetmap.org/way/1094113018,43.83151325752471,67.17064902035709
way/1094115650,1094115650,way,Kazakhstan,plant,Missing source tag,none,"tags: {'landuse': 'industrial', 'name': 'мектеп пеші', 'power': 'plant'}",2026-04-24 03:20:40.127803,https://www.openstreetmap.org/way/1094115650,42.82371489641749,68.43338753009303
way/1094116919,1094116919,way,Kazakhstan,plant,Missing source tag,none,"tags: {'landuse': 'industrial', 'power': 'plant'}",2026-04-24 03:20:40.127982,https://www.openstreetmap.org/way/1094116919,43.83172673883494,67.1776371786686
way/1094118557,1094118557,way,Kazakhstan,plant,Missing source tag,none,"tags: {'landuse': 'industrial', 'name': 'Мектептің жылу беретін жері', 'power': 'plant'}",2026-04-24 03:20:40.128166,https://www.openstreetmap.org/way/1094118557,44.89707656957561,64.57547817871495
way/1095865243,1095865243,way,Kazakhstan,plant,Missing source tag,none,"tags: {'landuse': 'industrial', 'power': 'plant'}",2026-04-24 03:20:40.128322,https://www.openstreetmap.org/way/1095865243,44.894259337772546,65.35265047053585
way/1095869494,1095869494,way,Kazakhstan,plant,Missing source tag,none,"tags: {'landuse': 'industrial', 'operator': '№201 мектеп', 'power': 'plant'}",2026-04-24 03:20:40.128475,https://www.openstreetmap.org/way/1095869494,45.0839383664811,64.66645744346172
way/1095870404,1095870404,way,Kazakhstan,plant,Missing source tag,none,"tags: {'landuse': 'industrial', 'name': 'жылу  қазандығы', 'power': 'plant'}",2026-04-24 03:20:40.128629,https://www.openstreetmap.org/way/1095870404,44.894501899999995,65.48279280000001
way/1098233707,1098233707,way,Kazakhstan,plant,Missing source tag,none,"tags: {'landuse': 'industrial', 'power': 'plant'}",2026-04-24 03:20:40.128816,https://www.openstreetmap.org/way/1098233707,44.63250167674105,66.04658195816232
way/1098233835,1098233835,way,Kazakhstan,plant,Missing source tag,none,"tags: {'landuse': 'industrial', 'name': 'жылу қазандығы', 'power': 'plant'}",2026-04-24 03:20:40.129030,https://www.openstreetmap.org/way/1098233835,44.89491910203173,64.57743965402649
way/1098338648,1098338648,way,Kazakhstan,plant,Missing source tag,none,"tags: {'landuse': 'industrial', 'power': 'plant'}",2026-04-24 03:20:40.129187,https://www.openstreetmap.org/way/1098338648,45.073285049999996,64.94474489999999
way/1098338654,1098338654,way,Kazakhstan,plant,Missing source tag,none,"tags: {'landuse': 'industrial', 'power': 'plant'}",2026-04-24 03:20:40.129341,https://www.openstreetmap.org/way/1098338654,45.074344701917084,64.94408191434803
way/1098452028,1098452028,way,Kazakhstan,plant,Missing source tag,none,"tags: {'landuse': 'industrial', 'power': 'plant'}",2026-04-24 03:20:40.129539,https://www.openstreetmap.org/way/1098452028,42.81999772229898,68.43710560303668
way/1100561924,1100561924,way,Kazakhstan,plant,Missing source tag,none,"tags: {'landuse': 'industrial', 'power': 'plant'}",2026-04-24 03:20:40.129714,https://www.openstreetmap.org/way/1100561924,44.89546820110742,64.57628309984123
way/1100561933,1100561933,way,Kazakhstan,plant,Missing source tag,none,"tags: {'landuse': 'industrial', 'power': 'plant'}",2026-04-24 03:20:40.129899,https://www.openstreetmap.org/way/1100561933,44.89524664556668,64.57323453540984
way/1100809720,1100809720,way,Kazakhstan,plant,Missing source tag,none,"tags: {'landuse': 'industrial', 'power': 'plant'}",2026-04-24 03:20:40.130093,https://www.openstreetmap.org/way/1100809720,44.17898030146169,66.74425555662523
way/1102559150,1102559150,way,Kazakhstan,plant,Missing source tag,none,"tags: {'landuse': 'industrial', 'name': 'жылу қазындығы', 'power': 'plant'}",2026-04-24 03:20:40.130258,https://www.openstreetmap.org/way/1102559150,45.492221207026994,61.747508332514556
way/1102828371,1102828371,way,Kazakhstan,plant,Missing source tag,none,"tags: {'landuse': 'industrial', 'name': 'жылу казандығы', 'power': 'plant'}",2026-04-24 03:20:40.130411,https://www.openstreetmap.org/way/1102828371,44.89041235047652,64.97229226487327
way/1102828622,1102828622,way,Kazakhstan,plant,Missing source tag,none,"tags: {'landuse': 'industrial', 'power': 'plant'}",2026-04-24 03:20:40.130563,https://www.openstreetmap.org/way/1102828622,44.170814811552795,66.73296898903378
way/1102828635,1102828635,way,Kazakhstan,plant,Missing source tag,none,"tags: {'landuse': 'industrial', 'power': 'plant'}",2026-04-24 03:20:40.130714,https://www.openstreetmap.org/way/1102828635,44.178186867082495,66.70911342559863
way/1104620389,1104620389,way,Kazakhstan,plant,Missing source tag,none,"tags: {'landuse': 'industrial', 'power': 'plant'}",2026-04-24 03:20:40.130934,https://www.openstreetmap.org/way/1104620389,44.80570455337622,64.61686197758542
way/1104620391,1104620391,way,Kazakhstan,plant,Missing source tag,none,"tags: {'landuse': 'industrial', 'power': 'plant'}",2026-04-24 03:20:40.131127,https://www.openstreetmap.org/way/1104620391,44.80485960475104,64.61759680033249
way/1108493901,1108493901,way,Kazakhstan,plant,Missing source tag,none,"tags: {'building': 'yes', 'power': 'plant'}",2026-04-24 03:20:40.131279,https://www.openstreetmap.org/way/1108493901,51.2713558339859,75.72815962419459
way/1112682374,1112682374,way,Kazakhstan,plant,Missing source tag,none,"tags: {'landuse': 'industrial', 'power': 'plant'}",2026-04-24 03:20:40.131437,https://www.openstreetmap.org/way/1112682374,53.86624130115269,69.80689873318052
way/1112712536,1112712536,way,Kazakhstan,plant,Missing source tag,none,"tags: {'landuse': 'industrial', 'power': 'plant'}",2026-04-24 03:20:40.131589,https://www.openstreetmap.org/way/1112712536,53.837909884459954,69.75144454133559
way/1112712541,1112712541,way,Kazakhstan,plant,Missing source tag,none,"tags: {'landuse': 'industrial', 'power': 'plant'}",2026-04-24 03:20:40.131739,https://www.openstreetmap.org/way/1112712541,53.86496450671913,69.80584654351668
way/1112712552,1112712552,way,Kazakhstan,plant,Missing source tag,none,"tags: {'landuse': 'industrial', 'power': 'plant'}",2026-04-24 03:20:40.131890,https://www.openstreetmap.org/way/1112712552,53.8653264318934,69.80045627345308
way/1115647548,1115647548,way,Kazakhstan,plant,Missing source tag,none,"tags: {'landuse': 'industrial', 'power': 'plant'}",2026-04-24 03:20:40.132075,https://www.openstreetmap.org/way/1115647548,53.848798552717824,69.7407890950427
way/1115651546,1115651546,way,Kazakhstan,plant,Capacity placeholder value,yes,Tag 'plant:output:electricity' contains placeholder value 'yes' instead of actual capacity,2026-04-24 03:20:40.132258,https://www.openstreetmap.org/way/1115651546,53.84818190562191,69.7529648032511
way/1116365163,1116365163,way,Kazakhstan,plant,Missing source tag,none,"tags: {'landuse': 'industrial', 'power': 'plant'}",2026-04-24 03:20:40.132455,https://www.openstreetmap.org/way/1116365163,45.490464349384666,64.09296783389166
way/1116611491,1116611491,way,Kazakhstan,plant,Missing source tag,none,"tags: {'landuse': 'Жылу', 'name': 'Жылу қазандығы', 'operator': 'Жылу қазандығы', 'power': 'plant'}",2026-04-24 03:20:40.132610,https://www.openstreetmap.org/way/1116611491,45.49443977737167,61.746393119725006
way/1116781465,1116781465,way,Kazakhstan,plant,Missing source tag,none,"tags: {'addr:housenumber': '1', 'addr:street': 'Южная', 'landuse': 'industrial', 'name': 'Крэк', 'power': 'plant'}",2026-04-24 03:20:40.132763,https://www.openstreetmap.org/way/1116781465,53.82993557629493,69.74485914419485
way/1116915974,1116915974,way,Kazakhstan,plant,Missing output tag,none,"tags: {'landuse': 'industrial', 'name': 'Котельная Кок Жиек', 'operator': 'АЖК', 'plant:source': 'biogas', 'power': 'plant'}",2026-04-24 03:20:40.133021,https://www.openstreetmap.org/way/1116915974,43.35726212339616,76.92758554735533
way/1118417836,1118417836,way,Kazakhstan,plant,Missing source tag,none,"tags: {'landuse': 'industrial', 'name': 'Жылыу қазандығы', 'power': 'plant'}",2026-04-24 03:20:40.133191,https://www.openstreetmap.org/way/1118417836,42.83038926070434,68.43192387641592
way/1148727803,1148727803,way,Kazakhstan,plant,Missing source tag,none,"tags: {'landuse': 'industrial', 'power': 'plant'}",2026-04-24 03:20:40.133345,https://www.openstreetmap.org/way/1148727803,53.749266416659125,62.05397260319007
way/1160748236,1160748236,way,Kazakhstan,plant,Missing output tag,none,"tags: {'name': 'Karatal HPP-3', 'plant:source': 'hydro', 'power': 'plant', 'waterway': 'dam'}",2026-04-24 03:20:40.133506,https://www.openstreetmap.org/way/1160748236,44.888586657285465,78.69886854662492
way/1160752557,1160752557,way,Kazakhstan,plant,Missing output tag,none,"tags: {'name': 'Karatal HPP-2', 'plant:source': 'hydro', 'power': 'plant', 'waterway': 'dam'}",2026-04-24 03:20:40.133674,https://www.openstreetmap.org/way/1160752557,44.88104829311324,78.71549933474523
way/1160973924,1160973924,way,Kazakhstan,plant,Missing output tag,none,"tags: {'building': 'yes', 'name': 'Talgarskaya', 'plant:source': 'hydro', 'power': 'plant'}",2026-04-24 03:20:40.133871,https://www.openstreetmap.org/way/1160973924,43.269797871813616,77.21374364692818
way/1161402051,1161402051,way,Kazakhstan,plant,Missing source tag,none,"tags: {'landuse': 'industrial', 'name': 'Кочегарка', 'power': 'plant'}",2026-04-24 03:20:40.134065,https://www.openstreetmap.org/way/1161402051,43.26558357685964,76.02653389573966
way/1166283082,1166283082,way,Kazakhstan,plant,Missing source tag,none,"tags: {'landuse': 'industrial', 'power': 'plant'}",2026-04-24 03:20:40.134245,https://www.openstreetmap.org/way/1166283082,44.15834741281311,78.75402688369944
way/1174414811,1174414811,way,Kazakhstan,plant,Missing source tag,none,"tags: {'building': 'industrial', 'power': 'plant'}",2026-04-24 03:20:40.134398,https://www.openstreetmap.org/way/1174414811,40.76705089163468,68.31080561287058
way/1184647504,1184647504,way,Kazakhstan,plant,Missing source tag,none,"tags: {'addr:housenumber': '43', 'addr:street': 'Рысқұлбеков көшесі', 'description': 'Реконструкция 2008 г.', 'landuse': 'industrial', 'name': 'Орбита', 'plant:output:hot_water': 'yes', 'power': 'plant'}",2026-04-24 03:20:40.134689,https://www.openstreetmap.org/way/1184647504,43.205272303508075,76.86870701342104
way/1203832127,1203832127,way,Kazakhstan,plant,Missing source tag,none,"tags: {'landuse': 'industrial', 'name': 'Karaganda Steel Works power station', 'plant:output:electricity': '185 mw', 'power': 'plant'}",2026-04-24 03:20:40.134964,https://www.openstreetmap.org/way/1203832127,50.04845750102158,73.02370687443268
way/1209497429,1209497429,way,Kazakhstan,plant,Capacity placeholder value,yes,Tag 'plant:output:electricity' contains placeholder value 'yes' instead of actual capacity,2026-04-24 03:20:40.135134,https://www.openstreetmap.org/way/1209497429,42.40600532788945,68.7623789018795
way/1209498650,1209498650,way,Kazakhstan,plant,Capacity placeholder value,yes,Tag 'plant:output:electricity' contains placeholder value 'yes' instead of actual capacity,2026-04-24 03:20:40.135293,https://www.openstreetmap.org/way/1209498650,47.862661349999996,67.62533959999999
way/1209499369,1209499369,way,Kazakhstan,plant,Capacity placeholder value,yes,Tag 'plant:output:electricity' contains placeholder value 'yes' instead of actual capacity,2026-04-24 03:20:40.135487,https://www.openstreetmap.org/way/1209499369,43.87420068790368,67.35994378909224
way/1213257718,1213257718,way,Kazakhstan,plant,Missing source tag,none,"tags: {'landuse': 'industrial', 'name': 'котельная', 'power': 'plant'}",2026-04-24 03:20:40.135642,https://www.openstreetmap.org/way/1213257718,42.83188134160146,69.73922636776892
way/1213257720,1213257720,way,Kazakhstan,plant,Missing source tag,none,"tags: {'landuse': 'industrial', 'power': 'plant'}",2026-04-24 03:20:40.135798,https://www.openstreetmap.org/way/1213257720,42.83441864683768,69.74383327683708
way/1213259751,1213259751,way,Kazakhstan,plant,Missing source tag,none,"tags: {'landuse': 'industrial', 'power': 'plant'}",2026-04-24 03:20:40.135973,https://www.openstreetmap.org/way/1213259751,44.16754628409656,66.81466322507866
way/1214573746,1214573746,way,Kazakhstan,plant,Capacity placeholder value,yes,Tag 'plant:output:electricity' contains placeholder value 'yes' instead of actual capacity,2026-04-24 03:20:40.136193,https://www.openstreetmap.org/way/1214573746,51.19050689299512,51.21972629984239
way/1215021406,1215021406,way,Kazakhstan,plant,Missing source tag,none,"tags: {'addr:city': 'Алматы', 'addr:housenumber': '386', 'addr:street': 'улица Каратаева', 'landuse': 'industrial', 'name': 'Оңтүстік-Шығыс', 'name:ru': 'Юго-Восток', 'plant:output:hot_water': 'yes', 'power': 'plant'}",2026-04-24 03:20:40.136433,https://www.openstreetmap.org/way/1215021406,43.23094691014528,76.94291681083999
way/1215278231,1215278231,way,Kazakhstan,plant,Missing source tag,none,"tags: {'landuse': 'industrial', 'power': 'plant'}",2026-04-24 03:20:40.136589,https://www.openstreetmap.org/way/1215278231,44.169446050000005,66.81480210000001
way/1217202998,1217202998,way,Kazakhstan,plant,Missing source tag,none,"tags: {'landuse': 'industrial', 'name:en': 'Kyzylorda Power Plant', 'power': 'plant', 'source': 'https://www.gem.wiki/Kyzylorda_CHP_power_station'}",2026-04-24 03:20:40.136795,https://www.openstreetmap.org/way/1217202998,44.86538200094581,65.45785384997706
way/1226423930,1226423930,way,Kazakhstan,plant,Missing source tag,none,"tags: {'landuse': 'industrial', 'name': 'Котельная', 'power': 'plant'}",2026-04-24 03:20:40.136975,https://www.openstreetmap.org/way/1226423930,43.58724253191922,67.64722759122729
way/1227121143,1227121143,way,Kazakhstan,plant,Missing source tag,none,"tags: {'landuse': 'industrial', 'name': 'Жылу қазандығы', 'power': 'plant'}",2026-04-24 03:20:40.137160,https://www.openstreetmap.org/way/1227121143,45.78332006586239,61.580426152512075
way/1227122337,1227122337,way,Kazakhstan,plant,Missing source tag,none,"tags: {'landuse': 'industrial', 'power': 'plant'}",2026-04-24 03:20:40.137337,https://www.openstreetmap.org/way/1227122337,45.78340600948323,61.583317259918104
way/1227760334,1227760334,way,Kazakhstan,plant,Missing source tag,none,"tags: {'landuse': 'industrial', 'power': 'plant'}",2026-04-24 03:20:40.137501,https://www.openstreetmap.org/way/1227760334,43.58921910146682,67.63789300151075
way/1228010114,1228010114,way,Kazakhstan,plant,Missing output tag,none,"tags: {'description': '52 КВт', 'landuse': 'industrial', 'name': 'Гелиостанция', 'plant:source': 'solar', 'power': 'plant', 'start_date': '2010'}",2026-04-24 03:20:40.137715,https://www.openstreetmap.org/way/1228010114,44.42824027653378,77.46918924582498
way/1228227883,1228227883,way,Kazakhstan,plant,Missing source tag,none,"tags: {'landuse': 'industrial', 'name': 'Котельная', 'power': 'plant'}",2026-04-24 03:20:40.137890,https://www.openstreetmap.org/way/1228227883,43.684736460089425,67.77069678806329
way/1228228770,1228228770,way,Kazakhstan,plant,Missing source tag,none,"tags: {'landuse': 'industrial', 'name': 'Котельная', 'power': 'plant'}",2026-04-24 03:20:40.138080,https://www.openstreetmap.org/way/1228228770,43.69247224684714,67.76772204724817
way/1228296211,1228296211,way,Kazakhstan,plant,Missing source tag,none,"tags: {'landuse': 'industrial', 'name': 'Кочегарка', 'power': 'plant'}",2026-04-24 03:20:40.138237,https://www.openstreetmap.org/way/1228296211,44.3693116323143,77.96038378907316
way/1228890033,1228890033,way,Kazakhstan,plant,Missing source tag,none,"tags: {'landuse': 'industrial', 'name': 'Котельная', 'power': 'plant'}",2026-04-24 03:20:40.138404,https://www.openstreetmap.org/way/1228890033,47.24504639722205,62.344139310768796
way/1228904503,1228904503,way,Kazakhstan,plant,Missing source tag,none,"tags: {'landuse': 'industrial', 'name': 'Котельная', 'power': 'plant'}",2026-04-24 03:20:40.138559,https://www.openstreetmap.org/way/1228904503,47.24763422695161,62.34370365548344
way/1228918737,1228918737,way,Kazakhstan,plant,Missing source tag,none,"tags: {'landuse': 'industrial', 'power': 'plant'}",2026-04-24 03:20:40.138736,https://www.openstreetmap.org/way/1228918737,43.58407600724729,67.63692193914612
way/1228979530,1228979530,way,Kazakhstan,plant,Missing source tag,none,"tags: {'landuse': 'industrial', 'power': 'plant'}",2026-04-24 03:20:40.138888,https://www.openstreetmap.org/way/1228979530,43.68651765887362,67.76999953241716
way/1230097393,1230097393,way,Kazakhstan,plant,Missing source tag,none,"tags: {'landuse': 'industrial', 'power': 'plant'}",2026-04-24 03:20:40.139073,https://www.openstreetmap.org/way/1230097393,43.05479454999999,74.66406105
way/1231121571,1231121571,way,Kazakhstan,plant,Missing source tag,none,"tags: {'landuse': 'industrial', 'power': 'plant'}",2026-04-24 03:20:40.139227,https://www.openstreetmap.org/way/1231121571,44.196329600000006,77.8897609
way/1231875615,1231875615,way,Kazakhstan,plant,Missing source tag,none,"tags: {'addr:city': 'Қонаев', 'int_name': 'Jılw élektr stancïyası', 'landuse': 'industrial', 'name': 'Жылу электр станциясы', 'name:kk': 'Жылу электр станциясы', 'name:ru': 'ТЭЦ', 'power': 'plant'}",2026-04-24 03:20:40.139397,https://www.openstreetmap.org/way/1231875615,43.840685122387306,77.05555839144854
way/1233319686,1233319686,way,Kazakhstan,plant,Capacity placeholder value,yes,Tag 'plant:output:electricity' contains placeholder value 'yes' instead of actual capacity,2026-04-24 03:20:40.139558,https://www.openstreetmap.org/way/1233319686,51.04517753729701,51.23565510883125
way/1234010077,1234010077,way,Kazakhstan,plant,Missing source tag,none,"tags: {'landuse': 'industrial', 'power': 'plant'}",2026-04-24 03:20:40.139713,https://www.openstreetmap.org/way/1234010077,43.446604341021995,74.61653568608104
way/1235502855,1235502855,way,Kazakhstan,plant,Missing source tag,none,"tags: {'landuse': 'industrial', 'name': 'Кочегарка', 'power': 'plant'}",2026-04-24 03:20:40.139869,https://www.openstreetmap.org/way/1235502855,42.83864135,75.623931
way/1236588572,1236588572,way,Kazakhstan,plant,Missing source tag,none,"tags: {'landuse': 'industrial', 'power': 'plant'}",2026-04-24 03:20:40.140049,https://www.openstreetmap.org/way/1236588572,43.98081038482696,79.66162541155911
way/1236588581,1236588581,way,Kazakhstan,plant,Missing source tag,none,"tags: {'landuse': 'industrial', 'power': 'plant'}",2026-04-24 03:20:40.140230,https://www.openstreetmap.org/way/1236588581,43.9720745280913,79.6572105513997
way/1254172211,1254172211,way,Kazakhstan,plant,Capacity placeholder value,yes,Tag 'plant:output:electricity' contains placeholder value 'yes' instead of actual capacity,2026-04-24 03:20:40.140920,https://www.openstreetmap.org/way/1254172211,43.620539783856515,76.97256292545536
way/1267832559,1267832559,way,Kazakhstan,plant,Missing source tag,none,"tags: {'building': 'yes', 'power': 'plant'}",2026-04-24 03:20:40.141105,https://www.openstreetmap.org/way/1267832559,51.066271099999994,79.41496634999999
way/1268593646,1268593646,way,Kazakhstan,plant,Missing source tag,none,"tags: {'landuse': 'industrial', 'power': 'plant'}",2026-04-24 03:20:40.141320,https://www.openstreetmap.org/way/1268593646,52.05096472023623,67.69075566752113
way/1301843861,1301843861,way,Kazakhstan,plant,Capacity placeholder value,yes,Tag 'plant:output:electricity' contains placeholder value 'yes' instead of actual capacity,2026-04-24 03:20:40.142531,https://www.openstreetmap.org/way/1301843861,44.72364545560914,65.90063163546697
way/1304693229,1304693229,way,Kazakhstan,plant,Missing source tag,none,"tags: {'landuse': 'industrial', 'power': 'plant'}",2026-04-24 03:20:40.142689,https://www.openstreetmap.org/way/1304693229,50.369525583592385,71.43819973147961
way/1317503608,1317503608,way,Kazakhstan,plant,Missing output tag,none,"tags: {'building': 'yes', 'name': 'Issyk HPP-3', 'plant:source': 'hydro', 'power': 'plant'}",2026-04-24 03:20:40.142898,https://www.openstreetmap.org/way/1317503608,43.27763889538213,77.4950572613219
way/1328514599,1328514599,way,Kazakhstan,plant,Missing source tag,none,"tags: {'barrier': 'fence', 'landuse': 'industrial', 'power': 'plant'}",2026-04-24 03:20:40.143155,https://www.openstreetmap.org/way/1328514599,52.199642082223185,61.18409073419312
way/1348063399,1348063399,way,Kazakhstan,plant,Missing source tag,none,"tags: {'landuse': 'industrial', 'power': 'plant'}",2026-04-24 03:20:40.143780,https://www.openstreetmap.org/way/1348063399,49.343122167273734,74.48286713390925
way/1348184874,1348184874,way,Kazakhstan,plant,Capacity placeholder value,yes,Tag 'plant:output:electricity' contains placeholder value 'yes' instead of actual capacity,2026-04-24 03:20:40.143988,https://www.openstreetmap.org/way/1348184874,42.4126958906588,69.81759290694033
way/1348319454,1348319454,way,Kazakhstan,plant,Capacity placeholder value,yes,Tag 'plant:output:electricity' contains placeholder value 'yes' instead of actual capacity,2026-04-24 03:20:40.144221,https://www.openstreetmap.org/way/1348319454,42.39067125335771,69.93064097776293
way/1371841835,1371841835,way,Kazakhstan,plant,Missing source tag,none,"tags: {'addr:city': 'Астана', 'addr:country': 'KZ', 'building': 'yes', 'building:levels': '1', 'landuse': 'industrial', 'power': 'plant', 'roof:colour': '#919191'}",2026-04-24 03:20:40.144392,https://www.openstreetmap.org/way/1371841835,51.08101986851152,71.40630672730289
way/1377302827,1377302827,way,Kazakhstan,plant,Capacity placeholder value,yes,Tag 'plant:output:electricity' contains placeholder value 'yes' instead of actual capacity,2026-04-24 03:20:40.144617,https://www.openstreetmap.org/way/1377302827,42.867729130078835,71.09829705245815
way/1377467413,1377467413,way,Kazakhstan,plant,Capacity placeholder value,yes,Tag 'plant:output:electricity' contains placeholder value 'yes' instead of actual capacity,2026-04-24 03:20:40.145043,https://www.openstreetmap.org/way/1377467413,43.74799182566915,69.23404741415875
way/1381925064,1381925064,way,Kazakhstan,plant,Capacity placeholder value,yes,Tag 'plant:output:electricity' contains placeholder value 'yes' instead of actual capacity,2026-04-24 03:20:40.145220,https://www.openstreetmap.org/way/1381925064,52.54125785556371,64.8145428225428
way/1383310986,1383310986,way,Kazakhstan,plant,Missing output tag,none,"tags: {'plant:source': 'solar', 'power': 'plant'}",2026-04-24 03:20:40.145416,https://www.openstreetmap.org/way/1383310986,43.546828173420046,75.1895466573726
way/1386540453,1386540453,way,Kazakhstan,plant,Missing source tag,none,"tags: {'landuse': 'industrial', 'power': 'plant'}",2026-04-24 03:20:40.145580,https://www.openstreetmap.org/way/1386540453,54.05271270638618,68.07911235158194
way/1409972389,1409972389,way,Kazakhstan,plant,Missing source tag,none,"tags: {'name': 'РК-2', 'power': 'plant'}",2026-04-24 03:20:40.145733,https://www.openstreetmap.org/way/1409972389,42.33048840207007,69.57801191858852
way/1422508056,1422508056,way,Kazakhstan,plant,Missing source tag,none,"tags: {'landuse': 'industrial', 'power': 'plant'}",2026-04-24 03:20:40.145888,https://www.openstreetmap.org/way/1422508056,49.81754432390048,73.01486884762397
way/1422593634,1422593634,way,Kazakhstan,plant,Missing source tag,none,"tags: {'landuse': 'industrial', 'power': 'plant'}",2026-04-24 03:20:40.146074,https://www.openstreetmap.org/way/1422593634,49.830789201335385,73.01470431680885
way/1427900994,1427900994,way,Kazakhstan,plant,Missing output tag,none,"tags: {'area': 'yes', 'plant:output:hot_water': 'yes', 'plant:source': 'coal', 'power': 'plant'}",2026-04-24 03:20:40.146327,https://www.openstreetmap.org/way/1427900994,53.2785269073638,66.7318928319261
way/1430226360,1430226360,way,Kazakhstan,plant,Missing source tag,none,"tags: {'landuse': 'industrial', 'power': 'plant'}",2026-04-24 03:20:40.146490,https://www.openstreetmap.org/way/1430226360,44.3394775304818,66.51580547451161
way/1430806581,1430806581,way,Kazakhstan,plant,Missing source tag,none,"tags: {'landuse': 'industrial', 'name': 'Котельная', 'power': 'plant'}",2026-04-24 03:20:40.146677,https://www.openstreetmap.org/way/1430806581,44.76258441182552,64.03650789823473
way/1430810311,1430810311,way,Kazakhstan,plant,Missing source tag,none,"tags: {'landuse': 'industrial', 'power': 'plant'}",2026-04-24 03:20:40.146829,https://www.openstreetmap.org/way/1430810311,44.34120902785776,66.51798536839456
way/1430810312,1430810312,way,Kazakhstan,plant,Missing source tag,none,"tags: {'landuse': 'industrial', 'power': 'plant'}",2026-04-24 03:20:40.147005,https://www.openstreetmap.org/way/1430810312,44.34111442120894,66.51803112367415
way/1430810316,1430810316,way,Kazakhstan,plant,Missing source tag,none,"tags: {'landuse': 'industrial', 'power': 'plant'}",2026-04-24 03:20:40.147164,https://www.openstreetmap.org/way/1430810316,44.34276623848191,66.5152175542885
way/1431111008,1431111008,way,Kazakhstan,plant,Missing source tag,none,"tags: {'landuse': 'industrial', 'power': 'plant'}",2026-04-24 03:20:40.147317,https://www.openstreetmap.org/way/1431111008,45.148518485793204,64.1505462812664
way/1432613695,1432613695,way,Kazakhstan,plant,Capacity placeholder value,yes,Tag 'plant:output:electricity' contains placeholder value 'yes' instead of actual capacity,2026-04-24 03:20:40.147481,https://www.openstreetmap.org/way/1432613695,46.13382939188487,53.37531521707729
way/1433210164,1433210164,way,Kazakhstan,plant,Missing source tag,none,"tags: {'landuse': 'industrial', 'name': 'котельная', 'power': 'plant'}",2026-04-24 03:20:40.147634,https://www.openstreetmap.org/way/1433210164,46.07444086510718,61.09297580708512
way/1434554928,1434554928,way,Kazakhstan,plant,Missing source tag,none,"tags: {'landuse': 'industrial', 'power': 'plant'}",2026-04-24 03:20:40.147786,https://www.openstreetmap.org/way/1434554928,44.68616629326019,66.08143329893765
way/1434555491,1434555491,way,Kazakhstan,plant,Missing source tag,none,"tags: {'landuse': 'industrial', 'power': 'plant'}",2026-04-24 03:20:40.147938,https://www.openstreetmap.org/way/1434555491,45.14762173183634,64.15045127861349
way/1434899141,1434899141,way,Kazakhstan,plant,Missing source tag,none,"tags: {'landuse': 'industrial', 'name': 'Банянын котельныйы', 'power': 'plant'}",2026-04-24 03:20:40.148120,https://www.openstreetmap.org/way/1434899141,44.914035616299266,64.6994903769114
way/1442549488,1442549488,way,Kazakhstan,plant,Missing source tag,none,"tags: {'landuse': 'industrial', 'name': 'ЛЭП', 'power': 'plant'}",2026-04-24 03:20:40.148274,https://www.openstreetmap.org/way/1442549488,44.77126988244673,64.02949863893795
way/1446431006,1446431006,way,Kazakhstan,plant,Missing source tag,none,"tags: {'landuse': 'industrial', 'power': 'plant'}",2026-04-24 03:20:40.148428,https://www.openstreetmap.org/way/1446431006,44.33824468838106,66.51381608465438
way/1446656681,1446656681,way,Kazakhstan,plant,Missing source tag,none,"tags: {'landuse': 'industrial', 'plant:output:hot_water': 'yes', 'power': 'plant'}",2026-04-24 03:20:40.148605,https://www.openstreetmap.org/way/1446656681,49.79781526474924,73.16453446178112
way/1447901132,1447901132,way,Kazakhstan,plant,Missing source tag,none,"tags: {'landuse': 'industrial', 'name': 'котельная', 'power': 'plant'}",2026-04-24 03:20:40.148759,https://www.openstreetmap.org/way/1447901132,45.502296735377584,61.98103576066032
way/1451298188,1451298188,way,Kazakhstan,plant,Missing source tag,none,"tags: {'landuse': 'industrial', 'name': 'ЛЭП', 'power': 'plant'}",2026-04-24 03:20:40.148913,https://www.openstreetmap.org/way/1451298188,43.880540916834924,66.90915321011342
way/1454136508,1454136508,way,Kazakhstan,plant,Missing source tag,none,"tags: {'landuse': 'industrial', 'power': 'plant'}",2026-04-24 03:20:40.149110,https://www.openstreetmap.org/way/1454136508,44.923063234816176,65.36079950112236
way/1456871966,1456871966,way,Kazakhstan,plant,Missing source tag,none,"tags: {'landuse': 'industrial', 'name': 'электр', 'power': 'plant'}",2026-04-24 03:20:40.149276,https://www.openstreetmap.org/way/1456871966,45.26502311173266,64.21297024999375
way/1466038801,1466038801,way,Kazakhstan,plant,Missing output tag,none,"tags: {'building': 'industrial', 'name': 'Tasytkolskoye', 'plant:source': 'hydro', 'power': 'plant'}",2026-04-24 03:20:40.149437,https://www.openstreetmap.org/way/1466038801,43.38967938793436,73.88027975203394
way/1469442361,1469442361,way,Kazakhstan,plant,Missing source tag,none,"tags: {'landuse': 'industrial', 'plant:method': 'combustion', 'plant:output:hot_water': 'yes', 'power': 'plant'}",2026-04-24 03:20:40.149735,https://www.openstreetmap.org/way/1469442361,46.80589201571028,75.03966938987158
way/1470376064,1470376064,way,Kazakhstan,plant,Missing output tag,none,"tags: {'name': 'Verkhne Baskanskaya HPP-1', 'plant:source': 'hydro', 'power': 'plant'}",2026-04-24 03:20:40.149896,https://www.openstreetmap.org/way/1470376064,45.35301942729618,80.19477684491905
way/1470376066,1470376066,way,Kazakhstan,plant,Missing output tag,none,"tags: {'name': 'Aksuskaya', 'plant:source': 'hydro', 'power': 'plant'}",2026-04-24 03:20:40.150099,https://www.openstreetmap.org/way/1470376066,45.37970103879971,79.53636231419635
way/1470801648,1470801648,way,Kazakhstan,plant,Missing output tag,none,"tags: {'name': 'Chazhinskaya HPP-2', 'plant:source': 'hydro', 'power': 'plant'}",2026-04-24 03:20:40.150267,https://www.openstreetmap.org/way/1470801648,44.86524488251229,78.81442522268408
way/1470801654,1470801654,way,Kazakhstan,plant,Missing output tag,none,"tags: {'name': 'Koshkar-Ata', 'plant:source': 'hydro', 'power': 'plant'}",2026-04-24 03:20:40.150434,https://www.openstreetmap.org/way/1470801654,41.42398263101685,69.13494837855067
way/1470801658,1470801658,way,Kazakhstan,plant,Missing output tag,none,"tags: {'name': 'Sayramsu', 'plant:source': 'hydro', 'power': 'plant'}",2026-04-24 03:20:40.150601,https://www.openstreetmap.org/way/1470801658,42.223160687330974,70.20744521561443
way/1470801660,1470801660,way,Kazakhstan,plant,Missing output tag,none,"tags: {'name': 'Zaisanskaya HPS', 'plant:source': 'solar', 'power': 'plant'}",2026-04-24 03:20:40.150767,https://www.openstreetmap.org/way/1470801660,47.379342467617306,84.77592578599106
way/1474358561,1474358561,way,Kazakhstan,plant,Capacity placeholder value,yes,Tag 'plant:output:electricity' contains placeholder value 'yes' instead of actual capacity,2026-04-24 03:20:40.150936,https://www.openstreetmap.org/way/1474358561,43.67950809999999,51.13939154999999
way/1474362783,1474362783,way,Kazakhstan,plant,Capacity placeholder value,yes,Tag 'plant:output:electricity' contains placeholder value 'yes' instead of actual capacity,2026-04-24 03:20:40.151144,https://www.openstreetmap.org/way/1474362783,43.67298718954941,51.13921750822081
relation/8213439,8213439,relation,Turkmenistan,plant,Capacity placeholder value,yes,Tag 'plant:output:electricity' contains placeholder value 'yes' instead of actual capacity,2026-04-24 03:22:16.962352,https://www.openstreetmap.org/relation/8213439,37.93034932542102,65.64111772000021
way/229820322,229820322,way,Turkmenistan,plant,Capacity placeholder value,yes,Tag 'plant:output:electricity' contains placeholder value 'yes' instead of actual capacity,2026-04-24 03:22:16.964868,https://www.openstreetmap.org/way/229820322,40.032199203379854,52.95923924110947
way/246157356,246157356,way,Turkmenistan,plant,Missing output tag,none,"tags: {'landuse': 'industrial', 'name': 'Seydi Power Plant', 'plant:source': 'oil', 'power': 'plant'}",2026-04-24 03:22:16.965440,https://www.openstreetmap.org/way/246157356,39.4306967111409,62.855752903287105
way/304371419,304371419,way,Turkmenistan,plant,Missing source tag,none,"tags: {'barrier': 'fence', 'landuse': 'industrial', 'power': 'plant'}",2026-04-24 03:22:16.965611,https://www.openstreetmap.org/way/304371419,38.61247685438411,64.75612312780348
way/342715077,342715077,way,Turkmenistan,plant,Missing output tag,none,"tags: {'name': 'Mary Thermal Power Plant', 'plant:method': 'combustion', 'plant:source': 'oil', 'power': 'plant'}",2026-04-24 03:22:16.965859,https://www.openstreetmap.org/way/342715077,37.50096400871028,61.83974660003544
way/399497210,399497210,way,Turkmenistan,plant,Missing output tag,none,"tags: {'building': 'yes', 'generator:method': 'combustion', 'generator:output:hot_water': 'yes', 'generator:source': 'gas', 'power': 'plant'}",2026-04-24 03:22:16.966650,https://www.openstreetmap.org/way/399497210,37.91246185,58.435140749999995
way/518999597,518999597,way,Turkmenistan,plant,Capacity placeholder value,yes,Tag 'plant:output:electricity' contains placeholder value 'yes' instead of actual capacity,2026-04-24 03:22:16.967442,https://www.openstreetmap.org/way/518999597,37.97545610645132,58.32304696068043
way/585369716,585369716,way,Turkmenistan,plant,Missing source tag,none,"tags: {'landuse': 'industrial', 'name': 'Котельная', 'power': 'plant'}",2026-04-24 03:22:16.968027,https://www.openstreetmap.org/way/585369716,40.00746086430288,52.997008958091655
way/680987483,680987483,way,Turkmenistan,plant,Missing source tag,none,"tags: {'addr:city': 'Koneurgench', 'addr:street': 'Azatlyk köçesi', 'landuse': 'industrial', 'name': 'Köneürgenç şäher Elekrtoseti', 'name:en': 'Electricity Grid', 'name:ru': 'Электросеть города Куня-Ургенч', 'power': 'plant', 'substation': 'yes'}",2026-04-24 03:22:16.969053,https://www.openstreetmap.org/way/680987483,42.325871549852344,59.16917466528787
way/681829053,681829053,way,Turkmenistan,plant,Missing source tag,none,"tags: {'landuse': 'industrial', 'power': 'plant'}",2026-04-24 03:22:16.969217,https://www.openstreetmap.org/way/681829053,42.32604759577258,59.16869472727075
way/682406403,682406403,way,Turkmenistan,plant,Missing source tag,none,"tags: {'landuse': 'industrial', 'power': 'plant'}",2026-04-24 03:22:16.969374,https://www.openstreetmap.org/way/682406403,42.32021324653985,59.15253577537288
way/709983504,709983504,way,Turkmenistan,plant,Missing source tag,none,"tags: {'landuse': 'industrial', 'name': 'Котельная', 'power': 'plant'}",2026-04-24 03:22:16.969531,https://www.openstreetmap.org/way/709983504,40.012928999010725,52.999049828369095
way/712434058,712434058,way,Turkmenistan,plant,Missing source tag,none,"tags: {'landuse': 'industrial', 'name': 'Котельная № 64', 'name:ru': 'Котельная № 64', 'operator': 'ДОК и ТС', 'power': 'plant'}",2026-04-24 03:22:16.969691,https://www.openstreetmap.org/way/712434058,40.01430471409235,52.99084582969697
way/712434378,712434378,way,Turkmenistan,plant,Missing source tag,none,"tags: {'landuse': 'industrial', 'name': 'Котельная № 33', 'operator': 'ДОК и ТС', 'power': 'plant'}",2026-04-24 03:22:16.969870,https://www.openstreetmap.org/way/712434378,40.01215555306827,52.990523806914425
way/712439075,712439075,way,Turkmenistan,plant,Missing source tag,none,"tags: {'landuse': 'industrial', 'name': 'Котельная № 15', 'operator': 'ДОКи ТС', 'power': 'plant'}",2026-04-24 03:22:16.970135,https://www.openstreetmap.org/way/712439075,40.009536091627524,52.98800250421602
way/741721637,741721637,way,Turkmenistan,plant,Missing source tag,none,"tags: {'landuse': 'industrial', 'power': 'plant'}",2026-04-24 03:22:16.970292,https://www.openstreetmap.org/way/741721637,39.30600677861296,58.585359232534834
way/794202756,794202756,way,Turkmenistan,plant,Missing source tag,none,"tags: {'landuse': 'industrial', 'power': 'plant'}",2026-04-24 03:22:16.970913,https://www.openstreetmap.org/way/794202756,40.01262514964836,52.9932098166603
way/857462632,857462632,way,Turkmenistan,plant,Missing source tag,none,"tags: {'addr:city': 'Hazar', 'addr:postcode': '745030', 'addr:street': '32 Kwartal', 'landuse': 'industrial', 'name': 'Котельная', 'power': 'plant'}",2026-04-24 03:22:16.971104,https://www.openstreetmap.org/way/857462632,39.40047950087474,53.12651667667307
way/857616999,857616999,way,Turkmenistan,plant,Missing source tag,none,"tags: {'addr:city': 'Hazar', 'landuse': 'industrial', 'name': 'Котельгая', 'power': 'plant'}",2026-04-24 03:22:16.971263,https://www.openstreetmap.org/way/857616999,39.40266362742671,53.127145086558976
way/857617011,857617011,way,Turkmenistan,plant,Missing source tag,none,"tags: {'landuse': 'industrial', 'name': 'Котельная', 'power': 'plant'}",2026-04-24 03:22:16.971419,https://www.openstreetmap.org/way/857617011,39.405297945119734,53.134499010292515
way/857623424,857623424,way,Turkmenistan,plant,Missing source tag,none,"tags: {'addr:city': 'Hazar', 'addr:postcode': '745030', 'landuse': 'industrial', 'name': 'Котельная', 'power': 'plant'}",2026-04-24 03:22:16.971599,https://www.openstreetmap.org/way/857623424,39.403070859720174,53.133334294520274
way/858166245,858166245,way,Turkmenistan,plant,Missing source tag,none,"tags: {'addr:city': 'Hazar', 'addr:street': '30 Квартал', 'landuse': 'industrial', 'name': 'Котельная', 'power': 'plant'}",2026-04-24 03:22:16.971753,https://www.openstreetmap.org/way/858166245,39.410935521470954,53.13181501462329
way/925198581,925198581,way,Turkmenistan,plant,Missing source tag,none,"tags: {'addr:city': 'Turkmenbashy', 'landuse': 'industrial', 'power': 'plant'}",2026-04-24 03:22:16.971907,https://www.openstreetmap.org/way/925198581,40.0084683707663,53.00296186726321
way/925198620,925198620,way,Turkmenistan,plant,Missing source tag,none,"tags: {'landuse': 'industrial', 'power': 'plant'}",2026-04-24 03:22:16.972122,https://www.openstreetmap.org/way/925198620,40.013255750000006,52.99459425000001
way/961920556,961920556,way,Turkmenistan,plant,Missing source tag,none,"tags: {'landuse': 'industrial', 'name': 'ДОК и ТС', 'power': 'plant'}",2026-04-24 03:22:16.972304,https://www.openstreetmap.org/way/961920556,39.999157818312284,52.973749049841196
way/962148121,962148121,way,Turkmenistan,plant,Missing source tag,none,"tags: {'landuse': 'industrial', 'power': 'plant'}",2026-04-24 03:22:16.972459,https://www.openstreetmap.org/way/962148121,40.015273030941174,52.98413296294818
way/963918488,963918488,way,Turkmenistan,plant,Missing source tag,none,"tags: {'landuse': 'industrial', 'power': 'plant'}",2026-04-24 03:22:16.972614,https://www.openstreetmap.org/way/963918488,39.98350414381136,52.85889673833385
way/963918489,963918489,way,Turkmenistan,plant,Missing source tag,none,"tags: {'landuse': 'industrial', 'power': 'plant'}",2026-04-24 03:22:16.972789,https://www.openstreetmap.org/way/963918489,39.983508392798484,52.858869648644045
way/1071064277,1071064277,way,Turkmenistan,plant,Capacity placeholder value,yes,Tag 'plant:output:electricity' contains placeholder value 'yes' instead of actual capacity,2026-04-24 03:22:16.973275,https://www.openstreetmap.org/way/1071064277,36.12003228632273,61.219676879353585
way/1071064297,1071064297,way,Turkmenistan,plant,Capacity placeholder value,yes,Tag 'plant:output:electricity' contains placeholder value 'yes' instead of actual capacity,2026-04-24 03:22:16.973540,https://www.openstreetmap.org/way/1071064297,36.12095227158884,61.22040286407669
way/1472509261,1472509261,way,Turkmenistan,plant,Capacity placeholder value,yes,Tag 'plant:output:electricity' contains placeholder value 'yes' instead of actual capacity,2026-04-24 03:22:16.973699,https://www.openstreetmap.org/way/1472509261,37.837332134632,65.15483209334052
way/106522998,106522998,way,Kyrgyzstan,plant,Missing output tag,none,"tags: {'addr:city': 'Бишкек', 'addr:city:en': 'Bishkek', 'addr:country': 'KG', 'addr:housenumber': '12/2', 'addr:street': 'Панфилов көчөсү', 'landuse': 'industrial', 'plant:source': 'coal', 'power': 'plant'}",2026-04-24 03:28:39.346077,https://www.openstreetmap.org/way/106522998,42.85000342683389,74.5989147467932
way/168404806,168404806,way,Kyrgyzstan,plant,Missing output tag,none,"tags: {'landuse': 'industrial', 'plant:source': 'hydro', 'power': 'plant'}",2026-04-24 03:28:39.346271,https://www.openstreetmap.org/way/168404806,42.93799960669746,74.70138385438074
way/168406733,168406733,way,Kyrgyzstan,plant,Missing output tag,none,"tags: {'landuse': 'industrial', 'plant:source': 'hydro', 'power': 'plant'}",2026-04-24 03:28:39.346484,https://www.openstreetmap.org/way/168406733,42.962937667680386,74.71302514579455
way/169428515,169428515,way,Kyrgyzstan,plant,Missing output tag,none,"tags: {'building': 'yes', 'name': 'ГЭС', 'name:en': 'Bystrov', 'name:ru': 'ГЭС', 'plant:source': 'hydro', 'power': 'plant'}",2026-04-24 03:28:39.346707,https://www.openstreetmap.org/way/169428515,42.78143450942783,75.749149991991
way/178115451,178115451,way,Kyrgyzstan,plant,Missing output tag,none,"tags: {'building': 'yes', 'name': 'Alamedin small HPP', 'plant:source': 'hydro', 'power': 'plant'}",2026-04-24 03:28:39.346892,https://www.openstreetmap.org/way/178115451,42.9952783,74.68820900000001
way/189115759,189115759,way,Kyrgyzstan,plant,Missing source tag,none,"tags: {'addr:housenumber': '78/3', 'addr:street': 'Ломоносова улица', 'building': 'yes', 'landuse': 'industrial', 'name': 'Котельная', 'power': 'plant'}",2026-04-24 03:28:39.347318,https://www.openstreetmap.org/way/189115759,42.852902278761896,74.54721430560168
way/194878702,194878702,way,Kyrgyzstan,plant,Missing source tag,none,"tags: {'addr:city': 'Кант', 'addr:housenumber': '2', 'addr:street': 'Советская улица', 'building:levels': '1', 'landuse': 'industrial', 'name': 'Служба сбыта электроэнергии по городу Кант', 'power': 'plant'}",2026-04-24 03:28:39.347481,https://www.openstreetmap.org/way/194878702,42.88095759496104,74.83407102249265
way/194878742,194878742,way,Kyrgyzstan,plant,Missing source tag,none,"tags: {'addr:city': 'Кант', 'addr:housenumber': '2', 'addr:street': 'Советская улица', 'building:levels': '2', 'landuse': 'industrial', 'power': 'plant'}",2026-04-24 03:28:39.347641,https://www.openstreetmap.org/way/194878742,42.88110781817781,74.83444506509383
way/199130423,199130423,way,Kyrgyzstan,plant,Missing source tag,none,"tags: {'landuse': 'industrial', 'name': 'Котельня ДЮСШ', 'power': 'plant'}",2026-04-24 03:28:39.347797,https://www.openstreetmap.org/way/199130423,42.83152135000001,74.10204985
way/234739411,234739411,way,Kyrgyzstan,plant,Missing output tag,none,"tags: {'building': 'yes', 'name': 'Issyk-Ata', 'plant:source': 'hydro', 'power': 'plant'}",2026-04-24 03:28:39.348315,https://www.openstreetmap.org/way/234739411,42.6396234,73.89651279999998
way/397000123,397000123,way,Kyrgyzstan,plant,Missing source tag,none,tags: {'power': 'plant'},2026-04-24 03:28:39.348752,https://www.openstreetmap.org/way/397000123,42.45848707587759,78.40651141893395
way/412766262,412766262,way,Kyrgyzstan,plant,Capacity placeholder value,yes,Tag 'plant:output:electricity' contains placeholder value 'yes' instead of actual capacity,2026-04-24 03:28:39.348931,https://www.openstreetmap.org/way/412766262,41.36970091928931,75.63696999257365
way/478374637,478374637,way,Kyrgyzstan,plant,Missing source tag,none,"tags: {'landuse': 'industrial', 'name:ru': 'Джети-Огузский ГЭС', 'power': 'plant'}",2026-04-24 03:28:39.349179,https://www.openstreetmap.org/way/478374637,42.42469132317926,78.21939918240564
way/478824942,478824942,way,Kyrgyzstan,plant,Missing source tag,none,"tags: {'landuse': 'industrial', 'power': 'plant'}",2026-04-24 03:28:39.349340,https://www.openstreetmap.org/way/478824942,41.42505405,75.96685869999999
way/485059332,485059332,way,Kyrgyzstan,plant,Missing output tag,none,"tags: {'landuse': 'industrial', 'name': 'Жидалик ГЭС', 'plant:source': 'hydro', 'power': 'plant'}",2026-04-24 03:28:39.349537,https://www.openstreetmap.org/way/485059332,40.09352267931875,71.7143020485801
way/486272488,486272488,way,Kyrgyzstan,plant,Missing source tag,none,"tags: {'landuse': 'industrial', 'power': 'plant'}",2026-04-24 03:28:39.349751,https://www.openstreetmap.org/way/486272488,42.840507717548824,74.57866168479077
way/540921947,540921947,way,Kyrgyzstan,plant,Missing source tag,none,"tags: {'landuse': 'industrial', 'power': 'plant'}",2026-04-24 03:28:39.349906,https://www.openstreetmap.org/way/540921947,42.74527777044628,74.21194534221135
way/540992774,540992774,way,Kyrgyzstan,plant,Missing source tag,none,"tags: {'landuse': 'industrial', 'power': 'plant'}",2026-04-24 03:28:39.350098,https://www.openstreetmap.org/way/540992774,42.74643364942594,74.21140281000953
way/540992775,540992775,way,Kyrgyzstan,plant,Missing source tag,none,"tags: {'landuse': 'industrial', 'power': 'plant'}",2026-04-24 03:28:39.350267,https://www.openstreetmap.org/way/540992775,42.70989921118263,74.24495884426393
way/605889499,605889499,way,Kyrgyzstan,plant,Capacity placeholder value,yes,Tag 'plant:output:electricity' contains placeholder value 'yes' instead of actual capacity,2026-04-24 03:28:39.350601,https://www.openstreetmap.org/way/605889499,40.26830483465913,72.1297249204019
way/676231815,676231815,way,Kyrgyzstan,plant,Missing source tag,none,"tags: {'landuse': 'industrial', 'power': 'plant'}",2026-04-24 03:28:39.350756,https://www.openstreetmap.org/way/676231815,42.6077668,79.00814380000001
way/773873889,773873889,way,Kyrgyzstan,plant,Capacity placeholder value,yes,Tag 'plant:output:electricity' contains placeholder value 'yes' instead of actual capacity,2026-04-24 03:28:39.350916,https://www.openstreetmap.org/way/773873889,42.688023400000006,75.05281175
way/1005464393,1005464393,way,Kyrgyzstan,plant,Missing source tag,none,"tags: {'landuse': 'industrial', 'power': 'plant'}",2026-04-24 03:28:39.351103,https://www.openstreetmap.org/way/1005464393,42.8902075698455,74.91198425651181
way/1117997610,1117997610,way,Kyrgyzstan,plant,Missing source tag,none,"tags: {'landuse': 'industrial', 'power': 'plant'}",2026-04-24 03:28:39.351281,https://www.openstreetmap.org/way/1117997610,42.64911416335682,77.04290674464129
way/1358176219,1358176219,way,Kyrgyzstan,plant,Missing source tag,none,"tags: {'landuse': 'industrial', 'name': 'Котельная', 'plant:output:hot_water': 'yes', 'power': 'plant'}",2026-04-24 03:28:39.351437,https://www.openstreetmap.org/way/1358176219,40.932197398409535,72.98331162903075
way/1358178697,1358178697,way,Kyrgyzstan,plant,Missing source tag,none,"tags: {'landuse': 'industrial', 'plant:output:hot_water': 'yes', 'power': 'plant'}",2026-04-24 03:28:39.351591,https://www.openstreetmap.org/way/1358178697,40.933778116666666,72.9588437
way/1358186141,1358186141,way,Kyrgyzstan,plant,Missing source tag,none,"tags: {'landuse': 'industrial', 'name': 'Котельная', 'plant:output:hot_water': 'yes', 'power': 'plant'}",2026-04-24 03:28:39.351745,https://www.openstreetmap.org/way/1358186141,40.902504767474305,72.90693870515034
way/1358186142,1358186142,way,Kyrgyzstan,plant,Missing source tag,none,"tags: {'landuse': 'industrial', 'name': 'Котельная', 'power': 'plant'}",2026-04-24 03:28:39.351899,https://www.openstreetmap.org/way/1358186142,40.91163925000001,72.90198765
way/1359153513,1359153513,way,Kyrgyzstan,plant,Capacity placeholder value,yes,Tag 'plant:output:electricity' contains placeholder value 'yes' instead of actual capacity,2026-04-24 03:28:39.352091,https://www.openstreetmap.org/way/1359153513,39.99082075,72.98181840000001
way/1359386364,1359386364,way,Kyrgyzstan,plant,Capacity placeholder value,yes,Tag 'plant:output:electricity' contains placeholder value 'yes' instead of actual capacity,2026-04-24 03:28:39.352249,https://www.openstreetmap.org/way/1359386364,40.01636729999999,72.08817185
way/1425386176,1425386176,way,Kyrgyzstan,plant,Missing source tag,none,"tags: {'building': 'yes', 'landuse': 'industrial', 'name': 'Котельная', 'power': 'plant'}",2026-04-24 03:28:39.352942,https://www.openstreetmap.org/way/1425386176,42.85505921207815,74.5457652253867
way/1470801656,1470801656,way,Kyrgyzstan,plant,Missing output tag,none,"tags: {'name': 'Orto-Tokoy', 'plant:source': 'hydro', 'power': 'plant'}",2026-04-24 03:28:39.354050,https://www.openstreetmap.org/way/1470801656,42.34023912302549,76.00854029241907
way/1470801657,1470801657,way,Kyrgyzstan,plant,Missing output tag,none,"tags: {'name': 'Maryam', 'plant:source': 'hydro', 'power': 'plant'}",2026-04-24 03:28:39.354232,https://www.openstreetmap.org/way/1470801657,42.68252983989345,74.00335710365275
way/1492720141,1492720141,way,Kyrgyzstan,plant,Capacity placeholder value,yes,Tag 'plant:output:electricity' contains placeholder value 'yes' instead of actual capacity,2026-04-24 03:28:39.354589,https://www.openstreetmap.org/way/1492720141,41.399007997586565,72.22477660105508
way/243690601,243690601,way,Tajikistan,plant,Missing source tag,none,"tags: {'landuse': 'industrial', 'man_made': 'works', 'name': 'Котельная', 'power': 'plant', 'power:output:hot_water': 'yes'}",2026-04-24 03:32:46.016875,https://www.openstreetmap.org/way/243690601,40.52869289922336,69.59821128992019
way/375669573,375669573,way,Tajikistan,plant,Capacity placeholder value,yes,Tag 'plant:output:electricity' contains placeholder value 'yes' instead of actual capacity,2026-04-24 03:32:46.017098,https://www.openstreetmap.org/way/375669573,37.964883992895345,71.62494175124081
way/378505790,378505790,way,Tajikistan,plant,Missing source tag,none,"tags: {'name': 'Ges', 'power': 'plant'}",2026-04-24 03:32:46.017313,https://www.openstreetmap.org/way/378505790,37.918175178304274,71.38632271376679
way/379771687,379771687,way,Tajikistan,plant,Missing output tag,none,"tags: {'plant:method': 'run-of-the-river', 'plant:source': 'hydro', 'power': 'plant'}",2026-04-24 03:32:46.017508,https://www.openstreetmap.org/way/379771687,38.00731183055158,71.66679611846732
way/391317824,391317824,way,Tajikistan,plant,Capacity placeholder value,yes,Tag 'plant:output:electricity' contains placeholder value 'yes' instead of actual capacity,2026-04-24 03:32:46.017683,https://www.openstreetmap.org/way/391317824,38.057195328946214,71.86301267155885
way/391388484,391388484,way,Tajikistan,plant,Missing source tag,none,"tags: {'name': 'Power Plant', 'power': 'plant'}",2026-04-24 03:32:46.017864,https://www.openstreetmap.org/way/391388484,38.295380920370675,72.33820649517398
way/391554826,391554826,way,Tajikistan,plant,Missing output tag,none,"tags: {'plant:method': 'run-of-the-river', 'plant:source': 'hydro', 'power': 'plant'}",2026-04-24 03:32:46.018079,https://www.openstreetmap.org/way/391554826,37.961076399507164,71.5574340771797
way/391554827,391554827,way,Tajikistan,plant,Missing output tag,none,"tags: {'plant:method': 'run-of-the-river', 'plant:source': 'hydro', 'power': 'plant'}",2026-04-24 03:32:46.018293,https://www.openstreetmap.org/way/391554827,37.957968817103456,71.55714155316424
way/391560287,391560287,way,Tajikistan,plant,Missing output tag,none,"tags: {'plant:method': 'run-of-the-river', 'plant:source': 'hydro', 'power': 'plant'}",2026-04-24 03:32:46.018471,https://www.openstreetmap.org/way/391560287,37.94572766996833,71.45210093658082
way/392194176,392194176,way,Tajikistan,plant,Missing output tag,none,"tags: {'building': 'yes', 'building:levels': '0', 'layer': '1', 'name': 'Tehavr', 'plant:source': 'hydro', 'power': 'plant'}",2026-04-24 03:32:46.018649,https://www.openstreetmap.org/way/392194176,38.37923435000001,71.4816062
way/392708126,392708126,way,Tajikistan,plant,Missing output tag,none,"tags: {'building': 'industrial', 'plant:method': 'run-of-the-river', 'plant:source': 'hydro', 'power': 'plant'}",2026-04-24 03:32:46.018826,https://www.openstreetmap.org/way/392708126,38.4868696,70.7947249
way/393201353,393201353,way,Tajikistan,plant,Missing source tag,none,"tags: {'landuse': 'industrial', 'name': 'Памирская ГЭС №1', 'power': 'plant'}",2026-04-24 03:32:46.019024,https://www.openstreetmap.org/way/393201353,37.614692149999996,71.76184950000001
way/497434750,497434750,way,Tajikistan,plant,Capacity placeholder value,yes,Tag 'plant:output:electricity' contains placeholder value 'yes' instead of actual capacity,2026-04-24 03:32:46.020818,https://www.openstreetmap.org/way/497434750,36.683508849999996,71.81951040000001
way/593617035,593617035,way,Tajikistan,plant,Missing source tag,none,"tags: {'name': 'Котельная', 'plant:output:cold_water': 'yes', 'plant:output:hot_water': 'yes', 'power': 'plant'}",2026-04-24 03:32:46.021460,https://www.openstreetmap.org/way/593617035,40.29770655885818,69.59033868246615
way/654218921,654218921,way,Tajikistan,plant,Missing output tag,none,"tags: {'landuse': 'industrial', 'name': 'HPP Yoged', 'plant:source': 'hydro', 'power': 'plant'}",2026-04-24 03:32:46.021640,https://www.openstreetmap.org/way/654218921,38.35022005500707,70.61578832998636
way/862520963,862520963,way,Tajikistan,plant,Missing output tag,none,"tags: {'building': 'yes', 'name': 'PAMIR-1', 'plant:source': 'hydro', 'power': 'plant'}",2026-04-24 03:32:46.023504,https://www.openstreetmap.org/way/862520963,37.59310369218925,71.72883049715165
way/900932475,900932475,way,Tajikistan,plant,Capacity placeholder value,yes,Tag 'plant:output:electricity' contains placeholder value 'yes' instead of actual capacity,2026-04-24 03:32:46.024126,https://www.openstreetmap.org/way/900932475,38.22849489934641,71.54807691699345
way/913545352,913545352,way,Tajikistan,plant,Capacity placeholder value,yes,Tag 'plant:output:electricity' contains placeholder value 'yes' instead of actual capacity,2026-04-24 03:32:46.024290,https://www.openstreetmap.org/way/913545352,38.314823749999995,72.40464215000002
way/929612495,929612495,way,Tajikistan,plant,Capacity placeholder value,yes,Tag 'plant:output:electricity' contains placeholder value 'yes' instead of actual capacity,2026-04-24 03:32:46.024821,https://www.openstreetmap.org/way/929612495,39.331838466430014,68.09332662277691
way/1019212058,1019212058,way,Tajikistan,plant,Capacity placeholder value,yes,Tag 'plant:output:electricity' contains placeholder value 'yes' instead of actual capacity,2026-04-24 03:32:46.026232,https://www.openstreetmap.org/way/1019212058,39.44267360097688,69.56527591665495
way/1025420616,1025420616,way,Tajikistan,plant,Missing output tag,none,"tags: {'plant:source': 'solar', 'power': 'plant'}",2026-04-24 03:32:46.026430,https://www.openstreetmap.org/way/1025420616,37.47465928107194,74.80669385510961
way/1025420618,1025420618,way,Tajikistan,plant,Missing output tag,none,"tags: {'plant:source': 'solar', 'power': 'plant'}",2026-04-24 03:32:46.026637,https://www.openstreetmap.org/way/1025420618,37.475449447100324,74.8074363371759
way/1148983832,1148983832,way,Tajikistan,plant,Capacity placeholder value,yes,Tag 'plant:output:electricity' contains placeholder value 'yes' instead of actual capacity,2026-04-24 03:32:46.026815,https://www.openstreetmap.org/way/1148983832,39.4429992,69.68925015
way/1160794780,1160794780,way,Tajikistan,plant,Missing output tag,none,"tags: {'building': 'yes', 'name': 'Savnob', 'plant:source': 'hydro', 'power': 'plant'}",2026-04-24 03:32:46.027021,https://www.openstreetmap.org/way/1160794780,38.0980468,72.15092795000001
way/1218054598,1218054598,way,Tajikistan,plant,Capacity placeholder value,yes,Tag 'plant:output:electricity' contains placeholder value 'yes' instead of actual capacity,2026-04-24 03:32:46.027204,https://www.openstreetmap.org/way/1218054598,38.09534080000001,71.92222685000002
way/1323462412,1323462412,way,Tajikistan,plant,Missing output tag,none,"tags: {'plant:source': 'hydro', 'power': 'plant'}",2026-04-24 03:32:46.028281,https://www.openstreetmap.org/way/1323462412,38.16772075000001,73.99241430000001
way/1353270039,1353270039,way,Tajikistan,plant,Missing output tag,none,"tags: {'barrier': 'fence', 'plant:method': 'photovoltaic', 'plant:source': 'solar', 'power': 'plant'}",2026-04-24 03:32:46.028858,https://www.openstreetmap.org/way/1353270039,38.176483747450625,74.02286992474055
way/1443815857,1443815857,way,Tajikistan,plant,Capacity placeholder value,yes,Tag 'plant:output:electricity' contains placeholder value 'yes' instead of actual capacity,2026-04-24 03:32:46.029059,https://www.openstreetmap.org/way/1443815857,38.10529241635258,72.3235258822958
way/1444592340,1444592340,way,Tajikistan,plant,Capacity placeholder value,yes,Tag 'plant:output:electricity' contains placeholder value 'yes' instead of actual capacity,2026-04-24 03:32:46.029222,https://www.openstreetmap.org/way/1444592340,38.29570401708066,72.38054439878054
way/1470802015,1470802015,way,Tajikistan,plant,Missing output tag,none,"tags: {'name': 'Marzich', 'plant:source': 'hydro', 'power': 'plant'}",2026-04-24 03:32:46.029398,https://www.openstreetmap.org/way/1470802015,39.18928510200198,68.70068500354405
node/12069357902,12069357902,node,Tajikistan,plant,Capacity placeholder value,yes,Tag 'plant:output:electricity' contains placeholder value 'yes' instead of actual capacity,2026-04-24 03:32:46.029472,https://www.openstreetmap.org/node/12069357902,37.9237069,71.4185397
node/12082789229,12082789229,node,Tajikistan,plant,Capacity placeholder value,yes,Tag 'plant:output:electricity' contains placeholder value 'yes' instead of actual capacity,2026-04-24 03:32:46.029521,https://www.openstreetmap.org/node/12082789229,37.0701693,71.4311407
node/12084736260,12084736260,node,Tajikistan,plant,Capacity placeholder value,yes,Tag 'plant:output:electricity' contains placeholder value 'yes' instead of actual capacity,2026-04-24 03:32:46.029567,https://www.openstreetmap.org/node/12084736260,36.7690516,71.5706249
relation/6617159,6617159,relation,Uzbekistan,plant,Missing source tag,none,"tags: {'landuse': 'industrial', 'name': 'Южная ТЕЦ', 'name:ru': 'Южная ТЕЦ', 'plant:output:hot_water': 'yes', 'power': 'plant', 'type': 'multipolygon'}",2026-04-24 03:38:27.473513,https://www.openstreetmap.org/relation/6617159,40.7479590676651,72.33915528567361
relation/9167447,9167447,relation,Uzbekistan,plant,Capacity placeholder value,yes,Tag 'plant:output:electricity' contains placeholder value 'yes' instead of actual capacity,2026-04-24 03:38:27.474539,https://www.openstreetmap.org/relation/9167447,41.59958010040637,69.86449729179236
node/12356458090,12356458090,node,Uzbekistan,generator,Missing output tag,none,"tags: {'generator:method': 'wind_turbine', 'generator:source': 'wind', 'power': 'generator'}",2026-04-24 03:38:27.482436,https://www.openstreetmap.org/node/12356458090,40.685601,64.6527862
node/12356458096,12356458096,node,Uzbekistan,generator,Missing output tag,none,"tags: {'generator:method': 'wind_turbine', 'generator:source': 'wind', 'power': 'generator'}",2026-04-24 03:38:27.482473,https://www.openstreetmap.org/node/12356458096,40.6515843,64.7534963
node/12356459781,12356459781,node,Uzbekistan,generator,Missing output tag,none,"tags: {'generator:method': 'wind_turbine', 'generator:source': 'wind', 'power': 'generator'}",2026-04-24 03:38:27.482504,https://www.openstreetmap.org/node/12356459781,40.6763816,64.5880873
node/12356459787,12356459787,node,Uzbekistan,generator,Missing output tag,none,"tags: {'generator:method': 'wind_turbine', 'generator:source': 'wind', 'power': 'generator'}",2026-04-24 03:38:27.482532,https://www.openstreetmap.org/node/12356459787,40.6914329,64.5630033
node/12356458074,12356458074,node,Uzbekistan,generator,Missing output tag,none,"tags: {'generator:method': 'wind_turbine', 'generator:source': 'wind', 'power': 'generator'}",2026-04-24 03:38:27.482561,https://www.openstreetmap.org/node/12356458074,40.6601674,64.6802131
node/12356458087,12356458087,node,Uzbekistan,generator,Missing output tag,none,"tags: {'generator:method': 'wind_turbine', 'generator:source': 'wind', 'power': 'generator'}",2026-04-24 03:38:27.482589,https://www.openstreetmap.org/node/12356458087,40.6824443,64.6725702
node/12356459703,12356459703,node,Uzbekistan,generator,Missing output tag,none,"tags: {'generator:method': 'wind_turbine', 'generator:source': 'wind', 'power': 'generator'}",2026-04-24 03:38:27.482616,https://www.openstreetmap.org/node/12356459703,40.6842709,64.7231211
node/12356458080,12356458080,node,Uzbekistan,generator,Missing output tag,none,"tags: {'generator:method': 'wind_turbine', 'generator:source': 'wind', 'power': 'generator'}",2026-04-24 03:38:27.482644,https://www.openstreetmap.org/node/12356458080,40.6678629,64.7060871
node/12356458093,12356458093,node,Uzbekistan,generator,Capacity placeholder value,yes,Tag 'generator:output:electricity' contains placeholder value 'yes' instead of actual capacity,2026-04-24 03:38:27.482657,https://www.openstreetmap.org/node/12356458093,40.6760816,64.6141195
node/12356458099,12356458099,node,Uzbekistan,generator,Missing output tag,none,"tags: {'generator:method': 'wind_turbine', 'generator:source': 'wind', 'power': 'generator'}",2026-04-24 03:38:27.482688,https://www.openstreetmap.org/node/12356458099,40.660644,64.7406422
node/12356459780,12356459780,node,Uzbekistan,generator,Missing output tag,none,"tags: {'generator:method': 'wind_turbine', 'generator:source': 'wind', 'power': 'generator'}",2026-04-24 03:38:27.482716,https://www.openstreetmap.org/node/12356459780,40.6739893,64.5920784
node/12356459786,12356459786,node,Uzbekistan,generator,Missing output tag,none,"tags: {'generator:method': 'wind_turbine', 'generator:source': 'wind', 'power': 'generator'}",2026-04-24 03:38:27.482744,https://www.openstreetmap.org/node/12356459786,40.6891225,64.5656211
node/12356458086,12356458086,node,Uzbekistan,generator,Missing output tag,none,"tags: {'generator:method': 'wind_turbine', 'generator:source': 'wind', 'power': 'generator'}",2026-04-24 03:38:27.482771,https://www.openstreetmap.org/node/12356458086,40.6816632,64.6790075
node/12541020179,12541020179,node,Uzbekistan,generator,Missing output tag,none,"tags: {'generator:method': 'wind_turbine', 'generator:source': 'wind', 'power': 'generator'}",2026-04-24 03:38:27.482800,https://www.openstreetmap.org/node/12541020179,40.6815005,64.7243428
node/12356459702,12356459702,node,Uzbekistan,generator,Missing output tag,none,"tags: {'generator:method': 'wind_turbine', 'generator:source': 'wind', 'power': 'generator'}",2026-04-24 03:38:27.482828,https://www.openstreetmap.org/node/12356459702,40.677627,64.7283701
node/12356458083,12356458083,node,Uzbekistan,generator,Missing output tag,none,"tags: {'generator:method': 'wind_turbine', 'generator:source': 'wind', 'power': 'generator'}",2026-04-24 03:38:27.482856,https://www.openstreetmap.org/node/12356458083,40.6769929,64.694736
node/12356458092,12356458092,node,Uzbekistan,generator,Missing output tag,none,"tags: {'generator:method': 'wind_turbine', 'generator:source': 'wind', 'power': 'generator'}",2026-04-24 03:38:27.482884,https://www.openstreetmap.org/node/12356458092,40.6845108,64.6154928
node/12356458089,12356458089,node,Uzbekistan,generator,Missing output tag,none,"tags: {'generator:method': 'wind_turbine', 'generator:source': 'wind', 'power': 'generator'}",2026-04-24 03:38:27.482913,https://www.openstreetmap.org/node/12356458089,40.6846735,64.6601247
node/12356458098,12356458098,node,Uzbekistan,generator,Missing output tag,none,"tags: {'generator:method': 'wind_turbine', 'generator:source': 'wind', 'power': 'generator'}",2026-04-24 03:38:27.482940,https://www.openstreetmap.org/node/12356458098,40.657297,64.7442532
node/12356459783,12356459783,node,Uzbekistan,generator,Missing output tag,none,"tags: {'generator:method': 'wind_turbine', 'generator:source': 'wind', 'power': 'generator'}",2026-04-24 03:38:27.482986,https://www.openstreetmap.org/node/12356459783,40.678969,64.5759208
node/12356458076,12356458076,node,Uzbekistan,generator,Missing output tag,none,"tags: {'generator:method': 'wind_turbine', 'generator:source': 'wind', 'power': 'generator'}",2026-04-24 03:38:27.483015,https://www.openstreetmap.org/node/12356458076,40.6641602,64.6677286
node/12356458082,12356458082,node,Uzbekistan,generator,Missing output tag,none,"tags: {'generator:method': 'wind_turbine', 'generator:source': 'wind', 'power': 'generator'}",2026-04-24 03:38:27.483043,https://www.openstreetmap.org/node/12356458082,40.6750726,64.6993923
node/12356458095,12356458095,node,Uzbekistan,generator,Missing output tag,none,"tags: {'generator:method': 'wind_turbine', 'generator:source': 'wind', 'power': 'generator', 'ref': 'T29'}",2026-04-24 03:38:27.483072,https://www.openstreetmap.org/node/12356458095,40.6479085,64.7565955
node/12356458088,12356458088,node,Uzbekistan,generator,Missing output tag,none,"tags: {'generator:method': 'wind_turbine', 'generator:source': 'wind', 'power': 'generator'}",2026-04-24 03:38:27.483099,https://www.openstreetmap.org/node/12356458088,40.6836484,64.6661758
node/12356459704,12356459704,node,Uzbekistan,generator,Missing output tag,none,"tags: {'generator:method': 'wind_turbine', 'generator:source': 'wind', 'power': 'generator'}",2026-04-24 03:38:27.483127,https://www.openstreetmap.org/node/12356459704,40.6918489,64.7175918
node/12356459782,12356459782,node,Uzbekistan,generator,Missing output tag,none,"tags: {'generator:method': 'wind_turbine', 'generator:source': 'wind', 'power': 'generator'}",2026-04-24 03:38:27.483155,https://www.openstreetmap.org/node/12356459782,40.6779438,64.5832808
node/12356459779,12356459779,node,Uzbekistan,generator,Missing output tag,none,"tags: {'generator:method': 'wind_turbine', 'generator:source': 'wind', 'power': 'generator'}",2026-04-24 03:38:27.483182,https://www.openstreetmap.org/node/12356459779,40.6709948,64.5986015
node/12356459785,12356459785,node,Uzbekistan,generator,Missing output tag,none,"tags: {'generator:method': 'wind_turbine', 'generator:source': 'wind', 'power': 'generator'}",2026-04-24 03:38:27.483209,https://www.openstreetmap.org/node/12356459785,40.6831836,64.5722301
node/12356458079,12356458079,node,Uzbekistan,generator,Missing output tag,none,"tags: {'generator:method': 'wind_turbine', 'generator:source': 'wind', 'power': 'generator'}",2026-04-24 03:38:27.483236,https://www.openstreetmap.org/node/12356458079,40.6635985,64.7085976
node/12541020181,12541020181,node,Uzbekistan,generator,Missing output tag,none,"tags: {'generator:method': 'wind_turbine', 'generator:source': 'wind', 'power': 'generator'}",2026-04-24 03:38:27.483263,https://www.openstreetmap.org/node/12541020181,40.693427,64.7560787
node/12356458085,12356458085,node,Uzbekistan,generator,Missing output tag,none,"tags: {'generator:method': 'wind_turbine', 'generator:source': 'wind', 'power': 'generator'}",2026-04-24 03:38:27.483290,https://www.openstreetmap.org/node/12356458085,40.6801499,64.6841573
node/12356459701,12356459701,node,Uzbekistan,generator,Missing output tag,none,"tags: {'generator:method': 'wind_turbine', 'generator:source': 'wind', 'power': 'generator'}",2026-04-24 03:38:27.483318,https://www.openstreetmap.org/node/12356459701,40.6737736,64.7321622
node/12356458094,12356458094,node,Uzbekistan,generator,Missing output tag,none,"tags: {'generator:method': 'wind_turbine', 'generator:source': 'wind', 'power': 'generator'}",2026-04-24 03:38:27.483346,https://www.openstreetmap.org/node/12356458094,40.6792711,64.614141
node/12356458091,12356458091,node,Uzbekistan,generator,Missing output tag,none,"tags: {'generator:method': 'wind_turbine', 'generator:source': 'wind', 'power': 'generator'}",2026-04-24 03:38:27.483374,https://www.openstreetmap.org/node/12356458091,40.6863495,64.6448469
node/12356458100,12356458100,node,Uzbekistan,generator,Missing output tag,none,"tags: {'generator:method': 'wind_turbine', 'generator:source': 'wind', 'power': 'generator'}",2026-04-24 03:38:27.483402,https://www.openstreetmap.org/node/12356458100,40.6701041,64.7369443
node/12356458097,12356458097,node,Uzbekistan,generator,Missing output tag,none,"tags: {'generator:method': 'wind_turbine', 'generator:source': 'wind', 'power': 'generator'}",2026-04-24 03:38:27.483430,https://www.openstreetmap.org/node/12356458097,40.6542023,64.74816
node/12356459784,12356459784,node,Uzbekistan,generator,Missing output tag,none,"tags: {'generator:method': 'wind_turbine', 'generator:source': 'wind', 'power': 'generator'}",2026-04-24 03:38:27.483458,https://www.openstreetmap.org/node/12356459784,40.6872026,64.5678742
node/12356458078,12356458078,node,Uzbekistan,generator,Missing output tag,none,"tags: {'generator:method': 'wind_turbine', 'generator:source': 'wind', 'power': 'generator'}",2026-04-24 03:38:27.483486,https://www.openstreetmap.org/node/12356458078,40.6592851,64.7111296
node/12356458075,12356458075,node,Uzbekistan,generator,Missing output tag,none,"tags: {'generator:method': 'wind_turbine', 'generator:source': 'wind', 'power': 'generator'}",2026-04-24 03:38:27.483514,https://www.openstreetmap.org/node/12356458075,40.6618084,64.6730091
node/12541020180,12541020180,node,Uzbekistan,generator,Missing output tag,none,"tags: {'generator:method': 'wind_turbine', 'generator:source': 'wind', 'power': 'generator'}",2026-04-24 03:38:27.483542,https://www.openstreetmap.org/node/12541020180,40.6864145,64.7205233
node/12356458084,12356458084,node,Uzbekistan,generator,Missing output tag,none,"tags: {'generator:method': 'wind_turbine', 'generator:source': 'wind', 'power': 'generator'}",2026-04-24 03:38:27.483569,https://www.openstreetmap.org/node/12356458084,40.6785714,64.6893501
node/12356458081,12356458081,node,Uzbekistan,generator,Missing output tag,none,"tags: {'generator:method': 'wind_turbine', 'generator:source': 'wind', 'power': 'generator'}",2026-04-24 03:38:27.483598,https://www.openstreetmap.org/node/12356458081,40.6718991,64.703362
node/12356431367,12356431367,node,Uzbekistan,generator,Missing output tag,none,"tags: {'generator:method': 'wind_turbine', 'generator:source': 'wind', 'power': 'generator', 'ref': '33'}",2026-04-24 03:38:27.486469,https://www.openstreetmap.org/node/12356431367,40.9057781,63.4320889
node/12356431360,12356431360,node,Uzbekistan,generator,Missing output tag,none,"tags: {'generator:method': 'wind_turbine', 'generator:source': 'wind', 'power': 'generator'}",2026-04-24 03:38:27.486506,https://www.openstreetmap.org/node/12356431360,40.877701,63.4707728
node/12356431373,12356431373,node,Uzbekistan,generator,Missing output tag,none,"tags: {'generator:method': 'wind_turbine', 'generator:source': 'wind', 'power': 'generator'}",2026-04-24 03:38:27.486540,https://www.openstreetmap.org/node/12356431373,40.9154547,63.3954405
node/12356431382,12356431382,node,Uzbekistan,generator,Missing output tag,none,"tags: {'generator:method': 'wind_turbine', 'generator:source': 'wind', 'power': 'generator', 'ref': '17'}",2026-04-24 03:38:27.486574,https://www.openstreetmap.org/node/12356431382,40.9280457,63.3453313
node/12356431379,12356431379,node,Uzbekistan,generator,Missing output tag,none,"tags: {'generator:method': 'wind_turbine', 'generator:source': 'wind', 'power': 'generator'}",2026-04-24 03:38:27.486605,https://www.openstreetmap.org/node/12356431379,40.9245355,63.3613881
node/12356431388,12356431388,node,Uzbekistan,generator,Missing output tag,none,"tags: {'generator:method': 'wind_turbine', 'generator:source': 'wind', 'power': 'generator', 'ref': '08'}",2026-04-24 03:38:27.486637,https://www.openstreetmap.org/node/12356431388,40.9190887,63.3176026
node/12356431385,12356431385,node,Uzbekistan,generator,Missing output tag,none,"tags: {'generator:method': 'wind_turbine', 'generator:source': 'wind', 'power': 'generator'}",2026-04-24 03:38:27.486668,https://www.openstreetmap.org/node/12356431385,40.9323987,63.3207172
node/12356431357,12356431357,node,Uzbekistan,generator,Missing output tag,none,"tags: {'generator:method': 'wind_turbine', 'generator:source': 'wind', 'power': 'generator'}",2026-04-24 03:38:27.486698,https://www.openstreetmap.org/node/12356431357,40.8687614,63.4837009
node/12356431363,12356431363,node,Uzbekistan,generator,Missing output tag,none,"tags: {'generator:method': 'wind_turbine', 'generator:source': 'wind', 'power': 'generator', 'ref': '36'}",2026-04-24 03:38:27.486729,https://www.openstreetmap.org/node/12356431363,40.897859,63.4458612
node/12356431372,12356431372,node,Uzbekistan,generator,Missing output tag,none,"tags: {'generator:method': 'wind_turbine', 'generator:source': 'wind', 'power': 'generator', 'ref': '06'}",2026-04-24 03:38:27.486761,https://www.openstreetmap.org/node/12356431372,40.9108586,63.3971317
node/12356431369,12356431369,node,Uzbekistan,generator,Missing output tag,none,"tags: {'generator:method': 'wind_turbine', 'generator:source': 'wind', 'power': 'generator'}",2026-04-24 03:38:27.486790,https://www.openstreetmap.org/node/12356431369,40.9102318,63.4179144
node/12356431378,12356431378,node,Uzbekistan,generator,Missing output tag,none,"tags: {'generator:method': 'wind_turbine', 'generator:source': 'wind', 'power': 'generator'}",2026-04-24 03:38:27.486820,https://www.openstreetmap.org/node/12356431378,40.9232084,63.3671286
node/12356431391,12356431391,node,Uzbekistan,generator,Missing output tag,none,"tags: {'generator:method': 'wind_turbine', 'generator:source': 'wind', 'power': 'generator', 'ref': '15'}",2026-04-24 03:38:27.486851,https://www.openstreetmap.org/node/12356431391,40.9245475,63.3363532
node/12356431384,12356431384,node,Uzbekistan,generator,Missing output tag,none,"tags: {'generator:method': 'wind_turbine', 'generator:source': 'wind', 'power': 'generator', 'ref': '14'}",2026-04-24 03:38:27.486882,https://www.openstreetmap.org/node/12356431384,40.9316844,63.3291365
node/12356431356,12356431356,node,Uzbekistan,generator,Missing output tag,none,"tags: {'generator:method': 'wind_turbine', 'generator:source': 'wind', 'power': 'generator'}",2026-04-24 03:38:27.486912,https://www.openstreetmap.org/node/12356431356,40.8655148,63.4865793
node/12356431362,12356431362,node,Uzbekistan,generator,Missing output tag,none,"tags: {'generator:method': 'wind_turbine', 'generator:source': 'wind', 'power': 'generator', 'ref': '37'}",2026-04-24 03:38:27.486943,https://www.openstreetmap.org/node/12356431362,40.894995,63.4504013
node/12356431375,12356431375,node,Uzbekistan,generator,Missing output tag,none,"tags: {'generator:method': 'wind_turbine', 'generator:source': 'wind', 'power': 'generator'}",2026-04-24 03:38:27.486994,https://www.openstreetmap.org/node/12356431375,40.9197679,63.3784631
node/12356431368,12356431368,node,Uzbekistan,generator,Missing output tag,none,"tags: {'generator:method': 'wind_turbine', 'generator:source': 'wind', 'power': 'generator'}",2026-04-24 03:38:27.487027,https://www.openstreetmap.org/node/12356431368,40.9079828,63.4242077
node/12356431381,12356431381,node,Uzbekistan,generator,Missing output tag,none,"tags: {'generator:method': 'wind_turbine', 'generator:source': 'wind', 'power': 'generator'}",2026-04-24 03:38:27.487058,https://www.openstreetmap.org/node/12356431381,40.927386,63.3504439
node/12356431390,12356431390,node,Uzbekistan,generator,Missing output tag,none,"tags: {'generator:method': 'wind_turbine', 'generator:source': 'wind', 'power': 'generator'}",2026-04-24 03:38:27.487088,https://www.openstreetmap.org/node/12356431390,40.9256812,63.2994055
node/12356431393,12356431393,node,Uzbekistan,generator,Missing output tag,none,"tags: {'generator:method': 'wind_turbine', 'generator:source': 'wind', 'power': 'generator'}",2026-04-24 03:38:27.487118,https://www.openstreetmap.org/node/12356431393,40.9020624,63.3986738
node/12356431359,12356431359,node,Uzbekistan,generator,Missing output tag,none,"tags: {'generator:method': 'wind_turbine', 'generator:source': 'wind', 'power': 'generator'}",2026-04-24 03:38:27.487148,https://www.openstreetmap.org/node/12356431359,40.8631781,63.4903195
node/12356431365,12356431365,node,Uzbekistan,generator,Missing output tag,none,"tags: {'generator:method': 'wind_turbine', 'generator:source': 'wind', 'power': 'generator', 'ref': '34'}",2026-04-24 03:38:27.487180,https://www.openstreetmap.org/node/12356431365,40.9029995,63.4356776
node/12356431374,12356431374,node,Uzbekistan,generator,Missing output tag,none,"tags: {'generator:method': 'wind_turbine', 'generator:source': 'wind', 'power': 'generator'}",2026-04-24 03:38:27.487210,https://www.openstreetmap.org/node/12356431374,40.9158971,63.3897
node/12356431371,12356431371,node,Uzbekistan,generator,Missing output tag,none,"tags: {'generator:method': 'wind_turbine', 'generator:source': 'wind', 'power': 'generator', 'ref': '28'}",2026-04-24 03:38:27.487241,https://www.openstreetmap.org/node/12356431371,40.9135868,63.4039454
node/12356431380,12356431380,node,Uzbekistan,generator,Missing output tag,none,"tags: {'generator:method': 'wind_turbine', 'generator:source': 'wind', 'power': 'generator'}",2026-04-24 03:38:27.487272,https://www.openstreetmap.org/node/12356431380,40.9258993,63.3560542
node/12356431377,12356431377,node,Uzbekistan,generator,Missing output tag,none,"tags: {'generator:method': 'wind_turbine', 'generator:source': 'wind', 'power': 'generator'}",2026-04-24 03:38:27.487302,https://www.openstreetmap.org/node/12356431377,40.9217462,63.3726088
node/12356431392,12356431392,node,Uzbekistan,generator,Missing output tag,none,"tags: {'generator:method': 'wind_turbine', 'generator:source': 'wind', 'power': 'generator', 'ref': '61'}",2026-04-24 03:38:27.487334,https://www.openstreetmap.org/node/12356431392,40.9050477,63.4096028
node/12356431364,12356431364,node,Uzbekistan,generator,Missing output tag,none,"tags: {'generator:method': 'wind_turbine', 'generator:source': 'wind', 'power': 'generator', 'ref': '35'}",2026-04-24 03:38:27.487366,https://www.openstreetmap.org/node/12356431364,40.9021816,63.4439984
node/12356431361,12356431361,node,Uzbekistan,generator,Missing output tag,none,"tags: {'generator:method': 'wind_turbine', 'generator:source': 'wind', 'power': 'generator', 'ref': '38'}",2026-04-24 03:38:27.487397,https://www.openstreetmap.org/node/12356431361,40.8930215,63.4577605
node/12356431370,12356431370,node,Uzbekistan,generator,Missing output tag,none,"tags: {'generator:method': 'wind_turbine', 'generator:source': 'wind', 'power': 'generator', 'ref': '30'}",2026-04-24 03:38:27.487428,https://www.openstreetmap.org/node/12356431370,40.9124316,63.4119138
node/12356431383,12356431383,node,Uzbekistan,generator,Missing output tag,none,"tags: {'generator:method': 'wind_turbine', 'generator:source': 'wind', 'power': 'generator', 'ref': '16'}",2026-04-24 03:38:27.487465,https://www.openstreetmap.org/node/12356431383,40.9302996,63.3382758
node/12356431376,12356431376,node,Uzbekistan,generator,Missing output tag,none,"tags: {'generator:method': 'wind_turbine', 'generator:source': 'wind', 'power': 'generator'}",2026-04-24 03:38:27.487495,https://www.openstreetmap.org/node/12356431376,40.9167573,63.3831465
node/12356431389,12356431389,node,Uzbekistan,generator,Missing output tag,none,"tags: {'generator:method': 'wind_turbine', 'generator:source': 'wind', 'power': 'generator', 'ref': '07'}",2026-04-24 03:38:27.487528,https://www.openstreetmap.org/node/12356431389,40.9220495,63.3092014
node/12356428094,12356428094,node,Uzbekistan,generator,Missing output tag,none,"tags: {'generator:method': 'wind_turbine', 'generator:source': 'wind', 'power': 'generator'}",2026-04-24 03:38:27.489422,https://www.openstreetmap.org/node/12356428094,42.1101325,60.5823307
node/12356428100,12356428100,node,Uzbekistan,generator,Missing output tag,none,"tags: {'generator:method': 'wind_turbine', 'generator:source': 'wind', 'power': 'generator'}",2026-04-24 03:38:27.489462,https://www.openstreetmap.org/node/12356428100,42.121354,60.5408959
node/12356428097,12356428097,node,Uzbekistan,generator,Missing output tag,none,"tags: {'generator:method': 'wind_turbine', 'generator:source': 'wind', 'power': 'generator'}",2026-04-24 03:38:27.489497,https://www.openstreetmap.org/node/12356428097,42.1135549,60.5719666
node/12356428096,12356428096,node,Uzbekistan,generator,Missing output tag,none,"tags: {'generator:method': 'wind_turbine', 'generator:source': 'wind', 'power': 'generator'}",2026-04-24 03:38:27.489530,https://www.openstreetmap.org/node/12356428096,42.1027618,60.5746274
node/12356488803,12356488803,node,Uzbekistan,generator,Missing output tag,none,"tags: {'generator:method': 'wind_turbine', 'generator:source': 'wind', 'power': 'generator'}",2026-04-24 03:38:27.489563,https://www.openstreetmap.org/node/12356488803,42.0947223,60.5534373
node/12356428093,12356428093,node,Uzbekistan,generator,Missing output tag,none,"tags: {'generator:method': 'wind_turbine', 'generator:source': 'wind', 'power': 'generator'}",2026-04-24 03:38:27.489597,https://www.openstreetmap.org/node/12356428093,42.1071079,60.5914073
node/12356428099,12356428099,node,Uzbekistan,generator,Missing output tag,none,"tags: {'generator:method': 'wind_turbine', 'generator:source': 'wind', 'power': 'generator'}",2026-04-24 03:38:27.489630,https://www.openstreetmap.org/node/12356428099,42.1194123,60.5519681
node/12356488802,12356488802,node,Uzbekistan,generator,Missing output tag,none,"tags: {'generator:method': 'wind_turbine', 'generator:source': 'wind', 'power': 'generator'}",2026-04-24 03:38:27.489662,https://www.openstreetmap.org/node/12356488802,42.0950698,60.5656876
node/12356428092,12356428092,node,Uzbekistan,generator,Missing output tag,none,"tags: {'generator:method': 'wind_turbine', 'generator:source': 'wind', 'power': 'generator'}",2026-04-24 03:38:27.489697,https://www.openstreetmap.org/node/12356428092,42.0895578,60.5786541
node/12356428098,12356428098,node,Uzbekistan,generator,Missing output tag,none,"tags: {'generator:method': 'wind_turbine', 'generator:source': 'wind', 'power': 'generator'}",2026-04-24 03:38:27.489730,https://www.openstreetmap.org/node/12356428098,42.1168179,60.5623321
node/12356488805,12356488805,node,Uzbekistan,generator,Missing output tag,none,"tags: {'generator:method': 'wind_turbine', 'generator:source': 'wind', 'power': 'generator'}",2026-04-24 03:38:27.489763,https://www.openstreetmap.org/node/12356488805,42.0945852,60.5272854
node/12356428095,12356428095,node,Uzbekistan,generator,Missing output tag,none,"tags: {'generator:method': 'wind_turbine', 'generator:source': 'wind', 'power': 'generator'}",2026-04-24 03:38:27.489795,https://www.openstreetmap.org/node/12356428095,42.0981129,60.5855279
node/12356488804,12356488804,node,Uzbekistan,generator,Missing output tag,none,"tags: {'generator:method': 'wind_turbine', 'generator:source': 'wind', 'power': 'generator'}",2026-04-24 03:38:27.489828,https://www.openstreetmap.org/node/12356488804,42.0948321,60.5399547
node/12356488801,12356488801,node,Uzbekistan,generator,Missing output tag,none,"tags: {'generator:method': 'wind_turbine', 'generator:source': 'wind', 'power': 'generator'}",2026-04-24 03:38:27.489861,https://www.openstreetmap.org/node/12356488801,42.1218474,60.5312829
way/89040467,89040467,way,Uzbekistan,plant,Missing source tag,none,"tags: {'landuse': 'industrial', 'power': 'plant'}",2026-04-24 03:38:27.490698,https://www.openstreetmap.org/way/89040467,41.30022406766597,69.23504773850482
way/106225207,106225207,way,Uzbekistan,plant,Missing output tag,none,"tags: {'name': 'Кибрайская ГЭС -11 Аккавак-3', 'name:ru': 'Кибрайская ГЭС -11 Аккавак-3', 'plant:method': 'run-of-the-river', 'plant:source': 'hydro', 'power': 'plant'}",2026-04-24 03:38:27.493020,https://www.openstreetmap.org/way/106225207,41.399434522746134,69.4588205689064
way/106628964,106628964,way,Uzbekistan,plant,Missing output tag,none,"tags: {'name': 'Бурджарская ГЭС', 'name:ru': 'Бурджарская ГЭС', 'plant:method': 'run-of-the-river', 'plant:source': 'hydro', 'power': 'plant', 'wikidata': 'Q20536162', 'wikipedia': 'ru:Бурджарская ГЭС'}",2026-04-24 03:38:27.493264,https://www.openstreetmap.org/way/106628964,41.30526005412379,69.25376268590237
way/135422301,135422301,way,Uzbekistan,plant,Missing output tag,none,"tags: {'designation': 'СаларГЭС', 'name': 'Salar (HPP-12)', 'plant:source': 'hydro', 'power': 'plant'}",2026-04-24 03:38:27.493447,https://www.openstreetmap.org/way/135422301,41.37758650000001,69.3545395
way/135961044,135961044,way,Uzbekistan,plant,Capacity placeholder value,yes,Tag 'plant:output:electricity' contains placeholder value 'yes' instead of actual capacity,2026-04-24 03:38:27.493799,https://www.openstreetmap.org/way/135961044,41.36837880562403,69.25908804379739
way/136160131,136160131,way,Uzbekistan,plant,Missing output tag,none,"tags: {'landuse': 'industrial', 'name': 'ТЦ-2 «Карасу»', 'name:ru': 'ТЦ-2 «Карасу»', 'plant:output:hot_water': 'yes', 'plant:source': 'gas', 'power': 'plant'}",2026-04-24 03:38:27.494047,https://www.openstreetmap.org/way/136160131,41.32435713967783,69.35943716982966
way/145115616,145115616,way,Uzbekistan,plant,Capacity placeholder value,yes,Tag 'plant:output:electricity' contains placeholder value 'yes' instead of actual capacity,2026-04-24 03:38:27.494741,https://www.openstreetmap.org/way/145115616,41.27499372013574,69.25613621690036
way/167884215,167884215,way,Uzbekistan,plant,Missing source tag,none,"tags: {'landuse': 'industrial', 'power': 'plant'}",2026-04-24 03:38:27.495165,https://www.openstreetmap.org/way/167884215,39.6705227,66.8579103
way/181638083,181638083,way,Uzbekistan,plant,Capacity placeholder value,yes,Tag 'plant:output:electricity' contains placeholder value 'yes' instead of actual capacity,2026-04-24 03:38:27.497883,https://www.openstreetmap.org/way/181638083,41.327254228144014,69.27030895229947
way/187646395,187646395,way,Uzbekistan,plant,Capacity placeholder value,yes,Tag 'plant:output:electricity' contains placeholder value 'yes' instead of actual capacity,2026-04-24 03:38:27.498100,https://www.openstreetmap.org/way/187646395,41.209253131749286,69.09682983958851
way/187647108,187647108,way,Uzbekistan,plant,Capacity placeholder value,yes,Tag 'plant:output:electricity' contains placeholder value 'yes' instead of actual capacity,2026-04-24 03:38:27.498302,https://www.openstreetmap.org/way/187647108,41.23839990211825,69.11477729574301
way/198550668,198550668,way,Uzbekistan,plant,Capacity placeholder value,yes,Tag 'plant:output:electricity' contains placeholder value 'yes' instead of actual capacity,2026-04-24 03:38:27.498661,https://www.openstreetmap.org/way/198550668,41.388837066014275,69.39639329732708
way/215351645,215351645,way,Uzbekistan,plant,Capacity placeholder value,yes,Tag 'plant:output:electricity' contains placeholder value 'yes' instead of actual capacity,2026-04-24 03:38:27.498872,https://www.openstreetmap.org/way/215351645,41.422523983836655,69.52469620194967
way/221530255,221530255,way,Uzbekistan,plant,Missing source tag,none,tags: {'power': 'plant'},2026-04-24 03:38:27.499060,https://www.openstreetmap.org/way/221530255,41.0169482298949,70.12717042020375
way/240228668,240228668,way,Uzbekistan,plant,Missing source tag,none,"tags: {'landuse': 'industrial', 'name': 'Котельная', 'plant:output:hot_water': 'yes', 'power': 'plant'}",2026-04-24 03:38:27.500437,https://www.openstreetmap.org/way/240228668,40.22483240008412,69.26593372461531
way/240350654,240350654,way,Uzbekistan,plant,Missing source tag,none,tags: {'power': 'plant'},2026-04-24 03:38:27.500598,https://www.openstreetmap.org/way/240350654,41.218635970905986,69.72765781239924
way/243917403,243917403,way,Uzbekistan,plant,Missing source tag,none,"tags: {'generator:output:electricity': 'yes', 'generator:output:hot_water': 'yes', 'landuse': 'industrial', 'power': 'plant'}",2026-04-24 03:38:27.500774,https://www.openstreetmap.org/way/243917403,41.116488670394965,70.08973578211558
way/244339655,244339655,way,Uzbekistan,plant,Capacity placeholder value,yes,Tag 'plant:output:electricity' contains placeholder value 'yes' instead of actual capacity,2026-04-24 03:38:27.500975,https://www.openstreetmap.org/way/244339655,40.220760186838405,69.16074839778308
way/244651208,244651208,way,Uzbekistan,plant,Missing source tag,none,tags: {'power': 'plant'},2026-04-24 03:38:27.501139,https://www.openstreetmap.org/way/244651208,41.017219582045854,69.99619363118732
way/244816300,244816300,way,Uzbekistan,plant,Missing source tag,none,tags: {'power': 'plant'},2026-04-24 03:38:27.501304,https://www.openstreetmap.org/way/244816300,41.05683967523935,70.11978250926842
way/244914288,244914288,way,Uzbekistan,plant,Missing source tag,none,tags: {'power': 'plant'},2026-04-24 03:38:27.501461,https://www.openstreetmap.org/way/244914288,41.03337895512432,70.12582872745752
way/244919773,244919773,way,Uzbekistan,plant,Capacity placeholder value,yes,Tag 'plant:output:electricity' contains placeholder value 'yes' instead of actual capacity,2026-04-24 03:38:27.501647,https://www.openstreetmap.org/way/244919773,41.04859118649253,70.20477364267605
way/245168622,245168622,way,Uzbekistan,plant,Missing source tag,none,tags: {'power': 'plant'},2026-04-24 03:38:27.501803,https://www.openstreetmap.org/way/245168622,40.9907314,70.35974230000001
way/245596575,245596575,way,Uzbekistan,plant,Missing source tag,none,tags: {'power': 'plant'},2026-04-24 03:38:27.501991,https://www.openstreetmap.org/way/245596575,41.02297946722485,70.15771204056331
way/245764662,245764662,way,Uzbekistan,plant,Missing source tag,none,tags: {'power': 'plant'},2026-04-24 03:38:27.502377,https://www.openstreetmap.org/way/245764662,41.023797317130104,70.15423523428798
way/245930391,245930391,way,Uzbekistan,plant,Missing source tag,none,tags: {'power': 'plant'},2026-04-24 03:38:27.502536,https://www.openstreetmap.org/way/245930391,41.02278184319245,70.12060952504218
way/245930879,245930879,way,Uzbekistan,plant,Missing source tag,none,tags: {'power': 'plant'},2026-04-24 03:38:27.502713,https://www.openstreetmap.org/way/245930879,41.029187311590114,70.09605149114347
way/249522826,249522826,way,Uzbekistan,plant,Missing source tag,none,tags: {'power': 'plant'},2026-04-24 03:38:27.502869,https://www.openstreetmap.org/way/249522826,41.709273477618346,70.0896497100095
way/251116002,251116002,way,Uzbekistan,plant,Missing source tag,none,tags: {'power': 'plant'},2026-04-24 03:38:27.503051,https://www.openstreetmap.org/way/251116002,41.79371212606651,70.22382661874673
way/261179388,261179388,way,Uzbekistan,plant,Missing source tag,none,tags: {'power': 'plant'},2026-04-24 03:38:27.503220,https://www.openstreetmap.org/way/261179388,40.8797562586977,69.76262974159532
way/263591482,263591482,way,Uzbekistan,plant,Missing source tag,none,"tags: {'plant:output:electricity': 'yes', 'power': 'plant'}",2026-04-24 03:38:27.504036,https://www.openstreetmap.org/way/263591482,40.95395201216622,69.16020847387038
way/284951137,284951137,way,Uzbekistan,plant,Missing source tag,none,"tags: {'name': 'Городская котельная', 'name:ru': 'Городская котельная', 'plant:output:hot_water': 'yes', 'power': 'plant'}",2026-04-24 03:38:27.504407,https://www.openstreetmap.org/way/284951137,38.84733424705102,65.79369417668805
way/320776098,320776098,way,Uzbekistan,plant,Missing source tag,none,"tags: {'plant:output:electricity': 'yes', 'power': 'plant'}",2026-04-24 03:38:27.504576,https://www.openstreetmap.org/way/320776098,40.617591075638636,69.05714259699091
way/367947119,367947119,way,Uzbekistan,plant,Missing source tag,none,tags: {'power': 'plant'},2026-04-24 03:38:27.505793,https://www.openstreetmap.org/way/367947119,41.08783905428884,68.89300835039519
way/379726245,379726245,way,Uzbekistan,plant,Missing source tag,none,"tags: {'addr:city': 'Nókis', 'addr:country': 'UZ', 'addr:housenumber': '20', 'addr:postcode': '230100', 'addr:region': 'Qaraqalpaqstan Respublikası', 'addr:street': 'Beruniy kóshesi', 'email': 'ssiliq-orayi@umail.uz', 'industrial': 'heating_station', 'landuse': 'industrial', 'name': '«Kommunal Íssılıq Orayı» mámleketlik unitar karxanası', 'name:en': 'State unitary enterprise ""Kommunalnik issilik orayi»', 'name:ru': 'Государственное унитарное предприятие «Коммуналлык ыссылык орайы»', 'power': 'plant'}",2026-04-24 03:38:27.506267,https://www.openstreetmap.org/way/379726245,42.44838238381535,59.63146710769507
way/379876618,379876618,way,Uzbekistan,plant,Capacity placeholder value,yes,Tag 'plant:output:electricity' contains placeholder value 'yes' instead of actual capacity,2026-04-24 03:38:27.506458,https://www.openstreetmap.org/way/379876618,41.15354134104215,69.02152560181402
way/484921149,484921149,way,Uzbekistan,plant,Capacity placeholder value,yes,Tag 'plant:output:electricity' contains placeholder value 'yes' instead of actual capacity,2026-04-24 03:38:27.506622,https://www.openstreetmap.org/way/484921149,41.27716974999999,69.22186289999999
way/625102662,625102662,way,Uzbekistan,plant,Missing source tag,none,"tags: {'landuse': 'industrial', 'name:de': 'ehemaliges sowjetisches Wasserkraftwerk', 'power': 'plant', 'source': 'DuMont Reise-Handbuch Usbekistan'}",2026-04-24 03:38:27.509907,https://www.openstreetmap.org/way/625102662,41.00396556806977,71.68427589359655
way/698331684,698331684,way,Uzbekistan,plant,Missing output tag,none,"tags: {'building': 'industrial', 'name': 'Котельная', 'plant:method': 'combustion', 'plant:source': 'gas', 'power': 'plant'}",2026-04-24 03:38:27.510829,https://www.openstreetmap.org/way/698331684,40.857239823576535,69.634828176384
way/700847049,700847049,way,Uzbekistan,plant,Capacity placeholder value,yes,Tag 'plant:output:electricity' contains placeholder value 'yes' instead of actual capacity,2026-04-24 03:38:27.511054,https://www.openstreetmap.org/way/700847049,39.85288829678719,68.37678787674731
way/720855365,720855365,way,Uzbekistan,plant,Missing source tag,none,"tags: {'addr:country': 'UZ', 'addr:region': 'Qaraqalpaqstan Respublikası', 'building': 'kindergarten', 'building:levels': '1', 'landuse': 'industrial', 'power': 'plant'}",2026-04-24 03:38:27.511220,https://www.openstreetmap.org/way/720855365,42.5096580868188,59.57089878146146
way/737062020,737062020,way,Uzbekistan,plant,Missing source tag,none,"tags: {'landuse': 'industrial', 'power': 'plant'}",2026-04-24 03:38:27.511406,https://www.openstreetmap.org/way/737062020,40.596131735188884,69.01976586153093
way/751231868,751231868,way,Uzbekistan,plant,Missing source tag,none,"tags: {'addr:city': 'Nókis', 'addr:country': 'UZ', 'addr:region': 'Qaraqalpaqstan Respublikası', 'building': 'yes', 'building:levels': '1', 'landuse': 'industrial', 'power': 'plant'}",2026-04-24 03:38:27.511592,https://www.openstreetmap.org/way/751231868,42.471373399872114,59.61585885305557
way/871801733,871801733,way,Uzbekistan,plant,Missing output tag,none,"tags: {'area': 'yes', 'name': 'Ходжикенская плотина', 'name:en': 'Hojikent damb', 'name:ru': 'Ходжикенская плотина', 'plant:source': 'hydro', 'power': 'plant', 'waterway': 'dam'}",2026-04-24 03:38:27.514933,https://www.openstreetmap.org/way/871801733,41.60009004620536,69.86407638956348
way/907617869,907617869,way,Uzbekistan,plant,Missing source tag,none,"tags: {'barrier': 'wall', 'landuse': 'industrial', 'name:ru': 'Навои ПГУ 477,78 МВт', 'plant:method': 'combustion', 'plant:output:electricity': 'yes', 'power': 'plant'}",2026-04-24 03:38:27.515191,https://www.openstreetmap.org/way/907617869,40.155991978971365,65.30035540664237
way/938525109,938525109,way,Uzbekistan,plant,Missing source tag,none,"tags: {'landuse': 'industrial', 'name': 'Fergana Thermal Power Plant', 'power': 'plant'}",2026-04-24 03:38:27.515411,https://www.openstreetmap.org/way/938525109,40.44893792232842,71.78250816585948
way/1010336598,1010336598,way,Uzbekistan,plant,Missing source tag,none,"tags: {'addr:city': 'Nókis', 'addr:country': 'UZ', 'addr:region': 'Qaraqalpaqstan Respublikası', 'building': 'yes', 'building:levels': '1', 'landuse': 'industrial', 'power': 'plant'}",2026-04-24 03:38:27.516322,https://www.openstreetmap.org/way/1010336598,42.44775060033815,59.62671448333266
way/1020383138,1020383138,way,Uzbekistan,plant,Capacity placeholder value,yes,Tag 'plant:output:electricity' contains placeholder value 'yes' instead of actual capacity,2026-04-24 03:38:27.516550,https://www.openstreetmap.org/way/1020383138,39.766880096980046,64.31260244656498
way/1051992258,1051992258,way,Uzbekistan,plant,Missing source tag,none,"tags: {'addr:city': 'Nókis', 'addr:country': 'UZ', 'addr:region': 'Qaraqalpaqstan Respublikası', 'building': 'yes', 'building:levels': '1', 'landuse': 'industrial', 'power': 'plant'}",2026-04-24 03:38:27.517145,https://www.openstreetmap.org/way/1051992258,42.47151199579878,59.61957132843189
way/1068464268,1068464268,way,Uzbekistan,plant,Missing source tag,none,"tags: {'addr:country': 'UZ', 'addr:region': 'Qaraqalpaqstan Respublikası', 'building': 'yes', 'building:levels': '1', 'landuse': 'industrial', 'power': 'plant'}",2026-04-24 03:38:27.517308,https://www.openstreetmap.org/way/1068464268,43.1040847326558,58.376037700868444
way/1081085782,1081085782,way,Uzbekistan,plant,Missing source tag,none,"tags: {'addr:country': 'UZ', 'addr:region': 'Qaraqalpaqstan Respublikası', 'building': 'yes', 'building:levels': '1', 'landuse': 'industrial', 'power': 'plant'}",2026-04-24 03:38:27.517468,https://www.openstreetmap.org/way/1081085782,42.4719977,59.58816415
way/1098727656,1098727656,way,Uzbekistan,plant,Capacity placeholder value,yes,Tag 'plant:output:electricity' contains placeholder value 'yes' instead of actual capacity,2026-04-24 03:38:27.517632,https://www.openstreetmap.org/way/1098727656,40.91936374362357,68.62400676729035
way/1114743754,1114743754,way,Uzbekistan,plant,Missing source tag,none,"tags: {'building': 'yes', 'landuse': 'industrial', 'power': 'plant'}",2026-04-24 03:38:27.518422,https://www.openstreetmap.org/way/1114743754,41.51920905,69.5749173
way/1119365008,1119365008,way,Uzbekistan,plant,Capacity regex no match,40 kW,Tag 'plant:output:electricity' has value '40 kW' which could not be parsed,2026-04-24 03:38:27.519403,https://www.openstreetmap.org/way/1119365008,41.129880309759656,69.4368953202564
way/1119365440,1119365440,way,Uzbekistan,plant,Capacity regex no match,60 kW,Tag 'plant:output:electricity' has value '60 kW' which could not be parsed,2026-04-24 03:38:27.519593,https://www.openstreetmap.org/way/1119365440,39.79953438967573,66.98243382203519
way/1142002281,1142002281,way,Uzbekistan,plant,Missing output tag,none,"tags: {'building': 'industrial', 'name': 'Ispasoy', 'plant:source': 'hydro', 'power': 'plant'}",2026-04-24 03:38:27.520908,https://www.openstreetmap.org/way/1142002281,41.82410809447163,70.26571973249075
way/1161015373,1161015373,way,Uzbekistan,plant,Capacity placeholder value,yes,Tag 'plant:output:electricity' contains placeholder value 'yes' instead of actual capacity,2026-04-24 03:38:27.522386,https://www.openstreetmap.org/way/1161015373,39.63014338675581,66.88674391477579
way/1161599341,1161599341,way,Uzbekistan,plant,Missing output tag,none,"tags: {'building': 'industrial', 'name': 'Андижанская ГЭС', 'name:en': 'Andijon Hydro Power Plant', 'name:ja': 'アンディジャン水力発電所', 'name:ru': 'Андижанская ГЭС', 'operator': 'Uzgidro AJ', 'plant:method': 'water-storage', 'plant:source': 'hydro', 'power': 'plant'}",2026-04-24 03:38:27.522575,https://www.openstreetmap.org/way/1161599341,40.769328880668965,73.06189160675414
way/1163940620,1163940620,way,Uzbekistan,plant,Capacity placeholder value,yes,Tag 'plant:output:electricity' contains placeholder value 'yes' instead of actual capacity,2026-04-24 03:38:27.522931,https://www.openstreetmap.org/way/1163940620,39.55294034405552,67.28972416838351
way/1163940621,1163940621,way,Uzbekistan,plant,Capacity placeholder value,yes,Tag 'plant:output:electricity' contains placeholder value 'yes' instead of actual capacity,2026-04-24 03:38:27.523127,https://www.openstreetmap.org/way/1163940621,39.47979824579003,67.3408972714942
way/1163940622,1163940622,way,Uzbekistan,plant,Capacity placeholder value,yes,Tag 'plant:output:electricity' contains placeholder value 'yes' instead of actual capacity,2026-04-24 03:38:27.523315,https://www.openstreetmap.org/way/1163940622,39.54619899514037,67.24957704474778
way/1163940623,1163940623,way,Uzbekistan,plant,Capacity placeholder value,yes,Tag 'plant:output:electricity' contains placeholder value 'yes' instead of actual capacity,2026-04-24 03:38:27.523479,https://www.openstreetmap.org/way/1163940623,39.53245973076225,67.15376295678385
way/1163943129,1163943129,way,Uzbekistan,plant,Capacity placeholder value,yes,Tag 'plant:output:electricity' contains placeholder value 'yes' instead of actual capacity,2026-04-24 03:38:27.523643,https://www.openstreetmap.org/way/1163943129,40.917860600000004,72.28880540000002
way/1163943130,1163943130,way,Uzbekistan,plant,Capacity placeholder value,yes,Tag 'plant:output:electricity' contains placeholder value 'yes' instead of actual capacity,2026-04-24 03:38:27.523805,https://www.openstreetmap.org/way/1163943130,41.07136742459015,72.15221966817282
way/1163943131,1163943131,way,Uzbekistan,plant,Capacity placeholder value,yes,Tag 'plant:output:electricity' contains placeholder value 'yes' instead of actual capacity,2026-04-24 03:38:27.523995,https://www.openstreetmap.org/way/1163943131,41.04889237273256,72.15206404861188
way/1204009216,1204009216,way,Uzbekistan,plant,Capacity placeholder value,yes,Tag 'plant:output:electricity' contains placeholder value 'yes' instead of actual capacity,2026-04-24 03:38:27.524417,https://www.openstreetmap.org/way/1204009216,40.248571900549955,68.76881139751994
way/1206394432,1206394432,way,Uzbekistan,plant,Capacity placeholder value,yes,Tag 'plant:output:electricity' contains placeholder value 'yes' instead of actual capacity,2026-04-24 03:38:27.524581,https://www.openstreetmap.org/way/1206394432,41.1567453264457,69.6457961912122
way/1229453880,1229453880,way,Uzbekistan,plant,Missing source tag,none,"tags: {'landuse': 'industrial', 'power': 'plant'}",2026-04-24 03:38:27.524738,https://www.openstreetmap.org/way/1229453880,39.9893812,64.29538725
way/1229453886,1229453886,way,Uzbekistan,plant,Capacity placeholder value,yes,Tag 'plant:output:electricity' contains placeholder value 'yes' instead of actual capacity,2026-04-24 03:38:27.524904,https://www.openstreetmap.org/way/1229453886,39.98936624027338,64.29520117240261
way/1229453893,1229453893,way,Uzbekistan,plant,Capacity placeholder value,yes,Tag 'plant:output:electricity' contains placeholder value 'yes' instead of actual capacity,2026-04-24 03:38:27.525100,https://www.openstreetmap.org/way/1229453893,39.98798186512044,64.29467340169907
way/1236848086,1236848086,way,Uzbekistan,plant,Capacity placeholder value,yes,Tag 'plant:output:electricity' contains placeholder value 'yes' instead of actual capacity,2026-04-24 03:38:27.525292,https://www.openstreetmap.org/way/1236848086,39.98186892355626,65.67093052602863
way/1271903499,1271903499,way,Uzbekistan,plant,Capacity placeholder value,yes,Tag 'plant:output:electricity' contains placeholder value 'yes' instead of actual capacity,2026-04-24 03:38:27.525692,https://www.openstreetmap.org/way/1271903499,41.49568638574093,69.61231361476437
way/1271903500,1271903500,way,Uzbekistan,plant,Capacity placeholder value,yes,Tag 'plant:output:electricity' contains placeholder value 'yes' instead of actual capacity,2026-04-24 03:38:27.526156,https://www.openstreetmap.org/way/1271903500,41.503132319551995,69.61072229639552
way/1315706254,1315706254,way,Uzbekistan,plant,Capacity placeholder value,yes,Tag 'plant:output:electricity' contains placeholder value 'yes' instead of actual capacity,2026-04-24 03:38:27.526319,https://www.openstreetmap.org/way/1315706254,40.08576684215126,67.89699018314946
way/1328847929,1328847929,way,Uzbekistan,plant,Missing source tag,none,"tags: {'landuse': 'industrial', 'name': 'Devayron Eliktor Set', 'power': 'plant'}",2026-04-24 03:38:27.526477,https://www.openstreetmap.org/way/1328847929,40.03148849561837,71.10676862570035
way/1333320627,1333320627,way,Uzbekistan,plant,Missing output tag,none,"tags: {'building': 'industrial', 'name': 'Zarchob-3', 'name:ru': 'Зарчоб-3', 'operator': 'Uzbekenergo', 'plant:method': 'run-of-the-river', 'plant:source': 'hydro', 'power': 'plant'}",2026-04-24 03:38:27.526647,https://www.openstreetmap.org/way/1333320627,38.50763926505925,67.85496747808499
way/1339211417,1339211417,way,Uzbekistan,plant,Capacity placeholder value,yes,Tag 'plant:output:electricity' contains placeholder value 'yes' instead of actual capacity,2026-04-24 03:38:27.527170,https://www.openstreetmap.org/way/1339211417,40.76734676937411,66.00151785524253
way/1346039959,1346039959,way,Uzbekistan,plant,Capacity placeholder value,yes,Tag 'plant:output:electricity' contains placeholder value 'yes' instead of actual capacity,2026-04-24 03:38:27.527348,https://www.openstreetmap.org/way/1346039959,40.15910988454261,65.3051420653366
way/1346039960,1346039960,way,Uzbekistan,plant,Capacity placeholder value,yes,Tag 'plant:output:electricity' contains placeholder value 'yes' instead of actual capacity,2026-04-24 03:38:27.527552,https://www.openstreetmap.org/way/1346039960,40.15821754350311,65.30556627065681
way/1346039961,1346039961,way,Uzbekistan,plant,Capacity placeholder value,yes,Tag 'plant:output:electricity' contains placeholder value 'yes' instead of actual capacity,2026-04-24 03:38:27.527716,https://www.openstreetmap.org/way/1346039961,40.158250777394215,65.30611045190106
way/1346043646,1346043646,way,Uzbekistan,plant,Capacity placeholder value,yes,Tag 'plant:output:electricity' contains placeholder value 'yes' instead of actual capacity,2026-04-24 03:38:27.528054,https://www.openstreetmap.org/way/1346043646,40.08765968741935,65.3505585901445
way/1346192407,1346192407,way,Uzbekistan,plant,Capacity placeholder value,yes,Tag 'plant:output:electricity' contains placeholder value 'yes' instead of actual capacity,2026-04-24 03:38:27.528226,https://www.openstreetmap.org/way/1346192407,40.85475020418341,70.84489199450368
way/1347095393,1347095393,way,Uzbekistan,plant,Capacity placeholder value,yes,Tag 'plant:output:electricity' contains placeholder value 'yes' instead of actual capacity,2026-04-24 03:38:27.528403,https://www.openstreetmap.org/way/1347095393,40.091498518213015,65.35405689245461
way/1349556382,1349556382,way,Uzbekistan,plant,Capacity placeholder value,yes,Tag 'plant:output:electricity' contains placeholder value 'yes' instead of actual capacity,2026-04-24 03:38:27.528689,https://www.openstreetmap.org/way/1349556382,40.9995389326907,71.45539394764523
way/1355025749,1355025749,way,Uzbekistan,plant,Missing output tag,none,"tags: {'generator:output:electricity': '300 MW', 'landuse': 'industrial', 'name': 'Elektr Saqlash Stansiyasi', 'plant:source': 'battery', 'power': 'plant'}",2026-04-24 03:38:27.529976,https://www.openstreetmap.org/way/1355025749,40.30730963288857,70.895120887522
way/1355125633,1355125633,way,Uzbekistan,plant,Capacity placeholder value,yes,Tag 'plant:output:electricity' contains placeholder value 'yes' instead of actual capacity,2026-04-24 03:38:27.530160,https://www.openstreetmap.org/way/1355125633,39.545407994055765,66.77129876821236
way/1355256558,1355256558,way,Uzbekistan,plant,Capacity placeholder value,yes,Tag 'plant:output:electricity' contains placeholder value 'yes' instead of actual capacity,2026-04-24 03:38:27.530403,https://www.openstreetmap.org/way/1355256558,40.800548031369736,71.88376392006411
way/1355662730,1355662730,way,Uzbekistan,plant,Capacity placeholder value,yes,Tag 'plant:output:electricity' contains placeholder value 'yes' instead of actual capacity,2026-04-24 03:38:27.530565,https://www.openstreetmap.org/way/1355662730,39.07103950844409,67.34501363253922
way/1356235191,1356235191,way,Uzbekistan,plant,Capacity placeholder value,yes,Tag 'plant:output:electricity' contains placeholder value 'yes' instead of actual capacity,2026-04-24 03:38:27.530817,https://www.openstreetmap.org/way/1356235191,40.228892041993994,69.09473411206015
way/1432833452,1432833452,way,Uzbekistan,plant,Capacity placeholder value,yes,Tag 'plant:output:electricity' contains placeholder value 'yes' instead of actual capacity,2026-04-24 03:38:27.531192,https://www.openstreetmap.org/way/1432833452,43.13092615366179,58.214835371368295
way/1456034475,1456034475,way,Uzbekistan,plant,Capacity placeholder value,yes,Tag 'plant:output:electricity' contains placeholder value 'yes' instead of actual capacity,2026-04-24 03:38:27.531766,https://www.openstreetmap.org/way/1456034475,40.63511632859798,69.12399859476454
way/1456034476,1456034476,way,Uzbekistan,plant,Capacity placeholder value,yes,Tag 'plant:output:electricity' contains placeholder value 'yes' instead of actual capacity,2026-04-24 03:38:27.531974,https://www.openstreetmap.org/way/1456034476,39.326148160330874,64.08121564757109
way/1456035017,1456035017,way,Uzbekistan,plant,Capacity placeholder value,yes,Tag 'plant:output:electricity' contains placeholder value 'yes' instead of actual capacity,2026-04-24 03:38:27.532191,https://www.openstreetmap.org/way/1456035017,39.91587172720747,65.15946108011917
way/1468296014,1468296014,way,Uzbekistan,plant,Capacity regex no match,200 Kw,Tag 'plant:output:electricity' has value '200 Kw' which could not be parsed,2026-04-24 03:38:27.532360,https://www.openstreetmap.org/way/1468296014,41.801783227595266,70.25147328825369
way/1470801652,1470801652,way,Uzbekistan,plant,Missing output tag,none,"tags: {'name': 'Ertashsay', 'plant:source': 'hydro', 'power': 'plant'}",2026-04-24 03:38:27.532538,https://www.openstreetmap.org/way/1470801652,41.130658817015274,70.36761981954838
way/1476217627,1476217627,way,Uzbekistan,plant,Capacity placeholder value,yes,Tag 'plant:output:electricity' contains placeholder value 'yes' instead of actual capacity,2026-04-24 03:38:27.532711,https://www.openstreetmap.org/way/1476217627,40.174394124041854,65.3401884322797
way/1485408641,1485408641,way,Uzbekistan,plant,Capacity placeholder value,yes,Tag 'plant:output:electricity' contains placeholder value 'yes' instead of actual capacity,2026-04-24 03:38:27.532875,https://www.openstreetmap.org/way/1485408641,41.5295552270227,64.32154104319832
