id,element_id,element_type,country,unit_type,reason,keywords,details,timestamp,url,lat,lon
node/1316378230,1316378230,node,Egypt,generator,Missing output tag,none,"tags: {'frequency': '50', 'generator:method': 'wind_turbine', 'generator:source': 'wind', 'generator:type': 'horizontal_axis', 'power': 'generator'}",2026-04-24 03:20:12.857778,https://www.openstreetmap.org/node/1316378230,29.210176,32.5838974
node/2778312089,2778312089,node,Egypt,generator,Capacity regex no match,850 kW,Tag 'generator:output:electricity' has value '850 kW' which could not be parsed,2026-04-24 03:20:12.857940,https://www.openstreetmap.org/node/2778312089,29.2015474,32.5786595
node/1316378231,1316378231,node,Egypt,generator,Missing output tag,none,"tags: {'frequency': '50', 'generator:method': 'wind_turbine', 'generator:source': 'wind', 'generator:type': 'horizontal_axis', 'power': 'generator'}",2026-04-24 03:20:12.858103,https://www.openstreetmap.org/node/1316378231,29.1896584,32.6027655
node/1316378228,1316378228,node,Egypt,generator,Missing output tag,none,"tags: {'frequency': '50', 'generator:method': 'wind_turbine', 'generator:source': 'wind', 'generator:type': 'horizontal_axis', 'power': 'generator'}",2026-04-24 03:20:12.858125,https://www.openstreetmap.org/node/1316378228,29.2068527,32.5946183
node/1316378226,1316378226,node,Egypt,generator,Missing output tag,none,"tags: {'frequency': '50', 'generator:method': 'wind_turbine', 'generator:source': 'wind', 'generator:type': 'horizontal_axis', 'power': 'generator'}",2026-04-24 03:20:12.858142,https://www.openstreetmap.org/node/1316378226,29.1883283,32.6244245
node/2778312093,2778312093,node,Egypt,generator,Capacity regex no match,850 kW,Tag 'generator:output:electricity' has value '850 kW' which could not be parsed,2026-04-24 03:20:12.858165,https://www.openstreetmap.org/node/2778312093,29.201645,32.581075
node/1316378227,1316378227,node,Egypt,generator,Capacity regex no match,600 kW,Tag 'generator:output:electricity' has value '600 kW' which could not be parsed,2026-04-24 03:20:12.858193,https://www.openstreetmap.org/node/1316378227,29.158768,32.6270236
node/2778311071,2778311071,node,Egypt,generator,Capacity regex no match,850 kW,Tag 'generator:output:electricity' has value '850 kW' which could not be parsed,2026-04-24 03:20:12.858228,https://www.openstreetmap.org/node/2778311071,29.1762526,32.5914947
node/1316378224,1316378224,node,Egypt,generator,Capacity regex no match,600 kW,Tag 'generator:output:electricity' has value '600 kW' which could not be parsed,2026-04-24 03:20:12.858253,https://www.openstreetmap.org/node/1316378224,29.1586156,32.6068454
node/1316378225,1316378225,node,Egypt,generator,Missing output tag,none,"tags: {'frequency': '50', 'generator:method': 'wind_turbine', 'generator:source': 'wind', 'generator:type': 'horizontal_axis', 'power': 'generator'}",2026-04-24 03:20:12.858275,https://www.openstreetmap.org/node/1316378225,29.199987,32.6033306
node/2778312094,2778312094,node,Egypt,generator,Capacity regex no match,850 kW,Tag 'generator:output:electricity' has value '850 kW' which could not be parsed,2026-04-24 03:20:12.858292,https://www.openstreetmap.org/node/2778312094,29.2017264,32.5834841
node/2778314129,2778314129,node,Egypt,generator,Missing output tag,none,"tags: {'generator:method': 'wind_turbine', 'generator:source': 'wind', 'generator:type': 'horizontal_axis', 'power': 'generator'}",2026-04-24 03:20:12.858311,https://www.openstreetmap.org/node/2778314129,29.2833146,32.5717027
node/1316378238,1316378238,node,Egypt,generator,Missing output tag,none,"tags: {'frequency': '50', 'generator:method': 'wind_turbine', 'generator:source': 'wind', 'generator:type': 'horizontal_axis', 'power': 'generator'}",2026-04-24 03:20:12.858325,https://www.openstreetmap.org/node/1316378238,29.2237055,32.5989879
node/1316378239,1316378239,node,Egypt,generator,Capacity regex no match,660 kW,Tag 'generator:output:electricity' has value '660 kW' which could not be parsed,2026-04-24 03:20:12.858341,https://www.openstreetmap.org/node/1316378239,29.1773963,32.6270247
node/2778312083,2778312083,node,Egypt,generator,Capacity regex no match,850 kW,Tag 'generator:output:electricity' has value '850 kW' which could not be parsed,2026-04-24 03:20:12.858362,https://www.openstreetmap.org/node/2778312083,29.2011141,32.5666319
node/1316378236,1316378236,node,Egypt,generator,Missing output tag,none,"tags: {'frequency': '50', 'generator:method': 'wind_turbine', 'generator:source': 'wind', 'generator:type': 'horizontal_axis', 'power': 'generator'}",2026-04-24 03:20:12.858381,https://www.openstreetmap.org/node/1316378236,29.195996,32.5971321
node/1316378237,1316378237,node,Egypt,generator,Capacity regex no match,600 kW,Tag 'generator:output:electricity' has value '600 kW' which could not be parsed,2026-04-24 03:20:12.858397,https://www.openstreetmap.org/node/1316378237,29.1650067,32.6022099
node/1316378234,1316378234,node,Egypt,generator,Missing output tag,none,"tags: {'frequency': '50', 'generator:method': 'wind_turbine', 'generator:source': 'wind', 'generator:type': 'horizontal_axis', 'power': 'generator'}",2026-04-24 03:20:12.858415,https://www.openstreetmap.org/node/1316378234,29.2161377,32.5997648
node/2778312085,2778312085,node,Egypt,generator,Capacity regex no match,850 kW,Tag 'generator:output:electricity' has value '850 kW' which could not be parsed,2026-04-24 03:20:12.858430,https://www.openstreetmap.org/node/2778312085,29.2012132,32.5690134
node/1316378235,1316378235,node,Egypt,generator,Capacity regex no match,660 kW,Tag 'generator:output:electricity' has value '660 kW' which could not be parsed,2026-04-24 03:20:12.858451,https://www.openstreetmap.org/node/1316378235,29.171664,32.6112846
node/2778314135,2778314135,node,Egypt,generator,Missing output tag,none,"tags: {'generator:method': 'wind_turbine', 'generator:source': 'wind', 'generator:type': 'horizontal_axis', 'power': 'generator'}",2026-04-24 03:20:12.858468,https://www.openstreetmap.org/node/2778314135,29.2835244,32.5689829
node/1316378232,1316378232,node,Egypt,generator,Capacity regex no match,600 kW,Tag 'generator:output:electricity' has value '600 kW' which could not be parsed,2026-04-24 03:20:12.858484,https://www.openstreetmap.org/node/1316378232,29.1654734,32.6222027
node/2778312087,2778312087,node,Egypt,generator,Capacity regex no match,850 kW,Tag 'generator:output:electricity' has value '850 kW' which could not be parsed,2026-04-24 03:20:12.858503,https://www.openstreetmap.org/node/2778312087,29.2013016,32.5641475
node/1316378233,1316378233,node,Egypt,generator,Missing output tag,none,"tags: {'frequency': '50', 'generator:method': 'wind_turbine', 'generator:source': 'wind', 'generator:type': 'horizontal_axis', 'power': 'generator'}",2026-04-24 03:20:12.858520,https://www.openstreetmap.org/node/1316378233,29.2099658,32.6062117
node/1316378214,1316378214,node,Egypt,generator,Missing output tag,none,"tags: {'frequency': '50', 'generator:method': 'wind_turbine', 'generator:source': 'wind', 'generator:type': 'horizontal_axis', 'power': 'generator'}",2026-04-24 03:20:12.858534,https://www.openstreetmap.org/node/1316378214,29.2165063,32.6091351
node/2778312073,2778312073,node,Egypt,generator,Capacity regex no match,850 kW,Tag 'generator:output:electricity' has value '850 kW' which could not be parsed,2026-04-24 03:20:12.858548,https://www.openstreetmap.org/node/2778312073,29.2007722,32.5569882
node/1316378215,1316378215,node,Egypt,generator,Capacity regex no match,660 kW,Tag 'generator:output:electricity' has value '660 kW' which could not be parsed,2026-04-24 03:20:12.858566,https://www.openstreetmap.org/node/1316378215,29.1715306,32.6081434
node/1316378212,1316378212,node,Egypt,generator,Capacity regex no match,600 kW,Tag 'generator:output:electricity' has value '600 kW' which could not be parsed,2026-04-24 03:20:12.858584,https://www.openstreetmap.org/node/1316378212,29.1652162,32.6266201
node/1316378213,1316378213,node,Egypt,generator,Missing output tag,none,"tags: {'frequency': '50', 'generator:method': 'wind_turbine', 'generator:source': 'wind', 'generator:type': 'horizontal_axis', 'power': 'generator'}",2026-04-24 03:20:12.858601,https://www.openstreetmap.org/node/1316378213,29.2111142,32.6119351
node/1316378210,1316378210,node,Egypt,generator,Missing output tag,none,"tags: {'frequency': '50', 'generator:method': 'wind_turbine', 'generator:source': 'wind', 'generator:type': 'horizontal_axis', 'power': 'generator'}",2026-04-24 03:20:12.858615,https://www.openstreetmap.org/node/1316378210,29.2054118,32.5882179
node/2778312076,2778312076,node,Egypt,generator,Capacity regex no match,850 kW,Tag 'generator:output:electricity' has value '850 kW' which could not be parsed,2026-04-24 03:20:12.858631,https://www.openstreetmap.org/node/2778312076,29.200859,32.5594286
node/1316378211,1316378211,node,Egypt,generator,Missing output tag,none,"tags: {'frequency': '50', 'generator:method': 'wind_turbine', 'generator:source': 'wind', 'generator:type': 'horizontal_axis', 'power': 'generator'}",2026-04-24 03:20:12.858649,https://www.openstreetmap.org/node/1316378211,29.1898777,32.5985632
node/2778312079,2778312079,node,Egypt,generator,Capacity regex no match,850 kW,Tag 'generator:output:electricity' has value '850 kW' which could not be parsed,2026-04-24 03:20:12.858663,https://www.openstreetmap.org/node/2778312079,29.2009422,32.5618161
node/1316378208,1316378208,node,Egypt,generator,Capacity regex no match,660 kW,Tag 'generator:output:electricity' has value '660 kW' which could not be parsed,2026-04-24 03:20:12.858682,https://www.openstreetmap.org/node/1316378208,29.1809693,32.5949839
node/1316378209,1316378209,node,Egypt,generator,Capacity regex no match,600 kW,Tag 'generator:output:electricity' has value '600 kW' which could not be parsed,2026-04-24 03:20:12.858701,https://www.openstreetmap.org/node/1316378209,29.15893,32.6226499
node/2778315150,2778315150,node,Egypt,generator,Missing output tag,none,"tags: {'generator:method': 'wind_turbine', 'generator:source': 'wind', 'generator:type': 'horizontal_axis', 'power': 'generator'}",2026-04-24 03:20:12.858718,https://www.openstreetmap.org/node/2778315150,29.3113646,32.5753772
node/2778312065,2778312065,node,Egypt,generator,Capacity regex no match,850 kW,Tag 'generator:output:electricity' has value '850 kW' which could not be parsed,2026-04-24 03:20:12.858733,https://www.openstreetmap.org/node/2778312065,29.2005225,32.5497909
node/1316378222,1316378222,node,Egypt,generator,Missing output tag,none,"tags: {'frequency': '50', 'generator:method': 'wind_turbine', 'generator:source': 'wind', 'generator:type': 'horizontal_axis', 'power': 'generator'}",2026-04-24 03:20:12.858751,https://www.openstreetmap.org/node/1316378222,29.1935829,32.6113097
node/1316378223,1316378223,node,Egypt,generator,Capacity regex no match,660 kW,Tag 'generator:output:electricity' has value '660 kW' which could not be parsed,2026-04-24 03:20:12.858766,https://www.openstreetmap.org/node/1316378223,29.1791409,32.6104808
node/2778312067,2778312067,node,Egypt,generator,Capacity regex no match,850 kW,Tag 'generator:output:electricity' has value '850 kW' which could not be parsed,2026-04-24 03:20:12.858785,https://www.openstreetmap.org/node/2778312067,29.2005969,32.5522029
node/1316378221,1316378221,node,Egypt,generator,Capacity regex no match,660 kW,Tag 'generator:output:electricity' has value '660 kW' which could not be parsed,2026-04-24 03:20:12.858802,https://www.openstreetmap.org/node/1316378221,29.1710545,32.6294341
node/1316378218,1316378218,node,Egypt,generator,Missing output tag,none,"tags: {'frequency': '50', 'generator:method': 'wind_turbine', 'generator:source': 'wind', 'generator:type': 'horizontal_axis', 'power': 'generator'}",2026-04-24 03:20:12.858820,https://www.openstreetmap.org/node/1316378218,29.2101821,32.5857576
node/1316378219,1316378219,node,Egypt,generator,Missing output tag,none,"tags: {'frequency': '50', 'generator:method': 'wind_turbine', 'generator:source': 'wind', 'generator:type': 'horizontal_axis', 'power': 'generator'}",2026-04-24 03:20:12.858833,https://www.openstreetmap.org/node/1316378219,29.2236936,32.592867
node/2778314119,2778314119,node,Egypt,generator,Missing output tag,none,"tags: {'generator:method': 'wind_turbine', 'generator:source': 'wind', 'generator:type': 'horizontal_axis', 'power': 'generator'}",2026-04-24 03:20:12.858847,https://www.openstreetmap.org/node/2778314119,29.2823599,32.5736162
node/1316378216,1316378216,node,Egypt,generator,Missing output tag,none,"tags: {'frequency': '50', 'generator:method': 'wind_turbine', 'generator:source': 'wind', 'generator:type': 'horizontal_axis', 'power': 'generator'}",2026-04-24 03:20:12.858860,https://www.openstreetmap.org/node/1316378216,29.195277,32.5931881
node/2778312070,2778312070,node,Egypt,generator,Capacity regex no match,850 kW,Tag 'generator:output:electricity' has value '850 kW' which could not be parsed,2026-04-24 03:20:12.858874,https://www.openstreetmap.org/node/2778312070,29.2006819,32.5546087
node/1316378217,1316378217,node,Egypt,generator,Capacity regex no match,600 kW,Tag 'generator:output:electricity' has value '600 kW' which could not be parsed,2026-04-24 03:20:12.858891,https://www.openstreetmap.org/node/1316378217,29.1652924,32.6065509
node/2778311097,2778311097,node,Egypt,generator,Capacity regex no match,850 kW,Tag 'generator:output:electricity' has value '850 kW' which could not be parsed,2026-04-24 03:20:12.858909,https://www.openstreetmap.org/node/2778311097,29.1764776,32.5709091
node/2778314169,2778314169,node,Egypt,generator,Missing output tag,none,"tags: {'generator:method': 'wind_turbine', 'generator:source': 'wind', 'generator:type': 'horizontal_axis', 'power': 'generator'}",2026-04-24 03:20:12.858926,https://www.openstreetmap.org/node/2778314169,29.2844202,32.5796918
node/1316378198,1316378198,node,Egypt,generator,Missing output tag,none,"tags: {'frequency': '50', 'generator:method': 'wind_turbine', 'generator:source': 'wind', 'generator:type': 'horizontal_axis', 'power': 'generator'}",2026-04-24 03:20:12.858939,https://www.openstreetmap.org/node/1316378198,29.2236757,32.5866847
node/2778313147,2778313147,node,Egypt,generator,Missing output tag,none,"tags: {'generator:method': 'wind_turbine', 'generator:source': 'wind', 'generator:type': 'horizontal_axis', 'power': 'generator'}",2026-04-24 03:20:12.858951,https://www.openstreetmap.org/node/2778313147,29.2485835,32.6058079
node/1316378195,1316378195,node,Egypt,generator,Missing output tag,none,"tags: {'frequency': '50', 'generator:method': 'wind_turbine', 'generator:source': 'wind', 'generator:type': 'horizontal_axis', 'power': 'generator'}",2026-04-24 03:20:12.858964,https://www.openstreetmap.org/node/1316378195,29.2106756,32.5921266
node/1316378192,1316378192,node,Egypt,generator,Capacity regex no match,600 kW,Tag 'generator:output:electricity' has value '600 kW' which could not be parsed,2026-04-24 03:20:12.858978,https://www.openstreetmap.org/node/1316378192,29.1654543,32.610892
node/2778311102,2778311102,node,Egypt,generator,Capacity regex no match,850 kW,Tag 'generator:output:electricity' has value '850 kW' which could not be parsed,2026-04-24 03:20:12.858996,https://www.openstreetmap.org/node/2778311102,29.1764971,32.5727287
node/1316378206,1316378206,node,Egypt,generator,Capacity regex no match,600 kW,Tag 'generator:output:electricity' has value '600 kW' which could not be parsed,2026-04-24 03:20:12.859013,https://www.openstreetmap.org/node/1316378206,29.1583204,32.6024607
node/1316378207,1316378207,node,Egypt,generator,Missing output tag,none,"tags: {'frequency': '50', 'generator:method': 'wind_turbine', 'generator:source': 'wind', 'generator:type': 'horizontal_axis', 'power': 'generator'}",2026-04-24 03:20:12.859030,https://www.openstreetmap.org/node/1316378207,29.2004392,32.5987447
node/2778311088,2778311088,node,Egypt,generator,Capacity regex no match,850 kW,Tag 'generator:output:electricity' has value '850 kW' which could not be parsed,2026-04-24 03:20:12.859044,https://www.openstreetmap.org/node/2778311088,29.1764138,32.5765018
node/2778311091,2778311091,node,Egypt,generator,Capacity regex no match,850 kW,Tag 'generator:output:electricity' has value '850 kW' which could not be parsed,2026-04-24 03:20:12.859079,https://www.openstreetmap.org/node/2778311091,29.1764386,32.5746619
node/1316378205,1316378205,node,Egypt,generator,Capacity regex no match,660 kW,Tag 'generator:output:electricity' has value '660 kW' which could not be parsed,2026-04-24 03:20:12.859101,https://www.openstreetmap.org/node/1316378205,29.1793695,32.6153148
node/1316378202,1316378202,node,Egypt,generator,Missing output tag,none,"tags: {'frequency': '50', 'generator:method': 'wind_turbine', 'generator:source': 'wind', 'generator:type': 'horizontal_axis', 'power': 'generator'}",2026-04-24 03:20:12.859120,https://www.openstreetmap.org/node/1316378202,29.1934001,32.6068002
node/2778313140,2778313140,node,Egypt,generator,Missing output tag,none,"tags: {'generator:method': 'wind_turbine', 'generator:source': 'wind', 'generator:type': 'horizontal_axis', 'power': 'generator'}",2026-04-24 03:20:12.859134,https://www.openstreetmap.org/node/2778313140,29.2484763,32.5926234
node/1316378203,1316378203,node,Egypt,generator,Capacity regex no match,660 kW,Tag 'generator:output:electricity' has value '660 kW' which could not be parsed,2026-04-24 03:20:12.859148,https://www.openstreetmap.org/node/1316378203,29.171083,32.6017627
node/2778311094,2778311094,node,Egypt,generator,Capacity regex no match,850 kW,Tag 'generator:output:electricity' has value '850 kW' which could not be parsed,2026-04-24 03:20:12.859167,https://www.openstreetmap.org/node/2778311094,29.1764528,32.5652941
node/1316378201,1316378201,node,Egypt,generator,Capacity regex no match,660 kW,Tag 'generator:output:electricity' has value '660 kW' which could not be parsed,2026-04-24 03:20:12.859185,https://www.openstreetmap.org/node/1316378201,29.1713783,32.6247986
node/1316378182,1316378182,node,Egypt,generator,Missing output tag,none,"tags: {'frequency': '50', 'generator:method': 'wind_turbine', 'generator:source': 'wind', 'generator:type': 'horizontal_axis', 'power': 'generator'}",2026-04-24 03:20:12.859202,https://www.openstreetmap.org/node/1316378182,29.1898716,32.5942561
node/2778313129,2778313129,node,Egypt,generator,Missing output tag,none,"tags: {'generator:method': 'wind_turbine', 'generator:source': 'wind', 'generator:type': 'horizontal_axis', 'power': 'generator'}",2026-04-24 03:20:12.859217,https://www.openstreetmap.org/node/2778313129,29.2484658,32.6001401
node/2778311081,2778311081,node,Egypt,generator,Capacity regex no match,850 kW,Tag 'generator:output:electricity' has value '850 kW' which could not be parsed,2026-04-24 03:20:12.859231,https://www.openstreetmap.org/node/2778311081,29.1763748,32.5802708
node/1316378183,1316378183,node,Egypt,generator,Capacity regex no match,600 kW,Tag 'generator:output:electricity' has value '600 kW' which could not be parsed,2026-04-24 03:20:12.859248,https://www.openstreetmap.org/node/1316378183,29.16494,32.6309938
node/2778314152,2778314152,node,Egypt,generator,Missing output tag,none,"tags: {'generator:method': 'wind_turbine', 'generator:source': 'wind', 'generator:type': 'horizontal_axis', 'power': 'generator'}",2026-04-24 03:20:12.859265,https://www.openstreetmap.org/node/2778314152,29.2841898,32.5703325
node/1316378181,1316378181,node,Egypt,generator,Missing output tag,none,"tags: {'frequency': '50', 'generator:method': 'wind_turbine', 'generator:source': 'wind', 'generator:type': 'horizontal_axis', 'power': 'generator'}",2026-04-24 03:20:12.859279,https://www.openstreetmap.org/node/1316378181,29.2001679,32.6125679
node/2778311085,2778311085,node,Egypt,generator,Capacity regex no match,850 kW,Tag 'generator:output:electricity' has value '850 kW' which could not be parsed,2026-04-24 03:20:12.859293,https://www.openstreetmap.org/node/2778311085,29.1763996,32.5784045
node/1316378178,1316378178,node,Egypt,generator,Capacity regex no match,660 kW,Tag 'generator:output:electricity' has value '660 kW' which could not be parsed,2026-04-24 03:20:12.859311,https://www.openstreetmap.org/node/1316378178,29.1809922,32.5996434
node/1316378179,1316378179,node,Egypt,generator,Capacity regex no match,600 kW,Tag 'generator:output:electricity' has value '600 kW' which could not be parsed,2026-04-24 03:20:12.859329,https://www.openstreetmap.org/node/1316378179,29.1589966,32.6171308
node/1316378176,1316378176,node,Egypt,generator,Missing output tag,none,"tags: {'frequency': '50', 'generator:method': 'wind_turbine', 'generator:source': 'wind', 'generator:type': 'horizontal_axis', 'power': 'generator'}",2026-04-24 03:20:12.859347,https://www.openstreetmap.org/node/1316378176,29.193909,32.6248313
node/2778313134,2778313134,node,Egypt,generator,Missing output tag,none,"tags: {'generator:method': 'wind_turbine', 'generator:source': 'wind', 'generator:type': 'horizontal_axis', 'power': 'generator'}",2026-04-24 03:20:12.859361,https://www.openstreetmap.org/node/2778313134,29.2484685,32.6125579
node/1316378177,1316378177,node,Egypt,generator,Missing output tag,none,"tags: {'frequency': '50', 'generator:method': 'wind_turbine', 'generator:source': 'wind', 'generator:type': 'horizontal_axis', 'power': 'generator'}",2026-04-24 03:20:12.859374,https://www.openstreetmap.org/node/1316378177,29.2004202,32.5919722
node/2778311073,2778311073,node,Egypt,generator,Capacity regex no match,850 kW,Tag 'generator:output:electricity' has value '850 kW' which could not be parsed,2026-04-24 03:20:12.859388,https://www.openstreetmap.org/node/2778311073,29.1762774,32.5896244
node/1316378189,1316378189,node,Egypt,generator,Missing output tag,none,"tags: {'frequency': '50', 'generator:method': 'wind_turbine', 'generator:source': 'wind', 'generator:type': 'horizontal_axis', 'power': 'generator'}",2026-04-24 03:20:12.859409,https://www.openstreetmap.org/node/1316378189,29.1950759,32.5888043
node/2778311074,2778311074,node,Egypt,generator,Capacity regex no match,850 kW,Tag 'generator:output:electricity' has value '850 kW' which could not be parsed,2026-04-24 03:20:12.859424,https://www.openstreetmap.org/node/2778311074,29.1762934,32.5877358
node/2778313125,2778313125,node,Egypt,generator,Missing output tag,none,"tags: {'generator:method': 'wind_turbine', 'generator:source': 'wind', 'generator:type': 'horizontal_axis', 'power': 'generator'}",2026-04-24 03:20:12.859442,https://www.openstreetmap.org/node/2778313125,29.2484579,32.5945393
node/1316378187,1316378187,node,Egypt,generator,Missing output tag,none,"tags: {'frequency': '50', 'generator:method': 'wind_turbine', 'generator:source': 'wind', 'generator:type': 'horizontal_axis', 'power': 'generator'}",2026-04-24 03:20:12.859456,https://www.openstreetmap.org/node/1316378187,29.215629,32.5923977
node/2778311076,2778311076,node,Egypt,generator,Capacity regex no match,850 kW,Tag 'generator:output:electricity' has value '850 kW' which could not be parsed,2026-04-24 03:20:12.859470,https://www.openstreetmap.org/node/2778311076,29.1763146,32.5858818
node/2778311079,2778311079,node,Egypt,generator,Capacity regex no match,850 kW,Tag 'generator:output:electricity' has value '850 kW' which could not be parsed,2026-04-24 03:20:12.859488,https://www.openstreetmap.org/node/2778311079,29.1763571,32.5821269
node/1316378184,1316378184,node,Egypt,generator,Missing output tag,none,"tags: {'frequency': '50', 'generator:method': 'wind_turbine', 'generator:source': 'wind', 'generator:type': 'horizontal_axis', 'power': 'generator'}",2026-04-24 03:20:12.859507,https://www.openstreetmap.org/node/1316378184,29.2046442,32.6117117
node/2778311078,2778311078,node,Egypt,generator,Capacity regex no match,850 kW,Tag 'generator:output:electricity' has value '850 kW' which could not be parsed,2026-04-24 03:20:12.859521,https://www.openstreetmap.org/node/2778311078,29.1763288,32.5839729
node/2778312153,2778312153,node,Egypt,generator,Capacity regex no match,850 kW,Tag 'generator:output:electricity' has value '850 kW' which could not be parsed,2026-04-24 03:20:12.859539,https://www.openstreetmap.org/node/2778312153,29.20577,32.5367559
node/1316378166,1316378166,node,Egypt,generator,Missing output tag,none,"tags: {'frequency': '50', 'generator:method': 'wind_turbine', 'generator:source': 'wind', 'generator:type': 'horizontal_axis', 'power': 'generator'}",2026-04-24 03:20:12.859558,https://www.openstreetmap.org/node/1316378166,29.2156747,32.5856413
node/2778313176,2778313176,node,Egypt,generator,Missing output tag,none,"tags: {'generator:method': 'wind_turbine', 'generator:source': 'wind', 'generator:type': 'horizontal_axis', 'power': 'generator'}",2026-04-24 03:20:12.859572,https://www.openstreetmap.org/node/2778313176,29.2489391,32.590822
node/1316378167,1316378167,node,Egypt,generator,Missing output tag,none,"tags: {'frequency': '50', 'generator:method': 'wind_turbine', 'generator:source': 'wind', 'generator:type': 'horizontal_axis', 'power': 'generator'}",2026-04-24 03:20:12.859586,https://www.openstreetmap.org/node/1316378167,29.1887016,32.6084197
node/1316378164,1316378164,node,Egypt,generator,Capacity regex no match,600 kW,Tag 'generator:output:electricity' has value '600 kW' which could not be parsed,2026-04-24 03:20:12.859600,https://www.openstreetmap.org/node/1316378164,29.1583871,32.6329026
node/2778312155,2778312155,node,Egypt,generator,Capacity regex no match,850 kW,Tag 'generator:output:electricity' has value '850 kW' which could not be parsed,2026-04-24 03:20:12.859617,https://www.openstreetmap.org/node/2778312155,29.2059067,32.5415733
node/2778312154,2778312154,node,Egypt,generator,Capacity regex no match,850 kW,Tag 'generator:output:electricity' has value '850 kW' which could not be parsed,2026-04-24 03:20:12.859635,https://www.openstreetmap.org/node/2778312154,29.2058325,32.5391503
node/1316378165,1316378165,node,Egypt,generator,Missing output tag,none,"tags: {'frequency': '50', 'generator:method': 'wind_turbine', 'generator:source': 'wind', 'generator:type': 'horizontal_axis', 'power': 'generator'}",2026-04-24 03:20:12.859654,https://www.openstreetmap.org/node/1316378165,29.2052412,32.602837
node/1316378162,1316378162,node,Egypt,generator,Missing output tag,none,"tags: {'frequency': '50', 'generator:method': 'wind_turbine', 'generator:source': 'wind', 'generator:type': 'horizontal_axis', 'power': 'generator'}",2026-04-24 03:20:12.859669,https://www.openstreetmap.org/node/1316378162,29.200225,32.6084837
node/2778313180,2778313180,node,Egypt,generator,Missing output tag,none,"tags: {'generator:method': 'wind_turbine', 'generator:source': 'wind', 'generator:type': 'horizontal_axis', 'power': 'generator'}",2026-04-24 03:20:12.859683,https://www.openstreetmap.org/node/2778313180,29.2489694,32.5964391
node/1316378163,1316378163,node,Egypt,generator,Missing output tag,none,"tags: {'frequency': '50', 'generator:method': 'wind_turbine', 'generator:source': 'wind', 'generator:type': 'horizontal_axis', 'power': 'generator'}",2026-04-24 03:20:12.859697,https://www.openstreetmap.org/node/1316378163,29.1896035,32.590012
node/1316378160,1316378160,node,Egypt,generator,Capacity regex no match,660 kW,Tag 'generator:output:electricity' has value '660 kW' which could not be parsed,2026-04-24 03:20:12.859711,https://www.openstreetmap.org/node/1316378160,29.1800323,32.6042506
node/2778312158,2778312158,node,Egypt,generator,Capacity regex no match,850 kW,Tag 'generator:output:electricity' has value '850 kW' which could not be parsed,2026-04-24 03:20:12.859729,https://www.openstreetmap.org/node/2778312158,29.2059518,32.5439672
node/1316378161,1316378161,node,Egypt,generator,Capacity regex no match,600 kW,Tag 'generator:output:electricity' has value '600 kW' which could not be parsed,2026-04-24 03:20:12.859746,https://www.openstreetmap.org/node/1316378161,29.1589204,32.6127244
node/2778314193,2778314193,node,Egypt,generator,Missing output tag,none,"tags: {'generator:method': 'wind_turbine', 'generator:source': 'wind', 'generator:type': 'horizontal_axis', 'power': 'generator'}",2026-04-24 03:20:12.859764,https://www.openstreetmap.org/node/2778314193,29.2849597,32.5841744
node/1316378174,1316378174,node,Egypt,generator,Capacity regex no match,660 kW,Tag 'generator:output:electricity' has value '660 kW' which could not be parsed,2026-04-24 03:20:12.859777,https://www.openstreetmap.org/node/1316378174,29.179659,32.6211523
node/1316378175,1316378175,node,Egypt,generator,Missing output tag,none,"tags: {'frequency': '50', 'generator:method': 'wind_turbine', 'generator:source': 'wind', 'generator:type': 'horizontal_axis', 'power': 'generator'}",2026-04-24 03:20:12.859795,https://www.openstreetmap.org/node/1316378175,29.2237709,32.6122726
node/2778312144,2778312144,node,Egypt,generator,Capacity regex no match,850 kW,Tag 'generator:output:electricity' has value '850 kW' which could not be parsed,2026-04-24 03:20:12.859810,https://www.openstreetmap.org/node/2778312144,29.2055387,32.5295192
node/1316378172,1316378172,node,Egypt,generator,Missing output tag,none,"tags: {'frequency': '50', 'generator:method': 'wind_turbine', 'generator:source': 'wind', 'generator:type': 'horizontal_axis', 'power': 'generator'}",2026-04-24 03:20:12.859828,https://www.openstreetmap.org/node/1316378172,29.1959899,32.6023187
node/1316378173,1316378173,node,Egypt,generator,Capacity regex no match,660 kW,Tag 'generator:output:electricity' has value '660 kW' which could not be parsed,2026-04-24 03:20:12.859843,https://www.openstreetmap.org/node/1316378173,29.1706545,32.5970508
node/2778312146,2778312146,node,Egypt,generator,Capacity regex no match,850 kW,Tag 'generator:output:electricity' has value '850 kW' which could not be parsed,2026-04-24 03:20:12.859860,https://www.openstreetmap.org/node/2778312146,29.2056267,32.5319401
node/2778312149,2778312149,node,Egypt,generator,Capacity regex no match,850 kW,Tag 'generator:output:electricity' has value '850 kW' which could not be parsed,2026-04-24 03:20:12.859878,https://www.openstreetmap.org/node/2778312149,29.2056719,32.5343835
node/1316378170,1316378170,node,Egypt,generator,Missing output tag,none,"tags: {'frequency': '50', 'generator:method': 'wind_turbine', 'generator:source': 'wind', 'generator:type': 'horizontal_axis', 'power': 'generator'}",2026-04-24 03:20:12.859896,https://www.openstreetmap.org/node/1316378170,29.2240564,32.5805025
node/1316378171,1316378171,node,Egypt,generator,Capacity regex no match,660 kW,Tag 'generator:output:electricity' has value '660 kW' which could not be parsed,2026-04-24 03:20:12.859910,https://www.openstreetmap.org/node/1316378171,29.1715783,32.6199231
node/1316378168,1316378168,node,Egypt,generator,Capacity regex no match,600 kW,Tag 'generator:output:electricity' has value '600 kW' which could not be parsed,2026-04-24 03:20:12.859928,https://www.openstreetmap.org/node/1316378168,29.1655305,32.6152657
node/1316378169,1316378169,node,Egypt,generator,Missing output tag,none,"tags: {'frequency': '50', 'generator:method': 'wind_turbine', 'generator:source': 'wind', 'generator:type': 'horizontal_axis', 'power': 'generator'}",2026-04-24 03:20:12.859946,https://www.openstreetmap.org/node/1316378169,29.2110289,32.5984781
node/1316378150,1316378150,node,Egypt,generator,Capacity regex no match,600 kW,Tag 'generator:output:electricity' has value '600 kW' which could not be parsed,2026-04-24 03:20:12.859960,https://www.openstreetmap.org/node/1316378150,29.1654829,32.6208066
node/2778311113,2778311113,node,Egypt,generator,Capacity regex no match,850 kW,Tag 'generator:output:electricity' has value '850 kW' which could not be parsed,2026-04-24 03:20:12.859977,https://www.openstreetmap.org/node/2778311113,29.1765785,32.5634379
node/1316378151,1316378151,node,Egypt,generator,Missing output tag,none,"tags: {'frequency': '50', 'generator:method': 'wind_turbine', 'generator:source': 'wind', 'generator:type': 'horizontal_axis', 'power': 'generator'}",2026-04-24 03:20:12.859995,https://www.openstreetmap.org/node/1316378151,29.2099628,32.6043341
node/2778311115,2778311115,node,Egypt,generator,Capacity regex no match,850 kW,Tag 'generator:output:electricity' has value '850 kW' which could not be parsed,2026-04-24 03:20:12.860009,https://www.openstreetmap.org/node/2778311115,29.1765909,32.5615595
node/1316378148,1316378148,node,Egypt,generator,Missing output tag,none,"tags: {'frequency': '50', 'generator:method': 'wind_turbine', 'generator:source': 'wind', 'generator:type': 'horizontal_axis', 'power': 'generator'}",2026-04-24 03:20:12.860027,https://www.openstreetmap.org/node/1316378148,29.2157326,32.5790698
node/2778312139,2778312139,node,Egypt,generator,Missing output tag,none,"tags: {'frequency': '50', 'generator:method': 'wind_turbine', 'generator:source': 'wind', 'generator:type': 'horizontal_axis', 'power': 'generator'}",2026-04-24 03:20:12.860042,https://www.openstreetmap.org/node/2778312139,29.205429,32.5844546
node/2778314186,2778314186,node,Egypt,generator,Missing output tag,none,"tags: {'generator:method': 'wind_turbine', 'generator:source': 'wind', 'generator:type': 'horizontal_axis', 'power': 'generator'}",2026-04-24 03:20:12.860071,https://www.openstreetmap.org/node/2778314186,29.2847526,32.5826939
node/1316378149,1316378149,node,Egypt,generator,Missing output tag,none,"tags: {'frequency': '50', 'generator:method': 'wind_turbine', 'generator:source': 'wind', 'generator:type': 'horizontal_axis', 'power': 'generator'}",2026-04-24 03:20:12.860089,https://www.openstreetmap.org/node/1316378149,29.1894999,32.6041686
node/2778313162,2778313162,node,Egypt,generator,Missing output tag,none,"tags: {'generator:method': 'wind_turbine', 'generator:source': 'wind', 'generator:type': 'horizontal_axis', 'power': 'generator'}",2026-04-24 03:20:12.860104,https://www.openstreetmap.org/node/2778313162,29.2487446,32.6076823
node/1316378146,1316378146,node,Egypt,generator,Capacity regex no match,600 kW,Tag 'generator:output:electricity' has value '600 kW' which could not be parsed,2026-04-24 03:20:12.860119,https://www.openstreetmap.org/node/1316378146,29.1586918,32.6284852
node/2778311117,2778311117,node,Egypt,generator,Capacity regex no match,850 kW,Tag 'generator:output:electricity' has value '850 kW' which could not be parsed,2026-04-24 03:20:12.860138,https://www.openstreetmap.org/node/2778311117,29.1766228,32.5596851
node/2778312141,2778312141,node,Egypt,generator,Capacity regex no match,850 kW,Tag 'generator:output:electricity' has value '850 kW' which could not be parsed,2026-04-24 03:20:12.860156,https://www.openstreetmap.org/node/2778312141,29.2054821,32.5271093
node/2778312140,2778312140,node,Egypt,generator,Missing output tag,none,"tags: {'frequency': '50', 'generator:method': 'wind_turbine', 'generator:source': 'wind', 'generator:type': 'horizontal_axis', 'power': 'generator'}",2026-04-24 03:20:12.860174,https://www.openstreetmap.org/node/2778312140,29.2054315,32.5863021
node/1316378147,1316378147,node,Egypt,generator,Missing output tag,none,"tags: {'frequency': '50', 'generator:method': 'wind_turbine', 'generator:source': 'wind', 'generator:type': 'horizontal_axis', 'power': 'generator'}",2026-04-24 03:20:12.860189,https://www.openstreetmap.org/node/1316378147,29.206743,32.5970438
node/1316378144,1316378144,node,Egypt,generator,Missing output tag,none,"tags: {'frequency': '50', 'generator:method': 'wind_turbine', 'generator:source': 'wind', 'generator:type': 'horizontal_axis', 'power': 'generator'}",2026-04-24 03:20:12.860203,https://www.openstreetmap.org/node/1316378144,29.2002822,32.6046393
node/2778313167,2778313167,node,Egypt,generator,Missing output tag,none,"tags: {'generator:method': 'wind_turbine', 'generator:source': 'wind', 'generator:type': 'horizontal_axis', 'power': 'generator'}",2026-04-24 03:20:12.860218,https://www.openstreetmap.org/node/2778313167,29.248801,32.5889487
node/2778311118,2778311118,node,Egypt,generator,Capacity regex no match,850 kW,Tag 'generator:output:electricity' has value '850 kW' which could not be parsed,2026-04-24 03:20:12.860233,https://www.openstreetmap.org/node/2778311118,29.1766334,32.5578229
node/1316378145,1316378145,node,Egypt,generator,Missing output tag,none,"tags: {'frequency': '50', 'generator:method': 'wind_turbine', 'generator:source': 'wind', 'generator:type': 'horizontal_axis', 'power': 'generator'}",2026-04-24 03:20:12.860253,https://www.openstreetmap.org/node/1316378145,29.188473,32.6227753
node/1316378158,1316378158,node,Egypt,generator,Missing output tag,none,"tags: {'frequency': '50', 'generator:method': 'wind_turbine', 'generator:source': 'wind', 'generator:type': 'horizontal_axis', 'power': 'generator'}",2026-04-24 03:20:12.860269,https://www.openstreetmap.org/node/1316378158,29.2237352,32.6079171
node/2778311105,2778311105,node,Egypt,generator,Capacity regex no match,850 kW,Tag 'generator:output:electricity' has value '850 kW' which could not be parsed,2026-04-24 03:20:12.860283,https://www.openstreetmap.org/node/2778311105,29.1765095,32.5690469
node/1316378159,1316378159,node,Egypt,generator,Missing output tag,none,"tags: {'frequency': '50', 'generator:method': 'wind_turbine', 'generator:source': 'wind', 'generator:type': 'horizontal_axis', 'power': 'generator'}",2026-04-24 03:20:12.860302,https://www.openstreetmap.org/node/1316378159,29.2004057,32.5851665
node/2778312131,2778312131,node,Egypt,generator,Capacity regex no match,850 kW,Tag 'generator:output:electricity' has value '850 kW' which could not be parsed,2026-04-24 03:20:12.860317,https://www.openstreetmap.org/node/2778312131,29.2053226,32.5246277
node/1316378156,1316378156,node,Egypt,generator,Missing output tag,none,"tags: {'frequency': '50', 'generator:method': 'wind_turbine', 'generator:source': 'wind', 'generator:type': 'horizontal_axis', 'power': 'generator'}",2026-04-24 03:20:12.860336,https://www.openstreetmap.org/node/1316378156,29.223646,32.6014622
node/2778314178,2778314178,node,Egypt,generator,Missing output tag,none,"tags: {'generator:method': 'wind_turbine', 'generator:source': 'wind', 'generator:type': 'horizontal_axis', 'power': 'generator'}",2026-04-24 03:20:12.860351,https://www.openstreetmap.org/node/2778314178,29.2846043,32.5811811
node/1316378157,1316378157,node,Egypt,generator,Capacity regex no match,660 kW,Tag 'generator:output:electricity' has value '660 kW' which could not be parsed,2026-04-24 03:20:12.860365,https://www.openstreetmap.org/node/1316378157,29.1776705,32.6255413
node/1316378154,1316378154,node,Egypt,generator,Missing output tag,none,"tags: {'frequency': '50', 'generator:method': 'wind_turbine', 'generator:source': 'wind', 'generator:type': 'horizontal_axis', 'power': 'generator'}",2026-04-24 03:20:12.860385,https://www.openstreetmap.org/node/1316378154,29.1958559,32.5985073
node/1316378155,1316378155,node,Egypt,generator,Capacity regex no match,600 kW,Tag 'generator:output:electricity' has value '600 kW' which could not be parsed,2026-04-24 03:20:12.860399,https://www.openstreetmap.org/node/1316378155,29.1648924,32.6007592
node/2778313156,2778313156,node,Egypt,generator,Missing output tag,none,"tags: {'generator:method': 'wind_turbine', 'generator:source': 'wind', 'generator:type': 'horizontal_axis', 'power': 'generator'}",2026-04-24 03:20:12.860419,https://www.openstreetmap.org/node/2778313156,29.2486897,32.6095708
node/2778311108,2778311108,node,Egypt,generator,Capacity regex no match,850 kW,Tag 'generator:output:electricity' has value '850 kW' which could not be parsed,2026-04-24 03:20:12.860433,https://www.openstreetmap.org/node/2778311108,29.1765219,32.5672113
node/1316378152,1316378152,node,Egypt,generator,Missing output tag,none,"tags: {'frequency': '50', 'generator:method': 'wind_turbine', 'generator:source': 'wind', 'generator:type': 'horizontal_axis', 'power': 'generator'}",2026-04-24 03:20:12.860452,https://www.openstreetmap.org/node/1316378152,29.2159184,32.5969275
node/1316378153,1316378153,node,Egypt,generator,Capacity regex no match,660 kW,Tag 'generator:output:electricity' has value '660 kW' which could not be parsed,2026-04-24 03:20:12.860467,https://www.openstreetmap.org/node/1316378153,29.1716259,32.6144586
node/1316378134,1316378134,node,Egypt,generator,Missing output tag,none,"tags: {'frequency': '50', 'generator:method': 'wind_turbine', 'generator:source': 'wind', 'generator:type': 'horizontal_axis', 'power': 'generator'}",2026-04-24 03:20:12.860486,https://www.openstreetmap.org/node/1316378134,29.2106116,32.6099843
node/1316378135,1316378135,node,Egypt,generator,Missing output tag,none,"tags: {'frequency': '50', 'generator:method': 'wind_turbine', 'generator:source': 'wind', 'generator:type': 'horizontal_axis', 'power': 'generator'}",2026-04-24 03:20:12.860501,https://www.openstreetmap.org/node/1316378135,29.216028,32.6053591
node/1316378132,1316378132,node,Egypt,generator,Missing output tag,none,"tags: {'frequency': '50', 'generator:method': 'wind_turbine', 'generator:source': 'wind', 'generator:type': 'horizontal_axis', 'power': 'generator'}",2026-04-24 03:20:12.860516,https://www.openstreetmap.org/node/1316378132,29.1900484,32.6001617
node/2778315259,2778315259,node,Egypt,generator,Missing output tag,none,"tags: {'generator:method': 'wind_turbine', 'generator:source': 'wind', 'generator:type': 'horizontal_axis', 'power': 'generator'}",2026-04-24 03:20:12.860530,https://www.openstreetmap.org/node/2778315259,29.3129568,32.584184
node/1316378133,1316378133,node,Egypt,generator,Capacity regex no match,600 kW,Tag 'generator:output:electricity' has value '600 kW' which could not be parsed,2026-04-24 03:20:12.860544,https://www.openstreetmap.org/node/1316378133,29.1653305,32.6251258
node/2778312186,2778312186,node,Egypt,generator,Capacity regex no match,850 kW,Tag 'generator:output:electricity' has value '850 kW' which could not be parsed,2026-04-24 03:20:12.860561,https://www.openstreetmap.org/node/2778312186,29.2067383,32.571094
node/2778312189,2778312189,node,Egypt,generator,Capacity regex no match,850 kW,Tag 'generator:output:electricity' has value '850 kW' which could not be parsed,2026-04-24 03:20:12.860578,https://www.openstreetmap.org/node/2778312189,29.2067844,32.5734918
node/1316378130,1316378130,node,Egypt,generator,Missing output tag,none,"tags: {'frequency': '50', 'generator:method': 'wind_turbine', 'generator:source': 'wind', 'generator:type': 'horizontal_axis', 'power': 'generator'}",2026-04-24 03:20:12.860598,https://www.openstreetmap.org/node/1316378130,29.2054392,32.5900675
node/1316378128,1316378128,node,Egypt,generator,Capacity regex no match,660 kW,Tag 'generator:output:electricity' has value '660 kW' which could not be parsed,2026-04-24 03:20:12.860612,https://www.openstreetmap.org/node/1316378128,29.1807103,32.5933085
node/2778314239,2778314239,node,Egypt,generator,Missing output tag,none,"tags: {'generator:method': 'wind_turbine', 'generator:source': 'wind', 'generator:type': 'horizontal_axis', 'power': 'generator'}",2026-04-24 03:20:12.860631,https://www.openstreetmap.org/node/2778314239,29.2853445,32.5761031
node/1316378129,1316378129,node,Egypt,generator,Capacity regex no match,600 kW,Tag 'generator:output:electricity' has value '600 kW' which could not be parsed,2026-04-24 03:20:12.860656,https://www.openstreetmap.org/node/1316378129,29.1588919,32.6241223
node/2778313201,2778313201,node,Egypt,generator,Missing output tag,none,"tags: {'generator:method': 'wind_turbine', 'generator:source': 'wind', 'generator:type': 'horizontal_axis', 'power': 'generator'}",2026-04-24 03:20:12.860678,https://www.openstreetmap.org/node/2778313201,29.2514641,32.5825938
node/1316378142,1316378142,node,Egypt,generator,Capacity regex no match,660 kW,Tag 'generator:output:electricity' has value '660 kW' which could not be parsed,2026-04-24 03:20:12.860693,https://www.openstreetmap.org/node/1316378142,29.1788819,32.6089014
node/2778312177,2778312177,node,Egypt,generator,Capacity regex no match,850 kW,Tag 'generator:output:electricity' has value '850 kW' which could not be parsed,2026-04-24 03:20:12.860711,https://www.openstreetmap.org/node/2778312177,29.2063736,32.5584368
node/2778314224,2778314224,node,Egypt,generator,Missing output tag,none,"tags: {'generator:method': 'wind_turbine', 'generator:source': 'wind', 'generator:type': 'horizontal_axis', 'power': 'generator'}",2026-04-24 03:20:12.860731,https://www.openstreetmap.org/node/2778314224,29.2852461,32.5871735
node/1316378143,1316378143,node,Egypt,generator,Capacity regex no match,600 kW,Tag 'generator:output:electricity' has value '600 kW' which could not be parsed,2026-04-24 03:20:12.860746,https://www.openstreetmap.org/node/1316378143,29.1587299,32.608307
node/1316378140,1316378140,node,Egypt,generator,Capacity regex no match,660 kW,Tag 'generator:output:electricity' has value '660 kW' which could not be parsed,2026-04-24 03:20:12.860764,https://www.openstreetmap.org/node/1316378140,29.1709783,32.6311247
node/1316378141,1316378141,node,Egypt,generator,Missing output tag,none,"tags: {'frequency': '50', 'generator:method': 'wind_turbine', 'generator:source': 'wind', 'generator:type': 'horizontal_axis', 'power': 'generator'}",2026-04-24 03:20:12.860784,https://www.openstreetmap.org/node/1316378141,29.1939485,32.6127477
node/1316378138,1316378138,node,Egypt,generator,Capacity regex no match,600 kW,Tag 'generator:output:electricity' has value '600 kW' which could not be parsed,2026-04-24 03:20:12.860798,https://www.openstreetmap.org/node/1316378138,29.1651781,32.6051548
node/1316378139,1316378139,node,Egypt,generator,Missing output tag,none,"tags: {'frequency': '50', 'generator:method': 'wind_turbine', 'generator:source': 'wind', 'generator:type': 'horizontal_axis', 'power': 'generator'}",2026-04-24 03:20:12.860818,https://www.openstreetmap.org/node/1316378139,29.2237114,32.5948914
node/1316378136,1316378136,node,Egypt,generator,Capacity regex no match,660 kW,Tag 'generator:output:electricity' has value '660 kW' which could not be parsed,2026-04-24 03:20:12.860833,https://www.openstreetmap.org/node/1316378136,29.1715878,32.6096376
node/2778313207,2778313207,node,Egypt,generator,Missing output tag,none,"tags: {'generator:method': 'wind_turbine', 'generator:source': 'wind', 'generator:type': 'horizontal_axis', 'power': 'generator'}",2026-04-24 03:20:12.860852,https://www.openstreetmap.org/node/2778313207,29.2516261,32.5844314
node/2778314230,2778314230,node,Egypt,generator,Missing output tag,none,"tags: {'generator:method': 'wind_turbine', 'generator:source': 'wind', 'generator:type': 'horizontal_axis', 'power': 'generator'}",2026-04-24 03:20:12.860868,https://www.openstreetmap.org/node/2778314230,29.2852538,32.5911138
node/1316378137,1316378137,node,Egypt,generator,Missing output tag,none,"tags: {'frequency': '50', 'generator:method': 'wind_turbine', 'generator:source': 'wind', 'generator:type': 'horizontal_axis', 'power': 'generator'}",2026-04-24 03:20:12.860884,https://www.openstreetmap.org/node/1316378137,29.195539,32.5945354
node/1316378118,1316378118,node,Egypt,generator,Missing output tag,none,"tags: {'frequency': '50', 'generator:method': 'wind_turbine', 'generator:source': 'wind', 'generator:type': 'horizontal_axis', 'power': 'generator'}",2026-04-24 03:20:12.860899,https://www.openstreetmap.org/node/1316378118,29.1950881,32.5903331
node/1316378119,1316378119,node,Egypt,generator,Capacity regex no match,600 kW,Tag 'generator:output:electricity' has value '600 kW' which could not be parsed,2026-04-24 03:20:12.860957,https://www.openstreetmap.org/node/1316378119,29.1654257,32.609474
node/2778312168,2778312168,node,Egypt,generator,Capacity regex no match,850 kW,Tag 'generator:output:electricity' has value '850 kW' which could not be parsed,2026-04-24 03:20:12.860978,https://www.openstreetmap.org/node/2778312168,29.2061723,32.5512034
node/2778312171,2778312171,node,Egypt,generator,Capacity regex no match,850 kW,Tag 'generator:output:electricity' has value '850 kW' which could not be parsed,2026-04-24 03:20:12.860996,https://www.openstreetmap.org/node/2778312171,29.2062434,32.5536173
node/1316378116,1316378116,node,Egypt,generator,Missing output tag,none,"tags: {'frequency': '50', 'generator:method': 'wind_turbine', 'generator:source': 'wind', 'generator:type': 'horizontal_axis', 'power': 'generator'}",2026-04-24 03:20:12.861016,https://www.openstreetmap.org/node/1316378116,29.2166616,32.5949453
node/1316378117,1316378117,node,Egypt,generator,Capacity regex no match,660 kW,Tag 'generator:output:electricity' has value '660 kW' which could not be parsed,2026-04-24 03:20:12.861033,https://www.openstreetmap.org/node/1316378117,29.1714259,32.6067036
node/2778315245,2778315245,node,Egypt,generator,Missing output tag,none,"tags: {'generator:method': 'wind_turbine', 'generator:source': 'wind', 'generator:type': 'horizontal_axis', 'power': 'generator'}",2026-04-24 03:20:12.861053,https://www.openstreetmap.org/node/2778315245,29.3125034,32.5772491
node/1316378114,1316378114,node,Egypt,generator,Capacity regex no match,600 kW,Tag 'generator:output:electricity' has value '600 kW' which could not be parsed,2026-04-24 03:20:12.861084,https://www.openstreetmap.org/node/1316378114,29.1650543,32.6295432
node/1316378115,1316378115,node,Egypt,generator,Missing output tag,none,"tags: {'frequency': '50', 'generator:method': 'wind_turbine', 'generator:source': 'wind', 'generator:type': 'horizontal_axis', 'power': 'generator'}",2026-04-24 03:20:12.861107,https://www.openstreetmap.org/node/1316378115,29.2054941,32.6136382
node/2778312175,2778312175,node,Egypt,generator,Capacity regex no match,850 kW,Tag 'generator:output:electricity' has value '850 kW' which could not be parsed,2026-04-24 03:20:12.861123,https://www.openstreetmap.org/node/2778312175,29.2062985,32.5560156
node/1316378112,1316378112,node,Egypt,generator,Missing output tag,none,"tags: {'frequency': '50', 'generator:method': 'wind_turbine', 'generator:source': 'wind', 'generator:type': 'horizontal_axis', 'power': 'generator'}",2026-04-24 03:20:12.861144,https://www.openstreetmap.org/node/1316378112,29.2001298,32.6141165
node/1316378113,1316378113,node,Egypt,generator,Missing output tag,none,"tags: {'frequency': '50', 'generator:method': 'wind_turbine', 'generator:source': 'wind', 'generator:type': 'horizontal_axis', 'power': 'generator'}",2026-04-24 03:20:12.861160,https://www.openstreetmap.org/node/1316378113,29.1899509,32.5957011
node/1316378126,1316378126,node,Egypt,generator,Capacity regex no match,600 kW,Tag 'generator:output:electricity' has value '600 kW' which could not be parsed,2026-04-24 03:20:12.861175,https://www.openstreetmap.org/node/1316378126,29.1584156,32.6039114
node/2778314209,2778314209,node,Egypt,generator,Missing output tag,none,"tags: {'generator:method': 'wind_turbine', 'generator:source': 'wind', 'generator:type': 'horizontal_axis', 'power': 'generator'}",2026-04-24 03:20:12.861196,https://www.openstreetmap.org/node/2778314209,29.2851822,32.5856373
node/2778312161,2778312161,node,Egypt,generator,Capacity regex no match,850 kW,Tag 'generator:output:electricity' has value '850 kW' which could not be parsed,2026-04-24 03:20:12.861211,https://www.openstreetmap.org/node/2778312161,29.2060389,32.546388
node/1316378127,1316378127,node,Egypt,generator,Missing output tag,none,"tags: {'frequency': '50', 'generator:method': 'wind_turbine', 'generator:source': 'wind', 'generator:type': 'horizontal_axis', 'power': 'generator'}",2026-04-24 03:20:12.861232,https://www.openstreetmap.org/node/1316378127,29.1999061,32.6003206
node/1316378124,1316378124,node,Egypt,generator,Capacity regex no match,660 kW,Tag 'generator:output:electricity' has value '660 kW' which could not be parsed,2026-04-24 03:20:12.861246,https://www.openstreetmap.org/node/1316378124,29.1712354,32.6033987
node/1316378125,1316378125,node,Egypt,generator,Capacity regex no match,660 kW,Tag 'generator:output:electricity' has value '660 kW' which could not be parsed,2026-04-24 03:20:12.861264,https://www.openstreetmap.org/node/1316378125,29.1793085,32.6136569
node/1316378122,1316378122,node,Egypt,generator,Capacity regex no match,660 kW,Tag 'generator:output:electricity' has value '660 kW' which could not be parsed,2026-04-24 03:20:12.861281,https://www.openstreetmap.org/node/1316378122,29.1712735,32.6263038
node/1316378123,1316378123,node,Egypt,generator,Missing output tag,none,"tags: {'frequency': '50', 'generator:method': 'wind_turbine', 'generator:source': 'wind', 'generator:type': 'horizontal_axis', 'power': 'generator'}",2026-04-24 03:20:12.861302,https://www.openstreetmap.org/node/1316378123,29.1935098,32.6083011
node/2778315236,2778315236,node,Egypt,generator,Missing output tag,none,"tags: {'generator:method': 'wind_turbine', 'generator:source': 'wind', 'generator:type': 'horizontal_axis', 'power': 'generator'}",2026-04-24 03:20:12.861318,https://www.openstreetmap.org/node/2778315236,29.3124298,32.5826088
node/2778313188,2778313188,node,Egypt,generator,Missing output tag,none,"tags: {'generator:method': 'wind_turbine', 'generator:source': 'wind', 'generator:type': 'horizontal_axis', 'power': 'generator'}",2026-04-24 03:20:12.861334,https://www.openstreetmap.org/node/2778313188,29.2491225,32.5983205
node/1316378120,1316378120,node,Egypt,generator,Missing output tag,none,"tags: {'frequency': '50', 'generator:method': 'wind_turbine', 'generator:source': 'wind', 'generator:type': 'horizontal_axis', 'power': 'generator'}",2026-04-24 03:20:12.861350,https://www.openstreetmap.org/node/1316378120,29.2101242,32.5900745
node/2778314215,2778314215,node,Egypt,generator,Missing output tag,none,"tags: {'generator:method': 'wind_turbine', 'generator:source': 'wind', 'generator:type': 'horizontal_axis', 'power': 'generator'}",2026-04-24 03:20:12.861367,https://www.openstreetmap.org/node/2778314215,29.2852077,32.5927203
node/1316378121,1316378121,node,Egypt,generator,Missing output tag,none,"tags: {'frequency': '50', 'generator:method': 'wind_turbine', 'generator:source': 'wind', 'generator:type': 'horizontal_axis', 'power': 'generator'}",2026-04-24 03:20:12.861383,https://www.openstreetmap.org/node/1316378121,29.2236876,32.588716
node/2778312166,2778312166,node,Egypt,generator,Capacity regex no match,850 kW,Tag 'generator:output:electricity' has value '850 kW' which could not be parsed,2026-04-24 03:20:12.861397,https://www.openstreetmap.org/node/2778312166,29.2061054,32.5487942
node/2778312985,2778312985,node,Egypt,generator,Missing output tag,none,"tags: {'generator:method': 'wind_turbine', 'generator:source': 'wind', 'generator:type': 'horizontal_axis', 'power': 'generator'}",2026-04-24 03:20:12.861418,https://www.openstreetmap.org/node/2778312985,29.2435151,32.5858744
node/2778314009,2778314009,node,Egypt,generator,Missing output tag,none,"tags: {'generator:method': 'wind_turbine', 'generator:source': 'wind', 'generator:type': 'horizontal_axis', 'power': 'generator'}",2026-04-24 03:20:12.861435,https://www.openstreetmap.org/node/2778314009,29.2815546,32.5818344
node/2778310939,2778310939,node,Egypt,generator,Capacity regex no match,850 kW,Tag 'generator:output:electricity' has value '850 kW' which could not be parsed,2026-04-24 03:20:12.861449,https://www.openstreetmap.org/node/2778310939,29.1651046,32.5379219
node/2778310941,2778310941,node,Egypt,generator,Capacity regex no match,850 kW,Tag 'generator:output:electricity' has value '850 kW' which could not be parsed,2026-04-24 03:20:12.861466,https://www.openstreetmap.org/node/2778310941,29.1651309,32.5360442
node/2778314001,2778314001,node,Egypt,generator,Missing output tag,none,"tags: {'generator:method': 'wind_turbine', 'generator:source': 'wind', 'generator:type': 'horizontal_axis', 'power': 'generator'}",2026-04-24 03:20:12.861486,https://www.openstreetmap.org/node/2778314001,29.2815111,32.5834674
node/2778310928,2778310928,node,Egypt,generator,Capacity regex no match,850 kW,Tag 'generator:output:electricity' has value '850 kW' which could not be parsed,2026-04-24 03:20:12.861500,https://www.openstreetmap.org/node/2778310928,29.1650558,32.5435519
node/2778310933,2778310933,node,Egypt,generator,Capacity regex no match,850 kW,Tag 'generator:output:electricity' has value '850 kW' which could not be parsed,2026-04-24 03:20:12.861518,https://www.openstreetmap.org/node/2778310933,29.1650783,32.5416743
node/2778310932,2778310932,node,Egypt,generator,Capacity regex no match,850 kW,Tag 'generator:output:electricity' has value '850 kW' which could not be parsed,2026-04-24 03:20:12.861535,https://www.openstreetmap.org/node/2778310932,29.1650658,32.5304472
node/2778310920,2778310920,node,Egypt,generator,Capacity regex no match,850 kW,Tag 'generator:output:electricity' has value '850 kW' which could not be parsed,2026-04-24 03:20:12.861553,https://www.openstreetmap.org/node/2778310920,29.1650157,32.5472914
node/1316378340,1316378340,node,Egypt,generator,Missing output tag,none,"tags: {'frequency': '50', 'generator:method': 'wind_turbine', 'generator:source': 'wind', 'generator:type': 'horizontal_axis', 'power': 'generator'}",2026-04-24 03:20:12.861573,https://www.openstreetmap.org/node/1316378340,29.2002108,32.609776
node/2778312971,2778312971,node,Egypt,generator,Missing output tag,none,"tags: {'generator:method': 'wind_turbine', 'generator:source': 'wind', 'generator:type': 'horizontal_axis', 'power': 'generator'}",2026-04-24 03:20:12.861590,https://www.openstreetmap.org/node/2778312971,29.2433849,32.5915302
node/1316378341,1316378341,node,Egypt,generator,Missing output tag,none,"tags: {'frequency': '50', 'generator:method': 'wind_turbine', 'generator:source': 'wind', 'generator:type': 'horizontal_axis', 'power': 'generator'}",2026-04-24 03:20:12.861606,https://www.openstreetmap.org/node/1316378341,29.1897193,32.59145
node/2778310922,2778310922,node,Egypt,generator,Capacity regex no match,850 kW,Tag 'generator:output:electricity' has value '850 kW' which could not be parsed,2026-04-24 03:20:12.861620,https://www.openstreetmap.org/node/2778310922,29.165027,32.5454123
node/1316378338,1316378338,node,Egypt,generator,Capacity regex no match,660 kW,Tag 'generator:output:electricity' has value '660 kW' which could not be parsed,2026-04-24 03:20:12.861637,https://www.openstreetmap.org/node/1316378338,29.1805732,32.6027934
node/1316378339,1316378339,node,Egypt,generator,Capacity regex no match,600 kW,Tag 'generator:output:electricity' has value '600 kW' which could not be parsed,2026-04-24 03:20:12.861654,https://www.openstreetmap.org/node/1316378339,29.1589776,32.6141641
node/1316378336,1316378336,node,Egypt,generator,Missing output tag,none,"tags: {'frequency': '50', 'generator:method': 'wind_turbine', 'generator:source': 'wind', 'generator:type': 'horizontal_axis', 'power': 'generator'}",2026-04-24 03:20:12.861675,https://www.openstreetmap.org/node/1316378336,29.2237828,32.6101119
node/2778315022,2778315022,node,Egypt,generator,Missing output tag,none,"tags: {'generator:method': 'wind_turbine', 'generator:source': 'wind', 'generator:type': 'horizontal_axis', 'power': 'generator'}",2026-04-24 03:20:12.861692,https://www.openstreetmap.org/node/2778315022,29.3070264,32.5919105
node/1316378337,1316378337,node,Egypt,generator,Missing output tag,none,"tags: {'frequency': '50', 'generator:method': 'wind_turbine', 'generator:source': 'wind', 'generator:type': 'horizontal_axis', 'power': 'generator'}",2026-04-24 03:20:12.861709,https://www.openstreetmap.org/node/1316378337,29.2003716,32.5874617
node/2778310926,2778310926,node,Egypt,generator,Capacity regex no match,850 kW,Tag 'generator:output:electricity' has value '850 kW' which could not be parsed,2026-04-24 03:20:12.861724,https://www.openstreetmap.org/node/2778310926,29.1650433,32.5341523
node/2778310914,2778310914,node,Egypt,generator,Capacity regex no match,850 kW,Tag 'generator:output:electricity' has value '850 kW' which could not be parsed,2026-04-24 03:20:12.861742,https://www.openstreetmap.org/node/2778310914,29.1649932,32.5491575
node/2778312965,2778312965,node,Egypt,generator,Missing output tag,none,"tags: {'generator:method': 'wind_turbine', 'generator:source': 'wind', 'generator:type': 'horizontal_axis', 'power': 'generator'}",2026-04-24 03:20:12.861763,https://www.openstreetmap.org/node/2778312965,29.2433286,32.5896268
node/2778313990,2778313990,node,Egypt,generator,Missing output tag,none,"tags: {'generator:method': 'wind_turbine', 'generator:source': 'wind', 'generator:type': 'horizontal_axis', 'power': 'generator'}",2026-04-24 03:20:12.861780,https://www.openstreetmap.org/node/2778313990,29.2814753,32.5850652
node/2778311993,2778311993,node,Egypt,generator,Capacity regex no match,850 kW,Tag 'generator:output:electricity' has value '850 kW' which could not be parsed,2026-04-24 03:20:12.861795,https://www.openstreetmap.org/node/2778311993,29.1997717,32.5280814
node/1316378326,1316378326,node,Egypt,generator,Missing output tag,none,"tags: {'frequency': '50', 'generator:method': 'wind_turbine', 'generator:source': 'wind', 'generator:type': 'horizontal_axis', 'power': 'generator'}",2026-04-24 03:20:12.861816,https://www.openstreetmap.org/node/1316378326,29.2156625,32.5812789
node/1316378327,1316378327,node,Egypt,generator,Missing output tag,none,"tags: {'frequency': '50', 'generator:method': 'wind_turbine', 'generator:source': 'wind', 'generator:type': 'horizontal_axis', 'power': 'generator'}",2026-04-24 03:20:12.861832,https://www.openstreetmap.org/node/1316378327,29.189244,32.6054949
node/2778313016,2778313016,node,Egypt,generator,Missing output tag,none,"tags: {'generator:method': 'wind_turbine', 'generator:source': 'wind', 'generator:type': 'horizontal_axis', 'power': 'generator'}",2026-04-24 03:20:12.861849,https://www.openstreetmap.org/node/2778313016,29.2438918,32.5952582
node/1316378324,1316378324,node,Egypt,generator,Capacity regex no match,600 kW,Tag 'generator:output:electricity' has value '600 kW' which could not be parsed,2026-04-24 03:20:12.861863,https://www.openstreetmap.org/node/1316378324,29.1586156,32.6299904
node/2778310971,2778310971,node,Egypt,generator,Capacity regex no match,850 kW,Tag 'generator:output:electricity' has value '850 kW' which could not be parsed,2026-04-24 03:20:12.861881,https://www.openstreetmap.org/node/2778310971,29.1703662,32.5928918
node/1316378325,1316378325,node,Egypt,generator,Missing output tag,none,"tags: {'frequency': '50', 'generator:method': 'wind_turbine', 'generator:source': 'wind', 'generator:type': 'horizontal_axis', 'power': 'generator'}",2026-04-24 03:20:12.861902,https://www.openstreetmap.org/node/1316378325,29.2063196,32.5994239
node/2778311994,2778311994,node,Egypt,generator,Capacity regex no match,850 kW,Tag 'generator:output:electricity' has value '850 kW' which could not be parsed,2026-04-24 03:20:12.861917,https://www.openstreetmap.org/node/2778311994,29.1998054,32.530536
node/2778313018,2778313018,node,Egypt,generator,Missing output tag,none,"tags: {'generator:method': 'wind_turbine', 'generator:source': 'wind', 'generator:type': 'horizontal_axis', 'power': 'generator'}",2026-04-24 03:20:12.861938,https://www.openstreetmap.org/node/2778313018,29.2438931,32.5933978
node/1316378322,1316378322,node,Egypt,generator,Missing output tag,none,"tags: {'frequency': '50', 'generator:method': 'wind_turbine', 'generator:source': 'wind', 'generator:type': 'horizontal_axis', 'power': 'generator'}",2026-04-24 03:20:12.861956,https://www.openstreetmap.org/node/1316378322,29.2004059,32.6059153
node/1316378323,1316378323,node,Egypt,generator,Missing output tag,none,"tags: {'frequency': '50', 'generator:method': 'wind_turbine', 'generator:source': 'wind', 'generator:type': 'horizontal_axis', 'power': 'generator'}",2026-04-24 03:20:12.861974,https://www.openstreetmap.org/node/1316378323,29.1885949,32.621449
node/2778310972,2778310972,node,Egypt,generator,Capacity regex no match,850 kW,Tag 'generator:output:electricity' has value '850 kW' which could not be parsed,2026-04-24 03:20:12.861989,https://www.openstreetmap.org/node/2778310972,29.1703874,32.5910231
node/2778310975,2778310975,node,Egypt,generator,Capacity regex no match,850 kW,Tag 'generator:output:electricity' has value '850 kW' which could not be parsed,2026-04-24 03:20:12.862008,https://www.openstreetmap.org/node/2778310975,29.1704175,32.5872868
node/1316378320,1316378320,node,Egypt,generator,Capacity regex no match,660 kW,Tag 'generator:output:electricity' has value '660 kW' which could not be parsed,2026-04-24 03:20:12.862026,https://www.openstreetmap.org/node/1316378320,29.1791866,32.6072959
node/2778313022,2778313022,node,Egypt,generator,Missing output tag,none,"tags: {'generator:method': 'wind_turbine', 'generator:source': 'wind', 'generator:type': 'horizontal_axis', 'power': 'generator'}",2026-04-24 03:20:12.862047,https://www.openstreetmap.org/node/2778313022,29.2439632,32.5821579
node/1316378321,1316378321,node,Egypt,generator,Capacity regex no match,600 kW,Tag 'generator:output:electricity' has value '600 kW' which could not be parsed,2026-04-24 03:20:12.862077,https://www.openstreetmap.org/node/1316378321,29.1588157,32.6098121
node/2778310974,2778310974,node,Egypt,generator,Capacity regex no match,850 kW,Tag 'generator:output:electricity' has value '850 kW' which could not be parsed,2026-04-24 03:20:12.862098,https://www.openstreetmap.org/node/2778310974,29.1704075,32.589149
node/1316378334,1316378334,node,Egypt,generator,Missing output tag,none,"tags: {'frequency': '50', 'generator:method': 'wind_turbine', 'generator:source': 'wind', 'generator:type': 'horizontal_axis', 'power': 'generator'}",2026-04-24 03:20:12.862121,https://www.openstreetmap.org/node/1316378334,29.2237352,32.6033639
node/2778313009,2778313009,node,Egypt,generator,Missing output tag,none,"tags: {'generator:method': 'wind_turbine', 'generator:source': 'wind', 'generator:type': 'horizontal_axis', 'power': 'generator'}",2026-04-24 03:20:12.862139,https://www.openstreetmap.org/node/2778313009,29.2437642,32.5840298
node/1316378335,1316378335,node,Egypt,generator,Capacity regex no match,660 kW,Tag 'generator:output:electricity' has value '660 kW' which could not be parsed,2026-04-24 03:20:12.862154,https://www.openstreetmap.org/node/1316378335,29.1780515,32.6239794
node/1316378332,1316378332,node,Egypt,generator,Missing output tag,none,"tags: {'frequency': '50', 'generator:method': 'wind_turbine', 'generator:source': 'wind', 'generator:type': 'horizontal_axis', 'power': 'generator'}",2026-04-24 03:20:12.862176,https://www.openstreetmap.org/node/1316378332,29.1961118,32.5998895
node/1316378333,1316378333,node,Egypt,generator,Capacity regex no match,600 kW,Tag 'generator:output:electricity' has value '600 kW' which could not be parsed,2026-04-24 03:20:12.862190,https://www.openstreetmap.org/node/1316378333,29.1647495,32.5993522
node/1316378330,1316378330,node,Egypt,generator,Missing output tag,none,"tags: {'frequency': '50', 'generator:method': 'wind_turbine', 'generator:source': 'wind', 'generator:type': 'horizontal_axis', 'power': 'generator'}",2026-04-24 03:20:12.862212,https://www.openstreetmap.org/node/1316378330,29.2165946,32.610921
node/1316378331,1316378331,node,Egypt,generator,Capacity regex no match,660 kW,Tag 'generator:output:electricity' has value '660 kW' which could not be parsed,2026-04-24 03:20:12.862226,https://www.openstreetmap.org/node/1316378331,29.1716259,32.6161492
node/2778311988,2778311988,node,Egypt,generator,Capacity regex no match,850 kW,Tag 'generator:output:electricity' has value '850 kW' which could not be parsed,2026-04-24 03:20:12.862243,https://www.openstreetmap.org/node/2778311988,29.1996584,32.5232393
node/1316378328,1316378328,node,Egypt,generator,Capacity regex no match,600 kW,Tag 'generator:output:electricity' has value '600 kW' which could not be parsed,2026-04-24 03:20:12.862260,https://www.openstreetmap.org/node/1316378328,29.1655496,32.6182216
node/2778311990,2778311990,node,Egypt,generator,Capacity regex no match,850 kW,Tag 'generator:output:electricity' has value '850 kW' which could not be parsed,2026-04-24 03:20:12.862277,https://www.openstreetmap.org/node/2778311990,29.1996991,32.5256492
node/1316378329,1316378329,node,Egypt,generator,Missing output tag,none,"tags: {'frequency': '50', 'generator:method': 'wind_turbine', 'generator:source': 'wind', 'generator:type': 'horizontal_axis', 'power': 'generator'}",2026-04-24 03:20:12.862299,https://www.openstreetmap.org/node/1316378329,29.2110624,32.6024252
node/1316378310,1316378310,node,Egypt,generator,Missing output tag,none,"tags: {'frequency': '50', 'generator:method': 'wind_turbine', 'generator:source': 'wind', 'generator:type': 'horizontal_axis', 'power': 'generator'}",2026-04-24 03:20:12.862317,https://www.openstreetmap.org/node/1316378310,29.1898046,32.6014252
node/1316378311,1316378311,node,Egypt,generator,Capacity regex no match,600 kW,Tag 'generator:output:electricity' has value '600 kW' which could not be parsed,2026-04-24 03:20:12.862331,https://www.openstreetmap.org/node/1316378311,29.1654353,32.6236315
node/2778314024,2778314024,node,Egypt,generator,Missing output tag,none,"tags: {'generator:method': 'wind_turbine', 'generator:source': 'wind', 'generator:type': 'horizontal_axis', 'power': 'generator'}",2026-04-24 03:20:12.862353,https://www.openstreetmap.org/node/2778314024,29.2816159,32.5802543
node/1316378308,1316378308,node,Egypt,generator,Missing output tag,none,"tags: {'frequency': '50', 'generator:method': 'wind_turbine', 'generator:source': 'wind', 'generator:type': 'horizontal_axis', 'power': 'generator'}",2026-04-24 03:20:12.862370,https://www.openstreetmap.org/node/1316378308,29.2061521,32.5921859
node/2778310954,2778310954,node,Egypt,generator,Capacity regex no match,850 kW,Tag 'generator:output:electricity' has value '850 kW' which could not be parsed,2026-04-24 03:20:12.862384,https://www.openstreetmap.org/node/2778310954,29.1653489,32.5399716
node/1316378309,1316378309,node,Egypt,generator,Missing output tag,none,"tags: {'frequency': '50', 'generator:method': 'wind_turbine', 'generator:source': 'wind', 'generator:type': 'horizontal_axis', 'power': 'generator'}",2026-04-24 03:20:12.862405,https://www.openstreetmap.org/node/1316378309,29.2101425,32.5820513
node/1316378306,1316378306,node,Egypt,generator,Missing output tag,none,"tags: {'frequency': '50', 'generator:method': 'wind_turbine', 'generator:source': 'wind', 'generator:type': 'horizontal_axis', 'power': 'generator'}",2026-04-24 03:20:12.862422,https://www.openstreetmap.org/node/1316378306,29.188214,32.6260823
node/1316378307,1316378307,node,Egypt,generator,Capacity regex no match,600 kW,Tag 'generator:output:electricity' has value '600 kW' which could not be parsed,2026-04-24 03:20:12.862436,https://www.openstreetmap.org/node/1316378307,29.1588442,32.625573
node/2778315052,2778315052,node,Egypt,generator,Missing output tag,none,"tags: {'generator:method': 'wind_turbine', 'generator:source': 'wind', 'generator:type': 'horizontal_axis', 'power': 'generator'}",2026-04-24 03:20:12.862457,https://www.openstreetmap.org/node/2778315052,29.3081161,32.5840605
node/2778315055,2778315055,node,Egypt,generator,Missing output tag,none,"tags: {'generator:method': 'wind_turbine', 'generator:source': 'wind', 'generator:type': 'horizontal_axis', 'power': 'generator'}",2026-04-24 03:20:12.862475,https://www.openstreetmap.org/node/2778315055,29.3081975,32.5824661
node/1316378304,1316378304,node,Egypt,generator,Capacity regex no match,600 kW,Tag 'generator:output:electricity' has value '600 kW' which could not be parsed,2026-04-24 03:20:12.862489,https://www.openstreetmap.org/node/1316378304,29.1585299,32.6054057
node/1316378305,1316378305,node,Egypt,generator,Missing output tag,none,"tags: {'frequency': '50', 'generator:method': 'wind_turbine', 'generator:source': 'wind', 'generator:type': 'horizontal_axis', 'power': 'generator'}",2026-04-24 03:20:12.862510,https://www.openstreetmap.org/node/1316378305,29.2004821,32.6017766
node/2778310945,2778310945,node,Egypt,generator,Capacity regex no match,850 kW,Tag 'generator:output:electricity' has value '850 kW' which could not be parsed,2026-04-24 03:20:12.862524,https://www.openstreetmap.org/node/2778310945,29.1651735,32.532322
node/1316378318,1316378318,node,Egypt,generator,Capacity regex no match,660 kW,Tag 'generator:output:electricity' has value '660 kW' which could not be parsed,2026-04-24 03:20:12.862542,https://www.openstreetmap.org/node/1316378318,29.1771982,32.6289007
node/1316378319,1316378319,node,Egypt,generator,Missing output tag,none,"tags: {'frequency': '50', 'generator:method': 'wind_turbine', 'generator:source': 'wind', 'generator:type': 'horizontal_axis', 'power': 'generator'}",2026-04-24 03:20:12.862563,https://www.openstreetmap.org/node/1316378319,29.1948565,32.6145975
node/2778310947,2778310947,node,Egypt,generator,Capacity regex no match,850 kW,Tag 'generator:output:electricity' has value '850 kW' which could not be parsed,2026-04-24 03:20:12.862577,https://www.openstreetmap.org/node/2778310947,29.1652236,32.5285739
node/1316378316,1316378316,node,Egypt,generator,Capacity regex no match,600 kW,Tag 'generator:output:electricity' has value '600 kW' which could not be parsed,2026-04-24 03:20:12.862595,https://www.openstreetmap.org/node/1316378316,29.1650924,32.6036823
node/1316378317,1316378317,node,Egypt,generator,Missing output tag,none,"tags: {'frequency': '50', 'generator:method': 'wind_turbine', 'generator:source': 'wind', 'generator:type': 'horizontal_axis', 'power': 'generator'}",2026-04-24 03:20:12.862617,https://www.openstreetmap.org/node/1316378317,29.2237233,32.5969771
node/1316378314,1316378314,node,Egypt,generator,Capacity regex no match,660 kW,Tag 'generator:output:electricity' has value '660 kW' which could not be parsed,2026-04-24 03:20:12.862634,https://www.openstreetmap.org/node/1316378314,29.171683,32.6129316
node/2778312997,2778312997,node,Egypt,generator,Missing output tag,none,"tags: {'generator:method': 'wind_turbine', 'generator:source': 'wind', 'generator:type': 'horizontal_axis', 'power': 'generator'}",2026-04-24 03:20:12.862656,https://www.openstreetmap.org/node/2778312997,29.2436653,32.5971244
node/1316378315,1316378315,node,Egypt,generator,Missing output tag,none,"tags: {'frequency': '50', 'generator:method': 'wind_turbine', 'generator:source': 'wind', 'generator:type': 'horizontal_axis', 'power': 'generator'}",2026-04-24 03:20:12.862674,https://www.openstreetmap.org/node/1316378315,29.1956974,32.595757
node/1316378312,1316378312,node,Egypt,generator,Missing output tag,none,"tags: {'frequency': '50', 'generator:method': 'wind_turbine', 'generator:source': 'wind', 'generator:type': 'horizontal_axis', 'power': 'generator'}",2026-04-24 03:20:12.862692,https://www.openstreetmap.org/node/1316378312,29.2099689,32.6080578
node/2778310951,2778310951,node,Egypt,generator,Capacity regex no match,850 kW,Tag 'generator:output:electricity' has value '850 kW' which could not be parsed,2026-04-24 03:20:12.862706,https://www.openstreetmap.org/node/2778310951,29.1652437,32.5267106
node/1316378313,1316378313,node,Egypt,generator,Missing output tag,none,"tags: {'frequency': '50', 'generator:method': 'wind_turbine', 'generator:source': 'wind', 'generator:type': 'horizontal_axis', 'power': 'generator'}",2026-04-24 03:20:12.862728,https://www.openstreetmap.org/node/1316378313,29.2161468,32.6028673
node/1316378294,1316378294,node,Egypt,generator,Missing output tag,none,"tags: {'frequency': '50', 'generator:method': 'wind_turbine', 'generator:source': 'wind', 'generator:type': 'horizontal_axis', 'power': 'generator'}",2026-04-24 03:20:12.862746,https://www.openstreetmap.org/node/1316378294,29.2111112,32.6137777
node/2778312025,2778312025,node,Egypt,generator,Capacity regex no match,850 kW,Tag 'generator:output:electricity' has value '850 kW' which could not be parsed,2026-04-24 03:20:12.862760,https://www.openstreetmap.org/node/2778312025,29.2001595,32.5401553
node/2778311000,2778311000,node,Egypt,generator,Capacity regex no match,850 kW,Tag 'generator:output:electricity' has value '850 kW' which could not be parsed,2026-04-24 03:20:12.862777,https://www.openstreetmap.org/node/2778311000,29.1707017,32.5629734
node/1316378295,1316378295,node,Egypt,generator,Missing output tag,none,"tags: {'frequency': '50', 'generator:method': 'wind_turbine', 'generator:source': 'wind', 'generator:type': 'horizontal_axis', 'power': 'generator'}",2026-04-24 03:20:12.862799,https://www.openstreetmap.org/node/1316378295,29.2166555,32.6127297
node/2778313051,2778313051,node,Egypt,generator,Missing output tag,none,"tags: {'generator:method': 'wind_turbine', 'generator:source': 'wind', 'generator:type': 'horizontal_axis', 'power': 'generator'}",2026-04-24 03:20:12.862817,https://www.openstreetmap.org/node/2778313051,29.2475568,32.5851492
node/2778311003,2778311003,node,Egypt,generator,Capacity regex no match,850 kW,Tag 'generator:output:electricity' has value '850 kW' which could not be parsed,2026-04-24 03:20:12.862831,https://www.openstreetmap.org/node/2778311003,29.1707318,32.5610889
node/1316378292,1316378292,node,Egypt,generator,Missing output tag,none,"tags: {'frequency': '50', 'generator:method': 'wind_turbine', 'generator:source': 'wind', 'generator:type': 'horizontal_axis', 'power': 'generator'}",2026-04-24 03:20:12.862852,https://www.openstreetmap.org/node/1316378292,29.1899631,32.5970763
node/1316378293,1316378293,node,Egypt,generator,Capacity regex no match,600 kW,Tag 'generator:output:electricity' has value '600 kW' which could not be parsed,2026-04-24 03:20:12.862866,https://www.openstreetmap.org/node/1316378293,29.1651686,32.6280707
node/2778314077,2778314077,node,Egypt,generator,Missing output tag,none,"tags: {'generator:method': 'wind_turbine', 'generator:source': 'wind', 'generator:type': 'horizontal_axis', 'power': 'generator'}",2026-04-24 03:20:12.862888,https://www.openstreetmap.org/node/2778314077,29.281785,32.5754425
node/1316378290,1316378290,node,Egypt,generator,Capacity regex no match,600 kW,Tag 'generator:output:electricity' has value '600 kW' which could not be parsed,2026-04-24 03:20:12.862902,https://www.openstreetmap.org/node/1316378290,29.1589776,32.6211774
node/1316378291,1316378291,node,Egypt,generator,Missing output tag,none,"tags: {'frequency': '50', 'generator:method': 'wind_turbine', 'generator:source': 'wind', 'generator:type': 'horizontal_axis', 'power': 'generator'}",2026-04-24 03:20:12.862924,https://www.openstreetmap.org/node/1316378291,29.2054088,32.5826132
node/1316378288,1316378288,node,Egypt,generator,Missing output tag,none,"tags: {'frequency': '50', 'generator:method': 'wind_turbine', 'generator:source': 'wind', 'generator:type': 'horizontal_axis', 'power': 'generator'}",2026-04-24 03:20:12.862942,https://www.openstreetmap.org/node/1316378288,29.2004583,32.5963673
node/2778312031,2778312031,node,Egypt,generator,Capacity regex no match,850 kW,Tag 'generator:output:electricity' has value '850 kW' which could not be parsed,2026-04-24 03:20:12.862956,https://www.openstreetmap.org/node/2778312031,29.2002605,32.542549
node/1316378289,1316378289,node,Egypt,generator,Capacity regex no match,660 kW,Tag 'generator:output:electricity' has value '660 kW' which could not be parsed,2026-04-24 03:20:12.862974,https://www.openstreetmap.org/node/1316378289,29.1813502,32.5964498
node/1316378302,1316378302,node,Egypt,generator,Missing output tag,none,"tags: {'frequency': '50', 'generator:method': 'wind_turbine', 'generator:source': 'wind', 'generator:type': 'horizontal_axis', 'power': 'generator'}",2026-04-24 03:20:12.862996,https://www.openstreetmap.org/node/1316378302,29.1932112,32.6097111
node/2778310993,2778310993,node,Egypt,generator,Capacity regex no match,850 kW,Tag 'generator:output:electricity' has value '850 kW' which could not be parsed,2026-04-24 03:20:12.863010,https://www.openstreetmap.org/node/2778310993,29.1706202,32.5704405
node/2778310992,2778310992,node,Egypt,generator,Capacity regex no match,850 kW,Tag 'generator:output:electricity' has value '850 kW' which could not be parsed,2026-04-24 03:20:12.863027,https://www.openstreetmap.org/node/2778310992,29.170606,32.5723048
node/1316378303,1316378303,node,Egypt,generator,Capacity regex no match,660 kW,Tag 'generator:output:electricity' has value '660 kW' which could not be parsed,2026-04-24 03:20:12.863044,https://www.openstreetmap.org/node/1316378303,29.1793847,32.6120863
node/1316378300,1316378300,node,Egypt,generator,Missing output tag,none,"tags: {'frequency': '50', 'generator:method': 'wind_turbine', 'generator:source': 'wind', 'generator:type': 'horizontal_axis', 'power': 'generator'}",2026-04-24 03:20:12.863080,https://www.openstreetmap.org/node/1316378300,29.2236698,32.5908017
node/2778310995,2778310995,node,Egypt,generator,Capacity regex no match,850 kW,Tag 'generator:output:electricity' has value '850 kW' which could not be parsed,2026-04-24 03:20:12.863096,https://www.openstreetmap.org/node/2778310995,29.170645,32.5685743
node/1316378301,1316378301,node,Egypt,generator,Capacity regex no match,660 kW,Tag 'generator:output:electricity' has value '660 kW' which could not be parsed,2026-04-24 03:20:12.863114,https://www.openstreetmap.org/node/1316378301,29.1711783,32.6279507
node/2778314066,2778314066,node,Egypt,generator,Missing output tag,none,"tags: {'generator:method': 'wind_turbine', 'generator:source': 'wind', 'generator:type': 'horizontal_axis', 'power': 'generator'}",2026-04-24 03:20:12.863137,https://www.openstreetmap.org/node/2778314066,29.2817271,32.5770304
node/1316378298,1316378298,node,Egypt,generator,Capacity regex no match,600 kW,Tag 'generator:output:electricity' has value '600 kW' which could not be parsed,2026-04-24 03:20:12.863152,https://www.openstreetmap.org/node/1316378298,29.1653305,32.6080016
node/1316378299,1316378299,node,Egypt,generator,Missing output tag,none,"tags: {'frequency': '50', 'generator:method': 'wind_turbine', 'generator:source': 'wind', 'generator:type': 'horizontal_axis', 'power': 'generator'}",2026-04-24 03:20:12.863175,https://www.openstreetmap.org/node/1316378299,29.2095272,32.5878061
node/2778310996,2778310996,node,Egypt,generator,Capacity regex no match,850 kW,Tag 'generator:output:electricity' has value '850 kW' which could not be parsed,2026-04-24 03:20:12.863189,https://www.openstreetmap.org/node/2778310996,29.1706645,32.5666999
node/1316378296,1316378296,node,Egypt,generator,Capacity regex no match,660 kW,Tag 'generator:output:electricity' has value '660 kW' which could not be parsed,2026-04-24 03:20:12.863207,https://www.openstreetmap.org/node/1316378296,29.1713211,32.6050239
node/2778315094,2778315094,node,Egypt,generator,Missing output tag,none,"tags: {'generator:method': 'wind_turbine', 'generator:source': 'wind', 'generator:type': 'horizontal_axis', 'power': 'generator'}",2026-04-24 03:20:12.863233,https://www.openstreetmap.org/node/2778315094,29.3095678,32.5732565
node/1316378297,1316378297,node,Egypt,generator,Missing output tag,none,"tags: {'frequency': '50', 'generator:method': 'wind_turbine', 'generator:source': 'wind', 'generator:type': 'horizontal_axis', 'power': 'generator'}",2026-04-24 03:20:12.863252,https://www.openstreetmap.org/node/1316378297,29.1951185,32.5918828
node/2778310998,2778310998,node,Egypt,generator,Capacity regex no match,850 kW,Tag 'generator:output:electricity' has value '850 kW' which could not be parsed,2026-04-24 03:20:12.863266,https://www.openstreetmap.org/node/2778310998,29.1706946,32.5648296
node/1316378278,1316378278,node,Egypt,generator,Missing output tag,none,"tags: {'frequency': '50', 'generator:method': 'wind_turbine', 'generator:source': 'wind', 'generator:type': 'horizontal_axis', 'power': 'generator'}",2026-04-24 03:20:12.863289,https://www.openstreetmap.org/node/1316378278,29.2157448,32.5900106
node/2778310984,2778310984,node,Egypt,generator,Capacity regex no match,850 kW,Tag 'generator:output:electricity' has value '850 kW' which could not be parsed,2026-04-24 03:20:12.863303,https://www.openstreetmap.org/node/2778310984,29.1705175,32.5797901
node/1316378279,1316378279,node,Egypt,generator,Missing output tag,none,"tags: {'frequency': '50', 'generator:method': 'wind_turbine', 'generator:source': 'wind', 'generator:type': 'horizontal_axis', 'power': 'generator'}",2026-04-24 03:20:12.863325,https://www.openstreetmap.org/node/1316378279,29.1886894,32.6112818
node/2778310987,2778310987,node,Egypt,generator,Capacity regex no match,850 kW,Tag 'generator:output:electricity' has value '850 kW' which could not be parsed,2026-04-24 03:20:12.863339,https://www.openstreetmap.org/node/2778310987,29.1705387,32.577938
node/1316378276,1316378276,node,Egypt,generator,Capacity regex no match,600 kW,Tag 'generator:output:electricity' has value '600 kW' which could not be parsed,2026-04-24 03:20:12.863356,https://www.openstreetmap.org/node/1316378276,29.1648448,32.6324554
node/2778312010,2778312010,node,Egypt,generator,Capacity regex no match,850 kW,Tag 'generator:output:electricity' has value '850 kW' which could not be parsed,2026-04-24 03:20:12.863374,https://www.openstreetmap.org/node/2778312010,29.1999931,32.5353578
node/1316378277,1316378277,node,Egypt,generator,Missing output tag,none,"tags: {'frequency': '50', 'generator:method': 'wind_turbine', 'generator:source': 'wind', 'generator:type': 'horizontal_axis', 'power': 'generator'}",2026-04-24 03:20:12.863396,https://www.openstreetmap.org/node/1316378277,29.2058139,32.6068399
node/1316378274,1316378274,node,Egypt,generator,Missing output tag,none,"tags: {'frequency': '50', 'generator:method': 'wind_turbine', 'generator:source': 'wind', 'generator:type': 'horizontal_axis', 'power': 'generator'}",2026-04-24 03:20:12.863415,https://www.openstreetmap.org/node/1316378274,29.200187,32.6110683
node/2778310989,2778310989,node,Egypt,generator,Capacity regex no match,850 kW,Tag 'generator:output:electricity' has value '850 kW' which could not be parsed,2026-04-24 03:20:12.863429,https://www.openstreetmap.org/node/2778310989,29.1705617,32.5760434
node/1316378275,1316378275,node,Egypt,generator,Missing output tag,none,"tags: {'frequency': '50', 'generator:method': 'wind_turbine', 'generator:source': 'wind', 'generator:type': 'horizontal_axis', 'power': 'generator'}",2026-04-24 03:20:12.863452,https://www.openstreetmap.org/node/1316378275,29.189768,32.5928251
node/1316378272,1316378272,node,Egypt,generator,Capacity regex no match,660 kW,Tag 'generator:output:electricity' has value '660 kW' which could not be parsed,2026-04-24 03:20:12.863465,https://www.openstreetmap.org/node/1316378272,29.1807408,32.6012053
node/1316378273,1316378273,node,Egypt,generator,Capacity regex no match,600 kW,Tag 'generator:output:electricity' has value '600 kW' which could not be parsed,2026-04-24 03:20:12.863482,https://www.openstreetmap.org/node/1316378273,29.1589966,32.6156475
node/2778312014,2778312014,node,Egypt,generator,Capacity regex no match,850 kW,Tag 'generator:output:electricity' has value '850 kW' which could not be parsed,2026-04-24 03:20:12.863506,https://www.openstreetmap.org/node/2778312014,29.2000657,32.5377535
node/2778310990,2778310990,node,Egypt,generator,Capacity regex no match,850 kW,Tag 'generator:output:electricity' has value '850 kW' which could not be parsed,2026-04-24 03:20:12.863523,https://www.openstreetmap.org/node/2778310990,29.1705812,32.5741751
node/2778310977,2778310977,node,Egypt,generator,Capacity regex no match,850 kW,Tag 'generator:output:electricity' has value '850 kW' which could not be parsed,2026-04-24 03:20:12.863540,https://www.openstreetmap.org/node/2778310977,29.1704484,32.5854071
node/1316378286,1316378286,node,Egypt,generator,Capacity regex no match,660 kW,Tag 'generator:output:electricity' has value '660 kW' which could not be parsed,2026-04-24 03:20:12.863557,https://www.openstreetmap.org/node/1316378286,29.1797961,32.6169465
node/1316378287,1316378287,node,Egypt,generator,Capacity regex no match,600 kW,Tag 'generator:output:electricity' has value '600 kW' which could not be parsed,2026-04-24 03:20:12.863573,https://www.openstreetmap.org/node/1316378287,29.1581775,32.6010101
node/1316378284,1316378284,node,Egypt,generator,Missing output tag,none,"tags: {'frequency': '50', 'generator:method': 'wind_turbine', 'generator:source': 'wind', 'generator:type': 'horizontal_axis', 'power': 'generator'}",2026-04-24 03:20:12.863596,https://www.openstreetmap.org/node/1316378284,29.1959229,32.6047619
node/2778310979,2778310979,node,Egypt,generator,Capacity regex no match,850 kW,Tag 'generator:output:electricity' has value '850 kW' which could not be parsed,2026-04-24 03:20:12.863610,https://www.openstreetmap.org/node/2778310979,29.1704696,32.5834638
node/1316378285,1316378285,node,Egypt,generator,Capacity regex no match,660 kW,Tag 'generator:output:electricity' has value '660 kW' which could not be parsed,2026-04-24 03:20:12.863627,https://www.openstreetmap.org/node/1316378285,29.1709687,32.6002248
node/1316378282,1316378282,node,Egypt,generator,Missing output tag,none,"tags: {'frequency': '50', 'generator:method': 'wind_turbine', 'generator:source': 'wind', 'generator:type': 'horizontal_axis', 'power': 'generator'}",2026-04-24 03:20:12.863650,https://www.openstreetmap.org/node/1316378282,29.2236698,32.5846194
node/2778310980,2778310980,node,Egypt,generator,Capacity regex no match,850 kW,Tag 'generator:output:electricity' has value '850 kW' which could not be parsed,2026-04-24 03:20:12.863663,https://www.openstreetmap.org/node/2778310980,29.1704803,32.5816503
node/2778312004,2778312004,node,Egypt,generator,Capacity regex no match,850 kW,Tag 'generator:output:electricity' has value '850 kW' which could not be parsed,2026-04-24 03:20:12.863680,https://www.openstreetmap.org/node/2778312004,29.1998957,32.5329439
node/1316378283,1316378283,node,Egypt,generator,Capacity regex no match,660 kW,Tag 'generator:output:electricity' has value '660 kW' which could not be parsed,2026-04-24 03:20:12.863696,https://www.openstreetmap.org/node/1316378283,29.1714449,32.6231298
node/1316378280,1316378280,node,Egypt,generator,Capacity regex no match,600 kW,Tag 'generator:output:electricity' has value '600 kW' which could not be parsed,2026-04-24 03:20:12.863713,https://www.openstreetmap.org/node/1316378280,29.1655115,32.6123753
node/2778314055,2778314055,node,Egypt,generator,Missing output tag,none,"tags: {'generator:method': 'wind_turbine', 'generator:source': 'wind', 'generator:type': 'horizontal_axis', 'power': 'generator'}",2026-04-24 03:20:12.863735,https://www.openstreetmap.org/node/2778314055,29.2816819,32.5786308
node/1316378281,1316378281,node,Egypt,generator,Missing output tag,none,"tags: {'frequency': '50', 'generator:method': 'wind_turbine', 'generator:source': 'wind', 'generator:type': 'horizontal_axis', 'power': 'generator'}",2026-04-24 03:20:12.863754,https://www.openstreetmap.org/node/1316378281,29.2107944,32.5942763
node/2778313030,2778313030,node,Egypt,generator,Missing output tag,none,"tags: {'generator:method': 'wind_turbine', 'generator:source': 'wind', 'generator:type': 'horizontal_axis', 'power': 'generator'}",2026-04-24 03:20:12.863773,https://www.openstreetmap.org/node/2778313030,29.2442823,32.5877076
node/2778311033,2778311033,node,Egypt,generator,Capacity regex no match,850 kW,Tag 'generator:output:electricity' has value '850 kW' which could not be parsed,2026-04-24 03:20:12.863786,https://www.openstreetmap.org/node/2778311033,29.1709372,32.5423857
node/1316378263,1316378263,node,Egypt,generator,Missing output tag,none,"tags: {'frequency': '50', 'generator:method': 'wind_turbine', 'generator:source': 'wind', 'generator:type': 'horizontal_axis', 'power': 'generator'}",2026-04-24 03:20:12.863810,https://www.openstreetmap.org/node/1316378263,29.2108431,32.6005372
node/1316378260,1316378260,node,Egypt,generator,Capacity regex no match,600 kW,Tag 'generator:output:electricity' has value '600 kW' which could not be parsed,2026-04-24 03:20:12.863823,https://www.openstreetmap.org/node/1316378260,29.1655305,32.6167382
node/2778311034,2778311034,node,Egypt,generator,Capacity regex no match,850 kW,Tag 'generator:output:electricity' has value '850 kW' which could not be parsed,2026-04-24 03:20:12.863841,https://www.openstreetmap.org/node/2778311034,29.1709567,32.5405093
node/2778312062,2778312062,node,Egypt,generator,Capacity regex no match,850 kW,Tag 'generator:output:electricity' has value '850 kW' which could not be parsed,2026-04-24 03:20:12.863858,https://www.openstreetmap.org/node/2778312062,29.2004145,32.5473912
node/2778315134,2778315134,node,Egypt,generator,Missing output tag,none,"tags: {'generator:method': 'wind_turbine', 'generator:source': 'wind', 'generator:type': 'horizontal_axis', 'power': 'generator'}",2026-04-24 03:20:12.863881,https://www.openstreetmap.org/node/2778315134,29.3106876,32.5910698
node/1316378270,1316378270,node,Egypt,generator,Missing output tag,none,"tags: {'frequency': '50', 'generator:method': 'wind_turbine', 'generator:source': 'wind', 'generator:type': 'horizontal_axis', 'power': 'generator'}",2026-04-24 03:20:12.863900,https://www.openstreetmap.org/node/1316378270,29.1931853,32.623217
node/1316378271,1316378271,node,Egypt,generator,Missing output tag,none,"tags: {'frequency': '50', 'generator:method': 'wind_turbine', 'generator:source': 'wind', 'generator:type': 'horizontal_axis', 'power': 'generator'}",2026-04-24 03:20:12.863919,https://www.openstreetmap.org/node/1316378271,29.2003959,32.5897066
node/1316378268,1316378268,node,Egypt,generator,Missing output tag,none,"tags: {'frequency': '50', 'generator:method': 'wind_turbine', 'generator:source': 'wind', 'generator:type': 'horizontal_axis', 'power': 'generator'}",2026-04-24 03:20:12.863938,https://www.openstreetmap.org/node/1316378268,29.2237471,32.6056677
node/1316378269,1316378269,node,Egypt,generator,Capacity regex no match,660 kW,Tag 'generator:output:electricity' has value '660 kW' which could not be parsed,2026-04-24 03:20:12.863952,https://www.openstreetmap.org/node/1316378269,29.1785238,32.6224699
node/1316378266,1316378266,node,Egypt,generator,Missing output tag,none,"tags: {'frequency': '50', 'generator:method': 'wind_turbine', 'generator:source': 'wind', 'generator:type': 'horizontal_axis', 'power': 'generator'}",2026-04-24 03:20:12.863975,https://www.openstreetmap.org/node/1316378266,29.1962154,32.6010762
node/2778311028,2778311028,node,Egypt,generator,Capacity regex no match,850 kW,Tag 'generator:output:electricity' has value '850 kW' which could not be parsed,2026-04-24 03:20:12.863989,https://www.openstreetmap.org/node/2778311028,29.1708753,32.5479926
node/1316378267,1316378267,node,Egypt,generator,Capacity regex no match,660 kW,Tag 'generator:output:electricity' has value '660 kW' which could not be parsed,2026-04-24 03:20:12.864005,https://www.openstreetmap.org/node/1316378267,29.1705687,32.5952511
node/2778315127,2778315127,node,Egypt,generator,Missing output tag,none,"tags: {'generator:method': 'wind_turbine', 'generator:source': 'wind', 'generator:type': 'horizontal_axis', 'power': 'generator'}",2026-04-24 03:20:12.864028,https://www.openstreetmap.org/node/2778315127,29.3105339,32.5893824
node/2778311031,2778311031,node,Egypt,generator,Capacity regex no match,850 kW,Tag 'generator:output:electricity' has value '850 kW' which could not be parsed,2026-04-24 03:20:12.864042,https://www.openstreetmap.org/node/2778311031,29.170916,32.54425
node/1316378264,1316378264,node,Egypt,generator,Missing output tag,none,"tags: {'frequency': '50', 'generator:method': 'wind_turbine', 'generator:source': 'wind', 'generator:type': 'horizontal_axis', 'power': 'generator'}",2026-04-24 03:20:12.864080,https://www.openstreetmap.org/node/1316378264,29.2246334,32.5785462
node/1316378265,1316378265,node,Egypt,generator,Capacity regex no match,660 kW,Tag 'generator:output:electricity' has value '660 kW' which could not be parsed,2026-04-24 03:20:12.864096,https://www.openstreetmap.org/node/1316378265,29.1715973,32.6176871
node/2778311030,2778311030,node,Egypt,generator,Capacity regex no match,850 kW,Tag 'generator:output:electricity' has value '850 kW' which could not be parsed,2026-04-24 03:20:12.864115,https://www.openstreetmap.org/node/2778311030,29.1709036,32.5461183
node/2778311017,2778311017,node,Egypt,generator,Capacity regex no match,850 kW,Tag 'generator:output:electricity' has value '850 kW' which could not be parsed,2026-04-24 03:20:12.864132,https://www.openstreetmap.org/node/2778311017,29.1708133,32.5536137
node/2778311016,2778311016,node,Egypt,generator,Capacity regex no match,850 kW,Tag 'generator:output:electricity' has value '850 kW' which could not be parsed,2026-04-24 03:20:12.864186,https://www.openstreetmap.org/node/2778311016,29.170792,32.5554597
node/2778313067,2778313067,node,Egypt,generator,Missing output tag,none,"tags: {'generator:method': 'wind_turbine', 'generator:source': 'wind', 'generator:type': 'horizontal_axis', 'power': 'generator'}",2026-04-24 03:20:12.864212,https://www.openstreetmap.org/node/2778313067,29.2478694,32.603895
node/1316378244,1316378244,node,Egypt,generator,Missing output tag,none,"tags: {'frequency': '50', 'generator:method': 'wind_turbine', 'generator:source': 'wind', 'generator:type': 'horizontal_axis', 'power': 'generator'}",2026-04-24 03:20:12.864233,https://www.openstreetmap.org/node/1316378244,29.1887473,32.6197038
node/2778315115,2778315115,node,Egypt,generator,Missing output tag,none,"tags: {'generator:method': 'wind_turbine', 'generator:source': 'wind', 'generator:type': 'horizontal_axis', 'power': 'generator'}",2026-04-24 03:20:12.864253,https://www.openstreetmap.org/node/2778315115,29.3103568,32.5878048
node/1316378242,1316378242,node,Egypt,generator,Capacity regex no match,600 kW,Tag 'generator:output:electricity' has value '600 kW' which could not be parsed,2026-04-24 03:20:12.864266,https://www.openstreetmap.org/node/1316378242,29.1588823,32.6112192
node/2778311020,2778311020,node,Egypt,generator,Capacity regex no match,850 kW,Tag 'generator:output:electricity' has value '850 kW' which could not be parsed,2026-04-24 03:20:12.864284,https://www.openstreetmap.org/node/2778311020,29.1708327,32.5517434
node/1316378243,1316378243,node,Egypt,generator,Missing output tag,none,"tags: {'frequency': '50', 'generator:method': 'wind_turbine', 'generator:source': 'wind', 'generator:type': 'horizontal_axis', 'power': 'generator'}",2026-04-24 03:20:12.864308,https://www.openstreetmap.org/node/1316378243,29.2002488,32.6071804
node/2778312044,2778312044,node,Egypt,generator,Capacity regex no match,850 kW,Tag 'generator:output:electricity' has value '850 kW' which could not be parsed,2026-04-24 03:20:12.864322,https://www.openstreetmap.org/node/2778312044,29.2003313,32.5449833
node/1316378240,1316378240,node,Egypt,generator,Missing output tag,none,"tags: {'frequency': '50', 'generator:method': 'wind_turbine', 'generator:source': 'wind', 'generator:type': 'horizontal_axis', 'power': 'generator'}",2026-04-24 03:20:12.864345,https://www.openstreetmap.org/node/1316378240,29.195667,32.6158401
node/2778313070,2778313070,node,Egypt,generator,Missing output tag,none,"tags: {'generator:method': 'wind_turbine', 'generator:source': 'wind', 'generator:type': 'horizontal_axis', 'power': 'generator'}",2026-04-24 03:20:12.864366,https://www.openstreetmap.org/node/2778313070,29.2482108,32.5870561
node/2778311022,2778311022,node,Egypt,generator,Capacity regex no match,850 kW,Tag 'generator:output:electricity' has value '850 kW' which could not be parsed,2026-04-24 03:20:12.864380,https://www.openstreetmap.org/node/2778311022,29.1708575,32.549865
node/1316378241,1316378241,node,Egypt,generator,Capacity regex no match,660 kW,Tag 'generator:output:electricity' has value '660 kW' which could not be parsed,2026-04-24 03:20:12.864398,https://www.openstreetmap.org/node/1316378241,29.1795599,32.6057427
node/2778315105,2778315105,node,Egypt,generator,Missing output tag,none,"tags: {'generator:method': 'wind_turbine', 'generator:source': 'wind', 'generator:type': 'horizontal_axis', 'power': 'generator'}",2026-04-24 03:20:12.864421,https://www.openstreetmap.org/node/2778315105,29.3097621,32.586335
node/1316378254,1316378254,node,Egypt,generator,Missing output tag,none,"tags: {'frequency': '50', 'generator:method': 'wind_turbine', 'generator:source': 'wind', 'generator:type': 'horizontal_axis', 'power': 'generator'}",2026-04-24 03:20:12.864441,https://www.openstreetmap.org/node/1316378254,29.1887564,32.6069748
node/2778311009,2778311009,node,Egypt,generator,Capacity regex no match,850 kW,Tag 'generator:output:electricity' has value '850 kW' which could not be parsed,2026-04-24 03:20:12.864455,https://www.openstreetmap.org/node/2778311009,29.1707513,32.5592044
node/1316378252,1316378252,node,Egypt,generator,Missing output tag,none,"tags: {'frequency': '50', 'generator:method': 'wind_turbine', 'generator:source': 'wind', 'generator:type': 'horizontal_axis', 'power': 'generator'}",2026-04-24 03:20:12.864478,https://www.openstreetmap.org/node/1316378252,29.2063805,32.6012561
node/1316378253,1316378253,node,Egypt,generator,Missing output tag,none,"tags: {'frequency': '50', 'generator:method': 'wind_turbine', 'generator:source': 'wind', 'generator:type': 'horizontal_axis', 'power': 'generator'}",2026-04-24 03:20:12.864499,https://www.openstreetmap.org/node/1316378253,29.2157021,32.5834566
node/1316378251,1316378251,node,Egypt,generator,Capacity regex no match,600 kW,Tag 'generator:output:electricity' has value '600 kW' which could not be parsed,2026-04-24 03:20:12.864512,https://www.openstreetmap.org/node/1316378251,29.1585204,32.6314083
node/2778311012,2778311012,node,Egypt,generator,Capacity regex no match,850 kW,Tag 'generator:output:electricity' has value '850 kW' which could not be parsed,2026-04-24 03:20:12.864529,https://www.openstreetmap.org/node/2778311012,29.1707654,32.5573361
node/2778313063,2778313063,node,Egypt,generator,Missing output tag,none,"tags: {'generator:method': 'wind_turbine', 'generator:source': 'wind', 'generator:type': 'horizontal_axis', 'power': 'generator'}",2026-04-24 03:20:12.864553,https://www.openstreetmap.org/node/2778313063,29.2478145,32.6020206
node/2778310808,2778310808,node,Egypt,generator,Capacity regex no match,850 kW,Tag 'generator:output:electricity' has value '850 kW' which could not be parsed,2026-04-24 03:20:12.864567,https://www.openstreetmap.org/node/2778310808,29.164551,32.5884356
node/2778310812,2778310812,node,Egypt,generator,Capacity regex no match,850 kW,Tag 'generator:output:electricity' has value '850 kW' which could not be parsed,2026-04-24 03:20:12.864584,https://www.openstreetmap.org/node/2778310812,29.1645786,32.586558
node/2778311838,2778311838,node,Egypt,generator,Capacity regex no match,850 kW,Tag 'generator:output:electricity' has value '850 kW' which could not be parsed,2026-04-24 03:20:12.864600,https://www.openstreetmap.org/node/2778311838,29.194678,32.5621603
node/2778314910,2778314910,node,Egypt,generator,Missing output tag,none,"tags: {'generator:method': 'wind_turbine', 'generator:source': 'wind', 'generator:type': 'horizontal_axis', 'power': 'generator'}",2026-04-24 03:20:12.864624,https://www.openstreetmap.org/node/2778314910,29.3041176,32.5864596
node/2778312862,2778312862,node,Egypt,generator,Missing output tag,none,"tags: {'generator:method': 'wind_turbine', 'generator:source': 'wind', 'generator:type': 'horizontal_axis', 'power': 'generator'}",2026-04-24 03:20:12.864645,https://www.openstreetmap.org/node/2778312862,29.2398601,32.5910933
node/2778312848,2778312848,node,Egypt,generator,Missing output tag,none,"tags: {'generator:method': 'wind_turbine', 'generator:source': 'wind', 'generator:type': 'horizontal_axis', 'power': 'generator'}",2026-04-24 03:20:12.864664,https://www.openstreetmap.org/node/2778312848,29.2387451,32.5929593
node/2778314899,2778314899,node,Egypt,generator,Missing output tag,none,"tags: {'generator:method': 'wind_turbine', 'generator:source': 'wind', 'generator:type': 'horizontal_axis', 'power': 'generator'}",2026-04-24 03:20:12.864684,https://www.openstreetmap.org/node/2778314899,29.3040623,32.5791614
node/2778311829,2778311829,node,Egypt,generator,Capacity regex no match,850 kW,Tag 'generator:output:electricity' has value '850 kW' which could not be parsed,2026-04-24 03:20:12.864697,https://www.openstreetmap.org/node/2778311829,29.194662,32.5812429
node/2778312854,2778312854,node,Egypt,generator,Missing output tag,none,"tags: {'generator:method': 'wind_turbine', 'generator:source': 'wind', 'generator:type': 'horizontal_axis', 'power': 'generator'}",2026-04-24 03:20:12.864721,https://www.openstreetmap.org/node/2778312854,29.2396618,32.581669
node/2778313878,2778313878,node,Egypt,generator,Missing output tag,none,"tags: {'generator:method': 'wind_turbine', 'generator:source': 'wind', 'generator:type': 'horizontal_axis', 'power': 'generator'}",2026-04-24 03:20:12.864741,https://www.openstreetmap.org/node/2778313878,29.2750641,32.5693898
node/2778310796,2778310796,node,Egypt,generator,Capacity regex no match,850 kW,Tag 'generator:output:electricity' has value '850 kW' which could not be parsed,2026-04-24 03:20:12.864754,https://www.openstreetmap.org/node/2778310796,29.1645084,32.5921794
node/2778311820,2778311820,node,Egypt,generator,Capacity regex no match,850 kW,Tag 'generator:output:electricity' has value '850 kW' which could not be parsed,2026-04-24 03:20:12.864771,https://www.openstreetmap.org/node/2778311820,29.1946284,32.5597606
node/2778310799,2778310799,node,Egypt,generator,Capacity regex no match,850 kW,Tag 'generator:output:electricity' has value '850 kW' which could not be parsed,2026-04-24 03:20:12.864788,https://www.openstreetmap.org/node/2778310799,29.164521,32.5903018
node/2778312833,2778312833,node,Egypt,generator,Missing output tag,none,"tags: {'generator:method': 'wind_turbine', 'generator:source': 'wind', 'generator:type': 'horizontal_axis', 'power': 'generator'}",2026-04-24 03:20:12.864812,https://www.openstreetmap.org/node/2778312833,29.2385033,32.5985024
node/2778310785,2778310785,node,Egypt,generator,Capacity regex no match,600 kW,Tag 'generator:output:electricity' has value '600 kW' which could not be parsed,2026-04-24 03:20:12.864826,https://www.openstreetmap.org/node/2778310785,29.1644709,32.5964324
node/2778313857,2778313857,node,Egypt,generator,Missing output tag,none,"tags: {'generator:method': 'wind_turbine', 'generator:source': 'wind', 'generator:type': 'horizontal_axis', 'power': 'generator'}",2026-04-24 03:20:12.864851,https://www.openstreetmap.org/node/2778313857,29.2746396,32.5787771
node/2778310789,2778310789,node,Egypt,generator,Capacity regex no match,850 kW,Tag 'generator:output:electricity' has value '850 kW' which could not be parsed,2026-04-24 03:20:12.864865,https://www.openstreetmap.org/node/2778310789,29.1644721,32.5940484
node/2778312839,2778312839,node,Egypt,generator,Missing output tag,none,"tags: {'generator:method': 'wind_turbine', 'generator:source': 'wind', 'generator:type': 'horizontal_axis', 'power': 'generator'}",2026-04-24 03:20:12.864889,https://www.openstreetmap.org/node/2778312839,29.23859,32.5946644
node/2778311814,2778311814,node,Egypt,generator,Capacity regex no match,850 kW,Tag 'generator:output:electricity' has value '850 kW' which could not be parsed,2026-04-24 03:20:12.864902,https://www.openstreetmap.org/node/2778311814,29.1945894,32.5573466
node/2778312890,2778312890,node,Egypt,generator,Missing output tag,none,"tags: {'generator:method': 'wind_turbine', 'generator:source': 'wind', 'generator:type': 'horizontal_axis', 'power': 'generator'}",2026-04-24 03:20:12.864926,https://www.openstreetmap.org/node/2778312890,29.2405999,32.5892842
node/2778312895,2778312895,node,Egypt,generator,Missing output tag,none,"tags: {'generator:method': 'wind_turbine', 'generator:source': 'wind', 'generator:type': 'horizontal_axis', 'power': 'generator'}",2026-04-24 03:20:12.864947,https://www.openstreetmap.org/node/2778312895,29.2406282,32.5874139
node/2778310846,2778310846,node,Egypt,generator,Capacity regex no match,850 kW,Tag 'generator:output:electricity' has value '850 kW' which could not be parsed,2026-04-24 03:20:12.864960,https://www.openstreetmap.org/node/2778310846,29.1647326,32.5734706
node/2778311870,2778311870,node,Egypt,generator,Capacity regex no match,850 kW,Tag 'generator:output:electricity' has value '850 kW' which could not be parsed,2026-04-24 03:20:12.864977,https://www.openstreetmap.org/node/2778311870,29.1948533,32.5717797
node/2778310835,2778310835,node,Egypt,generator,Capacity regex no match,850 kW,Tag 'generator:output:electricity' has value '850 kW' which could not be parsed,2026-04-24 03:20:12.864993,https://www.openstreetmap.org/node/2778310835,29.1646838,32.57721
node/2778311858,2778311858,node,Egypt,generator,Capacity regex no match,850 kW,Tag 'generator:output:electricity' has value '850 kW' which could not be parsed,2026-04-24 03:20:12.865009,https://www.openstreetmap.org/node/2778311858,29.1947523,32.5693799
node/2778314935,2778314935,node,Egypt,generator,Missing output tag,none,"tags: {'generator:method': 'wind_turbine', 'generator:source': 'wind', 'generator:type': 'horizontal_axis', 'power': 'generator'}",2026-04-24 03:20:12.865032,https://www.openstreetmap.org/node/2778314935,29.3047855,32.5660559
node/2778310838,2778310838,node,Egypt,generator,Capacity regex no match,850 kW,Tag 'generator:output:electricity' has value '850 kW' which could not be parsed,2026-04-24 03:20:12.865046,https://www.openstreetmap.org/node/2778310838,29.1647026,32.575341
node/2778313910,2778313910,node,Egypt,generator,Missing output tag,none,"tags: {'generator:method': 'wind_turbine', 'generator:source': 'wind', 'generator:type': 'horizontal_axis', 'power': 'generator'}",2026-04-24 03:20:12.865085,https://www.openstreetmap.org/node/2778313910,29.2810488,32.5949882
node/2778310824,2778310824,node,Egypt,generator,Capacity regex no match,850 kW,Tag 'generator:output:electricity' has value '850 kW' which could not be parsed,2026-04-24 03:20:12.865101,https://www.openstreetmap.org/node/2778310824,29.164645,32.5809567
node/2778311850,2778311850,node,Egypt,generator,Capacity regex no match,850 kW,Tag 'generator:output:electricity' has value '850 kW' which could not be parsed,2026-04-24 03:20:12.865120,https://www.openstreetmap.org/node/2778311850,29.1947275,32.5645337
node/2778312877,2778312877,node,Egypt,generator,Missing output tag,none,"tags: {'generator:method': 'wind_turbine', 'generator:source': 'wind', 'generator:type': 'horizontal_axis', 'power': 'generator'}",2026-04-24 03:20:12.865145,https://www.openstreetmap.org/node/2778312877,29.2403645,32.5855375
node/2778313901,2778313901,node,Egypt,generator,Missing output tag,none,"tags: {'generator:method': 'wind_turbine', 'generator:source': 'wind', 'generator:type': 'horizontal_axis', 'power': 'generator'}",2026-04-24 03:20:12.865166,https://www.openstreetmap.org/node/2778313901,29.2809827,32.5966256
node/2778310828,2778310828,node,Egypt,generator,Capacity regex no match,850 kW,Tag 'generator:output:electricity' has value '850 kW' which could not be parsed,2026-04-24 03:20:12.865180,https://www.openstreetmap.org/node/2778310828,29.1646612,32.5790791
node/2778311854,2778311854,node,Egypt,generator,Capacity regex no match,850 kW,Tag 'generator:output:electricity' has value '850 kW' which could not be parsed,2026-04-24 03:20:12.865198,https://www.openstreetmap.org/node/2778311854,29.1947506,32.5669721
node/2778314926,2778314926,node,Egypt,generator,Missing output tag,none,"tags: {'generator:method': 'wind_turbine', 'generator:source': 'wind', 'generator:type': 'horizontal_axis', 'power': 'generator'}",2026-04-24 03:20:12.865223,https://www.openstreetmap.org/node/2778314926,29.3044792,32.5815611
node/2778310816,2778310816,node,Egypt,generator,Capacity regex no match,850 kW,Tag 'generator:output:electricity' has value '850 kW' which could not be parsed,2026-04-24 03:20:12.865237,https://www.openstreetmap.org/node/2778310816,29.1645974,32.5846976
node/2778310819,2778310819,node,Egypt,generator,Capacity regex no match,600 kW,Tag 'generator:output:electricity' has value '600 kW' which could not be parsed,2026-04-24 03:20:12.865254,https://www.openstreetmap.org/node/2778310819,29.1646205,32.5978739
node/2778312866,2778312866,node,Egypt,generator,Missing output tag,none,"tags: {'generator:method': 'wind_turbine', 'generator:source': 'wind', 'generator:type': 'horizontal_axis', 'power': 'generator'}",2026-04-24 03:20:12.865279,https://www.openstreetmap.org/node/2778312866,29.2398706,32.5835698
node/2778310818,2778310818,node,Egypt,generator,Capacity regex no match,850 kW,Tag 'generator:output:electricity' has value '850 kW' which could not be parsed,2026-04-24 03:20:12.865294,https://www.openstreetmap.org/node/2778310818,29.1646161,32.5828271
node/2778314914,2778314914,node,Egypt,generator,Missing output tag,none,"tags: {'generator:method': 'wind_turbine', 'generator:source': 'wind', 'generator:type': 'horizontal_axis', 'power': 'generator'}",2026-04-24 03:20:12.865319,https://www.openstreetmap.org/node/2778314914,29.304161,32.5849235
node/2778314970,2778314970,node,Egypt,generator,Missing output tag,none,"tags: {'generator:method': 'wind_turbine', 'generator:source': 'wind', 'generator:type': 'horizontal_axis', 'power': 'generator'}",2026-04-24 03:20:12.865340,https://www.openstreetmap.org/node/2778314970,29.3060501,32.5711162
node/2778310876,2778310876,node,Egypt,generator,Capacity regex no match,850 kW,Tag 'generator:output:electricity' has value '850 kW' which could not be parsed,2026-04-24 03:20:12.865354,https://www.openstreetmap.org/node/2778310876,29.1648742,32.5603702
node/2778314975,2778314975,node,Egypt,generator,Missing output tag,none,"tags: {'generator:method': 'wind_turbine', 'generator:source': 'wind', 'generator:type': 'horizontal_axis', 'power': 'generator'}",2026-04-24 03:20:12.865379,https://www.openstreetmap.org/node/2778314975,29.30627,32.5902589
node/2778312927,2778312927,node,Egypt,generator,Missing output tag,none,"tags: {'generator:method': 'wind_turbine', 'generator:source': 'wind', 'generator:type': 'horizontal_axis', 'power': 'generator'}",2026-04-24 03:20:12.865400,https://www.openstreetmap.org/node/2778312927,29.2429048,32.6046798
node/2778310879,2778310879,node,Egypt,generator,Capacity regex no match,850 kW,Tag 'generator:output:electricity' has value '850 kW' which could not be parsed,2026-04-24 03:20:12.865414,https://www.openstreetmap.org/node/2778310879,29.1648942,32.5584969
node/2778313950,2778313950,node,Egypt,generator,Missing output tag,none,"tags: {'generator:method': 'wind_turbine', 'generator:source': 'wind', 'generator:type': 'horizontal_axis', 'power': 'generator'}",2026-04-24 03:20:12.865438,https://www.openstreetmap.org/node/2778313950,29.2812656,32.5882695
node/2778310865,2778310865,node,Egypt,generator,Capacity regex no match,850 kW,Tag 'generator:output:electricity' has value '850 kW' which could not be parsed,2026-04-24 03:20:12.865452,https://www.openstreetmap.org/node/2778310865,29.1648203,32.5660045
node/2778310871,2778310871,node,Egypt,generator,Capacity regex no match,850 kW,Tag 'generator:output:electricity' has value '850 kW' which could not be parsed,2026-04-24 03:20:12.865469,https://www.openstreetmap.org/node/2778310871,29.1648454,32.5622335
node/2778313942,2778313942,node,Egypt,generator,Missing output tag,none,"tags: {'generator:method': 'wind_turbine', 'generator:source': 'wind', 'generator:type': 'horizontal_axis', 'power': 'generator'}",2026-04-24 03:20:12.865494,https://www.openstreetmap.org/node/2778313942,29.281226,32.5899009
node/2778313930,2778313930,node,Egypt,generator,Missing output tag,none,"tags: {'generator:method': 'wind_turbine', 'generator:source': 'wind', 'generator:type': 'horizontal_axis', 'power': 'generator'}",2026-04-24 03:20:12.865515,https://www.openstreetmap.org/node/2778313930,29.2811736,32.5914785
node/2778310858,2778310858,node,Egypt,generator,Capacity regex no match,850 kW,Tag 'generator:output:electricity' has value '850 kW' which could not be parsed,2026-04-24 03:20:12.865529,https://www.openstreetmap.org/node/2778310858,29.164784,32.5678563
node/2778311887,2778311887,node,Egypt,generator,Capacity regex no match,850 kW,Tag 'generator:output:electricity' has value '850 kW' which could not be parsed,2026-04-24 03:20:12.865546,https://www.openstreetmap.org/node/2778311887,29.1950268,32.5838536
node/2778314958,2778314958,node,Egypt,generator,Missing output tag,none,"tags: {'generator:method': 'wind_turbine', 'generator:source': 'wind', 'generator:type': 'horizontal_axis', 'power': 'generator'}",2026-04-24 03:20:12.865572,https://www.openstreetmap.org/node/2778314958,29.3058302,32.5694568
node/2778310862,2778310862,node,Egypt,generator,Capacity regex no match,850 kW,Tag 'generator:output:electricity' has value '850 kW' which could not be parsed,2026-04-24 03:20:12.865585,https://www.openstreetmap.org/node/2778310862,29.1648191,32.564114
node/2778310850,2778310850,node,Egypt,generator,Capacity regex no match,850 kW,Tag 'generator:output:electricity' has value '850 kW' which could not be parsed,2026-04-24 03:20:12.865602,https://www.openstreetmap.org/node/2778310850,29.1647364,32.5715929
node/2778313922,2778313922,node,Egypt,generator,Missing output tag,none,"tags: {'generator:method': 'wind_turbine', 'generator:source': 'wind', 'generator:type': 'horizontal_axis', 'power': 'generator'}",2026-04-24 03:20:12.865626,https://www.openstreetmap.org/node/2778313922,29.2811609,32.5935806
node/2778311874,2778311874,node,Egypt,generator,Capacity regex no match,850 kW,Tag 'generator:output:electricity' has value '850 kW' which could not be parsed,2026-04-24 03:20:12.865640,https://www.openstreetmap.org/node/2778311874,29.1948763,32.5742079
node/2778314946,2778314946,node,Egypt,generator,Missing output tag,none,"tags: {'generator:method': 'wind_turbine', 'generator:source': 'wind', 'generator:type': 'horizontal_axis', 'power': 'generator'}",2026-04-24 03:20:12.865664,https://www.openstreetmap.org/node/2778314946,29.3053087,32.567988
node/2778311877,2778311877,node,Egypt,generator,Capacity regex no match,850 kW,Tag 'generator:output:electricity' has value '850 kW' which could not be parsed,2026-04-24 03:20:12.865678,https://www.openstreetmap.org/node/2778311877,29.1949454,32.5790236
node/2778311876,2778311876,node,Egypt,generator,Capacity regex no match,850 kW,Tag 'generator:output:electricity' has value '850 kW' which could not be parsed,2026-04-24 03:20:12.865694,https://www.openstreetmap.org/node/2778311876,29.1949259,32.5765853
node/2778310855,2778310855,node,Egypt,generator,Capacity regex no match,850 kW,Tag 'generator:output:electricity' has value '850 kW' which could not be parsed,2026-04-24 03:20:12.865711,https://www.openstreetmap.org/node/2778310855,29.1647677,32.5697354
node/2778310905,2778310905,node,Egypt,generator,Capacity regex no match,850 kW,Tag 'generator:output:electricity' has value '850 kW' which could not be parsed,2026-04-24 03:20:12.865727,https://www.openstreetmap.org/node/2778310905,29.1649493,32.5528913
node/2778313977,2778313977,node,Egypt,generator,Missing output tag,none,"tags: {'generator:method': 'wind_turbine', 'generator:source': 'wind', 'generator:type': 'horizontal_axis', 'power': 'generator'}",2026-04-24 03:20:12.865752,https://www.openstreetmap.org/node/2778313977,29.2813883,32.5866659
node/2778310907,2778310907,node,Egypt,generator,Capacity regex no match,850 kW,Tag 'generator:output:electricity' has value '850 kW' which could not be parsed,2026-04-24 03:20:12.865765,https://www.openstreetmap.org/node/2778310907,29.1649656,32.5510323
node/2778312957,2778312957,node,Egypt,generator,Missing output tag,none,"tags: {'generator:method': 'wind_turbine', 'generator:source': 'wind', 'generator:type': 'horizontal_axis', 'power': 'generator'}",2026-04-24 03:20:12.865790,https://www.openstreetmap.org/node/2778312957,29.243276,32.6026999
node/2778314992,2778314992,node,Egypt,generator,Missing output tag,none,"tags: {'generator:method': 'wind_turbine', 'generator:source': 'wind', 'generator:type': 'horizontal_axis', 'power': 'generator'}",2026-04-24 03:20:12.865812,https://www.openstreetmap.org/node/2778314992,29.3064942,32.5886693
node/2778312947,2778312947,node,Egypt,generator,Missing output tag,none,"tags: {'generator:method': 'wind_turbine', 'generator:source': 'wind', 'generator:type': 'horizontal_axis', 'power': 'generator'}",2026-04-24 03:20:12.865833,https://www.openstreetmap.org/node/2778312947,29.2432072,32.5990379
node/2778312936,2778312936,node,Egypt,generator,Missing output tag,none,"tags: {'generator:method': 'wind_turbine', 'generator:source': 'wind', 'generator:type': 'horizontal_axis', 'power': 'generator'}",2026-04-24 03:20:12.865855,https://www.openstreetmap.org/node/2778312936,29.2430483,32.6008251
node/2778310894,2778310894,node,Egypt,generator,Capacity regex no match,850 kW,Tag 'generator:output:electricity' has value '850 kW' which could not be parsed,2026-04-24 03:20:12.865868,https://www.openstreetmap.org/node/2778310894,29.1649305,32.5547674
node/2778310883,2778310883,node,Egypt,generator,Capacity regex no match,850 kW,Tag 'generator:output:electricity' has value '850 kW' which could not be parsed,2026-04-24 03:20:12.865885,https://www.openstreetmap.org/node/2778310883,29.1649042,32.5566379
node/2778314978,2778314978,node,Egypt,generator,Missing output tag,none,"tags: {'generator:method': 'wind_turbine', 'generator:source': 'wind', 'generator:type': 'horizontal_axis', 'power': 'generator'}",2026-04-24 03:20:12.865910,https://www.openstreetmap.org/node/2778314978,29.3062868,32.572812
node/2778311711,2778311711,node,Egypt,generator,Capacity regex no match,850 kW,Tag 'generator:output:electricity' has value '850 kW' which could not be parsed,2026-04-24 03:20:12.865924,https://www.openstreetmap.org/node/2778311711,29.194005,32.5258616
node/2778314769,2778314769,node,Egypt,generator,Missing output tag,none,"tags: {'generator:method': 'wind_turbine', 'generator:source': 'wind', 'generator:type': 'horizontal_axis', 'power': 'generator'}",2026-04-24 03:20:12.865949,https://www.openstreetmap.org/node/2778314769,29.3018173,32.5692429
node/2778313745,2778313745,node,Egypt,generator,Missing output tag,none,"tags: {'generator:method': 'wind_turbine', 'generator:source': 'wind', 'generator:type': 'horizontal_axis', 'power': 'generator'}",2026-04-24 03:20:12.865971,https://www.openstreetmap.org/node/2778313745,29.2736372,32.5770885
node/2778312723,2778312723,node,Egypt,generator,Missing output tag,none,"tags: {'generator:method': 'wind_turbine', 'generator:source': 'wind', 'generator:type': 'horizontal_axis', 'power': 'generator'}",2026-04-24 03:20:12.865993,https://www.openstreetmap.org/node/2778312723,29.2343887,32.5814029
node/2778311698,2778311698,node,Egypt,generator,Capacity regex no match,850 kW,Tag 'generator:output:electricity' has value '850 kW' which could not be parsed,2026-04-24 03:20:12.866006,https://www.openstreetmap.org/node/2778311698,29.193936,32.5234445
node/2778310674,2778310674,node,Egypt,generator,Capacity regex no match,850 kW,Tag 'generator:output:electricity' has value '850 kW' which could not be parsed,2026-04-24 03:20:12.866023,https://www.openstreetmap.org/node/2778310674,29.1592551,32.5390523
node/2778310678,2778310678,node,Egypt,generator,Capacity regex no match,850 kW,Tag 'generator:output:electricity' has value '850 kW' which could not be parsed,2026-04-24 03:20:12.866041,https://www.openstreetmap.org/node/2778310678,29.1592834,32.5371881
node/2778312713,2778312713,node,Egypt,generator,Missing output tag,none,"tags: {'generator:method': 'wind_turbine', 'generator:source': 'wind', 'generator:type': 'horizontal_axis', 'power': 'generator'}",2026-04-24 03:20:12.866081,https://www.openstreetmap.org/node/2778312713,29.2342506,32.5851517
node/2778314763,2778314763,node,Egypt,generator,Missing output tag,none,"tags: {'generator:method': 'wind_turbine', 'generator:source': 'wind', 'generator:type': 'horizontal_axis', 'power': 'generator'}",2026-04-24 03:20:12.866104,https://www.openstreetmap.org/node/2778314763,29.3018058,32.5708495
node/2778310666,2778310666,node,Egypt,generator,Capacity regex no match,850 kW,Tag 'generator:output:electricity' has value '850 kW' which could not be parsed,2026-04-24 03:20:12.866119,https://www.openstreetmap.org/node/2778310666,29.1591452,32.54841
node/2778310669,2778310669,node,Egypt,generator,Capacity regex no match,850 kW,Tag 'generator:output:electricity' has value '850 kW' which could not be parsed,2026-04-24 03:20:12.866137,https://www.openstreetmap.org/node/2778310669,29.1592126,32.542795
node/2778310670,2778310670,node,Egypt,generator,Capacity regex no match,850 kW,Tag 'generator:output:electricity' has value '850 kW' which could not be parsed,2026-04-24 03:20:12.866154,https://www.openstreetmap.org/node/2778310670,29.1592267,32.5409246
node/2778310657,2778310657,node,Egypt,generator,Capacity regex no match,850 kW,Tag 'generator:output:electricity' has value '850 kW' which could not be parsed,2026-04-24 03:20:12.866171,https://www.openstreetmap.org/node/2778310657,29.1590815,32.5540189
node/2778310659,2778310659,node,Egypt,generator,Capacity regex no match,850 kW,Tag 'generator:output:electricity' has value '850 kW' which could not be parsed,2026-04-24 03:20:12.866187,https://www.openstreetmap.org/node/2778310659,29.1590992,32.5521567
node/2778310661,2778310661,node,Egypt,generator,Capacity regex no match,850 kW,Tag 'generator:output:electricity' has value '850 kW' which could not be parsed,2026-04-24 03:20:12.866204,https://www.openstreetmap.org/node/2778310661,29.1591169,32.5502722
node/2778310712,2778310712,node,Egypt,generator,Capacity regex no match,850 kW,Tag 'generator:output:electricity' has value '850 kW' which could not be parsed,2026-04-24 03:20:12.866221,https://www.openstreetmap.org/node/2778310712,29.1594511,32.5165891
node/2778314811,2778314811,node,Egypt,generator,Missing output tag,none,"tags: {'generator:method': 'wind_turbine', 'generator:source': 'wind', 'generator:type': 'horizontal_axis', 'power': 'generator'}",2026-04-24 03:20:12.866247,https://www.openstreetmap.org/node/2778314811,29.3023158,32.5723535
node/2778310718,2778310718,node,Egypt,generator,Capacity regex no match,850 kW,Tag 'generator:output:electricity' has value '850 kW' which could not be parsed,2026-04-24 03:20:12.866261,https://www.openstreetmap.org/node/2778310718,29.1595087,32.518012
node/2778314800,2778314800,node,Egypt,generator,Missing output tag,none,"tags: {'generator:method': 'wind_turbine', 'generator:source': 'wind', 'generator:type': 'horizontal_axis', 'power': 'generator'}",2026-04-24 03:20:12.866287,https://www.openstreetmap.org/node/2778314800,29.3020269,32.5748425
node/2778310707,2778310707,node,Egypt,generator,Capacity regex no match,850 kW,Tag 'generator:output:electricity' has value '850 kW' which could not be parsed,2026-04-24 03:20:12.866300,https://www.openstreetmap.org/node/2778310707,29.159401,32.5203845
node/2778312757,2778312757,node,Egypt,generator,Missing output tag,none,"tags: {'generator:method': 'wind_turbine', 'generator:source': 'wind', 'generator:type': 'horizontal_axis', 'power': 'generator'}",2026-04-24 03:20:12.866326,https://www.openstreetmap.org/node/2778312757,29.2347073,32.6024258
node/2778310709,2778310709,node,Egypt,generator,Capacity regex no match,850 kW,Tag 'generator:output:electricity' has value '850 kW' which could not be parsed,2026-04-24 03:20:12.866340,https://www.openstreetmap.org/node/2778310709,29.1594057,32.5259621
node/2778313783,2778313783,node,Egypt,generator,Missing output tag,none,"tags: {'generator:method': 'wind_turbine', 'generator:source': 'wind', 'generator:type': 'horizontal_axis', 'power': 'generator'}",2026-04-24 03:20:12.866367,https://www.openstreetmap.org/node/2778313783,29.2738622,32.5880443
node/2778311735,2778311735,node,Egypt,generator,Capacity regex no match,850 kW,Tag 'generator:output:electricity' has value '850 kW' which could not be parsed,2026-04-24 03:20:12.866381,https://www.openstreetmap.org/node/2778311735,29.1941945,32.5332718
node/2778312744,2778312744,node,Egypt,generator,Missing output tag,none,"tags: {'generator:method': 'wind_turbine', 'generator:source': 'wind', 'generator:type': 'horizontal_axis', 'power': 'generator'}",2026-04-24 03:20:12.866407,https://www.openstreetmap.org/node/2778312744,29.2345702,32.6057606
node/2778310696,2778310696,node,Egypt,generator,Capacity regex no match,850 kW,Tag 'generator:output:electricity' has value '850 kW' which could not be parsed,2026-04-24 03:20:12.866422,https://www.openstreetmap.org/node/2778310696,29.1593206,32.5315649
node/2778312747,2778312747,node,Egypt,generator,Missing output tag,none,"tags: {'generator:method': 'wind_turbine', 'generator:source': 'wind', 'generator:type': 'horizontal_axis', 'power': 'generator'}",2026-04-24 03:20:12.866449,https://www.openstreetmap.org/node/2778312747,29.234617,32.5834011
node/2778310698,2778310698,node,Egypt,generator,Capacity regex no match,850 kW,Tag 'generator:output:electricity' has value '850 kW' which could not be parsed,2026-04-24 03:20:12.866463,https://www.openstreetmap.org/node/2778310698,29.1593525,32.5297027
node/2778310702,2778310702,node,Egypt,generator,Capacity regex no match,850 kW,Tag 'generator:output:electricity' has value '850 kW' which could not be parsed,2026-04-24 03:20:12.866480,https://www.openstreetmap.org/node/2778310702,29.1593738,32.5278527
node/2778313774,2778313774,node,Egypt,generator,Missing output tag,none,"tags: {'generator:method': 'wind_turbine', 'generator:source': 'wind', 'generator:type': 'horizontal_axis', 'power': 'generator'}",2026-04-24 03:20:12.866506,https://www.openstreetmap.org/node/2778313774,29.2738034,32.5917558
node/2778311726,2778311726,node,Egypt,generator,Capacity regex no match,850 kW,Tag 'generator:output:electricity' has value '850 kW' which could not be parsed,2026-04-24 03:20:12.866520,https://www.openstreetmap.org/node/2778311726,29.194129,32.5308579
node/2778310690,2778310690,node,Egypt,generator,Capacity regex no match,850 kW,Tag 'generator:output:electricity' has value '850 kW' which could not be parsed,2026-04-24 03:20:12.866538,https://www.openstreetmap.org/node/2778310690,29.1593011,32.5334434
node/2778310693,2778310693,node,Egypt,generator,Capacity regex no match,850 kW,Tag 'generator:output:electricity' has value '850 kW' which could not be parsed,2026-04-24 03:20:12.866555,https://www.openstreetmap.org/node/2778310693,29.1593118,32.5353096
node/2778311716,2778311716,node,Egypt,generator,Capacity regex no match,850 kW,Tag 'generator:output:electricity' has value '850 kW' which could not be parsed,2026-04-24 03:20:12.866572,https://www.openstreetmap.org/node/2778311716,29.1940493,32.5283425
node/2778313766,2778313766,node,Egypt,generator,Missing output tag,none,"tags: {'generator:method': 'wind_turbine', 'generator:source': 'wind', 'generator:type': 'horizontal_axis', 'power': 'generator'}",2026-04-24 03:20:12.866598,https://www.openstreetmap.org/node/2778313766,29.2737932,32.5899235
node/2778314841,2778314841,node,Egypt,generator,Missing output tag,none,"tags: {'generator:method': 'wind_turbine', 'generator:source': 'wind', 'generator:type': 'horizontal_axis', 'power': 'generator'}",2026-04-24 03:20:12.866622,https://www.openstreetmap.org/node/2778314841,29.3036159,32.5643477
node/2778311774,2778311774,node,Egypt,generator,Capacity regex no match,850 kW,Tag 'generator:output:electricity' has value '850 kW' which could not be parsed,2026-04-24 03:20:12.866636,https://www.openstreetmap.org/node/2778311774,29.1943787,32.545291
node/2778313809,2778313809,node,Egypt,generator,Missing output tag,none,"tags: {'generator:method': 'wind_turbine', 'generator:source': 'wind', 'generator:type': 'horizontal_axis', 'power': 'generator'}",2026-04-24 03:20:12.866662,https://www.openstreetmap.org/node/2778313809,29.2740898,32.584318
node/2778314832,2778314832,node,Egypt,generator,Missing output tag,none,"tags: {'generator:method': 'wind_turbine', 'generator:source': 'wind', 'generator:type': 'horizontal_axis', 'power': 'generator'}",2026-04-24 03:20:12.866685,https://www.openstreetmap.org/node/2778314832,29.3035201,32.5626561
node/2778311764,2778311764,node,Egypt,generator,Capacity regex no match,850 kW,Tag 'generator:output:electricity' has value '850 kW' which could not be parsed,2026-04-24 03:20:12.866698,https://www.openstreetmap.org/node/2778311764,29.194345,32.5429054
node/2778311752,2778311752,node,Egypt,generator,Capacity regex no match,850 kW,Tag 'generator:output:electricity' has value '850 kW' which could not be parsed,2026-04-24 03:20:12.866715,https://www.openstreetmap.org/node/2778311752,29.1942689,32.5380693
node/2778313802,2778313802,node,Egypt,generator,Missing output tag,none,"tags: {'generator:method': 'wind_turbine', 'generator:source': 'wind', 'generator:type': 'horizontal_axis', 'power': 'generator'}",2026-04-24 03:20:12.866741,https://www.openstreetmap.org/node/2778313802,29.2740182,32.5861797
node/2778314829,2778314829,node,Egypt,generator,Missing output tag,none,"tags: {'generator:method': 'wind_turbine', 'generator:source': 'wind', 'generator:type': 'horizontal_axis', 'power': 'generator'}",2026-04-24 03:20:12.866764,https://www.openstreetmap.org/node/2778314829,29.3035175,32.5878154
node/2778311745,2778311745,node,Egypt,generator,Capacity regex no match,850 kW,Tag 'generator:output:electricity' has value '850 kW' which could not be parsed,2026-04-24 03:20:12.866777,https://www.openstreetmap.org/node/2778311745,29.1942193,32.5356615
node/2778312828,2778312828,node,Egypt,generator,Missing output tag,none,"tags: {'generator:method': 'wind_turbine', 'generator:source': 'wind', 'generator:type': 'horizontal_axis', 'power': 'generator'}",2026-04-24 03:20:12.866803,https://www.openstreetmap.org/node/2778312828,29.238429,32.6003829
node/2778311806,2778311806,node,Egypt,generator,Capacity regex no match,850 kW,Tag 'generator:output:electricity' has value '850 kW' which could not be parsed,2026-04-24 03:20:12.866817,https://www.openstreetmap.org/node/2778311806,29.1945629,32.5549408
node/2778312816,2778312816,node,Egypt,generator,Missing output tag,none,"tags: {'generator:method': 'wind_turbine', 'generator:source': 'wind', 'generator:type': 'horizontal_axis', 'power': 'generator'}",2026-04-24 03:20:12.866843,https://www.openstreetmap.org/node/2778312816,29.238275,32.6041195
node/2778311799,2778311799,node,Egypt,generator,Capacity regex no match,850 kW,Tag 'generator:output:electricity' has value '850 kW' which could not be parsed,2026-04-24 03:20:12.866857,https://www.openstreetmap.org/node/2778311799,29.1945115,32.5525106
node/2778312822,2778312822,node,Egypt,generator,Missing output tag,none,"tags: {'generator:method': 'wind_turbine', 'generator:source': 'wind', 'generator:type': 'horizontal_axis', 'power': 'generator'}",2026-04-24 03:20:12.866883,https://www.openstreetmap.org/node/2778312822,29.2383635,32.6022532
node/2778312809,2778312809,node,Egypt,generator,Missing output tag,none,"tags: {'generator:method': 'wind_turbine', 'generator:source': 'wind', 'generator:type': 'horizontal_axis', 'power': 'generator'}",2026-04-24 03:20:12.866905,https://www.openstreetmap.org/node/2778312809,29.2382679,32.5965631
node/2778311784,2778311784,node,Egypt,generator,Capacity regex no match,850 kW,Tag 'generator:output:electricity' has value '850 kW' which could not be parsed,2026-04-24 03:20:12.866918,https://www.openstreetmap.org/node/2778311784,29.1944247,32.5476968
node/2778313834,2778313834,node,Egypt,generator,Missing output tag,none,"tags: {'generator:method': 'wind_turbine', 'generator:source': 'wind', 'generator:type': 'horizontal_axis', 'power': 'generator'}",2026-04-24 03:20:12.866945,https://www.openstreetmap.org/node/2778313834,29.2745066,32.5709993
node/2778311790,2778311790,node,Egypt,generator,Capacity regex no match,850 kW,Tag 'generator:output:electricity' has value '850 kW' which could not be parsed,2026-04-24 03:20:12.866958,https://www.openstreetmap.org/node/2778311790,29.1944584,32.5501331
node/2778313825,2778313825,node,Egypt,generator,Missing output tag,none,"tags: {'generator:method': 'wind_turbine', 'generator:source': 'wind', 'generator:type': 'horizontal_axis', 'power': 'generator'}",2026-04-24 03:20:12.866985,https://www.openstreetmap.org/node/2778313825,29.2744811,32.5824535
node/2778312803,2778312803,node,Egypt,generator,Missing output tag,none,"tags: {'generator:method': 'wind_turbine', 'generator:source': 'wind', 'generator:type': 'horizontal_axis', 'power': 'generator'}",2026-04-24 03:20:12.867008,https://www.openstreetmap.org/node/2778312803,29.2382326,32.6060091
node/2778313624,2778313624,node,Egypt,generator,Missing output tag,none,"tags: {'generator:method': 'wind_turbine', 'generator:source': 'wind', 'generator:type': 'horizontal_axis', 'power': 'generator'}",2026-04-24 03:20:12.867031,https://www.openstreetmap.org/node/2778313624,29.2672066,32.5749827
node/2778313627,2778313627,node,Egypt,generator,Missing output tag,none,"tags: {'generator:method': 'wind_turbine', 'generator:source': 'wind', 'generator:type': 'horizontal_axis', 'power': 'generator'}",2026-04-24 03:20:12.867053,https://www.openstreetmap.org/node/2778313627,29.2672279,32.5824861
node/2778312604,2778312604,node,Egypt,generator,Missing output tag,none,"tags: {'frequency': '50', 'generator:method': 'wind_turbine', 'generator:source': 'wind', 'generator:type': 'horizontal_axis', 'power': 'generator'}",2026-04-24 03:20:12.867119,https://www.openstreetmap.org/node/2778312604,29.23357,32.6095976
node/2778313631,2778313631,node,Egypt,generator,Missing output tag,none,"tags: {'generator:method': 'wind_turbine', 'generator:source': 'wind', 'generator:type': 'horizontal_axis', 'power': 'generator'}",2026-04-24 03:20:12.867146,https://www.openstreetmap.org/node/2778313631,29.2672354,32.5843709
node/2778314642,2778314642,node,Egypt,generator,Missing output tag,none,"tags: {'generator:method': 'wind_turbine', 'generator:source': 'wind', 'generator:type': 'horizontal_axis', 'power': 'generator'}",2026-04-24 03:20:12.867171,https://www.openstreetmap.org/node/2778314642,29.3000209,32.5844774
node/2778313621,2778313621,node,Egypt,generator,Missing output tag,none,"tags: {'generator:method': 'wind_turbine', 'generator:source': 'wind', 'generator:type': 'horizontal_axis', 'power': 'generator'}",2026-04-24 03:20:12.867194,https://www.openstreetmap.org/node/2778313621,29.2671566,32.595486
node/2778314645,2778314645,node,Egypt,generator,Missing output tag,none,"tags: {'generator:method': 'wind_turbine', 'generator:source': 'wind', 'generator:type': 'horizontal_axis', 'power': 'generator'}",2026-04-24 03:20:12.867217,https://www.openstreetmap.org/node/2778314645,29.3000353,32.5828916
node/2778313609,2778313609,node,Egypt,generator,Missing output tag,none,"tags: {'generator:method': 'wind_turbine', 'generator:source': 'wind', 'generator:type': 'horizontal_axis', 'power': 'generator'}",2026-04-24 03:20:12.867240,https://www.openstreetmap.org/node/2778313609,29.2670827,32.5805568
node/2778313608,2778313608,node,Egypt,generator,Missing output tag,none,"tags: {'generator:method': 'wind_turbine', 'generator:source': 'wind', 'generator:type': 'horizontal_axis', 'power': 'generator'}",2026-04-24 03:20:12.867263,https://www.openstreetmap.org/node/2778313608,29.2670477,32.5862313
node/2778314634,2778314634,node,Egypt,generator,Missing output tag,none,"tags: {'generator:method': 'wind_turbine', 'generator:source': 'wind', 'generator:type': 'horizontal_axis', 'power': 'generator'}",2026-04-24 03:20:12.867286,https://www.openstreetmap.org/node/2778314634,29.299974,32.5611016
node/2778314624,2778314624,node,Egypt,generator,Missing output tag,none,"tags: {'generator:method': 'wind_turbine', 'generator:source': 'wind', 'generator:type': 'horizontal_axis', 'power': 'generator'}",2026-04-24 03:20:12.867308,https://www.openstreetmap.org/node/2778314624,29.299717,32.5595023
node/2778312579,2778312579,node,Egypt,generator,Missing output tag,none,"tags: {'frequency': '50', 'generator:method': 'wind_turbine', 'generator:source': 'wind', 'generator:type': 'horizontal_axis', 'power': 'generator'}",2026-04-24 03:20:12.867331,https://www.openstreetmap.org/node/2778312579,29.232953,32.6113045
node/2778313605,2778313605,node,Egypt,generator,Missing output tag,none,"tags: {'generator:method': 'wind_turbine', 'generator:source': 'wind', 'generator:type': 'horizontal_axis', 'power': 'generator'}",2026-04-24 03:20:12.867353,https://www.openstreetmap.org/node/2778313605,29.2670439,32.5918312
node/2778310585,2778310585,node,Egypt,generator,Capacity regex no match,600 kW,Tag 'generator:output:electricity' has value '600 kW' which could not be parsed,2026-04-24 03:20:12.867369,https://www.openstreetmap.org/node/2778310585,29.1578735,32.5980856
node/2778314682,2778314682,node,Egypt,generator,Missing output tag,none,"tags: {'generator:method': 'wind_turbine', 'generator:source': 'wind', 'generator:type': 'horizontal_axis', 'power': 'generator'}",2026-04-24 03:20:12.867399,https://www.openstreetmap.org/node/2778314682,29.3004033,32.5862522
node/2778312626,2778312626,node,Egypt,generator,Missing output tag,none,"tags: {'generator:method': 'wind_turbine', 'generator:source': 'wind', 'generator:type': 'horizontal_axis', 'power': 'generator'}",2026-04-24 03:20:12.867423,https://www.openstreetmap.org/node/2778312626,29.2337815,32.5963878
node/2778313653,2778313653,node,Egypt,generator,Missing output tag,none,"tags: {'generator:method': 'wind_turbine', 'generator:source': 'wind', 'generator:type': 'horizontal_axis', 'power': 'generator'}",2026-04-24 03:20:12.867447,https://www.openstreetmap.org/node/2778313653,29.2682687,32.5712724
node/2778314676,2778314676,node,Egypt,generator,Missing output tag,none,"tags: {'generator:method': 'wind_turbine', 'generator:source': 'wind', 'generator:type': 'horizontal_axis', 'power': 'generator'}",2026-04-24 03:20:12.867470,https://www.openstreetmap.org/node/2778314676,29.3002028,32.562777
node/2778313646,2778313646,node,Egypt,generator,Missing output tag,none,"tags: {'generator:method': 'wind_turbine', 'generator:source': 'wind', 'generator:type': 'horizontal_axis', 'power': 'generator'}",2026-04-24 03:20:12.867493,https://www.openstreetmap.org/node/2778313646,29.2676777,32.5731143
node/2778313634,2778313634,node,Egypt,generator,Missing output tag,none,"tags: {'generator:method': 'wind_turbine', 'generator:source': 'wind', 'generator:type': 'horizontal_axis', 'power': 'generator'}",2026-04-24 03:20:12.867517,https://www.openstreetmap.org/node/2778313634,29.2672617,32.5768604
node/2778312615,2778312615,node,Egypt,generator,Missing output tag,none,"tags: {'generator:method': 'wind_turbine', 'generator:source': 'wind', 'generator:type': 'horizontal_axis', 'power': 'generator'}",2026-04-24 03:20:12.867540,https://www.openstreetmap.org/node/2778312615,29.2336912,32.598246
node/2778313639,2778313639,node,Egypt,generator,Missing output tag,none,"tags: {'generator:method': 'wind_turbine', 'generator:source': 'wind', 'generator:type': 'horizontal_axis', 'power': 'generator'}",2026-04-24 03:20:12.867564,https://www.openstreetmap.org/node/2778313639,29.2673818,32.5787538
node/2778312665,2778312665,node,Egypt,generator,Missing output tag,none,"tags: {'generator:method': 'wind_turbine', 'generator:source': 'wind', 'generator:type': 'horizontal_axis', 'power': 'generator'}",2026-04-24 03:20:12.867587,https://www.openstreetmap.org/node/2778312665,29.2339769,32.6040164
node/2778310616,2778310616,node,Egypt,generator,Capacity regex no match,850 kW,Tag 'generator:output:electricity' has value '850 kW' which could not be parsed,2026-04-24 03:20:12.867602,https://www.openstreetmap.org/node/2778310616,29.1586935,32.5876887
node/2778310619,2778310619,node,Egypt,generator,Capacity regex no match,850 kW,Tag 'generator:output:electricity' has value '850 kW' which could not be parsed,2026-04-24 03:20:12.867621,https://www.openstreetmap.org/node/2778310619,29.1587272,32.5858184
node/2778313691,2778313691,node,Egypt,generator,Missing output tag,none,"tags: {'generator:method': 'wind_turbine', 'generator:source': 'wind', 'generator:type': 'horizontal_axis', 'power': 'generator'}",2026-04-24 03:20:12.867649,https://www.openstreetmap.org/node/2778313691,29.2736264,32.5936879
node/2778310620,2778310620,node,Egypt,generator,Capacity regex no match,850 kW,Tag 'generator:output:electricity' has value '850 kW' which could not be parsed,2026-04-24 03:20:12.867663,https://www.openstreetmap.org/node/2778310620,29.1587343,32.583946
node/2778314716,2778314716,node,Egypt,generator,Missing output tag,none,"tags: {'generator:method': 'wind_turbine', 'generator:source': 'wind', 'generator:type': 'horizontal_axis', 'power': 'generator'}",2026-04-24 03:20:12.867691,https://www.openstreetmap.org/node/2778314716,29.3008496,32.5680468
node/2778310623,2778310623,node,Egypt,generator,Capacity regex no match,850 kW,Tag 'generator:output:electricity' has value '850 kW' which could not be parsed,2026-04-24 03:20:12.867705,https://www.openstreetmap.org/node/2778310623,29.1587644,32.5820737
node/2778310611,2778310611,node,Egypt,generator,Capacity regex no match,850 kW,Tag 'generator:output:electricity' has value '850 kW' which could not be parsed,2026-04-24 03:20:12.867755,https://www.openstreetmap.org/node/2778310611,29.1586262,32.5932997
node/2778310610,2778310610,node,Egypt,generator,Capacity regex no match,850 kW,Tag 'generator:output:electricity' has value '850 kW' which could not be parsed,2026-04-24 03:20:12.867775,https://www.openstreetmap.org/node/2778310610,29.1585996,32.59517
node/2778310613,2778310613,node,Egypt,generator,Capacity regex no match,850 kW,Tag 'generator:output:electricity' has value '850 kW' which could not be parsed,2026-04-24 03:20:12.867795,https://www.openstreetmap.org/node/2778310613,29.1586652,32.5895205
node/2778314709,2778314709,node,Egypt,generator,Missing output tag,none,"tags: {'generator:method': 'wind_turbine', 'generator:source': 'wind', 'generator:type': 'horizontal_axis', 'power': 'generator'}",2026-04-24 03:20:12.867823,https://www.openstreetmap.org/node/2778314709,29.3006758,32.5662804
node/2778310612,2778310612,node,Egypt,generator,Capacity regex no match,850 kW,Tag 'generator:output:electricity' has value '850 kW' which could not be parsed,2026-04-24 03:20:12.867838,https://www.openstreetmap.org/node/2778310612,29.1586581,32.5914151
node/2778314700,2778314700,node,Egypt,generator,Missing output tag,none,"tags: {'generator:method': 'wind_turbine', 'generator:source': 'wind', 'generator:type': 'horizontal_axis', 'power': 'generator'}",2026-04-24 03:20:12.867865,https://www.openstreetmap.org/node/2778314700,29.3006301,32.5899523
node/2778313679,2778313679,node,Egypt,generator,Missing output tag,none,"tags: {'generator:method': 'wind_turbine', 'generator:source': 'wind', 'generator:type': 'horizontal_axis', 'power': 'generator'}",2026-04-24 03:20:12.867889,https://www.openstreetmap.org/node/2778313679,29.273586,32.57479
node/2778312654,2778312654,node,Egypt,generator,Missing output tag,none,"tags: {'generator:method': 'wind_turbine', 'generator:source': 'wind', 'generator:type': 'horizontal_axis', 'power': 'generator'}",2026-04-24 03:20:12.867913,https://www.openstreetmap.org/node/2778312654,29.2339267,32.5926391
node/2778312640,2778312640,node,Egypt,generator,Missing output tag,none,"tags: {'generator:method': 'wind_turbine', 'generator:source': 'wind', 'generator:type': 'horizontal_axis', 'power': 'generator'}",2026-04-24 03:20:12.867936,https://www.openstreetmap.org/node/2778312640,29.2338594,32.5945337
node/2778313669,2778313669,node,Egypt,generator,Missing output tag,none,"tags: {'generator:method': 'wind_turbine', 'generator:source': 'wind', 'generator:type': 'horizontal_axis', 'power': 'generator'}",2026-04-24 03:20:12.867959,https://www.openstreetmap.org/node/2778313669,29.2734971,32.5955505
node/2778310649,2778310649,node,Egypt,generator,Capacity regex no match,850 kW,Tag 'generator:output:electricity' has value '850 kW' which could not be parsed,2026-04-24 03:20:12.867973,https://www.openstreetmap.org/node/2778310649,29.1589876,32.5633563
node/2778310648,2778310648,node,Egypt,generator,Capacity regex no match,850 kW,Tag 'generator:output:electricity' has value '850 kW' which could not be parsed,2026-04-24 03:20:12.867990,https://www.openstreetmap.org/node/2778310648,29.1589876,32.5615063
node/2778310651,2778310651,node,Egypt,generator,Capacity regex no match,850 kW,Tag 'generator:output:electricity' has value '850 kW' which could not be parsed,2026-04-24 03:20:12.868006,https://www.openstreetmap.org/node/2778310651,29.159023,32.5596502
node/2778310652,2778310652,node,Egypt,generator,Capacity regex no match,850 kW,Tag 'generator:output:electricity' has value '850 kW' which could not be parsed,2026-04-24 03:20:12.868023,https://www.openstreetmap.org/node/2778310652,29.1590248,32.5578042
node/2778314751,2778314751,node,Egypt,generator,Missing output tag,none,"tags: {'generator:method': 'wind_turbine', 'generator:source': 'wind', 'generator:type': 'horizontal_axis', 'power': 'generator'}",2026-04-24 03:20:12.868049,https://www.openstreetmap.org/node/2778314751,29.3012954,32.5930619
node/2778312703,2778312703,node,Egypt,generator,Missing output tag,none,"tags: {'generator:method': 'wind_turbine', 'generator:source': 'wind', 'generator:type': 'horizontal_axis', 'power': 'generator'}",2026-04-24 03:20:12.868089,https://www.openstreetmap.org/node/2778312703,29.2341798,32.5870829
node/2778310654,2778310654,node,Egypt,generator,Capacity regex no match,850 kW,Tag 'generator:output:electricity' has value '850 kW' which could not be parsed,2026-04-24 03:20:12.868105,https://www.openstreetmap.org/node/2778310654,29.159046,32.5558791
node/2778310641,2778310641,node,Egypt,generator,Capacity regex no match,850 kW,Tag 'generator:output:electricity' has value '850 kW' which could not be parsed,2026-04-24 03:20:12.868123,https://www.openstreetmap.org/node/2778310641,29.1589185,32.5689815
node/2778312692,2778312692,node,Egypt,generator,Missing output tag,none,"tags: {'generator:method': 'wind_turbine', 'generator:source': 'wind', 'generator:type': 'horizontal_axis', 'power': 'generator'}",2026-04-24 03:20:12.868151,https://www.openstreetmap.org/node/2778312692,29.2341037,32.5889005
node/2778310644,2778310644,node,Egypt,generator,Capacity regex no match,850 kW,Tag 'generator:output:electricity' has value '850 kW' which could not be parsed,2026-04-24 03:20:12.868165,https://www.openstreetmap.org/node/2778310644,29.1589433,32.5670969
node/2778310646,2778310646,node,Egypt,generator,Capacity regex no match,850 kW,Tag 'generator:output:electricity' has value '850 kW' which could not be parsed,2026-04-24 03:20:12.868181,https://www.openstreetmap.org/node/2778310646,29.1589663,32.565255
node/2778310632,2778310632,node,Egypt,generator,Capacity regex no match,850 kW,Tag 'generator:output:electricity' has value '850 kW' which could not be parsed,2026-04-24 03:20:12.868198,https://www.openstreetmap.org/node/2778310632,29.1588476,32.5745965
node/2778312682,2778312682,node,Egypt,generator,Missing output tag,none,"tags: {'generator:method': 'wind_turbine', 'generator:source': 'wind', 'generator:type': 'horizontal_axis', 'power': 'generator'}",2026-04-24 03:20:12.868226,https://www.openstreetmap.org/node/2778312682,29.2340595,32.6076597
node/2778310639,2778310639,node,Egypt,generator,Capacity regex no match,850 kW,Tag 'generator:output:electricity' has value '850 kW' which could not be parsed,2026-04-24 03:20:12.868239,https://www.openstreetmap.org/node/2778310639,29.1588937,32.570866
node/2778310638,2778310638,node,Egypt,generator,Capacity regex no match,850 kW,Tag 'generator:output:electricity' has value '850 kW' which could not be parsed,2026-04-24 03:20:12.868256,https://www.openstreetmap.org/node/2778310638,29.1588778,32.5727343
node/2778312672,2778312672,node,Egypt,generator,Missing output tag,none,"tags: {'generator:method': 'wind_turbine', 'generator:source': 'wind', 'generator:type': 'horizontal_axis', 'power': 'generator'}",2026-04-24 03:20:12.868284,https://www.openstreetmap.org/node/2778312672,29.2339886,32.5908032
node/2778310627,2778310627,node,Egypt,generator,Capacity regex no match,850 kW,Tag 'generator:output:electricity' has value '850 kW' which could not be parsed,2026-04-24 03:20:12.868297,https://www.openstreetmap.org/node/2778310627,29.1587892,32.5802034
node/2778310631,2778310631,node,Egypt,generator,Capacity regex no match,850 kW,Tag 'generator:output:electricity' has value '850 kW' which could not be parsed,2026-04-24 03:20:12.868314,https://www.openstreetmap.org/node/2778310631,29.1588264,32.5764709
node/2778314727,2778314727,node,Egypt,generator,Missing output tag,none,"tags: {'generator:method': 'wind_turbine', 'generator:source': 'wind', 'generator:type': 'horizontal_axis', 'power': 'generator'}",2026-04-24 03:20:12.868342,https://www.openstreetmap.org/node/2778314727,29.3010694,32.5914781
node/2778310630,2778310630,node,Egypt,generator,Capacity regex no match,850 kW,Tag 'generator:output:electricity' has value '850 kW' which could not be parsed,2026-04-24 03:20:12.868356,https://www.openstreetmap.org/node/2778310630,29.1588104,32.5783351
node/2778311451,2778311451,node,Egypt,generator,Capacity regex no match,850 kW,Tag 'generator:output:electricity' has value '850 kW' which could not be parsed,2026-04-24 03:20:12.868374,https://www.openstreetmap.org/node/2778311451,29.1887416,32.5634972
node/2778313498,2778313498,node,Egypt,generator,Missing output tag,none,"tags: {'generator:method': 'wind_turbine', 'generator:source': 'wind', 'generator:type': 'horizontal_axis', 'power': 'generator'}",2026-04-24 03:20:12.868402,https://www.openstreetmap.org/node/2778313498,29.2630835,32.5827165
node/2778312477,2778312477,node,Egypt,generator,Missing output tag,none,"tags: {'frequency': '50', 'generator:method': 'wind_turbine', 'generator:source': 'wind', 'generator:type': 'horizontal_axis', 'power': 'generator'}",2026-04-24 03:20:12.868426,https://www.openstreetmap.org/node/2778312477,29.2293316,32.6058746
node/2778311455,2778311455,node,Egypt,generator,Capacity regex no match,850 kW,Tag 'generator:output:electricity' has value '850 kW' which could not be parsed,2026-04-24 03:20:12.868440,https://www.openstreetmap.org/node/2778311455,29.1887504,32.5682967
node/2778313502,2778313502,node,Egypt,generator,Missing output tag,none,"tags: {'generator:method': 'wind_turbine', 'generator:source': 'wind', 'generator:type': 'horizontal_axis', 'power': 'generator'}",2026-04-24 03:20:12.868467,https://www.openstreetmap.org/node/2778313502,29.263103,32.593979
node/2778311442,2778311442,node,Egypt,generator,Capacity regex no match,850 kW,Tag 'generator:output:electricity' has value '850 kW' which could not be parsed,2026-04-24 03:20:12.868481,https://www.openstreetmap.org/node/2778311442,29.1887292,32.5610832
node/2778312469,2778312469,node,Egypt,generator,Missing output tag,none,"tags: {'frequency': '50', 'generator:method': 'wind_turbine', 'generator:source': 'wind', 'generator:type': 'horizontal_axis', 'power': 'generator'}",2026-04-24 03:20:12.868509,https://www.openstreetmap.org/node/2778312469,29.2292944,32.6021461
node/2778311446,2778311446,node,Egypt,generator,Capacity regex no match,850 kW,Tag 'generator:output:electricity' has value '850 kW' which could not be parsed,2026-04-24 03:20:12.868523,https://www.openstreetmap.org/node/2778311446,29.1887363,32.5732991
node/2778313494,2778313494,node,Egypt,generator,Missing output tag,none,"tags: {'generator:method': 'wind_turbine', 'generator:source': 'wind', 'generator:type': 'horizontal_axis', 'power': 'generator'}",2026-04-24 03:20:12.868551,https://www.openstreetmap.org/node/2778313494,29.2630517,32.6013426
node/2778311434,2778311434,node,Egypt,generator,Capacity regex no match,850 kW,Tag 'generator:output:electricity' has value '850 kW' which could not be parsed,2026-04-24 03:20:12.868564,https://www.openstreetmap.org/node/2778311434,29.1887168,32.5538535
node/2778314509,2778314509,node,Egypt,generator,Missing output tag,none,"tags: {'generator:method': 'wind_turbine', 'generator:source': 'wind', 'generator:type': 'horizontal_axis', 'power': 'generator'}",2026-04-24 03:20:12.868592,https://www.openstreetmap.org/node/2778314509,29.2962761,32.57576
node/2778311438,2778311438,node,Egypt,generator,Capacity regex no match,850 kW,Tag 'generator:output:electricity' has value '850 kW' which could not be parsed,2026-04-24 03:20:12.868607,https://www.openstreetmap.org/node/2778311438,29.1887203,32.5562309
node/2778312449,2778312449,node,Egypt,generator,Missing output tag,none,"tags: {'frequency': '50', 'generator:method': 'wind_turbine', 'generator:source': 'wind', 'generator:type': 'horizontal_axis', 'power': 'generator'}",2026-04-24 03:20:12.868635,https://www.openstreetmap.org/node/2778312449,29.2291431,32.5907939
node/2778314498,2778314498,node,Egypt,generator,Missing output tag,none,"tags: {'generator:method': 'wind_turbine', 'generator:source': 'wind', 'generator:type': 'horizontal_axis', 'power': 'generator'}",2026-04-24 03:20:12.868660,https://www.openstreetmap.org/node/2778314498,29.2959815,32.5742259
node/2778313477,2778313477,node,Egypt,generator,Missing output tag,none,"tags: {'generator:method': 'wind_turbine', 'generator:source': 'wind', 'generator:type': 'horizontal_axis', 'power': 'generator'}",2026-04-24 03:20:12.868684,https://www.openstreetmap.org/node/2778313477,29.2629189,32.5845767
node/2778311429,2778311429,node,Egypt,generator,Capacity regex no match,850 kW,Tag 'generator:output:electricity' has value '850 kW' which could not be parsed,2026-04-24 03:20:12.868698,https://www.openstreetmap.org/node/2778311429,29.1887132,32.5586895
node/2778314552,2778314552,node,Egypt,generator,Missing output tag,none,"tags: {'generator:method': 'wind_turbine', 'generator:source': 'wind', 'generator:type': 'horizontal_axis', 'power': 'generator'}",2026-04-24 03:20:12.868733,https://www.openstreetmap.org/node/2778314552,29.2991169,32.5816705
node/2778311480,2778311480,node,Egypt,generator,Capacity regex no match,850 kW,Tag 'generator:output:electricity' has value '850 kW' which could not be parsed,2026-04-24 03:20:12.868748,https://www.openstreetmap.org/node/2778311480,29.1887876,32.5827278
node/2778311485,2778311485,node,Egypt,generator,Capacity regex no match,850 kW,Tag 'generator:output:electricity' has value '850 kW' which could not be parsed,2026-04-24 03:20:12.868766,https://www.openstreetmap.org/node/2778311485,29.1888036,32.5851337
node/2778313521,2778313521,node,Egypt,generator,Missing output tag,none,"tags: {'generator:method': 'wind_turbine', 'generator:source': 'wind', 'generator:type': 'horizontal_axis', 'power': 'generator'}",2026-04-24 03:20:12.868795,https://www.openstreetmap.org/node/2778313521,29.2632463,32.588364
node/2778311474,2778311474,node,Egypt,generator,Capacity regex no match,850 kW,Tag 'generator:output:electricity' has value '850 kW' which could not be parsed,2026-04-24 03:20:12.868808,https://www.openstreetmap.org/node/2778311474,29.1887788,32.5707087
node/2778312502,2778312502,node,Egypt,generator,Missing output tag,none,"tags: {'frequency': '50', 'generator:method': 'wind_turbine', 'generator:source': 'wind', 'generator:type': 'horizontal_axis', 'power': 'generator'}",2026-04-24 03:20:12.868837,https://www.openstreetmap.org/node/2778312502,29.2293519,32.5851849
node/2778311464,2778311464,node,Egypt,generator,Capacity regex no match,850 kW,Tag 'generator:output:electricity' has value '850 kW' which could not be parsed,2026-04-24 03:20:12.868850,https://www.openstreetmap.org/node/2778311464,29.1887611,32.5658787
node/2778311467,2778311467,node,Egypt,generator,Capacity regex no match,850 kW,Tag 'generator:output:electricity' has value '850 kW' which could not be parsed,2026-04-24 03:20:12.868867,https://www.openstreetmap.org/node/2778311467,29.1887681,32.5755062
node/2778313517,2778313517,node,Egypt,generator,Missing output tag,none,"tags: {'generator:method': 'wind_turbine', 'generator:source': 'wind', 'generator:type': 'horizontal_axis', 'power': 'generator'}",2026-04-24 03:20:12.868895,https://www.openstreetmap.org/node/2778313517,29.2632251,32.5864511
node/2778312494,2778312494,node,Egypt,generator,Missing output tag,none,"tags: {'frequency': '50', 'generator:method': 'wind_turbine', 'generator:source': 'wind', 'generator:type': 'horizontal_axis', 'power': 'generator'}",2026-04-24 03:20:12.868920,https://www.openstreetmap.org/node/2778312494,29.2293484,32.5888789
node/2778311459,2778311459,node,Egypt,generator,Capacity regex no match,850 kW,Tag 'generator:output:electricity' has value '850 kW' which could not be parsed,2026-04-24 03:20:12.868934,https://www.openstreetmap.org/node/2778311459,29.1887504,32.5778106
node/2778312485,2778312485,node,Egypt,generator,Missing output tag,none,"tags: {'frequency': '50', 'generator:method': 'wind_turbine', 'generator:source': 'wind', 'generator:type': 'horizontal_axis', 'power': 'generator'}",2026-04-24 03:20:12.868962,https://www.openstreetmap.org/node/2778312485,29.2293449,32.5870187
node/2778314532,2778314532,node,Egypt,generator,Missing output tag,none,"tags: {'generator:method': 'wind_turbine', 'generator:source': 'wind', 'generator:type': 'horizontal_axis', 'power': 'generator'}",2026-04-24 03:20:12.868987,https://www.openstreetmap.org/node/2778314532,29.2973193,32.5770266
node/2778312537,2778312537,node,Egypt,generator,Missing output tag,none,"tags: {'frequency': '50', 'generator:method': 'wind_turbine', 'generator:source': 'wind', 'generator:type': 'horizontal_axis', 'power': 'generator'}",2026-04-24 03:20:12.869012,https://www.openstreetmap.org/node/2778312537,29.2295467,32.5834586
node/2778313560,2778313560,node,Egypt,generator,Missing output tag,none,"tags: {'generator:method': 'wind_turbine', 'generator:source': 'wind', 'generator:type': 'horizontal_axis', 'power': 'generator'}",2026-04-24 03:20:12.869037,https://www.openstreetmap.org/node/2778313560,29.2667999,32.5900884
node/2778312530,2778312530,node,Egypt,generator,Missing output tag,none,"tags: {'frequency': '50', 'generator:method': 'wind_turbine', 'generator:source': 'wind', 'generator:type': 'horizontal_axis', 'power': 'generator'}",2026-04-24 03:20:12.869079,https://www.openstreetmap.org/node/2778312530,29.2295316,32.6039921
node/2778311491,2778311491,node,Egypt,generator,Capacity regex no match,850 kW,Tag 'generator:output:electricity' has value '850 kW' which could not be parsed,2026-04-24 03:20:12.869096,https://www.openstreetmap.org/node/2778311491,29.1888266,32.5803341
node/2778313538,2778313538,node,Egypt,generator,Missing output tag,none,"tags: {'generator:method': 'wind_turbine', 'generator:source': 'wind', 'generator:type': 'horizontal_axis', 'power': 'generator'}",2026-04-24 03:20:12.869127,https://www.openstreetmap.org/node/2778313538,29.2662781,32.5880874
node/2778312519,2778312519,node,Egypt,generator,Missing output tag,none,"tags: {'frequency': '50', 'generator:method': 'wind_turbine', 'generator:source': 'wind', 'generator:type': 'horizontal_axis', 'power': 'generator'}",2026-04-24 03:20:12.869152,https://www.openstreetmap.org/node/2778312519,29.2294564,32.5813997
node/2778312569,2778312569,node,Egypt,generator,Missing output tag,none,"tags: {'frequency': '50', 'generator:method': 'wind_turbine', 'generator:source': 'wind', 'generator:type': 'horizontal_axis', 'power': 'generator'}",2026-04-24 03:20:12.869177,https://www.openstreetmap.org/node/2778312569,29.2328097,32.6005118
node/2778314618,2778314618,node,Egypt,generator,Missing output tag,none,"tags: {'generator:method': 'wind_turbine', 'generator:source': 'wind', 'generator:type': 'horizontal_axis', 'power': 'generator'}",2026-04-24 03:20:12.869203,https://www.openstreetmap.org/node/2778314618,29.2996267,32.5888267
node/2778313597,2778313597,node,Egypt,generator,Missing output tag,none,"tags: {'generator:method': 'wind_turbine', 'generator:source': 'wind', 'generator:type': 'horizontal_axis', 'power': 'generator'}",2026-04-24 03:20:12.869227,https://www.openstreetmap.org/node/2778313597,29.2669951,32.5937145
node/2778313586,2778313586,node,Egypt,generator,Missing output tag,none,"tags: {'generator:method': 'wind_turbine', 'generator:source': 'wind', 'generator:type': 'horizontal_axis', 'power': 'generator'}",2026-04-24 03:20:12.869251,https://www.openstreetmap.org/node/2778313586,29.2669338,32.5975257
node/2778314603,2778314603,node,Egypt,generator,Missing output tag,none,"tags: {'generator:method': 'wind_turbine', 'generator:source': 'wind', 'generator:type': 'horizontal_axis', 'power': 'generator'}",2026-04-24 03:20:12.869276,https://www.openstreetmap.org/node/2778314603,29.2994614,32.5578515
node/2778313570,2778313570,node,Egypt,generator,Missing output tag,none,"tags: {'generator:method': 'wind_turbine', 'generator:source': 'wind', 'generator:type': 'horizontal_axis', 'power': 'generator'}",2026-04-24 03:20:12.869300,https://www.openstreetmap.org/node/2778313570,29.2668163,32.5993315
node/2778312345,2778312345,node,Egypt,generator,Missing output tag,none,"tags: {'frequency': '50', 'generator:method': 'wind_turbine', 'generator:source': 'wind', 'generator:type': 'horizontal_axis', 'power': 'generator'}",2026-04-24 03:20:12.869324,https://www.openstreetmap.org/node/2778312345,29.2285438,32.6130373
node/2778311325,2778311325,node,Egypt,generator,Capacity regex no match,850 kW,Tag 'generator:output:electricity' has value '850 kW' which could not be parsed,2026-04-24 03:20:12.869338,https://www.openstreetmap.org/node/2778311325,29.1885999,32.5297889
node/2778311313,2778311313,node,Egypt,generator,Capacity regex no match,850 kW,Tag 'generator:output:electricity' has value '850 kW' which could not be parsed,2026-04-24 03:20:12.869355,https://www.openstreetmap.org/node/2778311313,29.1885308,32.5273992
node/2778314387,2778314387,node,Egypt,generator,Missing output tag,none,"tags: {'generator:method': 'wind_turbine', 'generator:source': 'wind', 'generator:type': 'horizontal_axis', 'power': 'generator'}",2026-04-24 03:20:12.869385,https://www.openstreetmap.org/node/2778314387,29.290056,32.5937004
node/2778313366,2778313366,node,Egypt,generator,Missing output tag,none,"tags: {'generator:method': 'wind_turbine', 'generator:source': 'wind', 'generator:type': 'horizontal_axis', 'power': 'generator'}",2026-04-24 03:20:12.869410,https://www.openstreetmap.org/node/2778313366,29.2585026,32.5766714
node/2778314377,2778314377,node,Egypt,generator,Missing output tag,none,"tags: {'generator:method': 'wind_turbine', 'generator:source': 'wind', 'generator:type': 'horizontal_axis', 'power': 'generator'}",2026-04-24 03:20:12.869436,https://www.openstreetmap.org/node/2778314377,29.2899674,32.595278
node/2778313352,2778313352,node,Egypt,generator,Missing output tag,none,"tags: {'generator:method': 'wind_turbine', 'generator:source': 'wind', 'generator:type': 'horizontal_axis', 'power': 'generator'}",2026-04-24 03:20:12.869464,https://www.openstreetmap.org/node/2778313352,29.2582353,32.5861832
node/2778312331,2778312331,node,Egypt,generator,Missing output tag,none,"tags: {'frequency': '50', 'generator:method': 'wind_turbine', 'generator:source': 'wind', 'generator:type': 'horizontal_axis', 'power': 'generator'}",2026-04-24 03:20:12.869490,https://www.openstreetmap.org/node/2778312331,29.22845,32.6094549
node/2778313358,2778313358,node,Egypt,generator,Missing output tag,none,"tags: {'generator:method': 'wind_turbine', 'generator:source': 'wind', 'generator:type': 'horizontal_axis', 'power': 'generator'}",2026-04-24 03:20:12.869515,https://www.openstreetmap.org/node/2778313358,29.258361,32.5899279
node/2778314369,2778314369,node,Egypt,generator,Missing output tag,none,"tags: {'generator:method': 'wind_turbine', 'generator:source': 'wind', 'generator:type': 'horizontal_axis', 'power': 'generator'}",2026-04-24 03:20:12.869541,https://www.openstreetmap.org/node/2778314369,29.2894666,32.587927
node/2778311296,2778311296,node,Egypt,generator,Capacity regex no match,850 kW,Tag 'generator:output:electricity' has value '850 kW' which could not be parsed,2026-04-24 03:20:12.869555,https://www.openstreetmap.org/node/2778311296,29.182567,32.5670482
node/2778313348,2778313348,node,Egypt,generator,Missing output tag,none,"tags: {'generator:method': 'wind_turbine', 'generator:source': 'wind', 'generator:type': 'horizontal_axis', 'power': 'generator'}",2026-04-24 03:20:12.869585,https://www.openstreetmap.org/node/2778313348,29.2581964,32.5880475
node/2778313400,2778313400,node,Egypt,generator,Missing output tag,none,"tags: {'generator:method': 'wind_turbine', 'generator:source': 'wind', 'generator:type': 'horizontal_axis', 'power': 'generator'}",2026-04-24 03:20:12.869611,https://www.openstreetmap.org/node/2778313400,29.258953,32.5918398
node/2778311354,2778311354,node,Egypt,generator,Capacity regex no match,850 kW,Tag 'generator:output:electricity' has value '850 kW' which could not be parsed,2026-04-24 03:20:12.869625,https://www.openstreetmap.org/node/2778311354,29.188653,32.5369942
node/2778314429,2778314429,node,Egypt,generator,Missing output tag,none,"tags: {'generator:method': 'wind_turbine', 'generator:source': 'wind', 'generator:type': 'horizontal_axis', 'power': 'generator'}",2026-04-24 03:20:12.869656,https://www.openstreetmap.org/node/2778314429,29.2940486,32.5684948
node/2778313407,2778313407,node,Egypt,generator,Missing output tag,none,"tags: {'generator:method': 'wind_turbine', 'generator:source': 'wind', 'generator:type': 'horizontal_axis', 'power': 'generator'}",2026-04-24 03:20:12.869682,https://www.openstreetmap.org/node/2778313407,29.2592653,32.578493
node/2778312382,2778312382,node,Egypt,generator,Missing output tag,none,"tags: {'frequency': '50', 'generator:method': 'wind_turbine', 'generator:source': 'wind', 'generator:type': 'horizontal_axis', 'power': 'generator'}",2026-04-24 03:20:12.869707,https://www.openstreetmap.org/node/2778312382,29.2285527,32.6113516
node/2778311346,2778311346,node,Egypt,generator,Capacity regex no match,850 kW,Tag 'generator:output:electricity' has value '850 kW' which could not be parsed,2026-04-24 03:20:12.869721,https://www.openstreetmap.org/node/2778311346,29.1886353,32.5321886
node/2778311351,2778311351,node,Egypt,generator,Capacity regex no match,850 kW,Tag 'generator:output:electricity' has value '850 kW' which could not be parsed,2026-04-24 03:20:12.869738,https://www.openstreetmap.org/node/2778311351,29.188646,32.5346006
node/2778314409,2778314409,node,Egypt,generator,Missing output tag,none,"tags: {'generator:method': 'wind_turbine', 'generator:source': 'wind', 'generator:type': 'horizontal_axis', 'power': 'generator'}",2026-04-24 03:20:12.869768,https://www.openstreetmap.org/node/2778314409,29.293913,32.5606932
node/2778313384,2778313384,node,Egypt,generator,Missing output tag,none,"tags: {'generator:method': 'wind_turbine', 'generator:source': 'wind', 'generator:type': 'horizontal_axis', 'power': 'generator'}",2026-04-24 03:20:12.869793,https://www.openstreetmap.org/node/2778313384,29.258768,32.5824669
node/2778313381,2778313381,node,Egypt,generator,Missing output tag,none,"tags: {'generator:method': 'wind_turbine', 'generator:source': 'wind', 'generator:type': 'horizontal_axis', 'power': 'generator'}",2026-04-24 03:20:12.869819,https://www.openstreetmap.org/node/2778313381,29.2587642,32.5937966
node/2778311385,2778311385,node,Egypt,generator,Capacity regex no match,850 kW,Tag 'generator:output:electricity' has value '850 kW' which could not be parsed,2026-04-24 03:20:12.869832,https://www.openstreetmap.org/node/2778311385,29.1886867,32.5466785
node/2778314456,2778314456,node,Egypt,generator,Missing output tag,none,"tags: {'generator:method': 'wind_turbine', 'generator:source': 'wind', 'generator:type': 'horizontal_axis', 'power': 'generator'}",2026-04-24 03:20:12.869861,https://www.openstreetmap.org/node/2778314456,29.2944782,32.5627574
node/2778313434,2778313434,node,Egypt,generator,Missing output tag,none,"tags: {'generator:method': 'wind_turbine', 'generator:source': 'wind', 'generator:type': 'horizontal_axis', 'power': 'generator'}",2026-04-24 03:20:12.869887,https://www.openstreetmap.org/node/2778313434,29.2623916,32.5995677
node/2778313438,2778313438,node,Egypt,generator,Missing output tag,none,"tags: {'generator:method': 'wind_turbine', 'generator:source': 'wind', 'generator:type': 'horizontal_axis', 'power': 'generator'}",2026-04-24 03:20:12.869913,https://www.openstreetmap.org/node/2778313438,29.2623951,32.5958209
node/2778312405,2778312405,node,Egypt,generator,Missing output tag,none,"tags: {'frequency': '50', 'generator:method': 'wind_turbine', 'generator:source': 'wind', 'generator:type': 'horizontal_axis', 'power': 'generator'}",2026-04-24 03:20:12.869940,https://www.openstreetmap.org/node/2778312405,29.2287492,32.6076252
node/2778314452,2778314452,node,Egypt,generator,Missing output tag,none,"tags: {'generator:method': 'wind_turbine', 'generator:source': 'wind', 'generator:type': 'horizontal_axis', 'power': 'generator'}",2026-04-24 03:20:12.869965,https://www.openstreetmap.org/node/2778314452,29.2944232,32.5648712
node/4262583647,4262583647,node,Egypt,generator,Capacity regex no match,850 kW,Tag 'generator:output:electricity' has value '850 kW' which could not be parsed,2026-04-24 03:20:12.869978,https://www.openstreetmap.org/node/4262583647,29.204881,32.5119634
node/4262583646,4262583646,node,Egypt,generator,Capacity regex no match,850 kW,Tag 'generator:output:electricity' has value '850 kW' which could not be parsed,2026-04-24 03:20:12.869996,https://www.openstreetmap.org/node/4262583646,29.2048435,32.5164481
node/2778311375,2778311375,node,Egypt,generator,Capacity regex no match,850 kW,Tag 'generator:output:electricity' has value '850 kW' which could not be parsed,2026-04-24 03:20:12.870013,https://www.openstreetmap.org/node/2778311375,29.1886778,32.5418141
node/2778311360,2778311360,node,Egypt,generator,Capacity regex no match,850 kW,Tag 'generator:output:electricity' has value '850 kW' which could not be parsed,2026-04-24 03:20:12.870029,https://www.openstreetmap.org/node/2778311360,29.1886601,32.5394163
node/2778312391,2778312391,node,Egypt,generator,Missing output tag,none,"tags: {'frequency': '50', 'generator:method': 'wind_turbine', 'generator:source': 'wind', 'generator:type': 'horizontal_axis', 'power': 'generator'}",2026-04-24 03:20:12.870078,https://www.openstreetmap.org/node/2778312391,29.2286216,32.6150417
node/2778313414,2778313414,node,Egypt,generator,Missing output tag,none,"tags: {'generator:method': 'wind_turbine', 'generator:source': 'wind', 'generator:type': 'horizontal_axis', 'power': 'generator'}",2026-04-24 03:20:12.870107,https://www.openstreetmap.org/node/2778313414,29.2594883,32.5805155
node/2778311366,2778311366,node,Egypt,generator,Capacity regex no match,850 kW,Tag 'generator:output:electricity' has value '850 kW' which could not be parsed,2026-04-24 03:20:12.870122,https://www.openstreetmap.org/node/2778311366,29.1886707,32.5442362
node/2778314438,2778314438,node,Egypt,generator,Missing output tag,none,"tags: {'generator:method': 'wind_turbine', 'generator:source': 'wind', 'generator:type': 'horizontal_axis', 'power': 'generator'}",2026-04-24 03:20:12.870154,https://www.openstreetmap.org/node/2778314438,29.2940818,32.5668809
node/2778312443,2778312443,node,Egypt,generator,Missing output tag,none,"tags: {'frequency': '50', 'generator:method': 'wind_turbine', 'generator:source': 'wind', 'generator:type': 'horizontal_axis', 'power': 'generator'}",2026-04-24 03:20:12.870180,https://www.openstreetmap.org/node/2778312443,29.2290811,32.5926337
node/2778313469,2778313469,node,Egypt,generator,Missing output tag,none,"tags: {'generator:method': 'wind_turbine', 'generator:source': 'wind', 'generator:type': 'horizontal_axis', 'power': 'generator'}",2026-04-24 03:20:12.870206,https://www.openstreetmap.org/node/2778313469,29.2627324,32.6036534
node/2778314481,2778314481,node,Egypt,generator,Missing output tag,none,"tags: {'generator:method': 'wind_turbine', 'generator:source': 'wind', 'generator:type': 'horizontal_axis', 'power': 'generator'}",2026-04-24 03:20:12.870232,https://www.openstreetmap.org/node/2778314481,29.2957826,32.5725924
node/2778312435,2778312435,node,Egypt,generator,Missing output tag,none,"tags: {'frequency': '50', 'generator:method': 'wind_turbine', 'generator:source': 'wind', 'generator:type': 'horizontal_axis', 'power': 'generator'}",2026-04-24 03:20:12.870258,https://www.openstreetmap.org/node/2778312435,29.228943,32.5965265
node/2778313458,2778313458,node,Egypt,generator,Missing output tag,none,"tags: {'generator:method': 'wind_turbine', 'generator:source': 'wind', 'generator:type': 'horizontal_axis', 'power': 'generator'}",2026-04-24 03:20:12.870284,https://www.openstreetmap.org/node/2778313458,29.2626287,32.5901998
node/2778313461,2778313461,node,Egypt,generator,Missing output tag,none,"tags: {'generator:method': 'wind_turbine', 'generator:source': 'wind', 'generator:type': 'horizontal_axis', 'power': 'generator'}",2026-04-24 03:20:12.870309,https://www.openstreetmap.org/node/2778313461,29.2626783,32.5920742
node/2778312427,2778312427,node,Egypt,generator,Missing output tag,none,"tags: {'frequency': '50', 'generator:method': 'wind_turbine', 'generator:source': 'wind', 'generator:type': 'horizontal_axis', 'power': 'generator'}",2026-04-24 03:20:12.870336,https://www.openstreetmap.org/node/2778312427,29.2288988,32.6003382
node/2778311395,2778311395,node,Egypt,generator,Capacity regex no match,850 kW,Tag 'generator:output:electricity' has value '850 kW' which could not be parsed,2026-04-24 03:20:12.870349,https://www.openstreetmap.org/node/2778311395,29.1887026,32.5490499
node/2778313442,2778313442,node,Egypt,generator,Missing output tag,none,"tags: {'generator:method': 'wind_turbine', 'generator:source': 'wind', 'generator:type': 'horizontal_axis', 'power': 'generator'}",2026-04-24 03:20:12.870380,https://www.openstreetmap.org/node/2778313442,29.2624517,32.5976913
node/2778312421,2778312421,node,Egypt,generator,Missing output tag,none,"tags: {'frequency': '50', 'generator:method': 'wind_turbine', 'generator:source': 'wind', 'generator:type': 'horizontal_axis', 'power': 'generator'}",2026-04-24 03:20:12.870407,https://www.openstreetmap.org/node/2778312421,29.2288669,32.5984638
node/2778314471,2778314471,node,Egypt,generator,Missing output tag,none,"tags: {'generator:method': 'wind_turbine', 'generator:source': 'wind', 'generator:type': 'horizontal_axis', 'power': 'generator'}",2026-04-24 03:20:12.870433,https://www.openstreetmap.org/node/2778314471,29.2957048,32.571021
node/2778311398,2778311398,node,Egypt,generator,Capacity regex no match,850 kW,Tag 'generator:output:electricity' has value '850 kW' which could not be parsed,2026-04-24 03:20:12.870447,https://www.openstreetmap.org/node/2778311398,29.1887079,32.5514273
node/1316378102,1316378102,node,Egypt,generator,Missing output tag,none,"tags: {'frequency': '50', 'generator:method': 'wind_turbine', 'generator:source': 'wind', 'generator:type': 'horizontal_axis', 'power': 'generator'}",2026-04-24 03:20:12.870477,https://www.openstreetmap.org/node/1316378102,29.2109558,32.5964575
node/1316378103,1316378103,node,Egypt,generator,Missing output tag,none,"tags: {'frequency': '50', 'generator:method': 'wind_turbine', 'generator:source': 'wind', 'generator:type': 'horizontal_axis', 'power': 'generator'}",2026-04-24 03:20:12.870503,https://www.openstreetmap.org/node/1316378103,29.2236817,32.5825473
node/1316378100,1316378100,node,Egypt,generator,Missing output tag,none,"tags: {'frequency': '50', 'generator:method': 'wind_turbine', 'generator:source': 'wind', 'generator:type': 'horizontal_axis', 'power': 'generator'}",2026-04-24 03:20:12.870530,https://www.openstreetmap.org/node/1316378100,29.1886955,32.6098368
node/1316378101,1316378101,node,Egypt,generator,Capacity regex no match,600 kW,Tag 'generator:output:electricity' has value '600 kW' which could not be parsed,2026-04-24 03:20:12.870544,https://www.openstreetmap.org/node/1316378101,29.1655305,32.6138805
node/1316378098,1316378098,node,Egypt,generator,Missing output tag,none,"tags: {'frequency': '50', 'generator:method': 'wind_turbine', 'generator:source': 'wind', 'generator:type': 'horizontal_axis', 'power': 'generator'}",2026-04-24 03:20:12.870575,https://www.openstreetmap.org/node/1316378098,29.2051925,32.6050182
node/1316378099,1316378099,node,Egypt,generator,Missing output tag,none,"tags: {'frequency': '50', 'generator:method': 'wind_turbine', 'generator:source': 'wind', 'generator:type': 'horizontal_axis', 'power': 'generator'}",2026-04-24 03:20:12.870601,https://www.openstreetmap.org/node/1316378099,29.2157113,32.5878259
node/2778313244,2778313244,node,Egypt,generator,Missing output tag,none,"tags: {'generator:method': 'wind_turbine', 'generator:source': 'wind', 'generator:type': 'horizontal_axis', 'power': 'generator'}",2026-04-24 03:20:12.870627,https://www.openstreetmap.org/node/2778313244,29.2528047,32.6000462
node/1316378097,1316378097,node,Egypt,generator,Capacity regex no match,600 kW,Tag 'generator:output:electricity' has value '600 kW' which could not be parsed,2026-04-24 03:20:12.870644,https://www.openstreetmap.org/node/1316378097,29.1582442,32.6343532
node/2778313233,2778313233,node,Egypt,generator,Missing output tag,none,"tags: {'generator:method': 'wind_turbine', 'generator:source': 'wind', 'generator:type': 'horizontal_axis', 'power': 'generator'}",2026-04-24 03:20:12.870676,https://www.openstreetmap.org/node/2778313233,29.2524488,32.6037186
node/1316378110,1316378110,node,Egypt,generator,Capacity regex no match,660 kW,Tag 'generator:output:electricity' has value '660 kW' which could not be parsed,2026-04-24 03:20:12.870690,https://www.openstreetmap.org/node/1316378110,29.180916,32.5979506
node/1316378111,1316378111,node,Egypt,generator,Capacity regex no match,600 kW,Tag 'generator:output:electricity' has value '600 kW' which could not be parsed,2026-04-24 03:20:12.870710,https://www.openstreetmap.org/node/1316378111,29.1589966,32.6186251
node/2778312211,2778312211,node,Egypt,generator,Missing output tag,none,"tags: {'frequency': '50', 'generator:method': 'wind_turbine', 'generator:source': 'wind', 'generator:type': 'horizontal_axis', 'power': 'generator'}",2026-04-24 03:20:12.870741,https://www.openstreetmap.org/node/2778312211,29.209763,32.580142
node/1316378108,1316378108,node,Egypt,generator,Capacity regex no match,600 kW,Tag 'generator:output:electricity' has value '600 kW' which could not be parsed,2026-04-24 03:20:12.870755,https://www.openstreetmap.org/node/1316378108,29.1580537,32.5995376
node/1316378109,1316378109,node,Egypt,generator,Missing output tag,none,"tags: {'frequency': '50', 'generator:method': 'wind_turbine', 'generator:source': 'wind', 'generator:type': 'horizontal_axis', 'power': 'generator'}",2026-04-24 03:20:12.870786,https://www.openstreetmap.org/node/1316378109,29.2004488,32.5941588
node/1316378106,1316378106,node,Egypt,generator,Capacity regex no match,660 kW,Tag 'generator:output:electricity' has value '660 kW' which could not be parsed,2026-04-24 03:20:12.870801,https://www.openstreetmap.org/node/1316378106,29.170883,32.5986105
node/1316378107,1316378107,node,Egypt,generator,Capacity regex no match,660 kW,Tag 'generator:output:electricity' has value '660 kW' which could not be parsed,2026-04-24 03:20:12.870818,https://www.openstreetmap.org/node/1316378107,29.1800932,32.6193025
node/1316378104,1316378104,node,Egypt,generator,Capacity regex no match,660 kW,Tag 'generator:output:electricity' has value '660 kW' which could not be parsed,2026-04-24 03:20:12.870836,https://www.openstreetmap.org/node/1316378104,29.1715402,32.6215373
node/2778314263,2778314263,node,Egypt,generator,Missing output tag,none,"tags: {'generator:method': 'wind_turbine', 'generator:source': 'wind', 'generator:type': 'horizontal_axis', 'power': 'generator'}",2026-04-24 03:20:12.870867,https://www.openstreetmap.org/node/2778314263,29.2854513,32.5959287
node/1316378105,1316378105,node,Egypt,generator,Missing output tag,none,"tags: {'frequency': '50', 'generator:method': 'wind_turbine', 'generator:source': 'wind', 'generator:type': 'horizontal_axis', 'power': 'generator'}",2026-04-24 03:20:12.870894,https://www.openstreetmap.org/node/1316378105,29.1961118,32.6035613
node/2778313229,2778313229,node,Egypt,generator,Missing output tag,none,"tags: {'generator:method': 'wind_turbine', 'generator:source': 'wind', 'generator:type': 'horizontal_axis', 'power': 'generator'}",2026-04-24 03:20:12.870921,https://www.openstreetmap.org/node/2778313229,29.2523267,32.6063192
node/2778314253,2778314253,node,Egypt,generator,Missing output tag,none,"tags: {'generator:method': 'wind_turbine', 'generator:source': 'wind', 'generator:type': 'horizontal_axis', 'power': 'generator'}",2026-04-24 03:20:12.870947,https://www.openstreetmap.org/node/2778314253,29.2853944,32.5943357
node/2778312193,2778312193,node,Egypt,generator,Capacity regex no match,850 kW,Tag 'generator:output:electricity' has value '850 kW' which could not be parsed,2026-04-24 03:20:12.870961,https://www.openstreetmap.org/node/2778312193,29.2068941,32.5783116
node/2778312192,2778312192,node,Egypt,generator,Capacity regex no match,850 kW,Tag 'generator:output:electricity' has value '850 kW' which could not be parsed,2026-04-24 03:20:12.870979,https://www.openstreetmap.org/node/2778312192,29.2068623,32.5759058
node/2778314244,2778314244,node,Egypt,generator,Missing output tag,none,"tags: {'generator:method': 'wind_turbine', 'generator:source': 'wind', 'generator:type': 'horizontal_axis', 'power': 'generator'}",2026-04-24 03:20:12.871010,https://www.openstreetmap.org/node/2778314244,29.285356,32.5886423
node/2778312196,2778312196,node,Egypt,generator,Capacity regex no match,850 kW,Tag 'generator:output:electricity' has value '850 kW' which could not be parsed,2026-04-24 03:20:12.871023,https://www.openstreetmap.org/node/2778312196,29.2069909,32.5807108
node/2778313273,2778313273,node,Egypt,generator,Missing output tag,none,"tags: {'generator:method': 'wind_turbine', 'generator:source': 'wind', 'generator:type': 'horizontal_axis', 'power': 'generator'}",2026-04-24 03:20:12.871055,https://www.openstreetmap.org/node/2778313273,29.2529311,32.5962551
node/2778314297,2778314297,node,Egypt,generator,Missing output tag,none,"tags: {'generator:method': 'wind_turbine', 'generator:source': 'wind', 'generator:type': 'horizontal_axis', 'power': 'generator'}",2026-04-24 03:20:12.871120,https://www.openstreetmap.org/node/2778314297,29.2879587,32.5810653
node/2778313264,2778313264,node,Egypt,generator,Missing output tag,none,"tags: {'generator:method': 'wind_turbine', 'generator:source': 'wind', 'generator:type': 'horizontal_axis', 'power': 'generator'}",2026-04-24 03:20:12.871150,https://www.openstreetmap.org/node/2778313264,29.2528898,32.5945955
node/2778313268,2778313268,node,Egypt,generator,Missing output tag,none,"tags: {'generator:method': 'wind_turbine', 'generator:source': 'wind', 'generator:type': 'horizontal_axis', 'power': 'generator'}",2026-04-24 03:20:12.871177,https://www.openstreetmap.org/node/2778313268,29.2529023,32.6019453
node/2778315318,2778315318,node,Egypt,generator,Missing output tag,none,"tags: {'generator:method': 'wind_turbine', 'generator:source': 'wind', 'generator:type': 'horizontal_axis', 'power': 'generator'}",2026-04-24 03:20:12.871204,https://www.openstreetmap.org/node/2778315318,29.3151875,32.5898096
node/2778314281,2778314281,node,Egypt,generator,Missing output tag,none,"tags: {'generator:method': 'wind_turbine', 'generator:source': 'wind', 'generator:type': 'horizontal_axis', 'power': 'generator'}",2026-04-24 03:20:12.871231,https://www.openstreetmap.org/node/2778314281,29.2873514,32.5796314
node/2778315311,2778315311,node,Egypt,generator,Missing output tag,none,"tags: {'generator:method': 'wind_turbine', 'generator:source': 'wind', 'generator:type': 'horizontal_axis', 'power': 'generator'}",2026-04-24 03:20:12.871258,https://www.openstreetmap.org/node/2778315311,29.3149964,32.5882867
node/2778315297,2778315297,node,Egypt,generator,Missing output tag,none,"tags: {'generator:method': 'wind_turbine', 'generator:source': 'wind', 'generator:type': 'horizontal_axis', 'power': 'generator'}",2026-04-24 03:20:12.871284,https://www.openstreetmap.org/node/2778315297,29.3141968,32.5868691
node/2778314274,2778314274,node,Egypt,generator,Missing output tag,none,"tags: {'generator:method': 'wind_turbine', 'generator:source': 'wind', 'generator:type': 'horizontal_axis', 'power': 'generator'}",2026-04-24 03:20:12.871311,https://www.openstreetmap.org/node/2778314274,29.2863679,32.5778175
node/2778313307,2778313307,node,Egypt,generator,Missing output tag,none,"tags: {'generator:method': 'wind_turbine', 'generator:source': 'wind', 'generator:type': 'horizontal_axis', 'power': 'generator'}",2026-04-24 03:20:12.871337,https://www.openstreetmap.org/node/2778313307,29.2535886,32.5864488
node/2778314331,2778314331,node,Egypt,generator,Missing output tag,none,"tags: {'generator:method': 'wind_turbine', 'generator:source': 'wind', 'generator:type': 'horizontal_axis', 'power': 'generator'}",2026-04-24 03:20:12.871364,https://www.openstreetmap.org/node/2778314331,29.2887433,32.5841749
node/2778311258,2778311258,node,Egypt,generator,Capacity regex no match,850 kW,Tag 'generator:output:electricity' has value '850 kW' which could not be parsed,2026-04-24 03:20:12.871380,https://www.openstreetmap.org/node/2778311258,29.1822252,32.581956
node/2778311263,2778311263,node,Egypt,generator,Capacity regex no match,850 kW,Tag 'generator:output:electricity' has value '850 kW' which could not be parsed,2026-04-24 03:20:12.871400,https://www.openstreetmap.org/node/2778311263,29.1822447,32.5744727
node/2778311262,2778311262,node,Egypt,generator,Capacity regex no match,850 kW,Tag 'generator:output:electricity' has value '850 kW' which could not be parsed,2026-04-24 03:20:12.871419,https://www.openstreetmap.org/node/2778311262,29.1822376,32.580041
node/2778311251,2778311251,node,Egypt,generator,Capacity regex no match,850 kW,Tag 'generator:output:electricity' has value '850 kW' which could not be parsed,2026-04-24 03:20:12.871437,https://www.openstreetmap.org/node/2778311251,29.1821437,32.5894332
node/2778314323,2778314323,node,Egypt,generator,Missing output tag,none,"tags: {'generator:method': 'wind_turbine', 'generator:source': 'wind', 'generator:type': 'horizontal_axis', 'power': 'generator'}",2026-04-24 03:20:12.871469,https://www.openstreetmap.org/node/2778314323,29.2886168,32.589175
node/2778311253,2778311253,node,Egypt,generator,Capacity regex no match,850 kW,Tag 'generator:output:electricity' has value '850 kW' which could not be parsed,2026-04-24 03:20:12.871483,https://www.openstreetmap.org/node/2778311253,29.1821561,32.5837999
node/2778311255,2778311255,node,Egypt,generator,Capacity regex no match,850 kW,Tag 'generator:output:electricity' has value '850 kW' which could not be parsed,2026-04-24 03:20:12.871501,https://www.openstreetmap.org/node/2778311255,29.182188,32.5875507
node/2778313290,2778313290,node,Egypt,generator,Missing output tag,none,"tags: {'generator:method': 'wind_turbine', 'generator:source': 'wind', 'generator:type': 'horizontal_axis', 'power': 'generator'}",2026-04-24 03:20:12.871533,https://www.openstreetmap.org/node/2778313290,29.2530412,32.5926734
node/2778311245,2778311245,node,Egypt,generator,Capacity regex no match,850 kW,Tag 'generator:output:electricity' has value '850 kW' which could not be parsed,2026-04-24 03:20:12.871548,https://www.openstreetmap.org/node/2778311245,29.1820764,32.585723
node/2778313283,2778313283,node,Egypt,generator,Missing output tag,none,"tags: {'generator:method': 'wind_turbine', 'generator:source': 'wind', 'generator:type': 'horizontal_axis', 'power': 'generator'}",2026-04-24 03:20:12.871580,https://www.openstreetmap.org/node/2778313283,29.2530049,32.5981341
node/2778314311,2778314311,node,Egypt,generator,Missing output tag,none,"tags: {'generator:method': 'wind_turbine', 'generator:source': 'wind', 'generator:type': 'horizontal_axis', 'power': 'generator'}",2026-04-24 03:20:12.871608,https://www.openstreetmap.org/node/2778314311,29.2882769,32.5826491
node/2778311289,2778311289,node,Egypt,generator,Capacity regex no match,850 kW,Tag 'generator:output:electricity' has value '850 kW' which could not be parsed,2026-04-24 03:20:12.871628,https://www.openstreetmap.org/node/2778311289,29.1824359,32.5632345
node/2778311288,2778311288,node,Egypt,generator,Capacity regex no match,850 kW,Tag 'generator:output:electricity' has value '850 kW' which could not be parsed,2026-04-24 03:20:12.871646,https://www.openstreetmap.org/node/2778311288,29.1824253,32.5781524
node/2778311291,2778311291,node,Egypt,generator,Capacity regex no match,850 kW,Tag 'generator:output:electricity' has value '850 kW' which could not be parsed,2026-04-24 03:20:12.871664,https://www.openstreetmap.org/node/2778311291,29.1824554,32.5613642
node/2778314362,2778314362,node,Egypt,generator,Missing output tag,none,"tags: {'generator:method': 'wind_turbine', 'generator:source': 'wind', 'generator:type': 'horizontal_axis', 'power': 'generator'}",2026-04-24 03:20:12.871695,https://www.openstreetmap.org/node/2778314362,29.2894557,32.5922307
node/2778311292,2778311292,node,Egypt,generator,Capacity regex no match,850 kW,Tag 'generator:output:electricity' has value '850 kW' which could not be parsed,2026-04-24 03:20:12.871709,https://www.openstreetmap.org/node/2778311292,29.1824784,32.5595162
node/2778311295,2778311295,node,Egypt,generator,Capacity regex no match,850 kW,Tag 'generator:output:electricity' has value '850 kW' which could not be parsed,2026-04-24 03:20:12.871727,https://www.openstreetmap.org/node/2778311295,29.1825404,32.5688982
node/2778311294,2778311294,node,Egypt,generator,Capacity regex no match,850 kW,Tag 'generator:output:electricity' has value '850 kW' which could not be parsed,2026-04-24 03:20:12.871748,https://www.openstreetmap.org/node/2778311294,29.1825086,32.5575952
node/2778313330,2778313330,node,Egypt,generator,Missing output tag,none,"tags: {'generator:method': 'wind_turbine', 'generator:source': 'wind', 'generator:type': 'horizontal_axis', 'power': 'generator'}",2026-04-24 03:20:12.871779,https://www.openstreetmap.org/node/2778313330,29.2543669,32.5900976
node/2778311285,2778311285,node,Egypt,generator,Capacity regex no match,850 kW,Tag 'generator:output:electricity' has value '850 kW' which could not be parsed,2026-04-24 03:20:12.871794,https://www.openstreetmap.org/node/2778311285,29.1824041,32.5651109
node/2778311273,2778311273,node,Egypt,generator,Capacity regex no match,850 kW,Tag 'generator:output:electricity' has value '850 kW' which could not be parsed,2026-04-24 03:20:12.871843,https://www.openstreetmap.org/node/2778311273,29.1822872,32.5725679
node/2778314344,2778314344,node,Egypt,generator,Missing output tag,none,"tags: {'generator:method': 'wind_turbine', 'generator:source': 'wind', 'generator:type': 'horizontal_axis', 'power': 'generator'}",2026-04-24 03:20:12.871877,https://www.openstreetmap.org/node/2778314344,29.2890218,32.5857628
node/2778311279,2778311279,node,Egypt,generator,Capacity regex no match,850 kW,Tag 'generator:output:electricity' has value '850 kW' which could not be parsed,2026-04-24 03:20:12.871892,https://www.openstreetmap.org/node/2778311279,29.1823403,32.5707259
node/2778314350,2778314350,node,Egypt,generator,Missing output tag,none,"tags: {'generator:method': 'wind_turbine', 'generator:source': 'wind', 'generator:type': 'horizontal_axis', 'power': 'generator'}",2026-04-24 03:20:12.871924,https://www.openstreetmap.org/node/2778314350,29.2890869,32.5906593
node/2778313315,2778313315,node,Egypt,generator,Missing output tag,none,"tags: {'generator:method': 'wind_turbine', 'generator:source': 'wind', 'generator:type': 'horizontal_axis', 'power': 'generator'}",2026-04-24 03:20:12.871951,https://www.openstreetmap.org/node/2778313315,29.2537638,32.5883323
node/2778311266,2778311266,node,Egypt,generator,Capacity regex no match,850 kW,Tag 'generator:output:electricity' has value '850 kW' which could not be parsed,2026-04-24 03:20:12.871965,https://www.openstreetmap.org/node/2778311266,29.1822659,32.5763146
relation/15713256,15713256,relation,Egypt,plant,Missing output tag,none,"tags: {'plant:source': 'wind', 'power': 'plant', 'site': 'wind_farm', 'type': 'site'}",2026-04-24 03:20:12.921232,https://www.openstreetmap.org/relation/15713256,27.3094299382068,33.70772883725196
node/1157406462,1157406462,node,Egypt,generator,Missing output tag,none,"tags: {'frequency': '50', 'generator:method': 'wind_turbine', 'generator:source': 'wind', 'generator:type': 'horizontal_axis', 'power': 'generator'}",2026-04-24 03:20:12.921834,https://www.openstreetmap.org/node/1157406462,27.3076135,33.7173805
node/1157406463,1157406463,node,Egypt,generator,Missing output tag,none,"tags: {'frequency': '50', 'generator:method': 'wind_turbine', 'generator:source': 'wind', 'generator:type': 'horizontal_axis', 'power': 'generator'}",2026-04-24 03:20:12.921898,https://www.openstreetmap.org/node/1157406463,27.3145232,33.7028615
node/1157406457,1157406457,node,Egypt,generator,Missing output tag,none,"tags: {'frequency': '50', 'generator:method': 'wind_turbine', 'generator:source': 'wind', 'generator:type': 'horizontal_axis', 'power': 'generator'}",2026-04-24 03:20:12.921956,https://www.openstreetmap.org/node/1157406457,27.302583,33.7168399
node/1157406458,1157406458,node,Egypt,generator,Missing output tag,none,"tags: {'frequency': '50', 'generator:method': 'wind_turbine', 'generator:source': 'wind', 'generator:type': 'horizontal_axis', 'power': 'generator'}",2026-04-24 03:20:12.922012,https://www.openstreetmap.org/node/1157406458,27.3118516,33.7084863
node/1157406459,1157406459,node,Egypt,generator,Missing output tag,none,"tags: {'frequency': '50', 'generator:method': 'wind_turbine', 'generator:source': 'wind', 'generator:type': 'horizontal_axis', 'power': 'generator'}",2026-04-24 03:20:12.922093,https://www.openstreetmap.org/node/1157406459,27.3048773,33.7185082
node/1157406454,1157406454,node,Egypt,generator,Missing output tag,none,"tags: {'frequency': '50', 'generator:method': 'wind_turbine', 'generator:source': 'wind', 'generator:type': 'horizontal_axis', 'power': 'generator'}",2026-04-24 03:20:12.922152,https://www.openstreetmap.org/node/1157406454,27.3088062,33.7133953
node/1157406455,1157406455,node,Egypt,generator,Missing output tag,none,"tags: {'frequency': '50', 'generator:method': 'wind_turbine', 'generator:source': 'wind', 'generator:type': 'horizontal_axis', 'power': 'generator'}",2026-04-24 03:20:12.922210,https://www.openstreetmap.org/node/1157406455,27.3086323,33.7156545
node/1157406444,1157406444,node,Egypt,generator,Missing output tag,none,"tags: {'frequency': '50', 'generator:method': 'wind_turbine', 'generator:source': 'wind', 'generator:type': 'horizontal_axis', 'power': 'generator'}",2026-04-24 03:20:12.922266,https://www.openstreetmap.org/node/1157406444,27.3017969,33.7162881
node/1157406446,1157406446,node,Egypt,generator,Missing output tag,none,"tags: {'frequency': '50', 'generator:method': 'wind_turbine', 'generator:source': 'wind', 'generator:type': 'horizontal_axis', 'power': 'generator'}",2026-04-24 03:20:12.922322,https://www.openstreetmap.org/node/1157406446,27.3041783,33.7101384
node/1157406447,1157406447,node,Egypt,generator,Missing output tag,none,"tags: {'frequency': '50', 'generator:method': 'wind_turbine', 'generator:source': 'wind', 'generator:type': 'horizontal_axis', 'power': 'generator'}",2026-04-24 03:20:12.922378,https://www.openstreetmap.org/node/1157406447,27.3062905,33.7140302
node/1157406504,1157406504,node,Egypt,generator,Missing output tag,none,"tags: {'frequency': '50', 'generator:method': 'wind_turbine', 'generator:source': 'wind', 'generator:type': 'horizontal_axis', 'power': 'generator'}",2026-04-24 03:20:12.922433,https://www.openstreetmap.org/node/1157406504,27.3099209,33.7105097
node/1157406440,1157406440,node,Egypt,generator,Missing output tag,none,"tags: {'frequency': '50', 'generator:method': 'wind_turbine', 'generator:source': 'wind', 'generator:type': 'horizontal_axis', 'power': 'generator'}",2026-04-24 03:20:12.922488,https://www.openstreetmap.org/node/1157406440,27.3072404,33.7122786
node/1157406505,1157406505,node,Egypt,generator,Missing output tag,none,"tags: {'frequency': '50', 'generator:method': 'wind_turbine', 'generator:source': 'wind', 'generator:type': 'horizontal_axis', 'power': 'generator'}",2026-04-24 03:20:12.922543,https://www.openstreetmap.org/node/1157406505,27.307072,33.7145699
node/1157406441,1157406441,node,Egypt,generator,Missing output tag,none,"tags: {'frequency': '50', 'generator:method': 'wind_turbine', 'generator:source': 'wind', 'generator:type': 'horizontal_axis', 'power': 'generator'}",2026-04-24 03:20:12.922599,https://www.openstreetmap.org/node/1157406441,27.3068674,33.7168572
node/1157406442,1157406442,node,Egypt,generator,Missing output tag,none,"tags: {'frequency': '50', 'generator:method': 'wind_turbine', 'generator:source': 'wind', 'generator:type': 'horizontal_axis', 'power': 'generator'}",2026-04-24 03:20:12.922657,https://www.openstreetmap.org/node/1157406442,27.3139307,33.7022146
node/8391115377,8391115377,node,Egypt,generator,Missing output tag,none,"tags: {'frequency': '50', 'generator:method': 'wind_turbine', 'generator:source': 'wind', 'generator:type': 'horizontal_axis', 'power': 'generator'}",2026-04-24 03:20:12.922713,https://www.openstreetmap.org/node/8391115377,27.3085393,33.7094866
node/1157406501,1157406501,node,Egypt,generator,Missing output tag,none,"tags: {'frequency': '50', 'generator:method': 'wind_turbine', 'generator:source': 'wind', 'generator:type': 'horizontal_axis', 'power': 'generator'}",2026-04-24 03:20:12.922770,https://www.openstreetmap.org/node/1157406501,27.3045367,33.7152365
node/1157406437,1157406437,node,Egypt,generator,Missing output tag,none,"tags: {'frequency': '50', 'generator:method': 'wind_turbine', 'generator:source': 'wind', 'generator:type': 'horizontal_axis', 'power': 'generator'}",2026-04-24 03:20:12.922826,https://www.openstreetmap.org/node/1157406437,27.3132746,33.7092715
node/1157406438,1157406438,node,Egypt,generator,Missing output tag,none,"tags: {'frequency': '50', 'generator:method': 'wind_turbine', 'generator:source': 'wind', 'generator:type': 'horizontal_axis', 'power': 'generator'}",2026-04-24 03:20:12.922883,https://www.openstreetmap.org/node/1157406438,27.3022253,33.7135917
node/1157406496,1157406496,node,Egypt,generator,Missing output tag,none,"tags: {'frequency': '50', 'generator:method': 'wind_turbine', 'generator:source': 'wind', 'generator:type': 'horizontal_axis', 'power': 'generator'}",2026-04-24 03:20:12.922939,https://www.openstreetmap.org/node/1157406496,27.306086,33.7163067
node/1157406432,1157406432,node,Egypt,generator,Missing output tag,none,"tags: {'frequency': '50', 'generator:method': 'wind_turbine', 'generator:source': 'wind', 'generator:type': 'horizontal_axis', 'power': 'generator'}",2026-04-24 03:20:12.922995,https://www.openstreetmap.org/node/1157406432,27.3047319,33.7129609
node/1157406433,1157406433,node,Egypt,generator,Missing output tag,none,"tags: {'frequency': '50', 'generator:method': 'wind_turbine', 'generator:source': 'wind', 'generator:type': 'horizontal_axis', 'power': 'generator'}",2026-04-24 03:20:12.923052,https://www.openstreetmap.org/node/1157406433,27.3033945,33.7173678
node/1157406498,1157406498,node,Egypt,generator,Missing output tag,none,"tags: {'frequency': '50', 'generator:method': 'wind_turbine', 'generator:source': 'wind', 'generator:type': 'horizontal_axis', 'power': 'generator'}",2026-04-24 03:20:12.923123,https://www.openstreetmap.org/node/1157406498,27.313356,33.7015279
node/1157406492,1157406492,node,Egypt,generator,Missing output tag,none,"tags: {'frequency': '50', 'generator:method': 'wind_turbine', 'generator:source': 'wind', 'generator:type': 'horizontal_axis', 'power': 'generator'}",2026-04-24 03:20:12.923186,https://www.openstreetmap.org/node/1157406492,27.3014556,33.7130714
node/1157406495,1157406495,node,Egypt,generator,Missing output tag,none,"tags: {'frequency': '50', 'generator:method': 'wind_turbine', 'generator:source': 'wind', 'generator:type': 'horizontal_axis', 'power': 'generator'}",2026-04-24 03:20:12.923244,https://www.openstreetmap.org/node/1157406495,27.3064725,33.7117417
node/1157406431,1157406431,node,Egypt,generator,Missing output tag,none,"tags: {'frequency': '50', 'generator:method': 'wind_turbine', 'generator:source': 'wind', 'generator:type': 'horizontal_axis', 'power': 'generator'}",2026-04-24 03:20:12.923302,https://www.openstreetmap.org/node/1157406431,27.3080446,33.7128517
node/1157406489,1157406489,node,Egypt,generator,Missing output tag,none,"tags: {'frequency': '50', 'generator:method': 'wind_turbine', 'generator:source': 'wind', 'generator:type': 'horizontal_axis', 'power': 'generator'}",2026-04-24 03:20:12.923359,https://www.openstreetmap.org/node/1157406489,27.3113402,33.7115676
node/1157406490,1157406490,node,Egypt,generator,Missing output tag,none,"tags: {'frequency': '50', 'generator:method': 'wind_turbine', 'generator:source': 'wind', 'generator:type': 'horizontal_axis', 'power': 'generator'}",2026-04-24 03:20:12.923417,https://www.openstreetmap.org/node/1157406490,27.3031855,33.7118993
node/1157406485,1157406485,node,Egypt,generator,Missing output tag,none,"tags: {'frequency': '50', 'generator:method': 'wind_turbine', 'generator:source': 'wind', 'generator:type': 'horizontal_axis', 'power': 'generator'}",2026-04-24 03:20:12.923475,https://www.openstreetmap.org/node/1157406485,27.3123265,33.7002419
node/1157406486,1157406486,node,Egypt,generator,Missing output tag,none,"tags: {'frequency': '50', 'generator:method': 'wind_turbine', 'generator:source': 'wind', 'generator:type': 'horizontal_axis', 'power': 'generator'}",2026-04-24 03:20:12.923533,https://www.openstreetmap.org/node/1157406486,27.3055005,33.7134934
node/1157406487,1157406487,node,Egypt,generator,Missing output tag,none,"tags: {'frequency': '50', 'generator:method': 'wind_turbine', 'generator:source': 'wind', 'generator:type': 'horizontal_axis', 'power': 'generator'}",2026-04-24 03:20:12.923591,https://www.openstreetmap.org/node/1157406487,27.3041389,33.7179031
node/1157406476,1157406476,node,Egypt,generator,Missing output tag,none,"tags: {'frequency': '50', 'generator:method': 'wind_turbine', 'generator:source': 'wind', 'generator:type': 'horizontal_axis', 'power': 'generator'}",2026-04-24 03:20:12.923649,https://www.openstreetmap.org/node/1157406476,27.3095743,33.713911
node/1157406477,1157406477,node,Egypt,generator,Missing output tag,none,"tags: {'frequency': '50', 'generator:method': 'wind_turbine', 'generator:source': 'wind', 'generator:type': 'horizontal_axis', 'power': 'generator'}",2026-04-24 03:20:12.923708,https://www.openstreetmap.org/node/1157406477,27.3078416,33.7151084
node/1157406472,1157406472,node,Egypt,generator,Missing output tag,none,"tags: {'frequency': '50', 'generator:method': 'wind_turbine', 'generator:source': 'wind', 'generator:type': 'horizontal_axis', 'power': 'generator'}",2026-04-24 03:20:12.923766,https://www.openstreetmap.org/node/1157406472,27.3129277,33.7010122
node/1157406473,1157406473,node,Egypt,generator,Missing output tag,none,"tags: {'frequency': '50', 'generator:method': 'wind_turbine', 'generator:source': 'wind', 'generator:type': 'horizontal_axis', 'power': 'generator'}",2026-04-24 03:20:12.923823,https://www.openstreetmap.org/node/1157406473,27.3056717,33.7189769
node/1157406474,1157406474,node,Egypt,generator,Missing output tag,none,"tags: {'frequency': '50', 'generator:method': 'wind_turbine', 'generator:source': 'wind', 'generator:type': 'horizontal_axis', 'power': 'generator'}",2026-04-24 03:20:12.923881,https://www.openstreetmap.org/node/1157406474,27.3029974,33.714156
node/2985336262,2985336262,node,Egypt,generator,Missing output tag,none,"tags: {'frequency': '50', 'generator:method': 'wind_turbine', 'generator:source': 'wind', 'generator:type': 'horizontal_axis', 'power': 'generator'}",2026-04-24 03:20:12.923937,https://www.openstreetmap.org/node/2985336262,27.3063719,33.7194548
node/1157406469,1157406469,node,Egypt,generator,Missing output tag,none,"tags: {'frequency': '50', 'generator:method': 'wind_turbine', 'generator:source': 'wind', 'generator:type': 'horizontal_axis', 'power': 'generator'}",2026-04-24 03:20:12.923993,https://www.openstreetmap.org/node/1157406469,27.3049382,33.7106479
node/1157406470,1157406470,node,Egypt,generator,Missing output tag,none,"tags: {'frequency': '50', 'generator:method': 'wind_turbine', 'generator:source': 'wind', 'generator:type': 'horizontal_axis', 'power': 'generator'}",2026-04-24 03:20:12.924049,https://www.openstreetmap.org/node/1157406470,27.3053192,33.7157722
node/1157406464,1157406464,node,Egypt,generator,Missing output tag,none,"tags: {'frequency': '50', 'generator:method': 'wind_turbine', 'generator:source': 'wind', 'generator:type': 'horizontal_axis', 'power': 'generator'}",2026-04-24 03:20:12.924122,https://www.openstreetmap.org/node/1157406464,27.3039587,33.7124281
node/1157406466,1157406466,node,Egypt,generator,Missing output tag,none,"tags: {'frequency': '50', 'generator:method': 'wind_turbine', 'generator:source': 'wind', 'generator:type': 'horizontal_axis', 'power': 'generator'}",2026-04-24 03:20:12.924179,https://www.openstreetmap.org/node/1157406466,27.3002747,33.7152188
way/312139349,312139349,way,Egypt,plant,Missing source tag,none,"tags: {'landuse': 'industrial', 'power': 'plant'}",2026-04-24 03:20:12.953966,https://www.openstreetmap.org/way/312139349,25.536974508950085,34.61243351231482
way/561074049,561074049,way,Egypt,plant,Capacity placeholder value,yes,Tag 'plant:output:electricity' contains placeholder value 'yes' instead of actual capacity,2026-04-24 03:20:12.960273,https://www.openstreetmap.org/way/561074049,27.057522430239356,28.19968252382102
way/591870157,591870157,way,Egypt,plant,Missing output tag,none,"tags: {'plant:method': 'photovoltaic', 'plant:source': 'solar', 'power': 'plant'}",2026-04-24 03:20:12.960451,https://www.openstreetmap.org/way/591870157,23.98082382141001,30.360276344985788
way/602186664,602186664,way,Egypt,plant,Missing output tag,none,"tags: {'building': 'yes', 'plant:source': 'solar', 'power': 'plant'}",2026-04-24 03:20:12.961398,https://www.openstreetmap.org/way/602186664,31.45870141093301,31.785797419838296
way/923817895,923817895,way,Egypt,plant,Capacity placeholder value,yes,Tag 'plant:output:electricity' contains placeholder value 'yes' instead of actual capacity,2026-04-24 03:20:12.967405,https://www.openstreetmap.org/way/923817895,24.43953085474255,32.85602542496581
way/938809536,938809536,way,Egypt,plant,Capacity placeholder value,yes,Tag 'plant:output:electricity' contains placeholder value 'yes' instead of actual capacity,2026-04-24 03:20:12.968159,https://www.openstreetmap.org/way/938809536,31.44956333005043,31.477876610254082
way/998145018,998145018,way,Egypt,plant,Capacity placeholder value,yes,Tag 'plant:output:electricity' contains placeholder value 'yes' instead of actual capacity,2026-04-24 03:20:12.968685,https://www.openstreetmap.org/way/998145018,27.912694785108734,30.555296568050128
way/1016187890,1016187890,way,Egypt,plant,Capacity placeholder value,yes,Tag 'plant:output:electricity' contains placeholder value 'yes' instead of actual capacity,2026-04-24 03:20:12.968849,https://www.openstreetmap.org/way/1016187890,23.98109900181028,35.42199919275885
way/1074623543,1074623543,way,Egypt,plant,Capacity placeholder value,yes,Tag 'plant:output:electricity' contains placeholder value 'yes' instead of actual capacity,2026-04-24 03:20:12.969388,https://www.openstreetmap.org/way/1074623543,27.046833638531545,27.963123699345566
way/1076816636,1076816636,way,Egypt,plant,Capacity placeholder value,yes,Tag 'plant:output:electricity' contains placeholder value 'yes' instead of actual capacity,2026-04-24 03:20:12.969581,https://www.openstreetmap.org/way/1076816636,22.034458009257772,36.71758260551751
way/1083333286,1083333286,way,Egypt,plant,Missing source tag,none,"tags: {'landuse': 'industrial', 'name': 'EL-AMERYA FTZ', 'power': 'plant'}",2026-04-24 03:20:12.969738,https://www.openstreetmap.org/way/1083333286,31.027886597039984,29.76238081572254
way/1086604449,1086604449,way,Egypt,plant,Missing output tag,none,"tags: {'plant:method': 'photovoltaic', 'plant:source': 'solar', 'power': 'plant'}",2026-04-24 03:20:12.970467,https://www.openstreetmap.org/way/1086604449,27.06069092886229,33.88165039873544
way/1120464768,1120464768,way,Egypt,plant,Capacity placeholder value,yes,Tag 'plant:output:electricity' contains placeholder value 'yes' instead of actual capacity,2026-04-24 03:20:12.970645,https://www.openstreetmap.org/way/1120464768,24.197575221621058,35.422173061037675
way/1135303467,1135303467,way,Egypt,plant,Missing source tag,none,"tags: {'landuse': 'industrial', 'name': 'Damietta LNG Terminal Power Station', 'power': 'plant', 'source': 'https://www.bloomberg.com/press-releases/2022-11-01/mitsubishi-power-and-egypt-s-damietta-lng-sign-long-term-service'}",2026-04-24 03:20:12.971342,https://www.openstreetmap.org/way/1135303467,31.469382617024564,31.745075577411875
way/1137441731,1137441731,way,Egypt,plant,Missing source tag,none,"tags: {'landuse': 'industrial', 'name': 'El Ameriya Refinery Power Plant', 'power': 'plant', 'source': 'https://www.gem.wiki/El_Ameriya_Refinery_power_station'}",2026-04-24 03:20:12.971498,https://www.openstreetmap.org/way/1137441731,31.00224133427693,29.849668173438882
way/1219331952,1219331952,way,Egypt,plant,Missing output tag,none,"tags: {'plant:source': 'solar', 'power': 'plant'}",2026-04-24 03:20:12.971659,https://www.openstreetmap.org/way/1219331952,24.236363075043588,35.41049528724173
way/1219378550,1219378550,way,Egypt,plant,Missing output tag,none,"tags: {'plant:source': 'solar', 'power': 'plant'}",2026-04-24 03:20:12.971825,https://www.openstreetmap.org/way/1219378550,30.2643172,28.74528505
way/1219590323,1219590323,way,Egypt,plant,Capacity placeholder value,yes,Tag 'plant:output:electricity' contains placeholder value 'yes' instead of actual capacity,2026-04-24 03:20:12.972004,https://www.openstreetmap.org/way/1219590323,30.172621348326203,33.44624259812809
way/1223816667,1223816667,way,Egypt,plant,Capacity placeholder value,yes,Tag 'plant:output:electricity' contains placeholder value 'yes' instead of actual capacity,2026-04-24 03:20:12.972217,https://www.openstreetmap.org/way/1223816667,29.784531736045768,34.00590552198614
way/1239095167,1239095167,way,Egypt,plant,Capacity placeholder value,yes,Tag 'plant:output:electricity' contains placeholder value 'yes' instead of actual capacity,2026-04-24 03:20:12.972755,https://www.openstreetmap.org/way/1239095167,25.24701359895783,34.78909073433635
way/1240749712,1240749712,way,Egypt,plant,Missing output tag,none,"tags: {'building': 'yes', 'plant:source': 'solar', 'power': 'plant'}",2026-04-24 03:20:12.973084,https://www.openstreetmap.org/way/1240749712,30.36253153482969,30.549574338181387
way/1309283633,1309283633,way,Egypt,plant,Missing output tag,none,"tags: {'plant:method': 'photovoltaic', 'plant:source': 'solar', 'power': 'plant'}",2026-04-24 03:20:12.973279,https://www.openstreetmap.org/way/1309283633,30.05926635716629,30.914407960271436
way/1327562259,1327562259,way,Egypt,plant,Missing output tag,none,"tags: {'plant:source': 'solar', 'power': 'plant'}",2026-04-24 03:20:12.974446,https://www.openstreetmap.org/way/1327562259,28.01394282989436,34.38625129815051
way/1340113287,1340113287,way,Egypt,plant,Capacity placeholder value,yes,Tag 'plant:output:electricity' contains placeholder value 'yes' instead of actual capacity,2026-04-24 03:20:12.974842,https://www.openstreetmap.org/way/1340113287,27.41634003474032,33.620641177527276
way/1340142997,1340142997,way,Egypt,plant,Capacity placeholder value,yes,Tag 'plant:output:electricity' contains placeholder value 'yes' instead of actual capacity,2026-04-24 03:20:12.975006,https://www.openstreetmap.org/way/1340142997,25.32155824931447,34.73746782517497
way/1340143004,1340143004,way,Egypt,plant,Capacity placeholder value,yes,Tag 'plant:output:electricity' contains placeholder value 'yes' instead of actual capacity,2026-04-24 03:20:12.975201,https://www.openstreetmap.org/way/1340143004,25.239845234168552,34.79101928250298
way/1341037936,1341037936,way,Egypt,plant,Capacity placeholder value,yes,Tag 'plant:output:electricity' contains placeholder value 'yes' instead of actual capacity,2026-04-24 03:20:12.975390,https://www.openstreetmap.org/way/1341037936,28.687127768674497,33.35876208487446
way/1353190423,1353190423,way,Egypt,plant,Capacity placeholder value,yes,Tag 'plant:output:electricity' contains placeholder value 'yes' instead of actual capacity,2026-04-24 03:20:12.975556,https://www.openstreetmap.org/way/1353190423,27.183191299999997,33.9579386
way/1353190424,1353190424,way,Egypt,plant,Capacity placeholder value,yes,Tag 'plant:output:electricity' contains placeholder value 'yes' instead of actual capacity,2026-04-24 03:20:12.975717,https://www.openstreetmap.org/way/1353190424,27.183122774851856,33.95889991558964
way/1353190425,1353190425,way,Egypt,plant,Capacity placeholder value,yes,Tag 'plant:output:electricity' contains placeholder value 'yes' instead of actual capacity,2026-04-24 03:20:12.975876,https://www.openstreetmap.org/way/1353190425,27.183259649999997,33.9587219
way/1374700136,1374700136,way,Egypt,plant,Missing output tag,none,"tags: {'plant:source': 'solar', 'power': 'plant'}",2026-04-24 03:20:12.976039,https://www.openstreetmap.org/way/1374700136,26.87586855813462,33.971315258180276
way/1393672126,1393672126,way,Egypt,plant,Capacity placeholder value,yes,Tag 'plant:output:electricity' contains placeholder value 'yes' instead of actual capacity,2026-04-24 03:20:12.976310,https://www.openstreetmap.org/way/1393672126,24.913073166690907,34.96113802659185
way/1424531701,1424531701,way,Egypt,plant,Missing output tag,none,"tags: {'plant:source': 'solar', 'power': 'plant'}",2026-04-24 03:20:12.976610,https://www.openstreetmap.org/way/1424531701,30.182557708605476,30.19277934589554
way/1424534324,1424534324,way,Egypt,plant,Missing output tag,none,"tags: {'plant:source': 'solar', 'power': 'plant'}",2026-04-24 03:20:12.976781,https://www.openstreetmap.org/way/1424534324,30.92750084877528,29.700012880640706
way/1424534477,1424534477,way,Egypt,plant,Missing output tag,none,"tags: {'plant:source': 'solar', 'power': 'plant'}",2026-04-24 03:20:12.976976,https://www.openstreetmap.org/way/1424534477,27.32628005840072,31.201673783725603
way/1424534512,1424534512,way,Egypt,plant,Missing output tag,none,"tags: {'plant:source': 'solar', 'power': 'plant'}",2026-04-24 03:20:12.977208,https://www.openstreetmap.org/way/1424534512,29.680516790900633,32.321103686392334
way/1424652837,1424652837,way,Egypt,plant,Missing output tag,none,"tags: {'plant:source': 'solar', 'power': 'plant'}",2026-04-24 03:20:12.977418,https://www.openstreetmap.org/way/1424652837,30.24320682839837,30.224193184026962
way/1424652927,1424652927,way,Egypt,plant,Missing output tag,none,"tags: {'plant:source': 'solar', 'power': 'plant'}",2026-04-24 03:20:12.977631,https://www.openstreetmap.org/way/1424652927,30.261299459539238,30.588570582944005
way/1424652960,1424652960,way,Egypt,plant,Missing output tag,none,"tags: {'plant:source': 'solar', 'power': 'plant'}",2026-04-24 03:20:12.977872,https://www.openstreetmap.org/way/1424652960,23.304355264404514,32.729489218963366
way/1424653893,1424653893,way,Egypt,plant,Missing output tag,none,"tags: {'plant:source': 'solar', 'power': 'plant'}",2026-04-24 03:20:12.978041,https://www.openstreetmap.org/way/1424653893,30.538933055270164,30.468930299142862
way/1424654065,1424654065,way,Egypt,plant,Missing output tag,none,"tags: {'plant:source': 'solar', 'power': 'plant'}",2026-04-24 03:20:12.978309,https://www.openstreetmap.org/way/1424654065,28.010932873753543,30.879959226455476
way/1424654103,1424654103,way,Egypt,plant,Missing output tag,none,"tags: {'plant:source': 'solar', 'power': 'plant'}",2026-04-24 03:20:12.978482,https://www.openstreetmap.org/way/1424654103,28.656911867502455,33.21399691605178
way/1424654111,1424654111,way,Egypt,plant,Missing output tag,none,"tags: {'plant:source': 'solar', 'power': 'plant'}",2026-04-24 03:20:12.978661,https://www.openstreetmap.org/way/1424654111,27.96424158289443,30.40432050724975
way/1424654236,1424654236,way,Egypt,plant,Missing output tag,none,"tags: {'plant:source': 'solar', 'power': 'plant'}",2026-04-24 03:20:12.978833,https://www.openstreetmap.org/way/1424654236,26.465637406078233,27.841562490380262
way/1424654322,1424654322,way,Egypt,plant,Missing output tag,none,"tags: {'plant:source': 'solar', 'power': 'plant'}",2026-04-24 03:20:12.979006,https://www.openstreetmap.org/way/1424654322,29.99576349924072,31.595979792954527
way/1424654323,1424654323,way,Egypt,plant,Missing output tag,none,"tags: {'plant:source': 'solar', 'power': 'plant'}",2026-04-24 03:20:12.979222,https://www.openstreetmap.org/way/1424654323,29.99582208569209,31.595534396182543
way/1424654324,1424654324,way,Egypt,plant,Missing output tag,none,"tags: {'plant:source': 'solar', 'power': 'plant'}",2026-04-24 03:20:12.979393,https://www.openstreetmap.org/way/1424654324,29.995881884866414,31.595030267562144
way/1424654325,1424654325,way,Egypt,plant,Missing output tag,none,"tags: {'plant:source': 'solar', 'power': 'plant'}",2026-04-24 03:20:12.979563,https://www.openstreetmap.org/way/1424654325,29.9959375109719,31.59458381474604
way/1424654326,1424654326,way,Egypt,plant,Missing output tag,none,"tags: {'plant:source': 'solar', 'power': 'plant'}",2026-04-24 03:20:12.979731,https://www.openstreetmap.org/way/1424654326,29.99599661230253,31.594075983423014
way/1424654327,1424654327,way,Egypt,plant,Missing output tag,none,"tags: {'plant:source': 'solar', 'power': 'plant'}",2026-04-24 03:20:12.979901,https://www.openstreetmap.org/way/1424654327,29.996047919401548,31.59363195168346
way/1424654375,1424654375,way,Egypt,plant,Missing output tag,none,"tags: {'plant:source': 'solar', 'power': 'plant'}",2026-04-24 03:20:12.980092,https://www.openstreetmap.org/way/1424654375,30.217556439082497,30.50319063267294
way/1424654625,1424654625,way,Egypt,plant,Missing output tag,none,"tags: {'plant:source': 'solar', 'power': 'plant'}",2026-04-24 03:20:12.980503,https://www.openstreetmap.org/way/1424654625,29.794413178645613,32.14621162697312
way/1424654803,1424654803,way,Egypt,plant,Missing output tag,none,"tags: {'plant:source': 'solar', 'power': 'plant'}",2026-04-24 03:20:12.980672,https://www.openstreetmap.org/way/1424654803,30.338773020245206,30.629157151259392
way/1424667549,1424667549,way,Egypt,plant,Missing output tag,none,"tags: {'plant:source': 'solar', 'power': 'plant'}",2026-04-24 03:20:12.980881,https://www.openstreetmap.org/way/1424667549,25.479770822127062,30.576850050973658
way/1424667884,1424667884,way,Egypt,plant,Missing output tag,none,"tags: {'plant:source': 'solar', 'power': 'plant'}",2026-04-24 03:20:12.981050,https://www.openstreetmap.org/way/1424667884,29.82626458518125,31.33317722964311
way/1424667918,1424667918,way,Egypt,plant,Missing output tag,none,"tags: {'plant:source': 'solar', 'power': 'plant'}",2026-04-24 03:20:12.981252,https://www.openstreetmap.org/way/1424667918,28.215096499226817,28.93657212526669
way/1424668267,1424668267,way,Egypt,plant,Missing output tag,none,"tags: {'plant:source': 'solar', 'power': 'plant'}",2026-04-24 03:20:12.981532,https://www.openstreetmap.org/way/1424668267,30.70440707159347,30.0515964684304
way/1424668402,1424668402,way,Egypt,plant,Missing output tag,none,"tags: {'plant:source': 'solar', 'power': 'plant'}",2026-04-24 03:20:12.981741,https://www.openstreetmap.org/way/1424668402,30.15097673272036,30.827070570671957
way/1424668815,1424668815,way,Egypt,plant,Missing output tag,none,"tags: {'plant:source': 'solar', 'power': 'plant'}",2026-04-24 03:20:12.981960,https://www.openstreetmap.org/way/1424668815,30.223168022771194,29.995642049693014
way/1424669172,1424669172,way,Egypt,plant,Missing output tag,none,"tags: {'plant:source': 'solar', 'power': 'plant'}",2026-04-24 03:20:12.982169,https://www.openstreetmap.org/way/1424669172,29.989688928273868,31.439666791010875
way/1424669751,1424669751,way,Egypt,plant,Missing output tag,none,"tags: {'plant:source': 'solar', 'power': 'plant'}",2026-04-24 03:20:12.982361,https://www.openstreetmap.org/way/1424669751,30.08443909372309,31.406076829359698
way/1424669971,1424669971,way,Egypt,plant,Missing output tag,none,"tags: {'plant:source': 'solar', 'power': 'plant'}",2026-04-24 03:20:12.982598,https://www.openstreetmap.org/way/1424669971,30.277971584685062,30.08396574448506
way/1424670487,1424670487,way,Egypt,plant,Missing output tag,none,"tags: {'plant:source': 'solar', 'power': 'plant'}",2026-04-24 03:20:12.982822,https://www.openstreetmap.org/way/1424670487,28.709524140874034,29.029721249888105
way/1461545276,1461545276,way,Egypt,plant,Missing output tag,none,"tags: {'plant:source': 'solar', 'power': 'plant'}",2026-04-24 03:20:12.983017,https://www.openstreetmap.org/way/1461545276,28.017231016854137,34.387931560045345
way/161963067,161963067,way,Libya,plant,Missing source tag,none,"tags: {'landuse': 'industrial', 'name': 'محطة كهرباء شرق طرابلس', 'name:en': 'East Tripoli power station', 'plant:output:electricity': '12 MW', 'power': 'plant'}",2026-04-24 03:24:32.256168,https://www.openstreetmap.org/way/161963067,32.847372019861666,13.332898575297397
way/169562938,169562938,way,Libya,plant,Capacity placeholder value,yes,Tag 'plant:output:electricity' contains placeholder value 'yes' instead of actual capacity,2026-04-24 03:24:32.256347,https://www.openstreetmap.org/way/169562938,29.015068699999997,18.450834
way/193807018,193807018,way,Libya,plant,Missing source tag,none,"tags: {'addr:city': 'تراغن', 'barrier': 'wall', 'landuse': 'industrial', 'name': 'تراغن', 'name:ar': 'تراغن', 'power': 'plant'}",2026-04-24 03:24:32.257308,https://www.openstreetmap.org/way/193807018,25.94766814278095,14.470882068413745
way/195230726,195230726,way,Libya,plant,Missing output tag,none,"tags: {'plant:method': 'combustion', 'plant:source': 'gas;oil', 'power': 'plant'}",2026-04-24 03:24:32.257478,https://www.openstreetmap.org/way/195230726,24.121946800000003,23.29005495
way/196394003,196394003,way,Libya,plant,Missing output tag,none,"tags: {'barrier': 'wall', 'landuse': 'industrial', 'name': '66KVA', 'plant:source': 'biofuel', 'power': 'plant'}",2026-04-24 03:24:32.257655,https://www.openstreetmap.org/way/196394003,31.838277105907796,14.07864016982603
way/224243440,224243440,way,Libya,plant,Capacity placeholder value,yes,Tag 'plant:output:electricity' contains placeholder value 'yes' instead of actual capacity,2026-04-24 03:24:32.258253,https://www.openstreetmap.org/way/224243440,31.906065099999996,11.99769505
way/475585279,475585279,way,Libya,plant,Missing source tag,none,"tags: {'landuse': 'industrial', 'name': 'شركة الكهرباء', 'name:ar': 'شركة الكهرباء', 'power': 'plant'}",2026-04-24 03:24:32.259900,https://www.openstreetmap.org/way/475585279,32.35524347251451,15.047328794561654
way/606156227,606156227,way,Libya,plant,Missing output tag,none,"tags: {'plant:source': 'oil', 'power': 'plant'}",2026-04-24 03:24:32.260260,https://www.openstreetmap.org/way/606156227,26.909200930314984,22.095825098049886
way/766225226,766225226,way,Libya,plant,Capacity placeholder value,yes,Tag 'plant:output:electricity' contains placeholder value 'yes' instead of actual capacity,2026-04-24 03:24:32.260698,https://www.openstreetmap.org/way/766225226,31.761800788256544,14.012740625931075
way/867978183,867978183,way,Libya,plant,Missing output tag,none,"tags: {'barrier': 'wall', 'landuse': 'industrial', 'plant:source': 'biofuel', 'power': 'plant'}",2026-04-24 03:24:32.261516,https://www.openstreetmap.org/way/867978183,31.76954947696507,14.070692533906303
way/875632765,875632765,way,Libya,plant,Missing output tag,none,"tags: {'barrier': 'fence', 'landuse': 'industrial', 'name': 'محطة كهرباء مشروع النهر الصناعي', 'name:ar': 'محطة كهرباء مشروع النهر الصناعي', 'plant:method': 'combustion', 'plant:source': 'oil', 'power': 'plant'}",2026-04-24 03:24:32.261691,https://www.openstreetmap.org/way/875632765,27.5875328792501,21.60057876782087
way/1132089777,1132089777,way,Libya,plant,Missing source tag,none,"tags: {'plant:method': 'combustion', 'power': 'plant'}",2026-04-24 03:24:32.262993,https://www.openstreetmap.org/way/1132089777,27.987333995406296,22.330417324451382
way/1240736127,1240736127,way,Libya,plant,Missing source tag,none,"tags: {'landuse': 'industrial', 'name': 'كهرباء', 'power': 'plant'}",2026-04-24 03:24:32.263178,https://www.openstreetmap.org/way/1240736127,29.20928793282098,19.211931900253294
way/1327770378,1327770378,way,Libya,plant,Capacity placeholder value,yes,Tag 'plant:output:electricity' contains placeholder value 'yes' instead of actual capacity,2026-04-24 03:24:32.263384,https://www.openstreetmap.org/way/1327770378,28.44953572432061,19.518471232405535
way/1328110580,1328110580,way,Libya,plant,Missing source type,شركة_الكهرباء,Source value 'شركة_الكهرباء' from tag 'generator:source' is not recognized,2026-04-24 03:24:32.263544,https://www.openstreetmap.org/way/1328110580,32.73056309837199,12.456350485397746
way/1415736370,1415736370,way,Libya,plant,Capacity placeholder value,yes,Tag 'plant:output:electricity' contains placeholder value 'yes' instead of actual capacity,2026-04-24 03:24:32.263726,https://www.openstreetmap.org/way/1415736370,27.205653936306728,14.640096296414606
way/1415737240,1415737240,way,Libya,plant,Capacity placeholder value,yes,Tag 'plant:output:electricity' contains placeholder value 'yes' instead of actual capacity,2026-04-24 03:24:32.264346,https://www.openstreetmap.org/way/1415737240,27.213980317200523,14.615478414141048
way/1416198098,1416198098,way,Libya,plant,Capacity placeholder value,yes,Tag 'plant:output:electricity' contains placeholder value 'yes' instead of actual capacity,2026-04-24 03:24:32.264608,https://www.openstreetmap.org/way/1416198098,29.10294314492097,15.925893127901416
way/262763310,262763310,way,Algeria,plant,Missing source tag,none,"tags: {'landuse': 'industrial', 'power': 'plant'}",2026-04-24 03:25:10.234292,https://www.openstreetmap.org/way/262763310,28.611903666459845,7.50544701533567
way/307015667,307015667,way,Algeria,plant,Missing output tag,none,"tags: {'name': 'Centrale électrique Tala Oulili', 'plant:source': 'hydro', 'power': 'plant'}",2026-04-24 03:25:10.236582,https://www.openstreetmap.org/way/307015667,36.515628684825515,3.951917523745212
way/366404940,366404940,way,Algeria,plant,Missing output tag,none,"tags: {'plant:method': 'water-storage', 'plant:source': 'hydro', 'power': 'plant'}",2026-04-24 03:25:10.237898,https://www.openstreetmap.org/way/366404940,35.281528110260446,-0.061998785896837855
way/371509385,371509385,way,Algeria,plant,Capacity placeholder value,yes,Tag 'plant:output:electricity' contains placeholder value 'yes' instead of actual capacity,2026-04-24 03:25:10.238519,https://www.openstreetmap.org/way/371509385,36.74741023796535,2.9717280478969665
way/377741274,377741274,way,Algeria,plant,Capacity placeholder value,yes,Tag 'plant:output:electricity' contains placeholder value 'yes' instead of actual capacity,2026-04-24 03:25:10.239084,https://www.openstreetmap.org/way/377741274,36.163766965450606,2.5604873802808843
way/380257015,380257015,way,Algeria,plant,Capacity placeholder value,yes,Tag 'plant:output:electricity' contains placeholder value 'yes' instead of actual capacity,2026-04-24 03:25:10.239768,https://www.openstreetmap.org/way/380257015,33.1253548823259,3.3562352570599367
way/381724722,381724722,way,Algeria,plant,Missing output tag,none,"tags: {'addr:city': 'عين البية', 'addr:city:ar': 'عين البية', 'name': 'مركز كهرباء', 'name:ar': 'مركز كهرباء', 'name:fr': 'Centrale Electrique', 'operator': 'Sonelgaz', 'operator:ar': 'الشركة الوطنية للكهرباء والغاز', 'operator:wikidata': 'Q3490327', 'operator:wikipedia': 'ar:سونلغاز', 'plant:source': 'gas', 'power': 'plant'}",2026-04-24 03:25:10.240405,https://www.openstreetmap.org/way/381724722,35.80655901907121,-0.2900152559324149
way/384877793,384877793,way,Algeria,plant,Missing output tag,none,"tags: {'name': 'Centrale hydroélectrique', 'plant:method': 'water-storage', 'plant:source': 'hydro', 'power': 'plant'}",2026-04-24 03:25:10.240816,https://www.openstreetmap.org/way/384877793,34.712260030293905,-1.5048094308610123
way/406778947,406778947,way,Algeria,plant,Missing output tag,none,"tags: {'plant:method': 'combustion', 'plant:source': 'gas', 'power': 'plant'}",2026-04-24 03:25:10.242325,https://www.openstreetmap.org/way/406778947,27.747320898351145,-8.152944338706181
way/407512001,407512001,way,Algeria,plant,Missing output tag,none,"tags: {'name': 'Centrale hydroélectrique Imaɣras', 'plant:source': 'hydro', 'power': 'plant'}",2026-04-24 03:25:10.242570,https://www.openstreetmap.org/way/407512001,36.5430497543806,4.271316116836798
way/433342365,433342365,way,Algeria,plant,Capacity placeholder value,yes,Tag 'plant:output:electricity' contains placeholder value 'yes' instead of actual capacity,2026-04-24 03:25:10.243393,https://www.openstreetmap.org/way/433342365,27.907637083172325,-0.31736416964528946
way/515591670,515591670,way,Algeria,plant,Missing source tag,none,"tags: {'barrier': 'wall', 'landuse': 'industrial', 'power': 'plant'}",2026-04-24 03:25:10.247134,https://www.openstreetmap.org/way/515591670,25.401813227204684,8.408749266175665
way/833562284,833562284,way,Algeria,plant,Capacity decimal format,"61,16 MW","Tag 'plant:output:electricity' uses comma as decimal separator in value '61,16 MW'",2026-04-24 03:25:10.251955,https://www.openstreetmap.org/way/833562284,30.10967116635766,-2.1901502036705516
way/852536192,852536192,way,Algeria,plant,Missing source tag,none,"tags: {'barrier': 'wall', 'power': 'plant'}",2026-04-24 03:25:10.254473,https://www.openstreetmap.org/way/852536192,34.707232227318386,8.00362924875971
way/907030293,907030293,way,Algeria,plant,Capacity placeholder value,yes,Tag 'plant:output:electricity' contains placeholder value 'yes' instead of actual capacity,2026-04-24 03:25:10.254635,https://www.openstreetmap.org/way/907030293,36.70546251707954,2.9177225642824665
way/1077395129,1077395129,way,Algeria,plant,Missing output tag,none,"tags: {'landuse': 'industrial', 'operator': 'Sonelgaz', 'operator:wikidata': 'Q3490327', 'plant:method': 'photovoltaic', 'plant:source': 'solar', 'power': 'plant'}",2026-04-24 03:25:10.254800,https://www.openstreetmap.org/way/1077395129,24.482474817720593,9.469131279251393
way/1080923934,1080923934,way,Algeria,plant,Capacity placeholder value,yes,Tag 'plant:output:electricity' contains placeholder value 'yes' instead of actual capacity,2026-04-24 03:25:10.254971,https://www.openstreetmap.org/way/1080923934,34.866281148963246,5.715829444026445
way/1098636494,1098636494,way,Algeria,plant,Missing source tag,none,"tags: {'landuse': 'industrial', 'name': 'El-Hadjar Power Station', 'power': 'plant'}",2026-04-24 03:25:10.255151,https://www.openstreetmap.org/way/1098636494,36.795936764464116,7.708182965507442
way/1117197396,1117197396,way,Algeria,plant,Missing output tag,none,"tags: {'barrier': 'fence', 'plant:method': 'photovoltaic', 'plant:source': 'solar', 'power': 'plant'}",2026-04-24 03:25:10.255331,https://www.openstreetmap.org/way/1117197396,21.348979763269977,0.9206383045074947
way/1149444970,1149444970,way,Algeria,plant,Capacity placeholder value,yes,Tag 'plant:output:electricity' contains placeholder value 'yes' instead of actual capacity,2026-04-24 03:25:10.255798,https://www.openstreetmap.org/way/1149444970,32.519731810919396,6.696308496033935
way/1172401433,1172401433,way,Algeria,plant,Capacity placeholder value,yes,Tag 'plant:output:electricity' contains placeholder value 'yes' instead of actual capacity,2026-04-24 03:25:10.255961,https://www.openstreetmap.org/way/1172401433,35.09735092439793,-1.8680346269007686
way/1172401818,1172401818,way,Algeria,plant,Capacity placeholder value,yes,Tag 'plant:output:electricity' contains placeholder value 'yes' instead of actual capacity,2026-04-24 03:25:10.256357,https://www.openstreetmap.org/way/1172401818,35.097763911067894,-1.8649959642581608
way/1172401881,1172401881,way,Algeria,plant,Capacity placeholder value,yes,Tag 'plant:output:electricity' contains placeholder value 'yes' instead of actual capacity,2026-04-24 03:25:10.256519,https://www.openstreetmap.org/way/1172401881,35.09849747596772,-1.8678323815716538
way/1172401890,1172401890,way,Algeria,plant,Capacity placeholder value,yes,Tag 'plant:output:electricity' contains placeholder value 'yes' instead of actual capacity,2026-04-24 03:25:10.256841,https://www.openstreetmap.org/way/1172401890,35.097431195280336,-1.8663459293606877
way/1172402896,1172402896,way,Algeria,plant,Capacity placeholder value,yes,Tag 'plant:output:electricity' contains placeholder value 'yes' instead of actual capacity,2026-04-24 03:25:10.256999,https://www.openstreetmap.org/way/1172402896,35.097366349999994,-1.86713825
way/1172403029,1172403029,way,Algeria,plant,Capacity placeholder value,yes,Tag 'plant:output:electricity' contains placeholder value 'yes' instead of actual capacity,2026-04-24 03:25:10.257268,https://www.openstreetmap.org/way/1172403029,35.098489961207775,-1.8645140301164145
way/1178296903,1178296903,way,Algeria,plant,Missing output tag,none,"tags: {'plant:source': 'oil', 'power': 'plant'}",2026-04-24 03:25:10.257473,https://www.openstreetmap.org/way/1178296903,28.881302177609076,-5.849672083042363
way/1239253127,1239253127,way,Algeria,plant,Capacity placeholder value,yes,Tag 'plant:output:electricity' contains placeholder value 'yes' instead of actual capacity,2026-04-24 03:25:10.257806,https://www.openstreetmap.org/way/1239253127,36.71054208513051,3.178881224007715
way/1282887805,1282887805,way,Algeria,plant,Missing source tag,none,"tags: {'landuse': 'industrial', 'power': 'plant'}",2026-04-24 03:25:10.257968,https://www.openstreetmap.org/way/1282887805,36.50470106500337,6.275965702385509
way/1307299844,1307299844,way,Algeria,plant,Capacity placeholder value,yes,Tag 'plant:output:electricity' contains placeholder value 'yes' instead of actual capacity,2026-04-24 03:25:10.258471,https://www.openstreetmap.org/way/1307299844,19.988547474647863,2.970475776910868
way/1307299845,1307299845,way,Algeria,plant,Capacity placeholder value,yes,Tag 'plant:output:electricity' contains placeholder value 'yes' instead of actual capacity,2026-04-24 03:25:10.258789,https://www.openstreetmap.org/way/1307299845,19.98881228627122,2.9713714723836473
way/1307299846,1307299846,way,Algeria,plant,Capacity placeholder value,yes,Tag 'plant:output:electricity' contains placeholder value 'yes' instead of actual capacity,2026-04-24 03:25:10.259038,https://www.openstreetmap.org/way/1307299846,19.988410782231632,2.972035833407377
way/1307299847,1307299847,way,Algeria,plant,Capacity placeholder value,yes,Tag 'plant:output:electricity' contains placeholder value 'yes' instead of actual capacity,2026-04-24 03:25:10.259238,https://www.openstreetmap.org/way/1307299847,19.989259351864067,2.9722292272705055
way/1307299848,1307299848,way,Algeria,plant,Capacity placeholder value,yes,Tag 'plant:output:electricity' contains placeholder value 'yes' instead of actual capacity,2026-04-24 03:25:10.259576,https://www.openstreetmap.org/way/1307299848,19.988870449140585,2.972869825167249
way/1334160941,1334160941,way,Algeria,plant,Missing output tag,none,"tags: {'plant:source': 'solar', 'power': 'plant', 'source': 'ESRI'}",2026-04-24 03:25:10.259951,https://www.openstreetmap.org/way/1334160941,28.18349407840169,6.808427697042759
way/1360113338,1360113338,way,Algeria,plant,Capacity placeholder value,yes,Tag 'plant:output:electricity' contains placeholder value 'yes' instead of actual capacity,2026-04-24 03:25:10.260151,https://www.openstreetmap.org/way/1360113338,29.30046715283288,-0.518943764805876
way/1409691259,1409691259,way,Algeria,plant,Capacity placeholder value,yes,Tag 'plant:output:electricity' contains placeholder value 'yes' instead of actual capacity,2026-04-24 03:25:10.261239,https://www.openstreetmap.org/way/1409691259,31.21971770241595,8.575119793360448
way/1424653555,1424653555,way,Algeria,plant,Missing output tag,none,"tags: {'plant:source': 'solar', 'power': 'plant'}",2026-04-24 03:25:10.261402,https://www.openstreetmap.org/way/1424653555,27.600971791826872,-8.110814238727755
way/1424654901,1424654901,way,Algeria,plant,Missing output tag,none,"tags: {'plant:source': 'solar', 'power': 'plant'}",2026-04-24 03:25:10.261618,https://www.openstreetmap.org/way/1424654901,29.40545437006052,-3.2722451654158844
way/1424669982,1424669982,way,Algeria,plant,Missing output tag,none,"tags: {'plant:source': 'solar', 'power': 'plant'}",2026-04-24 03:25:10.261943,https://www.openstreetmap.org/way/1424669982,20.44847793572543,1.8182412779848933
way/1461521813,1461521813,way,Algeria,plant,Missing output tag,none,"tags: {'plant:source': 'hydro', 'power': 'plant'}",2026-04-24 03:25:10.262271,https://www.openstreetmap.org/way/1461521813,36.410165324489775,4.190882315526646
way/1463118765,1463118765,way,Algeria,plant,Missing source tag,none,tags: {'power': 'plant'},2026-04-24 03:25:10.262434,https://www.openstreetmap.org/way/1463118765,22.78158358838034,5.513567464834615
way/1463118767,1463118767,way,Algeria,plant,Missing source tag,none,tags: {'power': 'plant'},2026-04-24 03:25:10.262585,https://www.openstreetmap.org/way/1463118767,25.240571234378685,3.674588655283724
way/1463118769,1463118769,way,Algeria,plant,Missing output tag,none,"tags: {'plant:source': 'solar', 'power': 'plant'}",2026-04-24 03:25:10.262846,https://www.openstreetmap.org/way/1463118769,31.212259396262116,8.564001617580752
way/1463118792,1463118792,way,Algeria,plant,Missing output tag,none,"tags: {'plant:source': 'solar', 'power': 'plant'}",2026-04-24 03:25:10.263021,https://www.openstreetmap.org/way/1463118792,27.875566827643805,-0.3425147840693184
way/1463118794,1463118794,way,Algeria,plant,Missing output tag,none,"tags: {'plant:source': 'hydro', 'power': 'plant'}",2026-04-24 03:25:10.263238,https://www.openstreetmap.org/way/1463118794,36.38978871507677,2.519007480890687
way/1497696419,1497696419,way,Algeria,plant,Missing source tag,none,"tags: {'operator': 'Sonelgaz', 'operator:ar': 'الشركة الوطنية للكهرباء والغاز', 'operator:en': 'Sonelgaz', 'operator:wikidata': 'Q3490327', 'power': 'plant'}",2026-04-24 03:25:10.263403,https://www.openstreetmap.org/way/1497696419,36.69082770357868,6.576579933373633
node/3640096348,3640096348,node,Morocco,generator,Capacity regex no match,2300 kW,Tag 'generator:output:electricity' has value '2300 kW' which could not be parsed,2026-04-24 03:28:36.351425,https://www.openstreetmap.org/node/3640096348,27.0255981,-13.3942133
node/3640096343,3640096343,node,Morocco,generator,Capacity regex no match,2300 kW,Tag 'generator:output:electricity' has value '2300 kW' which could not be parsed,2026-04-24 03:28:36.351461,https://www.openstreetmap.org/node/3640096343,27.0253567,-13.3912981
node/3640096342,3640096342,node,Morocco,generator,Capacity regex no match,2300 kW,Tag 'generator:output:electricity' has value '2300 kW' which could not be parsed,2026-04-24 03:28:36.351486,https://www.openstreetmap.org/node/3640096342,27.0253567,-13.3882877
node/3640096346,3640096346,node,Morocco,generator,Capacity regex no match,2300 kW,Tag 'generator:output:electricity' has value '2300 kW' which could not be parsed,2026-04-24 03:28:36.351507,https://www.openstreetmap.org/node/3640096346,27.0253959,-13.3848561
node/3640096344,3640096344,node,Morocco,generator,Capacity regex no match,2300 kW,Tag 'generator:output:electricity' has value '2300 kW' which could not be parsed,2026-04-24 03:28:36.351527,https://www.openstreetmap.org/node/3640096344,27.0253796,-13.3814539
node/3640096345,3640096345,node,Morocco,generator,Capacity regex no match,2300 kW,Tag 'generator:output:electricity' has value '2300 kW' which could not be parsed,2026-04-24 03:28:36.351547,https://www.openstreetmap.org/node/3640096345,27.0253926,-13.3780113
node/3640096347,3640096347,node,Morocco,generator,Capacity regex no match,2300 kW,Tag 'generator:output:electricity' has value '2300 kW' which could not be parsed,2026-04-24 03:28:36.351567,https://www.openstreetmap.org/node/3640096347,27.0254187,-13.3745834
node/3107479108,3107479108,node,Morocco,generator,Capacity regex no match,2300 kW,Tag 'generator:output:electricity' has value '2300 kW' which could not be parsed,2026-04-24 03:28:36.351586,https://www.openstreetmap.org/node/3107479108,27.0254501,-13.3711511
node/3107479109,3107479109,node,Morocco,generator,Capacity regex no match,2300 kW,Tag 'generator:output:electricity' has value '2300 kW' which could not be parsed,2026-04-24 03:28:36.351605,https://www.openstreetmap.org/node/3107479109,27.0254664,-13.3677201
node/3107479097,3107479097,node,Morocco,generator,Capacity regex no match,2300 kW,Tag 'generator:output:electricity' has value '2300 kW' which could not be parsed,2026-04-24 03:28:36.351624,https://www.openstreetmap.org/node/3107479097,27.0167883,-13.3702905
node/3107479099,3107479099,node,Morocco,generator,Capacity regex no match,2300 kW,Tag 'generator:output:electricity' has value '2300 kW' which could not be parsed,2026-04-24 03:28:36.351643,https://www.openstreetmap.org/node/3107479099,27.0172777,-13.374779
node/3107479100,3107479100,node,Morocco,generator,Capacity regex no match,2300 kW,Tag 'generator:output:electricity' has value '2300 kW' which could not be parsed,2026-04-24 03:28:36.351662,https://www.openstreetmap.org/node/3107479100,27.0177406,-13.3792309
node/3107479101,3107479101,node,Morocco,generator,Capacity regex no match,2300 kW,Tag 'generator:output:electricity' has value '2300 kW' which could not be parsed,2026-04-24 03:28:36.351681,https://www.openstreetmap.org/node/3107479101,27.0182239,-13.3837308
node/3107479103,3107479103,node,Morocco,generator,Capacity regex no match,2300 kW,Tag 'generator:output:electricity' has value '2300 kW' which could not be parsed,2026-04-24 03:28:36.351700,https://www.openstreetmap.org/node/3107479103,27.018911,-13.3880041
node/3107479091,3107479091,node,Morocco,generator,Capacity regex no match,2300 kW,Tag 'generator:output:electricity' has value '2300 kW' which could not be parsed,2026-04-24 03:28:36.351718,https://www.openstreetmap.org/node/3107479091,27.0126984,-13.3901866
node/3107479093,3107479093,node,Morocco,generator,Capacity regex no match,2300 kW,Tag 'generator:output:electricity' has value '2300 kW' which could not be parsed,2026-04-24 03:28:36.351737,https://www.openstreetmap.org/node/3107479093,27.0137942,-13.3942295
node/3107479095,3107479095,node,Morocco,generator,Capacity regex no match,2300 kW,Tag 'generator:output:electricity' has value '2300 kW' which could not be parsed,2026-04-24 03:28:36.351755,https://www.openstreetmap.org/node/3107479095,27.0148713,-13.3983247
node/3107479107,3107479107,node,Morocco,generator,Capacity regex no match,2300 kW,Tag 'generator:output:electricity' has value '2300 kW' which could not be parsed,2026-04-24 03:28:36.351774,https://www.openstreetmap.org/node/3107479107,27.0241841,-13.401134
node/3924458133,3924458133,node,Morocco,generator,Capacity regex no match,2300 kW,Tag 'generator:output:electricity' has value '2300 kW' which could not be parsed,2026-04-24 03:28:36.351791,https://www.openstreetmap.org/node/3924458133,27.0250041,-13.4043344
node/3107479088,3107479088,node,Morocco,generator,Capacity regex no match,2300 kW,Tag 'generator:output:electricity' has value '2300 kW' which could not be parsed,2026-04-24 03:28:36.351810,https://www.openstreetmap.org/node/3107479088,27.0100928,-13.3797181
node/3107479086,3107479086,node,Morocco,generator,Capacity regex no match,2300 kW,Tag 'generator:output:electricity' has value '2300 kW' which could not be parsed,2026-04-24 03:28:36.351829,https://www.openstreetmap.org/node/3107479086,27.0092796,-13.3767919
node/3107479085,3107479085,node,Morocco,generator,Capacity regex no match,2300 kW,Tag 'generator:output:electricity' has value '2300 kW' which could not be parsed,2026-04-24 03:28:36.351847,https://www.openstreetmap.org/node/3107479085,27.0085009,-13.372969
node/1078985424,1078985424,node,Morocco,generator,Capacity placeholder value,yes,Tag 'generator:output:electricity' contains placeholder value 'yes' instead of actual capacity,2026-04-24 03:28:36.380763,https://www.openstreetmap.org/node/1078985424,35.7942818,-5.4615583
node/1078985297,1078985297,node,Morocco,generator,Capacity placeholder value,yes,Tag 'generator:output:electricity' contains placeholder value 'yes' instead of actual capacity,2026-04-24 03:28:36.380795,https://www.openstreetmap.org/node/1078985297,35.799774,-5.4619762
node/1078985554,1078985554,node,Morocco,generator,Capacity placeholder value,yes,Tag 'generator:output:electricity' contains placeholder value 'yes' instead of actual capacity,2026-04-24 03:28:36.380811,https://www.openstreetmap.org/node/1078985554,35.7993066,-5.4620784
node/1078984916,1078984916,node,Morocco,generator,Capacity placeholder value,yes,Tag 'generator:output:electricity' contains placeholder value 'yes' instead of actual capacity,2026-04-24 03:28:36.380825,https://www.openstreetmap.org/node/1078984916,35.849736,-5.4433277
node/1078985813,1078985813,node,Morocco,generator,Capacity placeholder value,yes,Tag 'generator:output:electricity' contains placeholder value 'yes' instead of actual capacity,2026-04-24 03:28:36.380839,https://www.openstreetmap.org/node/1078985813,35.8070341,-5.4625977
node/1078985691,1078985691,node,Morocco,generator,Capacity placeholder value,yes,Tag 'generator:output:electricity' contains placeholder value 'yes' instead of actual capacity,2026-04-24 03:28:36.380851,https://www.openstreetmap.org/node/1078985691,35.7937292,-5.461569
node/1078985820,1078985820,node,Morocco,generator,Capacity placeholder value,yes,Tag 'generator:output:electricity' contains placeholder value 'yes' instead of actual capacity,2026-04-24 03:28:36.380863,https://www.openstreetmap.org/node/1078985820,35.813658,-5.4554737
node/1078985180,1078985180,node,Morocco,generator,Capacity placeholder value,yes,Tag 'generator:output:electricity' contains placeholder value 'yes' instead of actual capacity,2026-04-24 03:28:36.380875,https://www.openstreetmap.org/node/1078985180,35.844481,-5.4457325
node/1078984924,1078984924,node,Morocco,generator,Capacity placeholder value,yes,Tag 'generator:output:electricity' contains placeholder value 'yes' instead of actual capacity,2026-04-24 03:28:36.380886,https://www.openstreetmap.org/node/1078984924,35.7929524,-5.4616603
node/1078985792,1078985792,node,Morocco,generator,Capacity placeholder value,yes,Tag 'generator:output:electricity' contains placeholder value 'yes' instead of actual capacity,2026-04-24 03:28:36.380899,https://www.openstreetmap.org/node/1078985792,35.7892071,-5.4614802
node/1078985410,1078985410,node,Morocco,generator,Capacity placeholder value,yes,Tag 'generator:output:electricity' contains placeholder value 'yes' instead of actual capacity,2026-04-24 03:28:36.380910,https://www.openstreetmap.org/node/1078985410,35.8412107,-5.443485
node/1078985156,1078985156,node,Morocco,generator,Capacity placeholder value,yes,Tag 'generator:output:electricity' contains placeholder value 'yes' instead of actual capacity,2026-04-24 03:28:36.380921,https://www.openstreetmap.org/node/1078985156,35.8327144,-5.4465367
node/1078985028,1078985028,node,Morocco,generator,Capacity placeholder value,yes,Tag 'generator:output:electricity' contains placeholder value 'yes' instead of actual capacity,2026-04-24 03:28:36.380932,https://www.openstreetmap.org/node/1078985028,35.8222843,-5.4528543
node/1078985670,1078985670,node,Morocco,generator,Capacity placeholder value,yes,Tag 'generator:output:electricity' contains placeholder value 'yes' instead of actual capacity,2026-04-24 03:28:36.380943,https://www.openstreetmap.org/node/1078985670,35.8187909,-5.4535037
node/1078985799,1078985799,node,Morocco,generator,Capacity placeholder value,yes,Tag 'generator:output:electricity' contains placeholder value 'yes' instead of actual capacity,2026-04-24 03:28:36.380954,https://www.openstreetmap.org/node/1078985799,35.7988156,-5.4621002
node/1078985543,1078985543,node,Morocco,generator,Capacity placeholder value,yes,Tag 'generator:output:electricity' contains placeholder value 'yes' instead of actual capacity,2026-04-24 03:28:36.380965,https://www.openstreetmap.org/node/1078985543,35.7897396,-5.461524
node/1078985033,1078985033,node,Morocco,generator,Capacity placeholder value,yes,Tag 'generator:output:electricity' contains placeholder value 'yes' instead of actual capacity,2026-04-24 03:28:36.380976,https://www.openstreetmap.org/node/1078985033,35.8419282,-5.4446931
node/1078985417,1078985417,node,Morocco,generator,Capacity placeholder value,yes,Tag 'generator:output:electricity' contains placeholder value 'yes' instead of actual capacity,2026-04-24 03:28:36.380987,https://www.openstreetmap.org/node/1078985417,35.8388907,-5.443637
node/1078985289,1078985289,node,Morocco,generator,Capacity placeholder value,yes,Tag 'generator:output:electricity' contains placeholder value 'yes' instead of actual capacity,2026-04-24 03:28:36.380998,https://www.openstreetmap.org/node/1078985289,35.8507915,-5.4410891
node/1078985675,1078985675,node,Morocco,generator,Capacity placeholder value,yes,Tag 'generator:output:electricity' contains placeholder value 'yes' instead of actual capacity,2026-04-24 03:28:36.381009,https://www.openstreetmap.org/node/1078985675,35.8381498,-5.4441659
node/1078985550,1078985550,node,Morocco,generator,Capacity placeholder value,yes,Tag 'generator:output:electricity' contains placeholder value 'yes' instead of actual capacity,2026-04-24 03:28:36.381021,https://www.openstreetmap.org/node/1078985550,35.8502021,-5.441357
node/1078985330,1078985330,node,Morocco,generator,Capacity placeholder value,yes,Tag 'generator:output:electricity' contains placeholder value 'yes' instead of actual capacity,2026-04-24 03:28:36.381033,https://www.openstreetmap.org/node/1078985330,35.8170851,-5.453824
node/1078985459,1078985459,node,Morocco,generator,Capacity placeholder value,yes,Tag 'generator:output:electricity' contains placeholder value 'yes' instead of actual capacity,2026-04-24 03:28:36.381044,https://www.openstreetmap.org/node/1078985459,35.8113573,-5.4618901
node/1078985846,1078985846,node,Morocco,generator,Capacity placeholder value,yes,Tag 'generator:output:electricity' contains placeholder value 'yes' instead of actual capacity,2026-04-24 03:28:36.381055,https://www.openstreetmap.org/node/1078985846,35.7913096,-5.4622865
node/1078985208,1078985208,node,Morocco,generator,Capacity placeholder value,yes,Tag 'generator:output:electricity' contains placeholder value 'yes' instead of actual capacity,2026-04-24 03:28:36.381084,https://www.openstreetmap.org/node/1078985208,35.7983482,-5.4621659
node/1078985337,1078985337,node,Morocco,generator,Capacity placeholder value,yes,Tag 'generator:output:electricity' contains placeholder value 'yes' instead of actual capacity,2026-04-24 03:28:36.381097,https://www.openstreetmap.org/node/1078985337,35.8370122,-5.4450084
node/1078985083,1078985083,node,Morocco,generator,Capacity placeholder value,yes,Tag 'generator:output:electricity' contains placeholder value 'yes' instead of actual capacity,2026-04-24 03:28:36.381108,https://www.openstreetmap.org/node/1078985083,35.7949108,-5.4618741
node/1078985852,1078985852,node,Morocco,generator,Capacity placeholder value,yes,Tag 'generator:output:electricity' contains placeholder value 'yes' instead of actual capacity,2026-04-24 03:28:36.381119,https://www.openstreetmap.org/node/1078985852,35.8513566,-5.440898
node/1078985470,1078985470,node,Morocco,generator,Capacity placeholder value,yes,Tag 'generator:output:electricity' contains placeholder value 'yes' instead of actual capacity,2026-04-24 03:28:36.381130,https://www.openstreetmap.org/node/1078985470,35.8318633,-5.4482216
node/1078985726,1078985726,node,Morocco,generator,Capacity placeholder value,yes,Tag 'generator:output:electricity' contains placeholder value 'yes' instead of actual capacity,2026-04-24 03:28:36.381141,https://www.openstreetmap.org/node/1078985726,35.8229414,-5.4508734
node/1078985312,1078985312,node,Morocco,generator,Capacity placeholder value,yes,Tag 'generator:output:electricity' contains placeholder value 'yes' instead of actual capacity,2026-04-24 03:28:36.381151,https://www.openstreetmap.org/node/1078985312,35.8081067,-5.4623076
node/1078985696,1078985696,node,Morocco,generator,Capacity placeholder value,yes,Tag 'generator:output:electricity' contains placeholder value 'yes' instead of actual capacity,2026-04-24 03:28:36.381163,https://www.openstreetmap.org/node/1078985696,35.8035721,-5.4631871
node/1078985442,1078985442,node,Morocco,generator,Capacity placeholder value,yes,Tag 'generator:output:electricity' contains placeholder value 'yes' instead of actual capacity,2026-04-24 03:28:36.381174,https://www.openstreetmap.org/node/1078985442,35.804518,-5.4630638
node/1078985187,1078985187,node,Morocco,generator,Capacity placeholder value,yes,Tag 'generator:output:electricity' contains placeholder value 'yes' instead of actual capacity,2026-04-24 03:28:36.381185,https://www.openstreetmap.org/node/1078985187,35.7884083,-5.4621002
node/1078985830,1078985830,node,Morocco,generator,Capacity placeholder value,yes,Tag 'generator:output:electricity' contains placeholder value 'yes' instead of actual capacity,2026-04-24 03:28:36.381196,https://www.openstreetmap.org/node/1078985830,35.8356938,-5.4448804
node/1078985575,1078985575,node,Morocco,generator,Capacity placeholder value,yes,Tag 'generator:output:electricity' contains placeholder value 'yes' instead of actual capacity,2026-04-24 03:28:36.381207,https://www.openstreetmap.org/node/1078985575,35.807598,-5.4625346
node/1078985834,1078985834,node,Morocco,generator,Capacity placeholder value,yes,Tag 'generator:output:electricity' contains placeholder value 'yes' instead of actual capacity,2026-04-24 03:28:36.381217,https://www.openstreetmap.org/node/1078985834,35.8480336,-5.4441645
node/1078985708,1078985708,node,Morocco,generator,Capacity placeholder value,yes,Tag 'generator:output:electricity' contains placeholder value 'yes' instead of actual capacity,2026-04-24 03:28:36.381228,https://www.openstreetmap.org/node/1078985708,35.810818,-5.4620324
node/1078985581,1078985581,node,Morocco,generator,Capacity placeholder value,yes,Tag 'generator:output:electricity' contains placeholder value 'yes' instead of actual capacity,2026-04-24 03:28:36.381238,https://www.openstreetmap.org/node/1078985581,35.8146749,-5.4546998
node/1078985070,1078985070,node,Morocco,generator,Capacity placeholder value,yes,Tag 'generator:output:electricity' contains placeholder value 'yes' instead of actual capacity,2026-04-24 03:28:36.381248,https://www.openstreetmap.org/node/1078985070,35.8395409,-5.4435347
node/1078985746,1078985746,node,Morocco,generator,Capacity placeholder value,yes,Tag 'generator:output:electricity' contains placeholder value 'yes' instead of actual capacity,2026-04-24 03:28:36.381259,https://www.openstreetmap.org/node/1078985746,35.7954718,-5.4617353
node/1078985620,1078985620,node,Morocco,generator,Capacity placeholder value,yes,Tag 'generator:output:electricity' contains placeholder value 'yes' instead of actual capacity,2026-04-24 03:28:36.381269,https://www.openstreetmap.org/node/1078985620,35.791766,-5.4620181
node/1078985492,1078985492,node,Morocco,generator,Capacity placeholder value,yes,Tag 'generator:output:electricity' contains placeholder value 'yes' instead of actual capacity,2026-04-24 03:28:36.381280,https://www.openstreetmap.org/node/1078985492,35.7961006,-5.4617889
node/1078985364,1078985364,node,Morocco,generator,Capacity placeholder value,yes,Tag 'generator:output:electricity' contains placeholder value 'yes' instead of actual capacity,2026-04-24 03:28:36.381290,https://www.openstreetmap.org/node/1078985364,35.8523989,-5.4405411
node/1078985368,1078985368,node,Morocco,generator,Capacity placeholder value,yes,Tag 'generator:output:electricity' contains placeholder value 'yes' instead of actual capacity,2026-04-24 03:28:36.381300,https://www.openstreetmap.org/node/1078985368,35.8022732,-5.4623643
node/1078985496,1078985496,node,Morocco,generator,Capacity placeholder value,yes,Tag 'generator:output:electricity' contains placeholder value 'yes' instead of actual capacity,2026-04-24 03:28:36.381311,https://www.openstreetmap.org/node/1078985496,35.8060463,-5.4627745
node/1593921227,1593921227,node,Morocco,generator,Capacity placeholder value,yes,Tag 'generator:output:electricity' contains placeholder value 'yes' instead of actual capacity,2026-04-24 03:28:36.381321,https://www.openstreetmap.org/node/1593921227,35.8473523,-5.4320419
node/1078985242,1078985242,node,Morocco,generator,Capacity placeholder value,yes,Tag 'generator:output:electricity' contains placeholder value 'yes' instead of actual capacity,2026-04-24 03:28:36.381332,https://www.openstreetmap.org/node/1078985242,35.812954,-5.4558377
node/1593921229,1593921229,node,Morocco,generator,Capacity placeholder value,yes,Tag 'generator:output:electricity' contains placeholder value 'yes' instead of actual capacity,2026-04-24 03:28:36.381344,https://www.openstreetmap.org/node/1593921229,35.8499308,-5.4314519
node/1078985628,1078985628,node,Morocco,generator,Capacity placeholder value,yes,Tag 'generator:output:electricity' contains placeholder value 'yes' instead of actual capacity,2026-04-24 03:28:36.381355,https://www.openstreetmap.org/node/1078985628,35.8519368,-5.4407238
node/1078985116,1078985116,node,Morocco,generator,Capacity placeholder value,yes,Tag 'generator:output:electricity' contains placeholder value 'yes' instead of actual capacity,2026-04-24 03:28:36.381366,https://www.openstreetmap.org/node/1078985116,35.8049288,-5.4630727
node/1593921231,1593921231,node,Morocco,generator,Capacity placeholder value,yes,Tag 'generator:output:electricity' contains placeholder value 'yes' instead of actual capacity,2026-04-24 03:28:36.381377,https://www.openstreetmap.org/node/1593921231,35.846787,-5.4321332
node/1593921230,1593921230,node,Morocco,generator,Capacity placeholder value,yes,Tag 'generator:output:electricity' contains placeholder value 'yes' instead of actual capacity,2026-04-24 03:28:36.381387,https://www.openstreetmap.org/node/1593921230,35.8514265,-5.43113
node/1078985472,1078985472,node,Morocco,generator,Capacity placeholder value,yes,Tag 'generator:output:electricity' contains placeholder value 'yes' instead of actual capacity,2026-04-24 03:28:36.381398,https://www.openstreetmap.org/node/1078985472,35.8437514,-5.4456451
node/1078985858,1078985858,node,Morocco,generator,Capacity placeholder value,yes,Tag 'generator:output:electricity' contains placeholder value 'yes' instead of actual capacity,2026-04-24 03:28:36.381409,https://www.openstreetmap.org/node/1078985858,35.8003301,-5.4619398
node/1593921235,1593921235,node,Morocco,generator,Capacity placeholder value,yes,Tag 'generator:output:electricity' contains placeholder value 'yes' instead of actual capacity,2026-04-24 03:28:36.381422,https://www.openstreetmap.org/node/1593921235,35.8483785,-5.4318488
node/1078985730,1078985730,node,Morocco,generator,Capacity placeholder value,yes,Tag 'generator:output:electricity' contains placeholder value 'yes' instead of actual capacity,2026-04-24 03:28:36.381433,https://www.openstreetmap.org/node/1078985730,35.842929,-5.445341
node/1078985602,1078985602,node,Morocco,generator,Capacity placeholder value,yes,Tag 'generator:output:electricity' contains placeholder value 'yes' instead of actual capacity,2026-04-24 03:28:36.381444,https://www.openstreetmap.org/node/1078985602,35.8361994,-5.4446878
node/1078985219,1078985219,node,Morocco,generator,Capacity placeholder value,yes,Tag 'generator:output:electricity' contains placeholder value 'yes' instead of actual capacity,2026-04-24 03:28:36.381455,https://www.openstreetmap.org/node/1078985219,35.8064689,-5.4627518
node/1078985349,1078985349,node,Morocco,generator,Capacity placeholder value,yes,Tag 'generator:output:electricity' contains placeholder value 'yes' instead of actual capacity,2026-04-24 03:28:36.381466,https://www.openstreetmap.org/node/1078985349,35.8491199,-5.4435888
node/1593921236,1593921236,node,Morocco,generator,Capacity placeholder value,yes,Tag 'generator:output:electricity' contains placeholder value 'yes' instead of actual capacity,2026-04-24 03:28:36.381476,https://www.openstreetmap.org/node/1593921236,35.8509613,-5.4311944
node/1593921239,1593921239,node,Morocco,generator,Capacity placeholder value,yes,Tag 'generator:output:electricity' contains placeholder value 'yes' instead of actual capacity,2026-04-24 03:28:36.381487,https://www.openstreetmap.org/node/1593921239,35.850425,-5.431303
node/1078985734,1078985734,node,Morocco,generator,Capacity placeholder value,yes,Tag 'generator:output:electricity' contains placeholder value 'yes' instead of actual capacity,2026-04-24 03:28:36.381498,https://www.openstreetmap.org/node/1078985734,35.840051,-5.4435393
node/1593921238,1593921238,node,Morocco,generator,Capacity placeholder value,yes,Tag 'generator:output:electricity' contains placeholder value 'yes' instead of actual capacity,2026-04-24 03:28:36.381508,https://www.openstreetmap.org/node/1593921238,35.8488394,-5.431602
node/1078985607,1078985607,node,Morocco,generator,Capacity placeholder value,yes,Tag 'generator:output:electricity' contains placeholder value 'yes' instead of actual capacity,2026-04-24 03:28:36.381521,https://www.openstreetmap.org/node/1078985607,35.8486676,-5.4439107
node/1078985479,1078985479,node,Morocco,generator,Capacity placeholder value,yes,Tag 'generator:output:electricity' contains placeholder value 'yes' instead of actual capacity,2026-04-24 03:28:36.381532,https://www.openstreetmap.org/node/1078985479,35.8406538,-5.4435277
node/1593921241,1593921241,node,Morocco,generator,Capacity placeholder value,yes,Tag 'generator:output:electricity' contains placeholder value 'yes' instead of actual capacity,2026-04-24 03:28:36.381544,https://www.openstreetmap.org/node/1593921241,35.8493921,-5.4315428
node/1078985865,1078985865,node,Morocco,generator,Capacity placeholder value,yes,Tag 'generator:output:electricity' contains placeholder value 'yes' instead of actual capacity,2026-04-24 03:28:36.381556,https://www.openstreetmap.org/node/1078985865,35.8086405,-5.4622768
node/1078985354,1078985354,node,Morocco,generator,Capacity placeholder value,yes,Tag 'generator:output:electricity' contains placeholder value 'yes' instead of actual capacity,2026-04-24 03:28:36.381568,https://www.openstreetmap.org/node/1078985354,35.7923077,-5.4616776
node/1593921243,1593921243,node,Morocco,generator,Capacity placeholder value,yes,Tag 'generator:output:electricity' contains placeholder value 'yes' instead of actual capacity,2026-04-24 03:28:36.381579,https://www.openstreetmap.org/node/1593921243,35.8478394,-5.4319883
node/1593921242,1593921242,node,Morocco,generator,Capacity placeholder value,yes,Tag 'generator:output:electricity' contains placeholder value 'yes' instead of actual capacity,2026-04-24 03:28:36.381590,https://www.openstreetmap.org/node/1593921242,35.8461811,-5.4322364
node/1078984972,1078984972,node,Morocco,generator,Capacity placeholder value,yes,Tag 'generator:output:electricity' contains placeholder value 'yes' instead of actual capacity,2026-04-24 03:28:36.381601,https://www.openstreetmap.org/node/1078984972,35.8028346,-5.4623822
node/1078985264,1078985264,node,Morocco,generator,Capacity placeholder value,yes,Tag 'generator:output:electricity' contains placeholder value 'yes' instead of actual capacity,2026-04-24 03:28:36.381613,https://www.openstreetmap.org/node/1078985264,35.8471481,-5.4452567
node/1078985395,1078985395,node,Morocco,generator,Capacity placeholder value,yes,Tag 'generator:output:electricity' contains placeholder value 'yes' instead of actual capacity,2026-04-24 03:28:36.381624,https://www.openstreetmap.org/node/1078985395,35.8196385,-5.4533503
node/1078984885,1078984885,node,Morocco,generator,Capacity placeholder value,yes,Tag 'generator:output:electricity' contains placeholder value 'yes' instead of actual capacity,2026-04-24 03:28:36.381636,https://www.openstreetmap.org/node/1078984885,35.8375065,-5.4447672
node/1078985781,1078985781,node,Morocco,generator,Capacity placeholder value,yes,Tag 'generator:output:electricity' contains placeholder value 'yes' instead of actual capacity,2026-04-24 03:28:36.381647,https://www.openstreetmap.org/node/1078985781,35.8338633,-5.446266
node/1078985783,1078985783,node,Morocco,generator,Capacity placeholder value,yes,Tag 'generator:output:electricity' contains placeholder value 'yes' instead of actual capacity,2026-04-24 03:28:36.381658,https://www.openstreetmap.org/node/1078985783,35.8450631,-5.4458087
node/1078985143,1078985143,node,Morocco,generator,Capacity placeholder value,yes,Tag 'generator:output:electricity' contains placeholder value 'yes' instead of actual capacity,2026-04-24 03:28:36.381669,https://www.openstreetmap.org/node/1078985143,35.8118927,-5.4619676
node/1078985527,1078985527,node,Morocco,generator,Capacity placeholder value,yes,Tag 'generator:output:electricity' contains placeholder value 'yes' instead of actual capacity,2026-04-24 03:28:36.381680,https://www.openstreetmap.org/node/1078985527,35.8346778,-5.4451322
node/1078985271,1078985271,node,Morocco,generator,Capacity placeholder value,yes,Tag 'generator:output:electricity' contains placeholder value 'yes' instead of actual capacity,2026-04-24 03:28:36.381691,https://www.openstreetmap.org/node/1078985271,35.7904461,-5.4617059
node/1078985656,1078985656,node,Morocco,generator,Capacity placeholder value,yes,Tag 'generator:output:electricity' contains placeholder value 'yes' instead of actual capacity,2026-04-24 03:28:36.381702,https://www.openstreetmap.org/node/1078985656,35.8091111,-5.4621042
node/1078985534,1078985534,node,Morocco,generator,Capacity placeholder value,yes,Tag 'generator:output:electricity' contains placeholder value 'yes' instead of actual capacity,2026-04-24 03:28:36.381712,https://www.openstreetmap.org/node/1078985534,35.8458925,-5.4460973
node/1078985762,1078985762,node,Morocco,generator,Capacity placeholder value,yes,Tag 'generator:output:electricity' contains placeholder value 'yes' instead of actual capacity,2026-04-24 03:28:36.381723,https://www.openstreetmap.org/node/1078985762,35.8054033,-5.4628685
node/1078984994,1078984994,node,Morocco,generator,Capacity placeholder value,yes,Tag 'generator:output:electricity' contains placeholder value 'yes' instead of actual capacity,2026-04-24 03:28:36.381734,https://www.openstreetmap.org/node/1078984994,35.8102285,-5.4618904
node/1078985379,1078985379,node,Morocco,generator,Capacity placeholder value,yes,Tag 'generator:output:electricity' contains placeholder value 'yes' instead of actual capacity,2026-04-24 03:28:36.381745,https://www.openstreetmap.org/node/1078985379,35.8096575,-5.4618404
node/1078984867,1078984867,node,Morocco,generator,Capacity placeholder value,yes,Tag 'generator:output:electricity' contains placeholder value 'yes' instead of actual capacity,2026-04-24 03:28:36.381756,https://www.openstreetmap.org/node/1078984867,35.8179181,-5.4536601
node/1078985636,1078985636,node,Morocco,generator,Capacity placeholder value,yes,Tag 'generator:output:electricity' contains placeholder value 'yes' instead of actual capacity,2026-04-24 03:28:36.381767,https://www.openstreetmap.org/node/1078985636,35.8016454,-5.4623984
node/1078985771,1078985771,node,Morocco,generator,Capacity placeholder value,yes,Tag 'generator:output:electricity' contains placeholder value 'yes' instead of actual capacity,2026-04-24 03:28:36.381778,https://www.openstreetmap.org/node/1078985771,35.8124411,-5.4620166
node/1078985260,1078985260,node,Morocco,generator,Capacity placeholder value,yes,Tag 'generator:output:electricity' contains placeholder value 'yes' instead of actual capacity,2026-04-24 03:28:36.381788,https://www.openstreetmap.org/node/1078985260,35.8352024,-5.444975
node/1078985518,1078985518,node,Morocco,generator,Capacity placeholder value,yes,Tag 'generator:output:electricity' contains placeholder value 'yes' instead of actual capacity,2026-04-24 03:28:36.381799,https://www.openstreetmap.org/node/1078985518,35.8130609,-5.4616358
node/8367323911,8367323911,node,Morocco,generator,Capacity regex no match,3000 kW,Tag 'generator:output:electricity' has value '3000 kW' which could not be parsed,2026-04-24 03:28:36.405957,https://www.openstreetmap.org/node/8367323911,32.7506844,-8.9350551
node/8367323913,8367323913,node,Morocco,generator,Capacity regex no match,3000 kW,Tag 'generator:output:electricity' has value '3000 kW' which could not be parsed,2026-04-24 03:28:36.405989,https://www.openstreetmap.org/node/8367323913,32.7522545,-8.9403016
node/8367323912,8367323912,node,Morocco,generator,Capacity regex no match,3000 kW,Tag 'generator:output:electricity' has value '3000 kW' which could not be parsed,2026-04-24 03:28:36.406013,https://www.openstreetmap.org/node/8367323912,32.7537839,-8.9455318
node/8367365017,8367365017,node,Morocco,generator,Capacity regex no match,3000 kW,Tag 'generator:output:electricity' has value '3000 kW' which could not be parsed,2026-04-24 03:28:36.406034,https://www.openstreetmap.org/node/8367365017,32.7553449,-8.9507783
node/8367323910,8367323910,node,Morocco,generator,Capacity regex no match,3000 kW,Tag 'generator:output:electricity' has value '3000 kW' which could not be parsed,2026-04-24 03:28:36.406055,https://www.openstreetmap.org/node/8367323910,32.7569284,-8.9560247
node/8384023318,8384023318,node,Morocco,generator,Capacity regex no match,3600 kW,Tag 'generator:output:electricity' has value '3600 kW' which could not be parsed,2026-04-24 03:28:36.406101,https://www.openstreetmap.org/node/8384023318,32.7491385,-8.9298221
node/8367323909,8367323909,node,Morocco,generator,Capacity regex no match,3000 kW,Tag 'generator:output:electricity' has value '3000 kW' which could not be parsed,2026-04-24 03:28:36.406124,https://www.openstreetmap.org/node/8367323909,32.7218345,-8.9804716
node/8367323915,8367323915,node,Morocco,generator,Capacity regex no match,3000 kW,Tag 'generator:output:electricity' has value '3000 kW' which could not be parsed,2026-04-24 03:28:36.406144,https://www.openstreetmap.org/node/8367323915,32.720291,-8.9754599
node/8367323908,8367323908,node,Morocco,generator,Capacity regex no match,3000 kW,Tag 'generator:output:electricity' has value '3000 kW' which could not be parsed,2026-04-24 03:28:36.406163,https://www.openstreetmap.org/node/8367323908,32.718734,-8.9704415
node/8367323914,8367323914,node,Morocco,generator,Capacity regex no match,3000 kW,Tag 'generator:output:electricity' has value '3000 kW' which could not be parsed,2026-04-24 03:28:36.406183,https://www.openstreetmap.org/node/8367323914,32.7172062,-8.9654392
node/8367323907,8367323907,node,Morocco,generator,Capacity regex no match,3000 kW,Tag 'generator:output:electricity' has value '3000 kW' which could not be parsed,2026-04-24 03:28:36.406202,https://www.openstreetmap.org/node/8367323907,32.7156604,-8.9604262
node/8367323916,8367323916,node,Morocco,generator,Capacity regex no match,3000 kW,Tag 'generator:output:electricity' has value '3000 kW' which could not be parsed,2026-04-24 03:28:36.406222,https://www.openstreetmap.org/node/8367323916,32.7141506,-8.955397
relation/18911875,18911875,relation,Morocco,plant,Missing output tag,none,"tags: {'name': 'Parc Éolien Jbel Lahdid', 'plant:source': 'wind', 'power': 'plant', 'type': 'site', 'website': 'https://www.mem.gov.ma/Pages/secteur.aspx?e=2&sprj=140'}",2026-04-24 03:28:36.413771,https://www.openstreetmap.org/relation/18911875,31.700701437252874,-9.531689517256112
node/12710745296,12710745296,node,Morocco,generator,Capacity placeholder value,yes,Tag 'generator:output:electricity' contains placeholder value 'yes' instead of actual capacity,2026-04-24 03:28:36.414047,https://www.openstreetmap.org/node/12710745296,31.7094125,-9.5099545
node/12710745295,12710745295,node,Morocco,generator,Capacity placeholder value,yes,Tag 'generator:output:electricity' contains placeholder value 'yes' instead of actual capacity,2026-04-24 03:28:36.414097,https://www.openstreetmap.org/node/12710745295,31.709878,-9.504751
node/12710745294,12710745294,node,Morocco,generator,Capacity placeholder value,yes,Tag 'generator:output:electricity' contains placeholder value 'yes' instead of actual capacity,2026-04-24 03:28:36.414114,https://www.openstreetmap.org/node/12710745294,31.7110645,-9.4994402
node/12710745293,12710745293,node,Morocco,generator,Capacity placeholder value,yes,Tag 'generator:output:electricity' contains placeholder value 'yes' instead of actual capacity,2026-04-24 03:28:36.414129,https://www.openstreetmap.org/node/12710745293,31.7159291,-9.4872415
node/12710745292,12710745292,node,Morocco,generator,Capacity placeholder value,yes,Tag 'generator:output:electricity' contains placeholder value 'yes' instead of actual capacity,2026-04-24 03:28:36.414143,https://www.openstreetmap.org/node/12710745292,31.7186032,-9.4793666
node/12710745291,12710745291,node,Morocco,generator,Capacity placeholder value,yes,Tag 'generator:output:electricity' contains placeholder value 'yes' instead of actual capacity,2026-04-24 03:28:36.414156,https://www.openstreetmap.org/node/12710745291,31.7227739,-9.4719958
node/12710745290,12710745290,node,Morocco,generator,Capacity placeholder value,yes,Tag 'generator:output:electricity' contains placeholder value 'yes' instead of actual capacity,2026-04-24 03:28:36.414169,https://www.openstreetmap.org/node/12710745290,31.7249002,-9.4664383
node/12710745289,12710745289,node,Morocco,generator,Capacity placeholder value,yes,Tag 'generator:output:electricity' contains placeholder value 'yes' instead of actual capacity,2026-04-24 03:28:36.414182,https://www.openstreetmap.org/node/12710745289,31.7297276,-9.4600439
node/12710745288,12710745288,node,Morocco,generator,Capacity placeholder value,yes,Tag 'generator:output:electricity' contains placeholder value 'yes' instead of actual capacity,2026-04-24 03:28:36.414195,https://www.openstreetmap.org/node/12710745288,31.7348194,-9.4496477
node/12710745287,12710745287,node,Morocco,generator,Capacity placeholder value,yes,Tag 'generator:output:electricity' contains placeholder value 'yes' instead of actual capacity,2026-04-24 03:28:36.414208,https://www.openstreetmap.org/node/12710745287,31.6725583,-9.5886076
node/12710745286,12710745286,node,Morocco,generator,Capacity placeholder value,yes,Tag 'generator:output:electricity' contains placeholder value 'yes' instead of actual capacity,2026-04-24 03:28:36.414220,https://www.openstreetmap.org/node/12710745286,31.6706317,-9.583447
node/12710745285,12710745285,node,Morocco,generator,Capacity placeholder value,yes,Tag 'generator:output:electricity' contains placeholder value 'yes' instead of actual capacity,2026-04-24 03:28:36.414232,https://www.openstreetmap.org/node/12710745285,31.6780458,-9.5794988
node/12710745284,12710745284,node,Morocco,generator,Capacity placeholder value,yes,Tag 'generator:output:electricity' contains placeholder value 'yes' instead of actual capacity,2026-04-24 03:28:36.414245,https://www.openstreetmap.org/node/12710745284,31.6790775,-9.583962
node/12710745283,12710745283,node,Morocco,generator,Capacity placeholder value,yes,Tag 'generator:output:electricity' contains placeholder value 'yes' instead of actual capacity,2026-04-24 03:28:36.414257,https://www.openstreetmap.org/node/12710745283,31.682474,-9.5714951
node/12710745282,12710745282,node,Morocco,generator,Capacity placeholder value,yes,Tag 'generator:output:electricity' contains placeholder value 'yes' instead of actual capacity,2026-04-24 03:28:36.414268,https://www.openstreetmap.org/node/12710745282,31.6855233,-9.5761085
node/12710745281,12710745281,node,Morocco,generator,Capacity placeholder value,yes,Tag 'generator:output:electricity' contains placeholder value 'yes' instead of actual capacity,2026-04-24 03:28:36.414280,https://www.openstreetmap.org/node/12710745281,31.6897046,-9.5708084
node/12710745280,12710745280,node,Morocco,generator,Capacity placeholder value,yes,Tag 'generator:output:electricity' contains placeholder value 'yes' instead of actual capacity,2026-04-24 03:28:36.414292,https://www.openstreetmap.org/node/12710745280,31.6925163,-9.5648861
node/12710745279,12710745279,node,Morocco,generator,Capacity placeholder value,yes,Tag 'generator:output:electricity' contains placeholder value 'yes' instead of actual capacity,2026-04-24 03:28:36.414304,https://www.openstreetmap.org/node/12710745279,31.697811,-9.5595432
node/12710745278,12710745278,node,Morocco,generator,Capacity placeholder value,yes,Tag 'generator:output:electricity' contains placeholder value 'yes' instead of actual capacity,2026-04-24 03:28:36.414316,https://www.openstreetmap.org/node/12710745278,31.7013345,-9.5540071
node/12710745277,12710745277,node,Morocco,generator,Capacity placeholder value,yes,Tag 'generator:output:electricity' contains placeholder value 'yes' instead of actual capacity,2026-04-24 03:28:36.414329,https://www.openstreetmap.org/node/12710745277,31.7081255,-9.5217347
relation/18911884,18911884,relation,Morocco,plant,Missing output tag,none,"tags: {'plant:source': 'wind', 'power': 'plant', 'type': 'site'}",2026-04-24 03:28:36.415837,https://www.openstreetmap.org/relation/18911884,31.817891338670723,-9.376515115366747
node/12710840049,12710840049,node,Morocco,generator,Capacity placeholder value,yes,Tag 'generator:output:electricity' contains placeholder value 'yes' instead of actual capacity,2026-04-24 03:28:36.416016,https://www.openstreetmap.org/node/12710840049,31.8339435,-9.3564463
node/12710840048,12710840048,node,Morocco,generator,Capacity placeholder value,yes,Tag 'generator:output:electricity' contains placeholder value 'yes' instead of actual capacity,2026-04-24 03:28:36.416035,https://www.openstreetmap.org/node/12710840048,31.8317559,-9.3650508
node/12710840047,12710840047,node,Morocco,generator,Capacity placeholder value,yes,Tag 'generator:output:electricity' contains placeholder value 'yes' instead of actual capacity,2026-04-24 03:28:36.416050,https://www.openstreetmap.org/node/12710840047,31.8270523,-9.3635273
node/12710840046,12710840046,node,Morocco,generator,Capacity placeholder value,yes,Tag 'generator:output:electricity' contains placeholder value 'yes' instead of actual capacity,2026-04-24 03:28:36.416104,https://www.openstreetmap.org/node/12710840046,31.8323028,-9.3729258
node/12710840045,12710840045,node,Morocco,generator,Capacity placeholder value,yes,Tag 'generator:output:electricity' contains placeholder value 'yes' instead of actual capacity,2026-04-24 03:28:36.416121,https://www.openstreetmap.org/node/12710840045,31.8269976,-9.3813801
node/12710840044,12710840044,node,Morocco,generator,Capacity placeholder value,yes,Tag 'generator:output:electricity' contains placeholder value 'yes' instead of actual capacity,2026-04-24 03:28:36.416134,https://www.openstreetmap.org/node/12710840044,31.8233513,-9.3745995
node/12710840043,12710840043,node,Morocco,generator,Capacity placeholder value,yes,Tag 'generator:output:electricity' contains placeholder value 'yes' instead of actual capacity,2026-04-24 03:28:36.416148,https://www.openstreetmap.org/node/12710840043,31.8203612,-9.3906927
node/12710840042,12710840042,node,Morocco,generator,Capacity placeholder value,yes,Tag 'generator:output:electricity' contains placeholder value 'yes' instead of actual capacity,2026-04-24 03:28:36.416160,https://www.openstreetmap.org/node/12710840042,31.8184832,-9.3854785
node/12710840041,12710840041,node,Morocco,generator,Capacity placeholder value,yes,Tag 'generator:output:electricity' contains placeholder value 'yes' instead of actual capacity,2026-04-24 03:28:36.416173,https://www.openstreetmap.org/node/12710840041,31.8145812,-9.3762303
node/12710840040,12710840040,node,Morocco,generator,Capacity placeholder value,yes,Tag 'generator:output:electricity' contains placeholder value 'yes' instead of actual capacity,2026-04-24 03:28:36.416189,https://www.openstreetmap.org/node/12710840040,31.7952149,-9.3846846
node/12710840039,12710840039,node,Morocco,generator,Capacity placeholder value,yes,Tag 'generator:output:electricity' contains placeholder value 'yes' instead of actual capacity,2026-04-24 03:28:36.416201,https://www.openstreetmap.org/node/12710840039,31.8000295,-9.3792987
node/12710840038,12710840038,node,Morocco,generator,Capacity placeholder value,yes,Tag 'generator:output:electricity' contains placeholder value 'yes' instead of actual capacity,2026-04-24 03:28:36.416214,https://www.openstreetmap.org/node/12710840038,31.8053727,-9.3765736
relation/19062338,19062338,relation,Morocco,plant,Missing output tag,none,"tags: {'plant:source': 'wind', 'power': 'plant', 'type': 'site'}",2026-04-24 03:28:36.417669,https://www.openstreetmap.org/relation/19062338,31.626775298946857,-9.391399527915663
node/12799952802,12799952802,node,Morocco,generator,Capacity placeholder value,yes,Tag 'generator:output:electricity' contains placeholder value 'yes' instead of actual capacity,2026-04-24 03:28:36.417956,https://www.openstreetmap.org/node/12799952802,31.6127361,-9.3844324
node/12799952805,12799952805,node,Morocco,generator,Capacity placeholder value,yes,Tag 'generator:output:electricity' contains placeholder value 'yes' instead of actual capacity,2026-04-24 03:28:36.417974,https://www.openstreetmap.org/node/12799952805,31.6064201,-9.4042245
node/12799952806,12799952806,node,Morocco,generator,Capacity placeholder value,yes,Tag 'generator:output:electricity' contains placeholder value 'yes' instead of actual capacity,2026-04-24 03:28:36.417997,https://www.openstreetmap.org/node/12799952806,31.612229,-9.4099724
node/12799952808,12799952808,node,Morocco,generator,Capacity placeholder value,yes,Tag 'generator:output:electricity' contains placeholder value 'yes' instead of actual capacity,2026-04-24 03:28:36.418011,https://www.openstreetmap.org/node/12799952808,31.6213997,-9.4071749
node/12799952807,12799952807,node,Morocco,generator,Capacity placeholder value,yes,Tag 'generator:output:electricity' contains placeholder value 'yes' instead of actual capacity,2026-04-24 03:28:36.418025,https://www.openstreetmap.org/node/12799952807,31.616071,-9.4116274
node/12799952811,12799952811,node,Morocco,generator,Capacity placeholder value,yes,Tag 'generator:output:electricity' contains placeholder value 'yes' instead of actual capacity,2026-04-24 03:28:36.418038,https://www.openstreetmap.org/node/12799952811,31.6301287,-9.4036022
node/12799952809,12799952809,node,Morocco,generator,Capacity placeholder value,yes,Tag 'generator:output:electricity' contains placeholder value 'yes' instead of actual capacity,2026-04-24 03:28:36.418051,https://www.openstreetmap.org/node/12799952809,31.6349975,-9.4046885
node/12799952813,12799952813,node,Morocco,generator,Capacity placeholder value,yes,Tag 'generator:output:electricity' contains placeholder value 'yes' instead of actual capacity,2026-04-24 03:28:36.418094,https://www.openstreetmap.org/node/12799952813,31.6344358,-9.4196954
node/12799952812,12799952812,node,Morocco,generator,Capacity placeholder value,yes,Tag 'generator:output:electricity' contains placeholder value 'yes' instead of actual capacity,2026-04-24 03:28:36.418110,https://www.openstreetmap.org/node/12799952812,31.6308344,-9.415251
node/12799952814,12799952814,node,Morocco,generator,Capacity placeholder value,yes,Tag 'generator:output:electricity' contains placeholder value 'yes' instead of actual capacity,2026-04-24 03:28:36.418125,https://www.openstreetmap.org/node/12799952814,31.6416633,-9.4094038
node/12799952816,12799952816,node,Morocco,generator,Capacity placeholder value,yes,Tag 'generator:output:electricity' contains placeholder value 'yes' instead of actual capacity,2026-04-24 03:28:36.418138,https://www.openstreetmap.org/node/12799952816,31.6488651,-9.4170803
node/12799952815,12799952815,node,Morocco,generator,Capacity placeholder value,yes,Tag 'generator:output:electricity' contains placeholder value 'yes' instead of actual capacity,2026-04-24 03:28:36.418151,https://www.openstreetmap.org/node/12799952815,31.6461913,-9.4123408
node/12799952810,12799952810,node,Morocco,generator,Capacity placeholder value,yes,Tag 'generator:output:electricity' contains placeholder value 'yes' instead of actual capacity,2026-04-24 03:28:36.418166,https://www.openstreetmap.org/node/12799952810,31.6550082,-9.4182913
node/12799952804,12799952804,node,Morocco,generator,Capacity placeholder value,yes,Tag 'generator:output:electricity' contains placeholder value 'yes' instead of actual capacity,2026-04-24 03:28:36.418178,https://www.openstreetmap.org/node/12799952804,31.622062,-9.3953007
node/12799952803,12799952803,node,Morocco,generator,Capacity placeholder value,yes,Tag 'generator:output:electricity' contains placeholder value 'yes' instead of actual capacity,2026-04-24 03:28:36.418191,https://www.openstreetmap.org/node/12799952803,31.6253304,-9.3807846
node/12799949897,12799949897,node,Morocco,generator,Capacity placeholder value,yes,Tag 'generator:output:electricity' contains placeholder value 'yes' instead of actual capacity,2026-04-24 03:28:36.418203,https://www.openstreetmap.org/node/12799949897,31.6091956,-9.3611723
node/12799952801,12799952801,node,Morocco,generator,Capacity placeholder value,yes,Tag 'generator:output:electricity' contains placeholder value 'yes' instead of actual capacity,2026-04-24 03:28:36.418215,https://www.openstreetmap.org/node/12799952801,31.6156416,-9.3686074
node/12799949900,12799949900,node,Morocco,generator,Capacity placeholder value,yes,Tag 'generator:output:electricity' contains placeholder value 'yes' instead of actual capacity,2026-04-24 03:28:36.418226,https://www.openstreetmap.org/node/12799949900,31.6186292,-9.3594879
node/12799949899,12799949899,node,Morocco,generator,Capacity placeholder value,yes,Tag 'generator:output:electricity' contains placeholder value 'yes' instead of actual capacity,2026-04-24 03:28:36.418237,https://www.openstreetmap.org/node/12799949899,31.6235992,-9.3574977
node/12799949898,12799949898,node,Morocco,generator,Capacity placeholder value,yes,Tag 'generator:output:electricity' contains placeholder value 'yes' instead of actual capacity,2026-04-24 03:28:36.418248,https://www.openstreetmap.org/node/12799949898,31.6271711,-9.3593967
node/12799999340,12799999340,node,Morocco,generator,Capacity placeholder value,yes,Tag 'generator:output:electricity' contains placeholder value 'yes' instead of actual capacity,2026-04-24 03:28:36.418259,https://www.openstreetmap.org/node/12799999340,31.6315149,-9.3625188
way/530569765,530569765,way,Morocco,plant,Missing output tag,none,"tags: {'landuse': 'industrial', 'name': 'Parc Éolien de Laâyoune', 'name:en': 'Laâyoune Wind Farm', 'name:fr': 'Parc Éolien de Laâyoune', 'plant:source': 'wind', 'power': 'plant'}",2026-04-24 03:28:36.447711,https://www.openstreetmap.org/way/530569765,27.019275218596075,-13.385342790694589
way/552928634,552928634,way,Morocco,plant,Missing output tag,none,"tags: {'barrier': 'wall', 'plant:method': 'photovoltaic', 'plant:source': 'solar', 'power': 'plant'}",2026-04-24 03:28:36.447986,https://www.openstreetmap.org/way/552928634,21.424463537559898,-16.958531452483165
way/579837051,579837051,way,Morocco,plant,Missing output tag,none,"tags: {'landuse': 'industrial', 'plant:source': 'solar', 'power': 'plant'}",2026-04-24 03:28:36.448388,https://www.openstreetmap.org/way/579837051,34.30251075165363,-6.381702950595853
way/643476929,643476929,way,Morocco,plant,Capacity placeholder value,yes,Tag 'plant:output:electricity' contains placeholder value 'yes' instead of actual capacity,2026-04-24 03:28:36.448565,https://www.openstreetmap.org/way/643476929,32.22151217947669,-7.927560128499705
way/919389476,919389476,way,Morocco,plant,Missing output tag,none,"tags: {'landuse': 'industrial', 'plant:source': 'solar', 'power': 'plant'}",2026-04-24 03:28:36.454851,https://www.openstreetmap.org/way/919389476,34.0019310257923,-5.067328819330579
way/1106030628,1106030628,way,Morocco,plant,Capacity placeholder value,yes,Tag 'plant:output:electricity' contains placeholder value 'yes' instead of actual capacity,2026-04-24 03:28:36.455802,https://www.openstreetmap.org/way/1106030628,32.05367417550588,-3.245449451800184
way/1106030629,1106030629,way,Morocco,plant,Capacity placeholder value,yes,Tag 'plant:output:electricity' contains placeholder value 'yes' instead of actual capacity,2026-04-24 03:28:36.455989,https://www.openstreetmap.org/way/1106030629,32.05395962898043,-3.24005820712699
way/1106030630,1106030630,way,Morocco,plant,Capacity placeholder value,yes,Tag 'plant:output:electricity' contains placeholder value 'yes' instead of actual capacity,2026-04-24 03:28:36.456227,https://www.openstreetmap.org/way/1106030630,32.039768289054585,-3.199080173021019
way/1187902088,1187902088,way,Morocco,plant,Capacity placeholder value,yes,Tag 'plant:output:electricity' contains placeholder value 'yes' instead of actual capacity,2026-04-24 03:28:36.456490,https://www.openstreetmap.org/way/1187902088,30.504109035223923,-9.681991121396353
way/1206612071,1206612071,way,Morocco,plant,Capacity placeholder value,yes,Tag 'plant:output:electricity' contains placeholder value 'yes' instead of actual capacity,2026-04-24 03:28:36.456653,https://www.openstreetmap.org/way/1206612071,30.984282824796995,-8.23453673765996
way/1207270128,1207270128,way,Morocco,plant,Missing output tag,none,"tags: {'plant:source': 'solar', 'power': 'plant'}",2026-04-24 03:28:36.456821,https://www.openstreetmap.org/way/1207270128,31.284224551978983,-8.579128682969225
way/1208255603,1208255603,way,Morocco,plant,Capacity placeholder value,yes,Tag 'plant:output:electricity' contains placeholder value 'yes' instead of actual capacity,2026-04-24 03:28:36.456995,https://www.openstreetmap.org/way/1208255603,35.033936511202974,-2.974274815219258
way/1208899673,1208899673,way,Morocco,plant,Capacity placeholder value,yes,Tag 'plant:output:electricity' contains placeholder value 'yes' instead of actual capacity,2026-04-24 03:28:36.457187,https://www.openstreetmap.org/way/1208899673,31.49208137421472,-7.9555920610288755
way/1209754876,1209754876,way,Morocco,plant,Capacity placeholder value,yes,Tag 'plant:output:electricity' contains placeholder value 'yes' instead of actual capacity,2026-04-24 03:28:36.457348,https://www.openstreetmap.org/way/1209754876,31.581019746949604,-8.719237574346776
way/1218058865,1218058865,way,Morocco,plant,Capacity placeholder value,yes,Tag 'plant:output:electricity' contains placeholder value 'yes' instead of actual capacity,2026-04-24 03:28:36.457508,https://www.openstreetmap.org/way/1218058865,31.30137047804605,-7.769825306565466
way/1219060038,1219060038,way,Morocco,plant,Capacity placeholder value,yes,Tag 'plant:output:electricity' contains placeholder value 'yes' instead of actual capacity,2026-04-24 03:28:36.457666,https://www.openstreetmap.org/way/1219060038,30.495480664832936,-8.983911868544308
way/1219060064,1219060064,way,Morocco,plant,Capacity placeholder value,yes,Tag 'plant:output:electricity' contains placeholder value 'yes' instead of actual capacity,2026-04-24 03:28:36.457821,https://www.openstreetmap.org/way/1219060064,30.490923271216726,-8.985985665793843
way/1222303018,1222303018,way,Morocco,plant,Capacity placeholder value,yes,Tag 'plant:output:electricity' contains placeholder value 'yes' instead of actual capacity,2026-04-24 03:28:36.457979,https://www.openstreetmap.org/way/1222303018,29.31262002267306,-9.214009689014127
way/1222303031,1222303031,way,Morocco,plant,Capacity placeholder value,yes,Tag 'plant:output:electricity' contains placeholder value 'yes' instead of actual capacity,2026-04-24 03:28:36.458171,https://www.openstreetmap.org/way/1222303031,29.31545767291595,-9.214423427032738
way/1222303033,1222303033,way,Morocco,plant,Capacity placeholder value,yes,Tag 'plant:output:electricity' contains placeholder value 'yes' instead of actual capacity,2026-04-24 03:28:36.458331,https://www.openstreetmap.org/way/1222303033,29.315512700000003,-9.214430949999999
way/1223835634,1223835634,way,Morocco,plant,Capacity placeholder value,yes,Tag 'plant:output:electricity' contains placeholder value 'yes' instead of actual capacity,2026-04-24 03:28:36.458490,https://www.openstreetmap.org/way/1223835634,31.525761078877075,-7.803332548913345
way/1230227334,1230227334,way,Morocco,plant,Capacity placeholder value,yes,Tag 'plant:output:electricity' contains placeholder value 'yes' instead of actual capacity,2026-04-24 03:28:36.458646,https://www.openstreetmap.org/way/1230227334,31.594961,-7.78321925
way/1230227335,1230227335,way,Morocco,plant,Capacity placeholder value,yes,Tag 'plant:output:electricity' contains placeholder value 'yes' instead of actual capacity,2026-04-24 03:28:36.458802,https://www.openstreetmap.org/way/1230227335,31.595157896036298,-7.783106629724112
way/1234695909,1234695909,way,Morocco,plant,Capacity placeholder value,yes,Tag 'plant:output:electricity' contains placeholder value 'yes' instead of actual capacity,2026-04-24 03:28:36.458959,https://www.openstreetmap.org/way/1234695909,31.58640139020498,-8.710801424704867
way/1235876839,1235876839,way,Morocco,plant,Capacity placeholder value,yes,Tag 'plant:output:electricity' contains placeholder value 'yes' instead of actual capacity,2026-04-24 03:28:36.459145,https://www.openstreetmap.org/way/1235876839,31.571254330869255,-7.960066015965384
way/1235876840,1235876840,way,Morocco,plant,Capacity placeholder value,yes,Tag 'plant:output:electricity' contains placeholder value 'yes' instead of actual capacity,2026-04-24 03:28:36.459306,https://www.openstreetmap.org/way/1235876840,31.57184604044689,-7.960407511930351
way/1235876841,1235876841,way,Morocco,plant,Capacity placeholder value,yes,Tag 'plant:output:electricity' contains placeholder value 'yes' instead of actual capacity,2026-04-24 03:28:36.459463,https://www.openstreetmap.org/way/1235876841,31.570852725233426,-7.972888969928805
way/1235876844,1235876844,way,Morocco,plant,Capacity placeholder value,yes,Tag 'plant:output:electricity' contains placeholder value 'yes' instead of actual capacity,2026-04-24 03:28:36.459619,https://www.openstreetmap.org/way/1235876844,31.571180458088783,-7.975680840112894
way/1235876858,1235876858,way,Morocco,plant,Capacity placeholder value,yes,Tag 'plant:output:electricity' contains placeholder value 'yes' instead of actual capacity,2026-04-24 03:28:36.459776,https://www.openstreetmap.org/way/1235876858,31.565709494600505,-7.958168519197004
way/1235876859,1235876859,way,Morocco,plant,Capacity placeholder value,yes,Tag 'plant:output:electricity' contains placeholder value 'yes' instead of actual capacity,2026-04-24 03:28:36.459931,https://www.openstreetmap.org/way/1235876859,31.565633426529633,-7.958159487333204
way/1235876861,1235876861,way,Morocco,plant,Capacity placeholder value,yes,Tag 'plant:output:electricity' contains placeholder value 'yes' instead of actual capacity,2026-04-24 03:28:36.460111,https://www.openstreetmap.org/way/1235876861,31.565708288963688,-7.959282068011487
way/1235876870,1235876870,way,Morocco,plant,Capacity placeholder value,yes,Tag 'plant:output:electricity' contains placeholder value 'yes' instead of actual capacity,2026-04-24 03:28:36.460273,https://www.openstreetmap.org/way/1235876870,31.56720484650839,-7.9742831428858905
way/1235876871,1235876871,way,Morocco,plant,Capacity placeholder value,yes,Tag 'plant:output:electricity' contains placeholder value 'yes' instead of actual capacity,2026-04-24 03:28:36.460433,https://www.openstreetmap.org/way/1235876871,31.567348515280113,-7.972274352693764
way/1235877204,1235877204,way,Morocco,plant,Capacity placeholder value,yes,Tag 'plant:output:electricity' contains placeholder value 'yes' instead of actual capacity,2026-04-24 03:28:36.460592,https://www.openstreetmap.org/way/1235877204,31.596344164939943,-8.072183196756866
way/1235897792,1235897792,way,Morocco,plant,Capacity placeholder value,yes,Tag 'plant:output:electricity' contains placeholder value 'yes' instead of actual capacity,2026-04-24 03:28:36.460749,https://www.openstreetmap.org/way/1235897792,31.591261606488203,-8.738404499011194
way/1235897814,1235897814,way,Morocco,plant,Capacity placeholder value,yes,Tag 'plant:output:electricity' contains placeholder value 'yes' instead of actual capacity,2026-04-24 03:28:36.460906,https://www.openstreetmap.org/way/1235897814,31.585167854521785,-8.726709793473871
way/1236308788,1236308788,way,Morocco,plant,Capacity placeholder value,yes,Tag 'plant:output:electricity' contains placeholder value 'yes' instead of actual capacity,2026-04-24 03:28:36.461320,https://www.openstreetmap.org/way/1236308788,31.451077544260496,-8.437872071818505
way/1237991594,1237991594,way,Morocco,plant,Capacity placeholder value,yes,Tag 'plant:output:electricity' contains placeholder value 'yes' instead of actual capacity,2026-04-24 03:28:36.461481,https://www.openstreetmap.org/way/1237991594,30.959857917962303,-7.049662865322157
way/1237991595,1237991595,way,Morocco,plant,Capacity placeholder value,yes,Tag 'plant:output:electricity' contains placeholder value 'yes' instead of actual capacity,2026-04-24 03:28:36.461640,https://www.openstreetmap.org/way/1237991595,30.960017151191426,-7.049799766770758
way/1237991596,1237991596,way,Morocco,plant,Capacity placeholder value,yes,Tag 'plant:output:electricity' contains placeholder value 'yes' instead of actual capacity,2026-04-24 03:28:36.461806,https://www.openstreetmap.org/way/1237991596,30.9594904,-7.04983755
way/1237991597,1237991597,way,Morocco,plant,Capacity placeholder value,yes,Tag 'plant:output:electricity' contains placeholder value 'yes' instead of actual capacity,2026-04-24 03:28:36.461962,https://www.openstreetmap.org/way/1237991597,30.959742251191432,-7.050009666770759
way/1237991598,1237991598,way,Morocco,plant,Capacity placeholder value,yes,Tag 'plant:output:electricity' contains placeholder value 'yes' instead of actual capacity,2026-04-24 03:28:36.462147,https://www.openstreetmap.org/way/1237991598,30.95987515,-7.050074699999999
way/1237991599,1237991599,way,Morocco,plant,Capacity placeholder value,yes,Tag 'plant:output:electricity' contains placeholder value 'yes' instead of actual capacity,2026-04-24 03:28:36.462310,https://www.openstreetmap.org/way/1237991599,30.960057551191426,-7.0501894667707585
way/1237991600,1237991600,way,Morocco,plant,Capacity placeholder value,yes,Tag 'plant:output:electricity' contains placeholder value 'yes' instead of actual capacity,2026-04-24 03:28:36.462466,https://www.openstreetmap.org/way/1237991600,30.96020001677099,-7.050062498551285
way/1237991601,1237991601,way,Morocco,plant,Capacity placeholder value,yes,Tag 'plant:output:electricity' contains placeholder value 'yes' instead of actual capacity,2026-04-24 03:28:36.462624,https://www.openstreetmap.org/way/1237991601,30.960317916770986,-7.050118298551283
way/1239620926,1239620926,way,Morocco,plant,Capacity placeholder value,yes,Tag 'plant:output:electricity' contains placeholder value 'yes' instead of actual capacity,2026-04-24 03:28:36.462781,https://www.openstreetmap.org/way/1239620926,31.452942164369052,-7.970727243961724
way/1245821075,1245821075,way,Morocco,plant,Capacity placeholder value,yes,Tag 'plant:output:electricity' contains placeholder value 'yes' instead of actual capacity,2026-04-24 03:28:36.462935,https://www.openstreetmap.org/way/1245821075,31.664893797801493,-8.150703032463616
way/1265920887,1265920887,way,Morocco,plant,Missing output tag,none,"tags: {'plant:method': 'photovoltaic', 'plant:source': 'solar', 'power': 'plant'}",2026-04-24 03:28:36.463126,https://www.openstreetmap.org/way/1265920887,31.03040272468141,-6.842238210700305
way/1272371214,1272371214,way,Morocco,plant,Capacity placeholder value,yes,Tag 'plant:output:electricity' contains placeholder value 'yes' instead of actual capacity,2026-04-24 03:28:36.463305,https://www.openstreetmap.org/way/1272371214,31.540150750000002,-7.778884050000001
way/1276491352,1276491352,way,Morocco,plant,Missing output tag,none,"tags: {'plant:source': 'solar', 'power': 'plant'}",2026-04-24 03:28:36.463472,https://www.openstreetmap.org/way/1276491352,29.8623894,-5.47789605
way/1327843662,1327843662,way,Morocco,plant,Missing output tag,none,"tags: {'landuse': 'industrial', 'plant:source': 'solar', 'power': 'plant'}",2026-04-24 03:28:36.464280,https://www.openstreetmap.org/way/1327843662,35.66631211092085,-5.932410840379427
way/1332404438,1332404438,way,Morocco,plant,Capacity placeholder value,yes,Tag 'plant:output:electricity' contains placeholder value 'yes' instead of actual capacity,2026-04-24 03:28:36.464566,https://www.openstreetmap.org/way/1332404438,32.936524242936684,-8.06401764022581
way/1332404444,1332404444,way,Morocco,plant,Capacity placeholder value,yes,Tag 'plant:output:electricity' contains placeholder value 'yes' instead of actual capacity,2026-04-24 03:28:36.464751,https://www.openstreetmap.org/way/1332404444,32.9385764167161,-8.06046054228347
way/1332404450,1332404450,way,Morocco,plant,Capacity placeholder value,yes,Tag 'plant:output:electricity' contains placeholder value 'yes' instead of actual capacity,2026-04-24 03:28:36.464977,https://www.openstreetmap.org/way/1332404450,32.93858604675014,-8.059568806091395
way/1373328973,1373328973,way,Morocco,plant,Missing output tag,none,"tags: {'plant:source': 'solar', 'power': 'plant'}",2026-04-24 03:28:36.465730,https://www.openstreetmap.org/way/1373328973,33.28891512464867,-8.29726841805531
way/1373329833,1373329833,way,Morocco,plant,Missing output tag,none,"tags: {'plant:source': 'solar', 'power': 'plant'}",2026-04-24 03:28:36.465930,https://www.openstreetmap.org/way/1373329833,33.239500408399,-7.549495488445569
way/1373342686,1373342686,way,Morocco,plant,Missing output tag,none,"tags: {'plant:source': 'solar', 'power': 'plant'}",2026-04-24 03:28:36.466172,https://www.openstreetmap.org/way/1373342686,34.29569445787738,-5.663632896091407
way/1423210769,1423210769,way,Morocco,plant,Capacity placeholder value,yes,Tag 'plant:output:electricity' contains placeholder value 'yes' instead of actual capacity,2026-04-24 03:28:36.466408,https://www.openstreetmap.org/way/1423210769,32.73435588892872,-8.957672958647235
way/1423210770,1423210770,way,Morocco,plant,Capacity placeholder value,yes,Tag 'plant:output:electricity' contains placeholder value 'yes' instead of actual capacity,2026-04-24 03:28:36.467348,https://www.openstreetmap.org/way/1423210770,34.26738659922428,-4.14500068018132
way/1423210771,1423210771,way,Morocco,plant,Capacity placeholder value,yes,Tag 'plant:output:electricity' contains placeholder value 'yes' instead of actual capacity,2026-04-24 03:28:36.468383,https://www.openstreetmap.org/way/1423210771,35.75761343097441,-5.578796487095855
way/1424534268,1424534268,way,Morocco,plant,Missing output tag,none,"tags: {'name': 'Centrale Solaire de Benguérir', 'plant:source': 'solar', 'power': 'plant'}",2026-04-24 03:28:36.468605,https://www.openstreetmap.org/way/1424534268,32.24585594173327,-7.867306102641429
way/1424534269,1424534269,way,Morocco,plant,Missing output tag,none,"tags: {'name': 'Centrale Solaire de Benguérir', 'plant:source': 'solar', 'power': 'plant'}",2026-04-24 03:28:36.468934,https://www.openstreetmap.org/way/1424534269,32.24323299604393,-7.883851845373886
way/1424652928,1424652928,way,Morocco,plant,Missing output tag,none,"tags: {'plant:source': 'solar', 'power': 'plant'}",2026-04-24 03:28:36.469177,https://www.openstreetmap.org/way/1424652928,23.974148424772096,-15.683572800039203
way/1424667851,1424667851,way,Morocco,plant,Missing output tag,none,"tags: {'plant:source': 'solar', 'power': 'plant'}",2026-04-24 03:28:36.469393,https://www.openstreetmap.org/way/1424667851,33.61763743082079,-7.4742199673418215
way/1424668548,1424668548,way,Morocco,plant,Missing output tag,none,"tags: {'plant:source': 'solar', 'power': 'plant'}",2026-04-24 03:28:36.469673,https://www.openstreetmap.org/way/1424668548,34.22283840967051,-5.693132952521387
way/1424669329,1424669329,way,Morocco,plant,Missing output tag,none,"tags: {'plant:source': 'solar', 'power': 'plant'}",2026-04-24 03:28:36.469859,https://www.openstreetmap.org/way/1424669329,34.00114601527677,-5.186507493765671
way/1424669395,1424669395,way,Morocco,plant,Missing output tag,none,"tags: {'plant:source': 'solar', 'power': 'plant'}",2026-04-24 03:28:36.470042,https://www.openstreetmap.org/way/1424669395,32.57781843335677,-6.621509650962847
way/1468746172,1468746172,way,Morocco,plant,Missing output tag,none,"tags: {'name': 'Centrale photovoltaïque Zénith', 'plant:source': 'solar', 'power': 'plant'}",2026-04-24 03:28:36.470256,https://www.openstreetmap.org/way/1468746172,33.54406735275538,-7.642697294133126
way/1483802551,1483802551,way,Morocco,plant,Capacity placeholder value,yes,Tag 'plant:output:electricity' contains placeholder value 'yes' instead of actual capacity,2026-04-24 03:28:36.470639,https://www.openstreetmap.org/way/1483802551,32.82550875080764,-6.921414672120923
way/1483802552,1483802552,way,Morocco,plant,Capacity placeholder value,yes,Tag 'plant:output:electricity' contains placeholder value 'yes' instead of actual capacity,2026-04-24 03:28:36.471038,https://www.openstreetmap.org/way/1483802552,32.83378660215434,-6.918882841820461
node/12724302492,12724302492,node,Morocco,plant,Missing source tag,none,"tags: {'name': 'Noor', 'power': 'plant', 'website:de': 'https://de.m.wikipedia.org/wiki/Kraftwerk_Ouarzazate'}",2026-04-24 03:28:36.471115,https://www.openstreetmap.org/node/12724302492,31.0492001,-6.8694001
way/457192885,457192885,way,Sudan,plant,Capacity placeholder value,yes,Tag 'plant:output:electricity' contains placeholder value 'yes' instead of actual capacity,2026-04-24 03:29:09.444678,https://www.openstreetmap.org/way/457192885,11.698562810070667,28.309422766008282
way/457192892,457192892,way,Sudan,plant,Missing source tag,none,"tags: {'area': 'yes', 'barrier': 'wall', 'landuse': 'industrial', 'name': 'Al Fula Power Plant', 'power': 'plant'}",2026-04-24 03:29:09.444942,https://www.openstreetmap.org/way/457192892,11.69887524084552,28.309459098652376
way/842086387,842086387,way,Sudan,plant,Capacity placeholder value,yes,Tag 'plant:output:electricity' contains placeholder value 'yes' instead of actual capacity,2026-04-24 03:29:09.445319,https://www.openstreetmap.org/way/842086387,10.303951475348548,29.405534042890096
way/842086389,842086389,way,Sudan,plant,Capacity placeholder value,yes,Tag 'plant:output:electricity' contains placeholder value 'yes' instead of actual capacity,2026-04-24 03:29:09.445482,https://www.openstreetmap.org/way/842086389,10.29435731044062,29.390282794296795
way/842086391,842086391,way,Sudan,plant,Capacity placeholder value,yes,Tag 'plant:output:electricity' contains placeholder value 'yes' instead of actual capacity,2026-04-24 03:29:09.445791,https://www.openstreetmap.org/way/842086391,10.309128297250034,29.40162064479501
way/842086392,842086392,way,Sudan,plant,Capacity placeholder value,yes,Tag 'plant:output:electricity' contains placeholder value 'yes' instead of actual capacity,2026-04-24 03:29:09.445951,https://www.openstreetmap.org/way/842086392,10.295849817912064,29.390972405151107
way/842088028,842088028,way,Sudan,plant,Capacity placeholder value,yes,Tag 'plant:output:electricity' contains placeholder value 'yes' instead of actual capacity,2026-04-24 03:29:09.446200,https://www.openstreetmap.org/way/842088028,10.132807092162622,29.38009316055312
way/842088030,842088030,way,Sudan,plant,Capacity placeholder value,yes,Tag 'plant:output:electricity' contains placeholder value 'yes' instead of actual capacity,2026-04-24 03:29:09.446515,https://www.openstreetmap.org/way/842088030,10.136217928079194,29.379523891324787
way/842088031,842088031,way,Sudan,plant,Capacity placeholder value,yes,Tag 'plant:output:electricity' contains placeholder value 'yes' instead of actual capacity,2026-04-24 03:29:09.446761,https://www.openstreetmap.org/way/842088031,10.124474368171477,29.379905189515377
way/842088032,842088032,way,Sudan,plant,Capacity placeholder value,yes,Tag 'plant:output:electricity' contains placeholder value 'yes' instead of actual capacity,2026-04-24 03:29:09.446995,https://www.openstreetmap.org/way/842088032,10.143578603138534,29.383409593512795
way/842088034,842088034,way,Sudan,plant,Capacity placeholder value,yes,Tag 'plant:output:electricity' contains placeholder value 'yes' instead of actual capacity,2026-04-24 03:29:09.447273,https://www.openstreetmap.org/way/842088034,10.142565997494437,29.394752670513544
way/842088035,842088035,way,Sudan,plant,Capacity placeholder value,yes,Tag 'plant:output:electricity' contains placeholder value 'yes' instead of actual capacity,2026-04-24 03:29:09.447476,https://www.openstreetmap.org/way/842088035,10.146069723555902,29.39292683675849
way/842088036,842088036,way,Sudan,plant,Capacity placeholder value,yes,Tag 'plant:output:electricity' contains placeholder value 'yes' instead of actual capacity,2026-04-24 03:29:09.447678,https://www.openstreetmap.org/way/842088036,10.138273888009367,29.382341802540388
way/842088037,842088037,way,Sudan,plant,Capacity placeholder value,yes,Tag 'plant:output:electricity' contains placeholder value 'yes' instead of actual capacity,2026-04-24 03:29:09.447859,https://www.openstreetmap.org/way/842088037,10.15060512844648,29.38367147049583
way/842088039,842088039,way,Sudan,plant,Capacity placeholder value,yes,Tag 'plant:output:electricity' contains placeholder value 'yes' instead of actual capacity,2026-04-24 03:29:09.448106,https://www.openstreetmap.org/way/842088039,10.156981092961983,29.384147967508387
way/843330771,843330771,way,Sudan,plant,Capacity placeholder value,yes,Tag 'plant:output:electricity' contains placeholder value 'yes' instead of actual capacity,2026-04-24 03:29:09.448303,https://www.openstreetmap.org/way/843330771,19.519918318990097,37.2488772964941
way/946578910,946578910,way,Sudan,plant,Missing output tag,none,"tags: {'landuse': 'industrial', 'name': 'White Nile Sugar Co Power Plant', 'plant:source': 'biomass', 'power': 'plant', 'source': 'http://www.usipl.com/project-detail/White-Nile-Sugar-Company,-Sudan'}",2026-04-24 03:29:09.448504,https://www.openstreetmap.org/way/946578910,14.072115993558146,32.468661304033134
way/949793839,949793839,way,Sudan,plant,Capacity placeholder value,yes,Tag 'plant:output:electricity' contains placeholder value 'yes' instead of actual capacity,2026-04-24 03:29:09.448885,https://www.openstreetmap.org/way/949793839,13.670276106810412,25.46287695891178
way/1275412437,1275412437,way,Sudan,plant,Capacity placeholder value,yes,Tag 'plant:output:electricity' contains placeholder value 'yes' instead of actual capacity,2026-04-24 03:29:09.449271,https://www.openstreetmap.org/way/1275412437,10.11136762135208,29.411025000022388
way/1275412438,1275412438,way,Sudan,plant,Capacity placeholder value,yes,Tag 'plant:output:electricity' contains placeholder value 'yes' instead of actual capacity,2026-04-24 03:29:09.449431,https://www.openstreetmap.org/way/1275412438,10.116272559250621,29.41185882919703
way/1275412439,1275412439,way,Sudan,plant,Capacity placeholder value,yes,Tag 'plant:output:electricity' contains placeholder value 'yes' instead of actual capacity,2026-04-24 03:29:09.449587,https://www.openstreetmap.org/way/1275412439,10.120169456247883,29.411288707068184
way/1275412442,1275412442,way,Sudan,plant,Capacity placeholder value,yes,Tag 'plant:output:electricity' contains placeholder value 'yes' instead of actual capacity,2026-04-24 03:29:09.449775,https://www.openstreetmap.org/way/1275412442,10.12301620649163,29.410143058134253
way/1275412443,1275412443,way,Sudan,plant,Capacity placeholder value,yes,Tag 'plant:output:electricity' contains placeholder value 'yes' instead of actual capacity,2026-04-24 03:29:09.449933,https://www.openstreetmap.org/way/1275412443,10.25816866149216,29.386631302842154
way/1275412444,1275412444,way,Sudan,plant,Capacity placeholder value,yes,Tag 'plant:output:electricity' contains placeholder value 'yes' instead of actual capacity,2026-04-24 03:29:09.450113,https://www.openstreetmap.org/way/1275412444,10.261194089868214,29.385581879000338
way/1275412445,1275412445,way,Sudan,plant,Capacity placeholder value,yes,Tag 'plant:output:electricity' contains placeholder value 'yes' instead of actual capacity,2026-04-24 03:29:09.450284,https://www.openstreetmap.org/way/1275412445,10.260122280384572,29.38081793940377
way/1275412446,1275412446,way,Sudan,plant,Capacity placeholder value,yes,Tag 'plant:output:electricity' contains placeholder value 'yes' instead of actual capacity,2026-04-24 03:29:09.450442,https://www.openstreetmap.org/way/1275412446,10.26473422718831,29.38304305827451
way/1275412447,1275412447,way,Sudan,plant,Capacity placeholder value,yes,Tag 'plant:output:electricity' contains placeholder value 'yes' instead of actual capacity,2026-04-24 03:29:09.450599,https://www.openstreetmap.org/way/1275412447,10.264487750731769,29.375591833333335
way/1275412448,1275412448,way,Sudan,plant,Capacity placeholder value,yes,Tag 'plant:output:electricity' contains placeholder value 'yes' instead of actual capacity,2026-04-24 03:29:09.450755,https://www.openstreetmap.org/way/1275412448,10.265638252082939,29.372478854309847
way/1275412449,1275412449,way,Sudan,plant,Capacity placeholder value,yes,Tag 'plant:output:electricity' contains placeholder value 'yes' instead of actual capacity,2026-04-24 03:29:09.450911,https://www.openstreetmap.org/way/1275412449,10.269196499132912,29.37172604367506
way/1275412450,1275412450,way,Sudan,plant,Capacity placeholder value,yes,Tag 'plant:output:electricity' contains placeholder value 'yes' instead of actual capacity,2026-04-24 03:29:09.451085,https://www.openstreetmap.org/way/1275412450,10.269327044745783,29.382430985492796
way/1275412451,1275412451,way,Sudan,plant,Capacity placeholder value,yes,Tag 'plant:output:electricity' contains placeholder value 'yes' instead of actual capacity,2026-04-24 03:29:09.451270,https://www.openstreetmap.org/way/1275412451,10.269599564738433,29.380822666758547
way/1275412453,1275412453,way,Sudan,plant,Capacity placeholder value,yes,Tag 'plant:output:electricity' contains placeholder value 'yes' instead of actual capacity,2026-04-24 03:29:09.451423,https://www.openstreetmap.org/way/1275412453,10.269473533938497,29.378680161894525
way/1275412454,1275412454,way,Sudan,plant,Capacity placeholder value,yes,Tag 'plant:output:electricity' contains placeholder value 'yes' instead of actual capacity,2026-04-24 03:29:09.451578,https://www.openstreetmap.org/way/1275412454,10.27534134702236,29.37334416527186
way/1275412455,1275412455,way,Sudan,plant,Capacity placeholder value,yes,Tag 'plant:output:electricity' contains placeholder value 'yes' instead of actual capacity,2026-04-24 03:29:09.451734,https://www.openstreetmap.org/way/1275412455,10.276514965614828,29.37065268754123
way/1275412456,1275412456,way,Sudan,plant,Capacity placeholder value,yes,Tag 'plant:output:electricity' contains placeholder value 'yes' instead of actual capacity,2026-04-24 03:29:09.451889,https://www.openstreetmap.org/way/1275412456,10.277432815872496,29.373167418963643
way/1275412458,1275412458,way,Sudan,plant,Capacity placeholder value,yes,Tag 'plant:output:electricity' contains placeholder value 'yes' instead of actual capacity,2026-04-24 03:29:09.452043,https://www.openstreetmap.org/way/1275412458,10.27955060791198,29.373249032640317
way/1275412459,1275412459,way,Sudan,plant,Capacity placeholder value,yes,Tag 'plant:output:electricity' contains placeholder value 'yes' instead of actual capacity,2026-04-24 03:29:09.452226,https://www.openstreetmap.org/way/1275412459,10.276221527588877,29.39006516168172
way/1275412460,1275412460,way,Sudan,plant,Capacity placeholder value,yes,Tag 'plant:output:electricity' contains placeholder value 'yes' instead of actual capacity,2026-04-24 03:29:09.452446,https://www.openstreetmap.org/way/1275412460,10.28058832544368,29.392831237412246
way/1275412461,1275412461,way,Sudan,plant,Capacity placeholder value,yes,Tag 'plant:output:electricity' contains placeholder value 'yes' instead of actual capacity,2026-04-24 03:29:09.452602,https://www.openstreetmap.org/way/1275412461,10.277468299585637,29.39898694659237
way/1275412462,1275412462,way,Sudan,plant,Capacity placeholder value,yes,Tag 'plant:output:electricity' contains placeholder value 'yes' instead of actual capacity,2026-04-24 03:29:09.452758,https://www.openstreetmap.org/way/1275412462,10.281433848790568,29.39754185150459
way/1275412463,1275412463,way,Sudan,plant,Capacity placeholder value,yes,Tag 'plant:output:electricity' contains placeholder value 'yes' instead of actual capacity,2026-04-24 03:29:09.452914,https://www.openstreetmap.org/way/1275412463,10.273661803242748,29.401367435767757
way/1275412464,1275412464,way,Sudan,plant,Capacity placeholder value,yes,Tag 'plant:output:electricity' contains placeholder value 'yes' instead of actual capacity,2026-04-24 03:29:09.453090,https://www.openstreetmap.org/way/1275412464,10.268990602843408,29.401099948762337
way/1275412465,1275412465,way,Sudan,plant,Capacity placeholder value,yes,Tag 'plant:output:electricity' contains placeholder value 'yes' instead of actual capacity,2026-04-24 03:29:09.453252,https://www.openstreetmap.org/way/1275412465,10.269849874786564,29.40692264966853
way/1275412466,1275412466,way,Sudan,plant,Capacity placeholder value,yes,Tag 'plant:output:electricity' contains placeholder value 'yes' instead of actual capacity,2026-04-24 03:29:09.453408,https://www.openstreetmap.org/way/1275412466,10.266078233023634,29.405130744888094
way/1275412467,1275412467,way,Sudan,plant,Capacity placeholder value,yes,Tag 'plant:output:electricity' contains placeholder value 'yes' instead of actual capacity,2026-04-24 03:29:09.453564,https://www.openstreetmap.org/way/1275412467,10.264453182404765,29.411907437749516
way/1275412468,1275412468,way,Sudan,plant,Capacity placeholder value,yes,Tag 'plant:output:electricity' contains placeholder value 'yes' instead of actual capacity,2026-04-24 03:29:09.453719,https://www.openstreetmap.org/way/1275412468,10.260204155626084,29.40404462384653
way/1275412469,1275412469,way,Sudan,plant,Capacity placeholder value,yes,Tag 'plant:output:electricity' contains placeholder value 'yes' instead of actual capacity,2026-04-24 03:29:09.453875,https://www.openstreetmap.org/way/1275412469,10.29086666150055,29.3960042114071
way/1275412470,1275412470,way,Sudan,plant,Capacity placeholder value,yes,Tag 'plant:output:electricity' contains placeholder value 'yes' instead of actual capacity,2026-04-24 03:29:09.454031,https://www.openstreetmap.org/way/1275412470,10.292198183436216,29.391269254101633
way/1275412471,1275412471,way,Sudan,plant,Capacity placeholder value,yes,Tag 'plant:output:electricity' contains placeholder value 'yes' instead of actual capacity,2026-04-24 03:29:09.454217,https://www.openstreetmap.org/way/1275412471,10.29097887898626,29.386724487036975
way/1275412472,1275412472,way,Sudan,plant,Capacity placeholder value,yes,Tag 'plant:output:electricity' contains placeholder value 'yes' instead of actual capacity,2026-04-24 03:29:09.454373,https://www.openstreetmap.org/way/1275412472,10.290754905867592,29.38491392937371
way/1275412473,1275412473,way,Sudan,plant,Capacity placeholder value,yes,Tag 'plant:output:electricity' contains placeholder value 'yes' instead of actual capacity,2026-04-24 03:29:09.454526,https://www.openstreetmap.org/way/1275412473,10.286709874334512,29.382193645811306
way/1275412475,1275412475,way,Sudan,plant,Capacity placeholder value,yes,Tag 'plant:output:electricity' contains placeholder value 'yes' instead of actual capacity,2026-04-24 03:29:09.454679,https://www.openstreetmap.org/way/1275412475,10.283773637508457,29.395300393506336
way/1275412479,1275412479,way,Sudan,plant,Capacity placeholder value,yes,Tag 'plant:output:electricity' contains placeholder value 'yes' instead of actual capacity,2026-04-24 03:29:09.454833,https://www.openstreetmap.org/way/1275412479,10.263953617543077,29.368952259732307
way/1275412480,1275412480,way,Sudan,plant,Capacity placeholder value,yes,Tag 'plant:output:electricity' contains placeholder value 'yes' instead of actual capacity,2026-04-24 03:29:09.454988,https://www.openstreetmap.org/way/1275412480,10.27072976408072,29.36458657045881
way/1275412481,1275412481,way,Sudan,plant,Capacity placeholder value,yes,Tag 'plant:output:electricity' contains placeholder value 'yes' instead of actual capacity,2026-04-24 03:29:09.455169,https://www.openstreetmap.org/way/1275412481,10.275968043666152,29.367190864586757
way/1275412482,1275412482,way,Sudan,plant,Capacity placeholder value,yes,Tag 'plant:output:electricity' contains placeholder value 'yes' instead of actual capacity,2026-04-24 03:29:09.455326,https://www.openstreetmap.org/way/1275412482,10.275015004641082,29.359127177838356
way/1275412483,1275412483,way,Sudan,plant,Capacity placeholder value,yes,Tag 'plant:output:electricity' contains placeholder value 'yes' instead of actual capacity,2026-04-24 03:29:09.455480,https://www.openstreetmap.org/way/1275412483,10.275960575963396,29.356011632160893
way/1275412484,1275412484,way,Sudan,plant,Capacity placeholder value,yes,Tag 'plant:output:electricity' contains placeholder value 'yes' instead of actual capacity,2026-04-24 03:29:09.455639,https://www.openstreetmap.org/way/1275412484,10.273921482183367,29.35446927179891
way/1275412485,1275412485,way,Sudan,plant,Capacity placeholder value,yes,Tag 'plant:output:electricity' contains placeholder value 'yes' instead of actual capacity,2026-04-24 03:29:09.455794,https://www.openstreetmap.org/way/1275412485,10.276785911546899,29.35231997688621
way/1275412487,1275412487,way,Sudan,plant,Capacity placeholder value,yes,Tag 'plant:output:electricity' contains placeholder value 'yes' instead of actual capacity,2026-04-24 03:29:09.455950,https://www.openstreetmap.org/way/1275412487,10.280284046810413,29.34862269590506
way/1275412488,1275412488,way,Sudan,plant,Capacity placeholder value,yes,Tag 'plant:output:electricity' contains placeholder value 'yes' instead of actual capacity,2026-04-24 03:29:09.456129,https://www.openstreetmap.org/way/1275412488,10.281979476008264,29.35387653218098
way/1275412489,1275412489,way,Sudan,plant,Capacity placeholder value,yes,Tag 'plant:output:electricity' contains placeholder value 'yes' instead of actual capacity,2026-04-24 03:29:09.456288,https://www.openstreetmap.org/way/1275412489,10.278370073158248,29.360153703250685
way/1275412490,1275412490,way,Sudan,plant,Capacity placeholder value,yes,Tag 'plant:output:electricity' contains placeholder value 'yes' instead of actual capacity,2026-04-24 03:29:09.456444,https://www.openstreetmap.org/way/1275412490,10.280515734354687,29.36235752583666
way/1275412491,1275412491,way,Sudan,plant,Capacity placeholder value,yes,Tag 'plant:output:electricity' contains placeholder value 'yes' instead of actual capacity,2026-04-24 03:29:09.456606,https://www.openstreetmap.org/way/1275412491,10.282172854519878,29.368523291356293
way/1275412492,1275412492,way,Sudan,plant,Capacity placeholder value,yes,Tag 'plant:output:electricity' contains placeholder value 'yes' instead of actual capacity,2026-04-24 03:29:09.456761,https://www.openstreetmap.org/way/1275412492,10.284955519038968,29.366344543923624
way/1275412493,1275412493,way,Sudan,plant,Capacity placeholder value,yes,Tag 'plant:output:electricity' contains placeholder value 'yes' instead of actual capacity,2026-04-24 03:29:09.456914,https://www.openstreetmap.org/way/1275412493,10.284897590055744,29.36322384713821
way/1275412494,1275412494,way,Sudan,plant,Capacity placeholder value,yes,Tag 'plant:output:electricity' contains placeholder value 'yes' instead of actual capacity,2026-04-24 03:29:09.457090,https://www.openstreetmap.org/way/1275412494,10.285464862532075,29.359704679135675
way/1275412495,1275412495,way,Sudan,plant,Capacity placeholder value,yes,Tag 'plant:output:electricity' contains placeholder value 'yes' instead of actual capacity,2026-04-24 03:29:09.457252,https://www.openstreetmap.org/way/1275412495,10.28821233095294,29.352197116029743
way/1275412496,1275412496,way,Sudan,plant,Capacity placeholder value,yes,Tag 'plant:output:electricity' contains placeholder value 'yes' instead of actual capacity,2026-04-24 03:29:09.457407,https://www.openstreetmap.org/way/1275412496,10.291769557324567,29.34910502794143
way/1275412497,1275412497,way,Sudan,plant,Capacity placeholder value,yes,Tag 'plant:output:electricity' contains placeholder value 'yes' instead of actual capacity,2026-04-24 03:29:09.457559,https://www.openstreetmap.org/way/1275412497,10.293292833498041,29.35592477933075
way/1275412498,1275412498,way,Sudan,plant,Capacity placeholder value,yes,Tag 'plant:output:electricity' contains placeholder value 'yes' instead of actual capacity,2026-04-24 03:29:09.457713,https://www.openstreetmap.org/way/1275412498,10.2959549441193,29.357539799322875
way/1275412499,1275412499,way,Sudan,plant,Capacity placeholder value,yes,Tag 'plant:output:electricity' contains placeholder value 'yes' instead of actual capacity,2026-04-24 03:29:09.457868,https://www.openstreetmap.org/way/1275412499,10.288416300922318,29.365906648196166
way/1275412500,1275412500,way,Sudan,plant,Capacity placeholder value,yes,Tag 'plant:output:electricity' contains placeholder value 'yes' instead of actual capacity,2026-04-24 03:29:09.458023,https://www.openstreetmap.org/way/1275412500,10.29915933292815,29.349081538262205
way/1275412501,1275412501,way,Sudan,plant,Capacity placeholder value,yes,Tag 'plant:output:electricity' contains placeholder value 'yes' instead of actual capacity,2026-04-24 03:29:09.458210,https://www.openstreetmap.org/way/1275412501,10.29937599785049,29.345839332738883
way/1324823988,1324823988,way,Sudan,plant,Missing source tag,none,"tags: {'landuse': 'industrial', 'name:en': 'Karadeniz Powership Kaya Bey', 'power': 'plant'}",2026-04-24 03:29:09.458429,https://www.openstreetmap.org/way/1324823988,19.38967732239006,37.313365924624726
way/1324823989,1324823989,way,Sudan,plant,Missing source tag,none,"tags: {'landuse': 'industrial', 'name:en': 'Karadeniz Powership Rauf Bey', 'power': 'plant'}",2026-04-24 03:29:09.458611,https://www.openstreetmap.org/way/1324823989,19.38966496620509,37.31302000273509
way/1324823990,1324823990,way,Sudan,plant,Missing source tag,none,"tags: {'landuse': 'industrial', 'name:en': 'Karadeniz Powership Alican Bey', 'power': 'plant'}",2026-04-24 03:29:09.458762,https://www.openstreetmap.org/way/1324823990,19.389523672994514,37.31269392695086
way/1424432337,1424432337,way,Sudan,plant,Missing output tag,none,"tags: {'plant:source': 'solar', 'power': 'plant'}",2026-04-24 03:29:09.458930,https://www.openstreetmap.org/way/1424432337,11.454789839879723,26.21895819478032
way/1470189459,1470189459,way,Sudan,plant,Missing output tag,none,"tags: {'plant:source': 'hydro', 'power': 'plant'}",2026-04-24 03:29:09.459147,https://www.openstreetmap.org/way/1470189459,13.547357254213807,33.631831619815294
node/2709472126,2709472126,node,Tunisia,generator,Capacity regex no match,1320 kW,Tag 'generator:output:electricity' has value '1320 kW' which could not be parsed,2026-04-24 03:33:55.158606,https://www.openstreetmap.org/node/2709472126,37.1705794,10.0484384
node/2709474814,2709474814,node,Tunisia,generator,Capacity regex no match,1320 kW,Tag 'generator:output:electricity' has value '1320 kW' which could not be parsed,2026-04-24 03:33:55.158642,https://www.openstreetmap.org/node/2709474814,37.2148464,10.0653205
node/3561425093,3561425093,node,Tunisia,generator,Capacity regex no match,1320 kW,Tag 'generator:output:electricity' has value '1320 kW' which could not be parsed,2026-04-24 03:33:55.158666,https://www.openstreetmap.org/node/3561425093,37.1959594,10.082923
node/2709475190,2709475190,node,Tunisia,generator,Capacity regex no match,1320 kW,Tag 'generator:output:electricity' has value '1320 kW' which could not be parsed,2026-04-24 03:33:55.158687,https://www.openstreetmap.org/node/2709475190,37.2255632,10.0709271
node/3561417805,3561417805,node,Tunisia,generator,Capacity regex no match,1320 kW,Tag 'generator:output:electricity' has value '1320 kW' which could not be parsed,2026-04-24 03:33:55.158707,https://www.openstreetmap.org/node/3561417805,37.1984029,10.0830577
node/2709474547,2709474547,node,Tunisia,generator,Capacity regex no match,1320 kW,Tag 'generator:output:electricity' has value '1320 kW' which could not be parsed,2026-04-24 03:33:55.158728,https://www.openstreetmap.org/node/2709474547,37.2127037,10.0635518
node/2709473521,2709473521,node,Tunisia,generator,Capacity regex no match,1320 kW,Tag 'generator:output:electricity' has value '1320 kW' which could not be parsed,2026-04-24 03:33:55.158748,https://www.openstreetmap.org/node/2709473521,37.1952175,10.0611449
node/3561214803,3561214803,node,Tunisia,generator,Capacity regex no match,1320 kW,Tag 'generator:output:electricity' has value '1320 kW' which could not be parsed,2026-04-24 03:33:55.158766,https://www.openstreetmap.org/node/3561214803,37.2332618,10.022741
node/2709473134,2709473134,node,Tunisia,generator,Capacity regex no match,1320 kW,Tag 'generator:output:electricity' has value '1320 kW' which could not be parsed,2026-04-24 03:33:55.158787,https://www.openstreetmap.org/node/2709473134,37.185233,10.0588418
node/3561207248,3561207248,node,Tunisia,generator,Capacity regex no match,1320 kW,Tag 'generator:output:electricity' has value '1320 kW' which could not be parsed,2026-04-24 03:33:55.158807,https://www.openstreetmap.org/node/3561207248,37.2334919,10.0248443
node/2709473129,2709473129,node,Tunisia,generator,Capacity regex no match,1320 kW,Tag 'generator:output:electricity' has value '1320 kW' which could not be parsed,2026-04-24 03:33:55.158825,https://www.openstreetmap.org/node/2709473129,37.1833492,10.0581992
node/2709474408,2709474408,node,Tunisia,generator,Capacity regex no match,1320 kW,Tag 'generator:output:electricity' has value '1320 kW' which could not be parsed,2026-04-24 03:33:55.158843,https://www.openstreetmap.org/node/2709474408,37.2075441,10.0634516
node/3561199188,3561199188,node,Tunisia,generator,Capacity regex no match,1320 kW,Tag 'generator:output:electricity' has value '1320 kW' which could not be parsed,2026-04-24 03:33:55.158861,https://www.openstreetmap.org/node/3561199188,37.2372758,10.0308212
node/3561432670,3561432670,node,Tunisia,generator,Capacity regex no match,1320 kW,Tag 'generator:output:electricity' has value '1320 kW' which could not be parsed,2026-04-24 03:33:55.158879,https://www.openstreetmap.org/node/3561432670,37.1971474,10.104779
node/3561432669,3561432669,node,Tunisia,generator,Capacity regex no match,1320 kW,Tag 'generator:output:electricity' has value '1320 kW' which could not be parsed,2026-04-24 03:33:55.158898,https://www.openstreetmap.org/node/3561432669,37.1987756,10.0995463
node/3561432668,3561432668,node,Tunisia,generator,Capacity regex no match,1320 kW,Tag 'generator:output:electricity' has value '1320 kW' which could not be parsed,2026-04-24 03:33:55.158919,https://www.openstreetmap.org/node/3561432668,37.1954613,10.0957398
node/3561432667,3561432667,node,Tunisia,generator,Capacity regex no match,1320 kW,Tag 'generator:output:electricity' has value '1320 kW' which could not be parsed,2026-04-24 03:33:55.158938,https://www.openstreetmap.org/node/3561432667,37.1972126,10.096621
node/3561432666,3561432666,node,Tunisia,generator,Capacity regex no match,1320 kW,Tag 'generator:output:electricity' has value '1320 kW' which could not be parsed,2026-04-24 03:33:55.158956,https://www.openstreetmap.org/node/3561432666,37.1986237,10.0971025
node/3561432665,3561432665,node,Tunisia,generator,Capacity regex no match,1320 kW,Tag 'generator:output:electricity' has value '1320 kW' which could not be parsed,2026-04-24 03:33:55.158975,https://www.openstreetmap.org/node/3561432665,37.2000275,10.095113
node/3561194857,3561194857,node,Tunisia,generator,Capacity regex no match,1320 kW,Tag 'generator:output:electricity' has value '1320 kW' which could not be parsed,2026-04-24 03:33:55.158995,https://www.openstreetmap.org/node/3561194857,37.2454972,10.0372011
node/3561424755,3561424755,node,Tunisia,generator,Capacity regex no match,1320 kW,Tag 'generator:output:electricity' has value '1320 kW' which could not be parsed,2026-04-24 03:33:55.159013,https://www.openstreetmap.org/node/3561424755,37.1932893,10.0838657
node/4937109619,4937109619,node,Tunisia,generator,Capacity regex no match,1320 kW,Tag 'generator:output:electricity' has value '1320 kW' which could not be parsed,2026-04-24 03:33:55.159032,https://www.openstreetmap.org/node/4937109619,37.1633453,10.0849104
node/2709474504,2709474504,node,Tunisia,generator,Capacity regex no match,1320 kW,Tag 'generator:output:electricity' has value '1320 kW' which could not be parsed,2026-04-24 03:33:55.159049,https://www.openstreetmap.org/node/2709474504,37.2099943,10.0647793
node/3561431807,3561431807,node,Tunisia,generator,Capacity regex no match,1320 kW,Tag 'generator:output:electricity' has value '1320 kW' which could not be parsed,2026-04-24 03:33:55.159087,https://www.openstreetmap.org/node/3561431807,37.1894375,10.0815956
node/2709475012,2709475012,node,Tunisia,generator,Capacity regex no match,1320 kW,Tag 'generator:output:electricity' has value '1320 kW' which could not be parsed,2026-04-24 03:33:55.159108,https://www.openstreetmap.org/node/2709475012,37.2179986,10.0658165
node/2709473856,2709473856,node,Tunisia,generator,Capacity regex no match,1320 kW,Tag 'generator:output:electricity' has value '1320 kW' which could not be parsed,2026-04-24 03:33:55.159127,https://www.openstreetmap.org/node/2709473856,37.2001253,10.0635167
node/5932632157,5932632157,node,Tunisia,generator,Capacity regex no match,1320 kW,Tag 'generator:output:electricity' has value '1320 kW' which could not be parsed,2026-04-24 03:33:55.159145,https://www.openstreetmap.org/node/5932632157,37.192764,10.1142728
node/5932632156,5932632156,node,Tunisia,generator,Capacity regex no match,1320 kW,Tag 'generator:output:electricity' has value '1320 kW' which could not be parsed,2026-04-24 03:33:55.159164,https://www.openstreetmap.org/node/5932632156,37.1922449,10.1111926
node/2709473341,2709473341,node,Tunisia,generator,Capacity regex no match,1320 kW,Tag 'generator:output:electricity' has value '1320 kW' which could not be parsed,2026-04-24 03:33:55.159182,https://www.openstreetmap.org/node/2709473341,37.1940845,10.0600655
node/3561431812,3561431812,node,Tunisia,generator,Capacity regex no match,1320 kW,Tag 'generator:output:electricity' has value '1320 kW' which could not be parsed,2026-04-24 03:33:55.159200,https://www.openstreetmap.org/node/3561431812,37.1757749,10.0939259
node/2709472827,2709472827,node,Tunisia,generator,Capacity regex no match,1320 kW,Tag 'generator:output:electricity' has value '1320 kW' which could not be parsed,2026-04-24 03:33:55.159218,https://www.openstreetmap.org/node/2709472827,37.1746345,10.0543006
node/5932632153,5932632153,node,Tunisia,generator,Capacity regex no match,1320 kW,Tag 'generator:output:electricity' has value '1320 kW' which could not be parsed,2026-04-24 03:33:55.159235,https://www.openstreetmap.org/node/5932632153,37.1991969,10.1031366
node/3561431811,3561431811,node,Tunisia,generator,Capacity regex no match,1320 kW,Tag 'generator:output:electricity' has value '1320 kW' which could not be parsed,2026-04-24 03:33:55.159252,https://www.openstreetmap.org/node/3561431811,37.179161,10.0897659
node/3561431810,3561431810,node,Tunisia,generator,Capacity regex no match,1320 kW,Tag 'generator:output:electricity' has value '1320 kW' which could not be parsed,2026-04-24 03:33:55.159270,https://www.openstreetmap.org/node/3561431810,37.1830595,10.087626
node/5932632152,5932632152,node,Tunisia,generator,Capacity regex no match,1320 kW,Tag 'generator:output:electricity' has value '1320 kW' which could not be parsed,2026-04-24 03:33:55.159287,https://www.openstreetmap.org/node/5932632152,37.2009741,10.0898679
node/3561431809,3561431809,node,Tunisia,generator,Capacity regex no match,1320 kW,Tag 'generator:output:electricity' has value '1320 kW' which could not be parsed,2026-04-24 03:33:55.159305,https://www.openstreetmap.org/node/3561431809,37.1856466,10.0858902
node/5932632155,5932632155,node,Tunisia,generator,Capacity regex no match,1320 kW,Tag 'generator:output:electricity' has value '1320 kW' which could not be parsed,2026-04-24 03:33:55.159323,https://www.openstreetmap.org/node/5932632155,37.1910967,10.1060589
node/5932632154,5932632154,node,Tunisia,generator,Capacity regex no match,1320 kW,Tag 'generator:output:electricity' has value '1320 kW' which could not be parsed,2026-04-24 03:33:55.159340,https://www.openstreetmap.org/node/5932632154,37.1948559,10.107678
node/3561431808,3561431808,node,Tunisia,generator,Capacity regex no match,1320 kW,Tag 'generator:output:electricity' has value '1320 kW' which could not be parsed,2026-04-24 03:33:55.159358,https://www.openstreetmap.org/node/3561431808,37.1875659,10.0814609
node/5932632149,5932632149,node,Tunisia,generator,Capacity regex no match,1320 kW,Tag 'generator:output:electricity' has value '1320 kW' which could not be parsed,2026-04-24 03:33:55.159376,https://www.openstreetmap.org/node/5932632149,37.2013044,10.0765795
node/5932632148,5932632148,node,Tunisia,generator,Capacity regex no match,1320 kW,Tag 'generator:output:electricity' has value '1320 kW' which could not be parsed,2026-04-24 03:33:55.159395,https://www.openstreetmap.org/node/5932632148,37.1995744,10.0753948
node/5932632151,5932632151,node,Tunisia,generator,Capacity regex no match,1320 kW,Tag 'generator:output:electricity' has value '1320 kW' which could not be parsed,2026-04-24 03:33:55.159413,https://www.openstreetmap.org/node/5932632151,37.2023581,10.090638
node/5932632150,5932632150,node,Tunisia,generator,Capacity regex no match,1320 kW,Tag 'generator:output:electricity' has value '1320 kW' which could not be parsed,2026-04-24 03:33:55.159431,https://www.openstreetmap.org/node/5932632150,37.2045441,10.0902431
node/3561418379,3561418379,node,Tunisia,generator,Capacity regex no match,1320 kW,Tag 'generator:output:electricity' has value '1320 kW' which could not be parsed,2026-04-24 03:33:55.159450,https://www.openstreetmap.org/node/3561418379,37.2018476,10.0853023
node/5932632147,5932632147,node,Tunisia,generator,Capacity regex no match,1320 kW,Tag 'generator:output:electricity' has value '1320 kW' which could not be parsed,2026-04-24 03:33:55.159468,https://www.openstreetmap.org/node/5932632147,37.1992126,10.0735387
node/5932632146,5932632146,node,Tunisia,generator,Capacity regex no match,1320 kW,Tag 'generator:output:electricity' has value '1320 kW' which could not be parsed,2026-04-24 03:33:55.159486,https://www.openstreetmap.org/node/5932632146,37.2010213,10.0707941
node/3561199633,3561199633,node,Tunisia,generator,Capacity regex no match,1320 kW,Tag 'generator:output:electricity' has value '1320 kW' which could not be parsed,2026-04-24 03:33:55.159503,https://www.openstreetmap.org/node/3561199633,37.2386794,10.0318272
node/2709471911,2709471911,node,Tunisia,generator,Capacity regex no match,1320 kW,Tag 'generator:output:electricity' has value '1320 kW' which could not be parsed,2026-04-24 03:33:55.159521,https://www.openstreetmap.org/node/2709471911,37.1682458,10.0471848
node/2709472934,2709472934,node,Tunisia,generator,Capacity regex no match,1320 kW,Tag 'generator:output:electricity' has value '1320 kW' which could not be parsed,2026-04-24 03:33:55.159539,https://www.openstreetmap.org/node/2709472934,37.1762193,10.0555027
node/3561215647,3561215647,node,Tunisia,generator,Capacity regex no match,1320 kW,Tag 'generator:output:electricity' has value '1320 kW' which could not be parsed,2026-04-24 03:33:55.159556,https://www.openstreetmap.org/node/3561215647,37.2320681,10.0192367
node/2709472803,2709472803,node,Tunisia,generator,Capacity regex no match,1320 kW,Tag 'generator:output:electricity' has value '1320 kW' which could not be parsed,2026-04-24 03:33:55.159574,https://www.openstreetmap.org/node/2709472803,37.1720177,10.0527401
node/3561215646,3561215646,node,Tunisia,generator,Capacity regex no match,1320 kW,Tag 'generator:output:electricity' has value '1320 kW' which could not be parsed,2026-04-24 03:33:55.159591,https://www.openstreetmap.org/node/3561215646,37.2314641,10.0172634
node/2709473821,2709473821,node,Tunisia,generator,Capacity regex no match,1320 kW,Tag 'generator:output:electricity' has value '1320 kW' which could not be parsed,2026-04-24 03:33:55.159608,https://www.openstreetmap.org/node/2709473821,37.1977068,10.06268
node/3561447587,3561447587,node,Tunisia,generator,Capacity regex no match,1320 kW,Tag 'generator:output:electricity' has value '1320 kW' which could not be parsed,2026-04-24 03:33:55.159626,https://www.openstreetmap.org/node/3561447587,37.1699051,10.0729024
node/3561201063,3561201063,node,Tunisia,generator,Capacity regex no match,1320 kW,Tag 'generator:output:electricity' has value '1320 kW' which could not be parsed,2026-04-24 03:33:55.159644,https://www.openstreetmap.org/node/3561201063,37.2350282,10.0281817
node/3561447586,3561447586,node,Tunisia,generator,Capacity regex no match,1320 kW,Tag 'generator:output:electricity' has value '1320 kW' which could not be parsed,2026-04-24 03:33:55.159661,https://www.openstreetmap.org/node/3561447586,37.1697832,10.0695442
node/3561447585,3561447585,node,Tunisia,generator,Capacity regex no match,1320 kW,Tag 'generator:output:electricity' has value '1320 kW' which could not be parsed,2026-04-24 03:33:55.159678,https://www.openstreetmap.org/node/3561447585,37.1654477,10.0677493
node/2709471896,2709471896,node,Tunisia,generator,Capacity regex no match,1320 kW,Tag 'generator:output:electricity' has value '1320 kW' which could not be parsed,2026-04-24 03:33:55.159695,https://www.openstreetmap.org/node/2709471896,37.1657091,10.0470495
node/2709475096,2709475096,node,Tunisia,generator,Capacity regex no match,1320 kW,Tag 'generator:output:electricity' has value '1320 kW' which could not be parsed,2026-04-24 03:33:55.159713,https://www.openstreetmap.org/node/2709475096,37.2221999,10.0666282
node/2709473048,2709473048,node,Tunisia,generator,Capacity regex no match,1320 kW,Tag 'generator:output:electricity' has value '1320 kW' which could not be parsed,2026-04-24 03:33:55.159730,https://www.openstreetmap.org/node/2709473048,37.1807608,10.0576397
node/2709473036,2709473036,node,Tunisia,generator,Capacity regex no match,1320 kW,Tag 'generator:output:electricity' has value '1320 kW' which could not be parsed,2026-04-24 03:33:55.159748,https://www.openstreetmap.org/node/2709473036,37.1783075,10.0565387
node/2709474310,2709474310,node,Tunisia,generator,Capacity regex no match,1320 kW,Tag 'generator:output:electricity' has value '1320 kW' which could not be parsed,2026-04-24 03:33:55.159766,https://www.openstreetmap.org/node/2709474310,37.2057723,10.0628002
node/2709473282,2709473282,node,Tunisia,generator,Capacity regex no match,1320 kW,Tag 'generator:output:electricity' has value '1320 kW' which could not be parsed,2026-04-24 03:33:55.159783,https://www.openstreetmap.org/node/2709473282,37.1893253,10.0589428
node/3561420603,3561420603,node,Tunisia,generator,Capacity regex no match,1320 kW,Tag 'generator:output:electricity' has value '1320 kW' which could not be parsed,2026-04-24 03:33:55.159800,https://www.openstreetmap.org/node/3561420603,37.2002624,10.082908
node/7778217446,7778217446,node,Tunisia,generator,Capacity regex no match,1320 kW,Tag 'generator:output:electricity' has value '1320 kW' which could not be parsed,2026-04-24 03:33:55.159818,https://www.openstreetmap.org/node/7778217446,37.1862196,10.0540835
node/7778217445,7778217445,node,Tunisia,generator,Capacity regex no match,1320 kW,Tag 'generator:output:electricity' has value '1320 kW' which could not be parsed,2026-04-24 03:33:55.159835,https://www.openstreetmap.org/node/7778217445,37.1840314,10.0522649
node/7778217444,7778217444,node,Tunisia,generator,Capacity regex no match,1320 kW,Tag 'generator:output:electricity' has value '1320 kW' which could not be parsed,2026-04-24 03:33:55.159852,https://www.openstreetmap.org/node/7778217444,37.1820398,10.0510794
node/7778217447,7778217447,node,Tunisia,generator,Capacity regex no match,1320 kW,Tag 'generator:output:electricity' has value '1320 kW' which could not be parsed,2026-04-24 03:33:55.159869,https://www.openstreetmap.org/node/7778217447,37.1691058,10.0537348
node/3561447588,3561447588,node,Tunisia,generator,Capacity regex no match,1320 kW,Tag 'generator:output:electricity' has value '1320 kW' which could not be parsed,2026-04-24 03:33:55.159886,https://www.openstreetmap.org/node/3561447588,37.1716872,10.074318
node/4937109620,4937109620,node,Tunisia,generator,Capacity regex no match,1320 kW,Tag 'generator:output:electricity' has value '1320 kW' which could not be parsed,2026-04-24 03:33:55.159903,https://www.openstreetmap.org/node/4937109620,37.1693582,10.0795513
node/3561447590,3561447590,node,Tunisia,generator,Capacity regex no match,1320 kW,Tag 'generator:output:electricity' has value '1320 kW' which could not be parsed,2026-04-24 03:33:55.159920,https://www.openstreetmap.org/node/3561447590,37.175962,10.0737935
node/3561447589,3561447589,node,Tunisia,generator,Capacity regex no match,1320 kW,Tag 'generator:output:electricity' has value '1320 kW' which could not be parsed,2026-04-24 03:33:55.159937,https://www.openstreetmap.org/node/3561447589,37.1737258,10.0722289
node/2598719205,2598719205,node,Tunisia,generator,Capacity regex no match,1320 kW,Tag 'generator:output:electricity' has value '1320 kW' which could not be parsed,2026-04-24 03:33:55.164471,https://www.openstreetmap.org/node/2598719205,37.0932923,9.91278
node/2598719332,2598719332,node,Tunisia,generator,Capacity regex no match,1320 kW,Tag 'generator:output:electricity' has value '1320 kW' which could not be parsed,2026-04-24 03:33:55.164502,https://www.openstreetmap.org/node/2598719332,37.104233,9.8795517
node/2598722023,2598722023,node,Tunisia,generator,Capacity regex no match,1320 kW,Tag 'generator:output:electricity' has value '1320 kW' which could not be parsed,2026-04-24 03:33:55.164525,https://www.openstreetmap.org/node/2598722023,37.1291171,9.920329
node/2598723943,2598723943,node,Tunisia,generator,Capacity regex no match,1320 kW,Tag 'generator:output:electricity' has value '1320 kW' which could not be parsed,2026-04-24 03:33:55.164547,https://www.openstreetmap.org/node/2598723943,37.0972792,9.9405487
node/2598719201,2598719201,node,Tunisia,generator,Capacity regex no match,1320 kW,Tag 'generator:output:electricity' has value '1320 kW' which could not be parsed,2026-04-24 03:33:55.164567,https://www.openstreetmap.org/node/2598719201,37.0926529,9.9110567
node/2598722019,2598722019,node,Tunisia,generator,Capacity regex no match,1320 kW,Tag 'generator:output:electricity' has value '1320 kW' which could not be parsed,2026-04-24 03:33:55.164588,https://www.openstreetmap.org/node/2598722019,37.1281923,9.9183088
node/2598722029,2598722029,node,Tunisia,generator,Capacity regex no match,1320 kW,Tag 'generator:output:electricity' has value '1320 kW' which could not be parsed,2026-04-24 03:33:55.164608,https://www.openstreetmap.org/node/2598722029,37.1333489,9.9269813
node/2598722028,2598722028,node,Tunisia,generator,Capacity regex no match,1320 kW,Tag 'generator:output:electricity' has value '1320 kW' which could not be parsed,2026-04-24 03:33:55.164627,https://www.openstreetmap.org/node/2598722028,37.1323507,9.9257829
node/2598722030,2598722030,node,Tunisia,generator,Capacity regex no match,1320 kW,Tag 'generator:output:electricity' has value '1320 kW' which could not be parsed,2026-04-24 03:33:55.164646,https://www.openstreetmap.org/node/2598722030,37.1347513,9.9274421
node/2598723950,2598723950,node,Tunisia,generator,Capacity regex no match,1320 kW,Tag 'generator:output:electricity' has value '1320 kW' which could not be parsed,2026-04-24 03:33:55.164665,https://www.openstreetmap.org/node/2598723950,37.0989331,9.9290957
node/2598719342,2598719342,node,Tunisia,generator,Capacity regex no match,1320 kW,Tag 'generator:output:electricity' has value '1320 kW' which could not be parsed,2026-04-24 03:33:55.164683,https://www.openstreetmap.org/node/2598719342,37.1057069,9.8801011
node/2598722025,2598722025,node,Tunisia,generator,Capacity regex no match,1320 kW,Tag 'generator:output:electricity' has value '1320 kW' which could not be parsed,2026-04-24 03:33:55.164702,https://www.openstreetmap.org/node/2598722025,37.1296989,9.9218653
node/2598723945,2598723945,node,Tunisia,generator,Capacity regex no match,1320 kW,Tag 'generator:output:electricity' has value '1320 kW' which could not be parsed,2026-04-24 03:33:55.164720,https://www.openstreetmap.org/node/2598723945,37.0974847,9.9259244
node/2598722027,2598722027,node,Tunisia,generator,Capacity regex no match,1320 kW,Tag 'generator:output:electricity' has value '1320 kW' which could not be parsed,2026-04-24 03:33:55.164738,https://www.openstreetmap.org/node/2598722027,37.1313892,9.9245692
node/2598722026,2598722026,node,Tunisia,generator,Capacity regex no match,1320 kW,Tag 'generator:output:electricity' has value '1320 kW' which could not be parsed,2026-04-24 03:33:55.164758,https://www.openstreetmap.org/node/2598722026,37.1306237,9.9231251
node/2598723957,2598723957,node,Tunisia,generator,Capacity regex no match,1320 kW,Tag 'generator:output:electricity' has value '1320 kW' which could not be parsed,2026-04-24 03:33:55.164777,https://www.openstreetmap.org/node/2598723957,37.1002605,9.9325793
node/2598723953,2598723953,node,Tunisia,generator,Capacity regex no match,1320 kW,Tag 'generator:output:electricity' has value '1320 kW' which could not be parsed,2026-04-24 03:33:55.164794,https://www.openstreetmap.org/node/2598723953,37.0992291,9.9391434
node/2598719347,2598719347,node,Tunisia,generator,Capacity regex no match,1320 kW,Tag 'generator:output:electricity' has value '1320 kW' which could not be parsed,2026-04-24 03:33:55.164812,https://www.openstreetmap.org/node/2598719347,37.1057824,9.9094479
node/2598719355,2598719355,node,Tunisia,generator,Capacity regex no match,1320 kW,Tag 'generator:output:electricity' has value '1320 kW' which could not be parsed,2026-04-24 03:33:55.164830,https://www.openstreetmap.org/node/2598719355,37.1099559,9.9062753
node/2598722373,2598722373,node,Tunisia,generator,Capacity regex no match,1320 kW,Tag 'generator:output:electricity' has value '1320 kW' which could not be parsed,2026-04-24 03:33:55.164848,https://www.openstreetmap.org/node/2598722373,37.1142981,9.928249
node/2598722372,2598722372,node,Tunisia,generator,Capacity regex no match,1320 kW,Tag 'generator:output:electricity' has value '1320 kW' which could not be parsed,2026-04-24 03:33:55.164866,https://www.openstreetmap.org/node/2598722372,37.1139864,9.9366365
node/2598719303,2598719303,node,Tunisia,generator,Capacity regex no match,1320 kW,Tag 'generator:output:electricity' has value '1320 kW' which could not be parsed,2026-04-24 03:33:55.164884,https://www.openstreetmap.org/node/2598719303,37.103187,9.9122736
node/2598722375,2598722375,node,Tunisia,generator,Capacity regex no match,1320 kW,Tag 'generator:output:electricity' has value '1320 kW' which could not be parsed,2026-04-24 03:33:55.164901,https://www.openstreetmap.org/node/2598722375,37.1160003,9.9278195
node/2598722374,2598722374,node,Tunisia,generator,Capacity regex no match,1320 kW,Tag 'generator:output:electricity' has value '1320 kW' which could not be parsed,2026-04-24 03:33:55.164920,https://www.openstreetmap.org/node/2598722374,37.1151159,9.9198842
node/2598722369,2598722369,node,Tunisia,generator,Capacity regex no match,1320 kW,Tag 'generator:output:electricity' has value '1320 kW' which could not be parsed,2026-04-24 03:33:55.164937,https://www.openstreetmap.org/node/2598722369,37.1129121,9.9337575
node/2598722368,2598722368,node,Tunisia,generator,Capacity regex no match,1320 kW,Tag 'generator:output:electricity' has value '1320 kW' which could not be parsed,2026-04-24 03:33:55.164954,https://www.openstreetmap.org/node/2598722368,37.1127267,9.9455054
node/2598719299,2598719299,node,Tunisia,generator,Capacity regex no match,1320 kW,Tag 'generator:output:electricity' has value '1320 kW' which could not be parsed,2026-04-24 03:33:55.164972,https://www.openstreetmap.org/node/2598719299,37.1031574,9.8778434
node/2598722371,2598722371,node,Tunisia,generator,Capacity regex no match,1320 kW,Tag 'generator:output:electricity' has value '1320 kW' which could not be parsed,2026-04-24 03:33:55.164989,https://www.openstreetmap.org/node/2598722371,37.1134608,9.9353673
node/2598722370,2598722370,node,Tunisia,generator,Capacity regex no match,1320 kW,Tag 'generator:output:electricity' has value '1320 kW' which could not be parsed,2026-04-24 03:33:55.165007,https://www.openstreetmap.org/node/2598722370,37.1132902,9.9308848
node/2598721997,2598721997,node,Tunisia,generator,Capacity regex no match,1320 kW,Tag 'generator:output:electricity' has value '1320 kW' which could not be parsed,2026-04-24 03:33:55.165024,https://www.openstreetmap.org/node/2598721997,37.0948772,9.8836453
node/2598721996,2598721996,node,Tunisia,generator,Capacity regex no match,1320 kW,Tag 'generator:output:electricity' has value '1320 kW' which could not be parsed,2026-04-24 03:33:55.165042,https://www.openstreetmap.org/node/2598721996,37.0942408,9.8913578
node/2598721999,2598721999,node,Tunisia,generator,Capacity regex no match,1320 kW,Tag 'generator:output:electricity' has value '1320 kW' which could not be parsed,2026-04-24 03:33:55.165076,https://www.openstreetmap.org/node/2598721999,37.0956239,9.8875494
node/2598721998,2598721998,node,Tunisia,generator,Capacity regex no match,1320 kW,Tag 'generator:output:electricity' has value '1320 kW' which could not be parsed,2026-04-24 03:33:55.165097,https://www.openstreetmap.org/node/2598721998,37.0952335,9.8855814
node/2598722377,2598722377,node,Tunisia,generator,Capacity regex no match,1320 kW,Tag 'generator:output:electricity' has value '1320 kW' which could not be parsed,2026-04-24 03:33:55.165117,https://www.openstreetmap.org/node/2598722377,37.1199714,9.9148877
node/2598722376,2598722376,node,Tunisia,generator,Capacity regex no match,1320 kW,Tag 'generator:output:electricity' has value '1320 kW' which could not be parsed,2026-04-24 03:33:55.165135,https://www.openstreetmap.org/node/2598722376,37.1178354,9.9231677
node/2598721995,2598721995,node,Tunisia,generator,Capacity regex no match,1320 kW,Tag 'generator:output:electricity' has value '1320 kW' which could not be parsed,2026-04-24 03:33:55.165152,https://www.openstreetmap.org/node/2598721995,37.0931892,9.9023698
node/2598722378,2598722378,node,Tunisia,generator,Capacity regex no match,1320 kW,Tag 'generator:output:electricity' has value '1320 kW' which could not be parsed,2026-04-24 03:33:55.165169,https://www.openstreetmap.org/node/2598722378,37.1209794,9.9211373
node/2598722001,2598722001,node,Tunisia,generator,Capacity regex no match,1320 kW,Tag 'generator:output:electricity' has value '1320 kW' which could not be parsed,2026-04-24 03:33:55.165186,https://www.openstreetmap.org/node/2598722001,37.0978385,9.8924642
node/2598722000,2598722000,node,Tunisia,generator,Capacity regex no match,1320 kW,Tag 'generator:output:electricity' has value '1320 kW' which could not be parsed,2026-04-24 03:33:55.165204,https://www.openstreetmap.org/node/2598722000,37.0971851,9.8913472
node/2598722003,2598722003,node,Tunisia,generator,Capacity regex no match,1320 kW,Tag 'generator:output:electricity' has value '1320 kW' which could not be parsed,2026-04-24 03:33:55.165221,https://www.openstreetmap.org/node/2598722003,37.0994591,9.8948683
node/2598722002,2598722002,node,Tunisia,generator,Capacity regex no match,1320 kW,Tag 'generator:output:electricity' has value '1320 kW' which could not be parsed,2026-04-24 03:33:55.165238,https://www.openstreetmap.org/node/2598722002,37.0987718,9.8936875
node/2598722014,2598722014,node,Tunisia,generator,Capacity regex no match,1320 kW,Tag 'generator:output:electricity' has value '1320 kW' which could not be parsed,2026-04-24 03:33:55.165258,https://www.openstreetmap.org/node/2598722014,37.1270532,9.9167725
node/2598719278,2598719278,node,Tunisia,generator,Capacity regex no match,1320 kW,Tag 'generator:output:electricity' has value '1320 kW' which could not be parsed,2026-04-24 03:33:55.165278,https://www.openstreetmap.org/node/2598719278,37.1026988,9.9048981
node/5932632400,5932632400,node,Tunisia,generator,Capacity regex no match,1320 kW,Tag 'generator:output:electricity' has value '1320 kW' which could not be parsed,2026-04-24 03:33:55.165297,https://www.openstreetmap.org/node/5932632400,37.1077753,9.8811209
node/2598719272,2598719272,node,Tunisia,generator,Capacity regex no match,1320 kW,Tag 'generator:output:electricity' has value '1320 kW' which could not be parsed,2026-04-24 03:33:55.165315,https://www.openstreetmap.org/node/2598719272,37.1023408,9.9026334
node/2598722357,2598722357,node,Tunisia,generator,Capacity regex no match,1320 kW,Tag 'generator:output:electricity' has value '1320 kW' which could not be parsed,2026-04-24 03:33:55.165334,https://www.openstreetmap.org/node/2598722357,37.0990512,9.9584936
node/5932632397,5932632397,node,Tunisia,generator,Capacity regex no match,1320 kW,Tag 'generator:output:electricity' has value '1320 kW' which could not be parsed,2026-04-24 03:33:55.165352,https://www.openstreetmap.org/node/5932632397,37.1110018,9.8844141
node/5932632396,5932632396,node,Tunisia,generator,Capacity regex no match,1320 kW,Tag 'generator:output:electricity' has value '1320 kW' which could not be parsed,2026-04-24 03:33:55.165369,https://www.openstreetmap.org/node/5932632396,37.1111981,9.8868407
node/2598722359,2598722359,node,Tunisia,generator,Capacity regex no match,1320 kW,Tag 'generator:output:electricity' has value '1320 kW' which could not be parsed,2026-04-24 03:33:55.165386,https://www.openstreetmap.org/node/2598722359,37.1053676,9.9562457
node/5932632399,5932632399,node,Tunisia,generator,Capacity regex no match,1320 kW,Tag 'generator:output:electricity' has value '1320 kW' which could not be parsed,2026-04-24 03:33:55.165403,https://www.openstreetmap.org/node/5932632399,37.1089357,9.8816675
node/2598722358,2598722358,node,Tunisia,generator,Capacity regex no match,1320 kW,Tag 'generator:output:electricity' has value '1320 kW' which could not be parsed,2026-04-24 03:33:55.165420,https://www.openstreetmap.org/node/2598722358,37.1013971,9.9575043
node/5932632398,5932632398,node,Tunisia,generator,Capacity regex no match,1320 kW,Tag 'generator:output:electricity' has value '1320 kW' which could not be parsed,2026-04-24 03:33:55.165437,https://www.openstreetmap.org/node/5932632398,37.109752,9.8829291
node/5932632393,5932632393,node,Tunisia,generator,Capacity regex no match,1320 kW,Tag 'generator:output:electricity' has value '1320 kW' which could not be parsed,2026-04-24 03:33:55.165454,https://www.openstreetmap.org/node/5932632393,37.1111245,9.893633
node/5932632392,5932632392,node,Tunisia,generator,Capacity regex no match,1320 kW,Tag 'generator:output:electricity' has value '1320 kW' which could not be parsed,2026-04-24 03:33:55.165471,https://www.openstreetmap.org/node/5932632392,37.1113291,9.8957852
node/5932632395,5932632395,node,Tunisia,generator,Capacity regex no match,1320 kW,Tag 'generator:output:electricity' has value '1320 kW' which could not be parsed,2026-04-24 03:33:55.165488,https://www.openstreetmap.org/node/5932632395,37.1111717,9.8888349
node/5932632394,5932632394,node,Tunisia,generator,Capacity regex no match,1320 kW,Tag 'generator:output:electricity' has value '1320 kW' which could not be parsed,2026-04-24 03:33:55.165506,https://www.openstreetmap.org/node/5932632394,37.1113606,9.8911648
node/2598722365,2598722365,node,Tunisia,generator,Capacity regex no match,1320 kW,Tag 'generator:output:electricity' has value '1320 kW' which could not be parsed,2026-04-24 03:33:55.165523,https://www.openstreetmap.org/node/2598722365,37.1094154,9.9561927
node/2598722364,2598722364,node,Tunisia,generator,Capacity regex no match,1320 kW,Tag 'generator:output:electricity' has value '1320 kW' which could not be parsed,2026-04-24 03:33:55.165540,https://www.openstreetmap.org/node/2598722364,37.1093947,9.9391647
node/2598722367,2598722367,node,Tunisia,generator,Capacity regex no match,1320 kW,Tag 'generator:output:electricity' has value '1320 kW' which could not be parsed,2026-04-24 03:33:55.165557,https://www.openstreetmap.org/node/2598722367,37.112659,9.9235293
node/5932632391,5932632391,node,Tunisia,generator,Capacity regex no match,1320 kW,Tag 'generator:output:electricity' has value '1320 kW' which could not be parsed,2026-04-24 03:33:55.165574,https://www.openstreetmap.org/node/5932632391,37.1119275,9.8981546
node/2598722366,2598722366,node,Tunisia,generator,Capacity regex no match,1320 kW,Tag 'generator:output:electricity' has value '1320 kW' which could not be parsed,2026-04-24 03:33:55.165591,https://www.openstreetmap.org/node/2598722366,37.1107375,9.9467601
node/2598722361,2598722361,node,Tunisia,generator,Capacity regex no match,1320 kW,Tag 'generator:output:electricity' has value '1320 kW' which could not be parsed,2026-04-24 03:33:55.165608,https://www.openstreetmap.org/node/2598722361,37.108782,9.9515083
node/2598722360,2598722360,node,Tunisia,generator,Capacity regex no match,1320 kW,Tag 'generator:output:electricity' has value '1320 kW' which could not be parsed,2026-04-24 03:33:55.165625,https://www.openstreetmap.org/node/2598722360,37.1083171,9.9422048
node/2598722363,2598722363,node,Tunisia,generator,Capacity regex no match,1320 kW,Tag 'generator:output:electricity' has value '1320 kW' which could not be parsed,2026-04-24 03:33:55.165642,https://www.openstreetmap.org/node/2598722363,37.1093517,9.9540855
node/2598719290,2598719290,node,Tunisia,generator,Capacity regex no match,1320 kW,Tag 'generator:output:electricity' has value '1320 kW' which could not be parsed,2026-04-24 03:33:55.165659,https://www.openstreetmap.org/node/2598719290,37.1028453,9.9084991
node/2598722362,2598722362,node,Tunisia,generator,Capacity regex no match,1320 kW,Tag 'generator:output:electricity' has value '1320 kW' which could not be parsed,2026-04-24 03:33:55.165676,https://www.openstreetmap.org/node/2598722362,37.1089281,9.9463612
node/2598719238,2598719238,node,Tunisia,generator,Capacity regex no match,1320 kW,Tag 'generator:output:electricity' has value '1320 kW' which could not be parsed,2026-04-24 03:33:55.165692,https://www.openstreetmap.org/node/2598719238,37.1007136,9.9186697
node/2598719373,2598719373,node,Tunisia,generator,Capacity regex no match,1320 kW,Tag 'generator:output:electricity' has value '1320 kW' which could not be parsed,2026-04-24 03:33:55.165708,https://www.openstreetmap.org/node/2598719373,37.1108264,9.903072
node/5932632429,5932632429,node,Tunisia,generator,Capacity regex no match,1320 kW,Tag 'generator:output:electricity' has value '1320 kW' which could not be parsed,2026-04-24 03:33:55.165726,https://www.openstreetmap.org/node/5932632429,37.0966269,9.9153069
node/2598719254,2598719254,node,Tunisia,generator,Capacity regex no match,1320 kW,Tag 'generator:output:electricity' has value '1320 kW' which could not be parsed,2026-04-24 03:33:55.165742,https://www.openstreetmap.org/node/2598719254,37.1013043,9.9215444
node/2598719263,2598719263,node,Tunisia,generator,Capacity regex no match,1320 kW,Tag 'generator:output:electricity' has value '1320 kW' which could not be parsed,2026-04-24 03:33:55.165759,https://www.openstreetmap.org/node/2598719263,37.1016991,9.8766364
node/1152864950,1152864950,node,Tunisia,generator,Capacity regex no match,330 kW,Tag 'generator:output:electricity' has value '330 kW' which could not be parsed,2026-04-24 03:33:55.170147,https://www.openstreetmap.org/node/1152864950,37.032051,10.916698
node/1152865584,1152865584,node,Tunisia,generator,Capacity regex no match,1320 kW,Tag 'generator:output:electricity' has value '1320 kW' which could not be parsed,2026-04-24 03:33:55.170176,https://www.openstreetmap.org/node/1152865584,37.046712,10.942268
node/1152862909,1152862909,node,Tunisia,generator,Capacity regex no match,330 kW,Tag 'generator:output:electricity' has value '330 kW' which could not be parsed,2026-04-24 03:33:55.170198,https://www.openstreetmap.org/node/1152862909,37.033111,10.940867
node/1152865597,1152865597,node,Tunisia,generator,Capacity regex no match,330 kW,Tag 'generator:output:electricity' has value '330 kW' which could not be parsed,2026-04-24 03:33:55.170218,https://www.openstreetmap.org/node/1152865597,37.031141,10.912988
node/1152865725,1152865725,node,Tunisia,generator,Capacity regex no match,660 kW,Tag 'generator:output:electricity' has value '660 kW' which could not be parsed,2026-04-24 03:33:55.170238,https://www.openstreetmap.org/node/1152865725,37.035754,10.951699
node/1152864679,1152864679,node,Tunisia,generator,Capacity regex no match,330 kW,Tag 'generator:output:electricity' has value '330 kW' which could not be parsed,2026-04-24 03:33:55.170257,https://www.openstreetmap.org/node/1152864679,37.032529,10.933807
node/1152864807,1152864807,node,Tunisia,generator,Capacity regex no match,1320 kW,Tag 'generator:output:electricity' has value '1320 kW' which could not be parsed,2026-04-24 03:33:55.170275,https://www.openstreetmap.org/node/1152864807,37.036814,10.939913
node/1152865063,1152865063,node,Tunisia,generator,Capacity regex no match,330 kW,Tag 'generator:output:electricity' has value '330 kW' which could not be parsed,2026-04-24 03:33:55.170295,https://www.openstreetmap.org/node/1152865063,37.032342,10.931818
node/1152865190,1152865190,node,Tunisia,generator,Capacity regex no match,330 kW,Tag 'generator:output:electricity' has value '330 kW' which could not be parsed,2026-04-24 03:33:55.170314,https://www.openstreetmap.org/node/1152865190,37.032949,10.938869
node/1152865828,1152865828,node,Tunisia,generator,Capacity regex no match,1320 kW,Tag 'generator:output:electricity' has value '1320 kW' which could not be parsed,2026-04-24 03:33:55.170333,https://www.openstreetmap.org/node/1152865828,37.043798,10.937344
node/1152863523,1152863523,node,Tunisia,generator,Capacity regex no match,330 kW,Tag 'generator:output:electricity' has value '330 kW' which could not be parsed,2026-04-24 03:33:55.170352,https://www.openstreetmap.org/node/1152863523,37.03247,10.932814
node/1152865059,1152865059,node,Tunisia,generator,Capacity regex no match,660 kW,Tag 'generator:output:electricity' has value '660 kW' which could not be parsed,2026-04-24 03:33:55.170371,https://www.openstreetmap.org/node/1152865059,37.038223,10.953425
node/1152864674,1152864674,node,Tunisia,generator,Capacity regex no match,330 kW,Tag 'generator:output:electricity' has value '330 kW' which could not be parsed,2026-04-24 03:33:55.170389,https://www.openstreetmap.org/node/1152864674,37.0302802,10.9220208
node/1152865953,1152865953,node,Tunisia,generator,Capacity regex no match,1320 kW,Tag 'generator:output:electricity' has value '1320 kW' which could not be parsed,2026-04-24 03:33:55.170407,https://www.openstreetmap.org/node/1152865953,37.045397,10.939915
node/1152864800,1152864800,node,Tunisia,generator,Capacity regex no match,660 kW,Tag 'generator:output:electricity' has value '660 kW' which could not be parsed,2026-04-24 03:33:55.170425,https://www.openstreetmap.org/node/1152864800,37.0298791,10.9600622
node/1152864814,1152864814,node,Tunisia,generator,Capacity regex no match,330 kW,Tag 'generator:output:electricity' has value '330 kW' which could not be parsed,2026-04-24 03:33:55.170443,https://www.openstreetmap.org/node/1152864814,37.030994,10.924954
node/1152864685,1152864685,node,Tunisia,generator,Capacity regex no match,330 kW,Tag 'generator:output:electricity' has value '330 kW' which could not be parsed,2026-04-24 03:33:55.170461,https://www.openstreetmap.org/node/1152864685,37.032684,10.935827
node/1152863659,1152863659,node,Tunisia,generator,Capacity regex no match,330 kW,Tag 'generator:output:electricity' has value '330 kW' which could not be parsed,2026-04-24 03:33:55.170479,https://www.openstreetmap.org/node/1152863659,37.03209,10.929812
node/1152865577,1152865577,node,Tunisia,generator,Capacity regex no match,1320 kW,Tag 'generator:output:electricity' has value '1320 kW' which could not be parsed,2026-04-24 03:33:55.170497,https://www.openstreetmap.org/node/1152865577,37.041141,10.933782
node/1152864790,1152864790,node,Tunisia,generator,Capacity regex no match,330 kW,Tag 'generator:output:electricity' has value '330 kW' which could not be parsed,2026-04-24 03:33:55.170515,https://www.openstreetmap.org/node/1152864790,37.030711,10.912341
node/1152865813,1152865813,node,Tunisia,generator,Capacity regex no match,660 kW,Tag 'generator:output:electricity' has value '660 kW' which could not be parsed,2026-04-24 03:33:55.170533,https://www.openstreetmap.org/node/1152865813,37.0285799,10.9533969
node/1152866067,1152866067,node,Tunisia,generator,Capacity regex no match,330 kW,Tag 'generator:output:electricity' has value '330 kW' which could not be parsed,2026-04-24 03:33:55.170550,https://www.openstreetmap.org/node/1152866067,37.030767,10.923961
node/1152865425,1152865425,node,Tunisia,generator,Capacity regex no match,1320 kW,Tag 'generator:output:electricity' has value '1320 kW' which could not be parsed,2026-04-24 03:33:55.170569,https://www.openstreetmap.org/node/1152865425,37.043169,10.951308
node/1152862875,1152862875,node,Tunisia,generator,Capacity regex no match,330 kW,Tag 'generator:output:electricity' has value '330 kW' which could not be parsed,2026-04-24 03:33:55.170586,https://www.openstreetmap.org/node/1152862875,37.03128,10.946729
node/1152865050,1152865050,node,Tunisia,generator,Capacity regex no match,330 kW,Tag 'generator:output:electricity' has value '330 kW' which could not be parsed,2026-04-24 03:33:55.170603,https://www.openstreetmap.org/node/1152865050,37.031668,10.914728
node/1152863768,1152863768,node,Tunisia,generator,Capacity regex no match,1320 kW,Tag 'generator:output:electricity' has value '1320 kW' which could not be parsed,2026-04-24 03:33:55.170621,https://www.openstreetmap.org/node/1152863768,37.039611,10.955198
node/1152864920,1152864920,node,Tunisia,generator,Capacity regex no match,330 kW,Tag 'generator:output:electricity' has value '330 kW' which could not be parsed,2026-04-24 03:33:55.170640,https://www.openstreetmap.org/node/1152864920,37.032787,10.936864
node/1152865795,1152865795,node,Tunisia,generator,Capacity regex no match,1320 kW,Tag 'generator:output:electricity' has value '1320 kW' which could not be parsed,2026-04-24 03:33:55.170659,https://www.openstreetmap.org/node/1152865795,37.040888,10.94651
node/1152864898,1152864898,node,Tunisia,generator,Capacity regex no match,660 kW,Tag 'generator:output:electricity' has value '660 kW' which could not be parsed,2026-04-24 03:33:55.170680,https://www.openstreetmap.org/node/1152864898,37.036925,10.952769
node/1152865807,1152865807,node,Tunisia,generator,Capacity regex no match,1320 kW,Tag 'generator:output:electricity' has value '1320 kW' which could not be parsed,2026-04-24 03:33:55.170698,https://www.openstreetmap.org/node/1152865807,37.04487,10.926933
node/1152864012,1152864012,node,Tunisia,generator,Capacity regex no match,1320 kW,Tag 'generator:output:electricity' has value '1320 kW' which could not be parsed,2026-04-24 03:33:55.170716,https://www.openstreetmap.org/node/1152864012,37.038038,10.929773
node/1152865803,1152865803,node,Tunisia,generator,Capacity regex no match,330 kW,Tag 'generator:output:electricity' has value '330 kW' which could not be parsed,2026-04-24 03:33:55.170734,https://www.openstreetmap.org/node/1152865803,37.031645,10.947632
node/1152865034,1152865034,node,Tunisia,generator,Capacity regex no match,1320 kW,Tag 'generator:output:electricity' has value '1320 kW' which could not be parsed,2026-04-24 03:33:55.170752,https://www.openstreetmap.org/node/1152865034,37.047598,10.931505
node/1152863752,1152863752,node,Tunisia,generator,Capacity regex no match,660 kW,Tag 'generator:output:electricity' has value '660 kW' which could not be parsed,2026-04-24 03:33:55.170770,https://www.openstreetmap.org/node/1152863752,37.0293725,10.9564177
node/1152865015,1152865015,node,Tunisia,generator,Capacity regex no match,1320 kW,Tag 'generator:output:electricity' has value '1320 kW' which could not be parsed,2026-04-24 03:33:55.170788,https://www.openstreetmap.org/node/1152865015,37.043139,10.92505
node/1152864886,1152864886,node,Tunisia,generator,Capacity regex no match,330 kW,Tag 'generator:output:electricity' has value '330 kW' which could not be parsed,2026-04-24 03:33:55.170806,https://www.openstreetmap.org/node/1152864886,37.03167,10.927831
node/1152863730,1152863730,node,Tunisia,generator,Capacity regex no match,1320 kW,Tag 'generator:output:electricity' has value '1320 kW' which could not be parsed,2026-04-24 03:33:55.170823,https://www.openstreetmap.org/node/1152863730,37.048001,10.935433
node/1152865010,1152865010,node,Tunisia,generator,Capacity regex no match,1320 kW,Tag 'generator:output:electricity' has value '1320 kW' which could not be parsed,2026-04-24 03:33:55.170841,https://www.openstreetmap.org/node/1152865010,37.041231,10.923116
node/1152865137,1152865137,node,Tunisia,generator,Capacity regex no match,330 kW,Tag 'generator:output:electricity' has value '330 kW' which could not be parsed,2026-04-24 03:33:55.170859,https://www.openstreetmap.org/node/1152865137,37.030531,10.922999
node/1152865008,1152865008,node,Tunisia,generator,Capacity regex no match,660 kW,Tag 'generator:output:electricity' has value '660 kW' which could not be parsed,2026-04-24 03:33:55.170877,https://www.openstreetmap.org/node/1152865008,37.028957,10.9545724
node/1152862974,1152862974,node,Tunisia,generator,Capacity regex no match,1320 kW,Tag 'generator:output:electricity' has value '1320 kW' which could not be parsed,2026-04-24 03:33:55.170955,https://www.openstreetmap.org/node/1152862974,37.038021,10.942094
node/1152864894,1152864894,node,Tunisia,generator,Capacity regex no match,330 kW,Tag 'generator:output:electricity' has value '330 kW' which could not be parsed,2026-04-24 03:33:55.170975,https://www.openstreetmap.org/node/1152864894,37.033024,10.939893
node/1152863096,1152863096,node,Tunisia,generator,Capacity regex no match,330 kW,Tag 'generator:output:electricity' has value '330 kW' which could not be parsed,2026-04-24 03:33:55.170993,https://www.openstreetmap.org/node/1152863096,37.032848,10.937849
node/1152865528,1152865528,node,Tunisia,generator,Capacity regex no match,1320 kW,Tag 'generator:output:electricity' has value '1320 kW' which could not be parsed,2026-04-24 03:33:55.171011,https://www.openstreetmap.org/node/1152865528,37.048438,10.947547
node/1152862695,1152862695,node,Tunisia,generator,Capacity regex no match,1320 kW,Tag 'generator:output:electricity' has value '1320 kW' which could not be parsed,2026-04-24 03:33:55.171029,https://www.openstreetmap.org/node/1152862695,37.03698,10.918323
node/1152864868,1152864868,node,Tunisia,generator,Capacity regex no match,330 kW,Tag 'generator:output:electricity' has value '330 kW' which could not be parsed,2026-04-24 03:33:55.171046,https://www.openstreetmap.org/node/1152864868,37.032002,10.948551
node/1152866147,1152866147,node,Tunisia,generator,Capacity regex no match,1320 kW,Tag 'generator:output:electricity' has value '1320 kW' which could not be parsed,2026-04-24 03:33:55.171082,https://www.openstreetmap.org/node/1152866147,37.044328,10.953499
node/1152865121,1152865121,node,Tunisia,generator,Capacity regex no match,1320 kW,Tag 'generator:output:electricity' has value '1320 kW' which could not be parsed,2026-04-24 03:33:55.171103,https://www.openstreetmap.org/node/1152865121,37.036856,10.926896
node/1152865889,1152865889,node,Tunisia,generator,Capacity regex no match,1320 kW,Tag 'generator:output:electricity' has value '1320 kW' which could not be parsed,2026-04-24 03:33:55.171121,https://www.openstreetmap.org/node/1152865889,37.046261,10.929267
node/1152864750,1152864750,node,Tunisia,generator,Capacity regex no match,330 kW,Tag 'generator:output:electricity' has value '330 kW' which could not be parsed,2026-04-24 03:33:55.171138,https://www.openstreetmap.org/node/1152864750,37.032406,10.918686
node/1152865134,1152865134,node,Tunisia,generator,Capacity regex no match,660 kW,Tag 'generator:output:electricity' has value '660 kW' which could not be parsed,2026-04-24 03:33:55.171155,https://www.openstreetmap.org/node/1152865134,37.0296162,10.9582505
node/1152862700,1152862700,node,Tunisia,generator,Capacity regex no match,330 kW,Tag 'generator:output:electricity' has value '330 kW' which could not be parsed,2026-04-24 03:33:55.171173,https://www.openstreetmap.org/node/1152862700,37.0309269,10.9458177
node/1152865131,1152865131,node,Tunisia,generator,Capacity regex no match,330 kW,Tag 'generator:output:electricity' has value '330 kW' which could not be parsed,2026-04-24 03:33:55.171190,https://www.openstreetmap.org/node/1152865131,37.031491,10.913749
node/1152862698,1152862698,node,Tunisia,generator,Capacity regex no match,660 kW,Tag 'generator:output:electricity' has value '660 kW' which could not be parsed,2026-04-24 03:33:55.171208,https://www.openstreetmap.org/node/1152862698,37.0304051,10.9619638
node/1152866153,1152866153,node,Tunisia,generator,Capacity regex no match,660 kW,Tag 'generator:output:electricity' has value '660 kW' which could not be parsed,2026-04-24 03:33:55.171225,https://www.openstreetmap.org/node/1152866153,37.034568,10.950622
node/1152865256,1152865256,node,Tunisia,generator,Capacity regex no match,1320 kW,Tag 'generator:output:electricity' has value '1320 kW' which could not be parsed,2026-04-24 03:33:55.171242,https://www.openstreetmap.org/node/1152865256,37.042247,10.948328
node/1152864339,1152864339,node,Tunisia,generator,Capacity regex no match,330 kW,Tag 'generator:output:electricity' has value '330 kW' which could not be parsed,2026-04-24 03:33:55.171259,https://www.openstreetmap.org/node/1152864339,37.031187,10.925901
node/1152863698,1152863698,node,Tunisia,generator,Capacity regex no match,1320 kW,Tag 'generator:output:electricity' has value '1320 kW' which could not be parsed,2026-04-24 03:33:55.171277,https://www.openstreetmap.org/node/1152863698,37.042321,10.935851
node/1152863071,1152863071,node,Tunisia,generator,Capacity regex no match,1320 kW,Tag 'generator:output:electricity' has value '1320 kW' which could not be parsed,2026-04-24 03:33:55.171294,https://www.openstreetmap.org/node/1152863071,37.03953,10.931433
node/1152863838,1152863838,node,Tunisia,generator,Capacity regex no match,1320 kW,Tag 'generator:output:electricity' has value '1320 kW' which could not be parsed,2026-04-24 03:33:55.171311,https://www.openstreetmap.org/node/1152863838,37.039903,10.921208
node/1152866269,1152866269,node,Tunisia,generator,Capacity regex no match,330 kW,Tag 'generator:output:electricity' has value '330 kW' which could not be parsed,2026-04-24 03:33:55.171332,https://www.openstreetmap.org/node/1152866269,37.031896,10.928838
node/1152862682,1152862682,node,Tunisia,generator,Capacity regex no match,330 kW,Tag 'generator:output:electricity' has value '330 kW' which could not be parsed,2026-04-24 03:33:55.171351,https://www.openstreetmap.org/node/1152862682,37.032605,10.934824
node/1152865882,1152865882,node,Tunisia,generator,Capacity regex no match,660 kW,Tag 'generator:output:electricity' has value '660 kW' which could not be parsed,2026-04-24 03:33:55.171369,https://www.openstreetmap.org/node/1152865882,37.033404,10.949564
node/1152863705,1152863705,node,Tunisia,generator,Capacity regex no match,1320 kW,Tag 'generator:output:electricity' has value '1320 kW' which could not be parsed,2026-04-24 03:33:55.171386,https://www.openstreetmap.org/node/1152863705,37.047207,10.9452
node/1152865220,1152865220,node,Tunisia,generator,Capacity regex no match,330 kW,Tag 'generator:output:electricity' has value '330 kW' which could not be parsed,2026-04-24 03:33:55.171404,https://www.openstreetmap.org/node/1152865220,37.032302,10.930753
node/1152865860,1152865860,node,Tunisia,generator,Capacity regex no match,1320 kW,Tag 'generator:output:electricity' has value '1320 kW' which could not be parsed,2026-04-24 03:33:55.171421,https://www.openstreetmap.org/node/1152865860,37.039439,10.944353
node/1152864835,1152864835,node,Tunisia,generator,Capacity regex no match,330 kW,Tag 'generator:output:electricity' has value '330 kW' which could not be parsed,2026-04-24 03:33:55.171438,https://www.openstreetmap.org/node/1152864835,37.031858,10.915729
node/1152865102,1152865102,node,Tunisia,generator,Capacity regex no match,330 kW,Tag 'generator:output:electricity' has value '330 kW' which could not be parsed,2026-04-24 03:33:55.171455,https://www.openstreetmap.org/node/1152865102,37.031433,10.926879
node/1152862665,1152862665,node,Tunisia,generator,Capacity regex no match,330 kW,Tag 'generator:output:electricity' has value '330 kW' which could not be parsed,2026-04-24 03:33:55.171473,https://www.openstreetmap.org/node/1152862665,37.032229,10.91772
node/1152865864,1152865864,node,Tunisia,generator,Capacity regex no match,1320 kW,Tag 'generator:output:electricity' has value '1320 kW' which could not be parsed,2026-04-24 03:33:55.171491,https://www.openstreetmap.org/node/1152865864,37.038611,10.919512
way/158528075,158528075,way,Tunisia,plant,Missing output tag,none,"tags: {'building': 'yes', 'plant:source': 'hydro', 'power': 'plant'}",2026-04-24 03:33:55.174387,https://www.openstreetmap.org/way/158528075,36.83392217312847,10.00160321112186
way/691743933,691743933,way,Tunisia,plant,Missing source tag,none,"tags: {'plant:method': 'combustion', 'power': 'plant'}",2026-04-24 03:33:55.177397,https://www.openstreetmap.org/way/691743933,31.39394822232846,10.021389181082089
way/1084645998,1084645998,way,Tunisia,plant,Capacity placeholder value,yes,Tag 'plant:output:electricity' contains placeholder value 'yes' instead of actual capacity,2026-04-24 03:33:55.179615,https://www.openstreetmap.org/way/1084645998,36.08266026373022,10.351062708476018
way/1085421165,1085421165,way,Tunisia,plant,Capacity placeholder value,yes,Tag 'plant:output:electricity' contains placeholder value 'yes' instead of actual capacity,2026-04-24 03:33:55.179782,https://www.openstreetmap.org/way/1085421165,33.05044007940374,10.463643200366004
way/1178423853,1178423853,way,Tunisia,plant,Missing source tag,none,"tags: {'landuse': 'industrial', 'power': 'plant'}",2026-04-24 03:33:55.179936,https://www.openstreetmap.org/way/1178423853,36.705775867163325,10.160276426052858
way/1215158630,1215158630,way,Tunisia,plant,Capacity placeholder value,yes,Tag 'plant:output:electricity' contains placeholder value 'yes' instead of actual capacity,2026-04-24 03:33:55.180313,https://www.openstreetmap.org/way/1215158630,31.00115650117084,10.064927717425647
way/1300748630,1300748630,way,Tunisia,plant,Capacity placeholder value,yes,Tag 'plant:output:electricity' contains placeholder value 'yes' instead of actual capacity,2026-04-24 03:33:55.180519,https://www.openstreetmap.org/way/1300748630,34.88226892370669,9.17556863304223
way/1388220832,1388220832,way,Tunisia,plant,Missing output tag,none,"tags: {'plant:source': 'solar', 'power': 'plant'}",2026-04-24 03:33:55.180833,https://www.openstreetmap.org/way/1388220832,36.898754125046764,10.121520967118782
way/1396805600,1396805600,way,Tunisia,plant,Missing output tag,none,"tags: {'generator:source': 'solar', 'plant:source': 'solar', 'power': 'plant'}",2026-04-24 03:33:55.181023,https://www.openstreetmap.org/way/1396805600,33.656698850000005,10.335889750000002
way/1424653075,1424653075,way,Tunisia,plant,Missing output tag,none,"tags: {'plant:source': 'solar', 'power': 'plant'}",2026-04-24 03:33:55.181240,https://www.openstreetmap.org/way/1424653075,33.43394529329536,8.560961619263876
way/1424654241,1424654241,way,Tunisia,plant,Capacity placeholder value,yes,Tag 'plant:output:electricity' contains placeholder value 'yes' instead of actual capacity,2026-04-24 03:33:55.181505,https://www.openstreetmap.org/way/1424654241,31.389047274912475,10.042557678900423
way/1424654865,1424654865,way,Tunisia,plant,Missing output tag,none,"tags: {'plant:source': 'solar', 'power': 'plant'}",2026-04-24 03:33:55.181710,https://www.openstreetmap.org/way/1424654865,36.67938431864628,10.49157372621759
way/1424670551,1424670551,way,Tunisia,plant,Missing output tag,none,"tags: {'plant:source': 'solar', 'power': 'plant'}",2026-04-24 03:33:55.181997,https://www.openstreetmap.org/way/1424670551,34.679119338700325,9.591804224238967
way/1445634132,1445634132,way,Tunisia,plant,Missing output tag,none,"tags: {'plant:source': 'solar', 'power': 'plant'}",2026-04-24 03:33:55.182268,https://www.openstreetmap.org/way/1445634132,33.728286721354124,10.796310815615707
way/1497613674,1497613674,way,Tunisia,plant,Capacity regex no match,200 kW,Tag 'plant:output:electricity' has value '200 kW' which could not be parsed,2026-04-24 03:33:55.182450,https://www.openstreetmap.org/way/1497613674,36.83057054757568,10.30938462454702
